node_id,n_observations,median_gap_days,median_gap_months,min_gap_days,max_gap_days
10_0101,9,0.371,0.012188911704312114,0.225,0.958
10_0102,13,0.30000000000000004,0.009856262833675565,0.062,0.433
10_0103,9,0.371,0.012188911704312114,0.225,0.958
10_0104,9,0.3745,0.012303901437371664,0.224,0.952
10_0105,10,0.39,0.012813141683778234,0.226,0.49
10_0106,9,0.3745,0.012303901437371664,0.224,0.952
10_0107,9,0.3735,0.012271047227926078,0.226,0.953
10_0108,9,0.371,0.012188911704312114,0.225,0.959
10_0109,9,0.3745,0.012303901437371664,0.224,0.952
10_0110,9,0.371,0.012188911704312114,0.225,0.959
10_0111,9,0.3715,0.012205338809034908,0.225,0.958
10_0112,9,0.3715,0.012205338809034908,0.225,0.958
10_0159,9,0.3745,0.012303901437371664,0.224,0.952
10_0160,9,0.3735,0.012271047227926078,0.226,0.953
10_0201,14,0.413,0.013568788501026694,0.218,1.301
10_0202,13,0.4265,0.014012320328542095,0.342,1.302
10_0203,12,0.506,0.01662422997946612,0.343,1.302
10_0204,13,0.424,0.013930184804928131,0.343,1.302
10_0205,13,0.4245,0.013946611909650923,0.343,1.301
10_0206,13,0.4265,0.014012320328542095,0.343,1.302
10_0207,13,0.427,0.014028747433264887,0.343,1.302
10_0208,13,0.4235,0.013913757700205339,0.343,1.302
10_0209,14,0.413,0.013568788501026694,0.218,1.301
10_0210,13,0.4235,0.013913757700205339,0.343,1.302
10_0211,12,0.506,0.01662422997946612,0.343,1.302
10_0212,13,0.4235,0.013913757700205339,0.343,1.302
10_0259,13,0.424,0.013930184804928131,0.343,1.302
10_0260,13,0.424,0.013930184804928131,0.343,1.301
10_1201,2,0.937,0.03078439425051335,0.937,0.937
10_1450,9,0.661,0.02171663244353183,0.19,1.911
10_4002,5,1.3615,0.04473100616016427,0.629,1.91
10_5005,9,1.1945000000000001,0.039244353182751546,0.56,1.603
12_0101,10,0.455,0.014948665297741274,0.252,1.154
12_0102,10,0.455,0.014948665297741274,0.252,1.154
12_0103,10,0.455,0.014948665297741274,0.252,1.155
12_0104,10,0.455,0.014948665297741274,0.252,1.155
12_0105,10,0.455,0.014948665297741274,0.251,1.154
12_0106,10,0.455,0.014948665297741274,0.252,1.155
12_0107,10,0.455,0.014948665297741274,0.253,1.155
12_0108,10,0.455,0.014948665297741274,0.253,1.155
12_0109,10,0.455,0.014948665297741274,0.252,1.153
12_0110,10,0.455,0.014948665297741274,0.252,1.155
12_0111,10,0.455,0.014948665297741274,0.253,1.154
12_0112,10,0.455,0.014948665297741274,0.252,1.154
12_0161,8,0.448,0.014718685831622176,0.252,1.154
12_0502,15,0.479,0.01573716632443532,0.26,2.156
12_0503,15,0.479,0.01573716632443532,0.26,2.156
12_0504,15,0.479,0.01573716632443532,0.26,2.156
12_0505,15,0.479,0.01573716632443532,0.26,2.156
12_0506,15,0.479,0.01573716632443532,0.26,2.156
12_0507,15,0.479,0.01573716632443532,0.261,2.156
12_0508,15,0.4785,0.015720739219712523,0.26,2.156
12_0509,15,0.479,0.01573716632443532,0.26,2.156
12_0561,12,0.467,0.015342915811088296,0.26,2.521
12_0562,13,0.47150000000000003,0.01549075975359343,0.26,2.521
12_0563,13,0.47150000000000003,0.01549075975359343,0.26,2.521
12_0564,13,0.472,0.015507186858316221,0.259,2.522
12_0565,13,0.471,0.015474332648870636,0.26,2.52
12_0566,13,0.47150000000000003,0.01549075975359343,0.261,2.521
12_0901,9,0.4115,0.013519507186858315,0.07,1.087
12_0902,9,0.4115,0.013519507186858315,0.072,1.087
12_0903,9,0.4115,0.013519507186858315,0.071,1.087
12_0959,8,0.397,0.013043121149897332,0.072,1.087
12_1030,15,0.4785,0.015720739219712523,0.259,2.156
12_1060,3,0.929,0.030521560574948668,0.733,1.125
12_1370,10,0.889,0.029207392197125256,0.289,1.612
12_3804,5,0.8825,0.028993839835728952,0.075,2.116
12_3811,6,1.063,0.03492402464065708,0.729,1.094
12_3996,3,1.0434999999999999,0.034283367556468165,0.5,1.587
12_3997,6,0.521,0.017117043121149898,0.373,1.077
12_4000,13,0.823,0.02703901437371663,0.066,2.304
12_4057,8,0.936,0.030751540041067765,0.075,2.612
12_4059,12,0.988,0.03245995893223819,0.512,1.567
12_4096,11,0.9864999999999999,0.032410677618069816,0.135,1.985
12_4097,6,0.917,0.030127310061601645,0.723,1.063
12_4100,11,0.948,0.031145790554414785,0.328,2.364
12_4103,3,0.8205,0.02695687885010267,0.734,0.907
12_4105,2,0.521,0.017117043121149898,0.521,0.521
12_4106,7,0.9515,0.03126078028747433,0.651,2.01
12_4107,3,1.0415,0.034217659137577,0.602,1.481
12_4108,2,1.062,0.0348911704312115,1.062,1.062
12_4109,12,1.027,0.03374127310061601,0.078,1.5
12_4135,5,0.9275,0.030472279260780288,0.721,1.496
12_4136,5,0.9275,0.030472279260780288,0.721,1.496
12_4137,5,1.1564999999999999,0.0379958932238193,1.028,1.496
12_4138,9,1.0025,0.03293634496919918,0.065,1.504
12_4154,6,0.406,0.013338809034907598,0.094,0.883
12_9054,6,0.404,0.013273100616016428,0.099,0.886
12_A310,6,0.404,0.013273100616016428,0.099,0.886
12_A320,6,0.404,0.013273100616016428,0.1,0.886
12_A321,5,0.469,0.015408624229979465,0.404,0.886
12_A330,6,0.404,0.013273100616016428,0.099,0.886
12_A350,6,0.404,0.013273100616016428,0.1,0.886
12_A351,3,0.469,0.015408624229979465,0.417,0.521
12_A352,3,0.469,0.015408624229979465,0.417,0.521
12_AA01,6,0.372,0.0122217659137577,0.167,0.923
12_AA02,6,0.371,0.012188911704312114,0.168,0.923
12_AA03,6,0.371,0.012188911704312114,0.168,0.923
12_AA61,6,0.372,0.0122217659137577,0.167,0.923
12_B310,4,0.415,0.013634496919917864,0.372,0.522
12_B320,4,0.415,0.013634496919917864,0.372,0.522
12_B321,4,0.415,0.013634496919917864,0.372,0.522
12_B330,4,0.415,0.013634496919917864,0.372,0.522
12_B350,4,0.415,0.013634496919917864,0.372,0.522
12_B351,4,0.415,0.013634496919917864,0.372,0.522
12_B352,4,0.415,0.013634496919917864,0.372,0.522
12_B360,4,0.415,0.013634496919917864,0.372,0.522
12_C310,6,0.406,0.013338809034907598,0.093,0.883
12_C320,6,0.406,0.013338809034907598,0.095,0.883
12_C321,5,0.503,0.016525667351129363,0.336,0.883
12_C330,6,0.406,0.013338809034907598,0.094,0.883
12_C350,6,0.406,0.013338809034907598,0.095,0.883
13_0502,10,0.442,0.014521560574948666,0.174,0.939
13_0503,10,0.441,0.01448870636550308,0.169,0.938
13_0504,10,0.441,0.01448870636550308,0.169,0.938
13_0505,10,0.441,0.01448870636550308,0.169,0.938
13_0506,10,0.441,0.01448870636550308,0.169,0.938
13_0507,10,0.441,0.01448870636550308,0.169,0.938
13_0508,10,0.442,0.014521560574948666,0.169,0.938
13_0509,10,0.442,0.014521560574948666,0.174,0.939
13_0560,8,0.616,0.020238193018480493,0.385,0.94
13_0561,8,0.444,0.014587268993839836,0.35,0.939
13_0562,8,0.443,0.01455441478439425,0.35,0.939
13_0563,8,0.444,0.014587268993839836,0.35,0.939
13_0564,8,0.616,0.020238193018480493,0.385,0.94
13_0565,7,0.643,0.021125256673511294,0.385,0.94
13_0566,8,0.443,0.01455441478439425,0.35,0.939
13_1001,3,0.9530000000000001,0.031310061601642715,0.932,0.974
13_1004,3,1.1135000000000002,0.03658316221765914,0.931,1.296
13_1005,11,0.23349999999999999,0.007671457905544147,0.118,0.659
13_1031,12,0.458,0.01504722792607803,0.183,0.854
13_3007,11,0.9950000000000001,0.03268993839835729,0.164,2.061
13_3011,12,0.908,0.029831622176591376,0.53,1.47
13_3015,13,0.889,0.029207392197125256,0.167,1.897
13_3016,6,1.068,0.03508829568788501,0.462,1.139
13_3017,12,0.932,0.030620123203285422,0.167,1.9
13_3018,5,0.803,0.02638193018480493,0.167,1.127
13_3019,18,0.363,0.011926078028747433,0.166,2.493
13_3020,14,0.911,0.029930184804928133,0.17,1.897
13_4092,6,0.854,0.028057494866529774,0.206,1.297
13_4093,6,0.855,0.02809034907597536,0.227,1.296
13_4096,8,0.856,0.028123203285420943,0.203,1.907
13_4112,6,0.547,0.017971252566735114,0.312,1.297
13_4113,6,0.61,0.02004106776180698,0.312,1.297
13_4118,5,1.0035,0.03296919917864476,0.672,1.297
13_4119,3,0.6765,0.0222258726899384,0.38,0.973
13_4420,8,0.695,0.022833675564681723,0.356,2.292
13_5023,3,1.285,0.042217659137576996,1.273,1.297
13_7028,11,0.899,0.02953593429158111,0.262,1.626
15_1003,8,0.776,0.02549486652977413,0.554,0.883
15_1006,8,0.775,0.025462012320328544,0.554,0.883
15_1008,8,0.769,0.025264887063655032,0.539,0.896
15_7080,7,0.7455,0.02449281314168378,0.539,0.894
16_1001,7,0.8405,0.027613963039014373,0.298,1.866
16_1005,3,1.7934999999999999,0.05892402464065708,0.696,2.891
16_1007,9,0.6759999999999999,0.022209445585215603,0.303,1.631
16_1009,3,1.2945,0.04252977412731006,0.746,1.843
16_1010,14,0.109,0.0035811088295687886,0.025,0.857
16_1020,13,0.6625000000000001,0.02176591375770021,0.158,2.604
16_1021,7,0.7155,0.023507186858316223,0.293,1.491
16_3017,12,0.725,0.02381930184804928,0.309,2.264
16_3023,11,0.7164999999999999,0.023540041067761804,0.327,2.893
16_5025,6,1.161,0.03814373716632444,0.308,1.472
16_9032,5,0.744,0.0244435318275154,0.331,1.057
16_9034,12,1.056,0.03469404517453799,0.268,1.393
16_A310,5,1.2415,0.04078850102669405,0.68,1.849
16_A320,5,1.2415,0.04078850102669405,0.68,1.849
16_A330,5,1.2415,0.04078850102669405,0.68,1.849
16_A350,5,1.2415,0.04078850102669405,0.68,1.849
16_B310,6,0.748,0.02457494866529774,0.293,1.802
16_B320,6,0.745,0.024476386036960986,0.293,1.805
16_B330,6,0.748,0.02457494866529774,0.293,1.802
16_B350,6,0.748,0.02457494866529774,0.293,1.802
16_C310,4,0.654,0.021486652977412733,0.292,1.491
16_C320,4,0.654,0.021486652977412733,0.292,1.491
16_C330,4,0.654,0.021486652977412733,0.292,1.491
16_C350,4,0.654,0.021486652977412733,0.292,1.491
17_0601,11,0.5235000000000001,0.017199178644763863,0.192,1.247
17_0602,11,0.5245,0.017232032854209444,0.192,1.245
17_0603,13,0.543,0.017839835728952775,0.197,1.238
17_0604,13,0.544,0.01787268993839836,0.194,1.239
17_0605,12,0.646,0.02122381930184805,0.198,1.245
17_0606,13,0.543,0.017839835728952775,0.197,1.238
17_0607,13,0.5445,0.01788911704312115,0.194,1.239
17_0608,13,0.5445,0.01788911704312115,0.194,1.239
17_0659,12,0.688,0.022603696098562626,0.194,1.239
17_0660,10,0.644,0.02115811088295688,0.219,1.246
17_0661,10,0.644,0.02115811088295688,0.219,1.246
17_0662,10,0.687,0.022570841889117045,0.217,1.238
17_0663,9,0.9025,0.029650924024640656,0.216,1.239
17_0664,9,1.0434999999999999,0.034283367556468165,0.216,1.511
17_1002,7,0.7135,0.023441478439425054,0.335,1.919
17_1003,8,0.847,0.027827515400410677,0.284,1.274
17_4074,2,0.749,0.024607802874743328,0.749,0.749
17_4082,5,1.158,0.038045174537987676,0.939,2.654
17_5020,6,1.069,0.035121149897330596,0.73,1.226
17_5151,8,1.008,0.033117043121149894,0.451,3.42
17_5423,4,1.848,0.06071457905544148,1.755,3.256
17_5453,4,1.779,0.058447638603696096,1.072,2.31
17_5843,7,0.6970000000000001,0.0228993839835729,0.209,1.364
17_5849,5,1.2905,0.04239835728952772,0.417,1.739
17_5854,3,1.2429999999999999,0.04083778234086242,1.217,1.269
17_5869,4,1.413,0.04642299794661191,0.757,1.463
17_5908,4,1.106,0.03633675564681725,0.941,1.966
17_7937,4,1.828,0.060057494866529774,0.686,2.223
17_9267,7,1.0565,0.03471047227926078,0.451,3.42
17_9327,2,1.504,0.049412731006160164,1.504,1.504
17_A310,8,0.774,0.025429158110882956,0.265,1.275
17_A320,8,0.774,0.025429158110882956,0.265,1.275
17_A330,8,0.774,0.025429158110882956,0.265,1.276
17_A340,8,0.774,0.025429158110882956,0.265,1.276
17_A350,8,0.774,0.025429158110882956,0.265,1.276
17_B310,8,0.384,0.012616016427104724,0.021,1.919
17_B320,7,0.514,0.0168870636550308,0.329,1.919
17_B330,7,0.5135000000000001,0.01687063655030801,0.329,1.92
17_B340,7,0.5135000000000001,0.01687063655030801,0.329,1.92
17_B350,7,0.5135000000000001,0.01687063655030801,0.329,1.92
18_0601,3,0.473,0.015540041067761806,0.35,0.596
18_0602,11,0.5925,0.019466119096509242,0.322,1.161
18_0603,10,0.592,0.019449691991786446,0.323,1.161
18_0604,12,0.505,0.016591375770020535,0.092,1.161
18_0605,11,0.5469999999999999,0.01797125256673511,0.322,1.162
18_0606,10,0.589,0.019351129363449692,0.323,1.161
18_0607,11,0.5245,0.017232032854209444,0.092,1.159
18_0608,10,0.609,0.020008213552361397,0.175,1.162
18_0659,6,0.631,0.02073100616016427,0.335,1.81
18_0660,5,1.1360000000000001,0.037322381930184806,0.336,2.141
18_0661,8,0.546,0.01793839835728953,0.334,1.526
18_0662,6,0.634,0.020829568788501028,0.335,2.141
18_0663,6,0.615,0.02020533880903491,0.335,1.826
18_0664,6,0.615,0.02020533880903491,0.335,1.826
18_0665,7,0.62,0.020369609856262832,0.335,1.527
18_0666,6,0.615,0.02020533880903491,0.333,1.826
18_0667,5,1.2205,0.040098562628336755,0.333,1.973
18_0668,6,0.615,0.02020533880903491,0.333,1.826
18_0669,7,0.624,0.020501026694045174,0.333,1.526
18_0670,7,0.5960000000000001,0.019581108829568792,0.333,1.52
18_0671,6,0.559,0.018365503080082137,0.333,1.889
18_0672,6,0.617,0.020271047227926078,0.335,1.825
18_0901,4,1.211,0.0397864476386037,0.279,2.275
18_0902,4,1.213,0.03985215605749487,0.279,2.275
18_0904,4,1.211,0.0397864476386037,0.279,2.275
18_0905,4,1.213,0.03985215605749487,0.279,2.275
18_1028,12,0.419,0.013765913757700204,0.134,3.871
18_1037,10,0.904,0.029700205338809037,0.155,1.735
18_2008,10,0.712,0.023392197125256673,0.056,1.809
18_2009,2,0.655,0.021519507186858317,0.655,0.655
18_3002,12,0.686,0.02253798767967146,0.164,1.86
18_3003,8,1.002,0.032919917864476386,0.409,2.888
18_3030,4,1.333,0.04379466119096509,1.291,1.49
18_3031,11,0.784,0.02575770020533881,0.14,1.835
18_4021,2,1.703,0.055950718685831624,1.703,1.703
18_4042,7,1.0535,0.034611909650924026,0.14,1.77
18_5022,7,1.1715,0.03848870636550308,0.848,1.975
18_5043,7,0.955,0.03137577002053388,0.638,1.78
18_5518,6,0.988,0.03245995893223819,0.184,1.285
18_5528,7,1.6375,0.05379876796714579,0.847,2.344
18_5538,7,1.638,0.05381519507186858,0.848,2.344
18_6012,11,1.0195,0.03349486652977413,0.216,1.816
18_9020,4,1.268,0.041659137577002056,0.595,1.703
18_A310,6,0.321,0.010546201232032855,0.234,0.419
18_A320,7,0.325,0.010677618069815195,0.133,0.419
18_A330,6,0.329,0.010809034907597536,0.133,0.419
18_A340,6,0.329,0.010809034907597536,0.133,0.419
18_A350,6,0.329,0.010809034907597536,0.133,0.419
18_A410,5,1.0765,0.03536755646817249,0.684,1.972
18_A430,5,1.0765,0.03536755646817249,0.684,1.972
18_A901,3,1.067,0.03505544147843943,0.944,1.19
18_A902,3,1.067,0.03505544147843943,0.944,1.19
18_A903,3,1.067,0.03505544147843943,0.943,1.191
18_A959,3,1.067,0.03505544147843943,0.943,1.191
18_A960,3,1.067,0.03505544147843943,0.945,1.189
18_A961,3,1.0675,0.03507186858316221,0.945,1.19
19_0101,7,0.581,0.019088295687885008,0.14,1.487
19_0102,6,0.664,0.021815195071868583,0.355,1.487
19_0103,5,0.5825,0.019137577002053388,0.352,1.238
19_0104,6,0.665,0.02184804928131417,0.357,1.486
19_0105,6,0.664,0.021815195071868583,0.352,1.487
19_0106,6,0.664,0.021815195071868583,0.357,1.486
19_0107,7,0.671,0.02204517453798768,0.352,1.486
19_0108,6,0.665,0.02184804928131417,0.357,1.485
19_0109,6,0.664,0.021815195071868583,0.356,1.486
19_0110,6,0.664,0.021815195071868583,0.355,1.487
19_0111,6,0.665,0.02184804928131417,0.356,1.486
19_0112,6,0.665,0.02184804928131417,0.355,1.486
19_0159,4,1.595,0.05240246406570842,0.72,1.98
19_0213,15,0.7605,0.024985626283367555,0.161,1.329
19_0214,14,0.784,0.02575770020533881,0.161,1.661
19_0215,15,0.7464999999999999,0.024525667351129363,0.162,1.329
19_0216,15,0.747,0.024542094455852155,0.162,1.33
19_0217,12,0.71,0.0233264887063655,0.161,1.328
19_0218,12,0.665,0.02184804928131417,0.161,1.328
19_0219,15,0.747,0.024542094455852155,0.161,1.329
19_0220,15,0.747,0.024542094455852155,0.161,1.329
19_0221,15,0.7635000000000001,0.025084188911704313,0.161,1.33
19_0222,14,0.784,0.02575770020533881,0.161,1.667
19_0223,15,0.7475,0.02455852156057495,0.131,1.668
19_0224,14,0.784,0.02575770020533881,0.131,1.809
19_0259,13,0.8075,0.02652977412731006,0.278,1.662
19_0601,11,0.875,0.028747433264887063,0.343,2.227
19_0602,11,0.875,0.028747433264887063,0.344,2.226
19_0603,8,0.742,0.024377823408624228,0.343,1.342
19_0604,8,0.741,0.024344969199178643,0.343,1.342
19_0605,11,0.875,0.028747433264887063,0.343,2.226
19_0606,8,0.742,0.024377823408624228,0.343,1.343
19_0607,9,0.813,0.02671047227926078,0.342,1.344
19_0608,10,0.742,0.024377823408624228,0.008,1.343
19_0659,7,0.9,0.029568788501026694,0.344,1.342
19_1044,11,1.0270000000000001,0.03374127310061602,0.378,2.051
19_3006,11,0.641,0.021059548254620124,0.096,1.687
19_3009,10,0.775,0.025462012320328544,0.384,2.002
19_3028,6,1.127,0.03702669404517454,0.56,1.67
19_3033,8,1.283,0.04215195071868583,0.586,1.994
19_3055,8,1.135,0.03728952772073922,0.644,2.207
19_5042,4,0.882,0.02897741273100616,0.812,1.855
19_5046,4,0.882,0.02897741273100616,0.81,1.857
19_6049,3,1.4,0.0459958932238193,1.129,1.671
19_6150,7,0.6935,0.022784394250513346,0.336,3.12
19_701,2,2.052,0.06741683778234087,2.052,2.052
19_702,4,2.051,0.06738398357289528,0.363,3.709
19_703,4,2.051,0.06738398357289528,0.363,3.709
19_704,5,1.2085,0.03970431211498973,0.049,3.708
19_705,5,1.2085,0.03970431211498973,0.049,3.708
19_706,5,1.2080000000000002,0.039687885010266946,0.049,3.708
19_707,5,1.208,0.03968788501026694,0.049,3.708
19_708,4,2.051,0.06738398357289528,0.364,3.709
19_709,4,2.052,0.06741683778234087,0.363,3.708
19_759,4,2.051,0.06738398357289528,0.364,3.709
19_9116,5,1.3695,0.04499383983572895,0.567,2.08
19_9126,2,1.075,0.035318275154004104,1.075,1.075
19_A310,4,0.336,0.011039014373716634,0.164,0.532
19_A320,4,0.336,0.011039014373716634,0.164,0.532
19_A330,4,0.336,0.011039014373716634,0.164,0.532
19_A340,4,0.336,0.011039014373716634,0.164,0.532
19_A350,4,0.336,0.011039014373716634,0.164,0.532
19_B410,2,2.002,0.06577412731006159,2.002,2.002
19_B430,2,2.002,0.06577412731006159,2.002,2.002
1_0101,14,0.265,0.008706365503080083,0.167,0.548
1_0102,14,0.265,0.008706365503080083,0.167,0.545
1_0103,9,0.4255,0.013979466119096508,0.167,1.49
1_0104,9,0.4265,0.014012320328542095,0.167,1.49
1_0105,9,0.425,0.013963039014373716,0.167,1.49
1_0106,9,0.4275,0.01404517453798768,0.166,1.49
1_0107,4,0.435,0.014291581108829568,0.167,1.49
1_0108,9,0.4275,0.01404517453798768,0.166,1.49
1_0109,9,0.4275,0.01404517453798768,0.166,1.49
1_0110,9,0.4275,0.01404517453798768,0.165,1.49
1_0111,9,0.4275,0.01404517453798768,0.165,1.49
1_0112,9,0.427,0.014028747433264887,0.165,1.491
1_0161,7,0.532,0.017478439425051336,0.167,1.493
1_0162,8,0.433,0.014225872689938399,0.167,1.49
1_0163,8,0.433,0.014225872689938399,0.167,1.49
1_0502,16,0.561,0.018431211498973307,0.245,0.937
1_0503,16,0.561,0.018431211498973307,0.245,0.938
1_0504,16,0.561,0.018431211498973307,0.241,0.938
1_0505,16,0.561,0.018431211498973307,0.245,0.937
1_0506,15,0.5415000000000001,0.017790554414784398,0.242,0.938
1_0507,16,0.561,0.018431211498973307,0.242,0.938
1_0508,16,0.561,0.018431211498973307,0.245,0.933
1_0509,16,0.561,0.018431211498973307,0.246,0.933
1_0563,14,0.522,0.017149897330595482,0.242,1.848
1_0564,4,0.84,0.02759753593429158,0.561,0.923
1_0601,9,0.373,0.012254620123203285,0.146,0.707
1_0602,9,0.373,0.012254620123203285,0.146,0.707
1_0603,9,0.3735,0.012271047227926078,0.142,0.706
1_0604,9,0.3735,0.012271047227926078,0.143,0.707
1_0605,9,0.3735,0.012271047227926078,0.146,0.706
1_0606,9,0.3735,0.012271047227926078,0.142,0.707
1_0607,8,0.362,0.011893223819301848,0.144,0.458
1_0608,9,0.3735,0.012271047227926078,0.144,0.707
1_0661,6,0.385,0.012648870636550309,0.143,0.742
1_0662,8,0.385,0.012648870636550309,0.144,0.743
1_0663,8,0.385,0.012648870636550309,0.144,0.743
1_1001,5,0.9065,0.029782340862423,0.175,2.189
1_1011,4,1.65,0.0542094455852156,0.258,1.71
1_1019,6,0.845,0.027761806981519508,0.472,1.386
1_1021,3,1.2025000000000001,0.03950718685831622,0.651,1.754
1_3028,8,0.857,0.028156057494866528,0.465,2.812
1_3998,5,0.4605,0.015129363449691992,0.19,1.71
1_4007,6,0.824,0.027071868583162215,0.464,5.074
1_4073,4,1.711,0.05621355236139631,0.332,1.911
1_4084,4,1.707,0.05608213552361396,0.558,2.263
1_4125,6,0.889,0.029207392197125256,0.192,2.219
1_4126,3,0.984,0.032328542094455855,0.257,1.711
1_4127,4,1.71,0.05618069815195072,0.258,2.262
1_4129,3,1.0885,0.035761806981519505,0.559,1.618
1_4155,10,0.821,0.02697330595482546,0.31,3.128
1_5008,5,1.9875,0.06529774127310062,0.461,2.808
1_6012,7,0.4575,0.015030800821355236,0.175,0.863
1_6019,5,0.885,0.029075975359342917,0.191,1.764
1_A310,6,0.545,0.017905544147843944,0.192,1.16
1_A320,6,0.545,0.017905544147843944,0.192,1.16
1_A330,6,0.545,0.017905544147843944,0.192,1.16
1_A340,5,0.7170000000000001,0.023556468172484604,0.357,1.16
1_A350,6,0.545,0.017905544147843944,0.192,1.16
1_B310,5,0.7475,0.02455852156057495,0.188,0.915
1_B320,5,0.747,0.024542094455852155,0.188,0.916
1_B330,5,0.747,0.024542094455852155,0.188,0.916
1_B340,5,0.747,0.024542094455852155,0.188,0.916
1_B350,5,0.747,0.024542094455852155,0.188,0.916
1_C310,8,0.651,0.021388090349075975,0.19,1.036
1_C320,8,0.651,0.021388090349075975,0.19,1.037
1_C330,8,0.651,0.021388090349075975,0.19,1.038
1_C340,8,0.651,0.021388090349075975,0.19,1.037
1_C350,5,0.746,0.02450924024640657,0.19,0.923
20_0101,3,0.3295,0.01082546201232033,0.303,0.356
20_0102,3,0.32899999999999996,0.010809034907597534,0.302,0.356
20_0103,8,0.581,0.019088295687885008,0.3,1.016
20_0104,7,0.507,0.016657084188911705,0.3,1.597
20_0105,8,0.581,0.019088295687885008,0.301,1.016
20_0106,8,0.581,0.019088295687885008,0.302,1.016
20_0107,3,0.32899999999999996,0.010809034907597534,0.302,0.356
20_0108,8,0.58,0.019055441478439423,0.302,1.016
20_0109,8,0.58,0.019055441478439423,0.302,1.017
20_0110,8,0.581,0.019088295687885008,0.303,1.016
20_0111,8,0.58,0.019055441478439423,0.301,1.016
20_0112,8,0.581,0.019088295687885008,0.301,1.016
20_0159,7,0.623,0.02046817248459959,0.426,1.016
20_0160,3,0.623,0.02046817248459959,0.588,0.658
20_0161,3,0.623,0.02046817248459959,0.588,0.658
20_0162,3,0.32899999999999996,0.010809034907597534,0.301,0.357
20_0163,2,0.658,0.02161806981519507,0.658,0.658
20_0164,2,0.658,0.02161806981519507,0.658,0.658
20_0201,12,0.623,0.02046817248459959,0.21,1.512
20_0202,14,0.7,0.02299794661190965,0.21,1.511
20_0203,15,0.77,0.025297741273100617,0.211,1.514
20_0204,14,0.7,0.02299794661190965,0.211,1.512
20_0205,12,0.622,0.020435318275154005,0.21,1.51
20_0206,14,0.701,0.023030800821355234,0.21,1.512
20_0207,14,0.7,0.02299794661190965,0.209,1.511
20_0208,14,0.7,0.02299794661190965,0.209,1.509
20_0209,15,0.7705,0.025314168377823406,0.204,1.507
20_0210,15,0.7705,0.025314168377823406,0.205,1.508
20_0211,15,0.7705,0.025314168377823406,0.205,1.507
20_0212,14,0.7,0.02299794661190965,0.208,1.511
20_0259,14,0.842,0.02766324435318275,0.256,1.506
20_0901,5,0.4695,0.015425051334702258,0.299,1.573
20_0902,5,0.4695,0.015425051334702258,0.301,1.573
20_0903,5,0.469,0.015408624229979465,0.299,1.574
20_1005,11,0.9105,0.029913757700205337,0.139,2.117
20_1006,2,1.587,0.052139630390143736,1.587,1.587
20_1009,4,0.992,0.03259137577002053,0.378,1.727
20_1010,5,0.716,0.023523613963039012,0.152,0.724
20_3013,9,0.9139999999999999,0.030028747433264884,0.364,2.506
20_3015,4,1.351,0.04438603696098563,0.939,1.617
20_3060,3,1.6385,0.053831622176591376,0.773,2.504
20_4016,3,1.9705,0.06473921971252566,0.727,3.214
20_4052,4,1.05,0.03449691991786448,0.2,3.236
20_4053,4,0.771,0.025330595482546202,0.645,2.512
20_4054,10,0.458,0.01504722792607803,0.112,1.267
20_4063,3,1.6405,0.053897330595482545,0.769,2.512
20_6026,11,0.9415,0.03093223819301848,0.035,2.241
20_7073,3,0.3255,0.010694045174537987,0.13,0.521
20_A310,6,0.52,0.017084188911704313,0.139,2.117
20_A320,6,0.52,0.017084188911704313,0.139,2.117
20_A330,6,0.52,0.017084188911704313,0.14,2.117
20_A340,5,0.44,0.014455852156057495,0.139,2.118
20_A350,6,0.519,0.017051334702258728,0.139,2.118
20_A410,2,0.73,0.023983572895277208,0.73,0.73
20_A430,2,0.73,0.023983572895277208,0.73,0.73
20_B310,6,0.711,0.02335934291581109,0.141,0.724
20_B320,6,0.711,0.02335934291581109,0.141,0.724
20_B330,6,0.711,0.02335934291581109,0.141,0.724
20_B340,6,0.711,0.02335934291581109,0.141,0.724
20_B350,6,0.711,0.02335934291581109,0.141,0.724
20_B410,3,0.8265,0.02715400410677618,0.727,0.926
20_B430,3,0.8265,0.02715400410677618,0.727,0.926
21_1010,3,0.3045,0.010004106776180698,0.203,0.406
21_1014,3,0.994,0.0326570841889117,0.434,1.554
21_1034,7,0.8955,0.02942094455852156,0.205,1.562
21_3016,8,0.952,0.03127720739219712,0.366,2.147
21_6043,2,2.709,0.08900205338809035,2.709,2.709
21_A310,4,0.406,0.013338809034907598,0.203,0.645
21_A320,4,0.406,0.013338809034907598,0.203,0.645
21_A330,5,0.3345,0.010989733059548255,0.203,0.645
21_A340,4,0.263,0.008640657084188912,0.203,0.406
21_A350,4,0.406,0.013338809034907598,0.203,0.645
21_A410,3,1.241,0.040772073921971255,0.692,1.79
21_A430,3,1.241,0.040772073921971255,0.692,1.79
21_B310,6,0.404,0.013273100616016428,0.205,1.149
21_B320,6,0.404,0.013273100616016428,0.205,1.149
21_B330,5,0.3285,0.010792607802874743,0.205,0.642
21_B340,4,0.404,0.013273100616016428,0.205,0.642
21_B350,4,0.404,0.013273100616016428,0.205,0.642
22_0113,8,0.877,0.028813141683778236,0.358,2.001
22_0114,8,0.877,0.028813141683778236,0.358,2.001
22_0115,8,0.877,0.028813141683778236,0.357,2.002
22_0116,8,0.877,0.028813141683778236,0.357,2.002
22_0117,8,0.877,0.028813141683778236,0.357,2.002
22_0118,8,0.877,0.028813141683778236,0.357,2.001
22_0119,8,0.877,0.028813141683778236,0.357,2.001
22_0120,8,0.877,0.028813141683778236,0.357,2.001
22_0121,8,0.877,0.028813141683778236,0.357,2.001
22_0122,8,0.877,0.028813141683778236,0.357,2.001
22_0123,8,0.877,0.028813141683778236,0.357,2.001
22_0124,8,0.876,0.028780287474332648,0.357,2.001
22_3056,4,1.394,0.045798767967145784,0.359,1.999
22_4001,5,0.721,0.02368788501026694,0.356,1.394
22_702,4,0.581,0.019088295687885008,0.25,0.98
22_703,4,0.581,0.019088295687885008,0.25,0.98
22_704,4,0.581,0.019088295687885008,0.25,0.98
22_705,4,0.581,0.019088295687885008,0.249,0.98
22_706,4,0.58,0.019055441478439423,0.25,0.981
22_707,4,0.58,0.019055441478439423,0.25,0.981
22_708,4,0.58,0.019055441478439423,0.25,0.981
22_709,4,0.58,0.019055441478439423,0.251,0.981
23_0501,9,0.3705,0.012172484599589322,0.16,0.742
23_0502,9,0.3705,0.012172484599589322,0.16,0.742
23_0503,9,0.3705,0.012172484599589322,0.16,0.742
23_0504,9,0.37,0.01215605749486653,0.16,0.743
23_0505,9,0.3695,0.012139630390143737,0.161,0.742
23_0506,9,0.3705,0.012172484599589322,0.162,0.742
23_0507,9,0.3705,0.012172484599589322,0.162,0.742
23_0508,9,0.3705,0.012172484599589322,0.162,0.742
23_0509,9,0.37,0.01215605749486653,0.162,0.742
23_0559,9,0.3695,0.012139630390143737,0.162,0.742
23_1001,4,1.008,0.033117043121149894,0.167,1.449
23_1009,5,1.0255,0.03369199178644764,0.395,1.558
23_1012,2,1.533,0.050365503080082134,1.533,1.533
23_1026,9,0.203,0.006669404517453799,0.147,1.155
23_1028,8,1.155,0.03794661190965092,0.164,1.925
23_3013,3,1.3014999999999999,0.04275975359342916,1.132,1.471
23_3014,4,1.133,0.03722381930184805,0.308,1.471
23_7023,3,1.2890000000000001,0.04234907597535935,1.046,1.532
24_0501,10,0.427,0.014028747433264887,0.231,1.338
24_0502,13,0.3955,0.012993839835728953,0.223,1.413
24_0503,13,0.3955,0.012993839835728953,0.224,1.413
24_0504,12,0.405,0.013305954825462013,0.224,1.413
24_0505,12,0.406,0.013338809034907598,0.223,1.414
24_0506,12,0.408,0.013404517453798767,0.225,1.409
24_0507,12,0.406,0.013338809034907598,0.223,1.413
24_0508,13,0.396,0.013010266940451745,0.223,1.409
24_0509,12,0.405,0.013305954825462013,0.225,1.415
24_0559,11,0.4025,0.01322381930184805,0.225,1.386
24_0560,10,0.4,0.013141683778234088,0.211,1.336
24_0561,10,0.4,0.013141683778234088,0.209,1.335
24_0562,10,0.4,0.013141683778234088,0.211,1.26
24_0563,10,0.4,0.013141683778234088,0.21,1.261
24_0901,6,1.113,0.036566735112936344,0.89,1.857
24_0902,5,1.0845,0.035630390143737166,0.889,1.289
24_0903,6,1.113,0.036566735112936344,0.89,1.856
24_0960,6,1.114,0.036599589322381935,0.88,1.856
24_0961,6,1.101,0.03617248459958932,0.889,1.867
24_0962,6,1.101,0.03617248459958932,0.89,1.868
24_1632,5,0.6649999999999999,0.021848049281314164,0.147,1.108
24_1634,14,0.657,0.021585215605749487,0.119,1.7
24_2401,6,1.19,0.03909650924024641,0.988,1.699
24_2805,7,0.9690000000000001,0.03183572895277208,0.363,1.86
24_5807,3,1.0325,0.033921971252566734,0.986,1.079
24_A310,7,0.4805,0.015786447638603696,0.139,0.93
24_A311,7,0.481,0.01580287474332649,0.139,0.928
24_A320,7,0.481,0.01580287474332649,0.139,0.93
24_A330,7,0.481,0.01580287474332649,0.139,0.93
24_A331,6,0.569,0.018694045174537988,0.139,0.928
24_A340,7,0.481,0.01580287474332649,0.139,0.928
24_A350,7,0.481,0.01580287474332649,0.139,0.928
25_1002,10,0.315,0.010349075975359343,0.105,0.987
25_1003,2,0.601,0.019745379876796715,0.601,0.601
25_1004,8,0.692,0.02273511293634497,0.161,2.555
26_0115,14,0.378,0.012418891170431212,0.147,1.708
26_0116,14,0.378,0.012418891170431212,0.149,1.706
26_0117,14,0.378,0.012418891170431212,0.147,1.708
26_0118,7,0.462,0.01517864476386037,0.147,4.754
26_0120,7,0.462,0.01517864476386037,0.147,4.754
26_0121,7,0.462,0.01517864476386037,0.147,4.754
26_0123,14,0.378,0.012418891170431212,0.147,1.707
26_0124,14,0.378,0.012418891170431212,0.147,1.706
26_0159,12,0.392,0.012878850102669405,0.147,2.401
26_0213,5,0.454,0.014915811088295688,0.174,0.731
26_0214,6,0.564,0.01852977412731006,0.34,1.256
26_0215,5,0.36150000000000004,0.011876796714579058,0.185,1.254
26_0216,14,0.395,0.01297741273100616,0.173,1.263
26_0217,4,0.378,0.012418891170431212,0.174,0.73
26_0218,3,0.2825,0.009281314168377823,0.183,0.382
26_0219,13,0.396,0.013010266940451745,0.183,1.255
26_0220,14,0.395,0.01297741273100616,0.173,1.266
26_0221,15,0.396,0.013010266940451745,0.174,1.078
26_0222,11,0.382,0.012550308008213553,0.185,1.256
26_0223,14,0.393,0.01291170431211499,0.185,1.254
26_0224,14,0.393,0.01291170431211499,0.174,1.261
26_0259,13,0.396,0.013010266940451745,0.182,1.255
26_0601,3,0.498,0.01636139630390144,0.281,0.715
26_0602,3,0.4975,0.016344969199178643,0.28,0.715
26_0603,4,0.715,0.023490759753593427,0.281,1.245
26_0604,4,0.715,0.023490759753593427,0.28,1.245
26_0605,3,0.4975,0.016344969199178643,0.281,0.714
26_0606,4,0.714,0.023457905544147842,0.281,1.246
26_0607,4,0.714,0.023457905544147842,0.281,1.245
26_0608,4,0.714,0.023457905544147842,0.281,1.245
26_0659,4,0.714,0.023457905544147842,0.281,1.245
26_0901,3,1.4104999999999999,0.04634086242299794,1.393,1.428
26_0902,3,1.4104999999999999,0.04634086242299794,1.393,1.428
26_0903,3,1.4104999999999999,0.04634086242299794,1.393,1.428
26_1001,5,0.5585,0.01834907597535934,0.279,3.351
26_1004,3,1.8295,0.06010677618069815,1.02,2.639
26_1010,4,0.262,0.008607802874743328,0.262,0.726
26_1012,5,0.5565,0.018283367556468172,0.28,0.74
26_1013,4,0.414,0.013601642710472279,0.279,0.7
26_3069,2,3.12,0.10250513347022587,3.12,3.12
26_4015,5,1.504,0.049412731006160164,0.428,3.123
26_5363,2,1.459,0.04793429158110883,1.459,1.459
26_9029,5,2.2825,0.07498973305954826,0.721,3.12
26_9030,2,3.215,0.10562628336755646,3.215,3.215
26_A310,4,0.414,0.013601642710472279,0.278,0.701
26_A320,5,0.346,0.011367556468172484,0.278,0.701
26_A321,4,0.278,0.009133470225872692,0.278,0.414
26_A330,4,0.414,0.013601642710472279,0.278,0.979
26_A340,5,0.346,0.011367556468172484,0.278,0.701
26_A350,4,0.278,0.009133470225872692,0.278,0.414
26_B310,5,0.346,0.011367556468172484,0.276,0.701
26_B320,5,0.346,0.011367556468172484,0.276,0.701
26_B321,5,0.346,0.011367556468172484,0.276,0.701
26_B330,5,0.346,0.011367556468172484,0.276,0.701
26_B340,5,0.346,0.011367556468172484,0.276,0.701
26_B350,5,0.346,0.011367556468172484,0.276,0.701
26_C310,5,0.346,0.011367556468172484,0.273,0.704
26_C320,5,0.346,0.011367556468172484,0.273,0.704
26_C330,5,0.346,0.011367556468172484,0.273,0.704
26_C340,5,0.346,0.011367556468172484,0.273,0.704
26_C350,5,0.346,0.011367556468172484,0.273,0.704
26_C351,5,0.346,0.011367556468172484,0.273,0.704
26_D310,5,0.34199999999999997,0.011236139630390142,0.262,0.726
26_D320,5,0.34199999999999997,0.011236139630390142,0.262,0.726
26_D330,5,0.34199999999999997,0.011236139630390142,0.262,0.726
26_D340,6,0.262,0.008607802874743328,0.006,0.988
26_D350,5,0.34199999999999997,0.011236139630390142,0.262,0.726
26_D351,5,0.4155,0.013650924024640656,0.262,0.726
27_0501,11,0.5285,0.017363449691991786,0.321,0.792
27_0502,11,0.40349999999999997,0.013256673511293634,0.32,1.383
27_0503,9,0.4415,0.014505133470225872,0.32,2.077
27_0504,12,0.417,0.013700205338809035,0.32,0.792
27_0505,11,0.405,0.013305954825462013,0.321,1.38
27_0506,12,0.417,0.013700205338809035,0.321,0.792
27_0507,12,0.417,0.013700205338809035,0.32,0.792
27_0508,11,0.40349999999999997,0.013256673511293634,0.32,1.383
27_0509,11,0.403,0.013240246406570842,0.321,1.384
27_0559,10,0.588,0.019318275154004107,0.321,1.12
27_0560,11,0.5285,0.017363449691991786,0.321,0.793
27_0561,11,0.5285,0.017363449691991786,0.321,0.792
27_0901,4,0.151,0.004960985626283367,0.1,0.274
27_0902,7,0.562,0.01846406570841889,0.097,1.785
27_0903,7,0.562,0.01846406570841889,0.097,1.785
27_0909,5,0.21250000000000002,0.006981519507186859,0.1,1.785
27_0910,5,1.0295,0.03382340862422998,0.151,2.173
27_1003,3,2.0255,0.06654620123203285,1.521,2.53
27_1004,4,1.522,0.050004106776180696,0.73,1.8
27_1016,4,0.98,0.03219712525667351,0.749,2.843
27_1017,4,1.525,0.05010266940451745,0.73,1.801
27_1018,13,0.235,0.007720739219712525,0.048,2.052
27_1019,4,0.272,0.00893634496919918,0.134,0.401
27_1020,4,1.536,0.050464065708418895,0.73,1.8
27_1023,8,1.119,0.03676386036960986,0.579,2.165
27_1028,10,0.247,0.008114989733059548,0.133,1.489
27_1087,6,1.142,0.037519507186858314,0.37,2.603
27_2018,4,1.536,0.050464065708418895,0.73,1.801
27_2023,4,1.536,0.050464065708418895,0.73,1.8
27_3003,3,1.6564999999999999,0.05442299794661191,1.16,2.153
27_3005,3,2.0265,0.06657905544147844,1.524,2.529
27_3007,8,1.519,0.04990554414784394,0.714,1.807
27_3009,8,1.519,0.04990554414784394,0.715,1.807
27_3010,5,1.5219999999999998,0.05000410677618069,0.701,1.827
27_3012,8,1.519,0.04990554414784394,0.701,1.827
27_3013,3,1.6525,0.05429158110882957,1.149,2.156
27_4033,5,1.4515,0.04768788501026694,0.994,2.157
27_4034,4,2.143,0.07040657084188912,0.643,3.359
27_4037,5,1.4969999999999999,0.049182751540041064,0.995,2.157
27_4040,10,0.231,0.007589322381930185,0.092,1.919
27_4050,5,1.3475000000000001,0.04427104722792608,0.995,2.163
27_4054,2,1.505,0.04944558521560575,1.505,1.505
27_4055,2,1.135,0.03728952772073922,1.135,1.135
27_6064,3,0.749,0.024607802874743328,0.342,1.156
27_6251,20,0.218,0.007162217659137577,0.091,2.113
27_6300,3,0.752,0.024706365503080082,0.337,1.167
27_701,3,2.149,0.07060369609856262,0.693,3.605
27_702,5,0.9490000000000001,0.031178644763860373,0.44,2.4
27_703,5,0.9490000000000001,0.031178644763860373,0.44,2.402
27_704,5,0.9495,0.03119507186858316,0.439,2.407
27_705,4,0.693,0.022767967145790553,0.44,3.612
27_706,4,0.693,0.022767967145790553,0.44,3.613
27_707,4,0.693,0.022767967145790553,0.44,3.613
27_708,4,0.693,0.022767967145790553,0.443,3.613
27_709,3,2.153,0.07073511293634498,0.693,3.613
27_759,4,0.693,0.022767967145790553,0.443,3.613
27_A310,3,0.8645,0.02840246406570842,0.749,0.98
27_A320,3,0.8645,0.02840246406570842,0.749,0.98
27_A330,3,0.8645,0.02840246406570842,0.749,0.98
27_A340,3,0.8645,0.02840246406570842,0.749,0.98
27_A350,3,0.8645,0.02840246406570842,0.749,0.98
27_B310,4,0.589,0.019351129363449692,0.391,0.749
27_B320,4,0.589,0.019351129363449692,0.391,0.749
27_B330,4,0.589,0.019351129363449692,0.391,0.749
27_B340,4,0.589,0.019351129363449692,0.391,0.749
27_B350,4,0.589,0.019351129363449692,0.391,0.749
27_C310,4,0.58,0.019055441478439423,0.407,0.735
27_C320,3,0.861,0.02828747433264887,0.735,0.987
27_C330,3,0.861,0.02828747433264887,0.735,0.987
27_C340,3,0.861,0.02828747433264887,0.735,0.987
27_C350,3,0.861,0.02828747433264887,0.735,0.987
27_D310,5,0.248,0.008147843942505133,0.134,0.401
27_D320,3,0.7115,0.02337577002053388,0.401,1.022
27_D340,3,0.7115,0.02337577002053388,0.401,1.022
27_D350,4,0.401,0.013174537987679672,0.224,1.022
28_0501,4,0.929,0.030521560574948668,0.834,1.324
28_0502,4,0.929,0.030521560574948668,0.834,1.325
28_0503,4,0.929,0.030521560574948668,0.834,1.325
28_0504,4,0.929,0.030521560574948668,0.834,1.324
28_0505,4,0.929,0.030521560574948668,0.834,1.324
28_0506,4,0.929,0.030521560574948668,0.834,1.324
28_0507,4,0.929,0.030521560574948668,0.835,1.323
28_0508,4,0.929,0.030521560574948668,0.834,1.325
28_0509,4,0.929,0.030521560574948668,0.833,1.325
28_0560,3,1.0795,0.035466119096509235,0.833,1.326
28_0805,14,0.722,0.023720739219712524,0.263,1.204
28_0806,14,0.722,0.023720739219712524,0.263,1.204
28_0902,6,0.322,0.01057905544147844,0.237,0.653
28_0903,6,0.322,0.01057905544147844,0.237,0.653
28_0959,6,0.322,0.01057905544147844,0.237,0.654
28_1001,5,1.0270000000000001,0.03374127310061602,0.863,1.482
28_1016,8,0.246,0.008082135523613964,0.172,0.756
28_1802,13,0.202,0.006636550308008214,0.069,0.909
28_2807,4,0.871,0.028616016427104724,0.861,0.952
28_3018,11,1.177,0.0386694045174538,0.242,1.694
28_3019,8,1.148,0.03771663244353182,0.242,1.581
28_3081,5,0.9795,0.03218069815195072,0.856,1.585
28_3082,3,0.703,0.023096509240246404,0.345,1.061
28_3083,8,1.274,0.041856262833675564,0.678,2.8
28_3085,7,1.066,0.03502258726899384,0.735,3.54
28_3087,12,0.972,0.03193429158110883,0.296,1.694
28_3089,4,0.868,0.028517453798767967,0.861,0.955
28_3090,6,1.506,0.04947843942505133,0.442,3.54
28_3091,4,0.861,0.02828747433264887,0.858,1.578
28_3093,4,1.177,0.0386694045174538,0.844,2.346
28_3094,5,1.0105,0.033199178644763856,0.684,1.661
28_3097,2,1.326,0.043564681724846,1.326,1.326
28_3099,4,0.861,0.02828747433264887,0.858,0.998
28_4024,9,1.096,0.0360082135523614,0.069,2.806
28_5006,5,0.974,0.032,0.855,1.588
28_5025,8,1.254,0.04119917864476386,0.446,2.481
28_5803,10,0.971,0.03190143737166325,0.582,2.795
28_7012,7,1.0495,0.03448049281314169,0.739,2.562
28_9030,9,0.954,0.03134291581108829,0.239,2.561
28_A310,5,0.786,0.02582340862422998,0.586,0.927
28_A320,5,0.7805,0.02564271047227926,0.597,0.927
28_A330,5,0.786,0.02582340862422998,0.586,0.927
28_A350,5,0.7805,0.02564271047227926,0.597,0.927
28_A410,4,0.673,0.022110882956878852,0.121,1.327
28_A430,4,0.673,0.022110882956878852,0.12,1.328
29_0501,3,0.27999999999999997,0.00919917864476386,0.148,0.412
29_0502,7,0.403,0.013240246406570842,0.147,0.505
29_0503,7,0.3855,0.012665297741273101,0.181,0.505
29_0504,7,0.40449999999999997,0.013289527720739219,0.189,0.506
29_0505,7,0.40449999999999997,0.013289527720739219,0.189,0.504
29_0506,8,0.411,0.013503080082135523,0.189,0.506
29_0507,8,0.397,0.013043121149897332,0.181,0.506
29_0508,8,0.413,0.013568788501026694,0.146,0.505
29_0509,8,0.396,0.013010266940451745,0.178,0.505
29_0601,7,0.5820000000000001,0.0191211498973306,0.132,1.148
29_0602,7,0.5815,0.019104722792607803,0.132,1.149
29_0603,9,0.622,0.020435318275154005,0.204,1.148
29_0604,10,0.609,0.020008213552361397,0.175,1.148
29_0605,7,0.5675,0.01864476386036961,0.133,1.174
29_0606,9,0.6205,0.020386036960985628,0.204,1.148
29_0607,3,0.4,0.013141683778234088,0.19,0.61
29_0608,10,0.609,0.020008213552361397,0.175,1.148
29_0659,3,0.4,0.013141683778234088,0.19,0.61
29_0660,8,0.609,0.020008213552361397,0.19,1.148
29_0661,8,0.623,0.02046817248459959,0.175,1.176
29_0662,8,0.624,0.020501026694045174,0.175,1.176
29_0663,8,0.623,0.02046817248459959,0.175,1.176
29_0664,8,0.624,0.020501026694045174,0.175,1.176
29_0665,8,0.611,0.020073921971252566,0.057,1.176
29_0666,8,0.625,0.02053388090349076,0.175,1.176
29_0701,7,0.436,0.014324435318275154,0.318,1.17
29_0702,7,0.4355,0.014308008213552362,0.321,1.169
29_0703,7,0.436,0.014324435318275154,0.317,1.17
29_0704,7,0.4365,0.014340862422997947,0.318,1.169
29_0705,7,0.4355,0.014308008213552362,0.321,1.169
29_0706,5,0.601,0.019745379876796715,0.322,1.206
29_0707,6,0.37,0.01215605749486653,0.321,1.206
29_0708,7,0.4345,0.014275154004106776,0.321,1.203
29_0709,7,0.4345,0.014275154004106776,0.321,1.204
29_0759,7,0.436,0.014324435318275154,0.317,1.169
29_0760,7,0.437,0.01435728952772074,0.317,1.169
29_0801,13,0.7455,0.02449281314168378,0.272,1.287
29_0802,13,0.746,0.02450924024640657,0.272,1.287
29_0807,13,0.7464999999999999,0.024525667351129363,0.273,1.287
29_0808,12,0.722,0.023720739219712524,0.273,2.17
29_0901,5,1.2075,0.03967145790554415,0.231,1.427
29_0902,5,1.2075,0.03967145790554415,0.231,1.427
29_0903,5,1.2069999999999999,0.03965503080082135,0.23,1.428
29_0959,5,1.2075,0.03967145790554415,0.232,1.426
29_0960,5,1.2075,0.03967145790554415,0.232,1.426
29_0961,5,1.2075,0.03967145790554415,0.232,1.426
29_0962,5,1.2075,0.03967145790554415,0.23,1.428
29_0963,5,1.2075,0.03967145790554415,0.23,1.428
29_0964,5,1.2075,0.03967145790554415,0.23,1.428
29_1002,5,0.9305,0.030570841889117042,0.363,1.711
29_1005,6,0.803,0.02638193018480493,0.365,1.707
29_1008,4,1.114,0.036599589322381935,0.407,2.5
29_1010,3,1.8054999999999999,0.059318275154004105,1.067,2.544
29_4036,4,1.568,0.05151540041067762,0.476,1.797
29_4069,2,4.152,0.13641067761806983,4.152,4.152
29_5000,4,0.807,0.026513347022587272,0.719,2.695
29_5047,2,1.213,0.03985215605749487,1.213,1.213
29_5081,2,1.568,0.05151540041067762,1.568,1.568
29_5091,2,1.568,0.05151540041067762,1.568,1.568
29_5393,3,1.2810000000000001,0.042086242299794664,0.911,1.651
29_5403,4,1.213,0.03985215605749487,0.94,1.63
29_5413,4,1.212,0.03981930184804928,0.939,1.632
29_5473,3,0.9610000000000001,0.03157289527720739,0.854,1.068
29_5483,3,1.933,0.06350718685831622,0.415,3.451
29_5503,6,0.835,0.027433264887063654,0.407,1.666
29_7054,3,0.9565,0.03142505133470226,0.806,1.107
29_7073,2,2.036,0.0668911704312115,2.036,2.036
29_A310,9,0.4085,0.01342094455852156,0.161,1.87
29_A320,7,0.591,0.01941683778234086,0.161,1.87
29_A330,7,0.591,0.01941683778234086,0.161,1.87
29_A340,7,0.591,0.01941683778234086,0.161,1.869
29_A350,7,0.591,0.01941683778234086,0.161,1.884
29_A351,7,0.591,0.01941683778234086,0.161,1.884
29_A410,5,0.5415,0.017790554414784394,0.253,0.807
29_A411,5,0.5415,0.017790554414784394,0.253,0.807
29_A430,5,0.5415,0.017790554414784394,0.253,0.807
29_A601,8,0.288,0.009462012320328542,0.194,0.658
29_A602,8,0.288,0.009462012320328542,0.194,0.659
29_A603,8,0.288,0.009462012320328542,0.199,0.659
29_A604,7,0.262,0.008607802874743328,0.195,0.659
29_A605,7,0.26,0.008542094455852156,0.196,0.662
29_A606,9,0.262,0.008607802874743328,0.165,0.661
29_A607,8,0.288,0.009462012320328542,0.199,0.659
29_A608,7,0.2595,0.008525667351129364,0.199,0.659
29_A801,6,0.38,0.012484599589322382,0.274,0.676
29_A802,6,0.38,0.012484599589322382,0.274,0.676
29_A807,6,0.379,0.012451745379876797,0.273,0.677
29_A808,6,0.379,0.012451745379876797,0.273,0.677
29_AA01,7,0.462,0.01517864476386037,0.072,0.874
29_AA02,7,0.462,0.01517864476386037,0.072,0.874
29_AA03,7,0.4615,0.015162217659137578,0.072,0.875
29_AA61,7,0.461,0.015145790554414786,0.072,0.875
29_AA62,6,0.399,0.013108829568788501,0.072,1.399
29_AA63,7,0.461,0.015145790554414786,0.078,0.876
29_AA64,6,0.399,0.013108829568788501,0.076,1.399
29_AA65,7,0.4605,0.015129363449691992,0.076,0.876
29_AA66,7,0.461,0.015145790554414786,0.076,0.876
29_AA67,7,0.461,0.015145790554414786,0.076,0.876
29_B310,7,0.5915,0.019433264887063657,0.16,1.71
29_B320,7,0.5915,0.019433264887063657,0.16,1.71
29_B330,7,0.5915,0.019433264887063657,0.16,1.71
29_B340,7,0.5915,0.019433264887063657,0.16,1.711
29_B350,7,0.5915,0.019433264887063657,0.16,1.711
29_B351,7,0.5915,0.019433264887063657,0.16,1.71
29_B410,6,1.067,0.03505544147843943,0.255,1.521
29_B411,6,1.067,0.03505544147843943,0.256,1.52
29_B430,6,1.067,0.03505544147843943,0.255,1.521
2_1001,10,0.689,0.02263655030800821,0.302,0.799
2_1002,11,0.6745,0.022160164271047226,0.103,0.799
2_1004,9,0.6964999999999999,0.0228829568788501,0.441,0.798
2_1008,6,0.735,0.02414784394250513,0.642,2.156
2_6010,4,0.657,0.021585215605749487,0.456,0.727
2_9035,11,0.7195,0.023638603696098565,0.447,2.606
30_0113,16,0.365,0.011991786447638604,0.216,1.099
30_0114,24,0.216,0.007096509240246406,0.059,1.1
30_0115,17,0.365,0.011991786447638604,0.117,1.099
30_0116,16,0.365,0.011991786447638604,0.215,1.099
30_0117,17,0.3635,0.011942505133470225,0.117,1.101
30_0118,16,0.365,0.011991786447638604,0.216,1.099
30_0119,17,0.364,0.011958932238193018,0.116,1.1
30_0120,16,0.364,0.011958932238193018,0.215,1.1
30_0121,16,0.365,0.011991786447638604,0.215,1.099
30_0122,16,0.364,0.011958932238193018,0.215,1.099
30_0123,17,0.3645,0.01197535934291581,0.118,1.099
30_0124,17,0.3645,0.01197535934291581,0.118,1.099
30_0502,8,0.761,0.025002053388090348,0.377,2.563
30_0503,9,0.7085,0.023277207392197127,0.373,1.903
30_0504,9,0.7085,0.023277207392197127,0.376,1.903
30_0505,9,0.7085,0.023277207392197127,0.376,1.903
30_0506,9,0.7090000000000001,0.02329363449691992,0.376,1.903
30_0507,9,0.7090000000000001,0.02329363449691992,0.375,1.902
30_0508,9,0.7095,0.02331006160164271,0.373,1.903
30_0509,9,0.71,0.0233264887063655,0.374,1.904
30_0560,8,1.011,0.03321560574948665,0.378,1.903
30_0561,9,0.7095,0.02331006160164271,0.377,1.903
30_0805,22,0.38,0.012484599589322382,0.239,1.153
30_0806,22,0.38,0.012484599589322382,0.239,1.153
30_0901,11,0.369,0.012123203285420945,0.216,1.467
30_0902,11,0.368,0.01209034907597536,0.216,1.471
30_0903,11,0.369,0.012123203285420945,0.216,1.471
30_1001,5,0.722,0.023720739219712524,0.68,0.827
30_6004,9,1.138,0.037388090349075975,0.308,1.372
30_7066,9,0.7085,0.023277207392197127,0.375,1.903
30_7075,11,1.0125,0.03326488706365503,0.356,1.594
30_7076,12,0.714,0.023457905544147842,0.131,2.408
30_7088,9,0.762,0.025034907597535936,0.143,1.758
30_8129,19,0.48150000000000004,0.01581930184804928,0.051,1.59
30_A310,5,0.6925,0.02275154004106776,0.659,0.908
30_A320,5,0.7215,0.023704312114989735,0.681,0.827
30_A330,5,0.722,0.023720739219712524,0.681,0.827
30_A350,5,0.722,0.023720739219712524,0.681,0.827
31_0113,2,1.533,0.050365503080082134,1.533,1.533
31_0114,13,0.185,0.006078028747433265,0.021,0.454
31_0115,3,1.267,0.041626283367556464,1.001,1.533
31_0116,3,1.2665,0.04160985626283367,1.001,1.532
31_0117,3,1.267,0.041626283367556464,1.001,1.533
31_0118,3,1.2665,0.04160985626283367,1.001,1.532
31_0119,3,1.267,0.041626283367556464,1.001,1.533
31_0120,3,1.266,0.04159342915811089,1.0,1.532
31_0121,3,1.267,0.041626283367556464,1.0,1.534
31_0122,3,1.2665,0.04160985626283367,1.001,1.532
31_0123,3,1.267,0.041626283367556464,1.001,1.533
31_0124,3,1.267,0.041626283367556464,1.001,1.533
31_0902,3,1.2665,0.04160985626283367,1.0,1.533
31_0903,2,1.0,0.03285420944558522,1.0,1.0
31_0904,3,1.2665,0.04160985626283367,1.0,1.533
31_1030,4,0.678,0.02227515400410678,0.195,0.931
31_3018,15,0.184,0.00604517453798768,0.075,0.622
31_3023,7,0.9059999999999999,0.029765913757700203,0.638,1.484
31_3024,9,0.8395,0.02758110882956879,0.523,1.281
31_3028,10,0.74,0.02431211498973306,0.601,2.099
31_3033,4,1.101,0.03617248459958932,0.524,2.219
31_4019,10,0.745,0.024476386036960986,0.415,2.399
31_6700,3,0.863,0.02835318275154004,0.614,1.112
31_6701,3,0.8155000000000001,0.026792607802874745,0.523,1.108
31_6702,2,0.897,0.02947022587268994,0.897,0.897
31_7005,5,0.8574999999999999,0.02817248459958932,0.547,1.67
31_7040,2,2.22,0.07293634496919918,2.22,2.22
31_7050,6,0.818,0.026874743326488704,0.547,1.663
31_A310,5,0.4365,0.014340862422997947,0.141,0.931
31_A320,6,0.256,0.008410677618069816,0.141,0.931
31_A330,6,0.257,0.0084435318275154,0.141,0.93
31_A340,6,0.257,0.0084435318275154,0.141,0.931
31_A350,6,0.257,0.0084435318275154,0.141,0.931
31_A351,6,0.257,0.0084435318275154,0.141,0.931
31_A352,6,0.257,0.0084435318275154,0.141,0.931
31_A353,6,0.257,0.0084435318275154,0.141,0.931
31_A410,4,0.967,0.0317700205338809,0.778,1.477
31_A430,4,0.967,0.0317700205338809,0.778,1.477
31_B410,4,0.965,0.03170431211498973,0.723,1.484
31_B430,4,0.965,0.03170431211498973,0.723,1.484
31_C410,4,0.966,0.031737166324435316,0.72,1.484
31_C430,4,0.966,0.031737166324435316,0.72,1.484
32_0101,26,0.12,0.003942505133470226,0.002,1.029
32_0102,8,0.302,0.009921971252566735,0.19,0.987
32_0103,8,0.302,0.009921971252566735,0.189,0.987
32_0104,11,0.39249999999999996,0.012895277207392196,0.189,1.029
32_0105,8,0.302,0.009921971252566735,0.19,0.987
32_0106,11,0.39249999999999996,0.012895277207392196,0.189,1.029
32_0107,11,0.393,0.01291170431211499,0.189,1.03
32_0108,11,0.39249999999999996,0.012895277207392196,0.19,1.03
32_0109,11,0.39249999999999996,0.012895277207392196,0.19,1.029
32_0110,11,0.39249999999999996,0.012895277207392196,0.189,1.029
32_0111,11,0.39549999999999996,0.012993839835728951,0.189,1.03
32_0112,11,0.396,0.013010266940451745,0.189,1.03
32_0201,7,0.383,0.012583162217659137,0.209,0.993
32_0202,2,0.432,0.014193018480492812,0.432,0.432
32_0203,7,0.382,0.012550308008213553,0.21,0.994
32_0204,13,0.2025,0.0066529774127310065,0.028,0.49
32_0205,7,0.382,0.012550308008213553,0.21,0.993
32_0206,2,0.427,0.014028747433264887,0.427,0.427
32_0207,7,0.382,0.012550308008213553,0.21,0.994
32_0208,7,0.382,0.012550308008213553,0.21,0.994
32_0209,8,0.427,0.014028747433264887,0.21,0.557
32_0210,8,0.428,0.014061601642710472,0.211,0.56
32_0211,7,0.382,0.012550308008213553,0.21,0.994
32_0259,7,0.3815,0.01253388090349076,0.208,0.996
32_1020,11,0.581,0.019088295687885008,0.308,1.996
32_1021,3,1.108,0.03640246406570842,0.732,1.484
32_2027,4,0.7,0.02299794661190965,0.336,1.027
32_3010,5,0.6465000000000001,0.021240246406570844,0.178,1.711
32_3013,2,1.917,0.06298151950718686,1.917,1.917
32_7000,2,1.476,0.04849281314168378,1.476,1.476
32_7084,3,0.6585,0.021634496919917864,0.469,0.848
32_A310,4,0.644,0.02115811088295688,0.425,1.059
32_A320,3,1.064,0.03495687885010267,0.644,1.484
32_A330,3,1.064,0.03495687885010267,0.644,1.484
32_A350,4,0.644,0.02115811088295688,0.425,1.059
32_A410,3,1.502,0.049347022587268995,0.372,2.632
32_A420,4,0.372,0.0122217659137577,0.178,2.632
32_A430,3,1.502,0.049347022587268995,0.372,2.632
32_A451,2,3.197,0.10503490759753593,3.197,3.197
32_A452,2,3.197,0.10503490759753593,3.197,3.197
32_A453,2,3.197,0.10503490759753593,3.197,3.197
32_A454,2,3.197,0.10503490759753593,3.197,3.197
32_A455,2,3.197,0.10503490759753593,3.197,3.197
32_A456,2,3.197,0.10503490759753593,3.197,3.197
32_A457,2,3.197,0.10503490759753593,3.197,3.197
32_A458,2,3.197,0.10503490759753593,3.197,3.197
32_A459,2,3.197,0.10503490759753593,3.197,3.197
32_AA01,6,0.315,0.010349075975359343,0.145,1.494
32_AA02,7,0.259,0.008509240246406572,0.092,1.494
32_AA03,6,0.315,0.010349075975359343,0.144,1.494
32_AA59,7,0.259,0.008509240246406572,0.092,1.494
32_AA60,7,0.2595,0.008525667351129364,0.07,1.492
32_AA61,7,0.2595,0.008525667351129364,0.07,1.492
32_AA62,7,0.2595,0.008525667351129364,0.07,1.492
32_B310,3,1.029,0.03380698151950719,0.583,1.475
32_B320,3,1.029,0.03380698151950719,0.583,1.475
32_B330,3,1.029,0.03380698151950719,0.583,1.475
32_B340,3,1.029,0.03380698151950719,0.583,1.475
32_B350,3,1.029,0.03380698151950719,0.583,1.475
32_C310,2,0.336,0.011039014373716634,0.336,0.336
32_C320,2,0.336,0.011039014373716634,0.336,0.336
32_C330,2,0.336,0.011039014373716634,0.336,0.336
32_C350,2,0.336,0.011039014373716634,0.336,0.336
33_1001,13,0.4475,0.014702258726899384,0.082,1.969
34_0501,9,0.3765,0.012369609856262833,0.112,1.707
34_0502,11,0.3825,0.012566735112936345,0.126,1.651
34_0503,12,0.364,0.011958932238193018,0.126,1.316
34_0504,11,0.382,0.012550308008213553,0.126,1.651
34_0505,11,0.3775,0.01240246406570842,0.112,1.651
34_0506,11,0.382,0.012550308008213553,0.126,1.609
34_0507,12,0.364,0.011958932238193018,0.126,1.316
34_0508,12,0.377,0.012386036960985626,0.126,1.316
34_0509,11,0.383,0.012583162217659137,0.126,1.609
34_0559,11,0.3825,0.012566735112936345,0.126,1.651
34_0560,11,0.382,0.012550308008213553,0.126,1.651
34_0801,4,0.799,0.026250513347022587,0.385,1.013
34_0802,4,0.799,0.026250513347022587,0.385,1.013
34_0859,4,0.799,0.026250513347022587,0.385,1.013
34_0860,4,0.799,0.026250513347022587,0.385,1.013
34_0901,7,0.506,0.01662422997946612,0.204,1.333
34_0902,7,0.5065,0.01664065708418891,0.204,1.333
34_0903,7,0.506,0.01662422997946612,0.204,1.333
34_0960,7,0.5125,0.01683778234086242,0.203,1.334
34_0961,7,0.513,0.016854209445585216,0.204,1.333
34_0962,6,0.448,0.014718685831622176,0.204,1.884
34_1003,4,1.294,0.04251334702258727,1.141,1.563
34_1011,5,0.944,0.031014373716632442,0.577,1.837
34_1030,5,0.7635000000000001,0.025084188911704313,0.593,1.506
34_1031,5,1.1225,0.036878850102669405,0.28,1.148
34_1033,8,0.773,0.02539630390143737,0.091,1.156
34_1034,5,0.886,0.0291088295687885,0.584,1.265
34_1638,5,0.748,0.02457494866529774,0.351,1.183
34_4042,5,0.5705,0.018743326488706365,0.336,1.39
34_6057,3,1.419,0.04662012320328542,1.185,1.653
35_0101,9,0.388,0.012747433264887064,0.286,0.687
35_0102,9,0.3875,0.012731006160164272,0.287,0.687
35_0103,9,0.3875,0.012731006160164272,0.287,0.687
35_0104,9,0.3875,0.012731006160164272,0.287,0.687
35_0105,9,0.3875,0.012731006160164272,0.287,0.689
35_0106,9,0.387,0.012714579055441478,0.288,0.689
35_0107,9,0.387,0.012714579055441478,0.288,0.689
35_0108,9,0.387,0.012714579055441478,0.288,0.689
35_0109,9,0.387,0.012714579055441478,0.288,0.689
35_0110,9,0.3875,0.012731006160164272,0.288,0.689
35_0111,9,0.3875,0.012731006160164272,0.288,0.689
35_0112,9,0.3875,0.012731006160164272,0.288,0.689
35_0501,6,0.378,0.012418891170431212,0.341,0.951
35_0502,9,0.3735,0.012271047227926078,0.301,0.951
35_0503,9,0.3735,0.012271047227926078,0.302,0.951
35_0504,9,0.374,0.01228747433264887,0.301,0.951
35_0505,9,0.3745,0.012303901437371664,0.301,0.951
35_0506,9,0.3745,0.012303901437371664,0.301,0.951
35_0507,9,0.3735,0.012271047227926078,0.301,0.951
35_0508,9,0.373,0.012254620123203285,0.302,0.951
35_0509,8,0.378,0.012418891170431212,0.301,0.951
35_0801,17,0.3925,0.012895277207392197,0.047,1.285
35_0802,17,0.3925,0.012895277207392197,0.048,1.285
35_0901,7,0.3315,0.0108911704312115,0.14,0.945
35_0902,7,0.304,0.009987679671457906,0.147,0.945
35_0903,7,0.304,0.009987679671457906,0.147,0.945
35_0959,7,0.304,0.009987679671457906,0.147,0.945
35_1002,5,1.104,0.03627104722792608,0.686,1.166
35_1003,5,0.7095,0.02331006160164271,0.433,1.057
35_1005,7,1.1055000000000001,0.03632032854209446,0.686,1.638
35_1022,4,1.057,0.03472689938398357,0.686,1.17
35_1112,13,0.381,0.012517453798767968,0.063,1.057
35_2007,3,0.9279999999999999,0.030488706365503077,0.686,1.17
35_2118,12,0.891,0.02927310061601643,0.259,1.959
35_3010,13,0.915,0.030061601642710472,0.155,1.737
35_6033,13,0.7244999999999999,0.023802874743326485,0.002,1.169
35_6035,2,1.17,0.0384394250513347,1.17,1.17
35_6401,4,1.057,0.03472689938398357,0.638,1.17
35_AA01,7,0.17099999999999999,0.005618069815195071,0.072,1.078
35_AA02,7,0.17099999999999999,0.005618069815195071,0.072,1.078
35_AA03,7,0.17099999999999999,0.005618069815195071,0.072,1.078
35_AA61,7,0.17099999999999999,0.005618069815195071,0.071,1.077
35_AA62,7,0.17099999999999999,0.005618069815195071,0.074,1.077
36_0801,18,0.24,0.007885010266940452,0.082,0.869
36_0802,11,0.3985,0.013092402464065709,0.236,1.026
36_0859,10,0.405,0.013305954825462013,0.26,1.026
36_1008,3,0.6745000000000001,0.022160164271047233,0.265,1.084
36_1011,4,1.799,0.0591047227926078,0.321,1.814
36_1643,7,0.614,0.020172484599589324,0.148,2.093
36_1644,7,0.61,0.02004106776180698,0.167,1.216
36_4017,4,0.316,0.010381930184804928,0.25,0.428
36_4018,9,0.3095,0.010168377823408624,0.063,2.548
36_A310,7,0.3925,0.012895277207392197,0.141,0.707
36_A320,7,0.393,0.01291170431211499,0.14,0.706
36_A321,7,0.3925,0.012895277207392197,0.14,0.707
36_A330,7,0.3935,0.012928131416837784,0.14,0.705
36_A331,5,0.546,0.01793839835728953,0.261,0.707
36_A340,7,0.394,0.012944558521560576,0.141,0.704
36_A350,7,0.393,0.01291170431211499,0.14,0.706
36_B310,6,0.562,0.01846406570841889,0.252,0.658
36_B320,6,0.562,0.01846406570841889,0.252,0.658
36_B330,6,0.565,0.018562628336755645,0.251,0.658
36_B331,5,0.5665,0.018611909650924026,0.252,0.657
36_B340,6,0.565,0.018562628336755645,0.252,0.657
36_B350,6,0.565,0.018562628336755645,0.252,0.657
36_B351,5,0.5665,0.018611909650924026,0.251,0.658
36_B352,5,0.567,0.018628336755646815,0.251,0.658
36_B353,5,0.567,0.018628336755646815,0.251,0.658
36_B354,5,0.567,0.018628336755646815,0.251,0.658
37_0201,19,0.1525,0.005010266940451745,0.063,0.329
37_0202,6,0.37,0.01215605749486653,0.322,0.973
37_0203,15,0.519,0.017051334702258728,0.236,1.52
37_0204,14,0.644,0.02115811088295688,0.294,1.519
37_0205,6,0.37,0.01215605749486653,0.329,0.967
37_0206,6,0.37,0.01215605749486653,0.323,0.973
37_0207,14,0.639,0.02099383983572895,0.323,1.519
37_0208,15,0.519,0.017051334702258728,0.237,1.519
37_0209,10,0.329,0.010809034907597536,0.153,0.476
37_0210,6,0.37,0.01215605749486653,0.322,0.973
37_0211,14,0.639,0.02099383983572895,0.322,1.52
37_0212,15,0.5185,0.017034907597535932,0.238,1.519
37_0259,15,0.5205,0.017100616016427102,0.237,1.522
37_0260,14,0.639,0.02099383983572895,0.322,1.519
37_0801,14,0.447,0.014685831622176591,0.322,2.042
37_0802,14,0.447,0.014685831622176591,0.322,2.042
37_0859,14,0.448,0.014718685831622176,0.322,2.042
37_0901,5,0.9835,0.03231211498973306,0.26,1.548
37_0902,5,0.9835,0.03231211498973306,0.26,1.548
37_0903,5,0.9835,0.03231211498973306,0.26,1.548
37_1006,8,0.989,0.03249281314168378,0.155,1.558
37_1024,4,1.519,0.04990554414784394,0.63,2.21
37_1028,12,0.413,0.013568788501026694,0.119,1.79
37_1030,2,1.055,0.0346611909650924,1.055,1.055
37_1040,5,1.1025,0.036221765913757704,0.82,1.329
37_1352,9,1.166,0.03830800821355236,0.3,1.806
37_1645,11,0.9135,0.030012320328542095,0.224,1.561
37_1801,8,0.922,0.030291581108829572,0.181,2.583
37_1802,6,0.303,0.00995482546201232,0.253,1.558
37_1803,8,1.266,0.04159342915811089,0.44,1.746
37_1814,9,1.0230000000000001,0.03360985626283368,0.108,1.828
37_1817,8,1.229,0.04037782340862423,0.329,1.933
37_1992,10,0.897,0.02947022587268994,0.399,1.729
37_2819,10,0.931,0.030587268993839838,0.315,1.948
37_2824,10,0.84,0.02759753593429158,0.273,1.485
37_2825,6,1.133,0.03722381930184805,0.82,1.324
37_3008,10,0.924,0.03035728952772074,0.153,1.699
37_3011,4,1.099,0.03610677618069815,0.771,1.412
37_3807,8,1.304,0.04284188911704312,0.822,1.827
37_3816,8,1.204,0.0395564681724846,0.358,1.821
37_5037,4,1.121,0.03682956878850103,0.959,1.156
37_5826,4,0.798,0.026217659137577003,0.357,1.071
37_5827,6,0.327,0.010743326488706366,0.078,1.198
37_A960,4,1.057,0.03472689938398357,0.12,1.259
37_A961,4,1.057,0.03472689938398357,0.12,1.259
37_A962,4,1.057,0.03472689938398357,0.12,1.258
37_A963,4,1.057,0.03472689938398357,0.12,1.259
37_A964,4,1.057,0.03472689938398357,0.121,1.258
37_A965,4,1.063,0.03492402464065708,0.121,1.258
38_0213,13,0.839,0.027564681724845996,0.293,1.464
38_0214,12,0.986,0.032394250513347024,0.293,1.692
38_0215,12,0.986,0.032394250513347024,0.294,1.695
38_0216,12,0.987,0.03242710472279261,0.294,1.694
38_0217,13,0.839,0.027564681724845996,0.294,1.464
38_0218,12,0.985,0.03236139630390144,0.294,1.692
38_0219,12,0.98,0.03219712525667351,0.292,1.693
38_0220,12,0.985,0.03236139630390144,0.294,1.693
38_0221,13,0.834,0.02740041067761807,0.289,1.468
38_0222,12,0.98,0.03219712525667351,0.289,1.695
38_0223,12,0.98,0.03219712525667351,0.292,1.693
38_0224,12,0.98,0.03219712525667351,0.289,1.695
38_0259,10,1.134,0.03725667351129363,0.377,1.885
38_0260,10,1.127,0.03702669404517454,0.372,1.89
38_0261,10,1.127,0.03702669404517454,0.372,1.89
38_0262,10,1.129,0.037092402464065706,0.373,1.887
38_0263,10,1.135,0.03728952772073922,0.373,1.888
38_0264,10,1.135,0.03728952772073922,0.373,1.888
38_2001,2,0.328,0.010776180698151951,0.328,0.328
38_3005,4,1.198,0.039359342915811085,0.572,2.134
38_3006,9,1.4795,0.048607802874743325,0.571,2.311
39_0102,2,0.015,0.0004928131416837782,0.015,0.015
39_0103,5,0.496,0.016295687885010266,0.409,0.631
39_0104,12,0.579,0.019022587268993838,0.168,1.437
39_0105,3,0.295,0.009691991786447638,0.181,0.409
39_0106,8,0.62,0.020369609856262832,0.409,0.773
39_0107,2,0.015,0.0004928131416837782,0.015,0.015
39_0108,5,0.49649999999999994,0.01631211498973306,0.41,0.63
39_0109,5,0.49649999999999994,0.01631211498973306,0.409,0.631
39_0110,5,0.49649999999999994,0.01631211498973306,0.409,0.631
39_0111,8,0.736,0.02418069815195072,0.502,2.331
39_0112,12,0.579,0.019022587268993838,0.168,1.437
39_0159,6,0.756,0.024837782340862424,0.475,1.576
39_0160,9,0.8725,0.0286652977412731,0.409,1.434
39_0201,7,0.5705,0.018743326488706365,0.175,0.998
39_0202,7,0.5705,0.018743326488706365,0.173,0.998
39_0203,14,0.629,0.0206652977412731,0.237,1.226
39_0204,8,0.567,0.018628336755646815,0.169,0.655
39_0205,7,0.5705,0.018743326488706365,0.174,0.998
39_0206,6,0.641,0.021059548254620124,0.174,1.141
39_0207,11,0.6485000000000001,0.021305954825462013,0.393,1.226
39_0208,10,0.721,0.02368788501026694,0.461,2.247
39_0209,8,0.575,0.018891170431211496,0.175,2.246
39_0210,7,0.57,0.018726899383983572,0.17,0.998
39_0211,14,0.629,0.0206652977412731,0.176,1.226
39_0212,11,0.629,0.0206652977412731,0.169,2.247
39_0259,6,0.594,0.019515400410677616,0.567,0.999
39_0260,13,0.694,0.022800821355236138,0.392,1.227
39_0261,13,0.694,0.022800821355236138,0.392,1.226
39_0262,13,0.6945,0.022817248459958934,0.392,1.227
39_0263,13,0.694,0.022800821355236138,0.392,1.227
39_0264,6,0.637,0.020928131416837782,0.522,0.999
39_0265,13,0.694,0.022800821355236138,0.392,1.226
39_0809,12,0.827,0.027170431211498973,0.09,1.968
39_0810,12,0.826,0.027137577002053388,0.09,1.968
39_0901,19,0.2085,0.006850102669404517,0.095,1.452
39_0902,10,0.715,0.023490759753593427,0.152,1.453
39_0903,10,0.713,0.023425051334702258,0.152,1.453
39_3013,10,0.679,0.022308008213552364,0.132,2.278
39_3801,9,1.2805,0.042069815195071865,0.707,2.303
39_4018,12,0.627,0.02059958932238193,0.107,2.111
39_4031,2,1.503,0.04937987679671457,1.503,1.503
39_5003,8,0.665,0.02184804928131417,0.12,2.444
39_5010,4,0.943,0.030981519507186858,0.337,2.772
39_5569,6,1.273,0.04182340862422998,0.752,2.437
39_7021,2,3.564,0.11709240246406571,3.564,3.564
39_9006,8,0.756,0.024837782340862424,0.402,2.301
39_9022,8,1.265,0.041560574948665295,0.681,1.84
39_A410,4,0.78,0.025626283367556468,0.725,2.478
39_A411,3,1.992,0.06544558521560576,1.505,2.479
39_A412,3,1.9915,0.06542915811088296,1.505,2.478
39_A430,4,0.779,0.025593429158110883,0.725,2.48
39_A803,7,0.6725000000000001,0.02209445585215606,0.254,1.408
39_A804,8,0.805,0.0264476386036961,0.215,1.408
39_B410,3,0.7505,0.0246570841889117,0.75,0.751
39_B411,3,0.7505,0.0246570841889117,0.749,0.752
39_B412,3,0.7505,0.0246570841889117,0.75,0.751
39_B430,3,0.7505,0.0246570841889117,0.75,0.751
40_0113,9,0.3725,0.012238193018480493,0.131,0.728
40_0114,14,0.386,0.012681724845995893,0.13,1.304
40_0115,14,0.385,0.012648870636550309,0.13,1.304
40_0116,14,0.385,0.012648870636550309,0.129,1.304
40_0117,14,0.385,0.012648870636550309,0.13,1.304
40_0118,14,0.385,0.012648870636550309,0.129,1.304
40_0119,14,0.385,0.012648870636550309,0.13,1.302
40_0120,14,0.385,0.012648870636550309,0.13,1.302
40_0121,14,0.386,0.012681724845995893,0.13,1.302
40_0122,9,0.3725,0.012238193018480493,0.131,0.728
40_0123,14,0.385,0.012648870636550309,0.13,1.302
40_0124,14,0.385,0.012648870636550309,0.13,1.302
40_0160,13,0.385,0.012648870636550309,0.13,2.164
40_0501,9,0.375,0.012320328542094456,0.036,0.792
40_0502,14,0.38,0.012484599589322382,0.036,1.3
40_0503,14,0.38,0.012484599589322382,0.036,1.3
40_0504,14,0.38,0.012484599589322382,0.036,1.3
40_0505,14,0.38,0.012484599589322382,0.036,1.3
40_0506,14,0.38,0.012484599589322382,0.036,1.299
40_0507,14,0.38,0.012484599589322382,0.036,1.299
40_0508,15,0.364,0.011958932238193018,0.036,1.3
40_0509,14,0.38,0.012484599589322382,0.036,1.3
40_0560,12,0.37,0.01215605749486653,0.036,3.179
40_0601,14,0.398,0.013075975359342917,0.1,1.302
40_0602,14,0.399,0.013108829568788501,0.1,1.302
40_0603,14,0.397,0.013043121149897332,0.1,1.302
40_0604,14,0.397,0.013043121149897332,0.1,1.303
40_0605,14,0.397,0.013043121149897332,0.101,1.302
40_0606,14,0.397,0.013043121149897332,0.101,1.302
40_0607,13,0.351,0.01153182751540041,0.045,0.932
40_0608,14,0.397,0.013043121149897332,0.102,1.303
40_1015,7,0.7115,0.02337577002053388,0.144,1.86
40_1017,3,0.5595,0.01838193018480493,0.391,0.728
40_3018,7,0.747,0.024542094455852155,0.391,1.036
40_4086,11,0.766,0.025166324435318275,0.149,1.901
40_4087,7,0.7005,0.023014373716632446,0.284,1.79
40_4088,3,0.5589999999999999,0.018365503080082134,0.39,0.728
40_4154,14,0.728,0.023917864476386035,0.142,1.267
40_4155,9,0.914,0.030028747433264887,0.391,2.681
40_4157,13,0.8055,0.02646406570841889,0.376,2.08
40_4158,10,0.932,0.030620123203285422,0.391,2.681
40_4160,9,0.8975,0.02948665297741273,0.383,1.903
40_4161,6,0.727,0.02388501026694045,0.066,0.917
40_4162,5,0.6185,0.020320328542094458,0.389,1.021
40_4163,9,0.8095,0.02659548254620123,0.252,1.127
40_4164,7,0.8915,0.029289527720739218,0.388,1.794
40_4165,13,0.4475,0.014702258726899384,0.02,0.813
40_4166,10,1.021,0.0335441478439425,0.391,2.676
40_5021,10,0.932,0.030620123203285422,0.392,2.68
40_6010,5,0.649,0.021322381930184806,0.391,0.931
40_7024,4,0.731,0.024016427104722793,0.391,1.02
40_A320,5,0.531,0.01744558521560575,0.284,0.727
40_A330,5,0.531,0.01744558521560575,0.284,0.727
40_A340,5,0.531,0.01744558521560575,0.284,0.727
40_A350,5,0.531,0.01744558521560575,0.284,0.727
40_A410,5,0.7484999999999999,0.024591375770020532,0.383,1.023
40_A420,5,0.7484999999999999,0.024591375770020532,0.383,1.023
40_A430,5,0.7484999999999999,0.024591375770020532,0.383,1.023
40_AA01,7,0.245,0.008049281314168377,0.112,0.769
40_AA02,7,0.245,0.008049281314168377,0.112,0.768
40_AA03,7,0.245,0.008049281314168377,0.112,0.768
40_AA61,7,0.2445,0.008032854209445585,0.112,0.769
40_AA62,7,0.245,0.008049281314168377,0.111,0.768
40_AA63,7,0.245,0.008049281314168377,0.111,0.768
40_B310,6,0.695,0.022833675564681723,0.144,1.022
40_B320,6,0.695,0.022833675564681723,0.144,1.022
40_B330,6,0.695,0.022833675564681723,0.144,1.022
40_B350,6,0.695,0.022833675564681723,0.144,1.022
40_B360,3,1.0705,0.03517043121149897,0.391,1.75
40_C310,4,0.39,0.012813141683778234,0.231,0.728
40_C320,4,0.39,0.012813141683778234,0.231,0.728
40_C330,4,0.39,0.012813141683778234,0.231,0.728
40_C350,4,0.39,0.012813141683778234,0.231,0.728
41_2002,9,0.865,0.028418891170431212,0.168,1.822
41_5005,7,1.286,0.04225051334702259,0.511,2.097
41_5006,9,0.962,0.03160574948665298,0.162,1.658
41_5008,9,0.9624999999999999,0.03162217659137577,0.16,1.657
41_5021,7,1.286,0.04225051334702259,0.734,1.759
41_5022,6,1.114,0.036599589322381935,0.755,2.59
41_6011,2,1.613,0.05299383983572895,1.613,1.613
41_7018,4,1.333,0.04379466119096509,0.54,2.478
41_7019,2,1.287,0.04228336755646817,1.287,1.287
41_7081,9,1.043,0.03426694045174538,0.611,2.258
41_AA01,8,0.195,0.006406570841889117,0.099,0.826
41_AA02,8,0.196,0.0064394250513347025,0.1,0.826
41_AA03,8,0.195,0.006406570841889117,0.099,0.827
41_AA59,8,0.196,0.0064394250513347025,0.098,0.827
41_AA60,8,0.196,0.0064394250513347025,0.098,0.827
42_0601,11,0.398,0.013075975359342917,0.239,1.168
42_0602,11,0.399,0.013108829568788501,0.237,1.169
42_0603,10,0.398,0.013075975359342917,0.239,1.17
42_0604,11,0.398,0.013075975359342917,0.239,1.17
42_0605,11,0.396,0.013010266940451745,0.239,1.162
42_0606,10,0.397,0.013043121149897332,0.24,1.17
42_0607,11,0.3985,0.013092402464065709,0.239,1.17
42_0608,10,0.393,0.01291170431211499,0.245,1.169
42_0659,11,0.398,0.013075975359342917,0.239,1.169
42_0660,10,0.393,0.01291170431211499,0.245,1.169
42_0661,10,0.393,0.01291170431211499,0.244,1.171
42_0662,10,0.393,0.01291170431211499,0.244,1.171
42_1597,12,0.799,0.026250513347022587,0.202,1.779
42_1599,10,0.875,0.028747433264887063,0.293,1.774
42_1605,8,0.551,0.018102669404517456,0.155,0.953
42_1606,16,0.363,0.011926078028747433,0.111,2.611
42_1608,3,1.4985,0.04923203285420944,1.169,1.828
42_1610,3,1.4835,0.04873921971252567,1.338,1.629
42_1613,3,1.4845,0.04877207392197125,1.212,1.757
42_1614,7,1.4235,0.046767967145790554,1.127,1.748
42_1617,3,1.421,0.04668583162217659,1.211,1.631
42_1618,3,2.344,0.07701026694045174,1.352,3.336
42_1623,7,1.5575,0.05117043121149897,0.254,1.958
42_1627,4,0.868,0.028517453798767967,0.825,0.937
42_1690,6,1.107,0.036369609856262836,0.322,1.566
42_1691,7,1.2189999999999999,0.04004928131416837,0.642,3.19
42_3044,11,0.8295,0.027252566735112938,0.299,1.413
42_5020,3,0.2695,0.008854209445585216,0.266,0.273
42_7037,2,0.884,0.029043121149897332,0.884,0.884
42_9027,11,0.868,0.028517453798767967,0.231,1.695
42_A310,7,0.368,0.01209034907597536,0.183,0.524
42_A320,7,0.3675,0.012073921971252566,0.183,0.524
42_A330,7,0.3675,0.012073921971252566,0.157,0.551
42_A340,7,0.3675,0.012073921971252566,0.183,0.524
42_A350,7,0.3675,0.012073921971252566,0.157,0.551
42_A351,6,0.356,0.011696098562628337,0.157,0.551
42_A410,5,0.8025,0.026365503080082134,0.322,1.337
42_A411,5,0.8025,0.026365503080082134,0.323,1.336
42_A430,5,0.8025,0.026365503080082134,0.322,1.336
42_B310,6,0.578,0.018989733059548253,0.429,0.751
42_B330,7,0.6485,0.02130595482546201,0.429,0.96
42_B340,6,0.75,0.024640657084188913,0.463,1.007
42_B350,7,0.6495,0.021338809034907598,0.429,0.959
42_B351,6,0.75,0.024640657084188913,0.463,1.007
42_C410,6,0.855,0.02809034907597536,0.349,1.492
42_C411,6,0.855,0.02809034907597536,0.35,1.492
42_C430,6,0.855,0.02809034907597536,0.349,1.492
44_7401,9,1.0055,0.03303490759753594,0.154,2.21
45_1011,4,0.595,0.019548254620123204,0.448,1.478
45_1024,13,0.8194999999999999,0.02692402464065708,0.122,2.125
45_1025,4,0.69,0.022669404517453796,0.448,1.38
45_3012,11,0.948,0.031145790554414785,0.448,2.952
45_5017,9,0.8015,0.02633264887063655,0.448,2.947
45_5034,6,0.783,0.025724845995893225,0.448,1.478
45_5035,6,0.595,0.019548254620123204,0.342,1.478
45_7019,2,0.448,0.014718685831622176,0.448,0.448
46_0601,15,0.644,0.02115811088295688,0.317,2.463
46_0602,14,0.753,0.024739219712525667,0.318,2.464
46_0603,14,0.75,0.024640657084188913,0.321,2.463
46_0604,14,0.75,0.024640657084188913,0.321,2.463
46_0605,14,0.749,0.024607802874743328,0.322,2.463
46_0606,14,0.749,0.024607802874743328,0.322,2.464
46_0607,14,0.75,0.024640657084188913,0.321,2.463
46_0608,14,0.75,0.024640657084188913,0.321,2.463
46_0660,13,0.827,0.027170431211498973,0.321,2.463
46_0661,13,0.8260000000000001,0.02713757700205339,0.322,2.463
46_0662,13,0.8265,0.02715400410677618,0.321,2.463
46_0803,13,0.6335,0.020813141683778232,0.096,1.085
46_0804,22,0.209,0.00686652977412731,0.064,1.085
46_0859,11,0.6965,0.022882956878850103,0.096,1.487
46_3009,3,2.223,0.07303490759753593,1.212,3.234
46_3010,6,1.608,0.05282956878850103,0.639,3.234
46_3012,9,0.9455,0.031063655030800823,0.582,2.087
46_3013,8,1.154,0.03791375770020534,0.581,2.088
46_3052,7,1.3405,0.04404106776180698,0.635,1.889
46_3053,4,1.148,0.03771663244353182,0.769,2.085
46_5020,6,1.152,0.03784804928131417,0.68,2.088
46_5025,5,0.9495,0.03119507186858316,0.679,1.777
46_6600,6,0.717,0.0235564681724846,0.263,1.527
46_7049,3,1.5975000000000001,0.05248459958932239,1.116,2.079
46_9106,6,1.156,0.03797946611909651,0.72,1.799
46_9187,7,0.1595,0.005240246406570842,0.063,0.487
46_9197,5,2.0685000000000002,0.06795893223819302,0.666,3.228
46_A410,5,0.9355,0.03073511293634497,0.258,1.791
46_A411,4,1.487,0.04885420944558522,0.258,2.176
46_A412,4,1.487,0.04885420944558522,0.258,2.175
46_A420,4,1.486,0.04882135523613963,0.258,2.176
46_A421,5,0.936,0.030751540041067765,0.258,1.79
46_A422,5,0.936,0.030751540041067765,0.258,1.79
46_A423,4,1.487,0.04885420944558522,0.258,2.176
46_A430,4,1.486,0.04882135523613963,0.258,2.176
47_0601,8,0.364,0.011958932238193018,0.161,0.959
47_0602,8,0.363,0.011926078028747433,0.161,0.958
47_0603,8,0.364,0.011958932238193018,0.161,0.958
47_0604,8,0.364,0.011958932238193018,0.161,0.958
47_0605,8,0.363,0.011926078028747433,0.161,0.958
47_0606,8,0.364,0.011958932238193018,0.161,0.958
47_0607,6,0.364,0.011958932238193018,0.232,0.957
47_0608,8,0.365,0.011991786447638604,0.161,0.957
47_0661,8,0.365,0.011991786447638604,0.161,0.957
47_0662,8,0.365,0.011991786447638604,0.161,0.957
47_1023,9,0.6885,0.022620123203285422,0.105,1.493
47_1028,11,0.825,0.0271047227926078,0.626,1.75
47_1029,11,0.9345,0.030702258726899384,0.365,1.771
47_2001,11,0.9585,0.03149075975359343,0.425,1.751
47_2008,10,0.884,0.029043121149897332,0.621,1.751
47_3075,7,0.47850000000000004,0.015720739219712527,0.038,1.327
47_3101,10,0.684,0.022472279260780288,0.122,1.107
47_3104,4,0.722,0.023720739219712524,0.72,1.178
47_3108,7,0.871,0.028616016427104724,0.679,1.455
47_3109,8,0.823,0.02703901437371663,0.657,2.138
47_3110,7,1.054,0.03462833675564682,0.679,1.455
47_6015,4,0.722,0.023720739219712524,0.344,1.455
47_9024,8,0.722,0.023720739219712524,0.455,1.105
47_9025,8,0.722,0.023720739219712524,0.454,1.106
47_A310,3,0.8075,0.02652977412731006,0.622,0.993
47_A320,3,0.8075,0.02652977412731006,0.622,0.993
47_A330,3,0.8075,0.02652977412731006,0.622,0.993
47_B310,5,0.8585,0.02820533880903491,0.123,1.327
47_B320,5,0.8585,0.02820533880903491,0.123,1.327
47_B330,5,0.8585,0.02820533880903491,0.123,1.327
47_B350,5,0.8585,0.02820533880903491,0.123,1.327
47_C310,4,0.302,0.009921971252566735,0.272,0.722
47_C311,6,0.302,0.009921971252566735,0.105,1.048
47_C320,4,0.302,0.009921971252566735,0.272,0.722
47_C330,4,0.302,0.009921971252566735,0.272,0.722
47_C350,4,0.302,0.009921971252566735,0.272,0.722
48_0001,11,0.657,0.021585215605749487,0.05,0.945
48_0113,11,0.3225,0.010595482546201232,0.09,0.546
48_0114,11,0.322,0.01057905544147844,0.09,0.547
48_0115,11,0.322,0.01057905544147844,0.091,0.546
48_0116,11,0.322,0.01057905544147844,0.091,0.546
48_0117,11,0.322,0.01057905544147844,0.091,0.546
48_0118,11,0.322,0.01057905544147844,0.091,0.546
48_0119,11,0.3225,0.010595482546201232,0.09,0.546
48_0120,11,0.3225,0.010595482546201232,0.09,0.546
48_0121,11,0.3225,0.010595482546201232,0.089,0.547
48_0122,11,0.322,0.01057905544147844,0.091,0.546
48_0123,11,0.322,0.01057905544147844,0.091,0.546
48_0124,11,0.322,0.01057905544147844,0.091,0.546
48_0160,9,0.266,0.008739219712525668,0.089,0.547
48_0161,9,0.266,0.008739219712525668,0.089,0.547
48_0162,9,0.2655,0.008722792607802876,0.09,0.547
48_0163,9,0.266,0.008739219712525668,0.09,0.546
48_0164,9,0.2655,0.008722792607802876,0.09,0.546
48_0165,9,0.2655,0.008722792607802876,0.09,0.546
48_0166,9,0.266,0.008739219712525668,0.089,0.547
48_0167,9,0.266,0.008739219712525668,0.09,0.546
48_0801,16,0.458,0.01504722792607803,0.25,1.3
48_0802,16,0.458,0.01504722792607803,0.25,1.3
48_0901,10,0.679,0.022308008213552364,0.136,1.309
48_0902,10,0.679,0.022308008213552364,0.136,1.309
48_0903,10,0.679,0.022308008213552364,0.136,1.309
48_1039,9,0.719,0.02362217659137577,0.273,1.593
48_1046,8,0.643,0.021125256673511294,0.181,0.855
48_1047,7,0.6125,0.020123203285420947,0.181,0.813
48_1048,4,0.697,0.022899383983572892,0.367,0.78
48_1049,4,0.729,0.02395071868583162,0.323,0.729
48_1050,5,0.614,0.020172484599589324,0.194,0.777
48_1056,9,0.7355,0.024164271047227927,0.482,1.958
48_1060,11,0.253,0.00831211498973306,0.005,0.678
48_1065,4,0.675,0.02217659137577002,0.643,0.845
48_1068,14,0.532,0.017478439425051336,0.014,0.844
48_1069,9,0.5469999999999999,0.01797125256673511,0.209,1.069
48_1070,7,0.7004999999999999,0.02301437371663244,0.384,1.071
48_1076,11,0.7124999999999999,0.023408624229979462,0.336,1.28
48_1077,11,0.1845,0.006061601642710472,0.048,0.56
48_1087,10,0.824,0.027071868583162215,0.678,1.444
48_1092,13,0.6559999999999999,0.0215523613963039,0.146,1.296
48_1093,9,0.729,0.02395071868583162,0.567,1.016
48_1094,13,0.51,0.01675564681724846,0.181,0.897
48_1096,14,0.738,0.02424640657084189,0.419,1.529
48_1109,7,0.6415,0.021075975359342913,0.323,0.798
48_1111,14,0.734,0.024114989733059547,0.289,1.622
48_1113,7,0.748,0.02457494866529774,0.344,1.141
48_1116,5,0.7164999999999999,0.023540041067761804,0.682,0.778
48_1119,7,0.7035,0.0231129363449692,0.414,0.778
48_1122,16,0.259,0.008509240246406572,0.01,0.77
48_1123,3,0.37,0.01215605749486653,0.357,0.383
48_1130,9,0.6985,0.022948665297741273,0.274,1.148
48_1168,8,0.727,0.02388501026694045,0.204,1.109
48_1169,10,0.681,0.022373716632443533,0.16,1.079
48_1174,7,0.3605,0.01184394250513347,0.297,0.72
48_1178,3,0.6945,0.022817248459958934,0.612,0.777
48_1181,6,0.718,0.023589322381930185,0.462,0.764
48_1183,5,0.2615,0.008591375770020534,0.163,0.608
48_2108,13,0.6925,0.02275154004106776,0.193,1.453
48_2133,8,0.733,0.024082135523613962,0.258,0.947
48_2172,5,0.375,0.012320328542094456,0.169,0.769
48_2176,12,0.734,0.024114989733059547,0.586,1.624
48_3003,7,0.9175,0.030143737166324434,0.687,1.581
48_3010,12,1.049,0.03446406570841889,0.267,1.807
48_3559,6,0.667,0.02191375770020534,0.195,0.777
48_3569,10,0.779,0.025593429158110883,0.573,2.697
48_3579,6,0.391,0.01284599589322382,0.234,0.727
48_3589,6,0.743,0.024410677618069816,0.278,0.778
48_3629,4,0.712,0.023392197125256673,0.342,0.805
48_3669,12,0.729,0.02395071868583162,0.286,2.191
48_3679,4,0.729,0.02395071868583162,0.729,0.8
48_3689,5,0.729,0.02395071868583162,0.68,0.799
48_3699,5,0.714,0.023457905544147842,0.371,1.07
48_3719,7,0.8045,0.026431211498973307,0.267,1.071
48_3729,9,0.5695,0.01871047227926078,0.344,0.848
48_3739,16,0.199,0.006537987679671458,0.005,1.229
48_3749,7,0.35650000000000004,0.01171252566735113,0.041,0.737
48_3769,9,0.7909999999999999,0.025987679671457903,0.182,1.156
48_3779,9,1.162,0.038176591375770015,0.583,2.261
48_3835,10,0.667,0.02191375770020534,0.29,1.437
48_3845,9,1.0505,0.03451334702258727,0.614,2.151
48_3855,12,0.694,0.022800821355236138,0.178,1.734
48_3865,14,0.598,0.019646817248459958,0.04,1.48
48_3875,7,0.5035000000000001,0.01654209445585216,0.285,0.834
48_4142,14,0.595,0.019548254620123204,0.058,3.029
48_4143,14,0.621,0.02040246406570842,0.059,2.749
48_4146,10,0.839,0.027564681724845996,0.267,2.749
48_4152,7,0.804,0.026414784394250514,0.267,1.071
48_5024,11,0.913,0.029995893223819303,0.694,2.4
48_5026,10,1.071,0.035186858316221765,0.371,1.568
48_5035,9,0.869,0.02855030800821355,0.532,3.216
48_5154,13,0.7775000000000001,0.02554414784394251,0.147,2.401
48_5274,10,0.841,0.027630390143737166,0.135,1.596
48_5278,11,0.8440000000000001,0.027728952772073923,0.593,1.975
48_5283,9,1.1139999999999999,0.03659958932238193,0.685,2.68
48_5284,9,1.1804999999999999,0.038784394250513346,0.686,2.541
48_5287,7,0.968,0.031802874743326486,0.311,1.595
48_5301,9,1.0715,0.03520328542094456,0.69,2.696
48_5310,9,1.1095,0.0364517453798768,0.686,2.685
48_5317,9,1.0785,0.03543326488706366,0.689,2.681
48_5323,6,0.763,0.02506776180698152,0.643,1.105
48_5328,11,1.029,0.03380698151950719,0.463,1.723
48_5334,5,0.728,0.023917864476386035,0.56,0.831
48_5335,10,0.815,0.02677618069815195,0.643,2.652
48_5336,11,0.8134999999999999,0.02672689938398357,0.643,2.655
48_6079,6,0.764,0.025100616016427105,0.643,0.99
48_6086,7,0.6014999999999999,0.019761806981519504,0.351,0.765
48_6160,2,0.61,0.02004106776180698,0.61,0.61
48_6179,7,0.706,0.02319507186858316,0.61,0.931
48_7165,5,0.714,0.023457905544147842,0.372,1.071
48_9005,15,0.439,0.01442299794661191,0.144,1.297
48_9167,9,0.9675,0.0317864476386037,0.693,2.154
48_9355,10,0.985,0.03236139630390144,0.688,2.009
48_A310,7,0.5745,0.018874743326488707,0.181,0.897
48_A320,7,0.5745,0.018874743326488707,0.181,0.897
48_A330,7,0.5745,0.018874743326488707,0.181,0.897
48_A340,7,0.5745,0.018874743326488707,0.181,0.897
48_A410,4,0.755,0.02480492813141684,0.687,1.025
48_A420,4,0.755,0.02480492813141684,0.687,1.025
48_A430,4,0.755,0.02480492813141684,0.687,1.025
48_A502,14,0.685,0.022505133470225876,0.324,1.377
48_A503,14,0.685,0.022505133470225876,0.323,1.377
48_A504,14,0.685,0.022505133470225876,0.324,1.377
48_A505,14,0.685,0.022505133470225876,0.324,1.378
48_A506,14,0.685,0.022505133470225876,0.324,1.378
48_A507,14,0.685,0.022505133470225876,0.324,1.377
48_A508,14,0.685,0.022505133470225876,0.324,1.378
48_A509,14,0.685,0.022505133470225876,0.324,1.377
48_A807,15,0.3805,0.012501026694045174,0.183,1.3
48_A808,15,0.3805,0.012501026694045174,0.183,1.3
48_AA01,6,0.196,0.0064394250513347025,0.183,0.687
48_AA02,6,0.196,0.0064394250513347025,0.183,0.687
48_AA03,6,0.196,0.0064394250513347025,0.183,0.687
48_B310,9,0.5469999999999999,0.01797125256673511,0.093,1.069
48_B320,9,0.5469999999999999,0.01797125256673511,0.092,1.069
48_B330,9,0.5469999999999999,0.01797125256673511,0.092,1.069
48_B340,8,0.688,0.022603696098562626,0.209,1.069
48_B350,9,0.5469999999999999,0.01797125256673511,0.092,1.069
48_B410,8,0.391,0.01284599589322382,0.267,1.071
48_B420,8,0.391,0.01284599589322382,0.267,1.071
48_B430,8,0.391,0.01284599589322382,0.267,1.071
48_C410,7,0.7005,0.023014373716632446,0.199,0.778
48_C420,7,0.7005,0.023014373716632446,0.199,0.778
48_C430,7,0.7005,0.023014373716632446,0.199,0.778
48_D310,5,0.375,0.012320328542094456,0.169,0.769
48_D320,5,0.375,0.012320328542094456,0.169,0.769
48_D330,4,0.281,0.009232032854209446,0.169,0.769
48_D350,5,0.375,0.012320328542094456,0.169,0.769
48_D410,7,0.5805,0.01907186858316222,0.267,1.071
48_D420,7,0.5805,0.01907186858316222,0.267,1.071
48_D430,7,0.5805,0.01907186858316222,0.267,1.071
48_E310,5,0.2615,0.008591375770020534,0.163,0.608
48_E320,4,0.279,0.009166324435318276,0.244,0.608
48_E330,5,0.2615,0.008591375770020534,0.163,0.608
48_E340,5,0.2615,0.008591375770020534,0.163,0.608
48_E350,4,0.279,0.009166324435318276,0.244,0.608
48_E352,4,0.279,0.009166324435318276,0.244,0.608
48_E410,7,0.5805,0.01907186858316222,0.267,1.072
48_E420,7,0.5805,0.01907186858316222,0.267,1.072
48_E430,7,0.5805,0.01907186858316222,0.267,1.072
48_F310,7,0.35350000000000004,0.011613963039014375,0.16,0.727
48_F320,6,0.316,0.010381930184804928,0.16,0.546
48_F330,6,0.316,0.010381930184804928,0.16,0.546
48_F340,6,0.316,0.010381930184804928,0.16,0.546
48_F350,5,0.3125,0.01026694045174538,0.16,0.546
48_G310,6,0.707,0.023227926078028746,0.16,0.778
48_G320,6,0.707,0.023227926078028746,0.16,0.778
48_G330,6,0.707,0.023227926078028746,0.16,0.778
48_G350,5,0.717,0.0235564681724846,0.16,0.778
48_H310,5,0.614,0.020172484599589324,0.194,0.777
48_H320,5,0.614,0.020172484599589324,0.194,0.777
48_H330,5,0.614,0.020172484599589324,0.194,0.777
48_H340,5,0.614,0.020172484599589324,0.194,0.777
48_H350,5,0.614,0.020172484599589324,0.194,0.777
48_H351,5,0.614,0.020172484599589324,0.194,0.777
48_I310,6,0.667,0.02191375770020534,0.276,0.777
48_I320,7,0.49750000000000005,0.016344969199178647,0.195,0.777
48_I330,7,0.49750000000000005,0.016344969199178647,0.195,0.777
48_I340,7,0.49750000000000005,0.016344969199178647,0.195,0.777
48_I350,7,0.497,0.01632854209445585,0.195,0.777
48_J310,9,0.6305000000000001,0.02071457905544148,0.065,1.051
48_J320,9,0.6305000000000001,0.02071457905544148,0.065,1.051
48_J330,9,0.6305000000000001,0.02071457905544148,0.065,1.051
48_J340,9,0.6305000000000001,0.02071457905544148,0.065,1.051
48_J350,9,0.6305000000000001,0.02071457905544148,0.065,1.051
48_J351,5,0.7765,0.025511293634496918,0.583,1.729
48_K310,9,0.255,0.00837782340862423,0.062,1.047
48_K320,9,0.255,0.00837782340862423,0.062,1.047
48_K330,9,0.255,0.00837782340862423,0.062,1.047
48_K340,9,0.255,0.00837782340862423,0.062,1.054
48_K350,9,0.255,0.00837782340862423,0.062,1.054
48_K351,4,0.846,0.027794661190965093,0.144,1.047
48_L310,8,0.756,0.024837782340862424,0.182,0.851
48_L320,8,0.756,0.024837782340862424,0.182,0.851
48_L330,8,0.756,0.024837782340862424,0.182,0.851
48_L340,8,0.756,0.024837782340862424,0.182,0.851
48_L350,8,0.756,0.024837782340862424,0.182,0.851
48_M310,8,0.142,0.0046652977412731,0.041,0.737
48_M320,8,0.142,0.0046652977412731,0.041,0.737
48_M330,8,0.142,0.0046652977412731,0.041,0.737
48_M340,8,0.142,0.0046652977412731,0.041,0.737
48_M350,8,0.142,0.0046652977412731,0.041,0.737
48_N310,5,0.172,0.005650924024640657,0.124,0.377
48_N320,5,0.172,0.005650924024640657,0.124,0.377
48_N330,5,0.172,0.005650924024640657,0.124,0.377
48_N340,5,0.172,0.005650924024640657,0.124,0.377
48_N350,5,0.172,0.005650924024640657,0.124,0.377
48_Q310,8,0.64,0.02102669404517454,0.249,0.803
48_Q320,8,0.64,0.02102669404517454,0.249,0.803
48_Q330,8,0.64,0.02102669404517454,0.249,0.803
48_Q340,8,0.64,0.02102669404517454,0.249,0.803
48_Q350,8,0.64,0.02102669404517454,0.249,0.803
48_Q353,6,0.803,0.02638193018480493,0.27,1.115
49_0803,17,0.502,0.016492813141683778,0.229,1.104
49_0804,17,0.502,0.016492813141683778,0.229,1.104
49_1001,16,0.147,0.004829568788501027,0.026,2.931
49_1004,5,1.134,0.03725667351129363,0.279,2.279
49_1006,6,0.744,0.0244435318275154,0.73,1.097
49_1008,4,0.736,0.02418069815195072,0.439,2.274
49_1017,5,0.742,0.024377823408624228,0.551,1.527
49_3010,5,0.861,0.02828747433264887,0.632,2.258
49_3011,21,0.485,0.015934291581108827,0.012,1.107
49_3015,6,0.77,0.025297741273100617,0.735,1.189
49_7082,12,1.113,0.036566735112936344,0.378,2.059
49_7083,10,0.833,0.027367556468172485,0.46,2.267
49_7085,9,0.8645,0.02840246406570842,0.449,1.949
49_7086,10,1.111,0.036501026694045174,0.742,1.944
49_A310,4,0.743,0.024410677618069816,0.277,1.525
49_A320,4,0.742,0.024377823408624228,0.278,1.525
49_A330,4,0.742,0.024377823408624228,0.278,1.525
49_A332,2,2.547,0.08367967145790554,2.547,2.547
49_A350,4,0.742,0.024377823408624228,0.278,1.525
49_A351,2,2.547,0.08367967145790554,2.547,2.547
49_A352,2,2.546,0.08364681724845996,2.546,2.546
49_A361,2,2.546,0.08364681724845996,2.546,2.546
49_A390,4,0.743,0.024410677618069816,0.277,1.525
49_B310,6,0.742,0.024377823408624228,0.548,0.785
49_B320,2,0.742,0.024377823408624228,0.742,0.742
49_B330,6,0.742,0.024377823408624228,0.549,0.785
49_B350,6,0.742,0.024377823408624228,0.548,0.785
49_B351,5,0.745,0.024476386036960986,0.548,1.524
49_B352,2,0.742,0.024377823408624228,0.742,0.742
49_B361,2,0.742,0.024377823408624228,0.742,0.742
49_B390,6,0.742,0.024377823408624228,0.548,0.785
49_C310,6,0.746,0.02450924024640657,0.731,1.095
49_C320,6,0.747,0.024542094455852155,0.73,1.094
49_C330,6,0.746,0.02450924024640657,0.731,1.095
49_C331,4,1.095,0.03597535934291581,0.744,2.267
49_C350,6,0.746,0.02450924024640657,0.731,1.095
49_C351,4,1.094,0.03594250513347023,0.744,2.267
49_C352,4,1.094,0.03594250513347023,0.744,2.267
49_C361,3,2.053,0.06744969199178645,1.095,3.011
49_C410,6,0.81,0.026611909650924026,0.541,1.518
49_C430,6,0.809,0.02657905544147844,0.541,1.518
49_C431,6,0.806,0.026480492813141684,0.545,1.513
49_C440,6,0.81,0.026611909650924026,0.541,1.518
49_C441,6,0.81,0.026611909650924026,0.541,1.518
49_C443,6,0.81,0.026611909650924026,0.543,1.517
49_C444,6,0.81,0.026611909650924026,0.541,1.517
49_C445,6,0.81,0.026611909650924026,0.541,1.517
49_C446,6,0.81,0.026611909650924026,0.541,1.517
49_C447,6,0.81,0.026611909650924026,0.541,1.517
49_C448,6,0.808,0.026546201232032857,0.545,1.513
49_C449,5,0.962,0.03160574948665298,0.587,1.513
49_C450,6,0.805,0.0264476386036961,0.545,1.513
49_C451,6,0.808,0.026546201232032857,0.545,1.513
49_C452,6,0.808,0.026546201232032857,0.545,1.513
49_C453,5,1.1595,0.03809445585215605,0.545,1.708
49_C454,5,1.1595,0.03809445585215605,0.545,1.708
49_C455,5,1.1595,0.03809445585215605,0.545,1.708
49_C456,6,0.808,0.026546201232032857,0.546,1.513
49_C457,6,0.808,0.026546201232032857,0.546,1.513
49_C458,6,0.808,0.026546201232032857,0.546,1.513
49_D410,4,0.966,0.031737166324435316,0.749,1.521
49_D430,4,0.966,0.031737166324435316,0.749,1.521
49_D431,4,0.979,0.032164271047227924,0.749,1.516
49_D440,4,0.972,0.03193429158110883,0.748,1.521
49_D441,4,0.972,0.03193429158110883,0.748,1.522
49_D443,4,0.966,0.031737166324435316,0.749,1.521
49_D444,4,0.972,0.03193429158110883,0.749,1.521
49_D445,4,0.972,0.03193429158110883,0.748,1.521
49_D446,4,0.972,0.03193429158110883,0.748,1.521
49_D448,4,0.973,0.031967145790554416,0.749,1.516
49_D449,4,0.973,0.031967145790554416,0.749,1.516
49_D450,4,0.972,0.03193429158110883,0.749,1.516
49_D451,4,0.979,0.032164271047227924,0.749,1.516
49_D452,4,0.973,0.031967145790554416,0.749,1.516
49_D454,4,0.973,0.031967145790554416,0.749,1.516
49_D455,4,0.979,0.032164271047227924,0.749,1.516
49_D459,4,0.972,0.03193429158110883,0.749,1.516
49_D460,4,0.972,0.03193429158110883,0.749,1.516
49_D461,4,0.972,0.03193429158110883,0.748,1.521
49_D462,4,0.972,0.03193429158110883,0.749,1.516
49_E410,6,0.979,0.032164271047227924,0.729,1.538
49_E430,6,0.979,0.032164271047227924,0.729,1.538
49_E431,6,0.982,0.03226283367556468,0.657,1.534
49_E440,6,0.98,0.03219712525667351,0.729,1.538
49_E441,6,0.98,0.03219712525667351,0.729,1.538
49_E443,6,0.979,0.032164271047227924,0.729,1.538
49_E444,6,0.98,0.03219712525667351,0.729,1.538
49_E445,6,0.98,0.03219712525667351,0.729,1.538
49_E446,6,0.98,0.03219712525667351,0.729,1.538
49_E448,6,0.981,0.032229979466119094,0.657,1.534
49_E449,6,0.981,0.032229979466119094,0.657,1.534
49_E450,6,0.981,0.032229979466119094,0.657,1.534
49_E451,5,1.0110000000000001,0.033215605749486656,0.657,2.277
49_E452,6,0.982,0.03226283367556468,0.657,1.534
49_E454,6,0.981,0.032229979466119094,0.657,1.534
49_E455,6,0.982,0.03226283367556468,0.657,1.534
49_E456,6,0.981,0.032229979466119094,0.73,1.537
49_E458,6,0.981,0.032229979466119094,0.73,1.537
49_E459,6,0.98,0.03219712525667351,0.654,1.537
49_E460,6,0.98,0.03219712525667351,0.654,1.537
49_E461,6,0.981,0.032229979466119094,0.729,1.538
49_E462,6,0.981,0.032229979466119094,0.654,1.537
4_0113,24,0.166,0.005453798767967146,0.005,0.512
4_0114,23,0.175,0.005749486652977412,0.035,0.512
4_0115,10,0.371,0.012188911704312114,0.236,1.057
4_0116,10,0.374,0.01228747433264887,0.231,1.056
4_0117,10,0.371,0.012188911704312114,0.236,1.057
4_0118,10,0.372,0.0122217659137577,0.231,1.056
4_0119,10,0.374,0.01228747433264887,0.235,1.057
4_0120,10,0.371,0.012188911704312114,0.233,1.052
4_0121,10,0.383,0.012583162217659137,0.233,1.052
4_0122,10,0.372,0.0122217659137577,0.234,1.056
4_0123,10,0.375,0.012320328542094456,0.235,1.057
4_0124,10,0.371,0.012188911704312114,0.235,1.057
4_0160,9,0.392,0.012878850102669405,0.329,1.056
4_0161,8,0.404,0.013273100616016428,0.331,1.108
4_0162,8,0.404,0.013273100616016428,0.328,1.112
4_0163,8,0.404,0.013273100616016428,0.328,1.112
4_0213,18,0.43,0.014127310061601643,0.362,1.177
4_0214,17,0.5475,0.017987679671457906,0.36,1.18
4_0215,32,0.184,0.00604517453798768,0.03,1.177
4_0216,18,0.43,0.014127310061601643,0.36,1.18
4_0217,18,0.43,0.014127310061601643,0.362,1.177
4_0218,18,0.43,0.014127310061601643,0.36,1.18
4_0219,18,0.429,0.014094455852156058,0.362,1.178
4_0220,18,0.43,0.014127310061601643,0.36,1.179
4_0221,18,0.43,0.014127310061601643,0.362,1.177
4_0222,18,0.432,0.014193018480492812,0.36,1.18
4_0223,18,0.429,0.014094455852156058,0.362,1.177
4_0224,18,0.429,0.014094455852156058,0.36,1.179
4_0260,12,0.634,0.020829568788501028,0.363,1.175
4_0261,12,0.687,0.022570841889117045,0.367,1.18
4_0262,16,0.631,0.02073100616016427,0.365,1.176
4_0263,16,0.631,0.02073100616016427,0.364,1.176
4_0264,16,0.631,0.02073100616016427,0.365,1.177
4_0265,16,0.634,0.020829568788501028,0.365,1.176
4_0266,16,0.634,0.020829568788501028,0.364,1.176
4_0267,15,0.6945,0.022817248459958934,0.364,1.176
4_0268,15,0.6945,0.022817248459958934,0.364,1.175
4_0501,2,1.374,0.04514168377823409,1.374,1.374
4_0502,11,0.3725,0.012238193018480493,0.309,1.013
4_0503,11,0.373,0.012254620123203285,0.308,0.694
4_0504,11,0.373,0.012254620123203285,0.308,0.694
4_0505,12,0.377,0.012386036960985626,0.309,1.013
4_0506,12,0.378,0.012418891170431212,0.308,1.013
4_0507,11,0.373,0.012254620123203285,0.308,0.694
4_0508,11,0.3735,0.012271047227926078,0.309,0.694
4_0509,12,0.377,0.012386036960985626,0.309,1.015
4_0559,9,0.3845,0.012632443531827516,0.309,0.693
4_0560,8,0.392,0.012878850102669405,0.309,0.693
4_0603,7,0.5740000000000001,0.018858316221765915,0.31,1.134
4_0604,7,0.591,0.01941683778234086,0.261,1.134
4_0605,2,0.166,0.005453798767967146,0.166,0.166
4_0606,7,0.5895,0.019367556468172484,0.264,1.133
4_0607,7,0.59,0.019383983572895277,0.264,1.134
4_0608,7,0.592,0.019449691991786446,0.264,1.13
4_0659,7,0.5895,0.019367556468172484,0.264,1.133
4_0660,7,0.592,0.019449691991786446,0.264,1.13
4_0661,7,0.5895,0.019367556468172484,0.264,1.134
4_0662,7,0.5720000000000001,0.018792607802874745,0.314,1.134
4_0663,7,0.5915,0.019433264887063657,0.264,1.13
4_0664,7,0.5740000000000001,0.018858316221765915,0.311,1.134
4_0665,7,0.5740000000000001,0.018858316221765915,0.311,1.134
4_0666,7,0.5735,0.018841889117043122,0.31,1.135
4_0667,6,0.382,0.012550308008213553,0.31,1.903
4_0668,7,0.575,0.018891170431211496,0.311,1.135
4_0669,7,0.575,0.018891170431211496,0.311,1.135
4_0902,6,1.057,0.03472689938398357,0.357,1.14
4_0903,6,1.055,0.0346611909650924,0.392,1.135
4_1002,2,0.934,0.03068583162217659,0.934,0.934
4_1003,11,0.964,0.03167145790554415,0.247,1.854
4_1006,12,0.852,0.027991786447638604,0.251,1.489
4_1007,8,0.946,0.03108008213552361,0.08,1.183
4_1015,7,1.033,0.033938398357289526,0.748,2.009
4_1016,10,0.881,0.028944558521560575,0.708,2.008
4_1017,11,0.7765,0.025511293634496918,0.297,1.25
4_1018,10,0.9,0.029568788501026694,0.412,1.943
4_1021,8,1.07,0.03515400410677618,0.405,1.861
4_1022,11,0.7989999999999999,0.026250513347022584,0.428,1.28
4_1024,21,0.48750000000000004,0.016016427104722793,0.036,1.087
4_1025,9,0.8825,0.028993839835728952,0.421,1.849
4_1034,6,0.863,0.02835318275154004,0.101,0.886
4_1036,3,0.716,0.023523613963039012,0.522,0.91
4_1037,3,0.6685,0.021963039014373718,0.478,0.859
4_1062,11,0.7595,0.02495277207392197,0.398,1.089
4_1065,12,0.763,0.02506776180698152,0.397,1.899
4_6054,2,1.14,0.037453798767967145,1.14,1.14
4_6055,3,0.707,0.023227926078028746,0.428,0.986
4_6060,4,1.471,0.048328542094455855,0.904,1.897
4_7079,5,0.8634999999999999,0.028369609856262832,0.429,1.114
4_7613,2,1.37,0.04501026694045175,1.37,1.37
4_7614,5,0.902,0.029634496919917864,0.478,1.07
4_A310,3,0.7165,0.023540041067761808,0.522,0.911
4_A320,3,0.716,0.023523613963039012,0.522,0.91
4_A330,2,0.522,0.017149897330595482,0.522,0.522
4_A350,3,0.7165,0.023540041067761808,0.522,0.911
4_A410,4,0.876,0.028780287474332648,0.426,1.105
4_A430,4,0.88,0.02891170431211499,0.422,1.105
4_A441,4,0.876,0.028780287474332648,0.427,1.105
4_A442,4,0.88,0.02891170431211499,0.422,1.105
4_A443,4,0.88,0.02891170431211499,0.422,1.105
4_A444,4,0.88,0.02891170431211499,0.422,1.105
4_A445,4,0.879,0.028878850102669405,0.426,1.102
4_A446,4,0.88,0.02891170431211499,0.425,1.102
4_A447,4,0.88,0.02891170431211499,0.425,1.102
4_A448,4,0.88,0.02891170431211499,0.425,1.102
4_A449,4,0.88,0.02891170431211499,0.425,1.102
4_A450,4,0.88,0.02891170431211499,0.425,1.102
4_A451,4,0.876,0.028780287474332648,0.427,1.105
4_A452,4,0.876,0.028780287474332648,0.427,1.105
4_A454,4,0.876,0.028780287474332648,0.427,1.105
4_A455,4,0.876,0.028780287474332648,0.426,1.105
4_A456,4,0.876,0.028780287474332648,0.426,1.105
4_A457,4,0.876,0.028780287474332648,0.427,1.104
4_A458,4,0.876,0.028780287474332648,0.427,1.105
4_A459,4,0.876,0.028780287474332648,0.426,1.105
4_A460,4,0.876,0.028780287474332648,0.426,1.105
4_A461,4,0.876,0.028780287474332648,0.426,1.105
4_A462,4,0.876,0.028780287474332648,0.426,1.105
4_A901,6,1.053,0.03459548254620123,0.352,1.136
4_A902,6,1.057,0.03472689938398357,0.359,1.14
4_A903,6,1.055,0.0346611909650924,0.392,1.135
4_AA01,7,0.26249999999999996,0.008624229979466118,0.033,0.789
4_AA02,7,0.26249999999999996,0.008624229979466118,0.033,0.789
4_AA03,7,0.26249999999999996,0.008624229979466118,0.033,0.789
4_AA59,7,0.26249999999999996,0.008624229979466118,0.033,0.789
4_AA60,7,0.263,0.008640657084188912,0.033,0.789
4_AA61,7,0.263,0.008640657084188912,0.033,0.789
4_B901,6,0.945,0.031047227926078027,0.082,1.18
4_B902,6,0.945,0.031047227926078027,0.081,1.18
4_B903,6,0.945,0.031047227926078027,0.081,1.18
4_B959,6,0.944,0.031014373716632442,0.082,1.178
4_B960,6,0.945,0.031047227926078027,0.081,1.178
4_B961,6,0.945,0.031047227926078027,0.081,1.178
4_B964,6,0.946,0.03108008213552361,0.08,1.183
4_BA01,6,0.391,0.01284599589322382,0.134,0.779
4_BA02,6,0.391,0.01284599589322382,0.134,0.779
4_BA03,6,0.391,0.01284599589322382,0.134,0.779
4_BA59,6,0.392,0.012878850102669405,0.135,0.778
4_BA60,6,0.391,0.01284599589322382,0.133,0.779
4_BA61,6,0.392,0.012878850102669405,0.135,0.778
4_C310,4,0.678,0.02227515400410678,0.297,1.332
4_C320,2,0.496,0.016295687885010266,0.496,0.496
4_C330,3,0.48750000000000004,0.016016427104722793,0.296,0.679
4_C340,3,0.48750000000000004,0.016016427104722793,0.297,0.678
4_C350,4,0.496,0.016295687885010266,0.296,0.679
4_D310,3,1.15,0.03778234086242299,0.969,1.331
4_D330,2,0.969,0.03183572895277207,0.969,0.969
50_1002,16,0.21,0.006899383983572895,0.055,0.539
50_1004,10,0.664,0.021815195071868583,0.09,1.885
50_1681,4,1.197,0.03932648870636551,1.071,2.589
50_1682,9,1.0845,0.035630390143737166,0.666,2.59
50_1683,9,1.0845,0.035630390143737166,0.666,2.591
51_0113,12,0.146,0.004796714579055441,0.07,0.483
51_0114,21,0.20400000000000001,0.0067022587268993844,0.082,1.428
51_0115,10,0.846,0.027794661190965093,0.364,1.463
51_0116,10,0.846,0.027794661190965093,0.364,1.464
51_0117,10,0.846,0.027794661190965093,0.364,1.463
51_0118,10,0.846,0.027794661190965093,0.364,1.463
51_0119,10,0.846,0.027794661190965093,0.364,1.464
51_0120,11,0.765,0.02513347022587269,0.364,1.428
51_0121,13,0.7090000000000001,0.02329363449691992,0.187,1.428
51_0122,10,0.846,0.027794661190965093,0.364,1.463
51_0123,10,0.846,0.027794661190965093,0.364,1.464
51_0124,10,0.846,0.027794661190965093,0.364,1.464
51_0159,10,0.846,0.027794661190965093,0.364,1.464
51_1002,6,1.175,0.03860369609856263,0.106,3.307
51_1023,8,0.603,0.019811088295687885,0.311,1.118
51_1417,9,0.504,0.016558521560574947,0.113,2.022
51_1419,11,0.9425,0.030965092402464065,0.209,2.758
51_1423,10,0.784,0.02575770020533881,0.152,3.277
51_1464,6,1.072,0.03521971252566735,0.175,1.63
51_2004,5,0.4915,0.01614784394250513,0.224,1.321
51_2021,3,1.0675,0.03507186858316221,0.728,1.407
51_2564,6,1.281,0.04208624229979466,0.845,1.952
51_5008,6,1.177,0.0386694045174538,0.988,2.012
51_5009,7,1.005,0.03301848049281314,0.729,1.687
51_5010,2,1.006,0.033051334702258725,1.006,1.006
51_A310,7,0.47250000000000003,0.015523613963039015,0.139,0.651
51_A320,7,0.47300000000000003,0.015540041067761808,0.139,0.652
51_A321,6,0.392,0.012878850102669405,0.139,1.206
51_A330,7,0.47300000000000003,0.015540041067761808,0.139,0.651
51_A340,7,0.47250000000000003,0.015523613963039015,0.139,0.65
51_A350,7,0.47250000000000003,0.015523613963039015,0.139,0.652
53_0201,22,0.384,0.012616016427104724,0.209,0.797
53_0202,22,0.385,0.012648870636550309,0.205,0.794
53_0203,22,0.385,0.012648870636550309,0.205,0.794
53_0204,22,0.384,0.012616016427104724,0.209,0.797
53_0205,22,0.384,0.012616016427104724,0.209,0.798
53_0206,22,0.385,0.012648870636550309,0.206,0.798
53_0207,22,0.385,0.012648870636550309,0.206,0.798
53_0208,22,0.383,0.012583162217659137,0.206,0.798
53_0209,22,0.384,0.012616016427104724,0.208,0.798
53_0210,22,0.385,0.012648870636550309,0.208,0.794
53_0211,22,0.385,0.012648870636550309,0.208,0.798
53_0212,22,0.384,0.012616016427104724,0.208,0.798
53_0259,22,0.385,0.012648870636550309,0.205,0.794
53_0801,20,0.46,0.0151129363449692,0.296,1.038
53_0802,20,0.46,0.0151129363449692,0.296,1.038
53_1002,5,0.9325000000000001,0.030636550308008218,0.727,1.16
53_1005,11,1.008,0.033117043121149894,0.166,2.129
53_1006,6,0.805,0.0264476386036961,0.348,2.168
53_1007,15,0.7075,0.023244353182751542,0.149,1.483
53_1008,7,0.864,0.028386036960985624,0.076,1.115
53_1501,5,0.679,0.022308008213552364,0.344,1.545
53_1801,4,0.513,0.016854209445585216,0.496,1.113
53_3011,2,0.74,0.02431211498973306,0.74,0.74
53_3013,11,1.0175,0.033429158110882956,0.405,1.518
53_3014,12,0.791,0.025987679671457906,0.386,1.484
53_3019,12,0.791,0.025987679671457906,0.391,1.484
53_3813,13,0.11599999999999999,0.0038110882956878846,0.034,0.708
53_6020,5,0.6875,0.022587268993839837,0.146,1.051
53_6048,3,1.0985,0.03609034907597536,0.44,1.757
53_6056,12,0.8,0.026283367556468176,0.05,1.561
53_7322,11,0.6990000000000001,0.02296509240246407,0.133,1.515
53_7409,12,0.762,0.025034907597535936,0.394,1.232
53_A310,2,1.115,0.03663244353182751,1.115,1.115
53_A320,2,1.115,0.03663244353182751,1.115,1.115
53_A330,2,1.115,0.03663244353182751,1.115,1.115
53_A350,2,1.115,0.03663244353182751,1.115,1.115
53_A809,18,0.378,0.012418891170431212,0.282,1.049
53_A810,18,0.378,0.012418891170431212,0.282,1.049
53_AA01,8,0.238,0.00781930184804928,0.048,0.785
53_AA02,6,0.196,0.0064394250513347025,0.048,0.449
53_AA03,8,0.238,0.00781930184804928,0.048,0.785
53_B310,5,0.6795,0.022324435318275153,0.351,1.545
53_B320,5,0.6795,0.022324435318275153,0.35,1.545
53_B330,5,0.6795,0.022324435318275153,0.35,1.545
53_B350,5,0.6795,0.022324435318275153,0.344,1.545
53_BA01,8,0.24,0.007885010266940452,0.046,0.785
53_BA59,6,0.196,0.0064394250513347025,0.046,0.447
53_BA60,8,0.24,0.007885010266940452,0.046,0.785
53_C310,4,0.547,0.017971252566735114,0.461,1.113
53_C320,4,0.547,0.017971252566735114,0.461,1.113
53_C330,5,0.48650000000000004,0.015983572895277208,0.035,1.113
53_C350,5,0.487,0.016,0.035,1.113
54_1640,7,1.242,0.04080492813141684,0.623,1.951
54_4003,9,0.8605,0.028271047227926078,0.358,1.967
54_4004,8,1.009,0.03314989733059548,0.222,2.052
54_5007,2,1.316,0.04323613963039014,1.316,1.316
54_7008,2,0.616,0.020238193018480493,0.616,0.616
55_0113,5,0.7315,0.024032854209445585,0.386,0.818
55_0114,5,0.7305,0.024,0.385,0.82
55_0115,5,0.7305,0.024,0.385,0.819
55_0116,5,0.7315,0.024032854209445585,0.385,0.818
55_0117,5,0.7305,0.024,0.385,0.819
55_0118,5,0.7315,0.024032854209445585,0.385,0.818
55_0119,5,0.7305,0.024,0.385,0.819
55_0120,5,0.7305,0.024,0.385,0.82
55_0121,5,0.7305,0.024,0.385,0.82
55_0122,5,0.7315,0.024032854209445585,0.385,0.818
55_0123,5,0.7305,0.024,0.385,0.819
55_0124,5,0.7305,0.024,0.385,0.819
55_0213,10,0.817,0.02684188911704312,0.32,1.725
55_0214,10,0.811,0.02664476386036961,0.319,1.731
55_0215,10,0.811,0.02664476386036961,0.319,1.731
55_0216,10,0.817,0.02684188911704312,0.317,1.727
55_0217,10,0.817,0.02684188911704312,0.321,1.723
55_0218,10,0.811,0.02664476386036961,0.319,1.731
55_0219,10,0.811,0.02664476386036961,0.319,1.731
55_0220,10,0.817,0.02684188911704312,0.321,1.723
55_0221,10,0.818,0.026874743326488704,0.318,1.726
55_0222,10,0.817,0.02684188911704312,0.319,1.725
55_0223,10,0.817,0.02684188911704312,0.319,1.725
55_0224,10,0.817,0.02684188911704312,0.318,1.727
55_0259,9,1.0045,0.03300205338809035,0.322,1.722
55_0260,9,1.0045,0.03300205338809035,0.322,1.722
55_0261,9,1.004,0.032985626283367556,0.32,1.725
55_0262,9,1.0015,0.032903490759753594,0.319,1.731
55_0263,9,1.0045,0.03300205338809035,0.318,1.726
55_0264,8,1.195,0.03926078028747434,0.319,2.35
55_0265,8,1.195,0.03926078028747434,0.319,2.35
55_0266,7,1.0035,0.03296919917864476,0.318,1.729
55_0805,10,0.811,0.02664476386036961,0.381,1.744
55_0806,10,0.811,0.02664476386036961,0.381,1.744
55_0901,11,0.774,0.025429158110882956,0.145,1.656
55_0902,11,0.774,0.025429158110882956,0.145,1.657
55_0903,11,0.774,0.025429158110882956,0.146,1.657
55_0907,11,0.774,0.025429158110882956,0.145,1.656
55_0908,11,0.774,0.025429158110882956,0.144,1.656
55_0909,8,1.036,0.03403696098562629,0.145,2.143
55_3008,4,1.862,0.061174537987679675,1.21,4.956
55_3009,6,1.566,0.05144969199178645,0.181,3.215
55_3010,2,1.758,0.05775770020533881,1.758,1.758
55_3012,5,2.0555,0.0675318275154004,1.198,3.224
55_3014,5,2.0725000000000002,0.06809034907597537,1.212,3.211
55_3019,4,1.877,0.06166735112936345,1.199,3.203
55_6351,6,1.204,0.0395564681724846,0.725,1.68
55_6352,6,1.21,0.03975359342915811,0.727,1.674
55_6353,7,1.271,0.0417577002053388,0.726,1.757
55_6354,7,1.2715,0.0417741273100616,0.726,1.757
55_6355,6,1.21,0.03975359342915811,0.727,1.674
55_A901,10,1.046,0.034365503080082134,0.134,1.631
55_A902,11,0.849,0.027893223819301847,0.134,1.63
55_A903,11,0.849,0.027893223819301847,0.134,1.63
55_A907,11,0.849,0.027893223819301847,0.132,1.63
55_A908,11,0.8495,0.027909650924024643,0.132,1.629
55_A909,11,0.8495,0.027909650924024643,0.132,1.639
55_B901,10,1.046,0.034365503080082134,0.135,1.63
55_B902,11,0.8480000000000001,0.027860369609856266,0.136,1.639
55_B903,11,0.8480000000000001,0.027860369609856266,0.135,1.631
55_B907,11,0.8475,0.02784394250513347,0.135,1.64
55_B908,11,0.8475,0.02784394250513347,0.135,1.64
55_B909,11,0.8475,0.02784394250513347,0.135,1.64
55_C901,5,0.8005,0.026299794661190964,0.683,1.055
55_C902,5,0.8,0.026283367556468176,0.683,1.056
55_C903,5,0.8,0.026283367556468176,0.683,1.056
55_C959,4,1.055,0.0346611909650924,0.778,1.506
55_C960,4,1.056,0.03469404517453799,0.778,1.505
56_1007,19,0.1205,0.003958932238193018,0.014,1.015
56_2015,7,0.69,0.022669404517453796,0.352,1.434
56_2017,12,0.721,0.02368788501026694,0.338,1.801
56_2019,8,0.853,0.02802464065708419,0.377,1.154
56_2020,11,0.7875,0.025872689938398356,0.183,2.212
56_2037,6,0.732,0.024049281314168378,0.328,1.226
56_3027,7,0.813,0.02671047227926078,0.286,1.201
56_6029,6,0.665,0.02184804928131417,0.324,1.176
56_6031,7,0.8300000000000001,0.02726899383983573,0.051,1.22
56_6032,5,0.9085,0.029848049281314168,0.698,1.126
56_7772,10,0.852,0.027991786447638604,0.338,2.217
56_7773,10,1.131,0.03715811088295688,0.303,1.913
56_7775,13,0.5275000000000001,0.017330595482546205,0.163,2.217
56_A310,3,1.2785,0.042004106776180695,0.978,1.579
56_A320,3,1.278,0.0419876796714579,0.977,1.579
56_A330,3,1.278,0.0419876796714579,0.977,1.579
56_A350,3,1.2785,0.042004106776180695,0.978,1.579
56_A363,2,2.556,0.0839753593429158,2.556,2.556
56_B310,6,0.655,0.021519507186858317,0.334,1.589
56_B320,6,0.655,0.021519507186858317,0.334,1.593
56_B330,6,0.655,0.021519507186858317,0.334,1.589
56_B350,6,0.655,0.021519507186858317,0.334,1.589
56_B360,4,1.065,0.03498973305954825,1.006,1.923
5_0113,8,0.414,0.013601642710472279,0.295,1.111
5_0114,8,0.414,0.013601642710472279,0.295,1.111
5_0115,8,0.414,0.013601642710472279,0.294,1.111
5_0116,8,0.413,0.013568788501026694,0.295,1.111
5_0117,8,0.414,0.013601642710472279,0.29,1.111
5_0118,8,0.413,0.013568788501026694,0.295,1.111
5_0119,6,0.329,0.010809034907597536,0.294,1.111
5_0120,6,0.329,0.010809034907597536,0.294,1.11
5_0121,6,0.329,0.010809034907597536,0.294,1.11
5_0122,8,0.413,0.013568788501026694,0.294,1.111
5_0123,8,0.413,0.013568788501026694,0.295,1.111
5_0124,8,0.413,0.013568788501026694,0.295,1.111
5_0213,7,0.4015,0.013190965092402465,0.343,1.318
5_0214,11,0.488,0.016032854209445585,0.344,1.329
5_0215,11,0.488,0.016032854209445585,0.344,1.331
5_0216,11,0.4875,0.016016427104722793,0.344,1.318
5_0217,11,0.4875,0.016016427104722793,0.343,1.323
5_0218,11,0.4875,0.016016427104722793,0.344,1.323
5_0219,11,0.4875,0.016016427104722793,0.343,1.325
5_0220,11,0.487,0.016,0.343,1.322
5_0221,11,0.4875,0.016016427104722793,0.343,1.317
5_0222,11,0.489,0.01606570841889117,0.343,1.329
5_0223,11,0.488,0.016032854209445585,0.344,1.331
5_0224,11,0.4875,0.016016427104722793,0.343,1.319
5_0803,14,0.493,0.016197125256673512,0.353,1.755
5_0804,14,0.493,0.016197125256673512,0.354,1.756
5_0809,13,0.46799999999999997,0.01537577002053388,0.354,1.756
5_0810,13,0.46799999999999997,0.01537577002053388,0.353,1.755
5_2042,7,0.7975000000000001,0.026201232032854214,0.504,1.107
5_3011,9,1.1800000000000002,0.03876796714579056,0.873,2.648
5_3048,6,1.053,0.03459548254620123,0.182,2.154
5_3058,7,1.1444999999999999,0.037601642710472276,0.236,1.327
5_3059,4,1.132,0.03719096509240246,0.975,1.184
5_3071,9,0.528,0.017347022587268994,0.19,1.185
5_3073,5,1.0495,0.03448049281314169,0.811,1.361
5_3074,5,1.0145,0.0333305954825462,0.251,1.178
5_4019,8,1.051,0.03452977412731006,0.885,2.238
5_4021,8,1.176,0.038636550308008215,0.118,2.472
5_4023,4,0.98,0.03219712525667351,0.546,1.177
5_4046,7,1.1444999999999999,0.037601642710472276,0.923,3.127
5_5803,8,1.176,0.038636550308008215,0.882,2.64
5_5805,8,1.175,0.03860369609856263,0.882,2.638
5_A310,8,0.707,0.023227926078028746,0.19,1.433
5_A320,8,0.707,0.023227926078028746,0.197,1.433
5_A350,8,0.707,0.023227926078028746,0.197,1.433
5_A410,4,1.177,0.0386694045174538,0.133,1.224
5_A430,3,1.2005,0.03944147843942505,1.176,1.225
5_A601,12,0.415,0.013634496919917864,0.259,1.43
5_A602,12,0.415,0.013634496919917864,0.259,1.43
5_A603,12,0.414,0.013601642710472279,0.259,1.43
5_A604,12,0.413,0.013568788501026694,0.259,1.429
5_A605,12,0.414,0.013601642710472279,0.259,1.43
5_A606,12,0.413,0.013568788501026694,0.259,1.43
5_A607,12,0.413,0.013568788501026694,0.259,1.429
5_A608,12,0.413,0.013568788501026694,0.259,1.429
5_B410,3,1.0775000000000001,0.03540041067761807,0.974,1.181
5_B430,3,1.0775000000000001,0.03540041067761807,0.974,1.181
5_C410,3,1.0795,0.035466119096509235,0.975,1.184
5_C430,3,1.0795,0.035466119096509235,0.975,1.184
6_0201,13,0.3975,0.013059548254620124,0.339,0.95
6_0202,14,0.4,0.013141683778234088,0.338,1.344
6_0203,14,0.394,0.012944558521560576,0.337,1.344
6_0204,12,0.413,0.013568788501026694,0.338,0.951
6_0205,14,0.4,0.013141683778234088,0.339,1.344
6_0206,14,0.401,0.013174537987679672,0.338,1.344
6_0207,14,0.4,0.013141683778234088,0.337,1.344
6_0208,14,0.401,0.013174537987679672,0.338,1.344
6_0209,14,0.4,0.013141683778234088,0.339,1.344
6_0210,14,0.4,0.013141683778234088,0.338,1.344
6_0211,14,0.394,0.012944558521560576,0.337,1.344
6_0212,14,0.4,0.013141683778234088,0.338,1.344
6_0501,11,0.4475,0.014702258726899384,0.323,0.839
6_0502,11,0.4475,0.014702258726899384,0.323,0.839
6_0503,11,0.4475,0.014702258726899384,0.323,0.839
6_0504,11,0.447,0.014685831622176591,0.323,0.839
6_0505,11,0.447,0.014685831622176591,0.323,0.838
6_0506,11,0.447,0.014685831622176591,0.323,0.839
6_0507,11,0.4465,0.014669404517453799,0.322,0.839
6_0508,11,0.447,0.014685831622176591,0.322,0.839
6_0509,11,0.4455,0.014636550308008214,0.323,0.839
6_0559,7,0.9329999999999999,0.030652977412731004,0.357,1.49
6_0560,4,0.678,0.02227515400410678,0.047,0.762
6_0561,9,0.5725,0.018809034907597538,0.357,1.553
6_0562,5,0.5885,0.0193347022587269,0.048,0.762
6_0563,9,0.573,0.018825462012320326,0.356,1.553
6_0564,5,0.5875,0.019301848049281315,0.049,0.763
6_0565,9,0.5725,0.018809034907597538,0.357,1.515
6_0566,9,0.573,0.018825462012320326,0.356,1.514
6_0567,7,0.7615,0.02501848049281314,0.358,1.513
6_0568,7,0.9329999999999999,0.030652977412731004,0.358,1.49
6_0569,8,0.645,0.021190965092402463,0.357,1.084
6_0570,8,0.645,0.021190965092402463,0.357,1.084
6_0571,8,0.645,0.021190965092402463,0.357,1.084
6_0602,10,0.399,0.013108829568788501,0.158,1.348
6_0603,11,0.392,0.012878850102669405,0.156,1.043
6_0604,10,0.399,0.013108829568788501,0.156,1.351
6_0605,8,0.399,0.013108829568788501,0.322,1.349
6_0606,11,0.392,0.012878850102669405,0.156,1.043
6_0607,11,0.392,0.012878850102669405,0.154,1.043
6_0608,11,0.392,0.012878850102669405,0.157,1.042
6_0659,9,0.4025,0.01322381930184805,0.322,1.35
6_0660,10,0.399,0.013108829568788501,0.152,1.35
6_0661,9,0.4025,0.01322381930184805,0.322,1.35
6_0662,9,0.4025,0.01322381930184805,0.322,1.351
6_0663,9,0.4025,0.01322381930184805,0.322,1.351
6_0664,9,0.4345,0.014275154004106776,0.154,1.35
6_0811,15,0.4065,0.01335523613963039,0.302,0.903
6_0812,15,0.4065,0.01335523613963039,0.302,0.903
6_1253,7,0.9315,0.030603696098562626,0.403,1.637
6_2002,10,0.996,0.03272279260780288,0.181,1.646
6_2038,9,0.8240000000000001,0.02707186858316222,0.121,1.37
6_2040,5,0.6635,0.02179876796714579,0.167,1.114
6_2041,9,0.9095,0.029880903490759753,0.225,1.644
6_2051,5,0.5585,0.01834907597535934,0.491,1.299
6_2053,5,1.003,0.03295277207392197,0.202,1.216
6_2647,5,1.2654999999999998,0.04157700205338809,0.519,1.458
6_3005,9,0.4025,0.01322381930184805,0.323,1.505
6_3010,5,1.0594999999999999,0.034809034907597534,0.847,1.895
6_3013,12,0.737,0.024213552361396305,0.317,1.909
6_3017,12,0.724,0.023786447638603696,0.312,1.908
6_3019,13,0.756,0.024837782340862424,0.325,1.9
6_3021,14,0.487,0.016,0.329,1.891
6_3024,14,0.725,0.02381930184804928,0.315,1.912
6_3030,5,0.9625,0.03162217659137577,0.777,1.929
6_3042,20,0.285,0.009363449691991786,0.032,1.433
6_7452,11,0.7404999999999999,0.02432854209445585,0.154,1.94
6_7454,6,0.639,0.02099383983572895,0.264,1.254
6_7455,10,1.038,0.034102669404517456,0.244,2.31
6_7456,9,0.8560000000000001,0.028123203285420947,0.246,2.519
6_7491,11,0.9019999999999999,0.02963449691991786,0.158,2.725
6_7493,12,0.71,0.0233264887063655,0.325,1.898
6_8149,12,0.855,0.02809034907597536,0.378,1.571
6_8150,11,0.7785,0.02557700205338809,0.372,1.036
6_8153,10,0.751,0.024673511293634497,0.23,1.153
6_8156,14,0.729,0.02395071868583162,0.308,1.922
6_8201,5,0.9065000000000001,0.029782340862423002,0.707,1.263
6_8202,5,1.2675,0.041642710472279264,0.586,1.639
6_8534,11,0.9359999999999999,0.03075154004106776,0.401,1.568
6_8535,12,0.774,0.025429158110882956,0.399,2.121
6_9048,11,0.7155,0.023507186858316223,0.327,2.541
6_9049,4,1.106,0.03633675564681725,0.572,2.512
6_9107,4,1.519,0.04990554414784394,0.224,1.883
6_A310,6,0.614,0.020172484599589324,0.399,1.597
6_A311,6,0.614,0.020172484599589324,0.399,1.598
6_A320,7,0.5545,0.018217659137577003,0.298,1.596
6_A321,5,0.9339999999999999,0.030685831622176588,0.4,2.093
6_A330,7,0.5549999999999999,0.01823408624229979,0.298,1.597
6_A340,7,0.556,0.018266940451745383,0.299,1.596
6_A350,7,0.5549999999999999,0.01823408624229979,0.298,1.597
6_A351,7,0.554,0.01820123203285421,0.297,1.599
6_A352,5,0.9345,0.030702258726899384,0.398,2.104
6_A353,6,0.611,0.020073921971252566,0.299,2.094
6_A361,5,0.935,0.03071868583162218,0.397,2.094
6_A362,5,0.9345,0.030702258726899384,0.397,2.095
6_A363,5,0.9345,0.030702258726899384,0.398,2.094
6_A410,5,0.948,0.031145790554414785,0.728,1.887
6_A411,2,1.894,0.06222587268993839,1.894,1.894
6_A412,2,1.897,0.062324435318275154,1.897,1.897
6_A420,4,1.574,0.051712525667351135,1.054,1.894
6_A421,5,0.9515,0.03126078028747433,0.722,1.897
6_A423,4,1.572,0.05164681724845996,1.054,1.897
6_A430,5,0.948,0.031145790554414785,0.728,1.887
6_A441,4,1.572,0.05164681724845996,1.054,1.897
6_A442,4,1.572,0.05164681724845996,1.054,1.897
6_A443,4,1.572,0.05164681724845996,1.054,1.897
6_A805,16,0.41,0.013470225872689938,0.302,0.902
6_A806,16,0.41,0.013470225872689938,0.302,0.903
6_B410,5,0.8155,0.026792607802874742,0.467,1.031
6_B411,3,0.9005000000000001,0.02958521560574949,0.769,1.032
6_B412,3,0.9005000000000001,0.02958521560574949,0.769,1.032
6_B413,3,0.9005000000000001,0.02958521560574949,0.769,1.032
6_B420,5,0.815,0.02677618069815195,0.468,1.031
6_B421,4,0.861,0.02828747433264887,0.769,1.032
6_B423,5,0.8145,0.026759753593429157,0.468,1.032
6_B430,5,0.815,0.02677618069815195,0.468,1.031
6_B441,4,1.032,0.03390554414784394,0.769,1.328
6_B442,5,0.8165,0.02682546201232033,0.464,1.032
6_B443,4,0.769,0.025264887063655032,0.464,1.896
6_B451,3,0.9005000000000001,0.02958521560574949,0.769,1.032
6_B452,3,0.9005000000000001,0.02958521560574949,0.769,1.032
6_B453,3,0.9005000000000001,0.02958521560574949,0.769,1.032
72_1003,5,0.5609999999999999,0.018431211498973303,0.389,1.182
72_3008,7,0.9345,0.030702258726899384,0.398,1.182
72_4121,7,0.9384999999999999,0.030833675564681723,0.393,1.182
72_4122,7,0.94,0.0308829568788501,0.391,1.183
81_0501,12,0.367,0.012057494866529773,0.328,1.576
81_0502,12,0.367,0.012057494866529773,0.327,1.576
81_0503,12,0.368,0.01209034907597536,0.327,1.576
81_0504,12,0.368,0.01209034907597536,0.327,1.576
81_0505,12,0.367,0.012057494866529773,0.328,1.576
81_0506,12,0.367,0.012057494866529773,0.328,1.576
81_0507,12,0.367,0.012057494866529773,0.327,1.576
81_0508,12,0.368,0.01209034907597536,0.327,1.576
81_0509,12,0.367,0.012057494866529773,0.327,1.576
81_1803,8,0.7,0.02299794661190965,0.323,2.191
81_1804,11,0.7070000000000001,0.02322792607802875,0.323,1.883
81_1805,10,0.638,0.020960985626283367,0.093,1.865
81_2812,5,1.078,0.035416837782340865,0.379,1.868
81_8529,12,0.663,0.021782340862423,0.122,1.863
81_A901,8,0.723,0.023753593429158112,0.324,1.463
81_A902,8,0.723,0.023753593429158112,0.324,1.464
81_A903,8,0.723,0.023753593429158112,0.325,1.464
82_1005,7,0.6679999999999999,0.021946611909650922,0.143,1.369
82_6006,8,0.699,0.022965092402464065,0.149,2.58
82_6007,12,0.641,0.021059548254620124,0.063,2.58
82_9017,2,1.763,0.057921971252566734,1.763,1.763
83_0501,6,0.762,0.025034907597535936,0.325,1.056
83_0502,15,0.7625,0.025051334702258725,0.324,1.056
83_0503,15,0.7625,0.025051334702258725,0.324,1.056
83_0504,15,0.762,0.025034907597535936,0.325,1.056
83_0505,15,0.762,0.025034907597535936,0.325,1.056
83_0506,15,0.7625,0.025051334702258725,0.324,1.057
83_0507,13,0.9135,0.030012320328542095,0.379,1.159
83_0508,14,0.831,0.027301848049281312,0.324,1.159
83_0509,13,0.812,0.026677618069815195,0.324,1.887
83_1801,19,0.189,0.006209445585215606,0.071,0.767
83_3802,11,0.2495,0.008197125256673512,0.082,1.074
83_6450,9,0.8634999999999999,0.028369609856262832,0.489,1.906
83_6451,9,0.863,0.02835318275154004,0.489,1.906
83_6454,8,0.703,0.023096509240246404,0.481,1.899
83_A310,7,0.589,0.019351129363449692,0.199,1.782
83_A320,7,0.589,0.019351129363449692,0.199,1.691
83_A330,7,0.589,0.019351129363449692,0.199,1.783
83_A331,7,0.589,0.019351129363449692,0.199,1.784
83_A340,8,0.738,0.02424640657084189,0.199,1.45
83_A350,7,0.589,0.019351129363449692,0.199,1.784
83_A351,7,0.589,0.019351129363449692,0.199,1.784
83_AA01,7,0.2345,0.007704312114989733,0.105,0.82
83_AA02,7,0.2345,0.007704312114989733,0.105,0.82
83_AA03,7,0.235,0.007720739219712525,0.105,0.82
83_AA61,7,0.235,0.007720739219712525,0.105,0.82
84_1684,5,0.923,0.030324435318275157,0.674,1.086
84_1802,5,0.9145000000000001,0.030045174537987683,0.56,1.217
84_6804,5,1.0110000000000001,0.033215605749486656,0.139,1.074
85_1801,7,0.75,0.024640657084188913,0.378,1.513
85_1803,6,1.142,0.037519507186858314,0.657,1.512
85_1808,8,1.428,0.046915811088295685,0.657,1.91
86_6802,6,0.779,0.025593429158110883,0.104,3.317
87_0901,9,0.8819999999999999,0.028977412731006156,0.259,1.847
87_0902,9,0.8819999999999999,0.028977412731006156,0.258,1.847
87_0903,9,0.8805000000000001,0.028928131416837786,0.259,1.848
87_0960,9,0.8805000000000001,0.028928131416837786,0.259,1.847
87_0961,9,0.8815,0.028960985626283367,0.259,1.847
87_0962,9,0.881,0.028944558521560575,0.259,1.848
87_1620,6,1.469,0.048262833675564686,0.603,2.99
87_1622,14,0.352,0.011564681724845996,0.084,2.312
87_1680,9,0.7815,0.025675564681724845,0.258,1.499
87_1806,7,1.0995,0.03612320328542094,0.917,1.498
87_2811,4,0.721,0.02368788501026694,0.35,1.076
87_A310,4,0.232,0.00762217659137577,0.148,0.335
87_A311,4,0.232,0.00762217659137577,0.148,0.336
87_A320,4,0.232,0.00762217659137577,0.148,0.335
87_A330,4,0.232,0.00762217659137577,0.148,0.335
87_A340,4,0.232,0.00762217659137577,0.148,0.335
87_A350,4,0.232,0.00762217659137577,0.148,0.336
87_AA01,7,0.349,0.01146611909650924,0.049,0.952
87_AA02,7,0.34950000000000003,0.011482546201232034,0.049,0.952
87_AA03,7,0.34950000000000003,0.011482546201232034,0.049,0.952
87_AA61,7,0.34950000000000003,0.011482546201232034,0.049,0.952
87_AA62,7,0.34850000000000003,0.01144969199178645,0.05,0.952
87_B310,6,0.729,0.02395071868583162,0.145,0.854
87_B311,6,0.73,0.023983572895277208,0.146,0.853
87_B320,6,0.729,0.02395071868583162,0.145,0.854
87_B330,6,0.729,0.02395071868583162,0.145,0.854
87_B340,6,0.73,0.023983572895277208,0.146,0.853
87_B360,6,0.731,0.024016427104722793,0.146,0.855
87_B361,6,0.729,0.02395071868583162,0.146,0.855
87_B362,6,0.729,0.02395071868583162,0.146,0.855
87_BA01,7,0.349,0.01146611909650924,0.05,0.952
87_BA02,7,0.349,0.01146611909650924,0.05,0.952
87_BA03,7,0.34950000000000003,0.011482546201232034,0.049,0.952
87_BA61,7,0.352,0.011564681724845996,0.044,0.952
87_BA62,7,0.348,0.011433264887063654,0.05,0.952
88_1645,7,0.9420000000000001,0.030948665297741276,0.308,1.911
88_1646,5,0.7655000000000001,0.025149897330595486,0.309,1.099
88_1647,5,0.766,0.025166324435318275,0.307,1.1
89_0901,9,0.861,0.02828747433264887,0.112,1.465
89_0902,9,0.8605,0.028271047227926078,0.112,1.798
89_0903,9,0.8605,0.028271047227926078,0.112,1.798
89_1021,10,1.027,0.03374127310061601,0.139,1.8
89_1125,5,1.0539999999999998,0.03462833675564681,0.133,1.134
89_1127,5,0.8925000000000001,0.029322381930184806,0.125,1.428
89_2011,4,1.034,0.03397125256673511,1.031,1.076
89_3001,6,1.155,0.03794661190965092,0.307,2.903
89_3015,17,0.3855,0.012665297741273101,0.084,1.8
89_3016,5,0.86,0.028254620123203286,0.684,1.234
89_9018,5,0.8979999999999999,0.02950308008213552,0.681,1.215
89_A310,6,0.345,0.011334702258726898,0.152,0.625
89_A320,6,0.345,0.011334702258726898,0.152,0.625
89_A330,6,0.345,0.011334702258726898,0.152,0.626
89_A340,6,0.345,0.011334702258726898,0.152,0.623
89_A350,6,0.345,0.011334702258726898,0.152,0.623
89_A901,10,0.769,0.025264887063655032,0.112,1.196
89_A902,10,0.769,0.025264887063655032,0.112,1.197
89_A903,10,0.622,0.020435318275154005,0.113,1.441
8_0213,18,0.399,0.013108829568788501,0.274,1.117
8_0214,18,0.399,0.013108829568788501,0.274,1.117
8_0215,14,0.384,0.012616016427104724,0.273,1.116
8_0216,18,0.399,0.013108829568788501,0.275,1.117
8_0217,16,0.378,0.012418891170431212,0.273,0.838
8_0218,18,0.385,0.012648870636550309,0.276,0.835
8_0219,20,0.393,0.01291170431211499,0.273,0.886
8_0220,20,0.395,0.01297741273100616,0.272,0.886
8_0221,18,0.386,0.012681724845995893,0.273,0.837
8_0222,20,0.396,0.013010266940451745,0.273,0.885
8_0223,20,0.394,0.012944558521560576,0.272,0.885
8_0224,20,0.395,0.01297741273100616,0.272,0.886
8_0259,20,0.394,0.012944558521560576,0.271,0.885
8_0501,5,0.687,0.022570841889117045,0.397,1.272
8_0502,5,0.6859999999999999,0.022537987679671457,0.397,1.274
8_0503,5,0.6859999999999999,0.022537987679671457,0.397,1.273
8_0504,5,0.6865,0.02255441478439425,0.397,1.272
8_0505,5,0.687,0.022570841889117045,0.396,1.272
8_0506,5,0.687,0.022570841889117045,0.396,1.272
8_0507,5,0.687,0.022570841889117045,0.396,1.272
8_0508,5,0.6865,0.02255441478439425,0.396,1.273
8_0509,5,0.6859999999999999,0.022537987679671457,0.397,1.274
8_0559,5,0.687,0.022570841889117045,0.397,1.272
8_0560,5,0.6859999999999999,0.022537987679671457,0.399,1.272
8_0811,20,0.394,0.012944558521560576,0.267,1.322
8_0812,20,0.394,0.012944558521560576,0.267,1.322
8_1029,12,1.043,0.03426694045174538,0.177,1.418
8_1047,2,1.416,0.04652156057494866,1.416,1.416
8_1053,22,0.336,0.011039014373716634,0.013,1.399
8_2008,3,0.5635,0.01851334702258727,0.172,0.955
8_3032,11,0.7635000000000001,0.025084188911704313,0.333,2.39
8_6002,6,0.335,0.011006160164271047,0.12,2.15
8_6013,4,1.191,0.03912936344969199,0.34,2.136
8_7035,9,0.918,0.03016016427104723,0.163,1.499
8_7776,10,0.755,0.02480492813141684,0.347,1.246
8_7780,10,0.767,0.02519917864476386,0.146,2.719
8_7781,10,0.755,0.02480492813141684,0.172,2.551
8_7783,10,1.076,0.035351129363449696,0.177,1.85
8_A310,2,1.121,0.03682956878850103,1.121,1.121
8_A320,2,1.121,0.03682956878850103,1.121,1.121
8_A330,2,1.071,0.035186858316221765,1.071,1.071
8_A340,2,1.071,0.035186858316221765,1.071,1.071
8_A350,2,1.121,0.03682956878850103,1.121,1.121
8_A410,4,0.806,0.026480492813141684,0.608,1.183
8_A411,4,0.805,0.0264476386036961,0.608,1.184
8_A412,4,0.805,0.0264476386036961,0.608,1.183
8_A413,4,0.803,0.02638193018480493,0.609,1.183
8_A414,4,0.803,0.02638193018480493,0.608,1.183
8_A415,4,0.802,0.026349075975359345,0.609,1.183
8_A430,4,0.806,0.026480492813141684,0.608,1.183
8_A431,4,0.803,0.02638193018480493,0.609,1.183
8_A441,4,0.806,0.026480492813141684,0.608,1.183
8_A442,4,0.805,0.0264476386036961,0.608,1.183
8_A443,4,0.805,0.0264476386036961,0.608,1.183
8_A444,4,0.803,0.02638193018480493,0.608,1.183
8_A445,4,0.803,0.02638193018480493,0.608,1.183
8_A446,4,0.802,0.026349075975359345,0.609,1.183
8_A451,4,0.805,0.0264476386036961,0.608,1.183
8_A452,4,0.804,0.026414784394250514,0.609,1.183
8_A455,4,0.802,0.026349075975359345,0.609,1.183
8_B310,2,0.172,0.005650924024640657,0.172,0.172
8_B320,2,0.172,0.005650924024640657,0.172,0.172
8_B330,2,0.172,0.005650924024640657,0.172,0.172
8_B350,2,0.172,0.005650924024640657,0.172,0.172
90_0901,7,0.545,0.017905544147843944,0.331,1.202
90_0902,7,0.545,0.017905544147843944,0.331,1.203
90_0903,7,0.545,0.017905544147843944,0.331,1.203
90_0959,7,0.545,0.017905544147843944,0.331,1.203
90_0960,6,0.961,0.03157289527720739,0.384,1.202
90_0961,6,0.96,0.03154004106776181,0.384,1.201
90_0962,6,0.961,0.03157289527720739,0.384,1.202
90_6400,4,1.224,0.0402135523613963,0.623,1.751
90_6405,14,0.389,0.012780287474332649,0.074,1.198
90_6410,4,1.215,0.03991786447638604,0.623,1.76
90_6412,4,1.215,0.03991786447638604,0.623,1.76
90_6420,8,0.623,0.02046817248459959,0.115,1.344
90_6801,4,1.223,0.040180698151950724,0.623,1.752
90_A310,5,0.385,0.012648870636550309,0.115,0.72
90_A320,6,0.327,0.010743326488706366,0.115,0.72
90_A330,4,0.327,0.010743326488706366,0.221,0.443
90_A340,6,0.327,0.010743326488706366,0.115,0.72
90_A350,7,0.2615,0.008591375770020534,0.062,0.72
90_A351,6,0.327,0.010743326488706366,0.115,0.72
90_A352,6,0.327,0.010743326488706366,0.116,0.719
90_B310,5,0.637,0.020928131416837782,0.327,1.351
90_B320,6,0.443,0.01455441478439425,0.196,1.351
90_B330,6,0.443,0.01455441478439425,0.196,1.351
90_B331,5,0.385,0.012648870636550309,0.196,2.182
90_B340,6,0.443,0.01455441478439425,0.196,1.351
90_B350,6,0.443,0.01455441478439425,0.196,1.351
90_B351,5,0.385,0.012648870636550309,0.196,2.182
9_0901,9,0.511,0.016788501026694047,0.051,1.294
9_0902,9,0.511,0.016788501026694047,0.057,1.294
9_0903,9,0.511,0.016788501026694047,0.057,1.294
9_0960,9,0.5105000000000001,0.016772073921971255,0.022,1.294
9_0961,9,0.5105000000000001,0.016772073921971255,0.037,1.294
9_0962,9,0.5105000000000001,0.016772073921971255,0.061,1.294
9_1803,15,0.40900000000000003,0.013437371663244354,0.052,1.576
9_4008,9,0.891,0.02927310061601643,0.35,1.427
9_4020,8,1.136,0.0373223819301848,0.096,1.266
9_5001,8,0.77,0.025297741273100617,0.191,1.891
