broad_treatment_group,count,breakdown,treatment_label,event_year,state_name,functional_class
asphalt_overlay,1219,broad_treatment_group,,,,
crack_sealing,1409,broad_treatment_group,,,,
grinding,124,broad_treatment_group,,,,
other_maintenance,1,broad_treatment_group,,,,
patching,1639,broad_treatment_group,,,,
reconstruction_or_major_rehab,66,broad_treatment_group,,,,
seal_coat,519,broad_treatment_group,,,,
shoulder_restoration,117,broad_treatment_group,,,,
unknown,2840,broad_treatment_group,,,,
asphalt_overlay,6,broad_treatment_group + treatment_label,"AC Shoulder Replacement, Asphalt Concrete Overlay",,,
asphalt_overlay,1,broad_treatment_group + treatment_label,"AC Shoulder Replacement, Asphalt Concrete Overlay, Aggregate Seal Coat",,,
asphalt_overlay,4,broad_treatment_group + treatment_label,"AC Shoulder Replacement, Asphalt Concrete Overlay, Fracture Treatment of PCC Pavement as Base for New AC Surface",,,
asphalt_overlay,1,broad_treatment_group + treatment_label,"AC Shoulder Replacement, Asphalt Concrete Overlay, Full Depth Patch of AC Pavement (removing damaged material, repairing supporting material, and repairing), Longitudinal Subdrains, Transverse Subdrainage, Other",,,
asphalt_overlay,2,broad_treatment_group + treatment_label,"AC Shoulder Replacement, Asphalt Concrete Overlay, Hot-Mix Recycled Asphalt Concrete Overlay",,,
asphalt_overlay,2,broad_treatment_group + treatment_label,"AC Shoulder Replacement, Asphalt Concrete Overlay, Longitudinal Subdrains",,,
asphalt_overlay,5,broad_treatment_group + treatment_label,"AC Shoulder Replacement, Asphalt Concrete Overlay, Longitudinal Subdrains, Fracture Treatment of PCC Pavement as Base for New AC Surface",,,
asphalt_overlay,2,broad_treatment_group + treatment_label,"AC Shoulder Replacement, Asphalt Concrete Overlay, Longitudinal Subdrains, Full Depth Transverse Joint Repair Patch, Fracture Treatment of PCC Pavement as Base for New AC Surface, PCC Slab Replacement",,,
asphalt_overlay,1,broad_treatment_group + treatment_label,"AC Shoulder Replacement, Asphalt Concrete Overlay, Longitudinal Subdrains, Full Depth Transverse Joint Repair Patch, Joint Load Transfer Restoration in PCC Pavements",,,
asphalt_overlay,1,broad_treatment_group + treatment_label,"AC Shoulder Replacement, Asphalt Concrete Overlay, Longitudinal Subdrains, Full Depth Transverse Joint Repair Patch, PCC Slab Replacement",,,
asphalt_overlay,1,broad_treatment_group + treatment_label,"AC Shoulder Replacement, Asphalt Concrete Overlay, Longitudinal Subdrains, Full Depth Transverse Joint Repair Patch, Partial Depth Patching of PCC Pavement Other Than at Joint, PCC Slab Replacement",,,
asphalt_overlay,1,broad_treatment_group + treatment_label,"AC Shoulder Replacement, Asphalt Concrete Overlay, Mill Existing Pavement and Overlay with Hot-Mix Recycled AC",,,
asphalt_overlay,1,broad_treatment_group + treatment_label,"AC Shoulder Replacement, Full Depth Patch of AC Pavement (removing damaged material, repairing supporting material, and repairing), Hot-Mix Recycled Asphalt Concrete Overlay",,,
asphalt_overlay,1,broad_treatment_group + treatment_label,"AC Shoulder Replacement, Grinding Surface, Asphalt Concrete Overlay, Longitudinal Subdrains",,,
asphalt_overlay,9,broad_treatment_group + treatment_label,"AC Shoulder Replacement, Mill Existing Pavement and Overlay with Hot-Mix Recycled AC",,,
asphalt_overlay,10,broad_treatment_group + treatment_label,"AC Shoulder Replacement, Mill Off AC and Overlay with AC",,,
asphalt_overlay,81,broad_treatment_group + treatment_label,"AC Shoulder Restoration, Asphalt Concrete Overlay",,,
asphalt_overlay,4,broad_treatment_group + treatment_label,"AC Shoulder Restoration, Asphalt Concrete Overlay, Fog Seal Coat",,,
asphalt_overlay,2,broad_treatment_group + treatment_label,"AC Shoulder Restoration, Asphalt Concrete Overlay, Fog Seal Coat, Hot-Mix Recycled Asphalt Concrete Overlay",,,
asphalt_overlay,2,broad_treatment_group + treatment_label,"AC Shoulder Restoration, Asphalt Concrete Overlay, Fog Seal Coat, Mill Off AC and Overlay with AC",,,
asphalt_overlay,18,broad_treatment_group + treatment_label,"AC Shoulder Restoration, Asphalt Concrete Overlay, Fracture Treatment of PCC Pavement as Base for New AC Surface",,,
asphalt_overlay,3,broad_treatment_group + treatment_label,"AC Shoulder Restoration, Asphalt Concrete Overlay, Full Depth Patch of AC Pavement (removing damaged material, repairing supporting material, and repairing)",,,
asphalt_overlay,1,broad_treatment_group + treatment_label,"AC Shoulder Restoration, Asphalt Concrete Overlay, Full Depth Patching of PCC Pavement Other Than at Joint",,,
asphalt_overlay,1,broad_treatment_group + treatment_label,"AC Shoulder Restoration, Asphalt Concrete Overlay, Full Depth Patching of PCC Pavement Other Than at Joint, PCC Slab Replacement",,,
asphalt_overlay,6,broad_treatment_group + treatment_label,"AC Shoulder Restoration, Asphalt Concrete Overlay, Full Depth Transverse Joint Repair Patch",,,
asphalt_overlay,1,broad_treatment_group + treatment_label,"AC Shoulder Restoration, Asphalt Concrete Overlay, Full Depth Transverse Joint Repair Patch, Full Depth Patching of PCC Pavement Other Than at Joint",,,
asphalt_overlay,1,broad_treatment_group + treatment_label,"AC Shoulder Restoration, Asphalt Concrete Overlay, Full Depth Transverse Joint Repair Patch, Full Depth Patching of PCC Pavement Other Than at Joint, Partial Depth Patching of PCC Pavement Other Than at Joint",,,
asphalt_overlay,1,broad_treatment_group + treatment_label,"AC Shoulder Restoration, Asphalt Concrete Overlay, Full Depth Transverse Joint Repair Patch, Full Depth Patching of PCC Pavement Other Than at Joint, Partial depth patching of PCC pavements at joints, Partial Depth Patching of PCC Pavement Other Than at Joint",,,
asphalt_overlay,1,broad_treatment_group + treatment_label,"AC Shoulder Restoration, Asphalt Concrete Overlay, Full Depth Transverse Joint Repair Patch, Joint Load Transfer Restoration in PCC Pavements, Partial depth patching of PCC pavements at joints",,,
asphalt_overlay,2,broad_treatment_group + treatment_label,"AC Shoulder Restoration, Asphalt Concrete Overlay, Full Depth Transverse Joint Repair Patch, PCC Slab Replacement",,,
asphalt_overlay,1,broad_treatment_group + treatment_label,"AC Shoulder Restoration, Asphalt Concrete Overlay, Heater Scarification, Surface Recycled Asphalt Concrete",,,
asphalt_overlay,1,broad_treatment_group + treatment_label,"AC Shoulder Restoration, Asphalt Concrete Overlay, Hot-Mix Recycled Asphalt Concrete Overlay",,,
asphalt_overlay,1,broad_treatment_group + treatment_label,"AC Shoulder Restoration, Asphalt Concrete Overlay, Hot-Mix Recycled Asphalt Concrete Overlay, Mill Off AC and Overlay with AC",,,
asphalt_overlay,3,broad_treatment_group + treatment_label,"AC Shoulder Restoration, Asphalt Concrete Overlay, Longitudinal Subdrains",,,
asphalt_overlay,13,broad_treatment_group + treatment_label,"AC Shoulder Restoration, Asphalt Concrete Overlay, Longitudinal Subdrains, Fracture Treatment of PCC Pavement as Base for New AC Surface",,,
asphalt_overlay,1,broad_treatment_group + treatment_label,"AC Shoulder Restoration, Asphalt Concrete Overlay, Longitudinal Subdrains, Fracture Treatment of PCC Pavement as Base for New AC Surface, PCC Slab Replacement",,,
asphalt_overlay,1,broad_treatment_group + treatment_label,"AC Shoulder Restoration, Asphalt Concrete Overlay, Longitudinal Subdrains, Full Depth Transverse Joint Repair Patch, Full Depth Patching of PCC Pavement Other Than at Joint, Partial Depth Patching of PCC Pavement Other Than at Joint, PCC Slab Replacement",,,
asphalt_overlay,1,broad_treatment_group + treatment_label,"AC Shoulder Restoration, Asphalt Concrete Overlay, Longitudinal Subdrains, Full Depth Transverse Joint Repair Patch, Joint Load Transfer Restoration in PCC Pavements, Partial Depth Patching of PCC Pavement Other Than at Joint",,,
asphalt_overlay,1,broad_treatment_group + treatment_label,"AC Shoulder Restoration, Asphalt Concrete Overlay, Longitudinal Subdrains, Full Depth Transverse Joint Repair Patch, Joint Load Transfer Restoration in PCC Pavements, Partial depth patching of PCC pavements at joints",,,
asphalt_overlay,4,broad_treatment_group + treatment_label,"AC Shoulder Restoration, Asphalt Concrete Overlay, Machine Premix Patch (placing premix with paver roller)",,,
asphalt_overlay,1,broad_treatment_group + treatment_label,"AC Shoulder Restoration, Asphalt Concrete Overlay, Manual Premix Spot Patch (hand spreading and compacting with roller), Tack Coat",,,
asphalt_overlay,3,broad_treatment_group + treatment_label,"AC Shoulder Restoration, Asphalt Concrete Overlay, Mill Existing Pavement and Overlay with Hot-Mix Recycled AC",,,
asphalt_overlay,4,broad_treatment_group + treatment_label,"AC Shoulder Restoration, Asphalt Concrete Overlay, Mill Off AC and Overlay with AC",,,
asphalt_overlay,22,broad_treatment_group + treatment_label,"AC Shoulder Restoration, Asphalt Concrete Overlay, Partial depth patching of PCC pavements at joints",,,
asphalt_overlay,2,broad_treatment_group + treatment_label,"AC Shoulder Restoration, Asphalt Concrete Overlay, Tack Coat",,,
asphalt_overlay,2,broad_treatment_group + treatment_label,"AC Shoulder Restoration, Fog Seal Coat, Hot-Mix Recycled Asphalt Concrete Overlay, Mill Existing Pavement and Overlay with Hot-Mix Recycled AC",,,
asphalt_overlay,1,broad_treatment_group + treatment_label,"AC Shoulder Restoration, Full Depth Patch of AC Pavement (removing damaged material, repairing supporting material, and repairing), Mill Existing Pavement and Overlay with Hot-Mix Recycled AC",,,
asphalt_overlay,1,broad_treatment_group + treatment_label,"AC Shoulder Restoration, Full Depth Patch of AC Pavement (removing damaged material, repairing supporting material, and repairing), Mill Off AC and Overlay with AC",,,
asphalt_overlay,3,broad_treatment_group + treatment_label,"AC Shoulder Restoration, Grinding Surface, Portland Cement Concrete Overlay",,,
asphalt_overlay,36,broad_treatment_group + treatment_label,"AC Shoulder Restoration, Hot-Mix Recycled Asphalt Concrete Overlay",,,
asphalt_overlay,4,broad_treatment_group + treatment_label,"AC Shoulder Restoration, Hot-Mix Recycled Asphalt Concrete Overlay, Mill Existing Pavement and Overlay with Hot-Mix Recycled AC",,,
asphalt_overlay,1,broad_treatment_group + treatment_label,"AC Shoulder Restoration, Hot-Mix Recycled Asphalt Concrete Overlay, Mill Off AC and Overlay with AC",,,
asphalt_overlay,1,broad_treatment_group + treatment_label,"AC Shoulder Restoration, Longitudinal Subdrains, Mill Off AC and Overlay with AC",,,
asphalt_overlay,1,broad_treatment_group + treatment_label,"AC Shoulder Restoration, Machine Premix Patch (placing premix with paver roller), Hot-Mix Recycled Asphalt Concrete Overlay",,,
asphalt_overlay,2,broad_treatment_group + treatment_label,"AC Shoulder Restoration, Machine Premix Patch (placing premix with paver roller), Mill Existing Pavement and Overlay with Hot-Mix Recycled AC",,,
asphalt_overlay,2,broad_treatment_group + treatment_label,"AC Shoulder Restoration, Machine Premix Patch (placing premix with paver roller), Mill Off AC and Overlay with AC",,,
asphalt_overlay,1,broad_treatment_group + treatment_label,"AC Shoulder Restoration, Manual Premix Spot Patch (hand spreading and compacting with roller), Tack Coat, Hot-Mix Recycled Asphalt Concrete Overlay",,,
asphalt_overlay,34,broad_treatment_group + treatment_label,"AC Shoulder Restoration, Mill Existing Pavement and Overlay with Hot-Mix Recycled AC",,,
asphalt_overlay,3,broad_treatment_group + treatment_label,"AC Shoulder Restoration, Mill Existing Pavement and Overlay with Warm Mix AC",,,
asphalt_overlay,74,broad_treatment_group + treatment_label,"AC Shoulder Restoration, Mill Off AC and Overlay with AC",,,
asphalt_overlay,2,broad_treatment_group + treatment_label,"AC Shoulder Restoration, Patch Pot Holes - Hand Spread, Compacted with Truck, Hot-Mix Recycled Asphalt Concrete Overlay",,,
asphalt_overlay,5,broad_treatment_group + treatment_label,"AC Shoulder Restoration, Portland Cement Concrete Overlay",,,
asphalt_overlay,1,broad_treatment_group + treatment_label,"AC Shoulder Restoration, Pressure Grout Subsealing, Asphalt Concrete Overlay, Longitudinal Subdrains, Full Depth Transverse Joint Repair Patch",,,
asphalt_overlay,1,broad_treatment_group + treatment_label,"AC Shoulder Restoration, Pressure Grout Subsealing, Asphalt Concrete Overlay, Longitudinal Subdrains, Full Depth Transverse Joint Repair Patch, Joint Load Transfer Restoration in PCC Pavements, PCC Slab Replacement",,,
asphalt_overlay,1,broad_treatment_group + treatment_label,"AC Shoulder Restoration, Pressure Grout Subsealing, Asphalt Concrete Overlay, Longitudinal Subdrains, Full Depth Transverse Joint Repair Patch, Joint Load Transfer Restoration in PCC Pavements, Partial Depth Patching of PCC Pavement Other Than at Joint, PCC Slab Replacement",,,
asphalt_overlay,1,broad_treatment_group + treatment_label,"AC Shoulder Restoration, Tack Coat, Hot-Mix Recycled Asphalt Concrete Overlay",,,
asphalt_overlay,2,broad_treatment_group + treatment_label,"AC Shoulder Restoration, Tack Coat, Mill Existing Pavement and Overlay with Hot-Mix Recycled AC",,,
asphalt_overlay,11,broad_treatment_group + treatment_label,"AC Shoulder Restoration, Tack Coat, Mill Off AC and Overlay with AC",,,
asphalt_overlay,2,broad_treatment_group + treatment_label,"AC Shoulder Restoration, Warm Mix AC Overlay with RAP and/or RAS",,,
asphalt_overlay,2,broad_treatment_group + treatment_label,"Aggregate Seal Coat, Hot-Mix Recycled Asphalt Concrete Overlay",,,
asphalt_overlay,1,broad_treatment_group + treatment_label,"Aggregate Seal Coat, Mill Existing Pavement and Overlay with Hot-Mix Recycled AC",,,
asphalt_overlay,20,broad_treatment_group + treatment_label,"Aggregate Seal Coat, Mill Off AC and Overlay with AC",,,
asphalt_overlay,297,broad_treatment_group + treatment_label,Asphalt Concrete Overlay,,,
asphalt_overlay,12,broad_treatment_group + treatment_label,"Asphalt Concrete Overlay, Aggregate Seal Coat",,,
asphalt_overlay,1,broad_treatment_group + treatment_label,"Asphalt Concrete Overlay, Aggregate Seal Coat, Mill Off AC and Overlay with AC",,,
asphalt_overlay,2,broad_treatment_group + treatment_label,"Asphalt Concrete Overlay, Fog Seal Coat",,,
asphalt_overlay,18,broad_treatment_group + treatment_label,"Asphalt Concrete Overlay, Fracture Treatment of PCC Pavement as Base for New AC Surface",,,
asphalt_overlay,1,broad_treatment_group + treatment_label,"Asphalt Concrete Overlay, Full Depth Patch of AC Pavement (removing damaged material, repairing supporting material, and repairing)",,,
asphalt_overlay,3,broad_treatment_group + treatment_label,"Asphalt Concrete Overlay, Full Depth Patching of PCC Pavement Other Than at Joint",,,
asphalt_overlay,2,broad_treatment_group + treatment_label,"Asphalt Concrete Overlay, Full Depth Transverse Joint Repair Patch",,,
asphalt_overlay,1,broad_treatment_group + treatment_label,"Asphalt Concrete Overlay, Full Depth Transverse Joint Repair Patch, Partial depth patching of PCC pavements at joints",,,
asphalt_overlay,4,broad_treatment_group + treatment_label,"Asphalt Concrete Overlay, Hot-Mix Recycled Asphalt Concrete Overlay",,,
asphalt_overlay,1,broad_treatment_group + treatment_label,"Asphalt Concrete Overlay, Hot-Mix Recycled Asphalt Concrete Overlay, Mill Existing Pavement and Overlay with Hot-Mix Recycled AC",,,
asphalt_overlay,4,broad_treatment_group + treatment_label,"Asphalt Concrete Overlay, Hot-Mix Recycled Asphalt Concrete Overlay, Mill Off AC and Overlay with AC",,,
asphalt_overlay,4,broad_treatment_group + treatment_label,"Asphalt Concrete Overlay, Longitudinal Subdrains",,,
asphalt_overlay,12,broad_treatment_group + treatment_label,"Asphalt Concrete Overlay, Longitudinal Subdrains, Fracture Treatment of PCC Pavement as Base for New AC Surface",,,
asphalt_overlay,1,broad_treatment_group + treatment_label,"Asphalt Concrete Overlay, Longitudinal Subdrains, Full Depth Patching of PCC Pavement Other Than at Joint, PCC Slab Replacement",,,
asphalt_overlay,3,broad_treatment_group + treatment_label,"Asphalt Concrete Overlay, Longitudinal Subdrains, Full Depth Transverse Joint Repair Patch, Joint Load Transfer Restoration in PCC Pavements",,,
asphalt_overlay,1,broad_treatment_group + treatment_label,"Asphalt Concrete Overlay, Longitudinal Subdrains, Full Depth Transverse Joint Repair Patch, Partial depth patching of PCC pavements at joints",,,
asphalt_overlay,1,broad_treatment_group + treatment_label,"Asphalt Concrete Overlay, Longitudinal Subdrains, Joint Load Transfer Restoration in PCC Pavements, Partial depth patching of PCC pavements at joints, PCC Slab Replacement",,,
asphalt_overlay,1,broad_treatment_group + treatment_label,"Asphalt Concrete Overlay, Machine Premix Patch (placing premix with paver roller)",,,
asphalt_overlay,2,broad_treatment_group + treatment_label,"Asphalt Concrete Overlay, Manual Premix Spot Patch (hand spreading and compacting with roller)",,,
asphalt_overlay,2,broad_treatment_group + treatment_label,"Asphalt Concrete Overlay, Mill Existing Pavement and Overlay with Cold-Mix Recycled AC",,,
asphalt_overlay,11,broad_treatment_group + treatment_label,"Asphalt Concrete Overlay, Mill Existing Pavement and Overlay with Hot-Mix Recycled AC",,,
asphalt_overlay,22,broad_treatment_group + treatment_label,"Asphalt Concrete Overlay, Mill Off AC and Overlay with AC",,,
asphalt_overlay,1,broad_treatment_group + treatment_label,"Asphalt Concrete Overlay, Other",,,
asphalt_overlay,2,broad_treatment_group + treatment_label,"Asphalt Concrete Overlay, Partial Depth Patching of PCC Pavement Other Than at Joint",,,
asphalt_overlay,1,broad_treatment_group + treatment_label,"Asphalt Concrete Overlay, Portland Cement Concrete Overlay",,,
asphalt_overlay,1,broad_treatment_group + treatment_label,"Asphalt Concrete Overlay, Portland Cement Concrete Overlay, Longitudinal Subdrains, Fracture Treatment of PCC Pavement as Base for New AC Surface",,,
asphalt_overlay,1,broad_treatment_group + treatment_label,"Asphalt Concrete Overlay, Slurry Seal Coat",,,
asphalt_overlay,2,broad_treatment_group + treatment_label,"Asphalt Concrete Overlay, Strip Patching (using spreader and distributor to apply hot liquid asphalt and aggregate)",,,
asphalt_overlay,3,broad_treatment_group + treatment_label,"Asphalt Concrete Overlay, Strip Patching (using spreader and distributor to apply hot liquid asphalt and aggregate), Hot-Mix Recycled Asphalt Concrete Overlay",,,
asphalt_overlay,1,broad_treatment_group + treatment_label,"Asphalt Concrete Overlay, Strip Patching (using spreader and distributor to apply hot liquid asphalt and aggregate), Surface Treatment, Single Layer",,,
asphalt_overlay,5,broad_treatment_group + treatment_label,"Asphalt Concrete Overlay, Surface Treatment, Single Layer",,,
asphalt_overlay,1,broad_treatment_group + treatment_label,"Fracture Treatment of PCC Pavement as Base for New AC Surface, Mill Off AC and Overlay with AC",,,
asphalt_overlay,3,broad_treatment_group + treatment_label,"Full Depth Patch of AC Pavement (removing damaged material, repairing supporting material, and repairing), Mill Off AC and Overlay with AC",,,
asphalt_overlay,5,broad_treatment_group + treatment_label,"Grinding Surface, Asphalt Concrete Overlay",,,
asphalt_overlay,1,broad_treatment_group + treatment_label,"Grinding Surface, Asphalt Concrete Overlay, Aggregate Seal Coat",,,
asphalt_overlay,1,broad_treatment_group + treatment_label,"Grinding Surface, Asphalt Concrete Overlay, Full Depth Patch of AC Pavement (removing damaged material, repairing supporting material, and repairing)",,,
asphalt_overlay,1,broad_treatment_group + treatment_label,"Grinding Surface, Asphalt Concrete Overlay, Full Depth Patch of AC Pavement (removing damaged material, repairing supporting material, and repairing), Aggregate Seal Coat",,,
asphalt_overlay,1,broad_treatment_group + treatment_label,"Grinding Surface, Hot-Mix Recycled Asphalt Concrete Overlay, Heater Scarification, Surface Recycled Asphalt Concrete",,,
asphalt_overlay,2,broad_treatment_group + treatment_label,"Grinding Surface, Portland Cement Concrete Overlay, Full Depth Patching of PCC Pavement Other Than at Joint, PCC Shoulder Restoration",,,
asphalt_overlay,4,broad_treatment_group + treatment_label,"Grinding Surface, Portland Cement Concrete Overlay, Longitudinal Subdrains",,,
asphalt_overlay,2,broad_treatment_group + treatment_label,"Grinding Surface, Portland Cement Concrete Overlay, PCC Shoulder Restoration",,,
asphalt_overlay,20,broad_treatment_group + treatment_label,Hot-Mix Recycled Asphalt Concrete Overlay,,,
asphalt_overlay,1,broad_treatment_group + treatment_label,"Hot-Mix Recycled Asphalt Concrete Overlay, Full Depth Patching of PCC Pavement Other Than at Joint, Partial depth patching of PCC pavements at joints",,,
asphalt_overlay,6,broad_treatment_group + treatment_label,"Hot-Mix Recycled Asphalt Concrete Overlay, Mill Existing Pavement and Overlay with Hot-Mix Recycled AC",,,
asphalt_overlay,1,broad_treatment_group + treatment_label,"Hot-Mix Recycled Asphalt Concrete Overlay, Mill Off AC and Overlay with AC",,,
asphalt_overlay,1,broad_treatment_group + treatment_label,"Hot-Mix Recycled Asphalt Concrete Overlay, Partial Depth Patching of PCC Pavement Other Than at Joint",,,
asphalt_overlay,5,broad_treatment_group + treatment_label,Mill Existing Pavement and Overlay with Cold-Mix Recycled AC,,,
asphalt_overlay,74,broad_treatment_group + treatment_label,Mill Existing Pavement and Overlay with Hot-Mix Recycled AC,,,
asphalt_overlay,8,broad_treatment_group + treatment_label,"Mill Existing Pavement and Overlay with Hot-Mix Recycled AC, Warm Mix AC Overlay with RAP and/or RAS",,,
asphalt_overlay,1,broad_treatment_group + treatment_label,Mill Existing Pavement and Overlay with Warm Mix AC,,,
asphalt_overlay,26,broad_treatment_group + treatment_label,Mill Existing Pavement and Overlay with Warm Mix Recycled AC,,,
asphalt_overlay,164,broad_treatment_group + treatment_label,Mill Off AC and Overlay with AC,,,
asphalt_overlay,4,broad_treatment_group + treatment_label,"Other, Mill Existing Pavement and Overlay with Hot-Mix Recycled AC",,,
asphalt_overlay,2,broad_treatment_group + treatment_label,"Other, Mill Existing Pavement and Overlay with Warm Mix Recycled AC",,,
asphalt_overlay,1,broad_treatment_group + treatment_label,"Portland Cement Concrete Overlay, Fracture Treatment of PCC Pavement as Base for New PCC Surface",,,
asphalt_overlay,5,broad_treatment_group + treatment_label,"Portland Cement Concrete Overlay, Longitudinal Subdrains",,,
asphalt_overlay,4,broad_treatment_group + treatment_label,"Portland Cement Concrete Overlay, PCC Shoulder Restoration",,,
asphalt_overlay,1,broad_treatment_group + treatment_label,"Pressure Grout Subsealing, Asphalt Concrete Overlay, Longitudinal Subdrains, Full Depth Transverse Joint Repair Patch",,,
asphalt_overlay,1,broad_treatment_group + treatment_label,"Sand Seal Coat, Mill Off AC and Overlay with AC",,,
asphalt_overlay,1,broad_treatment_group + treatment_label,"Surface Treatment, Single Layer, Mill Existing Pavement and Overlay with Hot-Mix Recycled AC",,,
asphalt_overlay,1,broad_treatment_group + treatment_label,"Transverse Subdrainage, Full Depth Transverse Joint Repair Patch, Hot-Mix Recycled Asphalt Concrete Overlay, Full Depth Patching of PCC Pavement Other Than at Joint, Partial Depth Patching of PCC Pavement Other Than at Joint",,,
asphalt_overlay,2,broad_treatment_group + treatment_label,Warm Mix AC Overlay with RAP and/or RAS,,,
crack_sealing,2,broad_treatment_group + treatment_label,"AC Shoulder Replacement, Asphalt Concrete Overlay, Saw and Seal",,,
crack_sealing,1,broad_treatment_group + treatment_label,"AC Shoulder Replacement, Grinding Surface, Asphalt Concrete Overlay, Full Depth Transverse Joint Repair Patch, Saw and Seal",,,
crack_sealing,1,broad_treatment_group + treatment_label,"AC Shoulder Replacement, Grinding Surface, Transverse Joint Sealing",,,
crack_sealing,1,broad_treatment_group + treatment_label,"AC Shoulder Replacement, Grinding Surface, Transverse Joint Sealing, Full Depth Transverse Joint Repair Patch",,,
crack_sealing,1,broad_treatment_group + treatment_label,"AC Shoulder Replacement, Grinding Surface, Transverse Joint Sealing, Full Depth Transverse Joint Repair Patch, PCC Slab Replacement",,,
crack_sealing,2,broad_treatment_group + treatment_label,"AC Shoulder Replacement, Grinding Surface, Transverse Joint Sealing, Longitudinal Subdrains",,,
crack_sealing,1,broad_treatment_group + treatment_label,"AC Shoulder Replacement, Grinding Surface, Transverse Joint Sealing, Longitudinal Subdrains, Full Depth Transverse Joint Repair Patch, Joint Load Transfer Restoration in PCC Pavements",,,
crack_sealing,1,broad_treatment_group + treatment_label,"AC Shoulder Replacement, Grinding Surface, Transverse Joint Sealing, Partial depth patching of PCC pavements at joints",,,
crack_sealing,1,broad_treatment_group + treatment_label,"AC Shoulder Replacement, Lane-Shoulder Longitudinal Joint Sealing, Partial Depth Patching of PCC Pavement Other Than at Joint",,,
crack_sealing,1,broad_treatment_group + treatment_label,"AC Shoulder Replacement, Transverse Joint Sealing, PCC Slab Replacement",,,
crack_sealing,1,broad_treatment_group + treatment_label,"AC Shoulder Restoration, Asphalt Concrete Overlay, Full Depth Transverse Joint Repair Patch, Joint Load Transfer Restoration in PCC Pavements, Partial depth patching of PCC pavements at joints, Saw and Seal",,,
crack_sealing,1,broad_treatment_group + treatment_label,"AC Shoulder Restoration, Asphalt Concrete Overlay, Full Depth Transverse Joint Repair Patch, Saw and Seal",,,
crack_sealing,1,broad_treatment_group + treatment_label,"AC Shoulder Restoration, Asphalt Concrete Overlay, Full Depth Transverse Joint Repair Patch, Saw and Seal, PCC Slab Replacement",,,
crack_sealing,1,broad_treatment_group + treatment_label,"AC Shoulder Restoration, Asphalt Concrete Overlay, Lane-Shoulder Longitudinal Joint Sealing, Saw and Seal",,,
crack_sealing,3,broad_treatment_group + treatment_label,"AC Shoulder Restoration, Asphalt Concrete Overlay, Saw and Seal",,,
crack_sealing,1,broad_treatment_group + treatment_label,"AC Shoulder Restoration, Asphalt Concrete Overlay, Transverse Joint Sealing, Full Depth Patching of PCC Pavement Other Than at Joint, Saw and Seal, PCC Slab Replacement",,,
crack_sealing,1,broad_treatment_group + treatment_label,"AC Shoulder Restoration, Asphalt Concrete Overlay, Transverse Joint Sealing, Lane-Shoulder Longitudinal Joint Sealing, Full Depth Transverse Joint Repair Patch",,,
crack_sealing,1,broad_treatment_group + treatment_label,"AC Shoulder Restoration, Asphalt Concrete Overlay, Transverse Joint Sealing, Saw and Seal",,,
crack_sealing,1,broad_treatment_group + treatment_label,"AC Shoulder Restoration, Full Depth Transverse Joint Repair Patch, Saw and Seal",,,
crack_sealing,4,broad_treatment_group + treatment_label,"AC Shoulder Restoration, Grinding Surface, Portland Cement Concrete Overlay, Lane-Shoulder Longitudinal Joint Sealing",,,
crack_sealing,1,broad_treatment_group + treatment_label,"AC Shoulder Restoration, Grinding Surface, Pressure Grout Subsealing, Transverse Joint Sealing, Longitudinal Subdrains, Full Depth Transverse Joint Repair Patch, Joint Load Transfer Restoration in PCC Pavements, Partial Depth Patching of PCC Pavement Other Than at Joint, PCC Slab Replacement",,,
crack_sealing,1,broad_treatment_group + treatment_label,"AC Shoulder Restoration, Grinding Surface, Transverse Joint Sealing, Lane-Shoulder Longitudinal Joint Sealing, PCC Slab Replacement",,,
crack_sealing,2,broad_treatment_group + treatment_label,"AC Shoulder Restoration, Grinding Surface, Transverse Joint Sealing, Portland Cement Concrete Overlay, Lane-Shoulder Longitudinal Joint Sealing, Full Depth Transverse Joint Repair Patch",,,
crack_sealing,1,broad_treatment_group + treatment_label,"AC Shoulder Restoration, Hot-Mix Recycled Asphalt Concrete Overlay, Saw and Seal",,,
crack_sealing,30,broad_treatment_group + treatment_label,"AC Shoulder Restoration, Lane-Shoulder Longitudinal Joint Sealing",,,
crack_sealing,1,broad_treatment_group + treatment_label,"AC Shoulder Restoration, Lane-Shoulder Longitudinal Joint Sealing, Partial depth patching of PCC pavements at joints",,,
crack_sealing,4,broad_treatment_group + treatment_label,"AC Shoulder Restoration, Portland Cement Concrete Overlay, Lane-Shoulder Longitudinal Joint Sealing",,,
crack_sealing,6,broad_treatment_group + treatment_label,"AC Shoulder Restoration, Transverse Joint Sealing, Lane-Shoulder Longitudinal Joint Sealing, Partial depth patching of PCC pavements at joints",,,
crack_sealing,1,broad_treatment_group + treatment_label,"Aggregate Seal Coat, Saw and Seal",,,
crack_sealing,1,broad_treatment_group + treatment_label,"Asphalt Concrete Overlay, Lane-Shoulder Longitudinal Joint Sealing",,,
crack_sealing,1,broad_treatment_group + treatment_label,"Asphalt Concrete Overlay, Saw and Seal",,,
crack_sealing,1,broad_treatment_group + treatment_label,"Asphalt Concrete Overlay, Transverse Joint Sealing, Full Depth Transverse Joint Repair Patch, Partial depth patching of PCC pavements at joints, Saw and Seal",,,
crack_sealing,1,broad_treatment_group + treatment_label,"Asphalt Subsealing, Transverse Joint Sealing, Lane-Shoulder Longitudinal Joint Sealing",,,
crack_sealing,726,broad_treatment_group + treatment_label,Crack Sealing,,,
crack_sealing,1,broad_treatment_group + treatment_label,"Crack Sealing, AC Shoulder Replacement",,,
crack_sealing,1,broad_treatment_group + treatment_label,"Crack Sealing, AC Shoulder Replacement, Transverse Joint Sealing, Lane-Shoulder Longitudinal Joint Sealing, Partial Depth Patching of PCC Pavement Other Than at Joint",,,
crack_sealing,3,broad_treatment_group + treatment_label,"Crack Sealing, AC Shoulder Restoration",,,
crack_sealing,2,broad_treatment_group + treatment_label,"Crack Sealing, AC Shoulder Restoration, Asphalt Concrete Overlay",,,
crack_sealing,1,broad_treatment_group + treatment_label,"Crack Sealing, AC Shoulder Restoration, Asphalt Concrete Overlay, Transverse Joint Sealing, Full Depth Patching of PCC Pavement Other Than at Joint, Partial Depth Patching of PCC Pavement Other Than at Joint, PCC Slab Replacement",,,
crack_sealing,1,broad_treatment_group + treatment_label,"Crack Sealing, AC Shoulder Restoration, Asphalt Concrete Overlay, Transverse Joint Sealing, Full Depth Patching of PCC Pavement Other Than at Joint, Saw and Seal, Partial Depth Patching of PCC Pavement Other Than at Joint",,,
crack_sealing,1,broad_treatment_group + treatment_label,"Crack Sealing, AC Shoulder Restoration, Asphalt Concrete Overlay, Transverse Joint Sealing, Longitudinal Subdrains, Full Depth Patching of PCC Pavement Other Than at Joint, Joint Load Transfer Restoration in PCC Pavements, Partial Depth Patching of PCC Pavement Other Than at Joint, PCC Slab Replacement",,,
crack_sealing,1,broad_treatment_group + treatment_label,"Crack Sealing, AC Shoulder Restoration, Grinding Surface, Full Depth Transverse Joint Repair Patch, PCC Slab Replacement",,,
crack_sealing,1,broad_treatment_group + treatment_label,"Crack Sealing, AC Shoulder Restoration, Grinding Surface, Pressure Grout Subsealing, Transverse Joint Sealing, Longitudinal Subdrains, Partial depth patching of PCC pavements at joints",,,
crack_sealing,1,broad_treatment_group + treatment_label,"Crack Sealing, AC Shoulder Restoration, Grinding Surface, Transverse Joint Sealing",,,
crack_sealing,1,broad_treatment_group + treatment_label,"Crack Sealing, AC Shoulder Restoration, Grinding Surface, Transverse Joint Sealing, Lane-Shoulder Longitudinal Joint Sealing, Partial depth patching of PCC pavements at joints",,,
crack_sealing,1,broad_treatment_group + treatment_label,"Crack Sealing, AC Shoulder Restoration, Lane-Shoulder Longitudinal Joint Sealing",,,
crack_sealing,1,broad_treatment_group + treatment_label,"Crack Sealing, AC Shoulder Restoration, Lane-Shoulder Longitudinal Joint Sealing, Partial depth patching of PCC pavements at joints, Partial Depth Patching of PCC Pavement Other Than at Joint",,,
crack_sealing,1,broad_treatment_group + treatment_label,"Crack Sealing, AC Shoulder Restoration, Pressure Grout Subsealing, Transverse Joint Sealing, Longitudinal Subdrains, Partial depth patching of PCC pavements at joints",,,
crack_sealing,3,broad_treatment_group + treatment_label,"Crack Sealing, AC Shoulder Restoration, Skin Patching (hand tools/hot pot to apply liquid asphalt and aggregate)",,,
crack_sealing,1,broad_treatment_group + treatment_label,"Crack Sealing, AC Shoulder Restoration, Transverse Joint Sealing",,,
crack_sealing,1,broad_treatment_group + treatment_label,"Crack Sealing, AC Shoulder Restoration, Transverse Joint Sealing, Lane-Shoulder Longitudinal Joint Sealing",,,
crack_sealing,1,broad_treatment_group + treatment_label,"Crack Sealing, AC Shoulder Restoration, Transverse Joint Sealing, Lane-Shoulder Longitudinal Joint Sealing, Full Depth Transverse Joint Repair Patch, Partial Depth Patching of PCC Pavement Other Than at Joint",,,
crack_sealing,1,broad_treatment_group + treatment_label,"Crack Sealing, AC Shoulder Restoration, Transverse Joint Sealing, Lane-Shoulder Longitudinal Joint Sealing, Full Depth Transverse Joint Repair Patch, Partial depth patching of PCC pavements at joints, PCC Slab Replacement",,,
crack_sealing,1,broad_treatment_group + treatment_label,"Crack Sealing, AC Shoulder Restoration, Transverse Joint Sealing, Lane-Shoulder Longitudinal Joint Sealing, Partial Depth Patching of PCC Pavement Other Than at Joint",,,
crack_sealing,1,broad_treatment_group + treatment_label,"Crack Sealing, AC Shoulder Restoration, Transverse Joint Sealing, Lane-Shoulder Longitudinal Joint Sealing, Partial depth patching of PCC pavements at joints, Partial Depth Patching of PCC Pavement Other Than at Joint",,,
crack_sealing,2,broad_treatment_group + treatment_label,"Crack Sealing, Aggregate Seal Coat",,,
crack_sealing,6,broad_treatment_group + treatment_label,"Crack Sealing, Asphalt Concrete Overlay",,,
crack_sealing,1,broad_treatment_group + treatment_label,"Crack Sealing, Asphalt Concrete Overlay, Aggregate Seal Coat",,,
crack_sealing,1,broad_treatment_group + treatment_label,"Crack Sealing, Asphalt Concrete Overlay, Fog Seal Coat",,,
crack_sealing,1,broad_treatment_group + treatment_label,"Crack Sealing, Asphalt Concrete Overlay, Machine Premix Patch (placing premix with paver roller)",,,
crack_sealing,1,broad_treatment_group + treatment_label,"Crack Sealing, Fog Seal Coat",,,
crack_sealing,13,broad_treatment_group + treatment_label,"Crack Sealing, Full Depth Patch of AC Pavement (removing damaged material, repairing supporting material, and repairing)",,,
crack_sealing,5,broad_treatment_group + treatment_label,"Crack Sealing, Full Depth Patch of AC Pavement (removing damaged material, repairing supporting material, and repairing), Patch Pot Holes - Hand Spread, Compacted with Truck",,,
crack_sealing,1,broad_treatment_group + treatment_label,"Crack Sealing, Grinding Surface",,,
crack_sealing,1,broad_treatment_group + treatment_label,"Crack Sealing, Grinding Surface, Pressure Grout Subsealing, Longitudinal Subdrains, Full Depth Transverse Joint Repair Patch, Joint Load Transfer Restoration in PCC Pavements, PCC Slab Replacement",,,
crack_sealing,1,broad_treatment_group + treatment_label,"Crack Sealing, Grinding Surface, Pressure Grout Subsealing, Transverse Joint Sealing, Lane-Shoulder Longitudinal Joint Sealing, Longitudinal Subdrains, Full Depth Transverse Joint Repair Patch",,,
crack_sealing,1,broad_treatment_group + treatment_label,"Crack Sealing, Grinding Surface, Transverse Joint Sealing, Full Depth Patching of PCC Pavement Other Than at Joint, Partial Depth Patching of PCC Pavement Other Than at Joint",,,
crack_sealing,1,broad_treatment_group + treatment_label,"Crack Sealing, Grinding Surface, Transverse Joint Sealing, Full Depth Transverse Joint Repair Patch",,,
crack_sealing,1,broad_treatment_group + treatment_label,"Crack Sealing, Grinding Surface, Transverse Joint Sealing, Joint Load Transfer Restoration in PCC Pavements, PCC Slab Replacement",,,
crack_sealing,1,broad_treatment_group + treatment_label,"Crack Sealing, Grinding Surface, Transverse Joint Sealing, Lane-Shoulder Longitudinal Joint Sealing, Full Depth Transverse Joint Repair Patch, Full Depth Patching of PCC Pavement Other Than at Joint",,,
crack_sealing,1,broad_treatment_group + treatment_label,"Crack Sealing, Grinding Surface, Transverse Joint Sealing, Lane-Shoulder Longitudinal Joint Sealing, Full Depth Transverse Joint Repair Patch, Full Depth Patching of PCC Pavement Other Than at Joint, Partial depth patching of PCC pavements at joints",,,
crack_sealing,1,broad_treatment_group + treatment_label,"Crack Sealing, Grinding Surface, Transverse Joint Sealing, Lane-Shoulder Longitudinal Joint Sealing, Full Depth Transverse Joint Repair Patch, Partial depth patching of PCC pavements at joints, PCC Slab Replacement",,,
crack_sealing,1,broad_treatment_group + treatment_label,"Crack Sealing, Grinding Surface, Transverse Joint Sealing, Lane-Shoulder Longitudinal Joint Sealing, Longitudinal Subdrains, Full Depth Transverse Joint Repair Patch, Joint Load Transfer Restoration in PCC Pavements, Partial Depth Patching of PCC Pavement Other Than at Joint, PCC Slab Replacement",,,
crack_sealing,1,broad_treatment_group + treatment_label,"Crack Sealing, Grinding Surface, Transverse Joint Sealing, Lane-Shoulder Longitudinal Joint Sealing, Partial depth patching of PCC pavements at joints",,,
crack_sealing,1,broad_treatment_group + treatment_label,"Crack Sealing, Grinding Surface, Transverse Joint Sealing, Longitudinal Subdrains, Full Depth Patching of PCC Pavement Other Than at Joint, Joint Load Transfer Restoration in PCC Pavements, Partial Depth Patching of PCC Pavement Other Than at Joint",,,
crack_sealing,1,broad_treatment_group + treatment_label,"Crack Sealing, Grinding Surface, Transverse Joint Sealing, Partial depth patching of PCC pavements at joints, Partial Depth Patching of PCC Pavement Other Than at Joint",,,
crack_sealing,9,broad_treatment_group + treatment_label,"Crack Sealing, Lane-Shoulder Longitudinal Joint Sealing",,,
crack_sealing,2,broad_treatment_group + treatment_label,"Crack Sealing, Machine Premix Patch (placing premix with paver roller)",,,
crack_sealing,4,broad_treatment_group + treatment_label,"Crack Sealing, Manual Premix Spot Patch (hand spreading and compacting with roller)",,,
crack_sealing,1,broad_treatment_group + treatment_label,"Crack Sealing, Mechanical Premix Patch (using motor grader and roller)",,,
crack_sealing,1,broad_treatment_group + treatment_label,"Crack Sealing, Other",,,
crack_sealing,1,broad_treatment_group + treatment_label,"Crack Sealing, PCC Slab Replacement",,,
crack_sealing,2,broad_treatment_group + treatment_label,"Crack Sealing, Partial Depth Patching of PCC Pavement Other Than at Joint",,,
crack_sealing,6,broad_treatment_group + treatment_label,"Crack Sealing, Partial depth patching of PCC pavements at joints",,,
crack_sealing,36,broad_treatment_group + treatment_label,"Crack Sealing, Patch Pot Holes - Hand Spread, Compacted with Truck",,,
crack_sealing,1,broad_treatment_group + treatment_label,"Crack Sealing, Patch Pot Holes - Hand Spread, Compacted with Truck, Aggregate Seal Coat",,,
crack_sealing,1,broad_treatment_group + treatment_label,"Crack Sealing, Patch Pot Holes - Hand Spread, Compacted with Truck, Partial Depth Patching of PCC Pavement Other Than at Joint",,,
crack_sealing,1,broad_treatment_group + treatment_label,"Crack Sealing, Pressure Grout Subsealing, Full Depth Transverse Joint Repair Patch, PCC Slab Replacement",,,
crack_sealing,2,broad_treatment_group + treatment_label,"Crack Sealing, Pressure Grout Subsealing, Transverse Joint Sealing, Lane-Shoulder Longitudinal Joint Sealing",,,
crack_sealing,1,broad_treatment_group + treatment_label,"Crack Sealing, Saw and Seal",,,
crack_sealing,8,broad_treatment_group + treatment_label,"Crack Sealing, Skin Patching (hand tools/hot pot to apply liquid asphalt and aggregate)",,,
crack_sealing,5,broad_treatment_group + treatment_label,"Crack Sealing, Skin Patching (hand tools/hot pot to apply liquid asphalt and aggregate), Strip Patching (using spreader and distributor to apply hot liquid asphalt and aggregate)",,,
crack_sealing,3,broad_treatment_group + treatment_label,"Crack Sealing, Slurry Seal Coat",,,
crack_sealing,8,broad_treatment_group + treatment_label,"Crack Sealing, Strip Patching (using spreader and distributor to apply hot liquid asphalt and aggregate)",,,
crack_sealing,6,broad_treatment_group + treatment_label,"Crack Sealing, Transverse Joint Sealing",,,
crack_sealing,1,broad_treatment_group + treatment_label,"Crack Sealing, Transverse Joint Sealing, Full Depth Patching of PCC Pavement Other Than at Joint",,,
crack_sealing,1,broad_treatment_group + treatment_label,"Crack Sealing, Transverse Joint Sealing, Full Depth Patching of PCC Pavement Other Than at Joint, Partial Depth Patching of PCC Pavement Other Than at Joint",,,
crack_sealing,1,broad_treatment_group + treatment_label,"Crack Sealing, Transverse Joint Sealing, Full Depth Transverse Joint Repair Patch",,,
crack_sealing,1,broad_treatment_group + treatment_label,"Crack Sealing, Transverse Joint Sealing, Joint Load Transfer Restoration in PCC Pavements, Partial depth patching of PCC pavements at joints",,,
crack_sealing,45,broad_treatment_group + treatment_label,"Crack Sealing, Transverse Joint Sealing, Lane-Shoulder Longitudinal Joint Sealing",,,
crack_sealing,1,broad_treatment_group + treatment_label,"Crack Sealing, Transverse Joint Sealing, Lane-Shoulder Longitudinal Joint Sealing, Full Depth Patching of PCC Pavement Other Than at Joint",,,
crack_sealing,3,broad_treatment_group + treatment_label,"Crack Sealing, Transverse Joint Sealing, Lane-Shoulder Longitudinal Joint Sealing, Partial Depth Patching of PCC Pavement Other Than at Joint",,,
crack_sealing,1,broad_treatment_group + treatment_label,"Crack Sealing, Transverse Joint Sealing, Lane-Shoulder Longitudinal Joint Sealing, Partial depth patching of PCC pavements at joints, Partial Depth Patching of PCC Pavement Other Than at Joint",,,
crack_sealing,2,broad_treatment_group + treatment_label,"Crack Sealing, Transverse Joint Sealing, Patch Pot Holes - Hand Spread, Compacted with Truck",,,
crack_sealing,1,broad_treatment_group + treatment_label,"Crack Sealing, Transverse Joint Sealing, Patch Pot Holes - Hand Spread, Compacted with Truck, Lane-Shoulder Longitudinal Joint Sealing, Partial depth patching of PCC pavements at joints, Partial Depth Patching of PCC Pavement Other Than at Joint",,,
crack_sealing,1,broad_treatment_group + treatment_label,"Grinding Surface, Lane-Shoulder Longitudinal Joint Sealing",,,
crack_sealing,1,broad_treatment_group + treatment_label,"Grinding Surface, Transverse Joint Sealing",,,
crack_sealing,1,broad_treatment_group + treatment_label,"Grinding Surface, Transverse Joint Sealing, Full Depth Transverse Joint Repair Patch",,,
crack_sealing,1,broad_treatment_group + treatment_label,"Grinding Surface, Transverse Joint Sealing, Full Depth Transverse Joint Repair Patch, PCC Slab Replacement",,,
crack_sealing,1,broad_treatment_group + treatment_label,"Grinding Surface, Transverse Joint Sealing, Full Depth Transverse Joint Repair Patch, Partial Depth Patching of PCC Pavement Other Than at Joint",,,
crack_sealing,2,broad_treatment_group + treatment_label,"Grinding Surface, Transverse Joint Sealing, Full Depth Transverse Joint Repair Patch, Partial depth patching of PCC pavements at joints",,,
crack_sealing,1,broad_treatment_group + treatment_label,"Grinding Surface, Transverse Joint Sealing, Joint Load Transfer Restoration in PCC Pavements, Partial depth patching of PCC pavements at joints",,,
crack_sealing,3,broad_treatment_group + treatment_label,"Grinding Surface, Transverse Joint Sealing, Lane-Shoulder Longitudinal Joint Sealing",,,
crack_sealing,1,broad_treatment_group + treatment_label,"Grinding Surface, Transverse Joint Sealing, Lane-Shoulder Longitudinal Joint Sealing, Full Depth Transverse Joint Repair Patch",,,
crack_sealing,1,broad_treatment_group + treatment_label,"Grinding Surface, Transverse Joint Sealing, Lane-Shoulder Longitudinal Joint Sealing, Full Depth Transverse Joint Repair Patch, Full Depth Patching of PCC Pavement Other Than at Joint",,,
crack_sealing,1,broad_treatment_group + treatment_label,"Grinding Surface, Transverse Joint Sealing, Lane-Shoulder Longitudinal Joint Sealing, Full Depth Transverse Joint Repair Patch, Joint Load Transfer Restoration in PCC Pavements, Partial depth patching of PCC pavements at joints",,,
crack_sealing,1,broad_treatment_group + treatment_label,"Grinding Surface, Transverse Joint Sealing, Lane-Shoulder Longitudinal Joint Sealing, Joint Load Transfer Restoration in PCC Pavements",,,
crack_sealing,1,broad_treatment_group + treatment_label,"Grinding Surface, Transverse Joint Sealing, Lane-Shoulder Longitudinal Joint Sealing, PCC Slab Replacement",,,
crack_sealing,1,broad_treatment_group + treatment_label,"Grinding Surface, Transverse Joint Sealing, Lane-Shoulder Longitudinal Joint Sealing, Partial Depth Patching of PCC Pavement Other Than at Joint",,,
crack_sealing,1,broad_treatment_group + treatment_label,"Grinding Surface, Transverse Joint Sealing, Lane-Shoulder Longitudinal Joint Sealing, Partial depth patching of PCC pavements at joints",,,
crack_sealing,1,broad_treatment_group + treatment_label,"Grinding Surface, Transverse Joint Sealing, Longitudinal Subdrains, Full Depth Transverse Joint Repair Patch, PCC Slab Replacement",,,
crack_sealing,1,broad_treatment_group + treatment_label,"Grinding Surface, Transverse Joint Sealing, Longitudinal Subdrains, Full Depth Transverse Joint Repair Patch, Partial depth patching of PCC pavements at joints",,,
crack_sealing,2,broad_treatment_group + treatment_label,"Grinding Surface, Transverse Joint Sealing, Partial depth patching of PCC pavements at joints",,,
crack_sealing,1,broad_treatment_group + treatment_label,"Grooving Surface, Asphalt Concrete Overlay, Transverse Joint Sealing, Saw and Seal, Partial Depth Patching of PCC Pavement Other Than at Joint",,,
crack_sealing,73,broad_treatment_group + treatment_label,Lane-Shoulder Longitudinal Joint Sealing,,,
crack_sealing,1,broad_treatment_group + treatment_label,"Lane-Shoulder Longitudinal Joint Sealing, Full Depth Patching of PCC Pavement Other Than at Joint",,,
crack_sealing,1,broad_treatment_group + treatment_label,"Lane-Shoulder Longitudinal Joint Sealing, Mill Off AC and Overlay with AC",,,
crack_sealing,3,broad_treatment_group + treatment_label,"Lane-Shoulder Longitudinal Joint Sealing, PCC Slab Replacement",,,
crack_sealing,1,broad_treatment_group + treatment_label,"Lane-Shoulder Longitudinal Joint Sealing, Partial Depth Patching of PCC Pavement Other Than at Joint",,,
crack_sealing,13,broad_treatment_group + treatment_label,"Lane-Shoulder Longitudinal Joint Sealing, Partial depth patching of PCC pavements at joints",,,
crack_sealing,2,broad_treatment_group + treatment_label,"Manual Premix Spot Patch (hand spreading and compacting with roller), Lane-Shoulder Longitudinal Joint Sealing",,,
crack_sealing,4,broad_treatment_group + treatment_label,"Pressure Grout Subsealing, Transverse Joint Sealing, Lane-Shoulder Longitudinal Joint Sealing",,,
crack_sealing,4,broad_treatment_group + treatment_label,"Sand Seal Coat, Saw and Seal",,,
crack_sealing,1,broad_treatment_group + treatment_label,Saw and Seal,,,
crack_sealing,24,broad_treatment_group + treatment_label,Transverse Joint Sealing,,,
crack_sealing,1,broad_treatment_group + treatment_label,"Transverse Joint Sealing, Full Depth Patching of PCC Pavement Other Than at Joint",,,
crack_sealing,3,broad_treatment_group + treatment_label,"Transverse Joint Sealing, Full Depth Transverse Joint Repair Patch",,,
crack_sealing,194,broad_treatment_group + treatment_label,"Transverse Joint Sealing, Lane-Shoulder Longitudinal Joint Sealing",,,
crack_sealing,12,broad_treatment_group + treatment_label,"Transverse Joint Sealing, Lane-Shoulder Longitudinal Joint Sealing, Full Depth Patching of PCC Pavement Other Than at Joint",,,
crack_sealing,1,broad_treatment_group + treatment_label,"Transverse Joint Sealing, Lane-Shoulder Longitudinal Joint Sealing, Full Depth Patching of PCC Pavement Other Than at Joint, PCC Slab Replacement",,,
crack_sealing,2,broad_treatment_group + treatment_label,"Transverse Joint Sealing, Lane-Shoulder Longitudinal Joint Sealing, Full Depth Transverse Joint Repair Patch",,,
crack_sealing,1,broad_treatment_group + treatment_label,"Transverse Joint Sealing, Lane-Shoulder Longitudinal Joint Sealing, Full Depth Transverse Joint Repair Patch, Partial depth patching of PCC pavements at joints, Partial Depth Patching of PCC Pavement Other Than at Joint",,,
crack_sealing,2,broad_treatment_group + treatment_label,"Transverse Joint Sealing, Lane-Shoulder Longitudinal Joint Sealing, PCC Slab Replacement",,,
crack_sealing,1,broad_treatment_group + treatment_label,"Transverse Joint Sealing, Lane-Shoulder Longitudinal Joint Sealing, Partial Depth Patching of PCC Pavement Other Than at Joint",,,
crack_sealing,6,broad_treatment_group + treatment_label,"Transverse Joint Sealing, Lane-Shoulder Longitudinal Joint Sealing, Partial depth patching of PCC pavements at joints",,,
crack_sealing,2,broad_treatment_group + treatment_label,"Transverse Joint Sealing, Lane-Shoulder Longitudinal Joint Sealing, Partial depth patching of PCC pavements at joints, Partial Depth Patching of PCC Pavement Other Than at Joint",,,
crack_sealing,1,broad_treatment_group + treatment_label,"Transverse Joint Sealing, Manual Premix Spot Patch (hand spreading and compacting with roller), Lane-Shoulder Longitudinal Joint Sealing",,,
crack_sealing,4,broad_treatment_group + treatment_label,"Transverse Joint Sealing, Partial depth patching of PCC pavements at joints",,,
crack_sealing,1,broad_treatment_group + treatment_label,"Transverse Joint Sealing, Partial depth patching of PCC pavements at joints, Partial Depth Patching of PCC Pavement Other Than at Joint",,,
grinding,7,broad_treatment_group + treatment_label,"AC Shoulder Restoration, Grinding Surface",,,
grinding,1,broad_treatment_group + treatment_label,"AC Shoulder Restoration, Grinding Surface, Grooving Surface",,,
grinding,109,broad_treatment_group + treatment_label,Grinding Surface,,,
grinding,2,broad_treatment_group + treatment_label,"Grinding Surface, Joint Load Transfer Restoration in PCC Pavements",,,
grinding,1,broad_treatment_group + treatment_label,"Grinding Surface, PCC Shoulder Restoration",,,
grinding,1,broad_treatment_group + treatment_label,"Grinding Surface, Slab Jacking Depressions",,,
grinding,3,broad_treatment_group + treatment_label,Grooving Surface,,,
other_maintenance,1,broad_treatment_group + treatment_label,"Heater Scarification, Surface Recycled Asphalt Concrete",,,
patching,1,broad_treatment_group + treatment_label,"AC Shoulder Replacement, Full Depth Patching of PCC Pavement Other Than at Joint",,,
patching,1,broad_treatment_group + treatment_label,"AC Shoulder Replacement, Full Depth Transverse Joint Repair Patch, Partial depth patching of PCC pavements at joints, Partial Depth Patching of PCC Pavement Other Than at Joint",,,
patching,1,broad_treatment_group + treatment_label,"AC Shoulder Replacement, Manual Premix Spot Patch (hand spreading and compacting with roller)",,,
patching,3,broad_treatment_group + treatment_label,"AC Shoulder Replacement, Partial Depth Patching of PCC Pavement Other Than at Joint",,,
patching,1,broad_treatment_group + treatment_label,"AC Shoulder Restoration, Full Depth Patching of PCC Pavement Other Than at Joint",,,
patching,1,broad_treatment_group + treatment_label,"AC Shoulder Restoration, Full Depth Patching of PCC Pavement Other Than at Joint, Other, PCC Slab Replacement",,,
patching,4,broad_treatment_group + treatment_label,"AC Shoulder Restoration, Full Depth Transverse Joint Repair Patch",,,
patching,2,broad_treatment_group + treatment_label,"AC Shoulder Restoration, Full Depth Transverse Joint Repair Patch, Partial depth patching of PCC pavements at joints",,,
patching,1,broad_treatment_group + treatment_label,"AC Shoulder Restoration, Grinding Surface, Joint Load Transfer Restoration in PCC Pavements, Partial depth patching of PCC pavements at joints",,,
patching,1,broad_treatment_group + treatment_label,"AC Shoulder Restoration, Grinding Surface, Patch Pot Holes - Hand Spread, Compacted with Truck",,,
patching,1,broad_treatment_group + treatment_label,"AC Shoulder Restoration, Grooving Surface, Full Depth Patching of PCC Pavement Other Than at Joint, Partial Depth Patching of PCC Pavement Other Than at Joint",,,
patching,1,broad_treatment_group + treatment_label,"AC Shoulder Restoration, Longitudinal Subdrains, Full Depth Transverse Joint Repair Patch, Joint Load Transfer Restoration in PCC Pavements",,,
patching,1,broad_treatment_group + treatment_label,"AC Shoulder Restoration, Longitudinal Subdrains, Partial depth patching of PCC pavements at joints",,,
patching,1,broad_treatment_group + treatment_label,"AC Shoulder Restoration, Partial Depth Patching of PCC Pavement Other Than at Joint",,,
patching,5,broad_treatment_group + treatment_label,"AC Shoulder Restoration, Partial depth patching of PCC pavements at joints",,,
patching,1,broad_treatment_group + treatment_label,"AC Shoulder Restoration, Partial depth patching of PCC pavements at joints, PCC Slab Replacement",,,
patching,5,broad_treatment_group + treatment_label,"AC Shoulder Restoration, Partial depth patching of PCC pavements at joints, Partial Depth Patching of PCC Pavement Other Than at Joint",,,
patching,1,broad_treatment_group + treatment_label,"AC Shoulder Restoration, Patch Pot Holes - Hand Spread, Compacted with Truck, Longitudinal Subdrains",,,
patching,105,broad_treatment_group + treatment_label,"Full Depth Patch of AC Pavement (removing damaged material, repairing supporting material, and repairing)",,,
patching,12,broad_treatment_group + treatment_label,"Full Depth Patch of AC Pavement (removing damaged material, repairing supporting material, and repairing), Patch Pot Holes - Hand Spread, Compacted with Truck",,,
patching,1,broad_treatment_group + treatment_label,"Full Depth Patch of AC Pavement (removing damaged material, repairing supporting material, and repairing), Skin Patching (hand tools/hot pot to apply liquid asphalt and aggregate)",,,
patching,1,broad_treatment_group + treatment_label,"Full Depth Patch of AC Pavement (removing damaged material, repairing supporting material, and repairing), Strip Patching (using spreader and distributor to apply hot liquid asphalt and aggregate)",,,
patching,58,broad_treatment_group + treatment_label,Full Depth Patching of PCC Pavement Other Than at Joint,,,
patching,1,broad_treatment_group + treatment_label,"Full Depth Patching of PCC Pavement Other Than at Joint, PCC Slab Replacement",,,
patching,4,broad_treatment_group + treatment_label,"Full Depth Patching of PCC Pavement Other Than at Joint, Partial Depth Patching of PCC Pavement Other Than at Joint",,,
patching,3,broad_treatment_group + treatment_label,"Full Depth Patching of PCC Pavement Other Than at Joint, Partial depth patching of PCC pavements at joints",,,
patching,1,broad_treatment_group + treatment_label,"Full Depth Patching of PCC Pavement Other Than at Joint, Partial depth patching of PCC pavements at joints, PCC Slab Replacement",,,
patching,45,broad_treatment_group + treatment_label,Full Depth Transverse Joint Repair Patch,,,
patching,1,broad_treatment_group + treatment_label,"Full Depth Transverse Joint Repair Patch, Fracture Treatment of PCC Pavement as Base for New AC Surface, Other, Partial Depth Patching of PCC Pavement Other Than at Joint, PCC Slab Replacement",,,
patching,11,broad_treatment_group + treatment_label,"Full Depth Transverse Joint Repair Patch, Full Depth Patching of PCC Pavement Other Than at Joint",,,
patching,4,broad_treatment_group + treatment_label,"Full Depth Transverse Joint Repair Patch, Full Depth Patching of PCC Pavement Other Than at Joint, Joint Load Transfer Restoration in PCC Pavements",,,
patching,3,broad_treatment_group + treatment_label,"Full Depth Transverse Joint Repair Patch, Full Depth Patching of PCC Pavement Other Than at Joint, Joint Load Transfer Restoration in PCC Pavements, Partial Depth Patching of PCC Pavement Other Than at Joint",,,
patching,2,broad_treatment_group + treatment_label,"Full Depth Transverse Joint Repair Patch, Full Depth Patching of PCC Pavement Other Than at Joint, PCC Slab Replacement",,,
patching,1,broad_treatment_group + treatment_label,"Full Depth Transverse Joint Repair Patch, Full Depth Patching of PCC Pavement Other Than at Joint, Partial Depth Patching of PCC Pavement Other Than at Joint",,,
patching,1,broad_treatment_group + treatment_label,"Full Depth Transverse Joint Repair Patch, Full Depth Patching of PCC Pavement Other Than at Joint, Partial Depth Patching of PCC Pavement Other Than at Joint, PCC Slab Replacement",,,
patching,5,broad_treatment_group + treatment_label,"Full Depth Transverse Joint Repair Patch, Joint Load Transfer Restoration in PCC Pavements",,,
patching,3,broad_treatment_group + treatment_label,"Full Depth Transverse Joint Repair Patch, Joint Load Transfer Restoration in PCC Pavements, Partial Depth Patching of PCC Pavement Other Than at Joint",,,
patching,2,broad_treatment_group + treatment_label,"Full Depth Transverse Joint Repair Patch, Other",,,
patching,4,broad_treatment_group + treatment_label,"Full Depth Transverse Joint Repair Patch, PCC Slab Replacement",,,
patching,2,broad_treatment_group + treatment_label,"Full Depth Transverse Joint Repair Patch, Partial Depth Patching of PCC Pavement Other Than at Joint",,,
patching,16,broad_treatment_group + treatment_label,"Full Depth Transverse Joint Repair Patch, Partial depth patching of PCC pavements at joints",,,
patching,2,broad_treatment_group + treatment_label,"Full Depth Transverse Joint Repair Patch, Partial depth patching of PCC pavements at joints, PCC Slab Replacement",,,
patching,2,broad_treatment_group + treatment_label,"Grinding Surface, Full Depth Patching of PCC Pavement Other Than at Joint",,,
patching,1,broad_treatment_group + treatment_label,"Grinding Surface, Full Depth Patching of PCC Pavement Other Than at Joint, Partial depth patching of PCC pavements at joints",,,
patching,1,broad_treatment_group + treatment_label,"Grinding Surface, Full Depth Transverse Joint Repair Patch",,,
patching,1,broad_treatment_group + treatment_label,"Grinding Surface, Full Depth Transverse Joint Repair Patch, Full Depth Patching of PCC Pavement Other Than at Joint, Partial depth patching of PCC pavements at joints, Partial Depth Patching of PCC Pavement Other Than at Joint",,,
patching,2,broad_treatment_group + treatment_label,"Grinding Surface, Full Depth Transverse Joint Repair Patch, Joint Load Transfer Restoration in PCC Pavements",,,
patching,1,broad_treatment_group + treatment_label,"Grinding Surface, Manual Premix Spot Patch (hand spreading and compacting with roller)",,,
patching,2,broad_treatment_group + treatment_label,"Grinding Surface, Partial depth patching of PCC pavements at joints",,,
patching,1,broad_treatment_group + treatment_label,"Grinding Surface, Partial depth patching of PCC pavements at joints, PCC Slab Replacement",,,
patching,5,broad_treatment_group + treatment_label,"Grinding Surface, Partial depth patching of PCC pavements at joints, Partial Depth Patching of PCC Pavement Other Than at Joint",,,
patching,2,broad_treatment_group + treatment_label,"Grinding Surface, Patch Pot Holes - Hand Spread, Compacted with Truck",,,
patching,2,broad_treatment_group + treatment_label,"Grinding Surface, Patch Pot Holes - Hand Spread, Compacted with Truck, Full Depth Transverse Joint Repair Patch, Joint Load Transfer Restoration in PCC Pavements",,,
patching,2,broad_treatment_group + treatment_label,"Grinding Surface, Patch Pot Holes - Hand Spread, Compacted with Truck, Joint Load Transfer Restoration in PCC Pavements",,,
patching,1,broad_treatment_group + treatment_label,"Longitudinal Subdrains, Full Depth Transverse Joint Repair Patch, Joint Load Transfer Restoration in PCC Pavements, Partial Depth Patching of PCC Pavement Other Than at Joint",,,
patching,1,broad_treatment_group + treatment_label,"Longitudinal Subdrains, Joint Load Transfer Restoration in PCC Pavements, Partial depth patching of PCC pavements at joints",,,
patching,29,broad_treatment_group + treatment_label,Machine Premix Patch (placing premix with paver roller),,,
patching,1,broad_treatment_group + treatment_label,"Machine Premix Patch (placing premix with paver roller), Full Depth Patch of AC Pavement (removing damaged material, repairing supporting material, and repairing)",,,
patching,1,broad_treatment_group + treatment_label,"Machine Premix Patch (placing premix with paver roller), Patch Pot Holes - Hand Spread, Compacted with Truck",,,
patching,1,broad_treatment_group + treatment_label,"Machine Premix Patch (placing premix with paver roller), Strip Patching (using spreader and distributor to apply hot liquid asphalt and aggregate)",,,
patching,136,broad_treatment_group + treatment_label,Manual Premix Spot Patch (hand spreading and compacting with roller),,,
patching,1,broad_treatment_group + treatment_label,"Manual Premix Spot Patch (hand spreading and compacting with roller), Full Depth Patch of AC Pavement (removing damaged material, repairing supporting material, and repairing)",,,
patching,1,broad_treatment_group + treatment_label,"Manual Premix Spot Patch (hand spreading and compacting with roller), Machine Premix Patch (placing premix with paver roller)",,,
patching,6,broad_treatment_group + treatment_label,"Manual Premix Spot Patch (hand spreading and compacting with roller), Patch Pot Holes - Hand Spread, Compacted with Truck",,,
patching,18,broad_treatment_group + treatment_label,Mechanical Premix Patch (using motor grader and roller),,,
patching,1,broad_treatment_group + treatment_label,"Mechanical Premix Patch (using motor grader and roller), Full Depth Patch of AC Pavement (removing damaged material, repairing supporting material, and repairing), Patch Pot Holes - Hand Spread, Compacted with Truck",,,
patching,137,broad_treatment_group + treatment_label,Partial Depth Patching of PCC Pavement Other Than at Joint,,,
patching,4,broad_treatment_group + treatment_label,"Partial Depth Patching of PCC Pavement Other Than at Joint, PCC Slab Replacement",,,
patching,243,broad_treatment_group + treatment_label,Partial depth patching of PCC pavements at joints,,,
patching,3,broad_treatment_group + treatment_label,"Partial depth patching of PCC pavements at joints, PCC Slab Replacement",,,
patching,56,broad_treatment_group + treatment_label,"Partial depth patching of PCC pavements at joints, Partial Depth Patching of PCC Pavement Other Than at Joint",,,
patching,394,broad_treatment_group + treatment_label,"Patch Pot Holes - Hand Spread, Compacted with Truck",,,
patching,1,broad_treatment_group + treatment_label,"Patch Pot Holes - Hand Spread, Compacted with Truck, Full Depth Transverse Joint Repair Patch",,,
patching,1,broad_treatment_group + treatment_label,"Patch Pot Holes - Hand Spread, Compacted with Truck, Full Depth Transverse Joint Repair Patch, Full Depth Patching of PCC Pavement Other Than at Joint",,,
patching,1,broad_treatment_group + treatment_label,"Patch Pot Holes - Hand Spread, Compacted with Truck, Skin Patching (hand tools/hot pot to apply liquid asphalt and aggregate)",,,
patching,1,broad_treatment_group + treatment_label,"Patch Pot Holes - Hand Spread, Compacted with Truck, Strip Patching (using spreader and distributor to apply hot liquid asphalt and aggregate)",,,
patching,1,broad_treatment_group + treatment_label,"Pressure Grout Subsealing, Longitudinal Subdrains, Full Depth Transverse Joint Repair Patch",,,
patching,211,broad_treatment_group + treatment_label,Skin Patching (hand tools/hot pot to apply liquid asphalt and aggregate),,,
patching,1,broad_treatment_group + treatment_label,"Skin Patching (hand tools/hot pot to apply liquid asphalt and aggregate), Full Depth Patching of PCC Pavement Other Than at Joint",,,
patching,1,broad_treatment_group + treatment_label,"Skin Patching (hand tools/hot pot to apply liquid asphalt and aggregate), Partial Depth Patching of PCC Pavement Other Than at Joint",,,
patching,45,broad_treatment_group + treatment_label,Strip Patching (using spreader and distributor to apply hot liquid asphalt and aggregate),,,
reconstruction_or_major_rehab,1,broad_treatment_group + treatment_label,Asphalt Subsealing,,,
reconstruction_or_major_rehab,5,broad_treatment_group + treatment_label,Fracture Treatment of PCC Pavement as Base for New AC Surface,,,
reconstruction_or_major_rehab,6,broad_treatment_group + treatment_label,Joint Load Transfer Restoration in PCC Pavements,,,
reconstruction_or_major_rehab,17,broad_treatment_group + treatment_label,Longitudinal Subdrains,,,
reconstruction_or_major_rehab,6,broad_treatment_group + treatment_label,"Longitudinal Subdrains, Fracture Treatment of PCC Pavement as Base for New AC Surface",,,
reconstruction_or_major_rehab,28,broad_treatment_group + treatment_label,PCC Slab Replacement,,,
reconstruction_or_major_rehab,1,broad_treatment_group + treatment_label,Pressure Grout Subsealing,,,
reconstruction_or_major_rehab,2,broad_treatment_group + treatment_label,"Pressure Grout Subsealing, Longitudinal Subdrains",,,
seal_coat,1,broad_treatment_group + treatment_label,"AC Shoulder Restoration, Surface Treatment, Single Layer, Aggregate Seal Coat",,,
seal_coat,282,broad_treatment_group + treatment_label,Aggregate Seal Coat,,,
seal_coat,53,broad_treatment_group + treatment_label,Fog Seal Coat,,,
seal_coat,1,broad_treatment_group + treatment_label,"Grinding Surface, Surface Treatment, Single Layer",,,
seal_coat,2,broad_treatment_group + treatment_label,"Manual Premix Spot Patch (hand spreading and compacting with roller), Aggregate Seal Coat",,,
seal_coat,1,broad_treatment_group + treatment_label,"Mechanical Premix Patch (using motor grader and roller), Aggregate Seal Coat",,,
seal_coat,2,broad_treatment_group + treatment_label,"Patch Pot Holes - Hand Spread, Compacted with Truck, Fog Seal Coat",,,
seal_coat,2,broad_treatment_group + treatment_label,"Patch Pot Holes - Hand Spread, Compacted with Truck, Surface Treatment, Single Layer",,,
seal_coat,9,broad_treatment_group + treatment_label,Sand Seal Coat,,,
seal_coat,1,broad_treatment_group + treatment_label,"Skin Patching (hand tools/hot pot to apply liquid asphalt and aggregate), Slurry Seal Coat",,,
seal_coat,112,broad_treatment_group + treatment_label,Slurry Seal Coat,,,
seal_coat,1,broad_treatment_group + treatment_label,"Slurry Seal Coat, Heater Scarification, Surface Recycled Asphalt Concrete",,,
seal_coat,1,broad_treatment_group + treatment_label,"Strip Patching (using spreader and distributor to apply hot liquid asphalt and aggregate), Aggregate Seal Coat",,,
seal_coat,2,broad_treatment_group + treatment_label,"Strip Patching (using spreader and distributor to apply hot liquid asphalt and aggregate), Slurry Seal Coat",,,
seal_coat,8,broad_treatment_group + treatment_label,"Surface Treatment, Double Layer",,,
seal_coat,39,broad_treatment_group + treatment_label,"Surface Treatment, Single Layer",,,
seal_coat,1,broad_treatment_group + treatment_label,"Surface Treatment, Single Layer, Slurry Seal Coat",,,
seal_coat,1,broad_treatment_group + treatment_label,Tack Coat,,,
shoulder_restoration,23,broad_treatment_group + treatment_label,AC Shoulder Replacement,,,
shoulder_restoration,88,broad_treatment_group + treatment_label,AC Shoulder Restoration,,,
shoulder_restoration,1,broad_treatment_group + treatment_label,"AC Shoulder Restoration, Longitudinal Subdrains",,,
shoulder_restoration,2,broad_treatment_group + treatment_label,"AC Shoulder Restoration, Other, PCC Slab Replacement",,,
shoulder_restoration,1,broad_treatment_group + treatment_label,"AC Shoulder Restoration, PCC Slab Replacement",,,
shoulder_restoration,1,broad_treatment_group + treatment_label,"Other, PCC Shoulder Replacement",,,
shoulder_restoration,1,broad_treatment_group + treatment_label,PCC Shoulder Replacement,,,
unknown,2840,broad_treatment_group + treatment_label,,,,
asphalt_overlay,2,broad_treatment_group + event_year,,1988,,
asphalt_overlay,41,broad_treatment_group + event_year,,1989,,
asphalt_overlay,194,broad_treatment_group + event_year,,1990,,
asphalt_overlay,70,broad_treatment_group + event_year,,1991,,
asphalt_overlay,147,broad_treatment_group + event_year,,1992,,
asphalt_overlay,41,broad_treatment_group + event_year,,1993,,
asphalt_overlay,15,broad_treatment_group + event_year,,1994,,
asphalt_overlay,64,broad_treatment_group + event_year,,1995,,
asphalt_overlay,80,broad_treatment_group + event_year,,1996,,
asphalt_overlay,44,broad_treatment_group + event_year,,1997,,
asphalt_overlay,65,broad_treatment_group + event_year,,1998,,
asphalt_overlay,23,broad_treatment_group + event_year,,1999,,
asphalt_overlay,22,broad_treatment_group + event_year,,2000,,
asphalt_overlay,51,broad_treatment_group + event_year,,2001,,
asphalt_overlay,45,broad_treatment_group + event_year,,2002,,
asphalt_overlay,30,broad_treatment_group + event_year,,2003,,
asphalt_overlay,1,broad_treatment_group + event_year,,2004,,
asphalt_overlay,1,broad_treatment_group + event_year,,2005,,
asphalt_overlay,2,broad_treatment_group + event_year,,2007,,
asphalt_overlay,1,broad_treatment_group + event_year,,2008,,
asphalt_overlay,7,broad_treatment_group + event_year,,2009,,
asphalt_overlay,14,broad_treatment_group + event_year,,2010,,
asphalt_overlay,46,broad_treatment_group + event_year,,2011,,
asphalt_overlay,44,broad_treatment_group + event_year,,2012,,
asphalt_overlay,31,broad_treatment_group + event_year,,2013,,
asphalt_overlay,39,broad_treatment_group + event_year,,2014,,
asphalt_overlay,42,broad_treatment_group + event_year,,2015,,
asphalt_overlay,44,broad_treatment_group + event_year,,2016,,
asphalt_overlay,13,broad_treatment_group + event_year,,2017,,
crack_sealing,5,broad_treatment_group + event_year,,1988,,
crack_sealing,9,broad_treatment_group + event_year,,1989,,
crack_sealing,199,broad_treatment_group + event_year,,1990,,
crack_sealing,106,broad_treatment_group + event_year,,1991,,
crack_sealing,61,broad_treatment_group + event_year,,1992,,
crack_sealing,41,broad_treatment_group + event_year,,1993,,
crack_sealing,32,broad_treatment_group + event_year,,1994,,
crack_sealing,60,broad_treatment_group + event_year,,1995,,
crack_sealing,41,broad_treatment_group + event_year,,1996,,
crack_sealing,71,broad_treatment_group + event_year,,1997,,
crack_sealing,80,broad_treatment_group + event_year,,1998,,
crack_sealing,56,broad_treatment_group + event_year,,1999,,
crack_sealing,72,broad_treatment_group + event_year,,2000,,
crack_sealing,84,broad_treatment_group + event_year,,2001,,
crack_sealing,69,broad_treatment_group + event_year,,2002,,
crack_sealing,61,broad_treatment_group + event_year,,2003,,
crack_sealing,47,broad_treatment_group + event_year,,2004,,
crack_sealing,20,broad_treatment_group + event_year,,2005,,
crack_sealing,30,broad_treatment_group + event_year,,2006,,
crack_sealing,30,broad_treatment_group + event_year,,2007,,
crack_sealing,49,broad_treatment_group + event_year,,2008,,
crack_sealing,37,broad_treatment_group + event_year,,2009,,
crack_sealing,11,broad_treatment_group + event_year,,2010,,
crack_sealing,14,broad_treatment_group + event_year,,2011,,
crack_sealing,18,broad_treatment_group + event_year,,2012,,
crack_sealing,23,broad_treatment_group + event_year,,2013,,
crack_sealing,4,broad_treatment_group + event_year,,2014,,
crack_sealing,22,broad_treatment_group + event_year,,2015,,
crack_sealing,8,broad_treatment_group + event_year,,2016,,
crack_sealing,1,broad_treatment_group + event_year,,2017,,
crack_sealing,13,broad_treatment_group + event_year,,2018,,
crack_sealing,11,broad_treatment_group + event_year,,2019,,
crack_sealing,8,broad_treatment_group + event_year,,2020,,
crack_sealing,4,broad_treatment_group + event_year,,2021,,
crack_sealing,12,broad_treatment_group + event_year,,2024,,
grinding,1,broad_treatment_group + event_year,,1989,,
grinding,2,broad_treatment_group + event_year,,1990,,
grinding,2,broad_treatment_group + event_year,,1991,,
grinding,3,broad_treatment_group + event_year,,1992,,
grinding,3,broad_treatment_group + event_year,,1993,,
grinding,4,broad_treatment_group + event_year,,1995,,
grinding,6,broad_treatment_group + event_year,,1996,,
grinding,7,broad_treatment_group + event_year,,1997,,
grinding,10,broad_treatment_group + event_year,,1998,,
grinding,2,broad_treatment_group + event_year,,1999,,
grinding,26,broad_treatment_group + event_year,,2000,,
grinding,1,broad_treatment_group + event_year,,2001,,
grinding,3,broad_treatment_group + event_year,,2002,,
grinding,2,broad_treatment_group + event_year,,2003,,
grinding,1,broad_treatment_group + event_year,,2004,,
grinding,3,broad_treatment_group + event_year,,2005,,
grinding,1,broad_treatment_group + event_year,,2006,,
grinding,5,broad_treatment_group + event_year,,2007,,
grinding,4,broad_treatment_group + event_year,,2008,,
grinding,5,broad_treatment_group + event_year,,2009,,
grinding,4,broad_treatment_group + event_year,,2010,,
grinding,18,broad_treatment_group + event_year,,2011,,
grinding,1,broad_treatment_group + event_year,,2012,,
grinding,5,broad_treatment_group + event_year,,2013,,
grinding,3,broad_treatment_group + event_year,,2014,,
grinding,2,broad_treatment_group + event_year,,2015,,
other_maintenance,1,broad_treatment_group + event_year,,1992,,
patching,1,broad_treatment_group + event_year,,1988,,
patching,11,broad_treatment_group + event_year,,1989,,
patching,49,broad_treatment_group + event_year,,1990,,
patching,46,broad_treatment_group + event_year,,1991,,
patching,78,broad_treatment_group + event_year,,1992,,
patching,64,broad_treatment_group + event_year,,1993,,
patching,72,broad_treatment_group + event_year,,1994,,
patching,75,broad_treatment_group + event_year,,1995,,
patching,76,broad_treatment_group + event_year,,1996,,
patching,59,broad_treatment_group + event_year,,1997,,
patching,89,broad_treatment_group + event_year,,1998,,
patching,110,broad_treatment_group + event_year,,1999,,
patching,58,broad_treatment_group + event_year,,2000,,
patching,124,broad_treatment_group + event_year,,2001,,
patching,67,broad_treatment_group + event_year,,2002,,
patching,102,broad_treatment_group + event_year,,2003,,
patching,82,broad_treatment_group + event_year,,2004,,
patching,54,broad_treatment_group + event_year,,2005,,
patching,57,broad_treatment_group + event_year,,2006,,
patching,20,broad_treatment_group + event_year,,2007,,
patching,60,broad_treatment_group + event_year,,2008,,
patching,26,broad_treatment_group + event_year,,2009,,
patching,24,broad_treatment_group + event_year,,2010,,
patching,43,broad_treatment_group + event_year,,2011,,
patching,25,broad_treatment_group + event_year,,2012,,
patching,25,broad_treatment_group + event_year,,2013,,
patching,37,broad_treatment_group + event_year,,2014,,
patching,16,broad_treatment_group + event_year,,2015,,
patching,27,broad_treatment_group + event_year,,2016,,
patching,7,broad_treatment_group + event_year,,2017,,
patching,8,broad_treatment_group + event_year,,2018,,
patching,15,broad_treatment_group + event_year,,2019,,
patching,24,broad_treatment_group + event_year,,2020,,
patching,1,broad_treatment_group + event_year,,2021,,
patching,7,broad_treatment_group + event_year,,2023,,
reconstruction_or_major_rehab,2,broad_treatment_group + event_year,,1988,,
reconstruction_or_major_rehab,3,broad_treatment_group + event_year,,1989,,
reconstruction_or_major_rehab,10,broad_treatment_group + event_year,,1990,,
reconstruction_or_major_rehab,6,broad_treatment_group + event_year,,1991,,
reconstruction_or_major_rehab,9,broad_treatment_group + event_year,,1992,,
reconstruction_or_major_rehab,7,broad_treatment_group + event_year,,1993,,
reconstruction_or_major_rehab,2,broad_treatment_group + event_year,,1994,,
reconstruction_or_major_rehab,2,broad_treatment_group + event_year,,1995,,
reconstruction_or_major_rehab,3,broad_treatment_group + event_year,,1997,,
reconstruction_or_major_rehab,1,broad_treatment_group + event_year,,1998,,
reconstruction_or_major_rehab,3,broad_treatment_group + event_year,,1999,,
reconstruction_or_major_rehab,1,broad_treatment_group + event_year,,2000,,
reconstruction_or_major_rehab,1,broad_treatment_group + event_year,,2001,,
reconstruction_or_major_rehab,2,broad_treatment_group + event_year,,2002,,
reconstruction_or_major_rehab,4,broad_treatment_group + event_year,,2004,,
reconstruction_or_major_rehab,1,broad_treatment_group + event_year,,2005,,
reconstruction_or_major_rehab,2,broad_treatment_group + event_year,,2011,,
reconstruction_or_major_rehab,1,broad_treatment_group + event_year,,2012,,
reconstruction_or_major_rehab,1,broad_treatment_group + event_year,,2014,,
reconstruction_or_major_rehab,5,broad_treatment_group + event_year,,2019,,
seal_coat,6,broad_treatment_group + event_year,,1988,,
seal_coat,6,broad_treatment_group + event_year,,1989,,
seal_coat,207,broad_treatment_group + event_year,,1990,,
seal_coat,17,broad_treatment_group + event_year,,1991,,
seal_coat,14,broad_treatment_group + event_year,,1992,,
seal_coat,6,broad_treatment_group + event_year,,1993,,
seal_coat,6,broad_treatment_group + event_year,,1994,,
seal_coat,17,broad_treatment_group + event_year,,1995,,
seal_coat,13,broad_treatment_group + event_year,,1996,,
seal_coat,11,broad_treatment_group + event_year,,1997,,
seal_coat,22,broad_treatment_group + event_year,,1998,,
seal_coat,12,broad_treatment_group + event_year,,1999,,
seal_coat,17,broad_treatment_group + event_year,,2000,,
seal_coat,13,broad_treatment_group + event_year,,2001,,
seal_coat,17,broad_treatment_group + event_year,,2002,,
seal_coat,24,broad_treatment_group + event_year,,2003,,
seal_coat,35,broad_treatment_group + event_year,,2004,,
seal_coat,6,broad_treatment_group + event_year,,2005,,
seal_coat,1,broad_treatment_group + event_year,,2006,,
seal_coat,7,broad_treatment_group + event_year,,2007,,
seal_coat,7,broad_treatment_group + event_year,,2008,,
seal_coat,13,broad_treatment_group + event_year,,2009,,
seal_coat,2,broad_treatment_group + event_year,,2010,,
seal_coat,9,broad_treatment_group + event_year,,2011,,
seal_coat,2,broad_treatment_group + event_year,,2012,,
seal_coat,2,broad_treatment_group + event_year,,2013,,
seal_coat,7,broad_treatment_group + event_year,,2014,,
seal_coat,10,broad_treatment_group + event_year,,2015,,
seal_coat,3,broad_treatment_group + event_year,,2016,,
seal_coat,1,broad_treatment_group + event_year,,2018,,
seal_coat,6,broad_treatment_group + event_year,,2020,,
shoulder_restoration,1,broad_treatment_group + event_year,,1989,,
shoulder_restoration,7,broad_treatment_group + event_year,,1990,,
shoulder_restoration,2,broad_treatment_group + event_year,,1991,,
shoulder_restoration,10,broad_treatment_group + event_year,,1992,,
shoulder_restoration,2,broad_treatment_group + event_year,,1993,,
shoulder_restoration,1,broad_treatment_group + event_year,,1994,,
shoulder_restoration,3,broad_treatment_group + event_year,,1995,,
shoulder_restoration,5,broad_treatment_group + event_year,,1996,,
shoulder_restoration,17,broad_treatment_group + event_year,,1997,,
shoulder_restoration,9,broad_treatment_group + event_year,,1998,,
shoulder_restoration,3,broad_treatment_group + event_year,,1999,,
shoulder_restoration,3,broad_treatment_group + event_year,,2000,,
shoulder_restoration,7,broad_treatment_group + event_year,,2001,,
shoulder_restoration,5,broad_treatment_group + event_year,,2002,,
shoulder_restoration,3,broad_treatment_group + event_year,,2003,,
shoulder_restoration,1,broad_treatment_group + event_year,,2004,,
shoulder_restoration,2,broad_treatment_group + event_year,,2005,,
shoulder_restoration,1,broad_treatment_group + event_year,,2009,,
shoulder_restoration,2,broad_treatment_group + event_year,,2010,,
shoulder_restoration,1,broad_treatment_group + event_year,,2011,,
shoulder_restoration,2,broad_treatment_group + event_year,,2012,,
shoulder_restoration,12,broad_treatment_group + event_year,,2013,,
shoulder_restoration,7,broad_treatment_group + event_year,,2016,,
shoulder_restoration,11,broad_treatment_group + event_year,,2017,,
unknown,1159,broad_treatment_group + event_year,,1987,,
unknown,459,broad_treatment_group + event_year,,1988,,
unknown,132,broad_treatment_group + event_year,,1989,,
unknown,102,broad_treatment_group + event_year,,1990,,
unknown,93,broad_treatment_group + event_year,,1991,,
unknown,189,broad_treatment_group + event_year,,1992,,
unknown,183,broad_treatment_group + event_year,,1993,,
unknown,106,broad_treatment_group + event_year,,1994,,
unknown,130,broad_treatment_group + event_year,,1995,,
unknown,52,broad_treatment_group + event_year,,1996,,
unknown,87,broad_treatment_group + event_year,,1997,,
unknown,30,broad_treatment_group + event_year,,1998,,
unknown,26,broad_treatment_group + event_year,,1999,,
unknown,1,broad_treatment_group + event_year,,2000,,
unknown,1,broad_treatment_group + event_year,,2003,,
unknown,2,broad_treatment_group + event_year,,2010,,
unknown,1,broad_treatment_group + event_year,,2011,,
unknown,1,broad_treatment_group + event_year,,2012,,
unknown,26,broad_treatment_group + event_year,,2014,,
unknown,27,broad_treatment_group + event_year,,2015,,
unknown,33,broad_treatment_group + event_year,,2016,,
asphalt_overlay,29,broad_treatment_group + state_name,,,Alabama,
asphalt_overlay,3,broad_treatment_group + state_name,,,Alaska,
asphalt_overlay,76,broad_treatment_group + state_name,,,Arizona,
asphalt_overlay,5,broad_treatment_group + state_name,,,Arkansas,
asphalt_overlay,61,broad_treatment_group + state_name,,,California,
asphalt_overlay,22,broad_treatment_group + state_name,,,Colorado,
asphalt_overlay,11,broad_treatment_group + state_name,,,Connecticut,
asphalt_overlay,19,broad_treatment_group + state_name,,,Delaware,
asphalt_overlay,1,broad_treatment_group + state_name,,,District of Columbia,
asphalt_overlay,51,broad_treatment_group + state_name,,,Florida,
asphalt_overlay,20,broad_treatment_group + state_name,,,Georgia,
asphalt_overlay,8,broad_treatment_group + state_name,,,Idaho,
asphalt_overlay,26,broad_treatment_group + state_name,,,Illinois,
asphalt_overlay,47,broad_treatment_group + state_name,,,Indiana,
asphalt_overlay,22,broad_treatment_group + state_name,,,Iowa,
asphalt_overlay,21,broad_treatment_group + state_name,,,Kansas,
asphalt_overlay,2,broad_treatment_group + state_name,,,Kentucky,
asphalt_overlay,20,broad_treatment_group + state_name,,,Louisiana,
asphalt_overlay,13,broad_treatment_group + state_name,,,Maine,
asphalt_overlay,27,broad_treatment_group + state_name,,,Maryland,
asphalt_overlay,3,broad_treatment_group + state_name,,,Massachusetts,
asphalt_overlay,28,broad_treatment_group + state_name,,,Michigan,
asphalt_overlay,36,broad_treatment_group + state_name,,,Minnesota,
asphalt_overlay,24,broad_treatment_group + state_name,,,Mississippi,
asphalt_overlay,60,broad_treatment_group + state_name,,,Missouri,
asphalt_overlay,36,broad_treatment_group + state_name,,,Montana,
asphalt_overlay,10,broad_treatment_group + state_name,,,Nebraska,
asphalt_overlay,13,broad_treatment_group + state_name,,,Nevada,
asphalt_overlay,2,broad_treatment_group + state_name,,,New Hampshire,
asphalt_overlay,21,broad_treatment_group + state_name,,,New Jersey,
asphalt_overlay,26,broad_treatment_group + state_name,,,New Mexico,
asphalt_overlay,6,broad_treatment_group + state_name,,,New York,
asphalt_overlay,34,broad_treatment_group + state_name,,,North Carolina,
asphalt_overlay,17,broad_treatment_group + state_name,,,Ohio,
asphalt_overlay,49,broad_treatment_group + state_name,,,Oklahoma,
asphalt_overlay,12,broad_treatment_group + state_name,,,Oregon,
asphalt_overlay,18,broad_treatment_group + state_name,,,Pennsylvania,
asphalt_overlay,1,broad_treatment_group + state_name,,,Rhode Island,
asphalt_overlay,1,broad_treatment_group + state_name,,,South Carolina,
asphalt_overlay,28,broad_treatment_group + state_name,,,South Dakota,
asphalt_overlay,11,broad_treatment_group + state_name,,,State 81,
asphalt_overlay,4,broad_treatment_group + state_name,,,State 82,
asphalt_overlay,18,broad_treatment_group + state_name,,,State 83,
asphalt_overlay,3,broad_treatment_group + state_name,,,State 84,
asphalt_overlay,1,broad_treatment_group + state_name,,,State 86,
asphalt_overlay,23,broad_treatment_group + state_name,,,State 87,
asphalt_overlay,20,broad_treatment_group + state_name,,,State 89,
asphalt_overlay,6,broad_treatment_group + state_name,,,State 90,
asphalt_overlay,24,broad_treatment_group + state_name,,,Tennessee,
asphalt_overlay,76,broad_treatment_group + state_name,,,Texas,
asphalt_overlay,8,broad_treatment_group + state_name,,,Utah,
asphalt_overlay,6,broad_treatment_group + state_name,,,Vermont,
asphalt_overlay,28,broad_treatment_group + state_name,,,Virginia,
asphalt_overlay,21,broad_treatment_group + state_name,,,Washington,
asphalt_overlay,6,broad_treatment_group + state_name,,,West Virginia,
asphalt_overlay,41,broad_treatment_group + state_name,,,Wisconsin,
asphalt_overlay,14,broad_treatment_group + state_name,,,Wyoming,
crack_sealing,12,broad_treatment_group + state_name,,,Alabama,
crack_sealing,5,broad_treatment_group + state_name,,,Alaska,
crack_sealing,75,broad_treatment_group + state_name,,,Arizona,
crack_sealing,48,broad_treatment_group + state_name,,,Arkansas,
crack_sealing,117,broad_treatment_group + state_name,,,California,
crack_sealing,34,broad_treatment_group + state_name,,,Colorado,
crack_sealing,11,broad_treatment_group + state_name,,,Connecticut,
crack_sealing,11,broad_treatment_group + state_name,,,Delaware,
crack_sealing,6,broad_treatment_group + state_name,,,Florida,
crack_sealing,8,broad_treatment_group + state_name,,,Georgia,
crack_sealing,8,broad_treatment_group + state_name,,,Idaho,
crack_sealing,28,broad_treatment_group + state_name,,,Illinois,
crack_sealing,48,broad_treatment_group + state_name,,,Indiana,
crack_sealing,57,broad_treatment_group + state_name,,,Iowa,
crack_sealing,50,broad_treatment_group + state_name,,,Kansas,
crack_sealing,11,broad_treatment_group + state_name,,,Kentucky,
crack_sealing,10,broad_treatment_group + state_name,,,Maine,
crack_sealing,4,broad_treatment_group + state_name,,,Maryland,
crack_sealing,6,broad_treatment_group + state_name,,,Massachusetts,
crack_sealing,50,broad_treatment_group + state_name,,,Michigan,
crack_sealing,29,broad_treatment_group + state_name,,,Minnesota,
crack_sealing,3,broad_treatment_group + state_name,,,Mississippi,
crack_sealing,89,broad_treatment_group + state_name,,,Missouri,
crack_sealing,60,broad_treatment_group + state_name,,,Montana,
crack_sealing,32,broad_treatment_group + state_name,,,Nebraska,
crack_sealing,55,broad_treatment_group + state_name,,,Nevada,
crack_sealing,1,broad_treatment_group + state_name,,,New Hampshire,
crack_sealing,3,broad_treatment_group + state_name,,,New Jersey,
crack_sealing,2,broad_treatment_group + state_name,,,New Mexico,
crack_sealing,8,broad_treatment_group + state_name,,,New York,
crack_sealing,12,broad_treatment_group + state_name,,,North Carolina,
crack_sealing,49,broad_treatment_group + state_name,,,North Dakota,
crack_sealing,17,broad_treatment_group + state_name,,,Ohio,
crack_sealing,19,broad_treatment_group + state_name,,,Oklahoma,
crack_sealing,4,broad_treatment_group + state_name,,,Oregon,
crack_sealing,35,broad_treatment_group + state_name,,,Pennsylvania,
crack_sealing,1,broad_treatment_group + state_name,,,Rhode Island,
crack_sealing,1,broad_treatment_group + state_name,,,South Carolina,
crack_sealing,35,broad_treatment_group + state_name,,,South Dakota,
crack_sealing,4,broad_treatment_group + state_name,,,State 72,
crack_sealing,17,broad_treatment_group + state_name,,,State 81,
crack_sealing,1,broad_treatment_group + state_name,,,State 82,
crack_sealing,34,broad_treatment_group + state_name,,,State 83,
crack_sealing,1,broad_treatment_group + state_name,,,State 84,
crack_sealing,1,broad_treatment_group + state_name,,,State 85,
crack_sealing,9,broad_treatment_group + state_name,,,State 87,
crack_sealing,6,broad_treatment_group + state_name,,,State 88,
crack_sealing,3,broad_treatment_group + state_name,,,State 89,
crack_sealing,4,broad_treatment_group + state_name,,,State 90,
crack_sealing,17,broad_treatment_group + state_name,,,Tennessee,
crack_sealing,81,broad_treatment_group + state_name,,,Texas,
crack_sealing,95,broad_treatment_group + state_name,,,Utah,
crack_sealing,6,broad_treatment_group + state_name,,,Vermont,
crack_sealing,1,broad_treatment_group + state_name,,,Virginia,
crack_sealing,20,broad_treatment_group + state_name,,,Washington,
crack_sealing,3,broad_treatment_group + state_name,,,West Virginia,
crack_sealing,38,broad_treatment_group + state_name,,,Wisconsin,
crack_sealing,14,broad_treatment_group + state_name,,,Wyoming,
grinding,4,broad_treatment_group + state_name,,,Arizona,
grinding,12,broad_treatment_group + state_name,,,California,
grinding,1,broad_treatment_group + state_name,,,Colorado,
grinding,6,broad_treatment_group + state_name,,,Connecticut,
grinding,8,broad_treatment_group + state_name,,,Delaware,
grinding,1,broad_treatment_group + state_name,,,Georgia,
grinding,1,broad_treatment_group + state_name,,,Idaho,
grinding,1,broad_treatment_group + state_name,,,Kansas,
grinding,2,broad_treatment_group + state_name,,,Maryland,
grinding,5,broad_treatment_group + state_name,,,Minnesota,
grinding,2,broad_treatment_group + state_name,,,Missouri,
grinding,15,broad_treatment_group + state_name,,,Nebraska,
grinding,7,broad_treatment_group + state_name,,,New Mexico,
grinding,1,broad_treatment_group + state_name,,,North Carolina,
grinding,20,broad_treatment_group + state_name,,,North Dakota,
grinding,4,broad_treatment_group + state_name,,,Ohio,
grinding,1,broad_treatment_group + state_name,,,Oklahoma,
grinding,1,broad_treatment_group + state_name,,,Oregon,
grinding,3,broad_treatment_group + state_name,,,Pennsylvania,
grinding,4,broad_treatment_group + state_name,,,South Dakota,
grinding,1,broad_treatment_group + state_name,,,Tennessee,
grinding,5,broad_treatment_group + state_name,,,Texas,
grinding,5,broad_treatment_group + state_name,,,Utah,
grinding,1,broad_treatment_group + state_name,,,Virginia,
grinding,1,broad_treatment_group + state_name,,,Washington,
grinding,1,broad_treatment_group + state_name,,,West Virginia,
grinding,11,broad_treatment_group + state_name,,,Wisconsin,
other_maintenance,1,broad_treatment_group + state_name,,,State 82,
patching,24,broad_treatment_group + state_name,,,Alabama,
patching,3,broad_treatment_group + state_name,,,Alaska,
patching,79,broad_treatment_group + state_name,,,Arizona,
patching,32,broad_treatment_group + state_name,,,Arkansas,
patching,102,broad_treatment_group + state_name,,,California,
patching,68,broad_treatment_group + state_name,,,Colorado,
patching,9,broad_treatment_group + state_name,,,Connecticut,
patching,21,broad_treatment_group + state_name,,,Delaware,
patching,22,broad_treatment_group + state_name,,,Florida,
patching,5,broad_treatment_group + state_name,,,Georgia,
patching,3,broad_treatment_group + state_name,,,Idaho,
patching,79,broad_treatment_group + state_name,,,Illinois,
patching,57,broad_treatment_group + state_name,,,Indiana,
patching,94,broad_treatment_group + state_name,,,Iowa,
patching,42,broad_treatment_group + state_name,,,Kansas,
patching,9,broad_treatment_group + state_name,,,Kentucky,
patching,1,broad_treatment_group + state_name,,,Louisiana,
patching,2,broad_treatment_group + state_name,,,Maine,
patching,11,broad_treatment_group + state_name,,,Maryland,
patching,4,broad_treatment_group + state_name,,,Massachusetts,
patching,32,broad_treatment_group + state_name,,,Michigan,
patching,82,broad_treatment_group + state_name,,,Minnesota,
patching,17,broad_treatment_group + state_name,,,Mississippi,
patching,55,broad_treatment_group + state_name,,,Missouri,
patching,4,broad_treatment_group + state_name,,,Montana,
patching,19,broad_treatment_group + state_name,,,Nebraska,
patching,43,broad_treatment_group + state_name,,,Nevada,
patching,2,broad_treatment_group + state_name,,,New Hampshire,
patching,18,broad_treatment_group + state_name,,,New Jersey,
patching,14,broad_treatment_group + state_name,,,New Mexico,
patching,33,broad_treatment_group + state_name,,,New York,
patching,13,broad_treatment_group + state_name,,,North Carolina,
patching,18,broad_treatment_group + state_name,,,North Dakota,
patching,29,broad_treatment_group + state_name,,,Ohio,
patching,55,broad_treatment_group + state_name,,,Oklahoma,
patching,7,broad_treatment_group + state_name,,,Oregon,
patching,69,broad_treatment_group + state_name,,,Pennsylvania,
patching,1,broad_treatment_group + state_name,,,Rhode Island,
patching,7,broad_treatment_group + state_name,,,South Carolina,
patching,53,broad_treatment_group + state_name,,,South Dakota,
patching,2,broad_treatment_group + state_name,,,State 72,
patching,28,broad_treatment_group + state_name,,,State 81,
patching,26,broad_treatment_group + state_name,,,State 83,
patching,1,broad_treatment_group + state_name,,,State 84,
patching,3,broad_treatment_group + state_name,,,State 86,
patching,8,broad_treatment_group + state_name,,,State 87,
patching,6,broad_treatment_group + state_name,,,State 88,
patching,18,broad_treatment_group + state_name,,,State 89,
patching,29,broad_treatment_group + state_name,,,State 90,
patching,27,broad_treatment_group + state_name,,,Tennessee,
patching,116,broad_treatment_group + state_name,,,Texas,
patching,10,broad_treatment_group + state_name,,,Utah,
patching,1,broad_treatment_group + state_name,,,Vermont,
patching,25,broad_treatment_group + state_name,,,Virginia,
patching,15,broad_treatment_group + state_name,,,Washington,
patching,3,broad_treatment_group + state_name,,,West Virginia,
patching,79,broad_treatment_group + state_name,,,Wisconsin,
patching,4,broad_treatment_group + state_name,,,Wyoming,
reconstruction_or_major_rehab,6,broad_treatment_group + state_name,,,California,
reconstruction_or_major_rehab,1,broad_treatment_group + state_name,,,Florida,
reconstruction_or_major_rehab,1,broad_treatment_group + state_name,,,Idaho,
reconstruction_or_major_rehab,7,broad_treatment_group + state_name,,,Illinois,
reconstruction_or_major_rehab,14,broad_treatment_group + state_name,,,Iowa,
reconstruction_or_major_rehab,5,broad_treatment_group + state_name,,,Kansas,
reconstruction_or_major_rehab,1,broad_treatment_group + state_name,,,Michigan,
reconstruction_or_major_rehab,2,broad_treatment_group + state_name,,,Minnesota,
reconstruction_or_major_rehab,7,broad_treatment_group + state_name,,,Missouri,
reconstruction_or_major_rehab,3,broad_treatment_group + state_name,,,Ohio,
reconstruction_or_major_rehab,1,broad_treatment_group + state_name,,,Oklahoma,
reconstruction_or_major_rehab,5,broad_treatment_group + state_name,,,Pennsylvania,
reconstruction_or_major_rehab,9,broad_treatment_group + state_name,,,South Dakota,
reconstruction_or_major_rehab,2,broad_treatment_group + state_name,,,Tennessee,
reconstruction_or_major_rehab,1,broad_treatment_group + state_name,,,Texas,
reconstruction_or_major_rehab,1,broad_treatment_group + state_name,,,Wisconsin,
seal_coat,7,broad_treatment_group + state_name,,,Alabama,
seal_coat,65,broad_treatment_group + state_name,,,Arizona,
seal_coat,3,broad_treatment_group + state_name,,,Arkansas,
seal_coat,24,broad_treatment_group + state_name,,,California,
seal_coat,10,broad_treatment_group + state_name,,,Colorado,
seal_coat,16,broad_treatment_group + state_name,,,Florida,
seal_coat,1,broad_treatment_group + state_name,,,Georgia,
seal_coat,15,broad_treatment_group + state_name,,,Idaho,
seal_coat,4,broad_treatment_group + state_name,,,Illinois,
seal_coat,4,broad_treatment_group + state_name,,,Indiana,
seal_coat,4,broad_treatment_group + state_name,,,Iowa,
seal_coat,9,broad_treatment_group + state_name,,,Kansas,
seal_coat,4,broad_treatment_group + state_name,,,Kentucky,
seal_coat,2,broad_treatment_group + state_name,,,Maryland,
seal_coat,12,broad_treatment_group + state_name,,,Michigan,
seal_coat,18,broad_treatment_group + state_name,,,Minnesota,
seal_coat,4,broad_treatment_group + state_name,,,Mississippi,
seal_coat,9,broad_treatment_group + state_name,,,Missouri,
seal_coat,23,broad_treatment_group + state_name,,,Montana,
seal_coat,10,broad_treatment_group + state_name,,,Nebraska,
seal_coat,12,broad_treatment_group + state_name,,,Nevada,
seal_coat,1,broad_treatment_group + state_name,,,New Hampshire,
seal_coat,1,broad_treatment_group + state_name,,,New Jersey,
seal_coat,1,broad_treatment_group + state_name,,,New Mexico,
seal_coat,9,broad_treatment_group + state_name,,,New York,
seal_coat,3,broad_treatment_group + state_name,,,North Carolina,
seal_coat,1,broad_treatment_group + state_name,,,North Dakota,
seal_coat,1,broad_treatment_group + state_name,,,Ohio,
seal_coat,12,broad_treatment_group + state_name,,,Oklahoma,
seal_coat,7,broad_treatment_group + state_name,,,Pennsylvania,
seal_coat,22,broad_treatment_group + state_name,,,South Dakota,
seal_coat,6,broad_treatment_group + state_name,,,State 81,
seal_coat,1,broad_treatment_group + state_name,,,State 82,
seal_coat,24,broad_treatment_group + state_name,,,State 83,
seal_coat,1,broad_treatment_group + state_name,,,State 86,
seal_coat,6,broad_treatment_group + state_name,,,State 87,
seal_coat,2,broad_treatment_group + state_name,,,State 89,
seal_coat,11,broad_treatment_group + state_name,,,State 90,
seal_coat,5,broad_treatment_group + state_name,,,Tennessee,
seal_coat,88,broad_treatment_group + state_name,,,Texas,
seal_coat,20,broad_treatment_group + state_name,,,Utah,
seal_coat,1,broad_treatment_group + state_name,,,Vermont,
seal_coat,3,broad_treatment_group + state_name,,,Virginia,
seal_coat,16,broad_treatment_group + state_name,,,Washington,
seal_coat,21,broad_treatment_group + state_name,,,Wyoming,
shoulder_restoration,1,broad_treatment_group + state_name,,,Alabama,
shoulder_restoration,4,broad_treatment_group + state_name,,,Arkansas,
shoulder_restoration,8,broad_treatment_group + state_name,,,California,
shoulder_restoration,2,broad_treatment_group + state_name,,,Florida,
shoulder_restoration,6,broad_treatment_group + state_name,,,Georgia,
shoulder_restoration,1,broad_treatment_group + state_name,,,Illinois,
shoulder_restoration,9,broad_treatment_group + state_name,,,Iowa,
shoulder_restoration,2,broad_treatment_group + state_name,,,Michigan,
shoulder_restoration,3,broad_treatment_group + state_name,,,Minnesota,
shoulder_restoration,5,broad_treatment_group + state_name,,,Mississippi,
shoulder_restoration,1,broad_treatment_group + state_name,,,Missouri,
shoulder_restoration,2,broad_treatment_group + state_name,,,New Jersey,
shoulder_restoration,1,broad_treatment_group + state_name,,,New York,
shoulder_restoration,2,broad_treatment_group + state_name,,,North Carolina,
shoulder_restoration,25,broad_treatment_group + state_name,,,North Dakota,
shoulder_restoration,6,broad_treatment_group + state_name,,,Ohio,
shoulder_restoration,6,broad_treatment_group + state_name,,,Pennsylvania,
shoulder_restoration,10,broad_treatment_group + state_name,,,South Dakota,
shoulder_restoration,1,broad_treatment_group + state_name,,,State 81,
shoulder_restoration,10,broad_treatment_group + state_name,,,State 83,
shoulder_restoration,1,broad_treatment_group + state_name,,,State 84,
shoulder_restoration,1,broad_treatment_group + state_name,,,State 89,
shoulder_restoration,2,broad_treatment_group + state_name,,,State 90,
shoulder_restoration,5,broad_treatment_group + state_name,,,Texas,
shoulder_restoration,3,broad_treatment_group + state_name,,,Wisconsin,
unknown,75,broad_treatment_group + state_name,,,Alabama,
unknown,6,broad_treatment_group + state_name,,,Alaska,
unknown,172,broad_treatment_group + state_name,,,Arizona,
unknown,67,broad_treatment_group + state_name,,,Arkansas,
unknown,135,broad_treatment_group + state_name,,,California,
unknown,74,broad_treatment_group + state_name,,,Colorado,
unknown,11,broad_treatment_group + state_name,,,Connecticut,
unknown,35,broad_treatment_group + state_name,,,Delaware,
unknown,1,broad_treatment_group + state_name,,,District of Columbia,
unknown,90,broad_treatment_group + state_name,,,Florida,
unknown,39,broad_treatment_group + state_name,,,Georgia,
unknown,4,broad_treatment_group + state_name,,,Hawaii,
unknown,28,broad_treatment_group + state_name,,,Idaho,
unknown,45,broad_treatment_group + state_name,,,Illinois,
unknown,61,broad_treatment_group + state_name,,,Indiana,
unknown,73,broad_treatment_group + state_name,,,Iowa,
unknown,75,broad_treatment_group + state_name,,,Kansas,
unknown,22,broad_treatment_group + state_name,,,Kentucky,
unknown,25,broad_treatment_group + state_name,,,Louisiana,
unknown,19,broad_treatment_group + state_name,,,Maine,
unknown,35,broad_treatment_group + state_name,,,Maryland,
unknown,3,broad_treatment_group + state_name,,,Massachusetts,
unknown,83,broad_treatment_group + state_name,,,Michigan,
unknown,89,broad_treatment_group + state_name,,,Minnesota,
unknown,52,broad_treatment_group + state_name,,,Mississippi,
unknown,121,broad_treatment_group + state_name,,,Missouri,
unknown,43,broad_treatment_group + state_name,,,Montana,
unknown,50,broad_treatment_group + state_name,,,Nebraska,
unknown,78,broad_treatment_group + state_name,,,Nevada,
unknown,1,broad_treatment_group + state_name,,,New Hampshire,
unknown,33,broad_treatment_group + state_name,,,New Jersey,
unknown,49,broad_treatment_group + state_name,,,New Mexico,
unknown,29,broad_treatment_group + state_name,,,New York,
unknown,54,broad_treatment_group + state_name,,,North Carolina,
unknown,23,broad_treatment_group + state_name,,,North Dakota,
unknown,65,broad_treatment_group + state_name,,,Ohio,
unknown,81,broad_treatment_group + state_name,,,Oklahoma,
unknown,18,broad_treatment_group + state_name,,,Oregon,
unknown,54,broad_treatment_group + state_name,,,Pennsylvania,
unknown,1,broad_treatment_group + state_name,,,Rhode Island,
unknown,10,broad_treatment_group + state_name,,,South Carolina,
unknown,39,broad_treatment_group + state_name,,,South Dakota,
unknown,4,broad_treatment_group + state_name,,,State 72,
unknown,19,broad_treatment_group + state_name,,,State 81,
unknown,6,broad_treatment_group + state_name,,,State 82,
unknown,29,broad_treatment_group + state_name,,,State 83,
unknown,4,broad_treatment_group + state_name,,,State 84,
unknown,3,broad_treatment_group + state_name,,,State 85,
unknown,1,broad_treatment_group + state_name,,,State 86,
unknown,41,broad_treatment_group + state_name,,,State 87,
unknown,3,broad_treatment_group + state_name,,,State 88,
unknown,23,broad_treatment_group + state_name,,,State 89,
unknown,30,broad_treatment_group + state_name,,,State 90,
unknown,42,broad_treatment_group + state_name,,,Tennessee,
unknown,245,broad_treatment_group + state_name,,,Texas,
unknown,112,broad_treatment_group + state_name,,,Utah,
unknown,5,broad_treatment_group + state_name,,,Vermont,
unknown,33,broad_treatment_group + state_name,,,Virginia,
unknown,62,broad_treatment_group + state_name,,,Washington,
unknown,5,broad_treatment_group + state_name,,,West Virginia,
unknown,79,broad_treatment_group + state_name,,,Wisconsin,
unknown,26,broad_treatment_group + state_name,,,Wyoming,
asphalt_overlay,196,broad_treatment_group + functional_class,,,,1.0
asphalt_overlay,246,broad_treatment_group + functional_class,,,,2.0
asphalt_overlay,62,broad_treatment_group + functional_class,,,,6.0
asphalt_overlay,13,broad_treatment_group + functional_class,,,,7.0
asphalt_overlay,3,broad_treatment_group + functional_class,,,,8.0
asphalt_overlay,28,broad_treatment_group + functional_class,,,,11.0
asphalt_overlay,16,broad_treatment_group + functional_class,,,,12.0
asphalt_overlay,22,broad_treatment_group + functional_class,,,,14.0
asphalt_overlay,2,broad_treatment_group + functional_class,,,,16.0
asphalt_overlay,631,broad_treatment_group + functional_class,,,,
crack_sealing,224,broad_treatment_group + functional_class,,,,1.0
crack_sealing,282,broad_treatment_group + functional_class,,,,2.0
crack_sealing,74,broad_treatment_group + functional_class,,,,6.0
crack_sealing,23,broad_treatment_group + functional_class,,,,7.0
crack_sealing,5,broad_treatment_group + functional_class,,,,8.0
crack_sealing,50,broad_treatment_group + functional_class,,,,11.0
crack_sealing,10,broad_treatment_group + functional_class,,,,12.0
crack_sealing,88,broad_treatment_group + functional_class,,,,14.0
crack_sealing,3,broad_treatment_group + functional_class,,,,16.0
crack_sealing,650,broad_treatment_group + functional_class,,,,
grinding,29,broad_treatment_group + functional_class,,,,1.0
grinding,17,broad_treatment_group + functional_class,,,,2.0
grinding,4,broad_treatment_group + functional_class,,,,11.0
grinding,1,broad_treatment_group + functional_class,,,,12.0
grinding,73,broad_treatment_group + functional_class,,,,
other_maintenance,1,broad_treatment_group + functional_class,,,,
patching,260,broad_treatment_group + functional_class,,,,1.0
patching,305,broad_treatment_group + functional_class,,,,2.0
patching,79,broad_treatment_group + functional_class,,,,6.0
patching,15,broad_treatment_group + functional_class,,,,7.0
patching,2,broad_treatment_group + functional_class,,,,8.0
patching,1,broad_treatment_group + functional_class,,,,9.0
patching,44,broad_treatment_group + functional_class,,,,11.0
patching,15,broad_treatment_group + functional_class,,,,12.0
patching,28,broad_treatment_group + functional_class,,,,14.0
patching,4,broad_treatment_group + functional_class,,,,16.0
patching,4,broad_treatment_group + functional_class,,,,17.0
patching,882,broad_treatment_group + functional_class,,,,
reconstruction_or_major_rehab,12,broad_treatment_group + functional_class,,,,1.0
reconstruction_or_major_rehab,5,broad_treatment_group + functional_class,,,,2.0
reconstruction_or_major_rehab,2,broad_treatment_group + functional_class,,,,12.0
reconstruction_or_major_rehab,47,broad_treatment_group + functional_class,,,,
seal_coat,65,broad_treatment_group + functional_class,,,,1.0
seal_coat,193,broad_treatment_group + functional_class,,,,2.0
seal_coat,84,broad_treatment_group + functional_class,,,,6.0
seal_coat,13,broad_treatment_group + functional_class,,,,7.0
seal_coat,4,broad_treatment_group + functional_class,,,,8.0
seal_coat,3,broad_treatment_group + functional_class,,,,11.0
seal_coat,1,broad_treatment_group + functional_class,,,,12.0
seal_coat,15,broad_treatment_group + functional_class,,,,14.0
seal_coat,2,broad_treatment_group + functional_class,,,,16.0
seal_coat,139,broad_treatment_group + functional_class,,,,
shoulder_restoration,10,broad_treatment_group + functional_class,,,,1.0
shoulder_restoration,36,broad_treatment_group + functional_class,,,,2.0
shoulder_restoration,3,broad_treatment_group + functional_class,,,,6.0
shoulder_restoration,1,broad_treatment_group + functional_class,,,,7.0
shoulder_restoration,4,broad_treatment_group + functional_class,,,,11.0
shoulder_restoration,2,broad_treatment_group + functional_class,,,,12.0
shoulder_restoration,61,broad_treatment_group + functional_class,,,,
unknown,407,broad_treatment_group + functional_class,,,,1.0
unknown,634,broad_treatment_group + functional_class,,,,2.0
unknown,157,broad_treatment_group + functional_class,,,,6.0
unknown,39,broad_treatment_group + functional_class,,,,7.0
unknown,9,broad_treatment_group + functional_class,,,,8.0
unknown,12,broad_treatment_group + functional_class,,,,9.0
unknown,72,broad_treatment_group + functional_class,,,,11.0
unknown,37,broad_treatment_group + functional_class,,,,12.0
unknown,117,broad_treatment_group + functional_class,,,,14.0
unknown,7,broad_treatment_group + functional_class,,,,16.0
unknown,1,broad_treatment_group + functional_class,,,,17.0
unknown,1348,broad_treatment_group + functional_class,,,,
