node_id,state_code,state_name,route_key,treatment_label,broad_treatment_group,event_year,n_1hop_neighbours,n_neighbours_with_pre_post,treated_pre_cracking,treated_post_cracking,treated_delta_cracking,neighbour_pre_cracking_mean,neighbour_post_cracking_mean,neighbour_delta_cracking_mean,delta_gap_treated_minus_neighbour
19_0602,19,Iowa,_,Asphalt Concrete Overlay,asphalt_overlay,2017,8,2,38.0,0.0,-38.0,27.0,0.0,-27.0,-11.0
19_0601,19,Iowa,_,Asphalt Concrete Overlay,asphalt_overlay,2017,8,2,23.0,0.0,-23.0,34.5,0.0,-34.5,11.5
46_0601,46,South Dakota,_,Crack Sealing,crack_sealing,2013,8,8,8.0,1.0,-7.0,15.25,0.125,-15.125,8.125
46_0602,46,South Dakota,_,Crack Sealing,crack_sealing,2013,8,8,1.0,1.0,0.0,16.125,0.125,-16.0,16.0
19_0602,19,Iowa,_,"Full Depth Patch of AC Pavement (removing damaged material, repairing supporting material, and repairing)",patching,2014,8,2,18.0,38.0,20.0,19.5,27.0,7.5,12.5
46_0605,46,South Dakota,_,Crack Sealing,crack_sealing,2013,10,10,1.0,0.0,-1.0,20.8,0.2,-20.6,19.6
46_0601,46,South Dakota,_,"AC Shoulder Restoration, Mill Off AC and Overlay with AC",asphalt_overlay,2011,8,8,8.0,1.0,-7.0,15.25,0.125,-15.125,8.125
46_0602,46,South Dakota,_,"AC Shoulder Restoration, Mill Off AC and Overlay with AC",asphalt_overlay,2011,8,8,1.0,1.0,0.0,16.125,0.125,-16.0,16.0
19_0601,19,Iowa,_,Machine Premix Patch (placing premix with paver roller),patching,2014,8,2,15.0,23.0,8.0,21.0,34.5,13.5,-5.5
19_0602,19,Iowa,_,"Crack Sealing, AC Shoulder Restoration, Skin Patching (hand tools/hot pot to apply liquid asphalt and aggregate)",crack_sealing,2011,8,2,13.0,18.0,5.0,10.5,19.5,9.0,-4.0
42_0605,42,Pennsylvania,_,"Partial depth patching of PCC pavements at joints, Partial Depth Patching of PCC Pavement Other Than at Joint",patching,2004,11,11,32.0,18.0,-14.0,8.545454545454545,5.545454545454546,-2.999999999999999,-11.0
46_0605,46,South Dakota,_,"AC Shoulder Restoration, Mill Off AC and Overlay with AC",asphalt_overlay,2011,10,10,1.0,0.0,-1.0,20.8,0.2,-20.6,19.6
46_0601,46,South Dakota,_,Aggregate Seal Coat,seal_coat,2008,8,8,2.0,6.0,4.0,5.125,8.25,3.125,0.875
46_0602,46,South Dakota,_,Aggregate Seal Coat,seal_coat,2008,8,8,0.0,1.0,1.0,5.375,8.875,3.5,-2.5
19_0601,19,Iowa,_,"Crack Sealing, AC Shoulder Restoration, Skin Patching (hand tools/hot pot to apply liquid asphalt and aggregate)",crack_sealing,2011,8,2,7.0,15.0,8.0,13.5,21.0,7.5,0.5
19_0602,19,Iowa,_,Crack Sealing,crack_sealing,2007,8,2,1.0,4.0,3.0,1.5,8.5,7.0,-4.0
38_0217,38,North Dakota,_,"AC Shoulder Restoration, PCC Slab Replacement",shoulder_restoration,2016,11,11,0.0,0.0,0.0,0.2727272727272727,0.2727272727272727,0.0,0.0
17_0606,17,Illinois,_,Skin Patching (hand tools/hot pot to apply liquid asphalt and aggregate),patching,2008,13,13,36.0,53.0,17.0,20.307692307692307,31.0,10.692307692307693,6.307692307692307
40_0605,40,Oklahoma,_,Partial depth patching of PCC pavements at joints,patching,2006,12,6,58.0,58.0,0.0,25.0,32.666666666666664,7.666666666666664,-7.666666666666664
42_0659,42,Pennsylvania,_,Partial depth patching of PCC pavements at joints,patching,2004,8,8,38.0,25.0,-13.0,11.0,6.75,-4.25,-8.75
42_0605,42,Pennsylvania,_,"Partial depth patching of PCC pavements at joints, Partial Depth Patching of PCC Pavement Other Than at Joint",patching,2003,11,11,29.0,32.0,3.0,5.2727272727272725,8.545454545454545,3.2727272727272725,-0.2727272727272725
55_0907,55,Wisconsin,_,Mill Off AC and Overlay with AC,asphalt_overlay,2013,5,4,51.0,0.0,-51.0,17.25,0.0,-17.25,-33.75
55_0902,55,Wisconsin,_,Mill Off AC and Overlay with AC,asphalt_overlay,2013,5,4,1.0,0.0,-1.0,29.75,0.0,-29.75,28.75
46_0605,46,South Dakota,_,Aggregate Seal Coat,seal_coat,2008,10,10,1.0,1.0,0.0,5.4,10.6,5.199999999999999,-5.199999999999999
46_0601,46,South Dakota,_,"Crack Sealing, Lane-Shoulder Longitudinal Joint Sealing",crack_sealing,2005,8,8,0.0,2.0,2.0,1.25,5.125,3.875,-1.875
46_0602,46,South Dakota,_,"Crack Sealing, Lane-Shoulder Longitudinal Joint Sealing",crack_sealing,2005,8,8,1.0,0.0,-1.0,1.125,5.375,4.25,-5.25
17_0602,17,Illinois,_,Skin Patching (hand tools/hot pot to apply liquid asphalt and aggregate),patching,2008,8,8,0.0,2.0,2.0,17.375,23.875,6.5,-4.5
19_0601,19,Iowa,_,Lane-Shoulder Longitudinal Joint Sealing,crack_sealing,2010,8,2,7.0,7.0,0.0,7.0,13.5,6.5,-6.5
19_0602,19,Iowa,_,Crack Sealing,crack_sealing,2003,8,8,0.0,0.0,0.0,30.25,38.875,8.625,-8.625
38_0217,38,North Dakota,_,Skin Patching (hand tools/hot pot to apply liquid asphalt and aggregate),patching,2014,11,11,5.0,0.0,-5.0,0.0,0.2727272727272727,0.2727272727272727,-5.2727272727272725
25_1002,25,Massachusetts,2_391,"Patch Pot Holes - Hand Spread, Compacted with Truck",patching,2002,2,2,50.0,26.0,-24.0,23.5,27.0,3.5,-27.5
5_A601,5,Arkansas,3_65,Partial Depth Patching of PCC Pavement Other Than at Joint,patching,2011,14,11,0.0,0.0,0.0,10.818181818181818,16.181818181818183,5.363636363636365,-5.363636363636365
17_0659,17,Illinois,_,Skin Patching (hand tools/hot pot to apply liquid asphalt and aggregate),patching,2008,9,9,24.0,53.0,29.0,30.666666666666668,44.44444444444444,13.777777777777775,15.222222222222225
17_0662,17,Illinois,_,Skin Patching (hand tools/hot pot to apply liquid asphalt and aggregate),patching,2008,13,13,53.0,53.0,0.0,19.0,31.0,12.0,-12.0
17_0607,17,Illinois,_,"Full Depth Patch of AC Pavement (removing damaged material, repairing supporting material, and repairing)",patching,2008,8,8,54.0,51.0,-3.0,30.75,50.25,19.5,-22.5
17_0606,17,Illinois,_,Skin Patching (hand tools/hot pot to apply liquid asphalt and aggregate),patching,2006,13,13,32.0,36.0,4.0,16.615384615384617,20.307692307692307,3.69230769230769,0.30769230769231015
40_0605,40,Oklahoma,_,Partial Depth Patching of PCC Pavement Other Than at Joint,patching,2004,12,7,58.0,58.0,0.0,19.428571428571427,21.428571428571427,2.0,-2.0
6_0663,6,California,_,"Crack Sealing, Transverse Joint Sealing, Lane-Shoulder Longitudinal Joint Sealing",crack_sealing,2004,12,11,15.0,23.0,8.0,,,,
42_0601,42,Pennsylvania,_,Partial depth patching of PCC pavements at joints,patching,2004,8,8,29.0,14.0,-15.0,12.125,8.125,-4.0,-11.0
42_0605,42,Pennsylvania,_,"Partial depth patching of PCC pavements at joints, Partial Depth Patching of PCC Pavement Other Than at Joint",patching,2002,11,11,25.0,25.0,0.0,1.7272727272727273,2.909090909090909,1.1818181818181819,-1.1818181818181819
42_0659,42,Pennsylvania,_,Partial depth patching of PCC pavements at joints,patching,2002,8,8,0.0,0.0,0.0,5.5,7.125,1.625,-1.625
29_0602,29,Missouri,_,Full Depth Patching of PCC Pavement Other Than at Joint,patching,2000,10,10,31.0,28.0,-3.0,12.0,12.7,0.6999999999999993,-3.6999999999999993
29_0605,29,Missouri,_,Full Depth Patching of PCC Pavement Other Than at Joint,patching,2000,15,13,35.0,31.0,-4.0,11.307692307692308,9.538461538461538,-1.76923076923077,-2.23076923076923
55_A901,55,Wisconsin,2_43,Mill Off AC and Overlay with AC,asphalt_overlay,2012,9,8,0.0,0.0,0.0,19.625,0.875,-18.75,18.75
55_B901,55,Wisconsin,2_43,Mill Off AC and Overlay with AC,asphalt_overlay,2012,9,8,0.0,0.0,0.0,19.625,0.875,-18.75,18.75
55_0902,55,Wisconsin,_,"Full Depth Patch of AC Pavement (removing damaged material, repairing supporting material, and repairing), Patch Pot Holes - Hand Spread, Compacted with Truck",patching,2012,5,4,54.0,1.0,-53.0,41.5,29.75,-11.75,-41.25
46_0607,46,South Dakota,_,Crack Sealing,crack_sealing,2013,10,10,52.0,0.0,-52.0,15.7,0.2,-15.5,-36.5
46_0608,46,South Dakota,_,Crack Sealing,crack_sealing,2013,8,8,33.0,0.0,-33.0,20.875,0.0,-20.875,-12.125
46_0660,46,South Dakota,_,Crack Sealing,crack_sealing,2013,8,8,46.0,0.0,-46.0,19.25,0.0,-19.25,-26.75
46_0605,46,South Dakota,_,"Crack Sealing, Lane-Shoulder Longitudinal Joint Sealing",crack_sealing,2005,10,10,0.0,1.0,1.0,1.2,5.4,4.2,-3.2
46_0601,46,South Dakota,_,"AC Shoulder Restoration, Asphalt Concrete Overlay",asphalt_overlay,2003,8,8,16.0,0.0,-16.0,6.875,1.25,-5.625,-10.375
46_0602,46,South Dakota,_,"AC Shoulder Restoration, Asphalt Concrete Overlay",asphalt_overlay,2003,8,8,14.0,1.0,-13.0,7.125,1.125,-6.0,-7.0
17_0605,17,Illinois,_,Skin Patching (hand tools/hot pot to apply liquid asphalt and aggregate),patching,2008,8,8,0.0,1.0,1.0,17.375,24.0,6.625,-5.625
17_0602,17,Illinois,_,Skin Patching (hand tools/hot pot to apply liquid asphalt and aggregate),patching,2005,8,8,2.0,0.0,-2.0,14.25,14.875,0.625,-2.625
9_4020,9,Connecticut,4_2,"AC Shoulder Restoration, Patch Pot Holes - Hand Spread, Compacted with Truck, Longitudinal Subdrains",patching,2013,8,1,15.0,25.0,10.0,11.0,11.0,0.0,10.0
19_0601,19,Iowa,_,Crack Sealing,crack_sealing,2007,8,2,1.0,7.0,6.0,1.5,7.0,5.5,0.5
38_0215,38,North Dakota,_,"AC Shoulder Restoration, Partial depth patching of PCC pavements at joints",patching,2016,8,8,0.0,0.0,0.0,0.375,0.375,0.0,0.0
38_0216,38,North Dakota,_,AC Shoulder Restoration,shoulder_restoration,2016,10,10,0.0,0.0,0.0,0.3,0.3,0.0,0.0
38_0217,38,North Dakota,_,Grinding Surface,grinding,2011,11,11,0.0,5.0,5.0,0.0,0.0,0.0,5.0
55_0907,55,Wisconsin,_,"Full Depth Patch of AC Pavement (removing damaged material, repairing supporting material, and repairing)",patching,2012,5,4,52.0,51.0,-1.0,42.0,17.25,-24.75,23.75
25_1002,25,Massachusetts,2_391,"Patch Pot Holes - Hand Spread, Compacted with Truck",patching,2000,2,2,36.0,50.0,14.0,23.0,19.5,-3.5,17.5
5_A605,5,Arkansas,3_65,Partial Depth Patching of PCC Pavement Other Than at Joint,patching,2011,8,7,0.0,0.0,0.0,16.857142857142858,25.142857142857142,8.285714285714285,-8.285714285714285
5_A601,5,Arkansas,3_65,"Partial depth patching of PCC pavements at joints, Partial Depth Patching of PCC Pavement Other Than at Joint",patching,2008,14,11,0.0,0.0,0.0,8.454545454545455,10.818181818181818,2.3636363636363633,-2.3636363636363633
17_0607,17,Illinois,_,"Full Depth Patch of AC Pavement (removing damaged material, repairing supporting material, and repairing)",patching,2006,8,8,54.0,51.0,-3.0,30.75,50.25,19.5,-22.5
17_0659,17,Illinois,_,Skin Patching (hand tools/hot pot to apply liquid asphalt and aggregate),patching,2006,9,9,22.0,24.0,2.0,25.11111111111111,30.666666666666668,5.555555555555557,-3.555555555555557
17_0662,17,Illinois,_,Skin Patching (hand tools/hot pot to apply liquid asphalt and aggregate),patching,2006,13,13,43.0,53.0,10.0,15.76923076923077,19.0,3.23076923076923,6.76923076923077
17_0606,17,Illinois,_,Skin Patching (hand tools/hot pot to apply liquid asphalt and aggregate),patching,2002,13,12,5.0,18.0,13.0,32.833333333333336,3.8333333333333335,-29.000000000000004,42.0
40_0605,40,Oklahoma,_,Partial Depth Patching of PCC Pavement Other Than at Joint,patching,2003,12,7,50.0,58.0,8.0,20.285714285714285,19.428571428571427,-0.8571428571428577,8.857142857142858
6_0664,6,California,_,"Crack Sealing, Full Depth Patch of AC Pavement (removing damaged material, repairing supporting material, and repairing), Patch Pot Holes - Hand Spread, Compacted with Truck",crack_sealing,2004,9,8,23.0,24.0,1.0,,,,
6_0604,6,California,_,"Crack Sealing, Full Depth Patch of AC Pavement (removing damaged material, repairing supporting material, and repairing)",crack_sealing,2004,9,8,34.0,1.0,-33.0,,,,
6_0663,6,California,_,Full Depth Patching of PCC Pavement Other Than at Joint,patching,2003,12,12,40.0,15.0,-25.0,,,,
42_0602,42,Pennsylvania,_,Skin Patching (hand tools/hot pot to apply liquid asphalt and aggregate),patching,2004,8,8,24.0,18.0,-6.0,12.75,7.625,-5.125,-0.875
42_0601,42,Pennsylvania,_,Partial depth patching of PCC pavements at joints,patching,2003,8,8,13.0,29.0,16.0,9.25,12.125,2.875,13.125
42_0659,42,Pennsylvania,_,"Partial depth patching of PCC pavements at joints, Partial Depth Patching of PCC Pavement Other Than at Joint",patching,2001,8,8,11.0,0.0,-11.0,4.75,5.5,0.75,-11.75
42_0605,42,Pennsylvania,_,"Partial depth patching of PCC pavements at joints, Partial Depth Patching of PCC Pavement Other Than at Joint",patching,2001,11,11,25.0,25.0,0.0,2.1818181818181817,1.7272727272727273,-0.45454545454545436,0.45454545454545436
29_0602,29,Missouri,_,"Transverse Joint Sealing, Lane-Shoulder Longitudinal Joint Sealing, Full Depth Patching of PCC Pavement Other Than at Joint",crack_sealing,1999,10,10,30.0,31.0,1.0,9.0,12.0,3.0,-2.0
29_0605,29,Missouri,_,"Transverse Joint Sealing, Lane-Shoulder Longitudinal Joint Sealing, Full Depth Patching of PCC Pavement Other Than at Joint",crack_sealing,1999,15,13,32.0,35.0,3.0,6.923076923076923,11.307692307692308,4.384615384615385,-1.384615384615385
55_0901,55,Wisconsin,_,Mill Off AC and Overlay with AC,asphalt_overlay,2013,5,4,7.0,0.0,-7.0,28.25,0.0,-28.25,21.25
55_0908,55,Wisconsin,_,Mill Off AC and Overlay with AC,asphalt_overlay,2013,5,4,26.0,0.0,-26.0,23.5,0.0,-23.5,-2.5
28_5803,28,Mississippi,3_78,Asphalt Concrete Overlay,asphalt_overlay,2012,6,2,42.0,0.0,-42.0,30.5,6.5,-24.0,-18.0
55_B907,55,Wisconsin,2_43,Mill Off AC and Overlay with AC,asphalt_overlay,2012,12,11,32.0,0.0,-32.0,23.727272727272727,0.6363636363636364,-23.09090909090909,-8.90909090909091
55_B909,55,Wisconsin,2_43,Mill Off AC and Overlay with AC,asphalt_overlay,2012,9,8,37.0,0.0,-37.0,32.0,0.875,-31.125,-5.875
55_B902,55,Wisconsin,2_43,Mill Off AC and Overlay with AC,asphalt_overlay,2012,12,11,0.0,6.0,6.0,26.636363636363637,0.09090909090909091,-26.545454545454547,32.54545454545455
55_0902,55,Wisconsin,_,Mill Off AC and Overlay with AC,asphalt_overlay,2011,5,4,54.0,1.0,-53.0,41.5,29.75,-11.75,-41.25
46_0603,46,South Dakota,_,Crack Sealing,crack_sealing,2013,10,10,4.0,0.0,-4.0,20.5,0.2,-20.3,16.3
46_0662,46,South Dakota,_,Crack Sealing,crack_sealing,2013,10,10,41.0,0.0,-41.0,16.8,0.2,-16.6,-24.4
46_0607,46,South Dakota,_,"AC Shoulder Restoration, Mill Off AC and Overlay with AC",asphalt_overlay,2011,10,10,52.0,0.0,-52.0,15.7,0.2,-15.5,-36.5
46_0608,46,South Dakota,_,"AC Shoulder Restoration, Mill Off AC and Overlay with AC",asphalt_overlay,2011,8,8,33.0,0.0,-33.0,20.875,0.0,-20.875,-12.125
46_0660,46,South Dakota,_,"AC Shoulder Restoration, Mill Off AC and Overlay with AC",asphalt_overlay,2011,8,8,46.0,0.0,-46.0,19.25,0.0,-19.25,-26.75
46_0605,46,South Dakota,_,"AC Shoulder Restoration, Asphalt Concrete Overlay",asphalt_overlay,2003,10,10,5.0,0.0,-5.0,8.3,1.2,-7.1000000000000005,2.1000000000000005
17_0601,17,Illinois,_,Skin Patching (hand tools/hot pot to apply liquid asphalt and aggregate),patching,2008,9,9,0.0,0.0,0.0,18.11111111111111,27.333333333333332,9.222222222222221,-9.222222222222221
9_4020,9,Connecticut,4_2,"Patch Pot Holes - Hand Spread, Compacted with Truck",patching,2010,8,2,5.0,15.0,10.0,20.5,22.5,2.0,8.0
4_1024,4,Arizona,2_40,Mill Off AC and Overlay with AC,asphalt_overlay,1999,5,4,30.0,0.0,-30.0,0.0,0.0,0.0,-30.0
19_0601,19,Iowa,_,Crack Sealing,crack_sealing,2003,8,8,0.0,0.0,0.0,30.25,38.875,8.625,-8.625
31_6700,31,Nebraska,3_6,Aggregate Seal Coat,seal_coat,2002,9,1,1.0,6.0,5.0,0.0,0.0,0.0,5.0
48_1039,48,Texas,3_287,Slurry Seal Coat,seal_coat,2002,8,8,19.0,5.0,-14.0,11.0,12.25,1.25,-15.25
39_0212,39,Ohio,_,"Full Depth Transverse Joint Repair Patch, Full Depth Patching of PCC Pavement Other Than at Joint, PCC Slab Replacement",patching,2019,10,1,59.0,6.0,-53.0,6.0,3.0,-3.0,-50.0
38_0219,38,North Dakota,_,Partial depth patching of PCC pavements at joints,patching,2020,14,14,0.0,0.0,0.0,0.21428571428571427,0.42857142857142855,0.21428571428571427,-0.21428571428571427
38_0214,38,North Dakota,_,"AC Shoulder Restoration, Partial depth patching of PCC pavements at joints",patching,2016,11,11,0.0,0.0,0.0,0.2727272727272727,0.2727272727272727,0.0,0.0
38_0218,38,North Dakota,_,"AC Shoulder Restoration, Full Depth Transverse Joint Repair Patch, Saw and Seal",crack_sealing,2016,11,11,0.0,0.0,0.0,0.2727272727272727,0.2727272727272727,0.0,0.0
38_0224,38,North Dakota,_,"AC Shoulder Restoration, Partial depth patching of PCC pavements at joints, Partial Depth Patching of PCC Pavement Other Than at Joint",patching,2016,8,8,0.0,0.0,0.0,0.0,0.0,0.0,0.0
38_0261,38,North Dakota,_,AC Shoulder Restoration,shoulder_restoration,2016,8,8,0.0,0.0,0.0,0.375,0.375,0.0,0.0
38_0262,38,North Dakota,_,AC Shoulder Restoration,shoulder_restoration,2016,14,14,0.0,0.0,0.0,0.21428571428571427,0.21428571428571427,0.0,0.0
38_0215,38,North Dakota,_,Skin Patching (hand tools/hot pot to apply liquid asphalt and aggregate),patching,2015,8,8,0.0,0.0,0.0,0.625,0.375,-0.25,0.25
38_0216,38,North Dakota,_,Grinding Surface,grinding,2011,10,10,0.0,0.0,0.0,0.0,0.5,0.5,-0.5
38_0217,38,North Dakota,_,"Crack Sealing, AC Shoulder Restoration, Transverse Joint Sealing, Lane-Shoulder Longitudinal Joint Sealing, Full Depth Transverse Joint Repair Patch, Partial depth patching of PCC pavements at joints, PCC Slab Replacement",crack_sealing,2009,11,11,6.0,0.0,-6.0,0.0,0.0,0.0,-6.0
4_0260,4,Arizona,_,"Patch Pot Holes - Hand Spread, Compacted with Truck",patching,2016,12,9,17.0,17.0,0.0,0.6666666666666666,0.6666666666666666,0.0,0.0
55_0907,55,Wisconsin,_,"Full Depth Patch of AC Pavement (removing damaged material, repairing supporting material, and repairing)",patching,2011,5,4,52.0,51.0,-1.0,42.0,17.25,-24.75,23.75
46_0601,46,South Dakota,_,"Partial depth patching of PCC pavements at joints, Partial Depth Patching of PCC Pavement Other Than at Joint",patching,2003,8,8,9.0,16.0,7.0,4.25,6.875,2.625,4.375
46_0602,46,South Dakota,_,"Grinding Surface, Partial depth patching of PCC pavements at joints, Partial Depth Patching of PCC Pavement Other Than at Joint",patching,2003,8,8,11.0,14.0,3.0,4.0,7.125,3.125,-0.125
21_A410,21,Kentucky,2_65,"Transverse Joint Sealing, Lane-Shoulder Longitudinal Joint Sealing",crack_sealing,1995,2,2,0.0,0.0,0.0,0.0,0.0,0.0,0.0
6_9048,6,California,2_8,"Crack Sealing, PCC Slab Replacement",crack_sealing,2013,9,1,50.0,53.0,3.0,10.0,13.0,3.0,0.0
25_1002,25,Massachusetts,2_391,"Crack Sealing, Patch Pot Holes - Hand Spread, Compacted with Truck",crack_sealing,1997,2,2,45.0,36.0,-9.0,11.5,19.0,7.5,-16.5
8_7776,8,Colorado,2_70,Partial depth patching of PCC pavements at joints,patching,2016,9,5,5.0,3.0,-2.0,5.4,5.4,0.0,-2.0
5_A602,5,Arkansas,3_65,Partial Depth Patching of PCC Pavement Other Than at Joint,patching,2011,14,11,0.0,0.0,0.0,10.818181818181818,16.181818181818183,5.363636363636365,-5.363636363636365
5_A605,5,Arkansas,3_65,Partial depth patching of PCC pavements at joints,patching,2008,8,7,0.0,0.0,0.0,13.142857142857142,16.857142857142858,3.7142857142857153,-3.7142857142857153
5_A601,5,Arkansas,3_65,Partial depth patching of PCC pavements at joints,patching,2006,14,11,0.0,0.0,0.0,6.545454545454546,8.454545454545455,1.9090909090909092,-1.9090909090909092
17_0603,17,Illinois,_,Skin Patching (hand tools/hot pot to apply liquid asphalt and aggregate),patching,2008,13,13,27.0,30.0,3.0,21.0,32.76923076923077,11.769230769230766,-8.769230769230766
17_0607,17,Illinois,_,"Crack Sealing, Skin Patching (hand tools/hot pot to apply liquid asphalt and aggregate)",crack_sealing,2006,8,8,46.0,54.0,8.0,25.125,30.75,5.625,2.375
17_0659,17,Illinois,_,Skin Patching (hand tools/hot pot to apply liquid asphalt and aggregate),patching,2005,9,9,35.0,22.0,-13.0,23.11111111111111,25.11111111111111,2.0,-15.0
17_0662,17,Illinois,_,Skin Patching (hand tools/hot pot to apply liquid asphalt and aggregate),patching,2002,13,12,0.0,7.0,7.0,33.25,4.75,-28.5,35.5
17_0606,17,Illinois,_,"Full Depth Patch of AC Pavement (removing damaged material, repairing supporting material, and repairing)",patching,2001,13,8,1.0,5.0,4.0,1.5,3.5,2.0,2.0
40_0605,40,Oklahoma,_,Partial Depth Patching of PCC Pavement Other Than at Joint,patching,2002,12,7,46.0,50.0,4.0,20.714285714285715,20.285714285714285,-0.4285714285714306,4.428571428571431
6_0660,6,California,_,"Patch Pot Holes - Hand Spread, Compacted with Truck",patching,2004,9,9,16.0,39.0,23.0,,,,
6_0604,6,California,_,"Full Depth Patch of AC Pavement (removing damaged material, repairing supporting material, and repairing)",patching,2003,9,8,39.0,34.0,-5.0,,,,
6_0605,6,California,_,Partial Depth Patching of PCC Pavement Other Than at Joint,patching,2003,14,14,58.0,61.0,3.0,,,,
6_0664,6,California,_,"Full Depth Patch of AC Pavement (removing damaged material, repairing supporting material, and repairing), Patch Pot Holes - Hand Spread, Compacted with Truck",patching,2003,9,8,31.0,23.0,-8.0,,,,
6_0663,6,California,_,Full Depth Patching of PCC Pavement Other Than at Joint,patching,2001,12,12,0.0,40.0,40.0,,,,
42_0602,42,Pennsylvania,_,Partial depth patching of PCC pavements at joints,patching,2004,8,8,18.0,24.0,6.0,8.625,12.75,4.125,1.875
42_0601,42,Pennsylvania,_,Partial Depth Patching of PCC Pavement Other Than at Joint,patching,2001,8,8,0.0,13.0,13.0,5.5,5.5,0.0,13.0
42_0659,42,Pennsylvania,_,"Partial depth patching of PCC pavements at joints, Partial Depth Patching of PCC Pavement Other Than at Joint",patching,2000,8,8,22.0,11.0,-11.0,3.25,4.75,1.5,-12.5
42_0605,42,Pennsylvania,_,"Partial depth patching of PCC pavements at joints, Partial Depth Patching of PCC Pavement Other Than at Joint",patching,2000,11,11,14.0,25.0,11.0,3.090909090909091,2.1818181818181817,-0.9090909090909092,11.90909090909091
47_0605,47,Tennessee,_,Partial Depth Patching of PCC Pavement Other Than at Joint,patching,2003,10,9,2.0,10.0,8.0,,5.222222222222222,,
1_C330,1,Alabama,3_84,"Patch Pot Holes - Hand Spread, Compacted with Truck",patching,2002,12,6,55.0,55.0,0.0,22.0,27.166666666666668,5.166666666666668,-5.166666666666668
29_0601,29,Missouri,_,Full Depth Patching of PCC Pavement Other Than at Joint,patching,2000,11,11,29.0,29.0,0.0,11.181818181818182,11.454545454545455,0.2727272727272734,-0.2727272727272734
29_0602,29,Missouri,_,"Transverse Joint Sealing, Lane-Shoulder Longitudinal Joint Sealing, Full Depth Patching of PCC Pavement Other Than at Joint",crack_sealing,1998,10,10,45.0,30.0,-15.0,18.6,9.0,-9.600000000000001,-5.399999999999999
29_0605,29,Missouri,_,"Transverse Joint Sealing, Lane-Shoulder Longitudinal Joint Sealing, Full Depth Patching of PCC Pavement Other Than at Joint",crack_sealing,1998,15,13,39.0,32.0,-7.0,14.76923076923077,6.923076923076923,-7.846153846153847,0.8461538461538467
48_C420,48,Texas,3_287,Full Depth Patching of PCC Pavement Other Than at Joint,patching,1995,3,3,14.0,14.0,0.0,7.333333333333333,8.333333333333334,1.0000000000000009,-1.0000000000000009
12_4154,12,Florida,4_442,"Manual Premix Spot Patch (hand spreading and compacting with roller), Machine Premix Patch (placing premix with paver roller)",patching,1996,9,5,54.0,48.0,-6.0,29.8,29.6,-0.1999999999999993,-5.800000000000001
4_1062,4,Arizona,2_40,Mill Off AC and Overlay with AC,asphalt_overlay,2015,9,3,37.0,0.0,-37.0,11.0,14.666666666666666,3.666666666666666,-40.666666666666664
55_0903,55,Wisconsin,_,Mill Off AC and Overlay with AC,asphalt_overlay,2013,5,4,35.0,0.0,-35.0,21.25,0.0,-21.25,-13.75
55_A907,55,Wisconsin,2_43,Mill Off AC and Overlay with AC,asphalt_overlay,2012,12,11,21.0,0.0,-21.0,24.727272727272727,0.6363636363636364,-24.09090909090909,3.09090909090909
55_A908,55,Wisconsin,2_43,Mill Off AC and Overlay with AC,asphalt_overlay,2012,11,11,50.0,0.0,-50.0,22.09090909090909,0.6363636363636364,-21.454545454545453,-28.545454545454547
55_A902,55,Wisconsin,2_43,Mill Off AC and Overlay with AC,asphalt_overlay,2012,9,8,0.0,0.0,0.0,19.625,0.875,-18.75,18.75
55_A903,55,Wisconsin,2_43,Mill Off AC and Overlay with AC,asphalt_overlay,2012,12,11,0.0,1.0,1.0,26.636363636363637,0.5454545454545454,-26.09090909090909,27.09090909090909
55_B902,55,Wisconsin,2_43,Mill Off AC and Overlay with AC,asphalt_overlay,2011,12,10,45.0,0.0,-45.0,35.8,29.3,-6.4999999999999964,-38.5
46_0603,46,South Dakota,_,"AC Shoulder Restoration, Mill Off AC and Overlay with AC",asphalt_overlay,2011,10,10,4.0,0.0,-4.0,20.5,0.2,-20.3,16.3
46_0662,46,South Dakota,_,"AC Shoulder Restoration, Mill Off AC and Overlay with AC",asphalt_overlay,2011,10,10,41.0,0.0,-41.0,16.8,0.2,-16.6,-24.4
17_5151,17,Illinois,2_80,"AC Shoulder Restoration, Mill Off AC and Overlay with AC",asphalt_overlay,2001,4,4,0.0,0.0,0.0,13.25,8.5,-4.75,4.75
40_0607,40,Oklahoma,_,Crack Sealing,crack_sealing,2002,12,7,0.0,0.0,0.0,27.428571428571427,27.714285714285715,0.28571428571428825,-0.28571428571428825
17_0660,17,Illinois,_,Skin Patching (hand tools/hot pot to apply liquid asphalt and aggregate),patching,2008,8,8,0.0,0.0,0.0,17.375,24.125,6.75,-6.75
9_4020,9,Connecticut,4_2,Asphalt Concrete Overlay,asphalt_overlay,2001,8,2,23.0,0.0,-23.0,23.0,19.5,-3.5,-19.5
48_6079,48,Texas,2_40,Asphalt Concrete Overlay,asphalt_overlay,1999,1,1,22.0,28.0,6.0,1.0,5.0,4.0,2.0
4_1025,4,Arizona,2_40,"Patch Pot Holes - Hand Spread, Compacted with Truck",patching,2016,4,3,2.0,2.0,0.0,13.0,17.333333333333332,4.333333333333332,-4.333333333333332
48_1092,48,Texas,3_90,Asphalt Concrete Overlay,asphalt_overlay,2010,8,2,29.0,8.0,-21.0,23.0,23.0,0.0,-21.0
31_6700,31,Nebraska,3_6,Crack Sealing,crack_sealing,2001,9,1,1.0,6.0,5.0,0.0,0.0,0.0,5.0
48_1039,48,Texas,3_287,Aggregate Seal Coat,seal_coat,2001,8,7,4.0,19.0,15.0,6.428571428571429,12.571428571428571,6.142857142857142,8.857142857142858
35_0501,35,New Mexico,_,"Patch Pot Holes - Hand Spread, Compacted with Truck",patching,2003,8,8,2.0,4.0,2.0,1.25,1.75,0.5,1.5
39_0212,39,Ohio,_,"Patch Pot Holes - Hand Spread, Compacted with Truck",patching,2015,10,5,62.0,59.0,-3.0,1.2,1.8,0.6000000000000001,-3.6
38_0213,38,North Dakota,_,AC Shoulder Restoration,shoulder_restoration,2016,11,11,0.0,0.0,0.0,0.2727272727272727,0.2727272727272727,0.0,0.0
38_0219,38,North Dakota,_,"AC Shoulder Restoration, Full Depth Patching of PCC Pavement Other Than at Joint",patching,2016,14,14,0.0,0.0,0.0,0.21428571428571427,0.21428571428571427,0.0,0.0
38_0220,38,North Dakota,_,"AC Shoulder Restoration, Full Depth Transverse Joint Repair Patch",patching,2016,11,11,3.0,3.0,0.0,0.0,0.0,0.0,0.0
38_0221,38,North Dakota,_,"AC Shoulder Restoration, Full Depth Transverse Joint Repair Patch",patching,2016,8,8,0.0,0.0,0.0,0.0,0.0,0.0,0.0
38_0222,38,North Dakota,_,"AC Shoulder Restoration, Full Depth Transverse Joint Repair Patch, Partial depth patching of PCC pavements at joints",patching,2016,8,8,0.0,0.0,0.0,0.0,0.0,0.0,0.0
38_0223,38,North Dakota,_,AC Shoulder Restoration,shoulder_restoration,2016,13,13,0.0,0.0,0.0,0.23076923076923078,0.23076923076923078,0.0,0.0
38_0218,38,North Dakota,_,"Patch Pot Holes - Hand Spread, Compacted with Truck",patching,2014,11,11,0.0,0.0,0.0,0.45454545454545453,0.2727272727272727,-0.18181818181818182,0.18181818181818182
38_0224,38,North Dakota,_,"Patch Pot Holes - Hand Spread, Compacted with Truck",patching,2014,8,8,0.0,0.0,0.0,0.0,0.0,0.0,0.0
38_0261,38,North Dakota,_,"Patch Pot Holes - Hand Spread, Compacted with Truck",patching,2014,8,8,0.0,0.0,0.0,0.625,0.375,-0.25,0.25
38_0262,38,North Dakota,_,"Patch Pot Holes - Hand Spread, Compacted with Truck",patching,2014,14,14,0.0,0.0,0.0,0.35714285714285715,0.21428571428571427,-0.14285714285714288,0.14285714285714288
38_0214,38,North Dakota,_,Grinding Surface,grinding,2011,11,11,0.0,0.0,0.0,0.0,0.45454545454545453,0.45454545454545453,-0.45454545454545453
38_0215,38,North Dakota,_,Grinding Surface,grinding,2011,8,8,0.0,0.0,0.0,0.0,0.625,0.625,-0.625
38_0216,38,North Dakota,_,"AC Shoulder Restoration, Transverse Joint Sealing, Lane-Shoulder Longitudinal Joint Sealing, Partial depth patching of PCC pavements at joints",crack_sealing,2009,10,10,0.0,0.0,0.0,0.6,0.0,-0.6,0.6
38_0217,38,North Dakota,_,"Crack Sealing, AC Shoulder Restoration, Lane-Shoulder Longitudinal Joint Sealing, Partial depth patching of PCC pavements at joints, Partial Depth Patching of PCC Pavement Other Than at Joint",crack_sealing,2005,11,8,6.0,6.0,0.0,0.375,0.0,-0.375,0.375
4_1006,4,Arizona,2_10,"Patch Pot Holes - Hand Spread, Compacted with Truck",patching,2020,12,7,2.0,4.0,2.0,0.7142857142857143,0.7142857142857143,0.0,2.0
4_0261,4,Arizona,_,"Patch Pot Holes - Hand Spread, Compacted with Truck",patching,2016,9,9,25.0,25.0,0.0,0.6666666666666666,1.0,0.33333333333333337,-0.33333333333333337
4_0260,4,Arizona,_,"Crack Sealing, Patch Pot Holes - Hand Spread, Compacted with Truck",crack_sealing,2015,12,9,12.0,17.0,5.0,0.6666666666666666,0.6666666666666666,0.0,5.0
8_0222,8,Colorado,_,Partial depth patching of PCC pavements at joints,patching,2020,10,4,0.0,0.0,0.0,3.0,3.0,0.0,0.0
53_0801,53,Washington,_,Crack Sealing,crack_sealing,2015,4,3,0.0,0.0,0.0,1.6666666666666667,3.6666666666666665,1.9999999999999998,-1.9999999999999998
20_0201,20,Kansas,_,Grinding Surface,grinding,2015,8,8,0.0,9.0,9.0,0.375,0.375,0.0,9.0
55_0901,55,Wisconsin,_,"Full Depth Patch of AC Pavement (removing damaged material, repairing supporting material, and repairing), Patch Pot Holes - Hand Spread, Compacted with Truck",patching,2012,5,4,7.0,7.0,0.0,53.25,28.25,-25.0,25.0
55_0908,55,Wisconsin,_,"Full Depth Patch of AC Pavement (removing damaged material, repairing supporting material, and repairing), Patch Pot Holes - Hand Spread, Compacted with Truck",patching,2012,5,4,54.0,26.0,-28.0,41.5,23.5,-18.0,-10.0
55_0907,55,Wisconsin,_,"Crack Sealing, Full Depth Patch of AC Pavement (removing damaged material, repairing supporting material, and repairing), Patch Pot Holes - Hand Spread, Compacted with Truck",crack_sealing,2008,5,5,45.0,52.0,7.0,32.4,44.0,11.600000000000001,-4.600000000000001
55_B907,55,Wisconsin,2_43,"Full Depth Patch of AC Pavement (removing damaged material, repairing supporting material, and repairing)",patching,2011,12,10,33.0,32.0,-1.0,37.0,26.1,-10.899999999999999,9.899999999999999
55_B909,55,Wisconsin,2_43,"Full Depth Patch of AC Pavement (removing damaged material, repairing supporting material, and repairing)",patching,2011,9,9,53.0,37.0,-16.0,33.0,28.77777777777778,-4.222222222222221,-11.777777777777779
55_B901,55,Wisconsin,2_43,"Full Depth Patch of AC Pavement (removing damaged material, repairing supporting material, and repairing)",patching,2010,9,9,56.0,0.0,-56.0,38.0,28.333333333333332,-9.666666666666668,-46.33333333333333
46_0607,46,South Dakota,_,"Patch Pot Holes - Hand Spread, Compacted with Truck",patching,2008,10,10,29.0,39.0,10.0,2.6,6.8,4.199999999999999,5.800000000000001
46_0608,46,South Dakota,_,"Patch Pot Holes - Hand Spread, Compacted with Truck",patching,2008,8,8,0.0,5.0,5.0,6.625,11.875,5.25,-0.25
46_0660,46,South Dakota,_,"Patch Pot Holes - Hand Spread, Compacted with Truck",patching,2008,8,8,12.0,30.0,18.0,5.125,8.75,3.625,14.375
55_0902,55,Wisconsin,_,"Crack Sealing, Patch Pot Holes - Hand Spread, Compacted with Truck",crack_sealing,2008,5,5,51.0,54.0,3.0,31.2,43.6,12.400000000000002,-9.400000000000002
46_0601,46,South Dakota,_,Partial depth patching of PCC pavements at joints,patching,2002,8,8,13.0,9.0,-4.0,4.25,5.625,1.375,-5.375
46_0602,46,South Dakota,_,Partial depth patching of PCC pavements at joints,patching,2002,8,8,11.0,11.0,0.0,4.5,5.375,0.875,-0.875
46_0605,46,South Dakota,_,Partial depth patching of PCC pavements at joints,patching,2001,10,10,2.0,5.0,3.0,4.5,4.9,0.40000000000000036,2.5999999999999996
21_A410,21,Kentucky,2_65,"Transverse Joint Sealing, Lane-Shoulder Longitudinal Joint Sealing",crack_sealing,1995,2,2,0.0,0.0,0.0,0.0,0.0,0.0,0.0
42_1690,42,Pennsylvania,2_180,"Full Depth Patching of PCC Pavement Other Than at Joint, Partial Depth Patching of PCC Pavement Other Than at Joint",patching,2004,11,3,36.0,12.0,-24.0,32.666666666666664,8.666666666666666,-24.0,0.0
6_9048,6,California,2_8,Lane-Shoulder Longitudinal Joint Sealing,crack_sealing,2012,9,1,53.0,50.0,-3.0,10.0,10.0,0.0,-3.0
6_2040,6,California,3_101,"Patch Pot Holes - Hand Spread, Compacted with Truck",patching,2003,1,1,5.0,10.0,5.0,0.0,0.0,0.0,5.0
4_1024,4,Arizona,2_40,Fog Seal Coat,seal_coat,1998,5,5,8.0,30.0,22.0,0.4,0.0,-0.4,22.4
25_1002,25,Massachusetts,2_391,Manual Premix Spot Patch (hand spreading and compacting with roller),patching,1997,2,2,53.0,45.0,-8.0,11.5,19.0,7.5,-15.5
8_7776,8,Colorado,2_70,"Partial depth patching of PCC pavements at joints, Partial Depth Patching of PCC Pavement Other Than at Joint",patching,2013,9,8,3.0,3.0,0.0,3.25,4.875,1.625,-1.625
5_A602,5,Arkansas,3_65,"Partial depth patching of PCC pavements at joints, Partial Depth Patching of PCC Pavement Other Than at Joint",patching,2008,14,11,0.0,0.0,0.0,8.454545454545455,10.818181818181818,2.3636363636363633,-2.3636363636363633
5_A605,5,Arkansas,3_65,"Partial depth patching of PCC pavements at joints, Partial Depth Patching of PCC Pavement Other Than at Joint",patching,2006,8,7,0.0,0.0,0.0,10.285714285714286,13.142857142857142,2.857142857142856,-2.857142857142856
5_A601,5,Arkansas,3_65,Manual Premix Spot Patch (hand spreading and compacting with roller),patching,2005,14,12,0.0,0.0,0.0,4.333333333333333,6.0,1.666666666666667,-1.666666666666667
28_5803,28,Mississippi,3_78,AC Shoulder Replacement,shoulder_restoration,2012,6,2,42.0,0.0,-42.0,30.5,6.5,-24.0,-18.0
17_0604,17,Illinois,_,Skin Patching (hand tools/hot pot to apply liquid asphalt and aggregate),patching,2008,13,13,23.0,54.0,31.0,21.307692307692307,30.923076923076923,9.615384615384617,21.384615384615383
17_0603,17,Illinois,_,Skin Patching (hand tools/hot pot to apply liquid asphalt and aggregate),patching,2006,13,13,27.0,27.0,0.0,17.0,21.0,4.0,-4.0
17_0607,17,Illinois,_,Skin Patching (hand tools/hot pot to apply liquid asphalt and aggregate),patching,2005,8,8,47.0,46.0,-1.0,24.5,25.125,0.625,-1.625
17_0659,17,Illinois,_,Skin Patching (hand tools/hot pot to apply liquid asphalt and aggregate),patching,2002,9,8,1.0,2.0,1.0,12.75,7.0,-5.75,6.75
17_0662,17,Illinois,_,"Full Depth Patch of AC Pavement (removing damaged material, repairing supporting material, and repairing)",patching,2001,13,8,0.0,7.0,7.0,1.625,3.25,1.625,5.375
17_0606,17,Illinois,_,Crack Sealing,crack_sealing,1997,13,13,0.0,2.0,2.0,30.307692307692307,31.076923076923077,0.76923076923077,1.23076923076923
40_0605,40,Oklahoma,_,Partial Depth Patching of PCC Pavement Other Than at Joint,patching,2001,12,7,38.0,46.0,8.0,15.571428571428571,20.714285714285715,5.142857142857144,2.857142857142856
4_0506,4,Arizona,_,"Patch Pot Holes - Hand Spread, Compacted with Truck",patching,2007,10,3,2.0,4.0,2.0,42.0,47.0,5.0,-3.0
19_0603,19,Iowa,_,"Full Depth Patch of AC Pavement (removing damaged material, repairing supporting material, and repairing)",patching,2006,8,8,53.0,48.0,-5.0,32.25,32.125,-0.125,-4.875
29_0603,29,Missouri,_,Skin Patching (hand tools/hot pot to apply liquid asphalt and aggregate),patching,2003,8,5,0.0,1.0,1.0,10.0,12.4,2.4000000000000004,-1.4000000000000004
27_0505,27,Minnesota,_,Skin Patching (hand tools/hot pot to apply liquid asphalt and aggregate),patching,2004,11,11,0.0,0.0,0.0,0.09090909090909091,0.18181818181818182,0.09090909090909091,-0.09090909090909091
6_0661,6,California,_,"Patch Pot Holes - Hand Spread, Compacted with Truck",patching,2004,9,9,39.0,40.0,1.0,,,,
6_0660,6,California,_,"Full Depth Patch of AC Pavement (removing damaged material, repairing supporting material, and repairing)",patching,2003,9,9,20.0,16.0,-4.0,,,,
6_0605,6,California,_,AC Shoulder Replacement,shoulder_restoration,2002,14,14,60.0,58.0,-2.0,,,,
6_0604,6,California,_,"Full Depth Patch of AC Pavement (removing damaged material, repairing supporting material, and repairing)",patching,2001,9,9,17.0,26.0,9.0,,,,
6_0664,6,California,_,"Patch Pot Holes - Hand Spread, Compacted with Truck",patching,2001,9,9,24.0,25.0,1.0,,,,
6_0663,6,California,_,"Transverse Joint Sealing, Lane-Shoulder Longitudinal Joint Sealing",crack_sealing,2000,12,12,87.0,93.0,6.0,,,,
18_0602,18,Indiana,_,Partial Depth Patching of PCC Pavement Other Than at Joint,patching,2005,8,8,0.0,0.0,0.0,47.625,41.125,-6.5,6.5
18_0605,18,Indiana,_,Partial Depth Patching of PCC Pavement Other Than at Joint,patching,2005,8,8,0.0,2.0,2.0,47.625,40.875,-6.75,8.75
42_0602,42,Pennsylvania,_,Partial depth patching of PCC pavements at joints,patching,2003,8,8,18.0,24.0,6.0,8.625,12.75,4.125,1.875
42_0601,42,Pennsylvania,_,Partial Depth Patching of PCC Pavement Other Than at Joint,patching,2000,8,8,0.0,0.0,0.0,6.125,5.5,-0.625,0.625
42_0659,42,Pennsylvania,_,"Partial depth patching of PCC pavements at joints, Partial Depth Patching of PCC Pavement Other Than at Joint",patching,1999,8,8,11.0,22.0,11.0,2.375,3.25,0.875,10.125
42_0605,42,Pennsylvania,_,"Partial depth patching of PCC pavements at joints, Partial Depth Patching of PCC Pavement Other Than at Joint",patching,1998,11,11,7.0,14.0,7.0,2.090909090909091,3.090909090909091,1.0,6.0
47_0605,47,Tennessee,_,PCC Slab Replacement,reconstruction_or_major_rehab,2002,10,8,4.0,2.0,-2.0,2.0,,,
1_C330,1,Alabama,3_84,"Patch Pot Holes - Hand Spread, Compacted with Truck",patching,2001,12,6,55.0,55.0,0.0,21.666666666666668,26.333333333333332,4.666666666666664,-4.666666666666664
4_0659,4,Arizona,_,"Patch Pot Holes - Hand Spread, Compacted with Truck",patching,2001,9,9,2.0,2.0,0.0,2.3333333333333335,1.5555555555555556,-0.7777777777777779,0.7777777777777779
17_0602,17,Illinois,_,Skin Patching (hand tools/hot pot to apply liquid asphalt and aggregate),patching,2000,8,8,92.0,92.0,0.0,38.25,38.0,-0.25,0.25
17_0605,17,Illinois,_,Full Depth Transverse Joint Repair Patch,patching,1999,8,7,62.0,61.0,-1.0,48.0,46.857142857142854,-1.142857142857146,0.1428571428571459
29_0601,29,Missouri,_,"Transverse Joint Sealing, Lane-Shoulder Longitudinal Joint Sealing, Full Depth Patching of PCC Pavement Other Than at Joint",crack_sealing,1998,11,11,67.0,5.0,-62.0,14.909090909090908,10.545454545454545,-4.363636363636363,-57.63636363636364
29_0602,29,Missouri,_,Full Depth Patching of PCC Pavement Other Than at Joint,patching,1997,10,10,45.0,30.0,-15.0,18.6,9.0,-9.600000000000001,-5.399999999999999
29_0605,29,Missouri,_,Full Depth Patching of PCC Pavement Other Than at Joint,patching,1997,15,13,39.0,32.0,-7.0,14.76923076923077,6.923076923076923,-7.846153846153847,0.8461538461538467
48_C420,48,Texas,3_287,Partial depth patching of PCC pavements at joints,patching,1995,3,3,14.0,14.0,0.0,7.333333333333333,8.333333333333334,1.0000000000000009,-1.0000000000000009
12_4154,12,Florida,4_442,Manual Premix Spot Patch (hand spreading and compacting with roller),patching,1995,9,9,54.0,54.0,0.0,14.222222222222221,19.333333333333332,5.111111111111111,-5.111111111111111
19_0605,19,Iowa,_,"Grinding Surface, Full Depth Transverse Joint Repair Patch",patching,1993,8,8,35.0,33.0,-2.0,12.75,13.375,0.625,-2.625
19_0602,19,Iowa,_,Partial Depth Patching of PCC Pavement Other Than at Joint,patching,1993,8,8,52.0,50.0,-2.0,10.625,11.25,0.625,-2.625
30_0114,30,Montana,_,"Aggregate Seal Coat, Mill Off AC and Overlay with AC",asphalt_overlay,2016,10,5,33.0,0.0,-33.0,20.8,0.0,-20.8,-12.2
30_0115,30,Montana,_,"Aggregate Seal Coat, Mill Off AC and Overlay with AC",asphalt_overlay,2016,8,5,23.0,0.0,-23.0,22.8,0.0,-22.8,-0.1999999999999993
30_0117,30,Montana,_,"Aggregate Seal Coat, Mill Off AC and Overlay with AC",asphalt_overlay,2016,8,5,35.0,0.0,-35.0,20.4,0.0,-20.4,-14.600000000000001
30_0119,30,Montana,_,"Aggregate Seal Coat, Mill Off AC and Overlay with AC",asphalt_overlay,2016,14,5,24.0,0.0,-24.0,22.6,0.0,-22.6,-1.3999999999999986
30_0123,30,Montana,_,"Aggregate Seal Coat, Mill Off AC and Overlay with AC",asphalt_overlay,2016,14,5,9.0,0.0,-9.0,25.6,0.0,-25.6,16.6
30_0124,30,Montana,_,"Aggregate Seal Coat, Mill Off AC and Overlay with AC",asphalt_overlay,2016,14,5,13.0,0.0,-13.0,24.8,0.0,-24.8,11.8
53_7322,53,Washington,3_195,Mill Off AC and Overlay with AC,asphalt_overlay,2015,3,1,53.0,0.0,-53.0,0.0,1.0,1.0,-54.0
26_0159,26,Michigan,_,Crack Sealing,crack_sealing,2015,9,4,0.0,0.0,0.0,0.0,0.25,0.25,-0.25
55_A909,55,Wisconsin,2_43,Mill Off AC and Overlay with AC,asphalt_overlay,2012,9,8,43.0,0.0,-43.0,31.25,0.875,-30.375,-12.625
6_8150,6,California,4_210,Asphalt Concrete Overlay,asphalt_overlay,2013,2,2,0.0,0.0,0.0,8.5,8.5,0.0,0.0
55_A902,55,Wisconsin,2_43,"Full Depth Patch of AC Pavement (removing damaged material, repairing supporting material, and repairing), Mill Off AC and Overlay with AC",asphalt_overlay,2011,9,7,56.0,0.0,-56.0,28.428571428571427,22.428571428571427,-6.0,-50.0
55_A903,55,Wisconsin,2_43,"Full Depth Patch of AC Pavement (removing damaged material, repairing supporting material, and repairing), Mill Off AC and Overlay with AC",asphalt_overlay,2011,12,10,39.0,0.0,-39.0,36.4,29.3,-7.099999999999998,-31.900000000000002
46_0604,46,South Dakota,_,Crack Sealing,crack_sealing,2013,10,10,5.0,0.0,-5.0,20.4,0.2,-20.2,15.2
46_0606,46,South Dakota,_,Crack Sealing,crack_sealing,2013,10,10,11.0,0.0,-11.0,19.8,0.2,-19.6,8.600000000000001
46_0661,46,South Dakota,_,Crack Sealing,crack_sealing,2013,10,10,7.0,0.0,-7.0,20.2,0.2,-20.0,13.0
39_0159,39,Ohio,_,Mill Existing Pavement and Overlay with Hot-Mix Recycled AC,asphalt_overlay,2010,8,5,1.0,1.0,0.0,16.8,17.2,0.3999999999999986,-0.3999999999999986
48_2108,48,Texas,10_197,"Grinding Surface, Asphalt Concrete Overlay, Full Depth Patch of AC Pavement (removing damaged material, repairing supporting material, and repairing), Aggregate Seal Coat",asphalt_overlay,2012,2,2,23.0,0.0,-23.0,0.0,0.0,0.0,-23.0
26_0115,26,Michigan,_,Crack Sealing,crack_sealing,2015,9,4,0.0,1.0,1.0,0.0,0.0,0.0,1.0
26_0117,26,Michigan,_,Crack Sealing,crack_sealing,2015,9,4,0.0,0.0,0.0,0.0,0.25,0.25,-0.25
26_0123,26,Michigan,_,Crack Sealing,crack_sealing,2015,13,8,0.0,0.0,0.0,0.0,0.625,0.625,-0.625
53_1005,53,Washington,2_90,"Crack Sealing, Patch Pot Holes - Hand Spread, Compacted with Truck, Aggregate Seal Coat",crack_sealing,2016,8,8,10.0,1.0,-9.0,3.75,4.125,0.375,-9.375
20_0105,20,Kansas,_,Aggregate Seal Coat,seal_coat,2004,10,7,6.0,6.0,0.0,0.42857142857142855,1.4285714285714286,1.0,-1.0
30_7076,30,Montana,2_90,Crack Sealing,crack_sealing,2005,1,1,0.0,0.0,0.0,0.0,1.0,1.0,-1.0
40_0607,40,Oklahoma,_,Mill Off AC and Overlay with AC,asphalt_overlay,2001,12,7,0.0,0.0,0.0,20.142857142857142,27.285714285714285,7.142857142857142,-7.142857142857142
17_0661,17,Illinois,_,Skin Patching (hand tools/hot pot to apply liquid asphalt and aggregate),patching,2008,8,8,0.0,0.0,0.0,17.375,24.125,6.75,-6.75
6_8534,6,California,2_8,Asphalt Concrete Overlay,asphalt_overlay,2010,3,1,23.0,1.0,-22.0,0.0,0.0,0.0,-22.0
6_2002,6,California,3_97,Asphalt Concrete Overlay,asphalt_overlay,1999,8,8,0.0,0.0,0.0,,,,
10_1450,10,Delaware,3_113,"AC Shoulder Restoration, Asphalt Concrete Overlay",asphalt_overlay,2011,8,7,26.0,0.0,-26.0,7.714285714285714,0.0,-7.714285714285714,-18.285714285714285
48_1092,48,Texas,3_90,Crack Sealing,crack_sealing,2002,8,2,5.0,16.0,11.0,0.5,1.0,0.5,10.5
1_0607,1,Alabama,_,"Patch Pot Holes - Hand Spread, Compacted with Truck",patching,2004,10,9,20.0,22.0,2.0,5.555555555555555,7.777777777777778,2.2222222222222223,-0.22222222222222232
30_0113,30,Montana,_,"Patch Pot Holes - Hand Spread, Compacted with Truck",patching,2012,8,8,33.0,33.0,0.0,15.0,15.875,0.875,-0.875
48_1039,48,Texas,3_287,"Asphalt Concrete Overlay, Aggregate Seal Coat",asphalt_overlay,1996,8,8,42.0,2.0,-40.0,4.875,3.375,-1.5,-38.5
35_0501,35,New Mexico,_,Crack Sealing,crack_sealing,2002,8,8,2.0,4.0,2.0,1.25,1.75,0.5,1.5
9_0961,9,Connecticut,_,"Patch Pot Holes - Hand Spread, Compacted with Truck",patching,2008,9,8,4.0,15.0,11.0,8.875,18.25,9.375,1.625
27_1018,27,Minnesota,3_10,Aggregate Seal Coat,seal_coat,2003,1,1,8.0,1.0,-7.0,0.0,0.0,0.0,-7.0
39_0212,39,Ohio,_,"AC Shoulder Restoration, Other, PCC Slab Replacement",shoulder_restoration,2013,10,2,79.0,62.0,-17.0,0.0,1.5,1.5,-18.5
38_0213,38,North Dakota,_,Grinding Surface,grinding,2011,11,11,0.0,0.0,0.0,0.0,0.45454545454545453,0.45454545454545453,-0.45454545454545453
38_0218,38,North Dakota,_,Grinding Surface,grinding,2011,11,11,0.0,0.0,0.0,0.0,0.45454545454545453,0.45454545454545453,-0.45454545454545453
38_0219,38,North Dakota,_,Grinding Surface,grinding,2011,14,14,0.0,0.0,0.0,0.0,0.35714285714285715,0.35714285714285715,-0.35714285714285715
38_0220,38,North Dakota,_,Grinding Surface,grinding,2011,11,11,0.0,0.0,0.0,0.0,0.45454545454545453,0.45454545454545453,-0.45454545454545453
38_0221,38,North Dakota,_,Grinding Surface,grinding,2011,8,8,0.0,0.0,0.0,0.0,0.0,0.0,0.0
38_0222,38,North Dakota,_,Grinding Surface,grinding,2011,8,8,0.0,0.0,0.0,0.0,0.0,0.0,0.0
38_0223,38,North Dakota,_,Grinding Surface,grinding,2011,13,13,0.0,0.0,0.0,0.0,0.38461538461538464,0.38461538461538464,-0.38461538461538464
38_0224,38,North Dakota,_,Grinding Surface,grinding,2011,8,8,0.0,0.0,0.0,0.0,0.0,0.0,0.0
38_0261,38,North Dakota,_,Grinding Surface,grinding,2011,8,8,0.0,0.0,0.0,0.0,0.625,0.625,-0.625
38_0262,38,North Dakota,_,Grinding Surface,grinding,2011,14,14,0.0,0.0,0.0,0.0,0.35714285714285715,0.35714285714285715,-0.35714285714285715
38_0214,38,North Dakota,_,"AC Shoulder Restoration, Transverse Joint Sealing, Lane-Shoulder Longitudinal Joint Sealing, Partial depth patching of PCC pavements at joints",crack_sealing,2009,11,11,0.0,0.0,0.0,0.5454545454545454,0.0,-0.5454545454545454,0.5454545454545454
38_0215,38,North Dakota,_,"AC Shoulder Restoration, Transverse Joint Sealing, Lane-Shoulder Longitudinal Joint Sealing, Partial depth patching of PCC pavements at joints",crack_sealing,2009,8,8,0.0,0.0,0.0,0.75,0.0,-0.75,0.75
38_0216,38,North Dakota,_,"AC Shoulder Restoration, Lane-Shoulder Longitudinal Joint Sealing, Partial depth patching of PCC pavements at joints",crack_sealing,2006,10,7,0.0,0.0,0.0,1.2857142857142858,0.8571428571428571,-0.4285714285714287,0.4285714285714287
38_0217,38,North Dakota,_,"Crack Sealing, Lane-Shoulder Longitudinal Joint Sealing",crack_sealing,2002,11,8,6.0,6.0,0.0,0.0,0.375,0.375,-0.375
4_1003,4,Arizona,2_10,Crack Sealing,crack_sealing,2015,11,9,0.0,0.0,0.0,3.7777777777777777,3.5555555555555554,-0.22222222222222232,0.22222222222222232
4_1006,4,Arizona,2_10,Crack Sealing,crack_sealing,2015,12,8,1.0,1.0,0.0,2.125,2.75,0.625,-0.625
8_0218,8,Colorado,_,Partial depth patching of PCC pavements at joints,patching,2016,11,8,9.0,9.0,0.0,5.125,4.875,-0.25,0.25
4_0261,4,Arizona,_,"Crack Sealing, Patch Pot Holes - Hand Spread, Compacted with Truck",crack_sealing,2015,9,9,24.0,25.0,1.0,1.0,0.6666666666666666,-0.33333333333333337,1.3333333333333335
4_0260,4,Arizona,_,"Patch Pot Holes - Hand Spread, Compacted with Truck",patching,2013,12,9,11.0,12.0,1.0,0.6666666666666666,0.6666666666666666,0.0,1.0
32_0201,32,Nevada,_,Full Depth Patching of PCC Pavement Other Than at Joint,patching,2003,8,8,36.0,15.0,-21.0,30.125,40.0,9.875,-30.875
53_0207,53,Washington,_,Partial Depth Patching of PCC Pavement Other Than at Joint,patching,2018,9,8,6.0,3.0,-3.0,3.0,3.0,0.0,-3.0
8_0222,8,Colorado,_,Partial depth patching of PCC pavements at joints,patching,2016,10,7,0.0,0.0,0.0,3.0,3.4285714285714284,0.4285714285714284,-0.4285714285714284
53_0802,53,Washington,_,Crack Sealing,crack_sealing,2015,4,3,5.0,11.0,6.0,0.0,0.0,0.0,6.0
53_0801,53,Washington,_,Crack Sealing,crack_sealing,2015,4,3,0.0,0.0,0.0,1.3333333333333333,1.6666666666666667,0.3333333333333335,-0.3333333333333335
20_0205,20,Kansas,_,Partial depth patching of PCC pavements at joints,patching,2014,12,12,0.0,0.0,0.0,0.25,1.0,0.75,-0.75
20_0201,20,Kansas,_,"Full Depth Transverse Joint Repair Patch, Full Depth Patching of PCC Pavement Other Than at Joint",patching,2011,8,8,0.0,0.0,0.0,1.125,0.375,-0.75,0.75
10_0205,10,Delaware,_,Skin Patching (hand tools/hot pot to apply liquid asphalt and aggregate),patching,2014,8,8,14.0,14.0,0.0,0.375,0.0,-0.375,0.375
10_0208,10,Delaware,_,Skin Patching (hand tools/hot pot to apply liquid asphalt and aggregate),patching,2014,11,10,0.0,0.0,0.0,0.3,1.9,1.5999999999999999,-1.5999999999999999
55_0903,55,Wisconsin,_,"Full Depth Patch of AC Pavement (removing damaged material, repairing supporting material, and repairing)",patching,2012,5,4,53.0,35.0,-18.0,41.75,21.25,-20.5,2.5
55_0908,55,Wisconsin,_,"Full Depth Patch of AC Pavement (removing damaged material, repairing supporting material, and repairing)",patching,2011,5,4,54.0,26.0,-28.0,41.5,23.5,-18.0,-10.0
55_0901,55,Wisconsin,_,"Crack Sealing, Full Depth Patch of AC Pavement (removing damaged material, repairing supporting material, and repairing), Patch Pot Holes - Hand Spread, Compacted with Truck",crack_sealing,2008,5,5,3.0,7.0,4.0,40.8,53.0,12.200000000000003,-8.200000000000003
55_0907,55,Wisconsin,_,Crack Sealing,crack_sealing,2006,5,5,1.0,45.0,44.0,10.8,32.4,21.599999999999998,22.400000000000002
55_A907,55,Wisconsin,2_43,"Patch Pot Holes - Hand Spread, Compacted with Truck",patching,2011,12,10,10.0,21.0,11.0,39.3,27.2,-12.099999999999998,23.099999999999998
55_A908,55,Wisconsin,2_43,"Full Depth Patch of AC Pavement (removing damaged material, repairing supporting material, and repairing)",patching,2011,11,9,44.0,50.0,6.0,39.888888888888886,27.0,-12.888888888888886,18.888888888888886
55_B907,55,Wisconsin,2_43,"Full Depth Patch of AC Pavement (removing damaged material, repairing supporting material, and repairing)",patching,2009,12,12,51.0,33.0,-18.0,38.416666666666664,30.833333333333332,-7.583333333333332,-10.416666666666668
55_0909,55,Wisconsin,_,"Crack Sealing, Patch Pot Holes - Hand Spread, Compacted with Truck",crack_sealing,2008,5,5,53.0,52.0,-1.0,30.8,44.0,13.2,-14.2
55_B909,55,Wisconsin,2_43,"Full Depth Patch of AC Pavement (removing damaged material, repairing supporting material, and repairing), Patch Pot Holes - Hand Spread, Compacted with Truck",patching,2008,9,8,54.0,53.0,-1.0,37.125,36.75,-0.375,-0.625
46_0603,46,South Dakota,_,"Patch Pot Holes - Hand Spread, Compacted with Truck",patching,2008,10,10,1.0,1.0,0.0,5.4,10.6,5.199999999999999,-5.199999999999999
46_0662,46,South Dakota,_,"Patch Pot Holes - Hand Spread, Compacted with Truck",patching,2008,10,10,10.0,23.0,13.0,4.5,8.4,3.9000000000000004,9.1
55_B902,55,Wisconsin,2_43,"Full Depth Patch of AC Pavement (removing damaged material, repairing supporting material, and repairing), Patch Pot Holes - Hand Spread, Compacted with Truck",patching,2008,12,9,56.0,45.0,-11.0,39.0,39.77777777777778,0.7777777777777786,-11.777777777777779
55_0902,55,Wisconsin,_,Crack Sealing,crack_sealing,2006,5,5,27.0,51.0,24.0,5.6,31.2,25.6,-1.6000000000000014
55_A901,55,Wisconsin,2_43,"Full Depth Patch of AC Pavement (removing damaged material, repairing supporting material, and repairing)",patching,2006,9,8,1.0,49.0,48.0,12.875,43.625,30.75,17.25
55_B901,55,Wisconsin,2_43,"Full Depth Patch of AC Pavement (removing damaged material, repairing supporting material, and repairing)",patching,2006,9,8,1.0,56.0,55.0,12.875,42.75,29.875,25.125
46_0608,46,South Dakota,_,Manual Premix Spot Patch (hand spreading and compacting with roller),patching,2005,8,8,0.0,0.0,0.0,1.375,6.625,5.25,-5.25
46_0607,46,South Dakota,_,Aggregate Seal Coat,seal_coat,2004,10,10,19.0,7.0,-12.0,6.9,0.5,-6.4,-5.6
46_0660,46,South Dakota,_,Aggregate Seal Coat,seal_coat,2004,8,8,12.0,2.0,-10.0,5.75,1.125,-4.625,-5.375
46_0601,46,South Dakota,_,"AC Shoulder Restoration, Partial depth patching of PCC pavements at joints",patching,2001,8,8,13.0,13.0,0.0,3.5,4.25,0.75,-0.75
46_0602,46,South Dakota,_,Partial depth patching of PCC pavements at joints,patching,2001,8,8,11.0,11.0,0.0,3.75,4.5,0.75,-0.75
46_0605,46,South Dakota,_,"AC Shoulder Restoration, Partial depth patching of PCC pavements at joints, Partial Depth Patching of PCC Pavement Other Than at Joint",patching,2000,10,10,2.0,2.0,0.0,1.8,4.5,2.7,-2.7
17_5151,17,Illinois,2_80,"Full Depth Patch of AC Pavement (removing damaged material, repairing supporting material, and repairing)",patching,2001,4,3,0.0,0.0,0.0,10.666666666666666,11.333333333333334,0.6666666666666679,-0.6666666666666679
9_4020,9,Connecticut,4_2,Machine Premix Patch (placing premix with paver roller),patching,2000,8,8,24.0,23.0,-1.0,5.75,4.875,-0.875,-0.125
42_1690,42,Pennsylvania,2_180,Partial depth patching of PCC pavements at joints,patching,2002,11,3,36.0,36.0,0.0,29.666666666666668,32.666666666666664,2.9999999999999964,-2.9999999999999964
36_A331,36,New York,3_4,Strip Patching (using spreader and distributor to apply hot liquid asphalt and aggregate),patching,1996,7,7,10.0,1.0,-9.0,16.285714285714285,4.714285714285714,-11.57142857142857,2.5714285714285694
42_B330,42,Pennsylvania,4_49,Crack Sealing,crack_sealing,1999,5,4,1.0,9.0,8.0,1.75,6.75,5.0,3.0
42_B351,42,Pennsylvania,4_49,Crack Sealing,crack_sealing,1999,5,4,1.0,13.0,12.0,1.75,5.75,4.0,8.0
6_9048,6,California,2_8,Crack Sealing,crack_sealing,2011,9,1,41.0,53.0,12.0,6.0,10.0,4.0,8.0
6_2040,6,California,3_101,"Patch Pot Holes - Hand Spread, Compacted with Truck",patching,2002,1,1,5.0,10.0,5.0,0.0,0.0,0.0,5.0
4_1065,4,Arizona,2_40,"Grinding Surface, Asphalt Concrete Overlay",asphalt_overlay,1999,10,5,0.0,0.0,0.0,6.0,0.0,-6.0,6.0
4_1062,4,Arizona,2_40,Crack Sealing,crack_sealing,2012,9,5,30.0,37.0,7.0,9.2,15.0,5.800000000000001,1.1999999999999993
4_1024,4,Arizona,2_40,"Patch Pot Holes - Hand Spread, Compacted with Truck",patching,1997,5,4,8.0,8.0,0.0,0.5,0.0,-0.5,0.5
25_1002,25,Massachusetts,2_391,"Crack Sealing, Patch Pot Holes - Hand Spread, Compacted with Truck",crack_sealing,1996,2,2,44.0,53.0,9.0,12.0,19.0,7.0,2.0
8_7776,8,Colorado,2_70,"Partial depth patching of PCC pavements at joints, Partial Depth Patching of PCC Pavement Other Than at Joint",patching,2009,9,8,0.0,0.0,0.0,3.75,3.25,-0.5,0.5
55_3012,55,Wisconsin,4_29,"Crack Sealing, AC Shoulder Restoration, Grinding Surface, Transverse Joint Sealing, Lane-Shoulder Longitudinal Joint Sealing, Partial depth patching of PCC pavements at joints",crack_sealing,2009,5,2,0.0,3.0,3.0,3.0,3.0,0.0,3.0
18_4042,18,Indiana,4_62,Partial depth patching of PCC pavements at joints,patching,2009,6,2,5.0,5.0,0.0,11.0,22.5,11.5,-11.5
5_A602,5,Arkansas,3_65,"Partial depth patching of PCC pavements at joints, Partial Depth Patching of PCC Pavement Other Than at Joint",patching,2006,14,11,0.0,0.0,0.0,6.545454545454546,8.454545454545455,1.9090909090909092,-1.9090909090909092
5_A601,5,Arkansas,3_65,"Grinding Surface, Partial depth patching of PCC pavements at joints, Partial Depth Patching of PCC Pavement Other Than at Joint",patching,2003,14,11,0.0,0.0,0.0,,3.090909090909091,,
5_A605,5,Arkansas,3_65,"Grinding Surface, Partial depth patching of PCC pavements at joints, Partial Depth Patching of PCC Pavement Other Than at Joint",patching,2003,8,7,0.0,0.0,0.0,,4.857142857142857,,
28_5803,28,Mississippi,3_78,,unknown,2012,6,2,16.0,42.0,26.0,30.5,6.5,-24.0,50.0
17_0604,17,Illinois,_,Skin Patching (hand tools/hot pot to apply liquid asphalt and aggregate),patching,2006,13,13,16.0,23.0,7.0,17.846153846153847,21.307692307692307,3.46153846153846,3.53846153846154
17_0603,17,Illinois,_,Manual Premix Spot Patch (hand spreading and compacting with roller),patching,2005,13,13,26.0,27.0,1.0,17.153846153846153,17.0,-0.1538461538461533,1.1538461538461533
17_0607,17,Illinois,_,Skin Patching (hand tools/hot pot to apply liquid asphalt and aggregate),patching,2004,8,8,9.0,47.0,38.0,6.75,24.5,17.75,20.25
17_0659,17,Illinois,_,"Full Depth Patch of AC Pavement (removing damaged material, repairing supporting material, and repairing)",patching,2001,9,8,1.0,2.0,1.0,1.5,3.875,2.375,-1.375
40_0601,40,Oklahoma,_,Partial Depth Patching of PCC Pavement Other Than at Joint,patching,2004,8,7,38.0,46.0,8.0,22.285714285714285,23.142857142857142,0.8571428571428577,7.142857142857142
40_0602,40,Oklahoma,_,Partial depth patching of PCC pavements at joints,patching,2000,8,7,14.0,32.0,18.0,17.142857142857142,16.428571428571427,-0.7142857142857153,18.714285714285715
40_0605,40,Oklahoma,_,Partial Depth Patching of PCC Pavement Other Than at Joint,patching,1999,12,7,19.0,38.0,19.0,16.428571428571427,15.571428571428571,-0.8571428571428559,19.857142857142854
4_0502,4,Arizona,_,Fog Seal Coat,seal_coat,2003,10,8,54.0,54.0,0.0,11.125,9.875,-1.25,1.25
4_0505,4,Arizona,_,Fog Seal Coat,seal_coat,2003,10,8,39.0,39.0,0.0,13.0,11.75,-1.25,1.25
4_0506,4,Arizona,_,Fog Seal Coat,seal_coat,2003,10,8,1.0,2.0,1.0,17.75,16.375,-1.375,2.375
4_0509,4,Arizona,_,Fog Seal Coat,seal_coat,2003,10,8,26.0,17.0,-9.0,14.625,14.5,-0.125,-8.875
4_0559,4,Arizona,_,Fog Seal Coat,seal_coat,2003,10,8,2.0,1.0,-1.0,17.625,16.5,-1.125,0.125
19_5046,19,Iowa,2_35,Partial Depth Patching of PCC Pavement Other Than at Joint,patching,2003,9,1,1.0,2.0,1.0,1.0,1.0,0.0,1.0
19_0604,19,Iowa,_,Skin Patching (hand tools/hot pot to apply liquid asphalt and aggregate),patching,2006,8,8,50.0,51.0,1.0,32.625,31.75,-0.875,1.875
19_0606,19,Iowa,_,Skin Patching (hand tools/hot pot to apply liquid asphalt and aggregate),patching,2006,8,8,47.0,47.0,0.0,33.0,32.25,-0.75,0.75
19_0607,19,Iowa,_,Skin Patching (hand tools/hot pot to apply liquid asphalt and aggregate),patching,2006,8,8,53.0,51.0,-2.0,32.25,31.75,-0.5,-1.5
19_0659,19,Iowa,_,Skin Patching (hand tools/hot pot to apply liquid asphalt and aggregate),patching,2006,8,8,53.0,50.0,-3.0,32.25,31.875,-0.375,-2.625
19_0603,19,Iowa,_,"Full Depth Patch of AC Pavement (removing damaged material, repairing supporting material, and repairing)",patching,2001,8,8,48.0,48.0,0.0,23.875,24.25,0.375,-0.375
29_0666,29,Missouri,_,Partial depth patching of PCC pavements at joints,patching,2003,15,5,50.0,50.0,0.0,0.0,2.6,2.6,-2.6
29_0603,29,Missouri,_,Manual Premix Spot Patch (hand spreading and compacting with roller),patching,2002,8,5,2.0,0.0,-2.0,13.2,10.0,-3.1999999999999993,1.1999999999999993
27_0506,27,Minnesota,_,Skin Patching (hand tools/hot pot to apply liquid asphalt and aggregate),patching,2004,11,11,0.0,0.0,0.0,0.09090909090909091,0.18181818181818182,0.09090909090909091,-0.09090909090909091
27_0507,27,Minnesota,_,Skin Patching (hand tools/hot pot to apply liquid asphalt and aggregate),patching,2004,11,11,0.0,0.0,0.0,0.09090909090909091,0.18181818181818182,0.09090909090909091,-0.09090909090909091
27_0505,27,Minnesota,_,Skin Patching (hand tools/hot pot to apply liquid asphalt and aggregate),patching,2003,11,11,0.0,0.0,0.0,0.2727272727272727,0.09090909090909091,-0.1818181818181818,0.1818181818181818
27_0560,27,Minnesota,_,Manual Premix Spot Patch (hand spreading and compacting with roller),patching,2003,8,8,0.0,1.0,1.0,0.0,0.25,0.25,0.75
6_0603,6,California,_,"Crack Sealing, Full Depth Patch of AC Pavement (removing damaged material, repairing supporting material, and repairing)",crack_sealing,2004,11,10,35.0,0.0,-35.0,,,,
6_0606,6,California,_,"Crack Sealing, Full Depth Patch of AC Pavement (removing damaged material, repairing supporting material, and repairing)",crack_sealing,2004,15,14,19.0,0.0,-19.0,,,,
6_0661,6,California,_,"Mechanical Premix Patch (using motor grader and roller), Full Depth Patch of AC Pavement (removing damaged material, repairing supporting material, and repairing), Patch Pot Holes - Hand Spread, Compacted with Truck",patching,2003,9,9,47.0,39.0,-8.0,,,,
6_0605,6,California,_,Full Depth Patching of PCC Pavement Other Than at Joint,patching,2001,14,14,60.0,58.0,-2.0,,,,
6_0664,6,California,_,"Full Depth Patch of AC Pavement (removing damaged material, repairing supporting material, and repairing)",patching,2000,9,9,24.0,25.0,1.0,,,,
6_0604,6,California,_,Crack Sealing,crack_sealing,2000,9,9,4.0,17.0,13.0,,,,
6_0660,6,California,_,Crack Sealing,crack_sealing,2000,9,9,6.0,31.0,25.0,,,,
18_0603,18,Indiana,_,Skin Patching (hand tools/hot pot to apply liquid asphalt and aggregate),patching,2005,10,10,47.0,54.0,7.0,39.0,34.2,-4.799999999999997,11.799999999999997
18_0671,18,Indiana,_,Skin Patching (hand tools/hot pot to apply liquid asphalt and aggregate),patching,2005,10,7,0.0,54.0,54.0,47.714285714285715,55.714285714285715,8.0,46.0
18_0602,18,Indiana,_,"Patch Pot Holes - Hand Spread, Compacted with Truck",patching,2003,8,4,0.0,0.0,0.0,28.25,39.75,11.5,-11.5
18_0605,18,Indiana,_,"Patch Pot Holes - Hand Spread, Compacted with Truck",patching,2003,8,4,0.0,0.0,0.0,28.25,39.75,11.5,-11.5
42_0602,42,Pennsylvania,_,Partial depth patching of PCC pavements at joints,patching,2001,8,8,12.0,18.0,6.0,4.625,3.25,-1.375,7.375
42_0601,42,Pennsylvania,_,Partial Depth Patching of PCC Pavement Other Than at Joint,patching,1998,8,8,0.0,0.0,0.0,3.75,6.0,2.25,-2.25
42_0605,42,Pennsylvania,_,Partial depth patching of PCC pavements at joints,patching,1994,11,11,20.0,14.0,-6.0,15.909090909090908,1.7272727272727273,-14.181818181818182,8.181818181818182
42_0604,42,Pennsylvania,_,"AC Shoulder Restoration, Asphalt Concrete Overlay, Saw and Seal",crack_sealing,1992,12,11,30.0,0.0,-30.0,15.0,4.0,-11.0,-19.0
47_0605,47,Tennessee,_,Partial Depth Patching of PCC Pavement Other Than at Joint,patching,2001,10,10,0.0,4.0,4.0,1.0,0.8,-0.19999999999999996,4.2
1_C330,1,Alabama,3_84,"Patch Pot Holes - Hand Spread, Compacted with Truck",patching,1998,12,6,56.0,55.0,-1.0,32.5,20.0,-12.5,11.5
48_1070,48,Texas,3_175,"Patch Pot Holes - Hand Spread, Compacted with Truck",patching,2002,8,8,3.0,2.0,-1.0,1.0,1.875,0.875,-1.875
4_0659,4,Arizona,_,"Patch Pot Holes - Hand Spread, Compacted with Truck",patching,2000,9,9,1.0,2.0,1.0,1.5555555555555556,2.3333333333333335,0.7777777777777779,0.2222222222222221
17_0601,17,Illinois,_,Full Depth Transverse Joint Repair Patch,patching,2000,9,9,100.0,83.0,-17.0,33.22222222222222,35.0,1.7777777777777786,-18.77777777777778
17_0605,17,Illinois,_,"Partial depth patching of PCC pavements at joints, Partial Depth Patching of PCC Pavement Other Than at Joint",patching,1999,8,7,62.0,61.0,-1.0,48.0,46.857142857142854,-1.142857142857146,0.1428571428571459
17_0602,17,Illinois,_,"Partial depth patching of PCC pavements at joints, Partial Depth Patching of PCC Pavement Other Than at Joint",patching,1999,8,8,92.0,92.0,0.0,38.75,38.25,-0.5,0.5
48_1047,48,Texas,2_40,"Patch Pot Holes - Hand Spread, Compacted with Truck",patching,1998,4,4,2.0,3.0,1.0,5.5,17.5,12.0,-11.0
29_0601,29,Missouri,_,PCC Slab Replacement,reconstruction_or_major_rehab,1997,11,11,67.0,5.0,-62.0,14.909090909090908,10.545454545454545,-4.363636363636363,-57.63636363636364
29_0602,29,Missouri,_,"Transverse Joint Sealing, Lane-Shoulder Longitudinal Joint Sealing, Full Depth Patching of PCC Pavement Other Than at Joint",crack_sealing,1996,10,10,45.0,30.0,-15.0,18.6,9.0,-9.600000000000001,-5.399999999999999
29_0605,29,Missouri,_,"Transverse Joint Sealing, Lane-Shoulder Longitudinal Joint Sealing, Full Depth Patching of PCC Pavement Other Than at Joint",crack_sealing,1996,15,13,39.0,32.0,-7.0,14.76923076923077,6.923076923076923,-7.846153846153847,0.8461538461538467
48_C420,48,Texas,3_287,Full Depth Patching of PCC Pavement Other Than at Joint,patching,1994,3,3,11.0,14.0,3.0,6.666666666666667,7.333333333333333,0.6666666666666661,2.333333333333334
48_6079,48,Texas,2_40,"Patch Pot Holes - Hand Spread, Compacted with Truck",patching,1998,1,1,16.0,22.0,6.0,1.0,1.0,0.0,6.0
12_4154,12,Florida,4_442,Manual Premix Spot Patch (hand spreading and compacting with roller),patching,1993,9,5,54.0,54.0,0.0,22.2,29.8,7.600000000000001,-7.600000000000001
48_N330,48,Texas,3_77,Skin Patching (hand tools/hot pot to apply liquid asphalt and aggregate),patching,1993,8,5,4.0,7.0,3.0,2.0,4.4,2.4000000000000004,0.5999999999999996
46_0859,46,South Dakota,_,Asphalt Concrete Overlay,asphalt_overlay,2014,2,2,11.0,0.0,-11.0,15.5,0.0,-15.5,4.5
6_8149,6,California,2_40,"Asphalt Concrete Overlay, Mill Off AC and Overlay with AC",asphalt_overlay,2013,3,1,50.0,0.0,-50.0,24.0,0.0,-24.0,-26.0
26_0118,26,Michigan,_,"AC Shoulder Restoration, Asphalt Concrete Overlay",asphalt_overlay,2012,8,5,54.0,0.0,-54.0,38.0,0.0,-38.0,-16.0
26_0120,26,Michigan,_,"AC Shoulder Restoration, Asphalt Concrete Overlay",asphalt_overlay,2012,8,5,0.0,0.0,0.0,48.8,0.0,-48.8,48.8
26_0121,26,Michigan,_,"AC Shoulder Restoration, Asphalt Concrete Overlay",asphalt_overlay,2012,8,5,41.0,0.0,-41.0,40.6,0.0,-40.6,-0.3999999999999986
26_0159,26,Michigan,_,"AC Shoulder Restoration, Asphalt Concrete Overlay",asphalt_overlay,2012,9,4,16.0,0.0,-16.0,44.0,0.0,-44.0,28.0
55_B903,55,Wisconsin,2_43,Mill Off AC and Overlay with AC,asphalt_overlay,2012,12,11,54.0,0.0,-54.0,21.727272727272727,0.6363636363636364,-21.09090909090909,-32.90909090909091
55_B908,55,Wisconsin,2_43,Mill Off AC and Overlay with AC,asphalt_overlay,2012,8,8,56.0,0.0,-56.0,29.625,0.875,-28.75,-27.25
50_1682,50,Vermont,3_7,"AC Shoulder Restoration, Patch Pot Holes - Hand Spread, Compacted with Truck, Hot-Mix Recycled Asphalt Concrete Overlay",asphalt_overlay,2012,4,1,1.0,0.0,-1.0,26.0,0.0,-26.0,25.0
6_8150,6,California,4_210,Mill Off AC and Overlay with AC,asphalt_overlay,2011,2,2,36.0,0.0,-36.0,7.0,8.5,1.5,-37.5
46_0604,46,South Dakota,_,"AC Shoulder Restoration, Mill Off AC and Overlay with AC",asphalt_overlay,2011,10,10,5.0,0.0,-5.0,20.4,0.2,-20.2,15.2
46_0606,46,South Dakota,_,"AC Shoulder Restoration, Mill Off AC and Overlay with AC",asphalt_overlay,2011,10,10,11.0,0.0,-11.0,19.8,0.2,-19.6,8.600000000000001
46_0661,46,South Dakota,_,"AC Shoulder Restoration, Mill Off AC and Overlay with AC",asphalt_overlay,2011,10,10,7.0,0.0,-7.0,20.2,0.2,-20.0,13.0
54_4004,54,West Virginia,2_77,Mill Off AC and Overlay with AC,asphalt_overlay,2014,2,2,0.0,0.0,0.0,2.0,24.0,22.0,-22.0
48_2108,48,Texas,10_197,Mill Off AC and Overlay with AC,asphalt_overlay,2003,2,2,19.0,0.0,-19.0,0.0,0.0,0.0,-19.0
18_1037,18,Indiana,4_66,Crack Sealing,crack_sealing,2014,9,3,5.0,20.0,15.0,17.666666666666668,2.0,-15.666666666666668,30.666666666666668
18_5022,18,Indiana,2_65,Asphalt Concrete Overlay,asphalt_overlay,2002,8,6,0.0,0.0,0.0,5.166666666666667,17.166666666666668,12.0,-12.0
26_0115,26,Michigan,_,"AC Shoulder Restoration, Mill Off AC and Overlay with AC",asphalt_overlay,2012,9,4,27.0,0.0,-27.0,41.25,0.0,-41.25,14.25
26_0116,26,Michigan,_,"AC Shoulder Restoration, Mill Off AC and Overlay with AC",asphalt_overlay,2012,8,5,54.0,0.0,-54.0,38.0,0.0,-38.0,-16.0
26_0117,26,Michigan,_,"AC Shoulder Restoration, Mill Off AC and Overlay with AC",asphalt_overlay,2012,9,4,54.0,0.0,-54.0,34.5,0.0,-34.5,-19.5
26_0123,26,Michigan,_,"AC Shoulder Restoration, Mill Off AC and Overlay with AC",asphalt_overlay,2012,13,8,51.0,0.0,-51.0,36.25,0.0,-36.25,-14.75
26_0124,26,Michigan,_,"AC Shoulder Restoration, Mill Off AC and Overlay with AC",asphalt_overlay,2012,12,8,44.0,0.0,-44.0,37.125,0.0,-37.125,-6.875
53_1007,53,Washington,4_221,Aggregate Seal Coat,seal_coat,2016,3,2,1.0,0.0,-1.0,0.0,0.0,0.0,-1.0
37_3008,37,North Carolina,3_74,Hot-Mix Recycled Asphalt Concrete Overlay,asphalt_overlay,2002,1,1,0.0,0.0,0.0,44.0,44.0,0.0,0.0
20_0105,20,Kansas,_,Manual Premix Spot Patch (hand spreading and compacting with roller),patching,2003,10,6,32.0,6.0,-26.0,26.666666666666668,0.5,-26.166666666666668,0.16666666666666785
30_7076,30,Montana,2_90,Aggregate Seal Coat,seal_coat,2002,1,1,0.0,0.0,0.0,0.0,0.0,0.0,0.0
50_1004,50,Vermont,3_2,Crack Sealing,crack_sealing,2005,3,2,0.0,0.0,0.0,26.5,13.5,-13.0,13.0
48_5154,48,Texas,2_10,Asphalt Concrete Overlay,asphalt_overlay,2013,2,1,0.0,0.0,0.0,0.0,0.0,0.0,0.0
48_1096,48,Texas,3_90,Crack Sealing,crack_sealing,2013,8,1,36.0,41.0,5.0,8.0,29.0,21.0,-16.0
30_0502,30,Montana,_,Crack Sealing,crack_sealing,2008,8,8,1.0,1.0,0.0,0.0,0.375,0.375,-0.375
30_0503,30,Montana,_,Crack Sealing,crack_sealing,2008,11,11,0.0,0.0,0.0,0.09090909090909091,0.6363636363636364,0.5454545454545454,-0.5454545454545454
30_0561,30,Montana,_,Crack Sealing,crack_sealing,2008,8,8,0.0,1.0,1.0,0.125,0.375,0.25,0.75
6_8535,6,California,2_8,Aggregate Seal Coat,seal_coat,2008,3,1,0.0,0.0,0.0,3.0,23.0,20.0,-20.0
6_8534,6,California,2_8,Crack Sealing,crack_sealing,2008,3,1,3.0,23.0,20.0,0.0,0.0,0.0,20.0
48_1068,48,Texas,4_19,"Grinding Surface, Asphalt Concrete Overlay, Aggregate Seal Coat",asphalt_overlay,2000,2,1,1.0,0.0,-1.0,8.0,8.0,0.0,-1.0
12_1370,12,Florida,4_407,"Asphalt Concrete Overlay, Mill Existing Pavement and Overlay with Hot-Mix Recycled AC",asphalt_overlay,2000,3,2,21.0,0.0,-21.0,0.0,0.0,0.0,-21.0
53_7322,53,Washington,3_195,"Patch Pot Holes - Hand Spread, Compacted with Truck",patching,2008,3,1,50.0,53.0,3.0,53.0,53.0,0.0,3.0
4_1025,4,Arizona,2_40,Mill Off AC and Overlay with AC,asphalt_overlay,1999,4,3,0.0,0.0,0.0,10.0,0.0,-10.0,10.0
10_1450,10,Delaware,3_113,"Patch Pot Holes - Hand Spread, Compacted with Truck",patching,2010,8,7,6.0,26.0,20.0,6.428571428571429,7.714285714285714,1.2857142857142856,18.714285714285715
48_1092,48,Texas,3_90,Asphalt Concrete Overlay,asphalt_overlay,1998,8,2,1.0,0.0,-1.0,11.0,1.5,-9.5,8.5
27_6251,27,Minnesota,3_2,Skin Patching (hand tools/hot pot to apply liquid asphalt and aggregate),patching,2016,9,1,13.0,12.0,-1.0,8.0,10.0,2.0,-3.0
4_1018,4,Arizona,2_19,Crack Sealing,crack_sealing,2012,9,2,32.0,32.0,0.0,17.0,22.0,5.0,-5.0
1_0607,1,Alabama,_,"Full Depth Patch of AC Pavement (removing damaged material, repairing supporting material, and repairing)",patching,2003,10,10,15.0,20.0,5.0,3.9,6.2,2.3000000000000003,2.6999999999999997
30_0113,30,Montana,_,Crack Sealing,crack_sealing,2008,8,8,25.0,29.0,4.0,7.875,11.875,4.0,0.0
30_0114,30,Montana,_,Crack Sealing,crack_sealing,2008,10,10,17.0,22.0,5.0,12.3,16.6,4.300000000000001,0.6999999999999993
30_0115,30,Montana,_,Crack Sealing,crack_sealing,2008,8,8,2.0,12.0,10.0,10.75,14.0,3.25,6.75
30_0116,30,Montana,_,Crack Sealing,crack_sealing,2008,8,8,5.0,6.0,1.0,10.375,14.75,4.375,-3.375
30_0117,30,Montana,_,Crack Sealing,crack_sealing,2008,8,8,15.0,21.0,6.0,9.125,12.875,3.75,2.25
30_0118,30,Montana,_,Crack Sealing,crack_sealing,2008,8,8,6.0,10.0,4.0,10.25,14.25,4.0,0.0
30_0119,30,Montana,_,Crack Sealing,crack_sealing,2008,14,14,14.0,17.0,3.0,12.285714285714286,16.928571428571427,4.642857142857141,-1.6428571428571406
30_0120,30,Montana,_,Crack Sealing,crack_sealing,2008,9,9,32.0,36.0,4.0,11.222222222222221,15.555555555555555,4.333333333333334,-0.3333333333333339
30_0121,30,Montana,_,Crack Sealing,crack_sealing,2008,8,8,17.0,26.0,9.0,12.375,16.0,3.625,5.375
30_0122,30,Montana,_,Crack Sealing,crack_sealing,2008,9,9,20.0,28.0,8.0,12.555555555555555,16.444444444444443,3.8888888888888875,4.1111111111111125
30_0123,30,Montana,_,Crack Sealing,crack_sealing,2008,14,14,2.0,4.0,2.0,13.142857142857142,17.857142857142858,4.714285714285715,-2.7142857142857153
30_0124,30,Montana,_,Crack Sealing,crack_sealing,2008,14,14,2.0,3.0,1.0,13.142857142857142,17.928571428571427,4.785714285714285,-3.7857142857142847
4_1021,4,Arizona,2_40,Mill Off AC and Overlay with AC,asphalt_overlay,1997,7,2,6.0,0.0,-6.0,0.0,0.0,0.0,-6.0
49_0803,49,Utah,_,"Patch Pot Holes - Hand Spread, Compacted with Truck",patching,2019,8,1,1.0,1.0,0.0,1.0,1.0,0.0,0.0
37_1817,37,North Carolina,3_311,"AC Shoulder Replacement, Asphalt Concrete Overlay",asphalt_overlay,2002,9,9,0.0,0.0,0.0,1.4444444444444444,1.6666666666666667,0.22222222222222232,-0.22222222222222232
35_0501,35,New Mexico,_,"Patch Pot Holes - Hand Spread, Compacted with Truck",patching,2002,8,8,3.0,2.0,-1.0,0.125,1.25,1.125,-2.125
6_8153,6,California,4_227,"Patch Pot Holes - Hand Spread, Compacted with Truck",patching,2009,1,1,57.0,53.0,-4.0,54.0,54.0,0.0,-4.0
9_0962,9,Connecticut,_,"Patch Pot Holes - Hand Spread, Compacted with Truck",patching,2008,9,8,3.0,17.0,14.0,9.0,18.0,9.0,5.0
9_0961,9,Connecticut,_,Manual Premix Spot Patch (hand spreading and compacting with roller),patching,2004,9,7,0.0,1.0,1.0,5.428571428571429,9.0,3.571428571428571,-2.571428571428571
4_1007,4,Arizona,2_10,"Patch Pot Holes - Hand Spread, Compacted with Truck",patching,2003,12,8,41.0,54.0,13.0,17.25,38.5,21.25,-8.25
47_1023,47,Tennessee,2_75,"Patch Pot Holes - Hand Spread, Compacted with Truck",patching,2004,8,1,2.0,3.0,1.0,1.0,1.0,0.0,1.0
34_1003,34,New Jersey,4_15,Manual Premix Spot Patch (hand spreading and compacting with roller),patching,2004,1,1,51.0,53.0,2.0,12.0,50.0,38.0,-36.0
39_0208,39,Ohio,_,"Full Depth Transverse Joint Repair Patch, Full Depth Patching of PCC Pavement Other Than at Joint, PCC Slab Replacement",patching,2019,9,3,21.0,17.0,-4.0,1.0,1.0,0.0,-4.0
39_0212,39,Ohio,_,"Full Depth Transverse Joint Repair Patch, Full Depth Patching of PCC Pavement Other Than at Joint, Joint Load Transfer Restoration in PCC Pavements",patching,2012,10,5,79.0,62.0,-17.0,11.4,1.2,-10.200000000000001,-6.799999999999999
39_0159,39,Ohio,_,"Patch Pot Holes - Hand Spread, Compacted with Truck",patching,2007,8,3,0.0,1.0,1.0,23.0,26.0,3.0,-2.0
19_0213,19,Iowa,_,Skin Patching (hand tools/hot pot to apply liquid asphalt and aggregate),patching,2023,12,10,0.0,0.0,0.0,3.2,4.1,0.8999999999999995,-0.8999999999999995
19_0216,19,Iowa,_,Skin Patching (hand tools/hot pot to apply liquid asphalt and aggregate),patching,2023,12,10,3.0,3.0,0.0,2.9,3.8,0.8999999999999999,-0.8999999999999999
19_0220,19,Iowa,_,Skin Patching (hand tools/hot pot to apply liquid asphalt and aggregate),patching,2023,8,6,0.0,0.0,0.0,5.333333333333333,6.833333333333333,1.5,-1.5
38_0263,38,North Dakota,_,AC Shoulder Restoration,shoulder_restoration,2016,8,8,0.0,0.0,0.0,0.0,0.0,0.0,0.0
38_0213,38,North Dakota,_,"AC Shoulder Restoration, Transverse Joint Sealing, Lane-Shoulder Longitudinal Joint Sealing, Partial depth patching of PCC pavements at joints",crack_sealing,2009,11,11,0.0,0.0,0.0,0.5454545454545454,0.0,-0.5454545454545454,0.5454545454545454
38_0218,38,North Dakota,_,"AC Shoulder Restoration, Transverse Joint Sealing, Lane-Shoulder Longitudinal Joint Sealing, Partial depth patching of PCC pavements at joints",crack_sealing,2009,11,11,0.0,0.0,0.0,0.5454545454545454,0.0,-0.5454545454545454,0.5454545454545454
38_0219,38,North Dakota,_,"AC Shoulder Restoration, Lane-Shoulder Longitudinal Joint Sealing",crack_sealing,2009,14,14,0.0,0.0,0.0,0.42857142857142855,0.0,-0.42857142857142855,0.42857142857142855
38_0220,38,North Dakota,_,"AC Shoulder Restoration, Lane-Shoulder Longitudinal Joint Sealing",crack_sealing,2009,11,11,0.0,0.0,0.0,0.5454545454545454,0.0,-0.5454545454545454,0.5454545454545454
38_0221,38,North Dakota,_,"AC Shoulder Restoration, Lane-Shoulder Longitudinal Joint Sealing",crack_sealing,2009,8,8,0.0,0.0,0.0,0.0,0.0,0.0,0.0
38_0222,38,North Dakota,_,"AC Shoulder Restoration, Transverse Joint Sealing, Lane-Shoulder Longitudinal Joint Sealing, Partial depth patching of PCC pavements at joints",crack_sealing,2009,8,8,0.0,0.0,0.0,0.0,0.0,0.0,0.0
38_0223,38,North Dakota,_,"AC Shoulder Restoration, Lane-Shoulder Longitudinal Joint Sealing",crack_sealing,2009,13,13,0.0,0.0,0.0,0.46153846153846156,0.0,-0.46153846153846156,0.46153846153846156
38_0224,38,North Dakota,_,"AC Shoulder Restoration, Lane-Shoulder Longitudinal Joint Sealing",crack_sealing,2009,8,8,0.0,0.0,0.0,0.0,0.0,0.0,0.0
38_0261,38,North Dakota,_,"AC Shoulder Restoration, Lane-Shoulder Longitudinal Joint Sealing",crack_sealing,2009,8,8,0.0,0.0,0.0,0.75,0.0,-0.75,0.75
38_0262,38,North Dakota,_,"AC Shoulder Restoration, Lane-Shoulder Longitudinal Joint Sealing",crack_sealing,2009,14,14,0.0,0.0,0.0,0.42857142857142855,0.0,-0.42857142857142855,0.42857142857142855
38_0214,38,North Dakota,_,Lane-Shoulder Longitudinal Joint Sealing,crack_sealing,2006,11,8,0.0,0.0,0.0,1.125,0.75,-0.375,0.375
38_0215,38,North Dakota,_,Lane-Shoulder Longitudinal Joint Sealing,crack_sealing,2006,8,6,0.0,0.0,0.0,1.5,1.0,-0.5,0.5
38_0216,38,North Dakota,_,"AC Shoulder Restoration, Lane-Shoulder Longitudinal Joint Sealing",crack_sealing,2001,10,7,0.0,0.0,0.0,0.8571428571428571,0.8571428571428571,0.0,0.0
38_0217,38,North Dakota,_,"Crack Sealing, AC Shoulder Restoration, Lane-Shoulder Longitudinal Joint Sealing",crack_sealing,2001,11,8,6.0,6.0,0.0,0.0,0.0,0.0,0.0
4_1003,4,Arizona,2_10,"Patch Pot Holes - Hand Spread, Compacted with Truck",patching,2013,11,9,0.0,0.0,0.0,3.0,3.7777777777777777,0.7777777777777777,-0.7777777777777777
4_1006,4,Arizona,2_10,"Patch Pot Holes - Hand Spread, Compacted with Truck",patching,2013,12,8,1.0,1.0,0.0,2.0,2.125,0.125,-0.125
5_0224,5,Arkansas,_,Transverse Joint Sealing,crack_sealing,2002,11,11,0.0,0.0,0.0,6.363636363636363,6.636363636363637,0.2727272727272734,-0.2727272727272734
8_0218,8,Colorado,_,Partial depth patching of PCC pavements at joints,patching,2015,11,8,9.0,9.0,0.0,4.875,5.125,0.25,-0.25
4_0261,4,Arizona,_,"Patch Pot Holes - Hand Spread, Compacted with Truck",patching,2012,9,9,21.0,23.0,2.0,1.0,0.3333333333333333,-0.6666666666666667,2.666666666666667
4_0260,4,Arizona,_,"Patch Pot Holes - Hand Spread, Compacted with Truck",patching,2011,12,8,10.0,11.0,1.0,0.375,0.625,0.25,0.75
26_0219,26,Michigan,_,AC Shoulder Restoration,shoulder_restoration,2010,9,4,0.0,0.0,0.0,5.25,6.5,1.25,-1.25
27_0902,27,Minnesota,_,Skin Patching (hand tools/hot pot to apply liquid asphalt and aggregate),patching,2004,6,1,31.0,37.0,6.0,3.0,20.0,17.0,-11.0
32_0201,32,Nevada,_,Full Depth Patching of PCC Pavement Other Than at Joint,patching,2000,8,8,42.0,45.0,3.0,17.125,21.25,4.125,-1.125
32_0204,32,Nevada,_,Crack Sealing,crack_sealing,1997,10,9,3.0,0.0,-3.0,12.444444444444445,17.88888888888889,5.444444444444445,-8.444444444444445
8_0216,8,Colorado,_,Partial depth patching of PCC pavements at joints,patching,2020,10,5,15.0,15.0,0.0,1.2,1.2,0.0,0.0
53_0207,53,Washington,_,Partial Depth Patching of PCC Pavement Other Than at Joint,patching,2017,9,8,6.0,3.0,-3.0,3.0,3.0,0.0,-3.0
53_0802,53,Washington,_,Crack Sealing,crack_sealing,2015,4,3,4.0,5.0,1.0,0.0,0.0,0.0,1.0
8_0222,8,Colorado,_,Partial depth patching of PCC pavements at joints,patching,2012,10,8,0.0,0.0,0.0,2.25,3.0,0.75,-0.75
53_0801,53,Washington,_,Fog Seal Coat,seal_coat,2011,4,3,0.0,0.0,0.0,1.0,1.0,0.0,0.0
20_0207,20,Kansas,_,Partial depth patching of PCC pavements at joints,patching,2020,12,10,0.0,0.0,0.0,0.9,0.6,-0.30000000000000004,0.30000000000000004
20_0204,20,Kansas,_,Full Depth Transverse Joint Repair Patch,patching,2011,8,8,0.0,0.0,0.0,1.125,0.375,-0.75,0.75
20_0205,20,Kansas,_,"Full Depth Transverse Joint Repair Patch, Full Depth Patching of PCC Pavement Other Than at Joint",patching,2011,12,12,0.0,0.0,0.0,0.75,0.25,-0.5,0.5
20_0201,20,Kansas,_,"Transverse Joint Sealing, Lane-Shoulder Longitudinal Joint Sealing",crack_sealing,2005,8,8,0.0,0.0,0.0,1.125,1.125,0.0,0.0
10_0207,10,Delaware,_,Skin Patching (hand tools/hot pot to apply liquid asphalt and aggregate),patching,2014,14,14,3.0,0.0,-3.0,1.0,2.142857142857143,1.1428571428571428,-4.142857142857142
10_0210,10,Delaware,_,Skin Patching (hand tools/hot pot to apply liquid asphalt and aggregate),patching,2014,11,10,0.0,0.0,0.0,0.3,1.9,1.5999999999999999,-1.5999999999999999
10_0208,10,Delaware,_,"Partial depth patching of PCC pavements at joints, Partial Depth Patching of PCC Pavement Other Than at Joint",patching,2012,11,9,0.0,0.0,0.0,6.333333333333333,0.3333333333333333,-6.0,6.0
10_0205,10,Delaware,_,Full Depth Transverse Joint Repair Patch,patching,2012,8,8,17.0,14.0,-3.0,0.375,0.375,0.0,-3.0
55_0903,55,Wisconsin,_,"Full Depth Patch of AC Pavement (removing damaged material, repairing supporting material, and repairing)",patching,2011,5,4,53.0,35.0,-18.0,41.75,21.25,-20.5,2.5
55_0908,55,Wisconsin,_,"Crack Sealing, Full Depth Patch of AC Pavement (removing damaged material, repairing supporting material, and repairing)",crack_sealing,2008,5,5,9.0,54.0,45.0,39.6,43.6,4.0,41.0
55_0901,55,Wisconsin,_,Crack Sealing,crack_sealing,2006,5,5,2.0,3.0,1.0,10.6,40.8,30.199999999999996,-29.199999999999996
55_0907,55,Wisconsin,_,Skin Patching (hand tools/hot pot to apply liquid asphalt and aggregate),patching,2003,5,5,0.0,1.0,1.0,0.0,10.8,10.8,-9.8
55_A909,55,Wisconsin,2_43,"Full Depth Patch of AC Pavement (removing damaged material, repairing supporting material, and repairing)",patching,2011,9,9,39.0,43.0,4.0,34.55555555555556,28.11111111111111,-6.444444444444446,10.444444444444446
55_A907,55,Wisconsin,2_43,"Full Depth Patch of AC Pavement (removing damaged material, repairing supporting material, and repairing)",patching,2008,12,9,11.0,10.0,-1.0,44.0,43.666666666666664,-0.3333333333333357,-0.6666666666666643
55_A908,55,Wisconsin,2_43,"Full Depth Patch of AC Pavement (removing damaged material, repairing supporting material, and repairing)",patching,2008,11,9,27.0,44.0,17.0,42.22222222222222,39.888888888888886,-2.3333333333333357,19.333333333333336
55_B907,55,Wisconsin,2_43,"Full Depth Patch of AC Pavement (removing damaged material, repairing supporting material, and repairing), Patch Pot Holes - Hand Spread, Compacted with Truck",patching,2008,12,9,51.0,33.0,-18.0,39.55555555555556,41.111111111111114,1.5555555555555571,-19.555555555555557
55_0909,55,Wisconsin,_,"Crack Sealing, Full Depth Patch of AC Pavement (removing damaged material, repairing supporting material, and repairing)",crack_sealing,2006,5,5,22.0,53.0,31.0,6.6,30.8,24.200000000000003,6.799999999999997
55_B909,55,Wisconsin,2_43,"Full Depth Patch of AC Pavement (removing damaged material, repairing supporting material, and repairing), Patch Pot Holes - Hand Spread, Compacted with Truck",patching,2005,9,8,49.0,54.0,5.0,10.125,37.125,27.0,-22.0
55_A902,55,Wisconsin,2_43,"Full Depth Patch of AC Pavement (removing damaged material, repairing supporting material, and repairing)",patching,2008,9,6,56.0,56.0,0.0,39.5,33.166666666666664,-6.333333333333336,6.333333333333336
55_A903,55,Wisconsin,2_43,"Full Depth Patch of AC Pavement (removing damaged material, repairing supporting material, and repairing), Patch Pot Holes - Hand Spread, Compacted with Truck",patching,2008,12,9,56.0,39.0,-17.0,39.0,40.44444444444444,1.4444444444444429,-18.444444444444443
55_B902,55,Wisconsin,2_43,"Full Depth Patch of AC Pavement (removing damaged material, repairing supporting material, and repairing)",patching,2006,12,11,42.0,56.0,14.0,11.727272727272727,41.45454545454545,29.727272727272727,-15.727272727272727
46_0603,46,South Dakota,_,"Patch Pot Holes - Hand Spread, Compacted with Truck",patching,2005,10,10,0.0,1.0,1.0,1.2,5.4,4.2,-3.2
46_0608,46,South Dakota,_,Aggregate Seal Coat,seal_coat,2004,8,8,5.0,0.0,-5.0,6.625,1.375,-5.25,0.25
46_0662,46,South Dakota,_,Aggregate Seal Coat,seal_coat,2004,10,10,15.0,2.0,-13.0,7.3,1.0,-6.3,-6.7
55_A901,55,Wisconsin,2_43,"Patch Pot Holes - Hand Spread, Compacted with Truck",patching,2003,9,8,1.0,1.0,0.0,0.875,12.875,12.0,-12.0
55_B901,55,Wisconsin,2_43,"Patch Pot Holes - Hand Spread, Compacted with Truck",patching,2003,9,8,1.0,1.0,0.0,0.875,12.875,12.0,-12.0
55_0902,55,Wisconsin,_,"Patch Pot Holes - Hand Spread, Compacted with Truck",patching,2003,5,5,0.0,27.0,27.0,0.0,5.6,5.6,21.4
46_0607,46,South Dakota,_,"Sand Seal Coat, Saw and Seal",crack_sealing,1995,10,10,0.0,0.0,0.0,1.2,1.3,0.10000000000000009,-0.10000000000000009
46_0660,46,South Dakota,_,Sand Seal Coat,seal_coat,1995,8,8,0.0,0.0,0.0,0.0,0.25,0.25,-0.25
46_0601,46,South Dakota,_,Partial depth patching of PCC pavements at joints,patching,2000,8,8,6.0,13.0,7.0,1.5,3.5,2.0,5.0
46_0602,46,South Dakota,_,"AC Shoulder Restoration, Partial depth patching of PCC pavements at joints, Partial Depth Patching of PCC Pavement Other Than at Joint",patching,2000,8,8,4.0,11.0,7.0,1.75,3.75,2.0,5.0
46_0605,46,South Dakota,_,Partial depth patching of PCC pavements at joints,patching,1998,10,10,2.0,2.0,0.0,1.1,1.8,0.7,-0.7
20_0210,20,Kansas,_,"Transverse Joint Sealing, Lane-Shoulder Longitudinal Joint Sealing, Full Depth Transverse Joint Repair Patch, Partial depth patching of PCC pavements at joints, Partial Depth Patching of PCC Pavement Other Than at Joint",crack_sealing,2024,14,3,0.0,0.0,0.0,0.0,0.0,0.0,0.0
20_0211,20,Kansas,_,"Transverse Joint Sealing, Lane-Shoulder Longitudinal Joint Sealing, Partial depth patching of PCC pavements at joints, Partial Depth Patching of PCC Pavement Other Than at Joint",crack_sealing,2024,13,3,0.0,0.0,0.0,0.0,0.0,0.0,0.0
17_5151,17,Illinois,2_80,"Manual Premix Spot Patch (hand spreading and compacting with roller), Full Depth Patch of AC Pavement (removing damaged material, repairing supporting material, and repairing)",patching,1999,4,3,0.0,0.0,0.0,17.666666666666668,18.333333333333332,0.6666666666666643,-0.6666666666666643
9_4020,9,Connecticut,4_2,"Manual Premix Spot Patch (hand spreading and compacting with roller), Patch Pot Holes - Hand Spread, Compacted with Truck",patching,1999,8,8,0.0,24.0,24.0,4.75,5.75,1.0,23.0
27_6064,27,Minnesota,2_94,Slurry Seal Coat,seal_coat,2001,4,1,22.0,0.0,-22.0,0.0,0.0,0.0,-22.0
24_0509,24,Maryland,_,"Patch Pot Holes - Hand Spread, Compacted with Truck",patching,2003,13,13,0.0,0.0,0.0,5.538461538461538,6.538461538461538,1.0,-1.0
47_3108,47,Tennessee,2_75,"Patch Pot Holes - Hand Spread, Compacted with Truck",patching,2004,8,1,1.0,1.0,0.0,2.0,3.0,1.0,-1.0
42_A411,42,Pennsylvania,2_180,PCC Slab Replacement,reconstruction_or_major_rehab,2004,8,3,27.0,7.0,-20.0,35.666666666666664,10.333333333333334,-25.33333333333333,5.333333333333329
42_A430,42,Pennsylvania,2_180,PCC Slab Replacement,reconstruction_or_major_rehab,2004,8,3,7.0,0.0,-7.0,42.333333333333336,12.666666666666666,-29.66666666666667,22.66666666666667
42_1690,42,Pennsylvania,2_180,"Full Depth Transverse Joint Repair Patch, Partial depth patching of PCC pavements at joints",patching,2000,11,5,30.0,36.0,6.0,15.2,19.4,4.199999999999999,1.8000000000000007
36_A320,36,New York,3_4,Strip Patching (using spreader and distributor to apply hot liquid asphalt and aggregate),patching,1996,7,7,40.0,0.0,-40.0,12.0,4.857142857142857,-7.142857142857143,-32.857142857142854
36_1643,36,New York,3_4,Machine Premix Patch (placing premix with paver roller),patching,1995,7,7,18.0,1.0,-17.0,15.0,9.714285714285714,-5.2857142857142865,-11.714285714285714
36_A331,36,New York,3_4,"Patch Pot Holes - Hand Spread, Compacted with Truck",patching,1995,7,7,13.0,10.0,-3.0,9.142857142857142,16.285714285714285,7.142857142857142,-10.142857142857142
36_B330,36,New York,4_3,"Manual Premix Spot Patch (hand spreading and compacting with roller), Patch Pot Holes - Hand Spread, Compacted with Truck",patching,1996,10,10,13.0,49.0,36.0,20.4,30.7,10.3,25.7
6_B420,6,California,2_5,Full Depth Patching of PCC Pavement Other Than at Joint,patching,2000,10,5,68.0,68.0,0.0,33.4,37.2,3.8000000000000043,-3.8000000000000043
6_B442,6,California,2_5,Full Depth Patching of PCC Pavement Other Than at Joint,patching,1999,8,3,56.0,40.0,-16.0,65.0,,,
6_B443,6,California,2_5,Full Depth Patching of PCC Pavement Other Than at Joint,patching,1999,8,3,89.0,89.0,0.0,54.0,,,
34_4042,34,New Jersey,2_295,AC Shoulder Restoration,shoulder_restoration,2003,9,7,0.0,0.0,0.0,14.857142857142858,19.0,4.142857142857142,-4.142857142857142
31_6701,31,Nebraska,3_281,Partial Depth Patching of PCC Pavement Other Than at Joint,patching,2004,4,1,0.0,0.0,0.0,0.0,0.0,0.0,0.0
42_1597,42,Pennsylvania,4_49,Crack Sealing,crack_sealing,1999,5,4,1.0,2.0,1.0,1.75,8.5,6.75,-5.75
42_B330,42,Pennsylvania,4_49,"Crack Sealing, Manual Premix Spot Patch (hand spreading and compacting with roller)",crack_sealing,1997,5,5,1.0,1.0,0.0,1.4,1.8,0.40000000000000013,-0.40000000000000013
42_B351,42,Pennsylvania,4_49,Aggregate Seal Coat,seal_coat,1996,5,5,2.0,1.0,-1.0,1.2,1.8,0.6000000000000001,-1.6
42_3044,42,Pennsylvania,2_78,"Grinding Surface, Partial depth patching of PCC pavements at joints",patching,2014,1,1,8.0,8.0,0.0,0.0,0.0,0.0,0.0
6_2040,6,California,3_101,Asphalt Concrete Overlay,asphalt_overlay,1998,1,1,19.0,0.0,-19.0,0.0,0.0,0.0,-19.0
6_2002,6,California,3_97,"Full Depth Patch of AC Pavement (removing damaged material, repairing supporting material, and repairing)",patching,1998,8,8,3.0,0.0,-3.0,24.125,,,
6_3021,6,California,2_8,Lane-Shoulder Longitudinal Joint Sealing,crack_sealing,2015,9,1,13.0,13.0,0.0,53.0,56.0,3.0,-3.0
6_9049,6,California,3_50,Partial depth patching of PCC pavements at joints,patching,2003,1,1,9.0,3.0,-6.0,0.0,3.0,3.0,-9.0
4_1062,4,Arizona,2_40,"Grinding Surface, Asphalt Concrete Overlay",asphalt_overlay,1999,9,5,0.0,0.0,0.0,6.0,0.0,-6.0,6.0
4_1024,4,Arizona,2_40,Crack Sealing,crack_sealing,1997,5,4,8.0,8.0,0.0,0.5,0.0,-0.5,0.5
46_3012,46,South Dakota,2_90,Grinding Surface,grinding,2013,3,1,3.0,3.0,0.0,0.0,0.0,0.0,0.0
5_A601,5,Arkansas,3_65,"Crack Sealing, Transverse Joint Sealing, Lane-Shoulder Longitudinal Joint Sealing",crack_sealing,2002,14,12,0.0,0.0,0.0,0.25,0.5833333333333334,0.33333333333333337,-0.33333333333333337
5_A605,5,Arkansas,3_65,"Crack Sealing, Transverse Joint Sealing, Lane-Shoulder Longitudinal Joint Sealing",crack_sealing,2002,8,7,0.0,0.0,0.0,0.42857142857142855,1.0,0.5714285714285714,-0.5714285714285714
27_1087,27,Minnesota,4_13,"Patch Pot Holes - Hand Spread, Compacted with Truck",patching,2011,6,1,15.0,15.0,0.0,0.0,3.0,3.0,-3.0
12_4138,12,Florida,3_92,Partial Depth Patching of PCC Pavement Other Than at Joint,patching,2004,9,3,21.0,26.0,5.0,0.0,0.0,0.0,5.0
17_0608,17,Illinois,_,Skin Patching (hand tools/hot pot to apply liquid asphalt and aggregate),patching,2008,8,8,17.0,54.0,37.0,35.375,49.875,14.5,22.5
17_0663,17,Illinois,_,Skin Patching (hand tools/hot pot to apply liquid asphalt and aggregate),patching,2008,8,8,12.0,54.0,42.0,36.0,49.875,13.875,28.125
17_0664,17,Illinois,_,Skin Patching (hand tools/hot pot to apply liquid asphalt and aggregate),patching,2008,8,8,54.0,51.0,-3.0,30.75,50.25,19.5,-22.5
17_0603,17,Illinois,_,Manual Premix Spot Patch (hand spreading and compacting with roller),patching,2003,13,13,9.0,26.0,17.0,33.30769230769231,17.153846153846153,-16.153846153846153,33.15384615384615
17_0604,17,Illinois,_,Skin Patching (hand tools/hot pot to apply liquid asphalt and aggregate),patching,2002,13,12,3.0,9.0,6.0,33.0,4.583333333333333,-28.416666666666668,34.41666666666667
17_0607,17,Illinois,_,Crack Sealing,crack_sealing,1997,8,8,3.0,2.0,-1.0,0.25,0.875,0.625,-1.625
17_0662,17,Illinois,_,Crack Sealing,crack_sealing,1997,13,13,0.0,2.0,2.0,30.307692307692307,31.076923076923077,0.76923076923077,1.23076923076923
17_0606,17,Illinois,_,"Patch Pot Holes - Hand Spread, Compacted with Truck",patching,1992,13,9,0.0,0.0,0.0,,27.333333333333332,,
40_0603,40,Oklahoma,_,Manual Premix Spot Patch (hand spreading and compacting with roller),patching,2006,8,6,12.0,15.0,3.0,32.666666666666664,39.833333333333336,7.166666666666671,-4.166666666666671
40_0601,40,Oklahoma,_,Partial Depth Patching of PCC Pavement Other Than at Joint,patching,2003,8,7,23.0,38.0,15.0,24.142857142857142,22.285714285714285,-1.8571428571428577,16.857142857142858
40_0602,40,Oklahoma,_,Partial depth patching of PCC pavements at joints,patching,1996,8,7,14.0,14.0,0.0,1.2857142857142858,7.428571428571429,6.142857142857143,-6.142857142857143
40_0605,40,Oklahoma,_,Partial Depth Patching of PCC Pavement Other Than at Joint,patching,1994,12,12,0.0,0.0,0.0,4.25,5.833333333333333,1.583333333333333,-1.583333333333333
4_0503,4,Arizona,_,Fog Seal Coat,seal_coat,2003,10,8,20.0,19.0,-1.0,15.375,14.25,-1.125,0.125
4_0504,4,Arizona,_,Fog Seal Coat,seal_coat,2003,8,8,0.0,0.0,0.0,17.875,16.625,-1.25,1.25
4_0508,4,Arizona,_,Fog Seal Coat,seal_coat,2003,10,8,1.0,1.0,0.0,17.75,16.5,-1.25,1.25
4_0502,4,Arizona,_,Crack Sealing,crack_sealing,2002,10,9,54.0,54.0,0.0,11.333333333333334,13.11111111111111,1.7777777777777768,-1.7777777777777768
4_0505,4,Arizona,_,Crack Sealing,crack_sealing,2002,10,9,31.0,39.0,8.0,13.88888888888889,14.777777777777779,0.8888888888888893,7.111111111111111
4_0506,4,Arizona,_,Crack Sealing,crack_sealing,2002,10,9,1.0,1.0,0.0,17.22222222222222,19.0,1.7777777777777786,-1.7777777777777786
4_0509,4,Arizona,_,Crack Sealing,crack_sealing,2002,10,9,17.0,26.0,9.0,15.444444444444445,16.22222222222222,0.7777777777777768,8.222222222222223
4_0559,4,Arizona,_,Crack Sealing,crack_sealing,2002,10,9,2.0,2.0,0.0,17.11111111111111,18.88888888888889,1.7777777777777786,-1.7777777777777786
4_0560,4,Arizona,_,Crack Sealing,crack_sealing,2002,8,7,33.0,29.0,-4.0,17.571428571428573,20.428571428571427,2.857142857142854,-6.857142857142854
19_5046,19,Iowa,2_35,Partial Depth Patching of PCC Pavement Other Than at Joint,patching,2000,9,3,1.0,1.0,0.0,0.3333333333333333,0.3333333333333333,0.0,0.0
19_0608,19,Iowa,_,Skin Patching (hand tools/hot pot to apply liquid asphalt and aggregate),patching,2006,8,8,54.0,54.0,0.0,32.125,31.375,-0.75,0.75
19_0606,19,Iowa,_,"Full Depth Patch of AC Pavement (removing damaged material, repairing supporting material, and repairing)",patching,2003,8,8,36.0,47.0,11.0,25.75,33.0,7.25,3.75
19_0659,19,Iowa,_,"Full Depth Patch of AC Pavement (removing damaged material, repairing supporting material, and repairing)",patching,1999,8,5,17.0,36.0,19.0,25.4,40.6,15.200000000000003,3.799999999999997
19_0603,19,Iowa,_,"Crack Sealing, Full Depth Patch of AC Pavement (removing damaged material, repairing supporting material, and repairing)",crack_sealing,1999,8,5,35.0,48.0,13.0,21.8,38.2,16.400000000000002,-3.400000000000002
19_0604,19,Iowa,_,"Full Depth Patch of AC Pavement (removing damaged material, repairing supporting material, and repairing)",patching,1999,8,5,20.0,52.0,32.0,24.8,37.4,12.599999999999998,19.400000000000002
19_0607,19,Iowa,_,"Full Depth Patch of AC Pavement (removing damaged material, repairing supporting material, and repairing)",patching,1999,8,5,27.0,33.0,6.0,23.4,41.2,17.800000000000004,-11.800000000000004
6_0501,6,California,_,Skin Patching (hand tools/hot pot to apply liquid asphalt and aggregate),patching,2005,8,8,45.0,36.0,-9.0,31.75,35.875,4.125,-13.125
6_0561,6,California,_,"Surface Treatment, Single Layer",seal_coat,2005,11,8,44.0,31.0,-13.0,17.875,24.125,6.25,-19.25
6_0506,6,California,_,"Patch Pot Holes - Hand Spread, Compacted with Truck",patching,2004,11,11,10.0,15.0,5.0,32.72727272727273,35.90909090909091,3.18181818181818,1.8181818181818201
6_0503,6,California,_,"Surface Treatment, Single Layer",seal_coat,2000,8,8,17.0,7.0,-10.0,28.0,29.625,1.625,-11.625
20_4054,20,Kansas,2_70,"Partial depth patching of PCC pavements at joints, Partial Depth Patching of PCC Pavement Other Than at Joint",patching,2004,9,4,100.0,100.0,0.0,0.0,0.0,0.0,0.0
29_0604,29,Missouri,_,Skin Patching (hand tools/hot pot to apply liquid asphalt and aggregate),patching,2003,8,5,0.0,12.0,12.0,10.0,10.2,0.1999999999999993,11.8
29_0666,29,Missouri,_,Partial depth patching of PCC pavements at joints,patching,1999,15,10,50.0,50.0,0.0,14.4,18.3,3.9000000000000004,-3.9000000000000004
29_0603,29,Missouri,_,"Crack Sealing, Manual Premix Spot Patch (hand spreading and compacting with roller)",crack_sealing,1997,8,8,0.0,0.0,0.0,28.875,14.875,-14.0,14.0
27_0501,27,Minnesota,_,"Patch Pot Holes - Hand Spread, Compacted with Truck",patching,2005,8,8,1.0,1.0,0.0,0.0,0.125,0.125,-0.125
27_0502,27,Minnesota,_,Skin Patching (hand tools/hot pot to apply liquid asphalt and aggregate),patching,2004,8,8,0.0,0.0,0.0,0.0,0.0,0.0,0.0
27_0504,27,Minnesota,_,Skin Patching (hand tools/hot pot to apply liquid asphalt and aggregate),patching,2004,11,11,0.0,0.0,0.0,0.09090909090909091,0.18181818181818182,0.09090909090909091,-0.09090909090909091
27_0559,27,Minnesota,_,Skin Patching (hand tools/hot pot to apply liquid asphalt and aggregate),patching,2004,8,8,0.0,1.0,1.0,0.125,0.125,0.0,1.0
27_0561,27,Minnesota,_,Skin Patching (hand tools/hot pot to apply liquid asphalt and aggregate),patching,2004,11,11,0.0,0.0,0.0,0.09090909090909091,0.18181818181818182,0.09090909090909091,-0.09090909090909091
27_0505,27,Minnesota,_,Skin Patching (hand tools/hot pot to apply liquid asphalt and aggregate),patching,2001,11,11,0.0,0.0,0.0,0.09090909090909091,0.0,-0.09090909090909091,0.09090909090909091
27_0506,27,Minnesota,_,Skin Patching (hand tools/hot pot to apply liquid asphalt and aggregate),patching,2001,11,11,0.0,0.0,0.0,0.09090909090909091,0.0,-0.09090909090909091,0.09090909090909091
27_0507,27,Minnesota,_,Skin Patching (hand tools/hot pot to apply liquid asphalt and aggregate),patching,2001,11,11,0.0,0.0,0.0,0.09090909090909091,0.0,-0.09090909090909091,0.09090909090909091
27_0560,27,Minnesota,_,Skin Patching (hand tools/hot pot to apply liquid asphalt and aggregate),patching,2001,8,8,0.0,0.0,0.0,0.125,0.0,-0.125,0.125
46_A411,46,South Dakota,4_50,Full Depth Transverse Joint Repair Patch,patching,2000,10,9,0.0,0.0,0.0,0.4444444444444444,0.6666666666666666,0.2222222222222222,-0.2222222222222222
46_A412,46,South Dakota,4_50,"Full Depth Transverse Joint Repair Patch, Partial depth patching of PCC pavements at joints",patching,2000,10,9,0.0,0.0,0.0,0.4444444444444444,0.6666666666666666,0.2222222222222222,-0.2222222222222222
46_A420,46,South Dakota,4_50,Partial depth patching of PCC pavements at joints,patching,2000,10,9,0.0,0.0,0.0,0.4444444444444444,0.6666666666666666,0.2222222222222222,-0.2222222222222222
46_A422,46,South Dakota,4_50,"Full Depth Transverse Joint Repair Patch, PCC Slab Replacement",patching,2000,10,9,4.0,2.0,-2.0,0.0,0.4444444444444444,0.4444444444444444,-2.4444444444444446
6_0608,6,California,_,Mechanical Premix Patch (using motor grader and roller),patching,2004,10,9,54.0,54.0,0.0,,,,
6_0607,6,California,_,"Crack Sealing, Full Depth Patch of AC Pavement (removing damaged material, repairing supporting material, and repairing)",crack_sealing,2004,14,13,47.0,0.0,-47.0,,,,
6_0603,6,California,_,"Patch Pot Holes - Hand Spread, Compacted with Truck",patching,2003,11,10,34.0,35.0,1.0,,,,
6_0662,6,California,_,Manual Premix Spot Patch (hand spreading and compacting with roller),patching,2003,11,11,0.0,0.0,0.0,,,,
6_0606,6,California,_,"Full Depth Patch of AC Pavement (removing damaged material, repairing supporting material, and repairing)",patching,2002,15,15,31.0,18.0,-13.0,,,,
6_0661,6,California,_,"Patch Pot Holes - Hand Spread, Compacted with Truck",patching,2001,9,9,41.0,49.0,8.0,,,,
6_0605,6,California,_,"Crack Sealing, Transverse Joint Sealing, Lane-Shoulder Longitudinal Joint Sealing",crack_sealing,2000,14,14,39.0,47.0,8.0,,,,
6_0664,6,California,_,Crack Sealing,crack_sealing,2000,9,9,24.0,25.0,1.0,,,,
6_0604,6,California,_,"Patch Pot Holes - Hand Spread, Compacted with Truck",patching,1999,9,9,5.0,4.0,-1.0,24.22222222222222,,,
6_0660,6,California,_,"Patch Pot Holes - Hand Spread, Compacted with Truck",patching,1999,9,9,7.0,6.0,-1.0,27.22222222222222,,,
6_0663,6,California,_,"Lane-Shoulder Longitudinal Joint Sealing, Partial depth patching of PCC pavements at joints",crack_sealing,1995,12,10,0.0,27.0,27.0,5.8,9.7,3.8999999999999995,23.1
18_0606,18,Indiana,_,Skin Patching (hand tools/hot pot to apply liquid asphalt and aggregate),patching,2005,8,8,56.0,56.0,0.0,40.625,34.125,-6.5,6.5
18_0607,18,Indiana,_,Skin Patching (hand tools/hot pot to apply liquid asphalt and aggregate),patching,2005,10,7,54.0,56.0,2.0,40.0,55.42857142857143,15.42857142857143,-13.42857142857143
18_0608,18,Indiana,_,Skin Patching (hand tools/hot pot to apply liquid asphalt and aggregate),patching,2005,8,8,56.0,56.0,0.0,47.875,42.0,-5.875,5.875
18_0659,18,Indiana,_,Skin Patching (hand tools/hot pot to apply liquid asphalt and aggregate),patching,2005,12,12,56.0,20.0,-36.0,41.083333333333336,40.666666666666664,-0.4166666666666714,-35.58333333333333
18_0660,18,Indiana,_,Skin Patching (hand tools/hot pot to apply liquid asphalt and aggregate),patching,2005,8,8,56.0,56.0,0.0,40.625,34.125,-6.5,6.5
18_0661,18,Indiana,_,Skin Patching (hand tools/hot pot to apply liquid asphalt and aggregate),patching,2005,8,8,54.0,56.0,2.0,40.875,34.125,-6.75,8.75
18_0662,18,Indiana,_,Skin Patching (hand tools/hot pot to apply liquid asphalt and aggregate),patching,2005,8,8,0.0,11.0,11.0,54.875,47.625,-7.25,18.25
18_0665,18,Indiana,_,Skin Patching (hand tools/hot pot to apply liquid asphalt and aggregate),patching,2005,11,10,56.0,54.0,-2.0,39.0,51.3,12.299999999999997,-14.299999999999997
18_0666,18,Indiana,_,Skin Patching (hand tools/hot pot to apply liquid asphalt and aggregate),patching,2005,12,9,56.0,56.0,0.0,37.111111111111114,50.55555555555556,13.444444444444443,-13.444444444444443
18_0669,18,Indiana,_,Skin Patching (hand tools/hot pot to apply liquid asphalt and aggregate),patching,2005,10,7,56.0,56.0,0.0,39.714285714285715,55.42857142857143,15.714285714285715,-15.714285714285715
18_0670,18,Indiana,_,Skin Patching (hand tools/hot pot to apply liquid asphalt and aggregate),patching,2005,10,7,0.0,56.0,56.0,47.714285714285715,55.42857142857143,7.714285714285715,48.285714285714285
18_0672,18,Indiana,_,Skin Patching (hand tools/hot pot to apply liquid asphalt and aggregate),patching,2005,11,11,56.0,29.0,-27.0,39.72727272727273,38.45454545454545,-1.2727272727272734,-25.727272727272727
18_0603,18,Indiana,_,Manual Premix Spot Patch (hand spreading and compacting with roller),patching,2003,10,5,31.0,47.0,16.0,24.6,33.6,9.0,7.0
18_0602,18,Indiana,_,Partial Depth Patching of PCC Pavement Other Than at Joint,patching,2001,8,4,0.0,0.0,0.0,15.5,19.75,4.25,-4.25
18_0605,18,Indiana,_,Partial Depth Patching of PCC Pavement Other Than at Joint,patching,2000,8,6,0.0,0.0,0.0,7.666666666666667,24.5,16.833333333333332,-16.833333333333332
27_4055,27,Minnesota,2_94,Partial depth patching of PCC pavements at joints,patching,2002,9,1,0.0,0.0,0.0,22.0,0.0,-22.0,22.0
42_0602,42,Pennsylvania,_,Partial depth patching of PCC pavements at joints,patching,2000,8,8,12.0,12.0,0.0,4.5,4.625,0.125,-0.125
42_0601,42,Pennsylvania,_,Partial depth patching of PCC pavements at joints,patching,1996,8,8,0.0,0.0,0.0,4.125,3.75,-0.375,0.375
42_0659,42,Pennsylvania,_,"Partial depth patching of PCC pavements at joints, Partial Depth Patching of PCC Pavement Other Than at Joint",patching,1994,8,8,11.0,0.0,-11.0,16.5,4.125,-12.375,1.375
42_0604,42,Pennsylvania,_,"Longitudinal Subdrains, Full Depth Transverse Joint Repair Patch, Joint Load Transfer Restoration in PCC Pavements, Partial Depth Patching of PCC Pavement Other Than at Joint",patching,1992,12,11,30.0,0.0,-30.0,15.0,4.0,-11.0,-19.0
42_0605,42,Pennsylvania,_,"AC Shoulder Restoration, Grinding Surface, Pressure Grout Subsealing, Transverse Joint Sealing, Longitudinal Subdrains, Full Depth Transverse Joint Repair Patch, Joint Load Transfer Restoration in PCC Pavements, Partial Depth Patching of PCC Pavement Other Than at Joint, PCC Slab Replacement",crack_sealing,1992,11,11,20.0,14.0,-6.0,15.909090909090908,2.727272727272727,-13.181818181818182,7.181818181818182
47_0605,47,Tennessee,_,"Partial Depth Patching of PCC Pavement Other Than at Joint, PCC Slab Replacement",patching,2000,10,10,6.0,0.0,-6.0,1.4,0.1,-1.2999999999999998,-4.7
1_C330,1,Alabama,3_84,"Patch Pot Holes - Hand Spread, Compacted with Truck",patching,1997,12,8,53.0,56.0,3.0,21.125,30.25,9.125,-6.125
48_1070,48,Texas,3_175,Crack Sealing,crack_sealing,1999,8,8,1.0,3.0,2.0,0.125,0.875,0.75,1.25
4_0603,4,Arizona,_,Skin Patching (hand tools/hot pot to apply liquid asphalt and aggregate),patching,2001,8,5,2.0,0.0,-2.0,2.8,2.0,-0.7999999999999998,-1.2000000000000002
4_0662,4,Arizona,_,Skin Patching (hand tools/hot pot to apply liquid asphalt and aggregate),patching,2001,11,9,8.0,1.0,-7.0,1.6666666666666667,1.6666666666666667,0.0,-7.0
4_0660,4,Arizona,_,"Patch Pot Holes - Hand Spread, Compacted with Truck",patching,2000,8,8,2.0,3.0,1.0,1.5,2.25,0.75,0.25
4_0659,4,Arizona,_,"Patch Pot Holes - Hand Spread, Compacted with Truck",patching,1999,9,9,1.0,1.0,0.0,1.2222222222222223,1.5555555555555556,0.33333333333333326,-0.33333333333333326
48_5323,48,Texas,2_40,"Full Depth Patching of PCC Pavement Other Than at Joint, Partial Depth Patching of PCC Pavement Other Than at Joint",patching,2001,4,2,13.0,19.0,6.0,28.5,28.5,0.0,6.0
47_0607,47,Tennessee,_,Manual Premix Spot Patch (hand spreading and compacting with roller),patching,2001,10,10,2.0,2.0,0.0,1.9,2.0,0.10000000000000009,-0.10000000000000009
40_0607,40,Oklahoma,_,"Patch Pot Holes - Hand Spread, Compacted with Truck",patching,2001,12,7,6.0,0.0,-6.0,20.142857142857142,27.285714285714285,7.142857142857142,-13.142857142857142
17_0601,17,Illinois,_,"Partial depth patching of PCC pavements at joints, Partial Depth Patching of PCC Pavement Other Than at Joint",patching,1999,9,7,100.0,83.0,-17.0,42.57142857142857,43.714285714285715,1.142857142857146,-18.142857142857146
17_0660,17,Illinois,_,Partial Depth Patching of PCC Pavement Other Than at Joint,patching,1999,8,7,70.0,70.0,0.0,46.857142857142854,45.57142857142857,-1.2857142857142847,1.2857142857142847
48_1047,48,Texas,2_40,Crack Sealing,crack_sealing,1998,4,4,2.0,3.0,1.0,5.5,17.5,12.0,-11.0
29_0601,29,Missouri,_,"Transverse Joint Sealing, Lane-Shoulder Longitudinal Joint Sealing, Full Depth Patching of PCC Pavement Other Than at Joint",crack_sealing,1996,11,11,67.0,5.0,-62.0,14.909090909090908,10.545454545454545,-4.363636363636363,-57.63636363636364
29_0602,29,Missouri,_,Full Depth Patching of PCC Pavement Other Than at Joint,patching,1995,10,10,45.0,30.0,-15.0,18.6,9.0,-9.600000000000001,-5.399999999999999
29_0605,29,Missouri,_,PCC Slab Replacement,reconstruction_or_major_rehab,1995,15,13,39.0,32.0,-7.0,14.76923076923077,6.923076923076923,-7.846153846153847,0.8461538461538467
48_3589,48,Texas,3_287,Partial depth patching of PCC pavements at joints,patching,1999,3,3,0.0,0.0,0.0,2.0,3.3333333333333335,1.3333333333333335,-1.3333333333333335
48_C410,48,Texas,3_287,Partial depth patching of PCC pavements at joints,patching,1999,3,3,6.0,4.0,-2.0,0.0,2.0,2.0,-4.0
48_C430,48,Texas,3_287,Partial depth patching of PCC pavements at joints,patching,1999,3,3,0.0,0.0,0.0,2.0,3.3333333333333335,1.3333333333333335,-1.3333333333333335
48_C420,48,Texas,3_287,Partial depth patching of PCC pavements at joints,patching,1993,3,3,11.0,14.0,3.0,6.666666666666667,7.333333333333333,0.6666666666666661,2.333333333333334
8_0506,8,Colorado,_,"Patch Pot Holes - Hand Spread, Compacted with Truck",patching,1999,10,10,31.0,36.0,5.0,16.1,17.5,1.3999999999999986,3.6000000000000014
48_6079,48,Texas,2_40,"Patch Pot Holes - Hand Spread, Compacted with Truck",patching,1996,1,1,17.0,16.0,-1.0,0.0,1.0,1.0,-2.0
12_C330,12,Florida,4_442,"Patch Pot Holes - Hand Spread, Compacted with Truck",patching,1996,9,5,48.0,48.0,0.0,31.0,29.6,-1.3999999999999986,1.3999999999999986
12_4154,12,Florida,4_442,Manual Premix Spot Patch (hand spreading and compacting with roller),patching,1992,9,9,49.0,54.0,5.0,5.333333333333333,14.222222222222221,8.88888888888889,-3.8888888888888893
48_G350,48,Texas,3_322,"Full Depth Patch of AC Pavement (removing damaged material, repairing supporting material, and repairing)",patching,1995,7,7,0.0,0.0,0.0,5.0,3.5714285714285716,-1.4285714285714284,1.4285714285714284
19_0601,19,Iowa,_,"Partial depth patching of PCC pavements at joints, Partial Depth Patching of PCC Pavement Other Than at Joint",patching,1993,8,8,50.0,57.0,7.0,10.875,10.375,-0.5,7.5
48_1039,48,Texas,3_287,"Patch Pot Holes - Hand Spread, Compacted with Truck",patching,1995,8,8,42.0,42.0,0.0,4.875,3.375,-1.5,1.5
48_2172,48,Texas,2_20,Skin Patching (hand tools/hot pot to apply liquid asphalt and aggregate),patching,1995,4,3,2.0,2.0,0.0,0.6666666666666666,3.0,2.3333333333333335,-2.3333333333333335
48_N330,48,Texas,3_77,Skin Patching (hand tools/hot pot to apply liquid asphalt and aggregate),patching,1992,8,5,2.0,4.0,2.0,0.2,2.0,1.8,0.19999999999999996
48_E320,48,Texas,3_84,Skin Patching (hand tools/hot pot to apply liquid asphalt and aggregate),patching,1992,8,7,3.0,5.0,2.0,2.2857142857142856,2.0,-0.2857142857142856,2.2857142857142856
48_E350,48,Texas,3_84,Skin Patching (hand tools/hot pot to apply liquid asphalt and aggregate),patching,1992,8,7,1.0,1.0,0.0,2.5714285714285716,2.5714285714285716,0.0,0.0
45_1024,45,South Carolina,4_1623,"Patch Pot Holes - Hand Spread, Compacted with Truck",patching,2018,2,1,11.0,16.0,5.0,8.0,0.0,-8.0,13.0
46_3013,46,South Dakota,2_90,Asphalt Concrete Overlay,asphalt_overlay,2016,2,1,0.0,0.0,0.0,3.0,3.0,0.0,0.0
40_0118,40,Oklahoma,_,Mill Off AC and Overlay with AC,asphalt_overlay,2014,9,9,42.0,0.0,-42.0,15.11111111111111,0.0,-15.11111111111111,-26.88888888888889
40_0502,40,Oklahoma,_,"AC Shoulder Restoration, Tack Coat, Mill Off AC and Overlay with AC",asphalt_overlay,2013,9,7,18.0,0.0,-18.0,39.857142857142854,19.0,-20.857142857142854,2.857142857142854
40_0503,40,Oklahoma,_,"AC Shoulder Restoration, Tack Coat, Mill Off AC and Overlay with AC",asphalt_overlay,2013,10,8,53.0,0.0,-53.0,35.125,21.375,-13.75,-39.25
40_0504,40,Oklahoma,_,"AC Shoulder Restoration, Tack Coat, Mill Off AC and Overlay with AC",asphalt_overlay,2013,12,10,28.0,0.0,-28.0,22.4,17.8,-4.599999999999998,-23.400000000000002
40_0505,40,Oklahoma,_,"AC Shoulder Restoration, Tack Coat, Mill Off AC and Overlay with AC",asphalt_overlay,2013,10,9,36.0,0.0,-36.0,21.555555555555557,19.77777777777778,-1.7777777777777786,-34.22222222222222
40_0506,40,Oklahoma,_,"AC Shoulder Restoration, Tack Coat, Mill Off AC and Overlay with AC",asphalt_overlay,2013,8,6,22.0,0.0,-22.0,35.5,18.5,-17.0,-5.0
40_0507,40,Oklahoma,_,"AC Shoulder Restoration, Tack Coat, Mill Off AC and Overlay with AC",asphalt_overlay,2013,9,7,24.0,0.0,-24.0,24.714285714285715,18.714285714285715,-6.0,-18.0
40_0508,40,Oklahoma,_,"AC Shoulder Restoration, Tack Coat, Mill Off AC and Overlay with AC",asphalt_overlay,2013,10,8,53.0,0.0,-53.0,35.125,21.375,-13.75,-39.25
40_0509,40,Oklahoma,_,"AC Shoulder Restoration, Tack Coat, Mill Off AC and Overlay with AC",asphalt_overlay,2013,11,9,53.0,0.0,-53.0,33.666666666666664,19.0,-14.666666666666664,-38.333333333333336
40_0560,40,Oklahoma,_,"AC Shoulder Restoration, Tack Coat, Mill Off AC and Overlay with AC",asphalt_overlay,2013,8,8,10.0,0.0,-10.0,24.5,22.25,-2.25,-7.75
6_7491,6,California,2_40,"Asphalt Concrete Overlay, Mill Off AC and Overlay with AC",asphalt_overlay,2013,4,1,24.0,0.0,-24.0,50.0,0.0,-50.0,26.0
1_0563,1,Alabama,_,"AC Shoulder Restoration, Mill Existing Pavement and Overlay with Hot-Mix Recycled AC",asphalt_overlay,2013,8,8,51.0,0.0,-51.0,34.75,31.875,-2.875,-48.125
37_2819,37,North Carolina,3_220,Mill Existing Pavement and Overlay with Hot-Mix Recycled AC,asphalt_overlay,2013,8,2,13.0,0.0,-13.0,0.0,1.0,1.0,-14.0
39_9006,39,Ohio,2_71,"AC Shoulder Restoration, Asphalt Concrete Overlay, Full Depth Transverse Joint Repair Patch, Full Depth Patching of PCC Pavement Other Than at Joint, Partial depth patching of PCC pavements at joints, Partial Depth Patching of PCC Pavement Other Than at Joint",asphalt_overlay,2013,5,1,67.0,0.0,-67.0,0.0,0.0,0.0,-67.0
48_5274,48,Texas,2_20,Mill Off AC and Overlay with AC,asphalt_overlay,2012,9,4,0.0,0.0,0.0,0.5,0.5,0.0,0.0
50_1683,50,Vermont,3_7,"AC Shoulder Restoration, Patch Pot Holes - Hand Spread, Compacted with Truck, Hot-Mix Recycled Asphalt Concrete Overlay",asphalt_overlay,2012,4,1,26.0,0.0,-26.0,1.0,0.0,-1.0,-25.0
10_5005,10,Delaware,4_1,"AC Shoulder Restoration, Asphalt Concrete Overlay, Full Depth Patch of AC Pavement (removing damaged material, repairing supporting material, and repairing)",asphalt_overlay,2012,11,8,54.0,0.0,-54.0,0.375,0.375,0.0,-54.0
51_2564,51,Virginia,2_64,"AC Shoulder Restoration, Asphalt Concrete Overlay",asphalt_overlay,2011,4,1,8.0,0.0,-8.0,1.0,2.0,1.0,-9.0
16_1020,16,Idaho,3_93,Asphalt Concrete Overlay,asphalt_overlay,2011,5,1,3.0,0.0,-3.0,0.0,0.0,0.0,-3.0
54_4004,54,West Virginia,2_77,"Lane-Shoulder Longitudinal Joint Sealing, Mill Off AC and Overlay with AC",crack_sealing,2011,2,2,7.0,0.0,-7.0,1.5,2.0,0.5,-7.5
39_4018,39,Ohio,2_675,Mill Existing Pavement and Overlay with Hot-Mix Recycled AC,asphalt_overlay,2010,5,1,6.0,0.0,-6.0,67.0,67.0,0.0,-6.0
18_1037,18,Indiana,4_66,Asphalt Concrete Overlay,asphalt_overlay,2003,9,2,4.0,0.0,-4.0,3.5,3.5,0.0,-4.0
37_5827,37,North Carolina,3_29,Asphalt Concrete Overlay,asphalt_overlay,2003,8,7,2.0,0.0,-2.0,4.285714285714286,30.714285714285715,26.42857142857143,-28.42857142857143
26_0115,26,Michigan,_,"Crack Sealing, Patch Pot Holes - Hand Spread, Compacted with Truck",crack_sealing,2009,9,3,4.0,28.0,24.0,2.0,12.333333333333334,10.333333333333334,13.666666666666666
26_0116,26,Michigan,_,Crack Sealing,crack_sealing,2009,8,2,0.0,23.0,23.0,2.5,7.0,4.5,18.5
26_0117,26,Michigan,_,Crack Sealing,crack_sealing,2009,9,3,1.0,23.0,22.0,3.0,14.0,11.0,11.0
26_0123,26,Michigan,_,Crack Sealing,crack_sealing,2009,13,4,5.0,1.0,-4.0,1.25,21.75,20.5,-24.5
26_0124,26,Michigan,_,Crack Sealing,crack_sealing,2009,12,4,0.0,13.0,13.0,2.5,18.75,16.25,-3.25
53_1007,53,Washington,4_221,"Asphalt Concrete Overlay, Mill Existing Pavement and Overlay with Cold-Mix Recycled AC",asphalt_overlay,2002,3,3,4.0,0.0,-4.0,0.3333333333333333,0.0,-0.3333333333333333,-3.6666666666666665
40_4086,40,Oklahoma,3_81,Asphalt Concrete Overlay,asphalt_overlay,2002,3,1,2.0,0.0,-2.0,0.0,8.0,8.0,-10.0
48_0115,48,Texas,_,Manual Premix Spot Patch (hand spreading and compacting with roller),patching,2006,14,7,0.0,20.0,20.0,0.7142857142857143,16.857142857142858,16.142857142857142,3.8571428571428577
48_0116,48,Texas,_,Manual Premix Spot Patch (hand spreading and compacting with roller),patching,2006,14,7,1.0,8.0,7.0,0.5714285714285714,18.571428571428573,18.0,-11.0
48_0119,48,Texas,_,Manual Premix Spot Patch (hand spreading and compacting with roller),patching,2006,9,3,2.0,26.0,24.0,1.0,13.0,12.0,12.0
53_1005,53,Washington,2_90,"Patch Pot Holes - Hand Spread, Compacted with Truck",patching,2008,8,8,1.0,3.0,2.0,2.25,2.25,0.0,2.0
20_0105,20,Kansas,_,Mill Off AC and Overlay with AC,asphalt_overlay,2001,10,7,32.0,6.0,-26.0,27.0,0.42857142857142855,-26.571428571428573,0.571428571428573
54_1640,54,West Virginia,3_119,Machine Premix Patch (placing premix with paver roller),patching,2014,3,2,4.0,48.0,44.0,0.0,0.0,0.0,44.0
48_5154,48,Texas,2_10,"Asphalt Concrete Overlay, Aggregate Seal Coat",asphalt_overlay,2001,2,1,1.0,0.0,-1.0,0.0,0.0,0.0,-1.0
48_1096,48,Texas,3_90,"Asphalt Concrete Overlay, Aggregate Seal Coat",asphalt_overlay,2001,8,2,3.0,0.0,-3.0,0.0,3.0,3.0,-6.0
30_0504,30,Montana,_,Crack Sealing,crack_sealing,2008,11,11,0.0,0.0,0.0,0.09090909090909091,0.6363636363636364,0.5454545454545454,-0.5454545454545454
30_0505,30,Montana,_,Crack Sealing,crack_sealing,2008,8,8,0.0,0.0,0.0,0.0,0.5,0.5,-0.5
30_0506,30,Montana,_,Crack Sealing,crack_sealing,2008,11,11,0.0,1.0,1.0,0.09090909090909091,0.5454545454545454,0.4545454545454545,0.5454545454545455
30_0507,30,Montana,_,Crack Sealing,crack_sealing,2008,11,11,0.0,0.0,0.0,0.09090909090909091,0.6363636363636364,0.5454545454545454,-0.5454545454545454
30_0508,30,Montana,_,Crack Sealing,crack_sealing,2008,11,11,0.0,0.0,0.0,0.09090909090909091,0.6363636363636364,0.5454545454545454,-0.5454545454545454
30_0509,30,Montana,_,Crack Sealing,crack_sealing,2008,11,11,0.0,0.0,0.0,0.09090909090909091,0.6363636363636364,0.5454545454545454,-0.5454545454545454
30_0560,30,Montana,_,Crack Sealing,crack_sealing,2008,8,8,0.0,1.0,1.0,0.125,0.375,0.25,0.75
30_7066,30,Montana,2_90,Crack Sealing,crack_sealing,2008,8,8,0.0,2.0,2.0,0.0,0.25,0.25,1.75
30_7088,30,Montana,2_90,Crack Sealing,crack_sealing,2008,8,8,0.0,1.0,1.0,0.0,0.375,0.375,0.625
30_0502,30,Montana,_,"Aggregate Seal Coat, Mill Off AC and Overlay with AC",asphalt_overlay,2001,8,8,54.0,0.0,-54.0,25.25,0.0,-25.25,-28.75
30_0503,30,Montana,_,"Aggregate Seal Coat, Mill Off AC and Overlay with AC",asphalt_overlay,2001,11,11,48.0,0.0,-48.0,19.09090909090909,0.0,-19.09090909090909,-28.90909090909091
30_0561,30,Montana,_,"Aggregate Seal Coat, Mill Off AC and Overlay with AC",asphalt_overlay,2001,8,8,26.0,0.0,-26.0,28.75,0.0,-28.75,2.75
6_8535,6,California,2_8,Asphalt Concrete Overlay,asphalt_overlay,2001,3,1,0.0,0.0,0.0,0.0,0.0,0.0,0.0
6_8534,6,California,2_8,Asphalt Concrete Overlay,asphalt_overlay,2001,3,1,0.0,0.0,0.0,0.0,0.0,0.0,0.0
9_1803,9,Connecticut,4_117,"AC Shoulder Restoration, Asphalt Concrete Overlay, Full Depth Patch of AC Pavement (removing damaged material, repairing supporting material, and repairing)",asphalt_overlay,2000,6,6,36.0,0.0,-36.0,0.0,0.0,0.0,-36.0
6_8150,6,California,4_210,"Crack Sealing, Full Depth Patch of AC Pavement (removing damaged material, repairing supporting material, and repairing), Patch Pot Holes - Hand Spread, Compacted with Truck",crack_sealing,2010,2,2,40.0,36.0,-4.0,5.5,7.0,1.5,-5.5
53_7322,53,Washington,3_195,Asphalt Concrete Overlay,asphalt_overlay,1999,3,2,30.0,0.0,-30.0,1.5,7.5,6.0,-36.0
6_0201,6,California,_,Partial Depth Patching of PCC Pavement Other Than at Joint,patching,2012,9,8,73.0,73.0,0.0,17.125,17.125,0.0,0.0
6_0209,6,California,_,Partial depth patching of PCC pavements at joints,patching,2017,8,6,0.0,0.0,0.0,24.333333333333332,27.833333333333332,3.5,-3.5
6_0203,6,California,_,Grinding Surface,grinding,2007,8,8,3.0,0.0,-3.0,11.625,13.625,2.0,-5.0
6_0208,6,California,_,Lane-Shoulder Longitudinal Joint Sealing,crack_sealing,2007,8,8,6.0,3.0,-3.0,17.0,18.5,1.5,-4.5
10_1450,10,Delaware,3_113,Crack Sealing,crack_sealing,2008,8,7,3.0,6.0,3.0,4.857142857142857,6.428571428571429,1.571428571428572,1.428571428571428
27_1023,27,Minnesota,3_2,"Patch Pot Holes - Hand Spread, Compacted with Truck",patching,2016,12,1,8.0,10.0,2.0,13.0,12.0,-1.0,3.0
29_A601,29,Missouri,4_8,Crack Sealing,crack_sealing,2004,8,7,72.0,72.0,0.0,2.4285714285714284,3.142857142857143,0.7142857142857144,-0.7142857142857144
4_1018,4,Arizona,2_19,"Asphalt Concrete Overlay, Mill Off AC and Overlay with AC",asphalt_overlay,1997,9,2,54.0,0.0,-54.0,17.5,11.0,-6.5,-47.5
1_0607,1,Alabama,_,"Full Depth Patch of AC Pavement (removing damaged material, repairing supporting material, and repairing)",patching,2002,10,10,12.0,15.0,3.0,0.9,3.9,3.0,0.0
1_0661,1,Alabama,_,"Full Depth Patch of AC Pavement (removing damaged material, repairing supporting material, and repairing)",patching,2003,10,10,17.0,12.0,-5.0,3.7,7.0,3.3,-8.3
30_0113,30,Montana,_,Crack Sealing,crack_sealing,2007,8,8,22.0,25.0,3.0,1.625,7.875,6.25,-3.25
30_0114,30,Montana,_,Crack Sealing,crack_sealing,2007,10,10,1.0,17.0,16.0,6.8,12.3,5.500000000000001,10.5
30_0115,30,Montana,_,Crack Sealing,crack_sealing,2007,8,8,1.0,2.0,1.0,4.25,10.75,6.5,-5.5
30_0116,30,Montana,_,Crack Sealing,crack_sealing,2007,8,8,0.0,5.0,5.0,4.375,10.375,6.0,-1.0
30_0117,30,Montana,_,Crack Sealing,crack_sealing,2007,8,8,1.0,15.0,14.0,4.25,9.125,4.875,9.125
30_0118,30,Montana,_,Crack Sealing,crack_sealing,2007,8,8,0.0,6.0,6.0,4.375,10.25,5.875,0.125
30_0119,30,Montana,_,Crack Sealing,crack_sealing,2007,14,14,9.0,14.0,5.0,8.0,12.285714285714286,4.2857142857142865,0.7142857142857135
30_0120,30,Montana,_,Crack Sealing,crack_sealing,2007,9,9,17.0,32.0,15.0,8.88888888888889,11.222222222222221,2.333333333333332,12.666666666666668
30_0121,30,Montana,_,Crack Sealing,crack_sealing,2007,8,8,10.0,17.0,7.0,10.75,12.375,1.625,5.375
30_0122,30,Montana,_,Crack Sealing,crack_sealing,2007,9,9,17.0,20.0,3.0,8.88888888888889,12.555555555555555,3.666666666666666,-0.6666666666666661
30_0123,30,Montana,_,Crack Sealing,crack_sealing,2007,14,14,0.0,2.0,2.0,8.642857142857142,13.142857142857142,4.5,-2.5
30_0124,30,Montana,_,Crack Sealing,crack_sealing,2007,14,14,1.0,2.0,1.0,8.571428571428571,13.142857142857142,4.571428571428571,-3.571428571428571
30_0901,30,Montana,_,Crack Sealing,crack_sealing,2007,8,8,24.0,12.0,-12.0,9.0,13.0,4.0,-16.0
30_0902,30,Montana,_,Crack Sealing,crack_sealing,2007,8,8,18.0,11.0,-7.0,9.75,13.125,3.375,-10.375
30_0903,30,Montana,_,Crack Sealing,crack_sealing,2007,8,8,0.0,6.0,6.0,12.0,13.75,1.75,4.25
34_1033,34,New Jersey,3_202,"Patch Pot Holes - Hand Spread, Compacted with Truck",patching,2008,9,6,18.0,30.0,12.0,18.5,32.166666666666664,13.666666666666664,-1.6666666666666643
53_6056,53,Washington,3_195,Aggregate Seal Coat,seal_coat,2016,1,1,1.0,0.0,-1.0,0.0,1.0,1.0,-2.0
4_1017,4,Arizona,2_19,Crack Sealing,crack_sealing,2012,14,3,2.0,3.0,1.0,28.0,32.666666666666664,4.666666666666664,-3.6666666666666643
55_0213,55,Wisconsin,_,Partial depth patching of PCC pavements at joints,patching,2021,8,8,0.0,0.0,0.0,0.0,0.0,0.0,0.0
37_1802,37,North Carolina,10_1195,"Patch Pot Holes - Hand Spread, Compacted with Truck",patching,1997,2,1,38.0,2.0,-36.0,0.0,0.0,0.0,-36.0
49_0804,49,Utah,_,"Patch Pot Holes - Hand Spread, Compacted with Truck",patching,2019,8,1,1.0,1.0,0.0,1.0,1.0,0.0,0.0
49_0803,49,Utah,_,"Patch Pot Holes - Hand Spread, Compacted with Truck",patching,2017,8,1,1.0,1.0,0.0,1.0,1.0,0.0,0.0
29_0901,29,Missouri,_,Crack Sealing,crack_sealing,2003,8,8,9.0,15.0,6.0,1.625,9.75,8.125,-2.125
29_0902,29,Missouri,_,Crack Sealing,crack_sealing,2003,8,8,0.0,15.0,15.0,2.75,9.75,7.0,8.0
29_0903,29,Missouri,_,Crack Sealing,crack_sealing,2003,8,8,0.0,0.0,0.0,2.75,11.625,8.875,-8.875
29_0959,29,Missouri,_,Crack Sealing,crack_sealing,2003,8,8,0.0,0.0,0.0,2.75,11.625,8.875,-8.875
29_0960,29,Missouri,_,Crack Sealing,crack_sealing,2003,8,8,0.0,0.0,0.0,2.75,11.625,8.875,-8.875
29_0961,29,Missouri,_,Crack Sealing,crack_sealing,2003,8,8,0.0,1.0,1.0,2.75,11.5,8.75,-7.75
29_0962,29,Missouri,_,Crack Sealing,crack_sealing,2003,8,8,1.0,54.0,53.0,2.625,4.875,2.25,50.75
29_0963,29,Missouri,_,Crack Sealing,crack_sealing,2003,8,8,12.0,0.0,-12.0,1.25,11.625,10.375,-22.375
29_0964,29,Missouri,_,Crack Sealing,crack_sealing,2003,8,8,0.0,8.0,8.0,2.75,10.625,7.875,0.125
35_0902,35,New Mexico,_,"Patch Pot Holes - Hand Spread, Compacted with Truck",patching,2002,8,8,0.0,27.0,27.0,0.5,2.875,2.375,24.625
35_0501,35,New Mexico,_,"Patch Pot Holes - Hand Spread, Compacted with Truck",patching,2001,8,8,1.0,3.0,2.0,0.0,0.375,0.375,1.625
6_8153,6,California,4_227,"Patch Pot Holes - Hand Spread, Compacted with Truck",patching,2006,1,1,55.0,57.0,2.0,54.0,54.0,0.0,2.0
31_7050,31,Nebraska,2_80,"AC Shoulder Restoration, Mill Existing Pavement and Overlay with Hot-Mix Recycled AC",asphalt_overlay,2003,6,2,0.0,0.0,0.0,0.0,0.0,0.0,0.0
9_0960,9,Connecticut,_,Crack Sealing,crack_sealing,2003,9,9,0.0,1.0,1.0,4.333333333333333,9.333333333333334,5.000000000000001,-4.000000000000001
9_0961,9,Connecticut,_,Crack Sealing,crack_sealing,2003,9,9,0.0,1.0,1.0,4.333333333333333,9.333333333333334,5.000000000000001,-4.000000000000001
9_0962,9,Connecticut,_,Crack Sealing,crack_sealing,2003,9,9,0.0,1.0,1.0,4.333333333333333,9.333333333333334,5.000000000000001,-4.000000000000001
9_0901,9,Connecticut,_,Crack Sealing,crack_sealing,2003,9,9,0.0,1.0,1.0,4.333333333333333,9.333333333333334,5.000000000000001,-4.000000000000001
9_0902,9,Connecticut,_,Crack Sealing,crack_sealing,2003,9,9,0.0,0.0,0.0,4.333333333333333,9.444444444444445,5.111111111111112,-5.111111111111112
9_0903,9,Connecticut,_,Crack Sealing,crack_sealing,2003,9,9,0.0,5.0,5.0,4.333333333333333,8.88888888888889,4.555555555555556,0.44444444444444375
8_A410,8,Colorado,3_287,Partial depth patching of PCC pavements at joints,patching,2002,8,8,0.0,0.0,0.0,0.0,0.0,0.0,0.0
4_B902,4,Arizona,2_10,"Patch Pot Holes - Hand Spread, Compacted with Truck",patching,2003,10,9,45.0,54.0,9.0,14.222222222222221,33.44444444444444,19.22222222222222,-10.222222222222221
47_1023,47,Tennessee,2_75,Crack Sealing,crack_sealing,2001,8,1,2.0,2.0,0.0,0.0,1.0,1.0,-1.0
28_2807,28,Mississippi,4_6,"Full Depth Patch of AC Pavement (removing damaged material, repairing supporting material, and repairing)",patching,1997,11,11,1.0,3.0,2.0,10.0,9.545454545454545,-0.45454545454545503,2.454545454545455
39_0208,39,Ohio,_,"AC Shoulder Restoration, Full Depth Patching of PCC Pavement Other Than at Joint, Other, PCC Slab Replacement",patching,2013,9,4,65.0,17.0,-48.0,3.0,2.25,-0.75,-47.25
19_0217,19,Iowa,_,"AC Shoulder Restoration, Partial depth patching of PCC pavements at joints, PCC Slab Replacement",patching,2013,8,8,0.0,0.0,0.0,0.75,2.25,1.5,-1.5
39_0159,39,Ohio,_,"Full Depth Patch of AC Pavement (removing damaged material, repairing supporting material, and repairing)",patching,2005,8,4,54.0,0.0,-54.0,9.75,18.75,9.0,-63.0
19_0214,19,Iowa,_,Skin Patching (hand tools/hot pot to apply liquid asphalt and aggregate),patching,2023,12,10,29.0,38.0,9.0,0.3,0.3,0.0,9.0
19_0215,19,Iowa,_,Skin Patching (hand tools/hot pot to apply liquid asphalt and aggregate),patching,2023,12,10,0.0,0.0,0.0,3.2,4.1,0.8999999999999995,-0.8999999999999995
19_0219,19,Iowa,_,Skin Patching (hand tools/hot pot to apply liquid asphalt and aggregate),patching,2023,8,6,0.0,0.0,0.0,5.333333333333333,6.833333333333333,1.5,-1.5
19_0221,19,Iowa,_,Skin Patching (hand tools/hot pot to apply liquid asphalt and aggregate),patching,2023,8,8,0.0,0.0,0.0,4.0,5.125,1.125,-1.125
19_0213,19,Iowa,_,Skin Patching (hand tools/hot pot to apply liquid asphalt and aggregate),patching,2020,12,10,0.0,0.0,0.0,2.7,3.2,0.5,-0.5
19_0216,19,Iowa,_,Skin Patching (hand tools/hot pot to apply liquid asphalt and aggregate),patching,2020,12,10,3.0,3.0,0.0,2.4,2.9,0.5,-0.5
19_0220,19,Iowa,_,Skin Patching (hand tools/hot pot to apply liquid asphalt and aggregate),patching,2020,8,6,0.0,0.0,0.0,4.5,5.333333333333333,0.833333333333333,-0.833333333333333
19_0224,19,Iowa,_,Skin Patching (hand tools/hot pot to apply liquid asphalt and aggregate),patching,2020,8,8,0.0,0.0,0.0,3.375,4.0,0.625,-0.625
38_0259,38,North Dakota,_,"Partial depth patching of PCC pavements at joints, Partial Depth Patching of PCC Pavement Other Than at Joint",patching,2016,8,8,0.0,0.0,0.0,0.0,0.0,0.0,0.0
38_0263,38,North Dakota,_,Grinding Surface,grinding,2011,8,8,0.0,0.0,0.0,0.0,0.0,0.0,0.0
38_0213,38,North Dakota,_,"AC Shoulder Restoration, Lane-Shoulder Longitudinal Joint Sealing",crack_sealing,2006,11,8,0.0,0.0,0.0,1.125,0.75,-0.375,0.375
38_0218,38,North Dakota,_,"AC Shoulder Restoration, Lane-Shoulder Longitudinal Joint Sealing",crack_sealing,2006,11,8,0.0,0.0,0.0,1.125,0.75,-0.375,0.375
38_0219,38,North Dakota,_,"AC Shoulder Restoration, Lane-Shoulder Longitudinal Joint Sealing",crack_sealing,2006,14,10,0.0,0.0,0.0,0.9,0.6,-0.30000000000000004,0.30000000000000004
38_0220,38,North Dakota,_,"AC Shoulder Restoration, Lane-Shoulder Longitudinal Joint Sealing",crack_sealing,2006,11,8,3.0,0.0,-3.0,0.75,0.75,0.0,-3.0
38_0221,38,North Dakota,_,"AC Shoulder Restoration, Lane-Shoulder Longitudinal Joint Sealing",crack_sealing,2006,8,4,0.0,0.0,0.0,0.0,0.0,0.0,0.0
38_0222,38,North Dakota,_,"AC Shoulder Restoration, Lane-Shoulder Longitudinal Joint Sealing",crack_sealing,2006,8,4,0.0,0.0,0.0,0.0,0.0,0.0,0.0
38_0223,38,North Dakota,_,"AC Shoulder Restoration, Lane-Shoulder Longitudinal Joint Sealing",crack_sealing,2006,13,9,0.0,0.0,0.0,1.0,0.6666666666666666,-0.33333333333333337,0.33333333333333337
38_0224,38,North Dakota,_,"AC Shoulder Restoration, Lane-Shoulder Longitudinal Joint Sealing",crack_sealing,2006,8,4,0.0,0.0,0.0,0.0,0.0,0.0,0.0
38_0214,38,North Dakota,_,AC Shoulder Restoration,shoulder_restoration,2005,11,8,0.0,0.0,0.0,1.125,0.75,-0.375,0.375
38_0215,38,North Dakota,_,AC Shoulder Restoration,shoulder_restoration,2005,8,6,0.0,0.0,0.0,1.5,1.0,-0.5,0.5
38_0216,38,North Dakota,_,Partial depth patching of PCC pavements at joints,patching,2000,10,10,0.0,0.0,0.0,0.6,0.6,0.0,0.0
38_0217,38,North Dakota,_,Partial depth patching of PCC pavements at joints,patching,1999,11,11,6.0,6.0,0.0,0.0,0.0,0.0,0.0
10_4002,10,Delaware,4_10,Crack Sealing,crack_sealing,2000,8,7,0.0,0.0,0.0,0.0,0.0,0.0,0.0
4_1003,4,Arizona,2_10,"Asphalt Concrete Overlay, Mill Off AC and Overlay with AC",asphalt_overlay,1993,11,2,0.0,0.0,0.0,2.0,2.5,0.5,-0.5
4_1006,4,Arizona,2_10,"Asphalt Concrete Overlay, Mill Existing Pavement and Overlay with Hot-Mix Recycled AC",asphalt_overlay,1993,12,2,3.0,0.0,-3.0,0.5,2.5,2.0,-5.0
5_0217,5,Arkansas,_,Partial depth patching of PCC pavements at joints,patching,2006,11,11,3.0,3.0,0.0,7.454545454545454,,,
5_0218,5,Arkansas,_,Partial depth patching of PCC pavements at joints,patching,2006,12,11,70.0,76.0,6.0,1.3636363636363635,,,
5_0224,5,Arkansas,_,Partial depth patching of PCC pavements at joints,patching,2001,11,11,0.0,0.0,0.0,2.4545454545454546,5.818181818181818,3.3636363636363638,-3.3636363636363638
5_0213,5,Arkansas,_,Partial Depth Patching of PCC Pavement Other Than at Joint,patching,2003,8,8,6.0,12.0,6.0,8.375,9.125,0.75,5.25
6_8149,6,California,2_40,Crack Sealing,crack_sealing,2011,3,1,17.0,50.0,33.0,20.0,24.0,4.0,29.0
4_0221,4,Arizona,_,Partial Depth Patching of PCC Pavement Other Than at Joint,patching,2011,8,8,0.0,0.0,0.0,6.625,8.625,2.0,-2.0
8_0218,8,Colorado,_,Partial depth patching of PCC pavements at joints,patching,2014,11,10,9.0,9.0,0.0,4.5,4.7,0.20000000000000018,-0.20000000000000018
4_0261,4,Arizona,_,"Patch Pot Holes - Hand Spread, Compacted with Truck",patching,2011,9,8,21.0,23.0,2.0,1.125,0.375,-0.75,2.75
4_0260,4,Arizona,_,"Patch Pot Holes - Hand Spread, Compacted with Truck",patching,2009,12,9,9.0,10.0,1.0,0.3333333333333333,0.3333333333333333,0.0,1.0
8_0215,8,Colorado,_,Partial depth patching of PCC pavements at joints,patching,2011,10,10,0.0,0.0,0.0,2.6,3.0,0.3999999999999999,-0.3999999999999999
8_0217,8,Colorado,_,Partial depth patching of PCC pavements at joints,patching,2011,16,16,0.0,0.0,0.0,2.9375,3.0,0.0625,-0.0625
26_0219,26,Michigan,_,Partial depth patching of PCC pavements at joints,patching,2006,9,5,0.0,0.0,0.0,2.2,3.4,1.1999999999999997,-1.1999999999999997
32_0107,32,Nevada,_,"Patch Pot Holes - Hand Spread, Compacted with Truck",patching,2009,10,7,2.0,3.0,1.0,0.7142857142857143,0.7142857142857143,0.0,1.0
5_0116,5,Arkansas,_,Manual Premix Spot Patch (hand spreading and compacting with roller),patching,2006,13,9,9.0,11.0,2.0,23.22222222222222,26.666666666666668,3.4444444444444464,-1.4444444444444464
27_2018,27,Minnesota,2_94,"Surface Treatment, Double Layer",seal_coat,2003,12,8,5.0,27.0,22.0,3.375,10.5,7.125,14.875
27_0903,27,Minnesota,_,Skin Patching (hand tools/hot pot to apply liquid asphalt and aggregate),patching,2004,6,1,3.0,20.0,17.0,31.0,37.0,6.0,11.0
27_0902,27,Minnesota,_,AC Shoulder Restoration,shoulder_restoration,2001,6,2,25.0,31.0,6.0,0.0,1.5,1.5,4.5
32_0208,32,Nevada,_,Partial Depth Patching of PCC Pavement Other Than at Joint,patching,2002,10,9,88.0,88.0,0.0,26.444444444444443,30.11111111111111,3.666666666666668,-3.666666666666668
32_0203,32,Nevada,_,Partial depth patching of PCC pavements at joints,patching,2000,9,9,61.0,52.0,-9.0,19.0,23.666666666666668,4.666666666666668,-13.666666666666668
32_0207,32,Nevada,_,Partial depth patching of PCC pavements at joints,patching,2000,10,9,3.0,3.0,0.0,25.444444444444443,29.11111111111111,3.666666666666668,-3.666666666666668
32_0201,32,Nevada,_,Full Depth Patching of PCC Pavement Other Than at Joint,patching,1999,8,8,39.0,42.0,3.0,12.0,17.125,5.125,-2.125
32_0204,32,Nevada,_,"Crack Sealing, Partial depth patching of PCC pavements at joints",crack_sealing,1997,10,10,6.0,3.0,-3.0,18.3,24.3,6.0,-9.0
27_0909,27,Minnesota,_,"AC Shoulder Replacement, Asphalt Concrete Overlay",asphalt_overlay,1993,6,3,0.0,0.0,0.0,16.666666666666668,0.0,-16.666666666666668,16.666666666666668
4_0213,4,Arizona,_,"Partial depth patching of PCC pavements at joints, Partial Depth Patching of PCC Pavement Other Than at Joint",patching,2018,12,11,0.0,0.0,0.0,7.090909090909091,8.181818181818182,1.0909090909090908,-1.0909090909090908
53_0207,53,Washington,_,Partial Depth Patching of PCC Pavement Other Than at Joint,patching,2017,9,8,3.0,6.0,3.0,3.0,3.0,0.0,3.0
8_0216,8,Colorado,_,"Partial depth patching of PCC pavements at joints, Partial Depth Patching of PCC Pavement Other Than at Joint",patching,2016,10,7,15.0,15.0,0.0,2.4285714285714284,2.142857142857143,-0.2857142857142856,0.2857142857142856
8_0224,8,Colorado,_,Partial depth patching of PCC pavements at joints,patching,2016,15,12,0.0,0.0,0.0,4.0,4.25,0.25,-0.25
53_0801,53,Washington,_,Aggregate Seal Coat,seal_coat,2005,4,4,0.0,0.0,0.0,0.75,0.5,-0.25,0.25
53_0802,53,Washington,_,Aggregate Seal Coat,seal_coat,2005,4,4,1.0,0.0,-1.0,0.5,0.5,0.0,-1.0
8_0222,8,Colorado,_,Partial depth patching of PCC pavements at joints,patching,2005,10,8,0.0,0.0,0.0,1.875,1.875,0.0,0.0
48_1130,48,Texas,4_123,Aggregate Seal Coat,seal_coat,1994,7,7,0.0,0.0,0.0,0.0,0.2857142857142857,0.2857142857142857,-0.2857142857142857
18_5022,18,Indiana,2_65,Crack Sealing,crack_sealing,2000,8,6,0.0,0.0,0.0,0.0,5.166666666666667,5.166666666666667,-5.166666666666667
48_1116,48,Texas,3_259,"Patch Pot Holes - Hand Spread, Compacted with Truck",patching,1998,8,6,30.0,44.0,14.0,7.833333333333333,11.666666666666666,3.833333333333333,10.166666666666668
20_0202,20,Kansas,_,"Partial depth patching of PCC pavements at joints, Partial Depth Patching of PCC Pavement Other Than at Joint",patching,2020,8,6,6.0,0.0,-6.0,0.5,1.0,0.5,-6.5
20_0206,20,Kansas,_,Partial depth patching of PCC pavements at joints,patching,2020,12,10,0.0,0.0,0.0,0.9,0.6,-0.30000000000000004,0.30000000000000004
20_0207,20,Kansas,_,"Full Depth Transverse Joint Repair Patch, Full Depth Patching of PCC Pavement Other Than at Joint",patching,2011,12,12,0.0,0.0,0.0,0.75,0.25,-0.5,0.5
20_0204,20,Kansas,_,"Transverse Joint Sealing, Lane-Shoulder Longitudinal Joint Sealing",crack_sealing,2005,8,8,0.0,0.0,0.0,1.125,1.125,0.0,0.0
20_0205,20,Kansas,_,Partial depth patching of PCC pavements at joints,patching,2010,12,12,0.0,0.0,0.0,1.5,0.75,-0.75,0.75
20_0201,20,Kansas,_,PCC Slab Replacement,reconstruction_or_major_rehab,2004,8,8,6.0,0.0,-6.0,0.75,1.125,0.375,-6.375
10_0204,10,Delaware,_,Skin Patching (hand tools/hot pot to apply liquid asphalt and aggregate),patching,2014,11,10,0.0,0.0,0.0,0.3,1.9,1.5999999999999999,-1.5999999999999999
10_0211,10,Delaware,_,Skin Patching (hand tools/hot pot to apply liquid asphalt and aggregate),patching,2014,8,8,0.0,0.0,0.0,2.125,1.75,-0.375,0.375
10_0207,10,Delaware,_,"Crack Sealing, Patch Pot Holes - Hand Spread, Compacted with Truck, Partial Depth Patching of PCC Pavement Other Than at Joint",crack_sealing,2011,14,14,0.0,3.0,3.0,4.428571428571429,5.071428571428571,0.6428571428571423,2.3571428571428577
10_0208,10,Delaware,_,"Patch Pot Holes - Hand Spread, Compacted with Truck",patching,2011,11,10,0.0,0.0,0.0,5.1,8.3,3.200000000000001,-3.200000000000001
10_0205,10,Delaware,_,"Transverse Joint Sealing, Lane-Shoulder Longitudinal Joint Sealing",crack_sealing,2007,8,8,15.0,17.0,2.0,0.0,0.0,0.0,2.0
10_0210,10,Delaware,_,"Transverse Joint Sealing, Lane-Shoulder Longitudinal Joint Sealing",crack_sealing,2002,11,9,0.0,0.0,0.0,0.0,3.6666666666666665,3.6666666666666665,-3.6666666666666665
46_0859,46,South Dakota,_,Skin Patching (hand tools/hot pot to apply liquid asphalt and aggregate),patching,2005,2,2,1.0,1.0,0.0,0.5,1.5,1.0,-1.0
55_0903,55,Wisconsin,_,"Crack Sealing, Full Depth Patch of AC Pavement (removing damaged material, repairing supporting material, and repairing), Patch Pot Holes - Hand Spread, Compacted with Truck",crack_sealing,2008,5,5,46.0,53.0,7.0,32.2,43.8,11.599999999999994,-4.599999999999994
55_0908,55,Wisconsin,_,Crack Sealing,crack_sealing,2006,5,5,3.0,9.0,6.0,10.4,39.6,29.200000000000003,-23.200000000000003
55_0901,55,Wisconsin,_,"Patch Pot Holes - Hand Spread, Compacted with Truck",patching,2003,5,5,0.0,2.0,2.0,0.0,10.6,10.6,-8.6
55_0907,55,Wisconsin,_,"Full Depth Patch of AC Pavement (removing damaged material, repairing supporting material, and repairing)",patching,2001,5,5,0.0,0.0,0.0,0.0,0.0,0.0,0.0
55_A909,55,Wisconsin,2_43,"Full Depth Patch of AC Pavement (removing damaged material, repairing supporting material, and repairing), Patch Pot Holes - Hand Spread, Compacted with Truck",patching,2008,9,8,35.0,39.0,4.0,39.5,38.5,-1.0,5.0
55_B903,55,Wisconsin,2_43,"Full Depth Patch of AC Pavement (removing damaged material, repairing supporting material, and repairing)",patching,2008,12,9,36.0,28.0,-8.0,41.22222222222222,41.666666666666664,0.44444444444444287,-8.444444444444443
55_B908,55,Wisconsin,2_43,"Full Depth Patch of AC Pavement (removing damaged material, repairing supporting material, and repairing), Patch Pot Holes - Hand Spread, Compacted with Truck",patching,2008,8,8,25.0,56.0,31.0,40.75,36.375,-4.375,35.375
55_A907,55,Wisconsin,2_43,"Patch Pot Holes - Hand Spread, Compacted with Truck",patching,2006,12,11,0.0,11.0,11.0,15.545454545454545,45.54545454545455,30.0,-19.0
55_A908,55,Wisconsin,2_43,Manual Premix Spot Patch (hand spreading and compacting with roller),patching,2005,11,11,6.0,27.0,21.0,15.0,44.09090909090909,29.090909090909093,-8.090909090909093
55_B907,55,Wisconsin,2_43,Manual Premix Spot Patch (hand spreading and compacting with roller),patching,2005,12,11,6.0,51.0,45.0,15.0,41.90909090909091,26.909090909090907,18.090909090909093
55_0909,55,Wisconsin,_,Skin Patching (hand tools/hot pot to apply liquid asphalt and aggregate),patching,2003,5,5,0.0,22.0,22.0,0.0,6.6,6.6,15.4
55_B909,55,Wisconsin,2_43,"Patch Pot Holes - Hand Spread, Compacted with Truck",patching,2001,9,8,3.0,6.0,3.0,0.125,0.75,0.625,2.375
55_A902,55,Wisconsin,2_43,"Full Depth Patch of AC Pavement (removing damaged material, repairing supporting material, and repairing)",patching,2006,9,8,39.0,56.0,17.0,8.125,42.75,34.625,-17.625
55_A903,55,Wisconsin,2_43,"Patch Pot Holes - Hand Spread, Compacted with Truck",patching,2006,12,11,2.0,56.0,54.0,15.363636363636363,41.45454545454545,26.09090909090909,27.90909090909091
46_0603,46,South Dakota,_,Aggregate Seal Coat,seal_coat,2004,10,10,1.0,0.0,-1.0,8.7,1.2,-7.499999999999999,6.499999999999999
46_0604,46,South Dakota,_,"Aggregate Seal Coat, Saw and Seal",crack_sealing,2004,10,10,1.0,0.0,-1.0,8.7,1.2,-7.499999999999999,6.499999999999999
46_0606,46,South Dakota,_,Aggregate Seal Coat,seal_coat,2004,10,10,0.0,0.0,0.0,8.8,1.2,-7.6000000000000005,7.6000000000000005
46_0661,46,South Dakota,_,Aggregate Seal Coat,seal_coat,2004,10,10,0.0,0.0,0.0,8.8,1.2,-7.6000000000000005,7.6000000000000005
55_0902,55,Wisconsin,_,"Patch Pot Holes - Hand Spread, Compacted with Truck",patching,2001,5,5,0.0,0.0,0.0,0.0,0.0,0.0,0.0
55_A901,55,Wisconsin,2_43,"Patch Pot Holes - Hand Spread, Compacted with Truck",patching,2001,9,8,0.0,1.0,1.0,0.375,0.875,0.5,0.5
55_B901,55,Wisconsin,2_43,"Patch Pot Holes - Hand Spread, Compacted with Truck",patching,2001,9,8,1.0,1.0,0.0,0.25,0.875,0.625,-0.625
55_B902,55,Wisconsin,2_43,"Patch Pot Holes - Hand Spread, Compacted with Truck",patching,2001,12,11,0.0,2.0,2.0,0.5454545454545454,1.2727272727272727,0.7272727272727273,1.2727272727272727
46_0608,46,South Dakota,_,Sand Seal Coat,seal_coat,1995,8,8,0.0,0.0,0.0,0.0,0.25,0.25,-0.25
46_0662,46,South Dakota,_,Sand Seal Coat,seal_coat,1995,10,10,0.0,0.0,0.0,1.2,1.3,0.10000000000000009,-0.10000000000000009
46_0602,46,South Dakota,_,Partial depth patching of PCC pavements at joints,patching,1998,8,8,4.0,4.0,0.0,1.125,1.75,0.625,-0.625
46_0601,46,South Dakota,_,Partial depth patching of PCC pavements at joints,patching,1997,8,8,7.0,6.0,-1.0,0.75,1.5,0.75,-1.75
46_0605,46,South Dakota,_,Full Depth Transverse Joint Repair Patch,patching,1993,10,10,0.0,2.0,2.0,1.2,1.6,0.40000000000000013,1.5999999999999999
20_0209,20,Kansas,_,"Transverse Joint Sealing, Lane-Shoulder Longitudinal Joint Sealing, Partial depth patching of PCC pavements at joints",crack_sealing,2024,14,3,0.0,0.0,0.0,0.0,0.0,0.0,0.0
20_0259,20,Kansas,_,"Transverse Joint Sealing, Lane-Shoulder Longitudinal Joint Sealing, Partial depth patching of PCC pavements at joints, Partial Depth Patching of PCC Pavement Other Than at Joint",crack_sealing,2024,14,3,0.0,0.0,0.0,0.0,0.0,0.0,0.0
20_0211,20,Kansas,_,Partial depth patching of PCC pavements at joints,patching,2020,13,7,0.0,0.0,0.0,0.0,0.0,0.0,0.0
34_0502,34,New Jersey,_,Manual Premix Spot Patch (hand spreading and compacting with roller),patching,2003,12,11,11.0,17.0,6.0,13.636363636363637,16.272727272727273,2.6363636363636367,3.3636363636363633
34_0501,34,New Jersey,_,Manual Premix Spot Patch (hand spreading and compacting with roller),patching,2001,11,10,45.0,46.0,1.0,5.5,12.0,6.5,-5.5
50_1682,50,Vermont,3_7,Crack Sealing,crack_sealing,2003,4,4,0.0,27.0,27.0,15.25,17.0,1.75,25.25
41_7018,41,Oregon,2_5,Crack Sealing,crack_sealing,1999,3,2,0.0,1.0,1.0,0.0,0.0,0.0,1.0
31_C430,31,Nebraska,2_129,Partial depth patching of PCC pavements at joints,patching,1999,2,2,91.0,100.0,9.0,100.0,100.0,0.0,9.0
29_A410,29,Missouri,2_35,Partial depth patching of PCC pavements at joints,patching,1995,8,5,60.0,50.0,-10.0,58.6,54.6,-4.0,-6.0
32_A420,32,Nevada,2_80,"Partial depth patching of PCC pavements at joints, Partial Depth Patching of PCC Pavement Other Than at Joint",patching,1999,10,2,28.0,31.0,3.0,23.5,23.5,0.0,3.0
24_0509,24,Maryland,_,"Patch Pot Holes - Hand Spread, Compacted with Truck",patching,2002,13,13,0.0,0.0,0.0,3.3846153846153846,4.0,0.6153846153846154,-0.6153846153846154
24_0501,24,Maryland,_,Machine Premix Patch (placing premix with paver roller),patching,1998,15,8,16.0,14.0,-2.0,0.25,0.125,-0.125,-1.875
47_3108,47,Tennessee,2_75,Crack Sealing,crack_sealing,2001,8,1,0.0,1.0,1.0,2.0,2.0,0.0,1.0
29_5403,29,Missouri,3_412,"Crack Sealing, Skin Patching (hand tools/hot pot to apply liquid asphalt and aggregate)",crack_sealing,2000,1,1,2.0,1.0,-1.0,1.0,1.0,0.0,-1.0
19_9116,19,Iowa,2_35,Aggregate Seal Coat,seal_coat,2000,1,1,0.0,0.0,0.0,1.0,1.0,0.0,0.0
42_A410,42,Pennsylvania,2_180,PCC Slab Replacement,reconstruction_or_major_rehab,2004,11,3,64.0,19.0,-45.0,23.333333333333332,6.333333333333333,-17.0,-28.0
42_A411,42,Pennsylvania,2_180,Partial depth patching of PCC pavements at joints,patching,2001,8,4,27.0,27.0,0.0,18.75,24.5,5.75,-5.75
42_A430,42,Pennsylvania,2_180,"Full Depth Patching of PCC Pavement Other Than at Joint, Partial depth patching of PCC pavements at joints, PCC Slab Replacement",patching,2001,8,5,0.0,7.0,7.0,21.2,25.2,4.0,3.0
42_1614,42,Pennsylvania,3_220,"Crack Sealing, Transverse Joint Sealing, Lane-Shoulder Longitudinal Joint Sealing",crack_sealing,1999,9,9,0.0,6.0,6.0,0.0,0.0,0.0,6.0
36_A330,36,New York,3_4,Strip Patching (using spreader and distributor to apply hot liquid asphalt and aggregate),patching,1996,7,7,3.0,13.0,10.0,17.285714285714285,3.0,-14.285714285714285,24.285714285714285
36_1643,36,New York,3_4,Machine Premix Patch (placing premix with paver roller),patching,1995,7,7,18.0,18.0,0.0,8.428571428571429,15.142857142857142,6.7142857142857135,-6.7142857142857135
36_A320,36,New York,3_4,"Patch Pot Holes - Hand Spread, Compacted with Truck",patching,1994,7,7,14.0,40.0,26.0,9.0,12.0,3.0,23.0
36_A331,36,New York,3_4,"Patch Pot Holes - Hand Spread, Compacted with Truck, Strip Patching (using spreader and distributor to apply hot liquid asphalt and aggregate)",patching,1993,7,7,18.0,13.0,-5.0,3.857142857142857,9.142857142857142,5.285714285714285,-10.285714285714285
36_B330,36,New York,4_3,"Manual Premix Spot Patch (hand spreading and compacting with roller), Patch Pot Holes - Hand Spread, Compacted with Truck",patching,1995,10,10,6.0,13.0,7.0,13.0,20.4,7.399999999999999,-0.3999999999999986
36_B352,36,New York,4_3,Manual Premix Spot Patch (hand spreading and compacting with roller),patching,1995,10,10,27.0,29.0,2.0,10.9,18.8,7.9,-5.9
36_B320,36,New York,4_3,"Patch Pot Holes - Hand Spread, Compacted with Truck",patching,1993,10,10,7.0,10.0,3.0,10.5,12.6,2.0999999999999996,0.9000000000000004
49_3015,49,Utah,2_215,Partial Depth Patching of PCC Pavement Other Than at Joint,patching,2004,9,1,0.0,0.0,0.0,0.0,0.0,0.0,0.0
6_A441,6,California,2_8,Partial depth patching of PCC pavements at joints,patching,2002,8,5,0.0,0.0,0.0,5.0,8.4,3.4000000000000004,-3.4000000000000004
6_B410,6,California,2_5,AC Shoulder Restoration,shoulder_restoration,1996,10,9,38.0,50.0,12.0,41.111111111111114,39.22222222222222,-1.8888888888888928,13.888888888888893
6_B420,6,California,2_5,AC Shoulder Restoration,shoulder_restoration,1996,10,9,55.0,58.0,3.0,39.22222222222222,38.333333333333336,-0.8888888888888857,3.8888888888888857
6_B441,6,California,2_5,AC Shoulder Restoration,shoulder_restoration,1996,8,8,56.0,56.0,0.0,51.25,54.0,2.75,-2.75
6_B442,6,California,2_5,AC Shoulder Restoration,shoulder_restoration,1996,8,8,44.0,56.0,12.0,52.75,54.0,1.25,10.75
6_B443,6,California,2_5,Partial depth patching of PCC pavements at joints,patching,1993,8,8,56.0,67.0,11.0,47.0,49.875,2.875,8.125
4_1025,4,Arizona,2_40,Fog Seal Coat,seal_coat,1996,4,3,2.0,0.0,-2.0,2.6666666666666665,2.6666666666666665,0.0,-2.0
34_4042,34,New Jersey,2_295,AC Shoulder Replacement,shoulder_restoration,1998,9,6,0.0,0.0,0.0,9.0,14.666666666666666,5.666666666666666,-5.666666666666666
42_C411,42,Pennsylvania,2_99,Partial Depth Patching of PCC Pavement Other Than at Joint,patching,2004,5,3,0.0,0.0,0.0,11.333333333333334,16.0,4.666666666666666,-4.666666666666666
42_C410,42,Pennsylvania,2_99,AC Shoulder Restoration,shoulder_restoration,2000,5,4,10.0,0.0,-10.0,13.75,8.0,-5.75,-4.25
32_2027,32,Nevada,2_80,"Patch Pot Holes - Hand Spread, Compacted with Truck, Surface Treatment, Single Layer",seal_coat,1996,8,3,1.0,1.0,0.0,10.666666666666666,19.333333333333332,8.666666666666666,-8.666666666666666
4_1021,4,Arizona,2_40,Crack Sealing,crack_sealing,1994,7,1,46.0,6.0,-40.0,0.0,0.0,0.0,-40.0
31_6701,31,Nebraska,3_281,"Crack Sealing, Transverse Joint Sealing",crack_sealing,2002,4,2,0.0,0.0,0.0,4.5,6.5,2.0,-2.0
42_1597,42,Pennsylvania,4_49,"Patch Pot Holes - Hand Spread, Compacted with Truck",patching,1997,5,5,1.0,1.0,0.0,1.4,1.8,0.40000000000000013,-0.40000000000000013
42_B350,42,Pennsylvania,4_49,Crack Sealing,crack_sealing,1997,5,5,1.0,3.0,2.0,1.4,1.4,0.0,2.0
42_B330,42,Pennsylvania,4_49,Crack Sealing,crack_sealing,1995,5,5,1.0,1.0,0.0,1.0,1.4,0.3999999999999999,-0.3999999999999999
42_B351,42,Pennsylvania,4_49,"Patch Pot Holes - Hand Spread, Compacted with Truck",patching,1995,5,5,1.0,2.0,1.0,1.0,1.2,0.19999999999999996,0.8
37_3807,37,North Carolina,3_52,"Transverse Joint Sealing, Lane-Shoulder Longitudinal Joint Sealing",crack_sealing,2020,10,1,4.0,4.0,0.0,0.0,0.0,0.0,0.0
42_9027,42,Pennsylvania,2_78,"Grinding Surface, Partial depth patching of PCC pavements at joints",patching,2014,1,1,0.0,0.0,0.0,8.0,8.0,0.0,0.0
42_3044,42,Pennsylvania,2_78,Transverse Joint Sealing,crack_sealing,2001,1,1,0.0,0.0,0.0,0.0,0.0,0.0,0.0
9_4008,9,Connecticut,2_84,"Transverse Joint Sealing, Lane-Shoulder Longitudinal Joint Sealing",crack_sealing,2012,9,1,11.0,11.0,0.0,15.0,25.0,10.0,-10.0
6_2040,6,California,3_101,"Patch Pot Holes - Hand Spread, Compacted with Truck",patching,1997,1,1,13.0,19.0,6.0,0.0,0.0,0.0,6.0
46_7049,46,South Dakota,3_80,Crack Sealing,crack_sealing,1996,8,3,0.0,0.0,0.0,0.0,1.3333333333333333,1.3333333333333333,-1.3333333333333333
32_A320,32,Nevada,4_650,Manual Premix Spot Patch (hand spreading and compacting with roller),patching,1996,13,4,17.0,28.0,11.0,20.25,26.75,6.5,4.5
32_A330,32,Nevada,4_650,Manual Premix Spot Patch (hand spreading and compacting with roller),patching,1996,8,4,32.0,31.0,-1.0,16.5,26.0,9.5,-10.5
32_A350,32,Nevada,4_650,"Patch Pot Holes - Hand Spread, Compacted with Truck",patching,1995,13,1,2.0,5.0,3.0,12.0,14.0,2.0,1.0
6_3021,6,California,2_8,"Crack Sealing, AC Shoulder Restoration",crack_sealing,2012,9,1,10.0,10.0,0.0,53.0,50.0,-3.0,3.0
6_7493,6,California,2_15,Lane-Shoulder Longitudinal Joint Sealing,crack_sealing,2012,5,3,0.0,0.0,0.0,27.333333333333332,27.333333333333332,0.0,0.0
6_9049,6,California,3_50,"Grinding Surface, Partial depth patching of PCC pavements at joints, PCC Slab Replacement",patching,2001,1,1,3.0,9.0,6.0,0.0,0.0,0.0,6.0
8_7776,8,Colorado,2_70,Partial depth patching of PCC pavements at joints,patching,2006,9,8,0.0,0.0,0.0,2.125,3.375,1.25,-1.25
41_5021,41,Oregon,2_5,Partial Depth Patching of PCC Pavement Other Than at Joint,patching,2003,3,1,1.0,1.0,0.0,0.0,1.0,1.0,-1.0
37_3008,37,North Carolina,3_74,Partial Depth Patching of PCC Pavement Other Than at Joint,patching,2002,1,1,0.0,0.0,0.0,44.0,44.0,0.0,0.0
8_A310,8,Colorado,3_50,Strip Patching (using spreader and distributor to apply hot liquid asphalt and aggregate),patching,1998,5,5,17.0,29.0,12.0,27.8,41.8,13.999999999999996,-1.9999999999999964
55_6353,55,Wisconsin,3_18,"Grinding Surface, Patch Pot Holes - Hand Spread, Compacted with Truck, Joint Load Transfer Restoration in PCC Pavements",patching,2010,4,4,0.0,3.0,3.0,12.25,12.25,0.0,3.0
55_6355,55,Wisconsin,3_18,"Grinding Surface, Patch Pot Holes - Hand Spread, Compacted with Truck, Full Depth Transverse Joint Repair Patch, Joint Load Transfer Restoration in PCC Pavements",patching,2010,4,4,3.0,3.0,0.0,11.5,12.25,0.75,-0.75
46_3012,46,South Dakota,2_90,"AC Shoulder Restoration, Grinding Surface, Grooving Surface",grinding,1999,3,3,3.0,3.0,0.0,0.0,0.0,0.0,0.0
55_3009,55,Wisconsin,4_23,"Grinding Surface, Full Depth Transverse Joint Repair Patch, Joint Load Transfer Restoration in PCC Pavements",patching,2010,3,1,3.0,3.0,0.0,3.0,3.0,0.0,0.0
18_4042,18,Indiana,4_62,Partial depth patching of PCC pavements at joints,patching,2003,6,3,7.0,7.0,0.0,1.3333333333333333,0.0,-1.3333333333333333,1.3333333333333333
5_A602,5,Arkansas,3_65,"Crack Sealing, Transverse Joint Sealing, Lane-Shoulder Longitudinal Joint Sealing",crack_sealing,2002,14,12,0.0,0.0,0.0,0.25,0.5833333333333334,0.33333333333333337,-0.33333333333333337
5_A601,5,Arkansas,3_65,AC Shoulder Restoration,shoulder_restoration,2001,14,12,0.0,0.0,0.0,0.0,0.25,0.25,-0.25
5_A605,5,Arkansas,3_65,AC Shoulder Restoration,shoulder_restoration,2001,8,7,0.0,0.0,0.0,0.0,0.42857142857142855,0.42857142857142855,-0.42857142857142855
28_5803,28,Mississippi,3_78,Partial Depth Patching of PCC Pavement Other Than at Joint,patching,2002,6,4,3.0,2.0,-1.0,11.75,16.0,4.25,-5.25
27_1087,27,Minnesota,4_13,"Surface Treatment, Single Layer",seal_coat,2010,6,4,14.0,15.0,1.0,1.5,2.25,0.75,0.25
12_4138,12,Florida,3_92,Partial Depth Patching of PCC Pavement Other Than at Joint,patching,2001,9,3,29.0,21.0,-8.0,0.0,0.0,0.0,-8.0
20_3013,20,Kansas,2_435,Lane-Shoulder Longitudinal Joint Sealing,crack_sealing,2004,6,1,0.0,3.0,3.0,100.0,100.0,0.0,3.0
17_0603,17,Illinois,_,Skin Patching (hand tools/hot pot to apply liquid asphalt and aggregate),patching,2002,13,12,2.0,9.0,7.0,33.083333333333336,4.583333333333333,-28.500000000000004,35.5
17_0604,17,Illinois,_,Crack Sealing,crack_sealing,1997,13,13,0.0,0.0,0.0,30.307692307692307,31.23076923076923,0.9230769230769234,-0.9230769230769234
17_0608,17,Illinois,_,Crack Sealing,crack_sealing,1997,8,8,0.0,0.0,0.0,0.625,1.125,0.5,-0.5
17_0659,17,Illinois,_,Lane-Shoulder Longitudinal Joint Sealing,crack_sealing,1997,9,9,1.0,1.0,0.0,11.555555555555555,12.0,0.44444444444444464,-0.44444444444444464
17_0663,17,Illinois,_,Crack Sealing,crack_sealing,1997,8,8,0.0,0.0,0.0,0.625,1.125,0.5,-0.5
17_0664,17,Illinois,_,Crack Sealing,crack_sealing,1997,8,8,0.0,1.0,1.0,0.625,1.0,0.375,0.625
17_0607,17,Illinois,_,"Patch Pot Holes - Hand Spread, Compacted with Truck",patching,1994,8,8,0.0,3.0,3.0,0.0,0.25,0.25,2.75
40_0601,40,Oklahoma,_,Partial Depth Patching of PCC Pavement Other Than at Joint,patching,1998,8,7,15.0,15.0,0.0,7.285714285714286,17.0,9.714285714285715,-9.714285714285715
40_0603,40,Oklahoma,_,Crack Sealing,crack_sealing,1996,8,7,0.0,6.0,6.0,3.2857142857142856,8.571428571428571,5.285714285714286,0.7142857142857144
40_0604,40,Oklahoma,_,Crack Sealing,crack_sealing,1996,8,7,0.0,3.0,3.0,3.2857142857142856,9.0,5.714285714285714,-2.7142857142857144
40_0606,40,Oklahoma,_,Crack Sealing,crack_sealing,1996,12,7,0.0,1.0,1.0,3.2857142857142856,9.285714285714286,6.000000000000001,-5.000000000000001
40_0602,40,Oklahoma,_,Partial depth patching of PCC pavements at joints,patching,1993,8,8,7.0,14.0,7.0,1.125,2.25,1.125,5.875
40_0605,40,Oklahoma,_,Partial depth patching of PCC pavements at joints,patching,1993,12,12,0.0,0.0,0.0,3.5833333333333335,5.833333333333333,2.2499999999999996,-2.2499999999999996
19_3028,19,Iowa,3_218,"Full Depth Transverse Joint Repair Patch, Partial depth patching of PCC pavements at joints",patching,2008,5,2,0.0,0.0,0.0,2.0,0.0,-2.0,2.0
4_0507,4,Arizona,_,Fog Seal Coat,seal_coat,2003,8,8,0.0,0.0,0.0,17.875,16.625,-1.25,1.25
4_0503,4,Arizona,_,Crack Sealing,crack_sealing,2002,10,9,17.0,20.0,3.0,15.444444444444445,16.88888888888889,1.4444444444444446,1.5555555555555554
4_0504,4,Arizona,_,Crack Sealing,crack_sealing,2002,8,8,0.0,0.0,0.0,15.375,17.875,2.5,-2.5
4_0508,4,Arizona,_,Crack Sealing,crack_sealing,2002,10,9,1.0,1.0,0.0,17.22222222222222,19.0,1.7777777777777786,-1.7777777777777786
4_0502,4,Arizona,_,Fog Seal Coat,seal_coat,2001,10,9,53.0,54.0,1.0,8.666666666666666,11.333333333333334,2.666666666666668,-1.6666666666666679
4_0505,4,Arizona,_,Fog Seal Coat,seal_coat,2001,10,9,25.0,31.0,6.0,11.777777777777779,13.88888888888889,2.1111111111111107,3.8888888888888893
4_0506,4,Arizona,_,Fog Seal Coat,seal_coat,2001,10,9,2.0,1.0,-1.0,14.333333333333334,17.22222222222222,2.8888888888888875,-3.8888888888888875
4_0509,4,Arizona,_,Fog Seal Coat,seal_coat,2001,10,9,11.0,17.0,6.0,13.333333333333334,15.444444444444445,2.1111111111111107,3.8888888888888893
4_0559,4,Arizona,_,Fog Seal Coat,seal_coat,2001,10,9,2.0,2.0,0.0,14.333333333333334,17.11111111111111,2.777777777777777,-2.777777777777777
4_0560,4,Arizona,_,Fog Seal Coat,seal_coat,2001,8,7,27.0,33.0,6.0,14.857142857142858,17.571428571428573,2.7142857142857153,3.2857142857142847
46_6600,46,South Dakota,4_50,"Partial depth patching of PCC pavements at joints, PCC Slab Replacement",patching,2000,9,8,0.0,0.0,0.0,0.5,0.75,0.25,-0.25
19_0606,19,Iowa,_,"Full Depth Patch of AC Pavement (removing damaged material, repairing supporting material, and repairing)",patching,1999,8,5,19.0,36.0,17.0,25.0,40.6,15.600000000000001,1.3999999999999986
19_0603,19,Iowa,_,Longitudinal Subdrains,reconstruction_or_major_rehab,1997,8,5,35.0,48.0,13.0,21.8,38.2,16.400000000000002,-3.400000000000002
19_0604,19,Iowa,_,Longitudinal Subdrains,reconstruction_or_major_rehab,1997,8,5,20.0,52.0,32.0,24.8,37.4,12.599999999999998,19.400000000000002
19_0607,19,Iowa,_,Crack Sealing,crack_sealing,1990,8,1,38.0,0.0,-38.0,0.0,0.0,0.0,-38.0
19_0608,19,Iowa,_,Crack Sealing,crack_sealing,1990,8,1,0.0,0.0,0.0,38.0,0.0,-38.0,38.0
6_0509,6,California,_,"Patch Pot Holes - Hand Spread, Compacted with Truck",patching,2006,11,11,49.0,53.0,4.0,32.81818181818182,35.0,2.18181818181818,1.8181818181818201
6_0571,6,California,_,"Patch Pot Holes - Hand Spread, Compacted with Truck",patching,2006,9,6,5.0,9.0,4.0,36.833333333333336,38.166666666666664,1.3333333333333286,2.6666666666666714
6_0561,6,California,_,"Full Depth Patch of AC Pavement (removing damaged material, repairing supporting material, and repairing)",patching,2002,11,8,44.0,44.0,0.0,13.625,17.875,4.25,-4.25
6_0563,6,California,_,Grinding Surface,grinding,2002,9,6,2.0,3.0,1.0,15.833333333333334,21.166666666666668,5.333333333333334,-4.333333333333334
6_0567,6,California,_,Grinding Surface,grinding,2002,8,6,9.0,19.0,10.0,14.666666666666666,18.5,3.833333333333334,6.166666666666666
6_0565,6,California,_,"Crack Sealing, Mechanical Premix Patch (using motor grader and roller)",crack_sealing,2000,9,6,44.0,19.0,-25.0,7.5,13.0,5.5,-30.5
6_0570,6,California,_,"Surface Treatment, Single Layer",seal_coat,2000,9,8,42.0,51.0,9.0,26.25,28.625,2.375,6.625
6_0505,6,California,_,"Surface Treatment, Single Layer",seal_coat,2000,10,10,32.0,33.0,1.0,30.5,31.6,1.1000000000000014,-0.10000000000000142
6_0506,6,California,_,"Surface Treatment, Single Layer",seal_coat,2000,11,11,25.0,13.0,-12.0,28.818181818181817,31.0,2.1818181818181834,-14.181818181818183
6_0501,6,California,_,"Surface Treatment, Single Layer",seal_coat,2000,8,8,46.0,44.0,-2.0,24.375,25.0,0.625,-2.625
6_0502,6,California,_,"Surface Treatment, Single Layer",seal_coat,2000,8,8,46.0,54.0,8.0,24.375,23.75,-0.625,8.625
6_0503,6,California,_,Crack Sealing,crack_sealing,2000,8,8,17.0,7.0,-10.0,28.0,29.625,1.625,-11.625
6_0568,6,California,_,Mechanical Premix Patch (using motor grader and roller),patching,1998,8,6,16.0,9.0,-7.0,17.0,11.833333333333334,-5.166666666666666,-1.833333333333334
20_4054,20,Kansas,2_70,Partial depth patching of PCC pavements at joints,patching,2001,9,4,100.0,100.0,0.0,0.0,0.0,0.0,0.0
29_0606,29,Missouri,_,Skin Patching (hand tools/hot pot to apply liquid asphalt and aggregate),patching,2003,8,5,0.0,0.0,0.0,10.0,12.6,2.5999999999999996,-2.5999999999999996
29_0665,29,Missouri,_,Skin Patching (hand tools/hot pot to apply liquid asphalt and aggregate),patching,2003,15,5,0.0,0.0,0.0,10.0,12.6,2.5999999999999996,-2.5999999999999996
29_0666,29,Missouri,_,"Lane-Shoulder Longitudinal Joint Sealing, Full Depth Patching of PCC Pavement Other Than at Joint",crack_sealing,1997,15,8,80.0,50.0,-30.0,18.875,8.625,-10.25,-19.75
29_0604,29,Missouri,_,Crack Sealing,crack_sealing,1997,8,8,0.0,1.0,1.0,28.875,14.75,-14.125,15.125
29_0608,29,Missouri,_,Asphalt Concrete Overlay,asphalt_overlay,1992,8,8,100.0,0.0,-100.0,74.625,4.625,-70.0,-30.0
29_0603,29,Missouri,_,Asphalt Concrete Overlay,asphalt_overlay,1992,8,8,67.0,0.0,-67.0,60.0,25.75,-34.25,-32.75
48_3739,48,Texas,3_77,"Grinding Surface, Manual Premix Spot Patch (hand spreading and compacting with roller)",patching,2001,8,3,1.0,0.0,-1.0,0.0,0.0,0.0,-1.0
48_B350,48,Texas,3_175,"Patch Pot Holes - Hand Spread, Compacted with Truck",patching,2000,14,14,0.0,0.0,0.0,3.7857142857142856,7.142857142857143,3.3571428571428577,-3.3571428571428577
40_B330,40,Oklahoma,4_3E,Manual Premix Spot Patch (hand spreading and compacting with roller),patching,1998,9,8,30.0,31.0,1.0,5.875,6.125,0.25,0.75
27_0501,27,Minnesota,_,Skin Patching (hand tools/hot pot to apply liquid asphalt and aggregate),patching,2004,8,8,1.0,1.0,0.0,0.0,0.125,0.125,-0.125
27_0502,27,Minnesota,_,Skin Patching (hand tools/hot pot to apply liquid asphalt and aggregate),patching,2001,8,8,0.0,0.0,0.0,0.0,0.0,0.0,0.0
27_0503,27,Minnesota,_,Skin Patching (hand tools/hot pot to apply liquid asphalt and aggregate),patching,2001,8,8,0.0,0.0,0.0,0.0,0.0,0.0,0.0
27_0504,27,Minnesota,_,Skin Patching (hand tools/hot pot to apply liquid asphalt and aggregate),patching,2001,11,11,0.0,0.0,0.0,0.09090909090909091,0.0,-0.09090909090909091,0.09090909090909091
27_0508,27,Minnesota,_,Skin Patching (hand tools/hot pot to apply liquid asphalt and aggregate),patching,2001,8,8,0.0,0.0,0.0,0.0,0.0,0.0,0.0
27_0509,27,Minnesota,_,Skin Patching (hand tools/hot pot to apply liquid asphalt and aggregate),patching,2001,11,11,0.0,0.0,0.0,0.09090909090909091,0.0,-0.09090909090909091,0.09090909090909091
27_0559,27,Minnesota,_,Skin Patching (hand tools/hot pot to apply liquid asphalt and aggregate),patching,2001,8,8,0.0,0.0,0.0,0.125,0.0,-0.125,0.125
27_0561,27,Minnesota,_,Skin Patching (hand tools/hot pot to apply liquid asphalt and aggregate),patching,2001,11,11,0.0,0.0,0.0,0.09090909090909091,0.0,-0.09090909090909091,0.09090909090909091
46_A421,46,South Dakota,4_50,"Full Depth Transverse Joint Repair Patch, Partial depth patching of PCC pavements at joints, PCC Slab Replacement",patching,2000,10,9,0.0,0.0,0.0,0.4444444444444444,0.6666666666666666,0.2222222222222222,-0.2222222222222222
29_0703,29,Missouri,_,"Crack Sealing, Transverse Joint Sealing, Lane-Shoulder Longitudinal Joint Sealing",crack_sealing,2000,10,8,40.0,44.0,4.0,54.375,61.875,7.5,-3.5
29_0704,29,Missouri,_,"Crack Sealing, Transverse Joint Sealing, Lane-Shoulder Longitudinal Joint Sealing",crack_sealing,2000,10,8,36.0,68.0,32.0,54.875,58.875,4.0,28.0
27_0505,27,Minnesota,_,Skin Patching (hand tools/hot pot to apply liquid asphalt and aggregate),patching,1999,11,7,0.0,0.0,0.0,0.14285714285714285,0.14285714285714285,0.0,0.0
27_0506,27,Minnesota,_,Skin Patching (hand tools/hot pot to apply liquid asphalt and aggregate),patching,1999,11,7,0.0,0.0,0.0,0.14285714285714285,0.14285714285714285,0.0,0.0
27_0507,27,Minnesota,_,Skin Patching (hand tools/hot pot to apply liquid asphalt and aggregate),patching,1999,11,6,0.0,0.0,0.0,0.0,0.16666666666666666,0.16666666666666666,-0.16666666666666666
27_0560,27,Minnesota,_,Skin Patching (hand tools/hot pot to apply liquid asphalt and aggregate),patching,1999,8,6,0.0,0.0,0.0,0.0,0.16666666666666666,0.16666666666666666,-0.16666666666666666
19_6049,19,Iowa,2_80,"Crack Sealing, Patch Pot Holes - Hand Spread, Compacted with Truck",crack_sealing,1999,5,3,30.0,28.0,-2.0,0.6666666666666666,2.0,1.3333333333333335,-3.3333333333333335
48_1168,48,Texas,10_564,"Patch Pot Holes - Hand Spread, Compacted with Truck",patching,2004,7,1,11.0,22.0,11.0,6.0,1.0,-5.0,16.0
6_0603,6,California,_,"Full Depth Patch of AC Pavement (removing damaged material, repairing supporting material, and repairing)",patching,2002,11,11,44.0,34.0,-10.0,,,,
6_0607,6,California,_,"Full Depth Patch of AC Pavement (removing damaged material, repairing supporting material, and repairing)",patching,2002,14,14,54.0,47.0,-7.0,,,,
6_0662,6,California,_,"Crack Sealing, Patch Pot Holes - Hand Spread, Compacted with Truck",crack_sealing,2002,11,11,1.0,0.0,-1.0,,,,
6_0606,6,California,_,Crack Sealing,crack_sealing,2000,15,15,17.0,15.0,-2.0,,,,
6_0608,6,California,_,Crack Sealing,crack_sealing,2000,10,10,6.0,36.0,30.0,,,,
6_0659,6,California,_,Crack Sealing,crack_sealing,2000,9,9,44.0,37.0,-7.0,,,,
6_0661,6,California,_,"Crack Sealing, Patch Pot Holes - Hand Spread, Compacted with Truck",crack_sealing,2000,9,9,25.0,41.0,16.0,,,,
6_0664,6,California,_,"Patch Pot Holes - Hand Spread, Compacted with Truck",patching,1999,9,9,42.0,24.0,-18.0,20.11111111111111,,,
6_0602,6,California,_,"Transverse Joint Sealing, Full Depth Patching of PCC Pavement Other Than at Joint",crack_sealing,1997,15,14,64.0,67.0,3.0,8.0,21.428571428571427,13.428571428571427,-10.428571428571427
6_0604,6,California,_,"Patch Pot Holes - Hand Spread, Compacted with Truck",patching,1997,9,8,2.0,5.0,3.0,17.25,28.375,11.125,-8.125
6_0660,6,California,_,"Patch Pot Holes - Hand Spread, Compacted with Truck",patching,1997,9,9,1.0,7.0,6.0,14.333333333333334,28.555555555555557,14.222222222222223,-8.222222222222223
6_0663,6,California,_,"Transverse Joint Sealing, Full Depth Transverse Joint Repair Patch",crack_sealing,1993,12,11,0.0,27.0,27.0,10.818181818181818,12.727272727272727,1.9090909090909083,25.090909090909093
18_0604,18,Indiana,_,Skin Patching (hand tools/hot pot to apply liquid asphalt and aggregate),patching,2005,9,9,56.0,56.0,0.0,42.333333333333336,36.55555555555556,-5.777777777777779,5.777777777777779
18_0663,18,Indiana,_,Skin Patching (hand tools/hot pot to apply liquid asphalt and aggregate),patching,2005,8,7,56.0,56.0,0.0,48.0,40.285714285714285,-7.714285714285715,7.714285714285715
18_0664,18,Indiana,_,Skin Patching (hand tools/hot pot to apply liquid asphalt and aggregate),patching,2005,12,11,56.0,56.0,0.0,40.54545454545455,48.27272727272727,7.727272727272727,-7.727272727272727
18_0668,18,Indiana,_,Skin Patching (hand tools/hot pot to apply liquid asphalt and aggregate),patching,2005,10,7,56.0,56.0,0.0,39.714285714285715,55.42857142857143,15.714285714285715,-15.714285714285715
18_0602,18,Indiana,_,Partial Depth Patching of PCC Pavement Other Than at Joint,patching,2000,8,6,0.0,0.0,0.0,7.666666666666667,24.5,16.833333333333332,-16.833333333333332
29_A310,29,Missouri,3_54,"Patch Pot Holes - Hand Spread, Compacted with Truck",patching,1998,10,6,14.0,46.0,32.0,8.666666666666666,30.166666666666668,21.5,10.5
42_0602,42,Pennsylvania,_,Partial depth patching of PCC pavements at joints,patching,1999,8,8,12.0,12.0,0.0,2.25,4.5,2.25,-2.25
42_0601,42,Pennsylvania,_,Partial depth patching of PCC pavements at joints,patching,1994,8,8,0.0,0.0,0.0,17.875,4.125,-13.75,13.75
42_0604,42,Pennsylvania,_,"Partial depth patching of PCC pavements at joints, Partial Depth Patching of PCC Pavement Other Than at Joint",patching,1992,12,5,13.0,30.0,17.0,18.8,14.2,-4.600000000000001,21.6
42_0605,42,Pennsylvania,_,"Partial depth patching of PCC pavements at joints, Partial Depth Patching of PCC Pavement Other Than at Joint",patching,1992,11,5,15.0,20.0,5.0,18.4,16.2,-2.1999999999999993,7.199999999999999
42_0659,42,Pennsylvania,_,"Partial depth patching of PCC pavements at joints, Partial Depth Patching of PCC Pavement Other Than at Joint",patching,1992,8,5,0.0,11.0,11.0,21.4,18.0,-3.3999999999999986,14.399999999999999
47_0601,47,Tennessee,_,"Partial Depth Patching of PCC Pavement Other Than at Joint, PCC Slab Replacement",patching,2003,8,7,17.0,21.0,4.0,,4.0,,
47_0602,47,Tennessee,_,Partial Depth Patching of PCC Pavement Other Than at Joint,patching,2001,9,9,5.0,2.0,-3.0,0.7777777777777778,2.2222222222222223,1.4444444444444446,-4.444444444444445
47_0605,47,Tennessee,_,Full Depth Patching of PCC Pavement Other Than at Joint,patching,1999,10,10,6.0,0.0,-6.0,1.4,0.1,-1.2999999999999998,-4.7
47_0606,47,Tennessee,_,"AC Shoulder Replacement, Asphalt Concrete Overlay, Longitudinal Subdrains, Full Depth Transverse Joint Repair Patch, PCC Slab Replacement",asphalt_overlay,1996,10,10,0.0,0.0,0.0,0.0,0.7,0.7,-0.7
29_B310,29,Missouri,10_3,"Crack Sealing, Patch Pot Holes - Hand Spread, Compacted with Truck",crack_sealing,2002,8,6,3.0,5.0,2.0,6.166666666666667,6.0,-0.16666666666666696,2.166666666666667
29_B320,29,Missouri,10_3,"Crack Sealing, Skin Patching (hand tools/hot pot to apply liquid asphalt and aggregate), Strip Patching (using spreader and distributor to apply hot liquid asphalt and aggregate)",crack_sealing,2002,8,6,5.0,7.0,2.0,5.833333333333333,5.666666666666667,-0.16666666666666607,2.166666666666666
29_B330,29,Missouri,10_3,"Crack Sealing, Skin Patching (hand tools/hot pot to apply liquid asphalt and aggregate), Strip Patching (using spreader and distributor to apply hot liquid asphalt and aggregate)",crack_sealing,2002,8,6,1.0,0.0,-1.0,6.5,6.833333333333333,0.33333333333333304,-1.333333333333333
29_B350,29,Missouri,10_3,"Crack Sealing, Skin Patching (hand tools/hot pot to apply liquid asphalt and aggregate), Strip Patching (using spreader and distributor to apply hot liquid asphalt and aggregate)",crack_sealing,2002,8,6,1.0,1.0,0.0,6.5,6.666666666666667,0.16666666666666696,-0.16666666666666696
29_B351,29,Missouri,10_3,"Crack Sealing, Skin Patching (hand tools/hot pot to apply liquid asphalt and aggregate), Strip Patching (using spreader and distributor to apply hot liquid asphalt and aggregate)",crack_sealing,2002,8,6,20.0,18.0,-2.0,3.3333333333333335,3.8333333333333335,0.5,-2.5
29_1002,29,Missouri,10_3,Crack Sealing,crack_sealing,2002,8,6,9.0,9.0,0.0,5.166666666666667,5.333333333333333,0.16666666666666607,-0.16666666666666607
48_2108,48,Texas,10_197,Crack Sealing,crack_sealing,2000,2,2,14.0,18.0,4.0,0.0,0.0,0.0,4.0
1_C330,1,Alabama,3_84,"Patch Pot Holes - Hand Spread, Compacted with Truck",patching,1994,12,8,47.0,53.0,6.0,17.375,21.125,3.75,2.25
5_3073,5,Arkansas,2_40,Partial depth patching of PCC pavements at joints,patching,2002,8,6,0.0,0.0,0.0,1.6666666666666667,2.3333333333333335,0.6666666666666667,-0.6666666666666667
48_1069,48,Texas,3_175,Manual Premix Spot Patch (hand spreading and compacting with roller),patching,2003,11,11,30.0,32.0,2.0,7.363636363636363,7.454545454545454,0.09090909090909083,1.9090909090909092
48_1070,48,Texas,3_175,"Patch Pot Holes - Hand Spread, Compacted with Truck",patching,1999,8,8,1.0,3.0,2.0,0.125,0.875,0.75,1.25
4_0661,4,Arizona,_,Skin Patching (hand tools/hot pot to apply liquid asphalt and aggregate),patching,2001,10,9,2.0,5.0,3.0,2.3333333333333335,1.2222222222222223,-1.1111111111111112,4.111111111111111
4_0662,4,Arizona,_,"Manual Premix Spot Patch (hand spreading and compacting with roller), Patch Pot Holes - Hand Spread, Compacted with Truck",patching,2000,11,9,6.0,8.0,2.0,1.0,1.6666666666666667,0.6666666666666667,1.3333333333333333
4_0607,4,Arizona,_,"Patch Pot Holes - Hand Spread, Compacted with Truck",patching,2000,8,8,2.0,3.0,1.0,1.5,2.25,0.75,0.25
4_0608,4,Arizona,_,"Patch Pot Holes - Hand Spread, Compacted with Truck",patching,2000,8,8,1.0,1.0,0.0,1.625,2.5,0.875,-0.875
4_0603,4,Arizona,_,"Patch Pot Holes - Hand Spread, Compacted with Truck",patching,1999,8,5,1.0,1.0,0.0,1.4,1.8,0.40000000000000013,-0.40000000000000013
4_0660,4,Arizona,_,Skin Patching (hand tools/hot pot to apply liquid asphalt and aggregate),patching,1999,8,8,1.0,2.0,1.0,1.25,1.5,0.25,0.75
4_0659,4,Arizona,_,"Patch Pot Holes - Hand Spread, Compacted with Truck",patching,1997,9,9,0.0,1.0,1.0,0.2222222222222222,1.2222222222222223,1.0,0.0
48_5323,48,Texas,2_40,Full Depth Patching of PCC Pavement Other Than at Joint,patching,1999,4,4,13.0,19.0,6.0,15.25,14.75,-0.5,6.5
47_0607,47,Tennessee,_,Manual Premix Spot Patch (hand spreading and compacting with roller),patching,1999,10,10,2.0,1.0,-1.0,1.8,0.0,-1.8,0.8
40_0607,40,Oklahoma,_,Slurry Seal Coat,seal_coat,1999,12,7,34.0,6.0,-28.0,14.285714285714286,20.142857142857142,5.857142857142856,-33.857142857142854
17_0661,17,Illinois,_,Partial Depth Patching of PCC Pavement Other Than at Joint,patching,1999,8,7,73.0,73.0,0.0,46.42857142857143,45.142857142857146,-1.2857142857142847,1.2857142857142847
17_0660,17,Illinois,_,Crack Sealing,crack_sealing,1997,8,8,70.0,70.0,0.0,40.0,41.5,1.5,-1.5
17_0601,17,Illinois,_,Partial depth patching of PCC pavements at joints,patching,1997,9,9,100.0,100.0,0.0,32.333333333333336,33.666666666666664,1.3333333333333286,-1.3333333333333286
17_0602,17,Illinois,_,Skin Patching (hand tools/hot pot to apply liquid asphalt and aggregate),patching,1994,8,8,92.0,92.0,0.0,37.125,37.25,0.125,-0.125
48_1068,48,Texas,4_19,Aggregate Seal Coat,seal_coat,1999,2,1,25.0,1.0,-24.0,8.0,8.0,0.0,-24.0
48_1047,48,Texas,2_40,Crack Sealing,crack_sealing,1998,4,4,2.0,3.0,1.0,5.5,17.5,12.0,-11.0
12_1370,12,Florida,4_407,"Full Depth Patch of AC Pavement (removing damaged material, repairing supporting material, and repairing)",patching,1999,3,2,26.0,21.0,-5.0,0.0,0.0,0.0,-5.0
29_0601,29,Missouri,_,PCC Slab Replacement,reconstruction_or_major_rehab,1995,11,11,67.0,5.0,-62.0,14.909090909090908,10.545454545454545,-4.363636363636363,-57.63636363636364
29_0602,29,Missouri,_,"Transverse Joint Sealing, Lane-Shoulder Longitudinal Joint Sealing, Full Depth Patching of PCC Pavement Other Than at Joint",crack_sealing,1995,10,10,35.0,45.0,10.0,17.1,18.6,1.5,8.5
29_0605,29,Missouri,_,"Transverse Joint Sealing, Lane-Shoulder Longitudinal Joint Sealing, Full Depth Patching of PCC Pavement Other Than at Joint",crack_sealing,1993,15,15,32.0,33.0,1.0,18.6,11.933333333333334,-6.666666666666668,7.666666666666668
48_3589,48,Texas,3_287,Partial depth patching of PCC pavements at joints,patching,1997,3,3,9.0,0.0,-9.0,10.0,2.0,-8.0,-1.0
48_C430,48,Texas,3_287,Partial depth patching of PCC pavements at joints,patching,1995,3,3,6.0,6.0,0.0,10.0,11.0,1.0,-1.0
48_C410,48,Texas,3_287,"Full Depth Patching of PCC Pavement Other Than at Joint, Partial depth patching of PCC pavements at joints",patching,1993,3,3,8.0,10.0,2.0,7.666666666666667,8.666666666666666,0.9999999999999991,1.0000000000000009
48_C420,48,Texas,3_287,Full Depth Patching of PCC Pavement Other Than at Joint,patching,1993,3,3,0.0,11.0,11.0,0.6666666666666666,6.666666666666667,6.0,5.0
8_0503,8,Colorado,_,"Patch Pot Holes - Hand Spread, Compacted with Truck",patching,1999,10,10,5.0,6.0,1.0,18.7,20.5,1.8000000000000007,-0.8000000000000007
8_0504,8,Colorado,_,"Patch Pot Holes - Hand Spread, Compacted with Truck",patching,1999,10,10,7.0,7.0,0.0,18.5,20.4,1.8999999999999986,-1.8999999999999986
8_0505,8,Colorado,_,"Patch Pot Holes - Hand Spread, Compacted with Truck",patching,1999,10,10,23.0,29.0,6.0,16.9,18.2,1.3000000000000007,4.699999999999999
8_0507,8,Colorado,_,"Patch Pot Holes - Hand Spread, Compacted with Truck",patching,1999,10,10,23.0,32.0,9.0,16.9,17.9,1.0,8.0
8_0508,8,Colorado,_,"Patch Pot Holes - Hand Spread, Compacted with Truck",patching,1999,10,10,10.0,10.0,0.0,18.2,20.1,1.9000000000000021,-1.9000000000000021
8_0509,8,Colorado,_,"Patch Pot Holes - Hand Spread, Compacted with Truck",patching,1999,10,10,2.0,1.0,-1.0,19.0,21.0,2.0,-3.0
8_0560,8,Colorado,_,"Patch Pot Holes - Hand Spread, Compacted with Truck",patching,1999,8,8,18.0,18.0,0.0,16.125,19.125,3.0,-3.0
8_0559,8,Colorado,_,"Patch Pot Holes - Hand Spread, Compacted with Truck",patching,1998,8,8,3.0,7.0,4.0,12.375,17.375,5.0,-1.0
8_0506,8,Colorado,_,Crack Sealing,crack_sealing,1997,10,10,22.0,31.0,9.0,9.5,16.1,6.600000000000001,2.3999999999999986
48_6079,48,Texas,2_40,"Patch Pot Holes - Hand Spread, Compacted with Truck",patching,1994,1,1,16.0,17.0,1.0,0.0,1.0,1.0,0.0
1_C350,1,Alabama,3_84,"Patch Pot Holes - Hand Spread, Compacted with Truck",patching,1997,12,8,1.0,0.0,-1.0,27.625,37.25,9.625,-10.625
6_0564,6,California,_,"Patch Pot Holes - Hand Spread, Compacted with Truck",patching,1996,9,6,0.0,0.0,0.0,0.16666666666666666,6.166666666666667,6.0,-6.0
48_1092,48,Texas,3_90,Aggregate Seal Coat,seal_coat,1995,8,8,14.0,1.0,-13.0,9.375,6.25,-3.125,-9.875
26_0602,26,Michigan,_,Partial depth patching of PCC pavements at joints,patching,1994,8,8,75.0,75.0,0.0,11.625,11.875,0.25,-0.25
26_A340,26,Michigan,3_131,Manual Premix Spot Patch (hand spreading and compacting with roller),patching,1995,8,6,33.0,46.0,13.0,28.333333333333332,34.833333333333336,6.5000000000000036,6.4999999999999964
53_C330,53,Washington,4_14,"Patch Pot Holes - Hand Spread, Compacted with Truck",patching,1995,5,5,3.0,6.0,3.0,3.4,7.0,3.6,-0.6000000000000001
12_C320,12,Florida,4_442,"Patch Pot Holes - Hand Spread, Compacted with Truck",patching,1996,9,5,47.0,47.0,0.0,31.2,29.8,-1.3999999999999986,1.3999999999999986
12_C321,12,Florida,4_442,"Patch Pot Holes - Hand Spread, Compacted with Truck",patching,1996,9,5,54.0,53.0,-1.0,29.8,28.6,-1.1999999999999993,0.1999999999999993
12_C330,12,Florida,4_442,"Patch Pot Holes - Hand Spread, Compacted with Truck",patching,1994,9,9,40.0,48.0,8.0,15.777777777777779,20.0,4.222222222222221,3.7777777777777786
12_4154,12,Florida,4_442,Manual Premix Spot Patch (hand spreading and compacting with roller),patching,1991,9,5,49.0,49.0,0.0,25.0,6.2,-18.8,18.8
48_G350,48,Texas,3_322,"Full Depth Patch of AC Pavement (removing damaged material, repairing supporting material, and repairing)",patching,1991,7,7,0.0,0.0,0.0,3.0,5.0,2.0,-2.0
48_F330,48,Texas,4_19,Manual Premix Spot Patch (hand spreading and compacting with roller),patching,1995,6,5,2.0,1.0,-1.0,4.0,11.0,7.0,-8.0
19_0605,19,Iowa,_,Crack Sealing,crack_sealing,2007,8,2,2.0,10.0,8.0,1.0,5.5,4.5,3.5
20_B320,20,Kansas,3_400,Strip Patching (using spreader and distributor to apply hot liquid asphalt and aggregate),patching,1992,8,5,4.0,14.0,10.0,0.8,1.6,0.8,9.2
48_1039,48,Texas,3_287,"Patch Pot Holes - Hand Spread, Compacted with Truck",patching,1994,8,8,46.0,42.0,-4.0,3.5,4.875,1.375,-5.375
47_A330,47,Tennessee,4_96,Crack Sealing,crack_sealing,1994,8,7,0.0,0.0,0.0,0.0,2.2857142857142856,2.2857142857142856,-2.2857142857142856
48_2172,48,Texas,2_20,Aggregate Seal Coat,seal_coat,1994,4,3,2.0,2.0,0.0,0.6666666666666666,3.0,2.3333333333333335,-2.3333333333333335
40_C320,40,Oklahoma,3_60,Mechanical Premix Patch (using motor grader and roller),patching,1995,8,7,11.0,11.0,0.0,3.2857142857142856,8.571428571428571,5.285714285714286,-5.285714285714286
40_C350,40,Oklahoma,3_60,Manual Premix Spot Patch (hand spreading and compacting with roller),patching,1995,8,7,1.0,1.0,0.0,4.714285714285714,10.0,5.285714285714286,-5.285714285714286
48_N330,48,Texas,3_77,Skin Patching (hand tools/hot pot to apply liquid asphalt and aggregate),patching,1992,8,5,2.0,4.0,2.0,0.2,2.0,1.8,0.19999999999999996
48_E340,48,Texas,3_84,Skin Patching (hand tools/hot pot to apply liquid asphalt and aggregate),patching,1992,8,7,8.0,5.0,-3.0,1.5714285714285714,2.0,0.4285714285714286,-3.428571428571429
48_1183,48,Texas,3_84,"Crack Sealing, Skin Patching (hand tools/hot pot to apply liquid asphalt and aggregate)",crack_sealing,1992,8,7,1.0,1.0,0.0,2.5714285714285716,2.5714285714285716,0.0,0.0
48_E330,48,Texas,3_84,"Crack Sealing, Skin Patching (hand tools/hot pot to apply liquid asphalt and aggregate)",crack_sealing,1992,8,7,6.0,6.0,0.0,1.8571428571428572,1.8571428571428572,0.0,0.0
48_E320,48,Texas,3_84,Skin Patching (hand tools/hot pot to apply liquid asphalt and aggregate),patching,1991,8,6,0.0,3.0,3.0,5.0,2.6666666666666665,-2.3333333333333335,5.333333333333334
48_E350,48,Texas,3_84,Skin Patching (hand tools/hot pot to apply liquid asphalt and aggregate),patching,1991,8,6,1.0,1.0,0.0,4.833333333333333,3.0,-1.833333333333333,1.833333333333333
29_0659,29,Missouri,_,"Full Depth Patch of AC Pavement (removing damaged material, repairing supporting material, and repairing)",patching,1993,8,8,3.0,5.0,2.0,4.25,4.25,0.0,2.0
47_C350,47,Tennessee,2_75,"Patch Pot Holes - Hand Spread, Compacted with Truck",patching,1994,7,6,0.0,0.0,0.0,6.833333333333333,21.0,14.166666666666668,-14.166666666666668
48_D330,48,Texas,2_20,Fog Seal Coat,seal_coat,1991,4,4,5.0,9.0,4.0,0.0,0.0,0.0,4.0
45_1024,45,South Carolina,4_1623,"Patch Pot Holes - Hand Spread, Compacted with Truck",patching,2015,2,2,7.0,11.0,4.0,2.0,4.0,2.0,2.0
40_4157,40,Oklahoma,3_69,"Transverse Joint Sealing, Lane-Shoulder Longitudinal Joint Sealing",crack_sealing,2012,2,1,0.0,0.0,0.0,0.0,0.0,0.0,0.0
4_BA01,4,Arizona,2_10,Fog Seal Coat,seal_coat,2020,5,5,0.0,0.0,0.0,0.0,0.0,0.0,0.0
4_BA02,4,Arizona,2_10,Fog Seal Coat,seal_coat,2020,5,5,0.0,0.0,0.0,0.0,0.0,0.0,0.0
4_BA03,4,Arizona,2_10,Fog Seal Coat,seal_coat,2020,5,5,0.0,0.0,0.0,0.0,0.0,0.0,0.0
4_BA59,4,Arizona,2_10,Fog Seal Coat,seal_coat,2020,5,5,0.0,0.0,0.0,0.0,0.0,0.0,0.0
4_BA60,4,Arizona,2_10,Fog Seal Coat,seal_coat,2020,5,5,0.0,0.0,0.0,0.0,0.0,0.0,0.0
4_BA61,4,Arizona,2_10,Fog Seal Coat,seal_coat,2020,5,5,0.0,0.0,0.0,0.0,0.0,0.0,0.0
46_3013,46,South Dakota,2_90,Asphalt Concrete Overlay,asphalt_overlay,2016,2,1,0.0,0.0,0.0,3.0,3.0,0.0,0.0
48_AA01,48,Texas,3_277,Crack Sealing,crack_sealing,2018,2,2,0.0,0.0,0.0,0.0,1.5,1.5,-1.5
48_AA02,48,Texas,3_277,Crack Sealing,crack_sealing,2018,2,2,0.0,2.0,2.0,0.0,0.5,0.5,1.5
48_AA03,48,Texas,3_277,Crack Sealing,crack_sealing,2018,2,2,0.0,1.0,1.0,0.0,1.0,1.0,0.0
12_0502,12,Florida,_,Mill Existing Pavement and Overlay with Hot-Mix Recycled AC,asphalt_overlay,2014,8,8,49.0,0.0,-49.0,12.125,0.0,-12.125,-36.875
12_0503,12,Florida,_,Mill Existing Pavement and Overlay with Hot-Mix Recycled AC,asphalt_overlay,2014,8,8,10.0,0.0,-10.0,17.0,0.0,-17.0,7.0
12_0504,12,Florida,_,Mill Existing Pavement and Overlay with Hot-Mix Recycled AC,asphalt_overlay,2014,11,10,3.0,0.0,-3.0,16.2,0.0,-16.2,13.2
12_0505,12,Florida,_,Mill Existing Pavement and Overlay with Hot-Mix Recycled AC,asphalt_overlay,2014,9,8,20.0,0.0,-20.0,15.875,0.0,-15.875,-4.125
12_0506,12,Florida,_,Mill Existing Pavement and Overlay with Hot-Mix Recycled AC,asphalt_overlay,2014,14,14,16.0,0.0,-16.0,17.642857142857142,0.0,-17.642857142857142,1.6428571428571423
12_0507,12,Florida,_,Mill Existing Pavement and Overlay with Hot-Mix Recycled AC,asphalt_overlay,2014,15,14,3.0,0.0,-3.0,18.571428571428573,0.0,-18.571428571428573,15.571428571428573
12_0508,12,Florida,_,Mill Existing Pavement and Overlay with Hot-Mix Recycled AC,asphalt_overlay,2014,8,8,9.0,0.0,-9.0,17.125,0.0,-17.125,8.125
12_0509,12,Florida,_,Mill Existing Pavement and Overlay with Hot-Mix Recycled AC,asphalt_overlay,2014,10,10,9.0,0.0,-9.0,15.4,0.0,-15.4,6.4
12_0561,12,Florida,_,Mill Existing Pavement and Overlay with Hot-Mix Recycled AC,asphalt_overlay,2014,8,8,30.0,0.0,-30.0,14.5,0.0,-14.5,-15.5
12_0562,12,Florida,_,Mill Existing Pavement and Overlay with Hot-Mix Recycled AC,asphalt_overlay,2014,10,9,14.0,0.0,-14.0,15.777777777777779,0.0,-15.777777777777779,1.7777777777777786
12_0563,12,Florida,_,Mill Existing Pavement and Overlay with Hot-Mix Recycled AC,asphalt_overlay,2014,9,8,9.0,0.0,-9.0,17.25,0.0,-17.25,8.25
12_0564,12,Florida,_,Mill Existing Pavement and Overlay with Hot-Mix Recycled AC,asphalt_overlay,2014,9,8,15.0,0.0,-15.0,16.5,0.0,-16.5,1.5
12_0565,12,Florida,_,Mill Existing Pavement and Overlay with Hot-Mix Recycled AC,asphalt_overlay,2014,9,9,9.0,0.0,-9.0,15.555555555555555,0.0,-15.555555555555555,6.555555555555555
12_0566,12,Florida,_,Mill Existing Pavement and Overlay with Hot-Mix Recycled AC,asphalt_overlay,2014,15,14,11.0,0.0,-11.0,18.0,0.0,-18.0,7.0
12_1030,12,Florida,3_1,Mill Existing Pavement and Overlay with Hot-Mix Recycled AC,asphalt_overlay,2014,9,8,56.0,0.0,-56.0,11.375,0.0,-11.375,-44.625
40_0114,40,Oklahoma,_,Mill Off AC and Overlay with AC,asphalt_overlay,2014,8,8,47.0,0.0,-47.0,16.375,0.0,-16.375,-30.625
40_0115,40,Oklahoma,_,Mill Off AC and Overlay with AC,asphalt_overlay,2014,11,9,17.0,0.0,-17.0,17.88888888888889,0.0,-17.88888888888889,0.8888888888888893
40_0116,40,Oklahoma,_,Mill Off AC and Overlay with AC,asphalt_overlay,2014,10,9,48.0,0.0,-48.0,14.444444444444445,0.0,-14.444444444444445,-33.55555555555556
40_0117,40,Oklahoma,_,Mill Off AC and Overlay with AC,asphalt_overlay,2014,12,10,24.0,0.0,-24.0,15.4,0.0,-15.4,-8.6
40_0119,40,Oklahoma,_,Mill Off AC and Overlay with AC,asphalt_overlay,2014,8,6,38.0,0.0,-38.0,13.666666666666666,0.0,-13.666666666666666,-24.333333333333336
40_0120,40,Oklahoma,_,Mill Off AC and Overlay with AC,asphalt_overlay,2014,11,9,49.0,0.0,-49.0,13.555555555555555,0.0,-13.555555555555555,-35.44444444444444
40_0121,40,Oklahoma,_,Mill Off AC and Overlay with AC,asphalt_overlay,2014,10,8,33.0,0.0,-33.0,17.25,0.0,-17.25,-15.75
40_0123,40,Oklahoma,_,Mill Off AC and Overlay with AC,asphalt_overlay,2014,9,7,28.0,0.0,-28.0,15.0,0.0,-15.0,-13.0
40_0124,40,Oklahoma,_,Mill Off AC and Overlay with AC,asphalt_overlay,2014,9,7,23.0,0.0,-23.0,15.714285714285714,0.0,-15.714285714285714,-7.2857142857142865
40_0160,40,Oklahoma,_,Mill Off AC and Overlay with AC,asphalt_overlay,2014,8,8,0.0,0.0,0.0,22.25,0.0,-22.25,22.25
1_0506,1,Alabama,_,"AC Shoulder Restoration, Mill Existing Pavement and Overlay with Hot-Mix Recycled AC",asphalt_overlay,2013,9,8,26.0,0.0,-26.0,37.875,31.875,-6.0,-20.0
37_1992,37,North Carolina,3_421,"AC Shoulder Restoration, Mill Existing Pavement and Overlay with Hot-Mix Recycled AC",asphalt_overlay,2011,9,1,31.0,0.0,-31.0,10.0,13.0,3.0,-34.0
51_0114,51,Virginia,_,"AC Shoulder Restoration, Hot-Mix Recycled Asphalt Concrete Overlay",asphalt_overlay,2011,8,8,54.0,0.0,-54.0,40.375,0.0,-40.375,-13.625
51_0115,51,Virginia,_,"AC Shoulder Restoration, Hot-Mix Recycled Asphalt Concrete Overlay",asphalt_overlay,2011,10,7,25.0,0.0,-25.0,43.714285714285715,0.0,-43.714285714285715,18.714285714285715
51_0116,51,Virginia,_,"AC Shoulder Restoration, Hot-Mix Recycled Asphalt Concrete Overlay",asphalt_overlay,2011,14,11,45.0,0.0,-45.0,41.63636363636363,0.0,-41.63636363636363,-3.363636363636367
51_0117,51,Virginia,_,"AC Shoulder Restoration, Hot-Mix Recycled Asphalt Concrete Overlay",asphalt_overlay,2011,10,7,50.0,0.0,-50.0,40.142857142857146,0.0,-40.142857142857146,-9.857142857142854
51_0118,51,Virginia,_,"AC Shoulder Restoration, Hot-Mix Recycled Asphalt Concrete Overlay",asphalt_overlay,2011,10,7,51.0,0.0,-51.0,40.0,0.0,-40.0,-11.0
51_0119,51,Virginia,_,"AC Shoulder Restoration, Hot-Mix Recycled Asphalt Concrete Overlay",asphalt_overlay,2011,12,11,30.0,0.0,-30.0,43.0,0.0,-43.0,13.0
51_0120,51,Virginia,_,"AC Shoulder Restoration, Hot-Mix Recycled Asphalt Concrete Overlay",asphalt_overlay,2011,8,8,33.0,0.0,-33.0,43.0,0.0,-43.0,10.0
51_0121,51,Virginia,_,"AC Shoulder Restoration, Hot-Mix Recycled Asphalt Concrete Overlay",asphalt_overlay,2011,8,8,37.0,0.0,-37.0,42.5,0.0,-42.5,5.5
51_0122,51,Virginia,_,"AC Shoulder Restoration, Hot-Mix Recycled Asphalt Concrete Overlay",asphalt_overlay,2011,13,11,42.0,0.0,-42.0,41.90909090909091,0.0,-41.90909090909091,-0.09090909090909349
51_0123,51,Virginia,_,"AC Shoulder Restoration, Hot-Mix Recycled Asphalt Concrete Overlay",asphalt_overlay,2011,14,11,42.0,0.0,-42.0,41.90909090909091,0.0,-41.90909090909091,-0.09090909090909349
51_0124,51,Virginia,_,"AC Shoulder Restoration, Hot-Mix Recycled Asphalt Concrete Overlay",asphalt_overlay,2011,14,11,46.0,0.0,-46.0,41.54545454545455,0.0,-41.54545454545455,-4.454545454545453
51_0159,51,Virginia,_,"AC Shoulder Restoration, Hot-Mix Recycled Asphalt Concrete Overlay",asphalt_overlay,2011,8,8,48.0,0.0,-48.0,41.125,0.0,-41.125,-6.875
39_0901,39,Ohio,_,"AC Shoulder Restoration, Mill Existing Pavement and Overlay with Hot-Mix Recycled AC",asphalt_overlay,2012,10,4,0.0,0.0,0.0,14.25,0.75,-13.5,13.5
39_0160,39,Ohio,_,Crack Sealing,crack_sealing,2012,9,4,54.0,0.0,-54.0,3.0,3.0,0.0,-54.0
18_5528,18,Indiana,4_2,"AC Shoulder Restoration, Full Depth Patch of AC Pavement (removing damaged material, repairing supporting material, and repairing), Mill Off AC and Overlay with AC",asphalt_overlay,2003,1,1,36.0,0.0,-36.0,30.0,0.0,-30.0,-6.0
39_4018,39,Ohio,2_675,Hot-Mix Recycled Asphalt Concrete Overlay,asphalt_overlay,2003,5,1,100.0,0.0,-100.0,95.0,67.0,-28.0,-72.0
18_5538,18,Indiana,4_2,"AC Shoulder Restoration, Asphalt Concrete Overlay, Full Depth Patch of AC Pavement (removing damaged material, repairing supporting material, and repairing)",asphalt_overlay,2003,1,1,30.0,0.0,-30.0,36.0,0.0,-36.0,6.0
37_2824,37,North Carolina,3_421,Asphalt Concrete Overlay,asphalt_overlay,2003,8,7,4.0,0.0,-4.0,1.4285714285714286,12.285714285714286,10.857142857142858,-14.857142857142858
37_1352,37,North Carolina,3_52,"AC Shoulder Replacement, Full Depth Patch of AC Pavement (removing damaged material, repairing supporting material, and repairing), Hot-Mix Recycled Asphalt Concrete Overlay",asphalt_overlay,2003,9,9,23.0,0.0,-23.0,0.0,0.0,0.0,-23.0
26_0115,26,Michigan,_,Crack Sealing,crack_sealing,2004,9,3,0.0,4.0,4.0,0.0,2.0,2.0,2.0
26_0116,26,Michigan,_,Crack Sealing,crack_sealing,2004,8,2,0.0,0.0,0.0,0.0,2.5,2.5,-2.5
26_0117,26,Michigan,_,Crack Sealing,crack_sealing,2004,9,3,0.0,1.0,1.0,0.0,3.0,3.0,-2.0
26_0123,26,Michigan,_,Crack Sealing,crack_sealing,2004,13,4,0.0,5.0,5.0,0.0,1.25,1.25,3.75
26_0124,26,Michigan,_,Crack Sealing,crack_sealing,2004,12,4,0.0,0.0,0.0,0.0,2.5,2.5,-2.5
18_5043,18,Indiana,4_66,"Surface Treatment, Single Layer",seal_coat,2014,6,3,53.0,0.0,-53.0,1.6666666666666667,8.666666666666666,6.999999999999999,-60.0
48_0113,48,Texas,_,Manual Premix Spot Patch (hand spreading and compacting with roller),patching,2006,11,8,0.0,21.0,21.0,0.75,18.0,17.25,3.75
48_0117,48,Texas,_,Manual Premix Spot Patch (hand spreading and compacting with roller),patching,2006,9,7,0.0,18.0,18.0,0.7142857142857143,17.142857142857142,16.428571428571427,1.571428571428573
48_0118,48,Texas,_,Manual Premix Spot Patch (hand spreading and compacting with roller),patching,2006,10,7,0.0,15.0,15.0,0.7142857142857143,17.571428571428573,16.857142857142858,-1.8571428571428577
48_0120,48,Texas,_,Manual Premix Spot Patch (hand spreading and compacting with roller),patching,2006,10,3,1.0,8.0,7.0,1.3333333333333333,19.0,17.666666666666668,-10.666666666666668
48_0122,48,Texas,_,Manual Premix Spot Patch (hand spreading and compacting with roller),patching,2006,8,7,3.0,21.0,18.0,0.2857142857142857,16.714285714285715,16.42857142857143,1.5714285714285694
48_0123,48,Texas,_,Manual Premix Spot Patch (hand spreading and compacting with roller),patching,2006,8,7,1.0,14.0,13.0,0.5714285714285714,17.714285714285715,17.142857142857142,-4.142857142857142
48_0124,48,Texas,_,Manual Premix Spot Patch (hand spreading and compacting with roller),patching,2006,14,7,0.0,21.0,21.0,0.7142857142857143,16.714285714285715,16.0,5.0
48_0115,48,Texas,_,"AC Shoulder Restoration, Mill Off AC and Overlay with AC",asphalt_overlay,2002,14,9,0.0,0.0,0.0,7.666666666666667,0.0,-7.666666666666667,7.666666666666667
48_0116,48,Texas,_,"AC Shoulder Restoration, Mill Off AC and Overlay with AC",asphalt_overlay,2002,14,9,0.0,0.0,0.0,7.666666666666667,0.0,-7.666666666666667,7.666666666666667
48_0119,48,Texas,_,"AC Shoulder Restoration, Mill Off AC and Overlay with AC",asphalt_overlay,2002,9,9,0.0,0.0,0.0,1.8888888888888888,0.1111111111111111,-1.7777777777777777,1.7777777777777777
53_1005,53,Washington,2_90,Mill Off AC and Overlay with AC,asphalt_overlay,2001,8,8,2.0,0.0,-2.0,1.125,1.5,0.375,-2.375
20_0104,20,Kansas,_,Mill Off AC and Overlay with AC,asphalt_overlay,2001,9,7,29.0,0.0,-29.0,27.428571428571427,1.2857142857142858,-26.142857142857142,-2.8571428571428577
20_0106,20,Kansas,_,Mill Off AC and Overlay with AC,asphalt_overlay,2001,8,5,20.0,1.0,-19.0,35.6,2.2,-33.4,14.399999999999999
20_0108,20,Kansas,_,Mill Off AC and Overlay with AC,asphalt_overlay,2001,12,9,21.0,1.0,-20.0,30.0,2.111111111111111,-27.88888888888889,7.888888888888889
20_0109,20,Kansas,_,Mill Off AC and Overlay with AC,asphalt_overlay,2001,14,9,54.0,0.0,-54.0,26.333333333333332,2.2222222222222223,-24.11111111111111,-29.88888888888889
20_0110,20,Kansas,_,Mill Off AC and Overlay with AC,asphalt_overlay,2001,14,9,38.0,0.0,-38.0,28.11111111111111,2.2222222222222223,-25.88888888888889,-12.11111111111111
20_0111,20,Kansas,_,Mill Off AC and Overlay with AC,asphalt_overlay,2001,10,7,0.0,0.0,0.0,31.571428571428573,1.2857142857142858,-30.28571428571429,30.28571428571429
20_0112,20,Kansas,_,Mill Off AC and Overlay with AC,asphalt_overlay,2001,14,9,15.0,0.0,-15.0,30.666666666666668,2.2222222222222223,-28.444444444444446,13.444444444444446
54_1640,54,West Virginia,3_119,"AC Shoulder Replacement, Mill Off AC and Overlay with AC",asphalt_overlay,2001,3,2,3.0,0.0,-3.0,0.0,0.0,0.0,-3.0
48_5287,48,Texas,2_820,Crack Sealing,crack_sealing,2002,8,1,0.0,0.0,0.0,0.0,0.0,0.0,0.0
47_2008,47,Tennessee,3_45,Asphalt Concrete Overlay,asphalt_overlay,2001,8,8,9.0,0.0,-9.0,0.125,0.875,0.75,-9.75
30_0504,30,Montana,_,"Aggregate Seal Coat, Mill Off AC and Overlay with AC",asphalt_overlay,2001,11,11,0.0,0.0,0.0,23.454545454545453,0.0,-23.454545454545453,23.454545454545453
30_0505,30,Montana,_,"Aggregate Seal Coat, Mill Off AC and Overlay with AC",asphalt_overlay,2001,8,8,1.0,0.0,-1.0,19.25,0.0,-19.25,18.25
30_0506,30,Montana,_,"Aggregate Seal Coat, Mill Off AC and Overlay with AC",asphalt_overlay,2001,11,11,1.0,0.0,-1.0,23.363636363636363,0.0,-23.363636363636363,22.363636363636363
30_0507,30,Montana,_,"Aggregate Seal Coat, Mill Off AC and Overlay with AC",asphalt_overlay,2001,11,11,0.0,0.0,0.0,23.454545454545453,0.0,-23.454545454545453,23.454545454545453
30_0508,30,Montana,_,"Aggregate Seal Coat, Mill Off AC and Overlay with AC",asphalt_overlay,2001,11,11,50.0,0.0,-50.0,18.90909090909091,0.0,-18.90909090909091,-31.09090909090909
30_0509,30,Montana,_,"Aggregate Seal Coat, Mill Off AC and Overlay with AC",asphalt_overlay,2001,11,11,54.0,0.0,-54.0,18.545454545454547,0.0,-18.545454545454547,-35.45454545454545
30_0560,30,Montana,_,"Aggregate Seal Coat, Mill Off AC and Overlay with AC",asphalt_overlay,2001,8,8,23.0,0.0,-23.0,29.125,0.0,-29.125,6.125
30_7066,30,Montana,2_90,"Aggregate Seal Coat, Mill Off AC and Overlay with AC",asphalt_overlay,2001,8,8,0.0,0.0,0.0,19.375,0.0,-19.375,19.375
30_7088,30,Montana,2_90,"Aggregate Seal Coat, Mill Off AC and Overlay with AC",asphalt_overlay,2001,8,8,1.0,0.0,-1.0,19.25,0.0,-19.25,18.25
6_7456,6,California,2_5,Crack Sealing,crack_sealing,2013,9,2,0.0,4.0,4.0,7.5,9.0,1.5,2.5
16_1001,16,Idaho,3_95,Asphalt Concrete Overlay,asphalt_overlay,2000,8,2,19.0,0.0,-19.0,6.5,0.5,-6.0,-13.0
48_5274,48,Texas,2_20,Asphalt Concrete Overlay,asphalt_overlay,2000,9,6,0.0,0.0,0.0,0.5,0.3333333333333333,-0.16666666666666669,0.16666666666666669
37_1803,37,North Carolina,3_74,Asphalt Concrete Overlay,asphalt_overlay,2000,2,2,39.0,26.0,-13.0,25.5,32.5,7.0,-20.0
48_3835,48,Texas,4_6,"Asphalt Concrete Overlay, Aggregate Seal Coat",asphalt_overlay,2000,3,2,19.0,0.0,-19.0,0.0,0.0,0.0,-19.0
6_8150,6,California,4_210,"Grinding Surface, Asphalt Concrete Overlay",asphalt_overlay,1999,2,2,46.0,0.0,-46.0,1.5,7.0,5.5,-51.5
51_1002,51,Virginia,4_8,Asphalt Concrete Overlay,asphalt_overlay,1999,1,1,9.0,0.0,-9.0,0.0,47.0,47.0,-56.0
6_0201,6,California,_,Partial Depth Patching of PCC Pavement Other Than at Joint,patching,2007,9,8,52.0,58.0,6.0,11.25,11.625,0.375,5.625
6_0204,6,California,_,"Transverse Joint Sealing, Lane-Shoulder Longitudinal Joint Sealing",crack_sealing,2007,15,15,0.0,0.0,0.0,11.866666666666667,13.266666666666667,1.4000000000000004,-1.4000000000000004
6_0205,6,California,_,Partial Depth Patching of PCC Pavement Other Than at Joint,patching,2013,8,8,64.0,58.0,-6.0,18.25,17.875,-0.375,-5.625
6_0209,6,California,_,Partial depth patching of PCC pavements at joints,patching,2012,8,8,0.0,0.0,0.0,26.25,26.25,0.0,0.0
6_0811,6,California,_,Partial Depth Patching of PCC Pavement Other Than at Joint,patching,2009,9,9,9.0,6.0,-3.0,19.88888888888889,21.333333333333332,1.4444444444444429,-4.444444444444443
6_0210,6,California,_,"Transverse Joint Sealing, Lane-Shoulder Longitudinal Joint Sealing",crack_sealing,2007,10,10,0.0,0.0,0.0,8.7,10.5,1.8000000000000007,-1.8000000000000007
6_0203,6,California,_,Grinding Surface,grinding,2004,8,8,3.0,3.0,0.0,9.375,9.375,0.0,0.0
6_0208,6,California,_,Lane-Shoulder Longitudinal Joint Sealing,crack_sealing,2004,8,8,3.0,6.0,3.0,15.75,17.0,1.25,1.75
48_3855,48,Texas,4_71,Asphalt Concrete Overlay,asphalt_overlay,1998,3,2,22.0,0.0,-22.0,0.5,1.0,0.5,-22.5
10_1450,10,Delaware,3_113,"AC Shoulder Restoration, Hot-Mix Recycled Asphalt Concrete Overlay",asphalt_overlay,1998,8,7,4.0,0.0,-4.0,0.0,0.0,0.0,-4.0
48_9005,48,Texas,10_1560,Crack Sealing,crack_sealing,2004,10,4,2.0,6.0,4.0,4.0,10.5,6.5,-2.5
13_4112,13,Georgia,2_95,Asphalt Concrete Overlay,asphalt_overlay,1998,8,1,0.0,0.0,0.0,5.0,0.0,-5.0,5.0
13_4113,13,Georgia,2_95,Asphalt Concrete Overlay,asphalt_overlay,1998,2,1,5.0,0.0,-5.0,0.0,0.0,0.0,-5.0
13_7028,13,Georgia,2_85,Mill Off AC and Overlay with AC,asphalt_overlay,1998,2,1,0.0,0.0,0.0,0.0,0.0,0.0,0.0
27_6251,27,Minnesota,3_2,Crack Sealing,crack_sealing,2001,9,1,0.0,0.0,0.0,0.0,2.0,2.0,-2.0
27_1023,27,Minnesota,3_2,Crack Sealing,crack_sealing,2001,12,1,0.0,2.0,2.0,0.0,0.0,0.0,2.0
28_1001,28,Mississippi,3_45,"Patch Pot Holes - Hand Spread, Compacted with Truck",patching,2002,2,2,30.0,56.0,26.0,2.0,3.5,1.5,24.5
56_2020,56,Wyoming,2_90,Aggregate Seal Coat,seal_coat,1999,1,1,0.0,0.0,0.0,0.0,0.0,0.0,0.0
6_7491,6,California,2_40,,unknown,2011,4,1,20.0,24.0,4.0,17.0,50.0,33.0,-29.0
29_A603,29,Missouri,4_8,Crack Sealing,crack_sealing,2004,8,7,0.0,0.0,0.0,12.714285714285714,13.428571428571429,0.7142857142857153,-0.7142857142857153
29_A604,29,Missouri,4_8,Crack Sealing,crack_sealing,2004,8,7,0.0,0.0,0.0,12.714285714285714,13.428571428571429,0.7142857142857153,-0.7142857142857153
29_A606,29,Missouri,4_8,Crack Sealing,crack_sealing,2004,8,7,0.0,1.0,1.0,12.714285714285714,13.285714285714286,0.571428571428573,0.42857142857142705
29_A607,29,Missouri,4_8,Crack Sealing,crack_sealing,2004,8,7,0.0,2.0,2.0,12.714285714285714,13.142857142857142,0.4285714285714288,1.5714285714285712
29_A601,29,Missouri,4_8,Lane-Shoulder Longitudinal Joint Sealing,crack_sealing,2001,8,7,72.0,72.0,0.0,2.0,2.4285714285714284,0.4285714285714284,-0.4285714285714284
29_A602,29,Missouri,4_8,Lane-Shoulder Longitudinal Joint Sealing,crack_sealing,2001,8,7,10.0,10.0,0.0,10.857142857142858,11.285714285714286,0.4285714285714288,-0.4285714285714288
1_0606,1,Alabama,_,Manual Premix Spot Patch (hand spreading and compacting with roller),patching,2006,10,8,1.0,3.0,2.0,8.625,22.625,14.0,-12.0
1_0607,1,Alabama,_,"Full Depth Patch of AC Pavement (removing damaged material, repairing supporting material, and repairing)",patching,2001,10,10,5.0,12.0,7.0,0.8,3.3,2.5,4.5
1_0661,1,Alabama,_,"Full Depth Patch of AC Pavement (removing damaged material, repairing supporting material, and repairing)",patching,2001,10,10,4.0,17.0,13.0,0.9,2.8,1.9,11.1
30_0113,30,Montana,_,Aggregate Seal Coat,seal_coat,2004,8,8,36.0,22.0,-14.0,29.375,1.5,-27.875,13.875
30_0114,30,Montana,_,Aggregate Seal Coat,seal_coat,2004,10,10,41.0,0.0,-41.0,33.8,6.8,-26.999999999999996,-14.000000000000004
30_0115,30,Montana,_,Aggregate Seal Coat,seal_coat,2004,8,8,41.0,1.0,-40.0,28.75,4.125,-24.625,-15.375
30_0116,30,Montana,_,Aggregate Seal Coat,seal_coat,2004,8,8,18.0,0.0,-18.0,31.625,4.25,-27.375,9.375
30_0117,30,Montana,_,Aggregate Seal Coat,seal_coat,2004,8,8,40.0,1.0,-39.0,28.875,4.125,-24.75,-14.25
30_0118,30,Montana,_,Aggregate Seal Coat,seal_coat,2004,8,8,18.0,0.0,-18.0,31.625,4.25,-27.375,9.375
30_0119,30,Montana,_,Aggregate Seal Coat,seal_coat,2004,14,11,32.0,9.0,-23.0,36.18181818181818,6.2727272727272725,-29.909090909090907,6.9090909090909065
30_0120,30,Montana,_,Aggregate Seal Coat,seal_coat,2004,9,6,54.0,17.0,-37.0,37.166666666666664,6.166666666666667,-30.999999999999996,-6.0000000000000036
30_0121,30,Montana,_,Aggregate Seal Coat,seal_coat,2004,8,5,51.0,10.0,-41.0,37.0,8.8,-28.2,-12.8
30_0122,30,Montana,_,Aggregate Seal Coat,seal_coat,2004,9,6,54.0,17.0,-37.0,37.166666666666664,6.166666666666667,-30.999999999999996,-6.0000000000000036
30_0123,30,Montana,_,Aggregate Seal Coat,seal_coat,2004,14,11,30.0,0.0,-30.0,36.36363636363637,7.090909090909091,-29.272727272727277,-0.7272727272727231
30_0124,30,Montana,_,Aggregate Seal Coat,seal_coat,2004,14,11,15.0,1.0,-14.0,37.72727272727273,7.0,-30.727272727272727,16.727272727272727
34_1033,34,New Jersey,3_202,"Surface Treatment, Single Layer",seal_coat,2003,9,7,54.0,8.0,-46.0,18.0,21.571428571428573,3.571428571428573,-49.57142857142857
4_1017,4,Arizona,2_19,Mill Off AC and Overlay with AC,asphalt_overlay,1997,14,4,23.0,0.0,-23.0,25.75,5.5,-20.25,-2.75
55_0805,55,Wisconsin,_,Crack Sealing,crack_sealing,2021,8,1,44.0,47.0,3.0,39.0,44.0,5.0,-2.0
55_0264,55,Wisconsin,_,Partial depth patching of PCC pavements at joints,patching,2020,8,8,0.0,0.0,0.0,0.0,0.0,0.0,0.0
55_0265,55,Wisconsin,_,Partial depth patching of PCC pavements at joints,patching,2020,8,8,0.0,0.0,0.0,0.0,0.0,0.0,0.0
55_0217,55,Wisconsin,_,Partial depth patching of PCC pavements at joints,patching,2018,8,8,0.0,0.0,0.0,0.0,0.0,0.0,0.0
24_0508,24,Maryland,_,Mill Off AC and Overlay with AC,asphalt_overlay,1996,13,13,0.0,0.0,0.0,0.15384615384615385,2.6153846153846154,2.4615384615384617,-2.4615384615384617
24_0503,24,Maryland,_,Mill Off AC and Overlay with AC,asphalt_overlay,1996,8,8,0.0,0.0,0.0,0.125,2.125,2.0,-2.0
24_0502,24,Maryland,_,Mill Off AC and Overlay with AC,asphalt_overlay,1996,8,8,0.0,0.0,0.0,0.125,2.125,2.0,-2.0
10_0105,10,Delaware,_,Manual Premix Spot Patch (hand spreading and compacting with roller),patching,2005,9,8,47.0,53.0,6.0,35.125,52.625,17.5,-11.5
37_1801,37,North Carolina,2_40,Crack Sealing,crack_sealing,2002,2,2,0.0,0.0,0.0,4.0,15.5,11.5,-11.5
28_3087,28,Mississippi,4_7,Asphalt Concrete Overlay,asphalt_overlay,2012,8,4,54.0,0.0,-54.0,21.5,15.25,-6.25,-47.75
4_1002,4,Arizona,2_40,Mill Off AC and Overlay with AC,asphalt_overlay,1996,3,2,0.0,0.0,0.0,4.5,4.0,-0.5,0.5
37_1802,37,North Carolina,10_1195,Asphalt Concrete Overlay,asphalt_overlay,1996,2,1,47.0,38.0,-9.0,0.0,0.0,0.0,-9.0
4_1022,4,Arizona,2_40,Mill Off AC and Overlay with AC,asphalt_overlay,1996,8,2,0.0,0.0,0.0,6.0,1.5,-4.5,4.5
49_0803,49,Utah,_,"Patch Pot Holes - Hand Spread, Compacted with Truck",patching,2014,8,2,1.0,1.0,0.0,15.5,22.0,6.5,-6.5
49_0804,49,Utah,_,"Patch Pot Holes - Hand Spread, Compacted with Truck",patching,2014,8,2,1.0,1.0,0.0,15.5,22.0,6.5,-6.5
40_0118,40,Oklahoma,_,Manual Premix Spot Patch (hand spreading and compacting with roller),patching,2005,9,8,4.0,9.0,5.0,3.875,6.25,2.375,2.625
29_0902,29,Missouri,_,"AC Shoulder Restoration, Asphalt Concrete Overlay",asphalt_overlay,1996,8,8,31.0,0.0,-31.0,7.875,0.125,-7.75,-23.25
29_0903,29,Missouri,_,"AC Shoulder Restoration, Asphalt Concrete Overlay",asphalt_overlay,1996,8,8,0.0,0.0,0.0,11.75,0.125,-11.625,11.625
29_0962,29,Missouri,_,"AC Shoulder Restoration, Asphalt Concrete Overlay",asphalt_overlay,1996,8,8,25.0,0.0,-25.0,8.625,0.125,-8.5,-16.5
29_0963,29,Missouri,_,"AC Shoulder Restoration, Asphalt Concrete Overlay",asphalt_overlay,1996,8,8,0.0,0.0,0.0,11.75,0.125,-11.625,11.625
29_0964,29,Missouri,_,"AC Shoulder Restoration, Asphalt Concrete Overlay",asphalt_overlay,1996,8,8,24.0,0.0,-24.0,8.75,0.125,-8.625,-15.375
29_0901,29,Missouri,_,"AC Shoulder Restoration, Asphalt Concrete Overlay",asphalt_overlay,1996,8,8,6.0,1.0,-5.0,11.0,10.0,-1.0,-4.0
29_0959,29,Missouri,_,"AC Shoulder Restoration, Asphalt Concrete Overlay",asphalt_overlay,1996,8,8,0.0,0.0,0.0,11.75,10.125,-1.625,1.625
29_0960,29,Missouri,_,"AC Shoulder Restoration, Asphalt Concrete Overlay",asphalt_overlay,1996,8,8,8.0,0.0,-8.0,10.75,10.125,-0.625,-7.375
29_0961,29,Missouri,_,"AC Shoulder Restoration, Asphalt Concrete Overlay",asphalt_overlay,1996,8,8,0.0,0.0,0.0,11.75,10.125,-1.625,1.625
35_0502,35,New Mexico,_,Manual Premix Spot Patch (hand spreading and compacting with roller),patching,2004,9,5,1.0,1.0,0.0,0.6,1.2,0.6,-0.6
35_0504,35,New Mexico,_,"Patch Pot Holes - Hand Spread, Compacted with Truck",patching,2003,14,13,0.0,1.0,1.0,4.538461538461538,5.0,0.4615384615384617,0.5384615384615383
35_0901,35,New Mexico,_,Asphalt Concrete Overlay,asphalt_overlay,1996,8,8,0.0,0.0,0.0,0.0,0.0,0.0,0.0
35_0902,35,New Mexico,_,Asphalt Concrete Overlay,asphalt_overlay,1996,8,8,0.0,0.0,0.0,0.0,0.0,0.0,0.0
35_0903,35,New Mexico,_,Asphalt Concrete Overlay,asphalt_overlay,1996,8,8,0.0,0.0,0.0,0.0,0.0,0.0,0.0
35_0959,35,New Mexico,_,Asphalt Concrete Overlay,asphalt_overlay,1996,8,8,0.0,0.0,0.0,0.0,0.0,0.0,0.0
35_0506,35,New Mexico,_,"Asphalt Concrete Overlay, Surface Treatment, Single Layer",asphalt_overlay,1996,9,7,10.0,0.0,-10.0,0.14285714285714285,0.0,-0.14285714285714285,-9.857142857142858
35_0507,35,New Mexico,_,"Asphalt Concrete Overlay, Surface Treatment, Single Layer",asphalt_overlay,1996,10,8,1.0,0.0,-1.0,1.25,0.0,-1.25,0.25
35_0508,35,New Mexico,_,"Asphalt Concrete Overlay, Hot-Mix Recycled Asphalt Concrete Overlay",asphalt_overlay,1996,14,12,0.0,0.0,0.0,0.9166666666666666,0.0,-0.9166666666666666,0.9166666666666666
35_0509,35,New Mexico,_,"Asphalt Concrete Overlay, Hot-Mix Recycled Asphalt Concrete Overlay",asphalt_overlay,1996,10,10,0.0,0.0,0.0,1.1,0.0,-1.1,1.1
35_0501,35,New Mexico,_,"Asphalt Concrete Overlay, Strip Patching (using spreader and distributor to apply hot liquid asphalt and aggregate), Surface Treatment, Single Layer",asphalt_overlay,1996,8,6,0.0,0.0,0.0,1.8333333333333333,0.0,-1.8333333333333333,1.8333333333333333
47_9025,47,Tennessee,4_96,"Asphalt Concrete Overlay, Mill Existing Pavement and Overlay with Hot-Mix Recycled AC",asphalt_overlay,1995,11,7,1.0,0.0,-1.0,0.0,0.5714285714285714,0.5714285714285714,-1.5714285714285714
47_3101,47,Tennessee,4_96,"Patch Pot Holes - Hand Spread, Compacted with Truck",patching,1998,11,7,0.0,0.0,0.0,0.42857142857142855,1.4285714285714286,1.0,-1.0
6_8153,6,California,4_227,"Surface Treatment, Single Layer",seal_coat,2001,1,1,31.0,37.0,6.0,48.0,54.0,6.0,0.0
31_7050,31,Nebraska,2_80,Crack Sealing,crack_sealing,1997,6,4,0.0,0.0,0.0,0.0,0.0,0.0,0.0
9_0962,9,Connecticut,_,Hot-Mix Recycled Asphalt Concrete Overlay,asphalt_overlay,1997,9,8,1.0,0.0,-1.0,7.0,6.25,-0.75,-0.25
9_0903,9,Connecticut,_,Asphalt Concrete Overlay,asphalt_overlay,1997,9,8,1.0,0.0,-1.0,8.0,6.375,-1.625,0.625
9_0902,9,Connecticut,_,Asphalt Concrete Overlay,asphalt_overlay,1997,9,8,1.0,0.0,-1.0,8.0,6.375,-1.625,0.625
9_0901,9,Connecticut,_,Asphalt Concrete Overlay,asphalt_overlay,1997,9,8,0.0,0.0,0.0,8.5,6.625,-1.875,1.875
9_0961,9,Connecticut,_,Hot-Mix Recycled Asphalt Concrete Overlay,asphalt_overlay,1997,9,8,0.0,0.0,0.0,9.5,6.625,-2.875,2.875
9_0960,9,Connecticut,_,Hot-Mix Recycled Asphalt Concrete Overlay,asphalt_overlay,1997,9,8,0.0,0.0,0.0,9.5,6.625,-2.875,2.875
8_A410,8,Colorado,3_287,Partial depth patching of PCC pavements at joints,patching,2000,8,8,0.0,0.0,0.0,,0.0,,
8_A411,8,Colorado,3_287,Partial depth patching of PCC pavements at joints,patching,1998,8,8,0.0,0.0,0.0,0.5,,,
8_A414,8,Colorado,3_287,Partial depth patching of PCC pavements at joints,patching,1998,8,8,0.0,0.0,0.0,0.0,0.0,0.0,0.0
18_6012,18,Indiana,2_64,"AC Shoulder Restoration, Mill Off AC and Overlay with AC",asphalt_overlay,2012,12,2,4.0,0.0,-4.0,22.5,26.5,4.0,-8.0
10_5005,10,Delaware,4_1,Crack Sealing,crack_sealing,2008,11,9,34.0,45.0,11.0,0.3333333333333333,0.6666666666666666,0.3333333333333333,10.666666666666666
47_9024,47,Tennessee,4_96,Crack Sealing,crack_sealing,2002,8,2,1.0,6.0,5.0,1.5,8.0,6.5,-1.5
4_B901,4,Arizona,2_10,"AC Shoulder Restoration, Asphalt Concrete Overlay",asphalt_overlay,1995,11,10,0.0,0.0,0.0,0.0,0.1,0.1,-0.1
4_B902,4,Arizona,2_10,"AC Shoulder Restoration, Asphalt Concrete Overlay",asphalt_overlay,1995,10,9,0.0,0.0,0.0,0.0,0.1111111111111111,0.1111111111111111,-0.1111111111111111
4_B903,4,Arizona,2_10,"AC Shoulder Restoration, Asphalt Concrete Overlay",asphalt_overlay,1995,10,9,0.0,0.0,0.0,0.0,0.1111111111111111,0.1111111111111111,-0.1111111111111111
4_B959,4,Arizona,2_10,"AC Shoulder Restoration, Asphalt Concrete Overlay",asphalt_overlay,1995,9,8,0.0,0.0,0.0,0.0,0.125,0.125,-0.125
4_B960,4,Arizona,2_10,"AC Shoulder Restoration, Asphalt Concrete Overlay",asphalt_overlay,1995,10,9,0.0,0.0,0.0,0.0,0.1111111111111111,0.1111111111111111,-0.1111111111111111
4_B961,4,Arizona,2_10,"AC Shoulder Restoration, Asphalt Concrete Overlay",asphalt_overlay,1995,10,9,0.0,0.0,0.0,0.0,0.1111111111111111,0.1111111111111111,-0.1111111111111111
4_B964,4,Arizona,2_10,"AC Shoulder Restoration, Asphalt Concrete Overlay",asphalt_overlay,1995,14,14,0.0,0.0,0.0,2.4285714285714284,3.642857142857143,1.2142857142857144,-1.2142857142857144
12_0902,12,Florida,_,Manual Premix Spot Patch (hand spreading and compacting with roller),patching,2004,3,2,0.0,0.0,0.0,0.0,0.0,0.0,0.0
31_0903,31,Nebraska,_,Manual Premix Spot Patch (hand spreading and compacting with roller),patching,2001,8,7,37.0,41.0,4.0,0.5714285714285714,3.7142857142857144,3.1428571428571432,0.8571428571428568
18_1037,18,Indiana,4_66,Crack Sealing,crack_sealing,2000,9,2,0.0,4.0,4.0,3.5,3.5,0.0,4.0
23_1028,23,Maine,3_2,Asphalt Concrete Overlay,asphalt_overlay,1994,1,1,2.0,0.0,-2.0,0.0,0.0,0.0,-2.0
47_1023,47,Tennessee,2_75,Asphalt Concrete Overlay,asphalt_overlay,1994,8,4,37.0,0.0,-37.0,2.5,9.25,6.75,-43.75
8_7035,8,Colorado,2_70,"Patch Pot Holes - Hand Spread, Compacted with Truck",patching,2008,9,8,6.0,5.0,-1.0,2.625,3.0,0.375,-1.375
34_1003,34,New Jersey,4_15,Manual Premix Spot Patch (hand spreading and compacting with roller),patching,2001,1,1,36.0,51.0,15.0,0.0,12.0,12.0,3.0
28_2807,28,Mississippi,4_6,Mill Off AC and Overlay with AC,asphalt_overlay,1994,11,6,22.0,1.0,-21.0,11.0,18.333333333333332,7.333333333333332,-28.333333333333332
39_0208,39,Ohio,_,"Full Depth Transverse Joint Repair Patch, Full Depth Patching of PCC Pavement Other Than at Joint, Joint Load Transfer Restoration in PCC Pavements",patching,2012,9,5,65.0,17.0,-48.0,13.2,1.8,-11.399999999999999,-36.6
39_0207,39,Ohio,_,"AC Shoulder Restoration, Other, PCC Slab Replacement",shoulder_restoration,2013,9,4,12.0,6.0,-6.0,16.25,6.5,-9.75,3.75
19_0217,19,Iowa,_,"Transverse Joint Sealing, Lane-Shoulder Longitudinal Joint Sealing, Full Depth Patching of PCC Pavement Other Than at Joint, PCC Slab Replacement",crack_sealing,2006,8,8,6.0,0.0,-6.0,0.0,0.375,0.375,-6.375
39_0159,39,Ohio,_,Crack Sealing,crack_sealing,2004,8,4,54.0,54.0,0.0,9.75,17.25,7.5,-7.5
19_0214,19,Iowa,_,Skin Patching (hand tools/hot pot to apply liquid asphalt and aggregate),patching,2020,12,10,24.0,29.0,5.0,0.3,0.3,0.0,5.0
19_0215,19,Iowa,_,Skin Patching (hand tools/hot pot to apply liquid asphalt and aggregate),patching,2020,12,10,0.0,0.0,0.0,2.7,3.2,0.5,-0.5
19_0219,19,Iowa,_,Skin Patching (hand tools/hot pot to apply liquid asphalt and aggregate),patching,2020,8,6,0.0,0.0,0.0,4.5,5.333333333333333,0.833333333333333,-0.833333333333333
19_0221,19,Iowa,_,Skin Patching (hand tools/hot pot to apply liquid asphalt and aggregate),patching,2020,8,8,0.0,0.0,0.0,3.375,4.0,0.625,-0.625
19_0213,19,Iowa,_,"Patch Pot Holes - Hand Spread, Compacted with Truck",patching,2019,12,10,0.0,0.0,0.0,0.9,2.7,1.8000000000000003,-1.8000000000000003
39_0203,39,Ohio,_,PCC Slab Replacement,reconstruction_or_major_rehab,2019,8,3,3.0,0.0,-3.0,9.0,8.666666666666666,-0.3333333333333339,-2.666666666666666
39_0260,39,Ohio,_,PCC Slab Replacement,reconstruction_or_major_rehab,2019,11,1,6.0,3.0,-3.0,59.0,6.0,-53.0,50.0
38_0259,38,North Dakota,_,Grinding Surface,grinding,2011,8,8,0.0,0.0,0.0,0.0,0.0,0.0,0.0
38_0260,38,North Dakota,_,Grinding Surface,grinding,2011,8,8,0.0,0.0,0.0,0.0,0.625,0.625,-0.625
38_0263,38,North Dakota,_,AC Shoulder Restoration,shoulder_restoration,2009,8,8,0.0,0.0,0.0,0.0,0.0,0.0,0.0
38_0213,38,North Dakota,_,"AC Shoulder Restoration, Lane-Shoulder Longitudinal Joint Sealing",crack_sealing,2001,11,8,0.0,0.0,0.0,0.75,0.75,0.0,0.0
38_0214,38,North Dakota,_,"AC Shoulder Restoration, Lane-Shoulder Longitudinal Joint Sealing",crack_sealing,2001,11,8,0.0,0.0,0.0,0.75,0.75,0.0,0.0
38_0215,38,North Dakota,_,"AC Shoulder Restoration, Lane-Shoulder Longitudinal Joint Sealing",crack_sealing,2001,8,6,0.0,0.0,0.0,1.0,1.0,0.0,0.0
38_0218,38,North Dakota,_,"AC Shoulder Restoration, Lane-Shoulder Longitudinal Joint Sealing",crack_sealing,2001,11,8,0.0,0.0,0.0,0.75,0.75,0.0,0.0
38_0219,38,North Dakota,_,"AC Shoulder Restoration, Lane-Shoulder Longitudinal Joint Sealing",crack_sealing,2001,14,10,0.0,0.0,0.0,0.6,0.6,0.0,0.0
38_0220,38,North Dakota,_,"AC Shoulder Restoration, Lane-Shoulder Longitudinal Joint Sealing",crack_sealing,2001,11,8,0.0,0.0,0.0,0.75,0.75,0.0,0.0
38_0221,38,North Dakota,_,"AC Shoulder Restoration, Lane-Shoulder Longitudinal Joint Sealing",crack_sealing,2001,8,4,0.0,0.0,0.0,0.0,0.0,0.0,0.0
38_0222,38,North Dakota,_,"AC Shoulder Restoration, Lane-Shoulder Longitudinal Joint Sealing",crack_sealing,2001,8,4,0.0,0.0,0.0,0.0,0.0,0.0,0.0
38_0223,38,North Dakota,_,"AC Shoulder Restoration, Lane-Shoulder Longitudinal Joint Sealing",crack_sealing,2001,13,9,0.0,0.0,0.0,0.6666666666666666,0.6666666666666666,0.0,0.0
38_0224,38,North Dakota,_,"AC Shoulder Restoration, Lane-Shoulder Longitudinal Joint Sealing",crack_sealing,2001,8,4,0.0,0.0,0.0,0.0,0.0,0.0,0.0
38_0216,38,North Dakota,_,Partial depth patching of PCC pavements at joints,patching,1999,10,10,0.0,0.0,0.0,0.6,0.6,0.0,0.0
38_0217,38,North Dakota,_,"Crack Sealing, Partial depth patching of PCC pavements at joints",crack_sealing,1998,11,1,9.0,6.0,-3.0,0.0,0.0,0.0,-3.0
18_5518,18,Indiana,2_65,"AC Shoulder Restoration, Asphalt Concrete Overlay",asphalt_overlay,1993,5,1,0.0,0.0,0.0,0.0,0.0,0.0,0.0
19_0107,19,Iowa,_,Strip Patching (using spreader and distributor to apply hot liquid asphalt and aggregate),patching,2001,8,8,13.0,13.0,0.0,10.5,0.5,-10.0,10.0
10_4002,10,Delaware,4_10,"AC Shoulder Restoration, Asphalt Concrete Overlay",asphalt_overlay,1993,8,1,0.0,0.0,0.0,9.0,0.0,-9.0,9.0
5_0216,5,Arkansas,_,"Transverse Joint Sealing, Lane-Shoulder Longitudinal Joint Sealing",crack_sealing,2002,8,8,0.0,0.0,0.0,8.75,9.125,0.375,-0.375
5_0221,5,Arkansas,_,"Transverse Joint Sealing, Lane-Shoulder Longitudinal Joint Sealing",crack_sealing,2002,8,8,0.0,0.0,0.0,8.75,9.125,0.375,-0.375
5_0217,5,Arkansas,_,"Crack Sealing, Partial depth patching of PCC pavements at joints",crack_sealing,2002,11,11,3.0,3.0,0.0,6.090909090909091,6.363636363636363,0.2727272727272725,-0.2727272727272725
5_0218,5,Arkansas,_,"Crack Sealing, Transverse Joint Sealing",crack_sealing,2002,12,12,64.0,64.0,0.0,0.5833333333333334,0.8333333333333334,0.25,-0.25
5_0220,5,Arkansas,_,Transverse Joint Sealing,crack_sealing,2002,11,11,0.0,0.0,0.0,6.363636363636363,6.636363636363637,0.2727272727272734,-0.2727272727272734
5_0213,5,Arkansas,_,Crack Sealing,crack_sealing,2002,8,8,3.0,6.0,3.0,8.375,8.375,0.0,3.0
29_7054,29,Missouri,2_44,Slurry Seal Coat,seal_coat,2002,5,5,0.0,0.0,0.0,17.0,15.0,-2.0,2.0
18_3003,18,Indiana,3_31,Asphalt Concrete Overlay,asphalt_overlay,1993,8,7,4.0,0.0,-4.0,0.0,0.14285714285714285,0.14285714285714285,-4.142857142857143
28_7012,28,Mississippi,2_20,Partial depth patching of PCC pavements at joints,patching,2000,1,1,0.0,0.0,0.0,0.0,0.0,0.0,0.0
6_8149,6,California,2_40,Slurry Seal Coat,seal_coat,2008,3,1,54.0,17.0,-37.0,11.0,20.0,9.0,-46.0
4_0218,4,Arizona,_,Partial Depth Patching of PCC Pavement Other Than at Joint,patching,2010,9,9,12.0,9.0,-3.0,2.3333333333333335,2.5555555555555554,0.22222222222222188,-3.222222222222222
4_0221,4,Arizona,_,"Partial depth patching of PCC pavements at joints, Partial Depth Patching of PCC Pavement Other Than at Joint",patching,2009,8,8,0.0,0.0,0.0,6.0,6.25,0.25,-0.25
8_0218,8,Colorado,_,Partial depth patching of PCC pavements at joints,patching,2008,11,11,3.0,6.0,3.0,3.5454545454545454,3.4545454545454546,-0.09090909090909083,3.090909090909091
27_3012,27,Minnesota,2_94,"Full Depth Transverse Joint Repair Patch, Full Depth Patching of PCC Pavement Other Than at Joint",patching,2013,12,2,0.0,0.0,0.0,0.0,2.0,2.0,-2.0
27_3007,27,Minnesota,2_94,Partial depth patching of PCC pavements at joints,patching,2011,11,2,0.0,4.0,4.0,0.0,0.0,0.0,4.0
27_3009,27,Minnesota,2_94,Partial depth patching of PCC pavements at joints,patching,2011,12,2,0.0,0.0,0.0,0.0,2.0,2.0,-2.0
4_0261,4,Arizona,_,"Patch Pot Holes - Hand Spread, Compacted with Truck",patching,2009,9,9,19.0,21.0,2.0,0.6666666666666666,1.3333333333333333,0.6666666666666666,1.3333333333333335
4_0260,4,Arizona,_,"Patch Pot Holes - Hand Spread, Compacted with Truck",patching,2007,12,9,8.0,9.0,1.0,0.0,0.3333333333333333,0.3333333333333333,0.6666666666666667
8_0215,8,Colorado,_,Partial depth patching of PCC pavements at joints,patching,2006,10,10,0.0,0.0,0.0,1.7,2.7,1.0000000000000002,-1.0000000000000002
8_0217,8,Colorado,_,Partial Depth Patching of PCC Pavement Other Than at Joint,patching,2010,16,16,0.0,0.0,0.0,2.75,2.9375,0.1875,-0.1875
26_0216,26,Michigan,_,Partial depth patching of PCC pavements at joints,patching,2008,13,6,0.0,0.0,0.0,0.8333333333333334,3.5,2.6666666666666665,-2.6666666666666665
26_0220,26,Michigan,_,Partial depth patching of PCC pavements at joints,patching,2008,14,6,0.0,0.0,0.0,0.8333333333333334,3.5,2.6666666666666665,-2.6666666666666665
26_0221,26,Michigan,_,Partial depth patching of PCC pavements at joints,patching,2008,9,4,0.0,0.0,0.0,0.0,0.0,0.0,0.0
26_0223,26,Michigan,_,Partial depth patching of PCC pavements at joints,patching,2008,14,6,0.0,0.0,0.0,0.8333333333333334,3.5,2.6666666666666665,-2.6666666666666665
26_0219,26,Michigan,_,Partial depth patching of PCC pavements at joints,patching,2003,9,6,0.0,0.0,0.0,0.5,2.1666666666666665,1.6666666666666665,-1.6666666666666665
32_0104,32,Nevada,_,"Patch Pot Holes - Hand Spread, Compacted with Truck",patching,2009,9,6,0.0,0.0,0.0,1.1666666666666667,1.3333333333333333,0.16666666666666652,-0.16666666666666652
32_0101,32,Nevada,_,"Patch Pot Holes - Hand Spread, Compacted with Truck",patching,2009,8,5,1.0,1.0,0.0,0.8,0.8,0.0,0.0
32_0108,32,Nevada,_,"Patch Pot Holes - Hand Spread, Compacted with Truck",patching,2009,12,8,1.0,1.0,0.0,0.875,1.0,0.125,-0.125
32_0107,32,Nevada,_,"Patch Pot Holes - Hand Spread, Compacted with Truck",patching,2006,10,7,2.0,2.0,0.0,0.7142857142857143,0.7142857142857143,0.0,0.0
5_0113,5,Arkansas,_,Manual Premix Spot Patch (hand spreading and compacting with roller),patching,2006,10,9,20.0,28.0,8.0,22.0,24.77777777777778,2.7777777777777786,5.222222222222221
5_0115,5,Arkansas,_,Manual Premix Spot Patch (hand spreading and compacting with roller),patching,2006,13,9,16.0,18.0,2.0,22.444444444444443,25.88888888888889,3.4444444444444464,-1.4444444444444464
5_0116,5,Arkansas,_,Manual Premix Spot Patch (hand spreading and compacting with roller),patching,2004,13,9,7.0,9.0,2.0,19.444444444444443,23.22222222222222,3.7777777777777786,-1.7777777777777786
5_0118,5,Arkansas,_,"Crack Sealing, Patch Pot Holes - Hand Spread, Compacted with Truck",crack_sealing,2004,13,8,22.0,28.0,6.0,16.625,20.375,3.75,2.25
5_0124,5,Arkansas,_,Crack Sealing,crack_sealing,2004,13,8,8.0,8.0,0.0,18.375,22.875,4.5,-4.5
27_1004,27,Minnesota,2_94,"Surface Treatment, Double Layer",seal_coat,2003,16,7,27.0,11.0,-16.0,0.7142857142857143,10.857142857142858,10.142857142857144,-26.142857142857146
27_1020,27,Minnesota,2_94,"Surface Treatment, Single Layer",seal_coat,2003,10,7,0.0,12.0,12.0,0.7142857142857143,12.571428571428571,11.857142857142858,0.14285714285714235
27_2023,27,Minnesota,2_94,Crack Sealing,crack_sealing,2003,11,7,0.0,12.0,12.0,0.7142857142857143,12.571428571428571,11.857142857142858,0.14285714285714235
27_2018,27,Minnesota,2_94,"Crack Sealing, Full Depth Patch of AC Pavement (removing damaged material, repairing supporting material, and repairing)",crack_sealing,2000,12,9,1.0,5.0,4.0,0.2222222222222222,3.0,2.7777777777777777,1.2222222222222223
4_0163,4,Arizona,_,Crack Sealing,crack_sealing,2002,10,10,1.0,1.0,0.0,24.9,23.9,-1.0,1.0
4_0116,4,Arizona,_,Slurry Seal Coat,seal_coat,2002,9,9,17.0,6.0,-11.0,24.444444444444443,23.333333333333332,-1.1111111111111107,-9.88888888888889
4_0118,4,Arizona,_,Slurry Seal Coat,seal_coat,2002,12,12,25.0,24.0,-1.0,17.666666666666668,15.583333333333334,-2.083333333333334,1.083333333333334
4_0122,4,Arizona,_,Slurry Seal Coat,seal_coat,2002,11,11,20.0,20.0,0.0,17.454545454545453,14.909090909090908,-2.545454545454545,2.545454545454545
4_0161,4,Arizona,_,Slurry Seal Coat,seal_coat,2002,10,10,23.0,16.0,-7.0,22.7,22.4,-0.3000000000000007,-6.699999999999999
4_0115,4,Arizona,_,Crack Sealing,crack_sealing,2002,9,6,16.0,19.0,3.0,20.833333333333332,20.833333333333332,0.0,3.0
4_0117,4,Arizona,_,Crack Sealing,crack_sealing,2002,9,6,14.0,22.0,8.0,21.166666666666668,20.333333333333332,-0.8333333333333357,8.833333333333336
4_0123,4,Arizona,_,Crack Sealing,crack_sealing,2002,11,8,25.0,27.0,2.0,19.75,19.75,0.0,2.0
27_0903,27,Minnesota,_,AC Shoulder Restoration,shoulder_restoration,2001,6,2,0.0,3.0,3.0,12.5,15.5,3.0,0.0
32_0102,32,Nevada,_,"Crack Sealing, Full Depth Patch of AC Pavement (removing damaged material, repairing supporting material, and repairing)",crack_sealing,2002,8,8,1.0,3.0,2.0,1.75,1.75,0.0,2.0
32_0201,32,Nevada,_,Crack Sealing,crack_sealing,1997,8,8,12.0,39.0,27.0,9.25,12.0,2.75,24.25
32_0203,32,Nevada,_,Crack Sealing,crack_sealing,1997,9,9,45.0,58.0,13.0,7.777777777777778,11.444444444444445,3.666666666666667,9.333333333333332
32_0205,32,Nevada,_,Crack Sealing,crack_sealing,1997,8,8,26.0,32.0,6.0,7.5,12.875,5.375,0.625
32_0207,32,Nevada,_,Crack Sealing,crack_sealing,1997,10,9,0.0,0.0,0.0,12.777777777777779,17.88888888888889,5.111111111111111,-5.111111111111111
32_0208,32,Nevada,_,Crack Sealing,crack_sealing,1997,10,9,0.0,6.0,6.0,12.777777777777779,17.22222222222222,4.444444444444443,1.5555555555555571
32_0211,32,Nevada,_,Crack Sealing,crack_sealing,1997,8,8,0.0,0.0,0.0,10.75,16.875,6.125,-6.125
32_0204,32,Nevada,_,Partial Depth Patching of PCC Pavement Other Than at Joint,patching,1996,10,10,3.0,3.0,0.0,18.3,24.3,6.0,-6.0
26_0214,26,Michigan,_,"AC Shoulder Restoration, Full Depth Transverse Joint Repair Patch, Partial depth patching of PCC pavements at joints",patching,2003,9,6,3.0,8.0,5.0,0.0,0.8333333333333334,0.8333333333333334,4.166666666666667
27_0909,27,Minnesota,_,Fracture Treatment of PCC Pavement as Base for New AC Surface,reconstruction_or_major_rehab,1993,6,3,0.0,0.0,0.0,16.666666666666668,0.0,-16.666666666666668,16.666666666666668
30_0805,30,Montana,_,"Crack Sealing, Skin Patching (hand tools/hot pot to apply liquid asphalt and aggregate)",crack_sealing,2021,1,1,27.0,28.0,1.0,28.0,32.0,4.0,-3.0
8_0219,8,Colorado,_,Partial depth patching of PCC pavements at joints,patching,2020,13,5,0.0,0.0,0.0,4.2,4.2,0.0,0.0
4_0217,4,Arizona,_,Partial depth patching of PCC pavements at joints,patching,2016,8,8,38.0,38.0,0.0,4.625,5.0,0.375,-0.375
53_0207,53,Washington,_,Partial Depth Patching of PCC Pavement Other Than at Joint,patching,2015,9,8,3.0,3.0,0.0,3.0,3.0,0.0,0.0
8_0224,8,Colorado,_,Partial depth patching of PCC pavements at joints,patching,2014,15,14,0.0,0.0,0.0,3.642857142857143,3.857142857142857,0.2142857142857144,-0.2142857142857144
4_0213,4,Arizona,_,Partial Depth Patching of PCC Pavement Other Than at Joint,patching,2013,12,12,0.0,0.0,0.0,6.666666666666667,7.0,0.33333333333333304,-0.33333333333333304
4_0262,4,Arizona,_,Partial depth patching of PCC pavements at joints,patching,2013,11,11,0.0,0.0,0.0,7.2727272727272725,7.636363636363637,0.3636363636363642,-0.3636363636363642
8_0216,8,Colorado,_,"Partial depth patching of PCC pavements at joints, Partial Depth Patching of PCC Pavement Other Than at Joint",patching,2010,10,10,12.0,12.0,0.0,1.4,1.4,0.0,0.0
8_0222,8,Colorado,_,Partial depth patching of PCC pavements at joints,patching,2003,10,8,0.0,0.0,0.0,1.875,1.875,0.0,0.0
53_0801,53,Washington,_,Crack Sealing,crack_sealing,2003,4,4,0.0,0.0,0.0,0.5,0.5,0.0,0.0
53_0802,53,Washington,_,Crack Sealing,crack_sealing,2003,4,4,1.0,0.0,-1.0,0.25,0.5,0.25,-1.25
4_A902,4,Arizona,3_93,Slurry Seal Coat,seal_coat,2002,12,10,45.0,6.0,-39.0,25.0,20.5,-4.5,-34.5
23_0501,23,Maine,_,Crack Sealing,crack_sealing,2003,8,8,2.0,0.0,-2.0,0.0,0.0,0.0,-2.0
23_0502,23,Maine,_,Crack Sealing,crack_sealing,2003,9,9,0.0,0.0,0.0,0.2222222222222222,0.0,-0.2222222222222222,0.2222222222222222
23_0503,23,Maine,_,Crack Sealing,crack_sealing,2003,10,9,0.0,0.0,0.0,0.2222222222222222,0.0,-0.2222222222222222,0.2222222222222222
23_0504,23,Maine,_,Crack Sealing,crack_sealing,2003,10,9,0.0,0.0,0.0,0.2222222222222222,0.0,-0.2222222222222222,0.2222222222222222
23_0505,23,Maine,_,Crack Sealing,crack_sealing,2003,10,9,0.0,0.0,0.0,0.2222222222222222,0.0,-0.2222222222222222,0.2222222222222222
23_0506,23,Maine,_,Crack Sealing,crack_sealing,2003,10,9,0.0,0.0,0.0,0.2222222222222222,0.0,-0.2222222222222222,0.2222222222222222
23_0507,23,Maine,_,Crack Sealing,crack_sealing,2003,10,9,0.0,0.0,0.0,0.2222222222222222,0.0,-0.2222222222222222,0.2222222222222222
23_0508,23,Maine,_,Crack Sealing,crack_sealing,2003,10,9,0.0,0.0,0.0,0.2222222222222222,0.0,-0.2222222222222222,0.2222222222222222
23_0509,23,Maine,_,Crack Sealing,crack_sealing,2003,10,9,0.0,0.0,0.0,0.2222222222222222,0.0,-0.2222222222222222,0.2222222222222222
23_0559,23,Maine,_,Crack Sealing,crack_sealing,2003,9,8,0.0,0.0,0.0,0.0,0.0,0.0,0.0
48_1130,48,Texas,4_123,Asphalt Concrete Overlay,asphalt_overlay,1992,7,7,21.0,0.0,-21.0,0.0,0.0,0.0,-21.0
34_0903,34,New Jersey,_,Manual Premix Spot Patch (hand spreading and compacting with roller),patching,2002,10,10,0.0,1.0,1.0,13.5,15.8,2.3000000000000007,-1.3000000000000007
24_0902,24,Maryland,_,"Patch Pot Holes - Hand Spread, Compacted with Truck",patching,2008,8,6,0.0,0.0,0.0,0.0,0.6666666666666666,0.6666666666666666,-0.6666666666666666
37_2819,37,North Carolina,3_220,Asphalt Concrete Overlay,asphalt_overlay,2002,8,8,1.0,0.0,-1.0,1.125,1.625,0.5,-1.5
48_1116,48,Texas,3_259,Mill Off AC and Overlay with AC,asphalt_overlay,1992,8,8,21.0,31.0,10.0,2.125,1.5,-0.625,10.625
20_0202,20,Kansas,_,"Full Depth Transverse Joint Repair Patch, Full Depth Patching of PCC Pavement Other Than at Joint",patching,2011,8,8,9.0,3.0,-6.0,0.0,0.0,0.0,-6.0
20_0206,20,Kansas,_,PCC Slab Replacement,reconstruction_or_major_rehab,2011,12,12,0.0,0.0,0.0,0.75,0.25,-0.5,0.5
20_0207,20,Kansas,_,Partial depth patching of PCC pavements at joints,patching,2008,12,12,0.0,0.0,0.0,0.75,1.5,0.75,-0.75
20_0205,20,Kansas,_,Partial depth patching of PCC pavements at joints,patching,2008,12,12,0.0,0.0,0.0,0.75,1.5,0.75,-0.75
20_0201,20,Kansas,_,PCC Slab Replacement,reconstruction_or_major_rehab,2002,8,8,9.0,6.0,-3.0,0.75,0.75,0.0,-3.0
10_0212,10,Delaware,_,Skin Patching (hand tools/hot pot to apply liquid asphalt and aggregate),patching,2014,11,10,0.0,0.0,0.0,0.3,1.9,1.5999999999999999,-1.5999999999999999
10_0204,10,Delaware,_,Partial depth patching of PCC pavements at joints,patching,2011,11,10,0.0,0.0,0.0,8.3,0.3,-8.0,8.0
10_0211,10,Delaware,_,Partial Depth Patching of PCC Pavement Other Than at Joint,patching,2011,8,8,0.0,0.0,0.0,2.125,2.5,0.375,-0.375
10_0207,10,Delaware,_,"Crack Sealing, Other",crack_sealing,2008,14,14,0.0,0.0,0.0,3.5,4.428571428571429,0.9285714285714288,-0.9285714285714288
10_0208,10,Delaware,_,Lane-Shoulder Longitudinal Joint Sealing,crack_sealing,2006,11,8,0.0,0.0,0.0,0.0,0.0,0.0,0.0
10_0201,10,Delaware,_,Grinding Surface,grinding,2000,8,8,0.0,0.0,0.0,2.125,1.875,-0.25,0.25
10_0205,10,Delaware,_,Grinding Surface,grinding,2000,8,8,17.0,15.0,-2.0,0.0,0.0,0.0,-2.0
10_0209,10,Delaware,_,Grinding Surface,grinding,2000,8,8,0.0,0.0,0.0,2.125,1.875,-0.25,0.25
10_0210,10,Delaware,_,Grinding Surface,grinding,2000,11,11,0.0,0.0,0.0,0.0,3.0,3.0,-3.0
46_0859,46,South Dakota,_,Strip Patching (using spreader and distributor to apply hot liquid asphalt and aggregate),patching,1997,2,2,0.0,0.0,0.0,0.0,0.0,0.0,0.0
55_0903,55,Wisconsin,_,"Crack Sealing, Manual Premix Spot Patch (hand spreading and compacting with roller)",crack_sealing,2006,5,5,0.0,46.0,46.0,11.0,32.2,21.200000000000003,24.799999999999997
55_0909,55,Wisconsin,_,Skin Patching (hand tools/hot pot to apply liquid asphalt and aggregate),patching,2001,5,5,0.0,0.0,0.0,0.0,0.0,0.0,0.0
46_0603,46,South Dakota,_,"Sand Seal Coat, Saw and Seal",crack_sealing,1995,10,10,0.0,0.0,0.0,1.2,1.3,0.10000000000000009,-0.10000000000000009
46_0604,46,South Dakota,_,"Sand Seal Coat, Saw and Seal",crack_sealing,1995,10,10,0.0,0.0,0.0,1.2,1.3,0.10000000000000009,-0.10000000000000009
46_0606,46,South Dakota,_,"Sand Seal Coat, Saw and Seal",crack_sealing,1995,10,10,0.0,0.0,0.0,1.2,1.3,0.10000000000000009,-0.10000000000000009
46_0661,46,South Dakota,_,Sand Seal Coat,seal_coat,1995,10,10,0.0,0.0,0.0,1.2,1.3,0.10000000000000009,-0.10000000000000009
19_0102,19,Iowa,_,Strip Patching (using spreader and distributor to apply hot liquid asphalt and aggregate),patching,2001,8,8,41.0,0.0,-41.0,7.0,2.125,-4.875,-36.125
19_0101,19,Iowa,_,Strip Patching (using spreader and distributor to apply hot liquid asphalt and aggregate),patching,2001,12,11,7.0,1.0,-6.0,12.818181818181818,1.7272727272727273,-11.090909090909092,5.090909090909092
19_0103,19,Iowa,_,Strip Patching (using spreader and distributor to apply hot liquid asphalt and aggregate),patching,2001,8,8,5.0,2.0,-3.0,11.5,1.875,-9.625,6.625
19_0104,19,Iowa,_,Strip Patching (using spreader and distributor to apply hot liquid asphalt and aggregate),patching,2001,8,7,9.0,2.0,-7.0,8.714285714285714,0.2857142857142857,-8.428571428571427,1.428571428571427
19_0105,19,Iowa,_,Strip Patching (using spreader and distributor to apply hot liquid asphalt and aggregate),patching,2001,8,8,19.0,1.0,-18.0,9.75,2.0,-7.75,-10.25
19_0106,19,Iowa,_,Strip Patching (using spreader and distributor to apply hot liquid asphalt and aggregate),patching,2001,8,7,13.0,1.0,-12.0,8.142857142857142,0.42857142857142855,-7.7142857142857135,-4.2857142857142865
46_0602,46,South Dakota,_,Full Depth Transverse Joint Repair Patch,patching,1995,8,8,4.0,4.0,0.0,1.125,1.75,0.625,-0.625
46_0601,46,South Dakota,_,"Full Depth Transverse Joint Repair Patch, Full Depth Patching of PCC Pavement Other Than at Joint",patching,1995,8,8,12.0,7.0,-5.0,0.0,1.5,1.5,-6.5
20_0105,20,Kansas,_,"Full Depth Patch of AC Pavement (removing damaged material, repairing supporting material, and repairing)",patching,1999,10,7,54.0,31.0,-23.0,27.714285714285715,47.57142857142857,19.857142857142854,-42.857142857142854
20_0209,20,Kansas,_,"Full Depth Transverse Joint Repair Patch, Full Depth Patching of PCC Pavement Other Than at Joint",patching,2011,14,8,0.0,0.0,0.0,0.0,0.0,0.0,0.0
20_0210,20,Kansas,_,Full Depth Transverse Joint Repair Patch,patching,2011,14,8,0.0,0.0,0.0,0.0,0.0,0.0,0.0
20_0211,20,Kansas,_,Full Depth Transverse Joint Repair Patch,patching,2011,13,8,0.0,0.0,0.0,0.0,0.0,0.0,0.0
20_0259,20,Kansas,_,Full Depth Patching of PCC Pavement Other Than at Joint,patching,2011,14,8,0.0,0.0,0.0,0.0,0.0,0.0,0.0
34_0502,34,New Jersey,_,"Patch Pot Holes - Hand Spread, Compacted with Truck",patching,2001,12,12,10.0,18.0,8.0,8.0,9.833333333333334,1.833333333333334,6.166666666666666
34_0501,34,New Jersey,_,"Full Depth Patch of AC Pavement (removing damaged material, repairing supporting material, and repairing)",patching,1999,11,11,39.0,40.0,1.0,2.8181818181818183,4.363636363636363,1.545454545454545,-0.545454545454545
50_1683,50,Vermont,3_7,Crack Sealing,crack_sealing,1999,4,4,0.0,19.0,19.0,18.0,15.25,-2.75,21.75
50_1681,50,Vermont,3_7,Crack Sealing,crack_sealing,1999,4,4,1.0,1.0,0.0,17.75,19.75,2.0,-2.0
50_1682,50,Vermont,3_7,Crack Sealing,crack_sealing,1999,4,4,0.0,0.0,0.0,18.0,20.0,2.0,-2.0
6_8534,6,California,2_8,"Full Depth Patch of AC Pavement (removing damaged material, repairing supporting material, and repairing)",patching,1998,3,3,0.0,0.0,0.0,0.0,0.0,0.0,0.0
49_7085,49,Utah,3_40,"Crack Sealing, Grinding Surface, Transverse Joint Sealing, Joint Load Transfer Restoration in PCC Pavements, PCC Slab Replacement",crack_sealing,2012,10,2,43.0,17.0,-26.0,1.0,1.0,0.0,-26.0
6_8535,6,California,2_8,Aggregate Seal Coat,seal_coat,1997,3,1,0.0,0.0,0.0,0.0,0.0,0.0,0.0
21_A410,21,Kentucky,2_65,"Transverse Joint Sealing, Lane-Shoulder Longitudinal Joint Sealing",crack_sealing,1992,2,1,0.0,0.0,0.0,0.0,0.0,0.0,0.0
29_B430,29,Missouri,3_71,Partial Depth Patching of PCC Pavement Other Than at Joint,patching,1999,5,2,0.0,0.0,0.0,25.5,25.5,0.0,0.0
39_A410,39,Ohio,2_675,Partial depth patching of PCC pavements at joints,patching,1994,5,2,100.0,100.0,0.0,100.0,100.0,0.0,0.0
29_A411,29,Missouri,2_35,"Transverse Joint Sealing, Lane-Shoulder Longitudinal Joint Sealing",crack_sealing,1994,8,5,50.0,38.0,-12.0,60.6,57.0,-3.6000000000000014,-8.399999999999999
29_A430,29,Missouri,2_35,Full Depth Transverse Joint Repair Patch,patching,1994,8,5,100.0,67.0,-33.0,50.6,51.2,0.6000000000000014,-33.6
29_A410,29,Missouri,2_35,Full Depth Patching of PCC Pavement Other Than at Joint,patching,1992,8,5,88.0,60.0,-28.0,77.6,58.6,-18.999999999999993,-9.000000000000007
24_0505,24,Maryland,_,"Full Depth Patch of AC Pavement (removing damaged material, repairing supporting material, and repairing)",patching,1996,8,8,1.0,11.0,10.0,0.0,0.75,0.75,9.25
49_B310,49,Utah,3_89,Crack Sealing,crack_sealing,2001,11,6,22.0,25.0,3.0,21.333333333333332,29.666666666666668,8.333333333333336,-5.333333333333336
49_B330,49,Utah,3_89,Crack Sealing,crack_sealing,2001,10,6,0.0,15.0,15.0,25.0,31.333333333333332,6.333333333333332,8.666666666666668
49_B350,49,Utah,3_89,Crack Sealing,crack_sealing,2001,10,6,0.0,0.0,0.0,25.0,33.833333333333336,8.833333333333336,-8.833333333333336
49_B351,49,Utah,3_89,Crack Sealing,crack_sealing,2001,9,6,0.0,18.0,18.0,25.0,30.833333333333332,5.833333333333332,12.166666666666668
49_B390,49,Utah,3_89,Crack Sealing,crack_sealing,2001,9,5,53.0,54.0,1.0,7.6,18.0,10.4,-9.4
24_0509,24,Maryland,_,"Patch Pot Holes - Hand Spread, Compacted with Truck",patching,2001,13,13,0.0,0.0,0.0,2.6923076923076925,3.5384615384615383,0.8461538461538458,-0.8461538461538458
24_0504,24,Maryland,_,"Full Depth Patch of AC Pavement (removing damaged material, repairing supporting material, and repairing)",patching,1996,8,8,0.0,5.0,5.0,0.125,1.5,1.375,3.625
24_0501,24,Maryland,_,Machine Premix Patch (placing premix with paver roller),patching,1996,15,8,1.0,16.0,15.0,0.0,0.25,0.25,14.75
49_C310,49,Utah,4_28,Crack Sealing,crack_sealing,1999,9,5,1.0,1.0,0.0,11.0,11.6,0.5999999999999996,-0.5999999999999996
6_A310,6,California,4_32,Crack Sealing,crack_sealing,1999,13,13,1.0,1.0,0.0,14.0,15.0,1.0,-1.0
6_A311,6,California,4_32,Crack Sealing,crack_sealing,1999,13,13,0.0,0.0,0.0,14.076923076923077,15.076923076923077,1.0,-1.0
6_A320,6,California,4_32,Crack Sealing,crack_sealing,1999,8,8,22.0,33.0,11.0,13.375,15.75,2.375,8.625
6_A321,6,California,4_32,Crack Sealing,crack_sealing,1999,8,8,23.0,19.0,-4.0,13.25,17.5,4.25,-8.25
6_A330,6,California,4_32,Crack Sealing,crack_sealing,1999,13,13,12.0,12.0,0.0,13.153846153846153,14.153846153846153,1.0,-1.0
6_A350,6,California,4_32,Crack Sealing,crack_sealing,1999,9,9,5.0,9.0,4.0,14.333333333333334,17.444444444444443,3.111111111111109,0.8888888888888911
6_A351,6,California,4_32,Crack Sealing,crack_sealing,1999,8,8,24.0,27.0,3.0,13.125,16.5,3.375,-0.375
6_A352,6,California,4_32,Crack Sealing,crack_sealing,1999,9,9,5.0,7.0,2.0,9.666666666666666,8.88888888888889,-0.7777777777777768,2.777777777777777
6_A353,6,California,4_32,Crack Sealing,crack_sealing,1999,8,8,32.0,6.0,-26.0,6.875,9.0,2.125,-28.125
6_A361,6,California,4_32,Crack Sealing,crack_sealing,1999,8,8,3.0,5.0,2.0,10.5,9.125,-1.375,3.375
6_A362,6,California,4_32,Crack Sealing,crack_sealing,1999,8,8,4.0,4.0,0.0,10.375,9.25,-1.125,1.125
6_A363,6,California,4_32,Crack Sealing,crack_sealing,1999,8,8,10.0,15.0,5.0,9.625,7.875,-1.75,6.75
47_3108,47,Tennessee,2_75,"Patch Pot Holes - Hand Spread, Compacted with Truck",patching,2001,8,1,0.0,1.0,1.0,2.0,2.0,0.0,1.0
6_3005,6,California,2_5,Partial Depth Patching of PCC Pavement Other Than at Joint,patching,1994,12,11,61.0,43.0,-18.0,5.818181818181818,12.0,6.181818181818182,-24.18181818181818
42_A410,42,Pennsylvania,2_180,"Full Depth Patching of PCC Pavement Other Than at Joint, Partial depth patching of PCC pavements at joints",patching,2001,11,5,45.0,55.0,10.0,12.2,15.6,3.4000000000000004,6.6
42_A411,42,Pennsylvania,2_180,Full Depth Patching of PCC Pavement Other Than at Joint,patching,2001,8,5,27.0,27.0,0.0,15.8,21.2,5.399999999999999,-5.399999999999999
42_1690,42,Pennsylvania,2_180,Partial depth patching of PCC pavements at joints,patching,1993,11,7,20.0,40.0,20.0,1.1428571428571428,0.7142857142857143,-0.4285714285714285,20.428571428571427
53_7322,53,Washington,3_195,"Patch Pot Holes - Hand Spread, Compacted with Truck",patching,1998,3,2,24.0,30.0,6.0,3.0,1.5,-1.5,7.5
40_4086,40,Oklahoma,3_81,Crack Sealing,crack_sealing,1998,3,1,1.0,1.0,0.0,13.0,17.0,4.0,-4.0
53_3013,53,Washington,3_195,"Transverse Joint Sealing, Lane-Shoulder Longitudinal Joint Sealing",crack_sealing,2016,11,6,0.0,0.0,0.0,0.0,0.0,0.0,0.0
53_1801,53,Washington,4_14,"Patch Pot Holes - Hand Spread, Compacted with Truck",patching,1994,5,4,3.0,2.0,-1.0,,2.75,,
36_A310,36,New York,3_4,Machine Premix Patch (placing premix with paver roller),patching,1995,7,7,7.0,8.0,1.0,16.714285714285715,3.7142857142857144,-13.0,14.0
36_1643,36,New York,3_4,Manual Premix Spot Patch (hand spreading and compacting with roller),patching,1992,7,7,5.0,18.0,13.0,5.714285714285714,8.428571428571429,2.7142857142857144,10.285714285714285
36_A320,36,New York,3_4,"Patch Pot Holes - Hand Spread, Compacted with Truck",patching,1991,7,6,0.0,3.0,3.0,0.8333333333333334,6.166666666666667,5.333333333333334,-2.333333333333334
36_A330,36,New York,3_4,"Patch Pot Holes - Hand Spread, Compacted with Truck",patching,1991,7,6,1.0,1.0,0.0,0.6666666666666666,6.5,5.833333333333333,-5.833333333333333
36_A331,36,New York,3_4,Strip Patching (using spreader and distributor to apply hot liquid asphalt and aggregate),patching,1991,7,6,0.0,18.0,18.0,0.8333333333333334,3.6666666666666665,2.833333333333333,15.166666666666668
36_B310,36,New York,4_3,Manual Premix Spot Patch (hand spreading and compacting with roller),patching,1995,10,10,4.0,16.0,12.0,13.2,20.1,6.900000000000002,5.099999999999998
36_B330,36,New York,4_3,"Patch Pot Holes - Hand Spread, Compacted with Truck",patching,1993,10,10,13.0,6.0,-7.0,9.9,13.0,3.0999999999999996,-10.1
36_B352,36,New York,4_3,"Patch Pot Holes - Hand Spread, Compacted with Truck",patching,1993,10,10,24.0,27.0,3.0,8.8,10.9,2.0999999999999996,0.9000000000000004
36_B331,36,New York,4_3,Manual Premix Spot Patch (hand spreading and compacting with roller),patching,1992,8,8,29.0,29.0,0.0,9.125,10.0,0.875,-0.875
36_B320,36,New York,4_3,"Patch Pot Holes - Hand Spread, Compacted with Truck",patching,1992,10,9,0.0,7.0,7.0,7.111111111111111,11.11111111111111,4.0,3.0
49_3015,49,Utah,2_215,"Lane-Shoulder Longitudinal Joint Sealing, Partial Depth Patching of PCC Pavement Other Than at Joint",crack_sealing,1999,9,8,0.0,0.0,0.0,0.0,0.0,0.0,0.0
24_5807,24,Maryland,2_195,Full Depth Patching of PCC Pavement Other Than at Joint,patching,2002,2,1,1.0,1.0,0.0,0.0,53.0,53.0,-53.0
6_8156,6,California,4_166,Aggregate Seal Coat,seal_coat,2001,1,1,48.0,54.0,6.0,31.0,37.0,6.0,0.0
6_A442,6,California,2_8,Partial depth patching of PCC pavements at joints,patching,2002,10,7,0.0,0.0,0.0,3.5714285714285716,6.0,2.4285714285714284,-2.4285714285714284
6_A443,6,California,2_8,Partial depth patching of PCC pavements at joints,patching,2002,10,7,0.0,0.0,0.0,3.5714285714285716,6.0,2.4285714285714284,-2.4285714285714284
6_B410,6,California,2_5,"Crack Sealing, Transverse Joint Sealing",crack_sealing,1993,10,9,34.0,38.0,4.0,36.44444444444444,41.111111111111114,4.666666666666671,-0.6666666666666714
6_B420,6,California,2_5,"Crack Sealing, Transverse Joint Sealing",crack_sealing,1993,10,9,48.0,55.0,7.0,34.888888888888886,39.22222222222222,4.333333333333336,2.6666666666666643
6_B441,6,California,2_5,Partial depth patching of PCC pavements at joints,patching,1993,8,8,44.0,56.0,12.0,48.5,51.25,2.75,9.25
6_B442,6,California,2_5,Partial depth patching of PCC pavements at joints,patching,1993,8,8,44.0,44.0,0.0,48.5,52.75,4.25,-4.25
6_B443,6,California,2_5,Partial Depth Patching of PCC Pavement Other Than at Joint,patching,1992,8,8,56.0,67.0,11.0,47.0,49.875,2.875,8.125
34_4042,34,New Jersey,2_295,Partial depth patching of PCC pavements at joints,patching,1996,9,1,0.0,0.0,0.0,51.0,0.0,-51.0,51.0
48_1093,48,Texas,2_37,Machine Premix Patch (placing premix with paver roller),patching,1996,2,2,29.0,36.0,7.0,13.0,15.5,2.5,4.5
42_C411,42,Pennsylvania,2_99,AC Shoulder Restoration,shoulder_restoration,2000,5,4,0.0,0.0,0.0,16.25,8.0,-8.25,8.25
42_C430,42,Pennsylvania,2_99,AC Shoulder Restoration,shoulder_restoration,2000,5,4,18.0,7.0,-11.0,11.75,6.25,-5.5,-5.5
32_2027,32,Nevada,2_80,"Grinding Surface, Patch Pot Holes - Hand Spread, Compacted with Truck",patching,1993,8,4,0.0,1.0,1.0,0.25,9.0,8.75,-7.75
56_1007,56,Wyoming,3_14,Aggregate Seal Coat,seal_coat,1998,5,4,0.0,2.0,2.0,10.75,20.5,9.75,-7.75
49_1017,49,Utah,3_89,Crack Sealing,crack_sealing,2001,9,5,16.0,32.0,16.0,15.0,22.4,7.399999999999999,8.600000000000001
37_3816,37,North Carolina,4_147,Lane-Shoulder Longitudinal Joint Sealing,crack_sealing,2002,3,1,0.0,0.0,0.0,23.0,26.0,3.0,-3.0
31_6701,31,Nebraska,3_281,Partial depth patching of PCC pavements at joints,patching,2001,4,2,0.0,0.0,0.0,4.5,6.5,2.0,-2.0
37_5827,37,North Carolina,3_29,"AC Shoulder Replacement, Full Depth Transverse Joint Repair Patch, Partial depth patching of PCC pavements at joints, Partial Depth Patching of PCC Pavement Other Than at Joint",patching,2002,8,7,1.0,2.0,1.0,4.285714285714286,30.714285714285715,26.42857142857143,-25.42857142857143
50_1004,50,Vermont,3_2,"Full Depth Patch of AC Pavement (removing damaged material, repairing supporting material, and repairing)",patching,2001,3,3,28.0,0.0,-28.0,0.3333333333333333,6.666666666666667,6.333333333333334,-34.333333333333336
42_1597,42,Pennsylvania,4_49,Crack Sealing,crack_sealing,1996,5,5,1.0,1.0,0.0,1.4,1.8,0.40000000000000013,-0.40000000000000013
42_B351,42,Pennsylvania,4_49,"Patch Pot Holes - Hand Spread, Compacted with Truck",patching,1994,5,5,0.0,1.0,1.0,0.6,1.0,0.4,0.6
42_B330,42,Pennsylvania,4_49,"Patch Pot Holes - Hand Spread, Compacted with Truck",patching,1993,5,5,1.0,1.0,0.0,0.4,1.0,0.6,-0.6
42_B350,42,Pennsylvania,4_49,"Patch Pot Holes - Hand Spread, Compacted with Truck",patching,1992,5,4,0.0,1.0,1.0,0.5,0.5,0.0,1.0
42_A340,42,Pennsylvania,4_147,Manual Premix Spot Patch (hand spreading and compacting with roller),patching,1993,8,7,1.0,1.0,0.0,3.857142857142857,6.285714285714286,2.4285714285714284,-2.4285714285714284
42_A330,42,Pennsylvania,4_147,Manual Premix Spot Patch (hand spreading and compacting with roller),patching,1992,11,6,0.0,0.0,0.0,1.3333333333333333,0.8333333333333334,-0.4999999999999999,0.4999999999999999
8_3032,8,Colorado,2_70,Grinding Surface,grinding,2008,1,1,3.0,3.0,0.0,0.0,10.0,10.0,-10.0
16_1020,16,Idaho,3_93,"Patch Pot Holes - Hand Spread, Compacted with Truck",patching,2008,5,1,1.0,2.0,1.0,0.0,0.0,0.0,1.0
32_3010,32,Nevada,2_80,"Partial depth patching of PCC pavements at joints, Partial Depth Patching of PCC Pavement Other Than at Joint",patching,1999,8,1,6.0,6.0,0.0,28.0,31.0,3.0,-3.0
42_9027,42,Pennsylvania,2_78,Grinding Surface,grinding,2000,1,1,0.0,0.0,0.0,0.0,0.0,0.0,0.0
42_3044,42,Pennsylvania,2_78,Grinding Surface,grinding,2000,1,1,0.0,0.0,0.0,0.0,0.0,0.0,0.0
9_4008,9,Connecticut,2_84,"AC Shoulder Restoration, Grooving Surface, Full Depth Patching of PCC Pavement Other Than at Joint, Partial Depth Patching of PCC Pavement Other Than at Joint",patching,2011,9,1,38.0,11.0,-27.0,15.0,25.0,10.0,-37.0
6_9048,6,California,2_8,Partial depth patching of PCC pavements at joints,patching,2003,9,6,16.0,25.0,9.0,8.5,9.666666666666666,1.166666666666666,7.833333333333334
54_4003,54,West Virginia,3_119,"AC Shoulder Restoration, Grinding Surface",grinding,2014,4,2,0.0,0.0,0.0,2.0,24.0,22.0,-22.0
32_A320,32,Nevada,4_650,Manual Premix Spot Patch (hand spreading and compacting with roller),patching,1994,13,4,21.0,17.0,-4.0,14.25,19.0,4.75,-8.75
32_A330,32,Nevada,4_650,Manual Premix Spot Patch (hand spreading and compacting with roller),patching,1994,8,4,31.0,32.0,1.0,11.75,15.25,3.5,-2.5
32_A350,32,Nevada,4_650,Manual Premix Spot Patch (hand spreading and compacting with roller),patching,1994,13,4,1.0,2.0,1.0,19.25,22.75,3.5,-2.5
6_3030,6,California,2_5,Full Depth Patching of PCC Pavement Other Than at Joint,patching,2003,9,9,5.0,18.0,13.0,,,,
6_2002,6,California,3_97,Crack Sealing,crack_sealing,1994,8,8,0.0,0.0,0.0,13.625,13.75,0.125,-0.125
6_3010,6,California,2_15,"Transverse Joint Sealing, Lane-Shoulder Longitudinal Joint Sealing",crack_sealing,2002,4,3,0.0,0.0,0.0,14.0,18.0,4.0,-4.0
6_3021,6,California,2_8,"Grinding Surface, Lane-Shoulder Longitudinal Joint Sealing",crack_sealing,2011,9,1,6.0,10.0,4.0,41.0,53.0,12.0,-8.0
6_7493,6,California,2_15,Lane-Shoulder Longitudinal Joint Sealing,crack_sealing,2003,5,4,0.0,0.0,0.0,10.0,9.25,-0.75,0.75
8_7776,8,Colorado,2_70,Partial depth patching of PCC pavements at joints,patching,2003,9,7,0.0,0.0,0.0,1.7142857142857142,1.7142857142857142,0.0,0.0
48_3679,48,Texas,4_103,Skin Patching (hand tools/hot pot to apply liquid asphalt and aggregate),patching,1995,2,2,11.0,29.0,18.0,12.0,24.0,12.0,6.0
41_5021,41,Oregon,2_5,Partial Depth Patching of PCC Pavement Other Than at Joint,patching,2001,3,1,1.0,1.0,0.0,0.0,0.0,0.0,0.0
37_3008,37,North Carolina,3_74,Crack Sealing,crack_sealing,2000,1,1,0.0,0.0,0.0,38.0,44.0,6.0,-6.0
49_C451,49,Utah,2_15,Partial depth patching of PCC pavements at joints,patching,2003,11,11,0.0,0.0,0.0,0.8181818181818182,0.8181818181818182,0.0,0.0
49_C449,49,Utah,2_15,Partial depth patching of PCC pavements at joints,patching,2002,11,11,0.0,0.0,0.0,1.4545454545454546,1.4545454545454546,0.0,0.0
49_C431,49,Utah,2_15,Grinding Surface,grinding,1998,15,12,2.0,0.0,-2.0,0.4166666666666667,0.4166666666666667,0.0,-2.0
49_C444,49,Utah,2_15,Grinding Surface,grinding,1998,11,11,0.0,0.0,0.0,0.6363636363636364,0.45454545454545453,-0.18181818181818182,0.18181818181818182
49_C450,49,Utah,2_15,Grinding Surface,grinding,1998,14,14,0.0,0.0,0.0,1.4285714285714286,1.2857142857142858,-0.1428571428571428,0.1428571428571428
49_C452,49,Utah,2_15,Grinding Surface,grinding,1998,11,11,0.0,0.0,0.0,0.6363636363636364,0.45454545454545453,-0.18181818181818182,0.18181818181818182
49_D410,49,Utah,4_154,"Transverse Joint Sealing, Lane-Shoulder Longitudinal Joint Sealing",crack_sealing,2001,11,10,0.0,0.0,0.0,0.0,0.0,0.0,0.0
49_D440,49,Utah,4_154,"Transverse Joint Sealing, Lane-Shoulder Longitudinal Joint Sealing",crack_sealing,2001,12,12,3.0,3.0,0.0,2.4166666666666665,2.1666666666666665,-0.25,0.25
49_D441,49,Utah,4_154,"Transverse Joint Sealing, Lane-Shoulder Longitudinal Joint Sealing",crack_sealing,2001,12,12,0.0,0.0,0.0,1.3333333333333333,1.3333333333333333,0.0,0.0
49_D443,49,Utah,4_154,"Transverse Joint Sealing, Lane-Shoulder Longitudinal Joint Sealing",crack_sealing,2001,11,10,0.0,0.0,0.0,0.0,0.0,0.0,0.0
49_D444,49,Utah,4_154,"Transverse Joint Sealing, Lane-Shoulder Longitudinal Joint Sealing",crack_sealing,2001,12,12,0.0,0.0,0.0,1.0833333333333333,1.0833333333333333,0.0,0.0
49_D445,49,Utah,4_154,"Transverse Joint Sealing, Lane-Shoulder Longitudinal Joint Sealing",crack_sealing,2001,10,10,0.0,0.0,0.0,3.2,2.9,-0.30000000000000027,0.30000000000000027
49_D446,49,Utah,4_154,"Transverse Joint Sealing, Lane-Shoulder Longitudinal Joint Sealing",crack_sealing,2001,9,9,13.0,13.0,0.0,0.3333333333333333,0.3333333333333333,0.0,0.0
49_D448,49,Utah,4_154,"Transverse Joint Sealing, Lane-Shoulder Longitudinal Joint Sealing",crack_sealing,2001,11,11,0.0,0.0,0.0,2.6363636363636362,2.6363636363636362,0.0,0.0
49_D449,49,Utah,4_154,"Transverse Joint Sealing, Lane-Shoulder Longitudinal Joint Sealing",crack_sealing,2001,12,12,0.0,0.0,0.0,1.3333333333333333,1.3333333333333333,0.0,0.0
49_D450,49,Utah,4_154,"Transverse Joint Sealing, Lane-Shoulder Longitudinal Joint Sealing",crack_sealing,2001,9,9,0.0,0.0,0.0,2.111111111111111,1.7777777777777777,-0.3333333333333335,0.3333333333333335
49_D451,49,Utah,4_154,"Transverse Joint Sealing, Lane-Shoulder Longitudinal Joint Sealing",crack_sealing,2001,13,12,0.0,0.0,0.0,1.0833333333333333,1.0833333333333333,0.0,0.0
49_D452,49,Utah,4_154,"Transverse Joint Sealing, Lane-Shoulder Longitudinal Joint Sealing",crack_sealing,2001,10,10,0.0,0.0,0.0,3.2,2.9,-0.30000000000000027,0.30000000000000027
49_D454,49,Utah,4_154,"Transverse Joint Sealing, Lane-Shoulder Longitudinal Joint Sealing",crack_sealing,2001,11,11,0.0,0.0,0.0,2.909090909090909,2.6363636363636362,-0.27272727272727293,0.27272727272727293
49_D455,49,Utah,4_154,"Transverse Joint Sealing, Lane-Shoulder Longitudinal Joint Sealing, Partial depth patching of PCC pavements at joints",crack_sealing,2001,11,10,0.0,0.0,0.0,0.0,0.0,0.0,0.0
49_D459,49,Utah,4_154,"Transverse Joint Sealing, Lane-Shoulder Longitudinal Joint Sealing",crack_sealing,2001,8,8,3.0,0.0,-3.0,2.0,2.0,0.0,-3.0
49_D461,49,Utah,4_154,"Transverse Joint Sealing, Lane-Shoulder Longitudinal Joint Sealing",crack_sealing,2001,9,9,13.0,13.0,0.0,0.6666666666666666,0.3333333333333333,-0.3333333333333333,0.3333333333333333
49_D462,49,Utah,4_154,"Transverse Joint Sealing, Lane-Shoulder Longitudinal Joint Sealing",crack_sealing,2001,8,8,0.0,0.0,0.0,2.375,2.0,-0.375,0.375
53_B330,53,Washington,4_2,Crack Sealing,crack_sealing,1993,4,4,0.0,2.0,2.0,1.0,2.0,1.0,1.0
4_D330,4,Arizona,2_19,Crack Sealing,crack_sealing,1995,8,2,10.0,7.0,-3.0,11.0,13.5,2.5,-5.5
32_B320,32,Nevada,2_80,Manual Premix Spot Patch (hand spreading and compacting with roller),patching,1993,11,6,0.0,11.0,11.0,0.3333333333333333,4.666666666666667,4.333333333333334,6.666666666666666
4_C310,4,Arizona,2_19,Machine Premix Patch (placing premix with paver roller),patching,1993,9,2,14.0,1.0,-13.0,8.0,0.5,-7.5,-5.5
4_C320,4,Arizona,2_19,Machine Premix Patch (placing premix with paver roller),patching,1993,14,3,15.0,0.0,-15.0,6.0,0.6666666666666666,-5.333333333333333,-9.666666666666668
8_B350,8,Colorado,3_50,"Surface Treatment, Single Layer",seal_coat,1991,5,5,1.0,0.0,-1.0,7.2,7.2,0.0,-1.0
53_A330,53,Washington,3_195,Crack Sealing,crack_sealing,1993,9,4,0.0,1.0,1.0,2.5,9.25,6.75,-5.75
55_6352,55,Wisconsin,3_18,Grinding Surface,grinding,2014,4,4,13.0,13.0,0.0,9.75,10.5,0.75,-0.75
55_6354,55,Wisconsin,3_18,Grinding Surface,grinding,2014,4,4,0.0,0.0,0.0,13.0,13.75,0.75,-0.75
55_6351,55,Wisconsin,3_18,"Grinding Surface, Joint Load Transfer Restoration in PCC Pavements",grinding,2010,4,4,33.0,33.0,0.0,4.0,4.75,0.75,-0.75
55_6353,55,Wisconsin,3_18,Partial depth patching of PCC pavements at joints,patching,2003,4,4,0.0,0.0,0.0,3.75,10.0,6.25,-6.25
16_9032,16,Idaho,3_95,"Patch Pot Holes - Hand Spread, Compacted with Truck",patching,2002,9,2,1.0,2.0,1.0,0.0,9.0,9.0,-8.0
48_A502,48,Texas,3_175,Aggregate Seal Coat,seal_coat,2015,14,7,1.0,0.0,-1.0,3.142857142857143,0.0,-3.142857142857143,2.142857142857143
48_A503,48,Texas,3_175,Aggregate Seal Coat,seal_coat,2015,9,7,7.0,0.0,-7.0,2.2857142857142856,0.0,-2.2857142857142856,-4.714285714285714
48_A504,48,Texas,3_175,Aggregate Seal Coat,seal_coat,2015,9,7,1.0,0.0,-1.0,3.142857142857143,0.0,-3.142857142857143,2.142857142857143
48_A505,48,Texas,3_175,Aggregate Seal Coat,seal_coat,2015,9,7,1.0,0.0,-1.0,3.142857142857143,0.0,-3.142857142857143,2.142857142857143
48_A506,48,Texas,3_175,Aggregate Seal Coat,seal_coat,2015,9,7,0.0,0.0,0.0,3.2857142857142856,0.0,-3.2857142857142856,3.2857142857142856
48_A507,48,Texas,3_175,Aggregate Seal Coat,seal_coat,2015,9,7,3.0,0.0,-3.0,2.857142857142857,0.0,-2.857142857142857,-0.1428571428571428
48_A508,48,Texas,3_175,Aggregate Seal Coat,seal_coat,2015,14,7,1.0,0.0,-1.0,3.142857142857143,0.0,-3.142857142857143,2.142857142857143
48_A509,48,Texas,3_175,Aggregate Seal Coat,seal_coat,2015,14,7,9.0,0.0,-9.0,2.0,0.0,-2.0,-7.0
55_3014,55,Wisconsin,2_43,Grinding Surface,grinding,2010,8,8,0.0,0.0,0.0,46.375,26.375,-20.0,20.0
18_3031,18,Indiana,4_62,Partial depth patching of PCC pavements at joints,patching,2009,5,2,0.0,0.0,0.0,13.5,25.0,11.5,-11.5
28_3085,28,Mississippi,4_310,"Surface Treatment, Single Layer",seal_coat,2001,8,5,30.0,20.0,-10.0,4.2,10.8,6.6000000000000005,-16.6
18_3002,18,Indiana,3_41,Partial depth patching of PCC pavements at joints,patching,2000,5,1,0.0,0.0,0.0,0.0,0.0,0.0,0.0
40_0502,40,Oklahoma,_,Skin Patching (hand tools/hot pot to apply liquid asphalt and aggregate),patching,1999,9,8,0.0,0.0,0.0,0.0,0.0,0.0,0.0
40_0503,40,Oklahoma,_,Skin Patching (hand tools/hot pot to apply liquid asphalt and aggregate),patching,1999,10,9,0.0,0.0,0.0,0.0,0.0,0.0,0.0
40_0504,40,Oklahoma,_,Skin Patching (hand tools/hot pot to apply liquid asphalt and aggregate),patching,1999,12,12,0.0,0.0,0.0,0.0,0.0,0.0,0.0
40_0505,40,Oklahoma,_,Skin Patching (hand tools/hot pot to apply liquid asphalt and aggregate),patching,1999,10,10,0.0,0.0,0.0,0.0,0.0,0.0,0.0
40_0506,40,Oklahoma,_,Skin Patching (hand tools/hot pot to apply liquid asphalt and aggregate),patching,1999,8,8,0.0,0.0,0.0,0.0,0.0,0.0,0.0
40_0507,40,Oklahoma,_,Skin Patching (hand tools/hot pot to apply liquid asphalt and aggregate),patching,1999,9,9,0.0,0.0,0.0,0.0,0.0,0.0,0.0
40_0508,40,Oklahoma,_,Skin Patching (hand tools/hot pot to apply liquid asphalt and aggregate),patching,1999,10,9,0.0,0.0,0.0,0.0,0.0,0.0,0.0
40_0509,40,Oklahoma,_,Skin Patching (hand tools/hot pot to apply liquid asphalt and aggregate),patching,1999,11,11,0.0,0.0,0.0,0.0,0.0,0.0,0.0
40_0560,40,Oklahoma,_,Skin Patching (hand tools/hot pot to apply liquid asphalt and aggregate),patching,1999,8,8,0.0,0.0,0.0,0.0,0.0,0.0,0.0
1_0563,1,Alabama,_,Machine Premix Patch (placing premix with paver roller),patching,1999,8,8,6.0,10.0,4.0,11.75,12.875,1.125,2.875
39_9006,39,Ohio,2_71,"Grinding Surface, Full Depth Transverse Joint Repair Patch, Joint Load Transfer Restoration in PCC Pavements",patching,2003,5,1,95.0,67.0,-28.0,100.0,0.0,-100.0,72.0
5_A602,5,Arkansas,3_65,AC Shoulder Restoration,shoulder_restoration,2001,14,12,0.0,0.0,0.0,0.0,0.25,0.25,-0.25
5_A605,5,Arkansas,3_65,"Crack Sealing, Partial depth patching of PCC pavements at joints",crack_sealing,2000,8,7,0.0,0.0,0.0,0.0,0.0,0.0,0.0
5_A601,5,Arkansas,3_65,Partial depth patching of PCC pavements at joints,patching,1998,14,10,0.0,0.0,0.0,0.0,0.0,0.0,0.0
12_4138,12,Florida,3_92,"AC Shoulder Replacement, Lane-Shoulder Longitudinal Joint Sealing, Partial Depth Patching of PCC Pavement Other Than at Joint",crack_sealing,1998,9,3,25.0,29.0,4.0,0.0,0.0,0.0,4.0
48_1087,48,Texas,3_69,Aggregate Seal Coat,seal_coat,2004,1,1,6.0,1.0,-5.0,11.0,22.0,11.0,-16.0
28_3019,28,Mississippi,3_72,Partial depth patching of PCC pavements at joints,patching,2002,3,1,0.0,0.0,0.0,0.0,0.0,0.0,0.0
20_3013,20,Kansas,2_435,"Grinding Surface, Transverse Joint Sealing, Lane-Shoulder Longitudinal Joint Sealing, Full Depth Transverse Joint Repair Patch, Joint Load Transfer Restoration in PCC Pavements, Partial depth patching of PCC pavements at joints",crack_sealing,2003,6,4,0.0,0.0,0.0,58.25,52.0,-6.25,6.25
17_0603,17,Illinois,_,"Crack Sealing, Skin Patching (hand tools/hot pot to apply liquid asphalt and aggregate)",crack_sealing,1997,13,13,1.0,1.0,0.0,30.23076923076923,31.153846153846153,0.9230769230769234,-0.9230769230769234
17_0608,17,Illinois,_,"AC Shoulder Restoration, Asphalt Concrete Overlay, Fracture Treatment of PCC Pavement as Base for New AC Surface",asphalt_overlay,1990,8,6,0.0,0.0,0.0,,0.0,,
40_0608,40,Oklahoma,_,Crack Sealing,crack_sealing,1996,12,7,0.0,3.0,3.0,3.2857142857142856,9.0,5.714285714285714,-2.7142857142857144
40_0601,40,Oklahoma,_,Partial Depth Patching of PCC Pavement Other Than at Joint,patching,1996,8,7,8.0,15.0,7.0,2.142857142857143,7.285714285714286,5.142857142857142,1.8571428571428577
40_0602,40,Oklahoma,_,"AC Shoulder Replacement, Grinding Surface, Transverse Joint Sealing, Partial depth patching of PCC pavements at joints",crack_sealing,1992,8,8,11.0,7.0,-4.0,2.5,1.125,-1.375,-2.625
40_0603,40,Oklahoma,_,"AC Shoulder Restoration, Asphalt Concrete Overlay",asphalt_overlay,1992,8,8,0.0,0.0,0.0,3.875,2.0,-1.875,1.875
40_0604,40,Oklahoma,_,"AC Shoulder Restoration, Asphalt Concrete Overlay, Saw and Seal",crack_sealing,1992,8,8,13.0,0.0,-13.0,2.25,2.0,-0.25,-12.75
40_0605,40,Oklahoma,_,"AC Shoulder Replacement, Grinding Surface, Transverse Joint Sealing, Longitudinal Subdrains",crack_sealing,1992,12,12,0.0,0.0,0.0,4.5,3.5833333333333335,-0.9166666666666665,0.9166666666666665
40_0606,40,Oklahoma,_,"AC Shoulder Restoration, Asphalt Concrete Overlay, Longitudinal Subdrains",asphalt_overlay,1992,12,12,7.0,0.0,-7.0,3.9166666666666665,3.5833333333333335,-0.33333333333333304,-6.666666666666667
19_3028,19,Iowa,3_218,Full Depth Transverse Joint Repair Patch,patching,2006,5,2,0.0,0.0,0.0,2.0,2.0,0.0,0.0
48_1169,48,Texas,3_322,Aggregate Seal Coat,seal_coat,2003,7,1,0.0,0.0,0.0,8.0,37.0,29.0,-29.0
12_3811,12,Florida,2_10,"Patch Pot Holes - Hand Spread, Compacted with Truck",patching,2003,1,1,88.0,88.0,0.0,1.0,3.0,2.0,-2.0
4_0502,4,Arizona,_,Fog Seal Coat,seal_coat,1998,10,9,9.0,54.0,45.0,2.6666666666666665,7.333333333333333,4.666666666666666,40.333333333333336
4_0503,4,Arizona,_,Fog Seal Coat,seal_coat,1998,10,9,2.0,6.0,4.0,3.4444444444444446,12.666666666666666,9.222222222222221,-5.222222222222221
4_0504,4,Arizona,_,Fog Seal Coat,seal_coat,1998,8,8,0.0,0.0,0.0,2.75,12.0,9.25,-9.25
4_0505,4,Arizona,_,Fog Seal Coat,seal_coat,1998,10,9,8.0,20.0,12.0,2.7777777777777777,11.11111111111111,8.333333333333332,3.666666666666668
4_0506,4,Arizona,_,Fog Seal Coat,seal_coat,1998,10,9,0.0,1.0,1.0,3.6666666666666665,13.222222222222221,9.555555555555555,-8.555555555555555
4_0507,4,Arizona,_,Fog Seal Coat,seal_coat,1998,8,8,0.0,0.0,0.0,2.75,12.0,9.25,-9.25
4_0508,4,Arizona,_,Fog Seal Coat,seal_coat,1998,10,9,0.0,0.0,0.0,3.6666666666666665,13.333333333333334,9.666666666666668,-9.666666666666668
4_0509,4,Arizona,_,Fog Seal Coat,seal_coat,1998,10,9,3.0,14.0,11.0,3.3333333333333335,11.777777777777779,8.444444444444445,2.5555555555555554
4_0559,4,Arizona,_,Fog Seal Coat,seal_coat,1998,10,9,0.0,1.0,1.0,3.6666666666666665,13.222222222222221,9.555555555555555,-8.555555555555555
4_0560,4,Arizona,_,Fog Seal Coat,seal_coat,1998,8,7,11.0,24.0,13.0,3.142857142857143,13.714285714285714,10.571428571428571,2.428571428571429
19_5042,19,Iowa,2_35,Partial Depth Patching of PCC Pavement Other Than at Joint,patching,2003,8,1,1.0,1.0,0.0,1.0,2.0,1.0,-1.0
31_3023,31,Nebraska,2_80,Full Depth Patching of PCC Pavement Other Than at Joint,patching,2001,5,3,9.0,13.0,4.0,0.0,0.0,0.0,4.0
40_0501,40,Oklahoma,_,Skin Patching (hand tools/hot pot to apply liquid asphalt and aggregate),patching,1999,9,8,0.0,0.0,0.0,0.0,0.0,0.0,0.0
6_0504,6,California,_,Skin Patching (hand tools/hot pot to apply liquid asphalt and aggregate),patching,2002,9,9,13.0,25.0,12.0,31.666666666666668,31.77777777777778,0.11111111111111072,11.88888888888889
6_0561,6,California,_,"Patch Pot Holes - Hand Spread, Compacted with Truck",patching,2001,11,8,26.0,44.0,18.0,13.75,13.625,-0.125,18.125
6_0563,6,California,_,Mechanical Premix Patch (using motor grader and roller),patching,2000,9,6,3.0,2.0,-1.0,14.333333333333334,15.833333333333334,1.5,-2.5
6_0571,6,California,_,Mechanical Premix Patch (using motor grader and roller),patching,2000,9,7,5.0,5.0,0.0,30.714285714285715,34.57142857142857,3.857142857142854,-3.857142857142854
6_0569,6,California,_,"Surface Treatment, Single Layer",seal_coat,2000,9,8,54.0,54.0,0.0,22.375,24.375,2.0,-2.0
6_0508,6,California,_,"Surface Treatment, Single Layer",seal_coat,2000,11,11,5.0,4.0,-1.0,30.636363636363637,31.818181818181817,1.1818181818181799,-2.18181818181818
6_0509,6,California,_,"Surface Treatment, Single Layer",seal_coat,2000,11,11,34.0,41.0,7.0,28.0,28.454545454545453,0.45454545454545325,6.545454545454547
6_0506,6,California,_,Crack Sealing,crack_sealing,2000,11,11,25.0,13.0,-12.0,28.818181818181817,30.181818181818183,1.3636363636363669,-13.363636363636367
6_0501,6,California,_,Crack Sealing,crack_sealing,2000,8,8,46.0,44.0,-2.0,24.375,25.0,0.625,-2.625
6_0502,6,California,_,Crack Sealing,crack_sealing,2000,8,8,46.0,54.0,8.0,24.375,23.75,-0.625,8.625
6_0505,6,California,_,Crack Sealing,crack_sealing,2000,10,10,32.0,33.0,1.0,30.9,30.7,-0.1999999999999993,1.1999999999999993
6_0503,6,California,_,"Patch Pot Holes - Hand Spread, Compacted with Truck",patching,1998,8,8,27.0,10.0,-17.0,27.125,25.5,-1.625,-15.375
6_0559,6,California,_,"Surface Treatment, Single Layer",seal_coat,1998,8,6,21.0,5.0,-16.0,16.166666666666668,12.5,-3.666666666666668,-12.333333333333332
6_0567,6,California,_,"Surface Treatment, Single Layer",seal_coat,1998,8,6,1.0,1.0,0.0,19.5,13.166666666666666,-6.333333333333334,6.333333333333334
6_0565,6,California,_,Crack Sealing,crack_sealing,1997,9,8,19.0,37.0,18.0,3.375,10.125,6.75,11.25
6_0570,6,California,_,"Patch Pot Holes - Hand Spread, Compacted with Truck",patching,1997,9,8,14.0,48.0,34.0,19.75,29.0,9.25,24.75
6_0568,6,California,_,Grinding Surface,grinding,1995,8,8,0.0,2.0,2.0,0.125,5.5,5.375,-3.375
20_4054,20,Kansas,2_70,Full Depth Patching of PCC Pavement Other Than at Joint,patching,1998,9,4,100.0,100.0,0.0,0.0,0.0,0.0,0.0
29_0665,29,Missouri,_,Crack Sealing,crack_sealing,1998,15,8,0.0,1.0,1.0,28.875,14.75,-14.125,15.125
29_0606,29,Missouri,_,Crack Sealing,crack_sealing,1997,8,8,0.0,0.0,0.0,28.875,14.875,-14.0,14.0
29_0666,29,Missouri,_,Partial depth patching of PCC pavements at joints,patching,1995,15,12,80.0,80.0,0.0,33.25,32.833333333333336,-0.4166666666666643,0.4166666666666643
29_0608,29,Missouri,_,Fracture Treatment of PCC Pavement as Base for New AC Surface,reconstruction_or_major_rehab,1992,8,8,100.0,0.0,-100.0,74.625,4.625,-70.0,-30.0
29_0604,29,Missouri,_,"Asphalt Concrete Overlay, Saw and Seal",crack_sealing,1992,8,8,78.0,0.0,-78.0,58.625,25.75,-32.875,-45.125
29_0603,29,Missouri,_,Full Depth Transverse Joint Repair Patch,patching,1992,8,8,67.0,0.0,-67.0,60.0,25.75,-34.25,-32.75
48_1046,48,Texas,2_40,Crack Sealing,crack_sealing,1998,3,3,14.0,56.0,42.0,3.0,5.666666666666667,2.666666666666667,39.333333333333336
48_J310,48,Texas,3_181,Crack Sealing,crack_sealing,2000,7,6,0.0,1.0,1.0,0.6666666666666666,2.1666666666666665,1.5,-0.5
48_J320,48,Texas,3_181,Crack Sealing,crack_sealing,2000,7,6,1.0,1.0,0.0,0.5,2.1666666666666665,1.6666666666666665,-1.6666666666666665
48_J350,48,Texas,3_181,Crack Sealing,crack_sealing,2000,7,6,0.0,1.0,1.0,0.6666666666666666,2.1666666666666665,1.5,-0.5
48_E420,48,Texas,3_96,Partial depth patching of PCC pavements at joints,patching,1999,3,3,0.0,0.0,0.0,0.0,0.0,0.0,0.0
1_A310,1,Alabama,4_152,Crack Sealing,crack_sealing,1998,6,4,41.0,38.0,-3.0,20.75,24.75,4.0,-7.0
1_A320,1,Alabama,4_152,Crack Sealing,crack_sealing,1998,6,4,36.0,39.0,3.0,22.0,24.5,2.5,0.5
1_A330,1,Alabama,4_152,Crack Sealing,crack_sealing,1998,6,4,26.0,34.0,8.0,24.5,25.75,1.25,6.75
48_I320,48,Texas,4_30,AC Shoulder Restoration,shoulder_restoration,1998,8,5,0.0,0.0,0.0,2.6,4.0,1.4,-1.4
48_I350,48,Texas,4_30,AC Shoulder Restoration,shoulder_restoration,1998,8,5,0.0,0.0,0.0,2.6,4.0,1.4,-1.4
40_B330,40,Oklahoma,4_3E,Crack Sealing,crack_sealing,1994,9,8,16.0,27.0,11.0,3.625,6.875,3.25,7.75
48_Q350,48,Texas,3_84,Fog Seal Coat,seal_coat,1990,6,6,0.0,0.0,0.0,0.0,0.3333333333333333,0.3333333333333333,-0.3333333333333333
48_B320,48,Texas,3_175,Slurry Seal Coat,seal_coat,1990,11,3,5.0,0.0,-5.0,2.0,0.6666666666666666,-1.3333333333333335,-3.6666666666666665
48_B350,48,Texas,3_175,Aggregate Seal Coat,seal_coat,1990,14,3,3.0,0.0,-3.0,2.6666666666666665,0.6666666666666666,-2.0,-1.0
48_B310,48,Texas,3_175,Asphalt Concrete Overlay,asphalt_overlay,1990,11,3,1.0,0.0,-1.0,3.3333333333333335,3.3333333333333335,0.0,-1.0
17_5869,17,Illinois,4_6,Partial depth patching of PCC pavements at joints,patching,2003,2,2,1.0,1.0,0.0,0.5,54.0,53.5,-53.5
27_0501,27,Minnesota,_,Skin Patching (hand tools/hot pot to apply liquid asphalt and aggregate),patching,2001,8,8,1.0,0.0,-1.0,0.0,0.0,0.0,-1.0
29_0705,29,Missouri,_,"Crack Sealing, Transverse Joint Sealing, Lane-Shoulder Longitudinal Joint Sealing",crack_sealing,2000,10,8,44.0,48.0,4.0,53.875,61.375,7.5,-3.5
29_0708,29,Missouri,_,"Crack Sealing, Transverse Joint Sealing, Lane-Shoulder Longitudinal Joint Sealing",crack_sealing,2000,10,8,100.0,100.0,0.0,46.875,54.875,8.0,-8.0
29_0709,29,Missouri,_,"Crack Sealing, Transverse Joint Sealing, Lane-Shoulder Longitudinal Joint Sealing",crack_sealing,2000,10,8,100.0,100.0,0.0,46.875,54.875,8.0,-8.0
29_0759,29,Missouri,_,Crack Sealing,crack_sealing,2000,8,8,0.0,8.0,8.0,59.375,66.375,7.0,1.0
29_0760,29,Missouri,_,"Crack Sealing, Transverse Joint Sealing, Lane-Shoulder Longitudinal Joint Sealing",crack_sealing,2000,10,8,92.0,92.0,0.0,47.875,55.875,8.0,-8.0
29_0703,29,Missouri,_,PCC Slab Replacement,reconstruction_or_major_rehab,1999,10,8,40.0,44.0,4.0,54.375,61.875,7.5,-3.5
19_6049,19,Iowa,2_80,"Machine Premix Patch (placing premix with paver roller), Strip Patching (using spreader and distributor to apply hot liquid asphalt and aggregate)",patching,1997,5,2,2.0,30.0,28.0,0.0,0.0,0.0,28.0
29_0704,29,Missouri,_,Partial depth patching of PCC pavements at joints,patching,1997,10,10,48.0,36.0,-12.0,59.8,63.9,4.100000000000001,-16.1
29_5000,29,Missouri,2_35,Partial Depth Patching of PCC Pavement Other Than at Joint,patching,1995,8,5,63.0,88.0,25.0,58.0,47.0,-11.0,36.0
17_A330,17,Illinois,3_50,Crack Sealing,crack_sealing,1995,8,5,0.0,1.0,1.0,0.0,0.4,0.4,0.6
26_C330,26,Michigan,4_61,"Patch Pot Holes - Hand Spread, Compacted with Truck",patching,1994,8,6,3.0,5.0,2.0,6.166666666666667,8.333333333333334,2.166666666666667,-0.16666666666666696
26_C351,26,Michigan,4_61,"Patch Pot Holes - Hand Spread, Compacted with Truck",patching,1992,8,6,0.0,0.0,0.0,0.6666666666666666,0.8333333333333334,0.16666666666666674,-0.16666666666666674
27_0502,27,Minnesota,_,Crack Sealing,crack_sealing,1991,8,8,0.0,0.0,0.0,0.0,0.0,0.0,0.0
27_0503,27,Minnesota,_,Crack Sealing,crack_sealing,1991,8,8,0.0,0.0,0.0,0.0,0.0,0.0,0.0
27_0504,27,Minnesota,_,Crack Sealing,crack_sealing,1991,11,11,0.0,0.0,0.0,0.09090909090909091,0.0,-0.09090909090909091,0.09090909090909091
27_0505,27,Minnesota,_,Crack Sealing,crack_sealing,1991,11,11,0.0,0.0,0.0,0.09090909090909091,0.0,-0.09090909090909091,0.09090909090909091
27_0506,27,Minnesota,_,Crack Sealing,crack_sealing,1991,11,11,0.0,0.0,0.0,0.09090909090909091,0.0,-0.09090909090909091,0.09090909090909091
27_0507,27,Minnesota,_,Crack Sealing,crack_sealing,1991,11,11,0.0,0.0,0.0,0.09090909090909091,0.0,-0.09090909090909091,0.09090909090909091
27_0508,27,Minnesota,_,Crack Sealing,crack_sealing,1991,8,8,0.0,0.0,0.0,0.0,0.0,0.0,0.0
27_0509,27,Minnesota,_,Crack Sealing,crack_sealing,1991,11,11,0.0,0.0,0.0,0.09090909090909091,0.0,-0.09090909090909091,0.09090909090909091
27_0559,27,Minnesota,_,Crack Sealing,crack_sealing,1991,8,8,0.0,0.0,0.0,0.125,0.0,-0.125,0.125
27_0560,27,Minnesota,_,Crack Sealing,crack_sealing,1991,8,8,1.0,0.0,-1.0,0.0,0.0,0.0,-1.0
27_0561,27,Minnesota,_,Crack Sealing,crack_sealing,1991,11,11,0.0,0.0,0.0,0.09090909090909091,0.0,-0.09090909090909091,0.09090909090909091
48_1168,48,Texas,10_564,Aggregate Seal Coat,seal_coat,2002,7,1,31.0,11.0,-20.0,2.0,6.0,4.0,-24.0
6_0603,6,California,_,Crack Sealing,crack_sealing,2000,11,11,9.0,25.0,16.0,,,,
6_0607,6,California,_,Crack Sealing,crack_sealing,2000,14,14,57.0,54.0,-3.0,,,,
6_0608,6,California,_,Crack Sealing,crack_sealing,1999,10,9,0.0,6.0,6.0,31.11111111111111,,,
6_0662,6,California,_,"Patch Pot Holes - Hand Spread, Compacted with Truck",patching,1998,11,11,3.0,0.0,-3.0,27.727272727272727,,,
6_0606,6,California,_,"Patch Pot Holes - Hand Spread, Compacted with Truck",patching,1994,15,14,0.0,0.0,0.0,8.928571428571429,12.571428571428571,3.6428571428571423,-3.6428571428571423
6_0664,6,California,_,"AC Shoulder Restoration, Asphalt Concrete Overlay, Fracture Treatment of PCC Pavement as Base for New AC Surface",asphalt_overlay,1992,9,6,67.0,0.0,-67.0,,8.0,,
6_0604,6,California,_,"AC Shoulder Restoration, Asphalt Concrete Overlay, Transverse Joint Sealing, Full Depth Patching of PCC Pavement Other Than at Joint, Saw and Seal, PCC Slab Replacement",crack_sealing,1992,9,6,59.0,0.0,-59.0,,8.0,,
6_0660,6,California,_,"AC Shoulder Restoration, Asphalt Concrete Overlay, Fracture Treatment of PCC Pavement as Base for New AC Surface",asphalt_overlay,1992,9,3,72.0,0.0,-72.0,51.333333333333336,16.0,-35.333333333333336,-36.666666666666664
18_0603,18,Indiana,_,Crack Sealing,crack_sealing,1994,10,8,0.0,6.0,6.0,,3.25,,
18_0606,18,Indiana,_,Crack Sealing,crack_sealing,1994,8,6,0.0,6.0,6.0,,3.3333333333333335,,
18_0607,18,Indiana,_,Crack Sealing,crack_sealing,1994,10,3,0.0,10.0,10.0,0.6666666666666666,3.6666666666666665,3.0,7.0
18_0608,18,Indiana,_,Crack Sealing,crack_sealing,1994,8,5,0.0,1.0,1.0,0.2,4.0,3.8,-2.8
18_0659,18,Indiana,_,Crack Sealing,crack_sealing,1994,12,8,0.0,1.0,1.0,,3.875,,
18_0661,18,Indiana,_,Crack Sealing,crack_sealing,1994,8,6,0.0,7.0,7.0,,3.1666666666666665,,
18_0662,18,Indiana,_,Crack Sealing,crack_sealing,1994,8,4,0.0,5.0,5.0,0.25,2.5,2.25,2.75
18_0665,18,Indiana,_,Crack Sealing,crack_sealing,1994,11,5,1.0,2.0,1.0,0.2,5.0,4.8,-3.8
18_0669,18,Indiana,_,Crack Sealing,crack_sealing,1994,10,3,0.0,1.0,1.0,0.6666666666666666,6.666666666666667,6.0,-5.0
18_0670,18,Indiana,_,Crack Sealing,crack_sealing,1994,10,3,1.0,8.0,7.0,0.3333333333333333,4.333333333333333,3.9999999999999996,3.0000000000000004
29_A330,29,Missouri,3_54,Crack Sealing,crack_sealing,1997,9,6,1.0,23.0,22.0,10.833333333333334,34.0,23.166666666666664,-1.1666666666666643
45_5035,45,South Carolina,2_20,Full Depth Patching of PCC Pavement Other Than at Joint,patching,1998,1,1,6.0,10.0,4.0,0.0,0.0,0.0,4.0
1_4084,1,Alabama,2_59,Crack Sealing,crack_sealing,1995,2,2,100.0,100.0,0.0,7.0,20.0,13.0,-13.0
42_0603,42,Pennsylvania,_,Machine Premix Patch (placing premix with paver roller),patching,2005,12,12,1.0,1.0,0.0,10.916666666666666,7.166666666666667,-3.749999999999999,3.749999999999999
42_0602,42,Pennsylvania,_,Partial Depth Patching of PCC Pavement Other Than at Joint,patching,1998,8,8,12.0,12.0,0.0,2.25,4.5,2.25,-2.25
42_0660,42,Pennsylvania,_,"AC Shoulder Restoration, Asphalt Concrete Overlay, Longitudinal Subdrains, Fracture Treatment of PCC Pavement as Base for New AC Surface",asphalt_overlay,1992,10,8,33.0,0.0,-33.0,16.625,1.875,-14.75,-18.25
42_0659,42,Pennsylvania,_,Partial depth patching of PCC pavements at joints,patching,1991,8,5,0.0,11.0,11.0,21.4,18.0,-3.3999999999999986,14.399999999999999
42_0604,42,Pennsylvania,_,PCC Slab Replacement,reconstruction_or_major_rehab,1991,12,5,13.0,30.0,17.0,18.8,14.2,-4.600000000000001,21.6
42_0601,42,Pennsylvania,_,Full Depth Transverse Joint Repair Patch,patching,1991,8,5,0.0,0.0,0.0,21.4,20.2,-1.1999999999999993,1.1999999999999993
13_1031,13,Georgia,3_19,"Grinding Surface, Surface Treatment, Single Layer",seal_coat,1997,2,2,1.0,0.0,-1.0,0.0,0.0,0.0,-1.0
17_B350,17,Illinois,3_20,Manual Premix Spot Patch (hand spreading and compacting with roller),patching,2002,6,5,0.0,0.0,0.0,5.6,3.6,-1.9999999999999996,1.9999999999999996
17_1002,17,Illinois,3_20,Lane-Shoulder Longitudinal Joint Sealing,crack_sealing,1996,6,5,0.0,7.0,7.0,0.0,0.2,0.2,6.8
17_B330,17,Illinois,3_20,Lane-Shoulder Longitudinal Joint Sealing,crack_sealing,1996,6,5,0.0,0.0,0.0,0.0,1.6,1.6,-1.6
17_B340,17,Illinois,3_20,Lane-Shoulder Longitudinal Joint Sealing,crack_sealing,1996,6,5,0.0,0.0,0.0,0.0,1.6,1.6,-1.6
17_B310,17,Illinois,3_20,Crack Sealing,crack_sealing,1993,6,5,0.0,0.0,0.0,0.0,0.0,0.0,0.0
20_4063,20,Kansas,2_435,"Crack Sealing, Lane-Shoulder Longitudinal Joint Sealing",crack_sealing,2003,6,4,58.0,54.0,-4.0,43.75,38.5,-5.25,1.25
47_0601,47,Tennessee,_,"Partial Depth Patching of PCC Pavement Other Than at Joint, PCC Slab Replacement",patching,2002,8,7,5.0,17.0,12.0,2.142857142857143,,,
47_0602,47,Tennessee,_,PCC Slab Replacement,reconstruction_or_major_rehab,1999,9,9,2.0,0.0,-2.0,1.0,0.1111111111111111,-0.8888888888888888,-1.1111111111111112
47_0605,47,Tennessee,_,"AC Shoulder Replacement, Grinding Surface, Transverse Joint Sealing, Longitudinal Subdrains",crack_sealing,1996,10,10,0.0,0.0,0.0,0.0,0.7,0.7,-0.7
47_0606,47,Tennessee,_,Grinding Surface,grinding,1996,10,10,0.0,0.0,0.0,0.0,0.7,0.7,-0.7
29_B340,29,Missouri,10_3,"Crack Sealing, Skin Patching (hand tools/hot pot to apply liquid asphalt and aggregate), Strip Patching (using spreader and distributor to apply hot liquid asphalt and aggregate)",crack_sealing,2002,8,6,1.0,1.0,0.0,6.5,6.666666666666667,0.16666666666666696,-0.16666666666666696
29_1002,29,Missouri,10_3,Crack Sealing,crack_sealing,2001,8,6,9.0,9.0,0.0,5.166666666666667,5.333333333333333,0.16666666666666607,-0.16666666666666607
29_B310,29,Missouri,10_3,"Crack Sealing, Strip Patching (using spreader and distributor to apply hot liquid asphalt and aggregate)",crack_sealing,1998,8,6,1.0,3.0,2.0,1.1666666666666667,6.166666666666667,5.0,-3.0
29_B320,29,Missouri,10_3,"Crack Sealing, Strip Patching (using spreader and distributor to apply hot liquid asphalt and aggregate)",crack_sealing,1998,8,6,2.0,5.0,3.0,1.0,5.833333333333333,4.833333333333333,-1.833333333333333
29_B330,29,Missouri,10_3,"Crack Sealing, Strip Patching (using spreader and distributor to apply hot liquid asphalt and aggregate)",crack_sealing,1998,8,6,0.0,1.0,1.0,1.3333333333333333,6.5,5.166666666666667,-4.166666666666667
29_B350,29,Missouri,10_3,"Crack Sealing, Strip Patching (using spreader and distributor to apply hot liquid asphalt and aggregate)",crack_sealing,1998,8,6,0.0,1.0,1.0,1.3333333333333333,6.5,5.166666666666667,-4.166666666666667
29_B351,29,Missouri,10_3,Crack Sealing,crack_sealing,1998,8,6,0.0,20.0,20.0,1.3333333333333333,3.3333333333333335,2.0,18.0
48_2108,48,Texas,10_197,"Patch Pot Holes - Hand Spread, Compacted with Truck",patching,1995,2,2,13.0,15.0,2.0,0.0,0.0,0.0,2.0
1_C330,1,Alabama,3_84,"Patch Pot Holes - Hand Spread, Compacted with Truck",patching,1992,12,8,48.0,47.0,-1.0,25.375,17.375,-8.0,7.0
48_1069,48,Texas,3_175,Manual Premix Spot Patch (hand spreading and compacting with roller),patching,2002,11,10,8.0,30.0,22.0,4.6,8.1,3.5,18.5
48_1070,48,Texas,3_175,"Patch Pot Holes - Hand Spread, Compacted with Truck",patching,1997,8,8,14.0,1.0,-13.0,0.0,0.125,0.125,-13.125
4_0663,4,Arizona,_,Partial depth patching of PCC pavements at joints,patching,1999,8,8,0.0,0.0,0.0,1.375,1.75,0.375,-0.375
4_0603,4,Arizona,_,Crack Sealing,crack_sealing,1995,8,5,0.0,1.0,1.0,0.2,1.4,1.2,-0.19999999999999996
4_0604,4,Arizona,_,Crack Sealing,crack_sealing,1995,10,9,0.0,0.0,0.0,0.2222222222222222,1.3333333333333333,1.1111111111111112,-1.1111111111111112
4_0661,4,Arizona,_,Crack Sealing,crack_sealing,1995,10,9,0.0,1.0,1.0,0.2222222222222222,1.2222222222222223,1.0,0.0
4_0662,4,Arizona,_,Crack Sealing,crack_sealing,1995,11,9,1.0,5.0,4.0,0.1111111111111111,0.7777777777777778,0.6666666666666667,3.333333333333333
4_0606,4,Arizona,_,Crack Sealing,crack_sealing,1995,8,8,0.0,0.0,0.0,0.25,1.375,1.125,-1.125
4_0607,4,Arizona,_,Crack Sealing,crack_sealing,1995,8,8,0.0,2.0,2.0,0.25,1.125,0.875,1.125
4_0608,4,Arizona,_,Crack Sealing,crack_sealing,1995,8,8,0.0,1.0,1.0,0.25,1.25,1.0,0.0
4_0659,4,Arizona,_,Crack Sealing,crack_sealing,1995,9,9,0.0,1.0,1.0,0.2222222222222222,1.2222222222222223,1.0,0.0
4_0660,4,Arizona,_,Crack Sealing,crack_sealing,1995,8,8,1.0,1.0,0.0,0.125,1.25,1.125,-1.125
48_5323,48,Texas,2_40,"Full Depth Patching of PCC Pavement Other Than at Joint, Partial Depth Patching of PCC Pavement Other Than at Joint",patching,1998,4,4,6.0,13.0,7.0,4.5,15.0,10.5,-3.5
47_B330,47,Tennessee,4_56,Crack Sealing,crack_sealing,1993,12,10,1.0,0.0,-1.0,0.0,0.0,0.0,-1.0
47_0607,47,Tennessee,_,Manual Premix Spot Patch (hand spreading and compacting with roller),patching,1997,10,9,0.0,2.0,2.0,0.2222222222222222,1.0,0.7777777777777778,1.2222222222222223
48_L310,48,Texas,3_62,Asphalt Concrete Overlay,asphalt_overlay,1991,6,5,0.0,0.0,0.0,1.0,1.0,0.0,0.0
48_L320,48,Texas,3_62,Slurry Seal Coat,seal_coat,1990,6,4,0.0,0.0,0.0,1.5,1.25,-0.25,0.25
48_L350,48,Texas,3_62,Aggregate Seal Coat,seal_coat,1990,6,4,1.0,0.0,-1.0,1.25,1.25,0.0,-1.0
40_0607,40,Oklahoma,_,Crack Sealing,crack_sealing,1996,12,7,1.0,12.0,11.0,3.142857142857143,7.714285714285714,4.571428571428571,6.428571428571429
48_1109,48,Texas,4_19,Aggregate Seal Coat,seal_coat,1997,6,6,13.0,20.0,7.0,0.0,0.0,0.0,7.0
48_5154,48,Texas,2_10,Full Depth Patching of PCC Pavement Other Than at Joint,patching,2001,2,1,1.0,1.0,0.0,0.0,0.0,0.0,0.0
28_1802,28,Mississippi,3_84,"Patch Pot Holes - Hand Spread, Compacted with Truck",patching,1999,5,4,32.0,29.0,-3.0,19.5,22.75,3.25,-6.25
17_0601,17,Illinois,_,Partial Depth Patching of PCC Pavement Other Than at Joint,patching,1994,9,9,100.0,100.0,0.0,32.111111111111114,32.333333333333336,0.22222222222222143,-0.22222222222222143
48_1096,48,Texas,3_90,Aggregate Seal Coat,seal_coat,1996,8,8,35.0,1.0,-34.0,7.875,6.375,-1.5,-32.5
30_0502,30,Montana,_,"Patch Pot Holes - Hand Spread, Compacted with Truck",patching,2000,8,8,48.0,54.0,6.0,21.625,25.25,3.625,2.375
30_0503,30,Montana,_,"Patch Pot Holes - Hand Spread, Compacted with Truck",patching,1999,11,11,30.0,46.0,16.0,14.909090909090908,16.09090909090909,1.1818181818181817,14.818181818181818
30_0561,30,Montana,_,"Patch Pot Holes - Hand Spread, Compacted with Truck",patching,1997,8,7,26.0,26.0,0.0,7.428571428571429,18.571428571428573,11.142857142857144,-11.142857142857144
20_A310,20,Kansas,4_68,Crack Sealing,crack_sealing,2000,5,4,4.0,5.0,1.0,10.75,3.25,-7.5,8.5
20_A320,20,Kansas,4_68,Crack Sealing,crack_sealing,2000,5,4,5.0,2.0,-3.0,10.5,4.0,-6.5,3.5
20_A330,20,Kansas,4_68,Crack Sealing,crack_sealing,2000,5,4,1.0,1.0,0.0,11.5,4.25,-7.25,7.25
20_A350,20,Kansas,4_68,Crack Sealing,crack_sealing,2000,5,4,2.0,1.0,-1.0,11.25,4.25,-7.0,6.0
48_1068,48,Texas,4_19,Tack Coat,seal_coat,1993,2,2,9.0,20.0,11.0,,5.5,,
48_1047,48,Texas,2_40,"Patch Pot Holes - Hand Spread, Compacted with Truck",patching,1996,4,4,3.0,2.0,-1.0,5.0,5.5,0.5,-1.5
19_3006,19,Iowa,3_30,"Partial depth patching of PCC pavements at joints, Partial Depth Patching of PCC Pavement Other Than at Joint",patching,1999,3,2,21.0,21.0,0.0,1.0,3.0,2.0,-2.0
12_1370,12,Florida,4_407,"Patch Pot Holes - Hand Spread, Compacted with Truck",patching,1998,3,2,15.0,26.0,11.0,0.0,0.0,0.0,11.0
29_0601,29,Missouri,_,"Transverse Joint Sealing, Lane-Shoulder Longitudinal Joint Sealing, Full Depth Patching of PCC Pavement Other Than at Joint",crack_sealing,1995,11,11,58.0,67.0,9.0,13.454545454545455,14.909090909090908,1.4545454545454533,7.545454545454547
29_0605,29,Missouri,_,Grinding Surface,grinding,1992,15,15,56.0,32.0,-24.0,72.73333333333333,11.933333333333334,-60.8,36.8
29_0602,29,Missouri,_,Grinding Surface,grinding,1992,10,10,70.0,30.0,-40.0,59.5,17.6,-41.9,1.8999999999999986
48_C430,48,Texas,3_287,"Full Depth Transverse Joint Repair Patch, Partial depth patching of PCC pavements at joints",patching,1993,3,3,6.0,6.0,0.0,8.333333333333334,10.0,1.666666666666666,-1.666666666666666
48_3589,48,Texas,3_287,Partial depth patching of PCC pavements at joints,patching,1992,3,3,0.0,6.0,6.0,0.6666666666666666,8.333333333333334,7.666666666666667,-1.666666666666667
48_C410,48,Texas,3_287,Partial depth patching of PCC pavements at joints,patching,1992,3,3,2.0,8.0,6.0,0.0,7.666666666666667,7.666666666666667,-1.666666666666667
48_C420,48,Texas,3_287,Partial depth patching of PCC pavements at joints,patching,1992,3,3,0.0,11.0,11.0,0.6666666666666666,6.666666666666667,6.0,5.0
8_0501,8,Colorado,_,Crack Sealing,crack_sealing,1997,8,8,27.0,38.0,11.0,9.375,13.5,4.125,6.875
8_0502,8,Colorado,_,"Crack Sealing, Patch Pot Holes - Hand Spread, Compacted with Truck",crack_sealing,1997,8,8,14.0,28.0,14.0,9.125,14.875,5.75,8.25
8_0503,8,Colorado,_,"Crack Sealing, Patch Pot Holes - Hand Spread, Compacted with Truck",crack_sealing,1997,10,10,4.0,5.0,1.0,11.3,18.7,7.399999999999999,-6.399999999999999
8_0504,8,Colorado,_,"Crack Sealing, Patch Pot Holes - Hand Spread, Compacted with Truck",crack_sealing,1997,10,10,4.0,7.0,3.0,11.3,18.5,7.199999999999999,-4.199999999999999
8_0505,8,Colorado,_,Crack Sealing,crack_sealing,1997,10,10,12.0,23.0,11.0,10.5,16.9,6.399999999999999,4.600000000000001
8_0507,8,Colorado,_,Crack Sealing,crack_sealing,1997,10,10,27.0,23.0,-4.0,9.0,16.9,7.899999999999999,-11.899999999999999
8_0508,8,Colorado,_,"Crack Sealing, Patch Pot Holes - Hand Spread, Compacted with Truck",crack_sealing,1997,10,10,2.0,10.0,8.0,11.5,18.2,6.699999999999999,1.3000000000000007
8_0509,8,Colorado,_,"Crack Sealing, Patch Pot Holes - Hand Spread, Compacted with Truck",crack_sealing,1997,10,10,1.0,2.0,1.0,11.6,19.0,7.4,-6.4
8_0559,8,Colorado,_,Crack Sealing,crack_sealing,1997,8,8,3.0,7.0,4.0,12.375,17.375,5.0,-1.0
8_0560,8,Colorado,_,Crack Sealing,crack_sealing,1997,8,8,1.0,18.0,17.0,10.75,16.125,5.375,11.625
48_6079,48,Texas,2_40,"Patch Pot Holes - Hand Spread, Compacted with Truck",patching,1992,1,1,14.0,16.0,2.0,0.0,0.0,0.0,2.0
28_A330,28,Mississippi,3_84,Crack Sealing,crack_sealing,1993,5,5,27.0,27.0,0.0,4.8,7.8,3.0,-3.0
26_0604,26,Michigan,_,Saw and Seal,crack_sealing,1995,8,8,0.0,0.0,0.0,21.0,21.25,0.25,-0.25
1_C350,1,Alabama,3_84,"Patch Pot Holes - Hand Spread, Compacted with Truck",patching,1995,12,8,0.0,1.0,1.0,23.25,27.625,4.375,-3.375
6_0564,6,California,_,Grinding Surface,grinding,1995,9,9,0.0,0.0,0.0,0.1111111111111111,5.111111111111111,5.0,-5.0
48_1092,48,Texas,3_90,Aggregate Seal Coat,seal_coat,1991,8,8,20.0,1.0,-19.0,5.5,5.5,0.0,-19.0
26_0602,26,Michigan,_,Full Depth Patching of PCC Pavement Other Than at Joint,patching,1992,8,8,75.0,75.0,0.0,11.625,11.625,0.0,0.0
48_K310,48,Texas,10_1560,Asphalt Concrete Overlay,asphalt_overlay,1990,10,5,4.0,0.0,-4.0,11.0,8.0,-3.0,-1.0
48_K320,48,Texas,10_1560,Slurry Seal Coat,seal_coat,1990,10,5,4.0,0.0,-4.0,11.0,8.0,-3.0,-1.0
48_K350,48,Texas,10_1560,Aggregate Seal Coat,seal_coat,1990,10,5,8.0,0.0,-8.0,10.2,8.0,-2.1999999999999993,-5.800000000000001
26_A340,26,Michigan,3_131,Manual Premix Spot Patch (hand spreading and compacting with roller),patching,1992,8,8,22.0,29.0,7.0,13.125,20.875,7.75,-0.75
27_B310,27,Minnesota,3_2,Crack Sealing,crack_sealing,1991,9,6,0.0,8.0,8.0,0.16666666666666666,1.3333333333333333,1.1666666666666665,6.833333333333334
1_B310,1,Alabama,3_43,"Patch Pot Holes - Hand Spread, Compacted with Truck",patching,1996,5,5,0.0,14.0,14.0,40.8,37.8,-3.0,17.0
1_B320,1,Alabama,3_43,"Full Depth Patch of AC Pavement (removing damaged material, repairing supporting material, and repairing)",patching,1996,5,5,44.0,49.0,5.0,32.0,30.8,-1.1999999999999993,6.199999999999999
12_C320,12,Florida,4_442,"Patch Pot Holes - Hand Spread, Compacted with Truck",patching,1994,9,9,25.0,47.0,22.0,17.444444444444443,20.11111111111111,2.666666666666668,19.333333333333332
12_C321,12,Florida,4_442,"Patch Pot Holes - Hand Spread, Compacted with Truck",patching,1994,9,9,46.0,54.0,8.0,15.11111111111111,19.333333333333332,4.222222222222221,3.7777777777777786
12_C330,12,Florida,4_442,"Patch Pot Holes - Hand Spread, Compacted with Truck",patching,1992,9,9,31.0,40.0,9.0,7.333333333333333,15.777777777777779,8.444444444444446,0.5555555555555536
12_4154,12,Florida,4_442,Manual Premix Spot Patch (hand spreading and compacting with roller),patching,1991,9,5,49.0,49.0,0.0,25.0,6.2,-18.8,18.8
26_B321,26,Michigan,3_131,Manual Premix Spot Patch (hand spreading and compacting with roller),patching,1994,8,6,44.0,52.0,8.0,34.666666666666664,38.333333333333336,3.6666666666666714,4.333333333333329
26_B350,26,Michigan,3_131,Manual Premix Spot Patch (hand spreading and compacting with roller),patching,1994,13,11,27.0,24.0,-3.0,34.18181818181818,42.36363636363637,8.181818181818187,-11.181818181818187
48_G350,48,Texas,3_322,"Patch Pot Holes - Hand Spread, Compacted with Truck",patching,1991,7,5,0.0,0.0,0.0,2.0,0.0,-2.0,2.0
48_F320,48,Texas,4_19,Manual Premix Spot Patch (hand spreading and compacting with roller),patching,1994,6,6,0.0,4.0,4.0,,7.0,,
48_F330,48,Texas,4_19,"Patch Pot Holes - Hand Spread, Compacted with Truck",patching,1994,6,6,0.0,2.0,2.0,,7.333333333333333,,
19_0605,19,Iowa,_,"Crack Sealing, AC Shoulder Restoration",crack_sealing,2011,8,2,14.0,24.0,10.0,10.0,16.5,6.5,3.5
27_D310,27,Minnesota,3_169,Crack Sealing,crack_sealing,1994,9,4,1.0,2.0,1.0,44.5,45.0,0.5,0.5
20_1010,20,Kansas,3_400,Manual Premix Spot Patch (hand spreading and compacting with roller),patching,1995,8,8,13.0,12.0,-1.0,15.5,14.875,-0.625,-0.375
20_B330,20,Kansas,3_400,Crack Sealing,crack_sealing,1994,8,8,5.0,53.0,48.0,2.125,10.5,8.375,39.625
20_B310,20,Kansas,3_400,"Patch Pot Holes - Hand Spread, Compacted with Truck",patching,1992,8,5,0.0,0.0,0.0,1.6,4.4,2.8000000000000003,-2.8000000000000003
20_B320,20,Kansas,3_400,"Full Depth Patch of AC Pavement (removing damaged material, repairing supporting material, and repairing)",patching,1992,8,5,4.0,14.0,10.0,0.8,1.6,0.8,9.2
48_M340,48,Texas,3_59,"Full Depth Patch of AC Pavement (removing damaged material, repairing supporting material, and repairing)",patching,1995,5,5,12.0,34.0,22.0,11.6,34.6,23.0,-1.0
48_M310,48,Texas,3_59,"Full Depth Patch of AC Pavement (removing damaged material, repairing supporting material, and repairing)",patching,1995,5,5,16.0,36.0,20.0,10.8,34.2,23.400000000000002,-3.400000000000002
48_M320,48,Texas,3_59,"Full Depth Patch of AC Pavement (removing damaged material, repairing supporting material, and repairing)",patching,1995,5,5,7.0,30.0,23.0,12.6,35.4,22.799999999999997,0.20000000000000284
48_H330,48,Texas,4_105,Crack Sealing,crack_sealing,1993,8,8,2.0,5.0,3.0,2.375,3.5,1.125,1.875
48_1048,48,Texas,3_385,"Patch Pot Holes - Hand Spread, Compacted with Truck",patching,1996,1,1,8.0,3.0,-5.0,0.0,1.0,1.0,-6.0
48_1039,48,Texas,3_287,"Patch Pot Holes - Hand Spread, Compacted with Truck",patching,1992,8,8,43.0,46.0,3.0,2.375,3.5,1.125,1.875
47_A320,47,Tennessee,4_96,"Full Depth Patch of AC Pavement (removing damaged material, repairing supporting material, and repairing)",patching,1994,8,7,0.0,0.0,0.0,0.0,2.2857142857142856,2.2857142857142856,-2.2857142857142856
47_A310,47,Tennessee,4_96,Slurry Seal Coat,seal_coat,1992,8,7,0.0,0.0,0.0,0.14285714285714285,0.0,-0.14285714285714285,0.14285714285714285
47_A330,47,Tennessee,4_96,Crack Sealing,crack_sealing,1991,8,5,0.0,0.0,0.0,0.2,0.0,-0.2,0.2
48_2172,48,Texas,2_20,Aggregate Seal Coat,seal_coat,1991,4,4,0.0,0.0,0.0,1.25,2.25,1.0,-1.0
40_C330,40,Oklahoma,3_60,Manual Premix Spot Patch (hand spreading and compacting with roller),patching,1995,8,7,12.0,14.0,2.0,3.142857142857143,8.142857142857142,5.0,-3.0
40_C320,40,Oklahoma,3_60,"Patch Pot Holes - Hand Spread, Compacted with Truck",patching,1994,8,8,6.0,11.0,5.0,2.875,4.625,1.75,3.25
40_C350,40,Oklahoma,3_60,Manual Premix Spot Patch (hand spreading and compacting with roller),patching,1993,8,8,0.0,1.0,1.0,3.5,5.875,2.375,-1.375
48_F350,48,Texas,4_19,Mechanical Premix Patch (using motor grader and roller),patching,1992,7,7,0.0,0.0,0.0,0.8571428571428571,3.4285714285714284,2.571428571428571,-2.571428571428571
48_N330,48,Texas,3_77,"Full Depth Patch of AC Pavement (removing damaged material, repairing supporting material, and repairing)",patching,1991,8,5,2.0,4.0,2.0,0.2,2.0,1.8,0.19999999999999996
48_N320,48,Texas,3_77,Skin Patching (hand tools/hot pot to apply liquid asphalt and aggregate),patching,1990,8,4,2.0,0.0,-2.0,0.5,0.0,-0.5,-1.5
48_1183,48,Texas,3_84,Skin Patching (hand tools/hot pot to apply liquid asphalt and aggregate),patching,1991,8,6,1.0,1.0,0.0,4.833333333333333,3.0,-1.833333333333333,1.833333333333333
48_E330,48,Texas,3_84,"Crack Sealing, Skin Patching (hand tools/hot pot to apply liquid asphalt and aggregate)",crack_sealing,1991,8,6,10.0,6.0,-4.0,3.3333333333333335,2.1666666666666665,-1.166666666666667,-2.833333333333333
48_E340,48,Texas,3_84,Skin Patching (hand tools/hot pot to apply liquid asphalt and aggregate),patching,1991,8,6,18.0,8.0,-10.0,2.0,1.8333333333333333,-0.16666666666666674,-9.833333333333334
29_0659,29,Missouri,_,"Full Depth Patch of AC Pavement (removing damaged material, repairing supporting material, and repairing)",patching,1993,8,8,3.0,5.0,2.0,4.25,4.25,0.0,2.0
29_0607,29,Missouri,_,Asphalt Concrete Overlay,asphalt_overlay,1992,8,8,82.0,2.0,-80.0,76.875,4.375,-72.5,-7.5
27_D340,27,Minnesota,3_169,"Patch Pot Holes - Hand Spread, Compacted with Truck",patching,1994,8,4,54.0,57.0,3.0,31.25,31.25,0.0,3.0
27_1019,27,Minnesota,3_169,"Patch Pot Holes - Hand Spread, Compacted with Truck",patching,1994,9,4,54.0,54.0,0.0,31.25,32.0,0.75,-0.75
47_C330,47,Tennessee,2_75,Crack Sealing,crack_sealing,1992,8,8,2.0,2.0,0.0,5.25,4.875,-0.375,0.375
47_C350,47,Tennessee,2_75,"Patch Pot Holes - Hand Spread, Compacted with Truck",patching,1992,7,7,0.0,0.0,0.0,6.285714285714286,5.857142857142857,-0.4285714285714288,0.4285714285714288
40_4157,40,Oklahoma,3_69,Grinding Surface,grinding,2012,2,1,0.0,0.0,0.0,0.0,0.0,0.0,0.0
12_4000,12,Florida,3_92,"AC Shoulder Restoration, Grinding Surface, Transverse Joint Sealing, Lane-Shoulder Longitudinal Joint Sealing, PCC Slab Replacement",crack_sealing,2011,8,1,0.0,0.0,0.0,0.0,0.0,0.0,0.0
4_BA01,4,Arizona,2_10,Mill Existing Pavement and Overlay with Hot-Mix Recycled AC,asphalt_overlay,2016,5,5,1.0,0.0,-1.0,2.8,0.0,-2.8,1.7999999999999998
4_BA02,4,Arizona,2_10,Mill Existing Pavement and Overlay with Warm Mix Recycled AC,asphalt_overlay,2016,5,5,3.0,0.0,-3.0,2.4,0.0,-2.4,-0.6000000000000001
4_BA03,4,Arizona,2_10,Mill Existing Pavement and Overlay with Warm Mix Recycled AC,asphalt_overlay,2016,5,5,1.0,0.0,-1.0,2.8,0.0,-2.8,1.7999999999999998
4_BA59,4,Arizona,2_10,Mill Existing Pavement and Overlay with Hot-Mix Recycled AC,asphalt_overlay,2016,5,5,2.0,0.0,-2.0,2.6,0.0,-2.6,0.6000000000000001
4_BA60,4,Arizona,2_10,Mill Existing Pavement and Overlay with Warm Mix Recycled AC,asphalt_overlay,2016,5,5,3.0,0.0,-3.0,2.4,0.0,-2.4,-0.6000000000000001
4_BA61,4,Arizona,2_10,Mill Existing Pavement and Overlay with Warm Mix Recycled AC,asphalt_overlay,2016,5,5,5.0,0.0,-5.0,2.0,0.0,-2.0,-3.0
4_AA01,4,Arizona,2_40,Mill Existing Pavement and Overlay with Hot-Mix Recycled AC,asphalt_overlay,2016,5,5,1.0,0.0,-1.0,3.2,0.0,-3.2,2.2
4_AA02,4,Arizona,2_40,Mill Existing Pavement and Overlay with Warm Mix Recycled AC,asphalt_overlay,2016,5,5,7.0,0.0,-7.0,2.0,0.0,-2.0,-5.0
4_AA03,4,Arizona,2_40,Mill Existing Pavement and Overlay with Warm Mix Recycled AC,asphalt_overlay,2016,5,5,6.0,0.0,-6.0,2.2,0.0,-2.2,-3.8
4_AA59,4,Arizona,2_40,Mill Existing Pavement and Overlay with Hot-Mix Recycled AC,asphalt_overlay,2016,5,5,1.0,0.0,-1.0,3.2,0.0,-3.2,2.2
4_AA60,4,Arizona,2_40,Mill Existing Pavement and Overlay with Warm Mix Recycled AC,asphalt_overlay,2016,5,5,1.0,0.0,-1.0,3.2,0.0,-3.2,2.2
4_AA61,4,Arizona,2_40,Mill Existing Pavement and Overlay with Warm Mix Recycled AC,asphalt_overlay,2016,5,5,1.0,0.0,-1.0,3.2,0.0,-3.2,2.2
32_AA02,32,Nevada,2_580,Mill Existing Pavement and Overlay with Warm Mix Recycled AC,asphalt_overlay,2016,13,4,0.0,0.0,0.0,8.0,0.0,-8.0,8.0
32_AA61,32,Nevada,2_580,Mill Existing Pavement and Overlay with Warm Mix Recycled AC,asphalt_overlay,2016,8,4,8.0,0.0,-8.0,6.0,0.0,-6.0,-2.0
32_AA62,32,Nevada,2_580,Mill Existing Pavement and Overlay with Hot-Mix Recycled AC,asphalt_overlay,2016,8,4,0.0,0.0,0.0,8.0,0.0,-8.0,8.0
32_AA59,32,Nevada,2_580,Mill Existing Pavement and Overlay with Warm Mix Recycled AC,asphalt_overlay,2016,13,4,0.0,0.0,0.0,8.0,0.0,-8.0,8.0
32_AA60,32,Nevada,2_580,Mill Existing Pavement and Overlay with Warm Mix Recycled AC,asphalt_overlay,2016,8,4,24.0,0.0,-24.0,2.0,0.0,-2.0,-22.0
29_AA61,29,Missouri,3_54,"AC Shoulder Restoration, Asphalt Concrete Overlay",asphalt_overlay,2016,8,7,25.0,0.0,-25.0,3.7142857142857144,0.0,-3.7142857142857144,-21.285714285714285
29_AA01,29,Missouri,3_54,"AC Shoulder Restoration, Hot-Mix Recycled Asphalt Concrete Overlay",asphalt_overlay,2016,15,7,6.0,0.0,-6.0,6.428571428571429,0.0,-6.428571428571429,0.4285714285714288
29_AA02,29,Missouri,3_54,"AC Shoulder Restoration, Warm Mix AC Overlay with RAP and/or RAS",asphalt_overlay,2016,15,7,0.0,0.0,0.0,7.285714285714286,0.0,-7.285714285714286,7.285714285714286
29_AA03,29,Missouri,3_54,"AC Shoulder Restoration, Warm Mix AC Overlay with RAP and/or RAS",asphalt_overlay,2016,8,7,3.0,0.0,-3.0,6.857142857142857,0.0,-6.857142857142857,3.8571428571428568
29_AA62,29,Missouri,3_54,"AC Shoulder Restoration, Hot-Mix Recycled Asphalt Concrete Overlay",asphalt_overlay,2016,8,7,3.0,0.0,-3.0,6.857142857142857,0.0,-6.857142857142857,3.8571428571428568
29_AA63,29,Missouri,3_54,"AC Shoulder Restoration, Hot-Mix Recycled Asphalt Concrete Overlay",asphalt_overlay,2016,9,7,1.0,0.0,-1.0,7.142857142857143,0.0,-7.142857142857143,6.142857142857143
29_AA64,29,Missouri,3_54,"AC Shoulder Restoration, Hot-Mix Recycled Asphalt Concrete Overlay",asphalt_overlay,2016,12,8,4.0,0.0,-4.0,6.0,0.0,-6.0,2.0
29_AA65,29,Missouri,3_54,"AC Shoulder Restoration, Hot-Mix Recycled Asphalt Concrete Overlay",asphalt_overlay,2016,16,9,9.0,0.0,-9.0,5.333333333333333,0.0,-5.333333333333333,-3.666666666666667
29_AA66,29,Missouri,3_54,"AC Shoulder Restoration, Hot-Mix Recycled Asphalt Concrete Overlay",asphalt_overlay,2016,10,3,1.0,0.0,-1.0,6.0,0.0,-6.0,5.0
29_AA67,29,Missouri,3_54,"AC Shoulder Restoration, Hot-Mix Recycled Asphalt Concrete Overlay",asphalt_overlay,2016,9,2,5.0,0.0,-5.0,5.0,0.0,-5.0,0.0
22_0113,22,Louisiana,_,Mill Existing Pavement and Overlay with Hot-Mix Recycled AC,asphalt_overlay,2015,8,8,21.0,0.0,-21.0,3.875,0.0,-3.875,-17.125
22_0114,22,Louisiana,_,Mill Existing Pavement and Overlay with Hot-Mix Recycled AC,asphalt_overlay,2015,8,8,0.0,0.0,0.0,6.5,0.0,-6.5,6.5
22_0115,22,Louisiana,_,Mill Existing Pavement and Overlay with Hot-Mix Recycled AC,asphalt_overlay,2015,11,11,8.0,0.0,-8.0,7.0,0.0,-7.0,-1.0
22_0116,22,Louisiana,_,Mill Existing Pavement and Overlay with Hot-Mix Recycled AC,asphalt_overlay,2015,11,11,5.0,0.0,-5.0,7.2727272727272725,0.0,-7.2727272727272725,2.2727272727272725
22_0117,22,Louisiana,_,Mill Existing Pavement and Overlay with Hot-Mix Recycled AC,asphalt_overlay,2015,8,8,0.0,0.0,0.0,6.5,0.0,-6.5,6.5
22_0118,22,Louisiana,_,Mill Existing Pavement and Overlay with Hot-Mix Recycled AC,asphalt_overlay,2015,11,11,3.0,0.0,-3.0,7.454545454545454,0.0,-7.454545454545454,4.454545454545454
22_0119,22,Louisiana,_,Mill Existing Pavement and Overlay with Hot-Mix Recycled AC,asphalt_overlay,2015,8,8,6.0,0.0,-6.0,7.25,0.0,-7.25,1.25
22_0120,22,Louisiana,_,Mill Existing Pavement and Overlay with Hot-Mix Recycled AC,asphalt_overlay,2015,8,8,4.0,0.0,-4.0,7.5,0.0,-7.5,3.5
22_0121,22,Louisiana,_,Mill Existing Pavement and Overlay with Hot-Mix Recycled AC,asphalt_overlay,2015,8,8,23.0,0.0,-23.0,5.125,0.0,-5.125,-17.875
22_0122,22,Louisiana,_,Mill Existing Pavement and Overlay with Hot-Mix Recycled AC,asphalt_overlay,2015,11,11,10.0,0.0,-10.0,6.818181818181818,0.0,-6.818181818181818,-3.1818181818181817
22_0123,22,Louisiana,_,Mill Existing Pavement and Overlay with Hot-Mix Recycled AC,asphalt_overlay,2015,11,11,2.0,0.0,-2.0,7.545454545454546,0.0,-7.545454545454546,5.545454545454546
22_0124,22,Louisiana,_,Mill Existing Pavement and Overlay with Hot-Mix Recycled AC,asphalt_overlay,2015,11,11,3.0,0.0,-3.0,7.454545454545454,0.0,-7.454545454545454,4.454545454545454
41_AA01,41,Oregon,3_97,Mill Existing Pavement and Overlay with Hot-Mix Recycled AC,asphalt_overlay,2015,4,4,11.0,0.0,-11.0,2.0,0.0,-2.0,-9.0
41_AA02,41,Oregon,3_97,Mill Existing Pavement and Overlay with Warm Mix Recycled AC,asphalt_overlay,2015,4,4,0.0,0.0,0.0,4.75,0.0,-4.75,4.75
41_AA03,41,Oregon,3_97,Mill Existing Pavement and Overlay with Warm Mix Recycled AC,asphalt_overlay,2015,4,4,0.0,0.0,0.0,4.75,0.0,-4.75,4.75
41_AA59,41,Oregon,3_97,Mill Existing Pavement and Overlay with Hot-Mix Recycled AC,asphalt_overlay,2015,4,4,7.0,0.0,-7.0,3.0,0.0,-3.0,-4.0
41_AA60,41,Oregon,3_97,Mill Existing Pavement and Overlay with Hot-Mix Recycled AC,asphalt_overlay,2015,4,4,1.0,0.0,-1.0,4.5,0.0,-4.5,3.5
53_AA02,53,Washington,4_290,"Other, Mill Existing Pavement and Overlay with Warm Mix Recycled AC",asphalt_overlay,2015,13,6,24.0,0.0,-24.0,18.833333333333332,0.0,-18.833333333333332,-5.166666666666668
53_BA59,53,Washington,4_290,"Other, Mill Existing Pavement and Overlay with Hot-Mix Recycled AC",asphalt_overlay,2015,13,6,23.0,0.0,-23.0,19.0,0.0,-19.0,-4.0
53_AA01,53,Washington,4_290,"Other, Mill Existing Pavement and Overlay with Hot-Mix Recycled AC",asphalt_overlay,2015,10,6,32.0,0.0,-32.0,17.5,0.0,-17.5,-14.5
53_AA03,53,Washington,4_290,"Other, Mill Existing Pavement and Overlay with Warm Mix Recycled AC",asphalt_overlay,2015,13,6,30.0,0.0,-30.0,17.833333333333332,0.0,-17.833333333333332,-12.166666666666668
53_BA01,53,Washington,4_290,"Other, Mill Existing Pavement and Overlay with Hot-Mix Recycled AC",asphalt_overlay,2015,10,6,9.0,0.0,-9.0,21.333333333333332,0.0,-21.333333333333332,12.333333333333332
53_BA60,53,Washington,4_290,"Other, Mill Existing Pavement and Overlay with Hot-Mix Recycled AC",asphalt_overlay,2015,10,6,19.0,0.0,-19.0,19.666666666666668,0.0,-19.666666666666668,0.6666666666666679
12_AA61,12,Florida,4_77,Mill Existing Pavement and Overlay with Warm Mix Recycled AC,asphalt_overlay,2016,9,4,10.0,0.0,-10.0,13.5,0.75,-12.75,2.75
12_AA01,12,Florida,4_77,Mill Existing Pavement and Overlay with Hot-Mix Recycled AC,asphalt_overlay,2016,9,4,1.0,0.0,-1.0,15.75,0.75,-15.0,14.0
12_AA02,12,Florida,4_77,Mill Existing Pavement and Overlay with Warm Mix Recycled AC,asphalt_overlay,2016,9,4,20.0,0.0,-20.0,11.0,0.75,-10.25,-9.75
12_AA03,12,Florida,4_77,Mill Existing Pavement and Overlay with Warm Mix Recycled AC,asphalt_overlay,2016,9,4,33.0,0.0,-33.0,7.75,0.75,-7.0,-26.0
35_AA01,35,New Mexico,2_40,Mill Existing Pavement and Overlay with Hot-Mix Recycled AC,asphalt_overlay,2014,4,4,4.0,0.0,-4.0,2.0,0.0,-2.0,-2.0
48_AA02,48,Texas,3_277,Warm Mix AC Overlay with RAP and/or RAS,asphalt_overlay,2015,2,2,0.0,0.0,0.0,0.0,0.0,0.0,0.0
48_AA01,48,Texas,3_277,Hot-Mix Recycled Asphalt Concrete Overlay,asphalt_overlay,2015,2,2,0.0,0.0,0.0,0.0,0.0,0.0,0.0
48_AA03,48,Texas,3_277,Warm Mix AC Overlay with RAP and/or RAS,asphalt_overlay,2015,2,2,0.0,0.0,0.0,0.0,0.0,0.0,0.0
35_AA62,35,New Mexico,2_40,Mill Existing Pavement and Overlay with Warm Mix Recycled AC,asphalt_overlay,2014,4,4,0.0,0.0,0.0,0.0,0.0,0.0,0.0
35_AA02,35,New Mexico,2_40,Mill Existing Pavement and Overlay with Warm Mix Recycled AC,asphalt_overlay,2014,4,4,3.0,0.0,-3.0,2.25,0.0,-2.25,-0.75
35_AA03,35,New Mexico,2_40,Mill Existing Pavement and Overlay with Warm Mix Recycled AC,asphalt_overlay,2014,4,4,5.0,0.0,-5.0,1.75,0.0,-1.75,-3.25
35_AA61,35,New Mexico,2_40,Mill Existing Pavement and Overlay with Warm Mix Recycled AC,asphalt_overlay,2014,4,4,0.0,0.0,0.0,3.0,0.0,-3.0,3.0
46_0803,46,South Dakota,_,Asphalt Concrete Overlay,asphalt_overlay,2014,2,2,17.0,0.0,-17.0,12.5,0.0,-12.5,-4.5
46_0804,46,South Dakota,_,Asphalt Concrete Overlay,asphalt_overlay,2014,2,2,14.0,0.0,-14.0,14.0,0.0,-14.0,0.0
39_0104,39,Ohio,_,"AC Shoulder Restoration, Mill Existing Pavement and Overlay with Hot-Mix Recycled AC",asphalt_overlay,2012,9,2,54.0,0.0,-54.0,25.0,0.0,-25.0,-29.0
39_0112,39,Ohio,_,"AC Shoulder Restoration, Mill Existing Pavement and Overlay with Hot-Mix Recycled AC",asphalt_overlay,2012,10,4,50.0,0.0,-50.0,27.75,0.75,-27.0,-23.0
39_0903,39,Ohio,_,"AC Shoulder Restoration, Mill Existing Pavement and Overlay with Hot-Mix Recycled AC",asphalt_overlay,2012,11,5,54.0,0.0,-54.0,10.6,0.6,-10.0,-44.0
39_0901,39,Ohio,_,Mill Off AC and Overlay with AC,asphalt_overlay,2011,10,4,54.0,0.0,-54.0,14.25,14.25,0.0,-54.0
39_0160,39,Ohio,_,Mill Existing Pavement and Overlay with Hot-Mix Recycled AC,asphalt_overlay,2010,9,4,54.0,0.0,-54.0,0.75,3.0,2.25,-56.25
12_4106,12,Florida,2_95,"Surface Treatment, Single Layer, Mill Existing Pavement and Overlay with Hot-Mix Recycled AC",asphalt_overlay,2003,9,8,23.0,0.0,-23.0,0.125,0.125,0.0,-23.0
41_5006,41,Oregon,2_84,Hot-Mix Recycled Asphalt Concrete Overlay,asphalt_overlay,2003,1,1,0.0,0.0,0.0,6.0,0.0,-6.0,6.0
41_5008,41,Oregon,2_84,Hot-Mix Recycled Asphalt Concrete Overlay,asphalt_overlay,2003,1,1,6.0,0.0,-6.0,0.0,0.0,0.0,-6.0
48_3769,48,Texas,3_62,Mill Off AC and Overlay with AC,asphalt_overlay,2003,6,1,16.0,0.0,-16.0,0.0,0.0,0.0,-16.0
12_4096,12,Florida,4_20,"AC Shoulder Replacement, Asphalt Concrete Overlay, Hot-Mix Recycled Asphalt Concrete Overlay",asphalt_overlay,2003,5,1,1.0,0.0,-1.0,1.0,3.0,2.0,-3.0
26_0115,26,Michigan,_,Mill Off AC and Overlay with AC,asphalt_overlay,2002,9,4,50.0,0.0,-50.0,19.25,0.0,-19.25,-30.75
26_0116,26,Michigan,_,Mill Off AC and Overlay with AC,asphalt_overlay,2002,8,2,27.0,0.0,-27.0,12.5,0.0,-12.5,-14.5
26_0117,26,Michigan,_,Mill Off AC and Overlay with AC,asphalt_overlay,2002,9,4,52.0,0.0,-52.0,18.75,0.0,-18.75,-33.25
26_0123,26,Michigan,_,Mill Off AC and Overlay with AC,asphalt_overlay,2002,13,5,0.0,0.0,0.0,30.8,0.0,-30.8,30.8
26_0124,26,Michigan,_,Mill Off AC and Overlay with AC,asphalt_overlay,2002,12,5,25.0,0.0,-25.0,25.8,0.0,-25.8,0.8000000000000007
26_0159,26,Michigan,_,Mill Off AC and Overlay with AC,asphalt_overlay,2002,9,4,0.0,0.0,0.0,31.75,0.0,-31.75,31.75
37_1028,37,North Carolina,3_17,Mill Off AC and Overlay with AC,asphalt_overlay,2002,3,2,54.0,0.0,-54.0,2.0,3.0,1.0,-55.0
53_3813,53,Washington,4_14,Asphalt Concrete Overlay,asphalt_overlay,2002,6,1,9.0,0.0,-9.0,0.0,0.0,0.0,-9.0
48_0113,48,Texas,_,"AC Shoulder Restoration, Mill Off AC and Overlay with AC",asphalt_overlay,2002,11,11,19.0,0.0,-19.0,6.909090909090909,0.0,-6.909090909090909,-12.09090909090909
48_0114,48,Texas,_,"AC Shoulder Restoration, Mill Off AC and Overlay with AC",asphalt_overlay,2002,12,12,0.0,0.0,0.0,5.583333333333333,0.08333333333333333,-5.5,5.5
48_0117,48,Texas,_,"AC Shoulder Restoration, Mill Off AC and Overlay with AC",asphalt_overlay,2002,9,9,7.0,0.0,-7.0,8.0,0.0,-8.0,1.0
48_0118,48,Texas,_,"AC Shoulder Restoration, Mill Off AC and Overlay with AC",asphalt_overlay,2002,10,10,9.0,0.0,-9.0,8.6,0.0,-8.6,-0.40000000000000036
48_0120,48,Texas,_,"AC Shoulder Restoration, Mill Off AC and Overlay with AC",asphalt_overlay,2002,10,10,0.0,0.0,0.0,2.8,0.1,-2.6999999999999997,2.6999999999999997
48_0121,48,Texas,_,"AC Shoulder Restoration, Mill Off AC and Overlay with AC",asphalt_overlay,2002,11,11,0.0,0.0,0.0,4.363636363636363,0.09090909090909091,-4.2727272727272725,4.2727272727272725
48_0122,48,Texas,_,"AC Shoulder Restoration, Mill Off AC and Overlay with AC",asphalt_overlay,2002,8,8,13.0,0.0,-13.0,6.875,0.0,-6.875,-6.125
48_0123,48,Texas,_,"AC Shoulder Restoration, Mill Off AC and Overlay with AC",asphalt_overlay,2002,8,8,0.0,0.0,0.0,8.5,0.0,-8.5,8.5
48_0124,48,Texas,_,"AC Shoulder Restoration, Mill Off AC and Overlay with AC",asphalt_overlay,2002,14,9,0.0,0.0,0.0,7.666666666666667,0.0,-7.666666666666667,7.666666666666667
48_0160,48,Texas,_,"AC Shoulder Restoration, Mill Off AC and Overlay with AC",asphalt_overlay,2002,8,8,0.0,0.0,0.0,0.125,0.125,0.0,0.0
48_0161,48,Texas,_,"AC Shoulder Restoration, Mill Off AC and Overlay with AC",asphalt_overlay,2002,8,8,0.0,0.0,0.0,0.125,0.125,0.0,0.0
48_0162,48,Texas,_,"AC Shoulder Restoration, Mill Off AC and Overlay with AC",asphalt_overlay,2002,8,8,0.0,0.0,0.0,0.125,0.125,0.0,0.0
48_0163,48,Texas,_,"AC Shoulder Restoration, Mill Off AC and Overlay with AC",asphalt_overlay,2002,8,8,0.0,0.0,0.0,0.125,0.125,0.0,0.0
48_0164,48,Texas,_,"AC Shoulder Restoration, Mill Off AC and Overlay with AC",asphalt_overlay,2002,8,8,11.0,0.0,-11.0,8.875,0.0,-8.875,-2.125
48_0165,48,Texas,_,"AC Shoulder Restoration, Mill Off AC and Overlay with AC",asphalt_overlay,2002,12,12,20.0,0.0,-20.0,6.25,0.0,-6.25,-13.75
48_0167,48,Texas,_,"AC Shoulder Restoration, Mill Off AC and Overlay with AC",asphalt_overlay,2002,8,8,16.0,0.0,-16.0,7.375,0.0,-7.375,-8.625
20_0103,20,Kansas,_,Mill Off AC and Overlay with AC,asphalt_overlay,2001,10,7,32.0,2.0,-30.0,27.0,1.0,-26.0,-4.0
20_0159,20,Kansas,_,Mill Off AC and Overlay with AC,asphalt_overlay,2001,14,5,50.0,10.0,-40.0,29.6,0.4,-29.200000000000003,-10.799999999999997
48_5287,48,Texas,2_820,Asphalt Concrete Overlay,asphalt_overlay,2001,8,5,1.0,0.0,-1.0,0.4,0.4,0.0,-1.0
6_7455,6,California,2_5,"Asphalt Concrete Overlay, Fracture Treatment of PCC Pavement as Base for New AC Surface",asphalt_overlay,2000,9,2,0.0,0.0,0.0,1.5,0.0,-1.5,1.5
6_7456,6,California,2_5,"Asphalt Concrete Overlay, Fracture Treatment of PCC Pavement as Base for New AC Surface",asphalt_overlay,2000,9,2,3.0,0.0,-3.0,0.0,0.0,0.0,-3.0
40_4154,40,Oklahoma,3_81,Asphalt Concrete Overlay,asphalt_overlay,2000,2,1,21.0,0.0,-21.0,1.0,2.0,1.0,-22.0
37_1814,37,North Carolina,3_23,"Asphalt Concrete Overlay, Hot-Mix Recycled Asphalt Concrete Overlay, Mill Off AC and Overlay with AC",asphalt_overlay,2000,3,3,11.0,0.0,-11.0,27.333333333333332,26.666666666666668,-0.6666666666666643,-10.333333333333336
6_7454,6,California,4_4,Asphalt Concrete Overlay,asphalt_overlay,2000,1,1,36.0,0.0,-36.0,8.0,8.0,0.0,-36.0
48_A808,48,Texas,10_2670,Full Depth Patching of PCC Pavement Other Than at Joint,patching,2005,2,1,0.0,0.0,0.0,0.0,0.0,0.0,0.0
6_0204,6,California,_,Lane-Shoulder Longitudinal Joint Sealing,crack_sealing,2004,15,15,0.0,0.0,0.0,11.0,11.866666666666667,0.8666666666666671,-0.8666666666666671
6_0201,6,California,_,Lane-Shoulder Longitudinal Joint Sealing,crack_sealing,2001,9,8,3.0,18.0,15.0,0.375,7.125,6.75,8.25
6_0206,6,California,_,"Transverse Joint Sealing, Lane-Shoulder Longitudinal Joint Sealing",crack_sealing,2007,8,8,30.0,36.0,6.0,6.0,7.5,1.5,4.5
6_0207,6,California,_,"Transverse Joint Sealing, Lane-Shoulder Longitudinal Joint Sealing",crack_sealing,2007,8,8,3.0,9.0,6.0,9.375,10.875,1.5,4.5
6_0202,6,California,_,Lane-Shoulder Longitudinal Joint Sealing,crack_sealing,2004,15,15,42.0,42.0,0.0,8.2,9.066666666666666,0.8666666666666671,-0.8666666666666671
6_0210,6,California,_,Lane-Shoulder Longitudinal Joint Sealing,crack_sealing,2004,10,10,0.0,0.0,0.0,8.4,8.7,0.29999999999999893,-0.29999999999999893
6_0212,6,California,_,Lane-Shoulder Longitudinal Joint Sealing,crack_sealing,2004,9,9,0.0,0.0,0.0,14.333333333333334,15.777777777777779,1.4444444444444446,-1.4444444444444446
6_0203,6,California,_,"Transverse Joint Sealing, Lane-Shoulder Longitudinal Joint Sealing",crack_sealing,2001,8,8,0.0,3.0,3.0,0.0,5.625,5.625,-2.625
6_0205,6,California,_,Lane-Shoulder Longitudinal Joint Sealing,crack_sealing,2001,8,8,0.0,30.0,30.0,0.75,5.625,4.875,25.125
6_0208,6,California,_,Lane-Shoulder Longitudinal Joint Sealing,crack_sealing,2001,8,8,0.0,3.0,3.0,0.75,9.0,8.25,-5.25
6_0209,6,California,_,Lane-Shoulder Longitudinal Joint Sealing,crack_sealing,2001,8,8,0.0,0.0,0.0,0.75,9.375,8.625,-8.625
6_0211,6,California,_,"Transverse Joint Sealing, Lane-Shoulder Longitudinal Joint Sealing",crack_sealing,2001,8,8,0.0,0.0,0.0,0.0,6.0,6.0,-6.0
6_0811,6,California,_,Partial Depth Patching of PCC Pavement Other Than at Joint,patching,2001,9,9,3.0,3.0,0.0,0.3333333333333333,8.0,7.666666666666667,-7.666666666666667
1_4155,1,Alabama,3_84,Mill Existing Pavement and Overlay with Hot-Mix Recycled AC,asphalt_overlay,1999,8,6,53.0,0.0,-53.0,33.0,29.166666666666668,-3.833333333333332,-49.16666666666667
48_9005,48,Texas,10_1560,"Asphalt Concrete Overlay, Aggregate Seal Coat",asphalt_overlay,1998,10,4,21.0,0.0,-21.0,0.5,0.75,0.25,-21.25
51_2004,51,Virginia,4_265,Hot-Mix Recycled Asphalt Concrete Overlay,asphalt_overlay,1998,9,9,42.0,0.0,-42.0,1.6666666666666667,1.0,-0.6666666666666667,-41.333333333333336
28_1001,28,Mississippi,3_45,"AC Shoulder Replacement, Mill Existing Pavement and Overlay with Hot-Mix Recycled AC",asphalt_overlay,1998,2,2,56.0,30.0,-26.0,10.5,2.0,-8.5,-17.5
56_2020,56,Wyoming,2_90,"Asphalt Concrete Overlay, Hot-Mix Recycled Asphalt Concrete Overlay, Mill Existing Pavement and Overlay with Hot-Mix Recycled AC",asphalt_overlay,1998,1,1,0.0,0.0,0.0,0.0,0.0,0.0,0.0
24_1634,24,Maryland,4_90,"AC Shoulder Restoration, Asphalt Concrete Overlay, Hot-Mix Recycled Asphalt Concrete Overlay",asphalt_overlay,1998,8,1,53.0,0.0,-53.0,0.0,0.0,0.0,-53.0
34_1011,34,New Jersey,2_195,"Asphalt Concrete Overlay, Mill Existing Pavement and Overlay with Hot-Mix Recycled AC",asphalt_overlay,1998,11,10,15.0,0.0,-15.0,11.3,5.4,-5.9,-9.1
6_7491,6,California,2_40,Mill Off AC and Overlay with AC,asphalt_overlay,1998,4,2,27.0,0.0,-27.0,19.0,17.5,-1.5,-25.5
29_0502,29,Missouri,_,"AC Shoulder Restoration, Hot-Mix Recycled Asphalt Concrete Overlay",asphalt_overlay,1998,12,8,19.0,0.0,-19.0,7.125,3.375,-3.75,-15.25
29_0503,29,Missouri,_,"AC Shoulder Restoration, Hot-Mix Recycled Asphalt Concrete Overlay",asphalt_overlay,1998,12,8,20.0,0.0,-20.0,7.0,3.375,-3.625,-16.375
29_0504,29,Missouri,_,"AC Shoulder Restoration, Asphalt Concrete Overlay",asphalt_overlay,1998,8,8,1.0,0.0,-1.0,9.375,3.375,-6.0,5.0
29_0505,29,Missouri,_,"AC Shoulder Restoration, Asphalt Concrete Overlay",asphalt_overlay,1998,8,8,1.0,0.0,-1.0,9.375,3.375,-6.0,5.0
29_0506,29,Missouri,_,"AC Shoulder Restoration, Mill Off AC and Overlay with AC",asphalt_overlay,1998,8,8,3.0,0.0,-3.0,9.125,3.375,-5.75,2.75
29_0507,29,Missouri,_,"AC Shoulder Restoration, Mill Off AC and Overlay with AC",asphalt_overlay,1998,8,8,4.0,0.0,-4.0,9.0,3.375,-5.625,1.625
29_0508,29,Missouri,_,"AC Shoulder Restoration, Mill Existing Pavement and Overlay with Hot-Mix Recycled AC",asphalt_overlay,1998,12,8,5.0,0.0,-5.0,8.875,3.375,-5.5,0.5
29_0509,29,Missouri,_,"AC Shoulder Restoration, Mill Existing Pavement and Overlay with Hot-Mix Recycled AC",asphalt_overlay,1998,12,8,3.0,0.0,-3.0,9.125,3.375,-5.75,2.75
29_A607,29,Missouri,4_8,"AC Shoulder Restoration, Asphalt Concrete Overlay, Fracture Treatment of PCC Pavement as Base for New AC Surface",asphalt_overlay,1998,8,5,94.0,0.0,-94.0,,16.4,,
29_A606,29,Missouri,4_8,"AC Shoulder Restoration, Pressure Grout Subsealing, Asphalt Concrete Overlay, Longitudinal Subdrains, Full Depth Transverse Joint Repair Patch",asphalt_overlay,1998,8,5,3.0,0.0,-3.0,,16.4,,
1_0601,1,Alabama,_,AC Shoulder Replacement,shoulder_restoration,1998,8,8,0.0,0.0,0.0,3.5,0.0,-3.5,3.5
1_0603,1,Alabama,_,"AC Shoulder Replacement, Asphalt Concrete Overlay",asphalt_overlay,1998,8,8,0.0,0.0,0.0,3.25,0.0,-3.25,3.25
1_0604,1,Alabama,_,"AC Shoulder Replacement, Asphalt Concrete Overlay, Saw and Seal",crack_sealing,1998,8,8,0.0,0.0,0.0,3.25,0.0,-3.25,3.25
1_0602,1,Alabama,_,"AC Shoulder Replacement, Grinding Surface, Transverse Joint Sealing, Full Depth Transverse Joint Repair Patch",crack_sealing,1998,8,8,2.0,0.0,-2.0,3.25,0.0,-3.25,1.25
1_0605,1,Alabama,_,"AC Shoulder Replacement, Grinding Surface, Transverse Joint Sealing, Longitudinal Subdrains, Full Depth Transverse Joint Repair Patch, Joint Load Transfer Restoration in PCC Pavements",crack_sealing,1998,10,10,6.0,0.0,-6.0,2.2,0.0,-2.2,-3.8
1_0606,1,Alabama,_,"AC Shoulder Replacement, Asphalt Concrete Overlay, Longitudinal Subdrains, Full Depth Transverse Joint Repair Patch, Joint Load Transfer Restoration in PCC Pavements",asphalt_overlay,1998,10,10,0.0,0.0,0.0,2.8,0.0,-2.8,2.8
1_0608,1,Alabama,_,"AC Shoulder Replacement, Asphalt Concrete Overlay, Longitudinal Subdrains, Fracture Treatment of PCC Pavement as Base for New AC Surface",asphalt_overlay,1998,10,10,4.0,0.0,-4.0,2.4,0.0,-2.4,-1.6
1_0662,1,Alabama,_,"AC Shoulder Replacement, Asphalt Concrete Overlay, Longitudinal Subdrains, Fracture Treatment of PCC Pavement as Base for New AC Surface",asphalt_overlay,1998,10,10,0.0,0.0,0.0,2.8,0.0,-2.8,2.8
1_0663,1,Alabama,_,"AC Shoulder Replacement, Asphalt Concrete Overlay, Longitudinal Subdrains, Fracture Treatment of PCC Pavement as Base for New AC Surface",asphalt_overlay,1998,10,10,0.0,0.0,0.0,2.8,0.0,-2.8,2.8
1_0607,1,Alabama,_,"AC Shoulder Replacement, Asphalt Concrete Overlay, Longitudinal Subdrains, Fracture Treatment of PCC Pavement as Base for New AC Surface",asphalt_overlay,1998,10,10,16.0,0.0,-16.0,1.2,0.0,-1.2,-14.8
1_0661,1,Alabama,_,"AC Shoulder Replacement, Asphalt Concrete Overlay, Longitudinal Subdrains, Fracture Treatment of PCC Pavement as Base for New AC Surface",asphalt_overlay,1998,10,10,0.0,0.0,0.0,2.8,0.0,-2.8,2.8
30_0113,30,Montana,_,Crack Sealing,crack_sealing,2003,8,8,18.0,28.0,10.0,12.125,21.25,9.125,0.875
30_0114,30,Montana,_,Crack Sealing,crack_sealing,2003,10,10,24.0,28.0,4.0,19.4,27.6,8.200000000000003,-4.200000000000003
30_0115,30,Montana,_,Crack Sealing,crack_sealing,2003,8,8,15.0,40.0,25.0,12.5,19.75,7.25,17.75
30_0116,30,Montana,_,Crack Sealing,crack_sealing,2003,8,8,2.0,5.0,3.0,14.125,24.125,10.0,-7.0
30_0117,30,Montana,_,Crack Sealing,crack_sealing,2003,8,8,15.0,40.0,25.0,12.5,19.75,7.25,17.75
30_0118,30,Montana,_,Crack Sealing,crack_sealing,2003,8,8,1.0,5.0,4.0,14.25,24.125,9.875,-5.875
30_0119,30,Montana,_,Crack Sealing,crack_sealing,2003,14,14,25.0,29.0,4.0,18.571428571428573,26.142857142857142,7.571428571428569,-3.5714285714285694
30_0120,30,Montana,_,Crack Sealing,crack_sealing,2003,9,9,54.0,54.0,0.0,20.0,24.77777777777778,4.777777777777779,-4.777777777777779
30_0121,30,Montana,_,Crack Sealing,crack_sealing,2003,8,8,45.0,49.0,4.0,20.625,25.0,4.375,-0.375
30_0122,30,Montana,_,Crack Sealing,crack_sealing,2003,9,9,49.0,52.0,3.0,20.555555555555557,25.0,4.444444444444443,-1.4444444444444429
30_0123,30,Montana,_,Crack Sealing,crack_sealing,2003,14,14,10.0,13.0,3.0,19.642857142857142,27.285714285714285,7.642857142857142,-4.642857142857142
30_0124,30,Montana,_,Crack Sealing,crack_sealing,2003,14,14,5.0,10.0,5.0,20.0,27.5,7.5,-2.5
30_0901,30,Montana,_,Crack Sealing,crack_sealing,2003,8,8,13.0,24.0,11.0,24.625,28.125,3.5,7.5
30_0902,30,Montana,_,Crack Sealing,crack_sealing,2003,8,8,9.0,18.0,9.0,25.125,28.875,3.75,5.25
30_0903,30,Montana,_,Crack Sealing,crack_sealing,2003,8,8,0.0,0.0,0.0,26.25,31.125,4.875,-4.875
34_1033,34,New Jersey,3_202,Mill Existing Pavement and Overlay with Hot-Mix Recycled AC,asphalt_overlay,1997,9,6,14.0,0.0,-14.0,7.666666666666667,6.833333333333333,-0.8333333333333339,-13.166666666666666
16_1007,16,Idaho,3_30,"Asphalt Concrete Overlay, Aggregate Seal Coat",asphalt_overlay,1997,5,5,40.0,0.0,-40.0,0.0,2.0,2.0,-42.0
53_6056,53,Washington,3_195,"Asphalt Concrete Overlay, Mill Off AC and Overlay with AC",asphalt_overlay,1997,1,1,6.0,0.0,-6.0,24.0,30.0,6.0,-12.0
4_1015,4,Arizona,2_19,"Asphalt Concrete Overlay, Mill Off AC and Overlay with AC",asphalt_overlay,1997,8,3,27.0,0.0,-27.0,12.666666666666666,0.0,-12.666666666666666,-14.333333333333334
55_0806,55,Wisconsin,_,Crack Sealing,crack_sealing,2021,8,1,39.0,44.0,5.0,44.0,47.0,3.0,2.0
55_0266,55,Wisconsin,_,Partial depth patching of PCC pavements at joints,patching,2020,9,9,0.0,0.0,0.0,0.0,0.0,0.0,0.0
55_0221,55,Wisconsin,_,Partial depth patching of PCC pavements at joints,patching,2019,10,10,0.0,0.0,0.0,0.0,0.0,0.0,0.0
55_0213,55,Wisconsin,_,"Patch Pot Holes - Hand Spread, Compacted with Truck",patching,2014,8,8,0.0,0.0,0.0,0.0,0.0,0.0,0.0
55_0217,55,Wisconsin,_,"Patch Pot Holes - Hand Spread, Compacted with Truck",patching,2011,8,8,0.0,0.0,0.0,0.0,0.0,0.0,0.0
55_0262,55,Wisconsin,_,Grinding Surface,grinding,2007,8,7,0.0,0.0,0.0,0.0,0.0,0.0,0.0
10_0101,10,Delaware,_,Asphalt Concrete Overlay,asphalt_overlay,1996,9,9,0.0,0.0,0.0,1.3333333333333333,1.0,-0.33333333333333326,0.33333333333333326
10_0103,10,Delaware,_,Asphalt Concrete Overlay,asphalt_overlay,1996,14,14,0.0,0.0,0.0,0.8571428571428571,0.6428571428571429,-0.2142857142857142,0.2142857142857142
10_0105,10,Delaware,_,Asphalt Concrete Overlay,asphalt_overlay,1996,9,9,0.0,0.0,0.0,1.3333333333333333,1.0,-0.33333333333333326,0.33333333333333326
10_0106,10,Delaware,_,Asphalt Concrete Overlay,asphalt_overlay,1996,8,8,0.0,0.0,0.0,0.0,0.0,0.0,0.0
10_0107,10,Delaware,_,Asphalt Concrete Overlay,asphalt_overlay,1996,9,9,0.0,0.0,0.0,1.3333333333333333,1.0,-0.33333333333333326,0.33333333333333326
10_0108,10,Delaware,_,Asphalt Concrete Overlay,asphalt_overlay,1996,8,8,0.0,0.0,0.0,0.0,0.0,0.0,0.0
10_0109,10,Delaware,_,Asphalt Concrete Overlay,asphalt_overlay,1996,8,8,0.0,0.0,0.0,0.0,0.0,0.0,0.0
10_0110,10,Delaware,_,Asphalt Concrete Overlay,asphalt_overlay,1996,13,13,0.0,0.0,0.0,0.23076923076923078,0.0,-0.23076923076923078,0.23076923076923078
10_0111,10,Delaware,_,Asphalt Concrete Overlay,asphalt_overlay,1996,14,14,0.0,0.0,0.0,0.8571428571428571,0.6428571428571429,-0.2142857142857142,0.2142857142857142
10_0112,10,Delaware,_,Asphalt Concrete Overlay,asphalt_overlay,1996,14,14,0.0,0.0,0.0,0.8571428571428571,0.6428571428571429,-0.2142857142857142,0.2142857142857142
10_0159,10,Delaware,_,Asphalt Concrete Overlay,asphalt_overlay,1996,8,8,0.0,0.0,0.0,0.0,0.0,0.0,0.0
10_0160,10,Delaware,_,Asphalt Concrete Overlay,asphalt_overlay,1996,9,9,0.0,0.0,0.0,1.3333333333333333,1.0,-0.33333333333333326,0.33333333333333326
10_0102,10,Delaware,_,"Grinding Surface, Asphalt Concrete Overlay, Full Depth Patch of AC Pavement (removing damaged material, repairing supporting material, and repairing)",asphalt_overlay,1996,9,9,3.0,0.0,-3.0,1.0,1.0,0.0,-3.0
10_0104,10,Delaware,_,Asphalt Concrete Overlay,asphalt_overlay,1996,16,16,0.0,0.0,0.0,8.75,16.25,7.5,-7.5
37_1801,37,North Carolina,2_40,"AC Shoulder Restoration, Asphalt Concrete Overlay, Mill Existing Pavement and Overlay with Hot-Mix Recycled AC",asphalt_overlay,1996,2,2,0.0,0.0,0.0,0.0,0.0,0.0,0.0
23_1026,23,Maine,3_2,"AC Shoulder Restoration, Asphalt Concrete Overlay",asphalt_overlay,1996,1,1,0.0,0.0,0.0,0.0,0.0,0.0,0.0
9_5001,9,Connecticut,2_84,"Asphalt Concrete Overlay, Full Depth Patching of PCC Pavement Other Than at Joint",asphalt_overlay,1996,9,2,1.0,0.0,-1.0,33.5,45.5,12.0,-13.0
54_4004,54,West Virginia,2_77,"Asphalt Concrete Overlay, Longitudinal Subdrains, Full Depth Patching of PCC Pavement Other Than at Joint, PCC Slab Replacement",asphalt_overlay,1996,2,1,100.0,0.0,-100.0,0.0,0.0,0.0,-100.0
34_1031,34,New Jersey,4_55,"Asphalt Concrete Overlay, Mill Existing Pavement and Overlay with Hot-Mix Recycled AC",asphalt_overlay,1996,4,1,51.0,0.0,-51.0,0.0,0.0,0.0,-51.0
49_0803,49,Utah,_,Fog Seal Coat,seal_coat,1998,8,8,0.0,0.0,0.0,7.25,6.125,-1.125,1.125
49_0804,49,Utah,_,Fog Seal Coat,seal_coat,1998,8,8,0.0,0.0,0.0,7.25,6.125,-1.125,1.125
40_0114,40,Oklahoma,_,Skin Patching (hand tools/hot pot to apply liquid asphalt and aggregate),patching,1999,8,8,0.0,0.0,0.0,0.0,0.0,0.0,0.0
40_0115,40,Oklahoma,_,Skin Patching (hand tools/hot pot to apply liquid asphalt and aggregate),patching,1999,11,11,0.0,0.0,0.0,0.0,0.0,0.0,0.0
40_0116,40,Oklahoma,_,Skin Patching (hand tools/hot pot to apply liquid asphalt and aggregate),patching,1999,10,10,0.0,0.0,0.0,0.0,0.0,0.0,0.0
40_0117,40,Oklahoma,_,Skin Patching (hand tools/hot pot to apply liquid asphalt and aggregate),patching,1999,12,12,0.0,0.0,0.0,0.0,0.0,0.0,0.0
40_0118,40,Oklahoma,_,Skin Patching (hand tools/hot pot to apply liquid asphalt and aggregate),patching,1999,9,9,0.0,0.0,0.0,0.0,0.0,0.0,0.0
40_0119,40,Oklahoma,_,Skin Patching (hand tools/hot pot to apply liquid asphalt and aggregate),patching,1999,8,8,0.0,0.0,0.0,0.0,0.0,0.0,0.0
40_0120,40,Oklahoma,_,Skin Patching (hand tools/hot pot to apply liquid asphalt and aggregate),patching,1999,11,10,0.0,0.0,0.0,0.0,0.0,0.0,0.0
40_0121,40,Oklahoma,_,Skin Patching (hand tools/hot pot to apply liquid asphalt and aggregate),patching,1999,10,9,0.0,0.0,0.0,0.0,0.0,0.0,0.0
40_0123,40,Oklahoma,_,Skin Patching (hand tools/hot pot to apply liquid asphalt and aggregate),patching,1999,9,8,0.0,0.0,0.0,0.0,0.0,0.0,0.0
40_0124,40,Oklahoma,_,Skin Patching (hand tools/hot pot to apply liquid asphalt and aggregate),patching,1999,9,8,0.0,0.0,0.0,0.0,0.0,0.0,0.0
40_0160,40,Oklahoma,_,Skin Patching (hand tools/hot pot to apply liquid asphalt and aggregate),patching,1999,8,8,0.0,0.0,0.0,0.0,0.0,0.0,0.0
40_0113,40,Oklahoma,_,Skin Patching (hand tools/hot pot to apply liquid asphalt and aggregate),patching,1999,9,9,0.0,0.0,0.0,0.0,0.0,0.0,0.0
40_0122,40,Oklahoma,_,Skin Patching (hand tools/hot pot to apply liquid asphalt and aggregate),patching,1999,8,8,0.0,0.0,0.0,0.0,0.0,0.0,0.0
5_0809,5,Arkansas,_,Lane-Shoulder Longitudinal Joint Sealing,crack_sealing,2001,8,6,0.0,0.0,0.0,0.0,0.0,0.0,0.0
5_0810,5,Arkansas,_,Lane-Shoulder Longitudinal Joint Sealing,crack_sealing,2001,8,6,0.0,0.0,0.0,0.0,0.0,0.0,0.0
5_3058,5,Arkansas,3_63,Asphalt Concrete Overlay,asphalt_overlay,1995,9,1,16.0,3.0,-13.0,3.0,3.0,0.0,-13.0
35_0502,35,New Mexico,_,"Asphalt Concrete Overlay, Strip Patching (using spreader and distributor to apply hot liquid asphalt and aggregate), Hot-Mix Recycled Asphalt Concrete Overlay",asphalt_overlay,1996,9,9,0.0,0.0,0.0,0.1111111111111111,0.0,-0.1111111111111111,0.1111111111111111
35_0503,35,New Mexico,_,"Asphalt Concrete Overlay, Hot-Mix Recycled Asphalt Concrete Overlay",asphalt_overlay,1996,14,12,0.0,0.0,0.0,0.9166666666666666,0.0,-0.9166666666666666,0.9166666666666666
35_0504,35,New Mexico,_,"Asphalt Concrete Overlay, Surface Treatment, Single Layer",asphalt_overlay,1996,14,12,0.0,0.0,0.0,0.9166666666666666,0.0,-0.9166666666666666,0.9166666666666666
35_0505,35,New Mexico,_,"Asphalt Concrete Overlay, Surface Treatment, Single Layer",asphalt_overlay,1996,8,6,0.0,0.0,0.0,1.8333333333333333,0.0,-1.8333333333333333,1.8333333333333333
47_3101,47,Tennessee,4_96,Mill Off AC and Overlay with AC,asphalt_overlay,1995,11,7,0.0,0.0,0.0,0.14285714285714285,0.5714285714285714,0.42857142857142855,-0.42857142857142855
9_0901,9,Connecticut,_,Grinding Surface,grinding,1997,9,8,8.0,0.0,-8.0,9.25,9.0,-0.25,-7.75
9_0902,9,Connecticut,_,Grinding Surface,grinding,1997,9,8,3.0,1.0,-2.0,9.875,8.875,-1.0,-1.0
9_0903,9,Connecticut,_,Grinding Surface,grinding,1997,9,8,2.0,1.0,-1.0,10.0,8.875,-1.125,0.125
9_0960,9,Connecticut,_,Grinding Surface,grinding,1997,9,8,1.0,0.0,-1.0,10.125,9.0,-1.125,0.125
9_0961,9,Connecticut,_,Grinding Surface,grinding,1997,9,8,10.0,0.0,-10.0,9.0,9.0,0.0,-10.0
9_0962,9,Connecticut,_,Grinding Surface,grinding,1997,9,8,9.0,1.0,-8.0,9.125,8.875,-0.25,-7.75
28_3091,28,Mississippi,3_45,Mill Off AC and Overlay with AC,asphalt_overlay,1995,1,1,0.0,0.0,0.0,0.0,0.0,0.0,0.0
18_6012,18,Indiana,2_64,Mill Existing Pavement and Overlay with Hot-Mix Recycled AC,asphalt_overlay,1995,12,3,0.0,0.0,0.0,0.0,0.0,0.0,0.0
23_1001,23,Maine,2_95,"AC Shoulder Restoration, Mill Off AC and Overlay with AC",asphalt_overlay,1995,8,8,0.0,0.0,0.0,0.25,0.0,-0.25,0.25
37_A965,37,North Carolina,3_1,Asphalt Concrete Overlay,asphalt_overlay,1998,10,10,23.0,0.0,-23.0,5.8,0.0,-5.8,-17.2
37_A964,37,North Carolina,3_1,Asphalt Concrete Overlay,asphalt_overlay,1998,10,10,33.0,0.0,-33.0,4.8,0.0,-4.8,-28.2
37_A963,37,North Carolina,3_1,Asphalt Concrete Overlay,asphalt_overlay,1998,11,11,2.0,0.0,-2.0,7.181818181818182,2.090909090909091,-5.090909090909091,3.090909090909091
37_A962,37,North Carolina,3_1,Asphalt Concrete Overlay,asphalt_overlay,1998,11,11,5.0,0.0,-5.0,6.909090909090909,2.090909090909091,-4.818181818181818,-0.18181818181818166
37_A961,37,North Carolina,3_1,Asphalt Concrete Overlay,asphalt_overlay,1998,10,10,4.0,0.0,-4.0,7.7,2.3,-5.4,1.4000000000000004
37_A960,37,North Carolina,3_1,Asphalt Concrete Overlay,asphalt_overlay,1998,11,11,14.0,0.0,-14.0,6.090909090909091,2.090909090909091,-4.0,-10.0
47_9024,47,Tennessee,4_96,Asphalt Concrete Overlay,asphalt_overlay,1995,8,4,0.0,0.0,0.0,0.25,0.25,0.0,0.0
28_0902,28,Mississippi,_,"AC Shoulder Restoration, Mill Off AC and Overlay with AC",asphalt_overlay,1995,9,5,2.0,0.0,-2.0,5.0,0.6,-4.4,2.4000000000000004
28_0903,28,Mississippi,_,"AC Shoulder Restoration, Mill Off AC and Overlay with AC",asphalt_overlay,1995,9,5,1.0,0.0,-1.0,5.2,0.6,-4.6000000000000005,3.6000000000000005
28_0959,28,Mississippi,_,"AC Shoulder Restoration, Mill Off AC and Overlay with AC",asphalt_overlay,1995,11,7,1.0,0.0,-1.0,9.857142857142858,9.857142857142858,0.0,-1.0
48_0901,48,Texas,_,Crack Sealing,crack_sealing,2015,8,2,20.0,31.0,11.0,2.5,7.0,4.5,6.5
48_0902,48,Texas,_,Crack Sealing,crack_sealing,2015,14,2,1.0,4.0,3.0,12.0,20.5,8.5,-5.5
48_0903,48,Texas,_,Crack Sealing,crack_sealing,2015,14,2,4.0,10.0,6.0,10.5,17.5,7.0,-1.0
12_0902,12,Florida,_,Mill Off AC and Overlay with AC,asphalt_overlay,1996,3,3,53.0,0.0,-53.0,36.666666666666664,0.0,-36.666666666666664,-16.333333333333336
12_0901,12,Florida,_,Mill Off AC and Overlay with AC,asphalt_overlay,1996,3,3,27.0,0.0,-27.0,45.333333333333336,0.0,-45.333333333333336,18.333333333333336
12_0903,12,Florida,_,Mill Off AC and Overlay with AC,asphalt_overlay,1996,3,3,29.0,0.0,-29.0,44.666666666666664,0.0,-44.666666666666664,15.666666666666664
12_0959,12,Florida,_,Mill Off AC and Overlay with AC,asphalt_overlay,1996,3,3,54.0,0.0,-54.0,36.333333333333336,0.0,-36.333333333333336,-17.666666666666664
31_0114,31,Nebraska,_,Grinding Surface,grinding,2000,8,8,17.0,0.0,-17.0,0.0,0.0,0.0,-17.0
31_0115,31,Nebraska,_,Grinding Surface,grinding,2000,11,10,0.0,0.0,0.0,1.7,0.0,-1.7,1.7
31_0116,31,Nebraska,_,Grinding Surface,grinding,2000,11,10,0.0,0.0,0.0,4.1,6.7,2.6000000000000005,-2.6000000000000005
31_0117,31,Nebraska,_,Grinding Surface,grinding,2000,10,10,0.0,0.0,0.0,1.7,0.0,-1.7,1.7
31_0118,31,Nebraska,_,Grinding Surface,grinding,2000,14,13,0.0,0.0,0.0,4.461538461538462,5.153846153846154,0.6923076923076925,-0.6923076923076925
31_0119,31,Nebraska,_,Grinding Surface,grinding,2000,9,9,0.0,0.0,0.0,1.8888888888888888,0.0,-1.8888888888888888,1.8888888888888888
31_0120,31,Nebraska,_,Grinding Surface,grinding,2000,14,13,0.0,0.0,0.0,4.461538461538462,5.153846153846154,0.6923076923076925,-0.6923076923076925
31_0121,31,Nebraska,_,Grinding Surface,grinding,2000,14,13,0.0,0.0,0.0,4.461538461538462,5.153846153846154,0.6923076923076925,-0.6923076923076925
31_0122,31,Nebraska,_,Grinding Surface,grinding,2000,10,9,0.0,0.0,0.0,4.555555555555555,7.444444444444445,2.8888888888888893,-2.8888888888888893
31_0123,31,Nebraska,_,Grinding Surface,grinding,2000,8,8,0.0,0.0,0.0,2.125,0.0,-2.125,2.125
31_0124,31,Nebraska,_,Grinding Surface,grinding,2000,8,8,0.0,0.0,0.0,2.125,0.0,-2.125,2.125
31_0902,31,Nebraska,_,Grinding Surface,grinding,2000,8,7,4.0,24.0,20.0,5.285714285714286,6.142857142857143,0.8571428571428577,19.142857142857142
31_0903,31,Nebraska,_,Grinding Surface,grinding,2000,8,7,37.0,41.0,4.0,0.5714285714285714,3.7142857142857144,3.1428571428571432,0.8571428571428568
31_0904,31,Nebraska,_,Grinding Surface,grinding,2000,8,7,0.0,2.0,2.0,5.857142857142857,9.285714285714286,3.4285714285714297,-1.4285714285714297
48_0115,48,Texas,_,Grinding Surface,grinding,1998,14,9,0.0,0.0,0.0,0.1111111111111111,0.0,-0.1111111111111111,0.1111111111111111
48_0116,48,Texas,_,Grinding Surface,grinding,1998,14,9,0.0,0.0,0.0,0.1111111111111111,0.0,-0.1111111111111111,0.1111111111111111
48_0119,48,Texas,_,Grinding Surface,grinding,1998,9,9,0.0,0.0,0.0,0.0,0.0,0.0,0.0
48_0801,48,Texas,_,Aggregate Seal Coat,seal_coat,2011,3,1,1.0,0.0,-1.0,4.0,0.0,-4.0,3.0
48_0802,48,Texas,_,Aggregate Seal Coat,seal_coat,2011,3,1,4.0,0.0,-4.0,1.0,0.0,-1.0,-3.0
35_0102,35,New Mexico,_,Grinding Surface,grinding,2005,8,8,21.0,23.0,2.0,4.75,5.25,0.5,1.5
35_0111,35,New Mexico,_,Grinding Surface,grinding,2005,8,8,0.0,0.0,0.0,3.125,3.375,0.25,-0.25
18_1037,18,Indiana,4_66,Mill Off AC and Overlay with AC,asphalt_overlay,1994,9,7,3.0,0.0,-3.0,11.428571428571429,13.142857142857142,1.7142857142857135,-4.7142857142857135
40_4164,40,Oklahoma,3_60,Asphalt Concrete Overlay,asphalt_overlay,1994,1,1,5.0,0.0,-5.0,1.0,1.0,0.0,-5.0
31_7005,31,Nebraska,2_80,Mill Existing Pavement and Overlay with Hot-Mix Recycled AC,asphalt_overlay,1994,3,1,0.0,0.0,0.0,0.0,0.0,0.0,0.0
19_0218,19,Iowa,_,"AC Shoulder Restoration, Partial depth patching of PCC pavements at joints, Partial Depth Patching of PCC Pavement Other Than at Joint",patching,2013,8,8,3.0,9.0,6.0,0.375,1.125,0.75,5.25
39_0207,39,Ohio,_,"Full Depth Transverse Joint Repair Patch, Full Depth Patching of PCC Pavement Other Than at Joint, Joint Load Transfer Restoration in PCC Pavements",patching,2012,9,5,12.0,6.0,-6.0,23.8,5.2,-18.6,12.600000000000001
19_0217,19,Iowa,_,PCC Slab Replacement,reconstruction_or_major_rehab,2005,8,8,6.0,0.0,-6.0,0.0,0.375,0.375,-6.375
39_0902,39,Ohio,_,Crack Sealing,crack_sealing,2012,13,5,3.0,3.0,0.0,20.8,0.0,-20.8,20.8
39_0105,39,Ohio,_,Manual Premix Spot Patch (hand spreading and compacting with roller),patching,1998,9,8,0.0,0.0,0.0,0.0,0.25,0.25,-0.25
19_0213,19,Iowa,_,AC Shoulder Restoration,shoulder_restoration,2013,12,12,0.0,0.0,0.0,0.5,1.5,1.0,-1.0
19_0214,19,Iowa,_,"Crack Sealing, AC Shoulder Restoration",crack_sealing,2013,12,12,3.0,6.0,3.0,0.25,1.0,0.75,2.25
19_0215,19,Iowa,_,AC Shoulder Restoration,shoulder_restoration,2013,12,12,0.0,0.0,0.0,0.5,1.5,1.0,-1.0
19_0216,19,Iowa,_,AC Shoulder Restoration,shoulder_restoration,2013,12,12,0.0,3.0,3.0,0.5,1.25,0.75,2.25
19_0219,19,Iowa,_,AC Shoulder Restoration,shoulder_restoration,2013,8,8,0.0,0.0,0.0,0.75,2.25,1.5,-1.5
19_0220,19,Iowa,_,"AC Shoulder Restoration, Partial depth patching of PCC pavements at joints",patching,2013,8,8,0.0,0.0,0.0,0.75,2.25,1.5,-1.5
19_0221,19,Iowa,_,AC Shoulder Restoration,shoulder_restoration,2013,8,8,0.0,0.0,0.0,0.375,1.125,0.75,-0.75
19_0222,19,Iowa,_,"AC Shoulder Restoration, Partial depth patching of PCC pavements at joints",patching,2013,8,8,0.0,0.0,0.0,0.375,1.125,0.75,-0.75
19_0223,19,Iowa,_,AC Shoulder Restoration,shoulder_restoration,2013,8,8,0.0,0.0,0.0,0.375,1.125,0.75,-0.75
19_0224,19,Iowa,_,"AC Shoulder Restoration, Partial depth patching of PCC pavements at joints, Partial Depth Patching of PCC Pavement Other Than at Joint",patching,2013,8,8,0.0,0.0,0.0,0.375,1.125,0.75,-0.75
19_0259,19,Iowa,_,AC Shoulder Restoration,shoulder_restoration,2013,12,12,0.0,0.0,0.0,0.5,1.5,1.0,-1.0
39_0203,39,Ohio,_,"AC Shoulder Restoration, Grinding Surface",grinding,2013,8,4,0.0,3.0,3.0,19.25,7.25,-12.0,15.0
39_0211,39,Ohio,_,AC Shoulder Restoration,shoulder_restoration,2013,8,3,0.0,0.0,0.0,0.0,3.0,3.0,-3.0
39_0260,39,Ohio,_,AC Shoulder Restoration,shoulder_restoration,2013,11,1,0.0,3.0,3.0,79.0,62.0,-17.0,20.0
39_0261,39,Ohio,_,"AC Shoulder Restoration, Grinding Surface",grinding,2013,9,2,0.0,0.0,0.0,0.0,3.0,3.0,-3.0
39_0262,39,Ohio,_,"AC Shoulder Restoration, Grinding Surface",grinding,2013,9,3,0.0,0.0,0.0,25.666666666666668,7.666666666666667,-18.0,18.0
39_0263,39,Ohio,_,"AC Shoulder Restoration, Grinding Surface",grinding,2013,12,5,0.0,0.0,0.0,22.6,13.0,-9.600000000000001,9.600000000000001
39_0265,39,Ohio,_,AC Shoulder Restoration,shoulder_restoration,2013,8,4,0.0,6.0,6.0,3.0,2.25,-0.75,6.75
38_0264,38,North Dakota,_,Grinding Surface,grinding,2011,8,8,0.0,0.0,0.0,0.0,0.0,0.0,0.0
38_0259,38,North Dakota,_,"Transverse Joint Sealing, Lane-Shoulder Longitudinal Joint Sealing, Partial depth patching of PCC pavements at joints",crack_sealing,2009,8,8,0.0,0.0,0.0,0.0,0.0,0.0,0.0
38_0260,38,North Dakota,_,"Lane-Shoulder Longitudinal Joint Sealing, Partial depth patching of PCC pavements at joints",crack_sealing,2009,8,8,0.0,0.0,0.0,0.75,0.0,-0.75,0.75
38_0213,38,North Dakota,_,AC Shoulder Restoration,shoulder_restoration,1997,11,11,0.0,0.0,0.0,0.8181818181818182,0.8181818181818182,0.0,0.0
38_0214,38,North Dakota,_,AC Shoulder Restoration,shoulder_restoration,1997,11,11,0.0,0.0,0.0,0.8181818181818182,0.8181818181818182,0.0,0.0
38_0215,38,North Dakota,_,AC Shoulder Restoration,shoulder_restoration,1997,8,8,0.0,0.0,0.0,1.125,1.125,0.0,0.0
38_0216,38,North Dakota,_,AC Shoulder Restoration,shoulder_restoration,1997,10,10,0.0,0.0,0.0,0.9,0.9,0.0,0.0
38_0217,38,North Dakota,_,AC Shoulder Restoration,shoulder_restoration,1997,11,11,9.0,9.0,0.0,0.0,0.0,0.0,0.0
38_0218,38,North Dakota,_,AC Shoulder Restoration,shoulder_restoration,1997,11,11,0.0,0.0,0.0,0.8181818181818182,0.8181818181818182,0.0,0.0
38_0219,38,North Dakota,_,AC Shoulder Restoration,shoulder_restoration,1997,14,14,0.0,0.0,0.0,0.6428571428571429,0.6428571428571429,0.0,0.0
38_0220,38,North Dakota,_,AC Shoulder Restoration,shoulder_restoration,1997,11,11,0.0,0.0,0.0,0.8181818181818182,0.8181818181818182,0.0,0.0
38_0221,38,North Dakota,_,AC Shoulder Restoration,shoulder_restoration,1997,8,8,0.0,0.0,0.0,0.0,0.0,0.0,0.0
38_0222,38,North Dakota,_,AC Shoulder Restoration,shoulder_restoration,1997,8,8,0.0,0.0,0.0,0.0,0.0,0.0,0.0
38_0223,38,North Dakota,_,AC Shoulder Restoration,shoulder_restoration,1997,13,13,0.0,0.0,0.0,0.6923076923076923,0.6923076923076923,0.0,0.0
38_0224,38,North Dakota,_,AC Shoulder Restoration,shoulder_restoration,1997,8,8,0.0,0.0,0.0,0.0,0.0,0.0,0.0
38_0261,38,North Dakota,_,AC Shoulder Restoration,shoulder_restoration,1997,8,8,0.0,0.0,0.0,1.125,1.125,0.0,0.0
38_0262,38,North Dakota,_,AC Shoulder Restoration,shoulder_restoration,1997,14,14,0.0,0.0,0.0,0.6428571428571429,0.6428571428571429,0.0,0.0
38_0263,38,North Dakota,_,AC Shoulder Restoration,shoulder_restoration,1997,8,8,0.0,0.0,0.0,0.0,0.0,0.0,0.0
21_1034,21,Kentucky,4_9008,Mill Off AC and Overlay with AC,asphalt_overlay,1993,5,5,0.0,0.0,0.0,0.0,0.0,0.0,0.0
28_7012,28,Mississippi,2_20,"Asphalt Concrete Overlay, Portland Cement Concrete Overlay",asphalt_overlay,1993,1,1,0.0,0.0,0.0,0.0,0.0,0.0,0.0
4_0263,4,Arizona,_,Partial depth patching of PCC pavements at joints,patching,2013,11,11,5.0,5.0,0.0,4.2727272727272725,4.636363636363637,0.3636363636363642,-0.3636363636363642
4_0264,4,Arizona,_,Partial depth patching of PCC pavements at joints,patching,2013,10,10,0.0,0.0,0.0,1.7,1.8,0.10000000000000009,-0.10000000000000009
4_0267,4,Arizona,_,Grinding Surface,grinding,2007,11,9,0.0,0.0,0.0,0.8888888888888888,1.3333333333333333,0.4444444444444444,-0.4444444444444444
4_0218,4,Arizona,_,Partial depth patching of PCC pavements at joints,patching,2007,9,8,3.0,6.0,3.0,2.25,2.375,0.125,2.875
4_0221,4,Arizona,_,Partial depth patching of PCC pavements at joints,patching,2007,8,8,0.0,0.0,0.0,3.375,6.0,2.625,-2.625
8_0218,8,Colorado,_,Partial depth patching of PCC pavements at joints,patching,2005,11,11,3.0,3.0,0.0,2.3636363636363638,3.0,0.6363636363636362,-0.6363636363636362
27_3012,27,Minnesota,2_94,Partial depth patching of PCC pavements at joints,patching,2011,12,2,0.0,0.0,0.0,0.0,0.0,0.0,0.0
27_3007,27,Minnesota,2_94,Grinding Surface,grinding,2007,11,3,0.0,0.0,0.0,0.0,0.0,0.0,0.0
4_0260,4,Arizona,_,"Patch Pot Holes - Hand Spread, Compacted with Truck",patching,2005,12,9,8.0,9.0,1.0,0.0,0.3333333333333333,0.3333333333333333,0.6666666666666667
8_0215,8,Colorado,_,Partial depth patching of PCC pavements at joints,patching,2004,10,8,0.0,0.0,0.0,1.5,1.5,0.0,0.0
8_0217,8,Colorado,_,Partial depth patching of PCC pavements at joints,patching,2008,16,16,0.0,0.0,0.0,2.625,2.75,0.125,-0.125
26_0216,26,Michigan,_,Lane-Shoulder Longitudinal Joint Sealing,crack_sealing,2002,13,8,0.0,0.0,0.0,0.375,1.625,1.25,-1.25
26_0219,26,Michigan,_,AC Shoulder Restoration,shoulder_restoration,2002,9,6,0.0,0.0,0.0,0.5,2.1666666666666665,1.6666666666666665,-1.6666666666666665
26_0220,26,Michigan,_,Lane-Shoulder Longitudinal Joint Sealing,crack_sealing,2002,14,8,0.0,0.0,0.0,0.375,1.625,1.25,-1.25
26_0221,26,Michigan,_,Lane-Shoulder Longitudinal Joint Sealing,crack_sealing,2002,9,5,0.0,0.0,0.0,0.0,0.0,0.0,0.0
26_0223,26,Michigan,_,Lane-Shoulder Longitudinal Joint Sealing,crack_sealing,2002,14,8,0.0,0.0,0.0,0.375,1.625,1.25,-1.25
26_0224,26,Michigan,_,Lane-Shoulder Longitudinal Joint Sealing,crack_sealing,2002,9,5,0.0,0.0,0.0,0.0,0.0,0.0,0.0
26_0259,26,Michigan,_,"Transverse Joint Sealing, Lane-Shoulder Longitudinal Joint Sealing",crack_sealing,2000,9,6,0.0,0.0,0.0,0.0,0.5,0.5,-0.5
32_0110,32,Nevada,_,"Patch Pot Holes - Hand Spread, Compacted with Truck",patching,2009,12,8,1.0,1.0,0.0,0.875,1.0,0.125,-0.125
32_0111,32,Nevada,_,"Patch Pot Holes - Hand Spread, Compacted with Truck",patching,2009,8,5,0.0,0.0,0.0,1.2,1.4,0.19999999999999996,-0.19999999999999996
32_0106,32,Nevada,_,"Patch Pot Holes - Hand Spread, Compacted with Truck",patching,2009,9,7,1.0,1.0,0.0,1.0,1.1428571428571428,0.1428571428571428,-0.1428571428571428
32_0112,32,Nevada,_,"Patch Pot Holes - Hand Spread, Compacted with Truck",patching,2009,9,6,1.0,1.0,0.0,1.0,1.1666666666666667,0.16666666666666674,-0.16666666666666674
32_0109,32,Nevada,_,"Full Depth Patch of AC Pavement (removing damaged material, repairing supporting material, and repairing)",patching,2004,12,8,1.0,1.0,0.0,0.625,0.875,0.25,-0.25
32_0104,32,Nevada,_,Crack Sealing,crack_sealing,2002,9,7,0.0,0.0,0.0,9.142857142857142,12.428571428571429,3.2857142857142865,-3.2857142857142865
32_0101,32,Nevada,_,Crack Sealing,crack_sealing,2002,8,6,1.0,1.0,0.0,10.333333333333334,14.166666666666666,3.833333333333332,-3.833333333333332
32_0107,32,Nevada,_,Crack Sealing,crack_sealing,2002,10,10,1.0,1.0,0.0,1.4,1.7,0.30000000000000004,-0.30000000000000004
32_0108,32,Nevada,_,Crack Sealing,crack_sealing,2002,12,11,2.0,1.0,-1.0,1.2727272727272727,1.6363636363636365,0.36363636363636376,-1.3636363636363638
5_0113,5,Arkansas,_,Crack Sealing,crack_sealing,2004,10,8,16.0,20.0,4.0,17.375,21.375,4.0,0.0
5_0114,5,Arkansas,_,Crack Sealing,crack_sealing,2004,10,8,44.0,51.0,7.0,13.875,17.5,3.625,3.375
5_0115,5,Arkansas,_,Crack Sealing,crack_sealing,2004,13,8,14.0,16.0,2.0,17.625,21.875,4.25,-2.25
5_0116,5,Arkansas,_,Crack Sealing,crack_sealing,2004,13,8,7.0,9.0,2.0,18.5,22.75,4.25,-2.25
5_0117,5,Arkansas,_,Crack Sealing,crack_sealing,2004,10,8,25.0,38.0,13.0,16.25,19.125,2.875,10.125
5_0122,5,Arkansas,_,Crack Sealing,crack_sealing,2004,11,8,12.0,13.0,1.0,17.875,22.25,4.375,-3.375
5_0123,5,Arkansas,_,Crack Sealing,crack_sealing,2004,12,8,7.0,8.0,1.0,18.5,22.875,4.375,-3.375
5_0118,5,Arkansas,_,"Patch Pot Holes - Hand Spread, Compacted with Truck",patching,1999,13,13,0.0,4.0,4.0,3.4615384615384617,7.615384615384615,4.153846153846153,-0.1538461538461533
5_0124,5,Arkansas,_,"Patch Pot Holes - Hand Spread, Compacted with Truck",patching,1999,13,13,1.0,2.0,1.0,3.3846153846153846,7.769230769230769,4.384615384615385,-3.384615384615385
27_1004,27,Minnesota,2_94,Crack Sealing,crack_sealing,2000,16,8,1.0,27.0,26.0,3.0,0.625,-2.375,28.375
27_1020,27,Minnesota,2_94,"Surface Treatment, Double Layer",seal_coat,1999,10,7,0.0,0.0,0.0,0.2857142857142857,0.7142857142857143,0.4285714285714286,-0.4285714285714286
27_2023,27,Minnesota,2_94,"Surface Treatment, Double Layer",seal_coat,1999,11,7,0.0,0.0,0.0,0.2857142857142857,0.7142857142857143,0.4285714285714286,-0.4285714285714286
26_0222,26,Michigan,_,Lane-Shoulder Longitudinal Joint Sealing,crack_sealing,2002,13,8,0.0,0.0,0.0,0.375,1.625,1.25,-1.25
4_0113,4,Arizona,_,Slurry Seal Coat,seal_coat,2002,11,11,21.0,18.0,-3.0,22.363636363636363,20.727272727272727,-1.6363636363636367,-1.3636363636363633
4_0114,4,Arizona,_,Slurry Seal Coat,seal_coat,2002,13,13,27.0,17.0,-10.0,24.923076923076923,18.46153846153846,-6.4615384615384635,-3.5384615384615365
4_0120,4,Arizona,_,Slurry Seal Coat,seal_coat,2002,12,12,22.0,23.0,1.0,22.666666666666668,20.0,-2.666666666666668,3.666666666666668
4_0121,4,Arizona,_,Slurry Seal Coat,seal_coat,2002,12,12,27.0,27.0,0.0,22.25,19.666666666666668,-2.583333333333332,2.583333333333332
4_0162,4,Arizona,_,Slurry Seal Coat,seal_coat,2002,10,10,2.0,3.0,1.0,24.8,23.7,-1.1000000000000014,2.1000000000000014
4_0119,4,Arizona,_,Crack Sealing,crack_sealing,2002,12,9,26.0,27.0,1.0,19.666666666666668,18.666666666666668,-1.0,2.0
4_0116,4,Arizona,_,"Full Depth Patch of AC Pavement (removing damaged material, repairing supporting material, and repairing)",patching,2001,9,9,7.0,17.0,10.0,21.22222222222222,24.555555555555557,3.3333333333333357,6.666666666666664
4_0161,4,Arizona,_,"Full Depth Patch of AC Pavement (removing damaged material, repairing supporting material, and repairing)",patching,2001,10,10,22.0,23.0,1.0,21.3,22.7,1.3999999999999986,-0.3999999999999986
4_0118,4,Arizona,_,Crack Sealing,crack_sealing,2001,12,12,19.0,25.0,6.0,15.25,17.5,2.25,3.75
4_0115,4,Arizona,_,Crack Sealing,crack_sealing,2001,9,8,12.0,12.0,0.0,21.25,24.5,3.25,-3.25
4_0117,4,Arizona,_,Crack Sealing,crack_sealing,2001,9,8,7.0,7.0,0.0,21.875,25.125,3.25,-3.25
4_0123,4,Arizona,_,Crack Sealing,crack_sealing,2001,11,10,12.0,21.0,9.0,18.2,21.3,3.1000000000000014,5.899999999999999
4_0124,4,Arizona,_,Crack Sealing,crack_sealing,2001,10,9,19.0,19.0,0.0,18.333333333333332,21.77777777777778,3.4444444444444464,-3.4444444444444464
4_0122,4,Arizona,_,"Patch Pot Holes - Hand Spread, Compacted with Truck",patching,2001,11,11,8.0,14.0,6.0,11.090909090909092,15.272727272727273,4.181818181818182,1.8181818181818183
4_0163,4,Arizona,_,"Patch Pot Holes - Hand Spread, Compacted with Truck",patching,2001,10,10,0.0,0.0,0.0,19.6,23.6,4.0,-4.0
27_0902,27,Minnesota,_,"AC Shoulder Replacement, Asphalt Concrete Overlay, Fracture Treatment of PCC Pavement as Base for New AC Surface",asphalt_overlay,1993,6,3,23.0,0.0,-23.0,9.0,0.0,-9.0,-14.0
27_0903,27,Minnesota,_,"AC Shoulder Replacement, Asphalt Concrete Overlay, Fracture Treatment of PCC Pavement as Base for New AC Surface",asphalt_overlay,1993,6,3,19.0,0.0,-19.0,10.333333333333334,0.0,-10.333333333333334,-8.666666666666666
5_0119,5,Arkansas,_,"Full Depth Patch of AC Pavement (removing damaged material, repairing supporting material, and repairing)",patching,1999,8,8,20.0,32.0,12.0,1.875,4.25,2.375,9.625
5_0120,5,Arkansas,_,"Full Depth Patch of AC Pavement (removing damaged material, repairing supporting material, and repairing)",patching,1999,8,8,12.0,15.0,3.0,2.875,6.375,3.5,-0.5
32_0103,32,Nevada,_,Crack Sealing,crack_sealing,2002,8,8,6.0,10.0,4.0,1.125,0.875,-0.25,4.25
32_0105,32,Nevada,_,Crack Sealing,crack_sealing,2002,8,8,3.0,1.0,-2.0,1.5,2.0,0.5,-2.5
32_0102,32,Nevada,_,Skin Patching (hand tools/hot pot to apply liquid asphalt and aggregate),patching,1999,8,8,2.0,0.0,-2.0,0.25,2.625,2.375,-4.375
32_0210,32,Nevada,_,Crack Sealing,crack_sealing,1997,8,6,29.0,26.0,-3.0,8.0,10.833333333333334,2.833333333333334,-5.833333333333334
32_0201,32,Nevada,_,Full Depth Patching of PCC Pavement Other Than at Joint,patching,1997,8,8,12.0,39.0,27.0,9.625,12.375,2.75,24.25
32_0207,32,Nevada,_,Partial depth patching of PCC pavements at joints,patching,1997,10,10,0.0,0.0,0.0,18.9,24.6,5.700000000000003,-5.700000000000003
26_0214,26,Michigan,_,"Lane-Shoulder Longitudinal Joint Sealing, PCC Slab Replacement",crack_sealing,2002,9,6,0.0,3.0,3.0,0.0,0.8333333333333334,0.8333333333333334,2.1666666666666665
27_0901,27,Minnesota,_,"AC Shoulder Replacement, Asphalt Concrete Overlay, Fracture Treatment of PCC Pavement as Base for New AC Surface",asphalt_overlay,1993,6,3,8.0,0.0,-8.0,14.0,0.0,-14.0,6.0
27_0909,27,Minnesota,_,Grinding Surface,grinding,1993,6,3,0.0,0.0,0.0,16.666666666666668,0.0,-16.666666666666668,16.666666666666668
32_0202,32,Nevada,_,"Crack Sealing, Partial Depth Patching of PCC Pavement Other Than at Joint",crack_sealing,1997,8,8,82.0,79.0,-3.0,14.375,17.25,2.875,-5.875
32_0206,32,Nevada,_,Partial Depth Patching of PCC Pavement Other Than at Joint,patching,1997,8,8,91.0,100.0,9.0,12.5,13.5,1.0,8.0
8_0219,8,Colorado,_,Partial depth patching of PCC pavements at joints,patching,2016,13,10,0.0,0.0,0.0,5.0,4.8,-0.20000000000000018,0.20000000000000018
8_0220,8,Colorado,_,Partial depth patching of PCC pavements at joints,patching,2012,14,14,0.0,0.0,0.0,2.7857142857142856,3.642857142857143,0.8571428571428572,-0.8571428571428572
8_0259,8,Colorado,_,Partial depth patching of PCC pavements at joints,patching,2012,10,8,0.0,0.0,0.0,2.25,3.0,0.75,-0.75
53_0207,53,Washington,_,Partial depth patching of PCC pavements at joints,patching,2011,9,9,0.0,0.0,0.0,2.6666666666666665,3.4444444444444446,0.7777777777777781,-0.7777777777777781
4_0213,4,Arizona,_,"Partial depth patching of PCC pavements at joints, Partial Depth Patching of PCC Pavement Other Than at Joint",patching,2009,12,12,0.0,0.0,0.0,4.75,5.0,0.25,-0.25
4_0217,4,Arizona,_,"Partial depth patching of PCC pavements at joints, Partial Depth Patching of PCC Pavement Other Than at Joint",patching,2009,8,8,24.0,26.0,2.0,3.0,3.0,0.0,2.0
4_0262,4,Arizona,_,Partial Depth Patching of PCC Pavement Other Than at Joint,patching,2009,11,11,0.0,0.0,0.0,5.181818181818182,5.454545454545454,0.2727272727272725,-0.2727272727272725
8_0216,8,Colorado,_,Partial Depth Patching of PCC Pavement Other Than at Joint,patching,2005,10,10,9.0,12.0,3.0,0.5,0.9,0.4,2.6
30_0805,30,Montana,_,Aggregate Seal Coat,seal_coat,2003,1,1,16.0,11.0,-5.0,18.0,10.0,-8.0,3.0
30_0806,30,Montana,_,Aggregate Seal Coat,seal_coat,2003,1,1,18.0,10.0,-8.0,16.0,11.0,-5.0,-3.0
8_0224,8,Colorado,_,Partial depth patching of PCC pavements at joints,patching,2003,15,14,0.0,0.0,0.0,1.9285714285714286,1.9285714285714286,0.0,0.0
53_0801,53,Washington,_,Crack Sealing,crack_sealing,2000,4,2,0.0,0.0,0.0,5.5,0.5,-5.0,5.0
53_0802,53,Washington,_,Crack Sealing,crack_sealing,2000,4,2,0.0,0.0,0.0,5.5,0.5,-5.0,5.0
8_0222,8,Colorado,_,Partial depth patching of PCC pavements at joints,patching,1999,10,8,0.0,0.0,0.0,0.0,0.0,0.0,0.0
4_0902,4,Arizona,_,Slurry Seal Coat,seal_coat,2002,9,8,54.0,6.0,-48.0,23.25,18.875,-4.375,-43.625
4_A902,4,Arizona,3_93,Crack Sealing,crack_sealing,2001,12,10,42.0,45.0,3.0,19.4,21.8,2.400000000000002,0.5999999999999979
23_0501,23,Maine,_,"Patch Pot Holes - Hand Spread, Compacted with Truck",patching,2002,8,8,2.0,2.0,0.0,0.0,0.0,0.0,0.0
23_0502,23,Maine,_,"AC Shoulder Restoration, Hot-Mix Recycled Asphalt Concrete Overlay",asphalt_overlay,1995,9,9,0.0,0.0,0.0,0.3333333333333333,0.1111111111111111,-0.2222222222222222,0.2222222222222222
23_0503,23,Maine,_,"AC Shoulder Restoration, Hot-Mix Recycled Asphalt Concrete Overlay",asphalt_overlay,1995,10,10,0.0,0.0,0.0,0.3,0.1,-0.19999999999999998,0.19999999999999998
23_0504,23,Maine,_,"AC Shoulder Restoration, Asphalt Concrete Overlay",asphalt_overlay,1995,10,10,0.0,0.0,0.0,0.3,0.1,-0.19999999999999998,0.19999999999999998
23_0505,23,Maine,_,"AC Shoulder Restoration, Asphalt Concrete Overlay",asphalt_overlay,1995,10,10,1.0,0.0,-1.0,0.2,0.1,-0.1,-0.9
23_0506,23,Maine,_,"AC Shoulder Restoration, Mill Off AC and Overlay with AC",asphalt_overlay,1995,10,10,1.0,0.0,-1.0,0.2,0.1,-0.1,-0.9
23_0507,23,Maine,_,"AC Shoulder Restoration, Mill Off AC and Overlay with AC",asphalt_overlay,1995,10,10,0.0,0.0,0.0,0.3,0.1,-0.19999999999999998,0.19999999999999998
23_0508,23,Maine,_,"AC Shoulder Restoration, Mill Existing Pavement and Overlay with Hot-Mix Recycled AC",asphalt_overlay,1995,10,10,0.0,0.0,0.0,0.3,0.1,-0.19999999999999998,0.19999999999999998
23_0509,23,Maine,_,"AC Shoulder Restoration, Mill Existing Pavement and Overlay with Hot-Mix Recycled AC",asphalt_overlay,1995,10,10,0.0,0.0,0.0,0.3,0.1,-0.19999999999999998,0.19999999999999998
23_0559,23,Maine,_,"AC Shoulder Restoration, Asphalt Concrete Overlay",asphalt_overlay,1995,9,9,0.0,0.0,0.0,0.2222222222222222,0.0,-0.2222222222222222,0.2222222222222222
34_0901,34,New Jersey,_,Mill Off AC and Overlay with AC,asphalt_overlay,1998,10,9,28.0,0.0,-28.0,11.11111111111111,6.0,-5.111111111111111,-22.88888888888889
34_0902,34,New Jersey,_,Mill Off AC and Overlay with AC,asphalt_overlay,1998,9,9,53.0,0.0,-53.0,10.88888888888889,1.3333333333333333,-9.555555555555555,-43.44444444444444
34_0903,34,New Jersey,_,Mill Off AC and Overlay with AC,asphalt_overlay,1998,10,10,54.0,0.0,-54.0,7.5,5.1,-2.4000000000000004,-51.6
34_0960,34,New Jersey,_,Mill Off AC and Overlay with AC,asphalt_overlay,1998,8,8,49.0,0.0,-49.0,12.75,1.0,-11.75,-37.25
34_0961,34,New Jersey,_,Mill Off AC and Overlay with AC,asphalt_overlay,1998,8,8,32.0,0.0,-32.0,14.875,1.0,-13.875,-18.125
34_0962,34,New Jersey,_,Mill Off AC and Overlay with AC,asphalt_overlay,1998,8,8,15.0,0.0,-15.0,17.0,1.0,-16.0,1.0
48_7165,48,Texas,2_610,Mill Off AC and Overlay with AC,asphalt_overlay,1992,3,3,0.0,0.0,0.0,2.6666666666666665,2.6666666666666665,0.0,0.0
20_0202,20,Kansas,_,"Transverse Joint Sealing, Lane-Shoulder Longitudinal Joint Sealing",crack_sealing,2005,8,8,9.0,9.0,0.0,0.0,0.0,0.0,0.0
20_0206,20,Kansas,_,"Transverse Joint Sealing, Lane-Shoulder Longitudinal Joint Sealing",crack_sealing,2005,12,12,0.0,0.0,0.0,0.75,0.75,0.0,0.0
20_0207,20,Kansas,_,"Transverse Joint Sealing, Lane-Shoulder Longitudinal Joint Sealing",crack_sealing,2005,12,12,0.0,0.0,0.0,0.75,0.75,0.0,0.0
20_0208,20,Kansas,_,"Transverse Joint Sealing, Lane-Shoulder Longitudinal Joint Sealing",crack_sealing,2005,12,12,0.0,0.0,0.0,0.75,0.75,0.0,0.0
20_0212,20,Kansas,_,"Transverse Joint Sealing, Lane-Shoulder Longitudinal Joint Sealing",crack_sealing,2005,12,12,0.0,0.0,0.0,0.75,0.75,0.0,0.0
20_0204,20,Kansas,_,Partial depth patching of PCC pavements at joints,patching,1995,8,8,0.0,0.0,0.0,0.0,0.0,0.0,0.0
20_0205,20,Kansas,_,"Transverse Joint Sealing, Lane-Shoulder Longitudinal Joint Sealing",crack_sealing,2005,12,12,0.0,0.0,0.0,0.75,0.75,0.0,0.0
20_0201,20,Kansas,_,"Partial depth patching of PCC pavements at joints, PCC Slab Replacement",patching,1995,8,8,0.0,0.0,0.0,0.0,0.0,0.0,0.0
10_0203,10,Delaware,_,Skin Patching (hand tools/hot pot to apply liquid asphalt and aggregate),patching,2014,13,13,0.0,0.0,0.0,1.3076923076923077,1.0769230769230769,-0.23076923076923084,0.23076923076923084
10_0260,10,Delaware,_,Skin Patching (hand tools/hot pot to apply liquid asphalt and aggregate),patching,2014,8,8,0.0,0.0,0.0,2.125,1.75,-0.375,0.375
10_0207,10,Delaware,_,Lane-Shoulder Longitudinal Joint Sealing,crack_sealing,2006,14,13,0.0,0.0,0.0,1.1538461538461537,1.3076923076923077,0.15384615384615397,-0.15384615384615397
10_0211,10,Delaware,_,Lane-Shoulder Longitudinal Joint Sealing,crack_sealing,2006,8,8,0.0,0.0,0.0,1.875,2.125,0.25,-0.25
10_0204,10,Delaware,_,Grinding Surface,grinding,2000,11,11,0.0,0.0,0.0,0.0,3.0,3.0,-3.0
10_0208,10,Delaware,_,Grinding Surface,grinding,2000,11,11,0.0,0.0,0.0,0.0,3.0,3.0,-3.0
10_0212,10,Delaware,_,Grinding Surface,grinding,2000,11,11,0.0,0.0,0.0,0.0,3.0,3.0,-3.0
10_0259,10,Delaware,_,Grinding Surface,grinding,2000,11,11,0.0,0.0,0.0,0.0,3.0,3.0,-3.0
46_0859,46,South Dakota,_,Crack Sealing,crack_sealing,1995,2,2,0.0,0.0,0.0,0.0,0.0,0.0,0.0
55_0901,55,Wisconsin,_,"AC Shoulder Restoration, Asphalt Concrete Overlay, Partial depth patching of PCC pavements at joints",asphalt_overlay,1992,5,5,100.0,0.0,-100.0,97.2,0.0,-97.2,-2.799999999999997
55_0903,55,Wisconsin,_,"AC Shoulder Restoration, Asphalt Concrete Overlay, Partial depth patching of PCC pavements at joints",asphalt_overlay,1992,5,5,100.0,0.0,-100.0,97.2,0.0,-97.2,-2.799999999999997
55_0908,55,Wisconsin,_,"AC Shoulder Restoration, Asphalt Concrete Overlay, Partial depth patching of PCC pavements at joints",asphalt_overlay,1992,5,5,100.0,0.0,-100.0,97.2,0.0,-97.2,-2.799999999999997
55_0907,55,Wisconsin,_,"AC Shoulder Restoration, Asphalt Concrete Overlay, Partial depth patching of PCC pavements at joints",asphalt_overlay,1992,5,5,100.0,0.0,-100.0,97.2,0.0,-97.2,-2.799999999999997
55_A908,55,Wisconsin,2_43,"AC Shoulder Restoration, Asphalt Concrete Overlay, Partial depth patching of PCC pavements at joints",asphalt_overlay,1992,11,11,100.0,0.0,-100.0,63.72727272727273,0.0,-63.72727272727273,-36.27272727272727
55_A907,55,Wisconsin,2_43,"AC Shoulder Restoration, Asphalt Concrete Overlay, Partial depth patching of PCC pavements at joints",asphalt_overlay,1992,12,11,60.0,0.0,-60.0,67.36363636363636,0.0,-67.36363636363636,7.36363636363636
55_A909,55,Wisconsin,2_43,"AC Shoulder Restoration, Asphalt Concrete Overlay, Partial depth patching of PCC pavements at joints",asphalt_overlay,1992,9,8,64.0,0.0,-64.0,68.5,0.0,-68.5,4.5
55_0909,55,Wisconsin,_,"AC Shoulder Restoration, Asphalt Concrete Overlay, Partial depth patching of PCC pavements at joints",asphalt_overlay,1992,5,5,100.0,0.0,-100.0,97.2,0.0,-97.2,-2.799999999999997
55_B903,55,Wisconsin,2_43,"AC Shoulder Restoration, Asphalt Concrete Overlay, Partial depth patching of PCC pavements at joints",asphalt_overlay,1992,12,11,38.0,0.0,-38.0,69.36363636363636,0.0,-69.36363636363636,31.36363636363636
55_B907,55,Wisconsin,2_43,"AC Shoulder Restoration, Asphalt Concrete Overlay, Partial depth patching of PCC pavements at joints",asphalt_overlay,1992,12,11,88.0,0.0,-88.0,64.81818181818181,0.0,-64.81818181818181,-23.181818181818187
55_B908,55,Wisconsin,2_43,"AC Shoulder Restoration, Asphalt Concrete Overlay, Partial depth patching of PCC pavements at joints",asphalt_overlay,1992,8,8,39.0,0.0,-39.0,71.625,0.0,-71.625,32.625
55_B909,55,Wisconsin,2_43,"AC Shoulder Restoration, Asphalt Concrete Overlay, Partial depth patching of PCC pavements at joints",asphalt_overlay,1992,9,8,80.0,0.0,-80.0,66.5,0.0,-66.5,-13.5
55_A903,55,Wisconsin,2_43,"AC Shoulder Restoration, Asphalt Concrete Overlay, Partial depth patching of PCC pavements at joints",asphalt_overlay,1992,12,11,86.0,0.0,-86.0,65.0,0.0,-65.0,-21.0
55_A901,55,Wisconsin,2_43,"AC Shoulder Restoration, Asphalt Concrete Overlay, Partial depth patching of PCC pavements at joints",asphalt_overlay,1992,9,8,100.0,0.0,-100.0,64.75,0.0,-64.75,-35.25
55_A902,55,Wisconsin,2_43,"AC Shoulder Restoration, Asphalt Concrete Overlay, Partial depth patching of PCC pavements at joints",asphalt_overlay,1992,9,8,64.0,0.0,-64.0,69.25,0.0,-69.25,5.25
55_0902,55,Wisconsin,_,"AC Shoulder Restoration, Asphalt Concrete Overlay, Partial depth patching of PCC pavements at joints",asphalt_overlay,1992,5,5,86.0,0.0,-86.0,100.0,0.0,-100.0,14.0
55_B901,55,Wisconsin,2_43,"AC Shoulder Restoration, Asphalt Concrete Overlay, Partial depth patching of PCC pavements at joints",asphalt_overlay,1992,9,8,25.0,0.0,-25.0,74.125,0.0,-74.125,49.125
55_B902,55,Wisconsin,2_43,"AC Shoulder Restoration, Asphalt Concrete Overlay, Partial depth patching of PCC pavements at joints",asphalt_overlay,1992,12,11,57.0,0.0,-57.0,67.63636363636364,0.0,-67.63636363636364,10.63636363636364
19_0108,19,Iowa,_,Strip Patching (using spreader and distributor to apply hot liquid asphalt and aggregate),patching,2001,8,7,29.0,0.0,-29.0,5.857142857142857,0.5714285714285714,-5.285714285714286,-23.714285714285715
19_0109,19,Iowa,_,Strip Patching (using spreader and distributor to apply hot liquid asphalt and aggregate),patching,2001,12,11,2.0,0.0,-2.0,13.272727272727273,1.8181818181818181,-11.454545454545455,9.454545454545455
19_0110,19,Iowa,_,Strip Patching (using spreader and distributor to apply hot liquid asphalt and aggregate),patching,2001,12,11,7.0,0.0,-7.0,12.818181818181818,1.8181818181818181,-11.0,4.0
19_0111,19,Iowa,_,Strip Patching (using spreader and distributor to apply hot liquid asphalt and aggregate),patching,2001,12,11,2.0,0.0,-2.0,13.272727272727273,1.8181818181818181,-11.454545454545455,9.454545454545455
19_0112,19,Iowa,_,Strip Patching (using spreader and distributor to apply hot liquid asphalt and aggregate),patching,2001,12,11,1.0,0.0,-1.0,13.363636363636363,1.8181818181818181,-11.545454545454545,10.545454545454545
20_0104,20,Kansas,_,Crack Sealing,crack_sealing,1998,9,7,14.0,29.0,15.0,33.42857142857143,47.857142857142854,14.428571428571423,0.5714285714285765
20_0105,20,Kansas,_,Crack Sealing,crack_sealing,1998,10,7,54.0,31.0,-23.0,27.714285714285715,47.57142857142857,19.857142857142854,-42.857142857142854
20_0109,20,Kansas,_,,unknown,1998,14,9,34.0,54.0,20.0,25.333333333333332,42.888888888888886,17.555555555555554,2.4444444444444464
20_0110,20,Kansas,_,Crack Sealing,crack_sealing,1998,14,9,13.0,54.0,41.0,27.666666666666668,42.888888888888886,15.222222222222218,25.777777777777782
20_0111,20,Kansas,_,Crack Sealing,crack_sealing,1998,10,7,54.0,54.0,0.0,27.714285714285715,44.285714285714285,16.57142857142857,-16.57142857142857
20_0112,20,Kansas,_,Crack Sealing,crack_sealing,1998,14,9,13.0,54.0,41.0,27.666666666666668,42.888888888888886,15.222222222222218,25.777777777777782
20_0106,20,Kansas,_,"Crack Sealing, Strip Patching (using spreader and distributor to apply hot liquid asphalt and aggregate)",crack_sealing,1998,8,5,0.0,22.0,22.0,20.8,53.4,32.599999999999994,-10.599999999999994
20_0108,20,Kansas,_,Mechanical Premix Patch (using motor grader and roller),patching,1996,12,9,0.0,30.0,30.0,0.0,25.77777777777778,25.77777777777778,4.222222222222221
20_0160,20,Kansas,_,Manual Premix Spot Patch (hand spreading and compacting with roller),patching,1996,8,8,1.0,30.0,29.0,0.0,27.75,27.75,1.25
20_0203,20,Kansas,_,"Transverse Joint Sealing, Lane-Shoulder Longitudinal Joint Sealing",crack_sealing,2005,8,8,0.0,0.0,0.0,1.125,1.125,0.0,0.0
20_0209,20,Kansas,_,"Transverse Joint Sealing, Lane-Shoulder Longitudinal Joint Sealing",crack_sealing,2005,14,8,0.0,0.0,0.0,0.0,0.0,0.0,0.0
20_0210,20,Kansas,_,"Transverse Joint Sealing, Lane-Shoulder Longitudinal Joint Sealing",crack_sealing,2005,14,8,0.0,0.0,0.0,0.0,0.0,0.0,0.0
20_0211,20,Kansas,_,"Transverse Joint Sealing, Lane-Shoulder Longitudinal Joint Sealing",crack_sealing,2005,13,8,0.0,0.0,0.0,0.0,0.0,0.0,0.0
20_0259,20,Kansas,_,"Transverse Joint Sealing, Lane-Shoulder Longitudinal Joint Sealing",crack_sealing,2005,14,8,0.0,0.0,0.0,0.0,0.0,0.0,0.0
34_0501,34,New Jersey,_,"Patch Pot Holes - Hand Spread, Compacted with Truck",patching,1997,11,6,30.0,39.0,9.0,0.16666666666666666,1.0,0.8333333333333334,8.166666666666666
48_3835,48,Texas,4_6,Crack Sealing,crack_sealing,1992,3,1,0.0,5.0,5.0,3.0,5.0,2.0,3.0
8_7781,8,Colorado,3_50,Asphalt Concrete Overlay,asphalt_overlay,1991,5,5,0.0,0.0,0.0,7.4,7.2,-0.20000000000000018,0.20000000000000018
51_0114,51,Virginia,_,Strip Patching (using spreader and distributor to apply hot liquid asphalt and aggregate),patching,2004,8,2,55.0,50.0,-5.0,23.5,24.5,1.0,-6.0
51_0120,51,Virginia,_,Strip Patching (using spreader and distributor to apply hot liquid asphalt and aggregate),patching,2004,8,2,45.0,29.0,-16.0,28.5,35.0,6.5,-22.5
51_0121,51,Virginia,_,Strip Patching (using spreader and distributor to apply hot liquid asphalt and aggregate),patching,2004,8,2,2.0,20.0,18.0,50.0,39.5,-10.5,28.5
51_0113,51,Virginia,_,"Patch Pot Holes - Hand Spread, Compacted with Truck",patching,2001,10,2,54.0,54.0,0.0,0.5,15.5,15.0,-15.0
49_7086,49,Utah,4_154,"Transverse Joint Sealing, Lane-Shoulder Longitudinal Joint Sealing",crack_sealing,2001,10,9,0.0,0.0,0.0,0.0,0.0,0.0,0.0
49_7085,49,Utah,3_40,"Crack Sealing, Transverse Joint Sealing, Lane-Shoulder Longitudinal Joint Sealing",crack_sealing,2001,10,10,13.0,18.0,5.0,3.6,4.1,0.49999999999999956,4.5
1_0102,1,Alabama,_,"Full Depth Patch of AC Pavement (removing damaged material, repairing supporting material, and repairing), Strip Patching (using spreader and distributor to apply hot liquid asphalt and aggregate)",patching,2003,8,8,54.0,46.0,-8.0,30.625,33.0,2.375,-10.375
39_B410,39,Ohio,3_7,"Transverse Joint Sealing, Lane-Shoulder Longitudinal Joint Sealing",crack_sealing,1993,4,4,0.0,0.0,0.0,0.0,0.0,0.0,0.0
39_B411,39,Ohio,3_7,"Transverse Joint Sealing, Lane-Shoulder Longitudinal Joint Sealing",crack_sealing,1993,4,4,0.0,0.0,0.0,0.0,0.0,0.0,0.0
39_B412,39,Ohio,3_7,"Transverse Joint Sealing, Lane-Shoulder Longitudinal Joint Sealing",crack_sealing,1993,4,4,0.0,0.0,0.0,0.0,0.0,0.0,0.0
39_B430,39,Ohio,3_7,"Crack Sealing, Transverse Joint Sealing, Lane-Shoulder Longitudinal Joint Sealing",crack_sealing,1993,4,4,0.0,0.0,0.0,0.0,0.0,0.0,0.0
31_C430,31,Nebraska,2_129,Partial depth patching of PCC pavements at joints,patching,1992,2,2,100.0,100.0,0.0,100.0,100.0,0.0,0.0
31_A410,31,Nebraska,3_77,"Transverse Joint Sealing, Lane-Shoulder Longitudinal Joint Sealing",crack_sealing,1992,3,2,0.0,0.0,0.0,0.0,0.0,0.0,0.0
31_C410,31,Nebraska,2_129,"Crack Sealing, Transverse Joint Sealing, Lane-Shoulder Longitudinal Joint Sealing, Partial Depth Patching of PCC Pavement Other Than at Joint",crack_sealing,1992,2,2,100.0,100.0,0.0,100.0,100.0,0.0,0.0
31_B410,31,Nebraska,2_80,"Transverse Joint Sealing, Lane-Shoulder Longitudinal Joint Sealing",crack_sealing,1992,5,2,6.0,3.0,-3.0,1.5,0.0,-1.5,-1.5
21_A410,21,Kentucky,2_65,"Transverse Joint Sealing, Lane-Shoulder Longitudinal Joint Sealing",crack_sealing,1991,2,1,0.0,0.0,0.0,0.0,0.0,0.0,0.0
18_A430,18,Indiana,4_62,"Transverse Joint Sealing, Lane-Shoulder Longitudinal Joint Sealing",crack_sealing,1991,5,2,0.0,0.0,0.0,0.0,0.0,0.0,0.0
18_A410,18,Indiana,4_62,"Transverse Joint Sealing, Lane-Shoulder Longitudinal Joint Sealing",crack_sealing,1991,5,2,0.0,0.0,0.0,0.0,0.0,0.0,0.0
20_B410,20,Kansas,3_24,Transverse Joint Sealing,crack_sealing,1991,3,2,78.0,89.0,11.0,83.5,94.5,11.0,0.0
20_A410,20,Kansas,2_70,"Transverse Joint Sealing, Partial depth patching of PCC pavements at joints",crack_sealing,1991,9,2,100.0,100.0,0.0,100.0,100.0,0.0,0.0
39_A412,39,Ohio,2_675,"Transverse Joint Sealing, Lane-Shoulder Longitudinal Joint Sealing",crack_sealing,1993,5,4,100.0,100.0,0.0,100.0,100.0,0.0,0.0
39_A410,39,Ohio,2_675,"Transverse Joint Sealing, Lane-Shoulder Longitudinal Joint Sealing",crack_sealing,1993,5,4,100.0,100.0,0.0,100.0,100.0,0.0,0.0
39_A411,39,Ohio,2_675,"Transverse Joint Sealing, Lane-Shoulder Longitudinal Joint Sealing",crack_sealing,1993,5,4,100.0,100.0,0.0,100.0,100.0,0.0,0.0
29_A411,29,Missouri,2_35,"Crack Sealing, Transverse Joint Sealing, Lane-Shoulder Longitudinal Joint Sealing",crack_sealing,1991,8,5,50.0,50.0,0.0,91.0,68.2,-22.799999999999997,22.799999999999997
29_A410,29,Missouri,2_35,"Crack Sealing, Transverse Joint Sealing, Lane-Shoulder Longitudinal Joint Sealing",crack_sealing,1991,8,5,88.0,60.0,-28.0,83.4,76.0,-7.400000000000006,-20.599999999999994
29_A430,29,Missouri,2_35,"Transverse Joint Sealing, Lane-Shoulder Longitudinal Joint Sealing",crack_sealing,1991,8,3,100.0,100.0,0.0,79.33333333333333,57.666666666666664,-21.666666666666664,21.666666666666664
6_A340,6,California,4_32,Crack Sealing,crack_sealing,1999,13,13,20.0,28.0,8.0,12.538461538461538,12.923076923076923,0.384615384615385,7.615384615384615
6_A330,6,California,4_32,Crack Sealing,crack_sealing,1990,13,5,5.0,3.0,-2.0,4.8,6.4,1.6000000000000005,-3.6000000000000005
47_3108,47,Tennessee,2_75,Asphalt Concrete Overlay,asphalt_overlay,1989,8,1,0.0,0.0,0.0,6.0,12.0,6.0,-6.0
53_1008,53,Washington,3_195,"Patch Pot Holes - Hand Spread, Compacted with Truck",patching,1993,9,4,1.0,19.0,18.0,2.25,4.75,2.5,15.5
53_3014,53,Washington,3_395,Lane-Shoulder Longitudinal Joint Sealing,crack_sealing,2019,2,1,0.0,0.0,0.0,0.0,0.0,0.0,0.0
36_A340,36,New York,3_4,Machine Premix Patch (placing premix with paver roller),patching,1995,7,7,38.0,0.0,-38.0,12.285714285714286,4.857142857142857,-7.42857142857143,-30.57142857142857
36_A320,36,New York,3_4,Slurry Seal Coat,seal_coat,1990,7,5,1.0,0.0,-1.0,2.4,1.0,-1.4,0.3999999999999999
36_A330,36,New York,3_4,Crack Sealing,crack_sealing,1990,7,5,1.0,1.0,0.0,2.4,0.8,-1.5999999999999999,1.5999999999999999
36_A350,36,New York,3_4,Aggregate Seal Coat,seal_coat,1990,7,5,0.0,0.0,0.0,2.6,1.0,-1.6,1.6
36_A321,36,New York,3_4,Slurry Seal Coat,seal_coat,1990,7,5,4.0,0.0,-4.0,1.8,1.0,-0.8,-3.2
36_A310,36,New York,3_4,Asphalt Concrete Overlay,asphalt_overlay,1990,7,5,1.0,0.0,-1.0,2.4,1.0,-1.4,0.3999999999999999
36_B320,36,New York,4_3,Slurry Seal Coat,seal_coat,1990,10,4,4.0,0.0,-4.0,9.0,3.75,-5.25,1.25
36_B330,36,New York,4_3,Crack Sealing,crack_sealing,1990,10,4,5.0,8.0,3.0,8.75,1.75,-7.0,10.0
36_B350,36,New York,4_3,Aggregate Seal Coat,seal_coat,1990,8,4,13.0,0.0,-13.0,6.75,3.75,-3.0,-10.0
36_B310,36,New York,4_3,"Asphalt Concrete Overlay, Manual Premix Spot Patch (hand spreading and compacting with roller)",asphalt_overlay,1990,10,4,13.0,0.0,-13.0,6.75,3.75,-3.0,-10.0
49_3015,49,Utah,2_215,Partial depth patching of PCC pavements at joints,patching,1996,9,8,0.0,0.0,0.0,0.0,0.0,0.0,0.0
6_8150,6,California,4_210,Crack Sealing,crack_sealing,1997,2,2,0.0,46.0,46.0,2.5,1.5,-1.0,47.0
6_8156,6,California,4_166,"Patch Pot Holes - Hand Spread, Compacted with Truck",patching,1999,1,1,54.0,48.0,-6.0,8.0,31.0,23.0,-29.0
4_7614,4,Arizona,2_10,Grinding Surface,grinding,2003,8,7,0.0,0.0,0.0,18.857142857142858,35.285714285714285,16.428571428571427,-16.428571428571427
42_1627,42,Pennsylvania,2_80,Grinding Surface,grinding,1998,5,4,0.0,0.0,0.0,0.0,0.0,0.0,0.0
34_1034,34,New Jersey,4_55,Manual Premix Spot Patch (hand spreading and compacting with roller),patching,2004,7,4,19.0,31.0,12.0,7.5,7.75,0.25,11.75
10_1450,10,Delaware,3_113,Crack Sealing,crack_sealing,1998,8,7,2.0,4.0,2.0,0.0,0.0,0.0,2.0
24_A331,24,Maryland,4_90,Crack Sealing,crack_sealing,1990,8,6,1.0,2.0,1.0,0.3333333333333333,1.0,0.6666666666666667,0.33333333333333326
24_A310,24,Maryland,4_90,Asphalt Concrete Overlay,asphalt_overlay,1990,8,5,0.0,0.0,0.0,1.4,0.4,-0.9999999999999999,0.9999999999999999
24_A311,24,Maryland,4_90,Asphalt Concrete Overlay,asphalt_overlay,1990,8,5,5.0,0.0,-5.0,0.4,0.4,0.0,-5.0
24_A320,24,Maryland,4_90,Slurry Seal Coat,seal_coat,1990,8,5,0.0,0.0,0.0,1.4,0.4,-0.9999999999999999,0.9999999999999999
24_A330,24,Maryland,4_90,Crack Sealing,crack_sealing,1990,8,5,1.0,1.0,0.0,1.2,0.2,-1.0,1.0
24_A350,24,Maryland,4_90,Aggregate Seal Coat,seal_coat,1990,8,5,1.0,0.0,-1.0,1.2,0.4,-0.7999999999999999,-0.20000000000000007
16_9034,16,Idaho,3_95,Aggregate Seal Coat,seal_coat,2001,2,2,13.0,0.0,-13.0,9.5,0.5,-9.0,-4.0
42_1606,42,Pennsylvania,2_99,AC Shoulder Restoration,shoulder_restoration,2002,5,1,18.0,18.0,0.0,1.0,7.0,6.0,-6.0
10_4002,10,Delaware,4_10,Full Depth Transverse Joint Repair Patch,patching,1993,8,1,0.0,0.0,0.0,9.0,0.0,-9.0,9.0
53_3019,53,Washington,2_82,Lane-Shoulder Longitudinal Joint Sealing,crack_sealing,2014,4,4,0.0,0.0,0.0,1.75,2.0,0.25,-0.25
37_3816,37,North Carolina,4_147,AC Shoulder Restoration,shoulder_restoration,1996,3,2,0.0,0.0,0.0,23.5,19.0,-4.5,4.5
24_2401,24,Maryland,4_24,"Crack Sealing, AC Shoulder Restoration, Skin Patching (hand tools/hot pot to apply liquid asphalt and aggregate)",crack_sealing,2000,1,1,0.0,0.0,0.0,0.0,1.0,1.0,-1.0
42_1599,42,Pennsylvania,4_120,Crack Sealing,crack_sealing,1999,1,1,1.0,1.0,0.0,0.0,0.0,0.0,0.0
37_5037,37,North Carolina,2_40,"Crack Sealing, Lane-Shoulder Longitudinal Joint Sealing",crack_sealing,2001,1,1,0.0,0.0,0.0,0.0,0.0,0.0,0.0
31_6701,31,Nebraska,3_281,"Crack Sealing, Lane-Shoulder Longitudinal Joint Sealing",crack_sealing,2000,4,4,0.0,0.0,0.0,3.0,3.0,0.0,0.0
37_5827,37,North Carolina,3_29,Partial Depth Patching of PCC Pavement Other Than at Joint,patching,1998,8,8,1.0,1.0,0.0,6.25,0.75,-5.5,5.5
50_1004,50,Vermont,3_2,Crack Sealing,crack_sealing,1998,3,3,25.0,40.0,15.0,0.3333333333333333,6.666666666666667,6.333333333333334,8.666666666666666
42_B330,42,Pennsylvania,4_49,Crack Sealing,crack_sealing,1990,5,4,1.0,0.0,-1.0,0.75,0.25,-0.5,-0.5
42_B350,42,Pennsylvania,4_49,Aggregate Seal Coat,seal_coat,1990,5,4,0.0,0.0,0.0,1.0,0.25,-0.75,0.75
42_B351,42,Pennsylvania,4_49,Aggregate Seal Coat,seal_coat,1990,5,4,2.0,0.0,-2.0,0.5,0.25,-0.25,-1.75
42_B310,42,Pennsylvania,4_49,Asphalt Concrete Overlay,asphalt_overlay,1990,5,4,1.0,0.0,-1.0,0.75,0.25,-0.5,-0.5
42_A340,42,Pennsylvania,4_147,Strip Patching (using spreader and distributor to apply hot liquid asphalt and aggregate),patching,1992,8,6,1.0,1.0,0.0,1.1666666666666667,0.6666666666666666,-0.5000000000000001,0.5000000000000001
42_A350,42,Pennsylvania,4_147,Aggregate Seal Coat,seal_coat,1990,11,4,0.0,0.0,0.0,0.5,0.5,0.0,0.0
42_A320,42,Pennsylvania,4_147,Slurry Seal Coat,seal_coat,1990,8,4,0.0,0.0,0.0,0.5,0.5,0.0,0.0
42_A330,42,Pennsylvania,4_147,Crack Sealing,crack_sealing,1990,11,4,1.0,1.0,0.0,0.25,0.25,0.0,0.0
42_A310,42,Pennsylvania,4_147,"AC Shoulder Restoration, Asphalt Concrete Overlay",asphalt_overlay,1990,8,4,0.0,0.0,0.0,0.5,0.5,0.0,0.0
37_3807,37,North Carolina,3_52,Lane-Shoulder Longitudinal Joint Sealing,crack_sealing,2002,10,10,0.0,0.0,0.0,3.7,3.5,-0.20000000000000018,0.20000000000000018
16_1001,16,Idaho,3_95,Aggregate Seal Coat,seal_coat,1998,8,2,17.0,19.0,2.0,6.5,6.5,0.0,2.0
16_1020,16,Idaho,3_93,Crack Sealing,crack_sealing,1993,5,4,0.0,0.0,0.0,0.0,0.0,0.0,0.0
16_1010,16,Idaho,2_15,"Patch Pot Holes - Hand Spread, Compacted with Truck",patching,1997,8,8,5.0,12.0,7.0,0.375,0.5,0.125,6.875
6_3013,6,California,2_15,Grooving Surface,grinding,2009,5,4,8.0,8.0,0.0,20.25,26.0,5.75,-5.75
6_3042,6,California,2_5,"Transverse Joint Sealing, Lane-Shoulder Longitudinal Joint Sealing",crack_sealing,1996,4,2,6.0,0.0,-6.0,13.5,19.5,6.0,-12.0
6_3019,6,California,2_15,Grooving Surface,grinding,2009,5,3,42.0,61.0,19.0,3.6666666666666665,3.6666666666666665,0.0,19.0
6_3024,6,California,2_15,Grinding Surface,grinding,2007,5,4,3.0,3.0,0.0,21.5,27.25,5.75,-5.75
9_4008,9,Connecticut,2_84,Transverse Joint Sealing,crack_sealing,2002,9,9,46.0,38.0,-8.0,3.0,9.555555555555555,6.555555555555555,-14.555555555555555
6_9048,6,California,2_8,PCC Slab Replacement,reconstruction_or_major_rehab,2001,9,5,13.0,16.0,3.0,9.6,9.6,0.0,3.0
51_5008,51,Virginia,2_564,Full Depth Patching of PCC Pavement Other Than at Joint,patching,2014,2,1,2.0,4.0,2.0,0.0,0.0,0.0,2.0
54_4003,54,West Virginia,3_119,"Transverse Joint Sealing, Lane-Shoulder Longitudinal Joint Sealing",crack_sealing,2002,4,2,0.0,0.0,0.0,0.0,1.0,1.0,-1.0
51_5009,51,Virginia,3_60,Partial Depth Patching of PCC Pavement Other Than at Joint,patching,1998,1,1,1.0,2.0,1.0,1.0,2.0,1.0,0.0
51_2564,51,Virginia,2_64,Grooving Surface,grinding,1998,4,4,1.0,4.0,3.0,13.75,18.0,4.25,-1.25
42_5020,42,Pennsylvania,2_476,Partial Depth Patching of PCC Pavement Other Than at Joint,patching,1998,8,3,1.0,2.0,1.0,2.6666666666666665,19.0,16.333333333333332,-15.333333333333332
51_A310,51,Virginia,2_95,Asphalt Concrete Overlay,asphalt_overlay,1990,6,5,3.0,0.0,-3.0,6.6,1.6,-5.0,2.0
51_A321,51,Virginia,2_95,Slurry Seal Coat,seal_coat,1990,6,5,7.0,0.0,-7.0,5.8,1.6,-4.199999999999999,-2.8000000000000007
51_A320,51,Virginia,2_95,Slurry Seal Coat,seal_coat,1990,6,5,8.0,0.0,-8.0,5.6,1.6,-3.9999999999999996,-4.0
51_A330,51,Virginia,2_95,Crack Sealing,crack_sealing,1990,6,5,17.0,8.0,-9.0,3.8,0.0,-3.8,-5.2
51_A350,51,Virginia,2_95,Aggregate Seal Coat,seal_coat,1990,6,5,1.0,0.0,-1.0,7.0,1.6,-5.4,4.4
6_3030,6,California,2_5,Full Depth Patching of PCC Pavement Other Than at Joint,patching,2001,9,9,9.0,5.0,-4.0,,,,
6_3010,6,California,2_15,Grinding Surface,grinding,2000,4,3,0.0,0.0,0.0,6.333333333333333,14.0,7.666666666666667,-7.666666666666667
6_7493,6,California,2_15,"AC Shoulder Replacement, Grinding Surface, Transverse Joint Sealing",crack_sealing,2000,5,4,0.0,0.0,0.0,2.25,10.0,7.75,-7.75
8_7776,8,Colorado,2_70,Partial depth patching of PCC pavements at joints,patching,2002,9,8,0.0,0.0,0.0,0.5,1.75,1.25,-1.25
48_3679,48,Texas,4_103,Skin Patching (hand tools/hot pot to apply liquid asphalt and aggregate),patching,1995,2,2,3.0,11.0,8.0,10.5,12.0,1.5,6.5
41_5005,41,Oregon,2_5,Partial depth patching of PCC pavements at joints,patching,2012,3,1,0.0,1.0,1.0,1.0,1.0,0.0,1.0
53_7409,53,Washington,2_82,"AC Shoulder Restoration, Grinding Surface, Joint Load Transfer Restoration in PCC Pavements, Partial depth patching of PCC pavements at joints",patching,2011,2,1,2.0,2.0,0.0,0.0,0.0,0.0,0.0
5_3071,5,Arkansas,3_71,Slurry Seal Coat,seal_coat,1996,3,3,0.0,0.0,0.0,0.0,0.3333333333333333,0.3333333333333333,-0.3333333333333333
49_E450,49,Utah,3_40,"Transverse Joint Sealing, Lane-Shoulder Longitudinal Joint Sealing",crack_sealing,1991,8,8,0.0,0.0,0.0,0.0,0.0,0.0,0.0
49_E452,49,Utah,3_40,"Transverse Joint Sealing, Lane-Shoulder Longitudinal Joint Sealing",crack_sealing,1991,11,11,0.0,0.0,0.0,0.0,0.0,0.0,0.0
49_E448,49,Utah,3_40,"Transverse Joint Sealing, Lane-Shoulder Longitudinal Joint Sealing",crack_sealing,1991,12,12,0.0,0.0,0.0,1.5,2.5833333333333335,1.0833333333333335,-1.0833333333333335
49_E449,49,Utah,3_40,"Transverse Joint Sealing, Lane-Shoulder Longitudinal Joint Sealing",crack_sealing,1991,13,10,0.0,0.0,0.0,1.8,3.1,1.3,-1.3
49_E462,49,Utah,3_40,"Transverse Joint Sealing, Lane-Shoulder Longitudinal Joint Sealing",crack_sealing,1991,11,8,0.0,0.0,0.0,2.25,3.875,1.625,-1.625
49_E446,49,Utah,3_40,"Transverse Joint Sealing, Lane-Shoulder Longitudinal Joint Sealing",crack_sealing,1991,9,4,0.0,0.0,0.0,0.0,0.0,0.0,0.0
49_E456,49,Utah,3_40,"Transverse Joint Sealing, Lane-Shoulder Longitudinal Joint Sealing",crack_sealing,1991,11,3,8.0,18.0,10.0,3.3333333333333335,4.333333333333333,0.9999999999999996,9.0
49_E461,49,Utah,3_40,"Transverse Joint Sealing, Lane-Shoulder Longitudinal Joint Sealing",crack_sealing,1991,10,4,0.0,0.0,0.0,4.5,4.5,0.0,0.0
49_D430,49,Utah,4_154,"Transverse Joint Sealing, Lane-Shoulder Longitudinal Joint Sealing",crack_sealing,2001,11,10,0.0,0.0,0.0,0.0,0.0,0.0,0.0
49_D431,49,Utah,4_154,"Transverse Joint Sealing, Lane-Shoulder Longitudinal Joint Sealing",crack_sealing,2001,11,10,0.0,0.0,0.0,0.0,0.0,0.0,0.0
49_D460,49,Utah,4_154,"Transverse Joint Sealing, Lane-Shoulder Longitudinal Joint Sealing",crack_sealing,2001,8,8,0.0,0.0,0.0,2.375,2.0,-0.375,0.375
55_6352,55,Wisconsin,3_18,"Grinding Surface, Patch Pot Holes - Hand Spread, Compacted with Truck, Joint Load Transfer Restoration in PCC Pavements",patching,2010,4,4,13.0,13.0,0.0,9.0,9.75,0.75,-0.75
55_6354,55,Wisconsin,3_18,"Grinding Surface, Patch Pot Holes - Hand Spread, Compacted with Truck, Full Depth Transverse Joint Repair Patch, Joint Load Transfer Restoration in PCC Pavements",patching,2010,4,4,0.0,0.0,0.0,12.25,13.0,0.75,-0.75
55_6353,55,Wisconsin,3_18,Partial depth patching of PCC pavements at joints,patching,2002,4,4,0.0,0.0,0.0,3.75,3.75,0.0,0.0
55_6355,55,Wisconsin,3_18,Crack Sealing,crack_sealing,2004,4,4,0.0,0.0,0.0,3.75,10.0,6.25,-6.25
48_3579,48,Texas,4_19,Crack Sealing,crack_sealing,1992,6,6,1.0,0.0,-1.0,0.5,2.5,2.0,-3.0
20_4053,20,Kansas,2_70,Partial depth patching of PCC pavements at joints,patching,2004,6,1,100.0,100.0,0.0,0.0,3.0,3.0,-3.0
1_0502,1,Alabama,_,Hot-Mix Recycled Asphalt Concrete Overlay,asphalt_overlay,1991,9,9,56.0,7.0,-49.0,44.333333333333336,0.0,-44.333333333333336,-4.666666666666664
1_0505,1,Alabama,_,Asphalt Concrete Overlay,asphalt_overlay,1991,9,9,56.0,0.0,-56.0,44.333333333333336,0.7777777777777778,-43.55555555555556,-12.444444444444443
1_0503,1,Alabama,_,"AC Shoulder Restoration, Hot-Mix Recycled Asphalt Concrete Overlay",asphalt_overlay,1991,9,9,56.0,0.0,-56.0,44.333333333333336,0.7777777777777778,-43.55555555555556,-12.444444444444443
1_0504,1,Alabama,_,"AC Shoulder Restoration, Asphalt Concrete Overlay",asphalt_overlay,1991,9,9,4.0,0.0,-4.0,50.111111111111114,0.7777777777777778,-49.333333333333336,45.333333333333336
1_0507,1,Alabama,_,"AC Shoulder Restoration, Mill Off AC and Overlay with AC",asphalt_overlay,1991,9,9,56.0,0.0,-56.0,44.333333333333336,0.7777777777777778,-43.55555555555556,-12.444444444444443
1_0508,1,Alabama,_,"AC Shoulder Restoration, Mill Existing Pavement and Overlay with Hot-Mix Recycled AC",asphalt_overlay,1991,15,15,56.0,0.0,-56.0,33.46666666666667,12.866666666666667,-20.6,-35.4
1_0509,1,Alabama,_,"AC Shoulder Restoration, Mill Existing Pavement and Overlay with Hot-Mix Recycled AC",asphalt_overlay,1991,15,15,43.0,0.0,-43.0,34.333333333333336,12.866666666666667,-21.46666666666667,-21.53333333333333
19_3033,19,Iowa,3_218,AC Shoulder Restoration,shoulder_restoration,2003,5,2,0.0,0.0,0.0,2.0,2.0,0.0,0.0
18_3031,18,Indiana,4_62,"Transverse Joint Sealing, Lane-Shoulder Longitudinal Joint Sealing, Full Depth Patching of PCC Pavement Other Than at Joint",crack_sealing,1998,5,3,0.0,0.0,0.0,0.0,0.0,0.0,0.0
5_4019,5,Arkansas,3_65,"Crack Sealing, Transverse Joint Sealing, Lane-Shoulder Longitudinal Joint Sealing",crack_sealing,2006,8,6,0.0,0.0,0.0,0.0,0.0,0.0,0.0
27_4033,27,Minnesota,2_35E,Partial depth patching of PCC pavements at joints,patching,2002,6,3,6.0,6.0,0.0,1.6666666666666667,3.0,1.3333333333333333,-1.3333333333333333
28_3090,28,Mississippi,4_315,Aggregate Seal Coat,seal_coat,2000,7,5,54.0,21.0,-33.0,0.0,0.4,0.4,-33.4
18_4042,18,Indiana,4_62,Full Depth Patching of PCC Pavement Other Than at Joint,patching,1997,6,5,8.0,7.0,-1.0,0.0,0.0,0.0,-1.0
28_3085,28,Mississippi,4_310,"Patch Pot Holes - Hand Spread, Compacted with Truck",patching,1997,8,8,22.0,30.0,8.0,6.0,3.0,-3.0,11.0
5_4046,5,Arkansas,3_63,"Transverse Joint Sealing, Full Depth Transverse Joint Repair Patch",crack_sealing,1996,8,1,3.0,3.0,0.0,16.0,3.0,-13.0,13.0
12_0502,12,Florida,_,"AC Shoulder Replacement, Mill Existing Pavement and Overlay with Hot-Mix Recycled AC",asphalt_overlay,1995,8,7,9.0,0.0,-9.0,39.0,0.0,-39.0,30.0
12_0503,12,Florida,_,"AC Shoulder Replacement, Mill Existing Pavement and Overlay with Hot-Mix Recycled AC",asphalt_overlay,1995,8,7,49.0,0.0,-49.0,33.285714285714285,0.0,-33.285714285714285,-15.714285714285715
12_0504,12,Florida,_,"AC Shoulder Replacement, Mill Off AC and Overlay with AC",asphalt_overlay,1995,11,9,30.0,0.0,-30.0,27.77777777777778,0.0,-27.77777777777778,-2.2222222222222214
12_0505,12,Florida,_,"AC Shoulder Replacement, Mill Off AC and Overlay with AC",asphalt_overlay,1995,9,7,0.0,0.0,0.0,31.285714285714285,0.0,-31.285714285714285,31.285714285714285
12_0506,12,Florida,_,"AC Shoulder Replacement, Mill Off AC and Overlay with AC",asphalt_overlay,1995,14,12,56.0,0.0,-56.0,28.083333333333332,0.0,-28.083333333333332,-27.916666666666668
12_0507,12,Florida,_,"AC Shoulder Replacement, Mill Off AC and Overlay with AC",asphalt_overlay,1995,15,12,48.0,0.0,-48.0,28.75,0.0,-28.75,-19.25
12_0508,12,Florida,_,"AC Shoulder Replacement, Mill Existing Pavement and Overlay with Hot-Mix Recycled AC",asphalt_overlay,1995,8,7,55.0,0.0,-55.0,32.42857142857143,0.0,-32.42857142857143,-22.57142857142857
12_0509,12,Florida,_,"AC Shoulder Replacement, Mill Existing Pavement and Overlay with Hot-Mix Recycled AC",asphalt_overlay,1995,10,9,36.0,0.0,-36.0,32.888888888888886,0.0,-32.888888888888886,-3.1111111111111143
12_0562,12,Florida,_,"AC Shoulder Replacement, Mill Off AC and Overlay with AC",asphalt_overlay,1995,10,8,20.0,0.0,-20.0,29.375,0.0,-29.375,9.375
12_0563,12,Florida,_,"AC Shoulder Replacement, Mill Off AC and Overlay with AC",asphalt_overlay,1995,9,7,5.0,0.0,-5.0,30.571428571428573,0.0,-30.571428571428573,25.571428571428573
12_0564,12,Florida,_,"AC Shoulder Replacement, Mill Existing Pavement and Overlay with Hot-Mix Recycled AC",asphalt_overlay,1995,9,7,56.0,0.0,-56.0,23.285714285714285,0.0,-23.285714285714285,-32.714285714285715
12_0565,12,Florida,_,"AC Shoulder Replacement, Mill Existing Pavement and Overlay with Hot-Mix Recycled AC",asphalt_overlay,1995,9,8,25.0,0.0,-25.0,35.875,0.0,-35.875,10.875
12_0566,12,Florida,_,"AC Shoulder Replacement, Mill Off AC and Overlay with AC",asphalt_overlay,1995,15,12,4.0,0.0,-4.0,32.416666666666664,0.0,-32.416666666666664,28.416666666666664
18_3002,18,Indiana,3_41,"Partial depth patching of PCC pavements at joints, Partial Depth Patching of PCC Pavement Other Than at Joint",patching,1996,5,1,0.0,0.0,0.0,0.0,0.0,0.0,0.0
19_3009,19,Iowa,2_380,"Transverse Joint Sealing, Lane-Shoulder Longitudinal Joint Sealing, PCC Slab Replacement",crack_sealing,2009,4,1,4.0,0.0,-4.0,0.0,0.0,0.0,-4.0
40_0503,40,Oklahoma,_,"AC Shoulder Restoration, Tack Coat, Hot-Mix Recycled Asphalt Concrete Overlay",asphalt_overlay,1997,10,5,0.0,0.0,0.0,0.0,0.0,0.0,0.0
40_0502,40,Oklahoma,_,"AC Shoulder Restoration, Manual Premix Spot Patch (hand spreading and compacting with roller), Tack Coat, Hot-Mix Recycled Asphalt Concrete Overlay",asphalt_overlay,1997,9,5,0.0,0.0,0.0,0.0,0.0,0.0,0.0
40_0505,40,Oklahoma,_,"AC Shoulder Restoration, Asphalt Concrete Overlay, Manual Premix Spot Patch (hand spreading and compacting with roller), Tack Coat",asphalt_overlay,1997,10,3,1.0,0.0,-1.0,0.0,0.0,0.0,-1.0
40_0560,40,Oklahoma,_,"AC Shoulder Restoration, Asphalt Concrete Overlay, Tack Coat",asphalt_overlay,1997,8,2,0.0,0.0,0.0,0.5,0.0,-0.5,0.5
40_0504,40,Oklahoma,_,"AC Shoulder Restoration, Asphalt Concrete Overlay, Tack Coat",asphalt_overlay,1997,12,4,0.0,0.0,0.0,0.25,0.0,-0.25,0.25
40_0506,40,Oklahoma,_,"AC Shoulder Restoration, Tack Coat, Mill Off AC and Overlay with AC",asphalt_overlay,1997,8,3,0.0,0.0,0.0,0.0,0.0,0.0,0.0
40_0507,40,Oklahoma,_,"AC Shoulder Restoration, Tack Coat, Mill Off AC and Overlay with AC",asphalt_overlay,1997,9,3,0.0,0.0,0.0,0.3333333333333333,0.0,-0.3333333333333333,0.3333333333333333
40_0508,40,Oklahoma,_,"AC Shoulder Restoration, Tack Coat, Mill Existing Pavement and Overlay with Hot-Mix Recycled AC",asphalt_overlay,1997,10,5,0.0,0.0,0.0,0.0,0.0,0.0,0.0
40_0509,40,Oklahoma,_,"AC Shoulder Restoration, Tack Coat, Mill Existing Pavement and Overlay with Hot-Mix Recycled AC",asphalt_overlay,1997,11,5,0.0,0.0,0.0,0.0,0.0,0.0,0.0
1_0506,1,Alabama,_,Mill Off AC and Overlay with AC,asphalt_overlay,1991,9,9,23.0,0.0,-23.0,48.0,0.7777777777777778,-47.22222222222222,24.22222222222222
1_0563,1,Alabama,_,Mill Off AC and Overlay with AC,asphalt_overlay,1991,8,8,56.0,0.0,-56.0,43.75,0.875,-42.875,-13.125
39_9006,39,Ohio,2_71,"Crack Sealing, Transverse Joint Sealing, Patch Pot Holes - Hand Spread, Compacted with Truck, Lane-Shoulder Longitudinal Joint Sealing, Partial depth patching of PCC pavements at joints, Partial Depth Patching of PCC Pavement Other Than at Joint",crack_sealing,2001,5,1,85.0,95.0,10.0,100.0,100.0,0.0,10.0
5_A607,5,Arkansas,3_65,"AC Shoulder Restoration, Asphalt Concrete Overlay, Longitudinal Subdrains, Fracture Treatment of PCC Pavement as Base for New AC Surface",asphalt_overlay,1996,10,10,0.0,0.0,0.0,0.0,0.0,0.0,0.0
5_A608,5,Arkansas,3_65,"AC Shoulder Restoration, Asphalt Concrete Overlay, Longitudinal Subdrains, Fracture Treatment of PCC Pavement as Base for New AC Surface",asphalt_overlay,1996,10,10,0.0,0.0,0.0,0.0,0.0,0.0,0.0
5_A601,5,Arkansas,3_65,"Crack Sealing, Transverse Joint Sealing, Full Depth Patching of PCC Pavement Other Than at Joint, Partial Depth Patching of PCC Pavement Other Than at Joint",crack_sealing,1996,14,10,0.0,0.0,0.0,0.0,0.0,0.0,0.0
5_A602,5,Arkansas,3_65,"Crack Sealing, Grinding Surface, Transverse Joint Sealing, Full Depth Patching of PCC Pavement Other Than at Joint, Partial Depth Patching of PCC Pavement Other Than at Joint",crack_sealing,1996,14,10,0.0,0.0,0.0,0.0,0.0,0.0,0.0
5_A603,5,Arkansas,3_65,"Crack Sealing, AC Shoulder Restoration, Asphalt Concrete Overlay, Transverse Joint Sealing, Full Depth Patching of PCC Pavement Other Than at Joint, Partial Depth Patching of PCC Pavement Other Than at Joint, PCC Slab Replacement",crack_sealing,1996,8,8,0.0,0.0,0.0,0.0,0.0,0.0,0.0
5_A604,5,Arkansas,3_65,"Crack Sealing, AC Shoulder Restoration, Asphalt Concrete Overlay, Transverse Joint Sealing, Full Depth Patching of PCC Pavement Other Than at Joint, Saw and Seal, Partial Depth Patching of PCC Pavement Other Than at Joint",crack_sealing,1996,8,8,0.0,0.0,0.0,0.0,0.0,0.0,0.0
5_A605,5,Arkansas,3_65,"Crack Sealing, Grinding Surface, Transverse Joint Sealing, Longitudinal Subdrains, Full Depth Patching of PCC Pavement Other Than at Joint, Joint Load Transfer Restoration in PCC Pavements, Partial Depth Patching of PCC Pavement Other Than at Joint",crack_sealing,1996,8,8,0.0,0.0,0.0,0.0,0.0,0.0,0.0
5_A606,5,Arkansas,3_65,"Crack Sealing, AC Shoulder Restoration, Asphalt Concrete Overlay, Transverse Joint Sealing, Longitudinal Subdrains, Full Depth Patching of PCC Pavement Other Than at Joint, Joint Load Transfer Restoration in PCC Pavements, Partial Depth Patching of PCC Pavement Other Than at Joint, PCC Slab Replacement",crack_sealing,1996,10,10,0.0,0.0,0.0,0.0,0.0,0.0,0.0
48_5335,48,Texas,2_40,Full Depth Patching of PCC Pavement Other Than at Joint,patching,2000,4,2,1.0,1.0,0.0,34.5,37.5,3.0,-3.0
28_5803,28,Mississippi,3_78,"AC Shoulder Replacement, Partial Depth Patching of PCC Pavement Other Than at Joint",patching,1992,6,6,0.0,1.0,1.0,7.5,11.0,3.5,-2.5
48_1087,48,Texas,3_69,Slurry Seal Coat,seal_coat,1997,1,1,18.0,2.0,-16.0,36.0,31.0,-5.0,-11.0
28_3019,28,Mississippi,3_72,AC Shoulder Replacement,shoulder_restoration,1997,3,1,0.0,0.0,0.0,0.0,0.0,0.0,0.0
17_0608,17,Illinois,_,Longitudinal Subdrains,reconstruction_or_major_rehab,1990,8,6,0.0,0.0,0.0,,0.0,,
40_0608,40,Oklahoma,_,"AC Shoulder Restoration, Asphalt Concrete Overlay, Longitudinal Subdrains, Fracture Treatment of PCC Pavement as Base for New AC Surface",asphalt_overlay,1992,12,12,0.0,0.0,0.0,6.583333333333333,4.916666666666667,-1.666666666666666,1.666666666666666
40_0605,40,Oklahoma,_,Full Depth Transverse Joint Repair Patch,patching,1992,12,12,0.0,0.0,0.0,6.916666666666667,4.916666666666667,-2.0,2.0
40_0606,40,Oklahoma,_,Full Depth Transverse Joint Repair Patch,patching,1992,12,12,11.0,7.0,-4.0,6.0,4.333333333333333,-1.666666666666667,-2.333333333333333
40_0603,40,Oklahoma,_,Full Depth Transverse Joint Repair Patch,patching,1992,8,8,0.0,0.0,0.0,7.5,4.0,-3.5,3.5
40_0604,40,Oklahoma,_,Full Depth Transverse Joint Repair Patch,patching,1992,8,8,14.0,13.0,-1.0,5.75,2.375,-3.375,2.375
40_0601,40,Oklahoma,_,"Transverse Joint Sealing, Full Depth Transverse Joint Repair Patch",crack_sealing,1992,8,8,13.0,0.0,-13.0,5.875,4.0,-1.875,-11.125
40_0602,40,Oklahoma,_,Full Depth Transverse Joint Repair Patch,patching,1992,8,8,22.0,11.0,-11.0,4.75,2.625,-2.125,-8.875
48_4152,48,Texas,4_146,Partial depth patching of PCC pavements at joints,patching,1999,9,9,61.0,61.0,0.0,26.77777777777778,26.77777777777778,0.0,0.0
19_3028,19,Iowa,3_218,AC Shoulder Restoration,shoulder_restoration,1999,5,2,0.0,0.0,0.0,17.0,16.0,-1.0,1.0
48_1094,48,Texas,4_16,Aggregate Seal Coat,seal_coat,1998,8,3,8.0,0.0,-8.0,0.0,0.0,0.0,-8.0
48_1169,48,Texas,3_322,Slurry Seal Coat,seal_coat,2000,7,2,3.0,0.0,-3.0,7.0,13.0,6.0,-9.0
12_3811,12,Florida,2_10,Crack Sealing,crack_sealing,1995,1,1,63.0,71.0,8.0,0.0,0.0,0.0,8.0
27_3013,27,Minnesota,3_169,Partial depth patching of PCC pavements at joints,patching,2001,17,3,0.0,0.0,0.0,3.6666666666666665,5.0,1.3333333333333335,-1.3333333333333335
31_3023,31,Nebraska,2_80,"Transverse Joint Sealing, Lane-Shoulder Longitudinal Joint Sealing",crack_sealing,1999,5,3,9.0,9.0,0.0,1.0,1.0,0.0,0.0
29_5091,29,Missouri,2_35,"Grinding Surface, Transverse Joint Sealing, Full Depth Transverse Joint Repair Patch, Partial Depth Patching of PCC Pavement Other Than at Joint",crack_sealing,1999,8,3,25.0,20.0,-5.0,33.666666666666664,38.0,4.333333333333336,-9.333333333333336
13_0502,13,Georgia,_,Mill Existing Pavement and Overlay with Hot-Mix Recycled AC,asphalt_overlay,1993,15,10,7.0,0.0,-7.0,1.0,0.0,-1.0,-6.0
13_0503,13,Georgia,_,"AC Shoulder Restoration, Mill Existing Pavement and Overlay with Hot-Mix Recycled AC",asphalt_overlay,1993,9,9,0.0,0.0,0.0,1.7777777777777777,0.0,-1.7777777777777777,1.7777777777777777
13_0504,13,Georgia,_,"AC Shoulder Restoration, Mill Off AC and Overlay with AC",asphalt_overlay,1993,9,9,2.0,0.0,-2.0,1.5555555555555556,0.0,-1.5555555555555556,-0.4444444444444444
13_0505,13,Georgia,_,Mill Off AC and Overlay with AC,asphalt_overlay,1993,9,9,4.0,0.0,-4.0,1.3333333333333333,0.0,-1.3333333333333333,-2.666666666666667
13_0506,13,Georgia,_,"AC Shoulder Restoration, Mill Off AC and Overlay with AC",asphalt_overlay,1993,9,9,0.0,0.0,0.0,1.7777777777777777,0.0,-1.7777777777777777,1.7777777777777777
13_0507,13,Georgia,_,"AC Shoulder Restoration, Mill Off AC and Overlay with AC",asphalt_overlay,1993,9,9,1.0,0.0,-1.0,1.6666666666666667,0.0,-1.6666666666666667,0.6666666666666667
13_0508,13,Georgia,_,"AC Shoulder Restoration, Mill Existing Pavement and Overlay with Hot-Mix Recycled AC",asphalt_overlay,1993,9,9,1.0,0.0,-1.0,1.6666666666666667,0.0,-1.6666666666666667,0.6666666666666667
13_0509,13,Georgia,_,"AC Shoulder Restoration, Mill Existing Pavement and Overlay with Hot-Mix Recycled AC",asphalt_overlay,1993,9,9,1.0,0.0,-1.0,1.6666666666666667,0.0,-1.6666666666666667,0.6666666666666667
13_0560,13,Georgia,_,Mill Off AC and Overlay with AC,asphalt_overlay,1993,8,3,1.0,0.0,-1.0,2.3333333333333335,0.0,-2.3333333333333335,1.3333333333333335
13_0564,13,Georgia,_,Mill Existing Pavement and Overlay with Hot-Mix Recycled AC,asphalt_overlay,1993,8,3,0.0,0.0,0.0,2.6666666666666665,0.0,-2.6666666666666665,2.6666666666666665
29_4036,29,Missouri,2_435,"Crack Sealing, Grinding Surface, Transverse Joint Sealing, Partial depth patching of PCC pavements at joints, Partial Depth Patching of PCC Pavement Other Than at Joint",crack_sealing,2003,6,2,75.0,54.0,-21.0,50.0,51.5,1.5,-22.5
20_4054,20,Kansas,2_70,Partial Depth Patching of PCC Pavement Other Than at Joint,patching,1997,9,4,100.0,100.0,0.0,0.0,0.0,0.0,0.0
29_0664,29,Missouri,_,"Asphalt Concrete Overlay, Fracture Treatment of PCC Pavement as Base for New AC Surface",asphalt_overlay,1992,10,10,62.0,0.0,-62.0,76.9,13.1,-63.800000000000004,1.8000000000000043
29_0666,29,Missouri,_,"Full Depth Transverse Joint Repair Patch, Partial depth patching of PCC pavements at joints",patching,1992,15,12,100.0,80.0,-20.0,65.41666666666667,33.25,-32.16666666666667,12.166666666666671
29_0662,29,Missouri,_,"Asphalt Concrete Overlay, Longitudinal Subdrains, Fracture Treatment of PCC Pavement as Base for New AC Surface",asphalt_overlay,1992,9,9,100.0,0.0,-100.0,73.44444444444444,11.222222222222221,-62.22222222222222,-37.77777777777778
29_0608,29,Missouri,_,Longitudinal Subdrains,reconstruction_or_major_rehab,1992,8,8,100.0,0.0,-100.0,74.625,4.625,-70.0,-30.0
29_0660,29,Missouri,_,"Asphalt Concrete Overlay, Fracture Treatment of PCC Pavement as Base for New AC Surface",asphalt_overlay,1992,8,8,100.0,0.0,-100.0,74.625,4.625,-70.0,-30.0
29_0661,29,Missouri,_,"Asphalt Concrete Overlay, Longitudinal Subdrains, Fracture Treatment of PCC Pavement as Base for New AC Surface",asphalt_overlay,1992,15,15,41.0,0.0,-41.0,73.73333333333333,14.066666666666666,-59.66666666666667,18.66666666666667
29_0663,29,Missouri,_,"Asphalt Concrete Overlay, Fracture Treatment of PCC Pavement as Base for New AC Surface",asphalt_overlay,1992,10,10,56.0,0.0,-56.0,77.5,13.1,-64.4,8.400000000000006
29_0665,29,Missouri,_,"Asphalt Concrete Overlay, Full Depth Transverse Joint Repair Patch",asphalt_overlay,1992,15,12,38.0,0.0,-38.0,70.58333333333333,39.916666666666664,-30.666666666666664,-7.333333333333336
29_0606,29,Missouri,_,"Pressure Grout Subsealing, Asphalt Concrete Overlay, Longitudinal Subdrains, Full Depth Transverse Joint Repair Patch",asphalt_overlay,1992,8,8,33.0,0.0,-33.0,64.25,25.75,-38.5,5.5
29_0604,29,Missouri,_,Full Depth Transverse Joint Repair Patch,patching,1992,8,8,78.0,0.0,-78.0,58.625,25.75,-32.875,-45.125
48_3719,48,Texas,3_69,,unknown,1997,4,4,0.0,1.0,1.0,0.0,0.0,0.0,1.0
48_B340,48,Texas,3_175,Manual Premix Spot Patch (hand spreading and compacting with roller),patching,2002,10,9,2.0,2.0,0.0,5.777777777777778,12.11111111111111,6.333333333333333,-6.333333333333333
48_J330,48,Texas,3_181,Crack Sealing,crack_sealing,2000,7,6,0.0,1.0,1.0,0.6666666666666666,2.1666666666666665,1.5,-0.5
48_J340,48,Texas,3_181,Crack Sealing,crack_sealing,2000,7,6,2.0,9.0,7.0,0.3333333333333333,0.8333333333333334,0.5,6.5
1_A340,1,Alabama,4_152,Crack Sealing,crack_sealing,1998,6,4,19.0,24.0,5.0,26.25,28.25,2.0,3.0
48_I330,48,Texas,4_30,AC Shoulder Restoration,shoulder_restoration,1998,8,5,0.0,0.0,0.0,2.6,4.0,1.4,-1.4
48_I340,48,Texas,4_30,AC Shoulder Restoration,shoulder_restoration,1998,8,5,0.0,0.0,0.0,2.6,4.0,1.4,-1.4
48_E430,48,Texas,3_96,"Full Depth Transverse Joint Repair Patch, Partial depth patching of PCC pavements at joints",patching,1996,3,3,0.0,0.0,0.0,0.0,0.0,0.0,0.0
48_Q353,48,Texas,3_84,Aggregate Seal Coat,seal_coat,1991,6,6,0.0,0.0,0.0,0.3333333333333333,3.8333333333333335,3.5,-3.5
12_B321,12,Florida,3_17,Slurry Seal Coat,seal_coat,1991,8,8,54.0,0.0,-54.0,51.5,14.0,-37.5,-16.5
12_B352,12,Florida,3_17,Aggregate Seal Coat,seal_coat,1991,8,8,54.0,0.0,-54.0,51.5,14.0,-37.5,-16.5
12_B351,12,Florida,3_17,"Surface Treatment, Double Layer",seal_coat,1991,8,8,54.0,0.0,-54.0,51.5,14.0,-37.5,-16.5
12_B310,12,Florida,3_17,Asphalt Concrete Overlay,asphalt_overlay,1991,8,8,34.0,0.0,-34.0,54.0,14.0,-40.0,6.0
12_B360,12,Florida,3_17,Asphalt Concrete Overlay,asphalt_overlay,1991,8,8,54.0,0.0,-54.0,51.5,14.0,-37.5,-16.5
48_E410,48,Texas,3_96,"Transverse Joint Sealing, Lane-Shoulder Longitudinal Joint Sealing",crack_sealing,1990,3,2,0.0,0.0,0.0,0.0,0.0,0.0,0.0
48_E420,48,Texas,3_96,"Transverse Joint Sealing, Lane-Shoulder Longitudinal Joint Sealing, Partial depth patching of PCC pavements at joints",crack_sealing,1990,3,2,0.0,0.0,0.0,0.0,0.0,0.0,0.0
48_B410,48,Texas,3_90,"Transverse Joint Sealing, Lane-Shoulder Longitudinal Joint Sealing",crack_sealing,1990,8,5,0.0,0.0,0.0,44.6,48.2,3.6000000000000014,-3.6000000000000014
48_B420,48,Texas,3_90,"Pressure Grout Subsealing, Transverse Joint Sealing, Lane-Shoulder Longitudinal Joint Sealing",crack_sealing,1990,8,5,0.0,0.0,0.0,44.6,48.2,3.6000000000000014,-3.6000000000000014
48_D410,48,Texas,4_146,"Crack Sealing, Transverse Joint Sealing, Lane-Shoulder Longitudinal Joint Sealing",crack_sealing,1990,9,5,47.0,53.0,6.0,35.2,37.6,2.3999999999999986,3.6000000000000014
48_D420,48,Texas,4_146,"Crack Sealing, Transverse Joint Sealing, Lane-Shoulder Longitudinal Joint Sealing",crack_sealing,1990,9,5,100.0,100.0,0.0,24.6,28.2,3.599999999999998,-3.599999999999998
48_J310,48,Texas,3_181,Asphalt Concrete Overlay,asphalt_overlay,1990,7,5,1.0,0.0,-1.0,0.2,0.0,-0.2,-0.8
48_B330,48,Texas,3_175,Crack Sealing,crack_sealing,1990,11,3,2.0,2.0,0.0,3.0,0.0,-3.0,3.0
48_Q310,48,Texas,3_84,Asphalt Concrete Overlay,asphalt_overlay,1990,6,6,0.0,0.0,0.0,0.0,0.3333333333333333,0.3333333333333333,-0.3333333333333333
48_Q320,48,Texas,3_84,Slurry Seal Coat,seal_coat,1990,6,6,0.0,0.0,0.0,0.0,0.3333333333333333,0.3333333333333333,-0.3333333333333333
48_Q350,48,Texas,3_84,Aggregate Seal Coat,seal_coat,1990,6,6,0.0,0.0,0.0,0.0,0.3333333333333333,0.3333333333333333,-0.3333333333333333
12_B320,12,Florida,3_17,Slurry Seal Coat,seal_coat,1990,8,8,54.0,4.0,-50.0,51.5,13.5,-38.0,-12.0
12_B330,12,Florida,3_17,Crack Sealing,crack_sealing,1990,8,8,54.0,54.0,0.0,51.5,7.25,-44.25,44.25
12_B350,12,Florida,3_17,Aggregate Seal Coat,seal_coat,1990,8,8,54.0,0.0,-54.0,51.5,14.0,-37.5,-16.5
27_0501,27,Minnesota,_,Skin Patching (hand tools/hot pot to apply liquid asphalt and aggregate),patching,1999,8,7,1.0,1.0,0.0,0.0,0.0,0.0,0.0
29_5000,29,Missouri,2_35,AC Shoulder Restoration,shoulder_restoration,1992,8,5,100.0,63.0,-37.0,75.2,58.0,-17.200000000000003,-19.799999999999997
17_A310,17,Illinois,3_50,Asphalt Concrete Overlay,asphalt_overlay,1991,8,5,0.0,0.0,0.0,0.0,0.0,0.0,0.0
48_1168,48,Texas,10_564,"Patch Pot Holes - Hand Spread, Compacted with Truck",patching,1998,7,1,36.0,31.0,-5.0,18.0,2.0,-16.0,11.0
6_0607,6,California,_,"AC Shoulder Restoration, Asphalt Concrete Overlay, Longitudinal Subdrains, Fracture Treatment of PCC Pavement as Base for New AC Surface, PCC Slab Replacement",asphalt_overlay,1992,14,7,69.0,0.0,-69.0,,6.857142857142857,,
6_0608,6,California,_,"AC Shoulder Restoration, Asphalt Concrete Overlay, Longitudinal Subdrains, Fracture Treatment of PCC Pavement as Base for New AC Surface",asphalt_overlay,1992,10,6,72.0,0.0,-72.0,,8.0,,
6_0606,6,California,_,"AC Shoulder Restoration, Asphalt Concrete Overlay, Longitudinal Subdrains, Full Depth Transverse Joint Repair Patch, Full Depth Patching of PCC Pavement Other Than at Joint, Partial Depth Patching of PCC Pavement Other Than at Joint, PCC Slab Replacement",asphalt_overlay,1992,15,6,44.0,0.0,-44.0,,29.666666666666668,,
6_0602,6,California,_,"Crack Sealing, Grinding Surface, Transverse Joint Sealing, Lane-Shoulder Longitudinal Joint Sealing, Full Depth Transverse Joint Repair Patch, Partial depth patching of PCC pavements at joints, PCC Slab Replacement",crack_sealing,1992,15,4,41.0,48.0,7.0,,14.75,,
18_0605,18,Indiana,_,"AC Shoulder Restoration, Longitudinal Subdrains, Full Depth Transverse Joint Repair Patch, Joint Load Transfer Restoration in PCC Pavements",patching,1990,8,2,0.0,0.0,0.0,0.0,0.0,0.0,0.0
18_0602,18,Indiana,_,"Full Depth Transverse Joint Repair Patch, Joint Load Transfer Restoration in PCC Pavements",patching,1990,8,2,0.0,0.0,0.0,0.0,0.0,0.0,0.0
18_0604,18,Indiana,_,"AC Shoulder Restoration, Asphalt Concrete Overlay, Full Depth Transverse Joint Repair Patch, Joint Load Transfer Restoration in PCC Pavements, Partial depth patching of PCC pavements at joints, Saw and Seal",crack_sealing,1990,9,2,0.0,0.0,0.0,0.0,0.0,0.0,0.0
48_1122,48,Texas,3_181,Aggregate Seal Coat,seal_coat,2002,7,1,1.0,0.0,-1.0,0.0,0.0,0.0,-1.0
48_2133,48,Texas,4_363,Aggregate Seal Coat,seal_coat,2000,2,2,24.0,0.0,-24.0,0.0,0.0,0.0,-24.0
45_5035,45,South Carolina,2_20,Crack Sealing,crack_sealing,1997,1,1,6.0,10.0,4.0,0.0,0.0,0.0,4.0
1_4084,1,Alabama,2_59,Lane-Shoulder Longitudinal Joint Sealing,crack_sealing,1995,2,2,100.0,100.0,0.0,7.0,20.0,13.0,-13.0
42_0602,42,Pennsylvania,_,Partial depth patching of PCC pavements at joints,patching,1994,8,8,18.0,18.0,0.0,15.625,1.875,-13.75,13.75
28_5006,28,Mississippi,3_78,AC Shoulder Restoration,shoulder_restoration,1994,3,2,0.0,0.0,0.0,7.0,11.0,4.0,-4.0
42_0607,42,Pennsylvania,_,"AC Shoulder Restoration, Asphalt Concrete Overlay, Longitudinal Subdrains, Fracture Treatment of PCC Pavement as Base for New AC Surface",asphalt_overlay,1992,12,11,22.0,1.0,-21.0,15.727272727272727,3.909090909090909,-11.818181818181817,-9.181818181818183
42_0608,42,Pennsylvania,_,"AC Shoulder Restoration, Asphalt Concrete Overlay, Longitudinal Subdrains, Fracture Treatment of PCC Pavement as Base for New AC Surface",asphalt_overlay,1992,12,11,0.0,0.0,0.0,17.727272727272727,4.0,-13.727272727272727,13.727272727272727
42_0661,42,Pennsylvania,_,"AC Shoulder Restoration, Asphalt Concrete Overlay, Longitudinal Subdrains, Fracture Treatment of PCC Pavement as Base for New AC Surface",asphalt_overlay,1992,10,8,9.0,0.0,-9.0,19.625,1.875,-17.75,8.75
42_0662,42,Pennsylvania,_,"AC Shoulder Restoration, Asphalt Concrete Overlay, Longitudinal Subdrains, Fracture Treatment of PCC Pavement as Base for New AC Surface",asphalt_overlay,1992,10,8,10.0,0.0,-10.0,19.5,1.875,-17.625,7.625
42_0603,42,Pennsylvania,_,"AC Shoulder Restoration, Asphalt Concrete Overlay, Longitudinal Subdrains, Full Depth Transverse Joint Repair Patch, Joint Load Transfer Restoration in PCC Pavements, Partial Depth Patching of PCC Pavement Other Than at Joint",asphalt_overlay,1992,12,11,13.0,0.0,-13.0,16.545454545454547,4.0,-12.545454545454547,-0.45454545454545325
42_0606,42,Pennsylvania,_,"AC Shoulder Restoration, Pressure Grout Subsealing, Asphalt Concrete Overlay, Longitudinal Subdrains, Full Depth Transverse Joint Repair Patch, Joint Load Transfer Restoration in PCC Pavements, Partial Depth Patching of PCC Pavement Other Than at Joint, PCC Slab Replacement",asphalt_overlay,1992,12,11,29.0,0.0,-29.0,15.090909090909092,4.0,-11.090909090909092,-17.909090909090907
13_1031,13,Georgia,3_19,Crack Sealing,crack_sealing,1995,2,2,0.0,1.0,1.0,0.0,0.0,0.0,1.0
17_B310,17,Illinois,3_20,Asphalt Concrete Overlay,asphalt_overlay,1991,6,5,0.0,1.0,1.0,0.0,0.4,0.4,0.6
17_1002,17,Illinois,3_20,Lane-Shoulder Longitudinal Joint Sealing,crack_sealing,1991,6,5,0.0,1.0,1.0,0.0,0.4,0.4,0.6
17_B340,17,Illinois,3_20,Lane-Shoulder Longitudinal Joint Sealing,crack_sealing,1991,6,5,0.0,1.0,1.0,0.0,0.4,0.4,0.6
31_3018,31,Nebraska,2_80,"Transverse Joint Sealing, Lane-Shoulder Longitudinal Joint Sealing",crack_sealing,2000,4,1,0.0,0.0,0.0,1.0,6.0,5.0,-5.0
47_0603,47,Tennessee,_,"AC Shoulder Replacement, Grinding Surface, Asphalt Concrete Overlay, Longitudinal Subdrains",asphalt_overlay,1996,10,10,0.0,0.0,0.0,0.0,0.7,0.7,-0.7
47_0604,47,Tennessee,_,"AC Shoulder Replacement, Grinding Surface, Asphalt Concrete Overlay, Full Depth Transverse Joint Repair Patch, Saw and Seal",crack_sealing,1996,10,10,0.0,0.0,0.0,0.0,0.7,0.7,-0.7
47_0608,47,Tennessee,_,"AC Shoulder Replacement, Asphalt Concrete Overlay, Longitudinal Subdrains, Full Depth Transverse Joint Repair Patch, Fracture Treatment of PCC Pavement as Base for New AC Surface, PCC Slab Replacement",asphalt_overlay,1996,10,10,0.0,0.0,0.0,0.0,0.7,0.7,-0.7
47_0661,47,Tennessee,_,"AC Shoulder Replacement, Asphalt Concrete Overlay, Longitudinal Subdrains",asphalt_overlay,1996,9,9,0.0,0.0,0.0,0.0,0.7777777777777778,0.7777777777777778,-0.7777777777777778
47_0662,47,Tennessee,_,"AC Shoulder Replacement, Asphalt Concrete Overlay, Longitudinal Subdrains",asphalt_overlay,1996,10,10,0.0,0.0,0.0,0.0,0.7,0.7,-0.7
47_0601,47,Tennessee,_,"AC Shoulder Replacement, Transverse Joint Sealing, PCC Slab Replacement",crack_sealing,1996,8,5,0.0,0.0,0.0,0.0,0.4,0.4,-0.4
47_0602,47,Tennessee,_,"AC Shoulder Replacement, Grinding Surface, Transverse Joint Sealing, Full Depth Transverse Joint Repair Patch, PCC Slab Replacement",crack_sealing,1996,9,5,0.0,2.0,2.0,0.0,0.0,0.0,2.0
39_4018,39,Ohio,2_675,Partial Depth Patching of PCC Pavement Other Than at Joint,patching,2003,5,1,100.0,0.0,-100.0,95.0,67.0,-28.0,-72.0
29_B340,29,Missouri,10_3,"Crack Sealing, Strip Patching (using spreader and distributor to apply hot liquid asphalt and aggregate)",crack_sealing,1998,8,6,1.0,1.0,0.0,1.1666666666666667,6.5,5.333333333333333,-5.333333333333333
48_2108,48,Texas,10_197,Skin Patching (hand tools/hot pot to apply liquid asphalt and aggregate),patching,1994,2,2,14.0,11.0,-3.0,0.0,0.0,0.0,-3.0
5_3073,5,Arkansas,2_40,Partial depth patching of PCC pavements at joints,patching,1993,8,5,0.0,0.0,0.0,1.8,1.8,0.0,0.0
48_5323,48,Texas,2_40,Lane-Shoulder Longitudinal Joint Sealing,crack_sealing,1995,4,4,3.0,3.0,0.0,4.5,5.0,0.5,-0.5
1_1011,1,Alabama,4_20,Machine Premix Patch (placing premix with paver roller),patching,2000,3,2,0.0,1.0,1.0,0.0,0.0,0.0,1.0
47_0607,47,Tennessee,_,"AC Shoulder Replacement, Asphalt Concrete Overlay, Longitudinal Subdrains, Full Depth Transverse Joint Repair Patch, Fracture Treatment of PCC Pavement as Base for New AC Surface, PCC Slab Replacement",asphalt_overlay,1996,10,10,0.0,0.0,0.0,0.0,0.7,0.7,-0.7
48_L330,48,Texas,3_62,Crack Sealing,crack_sealing,1990,6,4,4.0,4.0,0.0,0.5,0.25,-0.25,0.25
48_L310,48,Texas,3_62,Crack Sealing,crack_sealing,1990,6,4,0.0,0.0,0.0,1.5,1.25,-0.25,0.25
48_L320,48,Texas,3_62,Crack Sealing,crack_sealing,1990,6,4,0.0,0.0,0.0,1.5,1.25,-0.25,0.25
48_L350,48,Texas,3_62,Crack Sealing,crack_sealing,1990,6,4,1.0,0.0,-1.0,1.25,1.25,0.0,-1.0
35_1003,35,New Mexico,3_70,Manual Premix Spot Patch (hand spreading and compacting with roller),patching,1998,1,1,2.0,2.0,0.0,1.0,1.0,0.0,0.0
40_0607,40,Oklahoma,_,"AC Shoulder Restoration, Asphalt Concrete Overlay, Longitudinal Subdrains, Fracture Treatment of PCC Pavement as Base for New AC Surface",asphalt_overlay,1992,12,12,0.0,0.0,0.0,6.583333333333333,4.916666666666667,-1.666666666666666,1.666666666666666
48_1109,48,Texas,4_19,Aggregate Seal Coat,seal_coat,1996,6,6,29.0,13.0,-16.0,0.0,0.0,0.0,-16.0
28_1802,28,Mississippi,3_84,"Patch Pot Holes - Hand Spread, Compacted with Truck",patching,1997,5,4,25.0,35.0,10.0,19.5,22.75,3.25,6.75
48_1096,48,Texas,3_90,Crack Sealing,crack_sealing,1995,8,8,4.0,35.0,31.0,5.125,7.875,2.75,28.25
20_A310,20,Kansas,4_68,Asphalt Concrete Overlay,asphalt_overlay,1990,5,4,2.0,0.0,-2.0,7.0,4.0,-3.0,1.0
20_A330,20,Kansas,4_68,Crack Sealing,crack_sealing,1990,5,4,7.0,8.0,1.0,5.75,2.0,-3.75,4.75
20_A320,20,Kansas,4_68,Slurry Seal Coat,seal_coat,1990,5,4,4.0,3.0,-1.0,6.5,3.25,-3.25,2.25
20_A350,20,Kansas,4_68,Aggregate Seal Coat,seal_coat,1990,5,4,5.0,0.0,-5.0,6.25,4.0,-2.25,-2.75
1_6012,1,Alabama,2_20,"Full Depth Patch of AC Pavement (removing damaged material, repairing supporting material, and repairing)",patching,1998,1,1,42.0,44.0,2.0,0.0,1.0,1.0,1.0
48_1068,48,Texas,4_19,Fog Seal Coat,seal_coat,1992,2,2,2.0,9.0,7.0,0.0,0.5,0.5,6.5
48_3669,48,Texas,4_94,Machine Premix Patch (placing premix with paver roller),patching,1995,2,2,15.0,10.0,-5.0,10.0,33.5,23.5,-28.5
48_6086,48,Texas,2_37,Aggregate Seal Coat,seal_coat,1996,3,3,1.0,1.0,0.0,22.666666666666668,28.0,5.333333333333332,-5.333333333333332
48_1181,48,Texas,2_37,Manual Premix Spot Patch (hand spreading and compacting with roller),patching,1999,2,2,32.0,27.0,-5.0,27.5,27.5,0.0,-5.0
29_0601,29,Missouri,_,Full Depth Patching of PCC Pavement Other Than at Joint,patching,1993,11,11,64.0,58.0,-6.0,22.0,13.454545454545455,-8.545454545454545,2.545454545454545
29_0602,29,Missouri,_,"Crack Sealing, Transverse Joint Sealing, Full Depth Transverse Joint Repair Patch",crack_sealing,1992,10,10,70.0,30.0,-40.0,59.5,17.6,-41.9,1.8999999999999986
29_0605,29,Missouri,_,"Crack Sealing, Pressure Grout Subsealing, Full Depth Transverse Joint Repair Patch, PCC Slab Replacement",crack_sealing,1992,15,15,56.0,32.0,-24.0,72.73333333333333,11.933333333333334,-60.8,36.8
48_C430,48,Texas,3_287,Partial depth patching of PCC pavements at joints,patching,1992,3,3,0.0,6.0,6.0,0.6666666666666666,8.333333333333334,7.666666666666667,-1.666666666666667
48_C410,48,Texas,3_287,"Transverse Joint Sealing, Lane-Shoulder Longitudinal Joint Sealing",crack_sealing,1990,3,2,0.0,0.0,0.0,0.0,0.0,0.0,0.0
48_C420,48,Texas,3_287,"Transverse Joint Sealing, Lane-Shoulder Longitudinal Joint Sealing",crack_sealing,1990,3,2,0.0,0.0,0.0,0.0,0.0,0.0,0.0
48_5274,48,Texas,2_20,Lane-Shoulder Longitudinal Joint Sealing,crack_sealing,1995,9,9,0.0,0.0,0.0,,0.2222222222222222,,
28_0501,28,Mississippi,_,Manual Premix Spot Patch (hand spreading and compacting with roller),patching,1999,8,8,7.0,13.0,6.0,20.375,26.125,5.75,0.25
28_3089,28,Mississippi,4_6,"Patch Pot Holes - Hand Spread, Compacted with Truck",patching,1997,11,11,2.0,2.0,0.0,9.909090909090908,9.636363636363637,-0.2727272727272716,0.2727272727272716
1_0564,1,Alabama,_,Mill Existing Pavement and Overlay with Hot-Mix Recycled AC,asphalt_overlay,1991,14,14,49.0,0.0,-49.0,32.357142857142854,13.785714285714286,-18.57142857142857,-30.42857142857143
48_3855,48,Texas,4_71,Strip Patching (using spreader and distributor to apply hot liquid asphalt and aggregate),patching,1998,3,2,39.0,22.0,-17.0,0.5,1.0,0.5,-17.5
48_A310,48,Texas,4_16,Asphalt Concrete Overlay,asphalt_overlay,1989,8,4,2.0,0.0,-2.0,1.25,1.75,0.5,-2.5
48_A320,48,Texas,4_16,Slurry Seal Coat,seal_coat,1989,8,4,2.0,1.0,-1.0,1.25,1.5,0.25,-1.25
39_4031,39,Ohio,2_270,"Partial depth patching of PCC pavements at joints, Partial Depth Patching of PCC Pavement Other Than at Joint",patching,1996,8,1,13.0,17.0,4.0,0.0,0.0,0.0,4.0
26_D351,26,Michigan,4_57,Aggregate Seal Coat,seal_coat,1990,7,1,0.0,0.0,0.0,,0.0,,
31_A310,31,Nebraska,4_6,Asphalt Concrete Overlay,asphalt_overlay,1990,9,7,0.0,0.0,0.0,0.0,0.0,0.0,0.0
31_A351,31,Nebraska,4_6,Aggregate Seal Coat,seal_coat,1990,9,7,0.0,0.0,0.0,0.0,0.0,0.0,0.0
31_A320,31,Nebraska,4_6,Slurry Seal Coat,seal_coat,1990,9,7,0.0,0.0,0.0,0.0,0.0,0.0,0.0
31_A330,31,Nebraska,4_6,Crack Sealing,crack_sealing,1990,9,7,0.0,0.0,0.0,0.0,0.0,0.0,0.0
31_A350,31,Nebraska,4_6,Aggregate Seal Coat,seal_coat,1990,9,7,0.0,0.0,0.0,0.0,0.0,0.0,0.0
31_A352,31,Nebraska,4_6,Aggregate Seal Coat,seal_coat,1990,9,7,0.0,0.0,0.0,0.0,0.0,0.0,0.0
31_A353,31,Nebraska,4_6,Aggregate Seal Coat,seal_coat,1990,8,7,0.0,0.0,0.0,0.0,0.0,0.0,0.0
13_7028,13,Georgia,2_85,Crack Sealing,crack_sealing,1996,2,1,0.0,0.0,0.0,0.0,0.0,0.0,0.0
1_B330,1,Alabama,3_43,"Patch Pot Holes - Hand Spread, Compacted with Truck",patching,1996,5,5,49.0,34.0,-15.0,31.0,33.8,2.799999999999997,-17.799999999999997
48_1174,48,Texas,4_44,Grinding Surface,grinding,1995,1,1,13.0,15.0,2.0,0.0,1.0,1.0,1.0
12_C321,12,Florida,4_442,Slurry Seal Coat,seal_coat,1991,9,5,41.0,0.0,-41.0,26.6,16.0,-10.600000000000001,-30.4
12_C310,12,Florida,4_442,Asphalt Concrete Overlay,asphalt_overlay,1990,9,5,53.0,0.0,-53.0,24.2,16.0,-8.2,-44.8
12_C320,12,Florida,4_442,Slurry Seal Coat,seal_coat,1990,9,5,29.0,0.0,-29.0,,,,
12_C350,12,Florida,4_442,Aggregate Seal Coat,seal_coat,1990,9,5,10.0,0.0,-10.0,,,,
12_A351,12,Florida,4_200,"Surface Treatment, Double Layer",seal_coat,1991,9,7,5.0,0.0,-5.0,1.1428571428571428,1.4285714285714286,0.2857142857142858,-5.285714285714286
12_A321,12,Florida,4_200,Slurry Seal Coat,seal_coat,1991,10,7,0.0,0.0,0.0,1.8571428571428572,1.4285714285714286,-0.4285714285714286,0.4285714285714286
12_A310,12,Florida,4_200,Asphalt Concrete Overlay,asphalt_overlay,1991,10,7,1.0,0.0,-1.0,1.7142857142857142,1.4285714285714286,-0.2857142857142856,-0.7142857142857144
12_A352,12,Florida,4_200,Aggregate Seal Coat,seal_coat,1991,9,7,2.0,0.0,-2.0,1.5714285714285714,1.4285714285714286,-0.1428571428571428,-1.8571428571428572
12_A320,12,Florida,4_200,Slurry Seal Coat,seal_coat,1990,10,7,18.0,0.0,-18.0,5.857142857142857,1.5714285714285714,-4.285714285714286,-13.714285714285715
12_A350,12,Florida,4_200,Aggregate Seal Coat,seal_coat,1990,10,7,30.0,0.0,-30.0,4.142857142857143,1.5714285714285714,-2.571428571428572,-27.428571428571427
26_B340,26,Michigan,3_131,Manual Premix Spot Patch (hand spreading and compacting with roller),patching,1994,13,11,25.0,23.0,-2.0,34.36363636363637,42.45454545454545,8.090909090909086,-10.090909090909086
26_1012,26,Michigan,3_131,Manual Premix Spot Patch (hand spreading and compacting with roller),patching,1992,8,8,47.0,50.0,3.0,20.75,28.75,8.0,-5.0
19_0605,19,Iowa,_,Machine Premix Patch (placing premix with paver roller),patching,2014,8,2,24.0,31.0,7.0,16.5,30.5,14.0,-7.0
27_D310,27,Minnesota,3_169,Asphalt Concrete Overlay,asphalt_overlay,1992,9,4,42.0,0.0,-42.0,,44.5,,
20_1010,20,Kansas,3_400,"Patch Pot Holes - Hand Spread, Compacted with Truck",patching,1994,8,8,1.0,13.0,12.0,2.625,15.5,12.875,-0.875
20_B310,20,Kansas,3_400,Asphalt Concrete Overlay,asphalt_overlay,1990,8,4,0.0,0.0,0.0,0.5,0.75,0.25,-0.25
20_B320,20,Kansas,3_400,Slurry Seal Coat,seal_coat,1990,8,4,1.0,1.0,0.0,0.25,0.5,0.25,-0.25
20_B330,20,Kansas,3_400,Crack Sealing,crack_sealing,1990,8,4,0.0,1.0,1.0,0.5,0.5,0.0,1.0
20_B350,20,Kansas,3_400,Aggregate Seal Coat,seal_coat,1990,8,4,0.0,0.0,0.0,0.5,0.75,0.25,-0.25
48_M330,48,Texas,3_59,"Full Depth Patch of AC Pavement (removing damaged material, repairing supporting material, and repairing)",patching,1995,5,5,9.0,38.0,29.0,12.2,33.8,21.599999999999998,7.400000000000002
48_3749,48,Texas,3_59,"Full Depth Patch of AC Pavement (removing damaged material, repairing supporting material, and repairing)",patching,1995,5,5,26.0,30.0,4.0,8.8,35.4,26.599999999999998,-22.599999999999998
48_M340,48,Texas,3_59,"Full Depth Patch of AC Pavement (removing damaged material, repairing supporting material, and repairing)",patching,1994,5,5,4.0,12.0,8.0,2.2,11.6,9.399999999999999,-1.3999999999999986
48_M320,48,Texas,3_59,Slurry Seal Coat,seal_coat,1990,5,5,0.0,0.0,0.0,0.0,0.0,0.0,0.0
48_M350,48,Texas,3_59,Aggregate Seal Coat,seal_coat,1990,5,5,0.0,0.0,0.0,0.0,0.0,0.0,0.0
47_3104,47,Tennessee,4_370,"Full Depth Patch of AC Pavement (removing damaged material, repairing supporting material, and repairing)",patching,1989,7,1,6.0,12.0,6.0,0.0,0.0,0.0,6.0
48_1050,48,Texas,4_105,Manual Premix Spot Patch (hand spreading and compacting with roller),patching,1996,8,8,18.0,23.0,5.0,4.5,6.75,2.25,2.75
48_1048,48,Texas,3_385,"Patch Pot Holes - Hand Spread, Compacted with Truck",patching,1995,1,1,6.0,8.0,2.0,0.0,0.0,0.0,2.0
13_4119,13,Georgia,2_401,"Patch Pot Holes - Hand Spread, Compacted with Truck",patching,1993,15,10,0.0,0.0,0.0,1.7,0.0,-1.7,1.7
47_9025,47,Tennessee,4_96,Machine Premix Patch (placing premix with paver roller),patching,1994,11,10,0.0,1.0,1.0,0.0,1.8,1.8,-0.8
18_A310,18,Indiana,2_64,Asphalt Concrete Overlay,asphalt_overlay,1992,7,5,12.0,0.0,-12.0,7.4,9.8,2.4000000000000004,-14.4
40_4088,40,Oklahoma,3_60,Manual Premix Spot Patch (hand spreading and compacting with roller),patching,1993,9,9,14.0,14.0,0.0,1.6666666666666667,3.888888888888889,2.2222222222222223,-2.2222222222222223
48_N340,48,Texas,3_77,Skin Patching (hand tools/hot pot to apply liquid asphalt and aggregate),patching,1993,8,5,4.0,10.0,6.0,2.0,3.8,1.7999999999999998,4.2
48_N330,48,Texas,3_77,Skin Patching (hand tools/hot pot to apply liquid asphalt and aggregate),patching,1990,8,4,2.0,0.0,-2.0,0.5,0.0,-0.5,-1.5
48_1183,48,Texas,3_84,Skin Patching (hand tools/hot pot to apply liquid asphalt and aggregate),patching,1990,8,3,0.0,1.0,1.0,0.3333333333333333,9.333333333333334,9.0,-8.0
29_0607,29,Missouri,_,"Longitudinal Subdrains, Fracture Treatment of PCC Pavement as Base for New AC Surface",reconstruction_or_major_rehab,1992,8,8,82.0,2.0,-80.0,76.875,4.375,-72.5,-7.5
29_0659,29,Missouri,_,"Asphalt Concrete Overlay, Fracture Treatment of PCC Pavement as Base for New AC Surface",asphalt_overlay,1992,8,8,100.0,3.0,-97.0,74.625,4.25,-70.375,-26.625
27_D340,27,Minnesota,3_169,"Patch Pot Holes - Hand Spread, Compacted with Truck",patching,1991,8,2,54.0,54.0,0.0,,35.0,,
28_2807,28,Mississippi,4_6,"Patch Pot Holes - Hand Spread, Compacted with Truck",patching,1992,11,5,21.0,22.0,1.0,4.8,9.0,4.2,-3.2
18_0601,18,Indiana,_,Partial depth patching of PCC pavements at joints,patching,1992,8,2,12.0,12.0,0.0,0.0,2.0,2.0,-2.0
18_3003,18,Indiana,3_31,Partial depth patching of PCC pavements at joints,patching,1991,8,2,0.0,4.0,4.0,,6.0,,
48_1130,48,Texas,4_123,"Patch Pot Holes - Hand Spread, Compacted with Truck",patching,1991,7,6,14.0,21.0,7.0,0.0,0.0,0.0,7.0
45_3012,45,South Carolina,2_77,"Full Depth Transverse Joint Repair Patch, PCC Slab Replacement",patching,2019,2,1,8.0,0.0,-8.0,11.0,16.0,5.0,-13.0
40_4157,40,Oklahoma,3_69,Joint Load Transfer Restoration in PCC Pavements,reconstruction_or_major_rehab,2012,2,1,0.0,0.0,0.0,0.0,0.0,0.0,0.0
48_5024,48,Texas,4_71,Crack Sealing,crack_sealing,2009,2,1,1.0,1.0,0.0,0.0,0.0,0.0,0.0
13_3015,13,Georgia,2_16,"Grinding Surface, Transverse Joint Sealing",crack_sealing,2009,1,1,0.0,0.0,0.0,0.0,0.0,0.0,0.0
48_5301,48,Texas,2_820,Lane-Shoulder Longitudinal Joint Sealing,crack_sealing,2000,5,5,1.0,1.0,0.0,0.4,0.2,-0.2,0.2
28_3018,28,Mississippi,3_72,AC Shoulder Replacement,shoulder_restoration,1998,3,1,0.0,0.0,0.0,0.0,0.0,0.0,0.0
12_4000,12,Florida,3_92,AC Shoulder Replacement,shoulder_restoration,1997,8,2,0.0,0.0,0.0,12.5,14.5,2.0,-2.0
48_5317,48,Texas,3_287,,unknown,1991,11,5,1.0,1.0,0.0,0.2,,,
