node_id,event_year,n_projects,treatment_group,treatment_label,project_ids,traffic_pre,traffic_at,traffic_post,traffic_post2,delta_pre_to_event,delta_pre_to_post,delta_pre_to_post2,rel_delta_pre_to_post
10_0101,1996,1,asphalt_overlay,Asphalt Concrete Overlay,10_0101_19960922_2_1,0.0,57965.0,123324.0,131253.0,57965.0,123324.0,131253.0,
10_0102,1996,1,asphalt_overlay,"Grinding Surface, Asphalt Concrete Overlay, Full Depth Patch of AC Pavement (removing damaged material, repairing supporting material, and repairing)",10_0102_19960922_2_1,0.0,57965.0,123324.0,131253.0,57965.0,123324.0,131253.0,
10_0103,1996,1,asphalt_overlay,Asphalt Concrete Overlay,10_0103_19960922_2_1,0.0,57965.0,123324.0,131253.0,57965.0,123324.0,131253.0,
10_0104,1996,1,asphalt_overlay,Asphalt Concrete Overlay,10_0104_19960922_2_1,0.0,57965.0,123324.0,131253.0,57965.0,123324.0,131253.0,
10_0105,1996,1,asphalt_overlay,Asphalt Concrete Overlay,10_0105_19960922_2_1,0.0,57965.0,123324.0,131253.0,57965.0,123324.0,131253.0,
10_0105,2005,1,patching,Manual Premix Spot Patch (hand spreading and compacting with roller),10_0105_20050601_3_1,186314.0,156119.0,208400.0,229538.0,-30195.0,22086.0,43224.0,0.11854181650332235
10_0106,1996,1,asphalt_overlay,Asphalt Concrete Overlay,10_0106_19960922_2_1,0.0,57965.0,123324.0,131253.0,57965.0,123324.0,131253.0,
10_0107,1996,1,asphalt_overlay,Asphalt Concrete Overlay,10_0107_19960922_2_1,0.0,57965.0,123324.0,131253.0,57965.0,123324.0,131253.0,
10_0108,1996,1,asphalt_overlay,Asphalt Concrete Overlay,10_0108_19960922_2_1,0.0,57965.0,123324.0,131253.0,57965.0,123324.0,131253.0,
10_0109,1996,1,asphalt_overlay,Asphalt Concrete Overlay,10_0109_19960922_2_1,0.0,57965.0,123324.0,131253.0,57965.0,123324.0,131253.0,
10_0110,1996,1,asphalt_overlay,Asphalt Concrete Overlay,10_0110_19960922_2_1,0.0,57965.0,123324.0,131253.0,57965.0,123324.0,131253.0,
10_0111,1996,1,asphalt_overlay,Asphalt Concrete Overlay,10_0111_19960922_2_1,0.0,57965.0,123324.0,131253.0,57965.0,123324.0,131253.0,
10_0112,1996,1,asphalt_overlay,Asphalt Concrete Overlay,10_0112_19960922_2_1,0.0,57965.0,123324.0,131253.0,57965.0,123324.0,131253.0,
10_0159,1996,1,asphalt_overlay,Asphalt Concrete Overlay,10_0159_19960922_2_1,0.0,57965.0,123324.0,131253.0,57965.0,123324.0,131253.0,
10_0160,1996,1,asphalt_overlay,Asphalt Concrete Overlay,10_0160_19960922_2_1,0.0,57965.0,123324.0,131253.0,57965.0,123324.0,131253.0,
10_0201,1996,1,patching,Full Depth Transverse Joint Repair Patch,10_0201_19960419_2_1,0.0,84099.0,123324.0,131253.0,84099.0,123324.0,131253.0,
10_0201,2000,1,grinding,Grinding Surface,10_0201_20000601_3_1,138173.0,127399.0,155415.0,166127.0,-10774.0,17242.0,27954.0,0.12478559487019895
10_0203,2014,1,patching,Skin Patching (hand tools/hot pot to apply liquid asphalt and aggregate),10_0203_20140601_2_1,223179.0,180705.0,220938.0,254759.0,-42474.0,-2241.0,31580.0,-0.010041267323538505
10_0204,2000,1,grinding,Grinding Surface,10_0204_20000601_2_1,138173.0,117164.0,155415.0,166127.0,-21009.0,17242.0,27954.0,0.12478559487019895
10_0204,2011,1,patching,Partial depth patching of PCC pavements at joints,10_0204_20110601_3_1,214032.0,166208.66666666666,209942.0,223179.0,-47823.33333333334,-4090.0,9147.0,-0.019109292068475742
10_0204,2014,1,patching,Skin Patching (hand tools/hot pot to apply liquid asphalt and aggregate),10_0204_20140601_4_1,223179.0,204268.5,220938.0,254759.0,-18910.5,-2241.0,31580.0,-0.010041267323538505
10_0205,1996,1,patching,"Full Depth Transverse Joint Repair Patch, PCC Slab Replacement",10_0205_19960418_2_1,0.0,84267.0,123324.0,131253.0,84267.0,123324.0,131253.0,
10_0205,2000,1,grinding,Grinding Surface,10_0205_20000601_3_1,138173.0,127399.0,155415.0,166127.0,-10774.0,17242.0,27954.0,0.12478559487019895
10_0205,2007,1,crack_sealing,"Transverse Joint Sealing, Lane-Shoulder Longitudinal Joint Sealing",10_0205_20070601_4_1,208400.0,205798.25,229921.0,210984.0,-2601.75,21521.0,2584.0,0.10326775431861804
10_0205,2012,1,patching,Full Depth Transverse Joint Repair Patch,10_0205_20120301_5_1,192795.0,203058.6,223179.0,212123.0,10263.600000000006,30384.0,19328.0,0.15759744806659923
10_0205,2014,1,patching,Skin Patching (hand tools/hot pot to apply liquid asphalt and aggregate),10_0205_20140601_6_1,223179.0,212123.0,220938.0,254759.0,-11056.0,-2241.0,31580.0,-0.010041267323538505
10_0207,2006,1,crack_sealing,Lane-Shoulder Longitudinal Joint Sealing,10_0207_20060601_2_1,196834.0,165292.5,229538.0,198092.33333333334,-31541.5,32704.0,1258.333333333343,0.1661501569850737
10_0207,2008,1,crack_sealing,"Crack Sealing, Other",10_0207_20080601_3_1,229538.0,198092.33333333334,210984.0,214032.0,-31445.666666666657,-18554.0,-15506.0,-0.08083193196769163
10_0207,2011,1,crack_sealing,"Crack Sealing, Patch Pot Holes - Hand Spread, Compacted with Truck, Partial Depth Patching of PCC Pavement Other Than at Joint",10_0207_20110301_4_1,214032.0,185004.0,209942.0,223179.0,-29028.0,-4090.0,9147.0,-0.019109292068475742
10_0207,2014,1,patching,Skin Patching (hand tools/hot pot to apply liquid asphalt and aggregate),10_0207_20140601_5_1,223179.0,208981.2,220938.0,254759.0,-14197.799999999988,-2241.0,31580.0,-0.010041267323538505
10_0208,2000,1,grinding,Grinding Surface,10_0208_20000601_2_1,138173.0,117164.0,155415.0,166127.0,-21009.0,17242.0,27954.0,0.12478559487019895
10_0208,2006,1,crack_sealing,Lane-Shoulder Longitudinal Joint Sealing,10_0208_20060601_3_1,196834.0,179661.66666666666,229538.0,229921.0,-17172.333333333343,32704.0,33087.0,0.1661501569850737
10_0208,2011,1,patching,"Patch Pot Holes - Hand Spread, Compacted with Truck",10_0208_20110301_4_1,214032.0,185004.0,196060.6,223179.0,-29028.0,-17971.399999999994,9147.0,-0.0839659490169694
10_0208,2012,1,patching,"Partial depth patching of PCC pavements at joints, Partial Depth Patching of PCC Pavement Other Than at Joint",10_0208_20120501_5_1,185004.0,196060.6,223179.0,212123.0,11056.600000000006,38175.0,27119.0,0.20634688979697735
10_0208,2014,1,patching,Skin Patching (hand tools/hot pot to apply liquid asphalt and aggregate),10_0208_20140601_6_1,223179.0,212123.0,220938.0,254759.0,-11056.0,-2241.0,31580.0,-0.010041267323538505
10_0209,1996,1,patching,Full Depth Transverse Joint Repair Patch,10_0209_19960419_2_1,0.0,84099.0,123324.0,131253.0,84099.0,123324.0,131253.0,
10_0209,2000,1,grinding,Grinding Surface,10_0209_20000601_3_1,138173.0,127399.0,155415.0,166127.0,-10774.0,17242.0,27954.0,0.12478559487019895
10_0210,1996,1,patching,Full Depth Transverse Joint Repair Patch,10_0210_19960501_2_1,0.0,82089.0,123324.0,131253.0,82089.0,123324.0,131253.0,
10_0210,2000,1,grinding,Grinding Surface,10_0210_20000601_3_1,138173.0,127399.0,155415.0,148945.5,-10774.0,17242.0,10772.5,0.12478559487019895
10_0210,2002,1,crack_sealing,"Transverse Joint Sealing, Lane-Shoulder Longitudinal Joint Sealing",10_0210_20020601_4_1,155415.0,148945.5,175038.0,186314.0,-6469.5,19623.0,30899.0,0.12626194382781586
10_0210,2014,1,patching,Skin Patching (hand tools/hot pot to apply liquid asphalt and aggregate),10_0210_20140601_5_1,223179.0,208981.2,220938.0,254759.0,-14197.799999999988,-2241.0,31580.0,-0.010041267323538505
10_0211,2006,1,crack_sealing,Lane-Shoulder Longitudinal Joint Sealing,10_0211_20060601_2_1,196834.0,165292.5,229538.0,229921.0,-31541.5,32704.0,33087.0,0.1661501569850737
10_0211,2011,1,patching,Partial Depth Patching of PCC Pavement Other Than at Joint,10_0211_20110301_3_1,214032.0,182407.0,209942.0,223179.0,-31625.0,-4090.0,9147.0,-0.019109292068475742
10_0211,2014,1,patching,Skin Patching (hand tools/hot pot to apply liquid asphalt and aggregate),10_0211_20140601_4_1,223179.0,204268.5,220938.0,254759.0,-18910.5,-2241.0,31580.0,-0.010041267323538505
10_0212,2000,1,grinding,Grinding Surface,10_0212_20000601_2_1,138173.0,117164.0,155415.0,166127.0,-21009.0,17242.0,27954.0,0.12478559487019895
10_0212,2014,1,patching,Skin Patching (hand tools/hot pot to apply liquid asphalt and aggregate),10_0212_20140601_3_1,223179.0,196414.0,220938.0,254759.0,-26765.0,-2241.0,31580.0,-0.010041267323538505
10_0259,2000,1,grinding,Grinding Surface,10_0259_20000601_2_1,138173.0,117164.0,155415.0,166127.0,-21009.0,17242.0,27954.0,0.12478559487019895
10_0260,2014,1,patching,Skin Patching (hand tools/hot pot to apply liquid asphalt and aggregate),10_0260_20140601_2_1,223179.0,180705.0,220938.0,254759.0,-42474.0,-2241.0,31580.0,-0.010041267323538505
10_1201,1988,1,unknown,Missing / not recorded,10_1201_19880901_1_1,53540.0,55684.0,57112.0,75090.0,2144.0,3572.0,21550.0,0.06671647366454987
10_1450,1988,1,unknown,Missing / not recorded,10_1450_19881201_1_1,192448.0,202742.0,164908.0,193732.0,10294.0,-27540.0,1284.0,-0.14310359161955438
10_1450,1998,2,asphalt_overlay,"AC Shoulder Restoration, Hot-Mix Recycled Asphalt Concrete Overlay | Crack Sealing",10_1450_19980601_2_1 | 10_1450_19981026_3_1,211074.0,112877.66666666667,215155.0,217814.0,-98196.33333333333,4081.0,6740.0,0.019334451424618853
10_1450,2008,1,crack_sealing,Crack Sealing,10_1450_20080201_4_1,232977.0,188201.0,175523.0,158323.0,-44776.0,-57454.0,-74654.0,-0.24660803426947725
10_1450,2010,1,patching,"Patch Pot Holes - Hand Spread, Compacted with Truck",10_1450_20100601_5_1,175523.0,158323.0,129228.75,206711.0,-17200.0,-46294.25,31188.0,-0.26375033471396914
10_1450,2011,1,asphalt_overlay,"AC Shoulder Restoration, Asphalt Concrete Overlay",10_1450_20110701_6_1,158323.0,129228.75,206711.0,189014.0,-29094.25,48388.0,30691.0,0.3056283673250254
10_4002,1988,1,unknown,Missing / not recorded,10_4002_19880901_1_1,27251.0,27781.0,28453.0,36854.0,530.0,1202.0,9603.0,0.04410847308355657
10_4002,1993,2,asphalt_overlay,"AC Shoulder Restoration, Asphalt Concrete Overlay | Full Depth Transverse Joint Repair Patch",10_4002_19930601_2_1 | 10_4002_19931028_3_1,38274.0,20398.333333333332,40894.0,41342.0,-17875.666666666668,2620.0,3068.0,0.0684537806343732
10_4002,2000,1,crack_sealing,Crack Sealing,10_4002_20000306_4_1,57204.0,53585.0,61431.0,62860.0,-3619.0,4227.0,5656.0,0.07389343402559262
10_5004,1988,1,unknown,Missing / not recorded,10_5004_19880901_1_1,364236.0,278879.0,283189.0,752456.0,-85357.0,-81047.0,388220.0,-0.22251232717249256
10_5005,1988,1,unknown,Missing / not recorded,10_5005_19880901_1_1,51571.0,53290.0,53558.0,69887.0,1719.0,1987.0,18316.0,0.038529406061546215
10_5005,1995,1,asphalt_overlay,Asphalt Concrete Overlay,10_5005_19950607_2_1,85901.0,43813.0,89778.0,94519.0,-42088.0,3877.0,8618.0,0.04513335118333896
10_5005,2008,1,crack_sealing,Crack Sealing,10_5005_20080201_3_1,123163.0,66542.5,65327.0,62955.0,-56620.5,-57836.0,-60208.0,-0.46958908113638026
10_5005,2012,1,asphalt_overlay,"AC Shoulder Restoration, Asphalt Concrete Overlay, Full Depth Patch of AC Pavement (removing damaged material, repairing supporting material, and repairing)",10_5005_20120409_4_1,59219.0,24177.0,64885.0,68322.0,-35042.0,5666.0,9103.0,0.09567875175197149
11_1400,1989,1,unknown,Missing / not recorded,11_1400_19890901_1_1,144423.0,146845.0,122282.5,243897.0,2422.0,-22140.5,99474.0,-0.1533031442360289
11_1400,1990,1,asphalt_overlay,Mill Off AC and Overlay with AC,11_1400_19900401_2_1,146845.0,122282.5,243897.0,242469.0,-24562.5,97052.0,95624.0,0.6609145697844666
12_0502,1987,1,unknown,Missing / not recorded,12_0502_19870101_1_1,67134.0,65813.0,64974.0,252893.0,-1321.0,-2160.0,185759.0,-0.03217445705603718
12_0502,1995,1,asphalt_overlay,"AC Shoulder Replacement, Mill Existing Pavement and Overlay with Hot-Mix Recycled AC",12_0502_19950404_2_1,33736.0,38354.5,50285.0,50034.0,4618.5,16549.0,16298.0,0.4905442257529049
12_0502,2014,1,asphalt_overlay,Mill Existing Pavement and Overlay with Hot-Mix Recycled AC,12_0502_20140724_3_1,35388.0,18136.333333333332,34371.0,33386.0,-17251.666666666668,-1017.0,-2002.0,-0.02873855544252289
12_0503,1987,1,unknown,Missing / not recorded,12_0503_19870101_1_1,67134.0,65813.0,64974.0,252893.0,-1321.0,-2160.0,185759.0,-0.03217445705603718
12_0503,1995,1,asphalt_overlay,"AC Shoulder Replacement, Mill Existing Pavement and Overlay with Hot-Mix Recycled AC",12_0503_19950404_2_1,33736.0,38354.5,50285.0,50034.0,4618.5,16549.0,16298.0,0.4905442257529049
12_0503,2014,1,asphalt_overlay,Mill Existing Pavement and Overlay with Hot-Mix Recycled AC,12_0503_20140724_3_1,35388.0,18136.333333333332,34371.0,33386.0,-17251.666666666668,-1017.0,-2002.0,-0.02873855544252289
12_0504,1987,1,unknown,Missing / not recorded,12_0504_19870101_1_1,67134.0,65813.0,64974.0,252893.0,-1321.0,-2160.0,185759.0,-0.03217445705603718
12_0504,1995,1,asphalt_overlay,"AC Shoulder Replacement, Mill Off AC and Overlay with AC",12_0504_19950404_2_1,33736.0,38354.5,50285.0,50034.0,4618.5,16549.0,16298.0,0.4905442257529049
12_0504,2014,1,asphalt_overlay,Mill Existing Pavement and Overlay with Hot-Mix Recycled AC,12_0504_20140724_3_1,35388.0,18136.333333333332,34371.0,33386.0,-17251.666666666668,-1017.0,-2002.0,-0.02873855544252289
12_0505,1987,1,unknown,Missing / not recorded,12_0505_19870101_1_1,67134.0,65813.0,64974.0,252893.0,-1321.0,-2160.0,185759.0,-0.03217445705603718
12_0505,1995,1,asphalt_overlay,"AC Shoulder Replacement, Mill Off AC and Overlay with AC",12_0505_19950404_2_1,33736.0,38354.5,50285.0,50034.0,4618.5,16549.0,16298.0,0.4905442257529049
12_0505,2014,1,asphalt_overlay,Mill Existing Pavement and Overlay with Hot-Mix Recycled AC,12_0505_20140724_3_1,35388.0,18136.333333333332,34371.0,33386.0,-17251.666666666668,-1017.0,-2002.0,-0.02873855544252289
12_0506,1987,1,unknown,Missing / not recorded,12_0506_19870101_1_1,67134.0,65813.0,64974.0,252893.0,-1321.0,-2160.0,185759.0,-0.03217445705603718
12_0506,1995,1,asphalt_overlay,"AC Shoulder Replacement, Mill Off AC and Overlay with AC",12_0506_19950404_2_1,33736.0,38354.5,50285.0,50034.0,4618.5,16549.0,16298.0,0.4905442257529049
12_0506,2014,1,asphalt_overlay,Mill Existing Pavement and Overlay with Hot-Mix Recycled AC,12_0506_20140724_3_1,35388.0,18136.333333333332,34371.0,33386.0,-17251.666666666668,-1017.0,-2002.0,-0.02873855544252289
12_0507,1987,1,unknown,Missing / not recorded,12_0507_19870101_1_1,67134.0,65813.0,64974.0,252893.0,-1321.0,-2160.0,185759.0,-0.03217445705603718
12_0507,1995,1,asphalt_overlay,"AC Shoulder Replacement, Mill Off AC and Overlay with AC",12_0507_19950404_2_1,33736.0,38354.5,50285.0,50034.0,4618.5,16549.0,16298.0,0.4905442257529049
12_0507,2014,1,asphalt_overlay,Mill Existing Pavement and Overlay with Hot-Mix Recycled AC,12_0507_20140724_3_1,35388.0,18136.333333333332,34371.0,33386.0,-17251.666666666668,-1017.0,-2002.0,-0.02873855544252289
12_0508,1987,1,unknown,Missing / not recorded,12_0508_19870101_1_1,67134.0,65813.0,64974.0,252893.0,-1321.0,-2160.0,185759.0,-0.03217445705603718
12_0508,1995,1,asphalt_overlay,"AC Shoulder Replacement, Mill Existing Pavement and Overlay with Hot-Mix Recycled AC",12_0508_19950404_2_1,33736.0,38354.5,50285.0,50034.0,4618.5,16549.0,16298.0,0.4905442257529049
12_0508,2014,1,asphalt_overlay,Mill Existing Pavement and Overlay with Hot-Mix Recycled AC,12_0508_20140724_3_1,35388.0,18136.333333333332,34371.0,33386.0,-17251.666666666668,-1017.0,-2002.0,-0.02873855544252289
12_0509,1987,1,unknown,Missing / not recorded,12_0509_19870101_1_1,67134.0,65813.0,64974.0,252893.0,-1321.0,-2160.0,185759.0,-0.03217445705603718
12_0509,1995,1,asphalt_overlay,"AC Shoulder Replacement, Mill Existing Pavement and Overlay with Hot-Mix Recycled AC",12_0509_19950404_2_1,33736.0,38354.5,50285.0,50034.0,4618.5,16549.0,16298.0,0.4905442257529049
12_0509,2014,1,asphalt_overlay,Mill Existing Pavement and Overlay with Hot-Mix Recycled AC,12_0509_20140724_3_1,35388.0,18136.333333333332,34371.0,33386.0,-17251.666666666668,-1017.0,-2002.0,-0.02873855544252289
12_0561,1987,1,unknown,Missing / not recorded,12_0561_19870101_1_1,67134.0,65813.0,64974.0,252893.0,-1321.0,-2160.0,185759.0,-0.03217445705603718
12_0561,1995,1,asphalt_overlay,"AC Shoulder Replacement, Mill Existing Pavement and Overlay with Hot-Mix Recycled AC",12_0561_19950404_2_1,33736.0,38354.5,50285.0,50034.0,4618.5,16549.0,16298.0,0.4905442257529049
12_0561,2014,1,asphalt_overlay,Mill Existing Pavement and Overlay with Hot-Mix Recycled AC,12_0561_20140724_3_1,35388.0,18136.333333333332,34371.0,33386.0,-17251.666666666668,-1017.0,-2002.0,-0.02873855544252289
12_0562,1987,1,unknown,Missing / not recorded,12_0562_19870101_1_1,67134.0,65813.0,64974.0,252893.0,-1321.0,-2160.0,185759.0,-0.03217445705603718
12_0562,1995,1,asphalt_overlay,"AC Shoulder Replacement, Mill Off AC and Overlay with AC",12_0562_19950404_2_1,33736.0,38354.5,50285.0,50034.0,4618.5,16549.0,16298.0,0.4905442257529049
12_0562,2014,1,asphalt_overlay,Mill Existing Pavement and Overlay with Hot-Mix Recycled AC,12_0562_20140724_3_1,35388.0,18136.333333333332,34371.0,33386.0,-17251.666666666668,-1017.0,-2002.0,-0.02873855544252289
12_0563,1987,1,unknown,Missing / not recorded,12_0563_19870101_1_1,67134.0,65813.0,64974.0,252893.0,-1321.0,-2160.0,185759.0,-0.03217445705603718
12_0563,1995,1,asphalt_overlay,"AC Shoulder Replacement, Mill Off AC and Overlay with AC",12_0563_19950404_2_1,33736.0,38354.5,50285.0,50034.0,4618.5,16549.0,16298.0,0.4905442257529049
12_0563,2014,1,asphalt_overlay,Mill Existing Pavement and Overlay with Hot-Mix Recycled AC,12_0563_20140724_3_1,35388.0,18136.333333333332,34371.0,33386.0,-17251.666666666668,-1017.0,-2002.0,-0.02873855544252289
12_0564,1987,1,unknown,Missing / not recorded,12_0564_19870101_1_1,67134.0,65813.0,64974.0,252893.0,-1321.0,-2160.0,185759.0,-0.03217445705603718
12_0564,1995,1,asphalt_overlay,"AC Shoulder Replacement, Mill Existing Pavement and Overlay with Hot-Mix Recycled AC",12_0564_19950404_2_1,33736.0,38354.5,50285.0,50034.0,4618.5,16549.0,16298.0,0.4905442257529049
12_0564,2014,1,asphalt_overlay,Mill Existing Pavement and Overlay with Hot-Mix Recycled AC,12_0564_20140724_3_1,35388.0,18136.333333333332,34371.0,33386.0,-17251.666666666668,-1017.0,-2002.0,-0.02873855544252289
12_0565,1987,1,unknown,Missing / not recorded,12_0565_19870101_1_1,67134.0,65813.0,64974.0,252893.0,-1321.0,-2160.0,185759.0,-0.03217445705603718
12_0565,1995,1,asphalt_overlay,"AC Shoulder Replacement, Mill Existing Pavement and Overlay with Hot-Mix Recycled AC",12_0565_19950404_2_1,33736.0,38354.5,50285.0,50034.0,4618.5,16549.0,16298.0,0.4905442257529049
12_0565,2014,1,asphalt_overlay,Mill Existing Pavement and Overlay with Hot-Mix Recycled AC,12_0565_20140724_3_1,35388.0,18136.333333333332,34371.0,33386.0,-17251.666666666668,-1017.0,-2002.0,-0.02873855544252289
12_0566,1987,1,unknown,Missing / not recorded,12_0566_19870101_1_1,67134.0,65813.0,64974.0,252893.0,-1321.0,-2160.0,185759.0,-0.03217445705603718
12_0566,1995,1,asphalt_overlay,"AC Shoulder Replacement, Mill Off AC and Overlay with AC",12_0566_19950404_2_1,33736.0,38354.5,50285.0,50034.0,4618.5,16549.0,16298.0,0.4905442257529049
12_0566,2014,1,asphalt_overlay,Mill Existing Pavement and Overlay with Hot-Mix Recycled AC,12_0566_20140724_3_1,35388.0,18136.333333333332,34371.0,33386.0,-17251.666666666668,-1017.0,-2002.0,-0.02873855544252289
12_0901,1995,1,unknown,Missing / not recorded,12_0901_19950101_1_1,603083.0,623225.0,464336.5,683647.0,20142.0,-138746.5,80564.0,-0.23006203126269517
12_0901,1996,1,asphalt_overlay,Mill Off AC and Overlay with AC,12_0901_19960723_2_1,623225.0,464336.5,683647.0,700747.0,-158888.5,60422.0,77522.0,0.09695053953227165
12_0902,1995,1,unknown,Missing / not recorded,12_0902_19950101_1_1,603083.0,623225.0,463457.0,683647.0,20142.0,-139626.0,80564.0,-0.2315203711595253
12_0902,1996,1,asphalt_overlay,Mill Off AC and Overlay with AC,12_0902_19960724_2_1,623225.0,463457.0,683647.0,700747.0,-159768.0,60422.0,77522.0,0.09695053953227165
12_0902,2004,1,patching,Manual Premix Spot Patch (hand spreading and compacting with roller),12_0902_20040615_3_1,785624.0,708745.3333333334,895475.0,871304.0,-76878.66666666663,109851.0,85680.0,0.13982643096443081
12_0903,1995,1,unknown,Missing / not recorded,12_0903_19950101_1_1,603083.0,623225.0,464336.5,683647.0,20142.0,-138746.5,80564.0,-0.23006203126269517
12_0903,1996,1,asphalt_overlay,Mill Off AC and Overlay with AC,12_0903_19960723_2_1,623225.0,464336.5,683647.0,700747.0,-158888.5,60422.0,77522.0,0.09695053953227165
12_0959,1995,1,unknown,Missing / not recorded,12_0959_19950101_1_1,603083.0,623225.0,463457.0,683647.0,20142.0,-139626.0,80564.0,-0.2315203711595253
12_0959,1996,1,asphalt_overlay,Mill Off AC and Overlay with AC,12_0959_19960724_2_1,623225.0,463457.0,683647.0,700747.0,-159768.0,60422.0,77522.0,0.09695053953227165
12_1030,1987,1,unknown,Missing / not recorded,12_1030_19870101_1_1,67134.0,65813.0,64974.0,252893.0,-1321.0,-2160.0,185759.0,-0.03217445705603718
12_1030,1993,1,shoulder_restoration,AC Shoulder Replacement,12_1030_19930615_2_1,35246.0,23263.0,33736.0,43954.0,-11983.0,-1510.0,8708.0,-0.042841740906769565
12_1030,2014,1,asphalt_overlay,Mill Existing Pavement and Overlay with Hot-Mix Recycled AC,12_1030_20140724_3_1,35388.0,18136.333333333332,34371.0,33386.0,-17251.666666666668,-1017.0,-2002.0,-0.02873855544252289
12_1060,1987,1,unknown,Missing / not recorded,12_1060_19870101_1_1,74271.0,74271.0,84078.0,49726.0,0.0,9807.0,-24545.0,0.1320434624550632
12_1370,1987,1,unknown,Missing / not recorded,12_1370_19870101_1_1,35474.0,44899.0,42507.0,58203.0,9425.0,7033.0,22729.0,0.19825787900997913
12_1370,1996,1,patching,"AC Shoulder Replacement, Manual Premix Spot Patch (hand spreading and compacting with roller)",12_1370_19960801_2_1,27115.0,20078.5,31378.0,35532.666666666664,-7036.5,4263.0,8417.666666666664,0.1572192513368984
12_1370,1998,1,patching,"Patch Pot Holes - Hand Spread, Compacted with Truck",12_1370_19980915_3_1,31378.0,35532.666666666664,34961.25,26417.0,4154.666666666664,3583.25,-4961.0,0.11419625215118873
12_1370,1999,1,patching,"Full Depth Patch of AC Pavement (removing damaged material, repairing supporting material, and repairing)",12_1370_19990915_4_1,35532.666666666664,34961.25,26417.0,28099.0,-571.4166666666642,-9115.666666666664,-7433.666666666664,-0.2565432747331094
12_1370,2000,1,asphalt_overlay,"Asphalt Concrete Overlay, Mill Existing Pavement and Overlay with Hot-Mix Recycled AC",12_1370_20000815_5_1,34961.25,26417.0,28099.0,48064.0,-8544.25,-6862.25,13102.75,-0.19628159748292753
12_3804,1987,1,unknown,Missing / not recorded,12_3804_19870101_1_1,269677.0,291689.0,313626.0,517713.0,22012.0,43949.0,248036.0,0.16296903332505183
12_3811,1987,1,unknown,Missing / not recorded,12_3811_19870101_1_1,292331.0,307779.0,325203.0,466856.0,15448.0,32872.0,174525.0,0.1124478758667401
12_3811,1995,1,crack_sealing,Crack Sealing,12_3811_19950915_2_1,499108.0,349210.5,584258.0,573737.0,-149897.5,85150.0,74629.0,0.17060435817498418
12_3811,2003,1,patching,"Patch Pot Holes - Hand Spread, Compacted with Truck",12_3811_20030616_3_1,675726.0,590608.0,808364.0,824510.0,-85118.0,132638.0,148784.0,0.1962896203490764
12_3995,1987,1,unknown,Missing / not recorded,12_3995_19870101_1_1,156178.0,166022.0,177957.0,188763.0,9844.0,21779.0,32585.0,0.1394498584947944
12_3996,1987,1,unknown,Missing / not recorded,12_3996_19870101_1_1,62455.0,60231.0,58178.0,86820.0,-2224.0,-4277.0,24365.0,-0.06848130654070932
12_3997,1987,1,unknown,Missing / not recorded,12_3997_19870101_1_1,190968.0,186489.0,183685.0,180470.0,-4479.0,-7283.0,-10498.0,-0.038137279544216834
12_3997,1995,1,asphalt_overlay,"AC Shoulder Replacement, Asphalt Concrete Overlay, Hot-Mix Recycled Asphalt Concrete Overlay",12_3997_19950207_2_1,141279.0,85201.0,197270.0,191390.0,-56078.0,55991.0,50111.0,0.39631509283049854
12_4000,1987,1,unknown,Missing / not recorded,12_4000_19870101_1_1,181335.0,200406.0,205485.0,144536.0,19071.0,24150.0,-36799.0,0.13317892298784018
12_4000,1997,1,shoulder_restoration,AC Shoulder Replacement,12_4000_19970916_2_1,42402.0,36904.5,63464.0,59339.0,-5497.5,21062.0,16937.0,0.4967218527427952
12_4000,2011,1,crack_sealing,"AC Shoulder Restoration, Grinding Surface, Transverse Joint Sealing, Lane-Shoulder Longitudinal Joint Sealing, PCC Slab Replacement",12_4000_20110915_3_1,47757.0,47682.0,61470.0,60689.0,-75.0,13713.0,12932.0,0.28714115208241725
12_4057,1987,1,unknown,Missing / not recorded,12_4057_19870131_1_1,119580.0,276026.0,302693.0,521499.0,156446.0,183113.0,401919.0,1.5313012209399566
12_4057,2011,1,reconstruction_or_major_rehab,PCC Slab Replacement,12_4057_20110701_2_1,545075.0,657714.5,667739.5,674065.0,112639.5,122664.5,128990.0,0.225041508049351
12_4096,1987,1,unknown,Missing / not recorded,12_4096_19870101_1_1,26263.0,25791.0,26335.0,25791.0,-472.0,72.0,-472.0,0.0027414994478924723
12_4096,2003,1,asphalt_overlay,"AC Shoulder Replacement, Asphalt Concrete Overlay, Hot-Mix Recycled Asphalt Concrete Overlay",12_4096_20030221_2_1,57115.0,29200.0,67711.0,52763.0,-27915.0,10596.0,-4352.0,0.18552044121509237
12_4097,1987,1,unknown,Missing / not recorded,12_4097_19870101_1_1,353851.0,468215.0,468333.0,381777.0,114364.0,114482.0,27926.0,0.3235316559794942
12_4099,1987,1,unknown,Missing / not recorded,12_4099_19870101_1_1,59704.0,58403.0,56344.0,54881.0,-1301.0,-3360.0,-4823.0,-0.056277636339273754
12_4100,1987,1,unknown,Missing / not recorded,12_4100_19870101_1_1,55865.0,48316.0,51413.0,36644.0,-7549.0,-4452.0,-19221.0,-0.07969211491989618
12_4100,2002,1,asphalt_overlay,"AC Shoulder Replacement, Asphalt Concrete Overlay, Mill Existing Pavement and Overlay with Hot-Mix Recycled AC",12_4100_20020829_2_1,33398.0,14500.5,30383.0,31750.0,-18897.5,-3015.0,-1648.0,-0.09027486675848853
12_4100,2012,1,asphalt_overlay,"Asphalt Concrete Overlay, Mill Existing Pavement and Overlay with Hot-Mix Recycled AC",12_4100_20120812_3_1,27142.0,18887.5,26649.0,17973.0,-8254.5,-493.0,-9169.0,-0.01816373148625746
12_4101,1987,1,unknown,Missing / not recorded,12_4101_19870101_1_1,4258.0,4688.0,5090.0,5936.0,430.0,832.0,1678.0,0.19539689995302958
12_4101,1991,1,asphalt_overlay,Asphalt Concrete Overlay,12_4101_19910731_2_1,6366.0,12131.0,2892.0,11516.0,5765.0,-3474.0,5150.0,-0.5457115928369463
12_4103,1987,1,unknown,Missing / not recorded,12_4103_19870101_1_1,89288.0,99803.0,116609.0,129908.0,10515.0,27321.0,40620.0,0.30598736672341187
12_4105,1987,1,unknown,Missing / not recorded,12_4105_19870101_1_1,59513.0,81132.0,54454.0,178758.0,21619.0,-5059.0,119245.0,-0.08500663720531648
12_4106,2003,1,asphalt_overlay,"Surface Treatment, Single Layer, Mill Existing Pavement and Overlay with Hot-Mix Recycled AC",12_4106_20031115_2_1,389448.0,175884.0,376319.0,419587.0,-213564.0,-13129.0,30139.0,-0.03371181775230583
12_4107,1987,1,unknown,Missing / not recorded,12_4107_19870101_1_1,91520.0,136506.0,149791.0,167173.0,44986.0,58271.0,75653.0,0.6367023601398601
12_4108,1987,1,unknown,Missing / not recorded,12_4108_19870101_1_1,20032.0,40976.0,47410.0,52763.0,20944.0,27378.0,32731.0,1.3667132587859425
12_4135,1987,1,unknown,Missing / not recorded,12_4135_19870101_1_1,355329.0,358915.0,573365.0,498271.0,3586.0,218036.0,142942.0,0.6136172392346249
12_4135,1992,2,asphalt_overlay,"AC Shoulder Replacement, Asphalt Concrete Overlay | Surface Treatment, Single Layer",12_4135_19920215_2_1 | 12_4135_19920615_3_1,284798.0,192687.66666666666,78031.0,325193.0,-92110.33333333334,-206767.0,40395.0,-0.7260128231237579
12_4136,1987,1,unknown,Missing / not recorded,12_4136_19870101_1_1,381294.0,383351.0,578625.0,503101.0,2057.0,197331.0,121807.0,0.5175297801696329
12_4136,1992,2,asphalt_overlay,"AC Shoulder Replacement, Asphalt Concrete Overlay | Surface Treatment, Single Layer",12_4136_19920215_2_1 | 12_4136_19920615_3_1,341595.0,238535.66666666666,75528.0,373747.0,-103059.33333333334,-266067.0,32152.0,-0.7788960611250164
12_4137,1987,1,unknown,Missing / not recorded,12_4137_19870101_1_1,561609.0,535293.0,581001.0,504940.0,-26316.0,19392.0,-56669.0,0.0345293611747675
12_4137,1992,2,asphalt_overlay,"AC Shoulder Replacement, Asphalt Concrete Overlay | Surface Treatment, Single Layer",12_4137_19920215_2_1 | 12_4137_19920615_3_1,237290.0,126138.66666666667,411980.0,399103.0,-111151.33333333333,174690.0,161813.0,0.7361877870959586
12_4138,1987,1,unknown,Missing / not recorded,12_4138_19870101_1_1,191736.0,212674.0,218468.0,153354.0,20938.0,26732.0,-38382.0,0.13942087036341635
12_4138,1993,1,patching,"Full Depth Transverse Joint Repair Patch, Full Depth Patching of PCC Pavement Other Than at Joint, Partial Depth Patching of PCC Pavement Other Than at Joint, PCC Slab Replacement",12_4138_19930901_2_1,44301.0,29940.0,73218.0,79420.0,-14361.0,28917.0,35119.0,0.652739215819056
12_4138,1998,1,crack_sealing,"AC Shoulder Replacement, Lane-Shoulder Longitudinal Joint Sealing, Partial Depth Patching of PCC Pavement Other Than at Joint",12_4138_19980615_3_1,78565.0,63767.333333333336,83629.0,85782.0,-14797.666666666664,5064.0,7217.0,0.06445618277859097
12_4138,2001,1,patching,Partial Depth Patching of PCC Pavement Other Than at Joint,12_4138_20010515_4_1,85782.0,80661.5,100652.0,104422.0,-5120.5,14870.0,18640.0,0.1733463896854818
12_4138,2004,1,patching,Partial Depth Patching of PCC Pavement Other Than at Joint,12_4138_20040515_5_1,104422.0,99334.4,110749.0,113663.0,-5087.600000000006,6327.0,9241.0,0.0605906801248779
12_4154,1987,1,unknown,Missing / not recorded,12_4154_19870101_1_1,121514.0,119597.0,118284.0,185393.5,-1917.0,-3230.0,63879.5,-0.02658129927415771
12_4154,1989,1,patching,"Patch Pot Holes - Hand Spread, Compacted with Truck",12_4154_19890615_2_1,118284.0,185393.5,217581.0,40087.0,67109.5,99297.0,-78197.0,0.8394795576747489
12_4154,1991,2,patching,Manual Premix Spot Patch (hand spreading and compacting with roller),12_4154_19910101_3_1 | 12_4154_19910515_4_1,217581.0,40087.0,50496.4,65197.666666666664,-177494.0,-167084.6,-152383.33333333334,-0.7679190738161881
12_4154,1992,1,patching,Manual Premix Spot Patch (hand spreading and compacting with roller),12_4154_19921115_5_1,40087.0,50496.4,65197.666666666664,83080.0,10409.400000000001,25110.666666666664,42993.0,0.6264042374502123
12_4154,1993,1,patching,Manual Premix Spot Patch (hand spreading and compacting with roller),12_4154_19930915_6_1,50496.4,65197.666666666664,83080.0,102184.57142857143,14701.266666666663,32583.6,51688.17142857143,0.6452658011264168
12_4154,1995,1,patching,Manual Premix Spot Patch (hand spreading and compacting with roller),12_4154_19950315_7_1,83080.0,102184.57142857143,103742.375,228120.0,19104.571428571435,20662.375,145040.0,0.24870456186807896
12_4154,1996,1,patching,"Manual Premix Spot Patch (hand spreading and compacting with roller), Machine Premix Patch (placing premix with paver roller)",12_4154_19960415_8_1,102184.57142857143,103742.375,228120.0,28253.0,1557.8035714285652,125935.42857142857,-73931.57142857143,1.2324309512758425
12_9054,1987,1,unknown,Missing / not recorded,12_9054_19870101_1_1,78745.0,86230.0,93654.0,100256.0,7485.0,14909.0,21511.0,0.18933265604165345
12_A310,1987,1,unknown,Missing / not recorded,12_A310_19870101_1_1,78745.0,86230.0,93654.0,100256.0,7485.0,14909.0,21511.0,0.18933265604165345
12_A310,1991,1,asphalt_overlay,Asphalt Concrete Overlay,12_A310_19910219_2_1,92733.0,139423.0,154505.0,140575.0,46690.0,61772.0,47842.0,0.6661274842828335
12_A320,1987,1,unknown,Missing / not recorded,12_A320_19870101_1_1,78745.0,86230.0,93654.0,100256.0,7485.0,14909.0,21511.0,0.18933265604165345
12_A320,1990,1,seal_coat,Slurry Seal Coat,12_A320_19900813_2_1,100256.0,64278.0,149455.0,154505.0,-35978.0,49199.0,54249.0,0.49073372167251833
12_A321,1987,1,unknown,Missing / not recorded,12_A321_19870101_1_1,78745.0,86230.0,93654.0,100256.0,7485.0,14909.0,21511.0,0.18933265604165345
12_A321,1991,1,seal_coat,Slurry Seal Coat,12_A321_19910322_2_1,92733.0,133076.5,154505.0,140575.0,40343.5,61772.0,47842.0,0.6661274842828335
12_A330,1987,1,unknown,Missing / not recorded,12_A330_19870101_1_1,78745.0,86230.0,93654.0,100256.0,7485.0,14909.0,21511.0,0.18933265604165345
12_A330,1990,1,crack_sealing,Crack Sealing,12_A330_19900812_2_1,100256.0,64405.0,149455.0,154505.0,-35851.0,49199.0,54249.0,0.49073372167251833
12_A350,1987,1,unknown,Missing / not recorded,12_A350_19870101_1_1,78745.0,86230.0,93654.0,100256.0,7485.0,14909.0,21511.0,0.18933265604165345
12_A350,1990,1,seal_coat,Aggregate Seal Coat,12_A350_19900813_2_1,100256.0,64278.0,149455.0,154505.0,-35978.0,49199.0,54249.0,0.49073372167251833
12_A351,1987,1,unknown,Missing / not recorded,12_A351_19870101_1_1,78745.0,86230.0,93654.0,100256.0,7485.0,14909.0,21511.0,0.18933265604165345
12_A351,1991,1,seal_coat,"Surface Treatment, Double Layer",12_A351_19910412_2_1,92733.0,128777.0,154505.0,140575.0,36044.0,61772.0,47842.0,0.6661274842828335
12_A352,1987,1,unknown,Missing / not recorded,12_A352_19870101_1_1,78745.0,86230.0,93654.0,100256.0,7485.0,14909.0,21511.0,0.18933265604165345
12_A352,1991,1,seal_coat,Aggregate Seal Coat,12_A352_19910219_2_1,92733.0,139423.0,154505.0,140575.0,46690.0,61772.0,47842.0,0.6661274842828335
12_AA01,2016,1,asphalt_overlay,Mill Existing Pavement and Overlay with Hot-Mix Recycled AC,12_AA01_20160907_2_1,0.0,0.0,0.0,0.0,0.0,0.0,0.0,
12_AA02,2016,1,asphalt_overlay,Mill Existing Pavement and Overlay with Warm Mix Recycled AC,12_AA02_20160907_2_1,0.0,0.0,0.0,0.0,0.0,0.0,0.0,
12_AA03,2016,1,asphalt_overlay,Mill Existing Pavement and Overlay with Warm Mix Recycled AC,12_AA03_20160907_2_1,0.0,0.0,0.0,0.0,0.0,0.0,0.0,
12_AA61,2016,1,asphalt_overlay,Mill Existing Pavement and Overlay with Warm Mix Recycled AC,12_AA61_20160908_2_1,0.0,0.0,0.0,0.0,0.0,0.0,0.0,
12_B310,1987,1,unknown,Missing / not recorded,12_B310_19870101_1_1,190968.0,186489.0,183685.0,180470.0,-4479.0,-7283.0,-10498.0,-0.038137279544216834
12_B310,1991,1,asphalt_overlay,Asphalt Concrete Overlay,12_B310_19910219_2_1,177168.0,127269.0,186278.0,168089.0,-49899.0,9110.0,-9079.0,0.051420121015081734
12_B320,1987,1,unknown,Missing / not recorded,12_B320_19870101_1_1,190968.0,186489.0,183685.0,180470.0,-4479.0,-7283.0,-10498.0,-0.038137279544216834
12_B320,1990,1,seal_coat,Slurry Seal Coat,12_B320_19900816_2_1,180470.0,122076.0,136426.0,186278.0,-58394.0,-44044.0,5808.0,-0.24405164293234333
12_B321,1987,1,unknown,Missing / not recorded,12_B321_19870101_1_1,190968.0,186489.0,183685.0,180470.0,-4479.0,-7283.0,-10498.0,-0.038137279544216834
12_B321,1991,1,seal_coat,Slurry Seal Coat,12_B321_19910325_2_1,177168.0,120914.5,186278.0,168089.0,-56253.5,9110.0,-9079.0,0.051420121015081734
12_B330,1987,1,unknown,Missing / not recorded,12_B330_19870101_1_1,190968.0,186489.0,183685.0,180470.0,-4479.0,-7283.0,-10498.0,-0.038137279544216834
12_B330,1990,1,crack_sealing,Crack Sealing,12_B330_19900816_2_1,180470.0,122076.0,136426.0,186278.0,-58394.0,-44044.0,5808.0,-0.24405164293234333
12_B350,1987,1,unknown,Missing / not recorded,12_B350_19870101_1_1,190968.0,186489.0,183685.0,180470.0,-4479.0,-7283.0,-10498.0,-0.038137279544216834
12_B350,1990,1,seal_coat,Aggregate Seal Coat,12_B350_19900816_2_1,180470.0,122076.0,136426.0,186278.0,-58394.0,-44044.0,5808.0,-0.24405164293234333
12_B351,1987,1,unknown,Missing / not recorded,12_B351_19870101_1_1,190968.0,186489.0,183685.0,180470.0,-4479.0,-7283.0,-10498.0,-0.038137279544216834
12_B351,1991,1,seal_coat,"Surface Treatment, Double Layer",12_B351_19910312_2_1,177168.0,123344.0,186278.0,168089.0,-53824.0,9110.0,-9079.0,0.051420121015081734
12_B352,1987,1,unknown,Missing / not recorded,12_B352_19870101_1_1,190968.0,186489.0,183685.0,180470.0,-4479.0,-7283.0,-10498.0,-0.038137279544216834
12_B352,1991,1,seal_coat,Aggregate Seal Coat,12_B352_19910315_2_1,177168.0,122783.5,186278.0,168089.0,-54384.5,9110.0,-9079.0,0.051420121015081734
12_B360,1987,1,unknown,Missing / not recorded,12_B360_19870101_1_1,190968.0,186489.0,183685.0,180470.0,-4479.0,-7283.0,-10498.0,-0.038137279544216834
12_B360,1991,1,asphalt_overlay,Asphalt Concrete Overlay,12_B360_19910219_2_1,177168.0,127269.0,186278.0,168089.0,-49899.0,9110.0,-9079.0,0.051420121015081734
12_C310,1987,1,unknown,Missing / not recorded,12_C310_19870101_1_1,121514.0,119597.0,118284.0,239535.0,-1917.0,-3230.0,118021.0,-0.02658129927415771
12_C310,1990,1,asphalt_overlay,Asphalt Concrete Overlay,12_C310_19901119_2_1,239535.0,121607.0,44138.0,61157.0,-117928.0,-195397.0,-178378.0,-0.8157346525559939
12_C320,1987,1,unknown,Missing / not recorded,12_C320_19870101_1_1,121514.0,119597.0,118284.0,239535.0,-1917.0,-3230.0,118021.0,-0.02658129927415771
12_C320,1990,1,seal_coat,Slurry Seal Coat,12_C320_19900817_2_1,239535.0,149624.0,44138.0,61157.0,-89911.0,-195397.0,-178378.0,-0.8157346525559939
12_C320,1994,1,patching,"Patch Pot Holes - Hand Spread, Compacted with Truck",12_C320_19940515_3_1,73797.0,72913.0,105190.0,97678.75,-884.0,31393.0,23881.75,0.42539669634266974
12_C320,1996,1,patching,"Patch Pot Holes - Hand Spread, Compacted with Truck",12_C320_19960515_4_1,105190.0,97678.75,228120.0,28253.0,-7511.25,122930.0,-76937.0,1.1686472098108185
12_C321,1987,1,unknown,Missing / not recorded,12_C321_19870101_1_1,121514.0,119597.0,118284.0,239535.0,-1917.0,-3230.0,118021.0,-0.02658129927415771
12_C321,1991,1,seal_coat,Slurry Seal Coat,12_C321_19910418_2_1,217581.0,37668.5,61157.0,73797.0,-179912.5,-156424.0,-143784.0,-0.7189230677310978
12_C321,1994,1,patching,"Patch Pot Holes - Hand Spread, Compacted with Truck",12_C321_19940515_3_1,73797.0,72913.0,105190.0,97678.75,-884.0,31393.0,23881.75,0.42539669634266974
12_C321,1996,1,patching,"Patch Pot Holes - Hand Spread, Compacted with Truck",12_C321_19960515_4_1,105190.0,97678.75,228120.0,28253.0,-7511.25,122930.0,-76937.0,1.1686472098108185
12_C330,1987,1,unknown,Missing / not recorded,12_C330_19870101_1_1,121514.0,119597.0,118284.0,239535.0,-1917.0,-3230.0,118021.0,-0.02658129927415771
12_C330,1990,1,crack_sealing,Crack Sealing,12_C330_19900816_2_1,239535.0,149922.0,44138.0,53637.666666666664,-89613.0,-195397.0,-185897.33333333334,-0.8157346525559939
12_C330,1992,1,patching,"Patch Pot Holes - Hand Spread, Compacted with Truck",12_C330_19920515_3_1,44138.0,53637.666666666664,73797.0,75454.75,9499.666666666664,29659.0,31316.75,0.671960668811455
12_C330,1994,1,patching,"Patch Pot Holes - Hand Spread, Compacted with Truck",12_C330_19940515_4_1,73797.0,75454.75,105190.0,99663.2,1657.75,31393.0,25866.199999999997,0.42539669634266974
12_C330,1996,1,patching,"Patch Pot Holes - Hand Spread, Compacted with Truck",12_C330_19960515_5_1,105190.0,99663.2,228120.0,28253.0,-5526.800000000003,122930.0,-76937.0,1.1686472098108185
12_C350,1987,1,unknown,Missing / not recorded,12_C350_19870101_1_1,121514.0,119597.0,118284.0,239535.0,-1917.0,-3230.0,118021.0,-0.02658129927415771
12_C350,1990,1,seal_coat,Aggregate Seal Coat,12_C350_19900817_2_1,239535.0,149624.0,44138.0,61157.0,-89911.0,-195397.0,-178378.0,-0.8157346525559939
13_0502,1987,1,unknown,Missing / not recorded,13_0502_19870101_1_1,1932292.0,1976067.0,2026253.0,2066595.0,43775.0,93961.0,134303.0,0.04862670859269717
13_0502,1993,1,asphalt_overlay,Mill Existing Pavement and Overlay with Hot-Mix Recycled AC,13_0502_19930606_2_1,2159077.0,1743706.0,2310965.0,2363163.0,-415371.0,151888.0,204086.0,0.07034857950874378
13_0503,1987,1,unknown,Missing / not recorded,13_0503_19870101_1_1,1932292.0,1976067.0,2026253.0,2066595.0,43775.0,93961.0,134303.0,0.04862670859269717
13_0503,1993,1,asphalt_overlay,"AC Shoulder Restoration, Mill Existing Pavement and Overlay with Hot-Mix Recycled AC",13_0503_19930606_2_1,2159077.0,1743706.0,2310965.0,2363163.0,-415371.0,151888.0,204086.0,0.07034857950874378
13_0504,1987,1,unknown,Missing / not recorded,13_0504_19870101_1_1,1932292.0,1976067.0,2026253.0,2066595.0,43775.0,93961.0,134303.0,0.04862670859269717
13_0504,1993,1,asphalt_overlay,"AC Shoulder Restoration, Mill Off AC and Overlay with AC",13_0504_19930606_2_1,2159077.0,1743706.0,2310965.0,2363163.0,-415371.0,151888.0,204086.0,0.07034857950874378
13_0505,1987,1,unknown,Missing / not recorded,13_0505_19870101_1_1,1932292.0,1976067.0,2026253.0,2066595.0,43775.0,93961.0,134303.0,0.04862670859269717
13_0505,1993,1,asphalt_overlay,Mill Off AC and Overlay with AC,13_0505_19930606_2_1,2159077.0,1743706.0,2310965.0,2363163.0,-415371.0,151888.0,204086.0,0.07034857950874378
13_0506,1987,1,unknown,Missing / not recorded,13_0506_19870101_1_1,1932292.0,1976067.0,2026253.0,2066595.0,43775.0,93961.0,134303.0,0.04862670859269717
13_0506,1993,1,asphalt_overlay,"AC Shoulder Restoration, Mill Off AC and Overlay with AC",13_0506_19930606_2_1,2159077.0,1743706.0,2310965.0,2363163.0,-415371.0,151888.0,204086.0,0.07034857950874378
13_0507,1987,1,unknown,Missing / not recorded,13_0507_19870101_1_1,1932292.0,1976067.0,2026253.0,2066595.0,43775.0,93961.0,134303.0,0.04862670859269717
13_0507,1993,1,asphalt_overlay,"AC Shoulder Restoration, Mill Off AC and Overlay with AC",13_0507_19930606_2_1,2159077.0,1743706.0,2310965.0,2363163.0,-415371.0,151888.0,204086.0,0.07034857950874378
13_0508,1987,1,unknown,Missing / not recorded,13_0508_19870101_1_1,1932292.0,1976067.0,2026253.0,2066595.0,43775.0,93961.0,134303.0,0.04862670859269717
13_0508,1993,1,asphalt_overlay,"AC Shoulder Restoration, Mill Existing Pavement and Overlay with Hot-Mix Recycled AC",13_0508_19930606_2_1,2159077.0,1743706.0,2310965.0,2363163.0,-415371.0,151888.0,204086.0,0.07034857950874378
13_0509,1987,1,unknown,Missing / not recorded,13_0509_19870101_1_1,1932292.0,1976067.0,2026253.0,2066595.0,43775.0,93961.0,134303.0,0.04862670859269717
13_0509,1993,1,asphalt_overlay,"AC Shoulder Restoration, Mill Existing Pavement and Overlay with Hot-Mix Recycled AC",13_0509_19930606_2_1,2159077.0,1743706.0,2310965.0,2363163.0,-415371.0,151888.0,204086.0,0.07034857950874378
13_0560,1987,1,unknown,Missing / not recorded,13_0560_19870101_1_1,1932292.0,1976067.0,2026253.0,2066595.0,43775.0,93961.0,134303.0,0.04862670859269717
13_0560,1993,1,asphalt_overlay,Mill Off AC and Overlay with AC,13_0560_19930606_2_1,2159077.0,1743706.0,2310965.0,2363163.0,-415371.0,151888.0,204086.0,0.07034857950874378
13_0561,1987,1,unknown,Missing / not recorded,13_0561_19870101_1_1,1932292.0,1976067.0,2026253.0,2066595.0,43775.0,93961.0,134303.0,0.04862670859269717
13_0561,1993,1,asphalt_overlay,"AC Shoulder Restoration, Mill Existing Pavement and Overlay with Hot-Mix Recycled AC",13_0561_19930606_2_1,2159077.0,1743706.0,2310965.0,2363163.0,-415371.0,151888.0,204086.0,0.07034857950874378
13_0562,1987,1,unknown,Missing / not recorded,13_0562_19870101_1_1,1932292.0,1976067.0,2026253.0,2066595.0,43775.0,93961.0,134303.0,0.04862670859269717
13_0562,1993,1,asphalt_overlay,"AC Shoulder Restoration, Mill Off AC and Overlay with AC",13_0562_19930606_2_1,2159077.0,1743706.0,2310965.0,2363163.0,-415371.0,151888.0,204086.0,0.07034857950874378
13_0563,1987,1,unknown,Missing / not recorded,13_0563_19870101_1_1,1932292.0,1976067.0,2026253.0,2066595.0,43775.0,93961.0,134303.0,0.04862670859269717
13_0563,1993,1,asphalt_overlay,Mill Off AC and Overlay with AC,13_0563_19930606_2_1,2159077.0,1743706.0,2310965.0,2363163.0,-415371.0,151888.0,204086.0,0.07034857950874378
13_0564,1987,1,unknown,Missing / not recorded,13_0564_19870101_1_1,1932292.0,1976067.0,2026253.0,2066595.0,43775.0,93961.0,134303.0,0.04862670859269717
13_0564,1993,1,asphalt_overlay,Mill Existing Pavement and Overlay with Hot-Mix Recycled AC,13_0564_19930606_2_1,2159077.0,1743706.0,2310965.0,2363163.0,-415371.0,151888.0,204086.0,0.07034857950874378
13_0565,1987,1,unknown,Missing / not recorded,13_0565_19870101_1_1,1932292.0,1976067.0,2026253.0,2066595.0,43775.0,93961.0,134303.0,0.04862670859269717
13_0565,1993,1,asphalt_overlay,"AC Shoulder Restoration, Mill Existing Pavement and Overlay with Hot-Mix Recycled AC",13_0565_19930606_2_1,2159077.0,1743706.0,2310965.0,2363163.0,-415371.0,151888.0,204086.0,0.07034857950874378
13_0566,1987,1,unknown,Missing / not recorded,13_0566_19870101_1_1,1932292.0,1976067.0,2026253.0,2066595.0,43775.0,93961.0,134303.0,0.04862670859269717
13_0566,1993,1,asphalt_overlay,"AC Shoulder Restoration, Mill Off AC and Overlay with AC",13_0566_19930606_2_1,2159077.0,1743706.0,2310965.0,2363163.0,-415371.0,151888.0,204086.0,0.07034857950874378
13_1001,1987,1,unknown,Missing / not recorded,13_1001_19870101_1_1,37128.0,49535.0,47072.0,88065.0,12407.0,9944.0,50937.0,0.2678302090066796
13_1001,1991,1,shoulder_restoration,AC Shoulder Replacement,13_1001_19910615_2_1,121080.0,106681.0,143953.0,151563.0,-14399.0,22873.0,30483.0,0.18890815989428478
13_1004,1987,1,unknown,Missing / not recorded,13_1004_19870101_1_1,42215.0,41608.0,59005.0,36712.0,-607.0,16790.0,-5503.0,0.39772592680326896
13_1004,1990,1,shoulder_restoration,AC Shoulder Replacement,13_1004_19900615_2_1,36712.0,69349.5,63787.0,72403.0,32637.5,27075.0,35691.0,0.7374972760950098
13_1005,1987,1,unknown,Missing / not recorded,13_1005_19870101_1_1,58446.0,98394.0,81062.0,117503.0,39948.0,22616.0,59057.0,0.3869554802723882
13_1005,1990,1,shoulder_restoration,AC Shoulder Replacement,13_1005_19900615_2_1,117503.0,46597.0,55734.0,89683.0,-70906.0,-61769.0,-27820.0,-0.5256801953992664
13_1031,1987,1,unknown,Missing / not recorded,13_1031_19870101_1_1,33672.0,42390.0,48017.0,50574.0,8718.0,14345.0,16902.0,0.4260216203373723
13_1031,1995,1,crack_sealing,Crack Sealing,13_1031_19950915_2_1,36990.0,23535.5,100050.0,58096.333333333336,-13454.5,63060.0,21106.333333333336,1.7047850770478508
13_1031,1997,1,seal_coat,"Grinding Surface, Surface Treatment, Single Layer",13_1031_19970531_3_1,100050.0,58096.333333333336,94457.0,105728.0,-41953.666666666664,-5593.0,5678.0,-0.05590204897551224
13_3007,1987,1,unknown,Missing / not recorded,13_3007_19870101_1_1,13779.0,21422.0,25068.0,27992.0,7643.0,11289.0,14213.0,0.8192902242543
13_3011,1987,1,unknown,Missing / not recorded,13_3011_19870101_1_1,67611.0,99594.0,94441.0,82105.0,31983.0,26830.0,14494.0,0.39682891837127093
13_3015,1987,1,unknown,Missing / not recorded,13_3015_19870101_1_1,147623.0,118864.0,118323.0,158501.0,-28759.0,-29300.0,10878.0,-0.19847855686444524
13_3015,2009,1,crack_sealing,"Grinding Surface, Transverse Joint Sealing",13_3015_20090414_2_1,737680.0,594018.0,763700.0,770494.0,-143662.0,26020.0,32814.0,0.03527274699056501
13_3015,2019,1,crack_sealing,Lane-Shoulder Longitudinal Joint Sealing,13_3015_20190601_3_1,553731.0,568203.0,584271.0,597370.0,14472.0,30540.0,43639.0,0.05515313392242804
13_3016,1987,1,unknown,Missing / not recorded,13_3016_19870101_1_1,882830.0,793829.0,855304.0,937064.0,-89001.0,-27526.0,54234.0,-0.031179275738250852
13_3017,1987,1,unknown,Missing / not recorded,13_3017_19870101_1_1,298130.0,329508.0,374411.0,467323.0,31378.0,76281.0,169193.0,0.2558648911548653
13_3017,2000,1,grinding,Grinding Surface,13_3017_20000515_2_1,847042.0,713803.5,788800.0,925237.0,-133238.5,-58242.0,78195.0,-0.06875928230241239
13_3017,2001,1,patching,Full Depth Patching of PCC Pavement Other Than at Joint,13_3017_20010515_3_1,713803.5,788800.0,925237.0,952777.0,74996.5,211433.5,238973.5,0.29620686925743567
13_3017,2019,1,crack_sealing,"Lane-Shoulder Longitudinal Joint Sealing, PCC Slab Replacement",13_3017_20190601_4_1,573503.0,594220.0,604705.0,614295.0,20717.0,31202.0,40792.0,0.05440599264519976
13_3018,1987,1,unknown,Missing / not recorded,13_3018_19870101_1_1,346581.0,388004.0,523795.0,752924.0,41423.0,177214.0,406343.0,0.5113205859524902
13_3019,1987,1,unknown,Missing / not recorded,13_3019_19870101_1_1,69143.0,70038.0,97686.0,110360.0,895.0,28543.0,41217.0,0.4128111305555154
13_3019,2010,1,crack_sealing,"Grinding Surface, Transverse Joint Sealing, Lane-Shoulder Longitudinal Joint Sealing",13_3019_20101215_2_1,429456.0,232561.5,458741.0,474420.0,-196894.5,29285.0,44964.0,0.06819092060653478
13_3019,2018,1,crack_sealing,"Lane-Shoulder Longitudinal Joint Sealing, PCC Slab Replacement",13_3019_20180601_3_1,545499.0,215642.0,221409.0,227872.0,-329857.0,-324090.0,-317627.0,-0.5941165794987708
13_3020,1987,1,unknown,Missing / not recorded,13_3020_19870101_1_1,109435.0,136122.0,134653.0,162061.0,26687.0,25218.0,52626.0,0.23043815963814135
13_3020,2006,1,patching,Full Depth Transverse Joint Repair Patch,13_3020_20060615_2_1,313099.0,250158.5,332205.0,473071.0,-62940.5,19106.0,159972.0,0.06102223258458187
13_3020,2011,1,crack_sealing,Lane-Shoulder Longitudinal Joint Sealing,13_3020_20110615_3_1,456990.0,372662.6666666667,441404.0,439821.0,-84327.33333333331,-15586.0,-17169.0,-0.034105779119893216
13_4092,1987,1,unknown,Missing / not recorded,13_4092_19870101_1_1,120414.0,203661.0,49808.0,48827.0,83247.0,-70606.0,-71587.0,-0.5863603899878752
13_4092,1990,1,shoulder_restoration,AC Shoulder Replacement,13_4092_19900714_2_1,48827.0,74245.5,101118.0,178650.0,25418.5,52291.0,129823.0,1.070944354557929
13_4093,1987,1,unknown,Missing / not recorded,13_4093_19870101_1_1,66841.0,115626.0,49808.0,49672.0,48785.0,-17033.0,-17169.0,-0.25482862315046156
13_4093,1990,1,shoulder_restoration,AC Shoulder Replacement,13_4093_19900714_2_1,49672.0,74245.5,101118.0,86632.0,24573.5,51446.0,36960.0,1.0357142857142858
13_4096,1987,1,unknown,Missing / not recorded,13_4096_19870101_1_1,14664.0,14423.0,21593.0,22743.0,-241.0,6929.0,8079.0,0.4725177304964539
13_4096,2001,1,asphalt_overlay,"Aggregate Seal Coat, Hot-Mix Recycled Asphalt Concrete Overlay",13_4096_20010401_2_1,66036.0,33624.0,67065.0,74599.0,-32412.0,1029.0,8563.0,0.015582409594766491
13_4111,1987,1,unknown,Missing / not recorded,13_4111_19870101_1_1,52441.0,53617.0,55205.0,39571.0,1176.0,2764.0,-12870.0,0.05270685150931523
13_4112,1987,1,unknown,Missing / not recorded,13_4112_19870101_1_1,1166876.0,1173949.0,963279.0,812931.0,7073.0,-203597.0,-353945.0,-0.17448040751545152
13_4112,1990,1,patching,Mechanical Premix Patch (using motor grader and roller),13_4112_19900605_2_1,812931.0,947707.0,1234170.0,1126197.0,134776.0,421239.0,313266.0,0.5181731290847563
13_4112,1998,1,asphalt_overlay,Asphalt Concrete Overlay,13_4112_19980901_3_1,1066151.0,642822.6666666666,1350919.0,1396159.0,-423328.3333333334,284768.0,330008.0,0.26709912573359684
13_4113,1987,1,unknown,Missing / not recorded,13_4113_19870101_1_1,688516.0,927762.0,974998.0,822598.0,239246.0,286482.0,134082.0,0.41608619117057555
13_4113,1990,1,patching,Mechanical Premix Patch (using motor grader and roller),13_4113_19900605_2_1,822598.0,958852.5,1248802.0,1551479.0,136254.5,426204.0,728881.0,0.5181194216373004
13_4113,1998,1,asphalt_overlay,Asphalt Concrete Overlay,13_4113_19980901_3_1,1066151.0,860305.6666666666,1590524.0,1643329.0,-205845.33333333337,524373.0,577178.0,0.49183746017215196
13_4118,1987,1,unknown,Missing / not recorded,13_4118_19870101_1_1,1355627.0,1367843.0,1383704.0,2887018.0,12216.0,28077.0,1531391.0,0.020711449388364202
13_4119,1987,1,unknown,Missing / not recorded,13_4119_19870101_1_1,2261887.0,2218434.0,2181669.0,2064938.0,-43453.0,-80218.0,-196949.0,-0.035465078494195335
13_4119,1993,1,patching,"Patch Pot Holes - Hand Spread, Compacted with Truck",13_4119_19930601_2_1,2070677.0,740730.5,2318216.0,2269835.0,-1329946.5,247539.0,199158.0,0.1195449604163276
13_4420,1987,1,unknown,Missing / not recorded,13_4420_19870101_1_1,164053.0,144060.0,158230.0,172394.5,-19993.0,-5823.0,8341.5,-0.0354946267364815
13_4420,1989,1,shoulder_restoration,AC Shoulder Replacement,13_4420_19890415_2_1,158230.0,172394.5,124369.0,125829.0,14164.5,-33861.0,-32401.0,-0.21399860961890918
13_4420,1992,1,asphalt_overlay,Asphalt Concrete Overlay,13_4420_19921013_3_1,125829.0,103397.33333333333,170459.0,118805.0,-22431.66666666667,44630.0,-7024.0,0.3546877110999849
13_5023,1987,1,unknown,Missing / not recorded,13_5023_19870101_1_1,617500.0,482387.0,691163.0,658849.0,-135113.0,73663.0,41349.0,0.1192923076923077
13_7028,1987,1,unknown,Missing / not recorded,13_7028_19870101_1_1,203547.0,1253833.0,1554558.0,1370645.0,1050286.0,1351011.0,1167098.0,6.637341744167195
13_7028,1996,1,crack_sealing,Crack Sealing,13_7028_19960915_2_1,1682715.0,1298429.0,1590822.0,812388.3333333334,-384286.0,-91893.0,-870326.6666666666,-0.05460996068853014
13_7028,1998,1,asphalt_overlay,Mill Off AC and Overlay with AC,13_7028_19980715_3_1,1590822.0,812388.3333333334,1629925.0,1683408.0,-778433.6666666666,39103.0,92586.0,0.02458037417134035
16_1001,1988,1,unknown,Missing / not recorded,16_1001_19880726_1_1,84462.0,88066.0,90773.0,23250.0,3604.0,6311.0,-61212.0,0.07471999242262793
16_1001,1998,1,seal_coat,Aggregate Seal Coat,16_1001_19980401_2_1,49867.0,43365.0,46936.0,25592.666666666668,-6502.0,-2931.0,-24274.333333333332,-0.05877634507790723
16_1001,2000,1,asphalt_overlay,Asphalt Concrete Overlay,16_1001_20000701_3_1,46936.0,25592.666666666668,62728.0,40842.0,-21343.333333333332,15792.0,-6094.0,0.33645815578660304
16_1005,1988,1,unknown,Missing / not recorded,16_1005_19880725_1_1,28218.0,28296.0,29078.0,21435.0,78.0,860.0,-6783.0,0.03047700049613722
16_1005,1993,1,seal_coat,Aggregate Seal Coat,16_1005_19930810_2_1,16837.0,37775.5,14089.0,38402.0,20938.5,-2748.0,21565.0,-0.16321197362950646
16_1007,1988,1,unknown,Missing / not recorded,16_1007_19880722_1_1,25602.0,25672.0,25602.0,30625.0,70.0,0.0,5023.0,0.0
16_1007,1997,1,asphalt_overlay,"Asphalt Concrete Overlay, Aggregate Seal Coat",16_1007_19970807_2_1,37365.0,13818.5,11099.0,24949.0,-23546.5,-26266.0,-12416.0,-0.7029573129934431
16_1007,2007,1,seal_coat,"Surface Treatment, Single Layer",16_1007_20070601_3_1,30502.0,23841.5,29697.0,57986.0,-6660.5,-805.0,27484.0,-0.026391712018884007
16_1009,1988,1,unknown,Missing / not recorded,16_1009_19880721_1_1,234607.0,250160.0,259295.0,303539.0,15553.0,24688.0,68932.0,0.10523130170881517
16_1009,1992,1,seal_coat,Aggregate Seal Coat,16_1009_19921001_2_1,332698.0,237775.0,634721.0,462283.0,-94923.0,302023.0,129585.0,0.9077992653998521
16_1010,1988,1,unknown,Missing / not recorded,16_1010_19880719_1_1,176575.0,186965.0,195693.0,153415.0,10390.0,19118.0,-23160.0,0.10827127283024211
16_1020,1988,1,unknown,Missing / not recorded,16_1020_19880722_1_1,60438.0,61683.0,64096.0,35908.0,1245.0,3658.0,-24530.0,0.06052483536847678
16_1020,1993,1,crack_sealing,Crack Sealing,16_1020_19930414_2_1,41926.0,36118.0,51893.0,79137.0,-5808.0,9967.0,37211.0,0.23772837857176932
16_1020,2008,1,patching,"Patch Pot Holes - Hand Spread, Compacted with Truck",16_1020_20080801_3_1,79614.0,66259.0,131247.0,86104.0,-13355.0,51633.0,6490.0,0.6485417137689351
16_1020,2011,1,asphalt_overlay,Asphalt Concrete Overlay,16_1020_20110601_4_1,86104.0,40377.25,90274.0,69345.5,-45726.75,4170.0,-16758.5,0.04842980581622224
16_1020,2013,1,seal_coat,Aggregate Seal Coat,16_1020_20130701_5_1,90274.0,69345.5,93360.0,95993.0,-20928.5,3086.0,5719.0,0.03418481511841726
16_1021,1988,1,unknown,Missing / not recorded,16_1021_19880719_1_1,149057.0,154462.0,160045.0,150229.0,5405.0,10988.0,1172.0,0.07371676606935602
16_3017,1988,1,unknown,Missing / not recorded,16_3017_19880721_1_1,264214.0,278449.0,291774.0,326562.0,14235.0,27560.0,62348.0,0.10430938557381517
16_3017,2008,1,grinding,Grinding Surface,16_3017_20080801_2_1,441750.0,319784.0,346449.0,337002.6666666667,-121966.0,-95301.0,-104747.33333333331,-0.21573514431239388
16_3017,2010,1,crack_sealing,Transverse Joint Sealing,16_3017_20101101_3_1,346449.0,337002.6666666667,475512.0,485097.0,-9446.333333333314,129063.0,138648.0,0.3725310218820086
16_3017,2020,1,crack_sealing,"Transverse Joint Sealing, Lane-Shoulder Longitudinal Joint Sealing",16_3017_20200601_4_1,313513.0,321729.0,313513.0,242240.0,8216.0,0.0,-71273.0,0.0
16_3023,1988,1,unknown,Missing / not recorded,16_3023_19880725_1_1,462714.0,487936.0,509385.0,359318.0,25222.0,46671.0,-103396.0,0.10086360040975635
16_3023,2010,1,crack_sealing,"Grinding Surface, Transverse Joint Sealing, Lane-Shoulder Longitudinal Joint Sealing, PCC Slab Replacement",16_3023_20101001_2_1,842132.0,456391.0,742327.0,757959.0,-385741.0,-99805.0,-84173.0,-0.11851467465907957
16_3023,2014,1,reconstruction_or_major_rehab,Joint Load Transfer Restoration in PCC Pavements,16_3023_20140501_3_1,770083.0,698568.3333333334,798564.0,815503.0,-71514.66666666663,28481.0,45420.0,0.036984325066259094
16_5025,1988,1,unknown,Missing / not recorded,16_5025_19880720_1_1,116304.0,121809.0,127490.0,81056.0,5505.0,11186.0,-35248.0,0.09617897922685376
16_5025,1995,1,asphalt_overlay,Asphalt Concrete Overlay,16_5025_19950803_2_1,94862.0,81074.5,134546.0,123947.0,-13787.5,39684.0,29085.0,0.41833400096982987
16_5025,1999,1,seal_coat,Aggregate Seal Coat,16_5025_19990701_3_1,82912.0,62569.5,121658.0,110966.0,-20342.5,38746.0,28054.0,0.46731474334233886
16_5025,2007,1,crack_sealing,Crack Sealing,16_5025_20070601_4_1,172615.0,153983.33333333334,186010.0,204882.0,-18631.666666666657,13395.0,32267.0,0.07760044028618603
16_6027,1988,1,unknown,Missing / not recorded,16_6027_19880720_1_1,159994.0,160433.0,166047.0,172829.0,439.0,6053.0,12835.0,0.03783266872507719
16_6027,1991,1,seal_coat,Aggregate Seal Coat,16_6027_19910816_2_1,172829.0,180931.0,188996.0,270670.0,8102.0,16167.0,97841.0,0.09354332895521006
16_9032,1994,1,seal_coat,Aggregate Seal Coat,16_9032_19940822_2_1,83287.0,58113.0,77454.0,44680.0,-25174.0,-5833.0,-38607.0,-0.07003493942632104
16_9034,2001,1,seal_coat,Aggregate Seal Coat,16_9034_20010701_2_1,97374.0,62749.0,107010.0,91828.0,-34625.0,9636.0,-5546.0,0.098958654260891
16_9034,2012,1,asphalt_overlay,Mill Off AC and Overlay with AC,16_9034_20120601_3_1,108165.0,51762.0,110524.0,111949.0,-56403.0,2359.0,3784.0,0.021809272870152083
16_A310,1988,1,unknown,Missing / not recorded,16_A310_19880101_1_1,60438.0,61683.0,64096.0,24889.5,1245.0,3658.0,-35548.5,0.06052483536847678
16_A310,1990,1,asphalt_overlay,Asphalt Concrete Overlay,16_A310_19900813_2_1,64096.0,24889.5,32095.0,41926.0,-39206.5,-32001.0,-22170.0,-0.4992667249126311
16_A320,1988,1,unknown,Missing / not recorded,16_A320_19880101_1_1,60438.0,61683.0,64096.0,25578.5,1245.0,3658.0,-34859.5,0.06052483536847678
16_A320,1990,1,seal_coat,Slurry Seal Coat,16_A320_19900730_2_1,64096.0,25578.5,32095.0,41926.0,-38517.5,-32001.0,-22170.0,-0.4992667249126311
16_A330,1988,1,unknown,Missing / not recorded,16_A330_19880101_1_1,60438.0,61683.0,64096.0,25578.5,1245.0,3658.0,-34859.5,0.06052483536847678
16_A330,1990,1,crack_sealing,Crack Sealing,16_A330_19900730_2_1,64096.0,25578.5,32095.0,41926.0,-38517.5,-32001.0,-22170.0,-0.4992667249126311
16_A350,1988,1,unknown,Missing / not recorded,16_A350_19880101_1_1,60438.0,61683.0,64096.0,25578.5,1245.0,3658.0,-34859.5,0.06052483536847678
16_A350,1990,1,seal_coat,Aggregate Seal Coat,16_A350_19900730_2_1,64096.0,25578.5,32095.0,41926.0,-38517.5,-32001.0,-22170.0,-0.4992667249126311
16_B310,1988,1,unknown,Missing / not recorded,16_B310_19880101_1_1,149057.0,154462.0,160045.0,95488.0,5405.0,10988.0,-53569.0,0.07371676606935602
16_B310,1990,1,asphalt_overlay,Asphalt Concrete Overlay,16_B310_19900924_2_1,160045.0,95488.0,167591.0,111038.0,-64557.0,7546.0,-49007.0,0.047149239276453495
16_B320,1988,1,unknown,Missing / not recorded,16_B320_19880101_1_1,149057.0,154462.0,160045.0,106601.0,5405.0,10988.0,-42456.0,0.07371676606935602
16_B320,1990,1,seal_coat,Slurry Seal Coat,16_B320_19900801_2_1,160045.0,106601.0,167591.0,111038.0,-53444.0,7546.0,-49007.0,0.047149239276453495
16_B330,1988,1,unknown,Missing / not recorded,16_B330_19880101_1_1,149057.0,154462.0,160045.0,105777.5,5405.0,10988.0,-43279.5,0.07371676606935602
16_B330,1990,1,crack_sealing,Crack Sealing,16_B330_19900805_2_1,160045.0,105777.5,167591.0,111038.0,-54267.5,7546.0,-49007.0,0.047149239276453495
16_B350,1988,1,unknown,Missing / not recorded,16_B350_19880101_1_1,149057.0,154462.0,160045.0,105777.5,5405.0,10988.0,-43279.5,0.07371676606935602
16_B350,1990,1,seal_coat,Aggregate Seal Coat,16_B350_19900805_2_1,160045.0,105777.5,167591.0,111038.0,-54267.5,7546.0,-49007.0,0.047149239276453495
16_C310,1988,1,unknown,Missing / not recorded,16_C310_19880101_1_1,176575.0,186965.0,195693.0,97513.0,10390.0,19118.0,-79062.0,0.10827127283024211
16_C310,1990,1,asphalt_overlay,Asphalt Concrete Overlay,16_C310_19900924_2_1,195693.0,97513.0,139293.0,146928.0,-98180.0,-56400.0,-48765.0,-0.2882065275712468
16_C320,1988,1,unknown,Missing / not recorded,16_C320_19880101_1_1,176575.0,186965.0,195693.0,109072.0,10390.0,19118.0,-67503.0,0.10827127283024211
16_C320,1990,1,seal_coat,Slurry Seal Coat,16_C320_19900731_2_1,195693.0,109072.0,139293.0,146928.0,-86621.0,-56400.0,-48765.0,-0.2882065275712468
16_C330,1988,1,unknown,Missing / not recorded,16_C330_19880101_1_1,176575.0,186965.0,195693.0,109072.0,10390.0,19118.0,-67503.0,0.10827127283024211
16_C330,1990,1,crack_sealing,Crack Sealing,16_C330_19900731_2_1,195693.0,109072.0,139293.0,146928.0,-86621.0,-56400.0,-48765.0,-0.2882065275712468
16_C350,1988,1,unknown,Missing / not recorded,16_C350_19880101_1_1,176575.0,186965.0,195693.0,109072.0,10390.0,19118.0,-67503.0,0.10827127283024211
16_C350,1990,1,seal_coat,Aggregate Seal Coat,16_C350_19900731_2_1,195693.0,109072.0,139293.0,146928.0,-86621.0,-56400.0,-48765.0,-0.2882065275712468
17_0601,1987,1,unknown,Missing / not recorded,17_0601_19870101_1_1,520090.0,520090.0,521515.0,520090.0,0.0,1425.0,0.0,0.0027399104001230557
17_0601,1990,1,shoulder_restoration,AC Shoulder Restoration,17_0601_19900701_2_1,520090.0,465083.5,584484.0,693939.0,-55006.5,64394.0,173849.0,0.12381318617931512
17_0601,1994,1,patching,Partial Depth Patching of PCC Pavement Other Than at Joint,17_0601_19940502_3_1,643837.0,637766.3333333334,768102.0,823019.0,-6070.666666666628,124265.0,179182.0,0.19300692566596825
17_0601,1997,1,patching,Partial depth patching of PCC pavements at joints,17_0601_19970501_4_1,823019.0,855500.0,871621.0,763865.6,32481.0,48602.0,-59153.40000000002,0.05905331468653822
17_0601,1999,1,patching,"Partial depth patching of PCC pavements at joints, Partial Depth Patching of PCC Pavement Other Than at Joint",17_0601_19990927_5_1,871621.0,763865.6,822144.1666666666,385565.0,-107755.40000000002,-49476.83333333337,-486056.0,-0.056764159346015496
17_0601,2000,1,patching,Full Depth Transverse Joint Repair Patch,17_0601_20000427_6_1,763865.6,822144.1666666666,385565.0,877524.0,58278.56666666665,-378300.6,113658.40000000002,-0.49524497503225695
17_0601,2001,1,asphalt_overlay,"AC Shoulder Restoration, Asphalt Concrete Overlay, Full Depth Transverse Joint Repair Patch",17_0601_20010601_7_1,822144.1666666666,385565.0,877524.0,855655.0,-436579.1666666666,55379.83333333337,33510.83333333337,0.06736024602335565
17_0601,2008,1,patching,Skin Patching (hand tools/hot pot to apply liquid asphalt and aggregate),17_0601_20080601_8_1,1135570.0,848809.5,1004381.0,462094.0,-286760.5,-131189.0,-673476.0,-0.11552700405963524
17_0602,1987,1,unknown,Missing / not recorded,17_0602_19870101_1_1,520090.0,520090.0,521515.0,520090.0,0.0,1425.0,0.0,0.0027399104001230557
17_0602,1990,2,crack_sealing,"Crack Sealing, AC Shoulder Restoration, Transverse Joint Sealing | Full Depth Transverse Joint Repair Patch",17_0602_19900327_2_1 | 17_0602_19900628_3_1,520090.0,469884.0,584484.0,693939.0,-50206.0,64394.0,173849.0,0.12381318617931512
17_0602,1994,1,patching,Skin Patching (hand tools/hot pot to apply liquid asphalt and aggregate),17_0602_19940501_4_1,643837.0,658065.0,768102.0,823019.0,14228.0,124265.0,179182.0,0.19300692566596825
17_0602,1998,1,patching,Skin Patching (hand tools/hot pot to apply liquid asphalt and aggregate),17_0602_19980814_5_1,932112.0,764160.8,808784.3333333334,789773.5714285715,-167951.19999999995,-123327.66666666663,-142338.42857142852,-0.13230992269884587
17_0602,1999,1,patching,"Partial depth patching of PCC pavements at joints, Partial Depth Patching of PCC Pavement Other Than at Joint",17_0602_19990802_6_1,764160.8,808784.3333333334,789773.5714285715,382911.25,44623.533333333326,25612.771428571432,-381249.55000000005,0.033517515460844666
17_0602,2000,1,patching,Skin Patching (hand tools/hot pot to apply liquid asphalt and aggregate),17_0602_20000820_7_1,808784.3333333334,789773.5714285715,382911.25,877524.0,-19010.761904761894,-425873.0833333334,68739.66666666663,-0.5265595113324401
17_0602,2001,1,asphalt_overlay,"AC Shoulder Restoration, Asphalt Concrete Overlay, Full Depth Transverse Joint Repair Patch",17_0602_20010601_8_1,789773.5714285715,382911.25,877524.0,855655.0,-406862.3214285715,87750.42857142852,65881.42857142852,0.11110833756148908
17_0602,2005,1,patching,Skin Patching (hand tools/hot pot to apply liquid asphalt and aggregate),17_0602_20050101_9_1,866511.0,1133238.0,1146859.0,1135570.0,266727.0,280348.0,269059.0,0.32353657368458105
17_0602,2008,1,patching,Skin Patching (hand tools/hot pot to apply liquid asphalt and aggregate),17_0602_20080601_10_1,1135570.0,922958.3333333334,1004381.0,462094.0,-212611.66666666663,-131189.0,-673476.0,-0.11552700405963524
17_0603,1987,1,unknown,Missing / not recorded,17_0603_19870101_1_1,520090.0,520090.0,521515.0,520090.0,0.0,1425.0,0.0,0.0027399104001230557
17_0603,1990,1,asphalt_overlay,"AC Shoulder Restoration, Asphalt Concrete Overlay",17_0603_19900524_2_1,520090.0,497275.0,584484.0,693939.0,-22815.0,64394.0,173849.0,0.12381318617931512
17_0603,1997,1,crack_sealing,"Crack Sealing, Skin Patching (hand tools/hot pot to apply liquid asphalt and aggregate)",17_0603_19971014_3_1,823019.0,688656.3333333334,871621.0,895922.0,-134362.66666666663,48602.0,72903.0,0.05905331468653822
17_0603,2002,1,patching,Skin Patching (hand tools/hot pot to apply liquid asphalt and aggregate),17_0603_20020508_4_1,874884.0,801191.5,784858.4,866511.0,-73692.5,-90025.59999999998,-8373.0,-0.10290004160551568
17_0603,2003,1,patching,Manual Premix Spot Patch (hand spreading and compacting with roller),17_0603_20030601_5_1,801191.5,784858.4,866511.0,1055101.5,-16333.099999999977,65319.5,253910.0,0.08152794931049569
17_0603,2005,1,patching,Manual Premix Spot Patch (hand spreading and compacting with roller),17_0603_20050601_6_1,866511.0,1055101.5,1135637.2857142857,1135570.0,188590.5,269126.2857142857,269059.0,0.31058611571496
17_0603,2006,1,patching,Skin Patching (hand tools/hot pot to apply liquid asphalt and aggregate),17_0603_20060126_7_1,1055101.5,1135637.2857142857,1135570.0,1015644.375,80535.78571428568,80468.5,-39457.125,0.07626612226406654
17_0603,2008,1,patching,Skin Patching (hand tools/hot pot to apply liquid asphalt and aggregate),17_0603_20080601_8_1,1135570.0,1015644.375,1004381.0,462094.0,-119925.625,-131189.0,-673476.0,-0.11552700405963524
17_0604,1987,1,unknown,Missing / not recorded,17_0604_19870101_1_1,520090.0,520090.0,521515.0,520090.0,0.0,1425.0,0.0,0.0027399104001230557
17_0604,1990,2,crack_sealing,"AC Shoulder Restoration, Asphalt Concrete Overlay, Transverse Joint Sealing, Saw and Seal | Full Depth Transverse Joint Repair Patch",17_0604_19900405_2_1 | 17_0604_19900611_3_1,520090.0,474402.0,584484.0,693939.0,-45688.0,64394.0,173849.0,0.12381318617931512
17_0604,1997,1,crack_sealing,Crack Sealing,17_0604_19971014_4_1,823019.0,749520.25,871621.0,895922.0,-73498.75,48602.0,72903.0,0.05905331468653822
17_0604,2002,1,patching,Skin Patching (hand tools/hot pot to apply liquid asphalt and aggregate),17_0604_20020508_5_1,874884.0,816458.0,855655.0,866511.0,-58426.0,-19229.0,-8373.0,-0.02197891377599773
17_0604,2006,1,patching,Skin Patching (hand tools/hot pot to apply liquid asphalt and aggregate),17_0604_20060126_6_1,1133238.0,1133767.0,1135570.0,1007699.8571428572,529.0,2332.0,-125538.14285714284,0.0020578201578132747
17_0604,2008,1,patching,Skin Patching (hand tools/hot pot to apply liquid asphalt and aggregate),17_0604_20080601_7_1,1135570.0,1007699.8571428572,1004381.0,462094.0,-127870.14285714284,-131189.0,-673476.0,-0.11552700405963524
17_0605,1987,1,unknown,Missing / not recorded,17_0605_19870101_1_1,520090.0,520090.0,521515.0,520090.0,0.0,1425.0,0.0,0.0027399104001230557
17_0605,1990,3,crack_sealing,"Crack Sealing, AC Shoulder Restoration, Grinding Surface, Transverse Joint Sealing | Full Depth Transverse Joint Repair Patch | Pressure Grout Subsealing, Longitudinal Subdrains",17_0605_19900327_2_1 | 17_0605_19900424_3_1 | 17_0605_19900517_4_1,520090.0,476943.5,584484.0,693939.0,-43146.5,64394.0,173849.0,0.12381318617931512
17_0605,1998,1,patching,"Partial depth patching of PCC pavements at joints, Partial Depth Patching of PCC Pavement Other Than at Joint",17_0605_19980908_5_1,932112.0,871621.0,693945.1428571428,868412.0,-60491.0,-238166.85714285716,-63700.0,-0.2555131326952739
17_0605,1999,2,patching,"Full Depth Transverse Joint Repair Patch | Partial depth patching of PCC pavements at joints, Partial Depth Patching of PCC Pavement Other Than at Joint",17_0605_19990927_6_1 | 17_0605_19991104_7_1,871621.0,693945.1428571428,868412.0,382911.25,-177675.85714285716,-3209.0,-488709.75,-0.0036816460365227547
17_0605,2001,1,asphalt_overlay,"AC Shoulder Restoration, Asphalt Concrete Overlay, Full Depth Transverse Joint Repair Patch",17_0605_20010601_8_1,868412.0,382911.25,877524.0,855655.0,-485500.75,9112.0,-12757.0,0.010492715439215488
17_0605,2008,1,patching,Skin Patching (hand tools/hot pot to apply liquid asphalt and aggregate),17_0605_20080601_9_1,1135570.0,848809.5,1004381.0,462094.0,-286760.5,-131189.0,-673476.0,-0.11552700405963524
17_0606,1987,1,unknown,Missing / not recorded,17_0606_19870101_1_1,520090.0,520090.0,521515.0,520090.0,0.0,1425.0,0.0,0.0027399104001230557
17_0606,1990,3,asphalt_overlay,"AC Shoulder Restoration, Asphalt Concrete Overlay | Full Depth Transverse Joint Repair Patch | Pressure Grout Subsealing, Longitudinal Subdrains",17_0606_19900405_2_1 | 17_0606_19900424_3_1 | 17_0606_19900611_4_1,520090.0,462542.0,584484.0,659431.6,-57548.0,64394.0,139341.59999999998,0.12381318617931512
17_0606,1992,1,patching,"Patch Pot Holes - Hand Spread, Compacted with Truck",17_0606_19920401_5_1,584484.0,659431.6,643837.0,716996.0,74947.59999999998,59353.0,132512.0,0.10154768992821019
17_0606,1995,1,patching,"Patch Pot Holes - Hand Spread, Compacted with Truck",17_0606_19950801_6_1,716996.0,693747.0,823019.0,827773.8571428572,-23249.0,106023.0,110777.85714285716,0.14787111783050394
17_0606,1997,1,crack_sealing,Crack Sealing,17_0606_19971014_7_1,823019.0,827773.8571428572,871621.0,895922.0,4754.8571428571595,48602.0,72903.0,0.05905331468653822
17_0606,2001,1,patching,"Full Depth Patch of AC Pavement (removing damaged material, repairing supporting material, and repairing)",17_0606_20010712_8_1,868412.0,817357.375,843598.4444444445,855655.0,-51054.625,-24813.555555555504,-12757.0,-0.028573483042099262
17_0606,2002,1,patching,Skin Patching (hand tools/hot pot to apply liquid asphalt and aggregate),17_0606_20020508_9_1,817357.375,843598.4444444445,855655.0,866511.0,26241.069444444496,38297.625,49153.625,0.046855422329797905
17_0606,2006,1,patching,Skin Patching (hand tools/hot pot to apply liquid asphalt and aggregate),17_0606_20060126_10_1,1133238.0,1139003.8,1135570.0,1030811.1818181818,5765.800000000047,2332.0,-102426.81818181823,0.0020578201578132747
17_0606,2008,1,patching,Skin Patching (hand tools/hot pot to apply liquid asphalt and aggregate),17_0606_20080601_11_1,1135570.0,1030811.1818181818,1004381.0,462094.0,-104758.81818181823,-131189.0,-673476.0,-0.11552700405963524
17_0607,1987,1,unknown,Missing / not recorded,17_0607_19870101_1_1,520090.0,520090.0,521515.0,520090.0,0.0,1425.0,0.0,0.0027399104001230557
17_0607,1990,2,asphalt_overlay,"AC Shoulder Restoration, Asphalt Concrete Overlay, Fracture Treatment of PCC Pavement as Base for New AC Surface | Longitudinal Subdrains",17_0607_19900501_2_1 | 17_0607_19900605_3_1,520090.0,463107.0,584484.0,693939.0,-56983.0,64394.0,173849.0,0.12381318617931512
17_0607,1994,1,patching,"Patch Pot Holes - Hand Spread, Compacted with Truck",17_0607_19940501_4_1,643837.0,658065.0,768102.0,823019.0,14228.0,124265.0,179182.0,0.19300692566596825
17_0607,1997,1,crack_sealing,Crack Sealing,17_0607_19971014_5_1,823019.0,786038.6,871621.0,895922.0,-36980.40000000002,48602.0,72903.0,0.05905331468653822
17_0607,2004,1,patching,Skin Patching (hand tools/hot pot to apply liquid asphalt and aggregate),17_0607_20040822_6_1,855655.0,774177.8333333334,1098198.4285714286,1035140.6666666666,-81477.16666666663,242543.42857142864,179485.66666666663,0.2834593715591315
17_0607,2005,1,patching,Skin Patching (hand tools/hot pot to apply liquid asphalt and aggregate),17_0607_20050321_7_1,774177.8333333334,1098198.4285714286,1035140.6666666666,1135570.0,324020.59523809527,260962.83333333326,361392.1666666666,0.33708383538924186
17_0607,2006,2,crack_sealing,"Crack Sealing, Skin Patching (hand tools/hot pot to apply liquid asphalt and aggregate) | Full Depth Patch of AC Pavement (removing damaged material, repairing supporting material, and repairing)",17_0607_20060126_8_1 | 17_0607_20061023_9_1,1098198.4285714286,1035140.6666666666,1135570.0,1053694.5,-63057.76190476201,37371.57142857136,-44503.92857142864,0.03402988973239152
17_0607,2008,1,patching,"Full Depth Patch of AC Pavement (removing damaged material, repairing supporting material, and repairing)",17_0607_20080301_10_1,1135570.0,1053694.5,1004381.0,462094.0,-81875.5,-131189.0,-673476.0,-0.11552700405963524
17_0608,1987,1,unknown,Missing / not recorded,17_0608_19870101_1_1,520090.0,520090.0,521515.0,520090.0,0.0,1425.0,0.0,0.0027399104001230557
17_0608,1990,2,asphalt_overlay,"AC Shoulder Restoration, Asphalt Concrete Overlay, Fracture Treatment of PCC Pavement as Base for New AC Surface | Longitudinal Subdrains",17_0608_19900501_2_1 | 17_0608_19900605_3_1,520090.0,463107.0,584484.0,693939.0,-56983.0,64394.0,173849.0,0.12381318617931512
17_0608,1997,1,crack_sealing,Crack Sealing,17_0608_19971014_4_1,823019.0,749520.25,871621.0,895922.0,-73498.75,48602.0,72903.0,0.05905331468653822
17_0608,2008,1,patching,Skin Patching (hand tools/hot pot to apply liquid asphalt and aggregate),17_0608_20080601_5_1,1135570.0,982277.4,1004381.0,462094.0,-153292.59999999998,-131189.0,-673476.0,-0.11552700405963524
17_0659,1987,1,unknown,Missing / not recorded,17_0659_19870101_1_1,520090.0,520090.0,521515.0,520090.0,0.0,1425.0,0.0,0.0027399104001230557
17_0659,1990,2,asphalt_overlay,"AC Shoulder Restoration, Asphalt Concrete Overlay | Pressure Grout Subsealing, Longitudinal Subdrains, Full Depth Transverse Joint Repair Patch",17_0659_19900406_2_1 | 17_0659_19900601_3_1,520090.0,479485.0,584484.0,693939.0,-40605.0,64394.0,173849.0,0.12381318617931512
17_0659,1997,1,crack_sealing,Lane-Shoulder Longitudinal Joint Sealing,17_0659_19971014_4_1,823019.0,749520.25,764160.8,895922.0,-73498.75,-58858.19999999995,72903.0,-0.07151499540107817
17_0659,1998,1,patching,"Patch Pot Holes - Hand Spread, Compacted with Truck",17_0659_19980814_5_1,749520.25,764160.8,895922.0,868412.0,14640.550000000047,146401.75,118891.75,0.19532727768195723
17_0659,2001,1,patching,"Full Depth Patch of AC Pavement (removing damaged material, repairing supporting material, and repairing)",17_0659_20010712_6_1,868412.0,798181.8333333334,833561.8571428572,855655.0,-70230.16666666663,-34850.14285714284,-12757.0,-0.04013088586655049
17_0659,2002,1,patching,Skin Patching (hand tools/hot pot to apply liquid asphalt and aggregate),17_0659_20020509_7_1,798181.8333333334,833561.8571428572,855655.0,866511.0,35380.02380952379,57473.16666666663,68329.16666666663,0.07200510493536243
17_0659,2005,1,patching,Skin Patching (hand tools/hot pot to apply liquid asphalt and aggregate),17_0659_20050321_8_1,866511.0,1102578.375,1138131.0,1135570.0,236067.375,271620.0,269059.0,0.31346399526376467
17_0659,2006,1,patching,Skin Patching (hand tools/hot pot to apply liquid asphalt and aggregate),17_0659_20060126_9_1,1102578.375,1138131.0,1135570.0,1026766.7,35552.625,32991.625,-75811.67500000005,0.02992224929134856
17_0659,2008,1,patching,Skin Patching (hand tools/hot pot to apply liquid asphalt and aggregate),17_0659_20080601_10_1,1135570.0,1026766.7,1004381.0,462094.0,-108803.30000000005,-131189.0,-673476.0,-0.11552700405963524
17_0660,1987,1,unknown,Missing / not recorded,17_0660_19870101_1_1,520090.0,520090.0,521515.0,520090.0,0.0,1425.0,0.0,0.0027399104001230557
17_0660,1990,2,crack_sealing,"Crack Sealing, AC Shoulder Restoration, Pressure Grout Subsealing, Transverse Joint Sealing, Longitudinal Subdrains, Partial depth patching of PCC pavements at joints | Full Depth Transverse Joint Repair Patch",17_0660_19900328_2_1 | 17_0660_19900424_3_1,520090.0,506029.0,584484.0,693939.0,-14061.0,64394.0,173849.0,0.12381318617931512
17_0660,1997,1,crack_sealing,Crack Sealing,17_0660_19971014_4_1,823019.0,749520.25,871621.0,763865.6,-73498.75,48602.0,-59153.40000000002,0.05905331468653822
17_0660,1999,1,patching,Partial Depth Patching of PCC Pavement Other Than at Joint,17_0660_19990927_5_1,871621.0,763865.6,868412.0,389103.3333333333,-107755.40000000002,-3209.0,-482517.6666666667,-0.0036816460365227547
17_0660,2001,1,asphalt_overlay,"AC Shoulder Restoration, Asphalt Concrete Overlay, Full Depth Transverse Joint Repair Patch",17_0660_20010601_6_1,868412.0,389103.3333333333,877524.0,855655.0,-479308.6666666667,9112.0,-12757.0,0.010492715439215488
17_0660,2008,1,patching,Skin Patching (hand tools/hot pot to apply liquid asphalt and aggregate),17_0660_20080601_7_1,1135570.0,848809.5,1004381.0,462094.0,-286760.5,-131189.0,-673476.0,-0.11552700405963524
17_0661,1987,1,unknown,Missing / not recorded,17_0661_19870101_1_1,520090.0,520090.0,521515.0,520090.0,0.0,1425.0,0.0,0.0027399104001230557
17_0661,1990,2,crack_sealing,"Crack Sealing, AC Shoulder Restoration, Grinding Surface, Pressure Grout Subsealing, Transverse Joint Sealing, Longitudinal Subdrains, Partial depth patching of PCC pavements at joints | Full Depth Transverse Joint Repair Patch",17_0661_19900404_2_1 | 17_0661_19900424_3_1,520090.0,502075.6666666667,584484.0,693939.0,-18014.333333333314,64394.0,173849.0,0.12381318617931512
17_0661,1999,1,patching,Partial Depth Patching of PCC Pavement Other Than at Joint,17_0661_19990927_4_1,871621.0,730851.5,868412.0,394057.0,-140769.5,-3209.0,-477564.0,-0.0036816460365227547
17_0661,2001,1,asphalt_overlay,"AC Shoulder Restoration, Asphalt Concrete Overlay, Full Depth Transverse Joint Repair Patch",17_0661_20010601_5_1,868412.0,394057.0,877524.0,855655.0,-474355.0,9112.0,-12757.0,0.010492715439215488
17_0661,2008,1,patching,Skin Patching (hand tools/hot pot to apply liquid asphalt and aggregate),17_0661_20080601_6_1,1135570.0,848809.5,1004381.0,462094.0,-286760.5,-131189.0,-673476.0,-0.11552700405963524
17_0662,1987,1,unknown,Missing / not recorded,17_0662_19870101_1_1,520090.0,520090.0,521515.0,520090.0,0.0,1425.0,0.0,0.0027399104001230557
17_0662,1990,3,asphalt_overlay,"AC Shoulder Restoration, Asphalt Concrete Overlay | Full Depth Transverse Joint Repair Patch | Longitudinal Subdrains",17_0662_19900404_2_1 | 17_0662_19900501_3_1 | 17_0662_19900601_4_1,520090.0,464236.5,584484.0,693939.0,-55853.5,64394.0,173849.0,0.12381318617931512
17_0662,1997,1,crack_sealing,Crack Sealing,17_0662_19971014_5_1,823019.0,786038.6,772120.8333333334,895922.0,-36980.40000000002,-50898.16666666663,72903.0,-0.061843246227203295
17_0662,1998,1,patching,"Patch Pot Holes - Hand Spread, Compacted with Truck",17_0662_19980908_6_1,786038.6,772120.8333333334,895922.0,868412.0,-13917.766666666605,109883.40000000002,82373.40000000002,0.13979389816225313
17_0662,2001,1,patching,"Full Depth Patch of AC Pavement (removing damaged material, repairing supporting material, and repairing)",17_0662_20010712_7_1,868412.0,809139.2857142857,839357.75,855655.0,-59272.71428571432,-29054.25,-12757.0,-0.03345675785226367
17_0662,2002,1,patching,Skin Patching (hand tools/hot pot to apply liquid asphalt and aggregate),17_0662_20020508_8_1,809139.2857142857,839357.75,855655.0,866511.0,30218.46428571432,46515.71428571432,57371.71428571432,0.05748789498541223
17_0662,2006,1,patching,Skin Patching (hand tools/hot pot to apply liquid asphalt and aggregate),17_0662_20060126_9_1,1133238.0,1138131.0,1135570.0,1026766.7,4893.0,2332.0,-106471.30000000005,0.0020578201578132747
17_0662,2008,1,patching,Skin Patching (hand tools/hot pot to apply liquid asphalt and aggregate),17_0662_20080601_10_1,1135570.0,1026766.7,1004381.0,462094.0,-108803.30000000005,-131189.0,-673476.0,-0.11552700405963524
17_0663,1987,1,unknown,Missing / not recorded,17_0663_19870101_1_1,520090.0,520090.0,521515.0,520090.0,0.0,1425.0,0.0,0.0027399104001230557
17_0663,1990,2,asphalt_overlay,"AC Shoulder Restoration, Asphalt Concrete Overlay | Longitudinal Subdrains, Fracture Treatment of PCC Pavement as Base for New AC Surface",17_0663_19900501_2_1 | 17_0663_19900601_3_1,520090.0,465366.0,584484.0,693939.0,-54724.0,64394.0,173849.0,0.12381318617931512
17_0663,1997,1,crack_sealing,Crack Sealing,17_0663_19971014_4_1,823019.0,749520.25,871621.0,895922.0,-73498.75,48602.0,72903.0,0.05905331468653822
17_0663,2008,1,patching,Skin Patching (hand tools/hot pot to apply liquid asphalt and aggregate),17_0663_20080601_5_1,1135570.0,982277.4,1004381.0,462094.0,-153292.59999999998,-131189.0,-673476.0,-0.11552700405963524
17_0664,1987,1,unknown,Missing / not recorded,17_0664_19870101_1_1,520090.0,520090.0,521515.0,520090.0,0.0,1425.0,0.0,0.0027399104001230557
17_0664,1990,2,asphalt_overlay,"AC Shoulder Restoration, Asphalt Concrete Overlay | Longitudinal Subdrains, Fracture Treatment of PCC Pavement as Base for New AC Surface",17_0664_19900501_2_1 | 17_0664_19900601_3_1,520090.0,465366.0,584484.0,693939.0,-54724.0,64394.0,173849.0,0.12381318617931512
17_0664,1997,1,crack_sealing,Crack Sealing,17_0664_19971014_4_1,823019.0,749520.25,871621.0,895922.0,-73498.75,48602.0,72903.0,0.05905331468653822
17_0664,2008,1,patching,Skin Patching (hand tools/hot pot to apply liquid asphalt and aggregate),17_0664_20080601_5_1,1135570.0,982277.4,1004381.0,462094.0,-153292.59999999998,-131189.0,-673476.0,-0.11552700405963524
17_1002,1987,1,unknown,Missing / not recorded,17_1002_19870101_1_1,4786.0,67820.0,70433.0,73489.0,63034.0,65647.0,68703.0,13.716464688675304
17_1002,1991,1,crack_sealing,Lane-Shoulder Longitudinal Joint Sealing,17_1002_19910601_2_1,75378.0,57470.0,82408.0,73191.0,-17908.0,7030.0,-2187.0,0.09326328637002838
17_1002,1996,1,crack_sealing,Lane-Shoulder Longitudinal Joint Sealing,17_1002_19960801_3_1,90178.0,98697.66666666667,129982.0,149178.0,8519.666666666672,39804.0,59000.0,0.44139368803921136
17_1003,1987,1,unknown,Missing / not recorded,17_1003_19870101_1_1,8962.0,57020.0,57176.0,57020.0,48058.0,48214.0,48058.0,5.379825931711672
17_4074,1987,1,unknown,Missing / not recorded,17_4074_19870101_1_1,6533.0,117205.0,121968.0,126292.0,110672.0,115435.0,119759.0,17.66952395530384
17_4082,1987,1,unknown,Missing / not recorded,17_4082_19870101_1_1,12251.0,46782.0,47742.0,49627.0,34531.0,35491.0,37376.0,2.896988000979512
17_4082,2004,1,patching,Partial depth patching of PCC pavements at joints,17_4082_20040701_2_1,94649.0,67640.0,122855.0,126672.0,-27009.0,28206.0,32023.0,0.29800631808048683
17_5020,1987,1,unknown,Missing / not recorded,17_5020_19870101_1_1,12251.0,46782.0,47742.0,49627.0,34531.0,35491.0,37376.0,2.896988000979512
17_5151,1987,1,unknown,Missing / not recorded,17_5151_19870101_1_1,711333.0,760749.0,792956.0,822614.0,49416.0,81623.0,111281.0,0.11474653924392654
17_5151,1990,2,asphalt_overlay,Asphalt Concrete Overlay | Full Depth Patching of PCC Pavement Other Than at Joint,17_5151_19900615_2_1 | 17_5151_19901002_3_1,822614.0,453698.0,846853.0,762934.0,-368916.0,24239.0,-59680.0,0.02946582479753566
17_5151,1997,1,patching,"Machine Premix Patch (placing premix with paver roller), Full Depth Patch of AC Pavement (removing damaged material, repairing supporting material, and repairing)",17_5151_19970401_4_1,991649.0,968084.0,1207374.0,1083967.3333333333,-23565.0,215725.0,92318.33333333326,0.21754169065869072
17_5151,1999,1,patching,"Manual Premix Spot Patch (hand spreading and compacting with roller), Full Depth Patch of AC Pavement (removing damaged material, repairing supporting material, and repairing)",17_5151_19990909_5_1,1207374.0,1083967.3333333333,1565963.0,995119.8,-123406.66666666674,358589.0,-212254.19999999995,0.2969991071532102
17_5151,2001,2,asphalt_overlay,"AC Shoulder Restoration, Mill Off AC and Overlay with AC | Full Depth Patch of AC Pavement (removing damaged material, repairing supporting material, and repairing)",17_5151_20010416_6_1 | 17_5151_20011003_7_1,1565963.0,995119.8,1520434.0,1561707.0,-570843.2,-45529.0,-4256.0,-0.02907412244095167
17_5217,1987,1,unknown,Missing / not recorded,17_5217_19870101_1_1,500863.0,535892.0,570112.0,595162.0,35029.0,69249.0,94299.0,0.13825936433715408
17_5217,1992,1,asphalt_overlay,"Asphalt Concrete Overlay, Full Depth Patching of PCC Pavement Other Than at Joint",17_5217_19920603_2_1,586361.0,300461.5,631403.0,661571.0,-285899.5,45042.0,75210.0,0.0768161593284683
17_5217,2000,1,patching,"Patch Pot Holes - Hand Spread, Compacted with Truck",17_5217_20000905_3_1,686166.0,465281.5,545359.3333333334,279557.0,-220884.5,-140806.66666666663,-406609.0,-0.20520787486798622
17_5217,2001,1,patching,"Patch Pot Holes - Hand Spread, Compacted with Truck",17_5217_20010918_4_1,465281.5,545359.3333333334,279557.0,,80077.83333333337,-185724.5,,-0.3991658812998153
17_5423,1987,1,unknown,Missing / not recorded,17_5423_19870101_1_1,444897.0,472670.0,498753.0,526475.0,27773.0,53856.0,81578.0,0.12105273804948112
17_5423,1998,1,asphalt_overlay,Mill Off AC and Overlay with AC,17_5423_19980430_2_1,600070.0,291557.0,673058.0,719091.0,-308513.0,72988.0,119021.0,0.1216324762111087
17_5453,1987,1,unknown,Missing / not recorded,17_5453_19870101_1_1,1254521.0,1289442.0,1364859.0,1438999.0,34921.0,110338.0,184478.0,0.08795229414254524
17_5453,1996,1,asphalt_overlay,Mill Off AC and Overlay with AC,17_5453_19960718_2_1,1514195.0,810755.0,2173062.0,2230489.0,-703440.0,658867.0,716294.0,0.4351269156218321
17_5453,2006,1,crack_sealing,Crack Sealing,17_5453_20060801_3_1,2365887.0,1712110.0,2461336.0,2517146.0,-653777.0,95449.0,151259.0,0.04034385412321045
17_5843,1987,1,unknown,Missing / not recorded,17_5843_19870101_1_1,507125.0,630228.0,729770.0,734289.0,123103.0,222645.0,227164.0,0.43903376879467587
17_5843,1998,2,patching,Full Depth Patching of PCC Pavement Other Than at Joint | Partial Depth Patching of PCC Pavement Other Than at Joint,17_5843_19980715_2_1 | 17_5843_19981111_3_1,1051246.0,593840.0,903351.0,928896.25,-457406.0,-147895.0,-122349.75,-0.14068543423708627
17_5843,2000,1,patching,Partial Depth Patching of PCC Pavement Other Than at Joint,17_5843_20001017_4_1,903351.0,928896.25,1063297.0,941322.0,25545.25,159946.0,37971.0,0.1770585298516302
17_5843,2001,1,patching,Full Depth Patching of PCC Pavement Other Than at Joint,17_5843_20010827_5_1,928896.25,1063297.0,941322.0,1283227.0,134400.75,12425.75,354330.75,0.013376897581403736
17_5843,2002,2,asphalt_overlay,Asphalt Concrete Overlay | Full Depth Patching of PCC Pavement Other Than at Joint,17_5843_20020416_6_1 | 17_5843_20021030_7_1,1063297.0,941322.0,1283227.0,1352187.0,-121975.0,219930.0,288890.0,0.20683778850123719
17_5849,1987,1,unknown,Missing / not recorded,17_5849_19870101_1_1,503436.0,494553.0,486012.0,494553.0,-8883.0,-17424.0,-8883.0,-0.03461015898743832
17_5849,1994,1,patching,Partial depth patching of PCC pavements at joints,17_5849_19940601_2_1,725432.0,497110.5,557199.0,435329.0,-228321.5,-168233.0,-290103.0,-0.23190733245845235
17_5849,1999,1,asphalt_overlay,Asphalt Concrete Overlay,17_5849_19990910_3_1,624898.0,464965.3333333333,934733.0,942275.0,-159932.6666666667,309835.0,317377.0,0.49581691732090677
17_5854,1987,1,unknown,Missing / not recorded,17_5854_19870101_1_1,31620.0,35964.0,52208.0,55478.0,4344.0,20588.0,23858.0,0.6511068943706515
17_5854,1997,1,asphalt_overlay,Asphalt Concrete Overlay,17_5854_19970531_2_1,73377.0,37379.5,92088.0,83132.0,-35997.5,18711.0,9755.0,0.25499816018643445
17_5869,1987,1,unknown,Missing / not recorded,17_5869_19870101_1_1,64865.0,72505.0,90480.0,91622.0,7640.0,25615.0,26757.0,0.39489709396438755
17_5869,1999,1,crack_sealing,Crack Sealing,17_5869_19990415_2_1,113965.0,70934.5,143646.0,150946.0,-43030.5,29681.0,36981.0,0.26043960865177906
17_5869,2003,1,patching,Partial depth patching of PCC pavements at joints,17_5869_20030601_3_1,147262.0,121226.0,174820.0,183669.0,-26036.0,27558.0,36407.0,0.18713585310534964
17_5908,1987,1,unknown,Missing / not recorded,17_5908_19870101_1_1,66291.0,67997.0,68721.0,71565.0,1706.0,2430.0,5274.0,0.036656559713988325
17_5908,1999,1,patching,Partial Depth Patching of PCC Pavement Other Than at Joint,17_5908_19990915_2_1,72399.0,65093.0,102408.0,104720.0,-7306.0,30009.0,32321.0,0.41449467534081963
17_5908,2003,1,patching,"Partial depth patching of PCC pavements at joints, Partial Depth Patching of PCC Pavement Other Than at Joint",17_5908_20030601_3_1,85042.0,93724.0,56792.0,,8682.0,-28250.0,,-0.33218880082782626
17_6050,1987,1,unknown,Missing / not recorded,17_6050_19870101_1_1,14437.0,14886.0,14477.0,14886.0,449.0,40.0,449.0,0.0027706587241116574
17_7937,1987,1,unknown,Missing / not recorded,17_7937_19870101_1_1,28453.0,28453.0,28531.0,30389.0,0.0,78.0,1936.0,0.002741362949425368
17_7937,1993,1,patching,"Patch Pot Holes - Hand Spread, Compacted with Truck",17_7937_19930601_2_1,9493.0,15476.0,12523.666666666666,28079.0,5983.0,3030.666666666666,18586.0,0.3192527827522033
17_7937,1994,1,asphalt_overlay,"Asphalt Concrete Overlay, Full Depth Patch of AC Pavement (removing damaged material, repairing supporting material, and repairing)",17_7937_19940908_3_1,15476.0,12523.666666666666,28079.0,21033.0,-2952.333333333334,12603.0,5557.0,0.814357715171879
17_7937,2006,1,patching,Manual Premix Spot Patch (hand spreading and compacting with roller),17_7937_20060601_4_1,32779.0,26052.5,33257.0,33416.0,-6726.5,478.0,637.0,0.014582507092955856
17_9267,1987,1,unknown,Missing / not recorded,17_9267_19870101_1_1,711333.0,760749.0,792956.0,822614.0,49416.0,81623.0,111281.0,0.11474653924392654
17_9267,1998,1,asphalt_overlay,Asphalt Concrete Overlay,17_9267_19980331_2_1,1101621.0,605341.0,1406332.0,1565963.0,-496280.0,304711.0,464342.0,0.2766023886617993
17_9267,2002,1,crack_sealing,Crack Sealing,17_9267_20020601_3_1,1541676.0,1205933.5,1561707.0,1520941.0,-335742.5,20031.0,-20735.0,0.012993002420742101
17_9327,1987,1,unknown,Missing / not recorded,17_9327_19870101_1_1,476596.0,510204.0,541917.0,567174.0,33608.0,65321.0,90578.0,0.13705738193354539
17_9327,1992,1,asphalt_overlay,"Asphalt Concrete Overlay, Full Depth Patching of PCC Pavement Other Than at Joint",17_9327_19920529_2_1,558474.0,304850.0,836732.0,637052.0,-253624.0,278258.0,78578.0,0.498247008813302
17_A310,1987,1,unknown,Missing / not recorded,17_A310_19870101_1_1,8962.0,57020.0,57176.0,57020.0,48058.0,48214.0,48058.0,5.379825931711672
17_A310,1991,1,asphalt_overlay,Asphalt Concrete Overlay,17_A310_19910731_2_1,55588.0,39002.5,66673.0,76605.0,-16585.5,11085.0,21017.0,0.19941354249118515
17_A320,1987,1,unknown,Missing / not recorded,17_A320_19870101_1_1,8962.0,57020.0,57176.0,57020.0,48058.0,48214.0,48058.0,5.379825931711672
17_A320,1990,1,seal_coat,Slurry Seal Coat,17_A320_19900817_2_1,57020.0,38226.0,54859.0,66673.0,-18794.0,-2161.0,9653.0,-0.03789898281304805
17_A330,1987,1,unknown,Missing / not recorded,17_A330_19870101_1_1,8962.0,57020.0,57176.0,57020.0,48058.0,48214.0,48058.0,5.379825931711672
17_A330,1990,1,crack_sealing,Crack Sealing,17_A330_19900817_2_1,57020.0,38226.0,54859.0,66673.0,-18794.0,-2161.0,9653.0,-0.03789898281304805
17_A330,1995,1,crack_sealing,Crack Sealing,17_A330_19950222_3_1,75034.0,77445.66666666667,98888.0,98618.0,2411.6666666666715,23854.0,23584.0,0.31790921448943144
17_A340,1987,1,unknown,Missing / not recorded,17_A340_19870101_1_1,8962.0,57020.0,57176.0,57020.0,48058.0,48214.0,48058.0,5.379825931711672
17_A350,1987,1,unknown,Missing / not recorded,17_A350_19870101_1_1,8962.0,57020.0,57176.0,57020.0,48058.0,48214.0,48058.0,5.379825931711672
17_A350,1990,1,seal_coat,Aggregate Seal Coat,17_A350_19900817_2_1,57020.0,38226.0,54859.0,66673.0,-18794.0,-2161.0,9653.0,-0.03789898281304805
17_B310,1987,1,unknown,Missing / not recorded,17_B310_19870101_1_1,4786.0,67820.0,70433.0,73489.0,63034.0,65647.0,68703.0,13.716464688675304
17_B310,1991,1,asphalt_overlay,Asphalt Concrete Overlay,17_B310_19910731_2_1,75378.0,51269.5,82408.0,62162.333333333336,-24108.5,7030.0,-13215.666666666664,0.09326328637002838
17_B310,1993,1,crack_sealing,Crack Sealing,17_B310_19930615_3_1,82408.0,62162.333333333336,64013.0,90178.0,-20245.666666666664,-18395.0,7770.0,-0.22321861955149985
17_B320,1987,1,unknown,Missing / not recorded,17_B320_19870101_1_1,4786.0,67820.0,70433.0,73489.0,63034.0,65647.0,68703.0,13.716464688675304
17_B320,1990,1,seal_coat,Slurry Seal Coat,17_B320_19900802_2_1,73489.0,53384.0,72113.0,82408.0,-20105.0,-1376.0,8919.0,-0.018723890650301406
17_B330,1987,1,unknown,Missing / not recorded,17_B330_19870101_1_1,4786.0,67820.0,70433.0,73489.0,63034.0,65647.0,68703.0,13.716464688675304
17_B330,1990,1,crack_sealing,Crack Sealing,17_B330_19900802_2_1,73489.0,53384.0,72113.0,82408.0,-20105.0,-1376.0,8919.0,-0.018723890650301406
17_B330,1996,1,crack_sealing,Lane-Shoulder Longitudinal Joint Sealing,17_B330_19960801_3_1,90178.0,98697.66666666667,129982.0,149178.0,8519.666666666672,39804.0,59000.0,0.44139368803921136
17_B340,1987,1,unknown,Missing / not recorded,17_B340_19870101_1_1,4786.0,67820.0,70433.0,73489.0,63034.0,65647.0,68703.0,13.716464688675304
17_B340,1991,1,crack_sealing,Lane-Shoulder Longitudinal Joint Sealing,17_B340_19910601_2_1,75378.0,57196.5,82408.0,73191.0,-18181.5,7030.0,-2187.0,0.09326328637002838
17_B340,1996,1,crack_sealing,Lane-Shoulder Longitudinal Joint Sealing,17_B340_19960801_3_1,90178.0,98697.66666666667,129982.0,149178.0,8519.666666666672,39804.0,59000.0,0.44139368803921136
17_B350,1987,1,unknown,Missing / not recorded,17_B350_19870101_1_1,4786.0,67820.0,70433.0,73489.0,63034.0,65647.0,68703.0,13.716464688675304
17_B350,1990,1,seal_coat,Aggregate Seal Coat,17_B350_19900802_2_1,73489.0,53384.0,72113.0,82408.0,-20105.0,-1376.0,8919.0,-0.018723890650301406
17_B350,2002,1,patching,Manual Premix Spot Patch (hand spreading and compacting with roller),17_B350_20020601_3_1,166103.0,41601.666666666664,172876.0,176892.0,-124501.33333333334,6773.0,10789.0,0.04077590410769222
18_0601,1987,1,unknown,Missing / not recorded,18_0601_19870101_1_1,390928.0,387077.0,368530.0,379208.0,-3851.0,-22398.0,-11720.0,-0.05729443785044817
18_0601,1992,1,patching,Partial depth patching of PCC pavements at joints,18_0601_19920601_2_1,276490.0,262876.0,200321.0,,-13614.0,-76169.0,,-0.2754855510145032
18_0602,1987,1,unknown,Missing / not recorded,18_0602_19870101_1_1,390928.0,387077.0,368530.0,379208.0,-3851.0,-22398.0,-11720.0,-0.05729443785044817
18_0602,1990,1,patching,"Full Depth Transverse Joint Repair Patch, Joint Load Transfer Restoration in PCC Pavements",18_0602_19900611_2_1,379208.0,305987.0,276490.0,331768.0,-73221.0,-102718.0,-47440.0,-0.2708750870234805
18_0602,1995,1,patching,"Grinding Surface, Full Depth Patching of PCC Pavement Other Than at Joint",18_0602_19950701_3_1,382594.0,340891.0,436156.0,437946.0,-41703.0,53562.0,55352.0,0.13999696806536432
18_0602,2000,1,patching,Partial Depth Patching of PCC Pavement Other Than at Joint,18_0602_20000401_4_1,379149.0,392506.5,414827.8,419488.8,13357.5,35678.79999999999,40339.79999999999,0.09410231861352658
18_0602,2001,1,patching,Partial Depth Patching of PCC Pavement Other Than at Joint,18_0602_20010601_5_1,392506.5,414827.8,419488.8,397608.6666666667,22321.29999999999,26982.29999999999,5102.166666666686,0.06874357494716644
18_0602,2003,1,patching,"Patch Pot Holes - Hand Spread, Compacted with Truck",18_0602_20030601_6_1,419488.8,397608.6666666667,501841.6666666667,421047.28571428574,-21880.133333333302,82352.8666666667,1558.4857142857509,0.19631720004602435
18_0603,1987,1,unknown,Missing / not recorded,18_0603_19870101_1_1,390928.0,387077.0,368530.0,379208.0,-3851.0,-22398.0,-11720.0,-0.05729443785044817
18_0603,1990,1,asphalt_overlay,"AC Shoulder Restoration, Asphalt Concrete Overlay, Partial depth patching of PCC pavements at joints",18_0603_19900611_2_1,379208.0,305987.0,276490.0,331768.0,-73221.0,-102718.0,-47440.0,-0.2708750870234805
18_0603,1994,1,crack_sealing,Crack Sealing,18_0603_19940601_3_1,351524.0,329834.3333333333,408398.0,436156.0,-21689.666666666686,56874.0,84632.0,0.16179265142636065
18_0603,1998,1,crack_sealing,Crack Sealing,18_0603_19980601_4_1,437946.0,399733.75,379149.0,418521.0,-38212.25,-58797.0,-19425.0,-0.13425627817128138
18_0603,2003,1,patching,Manual Premix Spot Patch (hand spreading and compacting with roller),18_0603_20030601_5_1,419803.0,365190.6,502501.0,381947.3333333333,-54612.40000000002,82698.0,-37855.666666666686,0.19699239881563496
18_0604,1987,1,unknown,Missing / not recorded,18_0604_19870101_1_1,390928.0,387077.0,368530.0,379208.0,-3851.0,-22398.0,-11720.0,-0.05729443785044817
18_0604,1990,1,crack_sealing,"AC Shoulder Restoration, Asphalt Concrete Overlay, Full Depth Transverse Joint Repair Patch, Joint Load Transfer Restoration in PCC Pavements, Partial depth patching of PCC pavements at joints, Saw and Seal",18_0604_19900611_2_1,379208.0,305987.0,276490.0,331768.0,-73221.0,-102718.0,-47440.0,-0.2708750870234805
18_0604,1998,1,crack_sealing,Crack Sealing,18_0604_19980601_3_1,437946.0,384363.3333333333,379149.0,418521.0,-53582.666666666686,-58797.0,-19425.0,-0.13425627817128138
18_0605,1987,1,unknown,Missing / not recorded,18_0605_19870101_1_1,390928.0,387077.0,368530.0,379208.0,-3851.0,-22398.0,-11720.0,-0.05729443785044817
18_0605,1990,1,patching,"AC Shoulder Restoration, Longitudinal Subdrains, Full Depth Transverse Joint Repair Patch, Joint Load Transfer Restoration in PCC Pavements",18_0605_19900612_2_1,379208.0,305449.5,276490.0,331768.0,-73758.5,-102718.0,-47440.0,-0.2708750870234805
18_0605,1995,1,patching,"Grinding Surface, Full Depth Patching of PCC Pavement Other Than at Joint, Partial depth patching of PCC pavements at joints",18_0605_19950701_3_1,382594.0,340891.0,436156.0,437946.0,-41703.0,53562.0,55352.0,0.13999696806536432
18_0605,1998,1,patching,Partial depth patching of PCC pavements at joints,18_0605_19980601_4_1,437946.0,399733.75,379149.0,397709.4,-38212.25,-58797.0,-40236.59999999998,-0.13425627817128138
18_0605,2000,1,patching,Partial Depth Patching of PCC Pavement Other Than at Joint,18_0605_20000401_5_1,379149.0,397709.4,415144.0,419803.0,18560.400000000023,35995.0,40654.0,0.09493629153710019
18_0605,2003,1,patching,"Patch Pot Holes - Hand Spread, Compacted with Truck",18_0605_20030601_6_1,419803.0,397870.3333333333,502171.3333333333,402530.71428571426,-21932.666666666686,82368.33333333331,-17272.28571428574,0.1962071098427913
18_0606,1987,1,unknown,Missing / not recorded,18_0606_19870101_1_1,390928.0,387077.0,368530.0,379208.0,-3851.0,-22398.0,-11720.0,-0.05729443785044817
18_0606,1990,1,asphalt_overlay,"AC Shoulder Restoration, Asphalt Concrete Overlay, Longitudinal Subdrains, Full Depth Transverse Joint Repair Patch, Joint Load Transfer Restoration in PCC Pavements, Partial depth patching of PCC pavements at joints",18_0606_19900611_2_1,379208.0,305987.0,276490.0,331768.0,-73221.0,-102718.0,-47440.0,-0.2708750870234805
18_0606,1994,1,crack_sealing,Crack Sealing,18_0606_19940601_3_1,351524.0,329834.3333333333,408398.0,436156.0,-21689.666666666686,56874.0,84632.0,0.16179265142636065
18_0606,1998,1,crack_sealing,Crack Sealing,18_0606_19980601_4_1,437946.0,399733.75,379149.0,418521.0,-38212.25,-58797.0,-19425.0,-0.13425627817128138
18_0607,1987,1,unknown,Missing / not recorded,18_0607_19870101_1_1,390928.0,387077.0,368530.0,379208.0,-3851.0,-22398.0,-11720.0,-0.05729443785044817
18_0607,1990,1,asphalt_overlay,"AC Shoulder Restoration, Asphalt Concrete Overlay, Longitudinal Subdrains, Fracture Treatment of PCC Pavement as Base for New AC Surface",18_0607_19900627_2_1,379208.0,297383.0,276490.0,331768.0,-81825.0,-102718.0,-47440.0,-0.2708750870234805
18_0607,1994,1,crack_sealing,Crack Sealing,18_0607_19940601_3_1,351524.0,329834.3333333333,408398.0,436156.0,-21689.666666666686,56874.0,84632.0,0.16179265142636065
18_0607,1998,1,crack_sealing,Crack Sealing,18_0607_19980601_4_1,437946.0,399733.75,379149.0,418521.0,-38212.25,-58797.0,-19425.0,-0.13425627817128138
18_0608,1987,1,unknown,Missing / not recorded,18_0608_19870101_1_1,390928.0,387077.0,368530.0,379208.0,-3851.0,-22398.0,-11720.0,-0.05729443785044817
18_0608,1990,1,asphalt_overlay,"AC Shoulder Restoration, Asphalt Concrete Overlay, Longitudinal Subdrains, Fracture Treatment of PCC Pavement as Base for New AC Surface",18_0608_19900627_2_1,379208.0,297383.0,276490.0,331768.0,-81825.0,-102718.0,-47440.0,-0.2708750870234805
18_0608,1994,1,crack_sealing,Crack Sealing,18_0608_19940601_3_1,351524.0,329834.3333333333,408398.0,436156.0,-21689.666666666686,56874.0,84632.0,0.16179265142636065
18_0608,1998,1,crack_sealing,Crack Sealing,18_0608_19980601_4_1,437946.0,399733.75,379149.0,418521.0,-38212.25,-58797.0,-19425.0,-0.13425627817128138
18_0659,1987,1,unknown,Missing / not recorded,18_0659_19870101_1_1,390928.0,387077.0,368530.0,379208.0,-3851.0,-22398.0,-11720.0,-0.05729443785044817
18_0659,1990,1,asphalt_overlay,"AC Shoulder Restoration, Asphalt Concrete Overlay, Partial depth patching of PCC pavements at joints",18_0659_19900611_2_1,379208.0,305987.0,276490.0,331768.0,-73221.0,-102718.0,-47440.0,-0.2708750870234805
18_0659,1994,1,crack_sealing,Crack Sealing,18_0659_19940601_3_1,351524.0,329834.3333333333,408398.0,436156.0,-21689.666666666686,56874.0,84632.0,0.16179265142636065
18_0659,1998,1,crack_sealing,Crack Sealing,18_0659_19980601_4_1,437946.0,399733.75,379149.0,418521.0,-38212.25,-58797.0,-19425.0,-0.13425627817128138
18_0660,1987,1,unknown,Missing / not recorded,18_0660_19870101_1_1,390928.0,387077.0,368530.0,379208.0,-3851.0,-22398.0,-11720.0,-0.05729443785044817
18_0660,1990,1,asphalt_overlay,"AC Shoulder Restoration, Asphalt Concrete Overlay, Partial depth patching of PCC pavements at joints",18_0660_19900611_2_1,379208.0,305987.0,276490.0,331768.0,-73221.0,-102718.0,-47440.0,-0.2708750870234805
18_0660,1994,1,crack_sealing,Crack Sealing,18_0660_19940601_3_1,351524.0,329834.3333333333,408398.0,436156.0,-21689.666666666686,56874.0,84632.0,0.16179265142636065
18_0660,1998,1,crack_sealing,Crack Sealing,18_0660_19980601_4_1,437946.0,399733.75,379149.0,418521.0,-38212.25,-58797.0,-19425.0,-0.13425627817128138
18_0661,1987,1,unknown,Missing / not recorded,18_0661_19870101_1_1,390928.0,387077.0,368530.0,379208.0,-3851.0,-22398.0,-11720.0,-0.05729443785044817
18_0661,1990,1,asphalt_overlay,"AC Shoulder Restoration, Asphalt Concrete Overlay, Full Depth Transverse Joint Repair Patch, Joint Load Transfer Restoration in PCC Pavements, Partial depth patching of PCC pavements at joints",18_0661_19900611_2_1,379208.0,305987.0,276490.0,331768.0,-73221.0,-102718.0,-47440.0,-0.2708750870234805
18_0661,1994,1,crack_sealing,Crack Sealing,18_0661_19940601_3_1,351524.0,329834.3333333333,408398.0,436156.0,-21689.666666666686,56874.0,84632.0,0.16179265142636065
18_0661,1998,1,crack_sealing,Crack Sealing,18_0661_19980601_4_1,437946.0,399733.75,379149.0,418521.0,-38212.25,-58797.0,-19425.0,-0.13425627817128138
18_0662,1987,1,unknown,Missing / not recorded,18_0662_19870101_1_1,390928.0,387077.0,368530.0,379208.0,-3851.0,-22398.0,-11720.0,-0.05729443785044817
18_0662,1990,1,asphalt_overlay,"AC Shoulder Restoration, Asphalt Concrete Overlay, Fracture Treatment of PCC Pavement as Base for New AC Surface",18_0662_19900721_2_1,379208.0,284476.5,276490.0,331768.0,-94731.5,-102718.0,-47440.0,-0.2708750870234805
18_0662,1994,1,crack_sealing,Crack Sealing,18_0662_19940601_3_1,351524.0,329834.3333333333,408398.0,436156.0,-21689.666666666686,56874.0,84632.0,0.16179265142636065
18_0662,1998,1,crack_sealing,Crack Sealing,18_0662_19980601_4_1,437946.0,399733.75,379149.0,418521.0,-38212.25,-58797.0,-19425.0,-0.13425627817128138
18_0663,1987,1,unknown,Missing / not recorded,18_0663_19870101_1_1,390928.0,387077.0,368530.0,379208.0,-3851.0,-22398.0,-11720.0,-0.05729443785044817
18_0663,1990,1,asphalt_overlay,"AC Shoulder Restoration, Asphalt Concrete Overlay, Fracture Treatment of PCC Pavement as Base for New AC Surface",18_0663_19900721_2_1,379208.0,284476.5,276490.0,331768.0,-94731.5,-102718.0,-47440.0,-0.2708750870234805
18_0663,1998,1,crack_sealing,Crack Sealing,18_0663_19980601_3_1,437946.0,384363.3333333333,379149.0,418521.0,-53582.666666666686,-58797.0,-19425.0,-0.13425627817128138
18_0664,1987,1,unknown,Missing / not recorded,18_0664_19870101_1_1,390928.0,387077.0,368530.0,379208.0,-3851.0,-22398.0,-11720.0,-0.05729443785044817
18_0664,1990,1,asphalt_overlay,"AC Shoulder Restoration, Asphalt Concrete Overlay, Fracture Treatment of PCC Pavement as Base for New AC Surface",18_0664_19900621_2_1,379208.0,300609.5,276490.0,331768.0,-78598.5,-102718.0,-47440.0,-0.2708750870234805
18_0664,1998,1,crack_sealing,Crack Sealing,18_0664_19980601_3_1,437946.0,384363.3333333333,379149.0,418521.0,-53582.666666666686,-58797.0,-19425.0,-0.13425627817128138
18_0665,1987,1,unknown,Missing / not recorded,18_0665_19870101_1_1,390928.0,387077.0,368530.0,379208.0,-3851.0,-22398.0,-11720.0,-0.05729443785044817
18_0665,1990,1,asphalt_overlay,"AC Shoulder Restoration, Asphalt Concrete Overlay, Fracture Treatment of PCC Pavement as Base for New AC Surface",18_0665_19900721_2_1,379208.0,284476.5,276490.0,331768.0,-94731.5,-102718.0,-47440.0,-0.2708750870234805
18_0665,1994,1,crack_sealing,Crack Sealing,18_0665_19940601_3_1,351524.0,329834.3333333333,408398.0,436156.0,-21689.666666666686,56874.0,84632.0,0.16179265142636065
18_0665,1998,1,crack_sealing,Crack Sealing,18_0665_19980601_4_1,437946.0,399733.75,379149.0,418521.0,-38212.25,-58797.0,-19425.0,-0.13425627817128138
18_0666,1987,1,unknown,Missing / not recorded,18_0666_19870101_1_1,390928.0,387077.0,368530.0,379208.0,-3851.0,-22398.0,-11720.0,-0.05729443785044817
18_0666,1990,1,asphalt_overlay,"AC Shoulder Restoration, Asphalt Concrete Overlay, Fracture Treatment of PCC Pavement as Base for New AC Surface",18_0666_19900721_2_1,379208.0,284476.5,276490.0,331768.0,-94731.5,-102718.0,-47440.0,-0.2708750870234805
18_0666,1994,1,crack_sealing,Crack Sealing,18_0666_19940601_3_1,351524.0,329834.3333333333,408398.0,436156.0,-21689.666666666686,56874.0,84632.0,0.16179265142636065
18_0666,1998,1,crack_sealing,Crack Sealing,18_0666_19980601_4_1,437946.0,399733.75,379149.0,418521.0,-38212.25,-58797.0,-19425.0,-0.13425627817128138
18_0667,1987,1,unknown,Missing / not recorded,18_0667_19870101_1_1,390928.0,387077.0,368530.0,379208.0,-3851.0,-22398.0,-11720.0,-0.05729443785044817
18_0667,1990,1,asphalt_overlay,"AC Shoulder Restoration, Asphalt Concrete Overlay, Fracture Treatment of PCC Pavement as Base for New AC Surface",18_0667_19900721_2_1,379208.0,284476.5,276490.0,331768.0,-94731.5,-102718.0,-47440.0,-0.2708750870234805
18_0667,1994,1,crack_sealing,Crack Sealing,18_0667_19940601_3_1,351524.0,329834.3333333333,408398.0,436156.0,-21689.666666666686,56874.0,84632.0,0.16179265142636065
18_0667,1998,1,crack_sealing,Crack Sealing,18_0667_19980601_4_1,437946.0,399733.75,379149.0,418521.0,-38212.25,-58797.0,-19425.0,-0.13425627817128138
18_0668,1987,1,unknown,Missing / not recorded,18_0668_19870101_1_1,390928.0,387077.0,368530.0,379208.0,-3851.0,-22398.0,-11720.0,-0.05729443785044817
18_0668,1990,1,asphalt_overlay,"AC Shoulder Restoration, Asphalt Concrete Overlay, Fracture Treatment of PCC Pavement as Base for New AC Surface",18_0668_19900721_2_1,379208.0,284476.5,276490.0,331768.0,-94731.5,-102718.0,-47440.0,-0.2708750870234805
18_0668,1998,1,crack_sealing,Crack Sealing,18_0668_19980601_3_1,437946.0,384363.3333333333,379149.0,418521.0,-53582.666666666686,-58797.0,-19425.0,-0.13425627817128138
18_0669,1987,1,unknown,Missing / not recorded,18_0669_19870101_1_1,390928.0,387077.0,368530.0,379208.0,-3851.0,-22398.0,-11720.0,-0.05729443785044817
18_0669,1990,1,asphalt_overlay,"AC Shoulder Restoration, Asphalt Concrete Overlay, Fracture Treatment of PCC Pavement as Base for New AC Surface",18_0669_19900721_2_1,379208.0,284476.5,276490.0,331768.0,-94731.5,-102718.0,-47440.0,-0.2708750870234805
18_0669,1994,1,crack_sealing,Crack Sealing,18_0669_19940601_3_1,351524.0,329834.3333333333,408398.0,436156.0,-21689.666666666686,56874.0,84632.0,0.16179265142636065
18_0669,1998,1,crack_sealing,Crack Sealing,18_0669_19980601_4_1,437946.0,399733.75,379149.0,418521.0,-38212.25,-58797.0,-19425.0,-0.13425627817128138
18_0670,1987,1,unknown,Missing / not recorded,18_0670_19870101_1_1,390928.0,387077.0,368530.0,379208.0,-3851.0,-22398.0,-11720.0,-0.05729443785044817
18_0670,1990,1,asphalt_overlay,"AC Shoulder Restoration, Asphalt Concrete Overlay, Fracture Treatment of PCC Pavement as Base for New AC Surface",18_0670_19900721_2_1,379208.0,284476.5,276490.0,331768.0,-94731.5,-102718.0,-47440.0,-0.2708750870234805
18_0670,1994,1,crack_sealing,Crack Sealing,18_0670_19940601_3_1,351524.0,329834.3333333333,408398.0,436156.0,-21689.666666666686,56874.0,84632.0,0.16179265142636065
18_0670,1998,1,crack_sealing,Crack Sealing,18_0670_19980601_4_1,437946.0,399733.75,379149.0,418521.0,-38212.25,-58797.0,-19425.0,-0.13425627817128138
18_0671,1987,1,unknown,Missing / not recorded,18_0671_19870101_1_1,390928.0,387077.0,368530.0,379208.0,-3851.0,-22398.0,-11720.0,-0.05729443785044817
18_0671,1990,1,asphalt_overlay,"AC Shoulder Restoration, Asphalt Concrete Overlay, Fracture Treatment of PCC Pavement as Base for New AC Surface",18_0671_19900721_2_1,379208.0,284476.5,276490.0,331768.0,-94731.5,-102718.0,-47440.0,-0.2708750870234805
18_0671,1994,1,crack_sealing,Crack Sealing,18_0671_19940601_3_1,351524.0,329834.3333333333,408398.0,436156.0,-21689.666666666686,56874.0,84632.0,0.16179265142636065
18_0671,1998,1,crack_sealing,Crack Sealing,18_0671_19980601_4_1,437946.0,399733.75,379149.0,418521.0,-38212.25,-58797.0,-19425.0,-0.13425627817128138
18_0671,2003,1,patching,Manual Premix Spot Patch (hand spreading and compacting with roller),18_0671_20030801_5_1,419803.0,351883.2,502501.0,381947.3333333333,-67919.79999999999,82698.0,-37855.666666666686,0.19699239881563496
18_0672,1987,1,unknown,Missing / not recorded,18_0672_19870101_1_1,390928.0,387077.0,368530.0,379208.0,-3851.0,-22398.0,-11720.0,-0.05729443785044817
18_0672,1990,1,asphalt_overlay,"AC Shoulder Restoration, Asphalt Concrete Overlay, Partial depth patching of PCC pavements at joints",18_0672_19900611_2_1,379208.0,305987.0,276490.0,331768.0,-73221.0,-102718.0,-47440.0,-0.2708750870234805
18_0672,1994,1,crack_sealing,Crack Sealing,18_0672_19940601_3_1,351524.0,329834.3333333333,408398.0,436156.0,-21689.666666666686,56874.0,84632.0,0.16179265142636065
18_0672,1998,1,crack_sealing,Crack Sealing,18_0672_19980601_4_1,437946.0,399733.75,379149.0,418521.0,-38212.25,-58797.0,-19425.0,-0.13425627817128138
18_0901,1992,2,asphalt_overlay,"Asphalt Concrete Overlay, Longitudinal Subdrains | Missing / not recorded",18_0901_19920101_1_1 | 18_0901_19920725_2_1,1376575.0,884287.0,1460670.0,1595847.0,-492288.0,84095.0,219272.0,0.0610900241541507
18_0901,2001,1,patching,Manual Premix Spot Patch (hand spreading and compacting with roller),18_0901_20010601_3_1,2048477.0,1612029.6666666667,1839187.0,1889516.0,-436447.33333333326,-209290.0,-158961.0,-0.1021685867110053
18_0902,1992,2,asphalt_overlay,"Asphalt Concrete Overlay, Longitudinal Subdrains, Full Depth Transverse Joint Repair Patch, Joint Load Transfer Restoration in PCC Pavements | Missing / not recorded",18_0902_19920101_1_1 | 18_0902_19920725_2_1,1376575.0,884287.0,1460670.0,1595847.0,-492288.0,84095.0,219272.0,0.0610900241541507
18_0904,1992,2,asphalt_overlay,"Asphalt Concrete Overlay, Longitudinal Subdrains, Full Depth Transverse Joint Repair Patch, Joint Load Transfer Restoration in PCC Pavements | Missing / not recorded",18_0904_19920101_1_1 | 18_0904_19920725_2_1,1376575.0,884287.0,1460670.0,1595847.0,-492288.0,84095.0,219272.0,0.0610900241541507
18_0905,1992,2,asphalt_overlay,"Asphalt Concrete Overlay, Longitudinal Subdrains, Full Depth Transverse Joint Repair Patch, Joint Load Transfer Restoration in PCC Pavements | Missing / not recorded",18_0905_19920101_1_1 | 18_0905_19920725_2_1,1376575.0,884287.0,1460670.0,1595847.0,-492288.0,84095.0,219272.0,0.0610900241541507
18_1028,1987,1,unknown,Missing / not recorded,18_1028_19870101_1_1,462527.0,497915.0,516778.0,549095.0,35388.0,54251.0,86568.0,0.1172926121069689
18_1028,1995,1,asphalt_overlay,Mill Existing Pavement and Overlay with Hot-Mix Recycled AC,18_1028_19950623_2_1,474011.0,207281.5,554334.0,484524.0,-266729.5,80323.0,10513.0,0.16945387343331694
18_1037,1987,1,unknown,Missing / not recorded,18_1037_19870101_1_1,41589.0,43826.0,47408.0,47640.0,2237.0,5819.0,6051.0,0.13991680492437905
18_1037,1994,1,asphalt_overlay,Mill Off AC and Overlay with AC,18_1037_19940915_2_1,84352.0,48422.5,89863.0,97514.0,-35929.5,5511.0,13162.0,0.06533336494688922
18_1037,2000,1,crack_sealing,Crack Sealing,18_1037_20000601_3_1,116975.0,105005.5,110787.0,89041.0,-11969.5,-6188.0,-27934.0,-0.05290019234879248
18_1037,2003,1,asphalt_overlay,Asphalt Concrete Overlay,18_1037_20030505_4_1,89041.0,33726.666666666664,106530.0,94766.0,-55314.333333333336,17489.0,5725.0,0.1964151346009142
18_1037,2014,1,crack_sealing,Crack Sealing,18_1037_20140601_5_1,76294.0,63493.5,93183.0,96232.0,-12800.5,16889.0,19938.0,0.22136734212388917
18_2008,1987,1,unknown,Missing / not recorded,18_2008_19870101_1_1,319709.0,302954.0,330302.0,270562.5,-16755.0,10593.0,-49146.5,0.033133255554269665
18_2008,1989,1,seal_coat,Sand Seal Coat,18_2008_19890601_2_1,330302.0,270562.5,354531.0,305056.0,-59739.5,24229.0,-25246.0,0.07335408202190723
18_2008,1994,1,asphalt_overlay,"AC Shoulder Restoration, Asphalt Concrete Overlay",18_2008_19940601_3_1,384066.0,170272.0,379473.0,393015.0,-213794.0,-4593.0,8949.0,-0.011958882067144709
18_2008,2003,1,asphalt_overlay,Asphalt Concrete Overlay,18_2008_20031103_4_1,206876.0,171721.5,333428.0,355728.0,-35154.5,126552.0,148852.0,0.611728765057329
18_2008,2016,1,asphalt_overlay,Mill Off AC and Overlay with AC,18_2008_20161001_5_1,261790.0,242892.0,183241.0,,-18898.0,-78549.0,,-0.3000458382673135
18_2009,1987,1,unknown,Missing / not recorded,18_2009_19870101_1_1,63804.0,74232.0,78464.0,81201.0,10428.0,14660.0,17397.0,0.2297661588615134
18_3002,1987,1,unknown,Missing / not recorded,18_3002_19870101_1_1,293646.0,277889.0,287140.0,298113.0,-15757.0,-6506.0,4467.0,-0.02215592924814232
18_3002,1996,1,patching,"Partial depth patching of PCC pavements at joints, Partial Depth Patching of PCC Pavement Other Than at Joint",18_3002_19960325_2_1,276619.0,249053.5,282131.0,265582.0,-27565.5,5512.0,-11037.0,0.019926324655934698
18_3002,2000,1,patching,Partial depth patching of PCC pavements at joints,18_3002_20000601_3_1,245531.0,255076.33333333334,286027.0,273331.0,9545.333333333343,40496.0,27800.0,0.1649323303371061
18_3002,2002,1,patching,Partial depth patching of PCC pavements at joints,18_3002_20020601_4_1,286027.0,273331.0,298971.0,254995.4,-12696.0,12944.0,-31031.600000000006,0.045254468983697345
18_3002,2004,1,patching,Partial depth patching of PCC pavements at joints,18_3002_20040601_5_1,298971.0,254995.4,269155.0,229016.0,-43975.600000000006,-29816.0,-69955.0,-0.09972873623194223
18_3002,2006,1,patching,"Partial depth patching of PCC pavements at joints, Partial Depth Patching of PCC Pavement Other Than at Joint",18_3002_20060601_6_1,269155.0,229016.0,241592.0,243475.0,-40139.0,-27563.0,-25680.0,-0.10240567702624881
18_3002,2009,1,patching,Partial depth patching of PCC pavements at joints,18_3002_20090801_7_1,243475.0,233733.2857142857,205197.85714285713,131779.0,-9741.71428571429,-38277.14285714287,-111696.0,-0.1572117993927215
18_3002,2013,1,patching,"AC Shoulder Restoration, Partial Depth Patching of PCC Pavement Other Than at Joint",18_3002_20130601_8_1,223842.14285714287,193899.25,94782.88888888889,724.0,-29942.89285714287,-129059.25396825398,-223118.14285714287,-0.5765636994040939
18_3002,2014,1,asphalt_overlay,"AC Shoulder Restoration, Asphalt Concrete Overlay, Fracture Treatment of PCC Pavement as Base for New AC Surface",18_3002_20140701_9_1,193899.25,94782.88888888889,724.0,1091.0,-99116.36111111111,-193175.25,-192808.25,-0.9962661021123084
18_3003,1987,1,unknown,Missing / not recorded,18_3003_19870101_1_1,390928.0,387077.0,368530.0,379208.0,-3851.0,-22398.0,-11720.0,-0.05729443785044817
18_3003,1991,1,patching,Partial depth patching of PCC pavements at joints,18_3003_19910901_2_1,392567.0,184453.0,331768.0,166291.66666666666,-208114.0,-60799.0,-226275.33333333334,-0.1548754734860546
18_3003,1993,1,asphalt_overlay,Asphalt Concrete Overlay,18_3003_19930601_3_1,331768.0,166291.66666666666,382594.0,375390.5,-165476.33333333334,50826.0,43622.5,0.15319741506112705
18_3003,1995,1,crack_sealing,Crack Sealing,18_3003_19950301_4_1,382594.0,375390.5,436156.0,437946.0,-7203.5,53562.0,55352.0,0.13999696806536432
18_3003,2001,1,crack_sealing,Crack Sealing,18_3003_20010601_5_1,418521.0,357895.6666666667,419803.0,398132.0,-60625.333333333314,1282.0,-20389.0,0.0030631676785633217
18_3003,2010,1,patching,"Full Depth Patch of AC Pavement (removing damaged material, repairing supporting material, and repairing)",18_3003_20100601_6_1,373735.0,358645.25,393845.0,401556.0,-15089.75,20110.0,27821.0,0.053808179592492004
18_3003,2015,1,patching,"Machine Premix Patch (placing premix with paver roller), Patch Pot Holes - Hand Spread, Compacted with Truck",18_3003_20150601_7_1,429862.0,417728.8,462556.2,467978.8,-12133.200000000012,32694.20000000001,38116.79999999999,0.07605743238527717
18_3030,1987,1,unknown,Missing / not recorded,18_3030_19870101_1_1,13847.0,14508.0,14848.0,14888.0,661.0,1001.0,1041.0,0.0722900267205893
18_3030,2002,1,patching,Partial depth patching of PCC pavements at joints,18_3030_20020901_2_1,35879.0,22727.5,37064.0,40800.0,-13151.5,1185.0,4921.0,0.03302767635664316
18_3031,1987,1,unknown,Missing / not recorded,18_3031_19870101_1_1,94544.0,96084.0,101574.0,104390.0,1540.0,7030.0,9846.0,0.07435691318327975
18_3031,1998,1,crack_sealing,"Transverse Joint Sealing, Lane-Shoulder Longitudinal Joint Sealing, Full Depth Patching of PCC Pavement Other Than at Joint",18_3031_19980601_2_1,128029.0,93854.5,123635.0,118806.0,-34174.5,-4394.0,-9223.0,-0.034320349295862654
18_3031,2009,1,patching,Partial depth patching of PCC pavements at joints,18_3031_20090601_3_1,115107.0,84672.0,120562.0,122454.0,-30435.0,5455.0,7347.0,0.047390688663591266
18_3031,2012,1,patching,Partial depth patching of PCC pavements at joints,18_3031_20120601_4_1,122454.0,126582.25,119854.5,143833.5,4128.25,-2599.5,21379.5,-0.021228379636434907
18_4021,1987,1,unknown,Missing / not recorded,18_4021_19870101_1_1,158625.0,176240.0,178589.0,184671.0,17615.0,19964.0,26046.0,0.12585657998423955
18_4021,1994,1,patching,Partial Depth Patching of PCC Pavement Other Than at Joint,18_4021_19940601_2_1,187531.0,159538.5,174741.0,267220.0,-27992.5,-12790.0,79689.0,-0.06820205725986637
18_4021,1998,1,patching,"Partial depth patching of PCC pavements at joints, Partial Depth Patching of PCC Pavement Other Than at Joint",18_4021_19980601_3_1,238805.0,212952.66666666666,278158.0,62115.0,-25852.333333333343,39353.0,-176690.0,0.16479135696488767
18_4042,1987,1,unknown,Missing / not recorded,18_4042_19870101_1_1,94544.0,96084.0,101574.0,104390.0,1540.0,7030.0,9846.0,0.07435691318327975
18_4042,1997,1,patching,Full Depth Patching of PCC Pavement Other Than at Joint,18_4042_19970601_2_1,122177.0,101546.0,118331.0,123635.0,-20631.0,-3846.0,1458.0,-0.031478919927645954
18_4042,2002,1,patching,Partial depth patching of PCC pavements at joints,18_4042_20020601_3_1,119678.0,104258.0,93503.0,130358.0,-15420.0,-26175.0,10680.0,-0.21871187686960009
18_4042,2003,1,patching,Partial depth patching of PCC pavements at joints,18_4042_20030601_4_1,104258.0,93503.0,130358.0,120627.0,-10755.0,26100.0,16369.0,0.2503405014483301
18_4042,2009,2,crack_sealing,"Partial depth patching of PCC pavements at joints | Transverse Joint Sealing, Partial depth patching of PCC pavements at joints",18_4042_20090404_5_1 | 18_4042_20090601_6_1,115107.0,87273.16666666667,120562.0,122454.0,-27833.83333333333,5455.0,7347.0,0.047390688663591266
18_5022,1987,1,unknown,Missing / not recorded,18_5022_19870101_1_1,610232.0,611943.0,645028.0,677420.0,1711.0,34796.0,67188.0,0.05702093629963686
18_5022,1992,1,asphalt_overlay,"AC Shoulder Restoration, Asphalt Concrete Overlay",18_5022_19920516_2_1,742034.0,432498.0,881707.0,1033963.0,-309536.0,139673.0,291929.0,0.18822991938374792
18_5022,1995,1,crack_sealing,Crack Sealing,18_5022_19950601_3_1,1033963.0,795171.0,951364.0,1016087.0,-238792.0,-82599.0,-17876.0,-0.07988583730752455
18_5022,2000,1,crack_sealing,Crack Sealing,18_5022_20000901_4_1,1014880.0,954429.0,1183773.0,737786.25,-60451.0,168893.0,-277093.75,0.16641671921803564
18_5022,2002,1,asphalt_overlay,Asphalt Concrete Overlay,18_5022_20021015_5_1,1183773.0,737786.25,1235097.0,1287292.0,-445986.75,51324.0,103519.0,0.04335628536890097
18_5043,1987,1,unknown,Missing / not recorded,18_5043_19870101_1_1,13612.0,13773.0,14145.0,14107.0,161.0,533.0,495.0,0.0391566265060241
18_5043,2002,1,asphalt_overlay,Asphalt Concrete Overlay,18_5043_20020901_2_1,17651.0,13408.5,30165.0,29596.0,-4242.5,12514.0,11945.0,0.7089683304062093
18_5043,2014,1,seal_coat,"Surface Treatment, Single Layer",18_5043_20140601_3_1,28989.0,24642.5,28428.0,29033.0,-4346.5,-561.0,44.0,-0.01935216806374832
18_5518,1987,1,unknown,Missing / not recorded,18_5518_19870101_1_1,674681.0,725977.0,753390.0,800169.0,51296.0,78709.0,125488.0,0.11666105907829033
18_5518,1992,1,patching,Full Depth Patching of PCC Pavement Other Than at Joint,18_5518_19920514_2_1,744453.0,694253.5,540369.0,988453.0,-50199.5,-204084.0,244000.0,-0.27413953600831753
18_5518,1993,1,asphalt_overlay,"AC Shoulder Restoration, Asphalt Concrete Overlay",18_5518_19931115_3_1,694253.5,540369.0,988453.0,1592477.0,-153884.5,294199.5,898223.5,0.4237637980939239
18_5528,1987,1,unknown,Missing / not recorded,18_5528_19870101_1_1,89952.0,99621.0,107517.0,108448.0,9669.0,17565.0,18496.0,0.19527081109925293
18_5528,1990,1,asphalt_overlay,Asphalt Concrete Overlay,18_5528_19901015_2_1,108448.0,51446.5,103086.0,92740.0,-57001.5,-5362.0,-15708.0,-0.04944305104750664
18_5528,2003,1,asphalt_overlay,"AC Shoulder Restoration, Full Depth Patch of AC Pavement (removing damaged material, repairing supporting material, and repairing), Mill Off AC and Overlay with AC",18_5528_20031015_3_1,78503.0,24212.5,83962.0,85494.0,-54290.5,5459.0,6991.0,0.06953874374227736
18_5538,1987,1,unknown,Missing / not recorded,18_5538_19870101_1_1,89952.0,99621.0,107517.0,108448.0,9669.0,17565.0,18496.0,0.19527081109925293
18_5538,1990,1,asphalt_overlay,Asphalt Concrete Overlay,18_5538_19901014_2_1,108448.0,51446.5,103086.0,92740.0,-57001.5,-5362.0,-15708.0,-0.04944305104750664
18_5538,2003,1,asphalt_overlay,"AC Shoulder Restoration, Asphalt Concrete Overlay, Full Depth Patch of AC Pavement (removing damaged material, repairing supporting material, and repairing)",18_5538_20030901_3_1,80035.0,24213.0,88647.0,85494.0,-55822.0,8612.0,5459.0,0.10760292372087212
18_5538,2013,1,crack_sealing,"Crack Sealing, Patch Pot Holes - Hand Spread, Compacted with Truck",18_5538_20130601_4_1,60806.0,51741.0,86495.5,148993.5,-9065.0,25689.5,88187.5,0.4224829786534224
18_6012,1987,1,unknown,Missing / not recorded,18_6012_19870101_1_1,258324.0,278044.0,301067.0,324059.0,19720.0,42743.0,65735.0,0.1654627522026602
18_6012,1995,1,asphalt_overlay,Mill Existing Pavement and Overlay with Hot-Mix Recycled AC,18_6012_19950612_2_1,427282.0,245438.5,601109.0,626786.0,-181843.5,173827.0,199504.0,0.4068203200696496
18_6012,2012,1,asphalt_overlay,"AC Shoulder Restoration, Mill Off AC and Overlay with AC",18_6012_20120601_3_1,713776.0,617243.0,876460.0,830837.0,-96533.0,162684.0,117061.0,0.22792024388603707
18_6012,2020,1,crack_sealing,Crack Sealing,18_6012_20200601_4_1,328369.0,290443.0,523206.0,302996.0,-37926.0,194837.0,-25373.0,0.5933477277087666
18_9020,1987,1,unknown,Missing / not recorded,18_9020_19870101_1_1,713125.0,653105.0,677402.0,719260.0,-60020.0,-35723.0,6135.0,-0.05009360210341805
18_A310,1987,1,unknown,Missing / not recorded,18_A310_19870101_1_1,462527.0,497915.0,516778.0,549095.0,35388.0,54251.0,86568.0,0.1172926121069689
18_A310,1992,1,asphalt_overlay,Asphalt Concrete Overlay,18_A310_19920331_2_1,469586.0,396040.5,442823.0,460020.0,-73545.5,-26763.0,-9566.0,-0.05699275532064414
18_A320,1987,1,unknown,Missing / not recorded,18_A320_19870101_1_1,462527.0,497915.0,516778.0,549095.0,35388.0,54251.0,86568.0,0.1172926121069689
18_A320,1990,1,seal_coat,Slurry Seal Coat,18_A320_19900816_2_1,549095.0,319379.5,469586.0,451560.0,-229715.5,-79509.0,-97535.0,-0.14480008013185333
18_A330,1987,1,unknown,Missing / not recorded,18_A330_19870101_1_1,462527.0,497915.0,516778.0,549095.0,35388.0,54251.0,86568.0,0.1172926121069689
18_A330,1990,1,crack_sealing,Crack Sealing,18_A330_19900816_2_1,549095.0,319379.5,469586.0,451560.0,-229715.5,-79509.0,-97535.0,-0.14480008013185333
18_A340,1987,1,unknown,Missing / not recorded,18_A340_19870101_1_1,462527.0,497915.0,516778.0,549095.0,35388.0,54251.0,86568.0,0.1172926121069689
18_A350,1987,1,unknown,Missing / not recorded,18_A350_19870101_1_1,462527.0,497915.0,516778.0,549095.0,35388.0,54251.0,86568.0,0.1172926121069689
18_A350,1990,1,seal_coat,Aggregate Seal Coat,18_A350_19900816_2_1,549095.0,319379.5,469586.0,451560.0,-229715.5,-79509.0,-97535.0,-0.14480008013185333
18_A410,1991,2,crack_sealing,"Missing / not recorded | Transverse Joint Sealing, Lane-Shoulder Longitudinal Joint Sealing",18_A410_19910101_1_1 | 18_A410_19911002_2_1,107107.0,64609.0,112253.0,118237.0,-42498.0,5146.0,11130.0,0.04804541253139384
18_A410,2000,1,patching,Partial depth patching of PCC pavements at joints,18_A410_20000601_3_1,123635.0,102359.33333333333,119678.0,120935.0,-21275.66666666667,-3957.0,-2700.0,-0.03200550006066243
18_A410,2003,1,patching,Partial depth patching of PCC pavements at joints,18_A410_20030601_4_1,120935.0,93503.0,130358.0,120627.0,-27432.0,9423.0,-308.0,0.07791788977549924
18_A430,1991,2,crack_sealing,"Missing / not recorded | Transverse Joint Sealing, Lane-Shoulder Longitudinal Joint Sealing",18_A430_19910101_1_1 | 18_A430_19911004_2_1,107107.0,64325.5,112253.0,118237.0,-42781.5,5146.0,11130.0,0.04804541253139384
18_A901,1997,2,asphalt_overlay,"Asphalt Concrete Overlay, Fracture Treatment of PCC Pavement as Base for New AC Surface | Missing / not recorded",18_A901_19970101_1_1 | 18_A901_19970718_2_1,1453040.0,979357.0,1316492.0,1461084.0,-473683.0,-136548.0,8044.0,-0.09397401310356218
18_A902,1997,2,asphalt_overlay,"Asphalt Concrete Overlay, Fracture Treatment of PCC Pavement as Base for New AC Surface | Missing / not recorded",18_A902_19970101_1_1 | 18_A902_19970718_2_1,1453040.0,979357.0,1316492.0,1461084.0,-473683.0,-136548.0,8044.0,-0.09397401310356218
18_A903,1997,2,asphalt_overlay,"Asphalt Concrete Overlay, Fracture Treatment of PCC Pavement as Base for New AC Surface | Missing / not recorded",18_A903_19970101_1_1 | 18_A903_19970718_2_1,1453040.0,979357.0,1316492.0,1461084.0,-473683.0,-136548.0,8044.0,-0.09397401310356218
18_A959,1997,2,asphalt_overlay,"Asphalt Concrete Overlay, Fracture Treatment of PCC Pavement as Base for New AC Surface | Missing / not recorded",18_A959_19970101_1_1 | 18_A959_19970718_2_1,1453040.0,979357.0,1316492.0,1461084.0,-473683.0,-136548.0,8044.0,-0.09397401310356218
18_A960,1997,2,asphalt_overlay,"Asphalt Concrete Overlay, Fracture Treatment of PCC Pavement as Base for New AC Surface | Missing / not recorded",18_A960_19970101_1_1 | 18_A960_19970718_2_1,1453040.0,979357.0,1316492.0,1461084.0,-473683.0,-136548.0,8044.0,-0.09397401310356218
18_A961,1997,2,asphalt_overlay,"Asphalt Concrete Overlay, Fracture Treatment of PCC Pavement as Base for New AC Surface | Missing / not recorded",18_A961_19970101_1_1 | 18_A961_19970718_2_1,1453040.0,979357.0,1316492.0,1461084.0,-473683.0,-136548.0,8044.0,-0.09397401310356218
19_0101,1993,1,reconstruction_or_major_rehab,Longitudinal Subdrains,19_0101_19930525_2_1,0.0,57494.0,85182.0,58828.0,57494.0,85182.0,58828.0,
19_0101,2001,1,patching,Strip Patching (using spreader and distributor to apply hot liquid asphalt and aggregate),19_0101_20010701_3_1,117489.0,97714.33333333333,136408.0,125902.0,-19774.66666666667,18919.0,8413.0,0.16102784090425487
19_0102,1993,1,reconstruction_or_major_rehab,Longitudinal Subdrains,19_0102_19930525_2_1,0.0,57494.0,85182.0,58828.0,57494.0,85182.0,58828.0,
19_0102,2001,1,patching,Strip Patching (using spreader and distributor to apply hot liquid asphalt and aggregate),19_0102_20010701_3_1,117489.0,97714.33333333333,136408.0,125902.0,-19774.66666666667,18919.0,8413.0,0.16102784090425487
19_0103,1993,1,reconstruction_or_major_rehab,Longitudinal Subdrains,19_0103_19930525_2_1,0.0,57494.0,85182.0,58828.0,57494.0,85182.0,58828.0,
19_0103,2001,1,patching,Strip Patching (using spreader and distributor to apply hot liquid asphalt and aggregate),19_0103_20010701_3_1,117489.0,97714.33333333333,136408.0,125902.0,-19774.66666666667,18919.0,8413.0,0.16102784090425487
19_0104,1993,1,reconstruction_or_major_rehab,Longitudinal Subdrains,19_0104_19930525_2_1,0.0,57494.0,85182.0,58828.0,57494.0,85182.0,58828.0,
19_0104,2001,1,patching,Strip Patching (using spreader and distributor to apply hot liquid asphalt and aggregate),19_0104_20010701_3_1,117489.0,97714.33333333333,136408.0,125902.0,-19774.66666666667,18919.0,8413.0,0.16102784090425487
19_0105,1993,1,reconstruction_or_major_rehab,Longitudinal Subdrains,19_0105_19930525_2_1,0.0,57494.0,85182.0,58828.0,57494.0,85182.0,58828.0,
19_0105,2001,1,patching,Strip Patching (using spreader and distributor to apply hot liquid asphalt and aggregate),19_0105_20010701_3_1,117489.0,97714.33333333333,136408.0,125902.0,-19774.66666666667,18919.0,8413.0,0.16102784090425487
19_0106,1993,1,reconstruction_or_major_rehab,Longitudinal Subdrains,19_0106_19930525_2_1,0.0,57494.0,85182.0,58828.0,57494.0,85182.0,58828.0,
19_0106,2001,1,patching,Strip Patching (using spreader and distributor to apply hot liquid asphalt and aggregate),19_0106_20010701_3_1,117489.0,97714.33333333333,136408.0,125902.0,-19774.66666666667,18919.0,8413.0,0.16102784090425487
19_0107,1993,1,asphalt_overlay,Asphalt Concrete Overlay,19_0107_19931111_2_1,0.0,35025.0,85182.0,58828.0,35025.0,85182.0,58828.0,
19_0107,2001,1,patching,Strip Patching (using spreader and distributor to apply hot liquid asphalt and aggregate),19_0107_20010701_3_1,117489.0,88039.0,136408.0,125902.0,-29450.0,18919.0,8413.0,0.16102784090425487
19_0108,2001,1,patching,Strip Patching (using spreader and distributor to apply hot liquid asphalt and aggregate),19_0108_20010701_2_1,117489.0,88039.0,136408.0,125902.0,-29450.0,18919.0,8413.0,0.16102784090425487
19_0109,2001,1,patching,Strip Patching (using spreader and distributor to apply hot liquid asphalt and aggregate),19_0109_20010701_2_1,117489.0,88039.0,136408.0,125902.0,-29450.0,18919.0,8413.0,0.16102784090425487
19_0110,2001,1,patching,Strip Patching (using spreader and distributor to apply hot liquid asphalt and aggregate),19_0110_20010701_2_1,117489.0,88039.0,136408.0,125902.0,-29450.0,18919.0,8413.0,0.16102784090425487
19_0111,2001,1,patching,Strip Patching (using spreader and distributor to apply hot liquid asphalt and aggregate),19_0111_20010701_2_1,117489.0,88039.0,136408.0,125902.0,-29450.0,18919.0,8413.0,0.16102784090425487
19_0112,2001,1,patching,Strip Patching (using spreader and distributor to apply hot liquid asphalt and aggregate),19_0112_20010701_2_1,117489.0,88039.0,136408.0,125902.0,-29450.0,18919.0,8413.0,0.16102784090425487
19_0159,2004,1,patching,Manual Premix Spot Patch (hand spreading and compacting with roller),19_0159_20040601_2_1,125902.0,96475.0,121426.0,112986.0,-29427.0,-4476.0,-12916.0,-0.03555146065987832
19_0213,2013,1,shoulder_restoration,AC Shoulder Restoration,19_0213_20130601_2_1,403922.0,374444.0,490003.0,507628.0,-29478.0,86081.0,103706.0,0.21311292774347523
19_0213,2019,1,patching,"Patch Pot Holes - Hand Spread, Compacted with Truck",19_0213_20190101_3_1,131687.0,89151.66666666667,281674.0,295504.0,-42535.33333333333,149987.0,163817.0,1.1389658812183434
19_0213,2020,1,patching,Skin Patching (hand tools/hot pot to apply liquid asphalt and aggregate),19_0213_20200601_4_1,89151.66666666667,281674.0,295504.0,192946.0,192522.3333333333,206352.3333333333,103794.33333333333,2.3146211512217003
19_0213,2023,1,patching,Skin Patching (hand tools/hot pot to apply liquid asphalt and aggregate),19_0213_20230901_5_1,192946.0,192946.0,193474.0,,0.0,528.0,,0.0027365169529298353
19_0214,2013,1,crack_sealing,"Crack Sealing, AC Shoulder Restoration",19_0214_20130601_2_1,403922.0,374444.0,490003.0,507628.0,-29478.0,86081.0,103706.0,0.21311292774347523
19_0214,2020,1,patching,Skin Patching (hand tools/hot pot to apply liquid asphalt and aggregate),19_0214_20200601_3_1,133364.0,281674.0,295504.0,192946.0,148310.0,162140.0,59582.0,1.2157703728142528
19_0214,2023,1,patching,Skin Patching (hand tools/hot pot to apply liquid asphalt and aggregate),19_0214_20230901_4_1,192946.0,192946.0,193474.0,,0.0,528.0,,0.0027365169529298353
19_0215,2013,1,shoulder_restoration,AC Shoulder Restoration,19_0215_20130601_2_1,403922.0,374444.0,490003.0,507628.0,-29478.0,86081.0,103706.0,0.21311292774347523
19_0215,2020,1,patching,Skin Patching (hand tools/hot pot to apply liquid asphalt and aggregate),19_0215_20200601_3_1,133364.0,281674.0,295504.0,192946.0,148310.0,162140.0,59582.0,1.2157703728142528
19_0215,2023,1,patching,Skin Patching (hand tools/hot pot to apply liquid asphalt and aggregate),19_0215_20230901_4_1,192946.0,192946.0,193474.0,,0.0,528.0,,0.0027365169529298353
19_0216,2013,1,shoulder_restoration,AC Shoulder Restoration,19_0216_20130601_2_1,403922.0,374444.0,422431.6666666667,507628.0,-29478.0,18509.666666666686,103706.0,0.04582485397345697
19_0216,2014,1,patching,Skin Patching (hand tools/hot pot to apply liquid asphalt and aggregate),19_0216_20140601_3_1,374444.0,422431.6666666667,507628.0,526531.0,47987.666666666686,133184.0,152087.0,0.35568469517471235
19_0216,2020,1,patching,Skin Patching (hand tools/hot pot to apply liquid asphalt and aggregate),19_0216_20200601_4_1,89391.33333333333,281674.0,295504.0,192946.0,192282.6666666667,206112.6666666667,103554.66666666667,2.3057343366620184
19_0216,2023,1,patching,Skin Patching (hand tools/hot pot to apply liquid asphalt and aggregate),19_0216_20230901_5_1,192946.0,192946.0,193474.0,,0.0,528.0,,0.0027365169529298353
19_0217,2005,1,reconstruction_or_major_rehab,PCC Slab Replacement,19_0217_20050601_2_1,359164.0,302342.5,341095.3333333333,402439.0,-56821.5,-18068.666666666686,43275.0,-0.05030756608865779
19_0217,2006,1,crack_sealing,"Transverse Joint Sealing, Lane-Shoulder Longitudinal Joint Sealing, Full Depth Patching of PCC Pavement Other Than at Joint, PCC Slab Replacement",19_0217_20060601_3_1,302342.5,341095.3333333333,402439.0,387228.0,38752.833333333314,100096.5,84885.5,0.33106989589621044
19_0217,2013,1,patching,"AC Shoulder Restoration, Partial depth patching of PCC pavements at joints, PCC Slab Replacement",19_0217_20130601_4_1,403922.0,423270.5,449460.2,507628.0,19348.5,45538.20000000001,103706.0,0.11274008348146428
19_0217,2014,1,patching,Skin Patching (hand tools/hot pot to apply liquid asphalt and aggregate),19_0217_20140601_5_1,423270.5,449460.2,507628.0,526531.0,26189.70000000001,84357.5,103260.5,0.19929926607216897
19_0218,2013,1,patching,"AC Shoulder Restoration, Partial depth patching of PCC pavements at joints, Partial Depth Patching of PCC Pavement Other Than at Joint",19_0218_20130601_2_1,403922.0,374444.0,422431.6666666667,507628.0,-29478.0,18509.666666666686,103706.0,0.04582485397345697
19_0218,2014,1,patching,Skin Patching (hand tools/hot pot to apply liquid asphalt and aggregate),19_0218_20140601_3_1,374444.0,422431.6666666667,507628.0,526531.0,47987.666666666686,133184.0,152087.0,0.35568469517471235
19_0219,2013,1,shoulder_restoration,AC Shoulder Restoration,19_0219_20130601_2_1,403922.0,374444.0,490003.0,507628.0,-29478.0,86081.0,103706.0,0.21311292774347523
19_0219,2020,1,patching,Skin Patching (hand tools/hot pot to apply liquid asphalt and aggregate),19_0219_20200601_3_1,133364.0,281674.0,295504.0,192946.0,148310.0,162140.0,59582.0,1.2157703728142528
19_0219,2023,1,patching,Skin Patching (hand tools/hot pot to apply liquid asphalt and aggregate),19_0219_20230901_4_1,192946.0,192946.0,193474.0,,0.0,528.0,,0.0027365169529298353
19_0220,2013,1,patching,"AC Shoulder Restoration, Partial depth patching of PCC pavements at joints",19_0220_20130601_2_1,403922.0,374444.0,422431.6666666667,507628.0,-29478.0,18509.666666666686,103706.0,0.04582485397345697
19_0220,2014,1,patching,Skin Patching (hand tools/hot pot to apply liquid asphalt and aggregate),19_0220_20140601_3_1,374444.0,422431.6666666667,507628.0,526531.0,47987.666666666686,133184.0,152087.0,0.35568469517471235
19_0220,2020,1,patching,Skin Patching (hand tools/hot pot to apply liquid asphalt and aggregate),19_0220_20200601_4_1,89391.33333333333,281674.0,295504.0,192946.0,192282.6666666667,206112.6666666667,103554.66666666667,2.3057343366620184
19_0220,2023,1,patching,Skin Patching (hand tools/hot pot to apply liquid asphalt and aggregate),19_0220_20230901_5_1,192946.0,192946.0,193474.0,,0.0,528.0,,0.0027365169529298353
19_0221,2013,1,shoulder_restoration,AC Shoulder Restoration,19_0221_20130601_2_1,403922.0,374444.0,490003.0,507628.0,-29478.0,86081.0,103706.0,0.21311292774347523
19_0221,2020,1,patching,Skin Patching (hand tools/hot pot to apply liquid asphalt and aggregate),19_0221_20200601_3_1,133364.0,281674.0,295504.0,192946.0,148310.0,162140.0,59582.0,1.2157703728142528
19_0221,2023,1,patching,Skin Patching (hand tools/hot pot to apply liquid asphalt and aggregate),19_0221_20230901_4_1,192946.0,192946.0,193474.0,,0.0,528.0,,0.0027365169529298353
19_0222,2013,1,patching,"AC Shoulder Restoration, Partial depth patching of PCC pavements at joints",19_0222_20130601_2_1,403922.0,374444.0,422431.6666666667,507628.0,-29478.0,18509.666666666686,103706.0,0.04582485397345697
19_0222,2014,1,patching,Skin Patching (hand tools/hot pot to apply liquid asphalt and aggregate),19_0222_20140601_3_1,374444.0,422431.6666666667,507628.0,526531.0,47987.666666666686,133184.0,152087.0,0.35568469517471235
19_0223,2013,1,shoulder_restoration,AC Shoulder Restoration,19_0223_20130601_2_1,403922.0,374444.0,490003.0,507628.0,-29478.0,86081.0,103706.0,0.21311292774347523
19_0224,2013,1,patching,"AC Shoulder Restoration, Partial depth patching of PCC pavements at joints, Partial Depth Patching of PCC Pavement Other Than at Joint",19_0224_20130601_2_1,403922.0,374444.0,422431.6666666667,507628.0,-29478.0,18509.666666666686,103706.0,0.04582485397345697
19_0224,2014,1,patching,Skin Patching (hand tools/hot pot to apply liquid asphalt and aggregate),19_0224_20140601_3_1,374444.0,422431.6666666667,507628.0,526531.0,47987.666666666686,133184.0,152087.0,0.35568469517471235
19_0224,2020,1,patching,Skin Patching (hand tools/hot pot to apply liquid asphalt and aggregate),19_0224_20200601_4_1,89391.33333333333,281674.0,295504.0,192946.0,192282.6666666667,206112.6666666667,103554.66666666667,2.3057343366620184
19_0259,2013,1,shoulder_restoration,AC Shoulder Restoration,19_0259_20130601_2_1,403922.0,374444.0,490003.0,507628.0,-29478.0,86081.0,103706.0,0.21311292774347523
19_0601,1987,1,unknown,Missing / not recorded,19_0601_19870101_1_1,480722.0,471168.0,501644.0,529511.0,-9554.0,20922.0,48789.0,0.04352203560477781
19_0601,1990,2,crack_sealing,"Crack Sealing, Transverse Joint Sealing, Lane-Shoulder Longitudinal Joint Sealing, Partial Depth Patching of PCC Pavement Other Than at Joint | Partial Depth Patching of PCC Pavement Other Than at Joint",19_0601_19900111_2_1 | 19_0601_19900803_3_1,529511.0,430000.3333333333,545951.0,548655.0,-99510.66666666669,16440.0,19144.0,0.031047513649385943
19_0601,1992,1,crack_sealing,Crack Sealing,19_0601_19920130_4_1,545951.0,548655.0,542447.6,534957.0,2704.0,-3503.4000000000233,-10994.0,-0.00641705940643029
19_0601,1993,1,patching,"Partial depth patching of PCC pavements at joints, Partial Depth Patching of PCC Pavement Other Than at Joint",19_0601_19930601_5_1,548655.0,542447.6,534957.0,572445.0,-6207.400000000023,-13698.0,23790.0,-0.024966509008393253
19_0601,1997,2,asphalt_overlay,"AC Shoulder Restoration, Asphalt Concrete Overlay, Longitudinal Subdrains | Full Depth Transverse Joint Repair Patch, Partial depth patching of PCC pavements at joints",19_0601_19970425_6_1 | 19_0601_19970701_7_1,629554.0,384297.5714285714,653181.0,748200.0,-245256.42857142858,23627.0,118646.0,0.037529743278574994
19_0601,2003,1,crack_sealing,Crack Sealing,19_0601_20030601_8_1,683502.0,595289.5,664883.0,733522.0,-88212.5,-18619.0,50020.0,-0.027240593297459263
19_0601,2007,1,crack_sealing,Crack Sealing,19_0601_20071001_9_1,853407.0,663762.3333333334,876467.0,824565.0,-189644.66666666663,23060.0,-28842.0,0.027021104818685575
19_0601,2010,1,crack_sealing,Lane-Shoulder Longitudinal Joint Sealing,19_0601_20100601_10_1,824565.0,753499.75,742004.0,873689.0,-71065.25,-82561.0,49124.0,-0.10012673348977946
19_0601,2011,1,crack_sealing,"Crack Sealing, AC Shoulder Restoration, Skin Patching (hand tools/hot pot to apply liquid asphalt and aggregate)",19_0601_20110901_11_1,753499.75,742004.0,873689.0,886432.0,-11495.75,120189.25,132932.25,0.15950801576244716
19_0601,2014,1,patching,Machine Premix Patch (placing premix with paver roller),19_0601_20140601_12_1,886432.0,839625.8333333334,917389.0,934943.0,-46806.16666666663,30957.0,48511.0,0.03492315259376918
19_0601,2017,1,asphalt_overlay,Asphalt Concrete Overlay,19_0601_20170601_13_1,934943.0,879611.4285714285,402179.0,408661.0,-55331.57142857148,-532764.0,-526282.0,-0.5698358081722629
19_0602,1987,1,unknown,Missing / not recorded,19_0602_19870101_1_1,480722.0,471168.0,501644.0,529511.0,-9554.0,20922.0,48789.0,0.04352203560477781
19_0602,1990,4,patching,"Crack Sealing, Grinding Surface | Partial Depth Patching of PCC Pavement Other Than at Joint",19_0602_19900111_2_1 | 19_0602_19900430_3_1 | 19_0602_19900803_4_1 | 19_0602_19901010_5_1,529511.0,355453.8,545951.0,552351.0,-174057.2,16440.0,22840.0,0.031047513649385943
19_0602,1992,1,crack_sealing,Crack Sealing,19_0602_19920130_6_1,545951.0,552351.0,539994.1428571428,534957.0,6400.0,-5956.8571428571595,-10994.0,-0.010910973957108164
19_0602,1993,1,patching,Partial Depth Patching of PCC Pavement Other Than at Joint,19_0602_19930811_7_1,552351.0,539994.1428571428,534957.0,572445.0,-12356.85714285716,-17394.0,20094.0,-0.03149084549498417
19_0602,1997,2,asphalt_overlay,"AC Shoulder Restoration, Asphalt Concrete Overlay, Longitudinal Subdrains | Full Depth Transverse Joint Repair Patch, Full Depth Patching of PCC Pavement Other Than at Joint, Partial Depth Patching of PCC Pavement Other Than at Joint",19_0602_19970425_8_1 | 19_0602_19970701_9_1,629554.0,379789.44444444444,653181.0,748200.0,-249764.55555555556,23627.0,118646.0,0.037529743278574994
19_0602,2003,1,crack_sealing,Crack Sealing,19_0602_20030601_10_1,683502.0,595289.5,664883.0,733522.0,-88212.5,-18619.0,50020.0,-0.027240593297459263
19_0602,2007,1,crack_sealing,Crack Sealing,19_0602_20071001_11_1,853407.0,663762.3333333334,876467.0,824565.0,-189644.66666666663,23060.0,-28842.0,0.027021104818685575
19_0602,2011,1,crack_sealing,"Crack Sealing, AC Shoulder Restoration, Skin Patching (hand tools/hot pot to apply liquid asphalt and aggregate)",19_0602_20110901_12_1,840420.0,713510.5,873689.0,886432.0,-126909.5,33269.0,46012.0,0.03958615930130173
19_0602,2014,1,patching,"Full Depth Patch of AC Pavement (removing damaged material, repairing supporting material, and repairing)",19_0602_20140601_13_1,886432.0,827190.0,917389.0,934943.0,-59242.0,30957.0,48511.0,0.03492315259376918
19_0602,2017,1,asphalt_overlay,Asphalt Concrete Overlay,19_0602_20170601_14_1,934943.0,868248.8333333334,402179.0,408661.0,-66694.16666666663,-532764.0,-526282.0,-0.5698358081722629
19_0603,1987,1,unknown,Missing / not recorded,19_0603_19870101_1_1,480722.0,471168.0,501644.0,364855.0,-9554.0,20922.0,-115867.0,0.04352203560477781
19_0603,1989,1,asphalt_overlay,Asphalt Concrete Overlay,19_0603_19890816_2_1,501644.0,364855.0,397417.0,545951.0,-136789.0,-104227.0,44307.0,-0.2077708494470182
19_0603,1990,1,crack_sealing,Crack Sealing,19_0603_19901018_3_1,364855.0,397417.0,545951.0,559743.0,32562.0,181096.0,194888.0,0.4963506050348769
19_0603,1997,1,reconstruction_or_major_rehab,Longitudinal Subdrains,19_0603_19970715_4_1,629554.0,730023.0,653181.0,748200.0,100469.0,23627.0,118646.0,0.037529743278574994
19_0603,1999,1,crack_sealing,"Crack Sealing, Full Depth Patch of AC Pavement (removing damaged material, repairing supporting material, and repairing)",19_0603_19990630_5_1,653181.0,748200.0,431957.0,652865.0,95019.0,-221224.0,-316.0,-0.338687132663075
19_0603,2001,1,patching,"Full Depth Patch of AC Pavement (removing damaged material, repairing supporting material, and repairing)",19_0603_20010601_6_1,431957.0,652865.0,683502.0,750538.0,220908.0,251545.0,318581.0,0.5823380567973201
19_0603,2006,1,patching,"Full Depth Patch of AC Pavement (removing damaged material, repairing supporting material, and repairing)",19_0603_20060601_7_1,733522.0,802970.8571428572,884209.0,366392.0,69448.85714285716,150687.0,-367130.0,0.2054294213397826
19_0604,1987,1,unknown,Missing / not recorded,19_0604_19870101_1_1,480722.0,471168.0,501644.0,372834.0,-9554.0,20922.0,-107888.0,0.04352203560477781
19_0604,1989,1,asphalt_overlay,"Asphalt Concrete Overlay, Full Depth Transverse Joint Repair Patch",19_0604_19890805_2_1,501644.0,372834.0,540586.0,545951.0,-128810.0,38942.0,44307.0,0.07762875664814091
19_0604,1990,1,crack_sealing,"Crack Sealing, Saw and Seal",19_0604_19901022_3_1,372834.0,540586.0,545951.0,559743.0,167752.0,173117.0,186909.0,0.4643272877473621
19_0604,1997,1,reconstruction_or_major_rehab,Longitudinal Subdrains,19_0604_19970715_4_1,629554.0,632520.0,653181.0,674405.0,2966.0,23627.0,44851.0,0.037529743278574994
19_0604,1999,1,patching,"Full Depth Patch of AC Pavement (removing damaged material, repairing supporting material, and repairing)",19_0604_19990630_5_1,653181.0,674405.0,431957.0,652865.0,21224.0,-221224.0,-316.0,-0.338687132663075
19_0604,2006,1,patching,Skin Patching (hand tools/hot pot to apply liquid asphalt and aggregate),19_0604_20060601_6_1,733522.0,794564.8333333334,884209.0,366392.0,61042.83333333337,150687.0,-367130.0,0.2054294213397826
19_0605,1987,1,unknown,Missing / not recorded,19_0605_19870101_1_1,480722.0,471168.0,501644.0,274547.75,-9554.0,20922.0,-206174.25,0.04352203560477781
19_0605,1989,3,crack_sealing,"Grinding Surface, Transverse Joint Sealing, Full Depth Transverse Joint Repair Patch, PCC Slab Replacement | Longitudinal Subdrains, Joint Load Transfer Restoration in PCC Pavements, Partial depth patching of PCC pavements at joints | Transverse Joint Sealing",19_0605_19890717_2_1 | 19_0605_19890817_3_1 | 19_0605_19891006_4_1,501644.0,274547.75,485293.1666666667,545951.0,-227096.25,-16350.833333333314,44307.0,-0.0325944959639372
19_0605,1990,2,crack_sealing,"Crack Sealing, Partial Depth Patching of PCC Pavement Other Than at Joint | Partial Depth Patching of PCC Pavement Other Than at Joint",19_0605_19900111_5_1 | 19_0605_19900803_6_1,274547.75,485293.1666666667,545951.0,534126.25,210745.4166666667,271403.25,259578.5,0.9885466189396926
19_0605,1992,2,crack_sealing,Crack Sealing | Full Depth Transverse Joint Repair Patch,19_0605_19920130_7_1 | 19_0605_19920415_8_1,545951.0,534126.25,548352.3333333334,534957.0,-11824.75,2401.333333333372,-10994.0,0.004398441129942746
19_0605,1993,1,patching,"Grinding Surface, Full Depth Transverse Joint Repair Patch",19_0605_19930828_9_1,534126.25,548352.3333333334,534957.0,572445.0,14226.083333333372,830.75,38318.75,0.0015553438910744417
19_0605,1997,2,asphalt_overlay,"AC Shoulder Restoration, Asphalt Concrete Overlay | Full Depth Transverse Joint Repair Patch, Partial Depth Patching of PCC Pavement Other Than at Joint",19_0605_19970425_10_1 | 19_0605_19970713_11_1,629554.0,394375.9090909091,653181.0,748200.0,-235178.09090909088,23627.0,118646.0,0.037529743278574994
19_0605,2007,1,crack_sealing,Crack Sealing,19_0605_20071001_12_1,853407.0,553539.0,876467.0,824565.0,-299868.0,23060.0,-28842.0,0.027021104818685575
19_0605,2011,1,crack_sealing,"Crack Sealing, AC Shoulder Restoration",19_0605_20110901_13_1,840420.0,666021.3333333334,873689.0,886432.0,-174398.66666666663,33269.0,46012.0,0.03958615930130173
19_0605,2014,1,patching,Machine Premix Patch (placing premix with paver roller),19_0605_20140601_14_1,886432.0,808536.25,917389.0,934943.0,-77895.75,30957.0,48511.0,0.03492315259376918
19_0605,2017,1,asphalt_overlay,Asphalt Concrete Overlay,19_0605_20170601_15_1,934943.0,837369.0,402179.0,408661.0,-97574.0,-532764.0,-526282.0,-0.5698358081722629
19_0606,1987,1,unknown,Missing / not recorded,19_0606_19870101_1_1,480722.0,471168.0,501644.0,384439.5,-9554.0,20922.0,-96282.5,0.04352203560477781
19_0606,1989,1,asphalt_overlay,"Asphalt Concrete Overlay, Longitudinal Subdrains, Joint Load Transfer Restoration in PCC Pavements, Partial depth patching of PCC pavements at joints, PCC Slab Replacement",19_0606_19890720_2_1,501644.0,384439.5,395442.3333333333,545951.0,-117204.5,-106201.66666666669,44307.0,-0.21170723992844864
19_0606,1990,1,crack_sealing,Crack Sealing,19_0606_19901022_3_1,384439.5,395442.3333333333,545951.0,559743.0,11002.833333333314,161511.5,175303.5,0.4201220218005694
19_0606,1999,1,patching,"Full Depth Patch of AC Pavement (removing damaged material, repairing supporting material, and repairing)",19_0606_19990630_4_1,653181.0,655956.25,431957.0,652865.0,2775.25,-221224.0,-316.0,-0.338687132663075
19_0606,2003,1,patching,"Full Depth Patch of AC Pavement (removing damaged material, repairing supporting material, and repairing)",19_0606_20030701_5_1,683502.0,676101.0,664883.0,733522.0,-7401.0,-18619.0,50020.0,-0.027240593297459263
19_0606,2006,1,patching,Skin Patching (hand tools/hot pot to apply liquid asphalt and aggregate),19_0606_20060601_6_1,733522.0,794564.8333333334,884209.0,366392.0,61042.83333333337,150687.0,-367130.0,0.2054294213397826
19_0607,1987,1,unknown,Missing / not recorded,19_0607_19870101_1_1,480722.0,471168.0,501644.0,323509.6666666667,-9554.0,20922.0,-157212.3333333333,0.04352203560477781
19_0607,1989,2,asphalt_overlay,"Asphalt Concrete Overlay | Longitudinal Subdrains, Fracture Treatment of PCC Pavement as Base for New AC Surface",19_0607_19890720_2_1 | 19_0607_19890815_3_1,501644.0,323509.6666666667,433209.25,545951.0,-178134.3333333333,-68434.75,44307.0,-0.13642094792322843
19_0607,1990,1,crack_sealing,Crack Sealing,19_0607_19901018_4_1,323509.6666666667,433209.25,545951.0,559743.0,109699.58333333331,222441.3333333333,236233.3333333333,0.687587903092025
19_0607,1999,1,patching,"Full Depth Patch of AC Pavement (removing damaged material, repairing supporting material, and repairing)",19_0607_19990629_5_1,653181.0,674814.8,431957.0,652865.0,21633.800000000047,-221224.0,-316.0,-0.338687132663075
19_0607,2006,1,patching,Skin Patching (hand tools/hot pot to apply liquid asphalt and aggregate),19_0607_20060601_6_1,733522.0,794564.8333333334,884209.0,366392.0,61042.83333333337,150687.0,-367130.0,0.2054294213397826
19_0608,1987,1,unknown,Missing / not recorded,19_0608_19870101_1_1,480722.0,471168.0,501644.0,323026.0,-9554.0,20922.0,-157696.0,0.04352203560477781
19_0608,1989,2,asphalt_overlay,"Asphalt Concrete Overlay | Longitudinal Subdrains, Fracture Treatment of PCC Pavement as Base for New AC Surface",19_0608_19890720_2_1 | 19_0608_19890816_3_1,501644.0,323026.0,433209.25,545951.0,-178618.0,-68434.75,44307.0,-0.13642094792322843
19_0608,1990,1,crack_sealing,Crack Sealing,19_0608_19901018_4_1,323026.0,433209.25,545951.0,559743.0,110183.25,222925.0,236717.0,0.6901147276070657
19_0608,2006,1,patching,Skin Patching (hand tools/hot pot to apply liquid asphalt and aggregate),19_0608_20060601_5_1,733522.0,782796.4,884209.0,366392.0,49274.40000000002,150687.0,-367130.0,0.2054294213397826
19_0659,1987,1,unknown,Missing / not recorded,19_0659_19870101_1_1,480722.0,471168.0,501644.0,384439.5,-9554.0,20922.0,-96282.5,0.04352203560477781
19_0659,1989,1,asphalt_overlay,"Asphalt Concrete Overlay, Longitudinal Subdrains",19_0659_19890720_2_1,501644.0,384439.5,397417.0,545951.0,-117204.5,-104227.0,44307.0,-0.2077708494470182
19_0659,1990,1,crack_sealing,Crack Sealing,19_0659_19901018_3_1,384439.5,397417.0,545951.0,519597.5,12977.5,161511.5,135158.0,0.4201220218005694
19_0659,1992,1,crack_sealing,Crack Sealing,19_0659_19920415_4_1,545951.0,519597.5,591378.0,534957.0,-26353.5,45427.0,-10994.0,0.08320710100356991
19_0659,1999,1,patching,"Full Depth Patch of AC Pavement (removing damaged material, repairing supporting material, and repairing)",19_0659_19990706_5_1,653181.0,671945.0,431957.0,652865.0,18764.0,-221224.0,-316.0,-0.338687132663075
19_0659,2006,1,patching,Skin Patching (hand tools/hot pot to apply liquid asphalt and aggregate),19_0659_20060601_6_1,733522.0,794564.8333333334,884209.0,366392.0,61042.83333333337,150687.0,-367130.0,0.2054294213397826
19_0701,1992,1,unknown,Missing / not recorded,19_0701_19920101_1_1,472178.0,492368.0,533906.0,477620.0,20190.0,61728.0,5442.0,0.13073036016078682
19_0701,1996,1,patching,"Partial depth patching of PCC pavements at joints, Partial Depth Patching of PCC Pavement Other Than at Joint",19_0701_19960601_2_1,570543.0,443841.5,624940.0,637462.0,-126701.5,54397.0,66919.0,0.0953425070503012
19_0702,1992,3,crack_sealing,"AC Shoulder Restoration, Grinding Surface, Portland Cement Concrete Overlay, Lane-Shoulder Longitudinal Joint Sealing | Full Depth Transverse Joint Repair Patch, Partial depth patching of PCC pavements at joints | Missing / not recorded",19_0702_19920101_1_1 | 19_0702_19920403_2_1 | 19_0702_19920714_3_1,472178.0,363222.3333333333,533906.0,477620.0,-108955.66666666669,61728.0,5442.0,0.13073036016078682
19_0702,2008,1,crack_sealing,"Lane-Shoulder Longitudinal Joint Sealing, Partial depth patching of PCC pavements at joints",19_0702_20080601_4_1,687309.0,624426.75,274987.0,,-62882.25,-412322.0,,-0.5999077561911745
19_0703,1992,3,crack_sealing,"AC Shoulder Restoration, Grinding Surface, Portland Cement Concrete Overlay, Lane-Shoulder Longitudinal Joint Sealing | Full Depth Transverse Joint Repair Patch, Partial depth patching of PCC pavements at joints | Missing / not recorded",19_0703_19920101_1_1 | 19_0703_19920404_2_1 | 19_0703_19920710_3_1,472178.0,364567.6666666667,533906.0,477620.0,-107610.33333333331,61728.0,5442.0,0.13073036016078682
19_0703,2008,1,crack_sealing,"Lane-Shoulder Longitudinal Joint Sealing, Partial depth patching of PCC pavements at joints",19_0703_20080601_4_1,687309.0,624426.75,274987.0,,-62882.25,-412322.0,,-0.5999077561911745
19_0704,1992,3,crack_sealing,"AC Shoulder Restoration, Portland Cement Concrete Overlay, Lane-Shoulder Longitudinal Joint Sealing | Full Depth Transverse Joint Repair Patch, Partial depth patching of PCC pavements at joints | Missing / not recorded",19_0704_19920101_1_1 | 19_0704_19920406_2_1 | 19_0704_19920710_3_1,472178.0,363670.6666666667,533906.0,477620.0,-108507.33333333331,61728.0,5442.0,0.13073036016078682
19_0704,2008,1,crack_sealing,"Lane-Shoulder Longitudinal Joint Sealing, Partial depth patching of PCC pavements at joints",19_0704_20080601_4_1,687309.0,624426.75,274987.0,,-62882.25,-412322.0,,-0.5999077561911745
19_0705,1992,3,crack_sealing,"AC Shoulder Restoration, Portland Cement Concrete Overlay, Lane-Shoulder Longitudinal Joint Sealing | Full Depth Transverse Joint Repair Patch, Partial depth patching of PCC pavements at joints | Missing / not recorded",19_0705_19920101_1_1 | 19_0705_19920406_2_1 | 19_0705_19920710_3_1,472178.0,363670.6666666667,533906.0,477620.0,-108507.33333333331,61728.0,5442.0,0.13073036016078682
19_0705,2008,1,crack_sealing,"Lane-Shoulder Longitudinal Joint Sealing, Partial depth patching of PCC pavements at joints",19_0705_20080601_4_1,687309.0,624426.75,274987.0,,-62882.25,-412322.0,,-0.5999077561911745
19_0706,1992,3,crack_sealing,"AC Shoulder Restoration, Portland Cement Concrete Overlay, Lane-Shoulder Longitudinal Joint Sealing | Missing / not recorded | Partial depth patching of PCC pavements at joints",19_0706_19920101_1_1 | 19_0706_19920406_2_1 | 19_0706_19920710_3_1,472178.0,363670.6666666667,533906.0,477620.0,-108507.33333333331,61728.0,5442.0,0.13073036016078682
19_0706,2008,1,crack_sealing,"Lane-Shoulder Longitudinal Joint Sealing, Partial depth patching of PCC pavements at joints",19_0706_20080601_4_1,687309.0,624426.75,274987.0,,-62882.25,-412322.0,,-0.5999077561911745
19_0707,1992,3,crack_sealing,"AC Shoulder Restoration, Portland Cement Concrete Overlay, Lane-Shoulder Longitudinal Joint Sealing | Full Depth Patching of PCC Pavement Other Than at Joint | Missing / not recorded",19_0707_19920101_1_1 | 19_0707_19920407_2_1 | 19_0707_19920710_3_1,472178.0,363222.3333333333,533906.0,477620.0,-108955.66666666669,61728.0,5442.0,0.13073036016078682
19_0707,2008,1,crack_sealing,"Lane-Shoulder Longitudinal Joint Sealing, Partial depth patching of PCC pavements at joints",19_0707_20080601_4_1,687309.0,624426.75,274987.0,,-62882.25,-412322.0,,-0.5999077561911745
19_0708,1992,2,crack_sealing,"AC Shoulder Restoration, Grinding Surface, Portland Cement Concrete Overlay, Lane-Shoulder Longitudinal Joint Sealing | Missing / not recorded",19_0708_19920101_1_1 | 19_0708_19920710_2_1,472178.0,363895.0,533906.0,477620.0,-108283.0,61728.0,5442.0,0.13073036016078682
19_0708,2008,1,crack_sealing,"Lane-Shoulder Longitudinal Joint Sealing, Partial depth patching of PCC pavements at joints",19_0708_20080601_3_1,687309.0,600312.6666666666,274987.0,,-86996.33333333337,-412322.0,,-0.5999077561911745
19_0709,1992,3,crack_sealing,"AC Shoulder Restoration, Grinding Surface, Portland Cement Concrete Overlay, Lane-Shoulder Longitudinal Joint Sealing | Missing / not recorded | Partial depth patching of PCC pavements at joints",19_0709_19920101_1_1 | 19_0709_19920406_2_1 | 19_0709_19920710_3_1,472178.0,363670.6666666667,533906.0,477620.0,-108507.33333333331,61728.0,5442.0,0.13073036016078682
19_0709,2008,1,crack_sealing,"Lane-Shoulder Longitudinal Joint Sealing, Partial depth patching of PCC pavements at joints",19_0709_20080601_4_1,687309.0,624426.75,274987.0,,-62882.25,-412322.0,,-0.5999077561911745
19_0759,1992,1,unknown,Missing / not recorded,19_0759_19920101_1_1,472178.0,492368.0,375197.0,477620.0,20190.0,-96981.0,5442.0,-0.2053907636526903
19_0759,1993,1,asphalt_overlay,"AC Shoulder Restoration, Portland Cement Concrete Overlay",19_0759_19930806_2_1,492368.0,375197.0,477620.0,570543.0,-117171.0,-14748.0,78175.0,-0.029953205732297792
19_0759,2008,1,crack_sealing,"Lane-Shoulder Longitudinal Joint Sealing, Partial depth patching of PCC pavements at joints",19_0759_20080601_3_1,687309.0,600312.6666666666,274987.0,,-86996.33333333337,-412322.0,,-0.5999077561911745
19_1044,1987,1,unknown,Missing / not recorded,19_1044_19870101_1_1,92780.0,97987.0,93034.0,87619.0,5207.0,254.0,-5161.0,0.0027376589782280663
19_1044,1992,1,crack_sealing,"Crack Sealing, Patch Pot Holes - Hand Spread, Compacted with Truck",19_1044_19920221_2_1,89475.0,91397.5,93675.0,99232.0,1922.5,4200.0,9757.0,0.04694048616932104
19_1044,1995,2,crack_sealing,"Crack Sealing, Full Depth Patch of AC Pavement (removing damaged material, repairing supporting material, and repairing) | Fog Seal Coat",19_1044_19950808_3_1 | 19_1044_19951003_4_1,99232.0,74656.5,103806.0,140434.0,-24575.5,4574.0,41202.0,0.04609400193485972
19_1044,2002,1,asphalt_overlay,"AC Shoulder Restoration, Asphalt Concrete Overlay",19_1044_20020901_5_1,142897.0,91316.6,160124.0,178685.0,-51580.399999999994,17227.0,35788.0,0.12055536505315018
19_1044,2007,1,crack_sealing,Crack Sealing,19_1044_20070101_6_1,161441.0,119134.0,123377.5,126723.0,-42307.0,-38063.5,-34718.0,-0.2357734404519298
19_1044,2012,1,crack_sealing,Crack Sealing,19_1044_20120101_7_1,134909.5,120884.33333333333,124222.0,128206.33333333333,-14025.166666666672,-10687.5,-6703.1666666666715,-0.07921977325540455
19_3006,1987,1,unknown,Missing / not recorded,19_3006_19870101_1_1,113506.0,118068.0,122899.0,140627.0,4562.0,9393.0,27121.0,0.08275333462548236
19_3006,1995,1,patching,Partial depth patching of PCC pavements at joints,19_3006_19950601_2_1,127934.0,120349.5,163024.0,159418.0,-7584.5,35090.0,31484.0,0.274282051682899
19_3006,1999,1,patching,"Partial depth patching of PCC pavements at joints, Partial Depth Patching of PCC Pavement Other Than at Joint",19_3006_19990701_3_1,164402.0,142021.33333333334,94941.5,203909.0,-22380.666666666657,-69460.5,39507.0,-0.422503984136446
19_3006,2000,1,asphalt_overlay,Asphalt Concrete Overlay,19_3006_20000901_4_1,142021.33333333334,94941.5,203909.0,212506.0,-47079.83333333334,61887.66666666666,70484.66666666666,0.4357631717300686
19_3009,1987,1,unknown,Missing / not recorded,19_3009_19870101_1_1,165529.0,174420.0,174565.0,179130.0,8891.0,9036.0,13601.0,0.054588621933316823
19_3009,2009,1,crack_sealing,"Transverse Joint Sealing, Lane-Shoulder Longitudinal Joint Sealing, PCC Slab Replacement",19_3009_20090601_2_1,293036.0,240405.0,301708.0,277637.0,-52631.0,8672.0,-15399.0,0.02959363354673146
19_3009,2012,1,patching,Full Depth Transverse Joint Repair Patch,19_3009_20120601_3_1,277637.0,239370.66666666666,287749.75,307038.4,-38266.33333333334,10112.75,29401.400000000023,0.036424359865579875
19_3009,2013,1,patching,"Patch Pot Holes - Hand Spread, Compacted with Truck",19_3009_20130601_4_1,239370.66666666666,287749.75,307038.4,165378.0,48379.08333333334,67667.73333333337,-73992.66666666666,0.2826901653224011
19_3009,2014,1,asphalt_overlay,"AC Shoulder Restoration, Asphalt Concrete Overlay",19_3009_20140623_5_1,287749.75,307038.4,165378.0,173078.0,19288.650000000023,-122371.75,-114671.75,-0.4252714381159323
19_3028,1987,1,unknown,Missing / not recorded,19_3028_19870101_1_1,145037.0,152106.0,223494.0,237103.0,7069.0,78457.0,92066.0,0.5409447244496232
19_3028,1999,1,shoulder_restoration,AC Shoulder Restoration,19_3028_19990901_2_1,305276.0,245932.5,347708.0,363713.0,-59343.5,42432.0,58437.0,0.13899553191210576
19_3028,2006,1,patching,Full Depth Transverse Joint Repair Patch,19_3028_20060601_3_1,425715.0,373744.0,403657.0,299938.25,-51971.0,-22058.0,-125776.75,-0.051814007023478145
19_3028,2008,1,patching,"Full Depth Transverse Joint Repair Patch, Partial depth patching of PCC pavements at joints",19_3028_20080701_4_1,403657.0,299938.25,335194.0,,-103718.75,-68463.0,,-0.16960686919835405
19_3033,1987,1,unknown,Missing / not recorded,19_3033_19870101_1_1,101592.0,106260.0,114143.0,117702.0,4668.0,12551.0,16110.0,0.12354319237735255
19_3033,2003,1,shoulder_restoration,AC Shoulder Restoration,19_3033_20030601_2_1,315238.0,251531.0,354796.0,378441.0,-63707.0,39558.0,63203.0,0.12548614063025396
19_3033,2013,1,patching,Skin Patching (hand tools/hot pot to apply liquid asphalt and aggregate),19_3033_20130601_3_1,384288.0,424918.3333333333,436538.3333333333,448502.6666666667,40630.333333333314,52250.333333333314,64214.666666666686,0.13596660143781047
19_3055,1987,1,unknown,Missing / not recorded,19_3055_19870101_1_1,114647.0,84894.0,88681.0,93924.0,-29753.0,-25966.0,-20723.0,-0.2264865194902614
19_3055,2003,1,asphalt_overlay,Asphalt Concrete Overlay,19_3055_20030701_2_1,194767.0,75666.5,263979.0,285055.0,-119100.5,69212.0,90288.0,0.3553579405135367
19_5042,1987,1,unknown,Missing / not recorded,19_5042_19870101_1_1,355021.0,350059.0,275287.0,410167.0,-4962.0,-79734.0,55146.0,-0.22458953132349918
19_5042,1988,1,reconstruction_or_major_rehab,Longitudinal Subdrains,19_5042_19880801_2_1,350059.0,275287.0,410167.0,392154.0,-74772.0,60108.0,42095.0,0.17170819776094887
19_5042,2003,1,patching,Partial Depth Patching of PCC Pavement Other Than at Joint,19_5042_20030801_3_1,561653.0,445635.0,585113.0,543454.0,-116018.0,23460.0,-18199.0,0.04176956234543393
19_5046,1987,1,unknown,Missing / not recorded,19_5046_19870101_1_1,355021.0,350059.0,275287.0,410167.0,-4962.0,-79734.0,55146.0,-0.22458953132349918
19_5046,1988,1,reconstruction_or_major_rehab,Longitudinal Subdrains,19_5046_19880801_2_1,350059.0,275287.0,410167.0,392154.0,-74772.0,60108.0,42095.0,0.17170819776094887
19_5046,1993,1,patching,Partial depth patching of PCC pavements at joints,19_5046_19930601_3_1,369767.0,172454.66666666666,457563.0,320298.5,-197312.33333333334,87796.0,-49468.5,0.23743600699900208
19_5046,1995,1,patching,Full Depth Patching of PCC Pavement Other Than at Joint,19_5046_19950901_4_1,457563.0,320298.5,475333.0,489453.0,-137264.5,17770.0,31890.0,0.03883618212136908
19_5046,2000,1,patching,Partial Depth Patching of PCC Pavement Other Than at Joint,19_5046_20000901_5_1,524860.0,480380.4,553213.0,561653.0,-44479.59999999998,28353.0,36793.0,0.05402011965095454
19_5046,2003,1,patching,Partial Depth Patching of PCC Pavement Other Than at Joint,19_5046_20030901_6_1,561653.0,491309.0,585113.0,543454.0,-70344.0,23460.0,-18199.0,0.04176956234543393
19_6049,1987,1,unknown,Missing / not recorded,19_6049_19870101_1_1,814617.0,855503.0,993934.0,1307662.0,40886.0,179317.0,493045.0,0.22012430381393955
19_6049,1992,1,crack_sealing,Crack Sealing,19_6049_19920713_2_1,1426261.0,835452.0,605512.0,1127807.0,-590809.0,-820749.0,-298454.0,-0.5754549833445631
19_6049,1997,1,patching,"Machine Premix Patch (placing premix with paver roller), Strip Patching (using spreader and distributor to apply hot liquid asphalt and aggregate)",19_6049_19970601_3_1,1421517.0,941387.0,1169908.0,1394962.25,-480130.0,-251609.0,-26554.75,-0.17700034540564763
19_6049,1999,1,crack_sealing,"Crack Sealing, Patch Pot Holes - Hand Spread, Compacted with Truck",19_6049_19990513_4_1,1169908.0,1394962.25,1535111.0,1501300.0,225054.25,365203.0,331392.0,0.3121638624575608
19_6150,1987,1,unknown,Missing / not recorded,19_6150_19870101_1_1,20067.0,21101.0,21353.0,22186.0,1034.0,1286.0,2119.0,0.06408531419743858
19_6150,1998,1,asphalt_overlay,Asphalt Concrete Overlay,19_6150_19980901_2_1,40933.0,20319.5,37121.0,41714.0,-20613.5,-3812.0,781.0,-0.0931277942002785
19_9116,1987,1,unknown,Missing / not recorded,19_9116_19870101_1_1,457314.0,502753.0,596142.0,316413.5,45439.0,138828.0,-140900.5,0.30357260000787206
19_9116,1989,1,asphalt_overlay,Asphalt Concrete Overlay,19_9116_19890915_2_1,596142.0,316413.5,696887.0,343904.0,-279728.5,100745.0,-252238.0,0.16899497099684305
19_9116,1995,1,crack_sealing,Crack Sealing,19_9116_19950823_3_1,525926.0,336440.0,592796.0,651611.0,-189486.0,66870.0,125685.0,0.12714716519054012
19_9116,2000,1,seal_coat,Aggregate Seal Coat,19_9116_20000705_4_1,782069.0,699788.0,933344.0,1127749.0,-82281.0,151275.0,345680.0,0.1934292242756074
19_9126,1987,1,unknown,Missing / not recorded,19_9126_19870101_1_1,497664.0,525802.0,592073.0,313823.0,28138.0,94409.0,-183841.0,0.18970429848251028
19_9126,1989,1,asphalt_overlay,Asphalt Concrete Overlay,19_9126_19890616_2_1,592073.0,313823.0,468339.5,747708.0,-278250.0,-123733.5,155635.0,-0.20898352061316763
19_9126,1990,1,crack_sealing,Crack Sealing,19_9126_19900926_3_1,313823.0,468339.5,747708.0,792310.0,154516.5,433885.0,478487.0,1.3825787147532207
19_9126,1998,1,patching,"Full Depth Patch of AC Pavement (removing damaged material, repairing supporting material, and repairing)",19_9126_19980701_4_1,998874.0,867467.0,1429814.0,1455807.0,-131407.0,430940.0,456933.0,0.43142578543439913
19_9126,2003,1,patching,"Full Depth Patch of AC Pavement (removing damaged material, repairing supporting material, and repairing)",19_9126_20030701_5_1,1448472.0,1331032.5,1409143.0,,-117439.5,-39329.0,,-0.02715206093041495
19_A310,1987,1,unknown,Missing / not recorded,19_A310_19870101_1_1,20067.0,21101.0,21353.0,22186.0,1034.0,1286.0,2119.0,0.06408531419743858
19_A310,1990,1,asphalt_overlay,Asphalt Concrete Overlay,19_A310_19900724_2_1,22186.0,15986.0,22186.0,18203.0,-6200.0,0.0,-3983.0,0.0
19_A320,1987,1,unknown,Missing / not recorded,19_A320_19870101_1_1,20067.0,21101.0,21353.0,22186.0,1034.0,1286.0,2119.0,0.06408531419743858
19_A320,1990,1,seal_coat,Slurry Seal Coat,19_A320_19900823_2_1,22186.0,15074.0,22186.0,18203.0,-7112.0,0.0,-3983.0,0.0
19_A330,1987,1,unknown,Missing / not recorded,19_A330_19870101_1_1,20067.0,21101.0,21353.0,22186.0,1034.0,1286.0,2119.0,0.06408531419743858
19_A330,1990,1,crack_sealing,Crack Sealing,19_A330_19900710_2_1,22186.0,16411.5,22186.0,18203.0,-5774.5,0.0,-3983.0,0.0
19_A340,1987,1,unknown,Missing / not recorded,19_A340_19870101_1_1,20067.0,21101.0,21353.0,22186.0,1034.0,1286.0,2119.0,0.06408531419743858
19_A350,1987,1,unknown,Missing / not recorded,19_A350_19870101_1_1,20067.0,21101.0,21353.0,22186.0,1034.0,1286.0,2119.0,0.06408531419743858
19_A350,1990,1,seal_coat,Aggregate Seal Coat,19_A350_19900711_2_1,22186.0,16381.0,22186.0,18203.0,-5805.0,0.0,-3983.0,0.0
19_A410,1991,2,crack_sealing,Missing / not recorded | Transverse Joint Sealing,19_A410_19910101_1_1 | 19_A410_19910515_2_1,116980.0,95507.0,127518.0,170588.0,-21473.0,10538.0,53608.0,0.09008377500427424
19_A430,1991,1,unknown,Missing / not recorded,19_A430_19910101_1_1,116980.0,116980.0,127518.0,170588.0,0.0,10538.0,53608.0,0.09008377500427424
19_B410,1991,2,crack_sealing,Missing / not recorded | Transverse Joint Sealing,19_B410_19910101_1_1 | 19_B410_19910516_2_1,180218.0,151342.0,124841.0,108892.0,-28876.0,-55377.0,-71326.0,-0.3072778523787857
19_B430,1991,1,unknown,Missing / not recorded,19_B430_19910101_1_1,180218.0,185680.0,124841.0,108892.0,5462.0,-55377.0,-71326.0,-0.3072778523787857
20_0103,2001,1,asphalt_overlay,Mill Off AC and Overlay with AC,20_0103_20011001_2_1,361639.0,162482.0,410439.0,453469.0,-199157.0,48800.0,91830.0,0.13494119826677986
20_0104,1998,1,crack_sealing,Crack Sealing,20_0104_19980901_2_1,241096.0,203758.5,327459.0,361639.0,-37337.5,86363.0,120543.0,0.3582100076318147
20_0104,2001,1,asphalt_overlay,Mill Off AC and Overlay with AC,20_0104_20011001_3_1,361639.0,189414.33333333334,410439.0,453469.0,-172224.66666666666,48800.0,91830.0,0.13494119826677986
20_0105,1998,1,crack_sealing,Crack Sealing,20_0105_19980901_2_1,241096.0,203758.5,282302.6666666667,361639.0,-37337.5,41206.666666666686,120543.0,0.17091393746336184
20_0105,1999,1,patching,"Full Depth Patch of AC Pavement (removing damaged material, repairing supporting material, and repairing)",20_0105_19990601_3_1,203758.5,282302.6666666667,361639.0,202880.5,78544.16666666669,157880.5,-878.0,0.7748412949643818
20_0105,2001,1,asphalt_overlay,Mill Off AC and Overlay with AC,20_0105_20011001_4_1,361639.0,202880.5,410439.0,359669.0,-158758.5,48800.0,-1970.0,0.13494119826677986
20_0105,2003,1,patching,Manual Premix Spot Patch (hand spreading and compacting with roller),20_0105_20030601_5_1,410439.0,359669.0,432588.3333333333,552218.0,-50770.0,22149.333333333314,141779.0,0.05396498221010507
20_0105,2004,1,seal_coat,Aggregate Seal Coat,20_0105_20040601_6_1,359669.0,432588.3333333333,552218.0,,72919.33333333331,192549.0,,0.5353505584301121
20_0106,1998,1,crack_sealing,"Crack Sealing, Strip Patching (using spreader and distributor to apply hot liquid asphalt and aggregate)",20_0106_19980605_2_1,241096.0,240577.5,327459.0,361639.0,-518.5,86363.0,120543.0,0.3582100076318147
20_0106,2001,1,asphalt_overlay,Mill Off AC and Overlay with AC,20_0106_20011001_3_1,361639.0,189414.33333333334,410439.0,453469.0,-172224.66666666666,48800.0,91830.0,0.13494119826677986
20_0108,1996,1,patching,Mechanical Premix Patch (using motor grader and roller),20_0108_19960725_2_1,206185.0,149279.0,241096.0,305429.0,-56906.0,34911.0,99244.0,0.16931881562674297
20_0108,2001,1,asphalt_overlay,Mill Off AC and Overlay with AC,20_0108_20011001_3_1,361639.0,189414.33333333334,410439.0,453469.0,-172224.66666666666,48800.0,91830.0,0.13494119826677986
20_0109,1998,1,unknown,Missing / not recorded,20_0109_19980901_2_1,241096.0,203758.5,327459.0,361639.0,-37337.5,86363.0,120543.0,0.3582100076318147
20_0109,2001,1,asphalt_overlay,Mill Off AC and Overlay with AC,20_0109_20011001_3_1,361639.0,189414.33333333334,410439.0,453469.0,-172224.66666666666,48800.0,91830.0,0.13494119826677986
20_0110,1998,1,crack_sealing,Crack Sealing,20_0110_19980901_2_1,241096.0,203758.5,327459.0,361639.0,-37337.5,86363.0,120543.0,0.3582100076318147
20_0110,2001,1,asphalt_overlay,Mill Off AC and Overlay with AC,20_0110_20011001_3_1,361639.0,189414.33333333334,410439.0,453469.0,-172224.66666666666,48800.0,91830.0,0.13494119826677986
20_0111,1998,1,crack_sealing,Crack Sealing,20_0111_19980901_2_1,241096.0,203758.5,327459.0,361639.0,-37337.5,86363.0,120543.0,0.3582100076318147
20_0111,2001,1,asphalt_overlay,Mill Off AC and Overlay with AC,20_0111_20011001_3_1,361639.0,189414.33333333334,410439.0,453469.0,-172224.66666666666,48800.0,91830.0,0.13494119826677986
20_0112,1998,1,crack_sealing,Crack Sealing,20_0112_19980901_2_1,241096.0,203758.5,327459.0,361639.0,-37337.5,86363.0,120543.0,0.3582100076318147
20_0112,2001,1,asphalt_overlay,Mill Off AC and Overlay with AC,20_0112_20011001_3_1,361639.0,189414.33333333334,410439.0,453469.0,-172224.66666666666,48800.0,91830.0,0.13494119826677986
20_0159,2001,1,asphalt_overlay,Mill Off AC and Overlay with AC,20_0159_20011001_2_1,361639.0,162482.0,410439.0,453469.0,-199157.0,48800.0,91830.0,0.13494119826677986
20_0160,1996,1,patching,Manual Premix Spot Patch (hand spreading and compacting with roller),20_0160_19960901_2_1,206185.0,138494.5,136071.0,,-67690.5,-70114.0,,-0.34005383514804666
20_0201,1995,1,patching,"Partial depth patching of PCC pavements at joints, PCC Slab Replacement",20_0201_19951204_2_1,389522.0,235748.0,455616.0,510807.0,-153774.0,66094.0,121285.0,0.1696797613485246
20_0201,2002,1,reconstruction_or_major_rehab,PCC Slab Replacement,20_0201_20020601_3_1,521261.0,460685.0,548280.0,471803.25,-60576.0,27019.0,-49457.75,0.05183391813314251
20_0201,2004,1,reconstruction_or_major_rehab,PCC Slab Replacement,20_0201_20040826_4_1,548280.0,471803.25,550538.4,598323.0,-76476.75,2258.4000000000233,50043.0,0.004119063252352855
20_0201,2005,1,crack_sealing,"Transverse Joint Sealing, Lane-Shoulder Longitudinal Joint Sealing",20_0201_20050322_5_1,471803.25,550538.4,598323.0,614942.0,78735.15000000002,126519.75,143138.75,0.26816209934967594
20_0201,2011,1,patching,"Full Depth Transverse Joint Repair Patch, Full Depth Patching of PCC Pavement Other Than at Joint",20_0201_20110601_6_1,577669.0,551197.5,573593.0,562834.0,-26471.5,-4076.0,-14835.0,-0.007055943801727286
20_0201,2015,1,grinding,Grinding Surface,20_0201_20150601_7_1,583512.0,596957.4285714285,672247.4285714285,681785.7142857143,13445.428571428522,88735.42857142852,98273.71428571432,0.1520713002841904
20_0202,2005,1,crack_sealing,"Transverse Joint Sealing, Lane-Shoulder Longitudinal Joint Sealing",20_0202_20050322_2_1,563393.0,512679.0,598323.0,614942.0,-50714.0,34930.0,51549.0,0.061999350364665515
20_0202,2011,1,patching,"Full Depth Transverse Joint Repair Patch, Full Depth Patching of PCC Pavement Other Than at Joint",20_0202_20110601_3_1,577669.0,510378.0,573593.0,562834.0,-67291.0,-4076.0,-14835.0,-0.007055943801727286
20_0202,2020,1,patching,"Partial depth patching of PCC pavements at joints, Partial Depth Patching of PCC Pavement Other Than at Joint",20_0202_20200601_4_1,128659.33333333333,492969.0,364668.0,300166.0,364309.6666666667,236008.6666666667,171506.6666666667,1.8343687982216605
20_0203,2005,1,crack_sealing,"Transverse Joint Sealing, Lane-Shoulder Longitudinal Joint Sealing",20_0203_20050322_2_1,563393.0,512679.0,598323.0,614942.0,-50714.0,34930.0,51549.0,0.061999350364665515
20_0204,1995,1,patching,Partial depth patching of PCC pavements at joints,20_0204_19950601_2_1,389522.0,347323.0,455616.0,468823.0,-42199.0,66094.0,79301.0,0.1696797613485246
20_0204,1997,1,patching,Partial depth patching of PCC pavements at joints,20_0204_19970401_3_1,455616.0,468823.0,497509.0,452500.0,13207.0,41893.0,-3116.0,0.09194804396684927
20_0204,2005,1,crack_sealing,"Transverse Joint Sealing, Lane-Shoulder Longitudinal Joint Sealing",20_0204_20050322_4_1,563393.0,544228.5,598323.0,614942.0,-19164.5,34930.0,51549.0,0.061999350364665515
20_0204,2011,1,patching,Full Depth Transverse Joint Repair Patch,20_0204_20110601_5_1,577669.0,543033.6,573593.0,562834.0,-34635.40000000002,-4076.0,-14835.0,-0.007055943801727286
20_0205,2005,1,crack_sealing,"Transverse Joint Sealing, Lane-Shoulder Longitudinal Joint Sealing",20_0205_20050322_2_1,563393.0,512679.0,598323.0,614942.0,-50714.0,34930.0,51549.0,0.061999350364665515
20_0205,2008,1,patching,Partial depth patching of PCC pavements at joints,20_0205_20080601_3_1,614942.0,510367.6666666667,557334.0,517923.75,-104574.33333333331,-57608.0,-97018.25,-0.09368037961303667
20_0205,2010,1,patching,Partial depth patching of PCC pavements at joints,20_0205_20100601_4_1,557334.0,517923.75,543033.6,573593.0,-39410.25,-14300.400000000023,16259.0,-0.025658581748108
20_0205,2011,1,patching,"Full Depth Transverse Joint Repair Patch, Full Depth Patching of PCC Pavement Other Than at Joint",20_0205_20110601_5_1,517923.75,543033.6,573593.0,562834.0,25109.849999999977,55669.25,44910.25,0.10748541653090826
20_0205,2014,1,patching,Partial depth patching of PCC pavements at joints,20_0205_20140601_6_1,562834.0,543279.0,596747.0,672023.0,-19555.0,33913.0,109189.0,0.06025400029138254
20_0206,2005,1,crack_sealing,"Transverse Joint Sealing, Lane-Shoulder Longitudinal Joint Sealing",20_0206_20050322_2_1,563393.0,512679.0,598323.0,614942.0,-50714.0,34930.0,51549.0,0.061999350364665515
20_0206,2011,1,reconstruction_or_major_rehab,PCC Slab Replacement,20_0206_20110601_3_1,577669.0,510378.0,573593.0,562834.0,-67291.0,-4076.0,-14835.0,-0.007055943801727286
20_0206,2020,1,patching,Partial depth patching of PCC pavements at joints,20_0206_20200601_4_1,128659.33333333333,492969.0,364668.0,300166.0,364309.6666666667,236008.6666666667,171506.6666666667,1.8343687982216605
20_0207,2005,1,crack_sealing,"Transverse Joint Sealing, Lane-Shoulder Longitudinal Joint Sealing",20_0207_20050322_2_1,563393.0,512679.0,598323.0,614942.0,-50714.0,34930.0,51549.0,0.061999350364665515
20_0207,2008,1,patching,Partial depth patching of PCC pavements at joints,20_0207_20080601_3_1,614942.0,510367.6666666667,557334.0,577669.0,-104574.33333333331,-57608.0,-37273.0,-0.09368037961303667
20_0207,2011,1,patching,"Full Depth Transverse Joint Repair Patch, Full Depth Patching of PCC Pavement Other Than at Joint",20_0207_20110601_4_1,577669.0,530787.75,573593.0,562834.0,-46881.25,-4076.0,-14835.0,-0.007055943801727286
20_0207,2020,1,patching,Partial depth patching of PCC pavements at joints,20_0207_20200601_5_1,97017.5,492969.0,364668.0,300166.0,395951.5,267650.5,203148.5,2.7587857860695237
20_0208,2005,1,crack_sealing,"Transverse Joint Sealing, Lane-Shoulder Longitudinal Joint Sealing",20_0208_20050322_2_1,563393.0,512679.0,598323.0,614942.0,-50714.0,34930.0,51549.0,0.061999350364665515
20_0209,2005,1,crack_sealing,"Transverse Joint Sealing, Lane-Shoulder Longitudinal Joint Sealing",20_0209_20050322_2_1,563393.0,512679.0,598323.0,614942.0,-50714.0,34930.0,51549.0,0.061999350364665515
20_0209,2011,1,patching,"Full Depth Transverse Joint Repair Patch, Full Depth Patching of PCC Pavement Other Than at Joint",20_0209_20110601_3_1,577669.0,510378.0,573593.0,562834.0,-67291.0,-4076.0,-14835.0,-0.007055943801727286
20_0210,2005,1,crack_sealing,"Transverse Joint Sealing, Lane-Shoulder Longitudinal Joint Sealing",20_0210_20050322_2_1,563393.0,512679.0,598323.0,614942.0,-50714.0,34930.0,51549.0,0.061999350364665515
20_0210,2011,1,patching,Full Depth Transverse Joint Repair Patch,20_0210_20110601_3_1,577669.0,510378.0,573593.0,562834.0,-67291.0,-4076.0,-14835.0,-0.007055943801727286
20_0210,2019,1,patching,"Patch Pot Holes - Hand Spread, Compacted with Truck",20_0210_20190101_4_1,130471.33333333333,98653.25,502635.0,371818.0,-31818.08333333333,372163.6666666667,241346.6666666667,2.852455456371004
20_0211,2005,1,crack_sealing,"Transverse Joint Sealing, Lane-Shoulder Longitudinal Joint Sealing",20_0211_20050322_2_1,563393.0,512679.0,598323.0,614942.0,-50714.0,34930.0,51549.0,0.061999350364665515
20_0211,2011,1,patching,Full Depth Transverse Joint Repair Patch,20_0211_20110601_3_1,577669.0,510378.0,573593.0,562834.0,-67291.0,-4076.0,-14835.0,-0.007055943801727286
20_0211,2020,1,patching,Partial depth patching of PCC pavements at joints,20_0211_20200601_4_1,131182.0,502635.0,371818.0,295501.0,371453.0,240636.0,164319.0,1.8343675199341374
20_0212,2005,1,crack_sealing,"Transverse Joint Sealing, Lane-Shoulder Longitudinal Joint Sealing",20_0212_20050322_2_1,563393.0,512679.0,598323.0,614942.0,-50714.0,34930.0,51549.0,0.061999350364665515
20_0259,2005,1,crack_sealing,"Transverse Joint Sealing, Lane-Shoulder Longitudinal Joint Sealing",20_0259_20050322_2_1,563393.0,512679.0,598323.0,614942.0,-50714.0,34930.0,51549.0,0.061999350364665515
20_0259,2011,1,patching,Full Depth Patching of PCC Pavement Other Than at Joint,20_0259_20110601_3_1,577669.0,510378.0,573593.0,562834.0,-67291.0,-4076.0,-14835.0,-0.007055943801727286
20_0901,1999,1,crack_sealing,Crack Sealing,20_0901_19990601_2_1,305429.0,259724.5,361639.0,216643.0,-45704.5,56210.0,-88786.0,0.18403622445805737
20_1005,1987,1,unknown,Missing / not recorded,20_1005_19870101_1_1,17525.0,20944.0,21441.0,21583.0,3419.0,3916.0,4058.0,0.22345221112696148
20_1005,1994,1,patching,"Patch Pot Holes - Hand Spread, Compacted with Truck",20_1005_19940601_2_1,16342.0,11765.0,23234.0,23348.0,-4577.0,6892.0,7006.0,0.4217354057030963
20_1005,2000,1,asphalt_overlay,"AC Shoulder Restoration, Mill Off AC and Overlay with AC",20_1005_20001102_3_1,24076.0,14881.333333333334,18473.0,17829.0,-9194.666666666666,-5603.0,-6247.0,-0.23272138228941686
20_1005,2010,1,asphalt_overlay,Mill Off AC and Overlay with AC,20_1005_20101015_4_1,15108.0,8902.5,14316.0,14090.0,-6205.5,-792.0,-1018.0,-0.05242255758538523
20_1006,1987,1,unknown,Missing / not recorded,20_1006_19870101_1_1,22816.0,41537.0,34256.0,34162.0,18721.0,11440.0,11346.0,0.5014025245441796
20_1006,1998,1,asphalt_overlay,"AC Shoulder Restoration, Asphalt Concrete Overlay",20_1006_19981021_2_1,55657.0,28792.5,60533.0,62913.0,-26864.5,4876.0,7256.0,0.08760802774134431
20_1006,2003,1,seal_coat,Aggregate Seal Coat,20_1006_20030708_3_1,31704.0,52200.5,73090.0,76421.0,20496.5,41386.0,44717.0,1.3053873328286651
20_1009,1987,1,unknown,Missing / not recorded,20_1009_19870101_1_1,47884.0,36217.0,39074.0,40872.0,-11667.0,-8810.0,-7012.0,-0.18398630022554507
20_1009,1995,1,asphalt_overlay,"AC Shoulder Restoration, Asphalt Concrete Overlay, Hot-Mix Recycled Asphalt Concrete Overlay, Mill Off AC and Overlay with AC",20_1009_19950826_2_1,27577.0,14238.5,51233.0,26908.0,-13338.5,23656.0,-669.0,0.857816296188853
20_1009,2000,1,seal_coat,Slurry Seal Coat,20_1009_20000629_3_1,57586.0,45170.5,62527.0,64937.0,-12415.5,4941.0,7351.0,0.0858021046782204
20_1010,1987,1,unknown,Missing / not recorded,20_1010_19870101_1_1,110950.0,80902.0,97629.0,80509.0,-30048.0,-13321.0,-30441.0,-0.12006309148264985
20_1010,1994,1,patching,"Patch Pot Holes - Hand Spread, Compacted with Truck",20_1010_19940601_2_1,61351.0,115189.5,139632.66666666666,170232.0,53838.5,78281.66666666666,108881.0,1.2759639886337086
20_1010,1995,1,patching,Manual Premix Spot Patch (hand spreading and compacting with roller),20_1010_19950601_3_1,115189.5,139632.66666666666,170232.0,66011.0,24443.166666666657,55042.5,-49178.5,0.4778430325680726
20_3013,1987,1,unknown,Missing / not recorded,20_3013_19870101_1_1,61233.0,130716.0,105644.0,100591.0,69483.0,44411.0,39358.0,0.7252788529061127
20_3013,1999,1,crack_sealing,"Lane-Shoulder Longitudinal Joint Sealing, Partial depth patching of PCC pavements at joints",20_3013_19990301_2_1,196569.0,192707.5,225912.0,240500.0,-3861.5,29343.0,43931.0,0.1492758268089068
20_3013,2003,1,crack_sealing,"Grinding Surface, Transverse Joint Sealing, Lane-Shoulder Longitudinal Joint Sealing, Full Depth Transverse Joint Repair Patch, Joint Load Transfer Restoration in PCC Pavements, Partial depth patching of PCC pavements at joints",20_3013_20030715_3_1,283273.0,226751.66666666666,240217.5,315008.0,-56521.33333333334,-43055.5,31735.0,-0.15199295379369018
20_3013,2004,1,crack_sealing,Lane-Shoulder Longitudinal Joint Sealing,20_3013_20041001_4_1,226751.66666666666,240217.5,315008.0,337521.0,13465.833333333343,88256.33333333334,110769.33333333334,0.3892202188885051
20_3013,2008,1,crack_sealing,"Lane-Shoulder Longitudinal Joint Sealing, Partial depth patching of PCC pavements at joints",20_3013_20081001_5_1,360193.0,329736.0,360657.0,254652.85714285713,-30457.0,464.0,-105540.14285714287,0.0012881982714822331
20_3013,2010,2,crack_sealing,"Asphalt Concrete Overlay, Lane-Shoulder Longitudinal Joint Sealing | Grinding Surface, Full Depth Transverse Joint Repair Patch, Full Depth Patching of PCC Pavement Other Than at Joint, Partial depth patching of PCC pavements at joints, Partial Depth Patching of PCC Pavement Other Than at Joint",20_3013_20100601_6_1 | 20_3013_20101015_7_1,360657.0,254652.85714285713,388191.0,402464.0,-106004.14285714287,27534.0,41807.0,0.07634400552325339
20_3015,1987,1,unknown,Missing / not recorded,20_3015_19870101_1_1,73847.0,68022.0,85237.0,91641.0,-5825.0,11390.0,17794.0,0.1542378160250247
20_3015,1998,1,crack_sealing,"Transverse Joint Sealing, Lane-Shoulder Longitudinal Joint Sealing",20_3015_19980811_2_1,122229.0,120170.5,174176.0,176370.0,-2058.5,51947.0,54141.0,0.4249973410565414
20_3015,2003,1,crack_sealing,"Grinding Surface, Transverse Joint Sealing, Lane-Shoulder Longitudinal Joint Sealing, Full Depth Transverse Joint Repair Patch",20_3015_20030810_3_1,179190.0,144583.66666666666,183366.0,184818.0,-34606.33333333334,4176.0,5628.0,0.023304871923656455
20_3060,1987,1,unknown,Missing / not recorded,20_3060_19870101_1_1,31973.0,46618.0,47182.0,45345.0,14645.0,15209.0,13372.0,0.47568260719982486
20_4016,1987,1,unknown,Missing / not recorded,20_4016_19870101_1_1,40557.0,37749.0,37102.0,38308.0,-2808.0,-3455.0,-2249.0,-0.08518874670217225
20_4016,1999,1,crack_sealing,"Crack Sealing, Transverse Joint Sealing",20_4016_19990601_2_1,51019.0,41059.5,52952.0,89726.0,-9959.5,1933.0,38707.0,0.03788784570454144
20_4016,2004,1,crack_sealing,"Crack Sealing, Transverse Joint Sealing, Lane-Shoulder Longitudinal Joint Sealing",20_4016_20040601_3_1,55529.0,49600.333333333336,58307.0,59347.0,-5928.666666666664,2778.0,3818.0,0.05002791334257775
20_4052,1987,1,unknown,Missing / not recorded,20_4052_19870101_1_1,55105.0,55105.0,69897.0,68155.0,0.0,14792.0,13050.0,0.2684329915615643
20_4052,1999,1,crack_sealing,"Grinding Surface, Transverse Joint Sealing, Lane-Shoulder Longitudinal Joint Sealing",20_4052_19991002_2_1,61999.0,40829.5,70343.0,74225.0,-21169.5,8344.0,12226.0,0.13458281585186857
20_4052,2003,1,crack_sealing,Crack Sealing,20_4052_20031001_3_1,78568.0,63367.0,89178.0,54766.0,-15201.0,10610.0,-23802.0,0.13504225638936973
20_4053,2004,1,patching,Partial depth patching of PCC pavements at joints,20_4053_20040601_2_1,305833.0,245568.5,155486.0,,-60264.5,-150347.0,,-0.4915983559655106
20_4054,1987,1,unknown,Missing / not recorded,20_4054_19870101_1_1,324359.0,335872.0,348156.0,358620.0,11513.0,23797.0,34261.0,0.07336623925958582
20_4054,1997,1,patching,Partial Depth Patching of PCC Pavement Other Than at Joint,20_4054_19970601_2_1,455616.0,405147.0,442987.6666666667,452500.0,-50469.0,-12628.333333333314,-3116.0,-0.027717054127452314
20_4054,1998,1,patching,Full Depth Patching of PCC Pavement Other Than at Joint,20_4054_19980501_3_1,405147.0,442987.6666666667,452500.0,510399.0,37840.666666666686,47353.0,105252.0,0.11687856506403849
20_4054,2001,1,patching,Partial depth patching of PCC pavements at joints,20_4054_20010501_4_1,510399.0,478417.5,534375.0,548280.0,-31981.5,23976.0,37881.0,0.04697501366577912
20_4054,2004,1,patching,"Partial depth patching of PCC pavements at joints, Partial Depth Patching of PCC Pavement Other Than at Joint",20_4054_20040601_5_1,548280.0,563393.0,575778.0,593678.5,15113.0,27498.0,45398.5,0.05015320639089516
20_4054,2006,1,crack_sealing,"Crack Sealing, Transverse Joint Sealing, Lane-Shoulder Longitudinal Joint Sealing, Partial depth patching of PCC pavements at joints, Partial Depth Patching of PCC Pavement Other Than at Joint",20_4054_20060118_6_1,575778.0,593678.5,203857.0,,17900.5,-371921.0,,-0.6459451385777157
20_4063,1987,1,unknown,Missing / not recorded,20_4063_19870101_1_1,54748.0,67318.0,68782.0,107246.0,12570.0,14034.0,52498.0,0.25633813107328124
20_4063,2000,1,crack_sealing,"Transverse Joint Sealing, Lane-Shoulder Longitudinal Joint Sealing, Full Depth Transverse Joint Repair Patch",20_4063_20001001_2_1,266556.0,183760.0,322209.0,354679.0,-82796.0,55653.0,88123.0,0.2087853959393148
20_4063,2003,1,crack_sealing,"Crack Sealing, Lane-Shoulder Longitudinal Joint Sealing",20_4063_20030801_3_1,354679.0,314692.3333333333,189165.0,,-39986.666666666686,-165514.0,,-0.46665858424096157
20_4067,1987,1,unknown,Missing / not recorded,20_4067_19870101_1_1,142138.0,138290.0,184961.0,189620.0,-3848.0,42823.0,47482.0,0.3012776315974616
20_4067,1991,1,asphalt_overlay,Asphalt Concrete Overlay,20_4067_19911118_2_1,146588.0,76256.0,194108.0,196158.0,-70332.0,47520.0,49570.0,0.3241738750784512
20_6026,1987,1,unknown,Missing / not recorded,20_6026_19870101_1_1,52784.0,52784.0,58411.0,59986.0,0.0,5627.0,7202.0,0.10660427402243104
20_6026,1992,1,asphalt_overlay,Asphalt Concrete Overlay,20_6026_19920413_2_1,61449.0,21071.0,38086.0,45838.0,-40378.0,-23363.0,-15611.0,-0.3802014678839363
20_6026,1998,1,asphalt_overlay,"AC Shoulder Restoration, Asphalt Concrete Overlay, Mill Existing Pavement and Overlay with Hot-Mix Recycled AC",20_6026_19980305_3_1,77721.0,40600.5,84214.0,87609.0,-37120.5,6493.0,9888.0,0.08354241453403842
20_6026,2005,1,seal_coat,Aggregate Seal Coat,20_6026_20050801_4_1,84126.0,60958.0,87369.0,89458.0,-23168.0,3243.0,5332.0,0.03854931887882462
20_6026,2011,1,asphalt_overlay,Mill Off AC and Overlay with AC,20_6026_20110415_5_1,94768.0,87337.33333333333,99405.0,100978.0,-7430.6666666666715,4637.0,6210.0,0.04893001857166976
20_7073,1987,1,unknown,Missing / not recorded,20_7073_19870101_1_1,268392.0,331233.0,323015.0,310992.0,62841.0,54623.0,42600.0,0.20351947897105727
20_7073,1990,1,patching,"Patch Pot Holes - Hand Spread, Compacted with Truck",20_7073_19900601_2_1,310992.0,261546.0,343998.0,172513.33333333334,-49446.0,33006.0,-138478.66666666666,0.10613134743015898
20_7073,1992,1,seal_coat,"Slurry Seal Coat, Heater Scarification, Surface Recycled Asphalt Concrete",20_7073_19920729_3_1,343998.0,172513.33333333334,293906.0,225359.0,-171484.66666666666,-50092.0,-118639.0,-0.14561712568096327
20_7085,1987,1,unknown,Missing / not recorded,20_7085_19870101_1_1,70761.0,57813.0,60247.0,63421.0,-12948.0,-10514.0,-7340.0,-0.14858467234776218
20_7085,1992,1,asphalt_overlay,"AC Shoulder Restoration, Hot-Mix Recycled Asphalt Concrete Overlay, Mill Off AC and Overlay with AC",20_7085_19920916_2_1,62264.0,30700.5,51559.0,40680.0,-31563.5,-10705.0,-21584.0,-0.17192920467685982
20_9037,1987,1,unknown,Missing / not recorded,20_9037_19870101_1_1,87775.0,97158.0,91960.0,97158.0,9383.0,4185.0,9383.0,0.04767872401025349
20_9037,1992,1,patching,Full Depth Patching of PCC Pavement Other Than at Joint,20_9037_19920915_2_1,109357.0,76252.5,121813.0,71824.0,-33104.5,12456.0,-37533.0,0.11390217361485776
20_A310,1987,1,unknown,Missing / not recorded,20_A310_19870101_1_1,17525.0,20944.0,21441.0,21583.0,3419.0,3916.0,4058.0,0.22345221112696148
20_A310,1990,1,asphalt_overlay,Asphalt Concrete Overlay,20_A310_19901030_2_1,21583.0,12881.5,13595.0,16564.0,-8701.5,-7988.0,-5019.0,-0.3701061020247417
20_A310,2000,1,crack_sealing,Crack Sealing,20_A310_20000601_3_1,24076.0,20886.333333333332,4606.0,,-3189.666666666668,-19470.0,,-0.8086891510217644
20_A320,1987,1,unknown,Missing / not recorded,20_A320_19870101_1_1,17525.0,20944.0,21441.0,21583.0,3419.0,3916.0,4058.0,0.22345221112696148
20_A320,1990,1,seal_coat,Slurry Seal Coat,20_A320_19900712_2_1,21583.0,16192.5,13595.0,16564.0,-5390.5,-7988.0,-5019.0,-0.3701061020247417
20_A320,2000,1,crack_sealing,Crack Sealing,20_A320_20000601_3_1,24076.0,20886.333333333332,4606.0,,-3189.666666666668,-19470.0,,-0.8086891510217644
20_A330,1987,1,unknown,Missing / not recorded,20_A330_19870101_1_1,17525.0,20944.0,21441.0,21583.0,3419.0,3916.0,4058.0,0.22345221112696148
20_A330,1990,1,crack_sealing,Crack Sealing,20_A330_19900713_2_1,21583.0,16162.0,13595.0,16564.0,-5421.0,-7988.0,-5019.0,-0.3701061020247417
20_A330,2000,1,crack_sealing,Crack Sealing,20_A330_20000601_3_1,24076.0,20886.333333333332,4606.0,,-3189.666666666668,-19470.0,,-0.8086891510217644
20_A340,1987,1,unknown,Missing / not recorded,20_A340_19870101_1_1,17525.0,20944.0,21441.0,21583.0,3419.0,3916.0,4058.0,0.22345221112696148
20_A340,2000,1,crack_sealing,Crack Sealing,20_A340_20000601_2_1,24076.0,19208.5,4606.0,,-4867.5,-19470.0,,-0.8086891510217644
20_A350,1987,1,unknown,Missing / not recorded,20_A350_19870101_1_1,17525.0,20944.0,21441.0,21583.0,3419.0,3916.0,4058.0,0.22345221112696148
20_A350,1990,1,seal_coat,Aggregate Seal Coat,20_A350_19900712_2_1,21583.0,16192.5,13595.0,16564.0,-5390.5,-7988.0,-5019.0,-0.3701061020247417
20_A350,2000,1,crack_sealing,Crack Sealing,20_A350_20000601_3_1,24076.0,20886.333333333332,4606.0,,-3189.666666666668,-19470.0,,-0.8086891510217644
20_A411,1994,1,reconstruction_or_major_rehab,Joint Load Transfer Restoration in PCC Pavements,20_A411_19940829_2_1,379389.0,261460.0,437903.0,455616.0,-117929.0,58514.0,76227.0,0.15423219966841423
20_A412,1994,1,reconstruction_or_major_rehab,Joint Load Transfer Restoration in PCC Pavements,20_A412_19940829_2_1,379389.0,261460.0,437903.0,455616.0,-117929.0,58514.0,76227.0,0.15423219966841423
20_B310,1987,1,unknown,Missing / not recorded,20_B310_19870101_1_1,110950.0,80902.0,97629.0,80509.0,-30048.0,-13321.0,-30441.0,-0.12006309148264985
20_B310,1990,1,asphalt_overlay,Asphalt Concrete Overlay,20_B310_19901105_2_1,80509.0,55510.0,106458.0,110418.33333333333,-24999.0,25949.0,29909.33333333333,0.3223117912283099
20_B310,1992,1,patching,"Patch Pot Holes - Hand Spread, Compacted with Truck",20_B310_19920207_3_1,106458.0,110418.33333333333,61351.0,145230.0,3960.3333333333285,-45107.0,38772.0,-0.4237070018223149
20_B320,1987,1,unknown,Missing / not recorded,20_B320_19870101_1_1,110950.0,80902.0,97629.0,80509.0,-30048.0,-13321.0,-30441.0,-0.12006309148264985
20_B320,1990,1,seal_coat,Slurry Seal Coat,20_B320_19900714_2_1,80509.0,70505.5,106458.0,99517.0,-10003.5,25949.0,19008.0,0.3223117912283099
20_B320,1992,2,patching,"Full Depth Patch of AC Pavement (removing damaged material, repairing supporting material, and repairing) | Strip Patching (using spreader and distributor to apply hot liquid asphalt and aggregate)",20_B320_19920207_3_1 | 20_B320_19920601_4_1,106458.0,99517.0,61351.0,145230.0,-6941.0,-45107.0,38772.0,-0.4237070018223149
20_B330,1987,1,unknown,Missing / not recorded,20_B330_19870101_1_1,110950.0,80902.0,97629.0,80509.0,-30048.0,-13321.0,-30441.0,-0.12006309148264985
20_B330,1990,1,crack_sealing,Crack Sealing,20_B330_19900714_2_1,80509.0,70505.5,106458.0,114269.0,-10003.5,25949.0,33760.0,0.3223117912283099
20_B330,1994,1,crack_sealing,Crack Sealing,20_B330_19940701_3_1,61351.0,121224.0,161968.0,170232.0,59873.0,100617.0,108881.0,1.6400221675278317
20_B340,1987,1,unknown,Missing / not recorded,20_B340_19870101_1_1,110950.0,80902.0,97629.0,80509.0,-30048.0,-13321.0,-30441.0,-0.12006309148264985
20_B350,1987,1,unknown,Missing / not recorded,20_B350_19870101_1_1,110950.0,80902.0,97629.0,80509.0,-30048.0,-13321.0,-30441.0,-0.12006309148264985
20_B350,1990,1,seal_coat,Aggregate Seal Coat,20_B350_19900714_2_1,80509.0,70505.5,106458.0,114269.0,-10003.5,25949.0,33760.0,0.3223117912283099
20_B410,1991,2,crack_sealing,Missing / not recorded | Transverse Joint Sealing,20_B410_19910101_1_1 | 20_B410_19910601_2_1,43525.0,28366.0,31716.0,38607.0,-15159.0,-11809.0,-4918.0,-0.27131533601378516
20_B410,2004,1,crack_sealing,"Transverse Joint Sealing, Lane-Shoulder Longitudinal Joint Sealing",20_B410_20040601_3_1,55529.0,49600.333333333336,58307.0,,-5928.666666666664,2778.0,,0.05002791334257775
20_B430,1991,1,unknown,Missing / not recorded,20_B430_19910101_1_1,43525.0,35764.0,31716.0,38607.0,-7761.0,-11809.0,-4918.0,-0.27131533601378516
20_B430,2004,1,patching,"Full Depth Transverse Joint Repair Patch, Partial Depth Patching of PCC Pavement Other Than at Joint",20_B430_20040927_2_1,55529.0,36335.0,58307.0,,-19194.0,2778.0,,0.05002791334257775
21_1010,1987,1,unknown,Missing / not recorded,21_1010_19870101_1_1,7280.0,7280.0,7300.0,5086.0,0.0,20.0,-2194.0,0.0027472527472527475
21_1010,1989,1,patching,"Full Depth Patch of AC Pavement (removing damaged material, repairing supporting material, and repairing)",21_1010_19890809_2_1,7300.0,5086.0,9773.0,6747.0,-2214.0,2473.0,-553.0,0.3387671232876712
21_1014,1987,1,unknown,Missing / not recorded,21_1014_19870101_1_1,55191.0,63150.0,70204.0,55584.0,7959.0,15013.0,393.0,0.2720189886032143
21_1014,1989,1,patching,"Full Depth Patch of AC Pavement (removing damaged material, repairing supporting material, and repairing)",21_1014_19890720_2_1,70204.0,55584.0,65931.0,75714.0,-14620.0,-4273.0,5510.0,-0.06086547775055552
21_1014,1994,1,patching,Manual Premix Spot Patch (hand spreading and compacting with roller),21_1014_19940601_3_1,78817.0,67922.33333333333,80719.0,104911.0,-10894.666666666672,1902.0,26094.0,0.02413184972785059
21_1014,1998,1,patching,"Patch Pot Holes - Hand Spread, Compacted with Truck",21_1014_19981001_4_1,78974.0,50295.5,43072.0,80750.0,-28678.5,-35902.0,1776.0,-0.45460531314103375
21_1034,1987,1,unknown,Missing / not recorded,21_1034_19870101_1_1,49117.0,52234.0,57245.0,60103.0,3117.0,8128.0,10986.0,0.16548241952888001
21_1034,1993,1,asphalt_overlay,Mill Off AC and Overlay with AC,21_1034_19930820_2_1,79731.0,40408.0,104533.0,106660.0,-39323.0,24802.0,26929.0,0.31107097615732904
21_3016,1987,1,unknown,Missing / not recorded,21_3016_19870101_1_1,970311.0,1003845.0,1079489.0,1091377.0,33534.0,109178.0,121066.0,0.11251856363578275
21_3016,2010,1,crack_sealing,"Grinding Surface, Transverse Joint Sealing, Lane-Shoulder Longitudinal Joint Sealing, Partial Depth Patching of PCC Pavement Other Than at Joint",21_3016_20100601_2_1,1609674.0,1304087.0,1678385.0,1717642.0,-305587.0,68711.0,107968.0,0.04268628306104218
21_3016,2013,1,patching,"Patch Pot Holes - Hand Spread, Compacted with Truck",21_3016_20130601_3_1,1717642.0,1506252.3333333333,1781963.0,1815451.5,-211389.66666666674,64321.0,97809.5,0.03744726782414496
21_3016,2015,1,patching,"Full Depth Transverse Joint Repair Patch, Full Depth Patching of PCC Pavement Other Than at Joint",21_3016_20150601_4_1,1781963.0,1815451.5,1855074.5,1883865.5,33488.5,73111.5,101902.5,0.04102862966290546
21_4025,1987,1,unknown,Missing / not recorded,21_4025_19870101_1_1,460850.0,484973.0,514067.0,634318.0,24123.0,53217.0,173468.0,0.11547575132906586
21_4025,1994,1,patching,Partial depth patching of PCC pavements at joints,21_4025_19940418_2_1,635236.0,570906.0,303095.0,,-64330.0,-332141.0,,-0.522862369261188
21_6040,1987,1,unknown,Missing / not recorded,21_6040_19870101_1_1,297152.0,323694.0,329150.0,335620.0,26542.0,31998.0,38468.0,0.10768226362265776
21_6043,1987,1,unknown,Missing / not recorded,21_6043_19870101_1_1,110379.0,110379.0,103476.0,68955.0,0.0,-6903.0,-41424.0,-0.0625390699317805
21_6043,1989,1,patching,"Full Depth Patch of AC Pavement (removing damaged material, repairing supporting material, and repairing)",21_6043_19890810_2_1,103476.0,68955.0,99091.0,132634.0,-34521.0,-4385.0,29158.0,-0.04237697630368394
21_A310,1987,1,unknown,Missing / not recorded,21_A310_19870101_1_1,7280.0,7280.0,7300.0,7280.0,0.0,20.0,0.0,0.0027472527472527475
21_A310,1990,1,crack_sealing,"Crack Sealing, Asphalt Concrete Overlay",21_A310_19901107_2_1,7280.0,5623.0,6747.0,6319.0,-1657.0,-533.0,-961.0,-0.07321428571428572
21_A320,1987,1,unknown,Missing / not recorded,21_A320_19870101_1_1,7280.0,7280.0,7300.0,7280.0,0.0,20.0,0.0,0.0027472527472527475
21_A320,1990,1,seal_coat,Slurry Seal Coat,21_A320_19900814_2_1,7280.0,6761.0,6747.0,6319.0,-519.0,-533.0,-961.0,-0.07321428571428572
21_A330,1987,1,unknown,Missing / not recorded,21_A330_19870101_1_1,7280.0,7280.0,7300.0,7280.0,0.0,20.0,0.0,0.0027472527472527475
21_A330,1990,1,crack_sealing,Crack Sealing,21_A330_19900814_2_1,7280.0,6761.0,6747.0,6319.0,-519.0,-533.0,-961.0,-0.07321428571428572
21_A340,1987,1,unknown,Missing / not recorded,21_A340_19870101_1_1,7280.0,7280.0,7300.0,7280.0,0.0,20.0,0.0,0.0027472527472527475
21_A350,1987,1,unknown,Missing / not recorded,21_A350_19870101_1_1,7280.0,7280.0,7300.0,7280.0,0.0,20.0,0.0,0.0027472527472527475
21_A350,1990,1,seal_coat,Aggregate Seal Coat,21_A350_19900814_2_1,7280.0,6761.0,6747.0,6319.0,-519.0,-533.0,-961.0,-0.07321428571428572
21_A410,1991,2,crack_sealing,"Missing / not recorded | Transverse Joint Sealing, Lane-Shoulder Longitudinal Joint Sealing",21_A410_19910101_1_1 | 21_A410_19911010_2_1,605442.0,451622.5,705371.6666666666,624013.0,-153819.5,99929.66666666663,18571.0,0.1650524190040774
21_A410,1992,1,crack_sealing,"Transverse Joint Sealing, Lane-Shoulder Longitudinal Joint Sealing",21_A410_19920410_3_1,451622.5,705371.6666666666,624013.0,848706.6666666666,253749.16666666663,172390.5,397084.1666666666,0.38171371001223364
21_A410,1993,1,crack_sealing,"Transverse Joint Sealing, Lane-Shoulder Longitudinal Joint Sealing",21_A410_19931026_4_1,705371.6666666666,624013.0,848706.6666666666,934445.625,-81358.66666666663,143335.0,229073.95833333337,0.2032049297887875
21_A410,1994,2,crack_sealing,"Transverse Joint Sealing, Lane-Shoulder Longitudinal Joint Sealing",21_A410_19940419_5_1 | 21_A410_19941011_6_1,624013.0,848706.6666666666,934445.625,1108378.0,224693.66666666663,310432.625,484365.0,0.49747781696855675
21_A410,1995,2,crack_sealing,"Transverse Joint Sealing, Lane-Shoulder Longitudinal Joint Sealing",21_A410_19950413_7_1 | 21_A410_19951019_8_1,848706.6666666666,934445.625,1108378.0,1196021.0,85738.95833333337,259671.33333333337,347314.3333333334,0.3059612272791542
21_A430,1991,1,unknown,Missing / not recorded,21_A430_19910101_1_1,605442.0,735903.0,776050.0,784044.0,130461.0,170608.0,178602.0,0.28179082389394855
21_B310,1987,1,unknown,Missing / not recorded,21_B310_19870101_1_1,49117.0,52234.0,57245.0,60103.0,3117.0,8128.0,10986.0,0.16548241952888001
21_B310,1990,1,asphalt_overlay,Asphalt Concrete Overlay,21_B310_19900928_2_1,60103.0,45097.5,90467.0,79731.0,-15005.5,30364.0,19628.0,0.5051994076834767
21_B320,1987,1,unknown,Missing / not recorded,21_B320_19870101_1_1,49117.0,52234.0,57245.0,60103.0,3117.0,8128.0,10986.0,0.16548241952888001
21_B320,1990,1,seal_coat,Slurry Seal Coat,21_B320_19900815_2_1,60103.0,49411.5,90467.0,79731.0,-10691.5,30364.0,19628.0,0.5051994076834767
21_B330,1987,1,unknown,Missing / not recorded,21_B330_19870101_1_1,49117.0,52234.0,57245.0,60103.0,3117.0,8128.0,10986.0,0.16548241952888001
21_B330,1990,1,crack_sealing,Crack Sealing,21_B330_19900815_2_1,60103.0,49411.5,90467.0,79731.0,-10691.5,30364.0,19628.0,0.5051994076834767
21_B340,1987,1,unknown,Missing / not recorded,21_B340_19870101_1_1,49117.0,52234.0,57245.0,60103.0,3117.0,8128.0,10986.0,0.16548241952888001
21_B350,1987,1,unknown,Missing / not recorded,21_B350_19870101_1_1,49117.0,52234.0,57245.0,60103.0,3117.0,8128.0,10986.0,0.16548241952888001
21_B350,1990,1,seal_coat,Aggregate Seal Coat,21_B350_19900815_2_1,60103.0,49411.5,90467.0,79731.0,-10691.5,30364.0,19628.0,0.5051994076834767
22_0113,2015,1,asphalt_overlay,Mill Existing Pavement and Overlay with Hot-Mix Recycled AC,22_0113_20150811_2_1,89525.0,86009.5,92252.0,94332.0,-3515.5,2727.0,4807.0,0.030460765149399608
22_0114,2015,1,asphalt_overlay,Mill Existing Pavement and Overlay with Hot-Mix Recycled AC,22_0114_20150811_2_1,89525.0,86009.5,92252.0,94332.0,-3515.5,2727.0,4807.0,0.030460765149399608
22_0115,2015,1,asphalt_overlay,Mill Existing Pavement and Overlay with Hot-Mix Recycled AC,22_0115_20150811_2_1,89525.0,86009.5,92252.0,94332.0,-3515.5,2727.0,4807.0,0.030460765149399608
22_0116,2015,1,asphalt_overlay,Mill Existing Pavement and Overlay with Hot-Mix Recycled AC,22_0116_20150811_2_1,89525.0,86009.5,92252.0,94332.0,-3515.5,2727.0,4807.0,0.030460765149399608
22_0117,2015,1,asphalt_overlay,Mill Existing Pavement and Overlay with Hot-Mix Recycled AC,22_0117_20150811_2_1,89525.0,86009.5,92252.0,94332.0,-3515.5,2727.0,4807.0,0.030460765149399608
22_0118,2015,1,asphalt_overlay,Mill Existing Pavement and Overlay with Hot-Mix Recycled AC,22_0118_20150811_2_1,89525.0,86009.5,92252.0,94332.0,-3515.5,2727.0,4807.0,0.030460765149399608
22_0119,2015,1,asphalt_overlay,Mill Existing Pavement and Overlay with Hot-Mix Recycled AC,22_0119_20150811_2_1,89525.0,86009.5,92252.0,94332.0,-3515.5,2727.0,4807.0,0.030460765149399608
22_0120,2015,1,asphalt_overlay,Mill Existing Pavement and Overlay with Hot-Mix Recycled AC,22_0120_20150811_2_1,89525.0,86009.5,92252.0,94332.0,-3515.5,2727.0,4807.0,0.030460765149399608
22_0121,2015,1,asphalt_overlay,Mill Existing Pavement and Overlay with Hot-Mix Recycled AC,22_0121_20150811_2_1,89525.0,86009.5,92252.0,94332.0,-3515.5,2727.0,4807.0,0.030460765149399608
22_0122,2015,1,asphalt_overlay,Mill Existing Pavement and Overlay with Hot-Mix Recycled AC,22_0122_20150811_2_1,89525.0,86009.5,92252.0,94332.0,-3515.5,2727.0,4807.0,0.030460765149399608
22_0123,2015,1,asphalt_overlay,Mill Existing Pavement and Overlay with Hot-Mix Recycled AC,22_0123_20150811_2_1,89525.0,86009.5,92252.0,94332.0,-3515.5,2727.0,4807.0,0.030460765149399608
22_0124,2015,1,asphalt_overlay,Mill Existing Pavement and Overlay with Hot-Mix Recycled AC,22_0124_20150811_2_1,89525.0,86009.5,92252.0,94332.0,-3515.5,2727.0,4807.0,0.030460765149399608
22_0702,1987,1,unknown,Missing / not recorded,22_0702_19870101_1_1,817829.0,817829.0,820070.0,817829.0,0.0,2241.0,0.0,0.002740181627210578
22_0702,1992,1,asphalt_overlay,"Grinding Surface, Portland Cement Concrete Overlay, Full Depth Patching of PCC Pavement Other Than at Joint, PCC Shoulder Restoration",22_0702_19920403_2_1,817829.0,715880.5,817829.0,817829.0,-101948.5,0.0,0.0,0.0
22_0703,1987,1,unknown,Missing / not recorded,22_0703_19870101_1_1,817829.0,817829.0,820070.0,817829.0,0.0,2241.0,0.0,0.002740181627210578
22_0703,1992,1,asphalt_overlay,"Grinding Surface, Portland Cement Concrete Overlay, PCC Shoulder Restoration",22_0703_19920410_2_1,817829.0,708038.5,817829.0,817829.0,-109790.5,0.0,0.0,0.0
22_0704,1987,1,unknown,Missing / not recorded,22_0704_19870101_1_1,817829.0,817829.0,820070.0,817829.0,0.0,2241.0,0.0,0.002740181627210578
22_0704,1992,1,asphalt_overlay,"Portland Cement Concrete Overlay, PCC Shoulder Restoration",22_0704_19920421_2_1,817829.0,695715.0,817829.0,817829.0,-122114.0,0.0,0.0,0.0
22_0705,1987,1,unknown,Missing / not recorded,22_0705_19870101_1_1,817829.0,817829.0,820070.0,817829.0,0.0,2241.0,0.0,0.002740181627210578
22_0705,1992,1,asphalt_overlay,"Portland Cement Concrete Overlay, PCC Shoulder Restoration",22_0705_19920421_2_1,817829.0,695715.0,817829.0,817829.0,-122114.0,0.0,0.0,0.0
22_0706,1987,1,unknown,Missing / not recorded,22_0706_19870101_1_1,817829.0,817829.0,820070.0,817829.0,0.0,2241.0,0.0,0.002740181627210578
22_0706,1992,1,asphalt_overlay,"Portland Cement Concrete Overlay, PCC Shoulder Restoration",22_0706_19920422_2_1,817829.0,694594.5,817829.0,817829.0,-123234.5,0.0,0.0,0.0
22_0707,1987,1,unknown,Missing / not recorded,22_0707_19870101_1_1,817829.0,817829.0,820070.0,817829.0,0.0,2241.0,0.0,0.002740181627210578
22_0707,1992,1,asphalt_overlay,"Portland Cement Concrete Overlay, PCC Shoulder Restoration",22_0707_19920421_2_1,817829.0,695715.0,817829.0,817829.0,-122114.0,0.0,0.0,0.0
22_0708,1987,1,unknown,Missing / not recorded,22_0708_19870101_1_1,817829.0,817829.0,820070.0,817829.0,0.0,2241.0,0.0,0.002740181627210578
22_0708,1992,1,asphalt_overlay,"Grinding Surface, Portland Cement Concrete Overlay, PCC Shoulder Restoration",22_0708_19920409_2_1,817829.0,709158.5,817829.0,817829.0,-108670.5,0.0,0.0,0.0
22_0709,1987,1,unknown,Missing / not recorded,22_0709_19870101_1_1,817829.0,817829.0,820070.0,817829.0,0.0,2241.0,0.0,0.002740181627210578
22_0709,1992,1,asphalt_overlay,"Grinding Surface, Portland Cement Concrete Overlay, Full Depth Patching of PCC Pavement Other Than at Joint, PCC Shoulder Restoration",22_0709_19920409_2_1,817829.0,709158.5,817829.0,817829.0,-108670.5,0.0,0.0,0.0
22_3056,1996,1,patching,"Patch Pot Holes - Hand Spread, Compacted with Truck",22_3056_19960615_2_1,165151.0,132225.0,146142.0,179858.0,-32926.0,-19009.0,14707.0,-0.11510072600226459
22_4001,1987,1,unknown,Missing / not recorded,22_4001_19870101_1_1,444417.0,549554.0,601779.0,486696.0,105137.0,157362.0,42279.0,0.35408636483302847
22_4001,1999,1,unknown,Missing / not recorded,22_4001_19990615_2_1,725967.0,579434.5,773310.0,426303.0,-146532.5,47343.0,-299664.0,0.06521370806111021
23_0501,1992,1,unknown,Missing / not recorded,23_0501_19921101_1_1,134602.0,139740.0,139358.0,144364.0,5138.0,4756.0,9762.0,0.03533379890343383
23_0501,2002,1,patching,"Patch Pot Holes - Hand Spread, Compacted with Truck",23_0501_20020801_2_1,163640.0,115172.5,123246.66666666667,94878.0,-48467.5,-40393.33333333333,-68762.0,-0.24684266275564243
23_0501,2003,1,crack_sealing,Crack Sealing,23_0501_20030801_3_1,115172.5,123246.66666666667,94878.0,,8074.1666666666715,-20294.5,,-0.17620959864551
23_0502,1992,1,unknown,Missing / not recorded,23_0502_19921101_1_1,134602.0,139740.0,139358.0,144364.0,5138.0,4756.0,9762.0,0.03533379890343383
23_0502,1995,1,asphalt_overlay,"AC Shoulder Restoration, Hot-Mix Recycled Asphalt Concrete Overlay",23_0502_19950616_2_1,144364.0,113535.5,150283.0,153172.0,-30828.5,5919.0,8808.0,0.04100052644703666
23_0502,2003,1,crack_sealing,Crack Sealing,23_0502_20030801_3_1,162309.0,123246.66666666667,94878.0,,-39062.33333333333,-67431.0,,-0.41544831155388795
23_0503,1992,1,unknown,Missing / not recorded,23_0503_19921101_1_1,134602.0,139740.0,139358.0,144364.0,5138.0,4756.0,9762.0,0.03533379890343383
23_0503,1995,1,asphalt_overlay,"AC Shoulder Restoration, Hot-Mix Recycled Asphalt Concrete Overlay",23_0503_19950616_2_1,144364.0,113535.5,150283.0,153172.0,-30828.5,5919.0,8808.0,0.04100052644703666
23_0503,2003,1,crack_sealing,Crack Sealing,23_0503_20030801_3_1,162309.0,123246.66666666667,94878.0,,-39062.33333333333,-67431.0,,-0.41544831155388795
23_0504,1992,1,unknown,Missing / not recorded,23_0504_19921101_1_1,134602.0,139740.0,139358.0,144364.0,5138.0,4756.0,9762.0,0.03533379890343383
23_0504,1995,1,asphalt_overlay,"AC Shoulder Restoration, Asphalt Concrete Overlay",23_0504_19950616_2_1,144364.0,113535.5,150283.0,153172.0,-30828.5,5919.0,8808.0,0.04100052644703666
23_0504,2003,1,crack_sealing,Crack Sealing,23_0504_20030801_3_1,162309.0,123246.66666666667,94878.0,,-39062.33333333333,-67431.0,,-0.41544831155388795
23_0505,1992,1,unknown,Missing / not recorded,23_0505_19921101_1_1,134602.0,139740.0,139358.0,144364.0,5138.0,4756.0,9762.0,0.03533379890343383
23_0505,1995,1,asphalt_overlay,"AC Shoulder Restoration, Asphalt Concrete Overlay",23_0505_19950616_2_1,144364.0,113535.5,150283.0,153172.0,-30828.5,5919.0,8808.0,0.04100052644703666
23_0505,2003,1,crack_sealing,Crack Sealing,23_0505_20030801_3_1,162309.0,123246.66666666667,94878.0,,-39062.33333333333,-67431.0,,-0.41544831155388795
23_0506,1992,1,unknown,Missing / not recorded,23_0506_19921101_1_1,134602.0,139740.0,139358.0,144364.0,5138.0,4756.0,9762.0,0.03533379890343383
23_0506,1995,1,asphalt_overlay,"AC Shoulder Restoration, Mill Off AC and Overlay with AC",23_0506_19950616_2_1,144364.0,113535.5,150283.0,153172.0,-30828.5,5919.0,8808.0,0.04100052644703666
23_0506,2003,1,crack_sealing,Crack Sealing,23_0506_20030801_3_1,162309.0,123246.66666666667,94878.0,,-39062.33333333333,-67431.0,,-0.41544831155388795
23_0507,1992,1,unknown,Missing / not recorded,23_0507_19921101_1_1,134602.0,139740.0,139358.0,144364.0,5138.0,4756.0,9762.0,0.03533379890343383
23_0507,1995,1,asphalt_overlay,"AC Shoulder Restoration, Mill Off AC and Overlay with AC",23_0507_19950616_2_1,144364.0,113535.5,150283.0,153172.0,-30828.5,5919.0,8808.0,0.04100052644703666
23_0507,2003,1,crack_sealing,Crack Sealing,23_0507_20030801_3_1,162309.0,123246.66666666667,94878.0,,-39062.33333333333,-67431.0,,-0.41544831155388795
23_0508,1992,1,unknown,Missing / not recorded,23_0508_19921101_1_1,134602.0,139740.0,139358.0,144364.0,5138.0,4756.0,9762.0,0.03533379890343383
23_0508,1995,1,asphalt_overlay,"AC Shoulder Restoration, Mill Existing Pavement and Overlay with Hot-Mix Recycled AC",23_0508_19950616_2_1,144364.0,113535.5,150283.0,153172.0,-30828.5,5919.0,8808.0,0.04100052644703666
23_0508,2003,1,crack_sealing,Crack Sealing,23_0508_20030801_3_1,162309.0,123246.66666666667,94878.0,,-39062.33333333333,-67431.0,,-0.41544831155388795
23_0509,1992,1,unknown,Missing / not recorded,23_0509_19921101_1_1,134602.0,139740.0,139358.0,144364.0,5138.0,4756.0,9762.0,0.03533379890343383
23_0509,1995,1,asphalt_overlay,"AC Shoulder Restoration, Mill Existing Pavement and Overlay with Hot-Mix Recycled AC",23_0509_19950616_2_1,144364.0,113535.5,150283.0,153172.0,-30828.5,5919.0,8808.0,0.04100052644703666
23_0509,2003,1,crack_sealing,Crack Sealing,23_0509_20030801_3_1,162309.0,123246.66666666667,94878.0,,-39062.33333333333,-67431.0,,-0.41544831155388795
23_0559,1992,1,unknown,Missing / not recorded,23_0559_19921101_1_1,134602.0,139740.0,139358.0,144364.0,5138.0,4756.0,9762.0,0.03533379890343383
23_0559,1995,1,asphalt_overlay,"AC Shoulder Restoration, Asphalt Concrete Overlay",23_0559_19950616_2_1,144364.0,113535.5,150283.0,153172.0,-30828.5,5919.0,8808.0,0.04100052644703666
23_0559,2003,1,crack_sealing,Crack Sealing,23_0559_20030801_3_1,162309.0,123246.66666666667,94878.0,,-39062.33333333333,-67431.0,,-0.41544831155388795
23_1001,1988,1,unknown,Missing / not recorded,23_1001_19880701_1_1,114064.0,119319.0,119946.0,137246.0,5255.0,5882.0,23182.0,0.051567541029597416
23_1001,1995,1,asphalt_overlay,"AC Shoulder Restoration, Mill Off AC and Overlay with AC",23_1001_19950606_2_1,144364.0,73677.0,150283.0,153172.0,-70687.0,5919.0,8808.0,0.04100052644703666
23_1009,1988,1,unknown,Missing / not recorded,23_1009_19880701_1_1,127900.0,130437.0,133807.0,107751.0,2537.0,5907.0,-20149.0,0.046184519155590305
23_1009,1993,1,asphalt_overlay,"AC Shoulder Restoration, Asphalt Concrete Overlay",23_1009_19930822_2_1,108046.0,56118.5,116505.0,118808.0,-51927.5,8459.0,10762.0,0.07829072802324935
23_1012,1988,1,unknown,Missing / not recorded,23_1012_19880701_1_1,526367.0,538679.0,616561.0,419078.0,12312.0,90194.0,-107289.0,0.1713519274574584
23_1026,1988,1,unknown,Missing / not recorded,23_1026_19880701_1_1,74259.0,76601.0,77780.0,67278.0,2342.0,3521.0,-6981.0,0.047415128132616925
23_1026,1996,1,asphalt_overlay,"AC Shoulder Restoration, Asphalt Concrete Overlay",23_1026_19960915_2_1,70851.0,36247.5,78232.0,78232.0,-34603.5,7381.0,7381.0,0.10417637012886198
23_1028,1988,1,unknown,Missing / not recorded,23_1028_19880701_1_1,295085.0,311274.0,321675.0,156822.0,16189.0,26590.0,-138263.0,0.09010962942880865
23_1028,1992,1,patching,"Full Depth Patch of AC Pavement (removing damaged material, repairing supporting material, and repairing)",23_1028_19920512_2_1,168057.0,143574.0,182721.0,108678.66666666667,-24483.0,14664.0,-59378.33333333333,0.08725610953426516
23_1028,1994,1,asphalt_overlay,Asphalt Concrete Overlay,23_1028_19940906_3_1,182721.0,108678.66666666667,204476.0,213102.0,-74042.33333333333,21755.0,30381.0,0.11906130110934156
23_3013,1988,1,unknown,Missing / not recorded,23_3013_19880701_1_1,238488.0,235802.0,304613.0,311912.0,-2686.0,66125.0,73424.0,0.27726761933514477
23_3014,1988,1,unknown,Missing / not recorded,23_3014_19880701_1_1,238488.0,235802.0,304613.0,311912.0,-2686.0,66125.0,73424.0,0.27726761933514477
23_7023,1988,1,unknown,Missing / not recorded,23_7023_19880701_1_1,526367.0,538679.0,616561.0,419078.0,12312.0,90194.0,-107289.0,0.1713519274574584
24_0501,1990,1,unknown,Missing / not recorded,24_0501_19900501_1_1,119803.0,116036.0,119638.0,102325.5,-3767.0,-165.0,-17477.5,-0.0013772610034807143
24_0501,1992,1,crack_sealing,"Crack Sealing, Machine Premix Patch (placing premix with paver roller)",24_0501_19920505_2_1,119638.0,102325.5,127432.0,129820.0,-17312.5,7794.0,10182.0,0.06514652535147696
24_0501,1996,1,patching,Machine Premix Patch (placing premix with paver roller),24_0501_19960601_3_1,138610.0,107314.33333333333,164640.0,149811.5,-31295.66666666667,26030.0,11201.5,0.18779308852175167
24_0501,1998,1,patching,Machine Premix Patch (placing premix with paver roller),24_0501_19980601_4_1,164640.0,149811.5,144672.0,156224.0,-14828.5,-19968.0,-8416.0,-0.12128279883381925
24_0502,1990,1,unknown,Missing / not recorded,24_0502_19900501_1_1,119803.0,116036.0,119638.0,108225.5,-3767.0,-165.0,-11577.5,-0.0013772610034807143
24_0502,1992,1,asphalt_overlay,"AC Shoulder Restoration, Machine Premix Patch (placing premix with paver roller), Hot-Mix Recycled Asphalt Concrete Overlay",24_0502_19920331_2_1,119638.0,108225.5,127432.0,129820.0,-11412.5,7794.0,10182.0,0.06514652535147696
24_0502,1996,1,asphalt_overlay,Mill Off AC and Overlay with AC,24_0502_19960929_3_1,138610.0,72601.33333333333,164640.0,167093.0,-66008.66666666667,26030.0,28483.0,0.18779308852175167
24_0503,1990,1,unknown,Missing / not recorded,24_0503_19900501_1_1,119803.0,116036.0,119638.0,108225.5,-3767.0,-165.0,-11577.5,-0.0013772610034807143
24_0503,1992,1,asphalt_overlay,"AC Shoulder Restoration, Hot-Mix Recycled Asphalt Concrete Overlay",24_0503_19920331_2_1,119638.0,108225.5,127432.0,129820.0,-11412.5,7794.0,10182.0,0.06514652535147696
24_0503,1996,1,asphalt_overlay,Mill Off AC and Overlay with AC,24_0503_19960930_3_1,138610.0,72715.33333333333,164640.0,167093.0,-65894.66666666667,26030.0,28483.0,0.18779308852175167
24_0504,1990,1,unknown,Missing / not recorded,24_0504_19900501_1_1,119803.0,116036.0,119638.0,108225.5,-3767.0,-165.0,-11577.5,-0.0013772610034807143
24_0504,1992,1,asphalt_overlay,"AC Shoulder Restoration, Asphalt Concrete Overlay, Machine Premix Patch (placing premix with paver roller)",24_0504_19920331_2_1,119638.0,108225.5,127432.0,129820.0,-11412.5,7794.0,10182.0,0.06514652535147696
24_0504,1996,1,patching,"Full Depth Patch of AC Pavement (removing damaged material, repairing supporting material, and repairing)",24_0504_19961001_3_1,138610.0,93474.33333333333,164640.0,167093.0,-45135.66666666667,26030.0,28483.0,0.18779308852175167
24_0505,1990,1,unknown,Missing / not recorded,24_0505_19900508_1_1,119803.0,116036.0,119638.0,108225.5,-3767.0,-165.0,-11577.5,-0.0013772610034807143
24_0505,1992,1,asphalt_overlay,"AC Shoulder Restoration, Asphalt Concrete Overlay, Machine Premix Patch (placing premix with paver roller)",24_0505_19920331_2_1,119638.0,108225.5,127432.0,129820.0,-11412.5,7794.0,10182.0,0.06514652535147696
24_0505,1996,1,patching,"Full Depth Patch of AC Pavement (removing damaged material, repairing supporting material, and repairing)",24_0505_19960929_3_1,138610.0,93701.33333333333,164640.0,167093.0,-44908.66666666667,26030.0,28483.0,0.18779308852175167
24_0506,1990,1,unknown,Missing / not recorded,24_0506_19900501_1_1,119803.0,116036.0,119638.0,108225.5,-3767.0,-165.0,-11577.5,-0.0013772610034807143
24_0506,1992,1,asphalt_overlay,"AC Shoulder Restoration, Machine Premix Patch (placing premix with paver roller), Mill Off AC and Overlay with AC",24_0506_19920331_2_1,119638.0,108225.5,127432.0,129820.0,-11412.5,7794.0,10182.0,0.06514652535147696
24_0507,1990,1,unknown,Missing / not recorded,24_0507_19900501_1_1,119803.0,116036.0,119638.0,108225.5,-3767.0,-165.0,-11577.5,-0.0013772610034807143
24_0507,1992,1,asphalt_overlay,"AC Shoulder Restoration, Machine Premix Patch (placing premix with paver roller), Mill Off AC and Overlay with AC",24_0507_19920331_2_1,119638.0,108225.5,127432.0,129820.0,-11412.5,7794.0,10182.0,0.06514652535147696
24_0508,1990,1,unknown,Missing / not recorded,24_0508_19900501_1_1,119803.0,116036.0,119638.0,108225.5,-3767.0,-165.0,-11577.5,-0.0013772610034807143
24_0508,1992,1,asphalt_overlay,"AC Shoulder Restoration, Machine Premix Patch (placing premix with paver roller), Mill Existing Pavement and Overlay with Hot-Mix Recycled AC",24_0508_19920331_2_1,119638.0,108225.5,127432.0,129820.0,-11412.5,7794.0,10182.0,0.06514652535147696
24_0508,1996,1,asphalt_overlay,Mill Off AC and Overlay with AC,24_0508_19961002_3_1,138610.0,72941.66666666667,164640.0,167093.0,-65668.33333333333,26030.0,28483.0,0.18779308852175167
24_0509,1990,1,unknown,Missing / not recorded,24_0509_19900501_1_1,119803.0,116036.0,119638.0,108225.5,-3767.0,-165.0,-11577.5,-0.0013772610034807143
24_0509,1992,1,asphalt_overlay,"AC Shoulder Restoration, Machine Premix Patch (placing premix with paver roller), Mill Existing Pavement and Overlay with Hot-Mix Recycled AC",24_0509_19920331_2_1,119638.0,108225.5,127432.0,129820.0,-11412.5,7794.0,10182.0,0.06514652535147696
24_0509,2001,1,patching,"Patch Pot Holes - Hand Spread, Compacted with Truck",24_0509_20010828_3_1,156224.0,132156.33333333334,148260.0,163730.6,-24067.666666666657,-7964.0,7506.600000000006,-0.0509780827529701
24_0509,2002,1,patching,"Patch Pot Holes - Hand Spread, Compacted with Truck",24_0509_20020801_4_1,132156.33333333334,148260.0,163730.6,198035.0,16103.666666666657,31574.266666666663,65878.66666666666,0.23891603126600058
24_0509,2003,1,patching,"Patch Pot Holes - Hand Spread, Compacted with Truck",24_0509_20030801_5_1,148260.0,163730.6,198035.0,186797.0,15470.600000000006,49775.0,38537.0,0.33572777552947525
24_0559,1990,1,unknown,Missing / not recorded,24_0559_19900501_1_1,119803.0,116036.0,119638.0,102662.5,-3767.0,-165.0,-17140.5,-0.0013772610034807143
24_0559,1992,1,asphalt_overlay,"AC Shoulder Restoration, Asphalt Concrete Overlay",24_0559_19920503_2_1,119638.0,102662.5,127432.0,129820.0,-16975.5,7794.0,10182.0,0.06514652535147696
24_0560,1990,1,unknown,Missing / not recorded,24_0560_19900501_1_1,119803.0,116036.0,119638.0,108057.0,-3767.0,-165.0,-11746.0,-0.0013772610034807143
24_0560,1992,1,asphalt_overlay,"AC Shoulder Restoration, Asphalt Concrete Overlay",24_0560_19920401_2_1,119638.0,108057.0,127432.0,129820.0,-11581.0,7794.0,10182.0,0.06514652535147696
24_0561,1990,1,unknown,Missing / not recorded,24_0561_19900501_1_1,119803.0,116036.0,119638.0,108057.0,-3767.0,-165.0,-11746.0,-0.0013772610034807143
24_0561,1992,1,asphalt_overlay,"AC Shoulder Restoration, Asphalt Concrete Overlay, Machine Premix Patch (placing premix with paver roller)",24_0561_19920401_2_1,119638.0,108057.0,127432.0,129820.0,-11581.0,7794.0,10182.0,0.06514652535147696
24_0562,1990,1,unknown,Missing / not recorded,24_0562_19900501_1_1,119803.0,116036.0,119638.0,108057.0,-3767.0,-165.0,-11746.0,-0.0013772610034807143
24_0562,1992,1,asphalt_overlay,"AC Shoulder Restoration, Asphalt Concrete Overlay, Machine Premix Patch (placing premix with paver roller)",24_0562_19920401_2_1,119638.0,108057.0,127432.0,129820.0,-11581.0,7794.0,10182.0,0.06514652535147696
24_0563,1990,1,unknown,Missing / not recorded,24_0563_19900501_1_1,119803.0,116036.0,119638.0,101145.0,-3767.0,-165.0,-18658.0,-0.0013772610034807143
24_0563,1992,1,asphalt_overlay,"AC Shoulder Restoration, Asphalt Concrete Overlay",24_0563_19920512_2_1,119638.0,101145.0,127432.0,129820.0,-18493.0,7794.0,10182.0,0.06514652535147696
24_0901,1992,2,asphalt_overlay,Asphalt Concrete Overlay | Missing / not recorded,24_0901_19920701_1_1 | 24_0901_19921005_2_1,429163.0,272335.5,407163.0,474500.0,-156827.5,-22000.0,45337.0,-0.051262573893835206
24_0902,1992,2,asphalt_overlay,Asphalt Concrete Overlay | Missing / not recorded,24_0902_19920701_1_1 | 24_0902_19921004_2_1,429163.0,272935.5,407163.0,474500.0,-156227.5,-22000.0,45337.0,-0.051262573893835206
24_0902,2008,1,patching,"Patch Pot Holes - Hand Spread, Compacted with Truck",24_0902_20080601_3_1,560929.0,570509.0,576806.3333333334,584590.3333333334,9580.0,15877.333333333372,23661.333333333372,0.02830542427532428
24_0903,1992,2,asphalt_overlay,Asphalt Concrete Overlay | Missing / not recorded,24_0903_19920701_1_1 | 24_0903_19921004_2_1,429163.0,272935.5,407163.0,474500.0,-156227.5,-22000.0,45337.0,-0.051262573893835206
24_0960,1992,2,asphalt_overlay,Asphalt Concrete Overlay | Missing / not recorded,24_0960_19920701_1_1 | 24_0960_19921004_2_1,535699.0,332841.0,531168.0,529046.0,-202858.0,-4531.0,-6653.0,-0.008458108004681733
24_0961,1992,2,asphalt_overlay,Asphalt Concrete Overlay | Missing / not recorded,24_0961_19920701_1_1 | 24_0961_19921004_2_1,624985.0,388315.5,619652.0,617174.0,-236669.5,-5333.0,-7811.0,-0.008533004792115011
24_0962,1992,2,asphalt_overlay,Asphalt Concrete Overlay | Missing / not recorded,24_0962_19920701_1_1 | 24_0962_19921004_2_1,624985.0,388315.5,619652.0,617174.0,-236669.5,-5333.0,-7811.0,-0.008533004792115011
24_1632,1988,1,unknown,Missing / not recorded,24_1632_19881101_1_1,20750.0,45811.0,45686.0,21756.0,25061.0,24936.0,1006.0,1.2017349397590362
24_1632,1997,1,asphalt_overlay,Asphalt Concrete Overlay,24_1632_19970912_2_1,38515.0,22906.0,46591.0,72143.0,-15609.0,8076.0,33628.0,0.20968453849149682
24_1634,1988,1,unknown,Missing / not recorded,24_1634_19881101_1_1,31054.0,31575.0,31851.0,43761.0,521.0,797.0,12707.0,0.02566497069620661
24_1634,1998,1,asphalt_overlay,"AC Shoulder Restoration, Asphalt Concrete Overlay, Hot-Mix Recycled Asphalt Concrete Overlay",24_1634_19980505_2_1,56707.0,28938.0,58405.0,36551.0,-27769.0,1698.0,-20156.0,0.029943393231876135
24_2401,1988,1,unknown,Missing / not recorded,24_2401_19880801_1_1,6196.0,37602.0,38602.0,38602.0,31406.0,32406.0,32406.0,5.230148482892188
24_2401,2000,1,crack_sealing,"Crack Sealing, AC Shoulder Restoration, Skin Patching (hand tools/hot pot to apply liquid asphalt and aggregate)",24_2401_20000701_2_1,70859.0,40343.5,55339.0,58404.0,-30515.5,-15520.0,-12455.0,-0.21902651745014748
24_2805,1988,1,unknown,Missing / not recorded,24_2805_19880801_1_1,831687.0,854133.0,861025.0,493243.0,22446.0,29338.0,-338444.0,0.03527528986265266
24_2805,1992,2,asphalt_overlay,"AC Shoulder Restoration, Asphalt Concrete Overlay | Grinding Surface",24_2805_19920130_2_1 | 24_2805_19921006_3_1,498861.0,318427.0,407163.0,474500.0,-180434.0,-91698.0,-24361.0,-0.1838147299548371
24_5807,2002,1,patching,Full Depth Patching of PCC Pavement Other Than at Joint,24_5807_20020901_3_1,91771.0,69780.66666666667,79953.0,78377.0,-21990.33333333333,-11818.0,-13394.0,-0.12877706465005284
24_A310,1988,1,unknown,Missing / not recorded,24_A310_19881101_1_1,31054.0,31575.0,31851.0,25357.5,521.0,797.0,-5696.5,0.02566497069620661
24_A310,1990,1,asphalt_overlay,Asphalt Concrete Overlay,24_A310_19901104_2_1,31851.0,25357.5,46475.0,46552.0,-6493.5,14624.0,14701.0,0.4591378606637154
24_A311,1988,1,unknown,Missing / not recorded,24_A311_19881101_1_1,31054.0,31575.0,31851.0,25357.5,521.0,797.0,-5696.5,0.02566497069620661
24_A311,1990,1,asphalt_overlay,Asphalt Concrete Overlay,24_A311_19901104_2_1,31851.0,25357.5,46475.0,46552.0,-6493.5,14624.0,14701.0,0.4591378606637154
24_A320,1988,1,unknown,Missing / not recorded,24_A320_19881101_1_1,31054.0,31575.0,31851.0,28594.5,521.0,797.0,-2459.5,0.02566497069620661
24_A320,1990,1,seal_coat,Slurry Seal Coat,24_A320_19900911_2_1,31851.0,28594.5,46475.0,46552.0,-3256.5,14624.0,14701.0,0.4591378606637154
24_A330,1988,1,unknown,Missing / not recorded,24_A330_19881101_1_1,31054.0,31575.0,31851.0,28594.5,521.0,797.0,-2459.5,0.02566497069620661
24_A330,1990,1,crack_sealing,Crack Sealing,24_A330_19900911_2_1,31851.0,28594.5,46475.0,46552.0,-3256.5,14624.0,14701.0,0.4591378606637154
24_A331,1988,1,unknown,Missing / not recorded,24_A331_19881101_1_1,31054.0,31575.0,31851.0,23559.0,521.0,797.0,-7495.0,0.02566497069620661
24_A331,1990,1,crack_sealing,Crack Sealing,24_A331_19901204_2_1,31851.0,23559.0,46475.0,46552.0,-8292.0,14624.0,14701.0,0.4591378606637154
24_A340,1988,1,unknown,Missing / not recorded,24_A340_19881101_1_1,31054.0,31575.0,31851.0,43761.0,521.0,797.0,12707.0,0.02566497069620661
24_A350,1988,1,unknown,Missing / not recorded,24_A350_19881101_1_1,31054.0,31575.0,31851.0,28594.5,521.0,797.0,-2459.5,0.02566497069620661
24_A350,1990,1,seal_coat,Aggregate Seal Coat,24_A350_19900911_2_1,31851.0,28594.5,46475.0,46552.0,-3256.5,14624.0,14701.0,0.4591378606637154
25_1002,1988,2,crack_sealing,Crack Sealing | Missing / not recorded,25_1002_19880601_1_1 | 25_1002_19880605_2_1,74953.0,69193.0,75301.0,39351.0,-5760.0,348.0,-35602.0,0.004642909556655504
25_1002,1992,1,crack_sealing,Crack Sealing,25_1002_19921014_3_1,39351.0,39580.333333333336,43304.5,36499.2,229.33333333333576,3953.5,-2851.800000000003,0.1004675865924627
25_1002,1993,1,patching,"Patch Pot Holes - Hand Spread, Compacted with Truck",25_1002_19930919_4_1,39580.333333333336,43304.5,36499.2,59235.0,3724.1666666666642,-3081.1333333333387,19654.666666666664,-0.0778450577306913
25_1002,1994,1,crack_sealing,Crack Sealing,25_1002_19941103_5_1,43304.5,36499.2,59235.0,46872.833333333336,-6805.300000000003,15930.5,3568.3333333333358,0.3678716992460368
25_1002,1996,1,crack_sealing,"Crack Sealing, Patch Pot Holes - Hand Spread, Compacted with Truck",25_1002_19961001_6_1,59235.0,46872.833333333336,52750.375,57447.0,-12362.166666666664,-6484.625,-1788.0,-0.10947286232801554
25_1002,1997,2,crack_sealing,"Crack Sealing, Patch Pot Holes - Hand Spread, Compacted with Truck | Manual Premix Spot Patch (hand spreading and compacting with roller)",25_1002_19970501_7_1 | 25_1002_19970701_8_1,46872.833333333336,52750.375,57447.0,53796.0,5877.541666666664,10574.166666666664,6923.166666666664,0.2255926496158044
25_1002,2000,1,patching,"Patch Pot Holes - Hand Spread, Compacted with Truck",25_1002_20000501_9_1,53796.0,54080.666666666664,58467.0,59275.5,284.66666666666424,4671.0,5479.5,0.08682801695293331
25_1002,2002,1,patching,"Patch Pot Holes - Hand Spread, Compacted with Truck",25_1002_20020401_10_1,58467.0,59275.5,62671.0,44256.0,808.5,4204.0,-14211.0,0.07190380898626576
25_1003,1988,2,crack_sealing,Crack Sealing | Missing / not recorded,25_1003_19880601_1_1 | 25_1003_19880607_2_1,20690.0,17659.0,22972.0,11751.0,-3031.0,2282.0,-8939.0,0.11029482841952634
25_1004,1988,1,unknown,Missing / not recorded,25_1004_19880801_1_1,387837.0,382010.0,375239.0,505950.0,-5827.0,-12598.0,118113.0,-0.03248271825534954
25_1004,2001,1,asphalt_overlay,Mill Off AC and Overlay with AC,25_1004_20010601_2_1,478828.0,243949.5,249181.0,494344.0,-234878.5,-229647.0,15516.0,-0.47960227889764173
25_1004,2002,1,asphalt_overlay,Asphalt Concrete Overlay,25_1004_20020901_3_1,243949.5,249181.0,494344.0,509594.0,5231.5,250394.5,265644.5,1.0264194023763116
25_1004,2015,1,asphalt_overlay,Asphalt Concrete Overlay,25_1004_20150601_4_1,640722.0,502916.5,514236.5,523138.5,-137805.5,-126485.5,-117583.5,-0.19741088959018108
26_0115,2002,1,asphalt_overlay,Mill Off AC and Overlay with AC,26_0115_20021001_2_1,417143.0,229295.0,406314.0,362215.0,-187848.0,-10829.0,-54928.0,-0.025959922616464858
26_0115,2004,1,crack_sealing,Crack Sealing,26_0115_20040601_3_1,406314.0,362215.0,436030.0,312484.0,-44099.0,29716.0,-93830.0,0.07313555526021746
26_0115,2009,1,crack_sealing,"Crack Sealing, Patch Pot Holes - Hand Spread, Compacted with Truck",26_0115_20090601_4_1,316853.0,225318.66666666666,291420.0,281562.0,-91534.33333333334,-25433.0,-35291.0,-0.08026750575187863
26_0115,2012,1,asphalt_overlay,"AC Shoulder Restoration, Mill Off AC and Overlay with AC",26_0115_20120601_5_1,281562.0,254026.0,283023.0,277880.0,-27536.0,1461.0,-3682.0,0.0051889104353570435
26_0115,2015,1,crack_sealing,Crack Sealing,26_0115_20150601_6_1,277880.0,255794.8,271489.2,266459.4,-22085.20000000001,-6390.799999999988,-11420.599999999977,-0.022998416582697526
26_0116,2002,1,asphalt_overlay,Mill Off AC and Overlay with AC,26_0116_20021001_2_1,417143.0,229295.0,406314.0,362215.0,-187848.0,-10829.0,-54928.0,-0.025959922616464858
26_0116,2004,1,crack_sealing,Crack Sealing,26_0116_20040601_3_1,406314.0,362215.0,436030.0,312484.0,-44099.0,29716.0,-93830.0,0.07313555526021746
26_0116,2009,1,crack_sealing,Crack Sealing,26_0116_20090601_4_1,316853.0,225318.66666666666,291420.0,281562.0,-91534.33333333334,-25433.0,-35291.0,-0.08026750575187863
26_0116,2012,1,asphalt_overlay,"AC Shoulder Restoration, Mill Off AC and Overlay with AC",26_0116_20120601_5_1,281562.0,254026.0,283023.0,277880.0,-27536.0,1461.0,-3682.0,0.0051889104353570435
26_0116,2016,1,crack_sealing,Crack Sealing,26_0116_20160801_6_1,274394.0,271489.2,266459.4,,-2904.7999999999884,-7934.599999999977,,-0.028916813049847945
26_0117,2002,1,asphalt_overlay,Mill Off AC and Overlay with AC,26_0117_20021001_2_1,417143.0,229295.0,406314.0,362215.0,-187848.0,-10829.0,-54928.0,-0.025959922616464858
26_0117,2004,1,crack_sealing,Crack Sealing,26_0117_20040601_3_1,406314.0,362215.0,436030.0,312484.0,-44099.0,29716.0,-93830.0,0.07313555526021746
26_0117,2009,1,crack_sealing,Crack Sealing,26_0117_20090601_4_1,316853.0,225318.66666666666,291420.0,281562.0,-91534.33333333334,-25433.0,-35291.0,-0.08026750575187863
26_0117,2012,1,asphalt_overlay,"AC Shoulder Restoration, Mill Off AC and Overlay with AC",26_0117_20120601_5_1,281562.0,254026.0,283023.0,277880.0,-27536.0,1461.0,-3682.0,0.0051889104353570435
26_0117,2015,1,crack_sealing,Crack Sealing,26_0117_20150601_6_1,277880.0,255794.8,271489.2,266459.4,-22085.20000000001,-6390.799999999988,-11420.599999999977,-0.022998416582697526
26_0118,2002,1,asphalt_overlay,Mill Off AC and Overlay with AC,26_0118_20021001_2_1,417143.0,229295.0,406314.0,362215.0,-187848.0,-10829.0,-54928.0,-0.025959922616464858
26_0118,2004,1,crack_sealing,Crack Sealing,26_0118_20040601_3_1,406314.0,362215.0,436030.0,312484.0,-44099.0,29716.0,-93830.0,0.07313555526021746
26_0118,2009,1,crack_sealing,Crack Sealing,26_0118_20090601_4_1,316853.0,225318.66666666666,291420.0,281562.0,-91534.33333333334,-25433.0,-35291.0,-0.08026750575187863
26_0118,2012,1,asphalt_overlay,"AC Shoulder Restoration, Asphalt Concrete Overlay",26_0118_20120601_5_1,281562.0,254026.0,283023.0,277880.0,-27536.0,1461.0,-3682.0,0.0051889104353570435
26_0118,2016,1,crack_sealing,Crack Sealing,26_0118_20160801_6_1,274394.0,244482.0,240040.0,,-29912.0,-34354.0,,-0.12519953060198108
26_0120,2002,1,asphalt_overlay,Mill Off AC and Overlay with AC,26_0120_20021001_2_1,417143.0,229295.0,406314.0,362215.0,-187848.0,-10829.0,-54928.0,-0.025959922616464858
26_0120,2004,1,crack_sealing,Crack Sealing,26_0120_20040601_3_1,406314.0,362215.0,436030.0,312484.0,-44099.0,29716.0,-93830.0,0.07313555526021746
26_0120,2009,1,crack_sealing,Crack Sealing,26_0120_20090601_4_1,316853.0,225318.66666666666,291420.0,281562.0,-91534.33333333334,-25433.0,-35291.0,-0.08026750575187863
26_0120,2012,1,asphalt_overlay,"AC Shoulder Restoration, Asphalt Concrete Overlay",26_0120_20120601_5_1,281562.0,254026.0,283023.0,277880.0,-27536.0,1461.0,-3682.0,0.0051889104353570435
26_0120,2016,1,crack_sealing,Crack Sealing,26_0120_20160801_6_1,274394.0,244482.0,240040.0,,-29912.0,-34354.0,,-0.12519953060198108
26_0121,2002,1,asphalt_overlay,Mill Off AC and Overlay with AC,26_0121_20021001_2_1,417143.0,229295.0,406314.0,362215.0,-187848.0,-10829.0,-54928.0,-0.025959922616464858
26_0121,2004,1,crack_sealing,Crack Sealing,26_0121_20040601_3_1,406314.0,362215.0,436030.0,312484.0,-44099.0,29716.0,-93830.0,0.07313555526021746
26_0121,2009,1,crack_sealing,Crack Sealing,26_0121_20090601_4_1,316853.0,225318.66666666666,291420.0,281562.0,-91534.33333333334,-25433.0,-35291.0,-0.08026750575187863
26_0121,2012,1,asphalt_overlay,"AC Shoulder Restoration, Asphalt Concrete Overlay",26_0121_20120601_5_1,281562.0,254026.0,283023.0,277880.0,-27536.0,1461.0,-3682.0,0.0051889104353570435
26_0121,2016,1,crack_sealing,Crack Sealing,26_0121_20160801_6_1,274394.0,244482.0,240040.0,,-29912.0,-34354.0,,-0.12519953060198108
26_0123,2002,1,asphalt_overlay,Mill Off AC and Overlay with AC,26_0123_20021001_2_1,417143.0,229295.0,406314.0,362215.0,-187848.0,-10829.0,-54928.0,-0.025959922616464858
26_0123,2004,1,crack_sealing,Crack Sealing,26_0123_20040601_3_1,406314.0,362215.0,436030.0,312484.0,-44099.0,29716.0,-93830.0,0.07313555526021746
26_0123,2009,1,crack_sealing,Crack Sealing,26_0123_20090601_4_1,316853.0,225318.66666666666,291420.0,281562.0,-91534.33333333334,-25433.0,-35291.0,-0.08026750575187863
26_0123,2012,1,asphalt_overlay,"AC Shoulder Restoration, Mill Off AC and Overlay with AC",26_0123_20120601_5_1,281562.0,254026.0,283023.0,277880.0,-27536.0,1461.0,-3682.0,0.0051889104353570435
26_0123,2015,1,crack_sealing,Crack Sealing,26_0123_20150601_6_1,277880.0,255794.8,271489.2,266459.4,-22085.20000000001,-6390.799999999988,-11420.599999999977,-0.022998416582697526
26_0124,2002,1,asphalt_overlay,Mill Off AC and Overlay with AC,26_0124_20021001_2_1,417143.0,229295.0,406314.0,362215.0,-187848.0,-10829.0,-54928.0,-0.025959922616464858
26_0124,2004,1,crack_sealing,Crack Sealing,26_0124_20040601_3_1,406314.0,362215.0,436030.0,312484.0,-44099.0,29716.0,-93830.0,0.07313555526021746
26_0124,2009,1,crack_sealing,Crack Sealing,26_0124_20090601_4_1,316853.0,225318.66666666666,291420.0,281562.0,-91534.33333333334,-25433.0,-35291.0,-0.08026750575187863
26_0124,2012,1,asphalt_overlay,"AC Shoulder Restoration, Mill Off AC and Overlay with AC",26_0124_20120601_5_1,281562.0,254026.0,283023.0,277880.0,-27536.0,1461.0,-3682.0,0.0051889104353570435
26_0124,2016,1,crack_sealing,Crack Sealing,26_0124_20160801_6_1,274394.0,271489.2,266459.4,,-2904.7999999999884,-7934.599999999977,,-0.028916813049847945
26_0159,2002,1,asphalt_overlay,Mill Off AC and Overlay with AC,26_0159_20021001_2_1,417143.0,229295.0,406314.0,362215.0,-187848.0,-10829.0,-54928.0,-0.025959922616464858
26_0159,2004,1,crack_sealing,Crack Sealing,26_0159_20040601_3_1,406314.0,362215.0,436030.0,312484.0,-44099.0,29716.0,-93830.0,0.07313555526021746
26_0159,2009,1,crack_sealing,Crack Sealing,26_0159_20090601_4_1,316853.0,225318.66666666666,291420.0,281562.0,-91534.33333333334,-25433.0,-35291.0,-0.08026750575187863
26_0159,2012,1,asphalt_overlay,"AC Shoulder Restoration, Asphalt Concrete Overlay",26_0159_20120601_5_1,281562.0,254026.0,283023.0,277880.0,-27536.0,1461.0,-3682.0,0.0051889104353570435
26_0159,2015,1,crack_sealing,Crack Sealing,26_0159_20150601_6_1,277880.0,234767.0,244482.0,240040.0,-43113.0,-33398.0,-37840.0,-0.12018857060601698
26_0214,2002,1,crack_sealing,"Lane-Shoulder Longitudinal Joint Sealing, PCC Slab Replacement",26_0214_20020601_2_1,1383379.0,1093294.0,714924.3333333334,,-290085.0,-668454.6666666666,,-0.48320428940056676
26_0216,2002,1,crack_sealing,Lane-Shoulder Longitudinal Joint Sealing,26_0216_20021101_2_1,1383379.0,804392.5,1177206.0,1366528.0,-578986.5,-206173.0,-16851.0,-0.149035802914458
26_0216,2008,1,patching,Partial depth patching of PCC pavements at joints,26_0216_20080601_3_1,1282276.0,1040282.0,1055771.0,1205910.0,-241994.0,-226505.0,-76366.0,-0.17664293802582284
26_0219,2002,1,shoulder_restoration,AC Shoulder Restoration,26_0219_20021101_2_1,1383379.0,804392.5,915963.0,1366528.0,-578986.5,-467416.0,-16851.0,-0.3378799302288093
26_0219,2003,1,patching,Partial depth patching of PCC pavements at joints,26_0219_20030901_3_1,804392.5,915963.0,1366528.0,1344159.0,111570.5,562135.5,539766.5,0.6988323486357717
26_0219,2006,1,patching,Partial depth patching of PCC pavements at joints,26_0219_20060601_4_1,1344159.0,1173470.0,1282276.0,1207431.0,-170689.0,-61883.0,-136728.0,-0.046038452296194125
26_0219,2010,1,shoulder_restoration,AC Shoulder Restoration,26_0219_20100601_5_1,1055771.0,1106133.2,1155516.0,1262699.0,50362.19999999995,99745.0,206928.0,0.09447598011311165
26_0220,2002,1,crack_sealing,Lane-Shoulder Longitudinal Joint Sealing,26_0220_20021101_2_1,1383379.0,804392.5,1177206.0,1366528.0,-578986.5,-206173.0,-16851.0,-0.149035802914458
26_0220,2008,1,patching,Partial depth patching of PCC pavements at joints,26_0220_20080601_3_1,1282276.0,1040282.0,1055771.0,1205910.0,-241994.0,-226505.0,-76366.0,-0.17664293802582284
26_0221,2002,1,crack_sealing,Lane-Shoulder Longitudinal Joint Sealing,26_0221_20021101_2_1,1383379.0,804392.5,1177206.0,1366528.0,-578986.5,-206173.0,-16851.0,-0.149035802914458
26_0221,2008,1,patching,Partial depth patching of PCC pavements at joints,26_0221_20080601_3_1,1282276.0,1040282.0,1055771.0,1205910.0,-241994.0,-226505.0,-76366.0,-0.17664293802582284
26_0222,2002,1,crack_sealing,Lane-Shoulder Longitudinal Joint Sealing,26_0222_20021101_2_1,1383379.0,804392.5,1177206.0,1366528.0,-578986.5,-206173.0,-16851.0,-0.149035802914458
26_0223,2002,1,crack_sealing,Lane-Shoulder Longitudinal Joint Sealing,26_0223_20021101_2_1,1383379.0,804392.5,1177206.0,1366528.0,-578986.5,-206173.0,-16851.0,-0.149035802914458
26_0223,2008,1,patching,Partial depth patching of PCC pavements at joints,26_0223_20080601_3_1,1282276.0,1040282.0,1055771.0,1205910.0,-241994.0,-226505.0,-76366.0,-0.17664293802582284
26_0224,2002,1,crack_sealing,Lane-Shoulder Longitudinal Joint Sealing,26_0224_20021101_2_1,1383379.0,804392.5,1177206.0,1366528.0,-578986.5,-206173.0,-16851.0,-0.149035802914458
26_0259,2000,1,crack_sealing,"Transverse Joint Sealing, Lane-Shoulder Longitudinal Joint Sealing",26_0259_20000401_2_1,1352995.0,1195363.0,1383379.0,1378419.0,-157632.0,30384.0,25424.0,0.022456845738528228
26_0601,1987,1,unknown,Missing / not recorded,26_0601_19870101_1_1,223599.0,231157.0,192959.0,192432.0,7558.0,-30640.0,-31167.0,-0.1370310242890174
26_0602,1987,1,unknown,Missing / not recorded,26_0602_19870101_1_1,223599.0,231157.0,192959.0,192432.0,7558.0,-30640.0,-31167.0,-0.1370310242890174
26_0602,1990,1,patching,"Full Depth Transverse Joint Repair Patch, Partial depth patching of PCC pavements at joints",26_0602_19900511_2_1,192432.0,188695.0,229579.0,165104.33333333334,-3737.0,37147.0,-27327.666666666657,0.19303961919015547
26_0602,1992,1,patching,Full Depth Patching of PCC Pavement Other Than at Joint,26_0602_19920901_3_1,229579.0,165104.33333333334,230128.0,228029.5,-64474.66666666666,549.0,-1549.5,0.0023913337021243234
26_0602,1994,1,patching,Partial depth patching of PCC pavements at joints,26_0602_19940601_4_1,230128.0,228029.5,191221.0,284418.0,-2098.5,-38907.0,54290.0,-0.16906678022665647
26_0603,1987,1,unknown,Missing / not recorded,26_0603_19870101_1_1,223599.0,231157.0,192959.0,192432.0,7558.0,-30640.0,-31167.0,-0.1370310242890174
26_0603,1990,1,asphalt_overlay,"Asphalt Concrete Overlay, Full Depth Transverse Joint Repair Patch, Partial depth patching of PCC pavements at joints",26_0603_19900515_2_1,192432.0,187437.0,229579.0,212277.0,-4995.0,37147.0,19845.0,0.19303961919015547
26_0604,1987,1,unknown,Missing / not recorded,26_0604_19870101_1_1,223599.0,231157.0,192959.0,192432.0,7558.0,-30640.0,-31167.0,-0.1370310242890174
26_0604,1990,1,crack_sealing,"Asphalt Concrete Overlay, Transverse Joint Sealing, Full Depth Transverse Joint Repair Patch, Partial depth patching of PCC pavements at joints, Saw and Seal",26_0604_19900515_2_1,192432.0,187437.0,229579.0,212277.0,-4995.0,37147.0,19845.0,0.19303961919015547
26_0604,1995,1,crack_sealing,Saw and Seal,26_0604_19950501_3_1,254334.0,170265.33333333334,284418.0,256882.0,-84068.66666666666,30084.0,2548.0,0.11828540423223007
26_0605,1987,1,unknown,Missing / not recorded,26_0605_19870101_1_1,223599.0,231157.0,192959.0,192432.0,7558.0,-30640.0,-31167.0,-0.1370310242890174
26_0605,1990,1,crack_sealing,"Grinding Surface, Transverse Joint Sealing, Longitudinal Subdrains, Full Depth Transverse Joint Repair Patch, Partial depth patching of PCC pavements at joints",26_0605_19900515_2_1,192432.0,187437.0,229579.0,212277.0,-4995.0,37147.0,19845.0,0.19303961919015547
26_0606,1987,1,unknown,Missing / not recorded,26_0606_19870101_1_1,223599.0,231157.0,192959.0,192432.0,7558.0,-30640.0,-31167.0,-0.1370310242890174
26_0606,1990,1,asphalt_overlay,"Asphalt Concrete Overlay, Longitudinal Subdrains, Full Depth Transverse Joint Repair Patch, Partial depth patching of PCC pavements at joints",26_0606_19900515_2_1,192432.0,187437.0,229579.0,212277.0,-4995.0,37147.0,19845.0,0.19303961919015547
26_0607,1987,1,unknown,Missing / not recorded,26_0607_19870101_1_1,223599.0,231157.0,192959.0,192432.0,7558.0,-30640.0,-31167.0,-0.1370310242890174
26_0607,1990,1,asphalt_overlay,"Asphalt Concrete Overlay, Fracture Treatment of PCC Pavement as Base for New AC Surface",26_0607_19900515_2_1,192432.0,187437.0,229579.0,212277.0,-4995.0,37147.0,19845.0,0.19303961919015547
26_0608,1987,1,unknown,Missing / not recorded,26_0608_19870101_1_1,223599.0,231157.0,192959.0,192432.0,7558.0,-30640.0,-31167.0,-0.1370310242890174
26_0608,1990,1,asphalt_overlay,"Asphalt Concrete Overlay, Fracture Treatment of PCC Pavement as Base for New AC Surface",26_0608_19900530_2_1,192432.0,182719.5,229579.0,212277.0,-9712.5,37147.0,19845.0,0.19303961919015547
26_0659,1987,1,unknown,Missing / not recorded,26_0659_19870101_1_1,223599.0,231157.0,192959.0,192432.0,7558.0,-30640.0,-31167.0,-0.1370310242890174
26_0659,1990,1,asphalt_overlay,"Asphalt Concrete Overlay, Fracture Treatment of PCC Pavement as Base for New AC Surface",26_0659_19900515_2_1,192432.0,187437.0,229579.0,212277.0,-4995.0,37147.0,19845.0,0.19303961919015547
26_0901,1995,1,unknown,Missing / not recorded,26_0901_19950401_1_1,581284.0,574607.0,437970.0,604001.0,-6677.0,-143314.0,22717.0,-0.2465472987386544
26_0901,1996,1,asphalt_overlay,"Asphalt Concrete Overlay, Fracture Treatment of PCC Pavement as Base for New AC Surface",26_0901_19960628_2_1,574607.0,437970.0,604001.0,619837.0,-136637.0,29394.0,45230.0,0.05115496330535479
26_0902,1995,1,unknown,Missing / not recorded,26_0902_19950401_1_1,581284.0,574607.0,437970.0,604001.0,-6677.0,-143314.0,22717.0,-0.2465472987386544
26_0902,1996,1,asphalt_overlay,"Asphalt Concrete Overlay, Fracture Treatment of PCC Pavement as Base for New AC Surface",26_0902_19960628_2_1,574607.0,437970.0,604001.0,619837.0,-136637.0,29394.0,45230.0,0.05115496330535479
26_0903,1995,1,unknown,Missing / not recorded,26_0903_19950401_1_1,581284.0,574607.0,437970.0,604001.0,-6677.0,-143314.0,22717.0,-0.2465472987386544
26_0903,1996,1,asphalt_overlay,"Asphalt Concrete Overlay, Fracture Treatment of PCC Pavement as Base for New AC Surface",26_0903_19960628_2_1,574607.0,437970.0,604001.0,619837.0,-136637.0,29394.0,45230.0,0.05115496330535479
26_1001,1987,1,unknown,Missing / not recorded,26_1001_19870101_1_1,8862.0,9174.0,8224.0,8509.0,312.0,-638.0,-353.0,-0.0719927781539156
26_1004,1987,1,unknown,Missing / not recorded,26_1004_19870101_1_1,20024.0,20638.0,21230.0,23101.0,614.0,1206.0,3077.0,0.060227726727926485
26_1004,1991,1,crack_sealing,Crack Sealing,26_1004_19910605_2_1,22701.0,14981.5,25995.0,37233.0,-7719.5,3294.0,14532.0,0.1451037399233514
26_1004,1996,1,patching,Skin Patching (hand tools/hot pot to apply liquid asphalt and aggregate),26_1004_19960601_3_1,36273.0,34299.0,33416.0,32067.0,-1974.0,-2857.0,-4206.0,-0.07876381881840487
26_1010,1987,1,unknown,Missing / not recorded,26_1010_19870101_1_1,93095.0,95095.0,33108.0,41895.0,2000.0,-59987.0,-51200.0,-0.6443632848165852
26_1012,1987,1,unknown,Missing / not recorded,26_1012_19870101_1_1,76258.0,147003.0,109306.0,109008.0,70745.0,33048.0,32750.0,0.4333709250177031
26_1012,1992,1,patching,Manual Premix Spot Patch (hand spreading and compacting with roller),26_1012_19921001_2_1,170594.0,86514.5,155260.0,151612.0,-84079.5,-15334.0,-18982.0,-0.08988592799277817
26_1012,1995,1,patching,Manual Premix Spot Patch (hand spreading and compacting with roller),26_1012_19951001_3_1,151612.0,116671.33333333333,165126.0,136236.0,-34940.66666666667,13514.0,-15376.0,0.0891354246365723
26_1013,1987,1,unknown,Missing / not recorded,26_1013_19870101_1_1,88441.0,178213.0,96003.0,95741.0,89772.0,7562.0,7300.0,0.08550332990355151
26_1013,1990,1,crack_sealing,Crack Sealing,26_1013_19900615_2_1,95741.0,132638.0,197962.0,163241.0,36897.0,102221.0,67500.0,1.0676826020200332
26_3068,1987,1,unknown,Missing / not recorded,26_3068_19870101_1_1,51260.0,55143.0,82937.0,63861.0,3883.0,31677.0,12601.0,0.61796722590714
26_3068,1991,1,patching,Partial Depth Patching of PCC Pavement Other Than at Joint,26_3068_19910401_2_1,78576.0,47996.5,58140.333333333336,51444.0,-30579.5,-20435.666666666664,-27132.0,-0.2600751713839679
26_3068,1992,1,patching,Partial Depth Patching of PCC Pavement Other Than at Joint,26_3068_19920315_3_1,47996.5,58140.333333333336,51444.0,,10143.833333333336,3447.5,,0.0718281541362391
26_3069,1987,1,unknown,Missing / not recorded,26_3069_19870101_1_1,51260.0,55143.0,82937.0,63861.0,3883.0,31677.0,12601.0,0.61796722590714
26_3069,1998,1,patching,"Patch Pot Holes - Hand Spread, Compacted with Truck",26_3069_19980601_2_1,144772.0,124907.5,161521.0,154166.0,-19864.5,16749.0,9394.0,0.11569226093443484
26_3069,2001,1,crack_sealing,"Manual Premix Spot Patch (hand spreading and compacting with roller), Lane-Shoulder Longitudinal Joint Sealing",26_3069_20010901_3_1,154166.0,105996.66666666667,124787.0,128938.0,-48169.33333333333,-29379.0,-25228.0,-0.19056731056134296
26_4015,1987,1,unknown,Missing / not recorded,26_4015_19870101_1_1,129090.0,149957.0,174357.0,201119.0,20867.0,45267.0,72029.0,0.35066232860794794
26_4015,1999,1,patching,Partial Depth Patching of PCC Pavement Other Than at Joint,26_4015_19990601_2_1,501590.0,432138.0,563318.0,523106.0,-69452.0,61728.0,21516.0,0.12306465439901114
26_4015,2002,1,patching,"Full Depth Patching of PCC Pavement Other Than at Joint, Partial Depth Patching of PCC Pavement Other Than at Joint",26_4015_20020501_3_1,523106.0,535266.0,632892.0,670806.0,12160.0,109786.0,147700.0,0.2098733335117548
26_4015,2007,1,patching,Full Depth Patching of PCC Pavement Other Than at Joint,26_4015_20070601_4_1,565368.0,551855.5,607466.0,513941.0,-13512.5,42098.0,-51427.0,0.07446123586761189
26_5363,1987,1,unknown,Missing / not recorded,26_5363_19870101_1_1,221426.0,258482.0,324128.0,323242.0,37056.0,102702.0,101816.0,0.46382087017784723
26_5363,1995,1,patching,Partial Depth Patching of PCC Pavement Other Than at Joint,26_5363_19950601_2_1,736364.0,570023.0,509289.6666666667,713201.0,-166341.0,-227074.3333333333,-23163.0,-0.30837239915766296
26_5363,1996,1,patching,Partial Depth Patching of PCC Pavement Other Than at Joint,26_5363_19960901_3_1,570023.0,509289.6666666667,713201.0,189654.0,-60733.333333333314,143178.0,-380369.0,0.2511793383775742
26_6016,1987,1,unknown,Missing / not recorded,26_6016_19870101_1_1,134111.0,138810.0,74647.0,130279.0,4699.0,-59464.0,-3832.0,-0.4433939050488029
26_7072,1987,1,unknown,Missing / not recorded,26_7072_19870101_1_1,373091.0,373091.0,479759.0,478448.0,0.0,106668.0,105357.0,0.28590343910734917
26_7072,1990,1,crack_sealing,Crack Sealing,26_7072_19901115_2_1,478448.0,270028.0,478448.0,334585.0,-208420.0,0.0,-143863.0,0.0
26_9029,1987,1,unknown,Missing / not recorded,26_9029_19870101_1_1,519484.0,519484.0,446678.0,459810.0,0.0,-72806.0,-59674.0,-0.14015061099090637
26_9029,2008,1,patching,"Partial depth patching of PCC pavements at joints, Partial Depth Patching of PCC Pavement Other Than at Joint",26_9029_20080401_2_1,709881.0,637834.5,707676.0,618941.0,-72046.5,-2205.0,-90940.0,-0.00310615441179578
26_9029,2012,1,patching,Full Depth Transverse Joint Repair Patch,26_9029_20120409_3_1,515031.0,637383.6666666666,750355.0,614578.0,122352.66666666663,235324.0,99547.0,0.45691230236626534
26_9029,2015,1,patching,Manual Premix Spot Patch (hand spreading and compacting with roller),26_9029_20150601_4_1,614578.0,769097.25,784013.25,797283.75,154519.25,169435.25,182705.75,0.27569364669740865
26_9030,1987,1,unknown,Missing / not recorded,26_9030_19870101_1_1,538707.0,538707.0,436611.0,589025.0,0.0,-102096.0,50318.0,-0.18952046288613292
26_9030,1999,1,reconstruction_or_major_rehab,PCC Slab Replacement,26_9030_19990401_2_1,888705.0,810227.0,911976.0,686306.0,-78478.0,23271.0,-202399.0,0.026185292082299527
26_9030,2001,1,patching,Partial depth patching of PCC pavements at joints,26_9030_20010901_3_1,911976.0,686306.0,898417.0,231822.0,-225670.0,-13559.0,-680154.0,-0.014867715817082905
26_A310,1987,1,unknown,Missing / not recorded,26_A310_19870101_1_1,88441.0,178213.0,96003.0,95741.0,89772.0,7562.0,7300.0,0.08550332990355151
26_A310,1990,2,asphalt_overlay,Asphalt Concrete Overlay | Crack Sealing,26_A310_19900615_2_1 | 26_A310_19901030_3_1,95741.0,98285.0,197962.0,163241.0,2544.0,102221.0,67500.0,1.0676826020200332
26_A320,1987,1,unknown,Missing / not recorded,26_A320_19870101_1_1,88441.0,178213.0,96003.0,95741.0,89772.0,7562.0,7300.0,0.08550332990355151
26_A320,1990,1,seal_coat,Slurry Seal Coat,26_A320_19900807_2_1,95741.0,120196.0,197962.0,163241.0,24455.0,102221.0,67500.0,1.0676826020200332
26_A321,1987,1,unknown,Missing / not recorded,26_A321_19870101_1_1,88441.0,178213.0,96003.0,95741.0,89772.0,7562.0,7300.0,0.08550332990355151
26_A321,1990,1,seal_coat,Slurry Seal Coat,26_A321_19900808_2_1,95741.0,119961.0,197962.0,163241.0,24220.0,102221.0,67500.0,1.0676826020200332
26_A330,1987,1,unknown,Missing / not recorded,26_A330_19870101_1_1,88441.0,178213.0,96003.0,95741.0,89772.0,7562.0,7300.0,0.08550332990355151
26_A330,1990,1,crack_sealing,Crack Sealing,26_A330_19900805_2_1,95741.0,120665.5,197962.0,163241.0,24924.5,102221.0,67500.0,1.0676826020200332
26_A340,1987,1,unknown,Missing / not recorded,26_A340_19870101_1_1,88441.0,178213.0,96003.0,95741.0,89772.0,7562.0,7300.0,0.08550332990355151
26_A340,1990,1,crack_sealing,Crack Sealing,26_A340_19900805_2_1,95741.0,120665.5,197962.0,145251.66666666666,24924.5,102221.0,49510.66666666666,1.0676826020200332
26_A340,1992,1,patching,Manual Premix Spot Patch (hand spreading and compacting with roller),26_A340_19920501_3_1,197962.0,145251.66666666666,174648.0,178015.0,-52710.33333333334,-23314.0,-19947.0,-0.11777007708550126
26_A340,1995,1,patching,Manual Premix Spot Patch (hand spreading and compacting with roller),26_A340_19950501_4_1,178015.0,171530.0,198454.0,182780.0,-6485.0,20439.0,4765.0,0.11481616717692329
26_A350,1987,1,unknown,Missing / not recorded,26_A350_19870101_1_1,88441.0,178213.0,96003.0,95741.0,89772.0,7562.0,7300.0,0.08550332990355151
26_A350,1990,1,seal_coat,Aggregate Seal Coat,26_A350_19900805_2_1,95741.0,120665.5,197962.0,163241.0,24924.5,102221.0,67500.0,1.0676826020200332
26_B310,1987,1,unknown,Missing / not recorded,26_B310_19870101_1_1,76258.0,147003.0,109306.0,109008.0,70745.0,33048.0,32750.0,0.4333709250177031
26_B310,1990,1,crack_sealing,"Crack Sealing, AC Shoulder Restoration, Asphalt Concrete Overlay",26_B310_19901002_2_1,109008.0,94021.0,170594.0,138272.0,-14987.0,61586.0,29264.0,0.5649677087920153
26_B320,1987,1,unknown,Missing / not recorded,26_B320_19870101_1_1,76258.0,147003.0,109306.0,109008.0,70745.0,33048.0,32750.0,0.4333709250177031
26_B320,1990,1,seal_coat,Slurry Seal Coat,26_B320_19900808_2_1,109008.0,105361.0,170594.0,138272.0,-3647.0,61586.0,29264.0,0.5649677087920153
26_B321,1987,1,unknown,Missing / not recorded,26_B321_19870101_1_1,76258.0,147003.0,109306.0,109008.0,70745.0,33048.0,32750.0,0.4333709250177031
26_B321,1990,1,seal_coat,Slurry Seal Coat,26_B321_19900808_2_1,109008.0,105361.0,170594.0,138272.0,-3647.0,61586.0,29264.0,0.5649677087920153
26_B321,1994,1,patching,Manual Premix Spot Patch (hand spreading and compacting with roller),26_B321_19941001_3_1,155260.0,113812.66666666667,155420.0,165126.0,-41447.33333333333,160.0,9866.0,0.0010305294344969728
26_B330,1987,1,unknown,Missing / not recorded,26_B330_19870101_1_1,76258.0,147003.0,109306.0,109008.0,70745.0,33048.0,32750.0,0.4333709250177031
26_B330,1990,1,crack_sealing,Crack Sealing,26_B330_19900807_2_1,109008.0,105567.5,170594.0,138272.0,-3440.5,61586.0,29264.0,0.5649677087920153
26_B340,1987,1,unknown,Missing / not recorded,26_B340_19870101_1_1,76258.0,147003.0,109306.0,109008.0,70745.0,33048.0,32750.0,0.4333709250177031
26_B340,1994,1,patching,Manual Premix Spot Patch (hand spreading and compacting with roller),26_B340_19941001_2_1,155260.0,94913.0,155420.0,165126.0,-60347.0,160.0,9866.0,0.0010305294344969728
26_B350,1987,1,unknown,Missing / not recorded,26_B350_19870101_1_1,76258.0,147003.0,109306.0,109008.0,70745.0,33048.0,32750.0,0.4333709250177031
26_B350,1990,1,seal_coat,Aggregate Seal Coat,26_B350_19900808_2_1,109008.0,105361.0,170594.0,138272.0,-3647.0,61586.0,29264.0,0.5649677087920153
26_B350,1994,1,patching,Manual Premix Spot Patch (hand spreading and compacting with roller),26_B350_19941001_3_1,155260.0,113812.66666666667,155420.0,165126.0,-41447.33333333333,160.0,9866.0,0.0010305294344969728
26_C310,1987,1,unknown,Missing / not recorded,26_C310_19870101_1_1,8862.0,9174.0,8224.0,8509.0,312.0,-638.0,-353.0,-0.0719927781539156
26_C310,1990,1,asphalt_overlay,"AC Shoulder Restoration, Asphalt Concrete Overlay",26_C310_19901003_2_1,8509.0,4594.0,9512.0,9360.0,-3915.0,1003.0,851.0,0.11787519097426255
26_C320,1987,1,unknown,Missing / not recorded,26_C320_19870101_1_1,8862.0,9174.0,8224.0,8509.0,312.0,-638.0,-353.0,-0.0719927781539156
26_C320,1990,1,seal_coat,Slurry Seal Coat,26_C320_19900809_2_1,8509.0,5149.5,9512.0,9360.0,-3359.5,1003.0,851.0,0.11787519097426255
26_C330,1987,1,unknown,Missing / not recorded,26_C330_19870101_1_1,8862.0,9174.0,8224.0,8509.0,312.0,-638.0,-353.0,-0.0719927781539156
26_C330,1990,1,crack_sealing,Crack Sealing,26_C330_19900809_2_1,8509.0,5149.5,9512.0,9360.0,-3359.5,1003.0,851.0,0.11787519097426255
26_C330,1994,1,patching,"Patch Pot Holes - Hand Spread, Compacted with Truck",26_C330_19940601_3_1,13250.0,12048.666666666666,16290.0,17842.0,-1201.333333333334,3040.0,4592.0,0.22943396226415094
26_C340,1987,1,unknown,Missing / not recorded,26_C340_19870101_1_1,8862.0,9174.0,8224.0,8509.0,312.0,-638.0,-353.0,-0.0719927781539156
26_C350,1987,1,unknown,Missing / not recorded,26_C350_19870101_1_1,8862.0,9174.0,8224.0,8509.0,312.0,-638.0,-353.0,-0.0719927781539156
26_C350,1990,1,seal_coat,Aggregate Seal Coat,26_C350_19900809_2_1,8509.0,5149.5,9512.0,9360.0,-3359.5,1003.0,851.0,0.11787519097426255
26_C351,1987,1,unknown,Missing / not recorded,26_C351_19870101_1_1,8862.0,9174.0,8224.0,8509.0,312.0,-638.0,-353.0,-0.0719927781539156
26_C351,1990,1,seal_coat,"Surface Treatment, Single Layer",26_C351_19900907_2_1,8509.0,5694.666666666667,9512.0,9360.0,-2814.333333333333,1003.0,851.0,0.11787519097426255
26_C351,1992,1,patching,"Patch Pot Holes - Hand Spread, Compacted with Truck",26_C351_19920601_3_1,9512.0,9360.0,13250.0,13976.0,-152.0,3738.0,4464.0,0.39297729184188396
26_D310,1987,1,unknown,Missing / not recorded,26_D310_19870101_1_1,93095.0,95095.0,33108.0,41895.0,2000.0,-59987.0,-51200.0,-0.6443632848165852
26_D310,1990,1,crack_sealing,"Crack Sealing, AC Shoulder Restoration, Asphalt Concrete Overlay",26_D310_19901011_2_1,41895.0,9637.0,16462.0,17558.0,-32258.0,-25433.0,-24337.0,-0.6070652822532522
26_D320,1987,1,unknown,Missing / not recorded,26_D320_19870101_1_1,93095.0,95095.0,33108.0,41895.0,2000.0,-59987.0,-51200.0,-0.6443632848165852
26_D320,1990,1,seal_coat,Slurry Seal Coat,26_D320_19900810_2_1,41895.0,10973.5,16462.0,17558.0,-30921.5,-25433.0,-24337.0,-0.6070652822532522
26_D330,1987,1,unknown,Missing / not recorded,26_D330_19870101_1_1,93095.0,95095.0,33108.0,41895.0,2000.0,-59987.0,-51200.0,-0.6443632848165852
26_D330,1990,1,crack_sealing,Crack Sealing,26_D330_19900810_2_1,41895.0,10973.5,16462.0,17558.0,-30921.5,-25433.0,-24337.0,-0.6070652822532522
26_D340,1987,1,unknown,Missing / not recorded,26_D340_19870101_1_1,93095.0,95095.0,33108.0,41895.0,2000.0,-59987.0,-51200.0,-0.6443632848165852
26_D350,1987,1,unknown,Missing / not recorded,26_D350_19870101_1_1,93095.0,95095.0,33108.0,41895.0,2000.0,-59987.0,-51200.0,-0.6443632848165852
26_D350,1990,1,seal_coat,Aggregate Seal Coat,26_D350_19900810_2_1,41895.0,10973.5,16462.0,17558.0,-30921.5,-25433.0,-24337.0,-0.6070652822532522
26_D351,1987,1,unknown,Missing / not recorded,26_D351_19870101_1_1,93095.0,95095.0,33108.0,41895.0,2000.0,-59987.0,-51200.0,-0.6443632848165852
26_D351,1990,1,seal_coat,Aggregate Seal Coat,26_D351_19900913_2_1,41895.0,10240.5,16462.0,17558.0,-31654.5,-25433.0,-24337.0,-0.6070652822532522
27_0501,1987,1,unknown,Missing / not recorded,27_0501_19870101_1_1,71522.0,66061.0,62833.0,67261.0,-5461.0,-8689.0,-4261.0,-0.12148709487989709
27_0501,1999,1,patching,Skin Patching (hand tools/hot pot to apply liquid asphalt and aggregate),27_0501_19990604_2_1,70126.0,55332.5,70318.0,57126.333333333336,-14793.5,192.0,-12999.666666666664,0.0027379288708895416
27_0501,2001,1,patching,Skin Patching (hand tools/hot pot to apply liquid asphalt and aggregate),27_0501_20010801_3_1,70318.0,57126.333333333336,71566.0,72471.0,-13191.666666666664,1248.0,2153.0,0.017747945049631675
27_0501,2004,1,patching,Skin Patching (hand tools/hot pot to apply liquid asphalt and aggregate),27_0501_20040901_4_1,72471.0,60954.25,67345.2,,-11516.75,-5125.800000000003,,-0.07072898124767152
27_0502,1987,1,unknown,Missing / not recorded,27_0502_19870101_1_1,71522.0,66061.0,62833.0,67261.0,-5461.0,-8689.0,-4261.0,-0.12148709487989709
27_0502,1990,1,asphalt_overlay,Hot-Mix Recycled Asphalt Concrete Overlay,27_0502_19900915_2_1,67261.0,35467.5,43869.666666666664,48983.0,-31793.5,-23391.333333333336,-18278.0,-0.347769633715427
27_0502,1991,1,crack_sealing,Crack Sealing,27_0502_19910615_3_1,35467.5,43869.666666666664,48983.0,51653.0,8402.166666666664,13515.5,16185.5,0.38106717417353914
27_0502,2001,1,patching,Skin Patching (hand tools/hot pot to apply liquid asphalt and aggregate),27_0502_20010801_4_1,70318.0,60555.25,71566.0,72471.0,-9762.75,1248.0,2153.0,0.017747945049631675
27_0502,2004,1,patching,Skin Patching (hand tools/hot pot to apply liquid asphalt and aggregate),27_0502_20040901_5_1,72471.0,63392.4,73420.0,,-9078.599999999999,949.0,,0.01309489312966566
27_0503,1987,1,unknown,Missing / not recorded,27_0503_19870101_1_1,71522.0,66061.0,62833.0,67261.0,-5461.0,-8689.0,-4261.0,-0.12148709487989709
27_0503,1990,1,asphalt_overlay,Hot-Mix Recycled Asphalt Concrete Overlay,27_0503_19900915_2_1,67261.0,35467.5,43869.666666666664,48983.0,-31793.5,-23391.333333333336,-18278.0,-0.347769633715427
27_0503,1991,1,crack_sealing,Crack Sealing,27_0503_19910615_3_1,35467.5,43869.666666666664,48983.0,51653.0,8402.166666666664,13515.5,16185.5,0.38106717417353914
27_0503,2001,1,patching,Skin Patching (hand tools/hot pot to apply liquid asphalt and aggregate),27_0503_20010801_4_1,70318.0,60555.25,71566.0,72471.0,-9762.75,1248.0,2153.0,0.017747945049631675
27_0504,1987,1,unknown,Missing / not recorded,27_0504_19870101_1_1,71522.0,66061.0,62833.0,67261.0,-5461.0,-8689.0,-4261.0,-0.12148709487989709
27_0504,1990,1,asphalt_overlay,Asphalt Concrete Overlay,27_0504_19900915_2_1,67261.0,35467.5,43869.666666666664,48983.0,-31793.5,-23391.333333333336,-18278.0,-0.347769633715427
27_0504,1991,1,crack_sealing,Crack Sealing,27_0504_19910615_3_1,35467.5,43869.666666666664,48983.0,51653.0,8402.166666666664,13515.5,16185.5,0.38106717417353914
27_0504,2001,1,patching,Skin Patching (hand tools/hot pot to apply liquid asphalt and aggregate),27_0504_20010801_4_1,70318.0,60555.25,71566.0,72471.0,-9762.75,1248.0,2153.0,0.017747945049631675
27_0504,2004,1,patching,Skin Patching (hand tools/hot pot to apply liquid asphalt and aggregate),27_0504_20040901_5_1,72471.0,63392.4,73420.0,,-9078.599999999999,949.0,,0.01309489312966566
27_0505,1987,1,unknown,Missing / not recorded,27_0505_19870101_1_1,71522.0,66061.0,62833.0,67261.0,-5461.0,-8689.0,-4261.0,-0.12148709487989709
27_0505,1990,1,asphalt_overlay,Asphalt Concrete Overlay,27_0505_19900915_2_1,67261.0,35467.5,43869.666666666664,48983.0,-31793.5,-23391.333333333336,-18278.0,-0.347769633715427
27_0505,1991,1,crack_sealing,Crack Sealing,27_0505_19910615_3_1,35467.5,43869.666666666664,48983.0,51653.0,8402.166666666664,13515.5,16185.5,0.38106717417353914
27_0505,1999,1,patching,Skin Patching (hand tools/hot pot to apply liquid asphalt and aggregate),27_0505_19990604_4_1,70126.0,62729.25,70318.0,62612.6,-7396.75,192.0,-7513.4000000000015,0.0027379288708895416
27_0505,2001,1,patching,Skin Patching (hand tools/hot pot to apply liquid asphalt and aggregate),27_0505_20010801_5_1,70318.0,62612.6,71566.0,64429.666666666664,-7705.4000000000015,1248.0,-5888.333333333336,0.017747945049631675
27_0505,2003,1,patching,Skin Patching (hand tools/hot pot to apply liquid asphalt and aggregate),27_0505_20030901_6_1,71566.0,64429.666666666664,66178.85714285714,73420.0,-7136.333333333336,-5387.142857142855,1854.0,-0.07527517057181979
27_0505,2004,1,patching,Skin Patching (hand tools/hot pot to apply liquid asphalt and aggregate),27_0505_20040901_7_1,64429.666666666664,66178.85714285714,73420.0,,1749.1904761904807,8990.333333333336,,0.13953716973030025
27_0506,1987,1,unknown,Missing / not recorded,27_0506_19870101_1_1,71522.0,66061.0,62833.0,67261.0,-5461.0,-8689.0,-4261.0,-0.12148709487989709
27_0506,1990,1,asphalt_overlay,Mill Existing Pavement and Overlay with Hot-Mix Recycled AC,27_0506_19900915_2_1,67261.0,35467.5,43869.666666666664,48983.0,-31793.5,-23391.333333333336,-18278.0,-0.347769633715427
27_0506,1991,1,crack_sealing,Crack Sealing,27_0506_19910615_3_1,35467.5,43869.666666666664,48983.0,51653.0,8402.166666666664,13515.5,16185.5,0.38106717417353914
27_0506,1999,1,patching,Skin Patching (hand tools/hot pot to apply liquid asphalt and aggregate),27_0506_19990604_4_1,70126.0,62729.25,70318.0,62612.6,-7396.75,192.0,-7513.4000000000015,0.0027379288708895416
27_0506,2001,1,patching,Skin Patching (hand tools/hot pot to apply liquid asphalt and aggregate),27_0506_20010801_5_1,70318.0,62612.6,71566.0,72471.0,-7705.4000000000015,1248.0,2153.0,0.017747945049631675
27_0506,2004,1,patching,Skin Patching (hand tools/hot pot to apply liquid asphalt and aggregate),27_0506_20040901_6_1,72471.0,65017.833333333336,73420.0,,-7453.166666666664,949.0,,0.01309489312966566
27_0507,1987,1,unknown,Missing / not recorded,27_0507_19870101_1_1,71522.0,66061.0,62833.0,67261.0,-5461.0,-8689.0,-4261.0,-0.12148709487989709
27_0507,1990,1,asphalt_overlay,Mill Existing Pavement and Overlay with Hot-Mix Recycled AC,27_0507_19900915_2_1,67261.0,35467.5,43869.666666666664,48983.0,-31793.5,-23391.333333333336,-18278.0,-0.347769633715427
27_0507,1991,1,crack_sealing,Crack Sealing,27_0507_19910615_3_1,35467.5,43869.666666666664,48983.0,51653.0,8402.166666666664,13515.5,16185.5,0.38106717417353914
27_0507,1999,1,patching,Skin Patching (hand tools/hot pot to apply liquid asphalt and aggregate),27_0507_19990601_4_1,70126.0,62873.25,70318.0,62612.6,-7252.75,192.0,-7513.4000000000015,0.0027379288708895416
27_0507,2001,1,patching,Skin Patching (hand tools/hot pot to apply liquid asphalt and aggregate),27_0507_20010801_5_1,70318.0,62612.6,71566.0,72471.0,-7705.4000000000015,1248.0,2153.0,0.017747945049631675
27_0507,2004,1,patching,Skin Patching (hand tools/hot pot to apply liquid asphalt and aggregate),27_0507_20040901_6_1,72471.0,65017.833333333336,73420.0,,-7453.166666666664,949.0,,0.01309489312966566
27_0508,1987,1,unknown,Missing / not recorded,27_0508_19870101_1_1,71522.0,66061.0,62833.0,67261.0,-5461.0,-8689.0,-4261.0,-0.12148709487989709
27_0508,1990,1,asphalt_overlay,Mill Existing Pavement and Overlay with Hot-Mix Recycled AC,27_0508_19900915_2_1,67261.0,35467.5,43869.666666666664,48983.0,-31793.5,-23391.333333333336,-18278.0,-0.347769633715427
27_0508,1991,1,crack_sealing,Crack Sealing,27_0508_19910615_3_1,35467.5,43869.666666666664,48983.0,51653.0,8402.166666666664,13515.5,16185.5,0.38106717417353914
27_0508,2001,1,patching,Skin Patching (hand tools/hot pot to apply liquid asphalt and aggregate),27_0508_20010801_4_1,70318.0,60555.25,71566.0,72471.0,-9762.75,1248.0,2153.0,0.017747945049631675
27_0509,1987,1,unknown,Missing / not recorded,27_0509_19870101_1_1,71522.0,66061.0,62833.0,67261.0,-5461.0,-8689.0,-4261.0,-0.12148709487989709
27_0509,1990,1,asphalt_overlay,Mill Existing Pavement and Overlay with Hot-Mix Recycled AC,27_0509_19900915_2_1,67261.0,35467.5,43869.666666666664,48983.0,-31793.5,-23391.333333333336,-18278.0,-0.347769633715427
27_0509,1991,1,crack_sealing,Crack Sealing,27_0509_19910615_3_1,35467.5,43869.666666666664,48983.0,51653.0,8402.166666666664,13515.5,16185.5,0.38106717417353914
27_0509,2001,1,patching,Skin Patching (hand tools/hot pot to apply liquid asphalt and aggregate),27_0509_20010801_4_1,70318.0,60555.25,71566.0,72471.0,-9762.75,1248.0,2153.0,0.017747945049631675
27_0559,1987,1,unknown,Missing / not recorded,27_0559_19870101_1_1,71522.0,66061.0,62833.0,67261.0,-5461.0,-8689.0,-4261.0,-0.12148709487989709
27_0559,1990,1,asphalt_overlay,Asphalt Concrete Overlay,27_0559_19900915_2_1,67261.0,35467.5,43869.666666666664,48983.0,-31793.5,-23391.333333333336,-18278.0,-0.347769633715427
27_0559,1991,1,crack_sealing,Crack Sealing,27_0559_19910615_3_1,35467.5,43869.666666666664,48983.0,51653.0,8402.166666666664,13515.5,16185.5,0.38106717417353914
27_0559,2001,1,patching,Skin Patching (hand tools/hot pot to apply liquid asphalt and aggregate),27_0559_20010801_4_1,70318.0,60555.25,71566.0,72471.0,-9762.75,1248.0,2153.0,0.017747945049631675
27_0559,2004,1,patching,Skin Patching (hand tools/hot pot to apply liquid asphalt and aggregate),27_0559_20040901_5_1,72471.0,63392.4,73420.0,,-9078.599999999999,949.0,,0.01309489312966566
27_0560,1987,1,unknown,Missing / not recorded,27_0560_19870101_1_1,71522.0,66061.0,62833.0,67261.0,-5461.0,-8689.0,-4261.0,-0.12148709487989709
27_0560,1990,1,asphalt_overlay,"Asphalt Concrete Overlay, Other",27_0560_19900915_2_1,67261.0,35467.5,43869.666666666664,48983.0,-31793.5,-23391.333333333336,-18278.0,-0.347769633715427
27_0560,1991,1,crack_sealing,Crack Sealing,27_0560_19910615_3_1,35467.5,43869.666666666664,48983.0,51653.0,8402.166666666664,13515.5,16185.5,0.38106717417353914
27_0560,1999,1,patching,Skin Patching (hand tools/hot pot to apply liquid asphalt and aggregate),27_0560_19990601_4_1,70126.0,62873.25,70318.0,62612.6,-7252.75,192.0,-7513.4000000000015,0.0027379288708895416
27_0560,2001,1,patching,Skin Patching (hand tools/hot pot to apply liquid asphalt and aggregate),27_0560_20010801_5_1,70318.0,62612.6,71566.0,67474.16666666667,-7705.4000000000015,1248.0,-2843.8333333333285,0.017747945049631675
27_0560,2003,1,patching,Manual Premix Spot Patch (hand spreading and compacting with roller),27_0560_20030601_6_1,71566.0,67474.16666666667,73145.0,73420.0,-4091.8333333333285,1579.0,1854.0,0.022063549730318866
27_0561,1987,1,unknown,Missing / not recorded,27_0561_19870101_1_1,71522.0,66061.0,62833.0,67261.0,-5461.0,-8689.0,-4261.0,-0.12148709487989709
27_0561,1990,1,asphalt_overlay,Asphalt Concrete Overlay,27_0561_19900915_2_1,67261.0,35467.5,43869.666666666664,48983.0,-31793.5,-23391.333333333336,-18278.0,-0.347769633715427
27_0561,1991,1,crack_sealing,Crack Sealing,27_0561_19910615_3_1,35467.5,43869.666666666664,48983.0,51653.0,8402.166666666664,13515.5,16185.5,0.38106717417353914
27_0561,2001,1,patching,Skin Patching (hand tools/hot pot to apply liquid asphalt and aggregate),27_0561_20010801_4_1,70318.0,60555.25,71566.0,72471.0,-9762.75,1248.0,2153.0,0.017747945049631675
27_0561,2004,1,patching,Skin Patching (hand tools/hot pot to apply liquid asphalt and aggregate),27_0561_20040901_5_1,72471.0,63392.4,73420.0,,-9078.599999999999,949.0,,0.01309489312966566
27_0701,1987,1,unknown,Missing / not recorded,27_0701_19870101_1_1,207099.0,231919.0,257150.0,277011.0,24820.0,50051.0,69912.0,0.2416766860293869
27_0701,1990,1,reconstruction_or_major_rehab,Longitudinal Subdrains,27_0701_19901003_2_1,277011.0,186079.5,260575.0,303084.0,-90931.5,-16436.0,26073.0,-0.05933338387284259
27_0701,1991,1,patching,Partial Depth Patching of PCC Pavement Other Than at Joint,27_0701_19910601_3_1,186079.5,260575.0,303084.0,281401.75,74495.5,117004.5,95322.25,0.6287876955817272
27_0701,1993,1,patching,Partial Depth Patching of PCC Pavement Other Than at Joint,27_0701_19930615_4_1,303084.0,281401.75,332507.0,328900.2,-21682.25,29423.0,25816.20000000001,0.09707869765477557
27_0701,1995,1,patching,Partial Depth Patching of PCC Pavement Other Than at Joint,27_0701_19950601_5_1,332507.0,328900.2,328817.0,349330.0,-3606.7999999999884,-3690.0,16823.0,-0.011097510729097433
27_0701,1998,1,patching,Partial Depth Patching of PCC Pavement Other Than at Joint,27_0701_19980901_6_1,349330.0,258681.66666666666,270719.0,403149.0,-90648.33333333334,-78611.0,53819.0,-0.22503363581713565
27_0701,2001,1,patching,"AC Shoulder Replacement, Partial Depth Patching of PCC Pavement Other Than at Joint",27_0701_20010701_7_1,403149.0,385039.5714285714,426723.0,439329.0,-18109.42857142858,23574.0,36180.0,0.058474658252904016
27_0702,1987,1,unknown,Missing / not recorded,27_0702_19870101_1_1,207099.0,231919.0,257150.0,277011.0,24820.0,50051.0,69912.0,0.2416766860293869
27_0702,1990,1,asphalt_overlay,"Grinding Surface, Portland Cement Concrete Overlay, Longitudinal Subdrains",27_0702_19900910_2_1,277011.0,195485.5,302256.0,303084.0,-81525.5,25245.0,26073.0,0.09113356509308294
27_0703,1987,1,unknown,Missing / not recorded,27_0703_19870101_1_1,207099.0,231919.0,257150.0,277011.0,24820.0,50051.0,69912.0,0.2416766860293869
27_0703,1990,1,asphalt_overlay,"Grinding Surface, Portland Cement Concrete Overlay, Longitudinal Subdrains",27_0703_19900910_2_1,277011.0,195485.5,302256.0,303084.0,-81525.5,25245.0,26073.0,0.09113356509308294
27_0704,1987,1,unknown,Missing / not recorded,27_0704_19870101_1_1,207099.0,231919.0,257150.0,277011.0,24820.0,50051.0,69912.0,0.2416766860293869
27_0704,1990,1,asphalt_overlay,"Portland Cement Concrete Overlay, Longitudinal Subdrains",27_0704_19900910_2_1,277011.0,195485.5,302256.0,303084.0,-81525.5,25245.0,26073.0,0.09113356509308294
27_0704,2004,1,patching,Partial Depth Patching of PCC Pavement Other Than at Joint,27_0704_20041101_3_1,439329.0,328082.3333333333,205810.0,,-111246.66666666669,-233519.0,,-0.5315355917774607
27_0705,1987,1,unknown,Missing / not recorded,27_0705_19870101_1_1,207099.0,231919.0,257150.0,277011.0,24820.0,50051.0,69912.0,0.2416766860293869
27_0705,1990,1,asphalt_overlay,"Portland Cement Concrete Overlay, Longitudinal Subdrains",27_0705_19900910_2_1,277011.0,195485.5,302256.0,303084.0,-81525.5,25245.0,26073.0,0.09113356509308294
27_0706,1987,1,unknown,Missing / not recorded,27_0706_19870101_1_1,207099.0,231919.0,257150.0,277011.0,24820.0,50051.0,69912.0,0.2416766860293869
27_0706,1990,1,asphalt_overlay,"Portland Cement Concrete Overlay, Longitudinal Subdrains",27_0706_19900910_2_1,277011.0,195485.5,302256.0,303084.0,-81525.5,25245.0,26073.0,0.09113356509308294
27_0707,1987,1,unknown,Missing / not recorded,27_0707_19870101_1_1,207099.0,231919.0,257150.0,277011.0,24820.0,50051.0,69912.0,0.2416766860293869
27_0707,1990,1,asphalt_overlay,"Portland Cement Concrete Overlay, Longitudinal Subdrains",27_0707_19900910_2_1,277011.0,195485.5,302256.0,303084.0,-81525.5,25245.0,26073.0,0.09113356509308294
27_0707,2004,1,patching,Partial Depth Patching of PCC Pavement Other Than at Joint,27_0707_20041101_3_1,439329.0,328082.3333333333,205810.0,,-111246.66666666669,-233519.0,,-0.5315355917774607
27_0708,1987,1,unknown,Missing / not recorded,27_0708_19870101_1_1,207099.0,231919.0,257150.0,277011.0,24820.0,50051.0,69912.0,0.2416766860293869
27_0708,1990,1,asphalt_overlay,"Grinding Surface, Portland Cement Concrete Overlay, Longitudinal Subdrains",27_0708_19900910_2_1,277011.0,195485.5,302256.0,303084.0,-81525.5,25245.0,26073.0,0.09113356509308294
27_0708,1995,1,patching,Partial Depth Patching of PCC Pavement Other Than at Joint,27_0708_19950601_3_1,332507.0,309121.6666666667,328817.0,349330.0,-23385.333333333314,-3690.0,16823.0,-0.011097510729097433
27_0708,1998,1,patching,Partial Depth Patching of PCC Pavement Other Than at Joint,27_0708_19980901_4_1,349330.0,242539.0,270719.0,403149.0,-106791.0,-78611.0,53819.0,-0.22503363581713565
27_0708,2001,1,patching,Partial Depth Patching of PCC Pavement Other Than at Joint,27_0708_20010701_5_1,403149.0,373297.0,426723.0,439329.0,-29852.0,23574.0,36180.0,0.058474658252904016
27_0709,1987,1,unknown,Missing / not recorded,27_0709_19870101_1_1,207099.0,231919.0,257150.0,277011.0,24820.0,50051.0,69912.0,0.2416766860293869
27_0709,1990,1,asphalt_overlay,"Grinding Surface, Portland Cement Concrete Overlay, Longitudinal Subdrains",27_0709_19900910_2_1,277011.0,195485.5,302256.0,303084.0,-81525.5,25245.0,26073.0,0.09113356509308294
27_0759,1987,1,unknown,Missing / not recorded,27_0759_19870101_1_1,207099.0,231919.0,257150.0,277011.0,24820.0,50051.0,69912.0,0.2416766860293869
27_0759,1990,1,asphalt_overlay,"Portland Cement Concrete Overlay, Longitudinal Subdrains",27_0759_19900910_2_1,277011.0,195485.5,302256.0,303084.0,-81525.5,25245.0,26073.0,0.09113356509308294
27_0759,2004,1,patching,Partial Depth Patching of PCC Pavement Other Than at Joint,27_0759_20040701_3_1,439329.0,378970.3333333333,205810.0,,-60358.666666666686,-233519.0,,-0.5315355917774607
27_0901,1993,2,asphalt_overlay,"AC Shoulder Replacement, Asphalt Concrete Overlay, Fracture Treatment of PCC Pavement as Base for New AC Surface | Missing / not recorded",27_0901_19930101_1_1 | 27_0901_19930720_2_1,275012.0,197060.0,186480.0,228419.0,-77952.0,-88532.0,-46593.0,-0.3219204980146321
27_0902,1993,2,asphalt_overlay,"AC Shoulder Replacement, Asphalt Concrete Overlay, Fracture Treatment of PCC Pavement as Base for New AC Surface | Missing / not recorded",27_0902_19930101_1_1 | 27_0902_19930720_2_1,275012.0,197060.0,186480.0,196920.0,-77952.0,-88532.0,-78092.0,-0.3219204980146321
27_0902,1995,1,patching,"Patch Pot Holes - Hand Spread, Compacted with Truck",27_0902_19950601_3_1,186480.0,196920.0,211245.0,199588.0,10440.0,24765.0,13108.0,0.1328024453024453
27_0902,2001,1,shoulder_restoration,AC Shoulder Restoration,27_0902_20010915_4_1,294129.0,246744.5,305354.0,311028.0,-47384.5,11225.0,16899.0,0.03816352688786213
27_0902,2004,1,patching,Skin Patching (hand tools/hot pot to apply liquid asphalt and aggregate),27_0902_20040901_5_1,311028.0,275885.2,228839.0,,-35142.79999999999,-82189.0,,-0.26424952094345205
27_0903,1993,2,asphalt_overlay,"AC Shoulder Replacement, Asphalt Concrete Overlay, Fracture Treatment of PCC Pavement as Base for New AC Surface | Missing / not recorded",27_0903_19930101_1_1 | 27_0903_19930720_2_1,275012.0,197060.0,186480.0,228419.0,-77952.0,-88532.0,-46593.0,-0.3219204980146321
27_0903,2001,1,shoulder_restoration,AC Shoulder Restoration,27_0903_20010915_3_1,294129.0,229173.66666666666,305354.0,311028.0,-64955.33333333334,11225.0,16899.0,0.03816352688786213
27_0903,2004,1,patching,Skin Patching (hand tools/hot pot to apply liquid asphalt and aggregate),27_0903_20040901_4_1,311028.0,265274.25,228839.0,,-45753.75,-82189.0,,-0.26424952094345205
27_0909,1993,4,asphalt_overlay,"AC Shoulder Replacement, Asphalt Concrete Overlay | Fracture Treatment of PCC Pavement as Base for New AC Surface | Grinding Surface | Missing / not recorded",27_0909_19930101_1_1 | 27_0909_19930625_2_1 | 27_0909_19930626_3_1 | 27_0909_19930720_4_1,275012.0,168988.25,186480.0,228419.0,-106023.75,-88532.0,-46593.0,-0.3219204980146321
27_0910,1993,2,asphalt_overlay,"AC Shoulder Replacement, Asphalt Concrete Overlay, Fracture Treatment of PCC Pavement as Base for New AC Surface | Missing / not recorded",27_0910_19930101_1_1 | 27_0910_19930720_2_1,275012.0,197060.0,186480.0,228419.0,-77952.0,-88532.0,-46593.0,-0.3219204980146321
27_0910,2001,1,patching,"Full Depth Patch of AC Pavement (removing damaged material, repairing supporting material, and repairing), Skin Patching (hand tools/hot pot to apply liquid asphalt and aggregate)",27_0910_20010915_3_1,294129.0,229173.66666666666,305354.0,311028.0,-64955.33333333334,11225.0,16899.0,0.03816352688786213
27_1003,2004,1,patching,"Full Depth Patch of AC Pavement (removing damaged material, repairing supporting material, and repairing)",27_1003_20040601_2_1,908545.0,736211.0,945714.0,964411.0,-172334.0,37169.0,55866.0,0.040910466735274535
27_1004,2000,1,crack_sealing,Crack Sealing,27_1004_20000701_2_1,792645.0,645012.5,872981.0,890356.0,-147632.5,80336.0,97711.0,0.10135180314011948
27_1004,2003,1,seal_coat,"Surface Treatment, Double Layer",27_1004_20030601_3_1,890356.0,783257.0,929149.0,945714.0,-107099.0,38793.0,55358.0,0.043570212364492406
27_1016,1987,1,unknown,Missing / not recorded,27_1016_19870101_1_1,17126.0,18041.0,19247.0,20109.0,915.0,2121.0,2983.0,0.12384678266962514
27_1016,1998,1,asphalt_overlay,Asphalt Concrete Overlay,27_1016_19980916_2_1,48710.0,28720.5,30347.0,34406.0,-19989.5,-18363.0,-14304.0,-0.3769862451242045
27_1016,1999,1,crack_sealing,Crack Sealing,27_1016_19990315_3_1,28720.5,30347.0,34406.0,36121.0,1626.5,5685.5,7400.5,0.19795964554934628
27_1017,1998,1,patching,"Full Depth Patch of AC Pavement (removing damaged material, repairing supporting material, and repairing), Patch Pot Holes - Hand Spread, Compacted with Truck",27_1017_19980801_2_1,744439.0,537145.5,792645.0,858453.0,-207293.5,48206.0,114014.0,0.06475480193810372
27_1017,2004,1,seal_coat,"Surface Treatment, Single Layer",27_1017_20040601_3_1,908545.0,800523.6666666666,945714.0,964411.0,-108021.33333333337,37169.0,55866.0,0.040910466735274535
27_1018,1987,1,unknown,Missing / not recorded,27_1018_19870101_1_1,62301.0,68798.0,73109.0,77252.0,6497.0,10808.0,14951.0,0.1734803614709234
27_1018,1993,1,patching,"Patch Pot Holes - Hand Spread, Compacted with Truck",27_1018_19930615_2_1,100172.0,81004.0,88022.0,57923.0,-19168.0,-12150.0,-42249.0,-0.12129137882841512
27_1018,1994,1,seal_coat,"Surface Treatment, Single Layer",27_1018_19940829_3_1,81004.0,88022.0,57923.0,126328.0,7018.0,-23081.0,45324.0,-0.28493654634339044
27_1018,1995,1,asphalt_overlay,Mill Existing Pavement and Overlay with Hot-Mix Recycled AC,27_1018_19950622_4_1,88022.0,57923.0,126328.0,145002.0,-30099.0,38306.0,56980.0,0.4351866578809843
27_1018,2003,2,crack_sealing,Aggregate Seal Coat | Crack Sealing,27_1018_20030401_5_1 | 27_1018_20030725_6_1,119773.0,90807.33333333333,128293.0,131602.0,-28965.66666666667,8520.0,11829.0,0.07113456288145074
27_1019,1987,1,unknown,Missing / not recorded,27_1019_19870101_1_1,27773.0,27151.0,27225.0,27773.0,-622.0,-548.0,0.0,-0.019731393799733554
27_1019,1992,1,patching,"Patch Pot Holes - Hand Spread, Compacted with Truck",27_1019_19920315_2_1,24174.0,51618.5,48006.0,39512.666666666664,27444.5,23832.0,15338.666666666664,0.9858525688756515
27_1020,1999,1,seal_coat,"Surface Treatment, Double Layer",27_1020_19990601_2_1,756981.0,628687.0,858453.0,872981.0,-128294.0,101472.0,116000.0,0.134048278622581
27_1020,2003,1,seal_coat,"Surface Treatment, Single Layer",27_1020_20030601_3_1,890356.0,783257.0,929149.0,945714.0,-107099.0,38793.0,55358.0,0.043570212364492406
27_1023,1987,1,unknown,Missing / not recorded,27_1023_19870101_1_1,140007.0,152910.0,162774.0,231094.0,12903.0,22767.0,91087.0,0.16261329790653326
27_1023,1998,1,asphalt_overlay,Mill Existing Pavement and Overlay with Hot-Mix Recycled AC,27_1023_19980622_2_1,176393.0,93221.0,212632.0,221989.0,-83172.0,36239.0,45596.0,0.2054446605024009
27_1023,2001,1,crack_sealing,Crack Sealing,27_1023_20010415_3_1,221989.0,197402.5,239817.0,249287.0,-24586.5,17828.0,27298.0,0.08031028564478421
27_1023,2016,1,patching,"Patch Pot Holes - Hand Spread, Compacted with Truck",27_1023_20160601_4_1,406701.0,345117.0,358357.3333333333,,-61584.0,-48343.666666666686,,-0.11886783328948462
27_1028,1987,1,unknown,Missing / not recorded,27_1028_19870101_1_1,64757.0,68279.0,69620.0,72952.0,3522.0,4863.0,8195.0,0.0750961286038575
27_1028,1997,1,asphalt_overlay,Mill Off AC and Overlay with AC,27_1028_19970723_2_1,102756.0,54992.5,107066.0,98956.0,-47763.5,4310.0,-3800.0,0.04194402273346569
27_1029,1987,1,unknown,Missing / not recorded,27_1029_19870101_1_1,54866.0,58080.0,62570.0,64854.0,3214.0,7704.0,9988.0,0.14041482885575765
27_1085,1987,1,unknown,Missing / not recorded,27_1085_19870101_1_1,18503.0,18503.0,18554.0,19569.0,0.0,51.0,1066.0,0.0027563097876020103
27_1085,1990,1,patching,"Patch Pot Holes - Hand Spread, Compacted with Truck",27_1085_19900401_2_1,19569.0,13560.0,12820.0,19724.0,-6009.0,-6749.0,155.0,-0.34488221166130106
27_1087,1987,1,unknown,Missing / not recorded,27_1087_19870101_1_1,55121.0,52756.0,49873.0,49737.0,-2365.0,-5248.0,-5384.0,-0.09520872262839934
27_1087,1999,1,patching,"Patch Pot Holes - Hand Spread, Compacted with Truck",27_1087_19990215_2_1,59047.0,40124.0,43293.0,44546.0,-18923.0,-15754.0,-14501.0,-0.26680441004623434
27_1087,2008,1,patching,"Patch Pot Holes - Hand Spread, Compacted with Truck",27_1087_20080601_3_1,52502.0,46796.666666666664,47206.0,42359.5,-5705.333333333336,-5296.0,-10142.5,-0.10087234772008685
27_1087,2010,1,seal_coat,"Surface Treatment, Single Layer",27_1087_20100601_4_1,47206.0,42359.5,43336.8,18510.0,-4846.5,-3869.199999999997,-28696.0,-0.08196415709867383
27_1087,2011,1,patching,"Patch Pot Holes - Hand Spread, Compacted with Truck",27_1087_20110601_5_1,42359.5,43336.8,18510.0,,977.3000000000029,-23849.5,,-0.5630260036119407
27_2018,1998,1,patching,"Full Depth Patch of AC Pavement (removing damaged material, repairing supporting material, and repairing)",27_2018_19980801_2_1,744439.0,537145.5,792645.0,739614.3333333334,-207293.5,48206.0,-4824.666666666628,0.06475480193810372
27_2018,2000,1,crack_sealing,"Crack Sealing, Full Depth Patch of AC Pavement (removing damaged material, repairing supporting material, and repairing)",27_2018_20000601_3_1,792645.0,739614.3333333334,872981.0,890356.0,-53030.66666666663,80336.0,97711.0,0.10135180314011948
27_2018,2003,1,seal_coat,"Surface Treatment, Double Layer",27_2018_20030601_4_1,890356.0,814579.0,929149.0,945714.0,-75777.0,38793.0,55358.0,0.043570212364492406
27_2023,1999,1,seal_coat,"Surface Treatment, Double Layer",27_2023_19990601_2_1,756981.0,628687.0,858453.0,872981.0,-128294.0,101472.0,116000.0,0.134048278622581
27_2023,2003,1,crack_sealing,Crack Sealing,27_2023_20030601_3_1,890356.0,783257.0,929149.0,945714.0,-107099.0,38793.0,55358.0,0.043570212364492406
27_3003,1987,1,unknown,Missing / not recorded,27_3003_19870101_1_1,59545.0,52609.0,46528.0,47691.0,-6936.0,-13017.0,-11854.0,-0.21860777563187506
27_3003,2007,1,patching,Partial depth patching of PCC pavements at joints,27_3003_20070601_2_1,103549.0,85273.0,111938.0,108348.0,-18276.0,8389.0,4799.0,0.0810147852707414
27_3007,2007,1,grinding,Grinding Surface,27_3007_20071001_2_1,964411.0,615358.0,1005603.0,1045013.0,-349053.0,41192.0,80602.0,0.042712080223058425
27_3007,2011,1,patching,Partial depth patching of PCC pavements at joints,27_3007_20110901_3_1,1069964.0,852410.6666666666,1123306.0,1145308.0,-217553.33333333337,53342.0,75344.0,0.049854013779902874
27_3009,2008,1,grinding,Grinding Surface,27_3009_20081001_2_1,982957.0,629189.0,1045013.0,1069964.0,-353768.0,62056.0,87007.0,0.06313195795950383
27_3009,2011,1,patching,Partial depth patching of PCC pavements at joints,27_3009_20110901_3_1,1069964.0,852410.6666666666,1123306.0,1145308.0,-217553.33333333337,53342.0,75344.0,0.049854013779902874
27_3012,2011,1,patching,Partial depth patching of PCC pavements at joints,27_3012_20110801_2_1,1069964.0,777374.5,1123306.0,853489.6666666666,-292589.5,53342.0,-216474.33333333337,0.049854013779902874
27_3012,2013,1,patching,"Full Depth Transverse Joint Repair Patch, Full Depth Patching of PCC Pavement Other Than at Joint",27_3012_20131007_3_1,1123306.0,853489.6666666666,1170106.0,1195614.0,-269816.3333333334,46800.0,72308.0,0.04166273482025379
27_3013,1987,1,unknown,Missing / not recorded,27_3013_19870101_1_1,50204.0,51235.0,52762.0,53932.0,1031.0,2558.0,3728.0,0.05095211536929328
27_3013,2001,1,patching,Partial depth patching of PCC pavements at joints,27_3013_20010315_2_1,107288.0,97643.5,109718.0,110648.0,-9644.5,2430.0,3360.0,0.02264931772425621
27_4033,1987,1,unknown,Missing / not recorded,27_4033_19870101_1_1,182214.0,167177.0,162853.0,164694.0,-15037.0,-19361.0,-17520.0,-0.10625418464003863
27_4033,2002,1,patching,Partial depth patching of PCC pavements at joints,27_4033_20020601_2_1,256088.0,209739.0,272965.0,281721.0,-46349.0,16877.0,25633.0,0.06590312705007653
27_4034,1987,1,unknown,Missing / not recorded,27_4034_19870101_1_1,220002.0,221515.0,224081.0,227070.0,1513.0,4079.0,7068.0,0.018540740538722376
27_4034,1990,1,patching,Full Depth Patching of PCC Pavement Other Than at Joint,27_4034_19900601_2_1,227070.0,315829.5,395402.0,350816.0,88759.5,168332.0,123746.0,0.741322059276875
27_4034,1994,1,patching,Partial Depth Patching of PCC Pavement Other Than at Joint,27_4034_19940615_3_1,357038.0,321142.0,389585.0,402413.0,-35896.0,32547.0,45375.0,0.0911583640956985
27_4034,1999,1,crack_sealing,"Transverse Joint Sealing, Lane-Shoulder Longitudinal Joint Sealing",27_4034_19990601_4_1,386791.0,353478.25,403141.0,366326.8,-33312.75,16350.0,-20464.20000000001,0.04227089048090571
27_4034,2001,1,patching,Partial Depth Patching of PCC Pavement Other Than at Joint,27_4034_20010801_5_1,403141.0,366326.8,426223.0,439579.0,-36814.20000000001,23082.0,36438.0,0.057255401956139415
27_4034,2008,1,patching,"Grinding Surface, Partial depth patching of PCC pavements at joints, Partial Depth Patching of PCC Pavement Other Than at Joint",27_4034_20080601_6_1,494470.0,475106.1666666667,156997.0,501962.0,-19363.833333333314,-337473.0,7492.0,-0.6824943879305114
27_4037,1987,1,unknown,Missing / not recorded,27_4037_19870101_1_1,88054.0,89884.0,92142.0,94408.0,1830.0,4088.0,6354.0,0.04642605673791083
27_4037,1995,1,crack_sealing,"Transverse Joint Sealing, Lane-Shoulder Longitudinal Joint Sealing",27_4037_19950717_2_1,127212.0,106441.5,115692.0,135473.0,-20770.5,-11520.0,8261.0,-0.0905574945759834
27_4040,1987,1,unknown,Missing / not recorded,27_4040_19870101_1_1,49646.0,49646.0,49782.0,51192.0,0.0,136.0,1546.0,0.0027393949160053176
27_4040,2001,1,patching,Partial depth patching of PCC pavements at joints,27_4040_20010601_2_1,64282.0,52150.5,66882.0,68331.0,-12131.5,2600.0,4049.0,0.04044678136959024
27_4050,1987,1,unknown,Missing / not recorded,27_4050_19870101_1_1,32939.0,35685.0,37406.0,39008.0,2746.0,4467.0,6069.0,0.13561431737454083
27_4050,1998,1,grinding,"AC Shoulder Restoration, Grinding Surface",27_4050_19980915_2_1,50963.0,31938.5,53837.0,41633.0,-19024.5,2874.0,-9330.0,0.05639385436493142
27_4050,2002,1,patching,Partial depth patching of PCC pavements at joints,27_4050_20020601_3_1,40685.0,34398.0,39173.0,38722.0,-6287.0,-1512.0,-1963.0,-0.03716357379869731
27_4050,2008,1,grinding,Grinding Surface,27_4050_20080901_4_1,36470.0,29819.25,35285.0,34500.0,-6650.75,-1185.0,-1970.0,-0.03249245955579929
27_4050,2014,1,crack_sealing,"Transverse Joint Sealing, Lane-Shoulder Longitudinal Joint Sealing, Full Depth Transverse Joint Repair Patch",27_4050_20140601_5_1,32547.0,29448.6,31548.0,31191.0,-3098.4000000000015,-999.0,-1356.0,-0.030694073186468798
27_4054,1987,1,unknown,Missing / not recorded,27_4054_19870101_1_1,296470.0,254092.0,211982.0,227547.0,-42378.0,-84488.0,-68923.0,-0.28497993051573517
27_4054,1992,1,patching,Partial depth patching of PCC pavements at joints,27_4054_19920601_2_1,289792.0,269934.5,380320.0,408900.0,-19857.5,90528.0,119108.0,0.31238957597173145
27_4054,2002,1,patching,Partial depth patching of PCC pavements at joints,27_4054_20020601_3_1,650715.0,594855.3333333334,731481.0,777206.0,-55859.66666666663,80766.0,126491.0,0.12411885387612089
27_4055,1987,1,unknown,Missing / not recorded,27_4055_19870101_1_1,374679.0,386383.0,397798.0,425273.0,11704.0,23119.0,50594.0,0.06170348484969801
27_4055,1991,1,patching,Partial depth patching of PCC pavements at joints,27_4055_19910815_2_1,460098.0,318877.5,529217.0,562156.0,-141220.5,69119.0,102058.0,0.15022669083543072
27_4055,1994,1,patching,Partial depth patching of PCC pavements at joints,27_4055_19940601_3_1,562156.0,498976.0,623747.0,658880.0,-63180.0,61591.0,96724.0,0.10956211443086972
27_4055,1999,1,shoulder_restoration,AC Shoulder Restoration,27_4055_19990701_4_1,763672.0,720035.75,943998.0,1007275.0,-43636.25,180326.0,243603.0,0.2361301710682073
27_4055,2002,1,patching,Partial depth patching of PCC pavements at joints,27_4055_20020601_5_1,1007275.0,988832.2,1153413.0,1237799.0,-18442.800000000047,146138.0,230524.0,0.1450825246332928
27_4082,1987,1,unknown,Missing / not recorded,27_4082_19870101_1_1,171816.0,173441.0,180458.0,186852.0,1625.0,8642.0,15036.0,0.05029799320203008
27_5076,1987,1,unknown,Missing / not recorded,27_5076_19870101_1_1,170527.0,200055.0,230486.0,244711.0,29528.0,59959.0,74184.0,0.35161000897218625
27_5076,1990,1,asphalt_overlay,Asphalt Concrete Overlay,27_5076_19900815_2_1,244711.0,130325.0,266847.0,282547.0,-114386.0,22136.0,37836.0,0.09045772360049201
27_6064,1987,1,unknown,Missing / not recorded,27_6064_19870101_1_1,352735.0,320593.0,285408.0,331699.0,-32142.0,-67327.0,-21036.0,-0.19087133400428083
27_6064,1990,2,asphalt_overlay,"AC Shoulder Restoration, Asphalt Concrete Overlay, Mill Existing Pavement and Overlay with Hot-Mix Recycled AC | Crack Sealing",27_6064_19900815_2_1 | 27_6064_19901001_3_1,331699.0,158069.66666666666,367318.0,361265.0,-173629.33333333334,35619.0,29566.0,0.10738350130690777
27_6064,1998,1,patching,Skin Patching (hand tools/hot pot to apply liquid asphalt and aggregate),27_6064_19980415_4_1,511303.0,475914.3333333333,536965.0,548930.0,-35388.666666666686,25662.0,37627.0,0.050189418016323005
27_6064,2001,1,seal_coat,Slurry Seal Coat,27_6064_20010903_5_1,548930.0,469806.5,581389.0,598527.0,-79123.5,32459.0,49597.0,0.05913140108939209
27_6251,1987,1,unknown,Missing / not recorded,27_6251_19870101_1_1,55077.0,56564.0,58495.0,60212.0,1487.0,3418.0,5135.0,0.0620585725438931
27_6251,1998,1,asphalt_overlay,Mill Existing Pavement and Overlay with Hot-Mix Recycled AC,27_6251_19980622_2_1,78799.0,41796.0,88039.0,91519.0,-37003.0,9240.0,12720.0,0.1172603713245092
27_6251,2001,1,crack_sealing,Crack Sealing,27_6251_20010601_3_1,91519.0,74887.0,97656.0,101651.0,-16632.0,6137.0,10132.0,0.06705711382335909
27_6251,2015,1,crack_sealing,Crack Sealing,27_6251_20150601_4_1,148331.0,132467.66666666666,135945.5,140311.25,-15863.333333333343,-12385.5,-8019.75,-0.08349906627744706
27_6251,2016,1,patching,Skin Patching (hand tools/hot pot to apply liquid asphalt and aggregate),27_6251_20160601_5_1,132467.66666666666,135945.5,140311.25,69730.0,3477.833333333343,7843.583333333343,-62737.66666666666,0.05921130439377667
27_6300,1987,1,unknown,Missing / not recorded,27_6300_19870101_1_1,142306.0,146119.0,154721.0,162180.0,3813.0,12415.0,19874.0,0.08724157800795469
27_6300,1990,1,patching,Partial depth patching of PCC pavements at joints,27_6300_19900601_2_1,162180.0,146590.0,182084.0,171062.0,-15590.0,19904.0,8882.0,0.12272783327167346
27_6300,1997,1,patching,Full Depth Transverse Joint Repair Patch,27_6300_19970601_3_1,213692.0,228525.66666666666,237722.0,273896.0,14833.666666666657,24030.0,60204.0,0.11245156580499036
27_6300,2003,1,patching,Partial depth patching of PCC pavements at joints,27_6300_20030601_4_1,335745.0,313400.5,364032.0,378654.0,-22344.5,28287.0,42909.0,0.08425144082562659
27_7090,1987,1,unknown,Missing / not recorded,27_7090_19870101_1_1,180032.0,182717.0,183218.0,193744.0,2685.0,3186.0,13712.0,0.017696853892641307
27_9075,1987,1,unknown,Missing / not recorded,27_9075_19870101_1_1,34047.0,35351.0,35447.0,36288.0,1304.0,1400.0,2241.0,0.04111962874849473
27_A310,1987,1,unknown,Missing / not recorded,27_A310_19870101_1_1,17126.0,18041.0,19247.0,20109.0,915.0,2121.0,2983.0,0.12384678266962514
27_A310,1990,1,asphalt_overlay,Asphalt Concrete Overlay,27_A310_19900913_2_1,20109.0,11739.0,27225.0,31137.0,-8370.0,7116.0,11028.0,0.3538714008652842
27_A320,1987,1,unknown,Missing / not recorded,27_A320_19870101_1_1,17126.0,18041.0,19247.0,20109.0,915.0,2121.0,2983.0,0.12384678266962514
27_A320,1990,1,seal_coat,Slurry Seal Coat,27_A320_19900727_2_1,20109.0,12925.5,27225.0,31137.0,-7183.5,7116.0,11028.0,0.3538714008652842
27_A330,1987,1,unknown,Missing / not recorded,27_A330_19870101_1_1,17126.0,18041.0,19247.0,20109.0,915.0,2121.0,2983.0,0.12384678266962514
27_A330,1990,1,crack_sealing,Crack Sealing,27_A330_19900728_2_1,20109.0,12900.5,27225.0,31137.0,-7208.5,7116.0,11028.0,0.3538714008652842
27_A340,1987,1,unknown,Missing / not recorded,27_A340_19870101_1_1,17126.0,18041.0,19247.0,20109.0,915.0,2121.0,2983.0,0.12384678266962514
27_A350,1987,1,unknown,Missing / not recorded,27_A350_19870101_1_1,17126.0,18041.0,19247.0,20109.0,915.0,2121.0,2983.0,0.12384678266962514
27_A350,1990,1,seal_coat,Aggregate Seal Coat,27_A350_19900727_2_1,20109.0,12925.5,27225.0,31137.0,-7183.5,7116.0,11028.0,0.3538714008652842
27_B310,1987,1,unknown,Missing / not recorded,27_B310_19870101_1_1,55077.0,56564.0,58495.0,60212.0,1487.0,3418.0,5135.0,0.0620585725438931
27_B310,1990,1,asphalt_overlay,Asphalt Concrete Overlay,27_B310_19900914_2_1,60212.0,40419.0,77004.0,74567.0,-19793.0,16792.0,14355.0,0.2788812861223676
27_B310,1991,1,crack_sealing,Crack Sealing,27_B310_19910305_3_1,40419.0,77004.0,74567.0,75739.0,36585.0,34148.0,35320.0,0.8448501942155917
27_B320,1987,1,unknown,Missing / not recorded,27_B320_19870101_1_1,55077.0,56564.0,58495.0,60212.0,1487.0,3418.0,5135.0,0.0620585725438931
27_B320,1990,1,seal_coat,Slurry Seal Coat,27_B320_19900727_2_1,60212.0,44597.5,81705.0,74567.0,-15614.5,21493.0,14355.0,0.35695542416793996
27_B330,1987,1,unknown,Missing / not recorded,27_B330_19870101_1_1,55077.0,56564.0,58495.0,60212.0,1487.0,3418.0,5135.0,0.0620585725438931
27_B330,1990,1,crack_sealing,Crack Sealing,27_B330_19900728_2_1,60212.0,44512.5,81705.0,74567.0,-15699.5,21493.0,14355.0,0.35695542416793996
27_B340,1987,1,unknown,Missing / not recorded,27_B340_19870101_1_1,55077.0,56564.0,58495.0,60212.0,1487.0,3418.0,5135.0,0.0620585725438931
27_B350,1987,1,unknown,Missing / not recorded,27_B350_19870101_1_1,55077.0,56564.0,58495.0,60212.0,1487.0,3418.0,5135.0,0.0620585725438931
27_B350,1990,1,seal_coat,Aggregate Seal Coat,27_B350_19900727_2_1,60212.0,44597.5,81705.0,74567.0,-15614.5,21493.0,14355.0,0.35695542416793996
27_C310,1987,1,unknown,Missing / not recorded,27_C310_19870101_1_1,64757.0,68279.0,69620.0,72952.0,3522.0,4863.0,8195.0,0.0750961286038575
27_C310,1990,1,asphalt_overlay,Asphalt Concrete Overlay,27_C310_19900828_2_1,72952.0,52047.5,79631.0,82039.0,-20904.5,6679.0,9087.0,0.09155335014804254
27_C320,1987,1,unknown,Missing / not recorded,27_C320_19870101_1_1,64757.0,68279.0,69620.0,72952.0,3522.0,4863.0,8195.0,0.0750961286038575
27_C320,1990,1,seal_coat,Slurry Seal Coat,27_C320_19900730_2_1,72952.0,55121.5,79631.0,82039.0,-17830.5,6679.0,9087.0,0.09155335014804254
27_C330,1987,1,unknown,Missing / not recorded,27_C330_19870101_1_1,64757.0,68279.0,69620.0,72952.0,3522.0,4863.0,8195.0,0.0750961286038575
27_C330,1990,1,crack_sealing,Crack Sealing,27_C330_19900730_2_1,72952.0,55121.5,79631.0,82039.0,-17830.5,6679.0,9087.0,0.09155335014804254
27_C340,1987,1,unknown,Missing / not recorded,27_C340_19870101_1_1,64757.0,68279.0,69620.0,72952.0,3522.0,4863.0,8195.0,0.0750961286038575
27_C350,1987,1,unknown,Missing / not recorded,27_C350_19870101_1_1,64757.0,68279.0,69620.0,72952.0,3522.0,4863.0,8195.0,0.0750961286038575
27_C350,1990,1,seal_coat,Aggregate Seal Coat,27_C350_19900730_2_1,72952.0,55121.5,79631.0,82039.0,-17830.5,6679.0,9087.0,0.09155335014804254
27_D310,1987,1,unknown,Missing / not recorded,27_D310_19870101_1_1,27773.0,27151.0,27225.0,27773.0,-622.0,-548.0,0.0,-0.019731393799733554
27_D310,1992,1,asphalt_overlay,Asphalt Concrete Overlay,27_D310_19920801_2_1,24174.0,37565.0,48006.0,51905.333333333336,13391.0,23832.0,27731.333333333336,0.9858525688756515
27_D310,1994,1,crack_sealing,Crack Sealing,27_D310_19940315_3_1,48006.0,51905.333333333336,56988.0,57930.0,3899.3333333333358,8982.0,9924.0,0.1871016122984627
27_D320,1987,1,unknown,Missing / not recorded,27_D320_19870101_1_1,27773.0,27151.0,27225.0,27773.0,-622.0,-548.0,0.0,-0.019731393799733554
27_D320,1990,1,seal_coat,Slurry Seal Coat,27_D320_19900731_2_1,27773.0,18510.5,24174.0,52982.0,-9262.5,-3599.0,25209.0,-0.12958628884168077
27_D330,1987,1,unknown,Missing / not recorded,27_D330_19870101_1_1,27773.0,27151.0,27225.0,27773.0,-622.0,-548.0,0.0,-0.019731393799733554
27_D330,1990,1,crack_sealing,Crack Sealing,27_D330_19900731_2_1,27773.0,18510.5,24174.0,30978.0,-9262.5,-3599.0,3205.0,-0.12958628884168077
27_D340,1987,1,unknown,Missing / not recorded,27_D340_19870101_1_1,27773.0,27151.0,27225.0,27773.0,-622.0,-548.0,0.0,-0.019731393799733554
27_D340,1991,1,patching,"Patch Pot Holes - Hand Spread, Compacted with Truck",27_D340_19910601_2_1,26036.0,19173.5,52982.0,48006.0,-6862.5,26946.0,21970.0,1.0349516054693502
27_D350,1987,1,unknown,Missing / not recorded,27_D350_19870101_1_1,27773.0,27151.0,27225.0,27773.0,-622.0,-548.0,0.0,-0.019731393799733554
27_D350,1990,1,seal_coat,Aggregate Seal Coat,27_D350_19900731_2_1,27773.0,18510.5,24174.0,52982.0,-9262.5,-3599.0,25209.0,-0.12958628884168077
28_0501,1987,1,unknown,Missing / not recorded,28_0501_19870101_1_1,367332.0,413317.0,493405.0,540762.0,45985.0,126073.0,173430.0,0.3432126795378568
28_0502,1987,1,unknown,Missing / not recorded,28_0502_19870101_1_1,367332.0,413317.0,493405.0,540762.0,45985.0,126073.0,173430.0,0.3432126795378568
28_0502,1990,1,asphalt_overlay,"AC Shoulder Restoration, Hot-Mix Recycled Asphalt Concrete Overlay",28_0502_19900924_2_1,540762.0,288114.0,473111.0,529503.0,-252648.0,-67651.0,-11259.0,-0.12510309526187122
28_0503,1987,1,unknown,Missing / not recorded,28_0503_19870101_1_1,367332.0,413317.0,493405.0,540762.0,45985.0,126073.0,173430.0,0.3432126795378568
28_0503,1990,1,asphalt_overlay,"AC Shoulder Restoration, Hot-Mix Recycled Asphalt Concrete Overlay",28_0503_19900918_2_1,540762.0,291839.5,473111.0,529503.0,-248922.5,-67651.0,-11259.0,-0.12510309526187122
28_0504,1987,1,unknown,Missing / not recorded,28_0504_19870101_1_1,367332.0,413317.0,493405.0,540762.0,45985.0,126073.0,173430.0,0.3432126795378568
28_0504,1990,1,asphalt_overlay,"AC Shoulder Restoration, Asphalt Concrete Overlay",28_0504_19900827_2_1,540762.0,305500.5,473111.0,529503.0,-235261.5,-67651.0,-11259.0,-0.12510309526187122
28_0505,1987,1,unknown,Missing / not recorded,28_0505_19870101_1_1,367332.0,413317.0,493405.0,540762.0,45985.0,126073.0,173430.0,0.3432126795378568
28_0505,1990,1,asphalt_overlay,"AC Shoulder Restoration, Asphalt Concrete Overlay",28_0505_19900923_2_1,540762.0,288735.0,473111.0,529503.0,-252027.0,-67651.0,-11259.0,-0.12510309526187122
28_0506,1987,1,unknown,Missing / not recorded,28_0506_19870101_1_1,367332.0,413317.0,493405.0,540762.0,45985.0,126073.0,173430.0,0.3432126795378568
28_0506,1990,1,asphalt_overlay,"AC Shoulder Restoration, Mill Off AC and Overlay with AC",28_0506_19900812_2_1,540762.0,314814.5,473111.0,529503.0,-225947.5,-67651.0,-11259.0,-0.12510309526187122
28_0507,1987,1,unknown,Missing / not recorded,28_0507_19870101_1_1,367332.0,413317.0,493405.0,540762.0,45985.0,126073.0,173430.0,0.3432126795378568
28_0507,1990,1,asphalt_overlay,"AC Shoulder Restoration, Mill Off AC and Overlay with AC",28_0507_19900812_2_1,540762.0,314814.5,473111.0,529503.0,-225947.5,-67651.0,-11259.0,-0.12510309526187122
28_0508,1987,1,unknown,Missing / not recorded,28_0508_19870101_1_1,367332.0,413317.0,493405.0,540762.0,45985.0,126073.0,173430.0,0.3432126795378568
28_0508,1990,1,asphalt_overlay,"AC Shoulder Restoration, Mill Existing Pavement and Overlay with Hot-Mix Recycled AC",28_0508_19900812_2_1,540762.0,314814.5,473111.0,529503.0,-225947.5,-67651.0,-11259.0,-0.12510309526187122
28_0509,1987,1,unknown,Missing / not recorded,28_0509_19870101_1_1,367332.0,413317.0,493405.0,540762.0,45985.0,126073.0,173430.0,0.3432126795378568
28_0509,1990,1,asphalt_overlay,"AC Shoulder Restoration, Mill Existing Pavement and Overlay with Hot-Mix Recycled AC",28_0509_19900812_2_1,540762.0,314814.5,473111.0,529503.0,-225947.5,-67651.0,-11259.0,-0.12510309526187122
28_0560,1987,1,unknown,Missing / not recorded,28_0560_19870101_1_1,367332.0,413317.0,493405.0,540762.0,45985.0,126073.0,173430.0,0.3432126795378568
28_0560,1990,1,asphalt_overlay,"AC Shoulder Restoration, Mill Off AC and Overlay with AC",28_0560_19900812_2_1,540762.0,314814.5,473111.0,529503.0,-225947.5,-67651.0,-11259.0,-0.12510309526187122
28_0902,1995,2,asphalt_overlay,"AC Shoulder Restoration, Mill Off AC and Overlay with AC | Missing / not recorded",28_0902_19950203_1_1 | 28_0902_19950807_2_1,540374.0,334439.0,551305.0,573625.0,-205935.0,10931.0,33251.0,0.020228582426245527
28_0903,1995,2,asphalt_overlay,"AC Shoulder Restoration, Mill Off AC and Overlay with AC | Missing / not recorded",28_0903_19950203_1_1 | 28_0903_19950807_2_1,540374.0,334439.0,551305.0,573625.0,-205935.0,10931.0,33251.0,0.020228582426245527
28_0959,1995,2,asphalt_overlay,"AC Shoulder Restoration, Mill Off AC and Overlay with AC | Missing / not recorded",28_0959_19950203_1_1 | 28_0959_19950807_2_1,540374.0,334439.0,551305.0,573625.0,-205935.0,10931.0,33251.0,0.020228582426245527
28_1001,1998,1,asphalt_overlay,"AC Shoulder Replacement, Mill Existing Pavement and Overlay with Hot-Mix Recycled AC",28_1001_19980607_2_1,74164.0,77514.5,204852.0,215108.0,3350.5,130688.0,140944.0,1.7621487514157812
28_1001,2002,1,patching,"Patch Pot Holes - Hand Spread, Compacted with Truck",28_1001_20020515_3_1,165163.0,22228.5,130900.0,66519.0,-142934.5,-34263.0,-98644.0,-0.2074496103848925
28_1016,1987,1,unknown,Missing / not recorded,28_1016_19870430_1_1,5438.0,32538.0,43418.0,39564.0,27100.0,37980.0,34126.0,6.9841853622655385
28_1802,1987,1,unknown,Missing / not recorded,28_1802_19870101_1_1,71913.0,75074.0,78501.0,94199.0,3161.0,6588.0,22286.0,0.0916106962579784
28_1802,1997,1,patching,"Patch Pot Holes - Hand Spread, Compacted with Truck",28_1802_19970515_2_1,84609.0,66645.0,82043.0,73825.0,-17964.0,-2566.0,-10784.0,-0.030327742911510597
28_1802,1999,1,patching,"Patch Pot Holes - Hand Spread, Compacted with Truck",28_1802_19990515_3_1,82043.0,73825.0,83505.0,39901.0,-8218.0,1462.0,-42142.0,0.01781992369854832
28_2807,1987,1,unknown,Missing / not recorded,28_2807_19870101_1_1,86537.0,86537.0,86774.0,112477.0,0.0,237.0,25940.0,0.002738712920484879
28_2807,1992,1,patching,"Patch Pot Holes - Hand Spread, Compacted with Truck",28_2807_19920515_2_1,63634.0,54859.5,107506.0,24660.333333333332,-8774.5,43872.0,-38973.66666666667,0.6894427507307415
28_2807,1994,1,asphalt_overlay,Mill Off AC and Overlay with AC,28_2807_19940131_3_1,107506.0,24660.333333333332,93877.0,93614.0,-82845.66666666667,-13629.0,-13892.0,-0.12677431957286106
28_2807,1997,1,patching,"Full Depth Patch of AC Pavement (removing damaged material, repairing supporting material, and repairing)",28_2807_19970515_4_1,93614.0,84125.5,70542.0,70769.0,-9488.5,-23072.0,-22845.0,-0.24645886299057834
28_3018,1987,1,unknown,Missing / not recorded,28_3018_19870101_1_1,49051.0,55287.0,62362.0,71482.0,6236.0,13311.0,22431.0,0.2713706142586288
28_3018,1998,1,shoulder_restoration,AC Shoulder Replacement,28_3018_19980615_2_1,155579.0,139123.5,189380.0,198680.0,-16455.5,33801.0,43101.0,0.21725939876204373
28_3019,1987,1,unknown,Missing / not recorded,28_3019_19870101_1_1,130953.0,134879.0,139240.0,143820.0,3926.0,8287.0,12867.0,0.0632822463021084
28_3019,1997,1,shoulder_restoration,AC Shoulder Replacement,28_3019_19970615_2_1,154442.0,120414.0,189431.0,197989.0,-34028.0,34989.0,43547.0,0.22655106771474082
28_3019,2002,1,patching,Partial depth patching of PCC pavements at joints,28_3019_20020515_3_1,215049.0,194040.33333333334,227463.0,235210.0,-21008.666666666657,12414.0,20161.0,0.05772637863928686
28_3019,2007,1,patching,Partial depth patching of PCC pavements at joints,28_3019_20070515_4_1,249437.0,271012.5,281631.0,267450.0,21575.5,32194.0,18013.0,0.1290666581140729
28_3081,1987,1,unknown,Missing / not recorded,28_3081_19870101_1_1,140318.0,144159.0,151104.0,184739.0,3841.0,10786.0,44421.0,0.07686825638905914
28_3081,1990,1,shoulder_restoration,AC Shoulder Replacement,28_3081_19900915_2_1,184739.0,212471.5,340222.0,388492.0,27732.5,155483.0,203753.0,0.8416360378696431
28_3081,1996,1,asphalt_overlay,Mill Off AC and Overlay with AC,28_3081_19960807_3_1,485379.0,262979.6666666667,621817.0,640578.0,-222399.3333333333,136438.0,155199.0,0.2810958034855237
28_3083,1987,1,unknown,Missing / not recorded,28_3083_19870101_1_1,4243.0,4243.0,3522.0,3513.0,0.0,-721.0,-730.0,-0.16992693848691964
28_3085,1987,1,unknown,Missing / not recorded,28_3085_19870101_1_1,5115.0,5115.0,4193.0,4182.0,0.0,-922.0,-933.0,-0.18025415444770285
28_3085,1997,1,patching,"Patch Pot Holes - Hand Spread, Compacted with Truck",28_3085_19970515_2_1,6929.0,4991.5,3939.0,6995.0,-1937.5,-2990.0,66.0,-0.43151969981238275
28_3085,2001,1,seal_coat,"Surface Treatment, Single Layer",28_3085_20010715_3_1,7014.0,5831.333333333333,8042.0,8092.0,-1182.666666666667,1028.0,1078.0,0.14656401482748788
28_3087,1987,1,unknown,Missing / not recorded,28_3087_19870101_1_1,53989.0,53989.0,51615.0,51474.0,0.0,-2374.0,-2515.0,-0.04397192020596788
28_3087,1996,1,asphalt_overlay,Asphalt Concrete Overlay,28_3087_19960815_2_1,50584.0,25942.0,51424.0,53107.0,-24642.0,840.0,2523.0,0.016606041436027202
28_3087,2012,1,asphalt_overlay,Asphalt Concrete Overlay,28_3087_20121026_3_1,59601.0,35584.5,60042.0,60434.0,-24016.5,441.0,833.0,0.0073992047113303466
28_3089,1987,1,unknown,Missing / not recorded,28_3089_19870101_1_1,78802.0,78802.0,79018.0,102932.0,0.0,216.0,24130.0,0.0027410471815436156
28_3089,1997,1,patching,"Patch Pot Holes - Hand Spread, Compacted with Truck",28_3089_19970515_2_1,99871.0,81899.5,70011.0,64861.0,-17971.5,-29860.0,-35010.0,-0.2989856915420893
28_3090,1987,1,unknown,Missing / not recorded,28_3090_19870101_1_1,3096.0,3096.0,4445.0,4433.0,0.0,1349.0,1337.0,0.4357235142118863
28_3090,2000,1,seal_coat,Aggregate Seal Coat,28_3090_20000920_2_1,10736.0,6249.0,9462.0,7826.0,-4487.0,-1274.0,-2910.0,-0.11866616989567809
28_3091,1987,1,unknown,Missing / not recorded,28_3091_19870101_1_1,79347.0,89107.0,85921.0,98504.0,9760.0,6574.0,19157.0,0.08285127352010788
28_3091,1995,1,asphalt_overlay,Mill Off AC and Overlay with AC,28_3091_19950629_2_1,96762.0,48368.0,103204.0,92033.0,-48394.0,6442.0,-4729.0,0.06657572187428949
28_3093,1987,1,unknown,Missing / not recorded,28_3093_19870101_1_1,514779.0,522643.0,599702.0,334230.0,7864.0,84923.0,-180549.0,0.164969822001286
28_3093,1989,1,asphalt_overlay,Mill Off AC and Overlay with AC,28_3093_19890601_2_1,599702.0,334230.0,500812.0,439719.0,-265472.0,-98890.0,-159983.0,-0.16489856628792302
28_3094,1987,1,unknown,Missing / not recorded,28_3094_19870101_1_1,520530.0,527773.0,606459.0,337819.0,7243.0,85929.0,-182711.0,0.16507982248861738
28_3094,1989,1,asphalt_overlay,Mill Off AC and Overlay with AC,28_3094_19890601_2_1,606459.0,337819.0,506240.0,444359.0,-268640.0,-100219.0,-162100.0,-0.1652527211237693
28_3097,1987,1,unknown,Missing / not recorded,28_3097_19870101_1_1,410126.0,347674.0,418211.0,451313.0,-62452.0,8085.0,41187.0,0.019713453914162963
28_3097,1993,1,patching,"Patch Pot Holes - Hand Spread, Compacted with Truck",28_3097_19930515_2_1,380615.0,393220.5,335479.0,,12605.5,-45136.0,,-0.11858702363280481
28_3099,1987,1,unknown,Missing / not recorded,28_3099_19870101_1_1,410302.0,473616.0,483868.0,558771.0,63314.0,73566.0,148469.0,0.17929720059858348
28_3099,1992,1,asphalt_overlay,Asphalt Concrete Overlay,28_3099_19921101_2_1,621118.0,367488.0,727952.0,799658.0,-253630.0,106834.0,178540.0,0.17200274344005487
28_4024,1987,1,unknown,Missing / not recorded,28_4024_19870101_1_1,97016.0,99484.0,106740.0,110321.0,2468.0,9724.0,13305.0,0.10023088975014431
28_5006,1987,1,unknown,Missing / not recorded,28_5006_19870101_1_1,108686.0,111205.0,117299.0,125379.0,2519.0,8613.0,16693.0,0.0792466371013746
28_5006,1994,1,shoulder_restoration,AC Shoulder Restoration,28_5006_19940414_2_1,382010.0,365079.0,449258.0,474425.0,-16931.0,67248.0,92415.0,0.1760372765110861
28_5025,1987,1,unknown,Missing / not recorded,28_5025_19870101_1_1,68581.0,71273.0,87325.0,91673.0,2692.0,18744.0,23092.0,0.27331185022090665
28_5803,1987,1,unknown,Missing / not recorded,28_5803_19870101_1_1,197770.0,219713.0,294422.0,359921.0,21943.0,96652.0,162151.0,0.48870910653789756
28_5803,1992,1,patching,"AC Shoulder Replacement, Partial Depth Patching of PCC Pavement Other Than at Joint",28_5803_19920515_2_1,355968.0,260436.0,322679.0,403682.0,-95532.0,-33289.0,47714.0,-0.09351683297375045
28_5803,1999,1,patching,Partial Depth Patching of PCC Pavement Other Than at Joint,28_5803_19990515_3_1,517052.0,459228.0,498942.0,477464.0,-57824.0,-18110.0,-39588.0,-0.03502549066631596
28_5803,2002,1,patching,Partial Depth Patching of PCC Pavement Other Than at Joint,28_5803_20020515_4_1,477464.0,446808.5,506334.0,523236.0,-30655.5,28870.0,45772.0,0.06046529162408056
28_5803,2010,1,patching,"Patch Pot Holes - Hand Spread, Compacted with Truck",28_5803_20100601_5_1,620791.0,635995.6,651893.4,388210.125,15204.599999999977,31102.400000000023,-232580.875,0.05010124180279679
28_5803,2012,3,asphalt_overlay,AC Shoulder Replacement | Asphalt Concrete Overlay | Missing / not recorded,28_5803_20120610_6_1 | 28_5803_20120621_7_1 | 28_5803_20120915_8_1,651893.4,388210.125,290598.0,297256.0,-263683.275,-361295.4,-354637.4,-0.5542246631120978
28_5805,1987,1,unknown,Missing / not recorded,28_5805_19870101_1_1,429885.0,595439.0,498169.0,525705.0,165554.0,68284.0,95820.0,0.15884248112867394
28_7012,1987,1,unknown,Missing / not recorded,28_7012_19870101_1_1,544313.0,590659.0,609315.0,637157.0,46346.0,65002.0,92844.0,0.11942026003420826
28_7012,1993,1,asphalt_overlay,"Asphalt Concrete Overlay, Portland Cement Concrete Overlay",28_7012_19930315_2_1,756772.0,352914.5,818961.0,1008669.0,-403857.5,62189.0,251897.0,0.08217666615572458
28_7012,2000,1,patching,Partial depth patching of PCC pavements at joints,28_7012_20000615_3_1,1260487.0,880676.0,1194603.0,1255640.0,-379811.0,-65884.0,-4847.0,-0.05226868662667683
28_7012,2009,1,patching,Partial depth patching of PCC pavements at joints,28_7012_20090615_4_1,1701374.0,1514474.6666666667,1875250.0,1971266.0,-186899.33333333326,173876.0,269892.0,0.10219740045398601
28_9030,1988,1,unknown,Missing / not recorded,28_9030_19880915_1_1,483501.0,505925.0,636231.0,636231.0,22424.0,152730.0,152730.0,0.3158835245428655
28_A310,1987,1,unknown,Missing / not recorded,28_A310_19870101_1_1,71913.0,75074.0,78501.0,94199.0,3161.0,6588.0,22286.0,0.0916106962579784
28_A310,1990,1,asphalt_overlay,Asphalt Concrete Overlay,28_A310_19901014_2_1,94199.0,42249.5,72327.0,65580.0,-51949.5,-21872.0,-28619.0,-0.23218930137262603
28_A320,1987,1,unknown,Missing / not recorded,28_A320_19870101_1_1,71913.0,75074.0,78501.0,94199.0,3161.0,6588.0,22286.0,0.0916106962579784
28_A320,1990,1,seal_coat,Slurry Seal Coat,28_A320_19900822_2_1,94199.0,47292.5,72327.0,65580.0,-46906.5,-21872.0,-28619.0,-0.23218930137262603
28_A330,1987,1,unknown,Missing / not recorded,28_A330_19870101_1_1,71913.0,75074.0,78501.0,94199.0,3161.0,6588.0,22286.0,0.0916106962579784
28_A330,1990,1,crack_sealing,Crack Sealing,28_A330_19900822_2_1,94199.0,47292.5,72327.0,65580.0,-46906.5,-21872.0,-28619.0,-0.23218930137262603
28_A330,1993,1,crack_sealing,Crack Sealing,28_A330_19930126_3_1,65580.0,70983.33333333333,72866.0,75165.0,5403.3333333333285,7286.0,9585.0,0.11110094541018603
28_A350,1987,1,unknown,Missing / not recorded,28_A350_19870101_1_1,71913.0,75074.0,78501.0,94199.0,3161.0,6588.0,22286.0,0.0916106962579784
28_A350,1990,1,seal_coat,Aggregate Seal Coat,28_A350_19900822_2_1,94199.0,47292.5,72327.0,65580.0,-46906.5,-21872.0,-28619.0,-0.23218930137262603
28_A410,1987,1,unknown,Missing / not recorded,28_A410_19870101_1_1,97016.0,99484.0,106740.0,110321.0,2468.0,9724.0,13305.0,0.10023088975014431
28_A410,1991,1,crack_sealing,"Transverse Joint Sealing, Lane-Shoulder Longitudinal Joint Sealing",28_A410_19910512_2_1,24600.0,20558.0,26270.0,26428.0,-4042.0,1670.0,1828.0,0.06788617886178862
28_A430,1987,1,unknown,Missing / not recorded,28_A430_19870101_1_1,97016.0,99484.0,106740.0,110321.0,2468.0,9724.0,13305.0,0.10023088975014431
29_0501,1998,1,unknown,Missing / not recorded,29_0501_19980101_1_1,171007.0,175417.0,196592.0,165660.0,4410.0,25585.0,-5347.0,0.149613758501114
29_0502,1998,2,asphalt_overlay,"AC Shoulder Restoration, Hot-Mix Recycled Asphalt Concrete Overlay | Missing / not recorded",29_0502_19980101_1_1 | 29_0502_19980827_2_1,171007.0,118226.5,196592.0,165660.0,-52780.5,25585.0,-5347.0,0.149613758501114
29_0503,1998,2,asphalt_overlay,"AC Shoulder Restoration, Hot-Mix Recycled Asphalt Concrete Overlay | Missing / not recorded",29_0503_19980101_1_1 | 29_0503_19980827_2_1,171007.0,118226.5,196592.0,165660.0,-52780.5,25585.0,-5347.0,0.149613758501114
29_0504,1998,2,asphalt_overlay,"AC Shoulder Restoration, Asphalt Concrete Overlay | Missing / not recorded",29_0504_19980101_1_1 | 29_0504_19980827_2_1,171007.0,118226.5,196592.0,165660.0,-52780.5,25585.0,-5347.0,0.149613758501114
29_0505,1998,2,asphalt_overlay,"AC Shoulder Restoration, Asphalt Concrete Overlay | Missing / not recorded",29_0505_19980101_1_1 | 29_0505_19980827_2_1,171007.0,118226.5,196592.0,165660.0,-52780.5,25585.0,-5347.0,0.149613758501114
29_0506,1998,2,asphalt_overlay,"AC Shoulder Restoration, Mill Off AC and Overlay with AC | Missing / not recorded",29_0506_19980101_1_1 | 29_0506_19980817_2_1,171007.0,120629.5,196592.0,165660.0,-50377.5,25585.0,-5347.0,0.149613758501114
29_0507,1998,2,asphalt_overlay,"AC Shoulder Restoration, Mill Off AC and Overlay with AC | Missing / not recorded",29_0507_19980101_1_1 | 29_0507_19980817_2_1,171007.0,120629.5,196592.0,165660.0,-50377.5,25585.0,-5347.0,0.149613758501114
29_0508,1998,2,asphalt_overlay,"AC Shoulder Restoration, Mill Existing Pavement and Overlay with Hot-Mix Recycled AC | Missing / not recorded",29_0508_19980101_1_1 | 29_0508_19980817_2_1,171007.0,120629.5,196592.0,165660.0,-50377.5,25585.0,-5347.0,0.149613758501114
29_0509,1998,2,asphalt_overlay,"AC Shoulder Restoration, Mill Existing Pavement and Overlay with Hot-Mix Recycled AC | Missing / not recorded",29_0509_19980101_1_1 | 29_0509_19980817_2_1,171007.0,120629.5,196592.0,165660.0,-50377.5,25585.0,-5347.0,0.149613758501114
29_0601,1987,1,unknown,Missing / not recorded,29_0601_19870101_1_1,348656.0,350029.0,359373.0,414250.0,1373.0,10717.0,65594.0,0.030738034050754898
29_0601,1993,1,patching,Full Depth Patching of PCC Pavement Other Than at Joint,29_0601_19930630_2_1,642674.0,420742.5,589358.0,430715.5,-221931.5,-53316.0,-211958.5,-0.0829596342780321
29_0601,1995,2,crack_sealing,"PCC Slab Replacement | Transverse Joint Sealing, Lane-Shoulder Longitudinal Joint Sealing, Full Depth Patching of PCC Pavement Other Than at Joint",29_0601_19950501_3_1 | 29_0601_19951108_4_1,589358.0,430715.5,596272.0,605888.3333333334,-158642.5,6914.0,16530.333333333372,0.011731409431958165
29_0601,1996,1,crack_sealing,"Transverse Joint Sealing, Lane-Shoulder Longitudinal Joint Sealing, Full Depth Patching of PCC Pavement Other Than at Joint",29_0601_19960318_5_1,430715.5,596272.0,605888.3333333334,677750.7142857143,165556.5,175172.83333333337,247035.21428571432,0.4067019490437037
29_0601,1997,1,reconstruction_or_major_rehab,PCC Slab Replacement,29_0601_19970630_6_1,596272.0,605888.3333333334,677750.7142857143,792055.0,9616.333333333372,81478.71428571432,195783.0,0.13664688981826134
29_0601,1998,1,crack_sealing,"Transverse Joint Sealing, Lane-Shoulder Longitudinal Joint Sealing, Full Depth Patching of PCC Pavement Other Than at Joint",29_0601_19980309_7_1,605888.3333333334,677750.7142857143,792055.0,382276.25,71862.38095238095,186166.66666666663,-223612.08333333337,0.3072623393199516
29_0602,1987,1,unknown,Missing / not recorded,29_0602_19870101_1_1,348656.0,350029.0,359373.0,414250.0,1373.0,10717.0,65594.0,0.030738034050754898
29_0602,1992,2,crack_sealing,"Crack Sealing, Transverse Joint Sealing, Full Depth Transverse Joint Repair Patch | Grinding Surface",29_0602_19920430_2_1 | 29_0602_19920820_3_1,608273.0,436643.6666666667,558440.0,589358.0,-171629.3333333333,-49833.0,-18915.0,-0.081925385476587
29_0602,1995,2,crack_sealing,"Full Depth Patching of PCC Pavement Other Than at Joint | Transverse Joint Sealing, Lane-Shoulder Longitudinal Joint Sealing, Full Depth Patching of PCC Pavement Other Than at Joint",29_0602_19950501_4_1 | 29_0602_19951109_5_1,589358.0,466461.8,600637.1666666666,613639.5714285715,-122896.20000000001,11279.166666666628,24281.57142857148,0.019138056438814145
29_0602,1996,1,crack_sealing,"Transverse Joint Sealing, Lane-Shoulder Longitudinal Joint Sealing, Full Depth Patching of PCC Pavement Other Than at Joint",29_0602_19960318_6_1,466461.8,600637.1666666666,613639.5714285715,680032.125,134175.36666666664,147177.7714285715,213570.325,0.3155194518148571
29_0602,1997,1,patching,Full Depth Patching of PCC Pavement Other Than at Joint,29_0602_19970630_7_1,600637.1666666666,613639.5714285715,680032.125,730571.2222222222,13002.40476190485,79394.95833333337,129934.05555555562,0.1321845578986538
29_0602,1998,1,crack_sealing,"Transverse Joint Sealing, Lane-Shoulder Longitudinal Joint Sealing, Full Depth Patching of PCC Pavement Other Than at Joint",29_0602_19980309_8_1,613639.5714285715,680032.125,730571.2222222222,380438.4,66392.55357142852,116931.65079365077,-233201.17142857146,0.19055428664978424
29_0602,1999,1,crack_sealing,"Transverse Joint Sealing, Lane-Shoulder Longitudinal Joint Sealing, Full Depth Patching of PCC Pavement Other Than at Joint",29_0602_19990913_9_1,680032.125,730571.2222222222,380438.4,,50539.09722222225,-299593.725,,-0.44055819421766285
29_0603,1987,1,unknown,Missing / not recorded,29_0603_19870101_1_1,348656.0,350029.0,359373.0,414250.0,1373.0,10717.0,65594.0,0.030738034050754898
29_0603,1990,1,patching,"Full Depth Transverse Joint Repair Patch, Partial depth patching of PCC pavements at joints",29_0603_19900601_2_1,414250.0,469979.0,608273.0,517563.25,55729.0,194023.0,103313.25,0.4683717561858781
29_0603,1992,2,asphalt_overlay,Asphalt Concrete Overlay | Full Depth Transverse Joint Repair Patch,29_0603_19920513_3_1 | 29_0603_19920601_4_1,608273.0,517563.25,558440.0,589358.0,-90709.75,-49833.0,-18915.0,-0.081925385476587
29_0603,1997,1,crack_sealing,"Crack Sealing, Manual Premix Spot Patch (hand spreading and compacting with roller)",29_0603_19970601_5_1,622463.0,605526.6,696002.0,792055.0,-16936.400000000023,73539.0,169592.0,0.11814196185154781
29_0603,2002,1,patching,Manual Premix Spot Patch (hand spreading and compacting with roller),29_0603_20020601_6_1,750231.0,713452.6666666666,729701.0,804326.0,-36778.33333333337,-20530.0,54095.0,-0.02736490494261101
29_0603,2003,1,patching,Skin Patching (hand tools/hot pot to apply liquid asphalt and aggregate),29_0603_20030601_7_1,713452.6666666666,729701.0,804326.0,819752.0,16248.333333333372,90873.33333333337,106299.33333333337,0.1273712154695617
29_0604,1987,1,unknown,Missing / not recorded,29_0604_19870101_1_1,348656.0,350029.0,359373.0,414250.0,1373.0,10717.0,65594.0,0.030738034050754898
29_0604,1992,2,crack_sealing,"Asphalt Concrete Overlay, Saw and Seal | Full Depth Transverse Joint Repair Patch",29_0604_19920512_2_1 | 29_0604_19920601_3_1,608273.0,476445.0,558440.0,589358.0,-131828.0,-49833.0,-18915.0,-0.081925385476587
29_0604,1997,1,crack_sealing,Crack Sealing,29_0604_19970601_4_1,622463.0,591871.5,696002.0,792055.0,-30591.5,73539.0,169592.0,0.11814196185154781
29_0604,2003,1,patching,Skin Patching (hand tools/hot pot to apply liquid asphalt and aggregate),29_0604_20030601_5_1,766288.0,711367.4,804326.0,819752.0,-54920.59999999998,38038.0,53464.0,0.04963930010648738
29_0605,1987,1,unknown,Missing / not recorded,29_0605_19870101_1_1,348656.0,350029.0,359373.0,414250.0,1373.0,10717.0,65594.0,0.030738034050754898
29_0605,1992,2,crack_sealing,"Crack Sealing, Pressure Grout Subsealing, Full Depth Transverse Joint Repair Patch, PCC Slab Replacement | Grinding Surface",29_0605_19920428_2_1 | 29_0605_19920821_3_1,608273.0,437229.0,511393.25,589358.0,-171044.0,-96879.75,-18915.0,-0.15927017967261412
29_0605,1993,1,crack_sealing,"Transverse Joint Sealing, Lane-Shoulder Longitudinal Joint Sealing, Full Depth Patching of PCC Pavement Other Than at Joint",29_0605_19930504_4_1,437229.0,511393.25,589358.0,507315.0,74164.25,152129.0,70086.0,0.3479389518993479
29_0605,1995,1,reconstruction_or_major_rehab,PCC Slab Replacement,29_0605_19951107_5_1,589358.0,507315.0,600637.1666666666,613639.5714285715,-82043.0,11279.166666666628,24281.57142857148,0.019138056438814145
29_0605,1996,1,crack_sealing,"Transverse Joint Sealing, Lane-Shoulder Longitudinal Joint Sealing, Full Depth Patching of PCC Pavement Other Than at Joint",29_0605_19960318_6_1,507315.0,600637.1666666666,613639.5714285715,680032.125,93322.16666666663,106324.57142857148,172717.125,0.2095829443808511
29_0605,1997,1,patching,Full Depth Patching of PCC Pavement Other Than at Joint,29_0605_19970630_7_1,600637.1666666666,613639.5714285715,680032.125,730571.2222222222,13002.40476190485,79394.95833333337,129934.05555555562,0.1321845578986538
29_0605,1998,1,crack_sealing,"Transverse Joint Sealing, Lane-Shoulder Longitudinal Joint Sealing, Full Depth Patching of PCC Pavement Other Than at Joint",29_0605_19980309_8_1,613639.5714285715,680032.125,730571.2222222222,380438.4,66392.55357142852,116931.65079365077,-233201.17142857146,0.19055428664978424
29_0605,1999,1,crack_sealing,"Transverse Joint Sealing, Lane-Shoulder Longitudinal Joint Sealing, Full Depth Patching of PCC Pavement Other Than at Joint",29_0605_19990913_9_1,680032.125,730571.2222222222,380438.4,,50539.09722222225,-299593.725,,-0.44055819421766285
29_0606,1987,1,unknown,Missing / not recorded,29_0606_19870101_1_1,348656.0,350029.0,359373.0,414250.0,1373.0,10717.0,65594.0,0.030738034050754898
29_0606,1992,1,asphalt_overlay,"Pressure Grout Subsealing, Asphalt Concrete Overlay, Longitudinal Subdrains, Full Depth Transverse Joint Repair Patch",29_0606_19920520_2_1,608273.0,519758.5,558440.0,589358.0,-88514.5,-49833.0,-18915.0,-0.081925385476587
29_0606,1997,1,crack_sealing,Crack Sealing,29_0606_19970601_3_1,622463.0,569113.0,696002.0,792055.0,-53350.0,73539.0,169592.0,0.11814196185154781
29_0606,2003,1,patching,Skin Patching (hand tools/hot pot to apply liquid asphalt and aggregate),29_0606_20030601_4_1,766288.0,695325.5,804326.0,819752.0,-70962.5,38038.0,53464.0,0.04963930010648738
29_0607,1987,1,unknown,Missing / not recorded,29_0607_19870101_1_1,348656.0,350029.0,359373.0,414250.0,1373.0,10717.0,65594.0,0.030738034050754898
29_0607,1992,2,asphalt_overlay,"Asphalt Concrete Overlay | Longitudinal Subdrains, Fracture Treatment of PCC Pavement as Base for New AC Surface",29_0607_19920607_2_1 | 29_0607_19920710_3_1,608273.0,438400.0,441014.5,392689.6,-169873.0,-167258.5,-215583.40000000002,-0.2749727507221264
29_0607,1993,1,patching,"Full Depth Patch of AC Pavement (removing damaged material, repairing supporting material, and repairing)",29_0607_19931104_4_1,438400.0,441014.5,392689.6,,2614.5,-45710.40000000002,,-0.10426642335766428
29_0608,1987,1,unknown,Missing / not recorded,29_0608_19870101_1_1,348656.0,350029.0,359373.0,414250.0,1373.0,10717.0,65594.0,0.030738034050754898
29_0608,1992,3,reconstruction_or_major_rehab,Asphalt Concrete Overlay | Fracture Treatment of PCC Pavement as Base for New AC Surface | Longitudinal Subdrains,29_0608_19920607_2_1 | 29_0608_19920709_3_1 | 29_0608_19920711_4_1,608273.0,405622.5,558440.0,589358.0,-202650.5,-49833.0,-18915.0,-0.081925385476587
29_0659,1987,1,unknown,Missing / not recorded,29_0659_19870101_1_1,348656.0,350029.0,359373.0,414250.0,1373.0,10717.0,65594.0,0.030738034050754898
29_0659,1992,1,asphalt_overlay,"Asphalt Concrete Overlay, Fracture Treatment of PCC Pavement as Base for New AC Surface",29_0659_19920607_2_1,608273.0,503955.0,327414.0,393174.0,-104318.0,-280859.0,-215099.0,-0.46173182107376126
29_0659,1993,3,patching,"Full Depth Patch of AC Pavement (removing damaged material, repairing supporting material, and repairing)",29_0659_19930628_3_1 | 29_0659_19931004_4_1 | 29_0659_19931029_5_1,503955.0,327414.0,393174.0,,-176541.0,-110781.0,,-0.21982319849986606
29_0660,1987,1,unknown,Missing / not recorded,29_0660_19870101_1_1,348656.0,350029.0,359373.0,414250.0,1373.0,10717.0,65594.0,0.030738034050754898
29_0660,1992,1,asphalt_overlay,"Asphalt Concrete Overlay, Fracture Treatment of PCC Pavement as Base for New AC Surface",29_0660_19920607_2_1,608273.0,503955.0,558440.0,589358.0,-104318.0,-49833.0,-18915.0,-0.081925385476587
29_0661,1987,1,unknown,Missing / not recorded,29_0661_19870101_1_1,348656.0,350029.0,359373.0,414250.0,1373.0,10717.0,65594.0,0.030738034050754898
29_0661,1992,1,asphalt_overlay,"Asphalt Concrete Overlay, Longitudinal Subdrains, Fracture Treatment of PCC Pavement as Base for New AC Surface",29_0661_19920607_2_1,608273.0,503955.0,558440.0,589358.0,-104318.0,-49833.0,-18915.0,-0.081925385476587
29_0662,1987,1,unknown,Missing / not recorded,29_0662_19870101_1_1,348656.0,350029.0,359373.0,414250.0,1373.0,10717.0,65594.0,0.030738034050754898
29_0662,1992,1,asphalt_overlay,"Asphalt Concrete Overlay, Longitudinal Subdrains, Fracture Treatment of PCC Pavement as Base for New AC Surface",29_0662_19920608_2_1,608273.0,503077.0,558440.0,589358.0,-105196.0,-49833.0,-18915.0,-0.081925385476587
29_0663,1987,1,unknown,Missing / not recorded,29_0663_19870101_1_1,348656.0,350029.0,359373.0,414250.0,1373.0,10717.0,65594.0,0.030738034050754898
29_0663,1992,1,asphalt_overlay,"Asphalt Concrete Overlay, Fracture Treatment of PCC Pavement as Base for New AC Surface",29_0663_19920607_2_1,608273.0,503955.0,558440.0,589358.0,-104318.0,-49833.0,-18915.0,-0.081925385476587
29_0664,1987,1,unknown,Missing / not recorded,29_0664_19870101_1_1,348656.0,350029.0,359373.0,414250.0,1373.0,10717.0,65594.0,0.030738034050754898
29_0664,1992,1,asphalt_overlay,"Asphalt Concrete Overlay, Fracture Treatment of PCC Pavement as Base for New AC Surface",29_0664_19920708_2_1,608273.0,476738.0,558440.0,589358.0,-131535.0,-49833.0,-18915.0,-0.081925385476587
29_0665,1987,1,unknown,Missing / not recorded,29_0665_19870101_1_1,348656.0,350029.0,359373.0,414250.0,1373.0,10717.0,65594.0,0.030738034050754898
29_0665,1992,1,asphalt_overlay,"Asphalt Concrete Overlay, Full Depth Transverse Joint Repair Patch",29_0665_19920601_2_1,608273.0,509222.5,558440.0,589358.0,-99050.5,-49833.0,-18915.0,-0.081925385476587
29_0665,1998,1,crack_sealing,Crack Sealing,29_0665_19980601_3_1,660147.0,600023.6666666666,792055.0,672659.0,-60123.33333333337,131908.0,12512.0,0.19981610156525745
29_0665,2003,1,patching,Skin Patching (hand tools/hot pot to apply liquid asphalt and aggregate),29_0665_20030601_4_1,766288.0,695325.5,804326.0,819752.0,-70962.5,38038.0,53464.0,0.04963930010648738
29_0666,1987,1,unknown,Missing / not recorded,29_0666_19870101_1_1,348656.0,350029.0,359373.0,414250.0,1373.0,10717.0,65594.0,0.030738034050754898
29_0666,1992,1,patching,"Full Depth Transverse Joint Repair Patch, Partial depth patching of PCC pavements at joints",29_0666_19920609_2_1,608273.0,502199.0,558440.0,589358.0,-106074.0,-49833.0,-18915.0,-0.081925385476587
29_0666,1995,1,patching,Partial depth patching of PCC pavements at joints,29_0666_19950601_3_1,589358.0,526848.3333333334,622463.0,578759.0,-62509.66666666663,33105.0,-10599.0,0.05617129147309445
29_0666,1997,1,crack_sealing,"Lane-Shoulder Longitudinal Joint Sealing, Full Depth Patching of PCC Pavement Other Than at Joint",29_0666_19970630_4_1,622463.0,578759.0,696002.0,673572.2,-43704.0,73539.0,51109.19999999995,0.11814196185154781
29_0666,1999,1,patching,Partial depth patching of PCC pavements at joints,29_0666_19991001_5_1,696002.0,673572.2,672659.0,750231.0,-22429.800000000047,-23343.0,54229.0,-0.03353869672788297
29_0666,2003,1,patching,Partial depth patching of PCC pavements at joints,29_0666_20030601_6_1,766288.0,722062.0,804326.0,819752.0,-44226.0,38038.0,53464.0,0.04963930010648738
29_0701,1987,1,unknown,Missing / not recorded,29_0701_19870101_1_1,195469.0,197764.0,202778.0,208080.0,2295.0,7309.0,12611.0,0.037392118443333726
29_0702,1987,1,unknown,Missing / not recorded,29_0702_19870101_1_1,195469.0,197764.0,202778.0,208080.0,2295.0,7309.0,12611.0,0.037392118443333726
29_0702,1990,1,asphalt_overlay,"AC Shoulder Restoration, Grinding Surface, Portland Cement Concrete Overlay",29_0702_19900618_2_1,208080.0,164456.5,214957.0,214927.0,-43623.5,6877.0,6847.0,0.03304978854286813
29_0703,1987,1,unknown,Missing / not recorded,29_0703_19870101_1_1,195469.0,197764.0,202778.0,208080.0,2295.0,7309.0,12611.0,0.037392118443333726
29_0703,1990,1,crack_sealing,"AC Shoulder Restoration, Grinding Surface, Transverse Joint Sealing, Portland Cement Concrete Overlay, Lane-Shoulder Longitudinal Joint Sealing, Full Depth Transverse Joint Repair Patch",29_0703_19900615_2_1,208080.0,165334.5,214957.0,214927.0,-42745.5,6877.0,6847.0,0.03304978854286813
29_0703,1999,1,reconstruction_or_major_rehab,PCC Slab Replacement,29_0703_19990601_3_1,211946.0,152274.66666666666,171671.75,258090.0,-59671.33333333334,-40274.25,46144.0,-0.19002127900502958
29_0703,2000,1,crack_sealing,"Crack Sealing, Transverse Joint Sealing, Lane-Shoulder Longitudinal Joint Sealing",29_0703_20000215_4_1,152274.66666666666,171671.75,258090.0,256884.0,19397.083333333343,105815.33333333334,104609.33333333334,0.6948978162268183
29_0704,1987,1,unknown,Missing / not recorded,29_0704_19870101_1_1,195469.0,197764.0,202778.0,208080.0,2295.0,7309.0,12611.0,0.037392118443333726
29_0704,1990,1,asphalt_overlay,"AC Shoulder Restoration, Portland Cement Concrete Overlay",29_0704_19900626_2_1,208080.0,162115.5,214957.0,214927.0,-45964.5,6877.0,6847.0,0.03304978854286813
29_0704,1997,1,patching,Partial depth patching of PCC pavements at joints,29_0704_19970601_3_1,189947.0,163559.33333333334,211946.0,176632.0,-26387.666666666657,21999.0,-13315.0,0.11581651723901931
29_0704,2000,1,crack_sealing,"Crack Sealing, Transverse Joint Sealing, Lane-Shoulder Longitudinal Joint Sealing",29_0704_20000215_4_1,176632.0,171671.75,258090.0,256884.0,-4960.25,81458.0,80252.0,0.4611735132931745
29_0705,1987,1,unknown,Missing / not recorded,29_0705_19870101_1_1,195469.0,197764.0,202778.0,208080.0,2295.0,7309.0,12611.0,0.037392118443333726
29_0705,1990,1,asphalt_overlay,"AC Shoulder Restoration, Portland Cement Concrete Overlay",29_0705_19900628_2_1,208080.0,161530.5,214957.0,214927.0,-46549.5,6877.0,6847.0,0.03304978854286813
29_0705,2000,1,crack_sealing,"Crack Sealing, Transverse Joint Sealing, Lane-Shoulder Longitudinal Joint Sealing",29_0705_20000215_3_1,176632.0,169857.0,258090.0,256884.0,-6775.0,81458.0,80252.0,0.4611735132931745
29_0706,1987,1,unknown,Missing / not recorded,29_0706_19870101_1_1,195469.0,197764.0,202778.0,208080.0,2295.0,7309.0,12611.0,0.037392118443333726
29_0706,1990,1,asphalt_overlay,"AC Shoulder Restoration, Portland Cement Concrete Overlay",29_0706_19900629_2_1,208080.0,161238.0,214957.0,214927.0,-46842.0,6877.0,6847.0,0.03304978854286813
29_0707,1987,1,unknown,Missing / not recorded,29_0707_19870101_1_1,195469.0,197764.0,202778.0,208080.0,2295.0,7309.0,12611.0,0.037392118443333726
29_0707,1990,1,asphalt_overlay,"AC Shoulder Restoration, Portland Cement Concrete Overlay",29_0707_19900629_2_1,208080.0,161238.0,214957.0,214927.0,-46842.0,6877.0,6847.0,0.03304978854286813
29_0708,1987,1,unknown,Missing / not recorded,29_0708_19870101_1_1,195469.0,197764.0,202778.0,208080.0,2295.0,7309.0,12611.0,0.037392118443333726
29_0708,1990,1,asphalt_overlay,"AC Shoulder Restoration, Grinding Surface, Portland Cement Concrete Overlay",29_0708_19900619_2_1,208080.0,164164.0,214957.0,214927.0,-43916.0,6877.0,6847.0,0.03304978854286813
29_0708,2000,1,crack_sealing,"Crack Sealing, Transverse Joint Sealing, Lane-Shoulder Longitudinal Joint Sealing",29_0708_20000215_3_1,176632.0,169857.0,258090.0,256884.0,-6775.0,81458.0,80252.0,0.4611735132931745
29_0709,1987,1,unknown,Missing / not recorded,29_0709_19870101_1_1,195469.0,197764.0,202778.0,208080.0,2295.0,7309.0,12611.0,0.037392118443333726
29_0709,1990,1,asphalt_overlay,"AC Shoulder Restoration, Grinding Surface, Portland Cement Concrete Overlay",29_0709_19900619_2_1,208080.0,164164.0,214957.0,214927.0,-43916.0,6877.0,6847.0,0.03304978854286813
29_0709,2000,1,crack_sealing,"Crack Sealing, Transverse Joint Sealing, Lane-Shoulder Longitudinal Joint Sealing",29_0709_20000215_3_1,176632.0,169857.0,258090.0,256884.0,-6775.0,81458.0,80252.0,0.4611735132931745
29_0759,1987,1,unknown,Missing / not recorded,29_0759_19870101_1_1,195469.0,197764.0,202778.0,208080.0,2295.0,7309.0,12611.0,0.037392118443333726
29_0759,1990,1,crack_sealing,"AC Shoulder Restoration, Asphalt Concrete Overlay, Transverse Joint Sealing, Lane-Shoulder Longitudinal Joint Sealing, Full Depth Transverse Joint Repair Patch",29_0759_19900615_2_1,208080.0,165334.5,214957.0,214927.0,-42745.5,6877.0,6847.0,0.03304978854286813
29_0759,2000,1,crack_sealing,Crack Sealing,29_0759_20000215_3_1,176632.0,169857.0,258090.0,256884.0,-6775.0,81458.0,80252.0,0.4611735132931745
29_0760,1987,1,unknown,Missing / not recorded,29_0760_19870101_1_1,195469.0,197764.0,202778.0,208080.0,2295.0,7309.0,12611.0,0.037392118443333726
29_0760,1990,1,crack_sealing,"AC Shoulder Restoration, Grinding Surface, Transverse Joint Sealing, Portland Cement Concrete Overlay, Lane-Shoulder Longitudinal Joint Sealing, Full Depth Transverse Joint Repair Patch",29_0760_19900611_2_1,208080.0,166505.0,214957.0,214927.0,-41575.0,6877.0,6847.0,0.03304978854286813
29_0760,2000,1,crack_sealing,"Crack Sealing, Transverse Joint Sealing, Lane-Shoulder Longitudinal Joint Sealing",29_0760_20000215_3_1,176632.0,169857.0,258090.0,256884.0,-6775.0,81458.0,80252.0,0.4611735132931745
29_0901,1996,3,asphalt_overlay,"AC Shoulder Restoration, Asphalt Concrete Overlay | Full Depth Transverse Joint Repair Patch, Full Depth Patching of PCC Pavement Other Than at Joint, Joint Load Transfer Restoration in PCC Pavements, Partial Depth Patching of PCC Pavement Other Than at Joint | Missing / not recorded",29_0901_19960101_1_1 | 29_0901_19960701_2_1 | 29_0901_19960725_3_1,138524.0,99910.33333333333,143630.0,149532.0,-38613.66666666667,5106.0,11008.0,0.03686003869365597
29_0901,2003,1,crack_sealing,Crack Sealing,29_0901_20030615_4_1,152222.0,129983.25,150891.0,151327.0,-22238.75,-1331.0,-895.0,-0.00874380838512173
29_0902,1996,3,asphalt_overlay,"AC Shoulder Restoration, Asphalt Concrete Overlay | Full Depth Transverse Joint Repair Patch, Full Depth Patching of PCC Pavement Other Than at Joint, Joint Load Transfer Restoration in PCC Pavements, Partial Depth Patching of PCC Pavement Other Than at Joint | Missing / not recorded",29_0902_19960101_1_1 | 29_0902_19960701_2_1 | 29_0902_19960820_3_1,138524.0,96251.66666666667,143630.0,149532.0,-42272.33333333333,5106.0,11008.0,0.03686003869365597
29_0902,2003,1,crack_sealing,Crack Sealing,29_0902_20030615_4_1,152222.0,129983.25,150891.0,151327.0,-22238.75,-1331.0,-895.0,-0.00874380838512173
29_0903,1996,3,asphalt_overlay,"AC Shoulder Restoration, Asphalt Concrete Overlay | Full Depth Transverse Joint Repair Patch, Joint Load Transfer Restoration in PCC Pavements, Partial Depth Patching of PCC Pavement Other Than at Joint | Missing / not recorded",29_0903_19960101_1_1 | 29_0903_19960701_2_1 | 29_0903_19960820_3_1,138524.0,96251.66666666667,143630.0,149532.0,-42272.33333333333,5106.0,11008.0,0.03686003869365597
29_0903,2003,1,crack_sealing,Crack Sealing,29_0903_20030615_4_1,152222.0,129983.25,150891.0,151327.0,-22238.75,-1331.0,-895.0,-0.00874380838512173
29_0959,1996,3,asphalt_overlay,"AC Shoulder Restoration, Asphalt Concrete Overlay | Full Depth Transverse Joint Repair Patch, Full Depth Patching of PCC Pavement Other Than at Joint, Joint Load Transfer Restoration in PCC Pavements, Partial Depth Patching of PCC Pavement Other Than at Joint | Missing / not recorded",29_0959_19960101_1_1 | 29_0959_19960701_2_1 | 29_0959_19960725_3_1,138524.0,99910.33333333333,143630.0,149532.0,-38613.66666666667,5106.0,11008.0,0.03686003869365597
29_0959,2003,1,crack_sealing,Crack Sealing,29_0959_20030615_4_1,152222.0,129983.25,150891.0,151327.0,-22238.75,-1331.0,-895.0,-0.00874380838512173
29_0960,1996,3,asphalt_overlay,"AC Shoulder Restoration, Asphalt Concrete Overlay | Full Depth Transverse Joint Repair Patch, Joint Load Transfer Restoration in PCC Pavements, Partial Depth Patching of PCC Pavement Other Than at Joint | Missing / not recorded",29_0960_19960101_1_1 | 29_0960_19960701_2_1 | 29_0960_19960725_3_1,138524.0,99910.33333333333,143630.0,149532.0,-38613.66666666667,5106.0,11008.0,0.03686003869365597
29_0960,2003,1,crack_sealing,Crack Sealing,29_0960_20030615_4_1,152222.0,129983.25,150891.0,151327.0,-22238.75,-1331.0,-895.0,-0.00874380838512173
29_0961,1996,3,asphalt_overlay,"AC Shoulder Restoration, Asphalt Concrete Overlay | Full Depth Transverse Joint Repair Patch, Joint Load Transfer Restoration in PCC Pavements, Partial Depth Patching of PCC Pavement Other Than at Joint | Missing / not recorded",29_0961_19960101_1_1 | 29_0961_19960701_2_1 | 29_0961_19960725_3_1,138524.0,99910.33333333333,143630.0,149532.0,-38613.66666666667,5106.0,11008.0,0.03686003869365597
29_0961,2003,1,crack_sealing,Crack Sealing,29_0961_20030615_4_1,152222.0,129983.25,150891.0,151327.0,-22238.75,-1331.0,-895.0,-0.00874380838512173
29_0962,1996,3,asphalt_overlay,"AC Shoulder Restoration, Asphalt Concrete Overlay | Full Depth Transverse Joint Repair Patch, Joint Load Transfer Restoration in PCC Pavements | Missing / not recorded",29_0962_19960101_1_1 | 29_0962_19960701_2_1 | 29_0962_19960820_3_1,138524.0,96251.66666666667,143630.0,149532.0,-42272.33333333333,5106.0,11008.0,0.03686003869365597
29_0962,2003,1,crack_sealing,Crack Sealing,29_0962_20030615_4_1,152222.0,129983.25,150891.0,151327.0,-22238.75,-1331.0,-895.0,-0.00874380838512173
29_0963,1996,3,asphalt_overlay,"AC Shoulder Restoration, Asphalt Concrete Overlay | Full Depth Transverse Joint Repair Patch, Joint Load Transfer Restoration in PCC Pavements | Missing / not recorded",29_0963_19960101_1_1 | 29_0963_19960701_2_1 | 29_0963_19960820_3_1,138524.0,96251.66666666667,143630.0,149532.0,-42272.33333333333,5106.0,11008.0,0.03686003869365597
29_0963,2003,1,crack_sealing,Crack Sealing,29_0963_20030615_4_1,152222.0,129983.25,150891.0,151327.0,-22238.75,-1331.0,-895.0,-0.00874380838512173
29_0964,1996,3,asphalt_overlay,"AC Shoulder Restoration, Asphalt Concrete Overlay | Full Depth Transverse Joint Repair Patch, Full Depth Patching of PCC Pavement Other Than at Joint, Joint Load Transfer Restoration in PCC Pavements | Missing / not recorded",29_0964_19960101_1_1 | 29_0964_19960701_2_1 | 29_0964_19960820_3_1,138524.0,96251.66666666667,143630.0,149532.0,-42272.33333333333,5106.0,11008.0,0.03686003869365597
29_0964,2003,1,crack_sealing,Crack Sealing,29_0964_20030615_4_1,152222.0,129983.25,150891.0,151327.0,-22238.75,-1331.0,-895.0,-0.00874380838512173
29_1002,1987,1,unknown,Missing / not recorded,29_1002_19870101_1_1,3032.0,4649.0,4742.0,4226.0,1617.0,1710.0,1194.0,0.5639841688654353
29_1002,2000,1,crack_sealing,Crack Sealing,29_1002_20000318_2_1,20088.0,17296.5,19302.333333333332,16191.0,-2791.5,-785.6666666666679,-3897.0,-0.039111243860347866
29_1002,2001,1,crack_sealing,Crack Sealing,29_1002_20010314_3_1,17296.5,19302.333333333332,16191.0,17909.0,2005.8333333333321,-1105.5,612.5,-0.0639146648165814
29_1002,2002,1,crack_sealing,Crack Sealing,29_1002_20020204_4_1,19302.333333333332,16191.0,17909.0,,-3111.333333333332,-1393.3333333333321,,-0.07218470996597988
29_1005,1987,1,unknown,Missing / not recorded,29_1005_19870101_1_1,82614.0,89247.0,98466.0,105084.0,6633.0,15852.0,22470.0,0.19188031084319848
29_1008,1987,1,unknown,Missing / not recorded,29_1008_19870101_1_1,25156.0,38083.0,38188.0,36945.0,12927.0,13032.0,11789.0,0.5180473843218317
29_1008,1997,1,crack_sealing,Crack Sealing,29_1008_19970401_2_1,43004.0,40421.0,41066.0,87774.0,-2583.0,-1938.0,44770.0,-0.04506557529532137
29_1010,1987,1,unknown,Missing / not recorded,29_1010_19870101_1_1,569038.0,598838.0,630612.0,642366.0,29800.0,61574.0,73328.0,0.10820718475743273
29_1010,1998,1,asphalt_overlay,"AC Shoulder Restoration, Mill Off AC and Overlay with AC",29_1010_19980622_2_1,1032109.0,483399.0,795439.0,1045925.0,-548710.0,-236670.0,13816.0,-0.22930717588936828
29_4036,1987,1,unknown,Missing / not recorded,29_4036_19870101_1_1,199865.0,348501.0,357764.0,316280.0,148636.0,157899.0,116415.0,0.7900282690816302
29_4036,2003,1,crack_sealing,"Crack Sealing, Grinding Surface, Transverse Joint Sealing, Partial depth patching of PCC pavements at joints, Partial Depth Patching of PCC Pavement Other Than at Joint",29_4036_20030901_2_1,547403.0,368075.5,606459.0,639279.0,-179327.5,59056.0,91876.0,0.10788395386945267
29_4069,1987,1,unknown,Missing / not recorded,29_4069_19870101_1_1,168210.0,157619.0,162781.0,178184.0,-10591.0,-5429.0,9974.0,-0.032275132275132276
29_4069,1991,1,asphalt_overlay,Asphalt Concrete Overlay,29_4069_19910920_2_1,206459.0,136393.0,254003.0,229661.0,-70066.0,47544.0,23202.0,0.23028301018604178
29_4069,1998,1,crack_sealing,Crack Sealing,29_4069_19980304_3_1,270970.0,225293.5,284541.0,314639.0,-45676.5,13571.0,43669.0,0.050083035022327194
29_5000,1987,1,unknown,Missing / not recorded,29_5000_19870101_1_1,341890.0,310019.0,320986.0,416061.0,-31871.0,-20904.0,74171.0,-0.061142472725145516
29_5000,1992,1,shoulder_restoration,AC Shoulder Restoration,29_5000_19920601_2_1,341478.0,542036.0,531491.0,559513.0,200558.0,190013.0,218035.0,0.5564428747972051
29_5000,1995,1,patching,Partial Depth Patching of PCC Pavement Other Than at Joint,29_5000_19950601_3_1,559513.0,493874.0,596784.0,594538.0,-65639.0,37271.0,35025.0,0.06661328691201097
29_5000,1999,1,crack_sealing,"Grinding Surface, Transverse Joint Sealing, Full Depth Transverse Joint Repair Patch, Partial depth patching of PCC pavements at joints",29_5000_19990524_4_1,617486.0,568774.5,722794.0,628264.6,-48711.5,105308.0,10778.599999999977,0.17054313782012873
29_5000,2001,1,patching,Full Depth Transverse Joint Repair Patch,29_5000_20010901_5_1,722794.0,628264.6,731000.0,733897.0,-94529.40000000002,8206.0,11103.0,0.011353165632254834
29_5047,1987,1,unknown,Missing / not recorded,29_5047_19870101_1_1,242397.0,245868.0,266973.0,295415.0,3471.0,24576.0,53018.0,0.10138739340833426
29_5058,1987,1,unknown,Missing / not recorded,29_5058_19870101_1_1,341890.0,310019.0,320986.0,416061.0,-31871.0,-20904.0,74171.0,-0.061142472725145516
29_5058,1999,1,crack_sealing,"Grinding Surface, Transverse Joint Sealing, Partial depth patching of PCC pavements at joints",29_5058_19990524_2_1,617486.0,507017.0,722794.0,724768.0,-110469.0,105308.0,107282.0,0.17054313782012873
29_5081,1987,1,unknown,Missing / not recorded,29_5081_19870101_1_1,341890.0,310019.0,320986.0,416061.0,-31871.0,-20904.0,74171.0,-0.061142472725145516
29_5081,1999,1,crack_sealing,"Grinding Surface, Transverse Joint Sealing, Partial depth patching of PCC pavements at joints",29_5081_19990524_2_1,617486.0,507017.0,722794.0,724768.0,-110469.0,105308.0,107282.0,0.17054313782012873
29_5091,1987,1,unknown,Missing / not recorded,29_5091_19870101_1_1,341890.0,310019.0,320986.0,416061.0,-31871.0,-20904.0,74171.0,-0.061142472725145516
29_5091,1999,1,crack_sealing,"Grinding Surface, Transverse Joint Sealing, Full Depth Transverse Joint Repair Patch, Partial Depth Patching of PCC Pavement Other Than at Joint",29_5091_19990923_2_1,617486.0,401640.0,722794.0,724768.0,-215846.0,105308.0,107282.0,0.17054313782012873
29_5393,1987,1,unknown,Missing / not recorded,29_5393_19870101_1_1,22333.0,26647.0,27452.0,37492.0,4314.0,5119.0,15159.0,0.22921237630412394
29_5393,1990,1,asphalt_overlay,Asphalt Concrete Overlay,29_5393_19900716_2_1,37492.0,8474.5,35439.0,30379.0,-29017.5,-2053.0,-7113.0,-0.05475834844766884
29_5393,1997,1,crack_sealing,Crack Sealing,29_5393_19970901_3_1,33855.0,26531.0,40856.0,40655.0,-7324.0,7001.0,6800.0,0.20679367892482647
29_5393,1999,1,seal_coat,Slurry Seal Coat,29_5393_19990823_4_1,40856.0,40655.0,49846.0,48650.0,-201.0,8990.0,7794.0,0.22004112003132956
29_5393,2003,1,crack_sealing,"Crack Sealing, Manual Premix Spot Patch (hand spreading and compacting with roller)",29_5393_20030714_5_1,55565.0,47526.0,63964.0,69211.0,-8039.0,8399.0,13646.0,0.15115630342841718
29_5403,1987,1,unknown,Missing / not recorded,29_5403_19870101_1_1,111614.0,113306.0,106050.0,75919.5,1692.0,-5564.0,-35694.5,-0.04985037719282527
29_5403,1989,1,asphalt_overlay,Asphalt Concrete Overlay,29_5403_19890916_2_1,106050.0,75919.5,135172.0,146060.0,-30130.5,29122.0,40010.0,0.2746063177746346
29_5403,1998,1,patching,Skin Patching (hand tools/hot pot to apply liquid asphalt and aggregate),29_5403_19980601_3_1,191781.0,172725.5,251120.0,172363.33333333334,-19055.5,59339.0,-19417.666666666657,0.3094102126905168
29_5403,2000,1,crack_sealing,"Crack Sealing, Skin Patching (hand tools/hot pot to apply liquid asphalt and aggregate)",29_5403_20000601_4_1,251120.0,172363.33333333334,214059.0,224847.0,-78756.66666666666,-37061.0,-26273.0,-0.1475828289264097
29_5413,1987,1,unknown,Missing / not recorded,29_5413_19870101_1_1,111614.0,113306.0,106050.0,75919.5,1692.0,-5564.0,-35694.5,-0.04985037719282527
29_5413,1989,1,asphalt_overlay,Asphalt Concrete Overlay,29_5413_19890916_2_1,106050.0,75919.5,135172.0,146060.0,-30130.5,29122.0,40010.0,0.2746063177746346
29_5473,1987,1,unknown,Missing / not recorded,29_5473_19870101_1_1,942990.0,874813.0,897833.0,483379.0,-68177.0,-45157.0,-459611.0,-0.047887040159492675
29_5473,1989,1,asphalt_overlay,"AC Shoulder Restoration, Asphalt Concrete Overlay",29_5473_19890527_2_1,897833.0,483379.0,877053.5,697032.0,-414454.0,-20779.5,-200801.0,-0.023144059084484532
29_5473,1990,1,asphalt_overlay,Asphalt Concrete Overlay,29_5473_19900417_3_1,483379.0,877053.5,697032.0,1207694.0,393674.5,213653.0,724315.0,0.44199892837711197
29_5473,1998,1,seal_coat,Slurry Seal Coat,29_5473_19980801_4_1,1406598.0,1116305.6666666667,1691441.0,1584400.0,-290292.33333333326,284843.0,177802.0,0.20250490900740653
29_5473,2001,1,patching,Strip Patching (using spreader and distributor to apply hot liquid asphalt and aggregate),29_5473_20010601_5_1,1584400.0,1430659.0,1602600.0,1429086.0,-153741.0,18200.0,-155314.0,0.011486998232769503
29_5473,2003,1,patching,"Patch Pot Holes - Hand Spread, Compacted with Truck",29_5473_20030601_6_1,1602600.0,1429086.0,1543058.0,1709821.0,-173514.0,-59542.0,107221.0,-0.03715337576438288
29_5473,2004,1,patching,"Patch Pot Holes - Hand Spread, Compacted with Truck",29_5473_20040601_7_1,1429086.0,1543058.0,1709821.0,,113972.0,280735.0,,0.1964437409645046
29_5483,1987,1,unknown,Missing / not recorded,29_5483_19870101_1_1,58777.0,100264.0,101585.0,137688.0,41487.0,42808.0,78911.0,0.7283120948670398
29_5483,1991,1,asphalt_overlay,"AC Shoulder Restoration, Asphalt Concrete Overlay",29_5483_19910815_2_1,37216.0,33217.0,88700.0,113588.0,-3999.0,51484.0,76372.0,1.3833834909716252
29_5483,1998,1,crack_sealing,Crack Sealing,29_5483_19980317_3_1,195085.0,138956.5,232076.0,139031.66666666666,-56128.5,36991.0,-56053.33333333334,0.18961478329958736
29_5483,2000,1,crack_sealing,Crack Sealing,29_5483_20001121_4_1,232076.0,139031.66666666666,206077.0,227462.0,-93044.33333333334,-25999.0,-4614.0,-0.11202795635912373
29_5483,2003,1,seal_coat,Slurry Seal Coat,29_5483_20030715_5_1,227462.0,209965.0,228039.0,,-17497.0,577.0,,0.002536687446694393
29_5503,1987,1,unknown,Missing / not recorded,29_5503_19870101_1_1,225742.0,229177.0,237393.0,243529.0,3435.0,11651.0,17787.0,0.0516120172586404
29_6067,1987,1,unknown,Missing / not recorded,29_6067_19870101_1_1,86758.0,90194.0,110089.0,92668.0,3436.0,23331.0,5910.0,0.2689204453767952
29_7054,1987,1,unknown,Missing / not recorded,29_7054_19870101_1_1,491872.0,598368.0,619605.0,753338.0,106496.0,127733.0,261466.0,0.2596874796695075
29_7054,1993,1,asphalt_overlay,"AC Shoulder Restoration, Mill Off AC and Overlay with AC",29_7054_19930625_2_1,948280.0,488527.0,1010236.0,983972.0,-459753.0,61956.0,35692.0,0.06533513308305564
29_7054,2002,1,seal_coat,Slurry Seal Coat,29_7054_20021015_3_1,1327619.0,854565.0,1400089.0,1443319.0,-473054.0,72470.0,115700.0,0.05458644385173758
29_7073,1987,1,unknown,Missing / not recorded,29_7073_19870101_1_1,85180.0,89135.0,91338.0,93687.0,3955.0,6158.0,8507.0,0.0722939657196525
29_A310,1987,1,unknown,Missing / not recorded,29_A310_19870101_1_1,82614.0,89247.0,98466.0,105084.0,6633.0,15852.0,22470.0,0.19188031084319848
29_A310,1990,1,asphalt_overlay,Asphalt Concrete Overlay,29_A310_19901005_2_1,105084.0,98050.5,127386.0,80106.0,-7033.5,22302.0,-24978.0,0.21223021582733814
29_A310,1995,1,crack_sealing,Crack Sealing,29_A310_19951205_3_1,108218.0,74466.66666666667,117267.0,122370.0,-33751.33333333333,9049.0,14152.0,0.08361825204679443
29_A310,1998,1,patching,"Patch Pot Holes - Hand Spread, Compacted with Truck",29_A310_19980601_4_1,122370.0,113991.5,137241.0,193304.0,-8378.5,14871.0,70934.0,0.12152488354988968
29_A310,2003,1,patching,"Patch Pot Holes - Hand Spread, Compacted with Truck",29_A310_20030601_5_1,208507.0,194473.8,227833.0,112886.66666666667,-14033.200000000012,19326.0,-95620.33333333333,0.09268753567026526
29_A320,1987,1,unknown,Missing / not recorded,29_A320_19870101_1_1,82614.0,89247.0,98466.0,105084.0,6633.0,15852.0,22470.0,0.19188031084319848
29_A320,1990,1,seal_coat,Slurry Seal Coat,29_A320_19900805_2_1,105084.0,111253.5,127386.0,80106.0,6169.5,22302.0,-24978.0,0.21223021582733814
29_A320,1995,1,crack_sealing,Crack Sealing,29_A320_19951205_3_1,108218.0,74466.66666666667,117267.0,122370.0,-33751.33333333333,9049.0,14152.0,0.08361825204679443
29_A330,1987,1,unknown,Missing / not recorded,29_A330_19870101_1_1,82614.0,89247.0,98466.0,105084.0,6633.0,15852.0,22470.0,0.19188031084319848
29_A330,1990,1,crack_sealing,Crack Sealing,29_A330_19900819_2_1,105084.0,108223.0,127386.0,80106.0,3139.0,22302.0,-24978.0,0.21223021582733814
29_A330,1997,1,crack_sealing,Crack Sealing,29_A330_19971210_3_1,117267.0,84038.66666666667,127141.0,137241.0,-33228.33333333333,9874.0,19974.0,0.08420101136722181
29_A330,2003,1,patching,"Patch Pot Holes - Hand Spread, Compacted with Truck",29_A330_20030601_4_1,208507.0,190088.25,227833.0,113538.6,-18418.75,19326.0,-94968.4,0.09268753567026526
29_A340,1987,1,unknown,Missing / not recorded,29_A340_19870101_1_1,82614.0,89247.0,98466.0,105084.0,6633.0,15852.0,22470.0,0.19188031084319848
29_A340,2004,1,patching,Manual Premix Spot Patch (hand spreading and compacting with roller),29_A340_20040601_2_1,212016.0,180523.5,109627.0,,-31492.5,-102389.0,,-0.48293053354463816
29_A350,1987,1,unknown,Missing / not recorded,29_A350_19870101_1_1,82614.0,89247.0,98466.0,105084.0,6633.0,15852.0,22470.0,0.19188031084319848
29_A350,1990,1,seal_coat,Aggregate Seal Coat,29_A350_19900819_2_1,105084.0,108223.0,127386.0,80106.0,3139.0,22302.0,-24978.0,0.21223021582733814
29_A351,1987,1,unknown,Missing / not recorded,29_A351_19870101_1_1,82614.0,89247.0,98466.0,105084.0,6633.0,15852.0,22470.0,0.19188031084319848
29_A351,1990,1,seal_coat,"Strip Patching (using spreader and distributor to apply hot liquid asphalt and aggregate), Aggregate Seal Coat",29_A351_19900819_2_1,105084.0,108223.0,127386.0,80106.0,3139.0,22302.0,-24978.0,0.21223021582733814
29_A410,1991,2,crack_sealing,"Crack Sealing, Transverse Joint Sealing, Lane-Shoulder Longitudinal Joint Sealing | Missing / not recorded",29_A410_19910101_1_1 | 29_A410_19910807_2_1,329906.0,239502.5,550135.3333333334,531491.0,-90403.5,220229.33333333337,201585.0,0.6675517672710813
29_A410,1992,1,patching,Full Depth Patching of PCC Pavement Other Than at Joint,29_A410_19920803_3_1,239502.5,550135.3333333334,531491.0,557893.0,310632.8333333334,291988.5,318390.5,1.219145937933842
29_A410,1995,1,patching,Partial depth patching of PCC pavements at joints,29_A410_19950701_4_1,557893.0,501852.5,596784.0,594538.0,-56040.5,38891.0,36645.0,0.06971050004212277
29_A411,1991,2,crack_sealing,"Crack Sealing, Transverse Joint Sealing, Lane-Shoulder Longitudinal Joint Sealing | Missing / not recorded",29_A411_19910101_1_1 | 29_A411_19910812_2_1,329906.0,237163.5,684087.0,531491.0,-92742.5,354181.0,201585.0,1.0735815656580965
29_A411,1994,1,crack_sealing,"Transverse Joint Sealing, Lane-Shoulder Longitudinal Joint Sealing",29_A411_19941101_3_1,531491.0,403007.6666666667,572873.0,596784.0,-128483.33333333331,41382.0,65293.0,0.07786020835724405
29_A430,1991,2,crack_sealing,"Missing / not recorded | Transverse Joint Sealing, Lane-Shoulder Longitudinal Joint Sealing",29_A430_19910101_1_1 | 29_A430_19910805_2_1,329906.0,240438.0,684087.0,531491.0,-89468.0,354181.0,201585.0,1.0735815656580965
29_A430,1994,1,patching,Full Depth Transverse Joint Repair Patch,29_A430_19940803_3_1,531491.0,448862.0,572873.0,596784.0,-82629.0,41382.0,65293.0,0.07786020835724405
29_A601,1998,2,crack_sealing,"Crack Sealing, Transverse Joint Sealing | Missing / not recorded",29_A601_19980101_1_1 | 29_A601_19980701_2_1,94621.0,71160.0,97588.0,68299.0,-23461.0,2967.0,-26322.0,0.031356675579416834
29_A601,2001,1,crack_sealing,Lane-Shoulder Longitudinal Joint Sealing,29_A601_20010901_3_1,68299.0,54444.666666666664,69531.0,71645.0,-13854.333333333336,1232.0,3346.0,0.018038331454340473
29_A601,2004,1,crack_sealing,Crack Sealing,29_A601_20040315_4_1,71645.0,61355.5,68401.0,29355.0,-10289.5,-3244.0,-42290.0,-0.04527880522018284
29_A602,1998,2,crack_sealing,"Crack Sealing, Grinding Surface, Transverse Joint Sealing, Full Depth Transverse Joint Repair Patch | Missing / not recorded",29_A602_19980101_1_1 | 29_A602_19980622_2_1,94621.0,72327.0,97588.0,68299.0,-22294.0,2967.0,-26322.0,0.031356675579416834
29_A602,2001,1,crack_sealing,Lane-Shoulder Longitudinal Joint Sealing,29_A602_20010901_3_1,68299.0,54444.666666666664,69531.0,71645.0,-13854.333333333336,1232.0,3346.0,0.018038331454340473
29_A603,1998,2,asphalt_overlay,"AC Shoulder Restoration, Asphalt Concrete Overlay, Full Depth Transverse Joint Repair Patch | Missing / not recorded",29_A603_19980101_1_1 | 29_A603_19980622_2_1,94621.0,72327.0,97588.0,68299.0,-22294.0,2967.0,-26322.0,0.031356675579416834
29_A603,2004,1,crack_sealing,Crack Sealing,29_A603_20040315_3_1,71645.0,60266.666666666664,68401.0,29355.0,-11378.333333333336,-3244.0,-42290.0,-0.04527880522018284
29_A604,1998,2,crack_sealing,"AC Shoulder Restoration, Asphalt Concrete Overlay, Full Depth Transverse Joint Repair Patch, Saw and Seal | Missing / not recorded",29_A604_19980101_1_1 | 29_A604_19980622_2_1,94621.0,72327.0,97588.0,68299.0,-22294.0,2967.0,-26322.0,0.031356675579416834
29_A604,2004,1,crack_sealing,Crack Sealing,29_A604_20040315_3_1,71645.0,60266.666666666664,68401.0,29355.0,-11378.333333333336,-3244.0,-42290.0,-0.04527880522018284
29_A605,1998,2,crack_sealing,"Crack Sealing, Grinding Surface, Pressure Grout Subsealing, Transverse Joint Sealing, Lane-Shoulder Longitudinal Joint Sealing, Longitudinal Subdrains, Full Depth Transverse Joint Repair Patch | Missing / not recorded",29_A605_19980101_1_1 | 29_A605_19980622_2_1,94621.0,72327.0,97588.0,68299.0,-22294.0,2967.0,-26322.0,0.031356675579416834
29_A606,1998,2,asphalt_overlay,"AC Shoulder Restoration, Pressure Grout Subsealing, Asphalt Concrete Overlay, Longitudinal Subdrains, Full Depth Transverse Joint Repair Patch | Missing / not recorded",29_A606_19980101_1_1 | 29_A606_19980622_2_1,94621.0,72327.0,97588.0,68299.0,-22294.0,2967.0,-26322.0,0.031356675579416834
29_A606,2004,1,crack_sealing,Crack Sealing,29_A606_20040315_3_1,71645.0,60266.666666666664,68401.0,29355.0,-11378.333333333336,-3244.0,-42290.0,-0.04527880522018284
29_A607,1998,2,asphalt_overlay,"AC Shoulder Restoration, Asphalt Concrete Overlay, Fracture Treatment of PCC Pavement as Base for New AC Surface | Missing / not recorded",29_A607_19980101_1_1 | 29_A607_19980805_2_1,94621.0,66623.5,97588.0,68299.0,-27997.5,2967.0,-26322.0,0.031356675579416834
29_A607,2004,1,crack_sealing,Crack Sealing,29_A607_20040315_3_1,71645.0,60266.666666666664,68401.0,29355.0,-11378.333333333336,-3244.0,-42290.0,-0.04527880522018284
29_A608,1998,2,asphalt_overlay,"AC Shoulder Restoration, Asphalt Concrete Overlay, Longitudinal Subdrains, Fracture Treatment of PCC Pavement as Base for New AC Surface | Missing / not recorded",29_A608_19980101_1_1 | 29_A608_19980805_2_1,94621.0,66623.5,97588.0,68299.0,-27997.5,2967.0,-26322.0,0.031356675579416834
29_B310,1987,1,unknown,Missing / not recorded,29_B310_19870101_1_1,3032.0,4649.0,4742.0,4226.0,1617.0,1710.0,1194.0,0.5639841688654353
29_B310,1990,1,asphalt_overlay,Asphalt Concrete Overlay,29_B310_19901005_2_1,4226.0,3697.0,8530.0,10022.0,-529.0,4304.0,5796.0,1.0184571699006153
29_B310,1998,1,crack_sealing,"Crack Sealing, Strip Patching (using spreader and distributor to apply hot liquid asphalt and aggregate)",29_B310_19980601_3_1,16639.0,10169.333333333334,20088.0,19330.0,-6469.666666666666,3449.0,2691.0,0.20728409159204278
29_B310,2002,1,crack_sealing,"Crack Sealing, Patch Pot Holes - Hand Spread, Compacted with Truck",29_B310_20020601_4_1,20661.0,14862.5,17909.0,,-5798.5,-2752.0,,-0.13319781230337352
29_B320,1987,1,unknown,Missing / not recorded,29_B320_19870101_1_1,3032.0,4649.0,4742.0,4226.0,1617.0,1710.0,1194.0,0.5639841688654353
29_B320,1990,1,seal_coat,Slurry Seal Coat,29_B320_19900818_2_1,4226.0,4089.0,8530.0,10022.0,-137.0,4304.0,5796.0,1.0184571699006153
29_B320,1998,1,crack_sealing,"Crack Sealing, Strip Patching (using spreader and distributor to apply hot liquid asphalt and aggregate)",29_B320_19980601_3_1,16639.0,10169.333333333334,20088.0,19330.0,-6469.666666666666,3449.0,2691.0,0.20728409159204278
29_B320,2002,1,crack_sealing,"Crack Sealing, Skin Patching (hand tools/hot pot to apply liquid asphalt and aggregate), Strip Patching (using spreader and distributor to apply hot liquid asphalt and aggregate)",29_B320_20020601_4_1,20661.0,14862.5,17909.0,,-5798.5,-2752.0,,-0.13319781230337352
29_B330,1987,1,unknown,Missing / not recorded,29_B330_19870101_1_1,3032.0,4649.0,4742.0,4226.0,1617.0,1710.0,1194.0,0.5639841688654353
29_B330,1990,1,crack_sealing,Crack Sealing,29_B330_19900818_2_1,4226.0,4089.0,8530.0,10022.0,-137.0,4304.0,5796.0,1.0184571699006153
29_B330,1998,1,crack_sealing,"Crack Sealing, Strip Patching (using spreader and distributor to apply hot liquid asphalt and aggregate)",29_B330_19980601_3_1,16639.0,10169.333333333334,20088.0,19330.0,-6469.666666666666,3449.0,2691.0,0.20728409159204278
29_B330,2002,1,crack_sealing,"Crack Sealing, Skin Patching (hand tools/hot pot to apply liquid asphalt and aggregate), Strip Patching (using spreader and distributor to apply hot liquid asphalt and aggregate)",29_B330_20020601_4_1,20661.0,14862.5,17909.0,,-5798.5,-2752.0,,-0.13319781230337352
29_B340,1987,1,unknown,Missing / not recorded,29_B340_19870101_1_1,3032.0,4649.0,4742.0,4226.0,1617.0,1710.0,1194.0,0.5639841688654353
29_B340,1998,1,crack_sealing,"Crack Sealing, Strip Patching (using spreader and distributor to apply hot liquid asphalt and aggregate)",29_B340_19980601_2_1,16639.0,9356.0,20088.0,19330.0,-7283.0,3449.0,2691.0,0.20728409159204278
29_B340,2002,1,crack_sealing,"Crack Sealing, Skin Patching (hand tools/hot pot to apply liquid asphalt and aggregate), Strip Patching (using spreader and distributor to apply hot liquid asphalt and aggregate)",29_B340_20020601_3_1,20661.0,14291.0,17909.0,,-6370.0,-2752.0,,-0.13319781230337352
29_B350,1987,1,unknown,Missing / not recorded,29_B350_19870101_1_1,3032.0,4649.0,4742.0,4226.0,1617.0,1710.0,1194.0,0.5639841688654353
29_B350,1990,1,seal_coat,Aggregate Seal Coat,29_B350_19900818_2_1,4226.0,4089.0,8530.0,10022.0,-137.0,4304.0,5796.0,1.0184571699006153
29_B350,1998,1,crack_sealing,"Crack Sealing, Strip Patching (using spreader and distributor to apply hot liquid asphalt and aggregate)",29_B350_19980601_3_1,16639.0,10169.333333333334,20088.0,19330.0,-6469.666666666666,3449.0,2691.0,0.20728409159204278
29_B350,2002,1,crack_sealing,"Crack Sealing, Skin Patching (hand tools/hot pot to apply liquid asphalt and aggregate), Strip Patching (using spreader and distributor to apply hot liquid asphalt and aggregate)",29_B350_20020601_4_1,20661.0,14862.5,17909.0,,-5798.5,-2752.0,,-0.13319781230337352
29_B351,1987,1,unknown,Missing / not recorded,29_B351_19870101_1_1,3032.0,4649.0,4742.0,4226.0,1617.0,1710.0,1194.0,0.5639841688654353
29_B351,1990,1,patching,Strip Patching (using spreader and distributor to apply hot liquid asphalt and aggregate),29_B351_19900906_2_1,4226.0,3934.0,8530.0,10022.0,-292.0,4304.0,5796.0,1.0184571699006153
29_B351,1998,1,crack_sealing,Crack Sealing,29_B351_19980601_3_1,16639.0,10169.333333333334,20088.0,19330.0,-6469.666666666666,3449.0,2691.0,0.20728409159204278
29_B351,2002,1,crack_sealing,"Crack Sealing, Skin Patching (hand tools/hot pot to apply liquid asphalt and aggregate), Strip Patching (using spreader and distributor to apply hot liquid asphalt and aggregate)",29_B351_20020601_4_1,20661.0,14862.5,17909.0,,-5798.5,-2752.0,,-0.13319781230337352
29_B410,1991,2,crack_sealing,"Missing / not recorded | Transverse Joint Sealing, Lane-Shoulder Longitudinal Joint Sealing",29_B410_19910101_1_1 | 29_B410_19910814_2_1,346021.0,245325.5,303204.0,355996.0,-100695.5,-42817.0,9975.0,-0.12374104461867921
29_B410,2003,1,patching,Partial depth patching of PCC pavements at joints,29_B410_20030601_3_1,533061.0,470200.0,185835.0,,-62861.0,-347226.0,,-0.6513813616077709
29_B411,1991,2,crack_sealing,"Missing / not recorded | Transverse Joint Sealing, Lane-Shoulder Longitudinal Joint Sealing",29_B411_19910101_1_1 | 29_B411_19910814_2_1,346021.0,245325.5,303204.0,355996.0,-100695.5,-42817.0,9975.0,-0.12374104461867921
29_B430,1991,1,unknown,Missing / not recorded,29_B430_19910101_1_1,346021.0,354629.0,303204.0,355996.0,8608.0,-42817.0,9975.0,-0.12374104461867921
29_B430,1994,1,patching,Partial Depth Patching of PCC Pavement Other Than at Joint,29_B430_19940601_2_1,355996.0,276496.0,372557.0,404318.0,-79500.0,16561.0,48322.0,0.046520185620063145
29_B430,1999,1,patching,Partial Depth Patching of PCC Pavement Other Than at Joint,29_B430_19990601_3_1,468661.0,422633.6666666667,529275.0,523209.0,-46027.333333333314,60614.0,54548.0,0.1293344229624398
29_B430,2003,1,patching,Partial Depth Patching of PCC Pavement Other Than at Joint,29_B430_20030601_4_1,533061.0,489003.0,185835.0,,-44058.0,-347226.0,,-0.6513813616077709
30_0113,2003,1,crack_sealing,Crack Sealing,30_0113_20030601_2_1,127936.0,108052.5,105325.33333333333,135484.0,-19883.5,-22610.66666666667,7548.0,-0.17673420043355015
30_0113,2004,1,seal_coat,Aggregate Seal Coat,30_0113_20040724_3_1,108052.5,105325.33333333333,135484.0,142777.0,-2727.1666666666715,27431.5,34724.5,0.2538719603896254
30_0113,2007,1,crack_sealing,Crack Sealing,30_0113_20070502_4_1,142777.0,126700.5,129582.6,143210.0,-16076.5,-13194.399999999994,433.0,-0.09241264349299953
30_0113,2008,1,crack_sealing,Crack Sealing,30_0113_20080801_5_1,126700.5,129582.6,143210.0,151193.0,2882.100000000006,16509.5,24492.5,0.13030335318329447
30_0113,2012,1,patching,"Patch Pot Holes - Hand Spread, Compacted with Truck",30_0113_20120601_6_1,153429.0,156055.16666666666,157958.33333333334,174107.0,2626.166666666657,4529.333333333343,20678.0,0.029520712077464775
30_0114,2003,1,crack_sealing,Crack Sealing,30_0114_20030601_2_1,127936.0,108052.5,105325.33333333333,135484.0,-19883.5,-22610.66666666667,7548.0,-0.17673420043355015
30_0114,2004,1,seal_coat,Aggregate Seal Coat,30_0114_20040724_3_1,108052.5,105325.33333333333,135484.0,142777.0,-2727.1666666666715,27431.5,34724.5,0.2538719603896254
30_0114,2007,1,crack_sealing,Crack Sealing,30_0114_20070502_4_1,142777.0,126700.5,129582.6,143210.0,-16076.5,-13194.399999999994,433.0,-0.09241264349299953
30_0114,2008,1,crack_sealing,Crack Sealing,30_0114_20080801_5_1,126700.5,129582.6,143210.0,151193.0,2882.100000000006,16509.5,24492.5,0.13030335318329447
30_0114,2016,1,asphalt_overlay,"Aggregate Seal Coat, Mill Off AC and Overlay with AC",30_0114_20160706_6_1,167377.0,164374.0,179556.0,,-3003.0,12179.0,,0.07276388034198247
30_0115,2003,1,crack_sealing,Crack Sealing,30_0115_20030601_2_1,127936.0,108052.5,105325.33333333333,135484.0,-19883.5,-22610.66666666667,7548.0,-0.17673420043355015
30_0115,2004,1,seal_coat,Aggregate Seal Coat,30_0115_20040724_3_1,108052.5,105325.33333333333,135484.0,142777.0,-2727.1666666666715,27431.5,34724.5,0.2538719603896254
30_0115,2007,1,crack_sealing,Crack Sealing,30_0115_20070502_4_1,142777.0,126700.5,129582.6,143210.0,-16076.5,-13194.399999999994,433.0,-0.09241264349299953
30_0115,2008,1,crack_sealing,Crack Sealing,30_0115_20080801_5_1,126700.5,129582.6,143210.0,151193.0,2882.100000000006,16509.5,24492.5,0.13030335318329447
30_0115,2016,1,asphalt_overlay,"Aggregate Seal Coat, Mill Off AC and Overlay with AC",30_0115_20160706_6_1,167377.0,164374.0,179556.0,,-3003.0,12179.0,,0.07276388034198247
30_0116,2003,1,crack_sealing,Crack Sealing,30_0116_20030601_2_1,127936.0,108052.5,105325.33333333333,135484.0,-19883.5,-22610.66666666667,7548.0,-0.17673420043355015
30_0116,2004,1,seal_coat,Aggregate Seal Coat,30_0116_20040724_3_1,108052.5,105325.33333333333,135484.0,142777.0,-2727.1666666666715,27431.5,34724.5,0.2538719603896254
30_0116,2007,1,crack_sealing,Crack Sealing,30_0116_20070502_4_1,142777.0,126700.5,129582.6,143210.0,-16076.5,-13194.399999999994,433.0,-0.09241264349299953
30_0116,2008,1,crack_sealing,Crack Sealing,30_0116_20080801_5_1,126700.5,129582.6,143210.0,151193.0,2882.100000000006,16509.5,24492.5,0.13030335318329447
30_0117,2003,1,crack_sealing,Crack Sealing,30_0117_20030601_2_1,127936.0,108052.5,105325.33333333333,135484.0,-19883.5,-22610.66666666667,7548.0,-0.17673420043355015
30_0117,2004,1,seal_coat,Aggregate Seal Coat,30_0117_20040724_3_1,108052.5,105325.33333333333,135484.0,142777.0,-2727.1666666666715,27431.5,34724.5,0.2538719603896254
30_0117,2007,1,crack_sealing,Crack Sealing,30_0117_20070502_4_1,142777.0,126700.5,129582.6,143210.0,-16076.5,-13194.399999999994,433.0,-0.09241264349299953
30_0117,2008,1,crack_sealing,Crack Sealing,30_0117_20080801_5_1,126700.5,129582.6,143210.0,151193.0,2882.100000000006,16509.5,24492.5,0.13030335318329447
30_0117,2016,1,asphalt_overlay,"Aggregate Seal Coat, Mill Off AC and Overlay with AC",30_0117_20160706_6_1,167377.0,164374.0,179556.0,,-3003.0,12179.0,,0.07276388034198247
30_0118,2003,1,crack_sealing,Crack Sealing,30_0118_20030601_2_1,127936.0,108052.5,105325.33333333333,135484.0,-19883.5,-22610.66666666667,7548.0,-0.17673420043355015
30_0118,2004,1,seal_coat,Aggregate Seal Coat,30_0118_20040724_3_1,108052.5,105325.33333333333,135484.0,142777.0,-2727.1666666666715,27431.5,34724.5,0.2538719603896254
30_0118,2007,1,crack_sealing,Crack Sealing,30_0118_20070502_4_1,142777.0,126700.5,129582.6,143210.0,-16076.5,-13194.399999999994,433.0,-0.09241264349299953
30_0118,2008,1,crack_sealing,Crack Sealing,30_0118_20080801_5_1,126700.5,129582.6,143210.0,151193.0,2882.100000000006,16509.5,24492.5,0.13030335318329447
30_0119,2003,1,crack_sealing,Crack Sealing,30_0119_20030601_2_1,127936.0,108052.5,105325.33333333333,135484.0,-19883.5,-22610.66666666667,7548.0,-0.17673420043355015
30_0119,2004,1,seal_coat,Aggregate Seal Coat,30_0119_20040724_3_1,108052.5,105325.33333333333,135484.0,142777.0,-2727.1666666666715,27431.5,34724.5,0.2538719603896254
30_0119,2007,1,crack_sealing,Crack Sealing,30_0119_20070502_4_1,142777.0,126700.5,129582.6,143210.0,-16076.5,-13194.399999999994,433.0,-0.09241264349299953
30_0119,2008,1,crack_sealing,Crack Sealing,30_0119_20080801_5_1,126700.5,129582.6,143210.0,151193.0,2882.100000000006,16509.5,24492.5,0.13030335318329447
30_0119,2016,1,asphalt_overlay,"Aggregate Seal Coat, Mill Off AC and Overlay with AC",30_0119_20160706_6_1,167377.0,164374.0,179556.0,,-3003.0,12179.0,,0.07276388034198247
30_0120,2003,1,crack_sealing,Crack Sealing,30_0120_20030601_2_1,127936.0,108052.5,105325.33333333333,135484.0,-19883.5,-22610.66666666667,7548.0,-0.17673420043355015
30_0120,2004,1,seal_coat,Aggregate Seal Coat,30_0120_20040724_3_1,108052.5,105325.33333333333,135484.0,142777.0,-2727.1666666666715,27431.5,34724.5,0.2538719603896254
30_0120,2007,1,crack_sealing,Crack Sealing,30_0120_20070502_4_1,142777.0,126700.5,129582.6,143210.0,-16076.5,-13194.399999999994,433.0,-0.09241264349299953
30_0120,2008,1,crack_sealing,Crack Sealing,30_0120_20080801_5_1,126700.5,129582.6,143210.0,151193.0,2882.100000000006,16509.5,24492.5,0.13030335318329447
30_0121,2003,1,crack_sealing,Crack Sealing,30_0121_20030601_2_1,127936.0,108052.5,105325.33333333333,135484.0,-19883.5,-22610.66666666667,7548.0,-0.17673420043355015
30_0121,2004,1,seal_coat,Aggregate Seal Coat,30_0121_20040724_3_1,108052.5,105325.33333333333,135484.0,142777.0,-2727.1666666666715,27431.5,34724.5,0.2538719603896254
30_0121,2007,1,crack_sealing,Crack Sealing,30_0121_20070502_4_1,142777.0,126700.5,129582.6,143210.0,-16076.5,-13194.399999999994,433.0,-0.09241264349299953
30_0121,2008,1,crack_sealing,Crack Sealing,30_0121_20080801_5_1,126700.5,129582.6,143210.0,151193.0,2882.100000000006,16509.5,24492.5,0.13030335318329447
30_0122,2003,1,crack_sealing,Crack Sealing,30_0122_20030601_2_1,127936.0,108052.5,105325.33333333333,135484.0,-19883.5,-22610.66666666667,7548.0,-0.17673420043355015
30_0122,2004,1,seal_coat,Aggregate Seal Coat,30_0122_20040724_3_1,108052.5,105325.33333333333,135484.0,142777.0,-2727.1666666666715,27431.5,34724.5,0.2538719603896254
30_0122,2007,1,crack_sealing,Crack Sealing,30_0122_20070502_4_1,142777.0,126700.5,129582.6,143210.0,-16076.5,-13194.399999999994,433.0,-0.09241264349299953
30_0122,2008,1,crack_sealing,Crack Sealing,30_0122_20080801_5_1,126700.5,129582.6,143210.0,151193.0,2882.100000000006,16509.5,24492.5,0.13030335318329447
30_0123,2003,1,crack_sealing,Crack Sealing,30_0123_20030601_2_1,127936.0,108052.5,105325.33333333333,135484.0,-19883.5,-22610.66666666667,7548.0,-0.17673420043355015
30_0123,2004,1,seal_coat,Aggregate Seal Coat,30_0123_20040724_3_1,108052.5,105325.33333333333,135484.0,142777.0,-2727.1666666666715,27431.5,34724.5,0.2538719603896254
30_0123,2007,1,crack_sealing,Crack Sealing,30_0123_20070502_4_1,142777.0,126700.5,129582.6,143210.0,-16076.5,-13194.399999999994,433.0,-0.09241264349299953
30_0123,2008,1,crack_sealing,Crack Sealing,30_0123_20080801_5_1,126700.5,129582.6,143210.0,151193.0,2882.100000000006,16509.5,24492.5,0.13030335318329447
30_0123,2016,1,asphalt_overlay,"Aggregate Seal Coat, Mill Off AC and Overlay with AC",30_0123_20160706_6_1,167377.0,164374.0,179556.0,,-3003.0,12179.0,,0.07276388034198247
30_0124,2003,1,crack_sealing,Crack Sealing,30_0124_20030601_2_1,127936.0,108052.5,105325.33333333333,135484.0,-19883.5,-22610.66666666667,7548.0,-0.17673420043355015
30_0124,2004,1,seal_coat,Aggregate Seal Coat,30_0124_20040724_3_1,108052.5,105325.33333333333,135484.0,142777.0,-2727.1666666666715,27431.5,34724.5,0.2538719603896254
30_0124,2007,1,crack_sealing,Crack Sealing,30_0124_20070502_4_1,142777.0,126700.5,129582.6,143210.0,-16076.5,-13194.399999999994,433.0,-0.09241264349299953
30_0124,2008,1,crack_sealing,Crack Sealing,30_0124_20080801_5_1,126700.5,129582.6,143210.0,151193.0,2882.100000000006,16509.5,24492.5,0.13030335318329447
30_0124,2016,1,asphalt_overlay,"Aggregate Seal Coat, Mill Off AC and Overlay with AC",30_0124_20160706_6_1,167377.0,164374.0,179556.0,,-3003.0,12179.0,,0.07276388034198247
30_0502,1987,1,unknown,Missing / not recorded,30_0502_19870101_1_1,256923.0,266289.0,275775.0,284575.0,9366.0,18852.0,27652.0,0.07337606987307481
30_0502,1991,1,asphalt_overlay,"AC Shoulder Restoration, Mill Existing Pavement and Overlay with Hot-Mix Recycled AC",30_0502_19910903_2_1,281271.0,195049.0,302332.0,328699.0,-86222.0,21061.0,47428.0,0.07487796466752705
30_0502,2000,1,patching,"Patch Pot Holes - Hand Spread, Compacted with Truck",30_0502_20000601_3_1,415948.0,376855.3333333333,177478.75,406009.0,-39092.666666666686,-238469.25,-9939.0,-0.5733150538048025
30_0502,2001,1,asphalt_overlay,"Aggregate Seal Coat, Mill Off AC and Overlay with AC",30_0502_20010507_4_1,376855.3333333333,177478.75,406009.0,441928.0,-199376.5833333333,29153.666666666686,65072.666666666686,0.07736036640054633
30_0502,2008,1,crack_sealing,Crack Sealing,30_0502_20080801_5_1,500025.0,352577.5,256963.0,,-147447.5,-243062.0,,-0.48609969501524924
30_0503,1987,1,unknown,Missing / not recorded,30_0503_19870101_1_1,256923.0,266289.0,275775.0,284575.0,9366.0,18852.0,27652.0,0.07337606987307481
30_0503,1991,1,asphalt_overlay,"AC Shoulder Restoration, Mill Existing Pavement and Overlay with Hot-Mix Recycled AC",30_0503_19910903_2_1,281271.0,195049.0,302332.0,328699.0,-86222.0,21061.0,47428.0,0.07487796466752705
30_0503,1999,1,patching,"Patch Pot Holes - Hand Spread, Compacted with Truck",30_0503_19990601_3_1,257063.0,416170.3333333333,437647.3333333333,192265.25,159107.3333333333,180584.3333333333,-64797.75,0.7024905697565706
30_0503,2001,1,asphalt_overlay,"Aggregate Seal Coat, Mill Off AC and Overlay with AC",30_0503_20010507_4_1,437647.3333333333,192265.25,187701.0,201754.0,-245382.0833333333,-249946.3333333333,-235893.3333333333,-0.5711135754663953
30_0503,2008,1,crack_sealing,Crack Sealing,30_0503_20080801_5_1,226045.0,216365.0,228354.5,,-9680.0,2309.5,,0.010216992191820214
30_0504,1987,1,unknown,Missing / not recorded,30_0504_19870101_1_1,256923.0,266289.0,275775.0,284575.0,9366.0,18852.0,27652.0,0.07337606987307481
30_0504,1991,1,asphalt_overlay,"AC Shoulder Restoration, Mill Off AC and Overlay with AC",30_0504_19910903_2_1,281271.0,195049.0,302332.0,328699.0,-86222.0,21061.0,47428.0,0.07487796466752705
30_0504,2001,1,asphalt_overlay,"Aggregate Seal Coat, Mill Off AC and Overlay with AC",30_0504_20010507_3_1,437407.0,188165.66666666666,406009.0,441928.0,-249241.33333333334,-31398.0,4521.0,-0.07178211596979472
30_0504,2008,1,crack_sealing,Crack Sealing,30_0504_20080801_4_1,500025.0,352577.5,256963.0,,-147447.5,-243062.0,,-0.48609969501524924
30_0505,1987,1,unknown,Missing / not recorded,30_0505_19870101_1_1,256923.0,266289.0,275775.0,284575.0,9366.0,18852.0,27652.0,0.07337606987307481
30_0505,1991,1,asphalt_overlay,"AC Shoulder Restoration, Mill Off AC and Overlay with AC",30_0505_19910903_2_1,281271.0,195049.0,302332.0,328699.0,-86222.0,21061.0,47428.0,0.07487796466752705
30_0505,2001,1,asphalt_overlay,"Aggregate Seal Coat, Mill Off AC and Overlay with AC",30_0505_20010507_3_1,437407.0,188165.66666666666,406009.0,441928.0,-249241.33333333334,-31398.0,4521.0,-0.07178211596979472
30_0505,2008,1,crack_sealing,Crack Sealing,30_0505_20080801_4_1,500025.0,352577.5,256963.0,,-147447.5,-243062.0,,-0.48609969501524924
30_0506,1987,1,unknown,Missing / not recorded,30_0506_19870101_1_1,256923.0,266289.0,275775.0,284575.0,9366.0,18852.0,27652.0,0.07337606987307481
30_0506,1991,1,asphalt_overlay,"AC Shoulder Restoration, Asphalt Concrete Overlay, Mill Off AC and Overlay with AC",30_0506_19910903_2_1,281271.0,195049.0,302332.0,328699.0,-86222.0,21061.0,47428.0,0.07487796466752705
30_0506,2001,1,asphalt_overlay,"Aggregate Seal Coat, Mill Off AC and Overlay with AC",30_0506_20010507_3_1,437407.0,188165.66666666666,406009.0,441928.0,-249241.33333333334,-31398.0,4521.0,-0.07178211596979472
30_0506,2008,1,crack_sealing,Crack Sealing,30_0506_20080801_4_1,500025.0,352577.5,256963.0,,-147447.5,-243062.0,,-0.48609969501524924
30_0507,1987,1,unknown,Missing / not recorded,30_0507_19870101_1_1,256923.0,266289.0,275775.0,284575.0,9366.0,18852.0,27652.0,0.07337606987307481
30_0507,1991,1,asphalt_overlay,"AC Shoulder Restoration, Asphalt Concrete Overlay, Mill Off AC and Overlay with AC",30_0507_19910903_2_1,281271.0,195049.0,302332.0,328699.0,-86222.0,21061.0,47428.0,0.07487796466752705
30_0507,2001,1,asphalt_overlay,"Aggregate Seal Coat, Mill Off AC and Overlay with AC",30_0507_20010507_3_1,437407.0,188165.66666666666,406009.0,441928.0,-249241.33333333334,-31398.0,4521.0,-0.07178211596979472
30_0507,2008,1,crack_sealing,Crack Sealing,30_0507_20080801_4_1,500025.0,352577.5,256963.0,,-147447.5,-243062.0,,-0.48609969501524924
30_0508,1987,1,unknown,Missing / not recorded,30_0508_19870101_1_1,256923.0,266289.0,275775.0,284575.0,9366.0,18852.0,27652.0,0.07337606987307481
30_0508,1991,1,asphalt_overlay,"AC Shoulder Restoration, Hot-Mix Recycled Asphalt Concrete Overlay, Mill Existing Pavement and Overlay with Hot-Mix Recycled AC",30_0508_19910903_2_1,281271.0,195049.0,302332.0,328699.0,-86222.0,21061.0,47428.0,0.07487796466752705
30_0508,2001,1,asphalt_overlay,"Aggregate Seal Coat, Mill Off AC and Overlay with AC",30_0508_20010507_3_1,437407.0,188165.66666666666,406009.0,441928.0,-249241.33333333334,-31398.0,4521.0,-0.07178211596979472
30_0508,2008,1,crack_sealing,Crack Sealing,30_0508_20080801_4_1,500025.0,352577.5,256963.0,,-147447.5,-243062.0,,-0.48609969501524924
30_0509,1987,1,unknown,Missing / not recorded,30_0509_19870101_1_1,256923.0,266289.0,275775.0,284575.0,9366.0,18852.0,27652.0,0.07337606987307481
30_0509,1991,1,asphalt_overlay,"AC Shoulder Restoration, Hot-Mix Recycled Asphalt Concrete Overlay, Mill Existing Pavement and Overlay with Hot-Mix Recycled AC",30_0509_19910903_2_1,281271.0,195049.0,302332.0,328699.0,-86222.0,21061.0,47428.0,0.07487796466752705
30_0509,2001,1,asphalt_overlay,"Aggregate Seal Coat, Mill Off AC and Overlay with AC",30_0509_20010507_3_1,437407.0,188165.66666666666,406009.0,441928.0,-249241.33333333334,-31398.0,4521.0,-0.07178211596979472
30_0509,2008,1,crack_sealing,Crack Sealing,30_0509_20080801_4_1,500025.0,352577.5,256963.0,,-147447.5,-243062.0,,-0.48609969501524924
30_0560,1987,1,unknown,Missing / not recorded,30_0560_19870101_1_1,256923.0,266289.0,275775.0,284575.0,9366.0,18852.0,27652.0,0.07337606987307481
30_0560,1991,1,asphalt_overlay,"AC Shoulder Restoration, Mill Off AC and Overlay with AC",30_0560_19910903_2_1,281271.0,195049.0,302332.0,328699.0,-86222.0,21061.0,47428.0,0.07487796466752705
30_0560,2001,1,asphalt_overlay,"Aggregate Seal Coat, Mill Off AC and Overlay with AC",30_0560_20010507_3_1,437407.0,188165.66666666666,406009.0,441928.0,-249241.33333333334,-31398.0,4521.0,-0.07178211596979472
30_0560,2008,1,crack_sealing,Crack Sealing,30_0560_20080801_4_1,500025.0,352577.5,256963.0,,-147447.5,-243062.0,,-0.48609969501524924
30_0561,1987,1,unknown,Missing / not recorded,30_0561_19870101_1_1,256923.0,266289.0,275775.0,284575.0,9366.0,18852.0,27652.0,0.07337606987307481
30_0561,1991,1,asphalt_overlay,"AC Shoulder Restoration, Mill Off AC and Overlay with AC",30_0561_19910903_2_1,281271.0,195049.0,302332.0,328699.0,-86222.0,21061.0,47428.0,0.07487796466752705
30_0561,1997,1,patching,"Patch Pot Holes - Hand Spread, Compacted with Truck",30_0561_19970801_3_1,345496.0,264224.3333333333,257063.0,415948.0,-81271.66666666669,-88433.0,70452.0,-0.2559595480121333
30_0561,2001,1,asphalt_overlay,"Aggregate Seal Coat, Mill Off AC and Overlay with AC",30_0561_20010507_4_1,437407.0,177478.75,406009.0,441928.0,-259928.25,-31398.0,4521.0,-0.07178211596979472
30_0561,2008,1,crack_sealing,Crack Sealing,30_0561_20080801_5_1,500025.0,352577.5,256963.0,,-147447.5,-243062.0,,-0.48609969501524924
30_0805,2003,1,seal_coat,Aggregate Seal Coat,30_0805_20030918_2_1,1756.0,1203.5,3329.0,3545.0,-552.5,1573.0,1789.0,0.8957858769931663
30_0805,2021,1,crack_sealing,"Crack Sealing, Skin Patching (hand tools/hot pot to apply liquid asphalt and aggregate)",30_0805_20210701_3_1,1574.0,1676.3333333333333,1889.0,1889.0,102.33333333333326,315.0,315.0,0.20012706480304956
30_0806,2003,1,seal_coat,Aggregate Seal Coat,30_0806_20030918_2_1,1756.0,1203.5,3329.0,3545.0,-552.5,1573.0,1789.0,0.8957858769931663
30_0901,2003,1,crack_sealing,Crack Sealing,30_0901_20030601_2_1,127936.0,108052.5,105325.33333333333,135484.0,-19883.5,-22610.66666666667,7548.0,-0.17673420043355015
30_0901,2004,1,seal_coat,Aggregate Seal Coat,30_0901_20040724_3_1,108052.5,105325.33333333333,135484.0,142777.0,-2727.1666666666715,27431.5,34724.5,0.2538719603896254
30_0901,2007,1,crack_sealing,Crack Sealing,30_0901_20070502_4_1,142777.0,126700.5,146652.0,143210.0,-16076.5,3875.0,433.0,0.02714022566659896
30_0902,2003,1,crack_sealing,Crack Sealing,30_0902_20030601_2_1,127936.0,108052.5,105325.33333333333,135484.0,-19883.5,-22610.66666666667,7548.0,-0.17673420043355015
30_0902,2004,1,seal_coat,Aggregate Seal Coat,30_0902_20040724_3_1,108052.5,105325.33333333333,135484.0,142777.0,-2727.1666666666715,27431.5,34724.5,0.2538719603896254
30_0902,2007,1,crack_sealing,Crack Sealing,30_0902_20070502_4_1,142777.0,126700.5,146652.0,143210.0,-16076.5,3875.0,433.0,0.02714022566659896
30_0903,2003,1,crack_sealing,Crack Sealing,30_0903_20030601_2_1,127936.0,108052.5,105325.33333333333,135484.0,-19883.5,-22610.66666666667,7548.0,-0.17673420043355015
30_0903,2004,1,seal_coat,Aggregate Seal Coat,30_0903_20040724_3_1,108052.5,105325.33333333333,135484.0,142777.0,-2727.1666666666715,27431.5,34724.5,0.2538719603896254
30_0903,2007,1,crack_sealing,Crack Sealing,30_0903_20070502_4_1,142777.0,126700.5,146652.0,143210.0,-16076.5,3875.0,433.0,0.02714022566659896
30_1001,1988,1,unknown,Missing / not recorded,30_1001_19880810_1_1,61503.0,57639.0,58928.0,66908.0,-3864.0,-2575.0,5405.0,-0.041867876363754615
30_6004,1988,1,unknown,Missing / not recorded,30_6004_19880811_1_1,16593.0,13506.0,15737.0,12692.0,-3087.0,-856.0,-3901.0,-0.05158801904417525
30_6004,1999,1,crack_sealing,"Crack Sealing, Asphalt Concrete Overlay, Aggregate Seal Coat",30_6004_19990915_2_1,12911.0,7947.0,16426.0,19506.0,-4964.0,3515.0,6595.0,0.2722484702966463
30_6004,2002,1,crack_sealing,Crack Sealing,30_6004_20020430_3_1,19506.0,18317.5,21171.0,19447.0,-1188.5,1665.0,-59.0,0.0853583512765303
30_7066,1988,1,unknown,Missing / not recorded,30_7066_19881102_1_1,238703.0,260776.0,256105.0,280526.0,22073.0,17402.0,41823.0,0.07290230956460539
30_7066,1991,1,asphalt_overlay,Mill Off AC and Overlay with AC,30_7066_19910912_2_1,280526.0,147191.5,302332.0,328699.0,-133334.5,21806.0,48173.0,0.07773254528991966
30_7066,2001,1,asphalt_overlay,"Aggregate Seal Coat, Mill Off AC and Overlay with AC",30_7066_20010507_3_1,437407.0,216184.5,428907.0,412972.0,-221222.5,-8500.0,-24435.0,-0.019432702265853086
30_7066,2008,1,crack_sealing,Crack Sealing,30_7066_20080801_4_1,540643.0,354036.0,231892.0,,-186607.0,-308751.0,,-0.571081101577196
30_7075,1988,1,unknown,Missing / not recorded,30_7075_19881102_1_1,277675.0,250477.0,285690.0,441854.0,-27198.0,8015.0,164179.0,0.028864679931574683
30_7075,2000,2,asphalt_overlay,Aggregate Seal Coat | Mill Off AC and Overlay with AC,30_7075_20000601_2_1 | 30_7075_20000801_3_1,470662.0,266348.6666666667,543320.0,565337.0,-204313.3333333333,72658.0,94675.0,0.1543740518673698
30_7075,2012,1,seal_coat,Aggregate Seal Coat,30_7075_20120601_4_1,562070.0,544270.6666666666,606154.0,584300.0,-17799.333333333372,44084.0,22230.0,0.07843151208924155
30_7076,1988,1,unknown,Missing / not recorded,30_7076_19881103_1_1,98313.0,106361.0,111795.0,132511.0,8048.0,13482.0,34198.0,0.13713344115223827
30_7076,1991,1,asphalt_overlay,Mill Off AC and Overlay with AC,30_7076_19910607_2_1,132511.0,58777.5,122088.0,131316.0,-73733.5,-10423.0,-1195.0,-0.0786576208767574
30_7076,1995,1,seal_coat,Aggregate Seal Coat,30_7076_19950731_3_1,126035.0,128659.5,192808.0,198832.0,2624.5,66773.0,72797.0,0.5297972785337406
30_7076,2001,1,asphalt_overlay,Mill Off AC and Overlay with AC,30_7076_20010906_4_1,217597.0,116391.33333333333,141533.0,166917.0,-101205.66666666667,-76064.0,-50680.0,-0.3495636428811059
30_7076,2002,1,seal_coat,Aggregate Seal Coat,30_7076_20020601_5_1,116391.33333333333,141533.0,166917.0,175229.0,25141.66666666667,50525.66666666667,58837.66666666667,0.4341016226866835
30_7076,2005,1,crack_sealing,Crack Sealing,30_7076_20050601_6_1,175229.0,160155.0,190002.0,227784.0,-15074.0,14773.0,52555.0,0.08430682135947817
30_7076,2013,1,asphalt_overlay,"Aggregate Seal Coat, Mill Off AC and Overlay with AC",30_7076_20130801_7_1,217597.0,189920.75,198709.0,190579.0,-27676.25,-18888.0,-27018.0,-0.08680266731618543
30_7088,1988,1,unknown,Missing / not recorded,30_7088_19881102_1_1,318258.0,305398.0,300854.0,289831.0,-12860.0,-17404.0,-28427.0,-0.054685192516763126
30_7088,1991,1,asphalt_overlay,Asphalt Concrete Overlay,30_7088_19910904_2_1,289831.0,157746.0,328858.0,355168.0,-132085.0,39027.0,65337.0,0.13465433304235916
30_7088,2001,1,asphalt_overlay,"Aggregate Seal Coat, Mill Off AC and Overlay with AC",30_7088_20010507_3_1,438343.0,224260.5,482936.0,487809.0,-214082.5,44593.0,49466.0,0.10173083635417926
30_7088,2008,1,crack_sealing,Crack Sealing,30_7088_20080801_4_1,525515.0,360979.5,262335.0,,-164535.5,-263180.0,,-0.5008039732452927
30_8129,2003,1,asphalt_overlay,"AC Shoulder Replacement, Asphalt Concrete Overlay, Aggregate Seal Coat",30_8129_20030601_2_1,64123.0,29835.0,68321.0,67930.0,-34288.0,4198.0,3807.0,0.06546792882429081
30_8129,2013,1,crack_sealing,Crack Sealing,30_8129_20130615_3_1,69445.0,54213.5,60319.5,61492.0,-15231.5,-9125.5,-7953.0,-0.13140614875081
30_A310,1987,1,unknown,Missing / not recorded,30_A310_19870101_1_1,64919.0,61503.0,57639.0,58928.0,-3416.0,-7280.0,-5991.0,-0.11213974337251036
30_A310,1990,1,asphalt_overlay,Asphalt Concrete Overlay,30_A310_19900810_2_1,58928.0,46652.5,60912.0,67823.0,-12275.5,1984.0,8895.0,0.03366820526744502
30_A320,1987,1,unknown,Missing / not recorded,30_A320_19870101_1_1,64919.0,61503.0,57639.0,58928.0,-3416.0,-7280.0,-5991.0,-0.11213974337251036
30_A320,1990,1,seal_coat,Slurry Seal Coat,30_A320_19900807_2_1,58928.0,46927.5,60912.0,67823.0,-12000.5,1984.0,8895.0,0.03366820526744502
30_A330,1987,1,unknown,Missing / not recorded,30_A330_19870101_1_1,64919.0,61503.0,57639.0,58928.0,-3416.0,-7280.0,-5991.0,-0.11213974337251036
30_A330,1990,1,crack_sealing,Crack Sealing,30_A330_19900808_2_1,58928.0,46835.5,60912.0,67823.0,-12092.5,1984.0,8895.0,0.03366820526744502
30_A350,1987,1,unknown,Missing / not recorded,30_A350_19870101_1_1,64919.0,61503.0,57639.0,58928.0,-3416.0,-7280.0,-5991.0,-0.11213974337251036
30_A350,1990,1,seal_coat,Aggregate Seal Coat,30_A350_19900810_2_1,58928.0,46652.5,60912.0,67823.0,-12275.5,1984.0,8895.0,0.03366820526744502
31_0114,2000,1,grinding,Grinding Surface,31_0114_20000712_2_1,161856.0,86038.0,108451.0,95342.0,-75818.0,-53405.0,-66514.0,-0.32995378608145515
31_0115,2000,1,grinding,Grinding Surface,31_0115_20000712_2_1,161856.0,86038.0,108451.0,95342.0,-75818.0,-53405.0,-66514.0,-0.32995378608145515
31_0116,2000,1,grinding,Grinding Surface,31_0116_20000712_2_1,161856.0,86038.0,108451.0,95342.0,-75818.0,-53405.0,-66514.0,-0.32995378608145515
31_0117,2000,1,grinding,Grinding Surface,31_0117_20000712_2_1,161856.0,86038.0,108451.0,95342.0,-75818.0,-53405.0,-66514.0,-0.32995378608145515
31_0118,2000,1,grinding,Grinding Surface,31_0118_20000712_2_1,161856.0,86038.0,108451.0,95342.0,-75818.0,-53405.0,-66514.0,-0.32995378608145515
31_0119,2000,1,grinding,Grinding Surface,31_0119_20000712_2_1,161856.0,86038.0,108451.0,95342.0,-75818.0,-53405.0,-66514.0,-0.32995378608145515
31_0120,2000,1,grinding,Grinding Surface,31_0120_20000712_2_1,161856.0,86038.0,108451.0,95342.0,-75818.0,-53405.0,-66514.0,-0.32995378608145515
31_0121,2000,1,grinding,Grinding Surface,31_0121_20000712_2_1,161856.0,86038.0,108451.0,95342.0,-75818.0,-53405.0,-66514.0,-0.32995378608145515
31_0122,2000,1,grinding,Grinding Surface,31_0122_20000712_2_1,161856.0,86038.0,108451.0,95342.0,-75818.0,-53405.0,-66514.0,-0.32995378608145515
31_0123,2000,1,grinding,Grinding Surface,31_0123_20000712_2_1,161856.0,86038.0,108451.0,95342.0,-75818.0,-53405.0,-66514.0,-0.32995378608145515
31_0124,2000,1,grinding,Grinding Surface,31_0124_20000712_2_1,161856.0,86038.0,108451.0,95342.0,-75818.0,-53405.0,-66514.0,-0.32995378608145515
31_0902,2000,1,grinding,Grinding Surface,31_0902_20000712_2_1,161856.0,86038.0,108451.0,95342.0,-75818.0,-53405.0,-66514.0,-0.32995378608145515
31_0903,2000,1,grinding,Grinding Surface,31_0903_20000712_2_1,161856.0,86038.0,93495.66666666667,95342.0,-75818.0,-68360.33333333333,-66514.0,-0.422352790958218
31_0903,2001,1,patching,Manual Premix Spot Patch (hand spreading and compacting with roller),31_0903_20010601_3_1,86038.0,93495.66666666667,95342.0,,7457.6666666666715,9304.0,,0.10813826448778446
31_0904,2000,1,grinding,Grinding Surface,31_0904_20000712_2_1,161856.0,86038.0,108451.0,95342.0,-75818.0,-53405.0,-66514.0,-0.32995378608145515
31_1030,1987,1,unknown,Missing / not recorded,31_1030_19870101_1_1,41751.0,42942.0,28496.5,43339.0,1191.0,-13254.5,1588.0,-0.317465449929343
31_1030,1988,1,seal_coat,Fog Seal Coat,31_1030_19880909_2_1,42942.0,28496.5,43339.0,36061.0,-14445.5,397.0,-6881.0,0.009245028177541801
31_1030,1996,1,seal_coat,Aggregate Seal Coat,31_1030_19960807_3_1,29793.0,34870.333333333336,43494.0,24260.0,5077.333333333336,13701.0,-5533.0,0.4598731245594603
31_3018,1987,1,unknown,Missing / not recorded,31_3018_19870101_1_1,605105.0,626382.0,615026.0,666841.0,21277.0,9921.0,61736.0,0.016395501607159087
31_3018,2000,1,crack_sealing,"Transverse Joint Sealing, Lane-Shoulder Longitudinal Joint Sealing",31_3018_20000601_2_1,1306093.0,1059026.5,1286573.0,1335998.0,-247066.5,-19520.0,29905.0,-0.01494533697064451
31_3023,1987,1,unknown,Missing / not recorded,31_3023_19870101_1_1,909949.0,839415.0,1014838.0,991951.0,-70534.0,104889.0,82002.0,0.11526909749887082
31_3023,1999,1,crack_sealing,"Transverse Joint Sealing, Lane-Shoulder Longitudinal Joint Sealing",31_3023_19991101_2_1,1679903.0,974214.0,1767544.0,1506490.3333333333,-705689.0,87641.0,-173412.66666666674,0.05217027411701747
31_3023,2001,1,patching,Full Depth Patching of PCC Pavement Other Than at Joint,31_3023_20010601_3_1,1767544.0,1506490.3333333333,1906715.0,1631588.75,-261053.66666666674,139171.0,-135955.25,0.07873693667597526
31_3023,2003,1,patching,"Full Depth Transverse Joint Repair Patch, Full Depth Patching of PCC Pavement Other Than at Joint",31_3023_20030601_4_1,1906715.0,1631588.75,1920508.0,1930796.0,-275126.25,13793.0,24081.0,0.00723390753206431
31_3023,2007,1,patching,Partial depth patching of PCC pavements at joints,31_3023_20070601_5_1,1981716.0,1908591.2,645989.0,,-73124.80000000005,-1335727.0,,-0.6740254405777619
31_3024,1987,1,unknown,Missing / not recorded,31_3024_19870101_1_1,723867.0,701815.0,803918.0,810912.0,-22052.0,80051.0,87045.0,0.11058799475594273
31_3024,1998,1,patching,Partial depth patching of PCC pavements at joints,31_3024_19980601_2_1,1262758.0,1060298.0,1471851.0,1538494.0,-202460.0,209093.0,275736.0,0.1655843795881713
31_3024,2004,1,patching,Partial depth patching of PCC pavements at joints,31_3024_20040713_3_1,1539507.0,1373558.6666666667,1648306.0,1767631.0,-165948.33333333326,108799.0,228124.0,0.07067132530089178
31_3024,2012,1,asphalt_overlay,"AC Shoulder Restoration, Asphalt Concrete Overlay, Full Depth Transverse Joint Repair Patch, Full Depth Patching of PCC Pavement Other Than at Joint, Partial Depth Patching of PCC Pavement Other Than at Joint",31_3024_20120601_4_1,2145604.0,1032900.0,2339728.0,2442937.0,-1112704.0,194124.0,297333.0,0.09047522282769793
31_3024,2015,1,crack_sealing,Crack Sealing,31_3024_20150601_5_1,2442937.0,1814787.5,1900126.0,1978632.0,-628149.5,-542811.0,-464305.0,-0.2221960697308199
31_3028,1987,1,unknown,Missing / not recorded,31_3028_19870101_1_1,105040.0,105089.0,105772.0,105483.0,49.0,732.0,443.0,0.006968773800456969
31_3028,2005,1,patching,"Full Depth Patching of PCC Pavement Other Than at Joint, PCC Slab Replacement",31_3028_20050708_2_1,143605.0,97693.0,142904.0,123403.66666666667,-45912.0,-701.0,-20201.33333333333,-0.004881445632115873
31_3028,2007,1,crack_sealing,"Grinding Surface, Transverse Joint Sealing, Lane-Shoulder Longitudinal Joint Sealing, Partial depth patching of PCC pavements at joints",31_3028_20070601_3_1,142904.0,123403.66666666667,137575.0,130518.0,-19500.33333333333,-5329.0,-12386.0,-0.037290768627890054
31_3028,2009,1,grinding,Grinding Surface,31_3028_20090601_4_1,137575.0,130518.0,147224.0,149288.0,-7057.0,9649.0,11713.0,0.07013628929674723
31_3033,1987,1,unknown,Missing / not recorded,31_3033_19870101_1_1,11603.0,63645.0,53144.0,59988.0,52042.0,41541.0,48385.0,3.58019477721279
31_3033,1998,1,crack_sealing,"Crack Sealing, AC Shoulder Restoration, Transverse Joint Sealing, Lane-Shoulder Longitudinal Joint Sealing",31_3033_19981207_2_1,120495.0,60644.5,108459.0,109988.0,-59850.5,-12036.0,-10507.0,-0.09988796215610607
31_3033,2001,1,patching,Partial Depth Patching of PCC Pavement Other Than at Joint,31_3033_20010601_3_1,109988.0,129873.0,141965.0,118262.75,19885.0,31977.0,8274.75,0.29073171618722043
31_3033,2003,1,patching,Partial Depth Patching of PCC Pavement Other Than at Joint,31_3033_20030601_4_1,141965.0,118262.75,76916.0,,-23702.25,-65049.0,,-0.45820448702144895
31_4019,1987,1,unknown,Missing / not recorded,31_4019_19870101_1_1,169939.0,134721.0,162559.0,182442.0,-35218.0,-7380.0,12503.0,-0.04342734745997093
31_4019,1993,1,patching,Partial Depth Patching of PCC Pavement Other Than at Joint,31_4019_19930901_2_1,164221.0,116159.0,165778.0,185194.0,-48062.0,1557.0,20973.0,0.009481126043563248
31_4019,1997,1,patching,Partial depth patching of PCC pavements at joints,31_4019_19970601_3_1,196152.0,176451.33333333334,200803.0,188851.0,-19700.666666666657,4651.0,-7301.0,0.023711203556425628
31_4019,2000,1,crack_sealing,"Crack Sealing, AC Shoulder Restoration, Transverse Joint Sealing, Lane-Shoulder Longitudinal Joint Sealing, Partial depth patching of PCC pavements at joints, Partial Depth Patching of PCC Pavement Other Than at Joint",31_4019_20000501_4_1,188851.0,175378.0,195211.0,242636.0,-13473.0,6360.0,53785.0,0.03367734351419902
31_4019,2003,1,crack_sealing,"Crack Sealing, Grinding Surface, Transverse Joint Sealing, Lane-Shoulder Longitudinal Joint Sealing, Full Depth Transverse Joint Repair Patch, Full Depth Patching of PCC Pavement Other Than at Joint, Partial depth patching of PCC pavements at joints",31_4019_20030911_5_1,242636.0,202283.2,253138.0,261531.0,-40352.79999999999,10502.0,18895.0,0.0432829423498574
31_4019,2008,1,patching,Partial depth patching of PCC pavements at joints,31_4019_20081101_6_1,301169.0,257065.83333333334,258277.0,108918.71428571429,-44103.16666666666,-42892.0,-192250.2857142857,-0.1424183763933207
31_4019,2010,1,asphalt_overlay,"Transverse Subdrainage, Full Depth Transverse Joint Repair Patch, Hot-Mix Recycled Asphalt Concrete Overlay, Full Depth Patching of PCC Pavement Other Than at Joint, Partial Depth Patching of PCC Pavement Other Than at Joint",31_4019_20100519_7_1,258277.0,108918.71428571429,266474.0,271385.0,-149358.2857142857,8197.0,13108.0,0.03173724334725895
31_5052,1987,1,unknown,Missing / not recorded,31_5052_19870101_1_1,200632.0,198371.0,208145.0,210876.0,-2261.0,7513.0,10244.0,0.03744666852745325
31_6700,1987,1,unknown,Missing / not recorded,31_6700_19870101_1_1,36200.0,39489.0,21647.0,43058.0,3289.0,-14553.0,6858.0,-0.40201657458563533
31_6700,1988,1,asphalt_overlay,Asphalt Concrete Overlay,31_6700_19881029_2_1,39489.0,21647.0,43058.0,62929.0,-17842.0,3569.0,23440.0,0.09037959938210641
31_6700,1991,1,crack_sealing,Crack Sealing,31_6700_19910801_3_1,62929.0,19730.0,37733.0,33705.0,-43199.0,-25196.0,-29224.0,-0.400387738562507
31_6700,1994,1,crack_sealing,Crack Sealing,31_6700_19940801_4_1,33705.0,31363.666666666668,40074.0,38513.0,-2341.333333333332,6369.0,4808.0,0.18896306186025813
31_6700,1997,1,asphalt_overlay,"Aggregate Seal Coat, Mill Existing Pavement and Overlay with Hot-Mix Recycled AC",31_6700_19970616_5_1,38513.0,18535.25,36521.0,40420.0,-19977.75,-1992.0,1907.0,-0.05172279490042323
31_6700,1999,1,crack_sealing,Crack Sealing,31_6700_19990319_6_1,36521.0,40420.0,39553.0,50946.333333333336,3899.0,3032.0,14425.333333333336,0.08302072780044358
31_6700,2001,1,crack_sealing,Crack Sealing,31_6700_20010125_7_1,39553.0,50946.333333333336,40186.5,53155.0,11393.333333333336,633.5,13602.0,0.01601648421105858
31_6700,2002,1,seal_coat,Aggregate Seal Coat,31_6700_20020903_8_1,50946.333333333336,40186.5,53155.0,51546.0,-10759.833333333336,2208.6666666666642,599.6666666666642,0.04335280916519993
31_6701,1988,1,unknown,Missing / not recorded,31_6701_19880801_1_1,125935.0,122277.0,187330.0,180780.0,-3658.0,61395.0,54845.0,0.48751339976972247
31_6701,2000,1,crack_sealing,"Crack Sealing, Lane-Shoulder Longitudinal Joint Sealing",31_6701_20000115_2_1,72101.0,68545.5,59898.666666666664,67762.75,-3555.5,-12202.333333333336,-4338.25,-0.16923944651715422
31_6701,2001,1,patching,Partial depth patching of PCC pavements at joints,31_6701_20010601_3_1,68545.5,59898.666666666664,67762.75,72461.0,-8646.833333333336,-782.75,3915.5,-0.011419422135661713
31_6701,2002,1,crack_sealing,"Crack Sealing, Transverse Joint Sealing",31_6701_20020228_4_1,59898.666666666664,67762.75,72461.0,68357.0,7864.083333333336,12562.333333333336,8458.333333333336,0.20972642685424278
31_6701,2004,1,patching,Partial Depth Patching of PCC Pavement Other Than at Joint,31_6701_20040309_5_1,72461.0,68357.0,70011.16666666667,,-4104.0,-2449.8333333333285,,-0.03380899150347537
31_6702,1987,1,unknown,Missing / not recorded,31_6702_19870101_1_1,414179.0,510220.0,529486.0,299805.0,96041.0,115307.0,-114374.0,0.27839895310964585
31_6702,1989,1,asphalt_overlay,Asphalt Concrete Overlay,31_6702_19890901_2_1,529486.0,299805.0,722137.0,677252.0,-229681.0,192651.0,147766.0,0.3638453141348402
31_6702,1995,1,crack_sealing,Crack Sealing,31_6702_19951215_3_1,814330.0,374587.5,943627.0,966665.0,-439742.5,129297.0,152335.0,0.15877715422494565
31_7005,1987,1,unknown,Missing / not recorded,31_7005_19870101_1_1,602969.0,720147.0,760994.0,775741.0,117178.0,158025.0,172772.0,0.2620781499546411
31_7005,1994,1,asphalt_overlay,Mill Existing Pavement and Overlay with Hot-Mix Recycled AC,31_7005_19940502_2_1,859416.0,449198.5,902130.0,1013816.0,-410217.5,42714.0,154400.0,0.04970119243765534
31_7017,1987,1,unknown,Missing / not recorded,31_7017_19870101_1_1,69014.0,64757.0,60302.0,64757.0,-4257.0,-8712.0,-4257.0,-0.12623525661459994
31_7017,1997,1,seal_coat,Aggregate Seal Coat,31_7017_19970616_2_1,65705.0,53139.0,68131.66666666667,17513.0,-12566.0,2426.6666666666715,-48192.0,0.03693275499074152
31_7017,1998,1,patching,Manual Premix Spot Patch (hand spreading and compacting with roller),31_7017_19980115_3_1,53139.0,68131.66666666667,17513.0,,14992.666666666672,-35626.0,,-0.6704303806996744
31_7040,1987,1,unknown,Missing / not recorded,31_7040_19870101_1_1,72065.0,75076.0,77428.0,77217.0,3011.0,5363.0,5152.0,0.07441892735724694
31_7040,1991,1,asphalt_overlay,"Asphalt Concrete Overlay, Mill Existing Pavement and Overlay with Hot-Mix Recycled AC",31_7040_19910605_2_1,77217.0,25838.0,59013.0,58258.0,-51379.0,-18204.0,-18959.0,-0.2357511946851082
31_7050,1987,1,unknown,Missing / not recorded,31_7050_19870101_1_1,696971.0,689834.0,783365.0,803712.0,-7137.0,86394.0,106741.0,0.12395637695112136
31_7050,1995,1,asphalt_overlay,Mill Existing Pavement and Overlay with Hot-Mix Recycled AC,31_7050_19950803_2_1,1023051.0,550070.0,1226683.0,733504.5,-472981.0,203632.0,-289546.5,0.19904384043415235
31_7050,1997,1,crack_sealing,Crack Sealing,31_7050_19971111_3_1,1226683.0,733504.5,1372343.0,1493986.0,-493178.5,145660.0,267303.0,0.11874298412874394
31_7050,2003,1,asphalt_overlay,"AC Shoulder Restoration, Mill Existing Pavement and Overlay with Hot-Mix Recycled AC",31_7050_20030401_4_1,1504278.0,1386220.0,1341220.5,1728754.0,-118058.0,-163057.5,224476.0,-0.10839585502147875
31_7050,2004,1,crack_sealing,Crack Sealing,31_7050_20040928_5_1,1386220.0,1341220.5,1728754.0,1798781.0,-44999.5,342534.0,412561.0,0.24709930602646044
31_A310,1987,1,unknown,Missing / not recorded,31_A310_19870101_1_1,41751.0,42942.0,43457.0,43339.0,1191.0,1706.0,1588.0,0.04086129673540753
31_A310,1990,1,asphalt_overlay,Asphalt Concrete Overlay,31_A310_19901016_2_1,43339.0,21834.0,32341.0,34572.0,-21505.0,-10998.0,-8767.0,-0.25376681510879345
31_A310,1996,1,crack_sealing,Crack Sealing,31_A310_19960410_3_1,29793.0,39591.0,43494.0,24260.0,9798.0,13701.0,-5533.0,0.4598731245594603
31_A320,1987,1,unknown,Missing / not recorded,31_A320_19870101_1_1,41751.0,42942.0,43457.0,43339.0,1191.0,1706.0,1588.0,0.04086129673540753
31_A320,1990,1,seal_coat,Slurry Seal Coat,31_A320_19900717_2_1,43339.0,26329.5,32341.0,34572.0,-17009.5,-10998.0,-8767.0,-0.25376681510879345
31_A320,1996,1,crack_sealing,Crack Sealing,31_A320_19960410_3_1,29793.0,39591.0,43494.0,24260.0,9798.0,13701.0,-5533.0,0.4598731245594603
31_A330,1987,1,unknown,Missing / not recorded,31_A330_19870101_1_1,41751.0,42942.0,43457.0,43339.0,1191.0,1706.0,1588.0,0.04086129673540753
31_A330,1990,1,crack_sealing,Crack Sealing,31_A330_19900717_2_1,43339.0,26329.5,32341.0,34572.0,-17009.5,-10998.0,-8767.0,-0.25376681510879345
31_A330,1996,2,crack_sealing,Aggregate Seal Coat | Crack Sealing,31_A330_19960409_3_1 | 31_A330_19960807_4_1,29793.0,34096.75,43494.0,24260.0,4303.75,13701.0,-5533.0,0.4598731245594603
31_A340,1987,1,unknown,Missing / not recorded,31_A340_19870101_1_1,41751.0,42942.0,43457.0,43339.0,1191.0,1706.0,1588.0,0.04086129673540753
31_A350,1987,1,unknown,Missing / not recorded,31_A350_19870101_1_1,41751.0,42942.0,43457.0,43339.0,1191.0,1706.0,1588.0,0.04086129673540753
31_A350,1990,1,seal_coat,Aggregate Seal Coat,31_A350_19900717_2_1,43339.0,26329.5,32341.0,34572.0,-17009.5,-10998.0,-8767.0,-0.25376681510879345
31_A350,1996,1,crack_sealing,Crack Sealing,31_A350_19960409_3_1,29793.0,39630.666666666664,43494.0,24260.0,9837.666666666664,13701.0,-5533.0,0.4598731245594603
31_A351,1987,1,unknown,Missing / not recorded,31_A351_19870101_1_1,41751.0,42942.0,43457.0,43339.0,1191.0,1706.0,1588.0,0.04086129673540753
31_A351,1990,1,seal_coat,Aggregate Seal Coat,31_A351_19900721_2_1,43339.0,26132.0,32341.0,34572.0,-17207.0,-10998.0,-8767.0,-0.25376681510879345
31_A351,1996,1,crack_sealing,Crack Sealing,31_A351_19960408_3_1,29793.0,39670.333333333336,43494.0,24260.0,9877.333333333336,13701.0,-5533.0,0.4598731245594603
31_A352,1987,1,unknown,Missing / not recorded,31_A352_19870101_1_1,41751.0,42942.0,43457.0,43339.0,1191.0,1706.0,1588.0,0.04086129673540753
31_A352,1990,1,seal_coat,Aggregate Seal Coat,31_A352_19900717_2_1,43339.0,26329.5,32341.0,34572.0,-17009.5,-10998.0,-8767.0,-0.25376681510879345
31_A352,1996,1,crack_sealing,Crack Sealing,31_A352_19960408_3_1,29793.0,39670.333333333336,43494.0,24260.0,9877.333333333336,13701.0,-5533.0,0.4598731245594603
31_A353,1987,1,unknown,Missing / not recorded,31_A353_19870101_1_1,41751.0,42942.0,43457.0,43339.0,1191.0,1706.0,1588.0,0.04086129673540753
31_A353,1990,1,seal_coat,Aggregate Seal Coat,31_A353_19900717_2_1,43339.0,26329.5,32341.0,34572.0,-17009.5,-10998.0,-8767.0,-0.25376681510879345
31_A353,1996,1,crack_sealing,Crack Sealing,31_A353_19960408_3_1,29793.0,39670.333333333336,43494.0,24260.0,9877.333333333336,13701.0,-5533.0,0.4598731245594603
31_A410,1991,1,unknown,Missing / not recorded,31_A410_19910101_1_1,79998.0,88081.0,83141.0,98106.0,8083.0,3143.0,18108.0,0.0392884822120553
31_A410,1992,1,crack_sealing,"Transverse Joint Sealing, Lane-Shoulder Longitudinal Joint Sealing",31_A410_19920512_2_1,88081.0,83141.0,98106.0,98747.0,-4940.0,10025.0,10666.0,0.11381569237406478
31_A430,1991,1,unknown,Missing / not recorded,31_A430_19910101_1_1,79998.0,88081.0,101432.0,98106.0,8083.0,21434.0,18108.0,0.26793169829245733
31_B410,1991,1,unknown,Missing / not recorded,31_B410_19910101_1_1,985992.0,1116683.0,982144.0,1190117.0,130691.0,-3848.0,204125.0,-0.003902668581489505
31_B410,1992,1,crack_sealing,"Transverse Joint Sealing, Lane-Shoulder Longitudinal Joint Sealing",31_B410_19920506_2_1,1116683.0,982144.0,1190117.0,1406964.0,-134539.0,73434.0,290281.0,0.0657608291699614
31_B430,1991,1,unknown,Missing / not recorded,31_B430_19910101_1_1,985992.0,1116683.0,1186352.0,1190117.0,130691.0,200360.0,204125.0,0.20320651688857516
31_C410,1991,1,unknown,Missing / not recorded,31_C410_19910101_1_1,191454.0,140916.0,135729.0,174119.0,-50538.0,-55725.0,-17335.0,-0.2910620827979567
31_C410,1992,1,crack_sealing,"Crack Sealing, Transverse Joint Sealing, Lane-Shoulder Longitudinal Joint Sealing, Partial Depth Patching of PCC Pavement Other Than at Joint",31_C410_19920507_2_1,140916.0,135729.0,174119.0,165778.0,-5187.0,33203.0,24862.0,0.23562264043827527
31_C410,1997,1,crack_sealing,Lane-Shoulder Longitudinal Joint Sealing,31_C410_19970801_3_1,196152.0,165049.0,200803.0,188046.0,-31103.0,4651.0,-8106.0,0.023711203556425628
31_C410,2000,1,crack_sealing,"Crack Sealing, AC Shoulder Restoration, Transverse Joint Sealing, Lane-Shoulder Longitudinal Joint Sealing, Partial Depth Patching of PCC Pavement Other Than at Joint",31_C410_20000501_4_1,188046.0,175378.0,195211.0,242636.0,-12668.0,7165.0,54590.0,0.03810237920508812
31_C410,2003,1,crack_sealing,"Crack Sealing, Grinding Surface, Transverse Joint Sealing, Lane-Shoulder Longitudinal Joint Sealing, Partial depth patching of PCC pavements at joints",31_C410_20030911_5_1,242636.0,202283.2,253138.0,261531.0,-40352.79999999999,10502.0,18895.0,0.0432829423498574
31_C430,1991,1,unknown,Missing / not recorded,31_C430_19910101_1_1,191454.0,140916.0,130120.5,174119.0,-50538.0,-61333.5,-17335.0,-0.32035632580149803
31_C430,1992,1,patching,Partial depth patching of PCC pavements at joints,31_C430_19920601_2_1,140916.0,130120.5,174119.0,165778.0,-10795.5,33203.0,24862.0,0.23562264043827527
31_C430,1997,1,patching,Partial depth patching of PCC pavements at joints,31_C430_19970601_3_1,196152.0,176451.33333333334,200803.0,168597.25,-19700.666666666657,4651.0,-27554.75,0.023711203556425628
31_C430,1999,1,patching,Partial depth patching of PCC pavements at joints,31_C430_19990601_4_1,200803.0,168597.25,178538.2,195211.0,-32205.75,-22264.79999999999,-5592.0,-0.11087882153155076
31_C430,2000,1,crack_sealing,"Crack Sealing, AC Shoulder Restoration, Transverse Joint Sealing, Lane-Shoulder Longitudinal Joint Sealing, Full Depth Transverse Joint Repair Patch, Partial Depth Patching of PCC Pavement Other Than at Joint",31_C430_20000501_5_1,168597.25,178538.2,195211.0,242636.0,9940.950000000012,26613.75,74038.75,0.1578539982117146
31_C430,2003,1,crack_sealing,"Crack Sealing, Grinding Surface, Transverse Joint Sealing, Lane-Shoulder Longitudinal Joint Sealing, Full Depth Transverse Joint Repair Patch, Full Depth Patching of PCC Pavement Other Than at Joint",31_C430_20030915_6_1,242636.0,207280.16666666666,253138.0,261531.0,-35355.83333333334,10502.0,18895.0,0.0432829423498574
32_0101,2002,1,crack_sealing,Crack Sealing,32_0101_20020501_2_1,662288.0,564331.0,732015.0,765344.0,-97957.0,69727.0,103056.0,0.10528199212427222
32_0102,1999,1,patching,Skin Patching (hand tools/hot pot to apply liquid asphalt and aggregate),32_0102_19990901_2_1,680142.0,488668.0,737218.0,662288.0,-191474.0,57076.0,-17854.0,0.08391777011271176
32_0102,2002,1,crack_sealing,"Crack Sealing, Full Depth Patch of AC Pavement (removing damaged material, repairing supporting material, and repairing)",32_0102_20020501_3_1,662288.0,601336.3333333334,732015.0,255115.0,-60951.66666666663,69727.0,-407173.0,0.10528199212427222
32_0103,2002,1,crack_sealing,Crack Sealing,32_0103_20020501_2_1,662288.0,564331.0,732015.0,255115.0,-97957.0,69727.0,-407173.0,0.10528199212427222
32_0104,2002,1,crack_sealing,Crack Sealing,32_0104_20020501_2_1,662288.0,564331.0,732015.0,765344.0,-97957.0,69727.0,103056.0,0.10528199212427222
32_0105,2002,1,crack_sealing,Crack Sealing,32_0105_20020501_2_1,662288.0,564331.0,732015.0,255115.0,-97957.0,69727.0,-407173.0,0.10528199212427222
32_0107,2002,1,crack_sealing,Crack Sealing,32_0107_20020501_2_1,662288.0,564331.0,732015.0,765344.0,-97957.0,69727.0,103056.0,0.10528199212427222
32_0107,2006,1,patching,"Patch Pot Holes - Hand Spread, Compacted with Truck",32_0107_20060601_3_1,637307.0,587553.3333333334,657865.0,487318.0,-49753.66666666663,20558.0,-149989.0,0.03225760897024511
32_0108,2002,1,crack_sealing,Crack Sealing,32_0108_20020501_2_1,662288.0,564331.0,732015.0,765344.0,-97957.0,69727.0,103056.0,0.10528199212427222
32_0109,2004,1,patching,"Full Depth Patch of AC Pavement (removing damaged material, repairing supporting material, and repairing)",32_0109_20040504_2_1,732015.0,635695.5,637307.0,681537.0,-96319.5,-94708.0,-50478.0,-0.12937986243451297
32_0201,1997,2,crack_sealing,Crack Sealing | Full Depth Patching of PCC Pavement Other Than at Joint,32_0201_19970501_2_1 | 32_0201_19970915_3_1,530405.0,385902.0,637566.0,556779.25,-144503.0,107161.0,26374.25,0.2020361799002649
32_0201,1999,1,patching,Full Depth Patching of PCC Pavement Other Than at Joint,32_0201_19991004_4_1,637566.0,556779.25,643827.2,652781.0,-80786.75,6261.199999999953,15215.0,0.00982047348823487
32_0201,2000,1,patching,Full Depth Patching of PCC Pavement Other Than at Joint,32_0201_20000503_5_1,556779.25,643827.2,652781.0,633374.0,87047.94999999995,96001.75,76594.75,0.17242336168239028
32_0201,2003,1,patching,Full Depth Patching of PCC Pavement Other Than at Joint,32_0201_20030601_6_1,633374.0,638447.1666666666,1956.0,,5073.166666666628,-631418.0,,-0.996911777243777
32_0203,1995,1,crack_sealing,Crack Sealing,32_0203_19951001_2_1,0.0,183677.5,530405.0,450398.0,183677.5,530405.0,450398.0,
32_0203,1997,1,crack_sealing,Crack Sealing,32_0203_19970915_3_1,530405.0,450398.0,637566.0,686569.0,-80007.0,107161.0,156164.0,0.2020361799002649
32_0203,2000,1,patching,Partial depth patching of PCC pavements at joints,32_0203_20000501_4_1,686569.0,690136.25,652681.5,633269.75,3567.25,-33887.5,-53299.25,-0.049357748456455214
32_0204,1995,1,patching,Partial Depth Patching of PCC Pavement Other Than at Joint,32_0204_19951001_2_1,0.0,183677.5,471954.0,466952.0,183677.5,471954.0,466952.0,
32_0204,1996,1,patching,Partial Depth Patching of PCC Pavement Other Than at Joint,32_0204_19960501_3_1,183677.5,471954.0,466952.0,637566.0,288276.5,283274.5,453888.5,1.542238434212138
32_0204,1997,2,crack_sealing,"Crack Sealing | Crack Sealing, Partial depth patching of PCC pavements at joints",32_0204_19970501_4_1 | 32_0204_19970915_5_1,471954.0,466952.0,637566.0,686569.0,-5002.0,165612.0,214615.0,0.35090707992728104
32_0205,1995,1,crack_sealing,Crack Sealing,32_0205_19951001_2_1,0.0,183677.5,530405.0,450398.0,183677.5,530405.0,450398.0,
32_0205,1997,1,crack_sealing,Crack Sealing,32_0205_19970915_3_1,530405.0,450398.0,637566.0,686569.0,-80007.0,107161.0,156164.0,0.2020361799002649
32_0207,1997,2,crack_sealing,Crack Sealing | Partial depth patching of PCC pavements at joints,32_0207_19970501_2_1 | 32_0207_19970915_3_1,530405.0,385902.0,637566.0,686569.0,-144503.0,107161.0,156164.0,0.2020361799002649
32_0207,2000,1,patching,Partial depth patching of PCC pavements at joints,32_0207_20000501_4_1,686569.0,690136.25,652681.5,633269.75,3567.25,-33887.5,-53299.25,-0.049357748456455214
32_0208,1995,1,patching,Partial Depth Patching of PCC Pavement Other Than at Joint,32_0208_19951001_2_1,0.0,183677.5,530405.0,450398.0,183677.5,530405.0,450398.0,
32_0208,1997,1,crack_sealing,Crack Sealing,32_0208_19970915_3_1,530405.0,450398.0,637566.0,686569.0,-80007.0,107161.0,156164.0,0.2020361799002649
32_0208,2002,1,patching,Partial Depth Patching of PCC Pavement Other Than at Joint,32_0208_20020501_4_1,652781.0,581315.75,685728.0,1956.0,-71465.25,32947.0,-650825.0,0.050471750862846804
32_0210,1997,1,crack_sealing,Crack Sealing,32_0210_19970915_2_1,530405.0,381333.5,637566.0,686569.0,-149071.5,107161.0,156164.0,0.2020361799002649
32_0211,1995,1,crack_sealing,Crack Sealing,32_0211_19951001_2_1,0.0,183677.5,530405.0,450398.0,183677.5,530405.0,450398.0,
32_0211,1997,1,crack_sealing,Crack Sealing,32_0211_19970915_3_1,530405.0,450398.0,637566.0,686569.0,-80007.0,107161.0,156164.0,0.2020361799002649
32_1020,1988,1,unknown,Missing / not recorded,32_1020_19880706_1_1,61295.0,78037.0,77828.0,71340.0,16742.0,16533.0,10045.0,0.2697283628354678
32_1020,1996,1,crack_sealing,Crack Sealing,32_1020_19960601_2_1,124988.0,95507.5,123344.0,101852.0,-29480.5,-1644.0,-23136.0,-0.01315326271322047
32_1020,1999,1,crack_sealing,Crack Sealing,32_1020_19990421_3_1,101852.0,149169.33333333334,108083.25,138318.0,47317.33333333334,6231.25,36466.0,0.06117945646624514
32_1020,2000,1,asphalt_overlay,Mill Off AC and Overlay with AC,32_1020_20000911_4_1,149169.33333333334,108083.25,138318.0,139990.0,-41086.08333333334,-10851.333333333343,-9179.333333333343,-0.0727450682445901
32_1020,2007,1,seal_coat,Fog Seal Coat,32_1020_20070530_5_1,185654.0,157110.5,209836.0,222465.0,-28543.5,24182.0,36811.0,0.1302530513751387
32_1020,2012,1,asphalt_overlay,"Asphalt Concrete Overlay, Mill Off AC and Overlay with AC",32_1020_20120514_6_1,250026.0,233500.66666666666,281496.0,299000.0,-16525.333333333343,31470.0,48974.0,0.1258669098413765
32_1020,2015,1,seal_coat,Aggregate Seal Coat,32_1020_20150601_7_1,299000.0,270919.5,288498.0,305357.25,-28080.5,-10502.0,6357.25,-0.03512374581939799
32_1021,1988,1,unknown,Missing / not recorded,32_1021_19880701_1_1,17610.0,19462.0,19574.0,20843.0,1852.0,1964.0,3233.0,0.1115275411697899
32_1021,1992,1,patching,"Patch Pot Holes - Hand Spread, Compacted with Truck",32_1021_19920601_2_1,23914.0,27070.5,17299.0,23132.0,3156.5,-6615.0,-782.0,-0.27661620807894954
32_1030,1988,1,unknown,Missing / not recorded,32_1030_19880709_1_1,66280.0,68438.0,72193.0,92318.0,2158.0,5913.0,26038.0,0.08921243210621606
32_1030,1992,1,asphalt_overlay,Asphalt Concrete Overlay,32_1030_19920915_2_1,59596.0,35699.5,122765.0,137710.0,-23896.5,63169.0,78114.0,1.059953688166991
32_2027,1988,1,unknown,Missing / not recorded,32_2027_19880901_1_1,367070.0,407158.0,432763.0,421358.0,40088.0,65693.0,54288.0,0.1789658648214237
32_2027,1991,1,seal_coat,Aggregate Seal Coat,32_2027_19910801_2_1,421358.0,264304.0,471341.0,153811.0,-157054.0,49983.0,-267547.0,0.11862359323900341
32_2027,1993,1,patching,"Grinding Surface, Patch Pot Holes - Hand Spread, Compacted with Truck",32_2027_19930601_3_1,471341.0,153811.0,421358.0,398976.0,-317530.0,-49983.0,-72365.0,-0.10604424397622952
32_2027,1996,1,seal_coat,"Patch Pot Holes - Hand Spread, Compacted with Truck, Surface Treatment, Single Layer",32_2027_19960701_4_1,398976.0,401176.75,348246.0,,2200.75,-50730.0,,-0.12715050529355149
32_3010,1988,1,unknown,Missing / not recorded,32_3010_19880712_1_1,395638.0,443855.0,454753.0,418838.0,48217.0,59115.0,23200.0,0.14941689119851986
32_3010,1998,1,patching,Partial Depth Patching of PCC Pavement Other Than at Joint,32_3010_19980801_2_1,476434.0,420760.0,420099.0,292523.0,-55674.0,-56335.0,-183911.0,-0.11824303051419505
32_3010,1999,1,patching,"Partial depth patching of PCC pavements at joints, Partial Depth Patching of PCC Pavement Other Than at Joint",32_3010_19990801_3_1,420760.0,420099.0,292523.0,,-661.0,-128237.0,,-0.30477469341192126
32_3013,1988,1,unknown,Missing / not recorded,32_3013_19880712_1_1,346075.0,392045.0,408346.0,357662.0,45970.0,62271.0,11587.0,0.1799349851910713
32_7000,1989,1,unknown,Missing / not recorded,32_7000_19890419_1_1,401473.0,426229.0,389687.0,354381.0,24756.0,-11786.0,-47092.0,-0.02935689324064134
32_7000,1995,1,patching,Skin Patching (hand tools/hot pot to apply liquid asphalt and aggregate),32_7000_19950601_2_1,416856.0,346159.5,512680.0,344490.0,-70696.5,95824.0,-72366.0,0.22987314564261999
32_A310,1988,1,unknown,Missing / not recorded,32_A310_19880701_1_1,17610.0,19462.0,19574.0,14190.5,1852.0,1964.0,-3419.5,0.1115275411697899
32_A310,1990,1,asphalt_overlay,Asphalt Concrete Overlay,32_A310_19900822_2_1,19574.0,14190.5,23914.0,34165.0,-5383.5,4340.0,14591.0,0.22172269336875447
32_A320,1988,1,unknown,Missing / not recorded,32_A320_19880701_1_1,17610.0,19462.0,19574.0,14190.5,1852.0,1964.0,-3419.5,0.1115275411697899
32_A320,1990,1,seal_coat,Slurry Seal Coat,32_A320_19900822_2_1,19574.0,14190.5,23914.0,34165.0,-5383.5,4340.0,14591.0,0.22172269336875447
32_A320,1994,1,patching,Manual Premix Spot Patch (hand spreading and compacting with roller),32_A320_19940401_3_1,17299.0,21231.0,32825.0,26818.0,3932.0,15526.0,9519.0,0.8975085265044223
32_A320,1996,1,patching,Manual Premix Spot Patch (hand spreading and compacting with roller),32_A320_19960308_4_1,32825.0,26818.0,22232.0,,-6007.0,-10593.0,,-0.3227113480578827
32_A330,1988,1,unknown,Missing / not recorded,32_A330_19880701_1_1,17610.0,19462.0,19574.0,14190.5,1852.0,1964.0,-3419.5,0.1115275411697899
32_A330,1990,1,crack_sealing,Crack Sealing,32_A330_19900822_2_1,19574.0,14190.5,23914.0,34165.0,-5383.5,4340.0,14591.0,0.22172269336875447
32_A330,1994,1,patching,Manual Premix Spot Patch (hand spreading and compacting with roller),32_A330_19940401_3_1,17299.0,21231.0,32825.0,26818.0,3932.0,15526.0,9519.0,0.8975085265044223
32_A330,1996,1,patching,Manual Premix Spot Patch (hand spreading and compacting with roller),32_A330_19960308_4_1,32825.0,26818.0,22232.0,,-6007.0,-10593.0,,-0.3227113480578827
32_A350,1988,1,unknown,Missing / not recorded,32_A350_19880701_1_1,17610.0,19462.0,19574.0,14190.5,1852.0,1964.0,-3419.5,0.1115275411697899
32_A350,1990,1,seal_coat,Aggregate Seal Coat,32_A350_19900822_2_1,19574.0,14190.5,23914.0,34165.0,-5383.5,4340.0,14591.0,0.22172269336875447
32_A350,1994,1,patching,Manual Premix Spot Patch (hand spreading and compacting with roller),32_A350_19940401_3_1,17299.0,21231.0,32834.0,28119.75,3932.0,15535.0,10820.75,0.8980287877912018
32_A350,1995,1,patching,"Patch Pot Holes - Hand Spread, Compacted with Truck",32_A350_19950701_4_1,21231.0,32834.0,28119.75,24465.0,11603.0,6888.75,3234.0,0.3244665818849795
32_A351,1988,1,unknown,Missing / not recorded,32_A351_19880701_1_1,17610.0,19462.0,19574.0,14190.5,1852.0,1964.0,-3419.5,0.1115275411697899
32_A351,1990,1,seal_coat,Aggregate Seal Coat,32_A351_19900822_2_1,19574.0,14190.5,23914.0,34165.0,-5383.5,4340.0,14591.0,0.22172269336875447
32_A352,1988,1,unknown,Missing / not recorded,32_A352_19880701_1_1,17610.0,19462.0,19574.0,14190.5,1852.0,1964.0,-3419.5,0.1115275411697899
32_A352,1990,1,seal_coat,Aggregate Seal Coat,32_A352_19900822_2_1,19574.0,14190.5,23914.0,34165.0,-5383.5,4340.0,14591.0,0.22172269336875447
32_A410,1990,1,unknown,Missing / not recorded,32_A410_19900601_1_1,454753.0,418838.0,281976.0,453738.0,-35915.0,-172777.0,-1015.0,-0.37993592125835346
32_A410,1991,1,crack_sealing,"Crack Sealing, Transverse Joint Sealing, Lane-Shoulder Longitudinal Joint Sealing",32_A410_19910813_2_1,418838.0,281976.0,453738.0,448644.0,-136862.0,34900.0,29806.0,0.0833257727331331
32_A420,1990,1,unknown,Missing / not recorded,32_A420_19900601_1_1,454753.0,418838.0,284762.0,453738.0,-35915.0,-169991.0,-1015.0,-0.3738095185738192
32_A420,1991,1,crack_sealing,"Crack Sealing, Pressure Grout Subsealing, Transverse Joint Sealing, Lane-Shoulder Longitudinal Joint Sealing",32_A420_19910808_2_1,418838.0,284762.0,453738.0,448644.0,-134076.0,34900.0,29806.0,0.0833257727331331
32_A420,1998,1,patching,Partial Depth Patching of PCC Pavement Other Than at Joint,32_A420_19980801_3_1,476434.0,478161.0,445314.5,292523.0,1727.0,-31119.5,-183911.0,-0.06531754660666535
32_A420,1999,1,patching,"Partial depth patching of PCC pavements at joints, Partial Depth Patching of PCC Pavement Other Than at Joint",32_A420_19990801_4_1,478161.0,445314.5,292523.0,,-32846.5,-185638.0,,-0.38823325197998165
32_A430,1990,1,unknown,Missing / not recorded,32_A430_19900601_1_1,454753.0,418838.0,406803.0,453738.0,-35915.0,-47950.0,-1015.0,-0.10544185524889335
32_A451,1990,1,unknown,Missing / not recorded,32_A451_19900601_1_1,454753.0,418838.0,278632.0,453738.0,-35915.0,-176121.0,-1015.0,-0.38728936367654526
32_A451,1991,1,crack_sealing,"Crack Sealing, Transverse Joint Sealing, Lane-Shoulder Longitudinal Joint Sealing",32_A451_19910819_2_1,418838.0,278632.0,453738.0,448644.0,-140206.0,34900.0,29806.0,0.0833257727331331
32_A452,1990,1,unknown,Missing / not recorded,32_A452_19900601_1_1,454753.0,418838.0,278632.0,453738.0,-35915.0,-176121.0,-1015.0,-0.38728936367654526
32_A452,1991,1,crack_sealing,"Transverse Joint Sealing, Lane-Shoulder Longitudinal Joint Sealing",32_A452_19910819_2_1,418838.0,278632.0,453738.0,448644.0,-140206.0,34900.0,29806.0,0.0833257727331331
32_A453,1990,1,unknown,Missing / not recorded,32_A453_19900601_1_1,454753.0,418838.0,278632.0,453738.0,-35915.0,-176121.0,-1015.0,-0.38728936367654526
32_A453,1991,1,crack_sealing,"Transverse Joint Sealing, Lane-Shoulder Longitudinal Joint Sealing",32_A453_19910819_2_1,418838.0,278632.0,453738.0,448644.0,-140206.0,34900.0,29806.0,0.0833257727331331
32_A454,1990,1,unknown,Missing / not recorded,32_A454_19900601_1_1,454753.0,418838.0,278632.0,453738.0,-35915.0,-176121.0,-1015.0,-0.38728936367654526
32_A454,1991,1,crack_sealing,"Transverse Joint Sealing, Lane-Shoulder Longitudinal Joint Sealing",32_A454_19910819_2_1,418838.0,278632.0,453738.0,448644.0,-140206.0,34900.0,29806.0,0.0833257727331331
32_A454,1998,1,patching,Partial Depth Patching of PCC Pavement Other Than at Joint,32_A454_19980501_3_1,476434.0,593203.0,463869.3333333333,292523.0,116769.0,-12564.666666666686,-183911.0,-0.026372313199030058
32_A455,1990,1,unknown,Missing / not recorded,32_A455_19900601_1_1,454753.0,418838.0,280861.5,453738.0,-35915.0,-173891.5,-1015.0,-0.38238670223176097
32_A455,1991,1,crack_sealing,"Crack Sealing, Transverse Joint Sealing, Lane-Shoulder Longitudinal Joint Sealing",32_A455_19910815_2_1,418838.0,280861.5,453738.0,448644.0,-137976.5,34900.0,29806.0,0.0833257727331331
32_A455,1998,1,patching,Partial Depth Patching of PCC Pavement Other Than at Joint,32_A455_19980501_3_1,476434.0,593203.0,463869.3333333333,292523.0,116769.0,-12564.666666666686,-183911.0,-0.026372313199030058
32_A456,1990,1,unknown,Missing / not recorded,32_A456_19900601_1_1,454753.0,418838.0,280861.5,453738.0,-35915.0,-173891.5,-1015.0,-0.38238670223176097
32_A456,1991,1,crack_sealing,"Crack Sealing, Transverse Joint Sealing, Lane-Shoulder Longitudinal Joint Sealing",32_A456_19910815_2_1,418838.0,280861.5,453738.0,448644.0,-137976.5,34900.0,29806.0,0.0833257727331331
32_A456,1998,1,patching,Partial Depth Patching of PCC Pavement Other Than at Joint,32_A456_19980501_3_1,476434.0,593203.0,463869.3333333333,292523.0,116769.0,-12564.666666666686,-183911.0,-0.026372313199030058
32_A457,1990,1,unknown,Missing / not recorded,32_A457_19900601_1_1,454753.0,418838.0,278632.0,453738.0,-35915.0,-176121.0,-1015.0,-0.38728936367654526
32_A457,1991,1,crack_sealing,"Crack Sealing, Transverse Joint Sealing, Lane-Shoulder Longitudinal Joint Sealing",32_A457_19910819_2_1,418838.0,278632.0,453738.0,448644.0,-140206.0,34900.0,29806.0,0.0833257727331331
32_A457,1998,1,patching,Partial Depth Patching of PCC Pavement Other Than at Joint,32_A457_19980501_3_1,476434.0,593203.0,463869.3333333333,292523.0,116769.0,-12564.666666666686,-183911.0,-0.026372313199030058
32_A458,1990,1,unknown,Missing / not recorded,32_A458_19900601_1_1,454753.0,418838.0,278632.0,453738.0,-35915.0,-176121.0,-1015.0,-0.38728936367654526
32_A458,1991,1,crack_sealing,"Crack Sealing, Transverse Joint Sealing, Lane-Shoulder Longitudinal Joint Sealing",32_A458_19910819_2_1,418838.0,278632.0,453738.0,448644.0,-140206.0,34900.0,29806.0,0.0833257727331331
32_A458,1999,1,patching,Partial Depth Patching of PCC Pavement Other Than at Joint,32_A458_19990501_3_1,592963.0,463869.3333333333,292523.0,,-129093.66666666669,-300440.0,,-0.5066757959602876
32_A459,1990,1,unknown,Missing / not recorded,32_A459_19900601_1_1,454753.0,418838.0,278632.0,453738.0,-35915.0,-176121.0,-1015.0,-0.38728936367654526
32_A459,1991,1,crack_sealing,"Crack Sealing, Transverse Joint Sealing, Lane-Shoulder Longitudinal Joint Sealing",32_A459_19910819_2_1,418838.0,278632.0,453738.0,448644.0,-140206.0,34900.0,29806.0,0.0833257727331331
32_A459,1998,1,patching,"Partial depth patching of PCC pavements at joints, Partial Depth Patching of PCC Pavement Other Than at Joint",32_A459_19980501_3_1,476434.0,593203.0,463869.3333333333,292523.0,116769.0,-12564.666666666686,-183911.0,-0.026372313199030058
32_A460,1990,1,unknown,Missing / not recorded,32_A460_19900601_1_1,454753.0,418838.0,278632.0,453738.0,-35915.0,-176121.0,-1015.0,-0.38728936367654526
32_A460,1991,1,crack_sealing,"Crack Sealing, Transverse Joint Sealing, Lane-Shoulder Longitudinal Joint Sealing",32_A460_19910819_2_1,418838.0,278632.0,453738.0,448644.0,-140206.0,34900.0,29806.0,0.0833257727331331
32_A461,1990,1,unknown,Missing / not recorded,32_A461_19900601_1_1,454753.0,418838.0,278632.0,453738.0,-35915.0,-176121.0,-1015.0,-0.38728936367654526
32_A461,1991,1,crack_sealing,"Crack Sealing, Transverse Joint Sealing, Lane-Shoulder Longitudinal Joint Sealing",32_A461_19910819_2_1,418838.0,278632.0,453738.0,448644.0,-140206.0,34900.0,29806.0,0.0833257727331331
32_A462,1990,1,unknown,Missing / not recorded,32_A462_19900601_1_1,454753.0,418838.0,278632.0,453738.0,-35915.0,-176121.0,-1015.0,-0.38728936367654526
32_A462,1991,1,crack_sealing,"Crack Sealing, Transverse Joint Sealing, Lane-Shoulder Longitudinal Joint Sealing",32_A462_19910819_2_1,418838.0,278632.0,453738.0,448644.0,-140206.0,34900.0,29806.0,0.0833257727331331
32_A463,1990,1,unknown,Missing / not recorded,32_A463_19900601_1_1,454753.0,418838.0,278632.0,453738.0,-35915.0,-176121.0,-1015.0,-0.38728936367654526
32_A463,1991,1,crack_sealing,"Crack Sealing, Transverse Joint Sealing, Lane-Shoulder Longitudinal Joint Sealing",32_A463_19910819_2_1,418838.0,278632.0,453738.0,448644.0,-140206.0,34900.0,29806.0,0.0833257727331331
32_A464,1990,1,unknown,Missing / not recorded,32_A464_19900601_1_1,454753.0,418838.0,278632.0,453738.0,-35915.0,-176121.0,-1015.0,-0.38728936367654526
32_A464,1991,1,crack_sealing,"Crack Sealing, Transverse Joint Sealing, Lane-Shoulder Longitudinal Joint Sealing",32_A464_19910819_2_1,418838.0,278632.0,453738.0,448644.0,-140206.0,34900.0,29806.0,0.0833257727331331
32_AA01,2018,1,crack_sealing,Crack Sealing,32_AA01_20180507_3_1,358722.0,338830.6666666667,352846.6666666667,367692.3333333333,-19891.333333333314,-5875.333333333314,8970.333333333314,-0.016378514095409018
32_AA02,2018,1,crack_sealing,Crack Sealing,32_AA02_20180507_3_1,358722.0,265947.3333333333,324814.6666666667,367692.3333333333,-92774.66666666669,-33907.333333333314,8970.333333333314,-0.09452259223948717
32_AA03,2018,1,crack_sealing,Crack Sealing,32_AA03_20180507_3_1,358722.0,265947.3333333333,324814.6666666667,367692.3333333333,-92774.66666666669,-33907.333333333314,8970.333333333314,-0.09452259223948717
32_AA59,2018,1,crack_sealing,Crack Sealing,32_AA59_20180507_3_1,358722.0,265947.3333333333,324814.6666666667,367692.3333333333,-92774.66666666669,-33907.333333333314,8970.333333333314,-0.09452259223948717
32_AA60,2018,1,crack_sealing,Crack Sealing,32_AA60_20180507_3_1,358722.0,265947.3333333333,324814.6666666667,367692.3333333333,-92774.66666666669,-33907.333333333314,8970.333333333314,-0.09452259223948717
32_AA61,2018,1,crack_sealing,Crack Sealing,32_AA61_20180507_3_1,358722.0,265947.3333333333,324814.6666666667,367692.3333333333,-92774.66666666669,-33907.333333333314,8970.333333333314,-0.09452259223948717
32_AA62,2018,1,crack_sealing,Crack Sealing,32_AA62_20180507_3_1,358722.0,265947.3333333333,324814.6666666667,367692.3333333333,-92774.66666666669,-33907.333333333314,8970.333333333314,-0.09452259223948717
32_B310,1988,1,unknown,Missing / not recorded,32_B310_19880101_1_1,361808.0,401473.0,426229.0,246090.0,39665.0,64421.0,-115718.0,0.17805300048644584
32_B310,1990,1,asphalt_overlay,Asphalt Concrete Overlay,32_B310_19900927_2_1,426229.0,246090.0,354381.0,404401.0,-180139.0,-71848.0,-21828.0,-0.16856666252178992
32_B320,1988,1,unknown,Missing / not recorded,32_B320_19880101_1_1,361808.0,401473.0,426229.0,278119.0,39665.0,64421.0,-83689.0,0.17805300048644584
32_B320,1990,1,seal_coat,Slurry Seal Coat,32_B320_19900729_2_1,426229.0,278119.0,354381.0,404401.0,-148110.0,-71848.0,-21828.0,-0.16856666252178992
32_B320,1993,1,patching,Manual Premix Spot Patch (hand spreading and compacting with roller),32_B320_19930401_3_1,404401.0,168764.0,416856.0,454054.0,-235637.0,12455.0,49653.0,0.030798637985563836
32_B330,1988,1,unknown,Missing / not recorded,32_B330_19880101_1_1,361808.0,401473.0,426229.0,278119.0,39665.0,64421.0,-83689.0,0.17805300048644584
32_B330,1990,1,crack_sealing,Crack Sealing,32_B330_19900729_2_1,426229.0,278119.0,354381.0,404401.0,-148110.0,-71848.0,-21828.0,-0.16856666252178992
32_B340,1988,1,unknown,Missing / not recorded,32_B340_19880101_1_1,361808.0,401473.0,426229.0,389687.0,39665.0,64421.0,27879.0,0.17805300048644584
32_B350,1988,1,unknown,Missing / not recorded,32_B350_19880101_1_1,361808.0,401473.0,426229.0,278119.0,39665.0,64421.0,-83689.0,0.17805300048644584
32_B350,1990,1,seal_coat,Aggregate Seal Coat,32_B350_19900729_2_1,426229.0,278119.0,354381.0,404401.0,-148110.0,-71848.0,-21828.0,-0.16856666252178992
32_C310,1988,1,unknown,Missing / not recorded,32_C310_19880101_1_1,367070.0,407158.0,432763.0,266667.5,40088.0,65693.0,-100402.5,0.1789658648214237
32_C310,1990,1,asphalt_overlay,Asphalt Concrete Overlay,32_C310_19900926_2_1,432763.0,266667.5,372475.0,471341.0,-166095.5,-60288.0,38578.0,-0.13930950658905683
32_C320,1988,1,unknown,Missing / not recorded,32_C320_19880101_1_1,367070.0,407158.0,432763.0,301300.0,40088.0,65693.0,-65770.0,0.1789658648214237
32_C320,1990,1,seal_coat,Slurry Seal Coat,32_C320_19900728_2_1,432763.0,301300.0,372475.0,471341.0,-131463.0,-60288.0,38578.0,-0.13930950658905683
32_C330,1988,1,unknown,Missing / not recorded,32_C330_19880101_1_1,367070.0,407158.0,432763.0,301300.0,40088.0,65693.0,-65770.0,0.1789658648214237
32_C330,1990,1,crack_sealing,Crack Sealing,32_C330_19900728_2_1,432763.0,301300.0,372475.0,471341.0,-131463.0,-60288.0,38578.0,-0.13930950658905683
32_C350,1988,1,unknown,Missing / not recorded,32_C350_19880101_1_1,367070.0,407158.0,432763.0,301300.0,40088.0,65693.0,-65770.0,0.1789658648214237
32_C350,1990,1,seal_coat,Aggregate Seal Coat,32_C350_19900728_2_1,432763.0,301300.0,372475.0,471341.0,-131463.0,-60288.0,38578.0,-0.13930950658905683
33_1001,1988,1,unknown,Missing / not recorded,33_1001_19880801_1_1,144395.0,186791.0,200021.0,166727.0,42396.0,55626.0,22332.0,0.38523494580837286
33_1001,2001,1,patching,"Full Depth Patch of AC Pavement (removing damaged material, repairing supporting material, and repairing)",33_1001_20010801_2_1,261010.0,223610.5,275013.0,186114.25,-37399.5,14003.0,-74895.75,0.053649285467989735
33_1001,2002,1,patching,"Full Depth Patch of AC Pavement (removing damaged material, repairing supporting material, and repairing)",33_1001_20020415_3_1,223610.5,275013.0,186114.25,301536.0,51402.5,-37496.25,77925.5,-0.16768555143877412
33_1001,2003,1,asphalt_overlay,Mill Off AC and Overlay with AC,33_1001_20030901_4_1,275013.0,186114.25,301536.0,310343.0,-88898.75,26523.0,35330.0,0.09644271361717446
33_1001,2007,1,crack_sealing,Crack Sealing,33_1001_20070801_5_1,319584.0,233602.5,339743.0,285839.3333333333,-85981.5,20159.0,-33744.666666666686,0.06307887754080305
33_1001,2009,1,seal_coat,Aggregate Seal Coat,33_1001_20090715_6_1,339743.0,285839.3333333333,357402.0,366644.0,-53903.666666666686,17659.0,26901.0,0.051977524187400474
33_1001,2016,1,asphalt_overlay,Asphalt Concrete Overlay,33_1001_20160701_7_1,403622.0,414290.25,423300.0,,10668.25,19678.0,,0.048753536724955526
34_0501,1991,1,unknown,Missing / not recorded,34_0501_19911101_1_1,316986.0,309300.0,313809.0,328226.0,-7686.0,-3177.0,11240.0,-0.010022524654085669
34_0501,1997,1,patching,"Patch Pot Holes - Hand Spread, Compacted with Truck",34_0501_19970601_2_1,149449.0,260217.5,293666.0,234963.33333333334,110768.5,144217.0,85514.33333333334,0.9649914017490917
34_0501,1999,1,patching,"Full Depth Patch of AC Pavement (removing damaged material, repairing supporting material, and repairing)",34_0501_19990908_3_1,293666.0,234963.33333333334,313605.0,306194.75,-58702.66666666666,19939.0,12528.75,0.06789686242193513
34_0501,2001,1,patching,Manual Premix Spot Patch (hand spreading and compacting with roller),34_0501_20010601_4_1,313605.0,306194.75,350115.0,373130.0,-7410.25,36510.0,59525.0,0.11642033768594251
34_0502,1991,1,unknown,Missing / not recorded,34_0502_19911101_1_1,316986.0,309300.0,215208.0,328226.0,-7686.0,-101778.0,11240.0,-0.32108042626488237
34_0502,1992,1,asphalt_overlay,"AC Shoulder Restoration, Hot-Mix Recycled Asphalt Concrete Overlay",34_0502_19920818_2_1,309300.0,215208.0,328226.0,209652.0,-94092.0,18926.0,-99648.0,0.06118978338182994
34_0502,2001,1,patching,"Patch Pot Holes - Hand Spread, Compacted with Truck",34_0502_20010601_3_1,313605.0,294421.0,350115.0,334539.25,-19184.0,36510.0,20934.25,0.11642033768594251
34_0502,2003,1,patching,Manual Premix Spot Patch (hand spreading and compacting with roller),34_0502_20030601_4_1,350115.0,334539.25,355955.0,340479.0,-15575.75,5840.0,-9636.0,0.0166802336375191
34_0503,1991,1,unknown,Missing / not recorded,34_0503_19911101_1_1,316986.0,309300.0,224639.0,328226.0,-7686.0,-92347.0,11240.0,-0.29132832364836303
34_0503,1992,1,asphalt_overlay,"AC Shoulder Restoration, Hot-Mix Recycled Asphalt Concrete Overlay",34_0503_19920727_2_1,309300.0,224639.0,328226.0,209652.0,-84661.0,18926.0,-99648.0,0.06118978338182994
34_0504,1991,1,unknown,Missing / not recorded,34_0504_19911101_1_1,316986.0,309300.0,224210.5,328226.0,-7686.0,-92775.5,11240.0,-0.2926801183648489
34_0504,1992,1,asphalt_overlay,"AC Shoulder Restoration, Asphalt Concrete Overlay",34_0504_19920728_2_1,309300.0,224210.5,328226.0,209652.0,-85089.5,18926.0,-99648.0,0.06118978338182994
34_0505,1991,1,unknown,Missing / not recorded,34_0505_19911101_1_1,316986.0,309300.0,227640.0,328226.0,-7686.0,-89346.0,11240.0,-0.2818610285627756
34_0505,1992,1,asphalt_overlay,"AC Shoulder Restoration, Asphalt Concrete Overlay",34_0505_19920720_2_1,309300.0,227640.0,328226.0,209652.0,-81660.0,18926.0,-99648.0,0.06118978338182994
34_0506,1991,1,unknown,Missing / not recorded,34_0506_19911101_1_1,316986.0,309300.0,227640.0,328226.0,-7686.0,-89346.0,11240.0,-0.2818610285627756
34_0506,1992,1,asphalt_overlay,"AC Shoulder Restoration, Mill Off AC and Overlay with AC",34_0506_19920720_2_1,309300.0,227640.0,328226.0,209652.0,-81660.0,18926.0,-99648.0,0.06118978338182994
34_0507,1991,1,unknown,Missing / not recorded,34_0507_19911101_1_1,316986.0,309300.0,227640.0,328226.0,-7686.0,-89346.0,11240.0,-0.2818610285627756
34_0507,1992,1,asphalt_overlay,"AC Shoulder Restoration, Mill Off AC and Overlay with AC",34_0507_19920720_2_1,309300.0,227640.0,328226.0,209652.0,-81660.0,18926.0,-99648.0,0.06118978338182994
34_0508,1991,1,unknown,Missing / not recorded,34_0508_19911101_1_1,316986.0,309300.0,227640.0,328226.0,-7686.0,-89346.0,11240.0,-0.2818610285627756
34_0508,1992,1,asphalt_overlay,"AC Shoulder Restoration, Mill Existing Pavement and Overlay with Hot-Mix Recycled AC",34_0508_19920720_2_1,309300.0,227640.0,328226.0,209652.0,-81660.0,18926.0,-99648.0,0.06118978338182994
34_0509,1991,1,unknown,Missing / not recorded,34_0509_19911101_1_1,316986.0,309300.0,227640.0,328226.0,-7686.0,-89346.0,11240.0,-0.2818610285627756
34_0509,1992,1,asphalt_overlay,"AC Shoulder Restoration, Mill Existing Pavement and Overlay with Hot-Mix Recycled AC",34_0509_19920720_2_1,309300.0,227640.0,328226.0,209652.0,-81660.0,18926.0,-99648.0,0.06118978338182994
34_0559,1991,1,unknown,Missing / not recorded,34_0559_19911101_1_1,316986.0,309300.0,227640.0,328226.0,-7686.0,-89346.0,11240.0,-0.2818610285627756
34_0559,1992,1,asphalt_overlay,"AC Shoulder Restoration, Mill Existing Pavement and Overlay with Hot-Mix Recycled AC",34_0559_19920720_2_1,309300.0,227640.0,328226.0,209652.0,-81660.0,18926.0,-99648.0,0.06118978338182994
34_0560,1991,1,unknown,Missing / not recorded,34_0560_19911101_1_1,316986.0,309300.0,227640.0,328226.0,-7686.0,-89346.0,11240.0,-0.2818610285627756
34_0560,1992,1,asphalt_overlay,"AC Shoulder Restoration, Mill Off AC and Overlay with AC",34_0560_19920720_2_1,309300.0,227640.0,328226.0,209652.0,-81660.0,18926.0,-99648.0,0.06118978338182994
34_0901,1992,1,unknown,Missing / not recorded,34_0901_19921001_1_1,456455.0,553985.0,368433.0,312854.0,97530.0,-88022.0,-143601.0,-0.19283828635900582
34_0901,1998,1,asphalt_overlay,Mill Off AC and Overlay with AC,34_0901_19980422_2_1,388083.0,345120.5,438008.0,455401.0,-42962.5,49925.0,67318.0,0.12864516095783635
34_0902,1992,1,unknown,Missing / not recorded,34_0902_19921001_1_1,456455.0,553985.0,368433.0,312854.0,97530.0,-88022.0,-143601.0,-0.19283828635900582
34_0902,1998,1,asphalt_overlay,Mill Off AC and Overlay with AC,34_0902_19980422_2_1,388083.0,345120.5,438008.0,455401.0,-42962.5,49925.0,67318.0,0.12864516095783635
34_0903,1992,1,unknown,Missing / not recorded,34_0903_19921001_1_1,456455.0,553985.0,368433.0,312854.0,97530.0,-88022.0,-143601.0,-0.19283828635900582
34_0903,1998,1,asphalt_overlay,Mill Off AC and Overlay with AC,34_0903_19980422_2_1,388083.0,345120.5,438008.0,455401.0,-42962.5,49925.0,67318.0,0.12864516095783635
34_0903,2002,1,patching,Manual Premix Spot Patch (hand spreading and compacting with roller),34_0903_20020601_3_1,495891.0,449351.6666666667,534359.0,556792.0,-46539.333333333314,38468.0,60901.0,0.07757349901490448
34_0960,1992,1,unknown,Missing / not recorded,34_0960_19921001_1_1,456455.0,553985.0,368433.0,312854.0,97530.0,-88022.0,-143601.0,-0.19283828635900582
34_0960,1998,1,asphalt_overlay,Mill Off AC and Overlay with AC,34_0960_19980422_2_1,388083.0,345120.5,438008.0,455401.0,-42962.5,49925.0,67318.0,0.12864516095783635
34_0961,1992,1,unknown,Missing / not recorded,34_0961_19921001_1_1,456455.0,553985.0,368433.0,312854.0,97530.0,-88022.0,-143601.0,-0.19283828635900582
34_0961,1998,1,asphalt_overlay,Mill Off AC and Overlay with AC,34_0961_19980422_2_1,388083.0,345120.5,438008.0,455401.0,-42962.5,49925.0,67318.0,0.12864516095783635
34_0962,1992,1,unknown,Missing / not recorded,34_0962_19921001_1_1,456455.0,553985.0,368433.0,312854.0,97530.0,-88022.0,-143601.0,-0.19283828635900582
34_0962,1998,1,asphalt_overlay,Mill Off AC and Overlay with AC,34_0962_19980422_2_1,388083.0,345120.5,438008.0,455401.0,-42962.5,49925.0,67318.0,0.12864516095783635
34_1003,1988,1,unknown,Missing / not recorded,34_1003_19880801_1_1,193217.0,204069.0,216098.0,229535.0,10852.0,22881.0,36318.0,0.11842125692873816
34_1003,1994,1,asphalt_overlay,Mill Off AC and Overlay with AC,34_1003_19940408_2_1,142585.0,69166.5,163900.0,164313.0,-73418.5,21315.0,21728.0,0.1494897780271417
34_1003,2001,1,patching,Manual Premix Spot Patch (hand spreading and compacting with roller),34_1003_20010901_3_1,166906.0,117967.5,150108.33333333334,191516.0,-48938.5,-16797.666666666657,24610.0,-0.10064147883639088
34_1003,2002,1,patching,Manual Premix Spot Patch (hand spreading and compacting with roller),34_1003_20020801_4_1,117967.5,150108.33333333334,191516.0,181505.75,32140.833333333343,73548.5,63538.25,0.6234640896857185
34_1003,2004,1,patching,Manual Premix Spot Patch (hand spreading and compacting with roller),34_1003_20040901_5_1,191516.0,181505.75,175901.8,145782.0,-10010.25,-15614.200000000012,-45734.0,-0.08152948056559249
34_1003,2005,1,patching,Manual Premix Spot Patch (hand spreading and compacting with roller),34_1003_20050801_6_1,181505.75,175901.8,145782.0,114352.0,-5603.950000000012,-35723.75,-67153.75,-0.19681883356312405
34_1011,1988,1,unknown,Missing / not recorded,34_1011_19880701_1_1,472455.0,479269.0,450539.0,467342.0,6814.0,-21916.0,-5113.0,-0.04638748663893916
34_1011,1998,1,asphalt_overlay,"Asphalt Concrete Overlay, Mill Existing Pavement and Overlay with Hot-Mix Recycled AC",34_1011_19980428_2_1,388083.0,204061.5,438008.0,455401.0,-184021.5,49925.0,67318.0,0.12864516095783635
34_1030,1988,1,unknown,Missing / not recorded,34_1030_19881201_1_1,134524.0,142322.0,145651.0,153374.0,7798.0,11127.0,18850.0,0.0827138651839077
34_1030,1991,1,crack_sealing,Crack Sealing,34_1030_19910224_2_1,153374.0,142028.5,170111.0,101746.0,-11345.5,16737.0,-51628.0,0.10912540587061692
34_1030,1997,1,asphalt_overlay,"Asphalt Concrete Overlay, Mill Existing Pavement and Overlay with Hot-Mix Recycled AC",34_1030_19970701_3_1,71916.0,40802.0,97666.0,112296.0,-31114.0,25750.0,40380.0,0.35805662161410534
34_1030,2005,1,patching,"Patch Pot Holes - Hand Spread, Compacted with Truck",34_1030_20050801_4_1,191805.0,96992.5,139995.66666666666,139802.0,-94812.5,-51809.33333333334,-52003.0,-0.27011461293153644
34_1030,2006,1,patching,Manual Premix Spot Patch (hand spreading and compacting with roller),34_1030_20060601_5_1,96992.5,139995.66666666666,139802.0,67750.0,43003.16666666666,42809.5,-29242.5,0.44136917802922904
34_1031,1988,1,unknown,Missing / not recorded,34_1031_19880701_1_1,150960.0,139688.0,150960.0,232031.0,-11272.0,0.0,81071.0,0.0
34_1031,1996,1,asphalt_overlay,"Asphalt Concrete Overlay, Mill Existing Pavement and Overlay with Hot-Mix Recycled AC",34_1031_19960404_2_1,383337.0,201791.0,396515.0,465270.0,-181546.0,13178.0,81933.0,0.034377062480271926
34_1033,1988,1,unknown,Missing / not recorded,34_1033_19880701_1_1,86412.0,91292.0,91042.0,77601.0,4880.0,4630.0,-8811.0,0.05358052122390409
34_1033,1997,1,asphalt_overlay,Mill Existing Pavement and Overlay with Hot-Mix Recycled AC,34_1033_19970911_2_1,43653.0,23370.0,62445.0,39253.0,-20283.0,18792.0,-4400.0,0.4304858772592949
34_1033,2003,1,seal_coat,"Surface Treatment, Single Layer",34_1033_20030901_3_1,57195.0,34841.0,56587.0,57843.0,-22354.0,-608.0,648.0,-0.01063029985138561
34_1033,2008,1,patching,"Patch Pot Holes - Hand Spread, Compacted with Truck",34_1033_20080601_4_1,46511.0,49400.333333333336,57688.0,42362.0,2889.3333333333358,11177.0,-4149.0,0.24030874416804626
34_1033,2011,1,crack_sealing,Crack Sealing,34_1033_20110601_5_1,42362.0,39535.25,40674.0,12243.0,-2826.75,-1688.0,-30119.0,-0.03984703271800198
34_1034,1988,1,unknown,Missing / not recorded,34_1034_19881201_1_1,222293.0,261557.0,311585.0,327584.0,39264.0,89292.0,105291.0,0.401686062988938
34_1034,2004,1,patching,Manual Premix Spot Patch (hand spreading and compacting with roller),34_1034_20040601_2_1,393311.0,328768.0,358896.0,320511.6666666667,-64543.0,-34415.0,-72799.33333333331,-0.08750073097370784
34_1034,2006,1,patching,Manual Premix Spot Patch (hand spreading and compacting with roller),34_1034_20060601_3_1,358896.0,320511.6666666667,224872.0,,-38384.333333333314,-134024.0,,-0.3734340867549374
34_1638,1988,1,unknown,Missing / not recorded,34_1638_19881201_1_1,219434.0,258293.0,306754.0,322602.0,38859.0,87320.0,103168.0,0.3979328636400922
34_4042,1988,1,unknown,Missing / not recorded,34_4042_19881201_1_1,782379.0,881501.0,958806.0,959776.0,99122.0,176427.0,177397.0,0.22550068445088634
34_4042,1992,1,crack_sealing,"Transverse Joint Sealing, Partial depth patching of PCC pavements at joints",34_4042_19921116_2_1,958354.0,543173.5,801372.0,721061.0,-415180.5,-156982.0,-237293.0,-0.1638037718838759
34_4042,1996,1,patching,Partial depth patching of PCC pavements at joints,34_4042_19960601_3_1,801491.0,713175.3333333334,861238.0,737248.0,-88315.66666666663,59747.0,-64243.0,0.07454481709713522
34_4042,1998,1,shoulder_restoration,AC Shoulder Replacement,34_4042_19980716_4_1,861238.0,737248.0,837867.0,828576.0,-123990.0,-23371.0,-32662.0,-0.02713651743188294
34_4042,2003,1,shoulder_restoration,AC Shoulder Restoration,34_4042_20030401_5_1,776816.0,661075.0,1025169.0,,-115741.0,248353.0,,0.3197063397252374
34_6057,1988,1,unknown,Missing / not recorded,34_6057_19881201_1_1,435859.0,442640.0,447755.0,454849.0,6781.0,11896.0,18990.0,0.027293230150117354
35_0102,2005,1,grinding,Grinding Surface,35_0102_20050315_2_1,10607.0,134056.5,157466.0,166096.0,123449.5,146859.0,155489.0,13.845479400395964
35_0111,2005,1,grinding,Grinding Surface,35_0111_20050315_2_1,10607.0,134056.5,157466.0,166096.0,123449.5,146859.0,155489.0,13.845479400395964
35_0501,1995,1,unknown,Missing / not recorded,35_0501_19950911_1_1,1117074.0,1126033.0,759177.3333333334,1141368.0,8959.0,-357896.6666666666,24294.0,-0.32038760786363896
35_0501,1996,2,asphalt_overlay,"Asphalt Concrete Overlay, Strip Patching (using spreader and distributor to apply hot liquid asphalt and aggregate), Surface Treatment, Single Layer | Grinding Surface",35_0501_19960429_2_1 | 35_0501_19960903_3_1,1126033.0,759177.3333333334,1141368.0,1522393.0,-366855.6666666666,15335.0,396360.0,0.013618606204258667
35_0501,2001,1,patching,"Patch Pot Holes - Hand Spread, Compacted with Truck",35_0501_20010515_4_1,345600.0,1065368.5,157080.16666666666,178097.0,719768.5,-188519.83333333334,-167503.0,-0.5454856288580248
35_0501,2002,2,crack_sealing,"Crack Sealing | Patch Pot Holes - Hand Spread, Compacted with Truck",35_0501_20020415_5_1 | 35_0501_20020915_6_1,1065368.5,157080.16666666666,178097.0,,-908288.3333333334,-887271.5,,-0.8328306121309199
35_0502,1995,1,unknown,Missing / not recorded,35_0502_19950911_1_1,1117074.0,1126033.0,755034.5,1141368.0,8959.0,-362039.5,24294.0,-0.3240962550377146
35_0502,1996,1,asphalt_overlay,"Asphalt Concrete Overlay, Strip Patching (using spreader and distributor to apply hot liquid asphalt and aggregate), Hot-Mix Recycled Asphalt Concrete Overlay",35_0502_19960903_2_1,1126033.0,755034.5,1141368.0,1522393.0,-370998.5,15335.0,396360.0,0.013618606204258667
35_0502,2004,1,patching,Manual Premix Spot Patch (hand spreading and compacting with roller),35_0502_20040615_3_1,232280.0,402761.3333333333,1506871.0,1581469.0,170481.3333333333,1274591.0,1349189.0,5.487304115722404
35_0503,1995,1,unknown,Missing / not recorded,35_0503_19950911_1_1,1117074.0,1126033.0,755034.5,1141368.0,8959.0,-362039.5,24294.0,-0.3240962550377146
35_0503,1996,1,asphalt_overlay,"Asphalt Concrete Overlay, Hot-Mix Recycled Asphalt Concrete Overlay",35_0503_19960903_2_1,1126033.0,755034.5,1141368.0,1522393.0,-370998.5,15335.0,396360.0,0.013618606204258667
35_0504,1995,1,unknown,Missing / not recorded,35_0504_19950911_1_1,1117074.0,1126033.0,755034.5,1141368.0,8959.0,-362039.5,24294.0,-0.3240962550377146
35_0504,1996,1,asphalt_overlay,"Asphalt Concrete Overlay, Surface Treatment, Single Layer",35_0504_19960903_2_1,1126033.0,755034.5,1141368.0,1522393.0,-370998.5,15335.0,396360.0,0.013618606204258667
35_0504,2003,1,patching,"Patch Pot Holes - Hand Spread, Compacted with Truck",35_0504_20030520_3_1,188084.0,202794.33333333334,474498.0,1506871.0,14710.333333333343,286414.0,1318787.0,1.522798324153038
35_0505,1995,1,unknown,Missing / not recorded,35_0505_19950911_1_1,1117074.0,1126033.0,755034.5,1141368.0,8959.0,-362039.5,24294.0,-0.3240962550377146
35_0505,1996,1,asphalt_overlay,"Asphalt Concrete Overlay, Surface Treatment, Single Layer",35_0505_19960903_2_1,1126033.0,755034.5,1141368.0,1522393.0,-370998.5,15335.0,396360.0,0.013618606204258667
35_0506,1995,1,unknown,Missing / not recorded,35_0506_19950911_1_1,1117074.0,1126033.0,759177.3333333334,1141368.0,8959.0,-357896.6666666666,24294.0,-0.32038760786363896
35_0506,1996,2,asphalt_overlay,"Asphalt Concrete Overlay, Surface Treatment, Single Layer | Grinding Surface",35_0506_19960429_2_1 | 35_0506_19960903_3_1,1126033.0,759177.3333333334,1141368.0,1522393.0,-366855.6666666666,15335.0,396360.0,0.013618606204258667
35_0507,1995,1,unknown,Missing / not recorded,35_0507_19950911_1_1,1117074.0,1126033.0,759177.3333333334,1141368.0,8959.0,-357896.6666666666,24294.0,-0.32038760786363896
35_0507,1996,2,asphalt_overlay,"Asphalt Concrete Overlay, Surface Treatment, Single Layer | Grinding Surface",35_0507_19960429_2_1 | 35_0507_19960903_3_1,1126033.0,759177.3333333334,1141368.0,1522393.0,-366855.6666666666,15335.0,396360.0,0.013618606204258667
35_0508,1995,1,unknown,Missing / not recorded,35_0508_19950911_1_1,1117074.0,1126033.0,759177.3333333334,1141368.0,8959.0,-357896.6666666666,24294.0,-0.32038760786363896
35_0508,1996,2,asphalt_overlay,"Asphalt Concrete Overlay, Hot-Mix Recycled Asphalt Concrete Overlay | Grinding Surface",35_0508_19960429_2_1 | 35_0508_19960903_3_1,1126033.0,759177.3333333334,1141368.0,1522393.0,-366855.6666666666,15335.0,396360.0,0.013618606204258667
35_0509,1995,1,unknown,Missing / not recorded,35_0509_19950911_1_1,1117074.0,1126033.0,759177.3333333334,1141368.0,8959.0,-357896.6666666666,24294.0,-0.32038760786363896
35_0509,1996,2,asphalt_overlay,"Asphalt Concrete Overlay, Hot-Mix Recycled Asphalt Concrete Overlay | Grinding Surface",35_0509_19960429_2_1 | 35_0509_19960903_3_1,1126033.0,759177.3333333334,1141368.0,1522393.0,-366855.6666666666,15335.0,396360.0,0.013618606204258667
35_0901,1995,1,unknown,Missing / not recorded,35_0901_19950911_1_1,869963.0,883097.0,594769.6666666666,910216.0,13134.0,-275193.3333333334,40253.0,-0.3163276292593287
35_0901,1996,2,asphalt_overlay,Asphalt Concrete Overlay | Mill Existing Pavement and Overlay with Cold-Mix Recycled AC,35_0901_19960429_2_1 | 35_0901_19960910_3_1,883097.0,594769.6666666666,910216.0,821326.0,-288327.3333333334,27119.0,-61771.0,0.03070897081521056
35_0902,1995,1,unknown,Missing / not recorded,35_0902_19950911_1_1,869963.0,883097.0,608697.0,910216.0,13134.0,-261266.0,40253.0,-0.30031851929334924
35_0902,1996,2,asphalt_overlay,Asphalt Concrete Overlay | Mill Existing Pavement and Overlay with Cold-Mix Recycled AC,35_0902_19960412_2_1 | 35_0902_19960910_3_1,883097.0,608697.0,910216.0,821326.0,-274400.0,27119.0,-61771.0,0.03070897081521056
35_0902,2002,1,patching,"Patch Pot Holes - Hand Spread, Compacted with Truck",35_0902_20020515_4_1,899929.0,890630.75,835747.8,919309.0,-9298.25,-64181.19999999995,19380.0,-0.0713180706477955
35_0902,2003,1,patching,Strip Patching (using spreader and distributor to apply hot liquid asphalt and aggregate),35_0902_20030815_5_1,890630.75,835747.8,919309.0,1074588.0,-54882.94999999995,28678.25,183957.25,0.03219993246359392
35_0903,1995,1,unknown,Missing / not recorded,35_0903_19950911_1_1,869963.0,883097.0,608697.0,910216.0,13134.0,-261266.0,40253.0,-0.30031851929334924
35_0903,1996,2,asphalt_overlay,Asphalt Concrete Overlay | Mill Existing Pavement and Overlay with Cold-Mix Recycled AC,35_0903_19960412_2_1 | 35_0903_19960910_3_1,883097.0,608697.0,910216.0,821326.0,-274400.0,27119.0,-61771.0,0.03070897081521056
35_0959,1995,1,unknown,Missing / not recorded,35_0959_19950911_1_1,869963.0,883097.0,609516.3333333334,910216.0,13134.0,-260446.66666666663,40253.0,-0.29937671678757216
35_0959,1996,2,asphalt_overlay,Asphalt Concrete Overlay | Mill Existing Pavement and Overlay with Cold-Mix Recycled AC,35_0959_19960412_2_1 | 35_0959_19960909_3_1,883097.0,609516.3333333334,910216.0,821326.0,-273580.6666666666,27119.0,-61771.0,0.03070897081521056
35_1002,1987,1,unknown,Missing / not recorded,35_1002_19870101_1_1,91650.0,60351.0,62607.0,76283.0,-31299.0,-29043.0,-15367.0,-0.3168903436988543
35_1002,1994,1,seal_coat,Sand Seal Coat,35_1002_19940317_2_1,104873.0,92481.5,105341.0,97405.0,-12391.5,468.0,-7468.0,0.0044625404060148945
35_1003,1987,1,unknown,Missing / not recorded,35_1003_19870101_1_1,70205.0,80789.0,72447.0,107718.0,10584.0,2242.0,37513.0,0.031935047361299054
35_1003,1998,1,patching,Manual Premix Spot Patch (hand spreading and compacting with roller),35_1003_19980615_2_1,171639.0,111121.5,147817.0,153030.0,-60517.5,-23822.0,-18609.0,-0.13879130034549259
35_1005,1987,1,unknown,Missing / not recorded,35_1005_19870101_1_1,139470.0,148463.0,146157.0,130424.0,8993.0,6687.0,-9046.0,0.04794579479457948
35_1005,1998,1,patching,Manual Premix Spot Patch (hand spreading and compacting with roller),35_1005_19980615_2_1,447586.0,138713.5,184174.0,190490.0,-308872.5,-263412.0,-257096.0,-0.5885170671111251
35_1005,2004,1,crack_sealing,Crack Sealing,35_1005_20040915_3_1,73013.0,180381.0,244305.0,254515.0,107368.0,171292.0,181502.0,2.3460479640611944
35_1022,1987,1,unknown,Missing / not recorded,35_1022_19870101_1_1,23351.0,47231.0,48444.0,95259.0,23880.0,25093.0,71908.0,1.0746006595006639
35_1112,1987,1,unknown,Missing / not recorded,35_1112_19870101_1_1,139469.0,92973.0,91945.0,72324.0,-46496.0,-47524.0,-67145.0,-0.3407495572492812
35_2006,1987,1,unknown,Missing / not recorded,35_2006_19870101_1_1,100548.0,66517.0,68864.0,85386.0,-34031.0,-31684.0,-15162.0,-0.3151131797748339
35_2007,1987,1,unknown,Missing / not recorded,35_2007_19870101_1_1,101212.0,66956.0,69318.0,85950.0,-34256.0,-31894.0,-15262.0,-0.31512073667154095
35_2007,1990,1,asphalt_overlay,"Asphalt Concrete Overlay, Mill Existing Pavement and Overlay with Cold-Mix Recycled AC",35_2007_19900801_2_1,85950.0,65139.5,96993.0,107747.0,-20810.5,11043.0,21797.0,0.12848167539267016
35_2007,1993,1,patching,Manual Premix Spot Patch (hand spreading and compacting with roller),35_2007_19930615_3_1,107747.0,89048.0,113843.0,119091.0,-18699.0,6096.0,11344.0,0.056576981261659255
35_2118,1987,1,unknown,Missing / not recorded,35_2118_19870101_1_1,511275.0,440232.0,547796.0,612301.0,-71043.0,36521.0,101026.0,0.07143122585692631
35_2118,2002,1,asphalt_overlay,Mill Off AC and Overlay with AC,35_2118_20020410_2_1,742215.0,514649.5,1067341.0,1118570.0,-227565.5,325126.0,376355.0,0.438048274421832
35_3010,1987,1,unknown,Missing / not recorded,35_3010_19870101_1_1,116054.0,78312.0,77150.0,102292.0,-37742.0,-38904.0,-13762.0,-0.3352232581384528
35_3010,2020,1,patching,"Patch Pot Holes - Hand Spread, Compacted with Truck",35_3010_20200101_2_1,175459.0,180207.0,183971.0,108875.0,4748.0,8512.0,-66584.0,0.04851275796624852
35_6033,1987,1,unknown,Missing / not recorded,35_6033_19870101_1_1,127863.0,141198.0,140132.0,170175.0,13335.0,12269.0,42312.0,0.0959542635477034
35_6033,2000,1,patching,"Patch Pot Holes - Hand Spread, Compacted with Truck",35_6033_20000515_2_1,128582.0,108339.0,82370.25,140607.0,-20243.0,-46211.75,12025.0,-0.35939517195252835
35_6033,2001,2,asphalt_overlay,"Asphalt Concrete Overlay | Patch Pot Holes - Hand Spread, Compacted with Truck",35_6033_20010515_3_1 | 35_6033_20011010_4_1,108339.0,82370.25,140607.0,144699.0,-25968.75,32268.0,36360.0,0.29784288206463044
35_6033,2012,1,asphalt_overlay,Mill Existing Pavement and Overlay with Hot-Mix Recycled AC,35_6033_20120930_5_1,4066.0,117635.5,237026.0,239474.0,113569.5,232960.0,235408.0,57.29463846532219
35_6035,1987,1,unknown,Missing / not recorded,35_6035_19870101_1_1,478853.0,528080.0,534101.0,524452.0,49227.0,55248.0,45599.0,0.11537569984943187
35_6035,1993,1,patching,Machine Premix Patch (placing premix with paver roller),35_6035_19930601_2_1,121855.0,1095812.0,1428825.0,160781.0,973957.0,1306970.0,38926.0,10.725616511427516
35_6401,1987,1,unknown,Missing / not recorded,35_6401_19870101_1_1,706614.0,772813.0,810808.0,780468.0,66199.0,104194.0,73854.0,0.14745532921793228
36_1008,1989,2,asphalt_overlay,Asphalt Concrete Overlay | Missing / not recorded,36_1008_19890501_1_1 | 36_1008_19890825_2_1,61769.0,27657.5,65199.0,65576.0,-34111.5,3430.0,3807.0,0.055529472712849484
36_1011,1988,1,unknown,Missing / not recorded,36_1011_19880601_1_1,97624.0,108724.0,214284.0,253233.0,11100.0,116660.0,155609.0,1.1949930344997133
36_1011,1993,1,asphalt_overlay,"AC Shoulder Restoration, Asphalt Concrete Overlay",36_1011_19930914_2_1,218520.0,107864.5,188427.0,218406.0,-110655.5,-30093.0,-114.0,-0.13771279516749038
36_1643,1989,2,crack_sealing,Crack Sealing | Missing / not recorded,36_1643_19890501_1_1 | 36_1643_19891012_2_1,198014.0,111754.5,191843.0,170515.0,-86259.5,-6171.0,-27499.0,-0.03116446311876938
36_1643,1992,1,patching,Manual Premix Spot Patch (hand spreading and compacting with roller),36_1643_19920601_3_1,170515.0,164483.33333333334,214896.0,211759.0,-6031.666666666657,44381.0,41244.0,0.2602762220332522
36_1643,1995,2,patching,Machine Premix Patch (placing premix with paver roller),36_1643_19950904_4_1 | 36_1643_19950911_5_1,211759.0,153822.0,120969.5,195554.0,-57937.0,-90789.5,-16205.0,-0.4287397465987278
36_1643,1996,1,asphalt_overlay,"AC Shoulder Restoration, Asphalt Concrete Overlay",36_1643_19960915_6_1,153822.0,120969.5,195554.0,209951.0,-32852.5,41732.0,56129.0,0.27130059419328834
36_1644,1989,1,unknown,Missing / not recorded,36_1644_19890501_1_1,20632.0,18545.0,18545.0,15955.0,-2087.0,-2087.0,-4677.0,-0.10115354788677781
36_1644,1996,1,asphalt_overlay,"AC Shoulder Restoration, Longitudinal Subdrains, Mill Off AC and Overlay with AC",36_1644_19960619_2_1,13391.0,9670.5,18951.0,18594.0,-3720.5,5560.0,5203.0,0.4152042416548428
36_1644,1999,1,crack_sealing,Crack Sealing,36_1644_19990601_3_1,18594.0,15838.5,20023.0,20575.0,-2755.5,1429.0,1981.0,0.07685274819834355
36_4017,1988,1,unknown,Missing / not recorded,36_4017_19880601_1_1,344989.0,260327.0,224820.0,194404.0,-84662.0,-120169.0,-150585.0,-0.3483270481087803
36_4017,1996,1,patching,"AC Shoulder Restoration, Longitudinal Subdrains, Partial depth patching of PCC pavements at joints",36_4017_19960725_2_1,249742.0,189269.5,237632.0,289641.0,-60472.5,-12110.0,39899.0,-0.048490041723058194
36_4017,1997,1,patching,Manual Premix Spot Patch (hand spreading and compacting with roller),36_4017_19970601_3_1,189269.5,237632.0,289641.0,126527.0,48362.5,100371.5,-62742.5,0.5303099548527365
36_4018,1988,1,unknown,Missing / not recorded,36_4018_19880601_1_1,305766.0,323991.0,320412.0,226862.5,18225.0,14646.0,-78903.5,0.047899374031121836
36_4018,1990,1,patching,Partial Depth Patching of PCC Pavement Other Than at Joint,36_4018_19900701_2_1,320412.0,226862.5,294221.0,300581.0,-93549.5,-26191.0,-19831.0,-0.08174163264796575
36_4018,1993,2,crack_sealing,"AC Shoulder Restoration, Longitudinal Subdrains | Transverse Joint Sealing, Lane-Shoulder Longitudinal Joint Sealing",36_4018_19930707_3_1 | 36_4018_19930908_4_1,300581.0,204792.0,274295.3333333333,301577.0,-95789.0,-26285.666666666686,996.0,-0.08744952830240996
36_4018,1994,2,crack_sealing,"Partial Depth Patching of PCC Pavement Other Than at Joint | Transverse Joint Sealing, Lane-Shoulder Longitudinal Joint Sealing",36_4018_19940711_5_1 | 36_4018_19940901_6_1,204792.0,274295.3333333333,301577.0,262103.2857142857,69503.33333333331,96785.0,57311.28571428571,0.4726014688073753
36_4018,1996,1,patching,Partial Depth Patching of PCC Pavement Other Than at Joint,36_4018_19960801_7_1,301577.0,262103.2857142857,492136.0,367900.0,-39473.71428571429,190559.0,66323.0,0.6318751098392782
36_4018,1999,1,patching,Partial Depth Patching of PCC Pavement Other Than at Joint,36_4018_19990929_8_1,367900.0,324749.25,368360.0,376517.0,-43150.75,460.0,8617.0,0.0012503397662408263
36_4018,2007,1,patching,"Patch Pot Holes - Hand Spread, Compacted with Truck",36_4018_20070601_9_1,424591.0,414026.6666666667,444867.0,464536.0,-10564.333333333314,20276.0,39945.0,0.0477541916809353
36_A310,1989,1,unknown,Missing / not recorded,36_A310_19890501_1_1,198014.0,182917.0,132187.5,170515.0,-15097.0,-65826.5,-27499.0,-0.3324335653034634
36_A310,1990,1,asphalt_overlay,Asphalt Concrete Overlay,36_A310_19900816_2_1,182917.0,132187.5,170515.0,190912.0,-50729.5,-12402.0,7995.0,-0.06780124318680057
36_A310,1995,1,patching,Machine Premix Patch (placing premix with paver roller),36_A310_19950914_3_1,211759.0,162212.66666666666,133989.0,,-49546.33333333334,-77770.0,,-0.36725711776122855
36_A320,1989,1,unknown,Missing / not recorded,36_A320_19890501_1_1,198014.0,182917.0,126932.0,147001.0,-15097.0,-71082.0,-51013.0,-0.35897461795630614
36_A320,1990,1,seal_coat,Slurry Seal Coat,36_A320_19900905_2_1,182917.0,126932.0,147001.0,190912.0,-55985.0,-35916.0,7995.0,-0.19635135061257292
36_A320,1991,1,patching,"Patch Pot Holes - Hand Spread, Compacted with Truck",36_A320_19910601_3_1,126932.0,147001.0,190912.0,214896.0,20069.0,63980.0,87964.0,0.5040494122837424
36_A320,1994,1,patching,"Patch Pot Holes - Hand Spread, Compacted with Truck",36_A320_19940601_4_1,214896.0,189858.0,211708.0,119848.5,-25038.0,-3188.0,-95047.5,-0.014835083016901198
36_A321,1989,1,unknown,Missing / not recorded,36_A321_19890501_1_1,198014.0,182917.0,128771.5,170515.0,-15097.0,-69242.5,-27499.0,-0.34968487076671345
36_A321,1990,1,seal_coat,Slurry Seal Coat,36_A321_19900829_2_1,182917.0,128771.5,170515.0,190912.0,-54145.5,-12402.0,7995.0,-0.06780124318680057
36_A330,1989,1,unknown,Missing / not recorded,36_A330_19890501_1_1,198014.0,182917.0,126932.0,147001.0,-15097.0,-71082.0,-51013.0,-0.35897461795630614
36_A330,1990,1,crack_sealing,Crack Sealing,36_A330_19900905_2_1,182917.0,126932.0,147001.0,190912.0,-55985.0,-35916.0,7995.0,-0.19635135061257292
36_A330,1991,1,patching,"Patch Pot Holes - Hand Spread, Compacted with Truck",36_A330_19910601_3_1,126932.0,147001.0,190912.0,214896.0,20069.0,63980.0,87964.0,0.5040494122837424
36_A331,1989,1,unknown,Missing / not recorded,36_A331_19890501_1_1,198014.0,182917.0,152423.0,147001.0,-15097.0,-45591.0,-51013.0,-0.23024129606997484
36_A331,1990,1,crack_sealing,Crack Sealing,36_A331_19900531_2_1,182917.0,152423.0,147001.0,190912.0,-30494.0,-35916.0,7995.0,-0.19635135061257292
36_A331,1991,1,patching,Strip Patching (using spreader and distributor to apply hot liquid asphalt and aggregate),36_A331_19910601_3_1,152423.0,147001.0,190912.0,179129.0,-5422.0,38489.0,26706.0,0.2525143843120789
36_A331,1993,1,patching,"Patch Pot Holes - Hand Spread, Compacted with Truck, Strip Patching (using spreader and distributor to apply hot liquid asphalt and aggregate)",36_A331_19930901_4_1,190912.0,179129.0,211759.0,194191.4,-11783.0,20847.0,3279.399999999994,0.1091969074756956
36_A331,1995,1,patching,"Patch Pot Holes - Hand Spread, Compacted with Truck",36_A331_19950601_5_1,211759.0,194191.4,121868.57142857143,,-17567.600000000006,-89890.42857142857,,-0.42449401712054063
36_A340,1989,1,unknown,Missing / not recorded,36_A340_19890501_1_1,198014.0,182917.0,191843.0,170515.0,-15097.0,-6171.0,-27499.0,-0.03116446311876938
36_A340,1995,1,patching,Machine Premix Patch (placing premix with paver roller),36_A340_19950914_2_1,211759.0,137465.0,133989.0,,-74294.0,-77770.0,,-0.36725711776122855
36_A350,1989,1,unknown,Missing / not recorded,36_A350_19890501_1_1,198014.0,182917.0,126932.0,170515.0,-15097.0,-71082.0,-27499.0,-0.35897461795630614
36_A350,1990,1,seal_coat,Aggregate Seal Coat,36_A350_19900905_2_1,182917.0,126932.0,170515.0,190912.0,-55985.0,-12402.0,7995.0,-0.06780124318680057
36_B310,1989,1,unknown,Missing / not recorded,36_B310_19890501_1_1,20632.0,18545.0,12829.0,15955.0,-2087.0,-7803.0,-4677.0,-0.3781989143078713
36_B310,1990,1,asphalt_overlay,"Asphalt Concrete Overlay, Manual Premix Spot Patch (hand spreading and compacting with roller)",36_B310_19900814_2_1,18545.0,12829.0,15955.0,14086.0,-5716.0,-2590.0,-4459.0,-0.13966028579131842
36_B310,1995,1,patching,Manual Premix Spot Patch (hand spreading and compacting with roller),36_B310_19950601_3_1,11081.0,11544.333333333334,9012.0,,463.33333333333394,-2069.0,,-0.18671600036097824
36_B320,1989,1,unknown,Missing / not recorded,36_B320_19890501_1_1,20632.0,18545.0,12321.0,15955.0,-2087.0,-8311.0,-4677.0,-0.40282086079875923
36_B320,1990,1,seal_coat,Slurry Seal Coat,36_B320_19900903_2_1,18545.0,12321.0,15955.0,12533.666666666666,-6224.0,-2590.0,-6011.333333333334,-0.13966028579131842
36_B320,1992,1,patching,"Patch Pot Holes - Hand Spread, Compacted with Truck",36_B320_19920501_3_1,15955.0,12533.666666666666,8739.75,11081.0,-3421.333333333334,-7215.25,-4874.0,-0.4522250078345346
36_B320,1993,1,patching,"Patch Pot Holes - Hand Spread, Compacted with Truck",36_B320_19930601_4_1,12533.666666666666,8739.75,11081.0,13391.0,-3793.916666666666,-1452.666666666666,857.3333333333339,-0.1159011728411478
36_B330,1989,1,unknown,Missing / not recorded,36_B330_19890501_1_1,20632.0,18545.0,12321.0,15955.0,-2087.0,-8311.0,-4677.0,-0.40282086079875923
36_B330,1990,1,crack_sealing,Crack Sealing,36_B330_19900903_2_1,18545.0,12321.0,15955.0,14086.0,-6224.0,-2590.0,-4459.0,-0.13966028579131842
36_B330,1993,1,patching,"Patch Pot Holes - Hand Spread, Compacted with Truck",36_B330_19930601_3_1,14086.0,8403.666666666666,11081.0,12006.0,-5682.333333333334,-3005.0,-2080.0,-0.2133323867670027
36_B330,1995,1,patching,"Manual Premix Spot Patch (hand spreading and compacting with roller), Patch Pot Holes - Hand Spread, Compacted with Truck",36_B330_19950601_4_1,11081.0,12006.0,9791.8,,925.0,-1289.2000000000007,,-0.11634329031675848
36_B331,1989,1,unknown,Missing / not recorded,36_B331_19890501_1_1,20632.0,18545.0,15318.5,15955.0,-2087.0,-5313.5,-4677.0,-0.25753683598293914
36_B331,1990,1,crack_sealing,Crack Sealing,36_B331_19900508_2_1,18545.0,15318.5,15955.0,12136.0,-3226.5,-2590.0,-6409.0,-0.13966028579131842
36_B331,1992,1,patching,Manual Premix Spot Patch (hand spreading and compacting with roller),36_B331_19920601_3_1,15955.0,12136.0,9748.0,11081.0,-3819.0,-6207.0,-4874.0,-0.3890316515198997
36_B340,1989,1,unknown,Missing / not recorded,36_B340_19890501_1_1,20632.0,18545.0,18545.0,15955.0,-2087.0,-2087.0,-4677.0,-0.10115354788677781
36_B350,1989,1,unknown,Missing / not recorded,36_B350_19890501_1_1,20632.0,18545.0,12321.0,15955.0,-2087.0,-8311.0,-4677.0,-0.40282086079875923
36_B350,1990,1,seal_coat,Aggregate Seal Coat,36_B350_19900903_2_1,18545.0,12321.0,15955.0,14086.0,-6224.0,-2590.0,-4459.0,-0.13966028579131842
36_B351,1989,1,unknown,Missing / not recorded,36_B351_19890501_1_1,20632.0,18545.0,12626.0,15955.0,-2087.0,-8006.0,-4677.0,-0.3880379992245056
36_B351,1990,1,seal_coat,Aggregate Seal Coat,36_B351_19900822_2_1,18545.0,12626.0,15955.0,14086.0,-5919.0,-2590.0,-4459.0,-0.13966028579131842
36_B352,1989,1,unknown,Missing / not recorded,36_B352_19890501_1_1,20632.0,18545.0,12626.0,15955.0,-2087.0,-8006.0,-4677.0,-0.3880379992245056
36_B352,1990,1,seal_coat,Aggregate Seal Coat,36_B352_19900822_2_1,18545.0,12626.0,15955.0,14086.0,-5919.0,-2590.0,-4459.0,-0.13966028579131842
36_B352,1993,1,patching,"Patch Pot Holes - Hand Spread, Compacted with Truck",36_B352_19930601_3_1,14086.0,8403.666666666666,11081.0,12006.0,-5682.333333333334,-3005.0,-2080.0,-0.2133323867670027
36_B352,1995,1,patching,Manual Premix Spot Patch (hand spreading and compacting with roller),36_B352_19950601_4_1,11081.0,12006.0,9012.0,,925.0,-2069.0,,-0.18671600036097824
36_B353,1989,1,unknown,Missing / not recorded,36_B353_19890501_1_1,20632.0,18545.0,12626.0,15955.0,-2087.0,-8006.0,-4677.0,-0.3880379992245056
36_B353,1990,1,seal_coat,Aggregate Seal Coat,36_B353_19900822_2_1,18545.0,12626.0,15955.0,14086.0,-5919.0,-2590.0,-4459.0,-0.13966028579131842
36_B354,1989,1,unknown,Missing / not recorded,36_B354_19890501_1_1,20632.0,18545.0,12626.0,15955.0,-2087.0,-8006.0,-4677.0,-0.3880379992245056
36_B354,1990,1,seal_coat,Aggregate Seal Coat,36_B354_19900822_2_1,18545.0,12626.0,15955.0,14086.0,-5919.0,-2590.0,-4459.0,-0.13966028579131842
37_0210,1995,1,patching,Partial depth patching of PCC pavements at joints,37_0210_19950601_2_1,120165.0,196973.5,258876.0,271767.0,76808.5,138711.0,151602.0,1.1543377855448758
37_0212,2015,1,patching,"Patch Pot Holes - Hand Spread, Compacted with Truck",37_0212_20150601_2_1,437922.0,356582.0,463007.0,473946.0,-81340.0,25085.0,36024.0,0.05728189038230552
37_0259,1995,1,patching,Partial depth patching of PCC pavements at joints,37_0259_19950601_2_1,120165.0,196973.5,258876.0,271767.0,76808.5,138711.0,151602.0,1.1543377855448758
37_1006,1989,1,unknown,Missing / not recorded,37_1006_19890901_1_1,425835.0,537799.0,423821.0,338919.5,111964.0,-2014.0,-86915.5,-0.004729531391266571
37_1006,1991,1,seal_coat,"Strip Patching (using spreader and distributor to apply hot liquid asphalt and aggregate), Slurry Seal Coat",37_1006_19910816_2_1,423821.0,338919.5,274614.0,309197.0,-84901.5,-149207.0,-114624.0,-0.35205192758263515
37_1006,1994,1,asphalt_overlay,Mill Existing Pavement and Overlay with Hot-Mix Recycled AC,37_1006_19941008_3_1,309197.0,265073.3333333333,417141.0,420546.0,-44123.666666666686,107944.0,111349.0,0.34911076110052813
37_1024,1988,1,unknown,Missing / not recorded,37_1024_19880801_1_1,16375.0,14508.0,15663.0,16150.0,-1867.0,-712.0,-225.0,-0.043480916030534354
37_1024,1992,1,asphalt_overlay,Mill Off AC and Overlay with AC,37_1024_19921110_2_1,16187.0,15258.5,30087.0,32621.0,-928.5,13900.0,16434.0,0.8587137826651017
37_1028,1988,1,unknown,Missing / not recorded,37_1028_19881101_1_1,84626.0,56179.0,96578.0,35996.0,-28447.0,11952.0,-48630.0,0.14123319074516105
37_1028,2002,1,asphalt_overlay,Mill Off AC and Overlay with AC,37_1028_20020901_2_1,89996.0,46678.5,97472.0,95272.0,-43317.5,7476.0,5276.0,0.08307035868260812
37_1030,1988,1,unknown,Missing / not recorded,37_1030_19880801_1_1,64649.0,66676.0,70389.0,72667.0,2027.0,5740.0,8018.0,0.08878714287924021
37_1040,1988,1,unknown,Missing / not recorded,37_1040_19881201_1_1,120437.0,121089.0,118293.0,25364.0,652.0,-2144.0,-95073.0,-0.017801838305504122
37_1040,1995,1,asphalt_overlay,Asphalt Concrete Overlay,37_1040_19950620_2_1,30219.0,9096.5,28924.0,38018.0,-21122.5,-1295.0,7799.0,-0.04285383368079685
37_1352,1988,1,unknown,Missing / not recorded,37_1352_19880801_1_1,93402.0,91453.0,51902.5,111372.0,-1949.0,-41499.5,17970.0,-0.4443106143337402
37_1352,1989,1,asphalt_overlay,Mill Off AC and Overlay with AC,37_1352_19891029_2_1,91453.0,51902.5,111372.0,98781.0,-39550.5,19919.0,7328.0,0.21780586749477873
37_1352,2003,1,asphalt_overlay,"AC Shoulder Replacement, Full Depth Patch of AC Pavement (removing damaged material, repairing supporting material, and repairing), Hot-Mix Recycled Asphalt Concrete Overlay",37_1352_20030711_3_1,111022.0,55659.0,109144.0,110572.0,-55363.0,-1878.0,-450.0,-0.016915566284159897
37_1352,2013,1,crack_sealing,Crack Sealing,37_1352_20130601_4_1,123227.0,99756.0,127310.0,129068.0,-23471.0,4083.0,5841.0,0.03313397226257232
37_1645,1988,1,unknown,Missing / not recorded,37_1645_19881101_1_1,151256.0,154068.0,146415.0,148053.0,2812.0,-4841.0,-3203.0,-0.032005341936848786
37_1645,1999,1,patching,Manual Premix Spot Patch (hand spreading and compacting with roller),37_1645_19990601_2_1,239965.0,187665.0,114490.33333333333,238705.0,-52300.0,-125474.66666666667,-1260.0,-0.5228873655185826
37_1645,2000,1,asphalt_overlay,"Asphalt Concrete Overlay, Slurry Seal Coat",37_1645_20000515_3_1,187665.0,114490.33333333333,238705.0,245574.0,-73174.66666666667,51040.0,57909.0,0.2719739962166627
37_1645,2013,1,asphalt_overlay,"AC Shoulder Restoration, Mill Existing Pavement and Overlay with Hot-Mix Recycled AC",37_1645_20130128_4_1,229345.0,113478.5,281633.0,287810.0,-115866.5,52288.0,58465.0,0.22798840175281782
37_1801,1988,1,unknown,Missing / not recorded,37_1801_19880801_1_1,302157.0,331723.0,347760.0,481942.0,29566.0,45603.0,179785.0,0.15092485032615494
37_1801,1996,1,asphalt_overlay,"AC Shoulder Restoration, Asphalt Concrete Overlay, Mill Existing Pavement and Overlay with Hot-Mix Recycled AC",37_1801_19960919_2_1,555193.0,252979.0,574226.0,629473.0,-302214.0,19033.0,74280.0,0.03428177228459293
37_1801,2002,1,crack_sealing,Crack Sealing,37_1801_20020601_3_1,623614.0,521760.0,648795.0,642365.0,-101854.0,25181.0,18751.0,0.04037914479148961
37_1801,2007,1,seal_coat,"Surface Treatment, Single Layer",37_1801_20070601_4_1,816278.0,736502.6666666666,896191.0,935274.0,-79775.33333333337,79913.0,118996.0,0.0978992451101218
37_1801,2010,1,asphalt_overlay,"AC Shoulder Restoration, Mill Existing Pavement and Overlay with Hot-Mix Recycled AC",37_1801_20100413_5_1,935274.0,910000.5,1023742.0,1073935.0,-25273.5,88468.0,138661.0,0.09459046226025743
37_1802,1988,1,unknown,Missing / not recorded,37_1802_19880801_1_1,37983.0,41421.0,55416.0,60710.0,3438.0,17433.0,22727.0,0.45896848590158756
37_1802,1993,1,patching,"Patch Pot Holes - Hand Spread, Compacted with Truck",37_1802_19930701_2_1,33611.0,26754.5,35197.0,31579.0,-6856.5,1586.0,-2032.0,0.047186932849364795
37_1802,1996,1,asphalt_overlay,Asphalt Concrete Overlay,37_1802_19960430_3_1,31579.0,15310.666666666666,36215.0,44231.0,-16268.333333333334,4636.0,12652.0,0.1468064219892967
37_1802,1997,1,patching,"Patch Pot Holes - Hand Spread, Compacted with Truck",37_1802_19970401_4_1,15310.666666666666,36215.0,44231.0,44231.0,20904.333333333336,28920.333333333336,28920.333333333336,1.8889009840633983
37_1803,1988,1,unknown,Missing / not recorded,37_1803_19880801_1_1,73160.0,77659.0,70389.0,15233.5,4499.0,-2771.0,-57926.5,-0.03787588846364134
37_1803,1990,1,asphalt_overlay,Mill Off AC and Overlay with AC,37_1803_19900531_2_1,70389.0,15233.5,37379.0,34881.0,-55155.5,-33010.0,-35508.0,-0.4689653212859964
37_1803,2000,1,asphalt_overlay,Asphalt Concrete Overlay,37_1803_20000501_3_1,79865.0,24507.0,60669.0,59680.0,-55358.0,-19196.0,-20185.0,-0.24035560007512677
37_1803,2019,1,crack_sealing,Crack Sealing,37_1803_20190101_4_1,63932.0,65322.0,65919.0,,1390.0,1987.0,,0.031079897390977915
37_1814,1988,1,unknown,Missing / not recorded,37_1814_19881101_1_1,123519.0,139842.0,131385.0,49445.0,16323.0,7866.0,-74074.0,0.063682510383018
37_1814,2000,1,asphalt_overlay,"Asphalt Concrete Overlay, Hot-Mix Recycled Asphalt Concrete Overlay, Mill Off AC and Overlay with AC",37_1814_20000717_2_1,94349.0,50141.5,114780.0,115713.0,-44207.5,20431.0,21364.0,0.21654707522072306
37_1814,2014,1,crack_sealing,Crack Sealing,37_1814_20140601_3_1,133593.0,108769.5,140244.0,144502.0,-24823.5,6651.0,10909.0,0.04978554265567807
37_1817,1988,1,unknown,Missing / not recorded,37_1817_19880801_1_1,16862.0,17970.0,17921.0,33209.5,1108.0,1059.0,16347.5,0.06280393784841656
37_1817,1990,1,seal_coat,"Strip Patching (using spreader and distributor to apply hot liquid asphalt and aggregate), Slurry Seal Coat",37_1817_19901105_2_1,17921.0,33209.5,59274.0,61253.0,15288.5,41353.0,43332.0,2.3075163216338375
37_1817,1994,1,patching,Machine Premix Patch (placing premix with paver roller),37_1817_19940504_3_1,31605.0,38485.666666666664,39095.25,68243.0,6880.666666666664,7490.25,36638.0,0.23699572852396772
37_1817,1995,1,asphalt_overlay,Hot-Mix Recycled Asphalt Concrete Overlay,37_1817_19951118_4_1,38485.666666666664,39095.25,68243.0,62849.0,609.5833333333358,29757.333333333336,24363.333333333336,0.7732056090146117
37_1817,2002,1,asphalt_overlay,"AC Shoulder Replacement, Asphalt Concrete Overlay",37_1817_20021007_5_1,71324.0,45102.0,89908.0,85287.0,-26222.0,18584.0,13963.0,0.2605574561157535
37_1817,2014,1,patching,"Patch Pot Holes - Hand Spread, Compacted with Truck",37_1817_20140601_6_1,104084.0,101616.66666666667,121181.0,124677.0,-2467.3333333333285,17097.0,20593.0,0.1642615579724069
37_1992,1996,1,asphalt_overlay,Hot-Mix Recycled Asphalt Concrete Overlay,37_1992_19960901_2_1,143373.0,80128.0,192156.0,175649.0,-63245.0,48783.0,32276.0,0.3402523487685966
37_1992,2011,1,asphalt_overlay,"AC Shoulder Restoration, Mill Existing Pavement and Overlay with Hot-Mix Recycled AC",37_1992_20110801_3_1,244622.0,122646.0,259440.0,264871.0,-121976.0,14818.0,20249.0,0.06057509136545364
37_1992,2019,1,crack_sealing,Crack Sealing,37_1992_20190101_4_1,360.0,573.0,148962.0,,213.0,148602.0,,412.78333333333336
37_2819,1988,1,unknown,Missing / not recorded,37_2819_19880801_1_1,64705.0,70498.0,78354.0,83171.0,5793.0,13649.0,18466.0,0.21094196739046442
37_2819,1992,1,asphalt_overlay,"Aggregate Seal Coat, Hot-Mix Recycled Asphalt Concrete Overlay",37_2819_19920608_2_1,93269.0,84531.5,162448.0,141910.0,-8737.5,69179.0,48641.0,0.7417148248614224
37_2819,2002,1,asphalt_overlay,Asphalt Concrete Overlay,37_2819_20020601_3_1,285338.0,230878.0,293838.0,288691.0,-54460.0,8500.0,3353.0,0.029789232419095948
37_2819,2013,1,asphalt_overlay,Mill Existing Pavement and Overlay with Hot-Mix Recycled AC,37_2819_20130601_4_1,666885.0,349138.6666666667,819590.0,909940.0,-317746.3333333333,152705.0,243055.0,0.22898250822855515
37_2824,1989,1,unknown,Missing / not recorded,37_2824_19890901_1_1,117787.0,72468.0,115885.0,70733.5,-45319.0,-1902.0,-47053.5,-0.0161477922011767
37_2824,1991,1,asphalt_overlay,Hot-Mix Recycled Asphalt Concrete Overlay,37_2824_19910917_2_1,115885.0,70733.5,161418.0,154745.0,-45151.5,45533.0,38860.0,0.39291539025758293
37_2824,2003,1,asphalt_overlay,Asphalt Concrete Overlay,37_2824_20030714_3_1,211965.0,82766.0,245597.0,212597.0,-129199.0,33632.0,632.0,0.15866770457386833
37_2824,2019,1,crack_sealing,Crack Sealing,37_2824_20190101_4_1,229576.0,246856.0,254463.0,,17280.0,24887.0,,0.10840418859114193
37_2825,1988,1,unknown,Missing / not recorded,37_2825_19880801_1_1,62008.0,196584.0,198205.0,40027.0,134576.0,136197.0,-21981.0,2.196442394529738
37_2825,2011,1,asphalt_overlay,"AC Shoulder Restoration, Mill Existing Pavement and Overlay with Hot-Mix Recycled AC",37_2825_20110601_2_1,38341.0,17824.5,16778.0,,-20516.5,-21563.0,,-0.5624005633655877
37_3008,1988,1,unknown,Missing / not recorded,37_3008_19880301_1_1,120636.0,130972.0,115084.0,140810.0,10336.0,-5552.0,20174.0,-0.046022746112271626
37_3008,1999,1,crack_sealing,"Transverse Joint Sealing, Lane-Shoulder Longitudinal Joint Sealing",37_3008_19990401_2_1,248737.0,220432.5,243399.66666666666,309309.0,-28304.5,-5337.333333333343,60572.0,-0.021457737824824383
37_3008,2000,1,crack_sealing,Crack Sealing,37_3008_20001001_3_1,220432.5,243399.66666666666,309309.0,151784.0,22967.166666666657,88876.5,-68648.5,0.40319145316593513
37_3008,2002,2,asphalt_overlay,Hot-Mix Recycled Asphalt Concrete Overlay | Partial Depth Patching of PCC Pavement Other Than at Joint,37_3008_20020401_4_1 | 37_3008_20020501_5_1,309309.0,151784.0,262854.0,268813.0,-157525.0,-46455.0,-40496.0,-0.15018961620903368
37_3008,2012,1,asphalt_overlay,Mill Off AC and Overlay with AC,37_3008_20120601_6_1,290706.0,146149.0,358830.0,367821.0,-144557.0,68124.0,77115.0,0.23433984850673878
37_3011,1988,1,unknown,Missing / not recorded,37_3011_19880801_1_1,659358.0,745877.0,736591.0,769957.0,86519.0,77233.0,110599.0,0.1171336360520385
37_3044,1988,1,unknown,Missing / not recorded,37_3044_19880801_1_1,1031663.0,1140622.0,1036021.0,1151418.0,108959.0,4358.0,119755.0,0.004224247646760619
37_3807,1988,1,unknown,Missing / not recorded,37_3807_19880801_1_1,170163.0,181353.0,170163.0,204312.0,11190.0,0.0,34149.0,0.0
37_3807,2002,1,crack_sealing,Lane-Shoulder Longitudinal Joint Sealing,37_3807_20020601_2_1,408762.0,310615.0,311377.5,332522.5,-98147.0,-97384.5,-76239.5,-0.23824254700779426
37_3807,2019,1,patching,"Patch Pot Holes - Hand Spread, Compacted with Truck",37_3807_20190101_3_1,148207.5,101769.0,302023.0,307476.0,-46438.5,153815.5,159268.5,1.0378388408143988
37_3807,2020,1,crack_sealing,"Transverse Joint Sealing, Lane-Shoulder Longitudinal Joint Sealing",37_3807_20200601_4_1,101769.0,302023.0,307476.0,196880.0,200254.0,205707.0,95111.0,2.021312973498806
37_3816,1988,1,unknown,Missing / not recorded,37_3816_19880801_1_1,217317.0,202938.0,178102.0,141551.0,-14379.0,-39215.0,-75766.0,-0.18045067804175466
37_3816,1996,1,shoulder_restoration,AC Shoulder Restoration,37_3816_19960701_2_1,81320.0,104552.5,105104.0,113767.0,23232.5,23784.0,32447.0,0.2924741760944417
37_3816,2002,1,crack_sealing,Lane-Shoulder Longitudinal Joint Sealing,37_3816_20020901_3_1,126993.0,139669.0,220811.0,246070.0,12676.0,93818.0,119077.0,0.738765128786626
37_3816,2010,1,grinding,"AC Shoulder Restoration, Grinding Surface",37_3816_20100701_4_1,166124.0,146633.75,168873.0,170705.0,-19490.25,2749.0,4581.0,0.01654787989694445
37_3816,2015,1,patching,"AC Shoulder Restoration, Grinding Surface, Patch Pot Holes - Hand Spread, Compacted with Truck",37_3816_20150601_5_1,172634.0,159495.2,175728.0,176436.0,-13138.799999999988,3094.0,3802.0,0.017922309626145487
37_5037,1988,1,unknown,Missing / not recorded,37_5037_19880801_1_1,468953.0,502533.0,508718.0,302326.0,33580.0,39765.0,-166627.0,0.0847952779916111
37_5037,2001,1,crack_sealing,"Crack Sealing, Lane-Shoulder Longitudinal Joint Sealing",37_5037_20011001_2_1,607319.0,349790.5,573741.0,568230.0,-257528.5,-33578.0,-39089.0,-0.05528890089063573
37_5037,2004,1,shoulder_restoration,AC Shoulder Restoration,37_5037_20040901_3_1,568230.0,468956.3333333333,669837.0,228475.0,-99273.66666666669,101607.0,-339755.0,0.17881315664431657
37_5826,1988,1,unknown,Missing / not recorded,37_5826_19880801_1_1,591040.0,698400.0,719185.0,715042.0,107360.0,128145.0,124002.0,0.21681273687060099
37_5826,1995,1,asphalt_overlay,Asphalt Concrete Overlay,37_5826_19951130_2_1,954953.0,458028.5,1032490.0,1183579.0,-496924.5,77537.0,228626.0,0.08119457187945375
37_5827,1988,1,unknown,Missing / not recorded,37_5827_19880801_1_1,101421.0,112936.0,108955.0,136897.0,11515.0,7534.0,35476.0,0.07428441841433234
37_5827,1998,1,patching,Partial Depth Patching of PCC Pavement Other Than at Joint,37_5827_19980915_2_1,247520.0,167983.5,261608.0,260397.0,-79536.5,14088.0,12877.0,0.05691661279896574
37_5827,2002,1,patching,"AC Shoulder Replacement, Full Depth Transverse Joint Repair Patch, Partial depth patching of PCC pavements at joints, Partial Depth Patching of PCC Pavement Other Than at Joint",37_5827_20020901_3_1,245993.0,195060.66666666666,83178.25,255478.0,-50932.33333333334,-162814.75,9485.0,-0.6618674108612846
37_5827,2003,1,asphalt_overlay,Asphalt Concrete Overlay,37_5827_20030301_4_1,195060.66666666666,83178.25,255478.0,259830.0,-111882.41666666666,60417.33333333334,64769.33333333334,0.30973611628519
37_A960,1995,1,unknown,Missing / not recorded,37_A960_19950601_1_1,147785.0,59652.0,152378.0,153689.0,-88133.0,4593.0,5904.0,0.031078932232635248
37_A960,1998,1,asphalt_overlay,Asphalt Concrete Overlay,37_A960_19980912_2_1,153689.0,99332.5,144355.0,151671.0,-54356.5,-9334.0,-2018.0,-0.06073303879913331
37_A961,1995,1,unknown,Missing / not recorded,37_A961_19950601_1_1,147785.0,59652.0,152378.0,153689.0,-88133.0,4593.0,5904.0,0.031078932232635248
37_A961,1998,1,asphalt_overlay,Asphalt Concrete Overlay,37_A961_19980916_2_1,153689.0,98498.0,144355.0,151671.0,-55191.0,-9334.0,-2018.0,-0.06073303879913331
37_A962,1995,1,unknown,Missing / not recorded,37_A962_19950601_1_1,147785.0,59652.0,152378.0,153689.0,-88133.0,4593.0,5904.0,0.031078932232635248
37_A962,1998,1,asphalt_overlay,Asphalt Concrete Overlay,37_A962_19980918_2_1,153689.0,98080.5,144355.0,151671.0,-55608.5,-9334.0,-2018.0,-0.06073303879913331
37_A963,1995,1,unknown,Missing / not recorded,37_A963_19950601_1_1,147785.0,59652.0,152378.0,153689.0,-88133.0,4593.0,5904.0,0.031078932232635248
37_A963,1998,1,asphalt_overlay,Asphalt Concrete Overlay,37_A963_19980921_2_1,153689.0,97454.5,144355.0,151671.0,-56234.5,-9334.0,-2018.0,-0.06073303879913331
37_A964,1995,1,unknown,Missing / not recorded,37_A964_19950601_1_1,147785.0,59652.0,152378.0,153689.0,-88133.0,4593.0,5904.0,0.031078932232635248
37_A964,1998,1,asphalt_overlay,Asphalt Concrete Overlay,37_A964_19980924_2_1,153689.0,96828.5,144355.0,151671.0,-56860.5,-9334.0,-2018.0,-0.06073303879913331
37_A965,1995,1,unknown,Missing / not recorded,37_A965_19950601_1_1,147785.0,59652.0,152378.0,153689.0,-88133.0,4593.0,5904.0,0.031078932232635248
37_A965,1998,1,asphalt_overlay,Asphalt Concrete Overlay,37_A965_19980926_2_1,153689.0,96411.0,144355.0,151671.0,-57278.0,-9334.0,-2018.0,-0.06073303879913331
38_0213,1997,1,shoulder_restoration,AC Shoulder Restoration,38_0213_19970717_2_1,322088.0,239853.0,332267.0,354314.0,-82235.0,10179.0,32226.0,0.03160316435259929
38_0213,2001,1,crack_sealing,"AC Shoulder Restoration, Lane-Shoulder Longitudinal Joint Sealing",38_0213_20010901_3_1,360889.0,310220.6666666667,402314.0,407458.0,-50668.333333333314,41425.0,46569.0,0.1147859868269745
38_0213,2006,1,crack_sealing,"AC Shoulder Restoration, Lane-Shoulder Longitudinal Joint Sealing",38_0213_20060601_4_1,415601.0,375948.25,424074.0,428701.0,-39652.75,8473.0,13100.0,0.02038734266760667
38_0213,2009,1,crack_sealing,"AC Shoulder Restoration, Transverse Joint Sealing, Lane-Shoulder Longitudinal Joint Sealing, Partial depth patching of PCC pavements at joints",38_0213_20090819_5_1,428701.0,398241.4,467894.0,452590.0,-30459.599999999977,39193.0,23889.0,0.09142269320575412
38_0213,2011,1,grinding,Grinding Surface,38_0213_20110501_6_1,467894.0,452590.0,490896.0,500005.0,-15304.0,23002.0,32111.0,0.049160707339696595
38_0213,2016,1,shoulder_restoration,AC Shoulder Restoration,38_0213_20160601_7_1,521456.0,500922.0,510068.85714285716,319171.0,-20534.0,-11387.14285714284,-202285.0,-0.021837207467442776
38_0214,1997,1,shoulder_restoration,AC Shoulder Restoration,38_0214_19970717_2_1,322088.0,239853.0,332267.0,354314.0,-82235.0,10179.0,32226.0,0.03160316435259929
38_0214,2001,1,crack_sealing,"AC Shoulder Restoration, Lane-Shoulder Longitudinal Joint Sealing",38_0214_20010901_3_1,360889.0,310220.6666666667,402314.0,407458.0,-50668.333333333314,41425.0,46569.0,0.1147859868269745
38_0214,2005,1,shoulder_restoration,AC Shoulder Restoration,38_0214_20050601_4_1,412458.0,372617.75,384621.8,424074.0,-39840.25,-27836.20000000001,11616.0,-0.06748856853303854
38_0214,2006,1,crack_sealing,Lane-Shoulder Longitudinal Joint Sealing,38_0214_20060601_5_1,372617.75,384621.8,424074.0,428701.0,12004.049999999988,51456.25,56083.25,0.13809393138142237
38_0214,2009,1,crack_sealing,"AC Shoulder Restoration, Transverse Joint Sealing, Lane-Shoulder Longitudinal Joint Sealing, Partial depth patching of PCC pavements at joints",38_0214_20090819_6_1,428701.0,407812.5,467894.0,456338.14285714284,-20888.5,39193.0,27637.14285714284,0.09142269320575412
38_0214,2011,1,grinding,Grinding Surface,38_0214_20110501_7_1,467894.0,456338.14285714284,490896.0,500005.0,-11555.85714285716,23002.0,32111.0,0.049160707339696595
38_0214,2016,1,patching,"AC Shoulder Restoration, Partial depth patching of PCC pavements at joints",38_0214_20160601_8_1,521456.0,504944.875,514175.25,319171.0,-16511.125,-7280.75,-202285.0,-0.013962347734037005
38_0215,1997,1,shoulder_restoration,AC Shoulder Restoration,38_0215_19970717_2_1,322088.0,239853.0,332267.0,354314.0,-82235.0,10179.0,32226.0,0.03160316435259929
38_0215,2001,1,crack_sealing,"AC Shoulder Restoration, Lane-Shoulder Longitudinal Joint Sealing",38_0215_20010901_3_1,360889.0,310220.6666666667,402314.0,407458.0,-50668.333333333314,41425.0,46569.0,0.1147859868269745
38_0215,2005,1,shoulder_restoration,AC Shoulder Restoration,38_0215_20050601_4_1,412458.0,372617.75,384621.8,424074.0,-39840.25,-27836.20000000001,11616.0,-0.06748856853303854
38_0215,2006,1,crack_sealing,Lane-Shoulder Longitudinal Joint Sealing,38_0215_20060601_5_1,372617.75,384621.8,424074.0,428701.0,12004.049999999988,51456.25,56083.25,0.13809393138142237
38_0215,2009,1,crack_sealing,"AC Shoulder Restoration, Transverse Joint Sealing, Lane-Shoulder Longitudinal Joint Sealing, Partial depth patching of PCC pavements at joints",38_0215_20090819_6_1,428701.0,407812.5,467894.0,456338.14285714284,-20888.5,39193.0,27637.14285714284,0.09142269320575412
38_0215,2011,1,grinding,Grinding Surface,38_0215_20110501_7_1,467894.0,456338.14285714284,490896.0,500005.0,-11555.85714285716,23002.0,32111.0,0.049160707339696595
38_0215,2015,1,patching,Skin Patching (hand tools/hot pot to apply liquid asphalt and aggregate),38_0215_20150601_8_1,511756.0,494490.25,508073.77777777775,517369.1111111111,-17265.75,-3682.222222222248,5613.111111111124,-0.007195269273290881
38_0215,2016,1,patching,"AC Shoulder Restoration, Partial depth patching of PCC pavements at joints",38_0215_20160601_9_1,494490.25,508073.77777777775,517369.1111111111,319171.0,13583.527777777752,22878.861111111124,-175319.25,0.04626756768431961
38_0216,1997,1,shoulder_restoration,AC Shoulder Restoration,38_0216_19970717_2_1,322088.0,239853.0,332267.0,276009.0,-82235.0,10179.0,-46079.0,0.03160316435259929
38_0216,1999,1,patching,Partial depth patching of PCC pavements at joints,38_0216_19990831_3_1,332267.0,276009.0,300740.75,345612.0,-56258.0,-31526.25,13345.0,-0.0948822784086292
38_0216,2000,1,patching,Partial depth patching of PCC pavements at joints,38_0216_20000901_4_1,276009.0,300740.75,345612.0,402314.0,24731.75,69603.0,126305.0,0.2521765594600176
38_0216,2001,1,crack_sealing,"AC Shoulder Restoration, Lane-Shoulder Longitudinal Joint Sealing",38_0216_20010901_5_1,300740.75,345612.0,402314.0,407458.0,44871.25,101573.25,106717.25,0.3377435548724275
38_0216,2006,1,crack_sealing,"AC Shoulder Restoration, Lane-Shoulder Longitudinal Joint Sealing, Partial depth patching of PCC pavements at joints",38_0216_20060601_6_1,415601.0,390404.1666666667,424074.0,428701.0,-25196.833333333314,8473.0,13100.0,0.02038734266760667
38_0216,2009,1,crack_sealing,"AC Shoulder Restoration, Transverse Joint Sealing, Lane-Shoulder Longitudinal Joint Sealing, Partial depth patching of PCC pavements at joints",38_0216_20090819_7_1,428701.0,414649.0,467894.0,459149.25,-14052.0,39193.0,30448.25,0.09142269320575412
38_0216,2011,1,grinding,Grinding Surface,38_0216_20110501_8_1,467894.0,459149.25,490896.0,500005.0,-8744.75,23002.0,32111.0,0.049160707339696595
38_0216,2016,1,shoulder_restoration,AC Shoulder Restoration,38_0216_20160601_9_1,521456.0,508073.77777777775,517369.1111111111,319171.0,-13382.222222222248,-4086.888888888876,-202285.0,-0.00783745683027691
38_0217,1997,1,shoulder_restoration,AC Shoulder Restoration,38_0217_19970717_2_1,322088.0,239853.0,280682.3333333333,295585.25,-82235.0,-41405.666666666686,-26502.75,-0.12855389417384902
38_0217,1998,1,crack_sealing,"Crack Sealing, Partial depth patching of PCC pavements at joints",38_0217_19980620_3_1,239853.0,280682.3333333333,295585.25,360889.0,40829.333333333314,55732.25,121036.0,0.23236002885100457
38_0217,1999,1,patching,Partial depth patching of PCC pavements at joints,38_0217_19990831_4_1,280682.3333333333,295585.25,360889.0,352384.4,14902.916666666686,80206.66666666669,71702.06666666671,0.28575602074468537
38_0217,2001,1,crack_sealing,"Crack Sealing, AC Shoulder Restoration, Lane-Shoulder Longitudinal Joint Sealing",38_0217_20010801_5_1,360889.0,352384.4,363368.5,407458.0,-8504.599999999977,2479.5,46569.0,0.006870533598973646
38_0217,2002,1,crack_sealing,"Crack Sealing, Lane-Shoulder Longitudinal Joint Sealing",38_0217_20020801_6_1,352384.4,363368.5,407458.0,412458.0,10984.099999999977,55073.59999999998,60073.59999999998,0.15628841685386746
38_0217,2005,1,crack_sealing,"Crack Sealing, AC Shoulder Restoration, Lane-Shoulder Longitudinal Joint Sealing, Partial depth patching of PCC pavements at joints, Partial Depth Patching of PCC Pavement Other Than at Joint",38_0217_20050801_7_1,412458.0,381116.71428571426,419316.0,424074.0,-31341.28571428574,6858.0,11616.0,0.01662714749138094
38_0217,2009,1,crack_sealing,"Crack Sealing, AC Shoulder Restoration, Transverse Joint Sealing, Lane-Shoulder Longitudinal Joint Sealing, Full Depth Transverse Joint Repair Patch, Partial depth patching of PCC pavements at joints, PCC Slab Replacement",38_0217_20090819_8_1,428701.0,419776.375,467894.0,461335.6666666667,-8924.625,39193.0,32634.666666666686,0.09142269320575412
38_0217,2011,1,grinding,Grinding Surface,38_0217_20110501_9_1,467894.0,461335.6666666667,490896.0,500005.0,-6558.333333333314,23002.0,32111.0,0.049160707339696595
38_0217,2014,1,patching,Skin Patching (hand tools/hot pot to apply liquid asphalt and aggregate),38_0217_20140601_10_1,500005.0,490037.0,499387.9,492144.8181818182,-9968.0,-617.0999999999767,-7860.1818181818235,-0.0012341876581233723
38_0217,2016,1,shoulder_restoration,"AC Shoulder Restoration, PCC Slab Replacement",38_0217_20160601_11_1,499387.9,492144.8181818182,501109.45454545453,319171.0,-7243.081818181847,1721.5545454545063,-180216.90000000002,0.0034473293114520923
38_0218,1997,1,shoulder_restoration,AC Shoulder Restoration,38_0218_19970717_2_1,322088.0,239853.0,332267.0,354314.0,-82235.0,10179.0,32226.0,0.03160316435259929
38_0218,2001,1,crack_sealing,"AC Shoulder Restoration, Lane-Shoulder Longitudinal Joint Sealing",38_0218_20010901_3_1,360889.0,310220.6666666667,402314.0,407458.0,-50668.333333333314,41425.0,46569.0,0.1147859868269745
38_0218,2006,1,crack_sealing,"AC Shoulder Restoration, Lane-Shoulder Longitudinal Joint Sealing",38_0218_20060601_4_1,415601.0,375948.25,424074.0,428701.0,-39652.75,8473.0,13100.0,0.02038734266760667
38_0218,2009,1,crack_sealing,"AC Shoulder Restoration, Transverse Joint Sealing, Lane-Shoulder Longitudinal Joint Sealing, Partial depth patching of PCC pavements at joints",38_0218_20090819_5_1,428701.0,398241.4,467894.0,452590.0,-30459.599999999977,39193.0,23889.0,0.09142269320575412
38_0218,2011,1,grinding,Grinding Surface,38_0218_20110501_6_1,467894.0,452590.0,490896.0,500005.0,-15304.0,23002.0,32111.0,0.049160707339696595
38_0218,2014,1,patching,"Patch Pot Holes - Hand Spread, Compacted with Truck",38_0218_20140601_7_1,500005.0,480728.85714285716,489930.14285714284,476784.75,-19276.14285714284,-10074.85714285716,-23220.25,-0.020149512790586414
38_0218,2016,1,crack_sealing,"AC Shoulder Restoration, Full Depth Transverse Joint Repair Patch, Saw and Seal",38_0218_20160601_8_1,489930.14285714284,476784.75,485430.5,319171.0,-13145.39285714284,-4499.6428571428405,-170759.14285714284,-0.009184253965069621
38_0219,1997,1,shoulder_restoration,AC Shoulder Restoration,38_0219_19970717_2_1,322088.0,239853.0,332267.0,354314.0,-82235.0,10179.0,32226.0,0.03160316435259929
38_0219,2001,1,crack_sealing,"AC Shoulder Restoration, Lane-Shoulder Longitudinal Joint Sealing",38_0219_20010901_3_1,360889.0,310220.6666666667,402314.0,407458.0,-50668.333333333314,41425.0,46569.0,0.1147859868269745
38_0219,2006,1,crack_sealing,"AC Shoulder Restoration, Lane-Shoulder Longitudinal Joint Sealing",38_0219_20060601_4_1,415601.0,375948.25,424074.0,428701.0,-39652.75,8473.0,13100.0,0.02038734266760667
38_0219,2009,1,crack_sealing,"AC Shoulder Restoration, Lane-Shoulder Longitudinal Joint Sealing",38_0219_20090819_5_1,428701.0,398241.4,467894.0,452590.0,-30459.599999999977,39193.0,23889.0,0.09142269320575412
38_0219,2011,1,grinding,Grinding Surface,38_0219_20110501_6_1,467894.0,452590.0,490896.0,500005.0,-15304.0,23002.0,32111.0,0.049160707339696595
38_0219,2016,1,patching,"AC Shoulder Restoration, Full Depth Patching of PCC Pavement Other Than at Joint",38_0219_20160601_7_1,521456.0,500922.0,510068.85714285716,319171.0,-20534.0,-11387.14285714284,-202285.0,-0.021837207467442776
38_0219,2020,1,patching,Partial depth patching of PCC pavements at joints,38_0219_20200601_8_1,325379.0,332496.0,337797.0,256176.0,7117.0,12418.0,-69203.0,0.03816472482858451
38_0220,1997,1,shoulder_restoration,AC Shoulder Restoration,38_0220_19970717_2_1,322088.0,239853.0,332267.0,354314.0,-82235.0,10179.0,32226.0,0.03160316435259929
38_0220,2001,1,crack_sealing,"AC Shoulder Restoration, Lane-Shoulder Longitudinal Joint Sealing",38_0220_20010901_3_1,360889.0,310220.6666666667,402314.0,407458.0,-50668.333333333314,41425.0,46569.0,0.1147859868269745
38_0220,2006,1,crack_sealing,"AC Shoulder Restoration, Lane-Shoulder Longitudinal Joint Sealing",38_0220_20060601_4_1,415601.0,375948.25,424074.0,428701.0,-39652.75,8473.0,13100.0,0.02038734266760667
38_0220,2009,1,crack_sealing,"AC Shoulder Restoration, Lane-Shoulder Longitudinal Joint Sealing",38_0220_20090819_5_1,428701.0,398241.4,467894.0,452590.0,-30459.599999999977,39193.0,23889.0,0.09142269320575412
38_0220,2011,1,grinding,Grinding Surface,38_0220_20110501_6_1,467894.0,452590.0,490896.0,500005.0,-15304.0,23002.0,32111.0,0.049160707339696595
38_0220,2016,1,patching,"AC Shoulder Restoration, Full Depth Transverse Joint Repair Patch",38_0220_20160601_7_1,521456.0,500922.0,510068.85714285716,319171.0,-20534.0,-11387.14285714284,-202285.0,-0.021837207467442776
38_0221,1997,1,shoulder_restoration,AC Shoulder Restoration,38_0221_19970717_2_1,322088.0,239853.0,332267.0,354314.0,-82235.0,10179.0,32226.0,0.03160316435259929
38_0221,2001,1,crack_sealing,"AC Shoulder Restoration, Lane-Shoulder Longitudinal Joint Sealing",38_0221_20010901_3_1,360889.0,310220.6666666667,402314.0,407458.0,-50668.333333333314,41425.0,46569.0,0.1147859868269745
38_0221,2006,1,crack_sealing,"AC Shoulder Restoration, Lane-Shoulder Longitudinal Joint Sealing",38_0221_20060601_4_1,415601.0,375948.25,424074.0,428701.0,-39652.75,8473.0,13100.0,0.02038734266760667
38_0221,2009,1,crack_sealing,"AC Shoulder Restoration, Lane-Shoulder Longitudinal Joint Sealing",38_0221_20090819_5_1,428701.0,398241.4,467894.0,452590.0,-30459.599999999977,39193.0,23889.0,0.09142269320575412
38_0221,2011,1,grinding,Grinding Surface,38_0221_20110501_6_1,467894.0,452590.0,490896.0,500005.0,-15304.0,23002.0,32111.0,0.049160707339696595
38_0221,2016,1,patching,"AC Shoulder Restoration, Full Depth Transverse Joint Repair Patch",38_0221_20160601_7_1,521456.0,500922.0,510068.85714285716,319171.0,-20534.0,-11387.14285714284,-202285.0,-0.021837207467442776
38_0222,1997,1,shoulder_restoration,AC Shoulder Restoration,38_0222_19970717_2_1,322088.0,239853.0,332267.0,354314.0,-82235.0,10179.0,32226.0,0.03160316435259929
38_0222,2001,1,crack_sealing,"AC Shoulder Restoration, Lane-Shoulder Longitudinal Joint Sealing",38_0222_20010901_3_1,360889.0,310220.6666666667,402314.0,407458.0,-50668.333333333314,41425.0,46569.0,0.1147859868269745
38_0222,2006,1,crack_sealing,"AC Shoulder Restoration, Lane-Shoulder Longitudinal Joint Sealing",38_0222_20060601_4_1,415601.0,375948.25,424074.0,428701.0,-39652.75,8473.0,13100.0,0.02038734266760667
38_0222,2009,1,crack_sealing,"AC Shoulder Restoration, Transverse Joint Sealing, Lane-Shoulder Longitudinal Joint Sealing, Partial depth patching of PCC pavements at joints",38_0222_20090819_5_1,428701.0,398241.4,467894.0,452590.0,-30459.599999999977,39193.0,23889.0,0.09142269320575412
38_0222,2011,1,grinding,Grinding Surface,38_0222_20110501_6_1,467894.0,452590.0,490896.0,500005.0,-15304.0,23002.0,32111.0,0.049160707339696595
38_0222,2016,1,patching,"AC Shoulder Restoration, Full Depth Transverse Joint Repair Patch, Partial depth patching of PCC pavements at joints",38_0222_20160601_7_1,521456.0,500922.0,510068.85714285716,319171.0,-20534.0,-11387.14285714284,-202285.0,-0.021837207467442776
38_0223,1997,1,shoulder_restoration,AC Shoulder Restoration,38_0223_19970717_2_1,322088.0,239853.0,332267.0,354314.0,-82235.0,10179.0,32226.0,0.03160316435259929
38_0223,2001,1,crack_sealing,"AC Shoulder Restoration, Lane-Shoulder Longitudinal Joint Sealing",38_0223_20010901_3_1,360889.0,310220.6666666667,402314.0,407458.0,-50668.333333333314,41425.0,46569.0,0.1147859868269745
38_0223,2006,1,crack_sealing,"AC Shoulder Restoration, Lane-Shoulder Longitudinal Joint Sealing",38_0223_20060601_4_1,415601.0,375948.25,424074.0,428701.0,-39652.75,8473.0,13100.0,0.02038734266760667
38_0223,2009,1,crack_sealing,"AC Shoulder Restoration, Lane-Shoulder Longitudinal Joint Sealing",38_0223_20090819_5_1,428701.0,398241.4,467894.0,452590.0,-30459.599999999977,39193.0,23889.0,0.09142269320575412
38_0223,2011,1,grinding,Grinding Surface,38_0223_20110501_6_1,467894.0,452590.0,490896.0,500005.0,-15304.0,23002.0,32111.0,0.049160707339696595
38_0223,2016,1,shoulder_restoration,AC Shoulder Restoration,38_0223_20160601_7_1,521456.0,500922.0,510068.85714285716,319171.0,-20534.0,-11387.14285714284,-202285.0,-0.021837207467442776
38_0224,1997,1,shoulder_restoration,AC Shoulder Restoration,38_0224_19970717_2_1,322088.0,239853.0,332267.0,354314.0,-82235.0,10179.0,32226.0,0.03160316435259929
38_0224,2001,1,crack_sealing,"AC Shoulder Restoration, Lane-Shoulder Longitudinal Joint Sealing",38_0224_20010901_3_1,360889.0,310220.6666666667,402314.0,407458.0,-50668.333333333314,41425.0,46569.0,0.1147859868269745
38_0224,2006,1,crack_sealing,"AC Shoulder Restoration, Lane-Shoulder Longitudinal Joint Sealing",38_0224_20060601_4_1,415601.0,375948.25,424074.0,428701.0,-39652.75,8473.0,13100.0,0.02038734266760667
38_0224,2009,1,crack_sealing,"AC Shoulder Restoration, Lane-Shoulder Longitudinal Joint Sealing",38_0224_20090819_5_1,428701.0,398241.4,467894.0,452590.0,-30459.599999999977,39193.0,23889.0,0.09142269320575412
38_0224,2011,1,grinding,Grinding Surface,38_0224_20110501_6_1,467894.0,452590.0,490896.0,500005.0,-15304.0,23002.0,32111.0,0.049160707339696595
38_0224,2014,1,patching,"Patch Pot Holes - Hand Spread, Compacted with Truck",38_0224_20140601_7_1,500005.0,480728.85714285716,489930.14285714284,476784.75,-19276.14285714284,-10074.85714285716,-23220.25,-0.020149512790586414
38_0224,2016,1,patching,"AC Shoulder Restoration, Partial depth patching of PCC pavements at joints, Partial Depth Patching of PCC Pavement Other Than at Joint",38_0224_20160601_8_1,489930.14285714284,476784.75,485430.5,319171.0,-13145.39285714284,-4499.6428571428405,-170759.14285714284,-0.009184253965069621
38_0259,2009,1,crack_sealing,"Transverse Joint Sealing, Lane-Shoulder Longitudinal Joint Sealing, Partial depth patching of PCC pavements at joints",38_0259_20090819_2_1,428701.0,312101.5,467894.0,426353.0,-116599.5,39193.0,-2348.0,0.09142269320575412
38_0259,2011,1,grinding,Grinding Surface,38_0259_20110501_3_1,467894.0,426353.0,490896.0,500005.0,-41541.0,23002.0,32111.0,0.049160707339696595
38_0259,2016,1,patching,"Partial depth patching of PCC pavements at joints, Partial Depth Patching of PCC Pavement Other Than at Joint",38_0259_20160601_4_1,521456.0,476784.75,485430.5,319171.0,-44671.25,-36025.5,-202285.0,-0.06908636586787764
38_0260,2009,1,crack_sealing,"Lane-Shoulder Longitudinal Joint Sealing, Partial depth patching of PCC pavements at joints",38_0260_20090819_2_1,428701.0,312101.5,467894.0,426353.0,-116599.5,39193.0,-2348.0,0.09142269320575412
38_0260,2011,1,grinding,Grinding Surface,38_0260_20110501_3_1,467894.0,426353.0,490896.0,500005.0,-41541.0,23002.0,32111.0,0.049160707339696595
38_0261,1997,1,shoulder_restoration,AC Shoulder Restoration,38_0261_19970717_2_1,322088.0,239853.0,332267.0,354314.0,-82235.0,10179.0,32226.0,0.03160316435259929
38_0261,2001,1,crack_sealing,"AC Shoulder Restoration, Lane-Shoulder Longitudinal Joint Sealing",38_0261_20010901_3_1,360889.0,310220.6666666667,402314.0,407458.0,-50668.333333333314,41425.0,46569.0,0.1147859868269745
38_0261,2006,1,crack_sealing,"AC Shoulder Restoration, Lane-Shoulder Longitudinal Joint Sealing",38_0261_20060601_4_1,415601.0,375948.25,424074.0,428701.0,-39652.75,8473.0,13100.0,0.02038734266760667
38_0261,2009,1,crack_sealing,"AC Shoulder Restoration, Lane-Shoulder Longitudinal Joint Sealing",38_0261_20090819_5_1,428701.0,398241.4,467894.0,452590.0,-30459.599999999977,39193.0,23889.0,0.09142269320575412
38_0261,2011,1,grinding,Grinding Surface,38_0261_20110501_6_1,467894.0,452590.0,490896.0,500005.0,-15304.0,23002.0,32111.0,0.049160707339696595
38_0261,2014,1,patching,"Patch Pot Holes - Hand Spread, Compacted with Truck",38_0261_20140601_7_1,500005.0,480728.85714285716,489930.14285714284,476784.75,-19276.14285714284,-10074.85714285716,-23220.25,-0.020149512790586414
38_0261,2016,1,shoulder_restoration,AC Shoulder Restoration,38_0261_20160601_8_1,489930.14285714284,476784.75,485430.5,319171.0,-13145.39285714284,-4499.6428571428405,-170759.14285714284,-0.009184253965069621
38_0262,1997,1,shoulder_restoration,AC Shoulder Restoration,38_0262_19970717_2_1,322088.0,239853.0,332267.0,354314.0,-82235.0,10179.0,32226.0,0.03160316435259929
38_0262,2001,1,crack_sealing,"AC Shoulder Restoration, Lane-Shoulder Longitudinal Joint Sealing",38_0262_20010901_3_1,360889.0,310220.6666666667,402314.0,407458.0,-50668.333333333314,41425.0,46569.0,0.1147859868269745
38_0262,2006,1,crack_sealing,"AC Shoulder Restoration, Lane-Shoulder Longitudinal Joint Sealing",38_0262_20060601_4_1,415601.0,375948.25,424074.0,428701.0,-39652.75,8473.0,13100.0,0.02038734266760667
38_0262,2009,1,crack_sealing,"AC Shoulder Restoration, Lane-Shoulder Longitudinal Joint Sealing",38_0262_20090819_5_1,428701.0,398241.4,467894.0,452590.0,-30459.599999999977,39193.0,23889.0,0.09142269320575412
38_0262,2011,1,grinding,Grinding Surface,38_0262_20110501_6_1,467894.0,452590.0,490896.0,500005.0,-15304.0,23002.0,32111.0,0.049160707339696595
38_0262,2014,1,patching,"Patch Pot Holes - Hand Spread, Compacted with Truck",38_0262_20140601_7_1,500005.0,480728.85714285716,489930.14285714284,476784.75,-19276.14285714284,-10074.85714285716,-23220.25,-0.020149512790586414
38_0262,2016,1,shoulder_restoration,AC Shoulder Restoration,38_0262_20160601_8_1,489930.14285714284,476784.75,485430.5,319171.0,-13145.39285714284,-4499.6428571428405,-170759.14285714284,-0.009184253965069621
38_0263,1997,1,shoulder_restoration,AC Shoulder Restoration,38_0263_19970717_2_1,322088.0,239853.0,332267.0,354314.0,-82235.0,10179.0,32226.0,0.03160316435259929
38_0263,2009,1,shoulder_restoration,AC Shoulder Restoration,38_0263_20090819_3_1,428701.0,391313.0,401916.3333333333,388749.75,-37388.0,-26784.666666666686,-39951.25,-0.062478666172149554
38_0263,2011,1,grinding,Grinding Surface,38_0263_20110501_4_1,401916.3333333333,388749.75,438902.5,447093.0,-13166.583333333314,36986.166666666686,45176.666666666686,0.09202454242134978
38_0263,2016,1,shoulder_restoration,AC Shoulder Restoration,38_0263_20160601_5_1,466285.75,442992.6,450936.8,319171.0,-23293.150000000023,-15348.950000000012,-147114.75,-0.032917476032668834
38_0264,2011,1,grinding,Grinding Surface,38_0264_20110501_2_1,467894.0,400116.0,490896.0,500005.0,-67778.0,23002.0,32111.0,0.049160707339696595
38_2001,1987,1,unknown,Missing / not recorded,38_2001_19870101_1_1,60350.0,63456.0,65032.0,70037.0,3106.0,4682.0,9687.0,0.0775807787903894
38_2001,1990,1,seal_coat,Aggregate Seal Coat,38_2001_19900709_2_1,70037.0,55343.5,61607.0,81090.0,-14693.5,-8430.0,11053.0,-0.12036494995502377
38_3005,1987,1,unknown,Missing / not recorded,38_3005_19870101_1_1,44559.0,47208.0,49718.0,51622.0,2649.0,5159.0,7063.0,0.11577907942278777
38_3005,1991,1,grinding,Grinding Surface,38_3005_19910601_2_1,51622.0,38331.5,33070.0,46144.0,-13290.5,-18552.0,-5478.0,-0.3593816589826043
38_3006,2000,1,crack_sealing,Lane-Shoulder Longitudinal Joint Sealing,38_3006_20000801_2_1,39422.0,27990.5,38712.0,38645.0,-11431.5,-710.0,-777.0,-0.018010248084825733
38_3006,2009,2,crack_sealing,"Crack Sealing, Transverse Joint Sealing, Joint Load Transfer Restoration in PCC Pavements, Partial depth patching of PCC pavements at joints | Grinding Surface, PCC Shoulder Restoration",38_3006_20090801_3_1 | 38_3006_20091001_4_1,35362.0,26444.75,30847.0,30642.5,-8917.25,-4515.0,-4719.5,-0.12767942989649908
38_5002,1987,1,unknown,Missing / not recorded,38_5002_19870101_1_1,54399.0,58642.0,62025.0,64004.0,4243.0,7626.0,9605.0,0.14018640048530304
39_0104,2012,1,asphalt_overlay,"AC Shoulder Restoration, Mill Existing Pavement and Overlay with Hot-Mix Recycled AC",39_0104_20120601_2_1,523710.0,277764.0,575177.0,586501.0,-245946.0,51467.0,62791.0,0.0982738538504134
39_0111,2007,1,asphalt_overlay,Hot-Mix Recycled Asphalt Concrete Overlay,39_0111_20070530_2_1,696135.0,354760.0,769437.0,587471.0,-341375.0,73302.0,-108664.0,0.1052985412312267
39_0111,2012,1,crack_sealing,Crack Sealing,39_0111_20120601_3_1,523710.0,438973.0,575177.0,586501.0,-84737.0,51467.0,62791.0,0.0982738538504134
39_0112,2012,1,asphalt_overlay,"AC Shoulder Restoration, Mill Existing Pavement and Overlay with Hot-Mix Recycled AC",39_0112_20120601_2_1,523710.0,277764.0,575177.0,586501.0,-245946.0,51467.0,62791.0,0.0982738538504134
39_0159,2001,1,patching,"Full Depth Patch of AC Pavement (removing damaged material, repairing supporting material, and repairing)",39_0159_20010601_2_1,642282.0,408966.0,584707.0,504105.0,-233316.0,-57575.0,-138177.0,-0.08964131020330633
39_0159,2004,1,crack_sealing,Crack Sealing,39_0159_20040501_3_1,504105.0,575861.3333333334,507848.75,696135.0,71756.33333333337,3743.75,192030.0,0.007426528203449678
39_0159,2005,1,patching,"Full Depth Patch of AC Pavement (removing damaged material, repairing supporting material, and repairing)",39_0159_20050812_4_1,575861.3333333334,507848.75,696135.0,649036.0,-68012.58333333337,120273.66666666663,73174.66666666663,0.20885872987941534
39_0159,2007,1,patching,"Patch Pot Holes - Hand Spread, Compacted with Truck",39_0159_20070601_5_1,696135.0,649036.0,769437.0,587471.0,-47099.0,73302.0,-108664.0,0.1052985412312267
39_0159,2010,1,asphalt_overlay,Mill Existing Pavement and Overlay with Hot-Mix Recycled AC,39_0159_20100810_6_1,587471.0,326825.1666666667,523710.0,435188.5,-260645.8333333333,-63761.0,-152282.5,-0.10853471916060538
39_0159,2012,1,crack_sealing,Crack Sealing,39_0159_20120606_7_1,523710.0,435188.5,575177.0,586501.0,-88521.5,51467.0,62791.0,0.0982738538504134
39_0160,2010,1,asphalt_overlay,Mill Existing Pavement and Overlay with Hot-Mix Recycled AC,39_0160_20100910_2_1,587471.0,286167.0,523710.0,438973.0,-301304.0,-63761.0,-148498.0,-0.10853471916060538
39_0160,2012,1,crack_sealing,Crack Sealing,39_0160_20120601_3_1,523710.0,438973.0,575177.0,586501.0,-84737.0,51467.0,62791.0,0.0982738538504134
39_0203,2013,1,grinding,"AC Shoulder Restoration, Grinding Surface",39_0203_20130601_2_1,501443.0,337213.5,447246.0,547016.0,-164229.5,-54197.0,45573.0,-0.10808207513117143
39_0203,2019,1,reconstruction_or_major_rehab,PCC Slab Replacement,39_0203_20190101_3_1,171180.0,113125.33333333333,345409.0,352513.0,-58054.66666666667,174229.0,181333.0,1.0178116602406824
39_0207,2012,1,patching,"Full Depth Transverse Joint Repair Patch, Full Depth Patching of PCC Pavement Other Than at Joint, Joint Load Transfer Restoration in PCC Pavements",39_0207_20120813_2_1,487663.0,347311.0,366528.0,447246.0,-140352.0,-121135.0,-40417.0,-0.2483989968482333
39_0207,2013,1,shoulder_restoration,"AC Shoulder Restoration, Other, PCC Slab Replacement",39_0207_20130601_3_1,347311.0,366528.0,447246.0,547016.0,19217.0,99935.0,199705.0,0.2877392308334605
39_0208,2007,1,patching,"Full Depth Transverse Joint Repair Patch, Joint Load Transfer Restoration in PCC Pavements",39_0208_20070620_2_1,506162.0,423259.5,654972.0,521773.0,-82902.5,148810.0,15611.0,0.29399678363843984
39_0208,2012,1,patching,"Full Depth Transverse Joint Repair Patch, Full Depth Patching of PCC Pavement Other Than at Joint, Joint Load Transfer Restoration in PCC Pavements",39_0208_20120813_3_1,487663.0,398688.3333333333,381185.25,447246.0,-88974.66666666669,-106477.75,-40417.0,-0.21834289253029243
39_0208,2013,1,patching,"AC Shoulder Restoration, Full Depth Patching of PCC Pavement Other Than at Joint, Other, PCC Slab Replacement",39_0208_20130601_4_1,398688.3333333333,381185.25,447246.0,547016.0,-17503.083333333314,48557.666666666686,148327.6666666667,0.12179354800951459
39_0208,2019,1,patching,"Full Depth Transverse Joint Repair Patch, Full Depth Patching of PCC Pavement Other Than at Joint, PCC Slab Replacement",39_0208_20190101_5_1,605686.0,597119.0,612436.0,,-8567.0,6750.0,,0.011144388346436933
39_0209,2007,1,patching,"Full Depth Transverse Joint Repair Patch, Other",39_0209_20070620_2_1,506162.0,423259.5,654972.0,521773.0,-82902.5,148810.0,15611.0,0.29399678363843984
39_0211,2013,1,shoulder_restoration,AC Shoulder Restoration,39_0211_20130601_2_1,501443.0,337213.5,447246.0,547016.0,-164229.5,-54197.0,45573.0,-0.10808207513117143
39_0212,2007,1,patching,"Full Depth Transverse Joint Repair Patch, Joint Load Transfer Restoration in PCC Pavements",39_0212_20070620_2_1,506162.0,423259.5,654972.0,521773.0,-82902.5,148810.0,15611.0,0.29399678363843984
39_0212,2010,1,patching,Partial Depth Patching of PCC Pavement Other Than at Joint,39_0212_20100601_3_1,521773.0,444488.6666666667,487663.0,398140.4,-77284.33333333331,-34110.0,-123632.59999999998,-0.06537325618611925
39_0212,2012,2,patching,"Full Depth Transverse Joint Repair Patch, Full Depth Patching of PCC Pavement Other Than at Joint, Joint Load Transfer Restoration in PCC Pavements | Partial Depth Patching of PCC Pavement Other Than at Joint",39_0212_20120601_4_1 | 39_0212_20120813_5_1,487663.0,398140.4,395842.5,447246.0,-89522.59999999998,-91820.5,-40417.0,-0.18828678821235156
39_0212,2013,1,shoulder_restoration,"AC Shoulder Restoration, Other, PCC Slab Replacement",39_0212_20130601_6_1,398140.4,395842.5,447246.0,547123.7142857143,-2297.9000000000233,49105.59999999998,148983.3142857143,0.12333739555192082
39_0212,2015,1,patching,"Patch Pot Holes - Hand Spread, Compacted with Truck",39_0212_20150601_7_1,447246.0,547123.7142857143,551644.0,553168.0,99877.71428571432,104398.0,105922.0,0.23342411111558292
39_0212,2019,1,patching,"Full Depth Transverse Joint Repair Patch, Full Depth Patching of PCC Pavement Other Than at Joint, PCC Slab Replacement",39_0212_20190101_8_1,605686.0,597119.0,612436.0,,-8567.0,6750.0,,0.011144388346436933
39_0260,2013,1,shoulder_restoration,AC Shoulder Restoration,39_0260_20130601_2_1,501443.0,337213.5,447246.0,547016.0,-164229.5,-54197.0,45573.0,-0.10808207513117143
39_0260,2019,1,reconstruction_or_major_rehab,PCC Slab Replacement,39_0260_20190101_3_1,171180.0,113125.33333333333,345409.0,352513.0,-58054.66666666667,174229.0,181333.0,1.0178116602406824
39_0260,2021,1,crack_sealing,"Crack Sealing, Transverse Joint Sealing, Lane-Shoulder Longitudinal Joint Sealing",39_0260_20210601_4_1,345409.0,352513.0,301565.0,301565.0,7104.0,-43844.0,-43844.0,-0.12693357729532237
39_0261,2013,1,grinding,"AC Shoulder Restoration, Grinding Surface",39_0261_20130601_2_1,501443.0,337213.5,447246.0,547016.0,-164229.5,-54197.0,45573.0,-0.10808207513117143
39_0262,2013,1,grinding,"AC Shoulder Restoration, Grinding Surface",39_0262_20130601_2_1,501443.0,337213.5,447246.0,547016.0,-164229.5,-54197.0,45573.0,-0.10808207513117143
39_0263,2013,1,grinding,"AC Shoulder Restoration, Grinding Surface",39_0263_20130601_2_1,501443.0,337213.5,447246.0,547016.0,-164229.5,-54197.0,45573.0,-0.10808207513117143
39_0264,2007,1,patching,"Full Depth Transverse Joint Repair Patch, Other",39_0264_20070620_2_1,506162.0,423259.5,654972.0,521773.0,-82902.5,148810.0,15611.0,0.29399678363843984
39_0265,2013,1,shoulder_restoration,AC Shoulder Restoration,39_0265_20130601_2_1,501443.0,337213.5,447246.0,547016.0,-164229.5,-54197.0,45573.0,-0.10808207513117143
39_0901,2011,1,asphalt_overlay,Mill Off AC and Overlay with AC,39_0901_20110401_2_1,570771.0,262572.5,438973.0,575177.0,-308198.5,-131798.0,4406.0,-0.2309122222397424
39_0901,2012,1,asphalt_overlay,"AC Shoulder Restoration, Mill Existing Pavement and Overlay with Hot-Mix Recycled AC",39_0901_20120601_3_1,262572.5,438973.0,575177.0,586501.0,176400.5,312604.5,323928.5,1.1905454683944434
39_0902,2012,1,crack_sealing,Crack Sealing,39_0902_20120601_2_1,523710.0,438973.0,575177.0,586501.0,-84737.0,51467.0,62791.0,0.0982738538504134
39_0903,2012,1,asphalt_overlay,"AC Shoulder Restoration, Mill Existing Pavement and Overlay with Hot-Mix Recycled AC",39_0903_20120601_2_1,523710.0,277764.0,575177.0,586501.0,-245946.0,51467.0,62791.0,0.0982738538504134
39_3013,1987,1,unknown,Missing / not recorded,39_3013_19870101_1_1,39906.0,31448.0,33085.0,42534.0,-8458.0,-6821.0,2628.0,-0.17092667769257755
39_3013,1993,1,asphalt_overlay,Asphalt Concrete Overlay,39_3013_19930629_2_1,36196.0,20008.0,28411.0,27048.0,-16188.0,-7785.0,-9148.0,-0.21507901425571888
39_3013,2011,1,asphalt_overlay,"AC Shoulder Restoration, Mill Existing Pavement and Overlay with Hot-Mix Recycled AC",39_3013_20110805_3_1,43220.0,23997.5,46577.0,48706.0,-19222.5,3357.0,5486.0,0.07767237390097177
39_3801,1987,1,unknown,Missing / not recorded,39_3801_19870101_1_1,93632.0,95236.0,128172.0,130744.0,1604.0,34540.0,37112.0,0.36889097744360905
39_3801,2003,1,patching,Partial depth patching of PCC pavements at joints,39_3801_20030601_2_1,111010.0,87786.0,133357.0,160187.0,-23224.0,22347.0,49177.0,0.2013061886316548
39_3801,2013,1,asphalt_overlay,"AC Shoulder Restoration, Asphalt Concrete Overlay, Full Depth Transverse Joint Repair Patch, Full Depth Patching of PCC Pavement Other Than at Joint",39_3801_20130328_3_1,217287.0,84666.0,356132.0,216340.0,-132621.0,138845.0,-947.0,0.6389935891240617
39_3801,2020,1,crack_sealing,Crack Sealing,39_3801_20200601_4_1,1121.0,165366.0,171988.0,151073.0,164245.0,170867.0,149952.0,152.42372881355934
39_4018,1987,1,unknown,Missing / not recorded,39_4018_19870101_1_1,222945.0,159454.0,166771.0,172930.0,-63491.0,-56174.0,-50015.0,-0.2519634887528314
39_4018,2003,2,asphalt_overlay,Hot-Mix Recycled Asphalt Concrete Overlay | Partial Depth Patching of PCC Pavement Other Than at Joint,39_4018_20030424_2_1 | 39_4018_20030909_3_1,486940.0,283954.6666666667,506253.0,490713.0,-202985.3333333333,19313.0,3773.0,0.03966197067400501
39_4018,2010,1,asphalt_overlay,Mill Existing Pavement and Overlay with Hot-Mix Recycled AC,39_4018_20100901_4_1,465609.0,246925.5,494011.0,534589.0,-218683.5,28402.0,68980.0,0.06099967998900365
39_4031,1987,1,unknown,Missing / not recorded,39_4031_19870101_1_1,570113.0,593320.0,618007.0,641502.0,23207.0,47894.0,71389.0,0.08400790720436124
39_4031,1996,1,patching,"Partial depth patching of PCC pavements at joints, Partial Depth Patching of PCC Pavement Other Than at Joint",39_4031_19960601_2_1,510556.0,444597.0,590411.0,433220.0,-65959.0,79855.0,-77336.0,0.15640791607580756
39_5003,2008,1,patching,Partial depth patching of PCC pavements at joints,39_5003_20080601_2_1,217671.0,150176.5,195728.0,206218.0,-67494.5,-21943.0,-11453.0,-0.10080810029815639
39_5003,2011,1,patching,Partial depth patching of PCC pavements at joints,39_5003_20110401_3_1,206218.0,270927.6666666667,70131.75,245312.0,64709.666666666686,-136086.25,39094.0,-0.6599145079478997
39_5003,2012,1,asphalt_overlay,"Hot-Mix Recycled Asphalt Concrete Overlay, Full Depth Patching of PCC Pavement Other Than at Joint, Partial depth patching of PCC pavements at joints",39_5003_20120601_4_1,270927.6666666667,70131.75,245312.0,246343.0,-200795.9166666667,-25615.666666666686,-24584.666666666686,-0.0945479912842666
39_5010,1987,1,unknown,Missing / not recorded,39_5010_19870101_1_1,66863.0,69530.0,124412.0,128983.0,2667.0,57549.0,62120.0,0.86070023779968
39_5010,1990,1,asphalt_overlay,Asphalt Concrete Overlay,39_5010_19900601_2_1,128983.0,39918.0,82661.0,85343.0,-89065.0,-46322.0,-43640.0,-0.35913259886961846
39_5010,2001,1,seal_coat,"Surface Treatment, Single Layer",39_5010_20010601_3_1,107833.0,82138.5,114224.0,98577.0,-25694.5,6391.0,-9256.0,0.05926757115168826
39_5010,2003,1,patching,"Patch Pot Holes - Hand Spread, Compacted with Truck",39_5010_20030601_4_1,114224.0,98577.0,111752.0,90619.0,-15647.0,-2472.0,-23605.0,-0.021641686510715786
39_5569,1987,1,unknown,Missing / not recorded,39_5569_19870101_1_1,100644.0,99881.0,111368.0,117032.0,-763.0,10724.0,16388.0,0.10655379356941298
39_7021,1987,1,unknown,Missing / not recorded,39_7021_19870101_1_1,889018.0,924720.0,964765.0,999794.0,35702.0,75747.0,110776.0,0.08520299926435686
39_7021,1999,1,asphalt_overlay,"AC Shoulder Restoration, Full Depth Patch of AC Pavement (removing damaged material, repairing supporting material, and repairing), Mill Existing Pavement and Overlay with Hot-Mix Recycled AC",39_7021_19990420_2_1,873989.0,493990.0,1045407.0,1188739.0,-379999.0,171418.0,314750.0,0.19613290327452634
39_9006,1987,1,unknown,Missing / not recorded,39_9006_19870101_1_1,964119.0,1002560.0,1045691.0,1084569.0,38441.0,81572.0,120450.0,0.084607812935955
39_9006,2001,1,crack_sealing,"Crack Sealing, Transverse Joint Sealing, Patch Pot Holes - Hand Spread, Compacted with Truck, Lane-Shoulder Longitudinal Joint Sealing, Partial depth patching of PCC pavements at joints, Partial Depth Patching of PCC Pavement Other Than at Joint",39_9006_20010901_2_1,1808917.0,1170756.5,1787520.0,1227620.3333333333,-638160.5,-21397.0,-581296.6666666667,-0.011828624530589298
39_9006,2003,1,patching,"Grinding Surface, Full Depth Transverse Joint Repair Patch, Joint Load Transfer Restoration in PCC Pavements",39_9006_20030728_3_1,1787520.0,1227620.3333333333,1911167.0,2003405.0,-559899.6666666667,123647.0,215885.0,0.06917237289652703
39_9006,2013,1,asphalt_overlay,"AC Shoulder Restoration, Asphalt Concrete Overlay, Full Depth Transverse Joint Repair Patch, Full Depth Patching of PCC Pavement Other Than at Joint, Partial depth patching of PCC pavements at joints, Partial Depth Patching of PCC Pavement Other Than at Joint",39_9006_20130506_4_1,2239611.0,972539.5,2363271.0,2431448.0,-1267071.5,123660.0,191837.0,0.05521494580978572
39_9006,2020,1,crack_sealing,Crack Sealing,39_9006_20200601_5_1,1150947.0,1187216.0,1217947.0,1088466.0,36269.0,67000.0,-62481.0,0.05821293248081797
39_9022,1988,1,unknown,Missing / not recorded,39_9022_19880801_1_1,291090.0,294067.0,322025.0,238068.0,2977.0,30935.0,-53022.0,0.10627297399429729
39_9022,1998,1,shoulder_restoration,"Other, PCC Shoulder Replacement",39_9022_19980901_2_1,343766.0,229334.5,474325.0,316974.0,-114431.5,130559.0,-26792.0,0.3797903224868079
39_9022,2016,1,patching,"Patch Pot Holes - Hand Spread, Compacted with Truck",39_9022_20160601_3_1,329812.0,332075.0,332082.3333333333,,2263.0,2270.333333333314,,0.006883719614002261
39_A410,1991,1,unknown,Missing / not recorded,39_A410_19910101_1_1,293549.0,307793.0,316189.0,222765.0,14244.0,22640.0,-70784.0,0.07712511369481756
39_A410,1993,1,crack_sealing,"Transverse Joint Sealing, Lane-Shoulder Longitudinal Joint Sealing",39_A410_19930823_2_1,316189.0,222765.0,321462.6666666667,358744.0,-93424.0,5273.666666666686,42555.0,0.01667884292833301
39_A410,1994,1,patching,Partial depth patching of PCC pavements at joints,39_A410_19940601_3_1,222765.0,321462.6666666667,358744.0,410320.0,98697.66666666669,135979.0,187555.0,0.6104145624312617
39_A411,1991,1,unknown,Missing / not recorded,39_A411_19910101_1_1,293549.0,307793.0,316189.0,222765.0,14244.0,22640.0,-70784.0,0.07712511369481756
39_A411,1993,1,crack_sealing,"Transverse Joint Sealing, Lane-Shoulder Longitudinal Joint Sealing",39_A411_19930823_2_1,316189.0,222765.0,321462.6666666667,358744.0,-93424.0,5273.666666666686,42555.0,0.01667884292833301
39_A411,1994,1,patching,"Partial depth patching of PCC pavements at joints, Partial Depth Patching of PCC Pavement Other Than at Joint",39_A411_19940601_3_1,222765.0,321462.6666666667,358744.0,410320.0,98697.66666666669,135979.0,187555.0,0.6104145624312617
39_A412,1991,1,unknown,Missing / not recorded,39_A412_19910101_1_1,293549.0,307793.0,316189.0,211986.0,14244.0,22640.0,-81563.0,0.07712511369481756
39_A412,1993,1,crack_sealing,"Transverse Joint Sealing, Lane-Shoulder Longitudinal Joint Sealing",39_A412_19930916_2_1,316189.0,211986.0,321462.6666666667,358744.0,-104203.0,5273.666666666686,42555.0,0.01667884292833301
39_A412,1994,1,patching,Partial depth patching of PCC pavements at joints,39_A412_19940601_3_1,211986.0,321462.6666666667,358744.0,410320.0,109476.66666666669,146758.0,198334.0,0.6923004349343824
39_A430,1991,1,unknown,Missing / not recorded,39_A430_19910101_1_1,293549.0,307793.0,316189.0,327860.0,14244.0,22640.0,34311.0,0.07712511369481756
39_A430,2000,1,crack_sealing,"Crack Sealing, Partial depth patching of PCC pavements at joints",39_A430_20000901_2_1,256613.0,351613.5,475207.6666666667,486940.0,95000.5,218594.6666666667,230327.0,0.8518456456479863
39_A430,2001,1,patching,Partial depth patching of PCC pavements at joints,39_A430_20010601_3_1,351613.5,475207.6666666667,486940.0,349614.0,123594.16666666669,135326.5,-1999.5,0.3848728788854808
39_B410,1991,1,unknown,Missing / not recorded,39_B410_19910101_1_1,66895.0,109007.0,112092.0,78544.5,42112.0,45197.0,11649.5,0.6756409298153823
39_B410,1993,1,crack_sealing,"Transverse Joint Sealing, Lane-Shoulder Longitudinal Joint Sealing",39_B410_19930630_2_1,112092.0,78544.5,111566.0,111298.0,-33547.5,-526.0,-794.0,-0.004692573957106662
39_B411,1991,1,unknown,Missing / not recorded,39_B411_19910101_1_1,66895.0,109007.0,112092.0,78544.5,42112.0,45197.0,11649.5,0.6756409298153823
39_B411,1993,1,crack_sealing,"Transverse Joint Sealing, Lane-Shoulder Longitudinal Joint Sealing",39_B411_19930630_2_1,112092.0,78544.5,111566.0,111298.0,-33547.5,-526.0,-794.0,-0.004692573957106662
39_B412,1991,1,unknown,Missing / not recorded,39_B412_19910101_1_1,66895.0,109007.0,112092.0,78544.5,42112.0,45197.0,11649.5,0.6756409298153823
39_B412,1993,1,crack_sealing,"Transverse Joint Sealing, Lane-Shoulder Longitudinal Joint Sealing",39_B412_19930630_2_1,112092.0,78544.5,111566.0,111298.0,-33547.5,-526.0,-794.0,-0.004692573957106662
39_B430,1991,1,unknown,Missing / not recorded,39_B430_19910101_1_1,66895.0,109007.0,112092.0,79544.0,42112.0,45197.0,12649.0,0.6756409298153823
39_B430,1993,1,crack_sealing,"Crack Sealing, Transverse Joint Sealing, Lane-Shoulder Longitudinal Joint Sealing",39_B430_19930623_2_1,112092.0,79544.0,111566.0,111298.0,-32548.0,-526.0,-794.0,-0.004692573957106662
40_0113,1999,1,patching,Skin Patching (hand tools/hot pot to apply liquid asphalt and aggregate),40_0113_19990202_2_1,60566.0,59808.5,64561.0,66382.0,-757.5,3995.0,5816.0,0.0659611002872899
40_0114,1999,1,patching,Skin Patching (hand tools/hot pot to apply liquid asphalt and aggregate),40_0114_19990202_2_1,60566.0,59808.5,64561.0,66382.0,-757.5,3995.0,5816.0,0.0659611002872899
40_0114,2014,1,asphalt_overlay,Mill Off AC and Overlay with AC,40_0114_20140718_3_1,65898.0,34154.666666666664,61288.0,61063.0,-31743.333333333336,-4610.0,-4835.0,-0.06995659959331088
40_0115,1999,1,patching,Skin Patching (hand tools/hot pot to apply liquid asphalt and aggregate),40_0115_19990202_2_1,60566.0,59808.5,64561.0,66382.0,-757.5,3995.0,5816.0,0.0659611002872899
40_0115,2014,1,asphalt_overlay,Mill Off AC and Overlay with AC,40_0115_20140718_3_1,65898.0,34154.666666666664,61288.0,61063.0,-31743.333333333336,-4610.0,-4835.0,-0.06995659959331088
40_0116,1999,1,patching,Skin Patching (hand tools/hot pot to apply liquid asphalt and aggregate),40_0116_19990202_2_1,60566.0,59808.5,64561.0,66382.0,-757.5,3995.0,5816.0,0.0659611002872899
40_0116,2014,1,asphalt_overlay,Mill Off AC and Overlay with AC,40_0116_20140718_3_1,65898.0,34154.666666666664,61288.0,61063.0,-31743.333333333336,-4610.0,-4835.0,-0.06995659959331088
40_0117,1999,1,patching,Skin Patching (hand tools/hot pot to apply liquid asphalt and aggregate),40_0117_19990202_2_1,60566.0,59808.5,64561.0,66382.0,-757.5,3995.0,5816.0,0.0659611002872899
40_0117,2014,1,asphalt_overlay,Mill Off AC and Overlay with AC,40_0117_20140718_3_1,65898.0,34154.666666666664,61288.0,61063.0,-31743.333333333336,-4610.0,-4835.0,-0.06995659959331088
40_0118,1999,1,patching,Skin Patching (hand tools/hot pot to apply liquid asphalt and aggregate),40_0118_19990202_2_1,60566.0,59808.5,64561.0,66382.0,-757.5,3995.0,5816.0,0.0659611002872899
40_0118,2005,1,patching,Manual Premix Spot Patch (hand spreading and compacting with roller),40_0118_20050615_3_1,63139.0,47149.0,74197.0,74217.0,-15990.0,11058.0,11078.0,0.17513739527075184
40_0118,2014,1,asphalt_overlay,Mill Off AC and Overlay with AC,40_0118_20140718_4_1,65898.0,34638.25,61288.0,61063.0,-31259.75,-4610.0,-4835.0,-0.06995659959331088
40_0119,1999,1,patching,Skin Patching (hand tools/hot pot to apply liquid asphalt and aggregate),40_0119_19990202_2_1,60566.0,59808.5,64561.0,66382.0,-757.5,3995.0,5816.0,0.0659611002872899
40_0119,2014,1,asphalt_overlay,Mill Off AC and Overlay with AC,40_0119_20140718_3_1,65898.0,34154.666666666664,61288.0,61063.0,-31743.333333333336,-4610.0,-4835.0,-0.06995659959331088
40_0120,1999,1,patching,Skin Patching (hand tools/hot pot to apply liquid asphalt and aggregate),40_0120_19990202_2_1,60566.0,59808.5,64561.0,66382.0,-757.5,3995.0,5816.0,0.0659611002872899
40_0120,2014,1,asphalt_overlay,Mill Off AC and Overlay with AC,40_0120_20140718_3_1,65898.0,34154.666666666664,61288.0,61063.0,-31743.333333333336,-4610.0,-4835.0,-0.06995659959331088
40_0121,1999,1,patching,Skin Patching (hand tools/hot pot to apply liquid asphalt and aggregate),40_0121_19990202_2_1,60566.0,59808.5,64561.0,66382.0,-757.5,3995.0,5816.0,0.0659611002872899
40_0121,2014,1,asphalt_overlay,Mill Off AC and Overlay with AC,40_0121_20140718_3_1,65898.0,34154.666666666664,61288.0,61063.0,-31743.333333333336,-4610.0,-4835.0,-0.06995659959331088
40_0122,1999,1,patching,Skin Patching (hand tools/hot pot to apply liquid asphalt and aggregate),40_0122_19990202_2_1,60566.0,59808.5,64561.0,66382.0,-757.5,3995.0,5816.0,0.0659611002872899
40_0123,1999,1,patching,Skin Patching (hand tools/hot pot to apply liquid asphalt and aggregate),40_0123_19990202_2_1,60566.0,59808.5,64561.0,66382.0,-757.5,3995.0,5816.0,0.0659611002872899
40_0123,2014,1,asphalt_overlay,Mill Off AC and Overlay with AC,40_0123_20140718_3_1,65898.0,34154.666666666664,61288.0,61063.0,-31743.333333333336,-4610.0,-4835.0,-0.06995659959331088
40_0124,1999,1,patching,Skin Patching (hand tools/hot pot to apply liquid asphalt and aggregate),40_0124_19990202_2_1,60566.0,59808.5,64561.0,66382.0,-757.5,3995.0,5816.0,0.0659611002872899
40_0124,2014,1,asphalt_overlay,Mill Off AC and Overlay with AC,40_0124_20140718_3_1,65898.0,34154.666666666664,61288.0,61063.0,-31743.333333333336,-4610.0,-4835.0,-0.06995659959331088
40_0160,1999,1,patching,Skin Patching (hand tools/hot pot to apply liquid asphalt and aggregate),40_0160_19990202_2_1,60566.0,59808.5,64561.0,66382.0,-757.5,3995.0,5816.0,0.0659611002872899
40_0160,2014,1,asphalt_overlay,Mill Off AC and Overlay with AC,40_0160_20140718_3_1,65898.0,34154.666666666664,61288.0,61063.0,-31743.333333333336,-4610.0,-4835.0,-0.06995659959331088
40_0501,1987,1,unknown,Missing / not recorded,40_0501_19870101_1_1,75721.0,76444.0,77503.0,77461.0,723.0,1782.0,1740.0,0.023533762100342043
40_0501,1997,1,patching,Skin Patching (hand tools/hot pot to apply liquid asphalt and aggregate),40_0501_19970615_2_1,80590.0,63612.0,84824.0,84814.0,-16978.0,4234.0,4224.0,0.05253753567440129
40_0501,1999,1,patching,Skin Patching (hand tools/hot pot to apply liquid asphalt and aggregate),40_0501_19990202_3_1,84824.0,84814.0,90328.0,92755.0,-10.0,5504.0,7931.0,0.06488729604828822
40_0502,1987,1,unknown,Missing / not recorded,40_0502_19870101_1_1,75721.0,76444.0,77503.0,77461.0,723.0,1782.0,1740.0,0.023533762100342043
40_0502,1997,1,asphalt_overlay,"AC Shoulder Restoration, Manual Premix Spot Patch (hand spreading and compacting with roller), Tack Coat, Hot-Mix Recycled Asphalt Concrete Overlay",40_0502_19970707_2_1,80590.0,61135.0,84824.0,84814.0,-19455.0,4234.0,4224.0,0.05253753567440129
40_0502,1999,1,patching,Skin Patching (hand tools/hot pot to apply liquid asphalt and aggregate),40_0502_19990202_3_1,84824.0,84814.0,90328.0,92755.0,-10.0,5504.0,7931.0,0.06488729604828822
40_0502,2013,1,asphalt_overlay,"AC Shoulder Restoration, Tack Coat, Mill Off AC and Overlay with AC",40_0502_20130815_4_1,84899.0,49799.5,87436.0,95390.0,-35099.5,2537.0,10491.0,0.029882566343537614
40_0503,1987,1,unknown,Missing / not recorded,40_0503_19870101_1_1,75721.0,76444.0,77503.0,77461.0,723.0,1782.0,1740.0,0.023533762100342043
40_0503,1997,1,asphalt_overlay,"AC Shoulder Restoration, Tack Coat, Hot-Mix Recycled Asphalt Concrete Overlay",40_0503_19970709_2_1,80590.0,60910.0,84824.0,84814.0,-19680.0,4234.0,4224.0,0.05253753567440129
40_0503,1999,1,patching,Skin Patching (hand tools/hot pot to apply liquid asphalt and aggregate),40_0503_19990202_3_1,84824.0,84814.0,90328.0,92755.0,-10.0,5504.0,7931.0,0.06488729604828822
40_0503,2013,1,asphalt_overlay,"AC Shoulder Restoration, Tack Coat, Mill Off AC and Overlay with AC",40_0503_20130815_4_1,84899.0,49799.5,87436.0,95390.0,-35099.5,2537.0,10491.0,0.029882566343537614
40_0504,1987,1,unknown,Missing / not recorded,40_0504_19870101_1_1,75721.0,76444.0,77503.0,77461.0,723.0,1782.0,1740.0,0.023533762100342043
40_0504,1997,1,asphalt_overlay,"AC Shoulder Restoration, Asphalt Concrete Overlay, Tack Coat",40_0504_19970701_2_1,80590.0,61810.5,84824.0,84814.0,-18779.5,4234.0,4224.0,0.05253753567440129
40_0504,1999,1,patching,Skin Patching (hand tools/hot pot to apply liquid asphalt and aggregate),40_0504_19990202_3_1,84824.0,84814.0,90328.0,92755.0,-10.0,5504.0,7931.0,0.06488729604828822
40_0504,2013,1,asphalt_overlay,"AC Shoulder Restoration, Tack Coat, Mill Off AC and Overlay with AC",40_0504_20130815_4_1,84899.0,49799.5,87436.0,95390.0,-35099.5,2537.0,10491.0,0.029882566343537614
40_0505,1987,1,unknown,Missing / not recorded,40_0505_19870101_1_1,75721.0,76444.0,77503.0,77461.0,723.0,1782.0,1740.0,0.023533762100342043
40_0505,1997,1,asphalt_overlay,"AC Shoulder Restoration, Asphalt Concrete Overlay, Manual Premix Spot Patch (hand spreading and compacting with roller), Tack Coat",40_0505_19970706_2_1,80590.0,61247.5,84824.0,84814.0,-19342.5,4234.0,4224.0,0.05253753567440129
40_0505,1999,1,patching,Skin Patching (hand tools/hot pot to apply liquid asphalt and aggregate),40_0505_19990202_3_1,84824.0,84814.0,90328.0,92755.0,-10.0,5504.0,7931.0,0.06488729604828822
40_0505,2013,1,asphalt_overlay,"AC Shoulder Restoration, Tack Coat, Mill Off AC and Overlay with AC",40_0505_20130815_4_1,84899.0,49799.5,87436.0,95390.0,-35099.5,2537.0,10491.0,0.029882566343537614
40_0506,1987,1,unknown,Missing / not recorded,40_0506_19870101_1_1,75721.0,76444.0,77503.0,77461.0,723.0,1782.0,1740.0,0.023533762100342043
40_0506,1997,1,asphalt_overlay,"AC Shoulder Restoration, Tack Coat, Mill Off AC and Overlay with AC",40_0506_19970625_2_1,80590.0,62486.0,84824.0,84814.0,-18104.0,4234.0,4224.0,0.05253753567440129
40_0506,1999,1,patching,Skin Patching (hand tools/hot pot to apply liquid asphalt and aggregate),40_0506_19990202_3_1,84824.0,84814.0,90328.0,92755.0,-10.0,5504.0,7931.0,0.06488729604828822
40_0506,2013,1,asphalt_overlay,"AC Shoulder Restoration, Tack Coat, Mill Off AC and Overlay with AC",40_0506_20130815_4_1,84899.0,49799.5,87436.0,95390.0,-35099.5,2537.0,10491.0,0.029882566343537614
40_0507,1987,1,unknown,Missing / not recorded,40_0507_19870101_1_1,75721.0,76444.0,77503.0,77461.0,723.0,1782.0,1740.0,0.023533762100342043
40_0507,1997,1,asphalt_overlay,"AC Shoulder Restoration, Tack Coat, Mill Off AC and Overlay with AC",40_0507_19970625_2_1,80590.0,62486.0,84824.0,84814.0,-18104.0,4234.0,4224.0,0.05253753567440129
40_0507,1999,1,patching,Skin Patching (hand tools/hot pot to apply liquid asphalt and aggregate),40_0507_19990202_3_1,84824.0,84814.0,90328.0,92755.0,-10.0,5504.0,7931.0,0.06488729604828822
40_0507,2013,1,asphalt_overlay,"AC Shoulder Restoration, Tack Coat, Mill Off AC and Overlay with AC",40_0507_20130815_4_1,84899.0,49799.5,87436.0,95390.0,-35099.5,2537.0,10491.0,0.029882566343537614
40_0508,1987,1,unknown,Missing / not recorded,40_0508_19870101_1_1,75721.0,76444.0,77503.0,77461.0,723.0,1782.0,1740.0,0.023533762100342043
40_0508,1997,1,asphalt_overlay,"AC Shoulder Restoration, Tack Coat, Mill Existing Pavement and Overlay with Hot-Mix Recycled AC",40_0508_19970625_2_1,80590.0,62486.0,84824.0,84814.0,-18104.0,4234.0,4224.0,0.05253753567440129
40_0508,1999,1,patching,Skin Patching (hand tools/hot pot to apply liquid asphalt and aggregate),40_0508_19990202_3_1,84824.0,84814.0,90328.0,92755.0,-10.0,5504.0,7931.0,0.06488729604828822
40_0508,2013,1,asphalt_overlay,"AC Shoulder Restoration, Tack Coat, Mill Off AC and Overlay with AC",40_0508_20130815_4_1,84899.0,49799.5,87436.0,95390.0,-35099.5,2537.0,10491.0,0.029882566343537614
40_0509,1987,1,unknown,Missing / not recorded,40_0509_19870101_1_1,75721.0,76444.0,77503.0,77461.0,723.0,1782.0,1740.0,0.023533762100342043
40_0509,1997,1,asphalt_overlay,"AC Shoulder Restoration, Tack Coat, Mill Existing Pavement and Overlay with Hot-Mix Recycled AC",40_0509_19970625_2_1,80590.0,62486.0,84824.0,84814.0,-18104.0,4234.0,4224.0,0.05253753567440129
40_0509,1999,1,patching,Skin Patching (hand tools/hot pot to apply liquid asphalt and aggregate),40_0509_19990202_3_1,84824.0,84814.0,90328.0,92755.0,-10.0,5504.0,7931.0,0.06488729604828822
40_0509,2013,1,asphalt_overlay,"AC Shoulder Restoration, Tack Coat, Mill Off AC and Overlay with AC",40_0509_20130815_4_1,84899.0,49799.5,87436.0,95390.0,-35099.5,2537.0,10491.0,0.029882566343537614
40_0560,1987,1,unknown,Missing / not recorded,40_0560_19870101_1_1,75721.0,76444.0,77503.0,77461.0,723.0,1782.0,1740.0,0.023533762100342043
40_0560,1997,1,asphalt_overlay,"AC Shoulder Restoration, Asphalt Concrete Overlay, Tack Coat",40_0560_19970706_2_1,80590.0,61247.5,84824.0,84814.0,-19342.5,4234.0,4224.0,0.05253753567440129
40_0560,1999,1,patching,Skin Patching (hand tools/hot pot to apply liquid asphalt and aggregate),40_0560_19990202_3_1,84824.0,84814.0,90328.0,92755.0,-10.0,5504.0,7931.0,0.06488729604828822
40_0560,2013,1,asphalt_overlay,"AC Shoulder Restoration, Tack Coat, Mill Off AC and Overlay with AC",40_0560_20130815_4_1,84899.0,49799.5,87436.0,95390.0,-35099.5,2537.0,10491.0,0.029882566343537614
40_0601,1987,1,unknown,Missing / not recorded,40_0601_19870101_1_1,500477.0,466376.0,512049.0,508583.0,-34101.0,11572.0,8106.0,0.023121941667649065
40_0601,1992,1,crack_sealing,"Transverse Joint Sealing, Full Depth Transverse Joint Repair Patch",40_0601_19920709_2_1,545183.0,380224.0,593742.0,575270.0,-164959.0,48559.0,30087.0,0.08906917493758976
40_0601,1996,1,patching,Partial Depth Patching of PCC Pavement Other Than at Joint,40_0601_19960515_3_1,619694.0,603504.3333333334,604906.0,558886.25,-16189.666666666628,-14788.0,-60807.75,-0.023863390641187424
40_0601,1998,1,patching,Partial Depth Patching of PCC Pavement Other Than at Joint,40_0601_19980515_4_1,604906.0,558886.25,629745.0,137228.0,-46019.75,24839.0,-467678.0,0.041062578317953534
40_0601,2003,1,patching,Partial Depth Patching of PCC Pavement Other Than at Joint,40_0601_20030515_5_1,689176.0,704958.0,749688.8333333334,851973.0,15782.0,60512.83333333337,162797.0,0.08780461497982137
40_0601,2004,1,patching,Partial Depth Patching of PCC Pavement Other Than at Joint,40_0601_20040515_6_1,704958.0,749688.8333333334,851973.0,931303.0,44730.83333333337,147015.0,226345.0,0.2085443388116739
40_0602,1987,1,unknown,Missing / not recorded,40_0602_19870101_1_1,500477.0,466376.0,512049.0,508583.0,-34101.0,11572.0,8106.0,0.023121941667649065
40_0602,1992,2,crack_sealing,"AC Shoulder Replacement, Grinding Surface, Transverse Joint Sealing, Partial depth patching of PCC pavements at joints | Full Depth Transverse Joint Repair Patch",40_0602_19920709_2_1 | 40_0602_19920820_3_1,545183.0,316151.6666666667,526641.0,575270.0,-229031.3333333333,-18542.0,30087.0,-0.034010598276175155
40_0602,1993,1,patching,Partial depth patching of PCC pavements at joints,40_0602_19930615_4_1,316151.6666666667,526641.0,575270.0,619694.0,210489.3333333333,259118.3333333333,303542.3333333333,0.8196013516719295
40_0602,1996,1,patching,Partial depth patching of PCC pavements at joints,40_0602_19960615_5_1,619694.0,625689.4,604906.0,615365.0,5995.400000000023,-14788.0,-4329.0,-0.023863390641187424
40_0602,2000,1,patching,Partial depth patching of PCC pavements at joints,40_0602_20000615_6_1,629745.0,126854.66666666667,278032.0,689176.0,-502890.3333333333,-351713.0,59431.0,-0.5585006629667564
40_0603,1987,1,unknown,Missing / not recorded,40_0603_19870101_1_1,500477.0,466376.0,512049.0,508583.0,-34101.0,11572.0,8106.0,0.023121941667649065
40_0603,1992,2,asphalt_overlay,"AC Shoulder Restoration, Asphalt Concrete Overlay | Full Depth Transverse Joint Repair Patch",40_0603_19920712_2_1 | 40_0603_19920808_3_1,545183.0,320361.0,593742.0,575270.0,-224822.0,48559.0,30087.0,0.08906917493758976
40_0603,1996,1,crack_sealing,Crack Sealing,40_0603_19960915_4_1,619694.0,566843.0,604906.0,615365.0,-52851.0,-14788.0,-4329.0,-0.023863390641187424
40_0603,2006,1,patching,Manual Premix Spot Patch (hand spreading and compacting with roller),40_0603_20060615_5_1,851973.0,847103.0,906326.0,876572.0,-4870.0,54353.0,24599.0,0.06379662266292477
40_0604,1987,1,unknown,Missing / not recorded,40_0604_19870101_1_1,500477.0,466376.0,512049.0,508583.0,-34101.0,11572.0,8106.0,0.023121941667649065
40_0604,1992,2,crack_sealing,"AC Shoulder Restoration, Asphalt Concrete Overlay, Saw and Seal | Full Depth Transverse Joint Repair Patch",40_0604_19920712_2_1 | 40_0604_19920808_3_1,545183.0,320361.0,593742.0,575270.0,-224822.0,48559.0,30087.0,0.08906917493758976
40_0604,1996,1,crack_sealing,Crack Sealing,40_0604_19960915_4_1,619694.0,566843.0,604906.0,615365.0,-52851.0,-14788.0,-4329.0,-0.023863390641187424
40_0605,1987,1,unknown,Missing / not recorded,40_0605_19870101_1_1,500477.0,466376.0,512049.0,508583.0,-34101.0,11572.0,8106.0,0.023121941667649065
40_0605,1992,2,crack_sealing,"AC Shoulder Replacement, Grinding Surface, Transverse Joint Sealing, Longitudinal Subdrains | Full Depth Transverse Joint Repair Patch",40_0605_19920713_2_1 | 40_0605_19920731_3_1,545183.0,323634.6666666667,551448.25,533031.0,-221548.3333333333,6265.25,-12152.0,0.011492012773692504
40_0605,1993,1,patching,Partial depth patching of PCC pavements at joints,40_0605_19930415_4_1,323634.6666666667,551448.25,533031.0,619694.0,227813.5833333333,209396.3333333333,296059.3333333333,0.6470145349076736
40_0605,1994,1,patching,Partial Depth Patching of PCC Pavement Other Than at Joint,40_0605_19940515_5_1,551448.25,533031.0,619694.0,688108.0,-18417.25,68245.75,136659.75,0.12375730632928837
40_0605,1999,1,patching,Partial Depth Patching of PCC Pavement Other Than at Joint,40_0605_19990515_6_1,615365.0,591212.6666666666,137228.0,263450.28571428574,-24152.333333333372,-478137.0,-351914.71428571426,-0.7769973917918633
40_0605,2001,1,patching,Partial Depth Patching of PCC Pavement Other Than at Joint,40_0605_20010515_7_1,137228.0,263450.28571428574,657549.5,729786.0,126222.28571428574,520321.5,592558.0,3.791656950476579
40_0605,2002,1,patching,Partial Depth Patching of PCC Pavement Other Than at Joint,40_0605_20020515_8_1,263450.28571428574,657549.5,729786.0,769331.3,394099.21428571426,466335.71428571426,505881.0142857143,1.7701089714947573
40_0605,2003,1,patching,Partial Depth Patching of PCC Pavement Other Than at Joint,40_0605_20030515_9_1,657549.5,729786.0,769331.3,851973.0,72236.5,111781.80000000005,194423.5,0.16999754391114288
40_0605,2004,1,patching,Partial Depth Patching of PCC Pavement Other Than at Joint,40_0605_20040515_10_1,729786.0,769331.3,851973.0,889550.9090909091,39545.30000000005,122187.0,159764.90909090906,0.167428533844168
40_0605,2006,1,patching,Partial depth patching of PCC pavements at joints,40_0605_20060630_11_1,851973.0,889550.9090909091,906326.0,876572.0,37577.90909090906,54353.0,24599.0,0.06379662266292477
40_0606,1987,1,unknown,Missing / not recorded,40_0606_19870101_1_1,500477.0,466376.0,512049.0,508583.0,-34101.0,11572.0,8106.0,0.023121941667649065
40_0606,1992,2,asphalt_overlay,"AC Shoulder Restoration, Asphalt Concrete Overlay, Longitudinal Subdrains | Full Depth Transverse Joint Repair Patch",40_0606_19920713_2_1 | 40_0606_19920731_3_1,545183.0,323634.6666666667,593742.0,575270.0,-221548.3333333333,48559.0,30087.0,0.08906917493758976
40_0606,1996,1,crack_sealing,Crack Sealing,40_0606_19960915_4_1,619694.0,566843.0,604906.0,615365.0,-52851.0,-14788.0,-4329.0,-0.023863390641187424
40_0607,1987,1,unknown,Missing / not recorded,40_0607_19870101_1_1,500477.0,466376.0,512049.0,508583.0,-34101.0,11572.0,8106.0,0.023121941667649065
40_0607,1992,1,asphalt_overlay,"AC Shoulder Restoration, Asphalt Concrete Overlay, Longitudinal Subdrains, Fracture Treatment of PCC Pavement as Base for New AC Surface",40_0607_19920727_2_1,545183.0,367596.5,593742.0,575270.0,-177586.5,48559.0,30087.0,0.08906917493758976
40_0607,1996,1,crack_sealing,Crack Sealing,40_0607_19960915_3_1,619694.0,526421.3333333334,604906.0,615365.0,-93272.66666666663,-14788.0,-4329.0,-0.023863390641187424
40_0607,1999,1,seal_coat,Slurry Seal Coat,40_0607_19990530_4_1,615365.0,565476.5,137228.0,173166.5,-49888.5,-478137.0,-442198.5,-0.7769973917918633
40_0607,2001,2,asphalt_overlay,"Mill Off AC and Overlay with AC | Patch Pot Holes - Hand Spread, Compacted with Truck",40_0607_20010131_5_1 | 40_0607_20010809_6_1,137228.0,173166.5,446548.5,760821.0,35938.5,309320.5,623593.0,2.254062581980354
40_0607,2002,1,crack_sealing,Crack Sealing,40_0607_20020915_7_1,173166.5,446548.5,760821.0,798795.0,273382.0,587654.5,625628.5,3.3935807445435464
40_0608,1987,1,unknown,Missing / not recorded,40_0608_19870101_1_1,500477.0,466376.0,512049.0,508583.0,-34101.0,11572.0,8106.0,0.023121941667649065
40_0608,1992,1,asphalt_overlay,"AC Shoulder Restoration, Asphalt Concrete Overlay, Longitudinal Subdrains, Fracture Treatment of PCC Pavement as Base for New AC Surface",40_0608_19920727_2_1,545183.0,367596.5,593742.0,575270.0,-177586.5,48559.0,30087.0,0.08906917493758976
40_0608,1996,1,crack_sealing,Crack Sealing,40_0608_19960915_3_1,619694.0,526421.3333333334,604906.0,615365.0,-93272.66666666663,-14788.0,-4329.0,-0.023863390641187424
40_1015,1987,1,unknown,Missing / not recorded,40_1015_19870101_1_1,69991.0,64623.0,64043.0,63868.0,-5368.0,-5948.0,-6123.0,-0.08498235487419811
40_1017,1987,1,unknown,Missing / not recorded,40_1017_19870101_1_1,253409.0,264064.0,269115.0,274162.0,10655.0,15706.0,20753.0,0.061978856315284776
40_3018,1987,1,unknown,Missing / not recorded,40_3018_19870101_1_1,142935.0,156692.0,155944.0,152508.0,13757.0,13009.0,9573.0,0.09101339769825445
40_4086,1987,1,unknown,Missing / not recorded,40_4086_19870101_1_1,63357.0,63357.0,61911.0,30363.5,0.0,-1446.0,-32993.5,-0.022823050333822623
40_4086,1989,1,crack_sealing,"Crack Sealing, Asphalt Concrete Overlay, Fog Seal Coat",40_4086_19890803_2_1,61911.0,30363.5,121448.0,103108.0,-31547.5,59537.0,41197.0,0.9616546332638788
40_4086,1998,1,crack_sealing,Crack Sealing,40_4086_19980915_3_1,86706.0,60340.0,112781.0,116560.0,-26366.0,26075.0,29854.0,0.30072889996078705
40_4086,2002,1,asphalt_overlay,Asphalt Concrete Overlay,40_4086_20020617_4_1,119698.0,60084.666666666664,120434.0,124284.0,-59613.333333333336,736.0,4586.0,0.006148807833046501
40_4087,1987,1,unknown,Missing / not recorded,40_4087_19870101_1_1,24108.0,46798.0,47954.0,48554.0,22690.0,23846.0,24446.0,0.9891322382611581
40_4087,1997,1,asphalt_overlay,Asphalt Concrete Overlay,40_4087_19970916_2_1,103297.0,56121.5,121406.0,101498.0,-47175.5,18109.0,-1799.0,0.17531002836481213
40_4088,1987,1,unknown,Missing / not recorded,40_4088_19870101_1_1,85925.0,87170.0,87409.0,88464.0,1245.0,1484.0,2539.0,0.017270875763747456
40_4088,1993,1,patching,Manual Premix Spot Patch (hand spreading and compacting with roller),40_4088_19930515_2_1,86225.0,15580.0,19083.0,7040.0,-70645.0,-67142.0,-79185.0,-0.7786836764279501
40_4154,2000,1,asphalt_overlay,Asphalt Concrete Overlay,40_4154_20000815_2_1,88867.0,46944.0,96014.0,107815.0,-41923.0,7147.0,18948.0,0.08042355430024643
40_4154,2013,1,asphalt_overlay,"AC Shoulder Restoration, Mill Off AC and Overlay with AC",40_4154_20130815_3_1,76316.0,43025.0,111486.0,135181.0,-33291.0,35170.0,58865.0,0.4608470045599874
40_4155,1989,1,unknown,Missing / not recorded,40_4155_19890915_1_1,94154.0,96091.0,137990.0,117919.0,1937.0,43836.0,23765.0,0.4655776706247212
40_4157,1987,1,unknown,Missing / not recorded,40_4157_19870101_1_1,342058.0,413297.0,419640.0,423662.0,71239.0,77582.0,81604.0,0.2268094884493273
40_4157,2012,3,crack_sealing,"Grinding Surface | Joint Load Transfer Restoration in PCC Pavements | Transverse Joint Sealing, Lane-Shoulder Longitudinal Joint Sealing",40_4157_20120514_2_1 | 40_4157_20120927_3_1 | 40_4157_20120928_4_1,671037.0,360085.75,647320.0,628803.0,-310951.25,-23717.0,-42234.0,-0.035343803694878224
40_4160,1987,1,unknown,Missing / not recorded,40_4160_19870101_1_1,50461.0,52291.0,52435.0,53944.0,1830.0,1974.0,3483.0,0.03911931987079131
40_4161,1987,1,unknown,Missing / not recorded,40_4161_19870101_1_1,43372.0,43372.0,44434.0,33690.0,0.0,1062.0,-9682.0,0.02448584340127271
40_4161,1989,1,asphalt_overlay,Asphalt Concrete Overlay,40_4161_19890713_2_1,44434.0,33690.0,41691.0,41691.0,-10744.0,-2743.0,-2743.0,-0.06173200702165009
40_4162,1987,1,unknown,Missing / not recorded,40_4162_19870101_1_1,40874.0,40645.0,40498.0,40130.0,-229.0,-376.0,-744.0,-0.009199001810441846
40_4163,1992,1,seal_coat,Fog Seal Coat,40_4163_19921020_2_1,285986.0,107215.5,115972.0,158364.0,-178770.5,-170014.0,-127622.0,-0.594483646052604
40_4163,1993,1,seal_coat,Fog Seal Coat,40_4163_19931003_3_1,107215.5,115972.0,158364.0,116709.75,8756.5,51148.5,9494.25,0.477062551590022
40_4163,1995,1,seal_coat,Fog Seal Coat,40_4163_19950926_4_1,158364.0,116709.75,136681.0,122439.0,-41654.25,-21683.0,-35925.0,-0.13691874415902605
40_4163,1998,1,seal_coat,Fog Seal Coat,40_4163_19980419_5_1,122439.0,103893.0,113208.83333333333,198972.0,-18546.0,-9230.166666666672,76533.0,-0.0753858383902733
40_4163,1999,1,asphalt_overlay,Mill Off AC and Overlay with AC,40_4163_19990817_6_1,103893.0,113208.83333333333,198972.0,204300.0,9315.833333333328,95079.0,100407.0,0.9151627154861252
40_4164,1987,1,unknown,Missing / not recorded,40_4164_19870101_1_1,45953.0,47589.0,46079.0,45953.0,1636.0,126.0,0.0,0.0027419319739734075
40_4164,1994,1,asphalt_overlay,Asphalt Concrete Overlay,40_4164_19940825_2_1,27617.0,16647.5,28947.0,35102.0,-10969.5,1330.0,7485.0,0.04815874280334576
40_4164,2007,1,crack_sealing,Crack Sealing,40_4164_20070315_3_1,47589.0,43773.5,50501.0,44023.0,-3815.5,2912.0,-3566.0,0.06119061127571498
40_4165,1987,1,unknown,Missing / not recorded,40_4165_19870101_1_1,108536.0,111752.0,112058.0,108536.0,3216.0,3522.0,0.0,0.03245006265202329
40_6010,1987,1,unknown,Missing / not recorded,40_6010_19870101_1_1,71271.0,76278.0,79254.0,83810.0,5007.0,7983.0,12539.0,0.11200909205707792
40_7024,1987,1,unknown,Missing / not recorded,40_7024_19870101_1_1,305397.0,305397.0,315378.0,323865.0,0.0,9981.0,18468.0,0.03268204992190493
40_A320,1987,1,unknown,Missing / not recorded,40_A320_19870101_1_1,24108.0,46798.0,47954.0,48554.0,22690.0,23846.0,24446.0,0.9891322382611581
40_A320,1990,1,seal_coat,Slurry Seal Coat,40_A320_19900912_2_1,48554.0,37834.0,52560.0,34143.0,-10720.0,4006.0,-14411.0,0.0825060757095193
40_A330,1987,1,unknown,Missing / not recorded,40_A330_19870101_1_1,24108.0,46798.0,47954.0,48554.0,22690.0,23846.0,24446.0,0.9891322382611581
40_A340,1987,1,unknown,Missing / not recorded,40_A340_19870101_1_1,24108.0,46798.0,47954.0,48554.0,22690.0,23846.0,24446.0,0.9891322382611581
40_A350,1987,1,unknown,Missing / not recorded,40_A350_19870101_1_1,24108.0,46798.0,47954.0,48554.0,22690.0,23846.0,24446.0,0.9891322382611581
40_A350,1990,1,seal_coat,Aggregate Seal Coat,40_A350_19900912_2_1,48554.0,37834.0,52560.0,34143.0,-10720.0,4006.0,-14411.0,0.0825060757095193
40_A410,1987,1,unknown,Missing / not recorded,40_A410_19870101_1_1,50461.0,52291.0,52435.0,53944.0,1830.0,1974.0,3483.0,0.03911931987079131
40_A410,1991,1,crack_sealing,"Transverse Joint Sealing, Lane-Shoulder Longitudinal Joint Sealing",40_A410_19910226_2_1,110292.0,94174.0,40450.0,70084.0,-16118.0,-69842.0,-40208.0,-0.6332462916621332
40_A420,1987,1,unknown,Missing / not recorded,40_A420_19870101_1_1,50461.0,52291.0,52435.0,53944.0,1830.0,1974.0,3483.0,0.03911931987079131
40_A420,1991,1,crack_sealing,"Pressure Grout Subsealing, Transverse Joint Sealing, Lane-Shoulder Longitudinal Joint Sealing",40_A420_19910219_2_1,110292.0,95152.5,40450.0,70084.0,-15139.5,-69842.0,-40208.0,-0.6332462916621332
40_A430,1987,1,unknown,Missing / not recorded,40_A430_19870101_1_1,50461.0,52291.0,52435.0,53944.0,1830.0,1974.0,3483.0,0.03911931987079131
40_B310,1987,1,unknown,Missing / not recorded,40_B310_19870101_1_1,69991.0,64623.0,64043.0,63868.0,-5368.0,-5948.0,-6123.0,-0.08498235487419811
40_B310,1990,1,asphalt_overlay,Asphalt Concrete Overlay,40_B310_19901114_2_1,63868.0,43955.0,61269.0,41033.0,-19913.0,-2599.0,-22835.0,-0.04069330494144172
40_B320,1987,1,unknown,Missing / not recorded,40_B320_19870101_1_1,69991.0,64623.0,64043.0,63868.0,-5368.0,-5948.0,-6123.0,-0.08498235487419811
40_B320,1990,1,seal_coat,Slurry Seal Coat,40_B320_19900909_2_1,63868.0,50979.5,61269.0,41033.0,-12888.5,-2599.0,-22835.0,-0.04069330494144172
40_B330,1987,1,unknown,Missing / not recorded,40_B330_19870101_1_1,69991.0,64623.0,64043.0,63868.0,-5368.0,-5948.0,-6123.0,-0.08498235487419811
40_B330,1990,1,crack_sealing,Crack Sealing,40_B330_19900909_2_1,63868.0,50979.5,61269.0,41033.0,-12888.5,-2599.0,-22835.0,-0.04069330494144172
40_B330,1994,1,crack_sealing,Crack Sealing,40_B330_19940329_3_1,32341.0,41017.666666666664,42113.0,48054.0,8676.666666666664,9772.0,15713.0,0.30215515908598994
40_B330,1998,1,patching,Manual Premix Spot Patch (hand spreading and compacting with roller),40_B330_19980615_4_1,45001.0,40656.75,53108.0,54455.0,-4344.25,8107.0,9454.0,0.18015155218772916
40_B350,1987,1,unknown,Missing / not recorded,40_B350_19870101_1_1,69991.0,64623.0,64043.0,63868.0,-5368.0,-5948.0,-6123.0,-0.08498235487419811
40_B350,1990,1,seal_coat,Aggregate Seal Coat,40_B350_19900909_2_1,63868.0,50979.5,61269.0,41033.0,-12888.5,-2599.0,-22835.0,-0.04069330494144172
40_B360,1987,1,unknown,Missing / not recorded,40_B360_19870101_1_1,69991.0,64623.0,64043.0,63868.0,-5368.0,-5948.0,-6123.0,-0.08498235487419811
40_B360,1990,1,seal_coat,Aggregate Seal Coat,40_B360_19901002_2_1,63868.0,48531.5,61269.0,41033.0,-15336.5,-2599.0,-22835.0,-0.04069330494144172
40_C310,1987,1,unknown,Missing / not recorded,40_C310_19870101_1_1,85925.0,87170.0,87409.0,88464.0,1245.0,1484.0,2539.0,0.017270875763747456
40_C310,1990,1,asphalt_overlay,Asphalt Concrete Overlay,40_C310_19901113_2_1,88464.0,50142.0,91216.0,86225.0,-38322.0,2752.0,-2239.0,0.031108699584011575
40_C320,1987,1,unknown,Missing / not recorded,40_C320_19870101_1_1,85925.0,87170.0,87409.0,88464.0,1245.0,1484.0,2539.0,0.017270875763747456
40_C320,1990,1,seal_coat,Slurry Seal Coat,40_C320_19900906_2_1,88464.0,58378.0,91216.0,86225.0,-30086.0,2752.0,-2239.0,0.031108699584011575
40_C320,1994,1,patching,"Patch Pot Holes - Hand Spread, Compacted with Truck",40_C320_19940515_3_1,19083.0,16747.666666666668,9777.25,,-2335.333333333332,-9305.75,,-0.48764607242047897
40_C330,1987,1,unknown,Missing / not recorded,40_C330_19870101_1_1,85925.0,87170.0,87409.0,88464.0,1245.0,1484.0,2539.0,0.017270875763747456
40_C330,1990,1,crack_sealing,Crack Sealing,40_C330_19900906_2_1,88464.0,58378.0,91216.0,86225.0,-30086.0,2752.0,-2239.0,0.031108699584011575
40_C350,1987,1,unknown,Missing / not recorded,40_C350_19870101_1_1,85925.0,87170.0,87409.0,88464.0,1245.0,1484.0,2539.0,0.017270875763747456
40_C350,1990,1,seal_coat,Aggregate Seal Coat,40_C350_19900906_2_1,88464.0,58378.0,91216.0,86225.0,-30086.0,2752.0,-2239.0,0.031108699584011575
40_C350,1993,1,patching,Manual Premix Spot Patch (hand spreading and compacting with roller),40_C350_19930615_3_1,86225.0,16207.333333333334,19083.0,9777.25,-70017.66666666667,-67142.0,-76447.75,-0.7786836764279501
41_2002,1988,1,unknown,Missing / not recorded,41_2002_19880524_1_1,70799.0,100781.0,100506.0,121307.0,29982.0,29707.0,50508.0,0.4195963219819489
41_2002,1993,1,asphalt_overlay,"Asphalt Concrete Overlay, Mill Off AC and Overlay with AC",41_2002_19930827_2_1,476414.0,132663.5,299340.0,238001.0,-343750.5,-177074.0,-238413.0,-0.3716809329700638
41_5005,1988,1,unknown,Missing / not recorded,41_5005_19880525_1_1,1022548.0,1215656.0,1259341.0,1614536.0,193108.0,236793.0,591988.0,0.23157152524869248
41_5005,2012,1,patching,Partial depth patching of PCC pavements at joints,41_5005_20120701_2_1,2106290.0,2154978.0,2190072.5,2230278.0,48688.0,83782.5,123988.0,0.039777286128690734
41_5006,1988,1,unknown,Missing / not recorded,41_5006_19880523_1_1,422983.0,486672.0,528785.0,547059.0,63689.0,105802.0,124076.0,0.2501329840679176
41_5006,2003,1,asphalt_overlay,Hot-Mix Recycled Asphalt Concrete Overlay,41_5006_20030901_2_1,857811.0,414808.5,830846.0,873551.0,-443002.5,-26965.0,15740.0,-0.031434663346588
41_5006,2011,1,asphalt_overlay,Mill Off AC and Overlay with AC,41_5006_20110801_3_1,764752.0,365146.0,1074023.0,1114891.0,-399606.0,309271.0,350139.0,0.40440691884427893
41_5006,2016,1,patching,Machine Premix Patch (placing premix with paver roller),41_5006_20160831_4_1,1205273.0,871216.0,903876.0,523045.0,-334057.0,-301397.0,-682228.0,-0.25006533789440233
41_5008,1989,1,unknown,Missing / not recorded,41_5008_19890523_1_1,492724.0,534225.0,494790.0,496895.0,41501.0,2066.0,4171.0,0.004193016780185256
41_5008,2003,1,asphalt_overlay,Hot-Mix Recycled Asphalt Concrete Overlay,41_5008_20030901_2_1,783466.0,390408.0,844411.0,843401.0,-393058.0,60945.0,59935.0,0.07778895319005547
41_5008,2011,1,asphalt_overlay,Mill Off AC and Overlay with AC,41_5008_20110801_3_1,972585.0,499228.5,1020972.0,1040649.0,-473356.5,48387.0,68064.0,0.04975092151328676
41_5021,1988,1,unknown,Missing / not recorded,41_5021_19880519_1_1,899016.0,960679.0,1025392.0,1006511.0,61663.0,126376.0,107495.0,0.14057146925082534
41_5021,1999,1,patching,Partial Depth Patching of PCC Pavement Other Than at Joint,41_5021_19990301_2_1,1216220.0,1192057.5,1325314.0,1146180.6666666667,-24162.5,109094.0,-70039.33333333326,0.08969923204683364
41_5021,2001,1,patching,Partial Depth Patching of PCC Pavement Other Than at Joint,41_5021_20010501_3_1,1325314.0,1146180.6666666667,1287348.0,1281307.5,-179133.33333333326,-37966.0,-44006.5,-0.028646796155477116
41_5021,2003,1,patching,Partial Depth Patching of PCC Pavement Other Than at Joint,41_5021_20030401_4_1,1287348.0,1281307.5,1394345.0,1263037.0,-6040.5,106997.0,-24311.0,0.08311427834587073
41_5021,2005,1,patching,Full Depth Patching of PCC Pavement Other Than at Joint,41_5021_20050404_5_1,1394345.0,1263037.0,1303439.0,1505525.0,-131308.0,-90906.0,111180.0,-0.0651962032352108
41_5022,1988,1,unknown,Missing / not recorded,41_5022_19880519_1_1,1119589.0,1174677.0,1281199.0,1219448.0,55088.0,161610.0,99859.0,0.14434761327594323
41_6011,1988,1,unknown,Missing / not recorded,41_6011_19880701_1_1,968758.0,1035442.0,1090668.0,1163772.0,66684.0,121910.0,195014.0,0.1258415414375933
41_6011,1992,1,patching,Mechanical Premix Patch (using motor grader and roller),41_6011_19920609_2_1,1204509.0,762314.0,445108.3333333333,939408.0,-442195.0,-759400.6666666667,-265101.0,-0.630464916963399
41_6011,1993,1,asphalt_overlay,Mill Off AC and Overlay with AC,41_6011_19930726_3_1,762314.0,445108.3333333333,939408.0,1207713.0,-317205.6666666667,177094.0,445399.0,0.23231109490315013
41_6012,1988,1,unknown,Missing / not recorded,41_6012_19880701_1_1,451443.0,586982.0,617209.0,567469.0,135539.0,165766.0,116026.0,0.36719142837523233
41_7018,1988,1,unknown,Missing / not recorded,41_7018_19880701_1_1,1281868.0,1483584.0,1465973.0,930421.0,201716.0,184105.0,-351447.0,0.1436224322629163
41_7018,1991,2,asphalt_overlay,"AC Shoulder Restoration, Asphalt Concrete Overlay | Grinding Surface",41_7018_19910501_2_1 | 41_7018_19910626_3_1,930421.0,648496.6666666666,1288366.0,988614.0,-281924.3333333334,357945.0,58193.0,0.3847129417758198
41_7018,1999,1,crack_sealing,Crack Sealing,41_7018_19990601_4_1,1210868.0,1014190.0,1263676.5,1227080.0,-196678.0,52808.5,16212.0,0.043612103053346854
41_7018,2003,1,crack_sealing,Crack Sealing,41_7018_20030601_5_1,1363483.5,1096335.6666666667,1375875.3333333333,967316.6666666666,-267147.83333333326,12391.833333333256,-396166.8333333334,0.009088363249964709
41_7019,1988,1,unknown,Missing / not recorded,41_7019_19880701_1_1,254729.0,272313.0,231510.0,137437.0,17584.0,-23219.0,-117292.0,-0.09115177306078225
41_7025,1988,1,unknown,Missing / not recorded,41_7025_19880701_1_1,598091.0,588041.0,638257.0,728342.0,-10050.0,40166.0,130251.0,0.06715700453609902
41_7025,1991,1,crack_sealing,"Crack Sealing, Patch Pot Holes - Hand Spread, Compacted with Truck",41_7025_19910601_2_1,728342.0,631528.0,832902.0,835046.6666666666,-96814.0,104560.0,106704.66666666663,0.14355893247952198
41_7025,1993,1,crack_sealing,"Crack Sealing, Patch Pot Holes - Hand Spread, Compacted with Truck",41_7025_19930501_3_1,832902.0,835046.6666666666,935465.0,900833.3333333334,2144.666666666628,102563.0,67931.33333333337,0.1231393369207902
42_0601,1987,1,unknown,Missing / not recorded,42_0601_19870101_1_1,822108.0,841607.0,860371.0,691436.0,19499.0,38263.0,-130672.0,0.04654254672135535
42_0601,1990,1,patching,Partial depth patching of PCC pavements at joints,42_0601_19900601_2_1,691436.0,735469.5,831772.0,862965.0,44033.5,140336.0,171529.0,0.20296310866081604
42_0601,1991,1,patching,Full Depth Transverse Joint Repair Patch,42_0601_19910401_3_1,735469.5,831772.0,862965.0,980297.0,96302.5,127495.5,244827.5,0.17335253195407832
42_0601,1994,1,patching,Partial depth patching of PCC pavements at joints,42_0601_19940601_4_1,980297.0,965566.0,1170636.0,1041786.8,-14731.0,190339.0,61489.80000000005,0.19416462561856254
42_0601,1996,1,patching,Partial depth patching of PCC pavements at joints,42_0601_19960601_5_1,1170636.0,1041786.8,1161100.0,977973.8333333334,-128849.19999999995,-9536.0,-192662.16666666663,-0.008145999268773555
42_0601,1998,1,patching,Partial Depth Patching of PCC Pavement Other Than at Joint,42_0601_19980819_6_1,1161100.0,977973.8333333334,1125203.0,1345660.142857143,-183126.16666666663,-35897.0,184560.14285714296,-0.030916372405477566
42_0601,2000,1,patching,Partial Depth Patching of PCC Pavement Other Than at Joint,42_0601_20000809_7_1,1125203.0,1345660.142857143,1474266.75,1172476.0,220457.14285714296,349063.75,47273.0,0.31022291088807974
42_0601,2001,1,patching,Partial Depth Patching of PCC Pavement Other Than at Joint,42_0601_20010801_8_1,1345660.142857143,1474266.75,1172476.0,1137999.7777777778,128606.60714285704,-173184.14285714296,-207660.3650793652,-0.1286982777757195
42_0601,2003,1,patching,Partial depth patching of PCC pavements at joints,42_0601_20030601_9_1,1172476.0,1137999.7777777778,1503188.5,575034.0,-34476.22222222225,330712.5,-597442.0,0.2820633428743957
42_0601,2004,1,patching,Partial depth patching of PCC pavements at joints,42_0601_20040601_10_1,1137999.7777777778,1503188.5,575034.0,,365188.72222222225,-562965.7777777778,,-0.49469761661738265
42_0602,1987,1,unknown,Missing / not recorded,42_0602_19870101_1_1,822108.0,841607.0,860371.0,691436.0,19499.0,38263.0,-130672.0,0.04654254672135535
42_0602,1994,1,patching,Partial depth patching of PCC pavements at joints,42_0602_19940501_2_1,980297.0,899916.5,1170636.0,1136156.0,-80380.5,190339.0,155859.0,0.19416462561856254
42_0602,1998,1,patching,Partial Depth Patching of PCC Pavement Other Than at Joint,42_0602_19980708_3_1,1161100.0,905124.6666666666,1008829.25,1350373.8,-255975.33333333337,-152270.75,189273.80000000005,-0.1311435276892602
42_0602,1999,1,patching,Partial depth patching of PCC pavements at joints,42_0602_19990601_4_1,905124.6666666666,1008829.25,1350373.8,1480073.8333333333,103704.58333333337,445249.1333333334,574949.1666666666,0.49192022903658955
42_0602,2000,1,patching,Partial depth patching of PCC pavements at joints,42_0602_20000601_5_1,1008829.25,1350373.8,1480073.8333333333,1172476.0,341544.55000000005,471244.58333333326,163646.75,0.46712026176216964
42_0602,2001,1,patching,Partial depth patching of PCC pavements at joints,42_0602_20010601_6_1,1350373.8,1480073.8333333333,1172476.0,1122334.0,129700.03333333321,-177897.80000000005,-228039.80000000005,-0.1317396708970509
42_0602,2003,1,patching,Partial depth patching of PCC pavements at joints,42_0602_20030601_7_1,1172476.0,1122334.0,1510753.7777777778,683946.8888888889,-50142.0,338277.77777777775,-488529.1111111111,0.28851573744603537
42_0602,2004,2,patching,Partial depth patching of PCC pavements at joints | Skin Patching (hand tools/hot pot to apply liquid asphalt and aggregate),42_0602_20040501_8_1 | 42_0602_20040801_9_1,1122334.0,1510753.7777777778,683946.8888888889,,388419.77777777775,-438387.1111111111,,-0.3906030745848483
42_0603,1987,1,unknown,Missing / not recorded,42_0603_19870101_1_1,822108.0,841607.0,860371.0,691436.0,19499.0,38263.0,-130672.0,0.04654254672135535
42_0603,1992,1,asphalt_overlay,"AC Shoulder Restoration, Asphalt Concrete Overlay, Longitudinal Subdrains, Full Depth Transverse Joint Repair Patch, Joint Load Transfer Restoration in PCC Pavements, Partial Depth Patching of PCC Pavement Other Than at Joint",42_0603_19920818_2_1,906259.0,591815.0,980297.0,1076949.0,-314444.0,74038.0,170690.0,0.08169629211958171
42_0604,1987,1,unknown,Missing / not recorded,42_0604_19870101_1_1,822108.0,841607.0,860371.0,691436.0,19499.0,38263.0,-130672.0,0.04654254672135535
42_0604,1990,1,patching,Partial depth patching of PCC pavements at joints,42_0604_19900601_2_1,691436.0,735469.5,781286.3333333334,605961.8333333334,44033.5,89850.33333333337,-85474.16666666663,0.12994743307165577
42_0604,1991,1,reconstruction_or_major_rehab,PCC Slab Replacement,42_0604_19910601_3_1,735469.5,781286.3333333334,605961.8333333334,980297.0,45816.83333333337,-129507.66666666663,244827.5,-0.1760884260552839
42_0604,1992,3,patching,"AC Shoulder Restoration, Asphalt Concrete Overlay, Saw and Seal | Longitudinal Subdrains, Full Depth Transverse Joint Repair Patch, Joint Load Transfer Restoration in PCC Pavements, Partial Depth Patching of PCC Pavement Other Than at Joint | Partial depth patching of PCC pavements at joints, Partial Depth Patching of PCC Pavement Other Than at Joint",42_0604_19920601_4_1 | 42_0604_19920818_5_1 | 42_0604_19920929_6_1,781286.3333333334,605961.8333333334,980297.0,1076949.0,-175324.5,199010.66666666663,295662.6666666666,0.2547218070711591
42_0605,1987,1,unknown,Missing / not recorded,42_0605_19870101_1_1,822108.0,841607.0,860371.0,548413.0,19499.0,38263.0,-273695.0,0.04654254672135535
42_0605,1989,1,reconstruction_or_major_rehab,PCC Slab Replacement,42_0605_19890601_2_1,860371.0,548413.0,799405.0,906259.0,-311958.0,-60966.0,45888.0,-0.07086012894437399
42_0605,1990,1,patching,"Partial depth patching of PCC pavements at joints, Partial Depth Patching of PCC Pavement Other Than at Joint",42_0605_19900601_3_1,548413.0,799405.0,906259.0,682827.0,250992.0,357846.0,134414.0,0.6525118842915831
42_0605,1992,2,crack_sealing,"AC Shoulder Restoration, Grinding Surface, Pressure Grout Subsealing, Transverse Joint Sealing, Longitudinal Subdrains, Full Depth Transverse Joint Repair Patch, Joint Load Transfer Restoration in PCC Pavements, Partial Depth Patching of PCC Pavement Other Than at Joint, PCC Slab Replacement | Partial depth patching of PCC pavements at joints, Partial Depth Patching of PCC Pavement Other Than at Joint",42_0605_19920601_4_1 | 42_0605_19920818_5_1,906259.0,682827.0,980297.0,1002693.6666666666,-223432.0,74038.0,96434.66666666663,0.08169629211958171
42_0605,1994,1,patching,Partial depth patching of PCC pavements at joints,42_0605_19940601_6_1,980297.0,1002693.6666666666,1170636.0,1136156.0,22396.666666666628,190339.0,155859.0,0.19416462561856254
42_0605,1998,1,patching,"Partial depth patching of PCC pavements at joints, Partial Depth Patching of PCC Pavement Other Than at Joint",42_0605_19980601_7_1,1161100.0,1028155.5714285715,1125203.0,1396244.625,-132944.42857142852,-35897.0,235144.625,-0.030916372405477566
42_0605,2000,1,patching,"Partial depth patching of PCC pavements at joints, Partial Depth Patching of PCC Pavement Other Than at Joint",42_0605_20000601_8_1,1125203.0,1396244.625,1516609.888888889,1123970.8,271041.625,391406.888888889,-1232.1999999999534,0.3478544661620072
42_0605,2001,1,patching,"Partial depth patching of PCC pavements at joints, Partial Depth Patching of PCC Pavement Other Than at Joint",42_0605_20010601_9_1,1396244.625,1516609.888888889,1123970.8,1120636.2727272727,120365.26388888899,-272273.82499999995,-275608.3522727273,-0.1950043854242232
42_0605,2002,1,patching,"Partial depth patching of PCC pavements at joints, Partial Depth Patching of PCC Pavement Other Than at Joint",42_0605_20020601_10_1,1516609.888888889,1123970.8,1120636.2727272727,1514043.9166666667,-392639.08888888895,-395973.6161616163,-2565.972222222248,-0.2610912793478603
42_0605,2003,1,patching,"Partial depth patching of PCC pavements at joints, Partial Depth Patching of PCC Pavement Other Than at Joint",42_0605_20030901_11_1,1123970.8,1120636.2727272727,1514043.9166666667,575034.0,-3334.5272727273405,390073.1166666667,-548936.8,0.3470491552508897
42_0605,2004,1,patching,"Partial depth patching of PCC pavements at joints, Partial Depth Patching of PCC Pavement Other Than at Joint",42_0605_20040601_12_1,1120636.2727272727,1514043.9166666667,575034.0,,393407.64393939404,-545602.2727272727,,-0.4868682961684348
42_0606,1987,1,unknown,Missing / not recorded,42_0606_19870101_1_1,822108.0,841607.0,860371.0,691436.0,19499.0,38263.0,-130672.0,0.04654254672135535
42_0606,1992,1,asphalt_overlay,"AC Shoulder Restoration, Pressure Grout Subsealing, Asphalt Concrete Overlay, Longitudinal Subdrains, Full Depth Transverse Joint Repair Patch, Joint Load Transfer Restoration in PCC Pavements, Partial Depth Patching of PCC Pavement Other Than at Joint, PCC Slab Replacement",42_0606_19920818_2_1,906259.0,591815.0,980297.0,1076949.0,-314444.0,74038.0,170690.0,0.08169629211958171
42_0607,1987,1,unknown,Missing / not recorded,42_0607_19870101_1_1,822108.0,841607.0,860371.0,691436.0,19499.0,38263.0,-130672.0,0.04654254672135535
42_0607,1992,1,asphalt_overlay,"AC Shoulder Restoration, Asphalt Concrete Overlay, Longitudinal Subdrains, Fracture Treatment of PCC Pavement as Base for New AC Surface",42_0607_19920907_2_1,906259.0,568236.5,980297.0,1076949.0,-338022.5,74038.0,170690.0,0.08169629211958171
42_0608,1987,1,unknown,Missing / not recorded,42_0608_19870101_1_1,822108.0,841607.0,860371.0,691436.0,19499.0,38263.0,-130672.0,0.04654254672135535
42_0608,1992,1,asphalt_overlay,"AC Shoulder Restoration, Asphalt Concrete Overlay, Longitudinal Subdrains, Fracture Treatment of PCC Pavement as Base for New AC Surface",42_0608_19920903_2_1,906259.0,572952.0,980297.0,1076949.0,-333307.0,74038.0,170690.0,0.08169629211958171
42_0659,1987,1,unknown,Missing / not recorded,42_0659_19870101_1_1,822108.0,841607.0,860371.0,691436.0,19499.0,38263.0,-130672.0,0.04654254672135535
42_0659,1990,1,patching,"Partial depth patching of PCC pavements at joints, Partial Depth Patching of PCC Pavement Other Than at Joint",42_0659_19900601_2_1,691436.0,735469.5,715903.3333333334,773367.5,44033.5,24467.333333333372,81931.5,0.03538625893551012
42_0659,1991,1,patching,Partial depth patching of PCC pavements at joints,42_0659_19910819_3_1,735469.5,715903.3333333334,773367.5,980297.0,-19566.166666666628,37898.0,244827.5,0.05152898930547086
42_0659,1992,1,patching,"Partial depth patching of PCC pavements at joints, Partial Depth Patching of PCC Pavement Other Than at Joint",42_0659_19920601_4_1,715903.3333333334,773367.5,980297.0,987842.6,57464.16666666663,264393.6666666666,271939.2666666666,0.3693147585102271
42_0659,1994,1,patching,"Partial depth patching of PCC pavements at joints, Partial Depth Patching of PCC Pavement Other Than at Joint",42_0659_19940601_5_1,980297.0,987842.6,1170636.0,1136156.0,7545.599999999977,190339.0,155859.0,0.19416462561856254
42_0659,1997,1,patching,"Partial depth patching of PCC pavements at joints, Partial Depth Patching of PCC Pavement Other Than at Joint",42_0659_19970615_6_1,1136156.0,1073619.8333333333,1092736.0,1058703.7142857143,-62536.166666666744,-43420.0,-77452.28571428568,-0.038216582934033703
42_0659,1999,1,patching,"Partial depth patching of PCC pavements at joints, Partial Depth Patching of PCC Pavement Other Than at Joint",42_0659_19990601_7_1,1092736.0,1058703.7142857143,1389203.0,1509835.0,-34032.28571428568,296467.0,417099.0,0.2713070677638515
42_0659,2000,1,patching,"Partial depth patching of PCC pavements at joints, Partial Depth Patching of PCC Pavement Other Than at Joint",42_0659_20000615_8_1,1058703.7142857143,1389203.0,1509835.0,1123970.8,330499.2857142857,451131.2857142857,65267.08571428573,0.42611665532755283
42_0659,2001,1,patching,"Partial depth patching of PCC pavements at joints, Partial Depth Patching of PCC Pavement Other Than at Joint",42_0659_20010615_9_1,1389203.0,1509835.0,1123970.8,1192830.0,120632.0,-265232.19999999995,-196373.0,-0.1909240046271135
42_0659,2002,1,patching,Partial depth patching of PCC pavements at joints,42_0659_20020601_10_1,1509835.0,1123970.8,1192830.0,1509109.6363636365,-385864.19999999995,-317005.0,-725.3636363635305,-0.20996002874486286
42_0659,2004,1,patching,Partial depth patching of PCC pavements at joints,42_0659_20040601_11_1,1192830.0,1509109.6363636365,575034.0,,316279.63636363647,-617796.0,,-0.5179245994819044
42_0660,1987,1,unknown,Missing / not recorded,42_0660_19870101_1_1,822108.0,841607.0,860371.0,691436.0,19499.0,38263.0,-130672.0,0.04654254672135535
42_0660,1990,1,patching,"Partial depth patching of PCC pavements at joints, PCC Slab Replacement",42_0660_19900601_2_1,691436.0,735469.5,906259.0,669623.0,44033.5,214823.0,-21813.0,0.310691083484227
42_0660,1992,1,asphalt_overlay,"AC Shoulder Restoration, Asphalt Concrete Overlay, Longitudinal Subdrains, Fracture Treatment of PCC Pavement as Base for New AC Surface",42_0660_19920903_3_1,906259.0,669623.0,980297.0,1076949.0,-236636.0,74038.0,170690.0,0.08169629211958171
42_0661,1987,1,unknown,Missing / not recorded,42_0661_19870101_1_1,822108.0,841607.0,860371.0,691436.0,19499.0,38263.0,-130672.0,0.04654254672135535
42_0661,1992,1,asphalt_overlay,"AC Shoulder Restoration, Asphalt Concrete Overlay, Longitudinal Subdrains, Fracture Treatment of PCC Pavement as Base for New AC Surface",42_0661_19920903_2_1,906259.0,572952.0,980297.0,1076949.0,-333307.0,74038.0,170690.0,0.08169629211958171
42_0662,1987,1,unknown,Missing / not recorded,42_0662_19870101_1_1,822108.0,841607.0,860371.0,691436.0,19499.0,38263.0,-130672.0,0.04654254672135535
42_0662,1992,1,asphalt_overlay,"AC Shoulder Restoration, Asphalt Concrete Overlay, Longitudinal Subdrains, Fracture Treatment of PCC Pavement as Base for New AC Surface",42_0662_19920903_2_1,906259.0,572952.0,980297.0,1076949.0,-333307.0,74038.0,170690.0,0.08169629211958171
42_1597,1988,1,unknown,Missing / not recorded,42_1597_19880801_1_1,17402.0,17896.0,18158.0,11504.0,494.0,756.0,-5898.0,0.04344328238133548
42_1597,1990,1,crack_sealing,Crack Sealing,42_1597_19900612_2_1,18158.0,11504.0,14809.0,15562.0,-6654.0,-3349.0,-2596.0,-0.1844366119616698
42_1597,1996,1,crack_sealing,Crack Sealing,42_1597_19960624_3_1,20611.0,14626.666666666666,18915.25,24872.0,-5984.333333333334,-1695.75,4261.0,-0.08227402843142012
42_1597,1997,1,patching,"Patch Pot Holes - Hand Spread, Compacted with Truck",42_1597_19970824_4_1,14626.666666666666,18915.25,24872.0,20408.8,4288.583333333334,10245.333333333334,5782.133333333333,0.7004557885141295
42_1597,1999,1,crack_sealing,Crack Sealing,42_1597_19990517_5_1,24872.0,20408.8,9906.666666666666,19968.0,-4463.200000000001,-14965.333333333334,-4904.0,-0.6016940066473678
42_1597,2000,1,asphalt_overlay,"AC Shoulder Restoration, Mill Off AC and Overlay with AC",42_1597_20000708_6_1,20408.8,9906.666666666666,19968.0,22869.0,-10502.133333333333,-440.7999999999993,2460.2000000000007,-0.021598526125984834
42_1597,2011,1,crack_sealing,Crack Sealing,42_1597_20110601_7_1,31456.0,34572.0,30235.0,30937.0,3116.0,-1221.0,-519.0,-0.038816124109867754
42_1597,2015,1,seal_coat,Slurry Seal Coat,42_1597_20150601_8_1,31382.0,26363.0,26893.666666666668,27838.0,-5019.0,-4488.333333333332,-3544.0,-0.14302253945998764
42_1597,2020,1,crack_sealing,Crack Sealing,42_1597_20200101_9_1,19075.0,19603.0,20119.0,16300.0,528.0,1044.0,-2775.0,0.05473132372214941
42_1598,1988,1,unknown,Missing / not recorded,42_1598_19880801_1_1,1026762.0,1050530.0,991062.0,829760.0,23768.0,-35700.0,-197002.0,-0.0347694986764216
42_1598,1995,1,patching,Manual Premix Spot Patch (hand spreading and compacting with roller),42_1598_19950601_2_1,1404508.0,1218935.5,1635297.0,1756335.0,-185572.5,230789.0,351827.0,0.1643201747515856
42_1599,1988,1,unknown,Missing / not recorded,42_1599_19880801_1_1,25061.0,59949.0,62068.0,149556.0,34888.0,37007.0,124495.0,1.4766769083436415
42_1599,1999,1,crack_sealing,Crack Sealing,42_1599_19990601_2_1,196688.0,147535.5,196039.0,181122.0,-49152.5,-649.0,-15566.0,-0.0032996420727243146
42_1599,2011,1,asphalt_overlay,"AC Shoulder Restoration, Hot-Mix Recycled Asphalt Concrete Overlay",42_1599_20110401_3_1,183325.0,84718.66666666667,182927.0,187660.0,-98606.33333333333,-398.0,4335.0,-0.0021710077730805947
42_1605,1988,1,unknown,Missing / not recorded,42_1605_19880801_1_1,241087.0,248799.0,257835.0,273709.0,7712.0,16748.0,32622.0,0.06946869802187593
42_1605,1995,1,asphalt_overlay,"AC Shoulder Restoration, Asphalt Concrete Overlay",42_1605_19950614_2_1,280734.0,162917.0,306026.0,455634.0,-117817.0,25292.0,174900.0,0.090092400635477
42_1605,2001,1,crack_sealing,Crack Sealing,42_1605_20011220_3_1,445100.0,215672.0,453343.0,238182.0,-229428.0,8243.0,-206918.0,0.018519433835093236
42_1606,1988,1,unknown,Missing / not recorded,42_1606_19880901_1_1,93328.0,103032.0,100456.0,182711.0,9704.0,7128.0,89383.0,0.07637579290245157
42_1606,2002,2,shoulder_restoration,AC Shoulder Restoration,42_1606_20020501_2_1 | 42_1606_20021001_3_1,285011.0,183158.66666666666,294744.0,297774.0,-101852.33333333334,9733.0,12763.0,0.03414955913982267
42_1606,2008,1,crack_sealing,"AC Shoulder Restoration, Asphalt Concrete Overlay, Lane-Shoulder Longitudinal Joint Sealing, Saw and Seal",42_1606_20080601_4_1,306095.0,145026.0,297801.0,281020.0,-161069.0,-8294.0,-25075.0,-0.02709616295594505
42_1608,1988,1,unknown,Missing / not recorded,42_1608_19881201_1_1,5543.0,6056.0,6386.0,5669.0,513.0,843.0,126.0,0.15208370918275302
42_1608,1991,1,crack_sealing,Crack Sealing,42_1608_19910601_2_1,5669.0,3631.0,6968.0,8038.0,-2038.0,1299.0,2369.0,0.2291409419650732
42_1608,1995,1,shoulder_restoration,AC Shoulder Replacement,42_1608_19950601_3_1,6657.0,6153.666666666667,10864.0,6949.0,-503.33333333333303,4207.0,292.0,0.6319663512092534
42_1610,1988,1,unknown,Missing / not recorded,42_1610_19881201_1_1,469673.0,479855.0,505413.0,367873.0,10182.0,35740.0,-101800.0,0.07609549622822687
42_1613,1988,1,unknown,Missing / not recorded,42_1613_19881201_1_1,0.0,0.0,0.0,338604.5,0.0,0.0,338604.5,
42_1613,1990,1,asphalt_overlay,"AC Shoulder Restoration, Asphalt Concrete Overlay",42_1613_19900604_2_1,0.0,338604.5,606504.0,272860.0,338604.5,606504.0,272860.0,
42_1614,1988,1,unknown,Missing / not recorded,42_1614_19881201_1_1,157830.0,162779.0,82761.5,179699.0,4949.0,-75068.5,21869.0,-0.4756288411582082
42_1614,1989,1,crack_sealing,"AC Shoulder Replacement, Asphalt Concrete Overlay, Saw and Seal",42_1614_19890701_2_1,162779.0,82761.5,179699.0,168718.0,-80017.5,16920.0,5939.0,0.10394461201997801
42_1614,1992,1,crack_sealing,"Crack Sealing, Lane-Shoulder Longitudinal Joint Sealing",42_1614_19920601_3_1,168718.0,151602.5,159091.0,163451.0,-17115.5,-9627.0,-5267.0,-0.05705970910039237
42_1614,1999,1,crack_sealing,"Crack Sealing, Transverse Joint Sealing, Lane-Shoulder Longitudinal Joint Sealing",42_1614_19990601_4_1,206974.0,206983.33333333334,240750.0,240092.0,9.333333333343035,33776.0,33118.0,0.1631895793674568
42_1614,2009,1,crack_sealing,"AC Shoulder Restoration, Hot-Mix Recycled Asphalt Concrete Overlay, Saw and Seal",42_1614_20090901_5_1,269788.0,169639.75,299365.0,309699.0,-100148.25,29577.0,39911.0,0.10963052470828948
42_1614,2020,1,crack_sealing,Crack Sealing,42_1614_20200101_6_1,122056.0,124403.0,126071.0,127649.0,2347.0,4015.0,5593.0,0.03289473684210526
42_1617,1988,1,unknown,Missing / not recorded,42_1617_19881201_1_1,472907.0,508911.0,542267.0,290441.5,36004.0,69360.0,-182465.5,0.14666731513807155
42_1617,1990,1,asphalt_overlay,"AC Shoulder Restoration, Asphalt Concrete Overlay",42_1617_19900813_2_1,542267.0,290441.5,619218.0,459420.0,-251825.5,76951.0,-82847.0,0.14190610898321307
42_1618,1988,1,unknown,Missing / not recorded,42_1618_19881201_1_1,0.0,0.0,15067.5,22617.0,0.0,15067.5,22617.0,
42_1618,1989,1,asphalt_overlay,"AC Shoulder Replacement, Asphalt Concrete Overlay, Full Depth Patch of AC Pavement (removing damaged material, repairing supporting material, and repairing), Longitudinal Subdrains, Transverse Subdrainage, Other",42_1618_19890827_2_1,0.0,15067.5,22617.0,18620.0,15067.5,22617.0,18620.0,
42_1623,1988,1,unknown,Missing / not recorded,42_1623_19881101_1_1,336641.0,351259.0,364026.0,334516.0,14618.0,27385.0,-2125.0,0.08134778592031273
42_1623,2002,1,crack_sealing,Lane-Shoulder Longitudinal Joint Sealing,42_1623_20020901_2_1,416751.0,283761.0,432900.0,443837.0,-132990.0,16149.0,27086.0,0.038749757049173245
42_1623,2008,1,crack_sealing,"AC Shoulder Restoration, Asphalt Concrete Overlay, Saw and Seal",42_1623_20080401_3_1,725987.0,311230.0,467620.0,572013.0,-414757.0,-258367.0,-153974.0,-0.35588378304294704
42_1623,2020,1,crack_sealing,Crack Sealing,42_1623_20200101_4_1,334457.0,343454.0,350743.0,301998.0,8997.0,16286.0,-32459.0,0.048693853021464645
42_1627,1988,1,unknown,Missing / not recorded,42_1627_19881201_1_1,1310782.0,1111605.0,1164486.0,1155331.0,-199177.0,-146296.0,-155451.0,-0.11160971084436619
42_1627,1998,1,grinding,Grinding Surface,42_1627_19980901_2_1,2037255.0,1323448.5,2001409.0,1512236.0,-713806.5,-35846.0,-525019.0,-0.017595244581557045
42_1690,1989,1,unknown,Missing / not recorded,42_1690_19890901_1_1,257795.0,270244.0,171068.0,244199.0,12449.0,-86727.0,-13596.0,-0.3364184720417386
42_1690,1990,1,crack_sealing,"Transverse Joint Sealing, Lane-Shoulder Longitudinal Joint Sealing, Partial depth patching of PCC pavements at joints",42_1690_19900625_2_1,270244.0,171068.0,244199.0,271874.0,-99176.0,-26045.0,1630.0,-0.09637586773434378
42_1690,1993,1,patching,Partial depth patching of PCC pavements at joints,42_1690_19930601_3_1,271874.0,260668.0,221000.0,234898.25,-11206.0,-50874.0,-36975.75,-0.18712344689083915
42_1690,1995,1,patching,Partial depth patching of PCC pavements at joints,42_1690_19950601_4_1,221000.0,234898.25,287704.0,265861.0,13898.25,66704.0,44861.0,0.3018280542986425
42_1690,2000,1,patching,"Full Depth Transverse Joint Repair Patch, Partial depth patching of PCC pavements at joints",42_1690_20001031_5_1,374511.0,301656.0,398480.0,314620.5,-72855.0,23969.0,-59890.5,0.06400079036396794
42_1690,2002,1,patching,Partial depth patching of PCC pavements at joints,42_1690_20020601_6_1,398480.0,314620.5,400828.0,206063.2857142857,-83859.5,2348.0,-192416.7142857143,0.0058923910861272836
42_1691,1989,1,unknown,Missing / not recorded,42_1691_19891001_1_1,0.0,0.0,29676.333333333332,100392.0,0.0,29676.333333333332,100392.0,
42_1691,1990,2,asphalt_overlay,"AC Shoulder Restoration, Asphalt Concrete Overlay | Patch Pot Holes - Hand Spread, Compacted with Truck",42_1691_19900601_2_1 | 42_1691_19900914_3_1,0.0,29676.333333333332,100392.0,62286.0,29676.333333333332,100392.0,62286.0,
42_1691,2013,1,asphalt_overlay,"AC Shoulder Restoration, Mill Existing Pavement and Overlay with Hot-Mix Recycled AC",42_1691_20130815_4_1,78442.0,39367.5,79103.0,79103.0,-39074.5,661.0,661.0,0.008426608194589633
42_3044,1988,1,unknown,Missing / not recorded,42_3044_19880701_1_1,653666.0,675062.0,703345.0,908946.5,21396.0,49679.0,255280.5,0.07600058745597904
42_3044,1990,1,crack_sealing,Transverse Joint Sealing,42_3044_19900319_2_1,703345.0,908946.5,933718.0,760396.0,205601.5,230373.0,57051.0,0.3275391166497238
42_3044,2000,1,grinding,Grinding Surface,42_3044_20000901_3_1,1353248.0,1105241.6666666667,1335471.5,1441390.0,-248006.33333333326,-17776.5,88142.0,-0.013136173118304997
42_3044,2001,1,crack_sealing,Transverse Joint Sealing,42_3044_20010601_4_1,1105241.6666666667,1335471.5,1441390.0,1362856.0,230229.83333333326,336148.33333333326,257614.33333333326,0.3041401201848765
42_3044,2014,1,patching,"Grinding Surface, Partial depth patching of PCC pavements at joints",42_3044_20140601_5_1,1606333.0,1578425.2,1578093.0,1880990.0,-27907.800000000047,-28240.0,274657.0,-0.017580414521771014
42_5020,1988,1,unknown,Missing / not recorded,42_5020_19880701_1_1,347734.0,363813.0,377849.0,427168.0,16079.0,30115.0,79434.0,0.08660355329073373
42_5020,1998,1,patching,Partial Depth Patching of PCC Pavement Other Than at Joint,42_5020_19980901_2_1,924384.0,630284.5,403077.0,,-294099.5,-521307.0,,-0.5639506958147263
42_7025,1988,1,unknown,Missing / not recorded,42_7025_19880701_1_1,109390.0,124682.0,131077.0,90284.0,15292.0,21687.0,-19106.0,0.19825395374348662
42_7037,1988,1,unknown,Missing / not recorded,42_7037_19880701_1_1,780825.0,806614.0,519476.5,638327.0,25789.0,-261348.5,-142498.0,-0.3347081612397144
42_7037,1989,1,crack_sealing,Crack Sealing,42_7037_19891009_2_1,806614.0,519476.5,638327.0,654334.0,-287137.5,-168287.0,-152280.0,-0.2086338694840407
42_7037,1993,1,asphalt_overlay,"AC Shoulder Restoration, Mill Off AC and Overlay with AC",42_7037_19930805_3_1,920199.0,432958.6666666667,849152.0,1147618.0,-487240.3333333333,-71047.0,227419.0,-0.07720829950912791
42_9027,1988,1,unknown,Missing / not recorded,42_9027_19880701_1_1,516572.0,533179.0,556229.0,499820.0,16607.0,39657.0,-16752.0,0.07676955003368359
42_9027,1990,1,crack_sealing,Transverse Joint Sealing,42_9027_19900319_2_1,556229.0,499820.0,518705.0,622660.0,-56409.0,-37524.0,66431.0,-0.06746142326272093
42_9027,2000,1,grinding,Grinding Surface,42_9027_20000901_3_1,1149295.0,800391.0,1236931.0,1168458.0,-348904.0,87636.0,19163.0,0.0762519631600242
42_9027,2014,1,patching,"Grinding Surface, Partial depth patching of PCC pavements at joints",42_9027_20140601_4_1,1348302.0,1352842.5,1370256.0,1704400.0,4540.5,21954.0,356098.0,0.016282702243265973
42_A310,1988,1,unknown,Missing / not recorded,42_A310_19880801_1_1,241087.0,248799.0,257835.0,215967.5,7712.0,16748.0,-25119.5,0.06946869802187593
42_A310,1990,1,asphalt_overlay,"AC Shoulder Restoration, Asphalt Concrete Overlay",42_A310_19900604_2_1,257835.0,215967.5,318200.0,211221.0,-41867.5,60365.0,-46614.0,0.2341225977854054
42_A320,1988,1,unknown,Missing / not recorded,42_A320_19880801_1_1,241087.0,248799.0,257835.0,179598.0,7712.0,16748.0,-61489.0,0.06946869802187593
42_A320,1990,1,seal_coat,Slurry Seal Coat,42_A320_19900909_2_1,257835.0,179598.0,318200.0,211221.0,-78237.0,60365.0,-46614.0,0.2341225977854054
42_A330,1988,1,unknown,Missing / not recorded,42_A330_19880801_1_1,241087.0,248799.0,257835.0,179598.0,7712.0,16748.0,-61489.0,0.06946869802187593
42_A330,1990,1,crack_sealing,Crack Sealing,42_A330_19900909_2_1,257835.0,179598.0,318200.0,181981.0,-78237.0,60365.0,-75854.0,0.2341225977854054
42_A330,1992,1,patching,Manual Premix Spot Patch (hand spreading and compacting with roller),42_A330_19920601_3_1,318200.0,181981.0,262840.0,280734.0,-136219.0,-55360.0,-37466.0,-0.17397862979258327
42_A340,1988,1,unknown,Missing / not recorded,42_A340_19880801_1_1,241087.0,248799.0,257835.0,273709.0,7712.0,16748.0,32622.0,0.06946869802187593
42_A340,1992,1,patching,Strip Patching (using spreader and distributor to apply hot liquid asphalt and aggregate),42_A340_19920701_2_1,318200.0,158704.5,226594.66666666666,280734.0,-159495.5,-91605.33333333334,-37466.0,-0.2878860255604442
42_A340,1993,1,patching,Manual Premix Spot Patch (hand spreading and compacting with roller),42_A340_19930601_3_1,158704.5,226594.66666666666,280734.0,146892.0,67890.16666666666,122029.5,-11812.5,0.7689101443248301
42_A350,1988,1,unknown,Missing / not recorded,42_A350_19880801_1_1,241087.0,248799.0,257835.0,179223.0,7712.0,16748.0,-61864.0,0.06946869802187593
42_A350,1990,1,seal_coat,Aggregate Seal Coat,42_A350_19900910_2_1,257835.0,179223.0,318200.0,211221.0,-78612.0,60365.0,-46614.0,0.2341225977854054
42_A351,1988,1,unknown,Missing / not recorded,42_A351_19880801_1_1,241087.0,248799.0,257835.0,179223.0,7712.0,16748.0,-61864.0,0.06946869802187593
42_A351,1990,1,seal_coat,Aggregate Seal Coat,42_A351_19900910_2_1,257835.0,179223.0,318200.0,211221.0,-78612.0,60365.0,-46614.0,0.2341225977854054
42_A410,1989,1,unknown,Missing / not recorded,42_A410_19890901_1_1,257795.0,270244.0,171376.0,244199.0,12449.0,-86419.0,-13596.0,-0.33522372427704183
42_A410,1990,1,crack_sealing,"Transverse Joint Sealing, Lane-Shoulder Longitudinal Joint Sealing, Partial depth patching of PCC pavements at joints",42_A410_19900624_2_1,270244.0,171376.0,244199.0,271874.0,-98868.0,-26045.0,1630.0,-0.09637586773434378
42_A410,2001,1,patching,"Full Depth Patching of PCC Pavement Other Than at Joint, Partial depth patching of PCC pavements at joints",42_A410_20010601_3_1,361750.0,343529.6666666667,337920.0,400828.0,-18220.333333333314,-23830.0,39078.0,-0.06587422252937111
42_A411,1989,1,unknown,Missing / not recorded,42_A411_19890901_1_1,257795.0,270244.0,171376.0,244199.0,12449.0,-86419.0,-13596.0,-0.33522372427704183
42_A411,1990,1,crack_sealing,"Transverse Joint Sealing, Lane-Shoulder Longitudinal Joint Sealing, Partial Depth Patching of PCC Pavement Other Than at Joint",42_A411_19900624_2_1,270244.0,171376.0,244199.0,271874.0,-98868.0,-26045.0,1630.0,-0.09637586773434378
42_A411,2001,2,patching,Full Depth Patching of PCC Pavement Other Than at Joint | Partial depth patching of PCC pavements at joints,42_A411_20010601_3_1 | 42_A411_20010901_4_1,361750.0,290944.75,337920.0,400828.0,-70805.25,-23830.0,39078.0,-0.06587422252937111
42_A430,1989,1,unknown,Missing / not recorded,42_A430_19890901_1_1,257795.0,270244.0,225008.0,244199.0,12449.0,-32787.0,-13596.0,-0.12718245117244323
42_A430,1992,1,patching,Partial Depth Patching of PCC Pavement Other Than at Joint,42_A430_19920601_2_1,244199.0,215419.0,302364.0,221000.0,-28780.0,58165.0,-23199.0,0.23818688856219722
42_A430,1995,1,patching,"Partial depth patching of PCC pavements at joints, Partial Depth Patching of PCC Pavement Other Than at Joint",42_A430_19950801_3_1,221000.0,211271.0,287704.0,265861.0,-9729.0,66704.0,44861.0,0.3018280542986425
42_A430,2001,1,patching,"Full Depth Patching of PCC Pavement Other Than at Joint, Partial depth patching of PCC pavements at joints, PCC Slab Replacement",42_A430_20010601_4_1,361750.0,357267.25,337920.0,400828.0,-4482.75,-23830.0,39078.0,-0.06587422252937111
42_B310,1988,1,unknown,Missing / not recorded,42_B310_19880801_1_1,17402.0,17896.0,18158.0,9701.5,494.0,756.0,-7700.5,0.04344328238133548
42_B310,1990,1,asphalt_overlay,Asphalt Concrete Overlay,42_B310_19900909_2_1,18158.0,9701.5,14809.0,15562.0,-8456.5,-3349.0,-2596.0,-0.1844366119616698
42_B330,1988,1,unknown,Missing / not recorded,42_B330_19880801_1_1,17402.0,17896.0,18158.0,9256.0,494.0,756.0,-8146.0,0.04344328238133548
42_B330,1990,1,crack_sealing,Crack Sealing,42_B330_19901001_2_1,18158.0,9256.0,14809.0,15562.0,-8902.0,-3349.0,-2596.0,-0.1844366119616698
42_B330,1993,1,patching,"Patch Pot Holes - Hand Spread, Compacted with Truck",42_B330_19930401_3_1,15562.0,18917.666666666668,19989.0,18479.25,3355.666666666668,4427.0,2917.25,0.28447500321295466
42_B330,1995,1,crack_sealing,Crack Sealing,42_B330_19950601_4_1,19989.0,18479.25,17400.0,20678.6,-1509.75,-2589.0,689.5999999999985,-0.1295212366801741
42_B330,1997,1,crack_sealing,"Crack Sealing, Manual Premix Spot Patch (hand spreading and compacting with roller)",42_B330_19970601_5_1,17400.0,20678.6,24872.0,20682.666666666668,3278.5999999999985,7472.0,3282.666666666668,0.42942528735632185
42_B330,1999,1,crack_sealing,Crack Sealing,42_B330_19990517_6_1,24872.0,20682.666666666668,6435.0,,-4189.333333333332,-18437.0,,-0.7412753296880026
42_B340,1988,1,unknown,Missing / not recorded,42_B340_19880801_1_1,17402.0,17896.0,18158.0,14785.0,494.0,756.0,-2617.0,0.04344328238133548
42_B350,1988,1,unknown,Missing / not recorded,42_B350_19880801_1_1,17402.0,17896.0,18158.0,9256.0,494.0,756.0,-8146.0,0.04344328238133548
42_B350,1990,1,seal_coat,Aggregate Seal Coat,42_B350_19901001_2_1,18158.0,9256.0,14809.0,13847.0,-8902.0,-3349.0,-4311.0,-0.1844366119616698
42_B350,1992,1,patching,"Patch Pot Holes - Hand Spread, Compacted with Truck",42_B350_19920501_3_1,14809.0,13847.0,20612.0,19989.0,-962.0,5803.0,5180.0,0.3918563035991627
42_B350,1997,1,crack_sealing,Crack Sealing,42_B350_19970601_4_1,17400.0,20212.25,24872.0,22052.0,2812.25,7472.0,4652.0,0.42942528735632185
42_B351,1988,1,unknown,Missing / not recorded,42_B351_19880801_1_1,17402.0,17896.0,18158.0,9256.0,494.0,756.0,-8146.0,0.04344328238133548
42_B351,1990,1,seal_coat,Aggregate Seal Coat,42_B351_19901001_2_1,18158.0,9256.0,14809.0,15562.0,-8902.0,-3349.0,-2596.0,-0.1844366119616698
42_B351,1994,1,patching,"Patch Pot Holes - Hand Spread, Compacted with Truck",42_B351_19940601_3_1,20612.0,17232.666666666668,18479.25,15080.0,-3379.333333333332,-2132.75,-5532.0,-0.1034712788666796
42_B351,1995,1,patching,"Patch Pot Holes - Hand Spread, Compacted with Truck",42_B351_19950601_4_1,17232.666666666668,18479.25,15080.0,22544.0,1246.5833333333321,-2152.666666666668,5311.333333333332,-0.12491779179078501
42_B351,1996,1,seal_coat,Aggregate Seal Coat,42_B351_19960901_5_1,18479.25,15080.0,22544.0,24872.0,-3399.25,4064.75,6392.75,0.21996293139602527
42_B351,1999,1,crack_sealing,Crack Sealing,42_B351_19990517_6_1,24872.0,20682.666666666668,6435.0,,-4189.333333333332,-18437.0,,-0.7412753296880026
42_C410,1988,1,unknown,Missing / not recorded,42_C410_19880901_1_1,93328.0,103032.0,100456.0,137408.5,9704.0,7128.0,44080.5,0.07637579290245157
42_C410,1990,1,crack_sealing,"Transverse Joint Sealing, Lane-Shoulder Longitudinal Joint Sealing",42_C410_19900701_2_1,100456.0,137408.5,155795.0,129220.0,36952.5,55339.0,28764.0,0.5508779963367046
42_C410,1998,1,patching,Full Depth Patching of PCC Pavement Other Than at Joint,42_C410_19981101_3_1,221324.0,180131.33333333334,254231.0,237818.75,-41192.66666666666,32907.0,16494.75,0.14868247456218034
42_C410,2000,1,shoulder_restoration,AC Shoulder Restoration,42_C410_20000601_4_1,254231.0,237818.75,285011.0,285696.0,-16412.25,30780.0,31465.0,0.1210709944892637
42_C411,1988,1,unknown,Missing / not recorded,42_C411_19880901_1_1,93328.0,103032.0,100456.0,137408.5,9704.0,7128.0,44080.5,0.07637579290245157
42_C411,1990,1,crack_sealing,"Transverse Joint Sealing, Lane-Shoulder Longitudinal Joint Sealing",42_C411_19900701_2_1,100456.0,137408.5,155795.0,129220.0,36952.5,55339.0,28764.0,0.5508779963367046
42_C411,2000,1,shoulder_restoration,AC Shoulder Restoration,42_C411_20000601_3_1,254231.0,228634.66666666666,285011.0,285696.0,-25596.333333333343,30780.0,31465.0,0.1210709944892637
42_C411,2004,1,patching,Partial Depth Patching of PCC Pavement Other Than at Joint,42_C411_20040601_4_1,294744.0,266857.75,293958.0,,-27886.25,-786.0,,-0.002666720951062617
42_C430,1988,1,unknown,Missing / not recorded,42_C430_19880901_1_1,93328.0,103032.0,100456.0,182711.0,9704.0,7128.0,89383.0,0.07637579290245157
42_C430,1998,1,patching,Full Depth Patching of PCC Pavement Other Than at Joint,42_C430_19981101_2_1,221324.0,145517.0,254231.0,228634.66666666666,-75807.0,32907.0,7310.666666666657,0.14868247456218034
42_C430,2000,1,shoulder_restoration,AC Shoulder Restoration,42_C430_20000601_3_1,254231.0,228634.66666666666,285011.0,285696.0,-25596.333333333343,30780.0,31465.0,0.1210709944892637
44_7401,1988,1,unknown,Missing / not recorded,44_7401_19880801_1_1,138202.0,149256.0,146130.0,186048.0,11054.0,7928.0,47846.0,0.05736530585664462
44_7401,1999,1,patching,"Patch Pot Holes - Hand Spread, Compacted with Truck",44_7401_19990601_2_1,218861.0,176716.0,227854.0,231537.0,-42145.0,8993.0,12676.0,0.04109000689935621
44_7401,2002,1,asphalt_overlay,Mill Off AC and Overlay with AC,44_7401_20020701_3_1,231537.0,118116.0,253993.0,264253.0,-113421.0,22456.0,32716.0,0.09698665871977265
44_7401,2011,1,crack_sealing,Crack Sealing,44_7401_20110801_4_1,323662.0,237406.5,347053.0,358707.0,-86255.5,23391.0,35045.0,0.0722698370522335
45_1008,1987,1,unknown,Missing / not recorded,45_1008_19870101_1_1,8081.0,7724.0,9992.0,13815.0,-357.0,1911.0,5734.0,0.23648063358495236
45_1011,1987,1,unknown,Missing / not recorded,45_1011_19870101_1_1,68879.0,255014.0,304013.0,304893.0,186135.0,235134.0,236014.0,3.413725518663163
45_1011,1998,1,patching,"Patch Pot Holes - Hand Spread, Compacted with Truck",45_1011_19980515_2_1,190998.0,138475.0,164334.0,,-52523.0,-26664.0,,-0.13960355605817862
45_1024,1987,1,unknown,Missing / not recorded,45_1024_19870101_1_1,112.0,540.0,541.0,540.0,428.0,429.0,428.0,3.830357142857143
45_1024,2007,1,patching,"Patch Pot Holes - Hand Spread, Compacted with Truck",45_1024_20070701_2_1,1278.0,921.0,923.5,601.5,-357.0,-354.5,-676.5,-0.2773865414710485
45_1024,2010,1,patching,"Patch Pot Holes - Hand Spread, Compacted with Truck",45_1024_20100701_3_1,601.5,802.0,802.0,821.0,200.5,200.5,219.5,0.3333333333333333
45_1024,2015,1,patching,"Patch Pot Holes - Hand Spread, Compacted with Truck",45_1024_20150701_4_1,818.3333333333334,754.75,757.25,754.75,-63.58333333333337,-61.08333333333337,-63.58333333333337,-0.07464358452138498
45_1024,2018,1,patching,"Patch Pot Holes - Hand Spread, Compacted with Truck",45_1024_20180701_5_1,754.75,644.0,652.6,654.8,-110.75,-102.14999999999998,-99.95000000000005,-0.1353428287512421
45_1025,1987,1,unknown,Missing / not recorded,45_1025_19870101_1_1,29443.0,34185.0,35735.0,41234.0,4742.0,6292.0,11791.0,0.21370104948544646
45_1025,1993,1,asphalt_overlay,Asphalt Concrete Overlay,45_1025_19930901_2_1,16024.0,12068.0,53529.0,42892.0,-3956.0,37505.0,26868.0,2.340551672491263
45_3012,1987,1,unknown,Missing / not recorded,45_3012_19870101_1_1,503274.0,710037.0,895530.0,873861.0,206763.0,392256.0,370587.0,0.7794084335769382
45_3012,2019,1,patching,"Full Depth Transverse Joint Repair Patch, PCC Slab Replacement",45_3012_20190101_2_1,921567.0,1056339.0,889497.0,960534.0,134772.0,-32070.0,38967.0,-0.03479942315642813
45_5017,1987,1,unknown,Missing / not recorded,45_5017_19870101_1_1,332439.0,450549.0,615404.0,628147.0,118110.0,282965.0,295708.0,0.8511787124855988
45_5034,1987,1,unknown,Missing / not recorded,45_5034_19870101_1_1,250555.0,329026.0,421456.0,401542.0,78471.0,170901.0,150987.0,0.6820897607311768
45_5034,2003,1,unknown,Missing / not recorded,45_5034_20030616_2_1,841780.0,669981.0,895766.0,42250.0,-171799.0,53986.0,-799530.0,0.06413314642780774
45_5035,1987,1,unknown,Missing / not recorded,45_5035_19870101_1_1,247321.0,315414.0,418254.0,382131.0,68093.0,170933.0,134810.0,0.6911382373514582
45_5035,1997,1,crack_sealing,Crack Sealing,45_5035_19970915_2_1,543722.0,366454.5,574660.3333333334,598781.0,-177267.5,30938.333333333372,55059.0,0.05690101436641036
45_5035,1998,1,patching,Full Depth Patching of PCC Pavement Other Than at Joint,45_5035_19980515_3_1,366454.5,574660.3333333334,598781.0,618610.0,208205.83333333337,232326.5,252155.5,0.6339845738011131
45_7019,1987,1,unknown,Missing / not recorded,45_7019_19870101_1_1,77105.0,95740.0,106368.0,116915.0,18635.0,29263.0,39810.0,0.37952143181376047
46_0601,1992,2,patching,"AC Shoulder Restoration, Full Depth Transverse Joint Repair Patch | Missing / not recorded",46_0601_19920101_1_1 | 46_0601_19920924_2_1,61797.0,28228.0,48384.0,48156.0,-33569.0,-13413.0,-13641.0,-0.21704937132870528
46_0601,1995,1,patching,"Full Depth Transverse Joint Repair Patch, Full Depth Patching of PCC Pavement Other Than at Joint",46_0601_19950808_3_1,48156.0,69098.33333333333,99358.0,59279.0,20942.33333333333,51202.0,11123.0,1.0632527618572971
46_0601,1997,1,patching,Partial depth patching of PCC pavements at joints,46_0601_19970808_4_1,99358.0,59279.0,94632.0,91391.0,-40079.0,-4726.0,-7967.0,-0.047565369673302604
46_0601,2000,1,patching,Partial depth patching of PCC pavements at joints,46_0601_20000820_5_1,91391.0,62468.6,69920.83333333333,78934.85714285714,-28922.4,-21470.16666666667,-12456.142857142855,-0.23492648802033758
46_0601,2001,1,patching,"AC Shoulder Restoration, Partial depth patching of PCC pavements at joints",46_0601_20010601_6_1,62468.6,69920.83333333333,78934.85714285714,51683.11111111111,7452.23333333333,16466.257142857146,-10785.488888888889,0.26359254317940767
46_0601,2002,1,patching,Partial depth patching of PCC pavements at joints,46_0601_20020601_7_1,69920.83333333333,78934.85714285714,51683.11111111111,86186.0,9014.023809523816,-18237.72222222222,16265.166666666672,-0.26083387958603976
46_0601,2003,2,asphalt_overlay,"AC Shoulder Restoration, Asphalt Concrete Overlay | Partial depth patching of PCC pavements at joints, Partial Depth Patching of PCC Pavement Other Than at Joint",46_0601_20030501_8_1 | 46_0601_20030901_9_1,78934.85714285714,51683.11111111111,86186.0,70152.5,-27251.746031746035,7251.142857142855,-8782.357142857145,0.09186236752186248
46_0601,2005,1,crack_sealing,"Crack Sealing, Lane-Shoulder Longitudinal Joint Sealing",46_0601_20050701_10_1,86186.0,70152.5,90700.0,77565.0,-16033.5,4514.0,-8621.0,0.052375095723203306
46_0601,2008,1,seal_coat,Aggregate Seal Coat,46_0601_20080601_11_1,77565.0,87025.33333333333,98917.0,94178.0,9460.333333333328,21352.0,16613.0,0.27527879842712566
46_0601,2011,1,asphalt_overlay,"AC Shoulder Restoration, Mill Off AC and Overlay with AC",46_0601_20110601_12_1,94178.0,43635.0,97586.0,78096.5,-50543.0,3408.0,-16081.5,0.036186795217566736
46_0601,2013,1,crack_sealing,Crack Sealing,46_0601_20130601_13_1,97586.0,78096.5,100743.0,101757.0,-19489.5,3157.0,4171.0,0.032350951980816924
46_0601,2019,1,patching,Strip Patching (using spreader and distributor to apply hot liquid asphalt and aggregate),46_0601_20190601_14_1,47961.0,48618.0,49410.0,49932.0,657.0,1449.0,1971.0,0.030212047288421844
46_0602,1992,2,crack_sealing,"Crack Sealing, AC Shoulder Restoration, Grinding Surface, Full Depth Transverse Joint Repair Patch, PCC Slab Replacement | Missing / not recorded",46_0602_19920101_1_1 | 46_0602_19920507_2_1,61797.0,36726.5,48384.0,48156.0,-25070.5,-13413.0,-13641.0,-0.21704937132870528
46_0602,1995,1,patching,Full Depth Transverse Joint Repair Patch,46_0602_19950901_3_1,48156.0,67205.33333333333,99358.0,69740.0,19049.33333333333,51202.0,21584.0,1.0632527618572971
46_0602,1998,1,patching,Partial depth patching of PCC pavements at joints,46_0602_19980601_4_1,69740.0,84844.75,91391.0,65596.0,15104.75,21651.0,-4144.0,0.3104531115572125
46_0602,2000,1,patching,"AC Shoulder Restoration, Partial depth patching of PCC pavements at joints, Partial Depth Patching of PCC Pavement Other Than at Joint",46_0602_20000601_5_1,91391.0,65596.0,69920.83333333333,78934.85714285714,-25795.0,-21470.16666666667,-12456.142857142855,-0.23492648802033758
46_0602,2001,1,patching,Partial depth patching of PCC pavements at joints,46_0602_20010601_6_1,65596.0,69920.83333333333,78934.85714285714,51683.11111111111,4324.8333333333285,13338.857142857145,-13912.88888888889,0.2033486362408858
46_0602,2002,1,patching,Partial depth patching of PCC pavements at joints,46_0602_20020601_7_1,69920.83333333333,78934.85714285714,51683.11111111111,86186.0,9014.023809523816,-18237.72222222222,16265.166666666672,-0.26083387958603976
46_0602,2003,2,asphalt_overlay,"AC Shoulder Restoration, Asphalt Concrete Overlay | Grinding Surface, Partial depth patching of PCC pavements at joints, Partial Depth Patching of PCC Pavement Other Than at Joint",46_0602_20030501_8_1 | 46_0602_20030901_9_1,78934.85714285714,51683.11111111111,86186.0,70152.5,-27251.746031746035,7251.142857142855,-8782.357142857145,0.09186236752186248
46_0602,2005,1,crack_sealing,"Crack Sealing, Lane-Shoulder Longitudinal Joint Sealing",46_0602_20050701_10_1,86186.0,70152.5,90700.0,77565.0,-16033.5,4514.0,-8621.0,0.052375095723203306
46_0602,2008,1,seal_coat,Aggregate Seal Coat,46_0602_20080601_11_1,77565.0,87025.33333333333,98917.0,94178.0,9460.333333333328,21352.0,16613.0,0.27527879842712566
46_0602,2011,1,asphalt_overlay,"AC Shoulder Restoration, Mill Off AC and Overlay with AC",46_0602_20110601_12_1,94178.0,43635.0,97586.0,78096.5,-50543.0,3408.0,-16081.5,0.036186795217566736
46_0602,2013,1,crack_sealing,Crack Sealing,46_0602_20130601_13_1,97586.0,78096.5,100743.0,101757.0,-19489.5,3157.0,4171.0,0.032350951980816924
46_0603,1992,2,asphalt_overlay,"AC Shoulder Restoration, Asphalt Concrete Overlay, Full Depth Transverse Joint Repair Patch, PCC Slab Replacement | Missing / not recorded",46_0603_19920101_1_1 | 46_0603_19920428_2_1,61797.0,37273.0,48384.0,48156.0,-24524.0,-13413.0,-13641.0,-0.21704937132870528
46_0603,1995,1,crack_sealing,"Sand Seal Coat, Saw and Seal",46_0603_19950626_3_1,48156.0,72490.33333333333,99358.0,69740.0,24334.33333333333,51202.0,21584.0,1.0632527618572971
46_0603,2004,1,seal_coat,Aggregate Seal Coat,46_0603_20040701_4_1,81821.0,75471.75,85563.0,90700.0,-6349.25,3742.0,8879.0,0.045733980274012785
46_0603,2005,1,patching,"Patch Pot Holes - Hand Spread, Compacted with Truck",46_0603_20050601_5_1,75471.75,85563.0,90700.0,77565.0,10091.25,15228.25,2093.25,0.20177417378025553
46_0603,2008,1,patching,"Patch Pot Holes - Hand Spread, Compacted with Truck",46_0603_20080601_6_1,77565.0,94016.66666666667,98917.0,94178.0,16451.66666666667,21352.0,16613.0,0.27527879842712566
46_0603,2011,1,asphalt_overlay,"AC Shoulder Restoration, Mill Off AC and Overlay with AC",46_0603_20110601_7_1,94178.0,41904.42857142857,97586.0,78096.5,-52273.57142857143,3408.0,-16081.5,0.036186795217566736
46_0603,2013,1,crack_sealing,Crack Sealing,46_0603_20130601_8_1,97586.0,78096.5,100743.0,101757.0,-19489.5,3157.0,4171.0,0.032350951980816924
46_0604,1992,2,crack_sealing,"AC Shoulder Restoration, Asphalt Concrete Overlay, Full Depth Transverse Joint Repair Patch, Saw and Seal, PCC Slab Replacement | Missing / not recorded",46_0604_19920101_1_1 | 46_0604_19920428_2_1,61797.0,37273.0,48384.0,48156.0,-24524.0,-13413.0,-13641.0,-0.21704937132870528
46_0604,1995,1,crack_sealing,"Sand Seal Coat, Saw and Seal",46_0604_19950626_3_1,48156.0,72490.33333333333,99358.0,69740.0,24334.33333333333,51202.0,21584.0,1.0632527618572971
46_0604,2004,1,crack_sealing,"Aggregate Seal Coat, Saw and Seal",46_0604_20040701_4_1,81821.0,75471.75,93281.0,90700.0,-6349.25,11460.0,8879.0,0.14006184231432028
46_0604,2011,1,asphalt_overlay,"AC Shoulder Restoration, Mill Off AC and Overlay with AC",46_0604_20110601_5_1,94178.0,42827.4,97586.0,78096.5,-51350.6,3408.0,-16081.5,0.036186795217566736
46_0604,2013,1,crack_sealing,Crack Sealing,46_0604_20130601_6_1,97586.0,78096.5,100743.0,101757.0,-19489.5,3157.0,4171.0,0.032350951980816924
46_0605,1992,3,crack_sealing,"AC Shoulder Restoration | Crack Sealing, Grinding Surface, Pressure Grout Subsealing, Longitudinal Subdrains, Full Depth Transverse Joint Repair Patch, Joint Load Transfer Restoration in PCC Pavements, PCC Slab Replacement | Missing / not recorded",46_0605_19920101_1_1 | 46_0605_19920501_2_1 | 46_0605_19920924_3_1,61797.0,28733.666666666668,43380.0,48156.0,-33063.33333333333,-18417.0,-13641.0,-0.29802417593087044
46_0605,1993,1,patching,Full Depth Transverse Joint Repair Patch,46_0605_19930601_4_1,28733.666666666668,43380.0,48156.0,86373.0,14646.333333333332,19422.333333333332,57639.33333333333,0.6759434345309219
46_0605,1998,1,patching,Partial depth patching of PCC pavements at joints,46_0605_19980601_5_1,69740.0,86802.2,91391.0,66586.33333333333,17062.199999999997,21651.0,-3153.6666666666715,0.3104531115572125
46_0605,2000,1,patching,"AC Shoulder Restoration, Partial depth patching of PCC pavements at joints, Partial Depth Patching of PCC Pavement Other Than at Joint",46_0605_20000601_6_1,91391.0,66586.33333333333,70660.57142857143,83893.0,-24804.66666666667,-20730.428571428565,-7498.0,-0.22683227638857836
46_0605,2001,1,patching,Partial depth patching of PCC pavements at joints,46_0605_20010601_7_1,66586.33333333333,70660.57142857143,83893.0,51278.375,4074.2380952381063,17306.66666666667,-15307.958333333328,0.25991319540045765
46_0605,2003,1,asphalt_overlay,"AC Shoulder Restoration, Asphalt Concrete Overlay",46_0605_20030901_8_1,83893.0,51278.375,86186.0,70152.5,-32614.625,2293.0,-13740.5,0.02733243536409474
46_0605,2005,1,crack_sealing,"Crack Sealing, Lane-Shoulder Longitudinal Joint Sealing",46_0605_20050701_9_1,86186.0,70152.5,90700.0,77565.0,-16033.5,4514.0,-8621.0,0.052375095723203306
46_0605,2008,1,seal_coat,Aggregate Seal Coat,46_0605_20080601_10_1,77565.0,87025.33333333333,98917.0,94178.0,9460.333333333328,21352.0,16613.0,0.27527879842712566
46_0605,2011,1,asphalt_overlay,"AC Shoulder Restoration, Mill Off AC and Overlay with AC",46_0605_20110601_11_1,94178.0,43635.0,97586.0,78096.5,-50543.0,3408.0,-16081.5,0.036186795217566736
46_0605,2013,1,crack_sealing,Crack Sealing,46_0605_20130601_12_1,97586.0,78096.5,100743.0,101757.0,-19489.5,3157.0,4171.0,0.032350951980816924
46_0606,1992,2,asphalt_overlay,"AC Shoulder Restoration, Pressure Grout Subsealing, Asphalt Concrete Overlay, Longitudinal Subdrains, Full Depth Transverse Joint Repair Patch, Joint Load Transfer Restoration in PCC Pavements, PCC Slab Replacement | Missing / not recorded",46_0606_19920101_1_1 | 46_0606_19920427_2_1,61797.0,37333.5,48384.0,48156.0,-24463.5,-13413.0,-13641.0,-0.21704937132870528
46_0606,1995,1,crack_sealing,"Sand Seal Coat, Saw and Seal",46_0606_19950626_3_1,48156.0,72490.33333333333,99358.0,69740.0,24334.33333333333,51202.0,21584.0,1.0632527618572971
46_0606,2004,1,seal_coat,Aggregate Seal Coat,46_0606_20040701_4_1,81821.0,75471.75,93281.0,90700.0,-6349.25,11460.0,8879.0,0.14006184231432028
46_0606,2011,1,asphalt_overlay,"AC Shoulder Restoration, Mill Off AC and Overlay with AC",46_0606_20110601_5_1,94178.0,42827.4,97586.0,78096.5,-51350.6,3408.0,-16081.5,0.036186795217566736
46_0606,2013,1,crack_sealing,Crack Sealing,46_0606_20130601_6_1,97586.0,78096.5,100743.0,101757.0,-19489.5,3157.0,4171.0,0.032350951980816924
46_0607,1992,4,reconstruction_or_major_rehab,"AC Shoulder Restoration, Asphalt Concrete Overlay | Fracture Treatment of PCC Pavement as Base for New AC Surface | Longitudinal Subdrains | Missing / not recorded",46_0607_19920101_1_1 | 46_0607_19920520_2_1 | 46_0607_19920728_3_1 | 46_0607_19920731_4_1,61797.0,27408.25,48384.0,48156.0,-34388.75,-13413.0,-13641.0,-0.21704937132870528
46_0607,1995,1,crack_sealing,"Sand Seal Coat, Saw and Seal",46_0607_19950626_5_1,48156.0,78043.4,99358.0,69740.0,29887.399999999994,51202.0,21584.0,1.0632527618572971
46_0607,2004,1,seal_coat,Aggregate Seal Coat,46_0607_20040701_6_1,81821.0,79043.16666666667,93281.0,90700.0,-2777.8333333333285,11460.0,8879.0,0.14006184231432028
46_0607,2008,1,patching,"Patch Pot Holes - Hand Spread, Compacted with Truck",46_0607_20080601_7_1,77565.0,95015.42857142857,98917.0,94178.0,17450.428571428565,21352.0,16613.0,0.27527879842712566
46_0607,2011,1,asphalt_overlay,"AC Shoulder Restoration, Mill Off AC and Overlay with AC",46_0607_20110601_8_1,94178.0,41616.0,97586.0,78096.5,-52562.0,3408.0,-16081.5,0.036186795217566736
46_0607,2013,1,crack_sealing,Crack Sealing,46_0607_20130601_9_1,97586.0,78096.5,100743.0,101757.0,-19489.5,3157.0,4171.0,0.032350951980816924
46_0608,1992,3,asphalt_overlay,"AC Shoulder Restoration, Asphalt Concrete Overlay | Fracture Treatment of PCC Pavement as Base for New AC Surface | Missing / not recorded",46_0608_19920101_1_1 | 46_0608_19920728_2_1 | 46_0608_19920731_3_1,61797.0,27398.0,48384.0,48156.0,-34399.0,-13413.0,-13641.0,-0.21704937132870528
46_0608,1995,1,seal_coat,Sand Seal Coat,46_0608_19950626_4_1,48156.0,75961.0,99358.0,69740.0,27805.0,51202.0,21584.0,1.0632527618572971
46_0608,2004,1,seal_coat,Aggregate Seal Coat,46_0608_20040701_5_1,81821.0,77614.6,86849.33333333333,90700.0,-4206.399999999994,5028.3333333333285,8879.0,0.061455290614063976
46_0608,2005,1,patching,Manual Premix Spot Patch (hand spreading and compacting with roller),46_0608_20050601_6_1,77614.6,86849.33333333333,90700.0,77565.0,9234.733333333323,13085.399999999994,-49.60000000000582,0.16859456854767008
46_0608,2008,1,patching,"Patch Pot Holes - Hand Spread, Compacted with Truck",46_0608_20080601_7_1,77565.0,95015.42857142857,98917.0,94178.0,17450.428571428565,21352.0,16613.0,0.27527879842712566
46_0608,2011,1,asphalt_overlay,"AC Shoulder Restoration, Mill Off AC and Overlay with AC",46_0608_20110601_8_1,94178.0,41616.0,97586.0,78096.5,-52562.0,3408.0,-16081.5,0.036186795217566736
46_0608,2013,1,crack_sealing,Crack Sealing,46_0608_20130601_9_1,97586.0,78096.5,100743.0,101757.0,-19489.5,3157.0,4171.0,0.032350951980816924
46_0660,1992,4,reconstruction_or_major_rehab,"AC Shoulder Restoration, Asphalt Concrete Overlay | Fracture Treatment of PCC Pavement as Base for New AC Surface | Longitudinal Subdrains | Missing / not recorded",46_0660_19920101_1_1 | 46_0660_19920520_2_1 | 46_0660_19920728_3_1 | 46_0660_19920731_4_1,61797.0,27408.25,48384.0,48156.0,-34388.75,-13413.0,-13641.0,-0.21704937132870528
46_0660,1995,1,seal_coat,Sand Seal Coat,46_0660_19950626_5_1,48156.0,78043.4,99358.0,69740.0,29887.399999999994,51202.0,21584.0,1.0632527618572971
46_0660,2004,1,seal_coat,Aggregate Seal Coat,46_0660_20040701_6_1,81821.0,79043.16666666667,93281.0,90700.0,-2777.8333333333285,11460.0,8879.0,0.14006184231432028
46_0660,2008,1,patching,"Patch Pot Holes - Hand Spread, Compacted with Truck",46_0660_20080601_7_1,77565.0,95015.42857142857,98917.0,94178.0,17450.428571428565,21352.0,16613.0,0.27527879842712566
46_0660,2011,1,asphalt_overlay,"AC Shoulder Restoration, Mill Off AC and Overlay with AC",46_0660_20110601_8_1,94178.0,41616.0,97586.0,78096.5,-52562.0,3408.0,-16081.5,0.036186795217566736
46_0660,2013,1,crack_sealing,Crack Sealing,46_0660_20130601_9_1,97586.0,78096.5,100743.0,101757.0,-19489.5,3157.0,4171.0,0.032350951980816924
46_0661,1992,2,asphalt_overlay,"AC Shoulder Restoration, Asphalt Concrete Overlay, Full Depth Transverse Joint Repair Patch, PCC Slab Replacement | Missing / not recorded",46_0661_19920101_1_1 | 46_0661_19920424_2_1,61797.0,37515.5,48384.0,48156.0,-24281.5,-13413.0,-13641.0,-0.21704937132870528
46_0661,1995,1,seal_coat,Sand Seal Coat,46_0661_19950626_3_1,48156.0,72490.33333333333,99358.0,69740.0,24334.33333333333,51202.0,21584.0,1.0632527618572971
46_0661,2004,1,seal_coat,Aggregate Seal Coat,46_0661_20040701_4_1,81821.0,75471.75,93281.0,90700.0,-6349.25,11460.0,8879.0,0.14006184231432028
46_0661,2011,1,asphalt_overlay,"AC Shoulder Restoration, Mill Off AC and Overlay with AC",46_0661_20110601_5_1,94178.0,42827.4,97586.0,78096.5,-51350.6,3408.0,-16081.5,0.036186795217566736
46_0661,2013,1,crack_sealing,Crack Sealing,46_0661_20130601_6_1,97586.0,78096.5,100743.0,101757.0,-19489.5,3157.0,4171.0,0.032350951980816924
46_0662,1992,3,asphalt_overlay,"AC Shoulder Restoration, Asphalt Concrete Overlay | Longitudinal Subdrains, Fracture Treatment of PCC Pavement as Base for New AC Surface | Missing / not recorded",46_0662_19920101_1_1 | 46_0662_19920520_2_1 | 46_0662_19920730_3_1,61797.0,30231.333333333332,48384.0,48156.0,-31565.666666666668,-13413.0,-13641.0,-0.21704937132870528
46_0662,1995,1,seal_coat,Sand Seal Coat,46_0662_19950626_4_1,48156.0,75961.0,99358.0,69740.0,27805.0,51202.0,21584.0,1.0632527618572971
46_0662,2004,1,seal_coat,Aggregate Seal Coat,46_0662_20040701_5_1,81821.0,77614.6,93281.0,90700.0,-4206.399999999994,11460.0,8879.0,0.14006184231432028
46_0662,2008,1,patching,"Patch Pot Holes - Hand Spread, Compacted with Truck",46_0662_20080601_6_1,77565.0,94016.66666666667,98917.0,94178.0,16451.66666666667,21352.0,16613.0,0.27527879842712566
46_0662,2011,1,asphalt_overlay,"AC Shoulder Restoration, Mill Off AC and Overlay with AC",46_0662_20110601_7_1,94178.0,41904.42857142857,97586.0,78096.5,-52273.57142857143,3408.0,-16081.5,0.036186795217566736
46_0662,2013,1,crack_sealing,Crack Sealing,46_0662_20130601_8_1,97586.0,78096.5,100743.0,101757.0,-19489.5,3157.0,4171.0,0.032350951980816924
46_0803,2014,1,asphalt_overlay,Asphalt Concrete Overlay,46_0803_20140601_2_1,3258.0,1769.5,3881.0,4599.0,-1488.5,623.0,1341.0,0.19122160834868018
46_0804,2014,1,asphalt_overlay,Asphalt Concrete Overlay,46_0804_20140601_2_1,3258.0,1769.5,3881.0,4599.0,-1488.5,623.0,1341.0,0.19122160834868018
46_0859,1995,1,crack_sealing,Crack Sealing,46_0859_19950628_2_1,314.0,855.0,1272.0,544.0,541.0,958.0,230.0,3.050955414012739
46_0859,1997,1,patching,Strip Patching (using spreader and distributor to apply hot liquid asphalt and aggregate),46_0859_19970601_3_1,1272.0,544.0,1251.0,1251.0,-728.0,-21.0,-21.0,-0.01650943396226415
46_0859,2005,1,patching,Skin Patching (hand tools/hot pot to apply liquid asphalt and aggregate),46_0859_20050901_4_1,1667.0,1353.75,1934.0,2147.0,-313.25,267.0,480.0,0.16016796640671865
46_0859,2014,1,asphalt_overlay,Asphalt Concrete Overlay,46_0859_20140601_5_1,3258.0,1589.8,3881.0,4599.0,-1668.2,623.0,1341.0,0.19122160834868018
46_3009,1987,1,unknown,Missing / not recorded,46_3009_19870101_1_1,151848.0,176941.0,173554.0,210853.0,25093.0,21706.0,59005.0,0.14294557715610348
46_3009,1990,1,crack_sealing,Transverse Joint Sealing,46_3009_19900922_2_1,210853.0,162210.5,172285.0,213460.0,-48642.5,-38568.0,2607.0,-0.18291416294764598
46_3009,1997,1,grinding,Grinding Surface,46_3009_19970601_3_1,247729.0,219794.0,242609.0,258152.0,-27935.0,-5120.0,10423.0,-0.0206677458028733
46_3010,1987,1,unknown,Missing / not recorded,46_3010_19870101_1_1,102219.0,130066.0,149781.0,119067.0,27847.0,47562.0,16848.0,0.4652951016934229
46_3010,1999,1,grinding,Grinding Surface,46_3010_19990601_2_1,188213.0,140793.0,188189.0,200473.0,-47420.0,-24.0,12260.0,-0.00012751510256996064
46_3012,1987,1,unknown,Missing / not recorded,46_3012_19870101_1_1,297467.0,267878.0,237844.0,183915.5,-29589.0,-59623.0,-113551.5,-0.20043567857947267
46_3012,1989,1,crack_sealing,Transverse Joint Sealing,46_3012_19890712_2_1,237844.0,183915.5,247230.0,242649.0,-53928.5,9386.0,4805.0,0.03946284119002371
46_3012,1997,1,crack_sealing,"Grinding Surface, Transverse Joint Sealing, Full Depth Transverse Joint Repair Patch",46_3012_19970601_3_1,232477.0,233064.66666666666,161120.0,237505.0,587.666666666657,-71357.0,5028.0,-0.30694219213083446
46_3012,1999,1,grinding,"AC Shoulder Restoration, Grinding Surface, Grooving Surface",46_3012_19990901_4_1,161120.0,237505.0,293776.0,277850.0,76385.0,132656.0,116730.0,0.8233366434955313
46_3012,2013,1,grinding,Grinding Surface,46_3012_20130601_5_1,349483.0,323848.0,358042.0,362583.0,-25635.0,8559.0,13100.0,0.024490461624742835
46_3013,1987,1,unknown,Missing / not recorded,46_3013_19870101_1_1,134689.0,119427.0,65763.0,132261.0,-15262.0,-68926.0,-2428.0,-0.5117418645917633
46_3013,1988,1,crack_sealing,Transverse Joint Sealing,46_3013_19880929_2_1,119427.0,65763.0,132261.0,109055.0,-53664.0,12834.0,-10372.0,0.10746313647667613
46_3013,2016,2,asphalt_overlay,Asphalt Concrete Overlay,46_3013_20160601_3_1 | 46_3013_20160815_4_1,197392.0,154429.5,109610.0,,-42962.5,-87782.0,,-0.44470900543081787
46_3052,2009,1,crack_sealing,Transverse Joint Sealing,46_3052_20090701_2_1,40392.0,35502.0,43974.0,44753.0,-4890.0,3582.0,4361.0,0.08868092691622104
46_3052,2013,1,crack_sealing,"Transverse Joint Sealing, Lane-Shoulder Longitudinal Joint Sealing",46_3052_20130601_3_1,45764.0,39681.666666666664,46492.0,46882.0,-6082.333333333336,728.0,1118.0,0.01590770037584127
46_3052,2016,1,patching,Partial depth patching of PCC pavements at joints,46_3052_20160601_4_1,46882.0,42513.5,43294.0,27791.0,-4368.5,-3588.0,-19091.0,-0.07653257113604368
46_3053,1987,1,unknown,Missing / not recorded,46_3053_19870101_1_1,45644.0,39458.0,33468.0,25579.0,-6186.0,-12176.0,-20065.0,-0.266760143720971
46_5020,1987,1,unknown,Missing / not recorded,46_5020_19870101_1_1,151103.0,131238.0,112071.0,152267.0,-19865.0,-39032.0,1164.0,-0.2583138653765974
46_5020,1991,1,shoulder_restoration,AC Shoulder Replacement,46_5020_19910722_2_1,173852.0,116542.5,173161.0,135249.0,-57309.5,-691.0,-38603.0,-0.003974645100430251
46_5025,1987,1,unknown,Missing / not recorded,46_5025_19870101_1_1,206974.0,188553.0,170047.0,219339.0,-18421.0,-36927.0,12365.0,-0.17841371379980095
46_5040,1987,1,unknown,Missing / not recorded,46_5040_19870101_1_1,327854.0,284309.0,242482.0,260281.0,-43545.0,-85372.0,-67573.0,-0.26039639595673686
46_6600,1987,1,unknown,Missing / not recorded,46_6600_19870101_1_1,79606.0,76096.0,73322.0,93254.0,-3510.0,-6284.0,13648.0,-0.07893877345928699
46_6600,1992,1,patching,"AC Shoulder Restoration, Full Depth Transverse Joint Repair Patch",46_6600_19921027_2_1,99294.0,58113.5,90384.0,100132.0,-41180.5,-8910.0,838.0,-0.08973351864160976
46_6600,1998,1,patching,Partial depth patching of PCC pavements at joints,46_6600_19980901_3_1,117098.0,111756.66666666667,163714.0,145357.5,-5341.3333333333285,46616.0,28259.5,0.39809390425114005
46_6600,2000,1,patching,"Partial depth patching of PCC pavements at joints, PCC Slab Replacement",46_6600_20000901_4_1,163714.0,145357.5,177190.0,171002.0,-18356.5,13476.0,7288.0,0.08231427978059298
46_6600,2003,1,patching,Partial depth patching of PCC pavements at joints,46_6600_20030601_5_1,171002.0,147460.6,151185.0,159975.0,-23541.399999999994,-19817.0,-11027.0,-0.11588753347914059
46_7049,1988,1,unknown,Missing / not recorded,46_7049_19880701_1_1,72151.0,66862.0,51267.0,69993.0,-5289.0,-20884.0,-2158.0,-0.2894485176920625
46_7049,1989,1,seal_coat,Aggregate Seal Coat,46_7049_19890627_2_1,66862.0,51267.0,69993.0,80601.0,-15595.0,3131.0,13739.0,0.04682779456193353
46_7049,1995,1,seal_coat,Aggregate Seal Coat,46_7049_19950616_3_1,52335.0,57459.0,56953.5,66762.2,5124.0,4618.5,14427.199999999997,0.0882487818859272
46_7049,1996,1,crack_sealing,Crack Sealing,46_7049_19961003_4_1,57459.0,56953.5,66762.2,79891.0,-505.5,9303.199999999997,22432.0,0.16191023164343266
46_7049,1997,1,seal_coat,Aggregate Seal Coat,46_7049_19970826_5_1,56953.5,66762.2,79891.0,83866.0,9808.699999999997,22937.5,26912.5,0.4027408324334764
46_9106,1989,1,unknown,Missing / not recorded,46_9106_19890614_1_1,15282.0,9289.0,27647.0,29994.0,-5993.0,12365.0,14712.0,0.8091218426907473
46_9106,1991,1,crack_sealing,Crack Sealing,46_9106_19910521_2_1,27647.0,29994.0,16382.333333333334,26413.0,2347.0,-11264.666666666666,-1234.0,-0.4074462569778517
46_9106,1992,1,seal_coat,Aggregate Seal Coat,46_9106_19920807_3_1,29994.0,16382.333333333334,26413.0,31921.0,-13611.666666666666,-3581.0,1927.0,-0.11939054477562179
46_9106,2009,1,seal_coat,Aggregate Seal Coat,46_9106_20090601_4_1,8498.0,17190.0,24108.0,24108.0,8692.0,15610.0,15610.0,1.8369028006589785
46_9106,2013,1,patching,Strip Patching (using spreader and distributor to apply hot liquid asphalt and aggregate),46_9106_20130601_5_1,24174.0,22113.2,24108.0,25598.0,-2060.7999999999993,-66.0,1424.0,-0.002730206006453214
46_9187,1991,1,crack_sealing,Crack Sealing,46_9187_19910613_2_1,14485.0,12801.5,11084.0,16482.0,-1683.5,-3401.0,1997.0,-0.23479461511908872
46_9187,1992,1,seal_coat,Aggregate Seal Coat,46_9187_19920731_3_1,12801.5,11084.0,16482.0,25378.0,-1717.5,3680.5,12576.5,0.2875053704643987
46_9197,1987,1,unknown,Missing / not recorded,46_9197_19870101_1_1,15470.0,18133.0,20000.0,27326.0,2663.0,4530.0,11856.0,0.29282482223658696
46_9197,1989,1,asphalt_overlay,Asphalt Concrete Overlay,46_9197_19890601_2_1,20000.0,27326.0,44053.0,34380.0,7326.0,24053.0,14380.0,1.20265
46_9197,1991,1,crack_sealing,Crack Sealing,46_9197_19911022_3_1,44053.0,34380.0,45592.0,49902.0,-9673.0,1539.0,5849.0,0.03493519170090573
46_9197,1995,1,seal_coat,Aggregate Seal Coat,46_9197_19950821_4_1,35017.0,31076.666666666668,39539.0,39033.0,-3940.333333333332,4522.0,4016.0,0.12913727618014106
46_9197,2000,1,asphalt_overlay,"Asphalt Concrete Overlay, Aggregate Seal Coat",46_9197_20000701_5_1,29998.0,12813.5,28981.0,26589.0,-17184.5,-1017.0,-3409.0,-0.03390226015067671
46_9197,2003,1,crack_sealing,Crack Sealing,46_9197_20030901_6_1,26589.0,21640.0,31458.0,30974.0,-4949.0,4869.0,4385.0,0.18312083944488322
46_9197,2013,1,seal_coat,Aggregate Seal Coat,46_9197_20130601_7_1,39539.0,35711.666666666664,41474.0,41872.0,-3827.3333333333358,1935.0,2333.0,0.04893902223121475
46_A410,1987,1,unknown,Missing / not recorded,46_A410_19870101_1_1,79606.0,76096.0,73322.0,93254.0,-3510.0,-6284.0,13648.0,-0.07893877345928699
46_A410,1992,1,shoulder_restoration,AC Shoulder Restoration,46_A410_19921027_2_1,99294.0,58113.5,90384.0,100132.0,-41180.5,-8910.0,838.0,-0.08973351864160976
46_A411,1987,1,unknown,Missing / not recorded,46_A411_19870101_1_1,79606.0,76096.0,73322.0,93254.0,-3510.0,-6284.0,13648.0,-0.07893877345928699
46_A411,1991,1,patching,Full Depth Transverse Joint Repair Patch,46_A411_19910901_2_1,108586.0,66241.5,71565.66666666667,90384.0,-42344.5,-37020.33333333333,-18202.0,-0.3409309978573051
46_A411,1992,1,shoulder_restoration,AC Shoulder Restoration,46_A411_19921027_3_1,66241.5,71565.66666666667,90384.0,100132.0,5324.1666666666715,24142.5,33890.5,0.36446185548334503
46_A411,1998,1,patching,Partial depth patching of PCC pavements at joints,46_A411_19980901_4_1,117098.0,119725.25,163714.0,151171.8,2627.25,46616.0,34073.79999999999,0.39809390425114005
46_A411,2000,1,patching,Full Depth Transverse Joint Repair Patch,46_A411_20000901_5_1,163714.0,151171.8,177190.0,171002.0,-12542.200000000012,13476.0,7288.0,0.08231427978059298
46_A411,2003,1,patching,"Full Depth Transverse Joint Repair Patch, Partial depth patching of PCC pavements at joints, PCC Slab Replacement",46_A411_20030501_6_1,171002.0,151953.16666666666,151185.0,159975.0,-19048.833333333343,-19817.0,-11027.0,-0.11588753347914059
46_A412,1987,1,unknown,Missing / not recorded,46_A412_19870101_1_1,79606.0,76096.0,73322.0,93254.0,-3510.0,-6284.0,13648.0,-0.07893877345928699
46_A412,1991,1,reconstruction_or_major_rehab,Joint Load Transfer Restoration in PCC Pavements,46_A412_19910901_2_1,108586.0,66241.5,71565.66666666667,90384.0,-42344.5,-37020.33333333333,-18202.0,-0.3409309978573051
46_A412,1992,1,shoulder_restoration,AC Shoulder Restoration,46_A412_19921027_3_1,66241.5,71565.66666666667,90384.0,100132.0,5324.1666666666715,24142.5,33890.5,0.36446185548334503
46_A412,1998,1,patching,Partial depth patching of PCC pavements at joints,46_A412_19980901_4_1,117098.0,119725.25,163714.0,151171.8,2627.25,46616.0,34073.79999999999,0.39809390425114005
46_A412,2000,1,patching,"Full Depth Transverse Joint Repair Patch, Partial depth patching of PCC pavements at joints",46_A412_20000901_5_1,163714.0,151171.8,177190.0,171002.0,-12542.200000000012,13476.0,7288.0,0.08231427978059298
46_A412,2003,1,patching,"Full Depth Transverse Joint Repair Patch, Partial depth patching of PCC pavements at joints",46_A412_20030501_6_1,171002.0,151953.16666666666,151185.0,159975.0,-19048.833333333343,-19817.0,-11027.0,-0.11588753347914059
46_A420,1987,1,unknown,Missing / not recorded,46_A420_19870101_1_1,79606.0,76096.0,73322.0,93254.0,-3510.0,-6284.0,13648.0,-0.07893877345928699
46_A420,1991,1,patching,Full Depth Transverse Joint Repair Patch,46_A420_19910901_2_1,108586.0,66241.5,71565.66666666667,90384.0,-42344.5,-37020.33333333333,-18202.0,-0.3409309978573051
46_A420,1992,1,shoulder_restoration,AC Shoulder Restoration,46_A420_19921027_3_1,66241.5,71565.66666666667,90384.0,100132.0,5324.1666666666715,24142.5,33890.5,0.36446185548334503
46_A420,1998,1,crack_sealing,Transverse Joint Sealing,46_A420_19980901_4_1,117098.0,119725.25,163714.0,151171.8,2627.25,46616.0,34073.79999999999,0.39809390425114005
46_A420,2000,1,patching,Partial depth patching of PCC pavements at joints,46_A420_20000901_5_1,163714.0,151171.8,177190.0,152027.83333333334,-12542.200000000012,13476.0,-11686.166666666657,0.08231427978059298
46_A420,2002,1,patching,"Full Depth Transverse Joint Repair Patch, Partial depth patching of PCC pavements at joints",46_A420_20020901_6_1,177190.0,152027.83333333334,160762.0,151185.0,-25162.166666666657,-16428.0,-26005.0,-0.09271403578080027
46_A421,1987,1,unknown,Missing / not recorded,46_A421_19870101_1_1,79606.0,76096.0,73322.0,93254.0,-3510.0,-6284.0,13648.0,-0.07893877345928699
46_A421,1991,1,patching,Full Depth Transverse Joint Repair Patch,46_A421_19910901_2_1,108586.0,66241.5,71565.66666666667,90384.0,-42344.5,-37020.33333333333,-18202.0,-0.3409309978573051
46_A421,1992,1,shoulder_restoration,AC Shoulder Restoration,46_A421_19921027_3_1,66241.5,71565.66666666667,90384.0,100132.0,5324.1666666666715,24142.5,33890.5,0.36446185548334503
46_A421,2000,1,patching,"Full Depth Transverse Joint Repair Patch, Partial depth patching of PCC pavements at joints, PCC Slab Replacement",46_A421_20000901_4_1,163714.0,145357.5,177190.0,171002.0,-18356.5,13476.0,7288.0,0.08231427978059298
46_A421,2003,1,patching,"Full Depth Transverse Joint Repair Patch, Partial depth patching of PCC pavements at joints",46_A421_20030501_5_1,171002.0,150191.4,151185.0,159975.0,-20810.600000000006,-19817.0,-11027.0,-0.11588753347914059
46_A422,1987,1,unknown,Missing / not recorded,46_A422_19870101_1_1,79606.0,76096.0,73322.0,93254.0,-3510.0,-6284.0,13648.0,-0.07893877345928699
46_A422,1991,1,reconstruction_or_major_rehab,Joint Load Transfer Restoration in PCC Pavements,46_A422_19910901_2_1,108586.0,66241.5,71565.66666666667,90384.0,-42344.5,-37020.33333333333,-18202.0,-0.3409309978573051
46_A422,1992,1,shoulder_restoration,AC Shoulder Restoration,46_A422_19921027_3_1,66241.5,71565.66666666667,90384.0,100132.0,5324.1666666666715,24142.5,33890.5,0.36446185548334503
46_A422,1998,1,patching,Partial depth patching of PCC pavements at joints,46_A422_19980901_4_1,117098.0,119725.25,163714.0,151171.8,2627.25,46616.0,34073.79999999999,0.39809390425114005
46_A422,2000,1,patching,"Full Depth Transverse Joint Repair Patch, PCC Slab Replacement",46_A422_20000901_5_1,163714.0,151171.8,177190.0,171002.0,-12542.200000000012,13476.0,7288.0,0.08231427978059298
46_A422,2003,1,patching,Partial depth patching of PCC pavements at joints,46_A422_20030501_6_1,171002.0,151953.16666666666,151185.0,159975.0,-19048.833333333343,-19817.0,-11027.0,-0.11588753347914059
46_A423,1987,1,unknown,Missing / not recorded,46_A423_19870101_1_1,79606.0,76096.0,73322.0,93254.0,-3510.0,-6284.0,13648.0,-0.07893877345928699
46_A423,1991,1,reconstruction_or_major_rehab,PCC Slab Replacement,46_A423_19910901_2_1,108586.0,66241.5,71565.66666666667,90384.0,-42344.5,-37020.33333333333,-18202.0,-0.3409309978573051
46_A423,1992,1,shoulder_restoration,AC Shoulder Restoration,46_A423_19921027_3_1,66241.5,71565.66666666667,90384.0,100132.0,5324.1666666666715,24142.5,33890.5,0.36446185548334503
46_A423,2003,1,patching,Partial depth patching of PCC pavements at joints,46_A423_20030501_4_1,171002.0,147548.75,151185.0,159975.0,-23453.25,-19817.0,-11027.0,-0.11588753347914059
46_A430,1987,1,unknown,Missing / not recorded,46_A430_19870101_1_1,79606.0,76096.0,73322.0,93254.0,-3510.0,-6284.0,13648.0,-0.07893877345928699
46_A430,1991,1,patching,Full Depth Transverse Joint Repair Patch,46_A430_19910901_2_1,108586.0,66241.5,71565.66666666667,90384.0,-42344.5,-37020.33333333333,-18202.0,-0.3409309978573051
46_A430,1992,1,shoulder_restoration,AC Shoulder Restoration,46_A430_19921027_3_1,66241.5,71565.66666666667,90384.0,100132.0,5324.1666666666715,24142.5,33890.5,0.36446185548334503
46_A430,1999,1,patching,Full Depth Transverse Joint Repair Patch,46_A430_19990901_4_1,143631.0,136465.75,174429.0,177190.0,-7165.25,30798.0,33559.0,0.21442446268563192
46_A430,2003,1,patching,Full Depth Transverse Joint Repair Patch,46_A430_20030501_5_1,171002.0,150191.4,151185.0,159975.0,-20810.600000000006,-19817.0,-11027.0,-0.11588753347914059
47_0601,1987,1,unknown,Missing / not recorded,47_0601_19870101_1_1,816889.0,825919.0,835905.0,843065.0,9030.0,19016.0,26176.0,0.023278560489858477
47_0601,1996,1,crack_sealing,"AC Shoulder Replacement, Transverse Joint Sealing, PCC Slab Replacement",47_0601_19960312_2_1,886092.0,827122.5,939993.0,968389.0,-58969.5,53901.0,82297.0,0.0608300266789453
47_0601,2002,1,patching,"Partial Depth Patching of PCC Pavement Other Than at Joint, PCC Slab Replacement",47_0601_20020515_3_1,1094123.0,859903.0,902630.0,386720.0,-234220.0,-191493.0,-707403.0,-0.17501962759214457
47_0601,2003,1,patching,"Partial Depth Patching of PCC Pavement Other Than at Joint, PCC Slab Replacement",47_0601_20031015_4_1,859903.0,902630.0,386720.0,,42727.0,-473183.0,,-0.5502748565826611
47_0602,1987,1,unknown,Missing / not recorded,47_0602_19870101_1_1,816889.0,825919.0,835905.0,843065.0,9030.0,19016.0,26176.0,0.023278560489858477
47_0602,1996,1,crack_sealing,"AC Shoulder Replacement, Grinding Surface, Transverse Joint Sealing, Full Depth Transverse Joint Repair Patch, PCC Slab Replacement",47_0602_19960312_2_1,886092.0,827122.5,939993.0,968389.0,-58969.5,53901.0,82297.0,0.0608300266789453
47_0602,1999,1,reconstruction_or_major_rehab,PCC Slab Replacement,47_0602_19990701_3_1,968389.0,811156.6666666666,833317.3333333334,760699.0,-157232.33333333337,-135071.66666666663,-207690.0,-0.1394807940472957
47_0602,2001,1,patching,Partial Depth Patching of PCC Pavement Other Than at Joint,47_0602_20010815_4_1,833317.3333333334,760699.0,799479.8,861980.3333333334,-72618.33333333337,-33837.533333333326,28663.0,-0.04060581963173692
47_0602,2002,1,patching,"Partial Depth Patching of PCC Pavement Other Than at Joint, PCC Slab Replacement",47_0602_20020515_5_1,760699.0,799479.8,861980.3333333334,395447.3333333333,38780.80000000005,101281.33333333337,-365251.6666666667,0.13314245625843255
47_0602,2003,1,patching,Partial Depth Patching of PCC Pavement Other Than at Joint,47_0602_20031015_6_1,799479.8,861980.3333333334,395447.3333333333,,62500.533333333326,-404032.46666666673,,-0.5053691996554093
47_0603,1987,1,unknown,Missing / not recorded,47_0603_19870101_1_1,816889.0,825919.0,835905.0,843065.0,9030.0,19016.0,26176.0,0.023278560489858477
47_0603,1996,1,asphalt_overlay,"AC Shoulder Replacement, Grinding Surface, Asphalt Concrete Overlay, Longitudinal Subdrains",47_0603_19960420_2_1,886092.0,778321.0,939993.0,968389.0,-107771.0,53901.0,82297.0,0.0608300266789453
47_0604,1987,1,unknown,Missing / not recorded,47_0604_19870101_1_1,816889.0,825919.0,835905.0,843065.0,9030.0,19016.0,26176.0,0.023278560489858477
47_0604,1996,1,crack_sealing,"AC Shoulder Replacement, Grinding Surface, Asphalt Concrete Overlay, Full Depth Transverse Joint Repair Patch, Saw and Seal",47_0604_19960420_2_1,886092.0,778321.0,939993.0,968389.0,-107771.0,53901.0,82297.0,0.0608300266789453
47_0605,1987,1,unknown,Missing / not recorded,47_0605_19870101_1_1,816889.0,825919.0,835905.0,843065.0,9030.0,19016.0,26176.0,0.023278560489858477
47_0605,1996,2,crack_sealing,"AC Shoulder Replacement, Grinding Surface, Transverse Joint Sealing, Longitudinal Subdrains | Full Depth Transverse Joint Repair Patch, PCC Slab Replacement",47_0605_19960311_2_1 | 47_0605_19960421_3_1,886092.0,764973.3333333334,939993.0,968389.0,-121118.66666666663,53901.0,82297.0,0.0608300266789453
47_0605,1999,1,patching,Full Depth Patching of PCC Pavement Other Than at Joint,47_0605_19990915_4_1,968389.0,822154.0,954418.4,1027176.6666666666,-146235.0,-13970.599999999977,58787.66666666663,-0.014426640533917647
47_0605,2000,1,patching,"Partial Depth Patching of PCC Pavement Other Than at Joint, PCC Slab Replacement",47_0605_20000515_5_1,822154.0,954418.4,1027176.6666666666,928419.0,132264.40000000002,205022.66666666663,106265.0,0.24937258307648766
47_0605,2001,1,patching,Partial Depth Patching of PCC Pavement Other Than at Joint,47_0605_20010515_6_1,954418.4,1027176.6666666666,928419.0,1013054.0,72758.2666666666,-25999.400000000023,58635.59999999998,-0.02724109258580935
47_0605,2002,1,reconstruction_or_major_rehab,PCC Slab Replacement,47_0605_20020515_7_1,1027176.6666666666,928419.0,1013054.0,386720.0,-98757.66666666663,-14122.666666666628,-640456.6666666666,-0.01374901428835672
47_0605,2003,1,patching,Partial Depth Patching of PCC Pavement Other Than at Joint,47_0605_20031015_8_1,928419.0,1013054.0,386720.0,,84635.0,-541699.0,,-0.5834639316946336
47_0606,1987,1,unknown,Missing / not recorded,47_0606_19870101_1_1,816889.0,825919.0,835905.0,843065.0,9030.0,19016.0,26176.0,0.023278560489858477
47_0606,1994,1,patching,Partial Depth Patching of PCC Pavement Other Than at Joint,47_0606_19940615_2_1,835262.0,666413.5,886092.0,800844.75,-168848.5,50830.0,-34417.25,0.06085515682504412
47_0606,1996,2,asphalt_overlay,"AC Shoulder Replacement, Asphalt Concrete Overlay, Longitudinal Subdrains, Full Depth Transverse Joint Repair Patch, PCC Slab Replacement | Grinding Surface",47_0606_19960315_3_1 | 47_0606_19960420_4_1,886092.0,800844.75,939993.0,968389.0,-85247.25,53901.0,82297.0,0.0608300266789453
47_0607,1987,1,unknown,Missing / not recorded,47_0607_19870101_1_1,816889.0,825919.0,835905.0,843065.0,9030.0,19016.0,26176.0,0.023278560489858477
47_0607,1996,1,asphalt_overlay,"AC Shoulder Replacement, Asphalt Concrete Overlay, Longitudinal Subdrains, Full Depth Transverse Joint Repair Patch, Fracture Treatment of PCC Pavement as Base for New AC Surface, PCC Slab Replacement",47_0607_19960420_2_1,886092.0,778321.0,798350.3333333334,968389.0,-107771.0,-87741.66666666663,82297.0,-0.09902094440155947
47_0607,1997,1,patching,Manual Premix Spot Patch (hand spreading and compacting with roller),47_0607_19970615_3_1,778321.0,798350.3333333334,968389.0,801651.5,20029.333333333372,190068.0,23330.5,0.24420258479470552
47_0607,1999,1,patching,Manual Premix Spot Patch (hand spreading and compacting with roller),47_0607_19991015_4_1,968389.0,801651.5,1030434.0,885490.2,-166737.5,62045.0,-82898.80000000005,0.06407032711028317
47_0607,2001,1,patching,Manual Premix Spot Patch (hand spreading and compacting with roller),47_0607_20011215_5_1,1030434.0,885490.2,324813.0,,-144943.80000000005,-705621.0,,-0.6847803935040964
47_0608,1987,1,unknown,Missing / not recorded,47_0608_19870101_1_1,816889.0,825919.0,835905.0,843065.0,9030.0,19016.0,26176.0,0.023278560489858477
47_0608,1996,1,asphalt_overlay,"AC Shoulder Replacement, Asphalt Concrete Overlay, Longitudinal Subdrains, Full Depth Transverse Joint Repair Patch, Fracture Treatment of PCC Pavement as Base for New AC Surface, PCC Slab Replacement",47_0608_19960420_2_1,886092.0,778321.0,939993.0,968389.0,-107771.0,53901.0,82297.0,0.0608300266789453
47_0661,1987,1,unknown,Missing / not recorded,47_0661_19870101_1_1,816889.0,825919.0,835905.0,843065.0,9030.0,19016.0,26176.0,0.023278560489858477
47_0661,1996,1,asphalt_overlay,"AC Shoulder Replacement, Asphalt Concrete Overlay, Longitudinal Subdrains",47_0661_19960420_2_1,886092.0,778321.0,939993.0,968389.0,-107771.0,53901.0,82297.0,0.0608300266789453
47_0662,1987,1,unknown,Missing / not recorded,47_0662_19870101_1_1,816889.0,825919.0,835905.0,843065.0,9030.0,19016.0,26176.0,0.023278560489858477
47_0662,1996,1,asphalt_overlay,"AC Shoulder Replacement, Asphalt Concrete Overlay, Longitudinal Subdrains",47_0662_19960420_2_1,886092.0,778321.0,939993.0,968389.0,-107771.0,53901.0,82297.0,0.0608300266789453
47_1023,1987,1,unknown,Missing / not recorded,47_1023_19870101_1_1,1165756.0,1291751.0,1305796.0,1283776.0,125995.0,140040.0,118020.0,0.12012805424119627
47_1023,1990,1,patching,"Full Depth Patch of AC Pavement (removing damaged material, repairing supporting material, and repairing)",47_1023_19900608_2_1,1283776.0,1109868.0,1233261.0,822838.0,-173908.0,-50515.0,-460938.0,-0.03934876489356399
47_1023,1994,1,asphalt_overlay,Asphalt Concrete Overlay,47_1023_19940825_3_1,992051.0,573865.0,863378.0,1161279.0,-418186.0,-128673.0,169228.0,-0.129704017232985
47_1023,2001,1,crack_sealing,Crack Sealing,47_1023_20010915_4_1,973537.0,817287.5,1042569.0,1368453.0,-156249.5,69032.0,394916.0,0.0709084503208404
47_1023,2004,1,patching,"Patch Pot Holes - Hand Spread, Compacted with Truck",47_1023_20040515_5_1,1368453.0,1239377.6666666667,779565.0,,-129075.33333333326,-588888.0,,-0.43033118419119987
47_1028,1987,1,unknown,Missing / not recorded,47_1028_19870101_1_1,81234.0,94367.0,99843.0,84016.0,13133.0,18609.0,2782.0,0.22907895708693404
47_1028,1999,1,asphalt_overlay,Asphalt Concrete Overlay,47_1028_19990815_2_1,121078.0,74909.0,138608.0,80716.0,-46169.0,17530.0,-40362.0,0.1447827020598292
47_1029,1987,1,unknown,Missing / not recorded,47_1029_19870101_1_1,29533.0,32992.0,26484.0,26692.0,3459.0,-3049.0,-2841.0,-0.10324044289438933
47_1029,1998,1,asphalt_overlay,"Asphalt Concrete Overlay, Mill Existing Pavement and Overlay with Hot-Mix Recycled AC",47_1029_19980612_2_1,90516.0,49031.5,91902.0,74690.0,-41484.5,1386.0,-15826.0,0.015312209996022803
47_1029,2014,1,asphalt_overlay,Mill Existing Pavement and Overlay with Hot-Mix Recycled AC,47_1029_20140901_3_1,268521.0,194792.0,317501.0,345387.0,-73729.0,48980.0,76866.0,0.18240659017358046
47_2001,1987,1,unknown,Missing / not recorded,47_2001_19870101_1_1,343163.0,330016.0,466784.0,461049.0,-13147.0,123621.0,117886.0,0.360239886001696
47_2001,1991,1,asphalt_overlay,Asphalt Concrete Overlay,47_2001_19911016_2_1,451350.0,225068.0,579288.0,259232.0,-226282.0,127938.0,-192118.0,0.28345629777334663
47_2001,2000,2,asphalt_overlay,"Asphalt Concrete Overlay | Full Depth Patch of AC Pavement (removing damaged material, repairing supporting material, and repairing)",47_2001_20000515_3_1 | 47_2001_20000915_4_1,444121.0,249475.66666666666,462153.0,474780.0,-194645.33333333334,18032.0,30659.0,0.04060154777639427
47_2001,2011,1,patching,"Patch Pot Holes - Hand Spread, Compacted with Truck",47_2001_20110101_5_1,589848.0,460711.0,475088.0,486354.0,-129137.0,-114760.0,-103494.0,-0.19455859814731932
47_2001,2014,1,asphalt_overlay,Mill Existing Pavement and Overlay with Hot-Mix Recycled AC,47_2001_20141015_6_1,486354.0,316851.6666666667,267136.0,272249.0,-169502.3333333333,-219218.0,-214105.0,-0.4507375286314084
47_2008,1987,1,unknown,Missing / not recorded,47_2008_19870101_1_1,92365.0,98158.0,95126.0,59087.5,5793.0,2761.0,-33277.5,0.029892275212472258
47_2008,1989,1,asphalt_overlay,"Asphalt Concrete Overlay, Manual Premix Spot Patch (hand spreading and compacting with roller)",47_2008_19891101_2_1,95126.0,59087.5,123670.0,131210.0,-36038.5,28544.0,36084.0,0.3000651767129912
47_2008,2001,1,asphalt_overlay,Asphalt Concrete Overlay,47_2008_20010615_3_1,157247.0,75898.0,90978.0,162128.0,-81349.0,-66269.0,4881.0,-0.42143252335497655
47_3075,1987,1,unknown,Missing / not recorded,47_3075_19870101_1_1,28035.0,32998.0,33088.0,32998.0,4963.0,5053.0,4963.0,0.18023898698056
47_3101,1987,1,unknown,Missing / not recorded,47_3101_19870101_1_1,14729.0,15469.0,16369.0,16324.0,740.0,1640.0,1595.0,0.11134496571389775
47_3101,1995,1,asphalt_overlay,Mill Off AC and Overlay with AC,47_3101_19950901_2_1,16799.0,7731.0,16593.0,11943.0,-9068.0,-206.0,-4856.0,-0.012262634680635752
47_3101,1998,1,patching,"Patch Pot Holes - Hand Spread, Compacted with Truck",47_3101_19980515_3_1,11943.0,9624.0,16324.0,16369.0,-2319.0,4381.0,4426.0,0.36682575567277903
47_3104,1987,1,unknown,Missing / not recorded,47_3104_19870101_1_1,627.0,874.0,678.0,401.0,247.0,51.0,-226.0,0.08133971291866028
47_3104,1989,1,patching,"Full Depth Patch of AC Pavement (removing damaged material, repairing supporting material, and repairing)",47_3104_19891025_2_1,678.0,401.0,1121.0,775.0,-277.0,443.0,97.0,0.6533923303834809
47_3108,1987,1,unknown,Missing / not recorded,47_3108_19870101_1_1,818683.0,907803.0,917579.0,456182.5,89120.0,98896.0,-362500.5,0.12079889285596501
47_3108,1989,1,asphalt_overlay,Asphalt Concrete Overlay,47_3108_19891101_2_1,917579.0,456182.5,995571.0,866658.0,-461396.5,77992.0,-50921.0,0.08499758603891328
47_3108,2001,2,crack_sealing,"Crack Sealing | Patch Pot Holes - Hand Spread, Compacted with Truck",47_3108_20010515_3_1 | 47_3108_20010915_4_1,921112.0,608024.6666666666,974724.0,1003992.0,-313087.3333333334,53612.0,82880.0,0.05820356265036174
47_3108,2004,1,patching,"Patch Pot Holes - Hand Spread, Compacted with Truck",47_3108_20040515_5_1,1003992.0,940993.75,571788.0,,-62998.25,-432204.0,,-0.43048550187650897
47_3109,1987,1,unknown,Missing / not recorded,47_3109_19870101_1_1,43012.0,41235.0,46429.0,24130.0,-1777.0,3417.0,-18882.0,0.07944294615456152
47_3109,1989,1,asphalt_overlay,Asphalt Concrete Overlay,47_3109_19890625_2_1,46429.0,24130.0,58573.0,51094.0,-22299.0,12144.0,4665.0,0.26156066251696136
47_3110,1987,1,unknown,Missing / not recorded,47_3110_19870101_1_1,34046.0,37258.0,31495.0,21867.5,3212.0,-2551.0,-12178.5,-0.07492803853609822
47_3110,1989,1,asphalt_overlay,Mill Off AC and Overlay with AC,47_3110_19890615_2_1,31495.0,21867.5,44931.0,46384.0,-9627.5,13436.0,14889.0,0.4266073979996825
47_6015,1987,1,unknown,Missing / not recorded,47_6015_19870101_1_1,1516845.0,1555118.0,1482989.0,1697779.0,38273.0,-33856.0,180934.0,-0.022320012921557573
47_6022,1987,1,unknown,Missing / not recorded,47_6022_19870101_1_1,120942.0,209432.0,169622.0,170527.0,88490.0,48680.0,49585.0,0.40250698682012864
47_6022,1992,1,patching,"Patch Pot Holes - Hand Spread, Compacted with Truck",47_6022_19920220_2_1,191327.0,141512.5,43533.0,,-49814.5,-147794.0,,-0.7724680782116481
47_9024,1987,1,unknown,Missing / not recorded,47_9024_19870101_1_1,10303.0,12434.0,13754.0,14765.0,2131.0,3451.0,4462.0,0.3349509851499563
47_9024,1995,1,asphalt_overlay,Asphalt Concrete Overlay,47_9024_19950426_2_1,20482.0,10114.0,21067.0,14412.0,-10368.0,585.0,-6070.0,0.028561663900009766
47_9024,2002,1,crack_sealing,Crack Sealing,47_9024_20020915_3_1,29534.0,7939.0,33931.0,35251.0,-21595.0,4397.0,5717.0,0.14887925780456424
47_9025,1987,1,unknown,Missing / not recorded,47_9025_19870101_1_1,9522.0,10267.0,10869.0,10727.0,745.0,1347.0,1205.0,0.1414618777567738
47_9025,1994,1,patching,Machine Premix Patch (placing premix with paver roller),47_9025_19940515_2_1,10253.0,8385.5,6597.333333333333,10671.0,-1867.5,-3655.666666666667,418.0,-0.3565460515621444
47_9025,1995,1,asphalt_overlay,"Asphalt Concrete Overlay, Mill Existing Pavement and Overlay with Hot-Mix Recycled AC",47_9025_19950905_3_1,8385.5,6597.333333333333,10671.0,7963.0,-1788.166666666667,2285.5,-422.5,0.2725538131298074
47_A310,1987,1,unknown,Missing / not recorded,47_A310_19870101_1_1,14729.0,15469.0,16369.0,16324.0,740.0,1640.0,1595.0,0.11134496571389775
47_A310,1990,1,asphalt_overlay,Asphalt Concrete Overlay,47_A310_19900814_2_1,16324.0,14189.0,18871.0,10879.0,-2135.0,2547.0,-5445.0,0.15602793432982112
47_A310,1992,1,seal_coat,Slurry Seal Coat,47_A310_19920515_3_1,18871.0,10879.0,16258.0,16799.0,-7992.0,-2613.0,-2072.0,-0.13846642997191458
47_A320,1987,1,unknown,Missing / not recorded,47_A320_19870101_1_1,14729.0,15469.0,16369.0,16324.0,740.0,1640.0,1595.0,0.11134496571389775
47_A320,1990,1,seal_coat,Slurry Seal Coat,47_A320_19900729_2_1,16324.0,14638.5,18871.0,12404.0,-1685.5,2547.0,-3920.0,0.15602793432982112
47_A320,1994,1,patching,"Full Depth Patch of AC Pavement (removing damaged material, repairing supporting material, and repairing)",47_A320_19940515_3_1,16258.0,14743.333333333334,10308.0,,-1514.666666666666,-5950.0,,-0.3659736744987083
47_A330,1987,1,unknown,Missing / not recorded,47_A330_19870101_1_1,14729.0,15469.0,16369.0,16324.0,740.0,1640.0,1595.0,0.11134496571389775
47_A330,1990,1,crack_sealing,Crack Sealing,47_A330_19900729_2_1,16324.0,14638.5,16716.666666666668,12404.0,-1685.5,392.6666666666679,-3920.0,0.024054561790410923
47_A330,1991,1,crack_sealing,Crack Sealing,47_A330_19910506_3_1,14638.5,16716.666666666668,12404.0,16258.0,2078.166666666668,-2234.5,1619.5,-0.1526454213204905
47_A330,1994,1,crack_sealing,Crack Sealing,47_A330_19940615_4_1,16258.0,14900.5,10308.0,,-1357.5,-5950.0,,-0.3659736744987083
47_A350,1987,1,unknown,Missing / not recorded,47_A350_19870101_1_1,14729.0,15469.0,16369.0,16324.0,740.0,1640.0,1595.0,0.11134496571389775
47_A350,1990,1,seal_coat,Aggregate Seal Coat,47_A350_19900729_2_1,16324.0,14638.5,18871.0,12404.0,-1685.5,2547.0,-3920.0,0.15602793432982112
47_B310,1987,1,unknown,Missing / not recorded,47_B310_19870101_1_1,28035.0,32998.0,33088.0,32998.0,4963.0,5053.0,4963.0,0.18023898698056
47_B310,1990,1,asphalt_overlay,Asphalt Concrete Overlay,47_B310_19900705_2_1,32998.0,26709.5,43726.0,22619.0,-6288.5,10728.0,-10379.0,0.32511061276440995
47_B320,1987,1,unknown,Missing / not recorded,47_B320_19870101_1_1,28035.0,32998.0,33088.0,32998.0,4963.0,5053.0,4963.0,0.18023898698056
47_B320,1990,1,seal_coat,Slurry Seal Coat,47_B320_19900731_2_1,32998.0,25435.0,43726.0,22619.0,-7563.0,10728.0,-10379.0,0.32511061276440995
47_B330,1987,1,unknown,Missing / not recorded,47_B330_19870101_1_1,28035.0,32998.0,33088.0,32998.0,4963.0,5053.0,4963.0,0.18023898698056
47_B330,1990,1,crack_sealing,Crack Sealing,47_B330_19900801_2_1,32998.0,25386.0,43726.0,22619.0,-7612.0,10728.0,-10379.0,0.32511061276440995
47_B330,1993,1,crack_sealing,Crack Sealing,47_B330_19930203_3_1,22619.0,28398.666666666668,34970.0,39619.0,5779.666666666668,12351.0,17000.0,0.546045360095495
47_B350,1987,1,unknown,Missing / not recorded,47_B350_19870101_1_1,28035.0,32998.0,33088.0,32998.0,4963.0,5053.0,4963.0,0.18023898698056
47_B350,1990,1,seal_coat,Aggregate Seal Coat,47_B350_19900801_2_1,32998.0,25386.0,43726.0,22619.0,-7612.0,10728.0,-10379.0,0.32511061276440995
47_C310,1987,1,unknown,Missing / not recorded,47_C310_19870101_1_1,1165756.0,1291751.0,1305796.0,1283776.0,125995.0,140040.0,118020.0,0.12012805424119627
47_C310,1990,1,crack_sealing,"Crack Sealing, Asphalt Concrete Overlay",47_C310_19900605_2_1,1283776.0,1115689.0,1233261.0,822838.0,-168087.0,-50515.0,-460938.0,-0.03934876489356399
47_C311,1987,1,unknown,Missing / not recorded,47_C311_19870101_1_1,1165756.0,1291751.0,1305796.0,1283776.0,125995.0,140040.0,118020.0,0.12012805424119627
47_C311,1990,1,asphalt_overlay,Asphalt Concrete Overlay,47_C311_19900802_2_1,1283776.0,1003150.0,1233261.0,822838.0,-280626.0,-50515.0,-460938.0,-0.03934876489356399
47_C320,1987,1,unknown,Missing / not recorded,47_C320_19870101_1_1,1165756.0,1291751.0,1305796.0,1283776.0,125995.0,140040.0,118020.0,0.12012805424119627
47_C320,1990,1,crack_sealing,"Crack Sealing, Slurry Seal Coat",47_C320_19900605_2_1,1283776.0,1115689.0,1233261.0,822838.0,-168087.0,-50515.0,-460938.0,-0.03934876489356399
47_C330,1987,1,unknown,Missing / not recorded,47_C330_19870101_1_1,1165756.0,1291751.0,1305796.0,1283776.0,125995.0,140040.0,118020.0,0.12012805424119627
47_C330,1990,1,crack_sealing,Crack Sealing,47_C330_19900802_2_1,1283776.0,1003150.0,1233261.0,678204.3333333334,-280626.0,-50515.0,-605571.6666666666,-0.03934876489356399
47_C330,1992,1,crack_sealing,Crack Sealing,47_C330_19920712_3_1,1233261.0,678204.3333333334,992051.0,676647.0,-555056.6666666666,-241210.0,-556614.0,-0.19558714659751666
47_C350,1987,1,unknown,Missing / not recorded,47_C350_19870101_1_1,1165756.0,1291751.0,1305796.0,1283776.0,125995.0,140040.0,118020.0,0.12012805424119627
47_C350,1990,1,crack_sealing,"Crack Sealing, Aggregate Seal Coat",47_C350_19900605_2_1,1283776.0,1115689.0,1233261.0,721669.3333333334,-168087.0,-50515.0,-562106.6666666666,-0.03934876489356399
47_C350,1992,1,patching,"Patch Pot Holes - Hand Spread, Compacted with Truck",47_C350_19920515_3_1,1233261.0,721669.3333333334,992051.0,672364.5,-511591.6666666666,-241210.0,-560896.5,-0.19558714659751666
48_0001,1997,1,crack_sealing,Crack Sealing,48_0001_19970305_2_1,148877.0,60792.5,132357.0,141331.0,-88084.5,-16520.0,-7546.0,-0.110964084445549
48_0001,2002,1,patching,"Patch Pot Holes - Hand Spread, Compacted with Truck",48_0001_20020515_3_1,131876.0,99914.0,131806.0,97229.75,-31962.0,-70.0,-34646.25,-0.0005308016621674907
48_0001,2004,1,patching,Machine Premix Patch (placing premix with paver roller),48_0001_20040831_4_1,131806.0,97229.75,142154.0,121668.0,-34576.25,10348.0,-10138.0,0.07850932430997072
48_0001,2006,1,crack_sealing,Crack Sealing,48_0001_20060915_5_1,142154.0,121668.0,57264.4,,-20486.0,-84889.6,,-0.5971664532830593
48_0113,2002,1,asphalt_overlay,"AC Shoulder Restoration, Mill Off AC and Overlay with AC",48_0113_20020429_2_1,393423.0,212395.5,496249.0,407816.0,-181027.5,102826.0,14393.0,0.2613624521189661
48_0113,2006,1,patching,Manual Premix Spot Patch (hand spreading and compacting with roller),48_0113_20060615_3_1,445578.0,407903.0,644946.0,,-37675.0,199368.0,,0.4474368124099484
48_0114,2002,1,asphalt_overlay,"AC Shoulder Restoration, Mill Off AC and Overlay with AC",48_0114_20020429_2_1,393423.0,212395.5,496249.0,407816.0,-181027.5,102826.0,14393.0,0.2613624521189661
48_0115,1998,1,grinding,Grinding Surface,48_0115_19980707_2_1,185395.0,281831.0,390037.0,400927.0,96436.0,204642.0,215532.0,1.1038161762722836
48_0115,2002,1,asphalt_overlay,"AC Shoulder Restoration, Mill Off AC and Overlay with AC",48_0115_20020429_3_1,393423.0,187635.33333333334,496249.0,407816.0,-205787.66666666666,102826.0,14393.0,0.2613624521189661
48_0115,2006,1,patching,Manual Premix Spot Patch (hand spreading and compacting with roller),48_0115_20060615_4_1,445578.0,407903.0,644946.0,,-37675.0,199368.0,,0.4474368124099484
48_0116,1998,1,grinding,Grinding Surface,48_0116_19980707_2_1,185395.0,281831.0,390037.0,400927.0,96436.0,204642.0,215532.0,1.1038161762722836
48_0116,2002,1,asphalt_overlay,"AC Shoulder Restoration, Mill Off AC and Overlay with AC",48_0116_20020429_3_1,393423.0,187635.33333333334,496249.0,407816.0,-205787.66666666666,102826.0,14393.0,0.2613624521189661
48_0116,2006,1,patching,Manual Premix Spot Patch (hand spreading and compacting with roller),48_0116_20060615_4_1,445578.0,407903.0,644946.0,,-37675.0,199368.0,,0.4474368124099484
48_0117,2002,1,asphalt_overlay,"AC Shoulder Restoration, Mill Off AC and Overlay with AC",48_0117_20020429_2_1,393423.0,212395.5,496249.0,407816.0,-181027.5,102826.0,14393.0,0.2613624521189661
48_0117,2006,1,patching,Manual Premix Spot Patch (hand spreading and compacting with roller),48_0117_20060615_3_1,445578.0,407903.0,644946.0,,-37675.0,199368.0,,0.4474368124099484
48_0118,2002,1,asphalt_overlay,"AC Shoulder Restoration, Mill Off AC and Overlay with AC",48_0118_20020429_2_1,393423.0,212395.5,496249.0,407816.0,-181027.5,102826.0,14393.0,0.2613624521189661
48_0118,2006,1,patching,Manual Premix Spot Patch (hand spreading and compacting with roller),48_0118_20060615_3_1,445578.0,407903.0,644946.0,,-37675.0,199368.0,,0.4474368124099484
48_0119,1998,1,grinding,Grinding Surface,48_0119_19980707_2_1,185395.0,281831.0,390037.0,400927.0,96436.0,204642.0,215532.0,1.1038161762722836
48_0119,2002,1,asphalt_overlay,"AC Shoulder Restoration, Mill Off AC and Overlay with AC",48_0119_20020429_3_1,393423.0,187635.33333333334,496249.0,407816.0,-205787.66666666666,102826.0,14393.0,0.2613624521189661
48_0119,2006,1,patching,Manual Premix Spot Patch (hand spreading and compacting with roller),48_0119_20060615_4_1,445578.0,407903.0,644946.0,,-37675.0,199368.0,,0.4474368124099484
48_0120,2002,1,asphalt_overlay,"AC Shoulder Restoration, Mill Off AC and Overlay with AC",48_0120_20020429_2_1,393423.0,212395.5,496249.0,407816.0,-181027.5,102826.0,14393.0,0.2613624521189661
48_0120,2006,1,patching,Manual Premix Spot Patch (hand spreading and compacting with roller),48_0120_20060615_3_1,445578.0,407903.0,644946.0,,-37675.0,199368.0,,0.4474368124099484
48_0121,2002,1,asphalt_overlay,"AC Shoulder Restoration, Mill Off AC and Overlay with AC",48_0121_20020429_2_1,393423.0,212395.5,496249.0,407816.0,-181027.5,102826.0,14393.0,0.2613624521189661
48_0122,2002,1,asphalt_overlay,"AC Shoulder Restoration, Mill Off AC and Overlay with AC",48_0122_20020429_2_1,393423.0,212395.5,496249.0,407816.0,-181027.5,102826.0,14393.0,0.2613624521189661
48_0122,2006,1,patching,Manual Premix Spot Patch (hand spreading and compacting with roller),48_0122_20060615_3_1,445578.0,407903.0,644946.0,,-37675.0,199368.0,,0.4474368124099484
48_0123,2002,1,asphalt_overlay,"AC Shoulder Restoration, Mill Off AC and Overlay with AC",48_0123_20020429_2_1,393423.0,212395.5,496249.0,407816.0,-181027.5,102826.0,14393.0,0.2613624521189661
48_0123,2006,1,patching,Manual Premix Spot Patch (hand spreading and compacting with roller),48_0123_20060615_3_1,445578.0,407903.0,644946.0,,-37675.0,199368.0,,0.4474368124099484
48_0124,2002,1,asphalt_overlay,"AC Shoulder Restoration, Mill Off AC and Overlay with AC",48_0124_20020429_2_1,393423.0,212395.5,496249.0,407816.0,-181027.5,102826.0,14393.0,0.2613624521189661
48_0124,2006,1,patching,Manual Premix Spot Patch (hand spreading and compacting with roller),48_0124_20060615_3_1,445578.0,407903.0,644946.0,,-37675.0,199368.0,,0.4474368124099484
48_0160,2002,1,asphalt_overlay,"AC Shoulder Restoration, Mill Off AC and Overlay with AC",48_0160_20020429_2_1,393423.0,212395.5,496249.0,407816.0,-181027.5,102826.0,14393.0,0.2613624521189661
48_0161,2002,1,asphalt_overlay,"AC Shoulder Restoration, Mill Off AC and Overlay with AC",48_0161_20020429_2_1,393423.0,212395.5,496249.0,407816.0,-181027.5,102826.0,14393.0,0.2613624521189661
48_0162,2002,1,asphalt_overlay,"AC Shoulder Restoration, Mill Off AC and Overlay with AC",48_0162_20020429_2_1,393423.0,212395.5,496249.0,407816.0,-181027.5,102826.0,14393.0,0.2613624521189661
48_0163,2002,1,asphalt_overlay,"AC Shoulder Restoration, Mill Off AC and Overlay with AC",48_0163_20020429_2_1,393423.0,212395.5,496249.0,407816.0,-181027.5,102826.0,14393.0,0.2613624521189661
48_0164,2002,1,asphalt_overlay,"AC Shoulder Restoration, Mill Off AC and Overlay with AC",48_0164_20020429_2_1,393423.0,212395.5,496249.0,407816.0,-181027.5,102826.0,14393.0,0.2613624521189661
48_0165,2002,1,asphalt_overlay,"AC Shoulder Restoration, Mill Off AC and Overlay with AC",48_0165_20020429_2_1,393423.0,212395.5,496249.0,407816.0,-181027.5,102826.0,14393.0,0.2613624521189661
48_0167,2002,1,asphalt_overlay,"AC Shoulder Restoration, Mill Off AC and Overlay with AC",48_0167_20020429_2_1,393423.0,212395.5,496249.0,407816.0,-181027.5,102826.0,14393.0,0.2613624521189661
48_0801,2011,1,seal_coat,Aggregate Seal Coat,48_0801_20110721_2_1,9938.0,11107.0,6601.0,15647.0,1169.0,-3337.0,5709.0,-0.33578184745421613
48_0802,2011,1,seal_coat,Aggregate Seal Coat,48_0802_20110721_2_1,9938.0,11107.0,6601.0,15647.0,1169.0,-3337.0,5709.0,-0.33578184745421613
48_0901,2015,1,crack_sealing,Crack Sealing,48_0901_20150201_2_1,409710.0,408824.0,444004.0,458455.0,-886.0,34294.0,48745.0,0.0837031070757365
48_0902,2015,1,crack_sealing,Crack Sealing,48_0902_20150201_2_1,409710.0,408824.0,444004.0,458455.0,-886.0,34294.0,48745.0,0.0837031070757365
48_0903,2015,1,crack_sealing,Crack Sealing,48_0903_20150201_2_1,409710.0,408824.0,444004.0,458455.0,-886.0,34294.0,48745.0,0.0837031070757365
48_1039,1987,1,unknown,Missing / not recorded,48_1039_19870101_1_1,284059.0,295885.0,259171.0,162915.0,11826.0,-24888.0,-121144.0,-0.08761560098430256
48_1039,1989,1,seal_coat,"Skin Patching (hand tools/hot pot to apply liquid asphalt and aggregate), Slurry Seal Coat",48_1039_19890918_2_1,259171.0,162915.0,180664.0,173454.0,-96256.0,-78507.0,-85717.0,-0.30291583549085355
48_1039,1992,1,patching,"Patch Pot Holes - Hand Spread, Compacted with Truck",48_1039_19920515_3_1,173454.0,155414.0,197845.0,198341.5,-18040.0,24391.0,24887.5,0.1406194149457493
48_1039,1994,1,patching,"Patch Pot Holes - Hand Spread, Compacted with Truck",48_1039_19940515_4_1,197845.0,198341.5,232510.8,84562.16666666667,496.5,34665.79999999999,-113282.83333333333,0.1752169627738886
48_1039,1995,1,patching,"Patch Pot Holes - Hand Spread, Compacted with Truck",48_1039_19950915_5_1,198341.5,232510.8,84562.16666666667,220415.0,34169.29999999999,-113779.33333333333,22073.5,-0.5736536898900801
48_1039,1996,1,asphalt_overlay,"Asphalt Concrete Overlay, Aggregate Seal Coat",48_1039_19960801_6_1,232510.8,84562.16666666667,220415.0,321431.0,-147948.6333333333,-12095.799999999988,88920.20000000001,-0.05202252970614694
48_1039,2001,1,seal_coat,Aggregate Seal Coat,48_1039_20010715_7_1,307789.0,234184.0,244360.0,280216.0,-73605.0,-63429.0,-27573.0,-0.2060794895204182
48_1039,2002,1,seal_coat,Slurry Seal Coat,48_1039_20020515_8_1,234184.0,244360.0,280216.0,320077.0,10176.0,46032.0,85893.0,0.19656338605540943
48_1046,1987,1,unknown,Missing / not recorded,48_1046_19870101_1_1,384606.0,377729.0,215870.5,419176.0,-6877.0,-168735.5,34570.0,-0.43872300484131815
48_1046,1988,1,crack_sealing,Crack Sealing,48_1046_19881221_2_1,377729.0,215870.5,419176.0,600612.0,-161858.5,41447.0,222883.0,0.10972681472696033
48_1046,1998,1,crack_sealing,Crack Sealing,48_1046_19980128_3_1,775646.0,783060.3333333334,827283.0,854398.0,7414.333333333372,51637.0,78752.0,0.06657289536721649
48_1047,1987,1,unknown,Missing / not recorded,48_1047_19870101_1_1,462095.0,340794.0,273901.0,502381.0,-121301.0,-188194.0,40286.0,-0.4072625758772547
48_1047,1988,1,crack_sealing,Crack Sealing,48_1047_19881130_2_1,340794.0,273901.0,502381.0,691883.0,-66893.0,161587.0,351089.0,0.4741486059026861
48_1047,1996,1,patching,"Patch Pot Holes - Hand Spread, Compacted with Truck",48_1047_19960515_3_1,822616.0,928204.6666666666,968129.0,1011638.1666666666,105588.66666666663,145513.0,189022.16666666663,0.17689055403736373
48_1047,1998,3,crack_sealing,"Crack Sealing | Patch Pot Holes - Hand Spread, Compacted with Truck",48_1047_19980121_4_1 | 48_1047_19980211_5_1 | 48_1047_19980515_6_1,968129.0,1011638.1666666666,1194968.0,909571.0,43509.16666666663,226839.0,-58558.0,0.23430658517614905
48_1048,1987,1,unknown,Missing / not recorded,48_1048_19870101_1_1,21264.0,27714.0,33381.0,32976.0,6450.0,12117.0,11712.0,0.5698363431151241
48_1048,1995,1,patching,"Patch Pot Holes - Hand Spread, Compacted with Truck",48_1048_19950515_2_1,17928.0,9808.5,11028.666666666666,,-8119.5,-6899.333333333334,,-0.38483563885170313
48_1049,1987,1,unknown,Missing / not recorded,48_1049_19870101_1_1,398446.0,417990.0,423452.0,436928.0,19544.0,25006.0,38482.0,0.06275881800796093
48_1050,1987,1,unknown,Missing / not recorded,48_1050_19870101_1_1,48870.0,49749.0,48330.0,50387.0,879.0,-540.0,1517.0,-0.011049723756906077
48_1056,1987,1,unknown,Missing / not recorded,48_1056_19870101_1_1,38147.0,48994.0,32641.5,38473.0,10847.0,-5505.5,326.0,-0.14432327574907594
48_1056,1988,1,seal_coat,Aggregate Seal Coat,48_1056_19880701_2_1,48994.0,32641.5,38473.0,32397.0,-16352.5,-10521.0,-16597.0,-0.21474058047924235
48_1056,2000,1,seal_coat,Aggregate Seal Coat,48_1056_20000706_3_1,48718.0,39273.333333333336,53025.0,46934.0,-9444.666666666664,4307.0,-1784.0,0.08840674904552732
48_1060,1987,1,unknown,Missing / not recorded,48_1060_19870101_1_1,118138.0,137706.0,160120.0,154998.0,19568.0,41982.0,36860.0,0.3553640657536102
48_1061,1988,1,unknown,Missing / not recorded,48_1061_19880701_1_1,188876.0,189394.0,188876.0,188876.0,518.0,0.0,0.0,0.0
48_1065,1987,1,unknown,Missing / not recorded,48_1065_19870101_1_1,60756.0,66326.0,70978.0,72007.0,5570.0,10222.0,11251.0,0.16824675752189083
48_1065,1995,1,seal_coat,Aggregate Seal Coat,48_1065_19950822_2_1,50804.0,24883.5,117312.0,73962.0,-25920.5,66508.0,23158.0,1.3091095189355169
48_1068,1992,1,seal_coat,Fog Seal Coat,48_1068_19921014_2_1,89191.0,58123.5,79361.33333333333,110445.0,-31067.5,-9829.666666666672,21254.0,-0.1102091765611628
48_1068,1993,1,seal_coat,Tack Coat,48_1068_19930814_3_1,58123.5,79361.33333333333,110445.0,107872.0,21237.83333333333,52321.5,49748.5,0.9001780691114609
48_1068,1999,1,seal_coat,Aggregate Seal Coat,48_1068_19990727_4_1,151994.0,153370.75,95570.4,118797.0,1376.75,-56423.600000000006,-33197.0,-0.37122254825848394
48_1068,2000,1,asphalt_overlay,"Grinding Surface, Asphalt Concrete Overlay, Aggregate Seal Coat",48_1068_20001101_5_1,153370.75,95570.4,118797.0,129092.0,-57800.350000000006,-34573.75,-24278.75,-0.2254259694237656
48_1068,2004,1,seal_coat,Fog Seal Coat,48_1068_20040816_6_1,132501.0,101131.0,140001.0,,-31370.0,7500.0,,0.05660334638983857
48_1069,1987,1,unknown,Missing / not recorded,48_1069_19870101_1_1,240753.0,127823.0,149526.0,137502.0,-112930.0,-91227.0,-103251.0,-0.3789236271199113
48_1069,1990,1,crack_sealing,Crack Sealing,48_1069_19900913_2_1,137502.0,63995.0,94707.0,95716.0,-73507.0,-42795.0,-41786.0,-0.3112318366278309
48_1069,2002,1,patching,Manual Premix Spot Patch (hand spreading and compacting with roller),48_1069_20020115_3_1,159860.0,168054.33333333334,72148.75,,8194.333333333343,-87711.25,,-0.5486754034780433
48_1070,1987,1,unknown,Missing / not recorded,48_1070_19870101_1_1,247760.0,132059.0,154471.0,140857.0,-115701.0,-93289.0,-106903.0,-0.3765297061672586
48_1070,1992,1,patching,"Patch Pot Holes - Hand Spread, Compacted with Truck",48_1070_19920515_2_1,82431.0,73765.5,179289.0,121414.0,-8665.5,96858.0,38983.0,1.1750191068893985
48_1070,1997,1,patching,"Patch Pot Holes - Hand Spread, Compacted with Truck",48_1070_19970515_3_1,145319.0,153020.0,188860.0,166335.4,7701.0,43541.0,21016.399999999994,0.29962358672988393
48_1070,1999,2,crack_sealing,"Crack Sealing | Patch Pot Holes - Hand Spread, Compacted with Truck",48_1070_19990515_4_1 | 48_1070_19990915_5_1,188860.0,166335.4,173927.0,177820.0,-22524.600000000006,-14933.0,-11040.0,-0.07906915175262098
48_1070,2002,1,patching,"Patch Pot Holes - Hand Spread, Compacted with Truck",48_1070_20020515_6_1,177820.0,172040.33333333334,62569.0,,-5779.666666666657,-115251.0,,-0.6481329434259363
48_1076,1987,1,unknown,Missing / not recorded,48_1076_19870101_1_1,81205.0,81205.0,78483.0,79053.0,0.0,-2722.0,-2152.0,-0.033520103441906285
48_1076,1997,1,patching,"Patch Pot Holes - Hand Spread, Compacted with Truck",48_1076_19970515_2_1,81554.0,68128.5,92461.0,73823.0,-13425.5,10907.0,-7731.0,0.1337396081124163
48_1076,1999,1,seal_coat,Aggregate Seal Coat,48_1076_19990613_3_1,92461.0,73823.0,83424.0,83678.0,-18638.0,-9037.0,-8783.0,-0.097738505964677
48_1076,2007,1,seal_coat,Aggregate Seal Coat,48_1076_20070723_4_1,80371.0,62080.25,109905.0,87997.0,-18290.75,29534.0,7626.0,0.3674708539149693
48_1077,1987,1,unknown,Missing / not recorded,48_1077_19870101_1_1,163411.0,168732.0,256390.0,255689.0,5321.0,92979.0,92278.0,0.5689886237768571
48_1077,1992,1,seal_coat,Fog Seal Coat,48_1077_19921116_2_1,232897.0,140914.5,250217.0,280961.0,-91982.5,17320.0,48064.0,0.07436763891333938
48_1077,1997,1,patching,Mechanical Premix Patch (using motor grader and roller),48_1077_19971015_3_1,284576.0,211499.66666666666,289871.0,217279.0,-73076.33333333334,5295.0,-67297.0,0.018606628809175758
48_1087,1987,1,unknown,Missing / not recorded,48_1087_19870101_1_1,130597.0,160263.0,138856.0,138476.0,29666.0,8259.0,7879.0,0.06324035008461144
48_1087,1997,1,seal_coat,Slurry Seal Coat,48_1087_19970826_2_1,35939.0,30095.0,50565.0,48691.0,-5844.0,14626.0,12752.0,0.4069673613623084
48_1087,2004,1,seal_coat,Aggregate Seal Coat,48_1087_20040615_3_1,49217.0,42107.333333333336,50670.0,57729.0,-7109.666666666664,1453.0,8512.0,0.029522319523741798
48_1087,2011,1,asphalt_overlay,Asphalt Concrete Overlay,48_1087_20110715_4_1,29568.0,13622.75,31616.0,30823.0,-15945.25,2048.0,1255.0,0.06926406926406926
48_1092,1987,1,unknown,Missing / not recorded,48_1092_19870101_1_1,63048.0,66944.0,72681.0,74209.0,3896.0,9633.0,11161.0,0.15278835173201372
48_1092,1988,1,patching,Mechanical Premix Patch (using motor grader and roller),48_1092_19880101_2_1,66944.0,72681.0,74209.0,66808.0,5737.0,7265.0,-136.0,0.10852354206500955
48_1092,1991,1,seal_coat,Aggregate Seal Coat,48_1092_19910827_3_1,66808.0,60931.666666666664,79961.0,89893.0,-5876.333333333336,13153.0,23085.0,0.19687761944677284
48_1092,1995,1,seal_coat,Aggregate Seal Coat,48_1092_19950715_4_1,87858.0,94502.5,108452.0,112847.0,6644.5,20594.0,24989.0,0.23440096519383552
48_1092,1998,1,asphalt_overlay,Asphalt Concrete Overlay,48_1092_19980915_5_1,112847.0,90516.0,144432.0,124277.0,-22331.0,31585.0,11430.0,0.2798922434801102
48_1092,2002,1,crack_sealing,Crack Sealing,48_1092_20020915_6_1,136878.0,102030.0,161417.0,134404.0,-34848.0,24539.0,-2474.0,0.17927643595026227
48_1092,2010,1,asphalt_overlay,Asphalt Concrete Overlay,48_1092_20100515_7_1,205349.0,189485.66666666666,227360.0,239826.0,-15863.333333333343,22011.0,34477.0,0.10718825024714024
48_1093,1987,1,unknown,Missing / not recorded,48_1093_19870101_1_1,222813.0,233865.0,150719.0,314920.0,11052.0,-72094.0,92107.0,-0.32356280827420303
48_1093,1988,1,asphalt_overlay,"Asphalt Concrete Overlay, Surface Treatment, Single Layer",48_1093_19880914_2_1,233865.0,150719.0,314920.0,230948.0,-83146.0,81055.0,-2917.0,0.3465888439911915
48_1093,1996,1,patching,Machine Premix Patch (placing premix with paver roller),48_1093_19960515_3_1,293873.0,252650.0,442447.0,323166.0,-41223.0,148574.0,29293.0,0.5055721349018113
48_1094,1987,1,unknown,Missing / not recorded,48_1094_19870101_1_1,17673.0,20306.0,11685.0,11573.0,2633.0,-5988.0,-6100.0,-0.33882193176031233
48_1094,1998,1,seal_coat,Aggregate Seal Coat,48_1094_19980914_2_1,38139.0,26669.5,48773.0,59106.0,-11469.5,10634.0,20967.0,0.27882220299431026
48_1096,1987,1,unknown,Missing / not recorded,48_1096_19870101_1_1,102623.0,112741.0,122471.0,124304.0,10118.0,19848.0,21681.0,0.19340693606696355
48_1096,1995,1,crack_sealing,Crack Sealing,48_1096_19950101_2_1,118677.0,135830.0,140080.0,226928.0,17153.0,21403.0,108251.0,0.1803466552069904
48_1096,1996,1,seal_coat,Aggregate Seal Coat,48_1096_19960701_3_1,135830.0,140080.0,226928.0,219586.0,4250.0,91098.0,83756.0,0.6706765810203932
48_1096,2001,1,asphalt_overlay,"Asphalt Concrete Overlay, Aggregate Seal Coat",48_1096_20010521_4_1,176534.0,89159.75,105605.0,92293.0,-87374.25,-70929.0,-84241.0,-0.4017866246728676
48_1096,2013,1,crack_sealing,Crack Sealing,48_1096_20130101_5_1,438364.0,86947.0,82300.0,78356.0,-351417.0,-356064.0,-360008.0,-0.8122564809154036
48_1096,2017,1,crack_sealing,Crack Sealing,48_1096_20170101_6_1,82921.0,84777.0,82543.0,94743.0,1856.0,-378.0,11822.0,-0.004558555733770698
48_1096,2018,1,seal_coat,Aggregate Seal Coat,48_1096_20180524_7_1,84777.0,82543.0,94743.0,94195.0,-2234.0,9966.0,9418.0,0.11755546905410666
48_1109,1987,1,unknown,Missing / not recorded,48_1109_19870101_1_1,110487.0,147339.0,109937.0,112655.0,36852.0,-550.0,2168.0,-0.004977961208105931
48_1109,1996,1,seal_coat,Aggregate Seal Coat,48_1109_19960904_2_1,75996.0,46791.0,66159.33333333333,77559.0,-29205.0,-9836.666666666672,1563.0,-0.12943663701598337
48_1109,1997,1,seal_coat,Aggregate Seal Coat,48_1109_19970813_3_1,46791.0,66159.33333333333,77559.0,80886.0,19368.33333333333,30768.0,34095.0,0.6575623517343079
48_1109,2000,1,patching,"Patch Pot Holes - Hand Spread, Compacted with Truck",48_1109_20000515_4_1,80886.0,67691.0,39893.0,,-13195.0,-40993.0,,-0.5067996933956432
48_1111,1987,1,unknown,Missing / not recorded,48_1111_19870101_1_1,75841.0,80316.0,71068.0,71612.0,4475.0,-4773.0,-4229.0,-0.06293429675241624
48_1111,1999,1,asphalt_overlay,Asphalt Concrete Overlay,48_1111_19990815_2_1,80195.0,37170.5,93423.0,69494.0,-43024.5,13228.0,-10701.0,0.16494793939771807
48_1111,2011,1,seal_coat,Aggregate Seal Coat,48_1111_20110615_3_1,139695.0,80839.0,181356.0,108374.0,-58856.0,41661.0,-31321.0,0.2982282830452056
48_1113,1987,1,unknown,Missing / not recorded,48_1113_19870101_1_1,117185.0,122220.0,116468.0,108587.0,5035.0,-717.0,-8598.0,-0.006118530528651278
48_1113,1992,1,asphalt_overlay,"Asphalt Concrete Overlay, Aggregate Seal Coat",48_1113_19920607_2_1,101967.0,48039.0,119788.0,118413.0,-53928.0,17821.0,16446.0,0.17477223023134936
48_1116,1990,1,asphalt_overlay,Asphalt Concrete Overlay,48_1116_19901017_2_1,199350.0,100852.5,151905.0,86126.5,-98497.5,-47445.0,-113223.5,-0.2379984951091046
48_1116,1992,1,asphalt_overlay,Mill Off AC and Overlay with AC,48_1116_19920202_3_1,151905.0,86126.5,252819.0,271713.0,-65778.5,100914.0,119808.0,0.6643230966722623
48_1116,1998,1,patching,"Patch Pot Holes - Hand Spread, Compacted with Truck",48_1116_19980515_4_1,329411.0,188825.0,199783.0,,-140586.0,-129628.0,,-0.39351448494434005
48_1119,1987,1,unknown,Missing / not recorded,48_1119_19870101_1_1,70964.0,75009.0,79146.0,53436.0,4045.0,8182.0,-17528.0,0.11529789752550589
48_1119,1989,1,asphalt_overlay,Asphalt Concrete Overlay,48_1119_19890802_2_1,79146.0,53436.0,75290.0,101430.0,-25710.0,-3856.0,22284.0,-0.04872008692795593
48_1122,1987,1,unknown,Missing / not recorded,48_1122_19870101_1_1,41653.0,42482.0,34437.0,34343.0,829.0,-7216.0,-7310.0,-0.1732408229899407
48_1122,2002,1,seal_coat,Aggregate Seal Coat,48_1122_20020715_2_1,61587.0,51232.5,69670.0,60355.0,-10354.5,8083.0,-1232.0,0.1312452303245815
48_1123,1987,1,unknown,Missing / not recorded,48_1123_19870101_1_1,186670.0,213451.0,153469.0,220973.0,26781.0,-33201.0,34303.0,-0.1778593239406439
48_1123,1988,1,seal_coat,Slurry Seal Coat,48_1123_19880831_2_1,213451.0,153469.0,220973.0,224729.0,-59982.0,7522.0,11278.0,0.03523993797171248
48_1130,1987,1,unknown,Missing / not recorded,48_1130_19870101_1_1,42783.0,51232.0,30914.0,29724.0,8449.0,-11869.0,-13059.0,-0.27742327560012153
48_1130,1991,1,patching,"Patch Pot Holes - Hand Spread, Compacted with Truck",48_1130_19910515_2_1,31513.0,23810.5,18269.666666666668,29752.0,-7702.5,-13243.333333333332,-1761.0,-0.4202498439797332
48_1130,1992,1,asphalt_overlay,Asphalt Concrete Overlay,48_1130_19921021_3_1,23810.5,18269.666666666668,29752.0,23253.5,-5540.833333333332,5941.5,-557.0,0.24953276915646458
48_1130,1994,1,seal_coat,Aggregate Seal Coat,48_1130_19940419_4_1,29752.0,23253.5,35008.0,34713.0,-6498.5,5256.0,4961.0,0.17666039257865018
48_1168,1987,1,unknown,Missing / not recorded,48_1168_19870101_1_1,1381.0,1437.0,1441.0,1883.0,56.0,60.0,502.0,0.04344677769732078
48_1168,1998,1,patching,"Patch Pot Holes - Hand Spread, Compacted with Truck",48_1168_19980515_2_1,11493.0,5031.0,4840.0,4902.0,-6462.0,-6653.0,-6591.0,-0.5788740972766031
48_1168,2002,1,seal_coat,Aggregate Seal Coat,48_1168_20020415_3_1,5685.0,5463.666666666667,6152.0,4208.5,-221.33333333333303,467.0,-1476.5,0.08214599824098505
48_1168,2004,1,patching,"Patch Pot Holes - Hand Spread, Compacted with Truck",48_1168_20040515_4_1,6152.0,4208.5,7308.0,,-1943.5,1156.0,,0.18790637191157347
48_1169,1987,1,unknown,Missing / not recorded,48_1169_19870101_1_1,76327.0,80424.0,79528.0,76327.0,4097.0,3201.0,0.0,0.04193797738677008
48_1169,2000,1,seal_coat,Slurry Seal Coat,48_1169_20000515_2_1,44497.0,37890.0,49778.0,60308.0,-6607.0,5281.0,15811.0,0.11868215834775378
48_1169,2003,1,seal_coat,Aggregate Seal Coat,48_1169_20030815_3_1,60308.0,49345.666666666664,64393.0,67810.0,-10962.333333333336,4085.0,7502.0,0.06773562379783776
48_1174,1987,1,unknown,Missing / not recorded,48_1174_19870101_1_1,90790.0,93400.0,78184.0,79097.0,2610.0,-12606.0,-11693.0,-0.1388478907368653
48_1174,1995,1,grinding,Grinding Surface,48_1174_19950314_2_1,69680.0,60795.5,66236.0,76780.0,-8884.5,-3444.0,7100.0,-0.04942594718714122
48_1178,1991,1,crack_sealing,Crack Sealing,48_1178_19910331_2_1,68743.0,68926.0,91773.0,76938.0,183.0,23030.0,8195.0,0.3350159288945784
48_1181,1987,1,unknown,Missing / not recorded,48_1181_19870101_1_1,230226.0,241913.0,211239.0,212293.0,11687.0,-18987.0,-17933.0,-0.08247113705663131
48_1181,1999,1,patching,Manual Premix Spot Patch (hand spreading and compacting with roller),48_1181_19990615_2_1,392942.0,318774.5,187283.0,,-74167.5,-205659.0,,-0.5233825857251198
48_1183,1987,1,unknown,Missing / not recorded,48_1183_19870101_1_1,191185.0,171656.0,154525.0,137900.0,-19529.0,-36660.0,-53285.0,-0.19175144493553364
48_1183,1990,1,patching,Skin Patching (hand tools/hot pot to apply liquid asphalt and aggregate),48_1183_19901211_2_1,137900.0,74339.0,97108.66666666667,106795.75,-63561.0,-40791.33333333333,-31104.25,-0.2958037225042301
48_1183,1991,1,patching,Skin Patching (hand tools/hot pot to apply liquid asphalt and aggregate),48_1183_19910919_3_1,74339.0,97108.66666666667,106795.75,118591.0,22769.66666666667,32456.75,44252.0,0.4366046086172803
48_1183,1992,1,crack_sealing,"Crack Sealing, Skin Patching (hand tools/hot pot to apply liquid asphalt and aggregate)",48_1183_19920130_4_1,97108.66666666667,106795.75,118591.0,42164.0,9687.083333333328,21482.33333333333,-54944.66666666667,0.2212195272649883
48_2108,1987,1,unknown,Missing / not recorded,48_2108_19870101_1_1,26983.0,25831.0,25902.0,26121.0,-1152.0,-1081.0,-862.0,-0.04006226142385947
48_2108,1994,1,patching,Skin Patching (hand tools/hot pot to apply liquid asphalt and aggregate),48_2108_19940622_2_1,52676.0,43726.5,44651.666666666664,39930.0,-8949.5,-8024.333333333336,-12746.0,-0.1523337636368239
48_2108,1995,1,patching,"Patch Pot Holes - Hand Spread, Compacted with Truck",48_2108_19950801_3_1,43726.5,44651.666666666664,39930.0,50685.0,925.1666666666642,-3796.5,6958.5,-0.08682377963020137
48_2108,2000,1,crack_sealing,Crack Sealing,48_2108_20000915_4_1,47512.0,44315.5,44063.0,57816.0,-3196.5,-3449.0,10304.0,-0.07259218723690856
48_2108,2003,1,asphalt_overlay,Mill Off AC and Overlay with AC,48_2108_20030615_5_1,57816.0,27602.2,60404.0,49406.0,-30213.8,2588.0,-8410.0,0.044762695447626955
48_2108,2012,1,asphalt_overlay,"Grinding Surface, Asphalt Concrete Overlay, Full Depth Patch of AC Pavement (removing damaged material, repairing supporting material, and repairing), Aggregate Seal Coat",48_2108_20120907_6_1,67303.0,46083.0,71449.0,73858.0,-21220.0,4146.0,6555.0,0.061602008825758135
48_2133,1987,1,unknown,Missing / not recorded,48_2133_19870101_1_1,153746.0,165473.0,188628.0,171206.0,11727.0,34882.0,17460.0,0.22688069933526725
48_2133,2000,1,seal_coat,Aggregate Seal Coat,48_2133_20000803_2_1,130091.0,84158.5,132558.0,144041.0,-45932.5,2467.0,13950.0,0.018963648522957007
48_2172,1987,1,unknown,Missing / not recorded,48_2172_19870101_1_1,237354.0,239251.0,242721.0,244292.0,1897.0,5367.0,6938.0,0.022611795040319523
48_2172,1990,1,crack_sealing,Crack Sealing,48_2172_19900808_2_1,244292.0,232030.5,340140.0,380924.0,-12261.5,95848.0,136632.0,0.392350138359013
48_2172,1991,1,seal_coat,Aggregate Seal Coat,48_2172_19910225_3_1,232030.5,340140.0,380924.0,372307.0,108109.5,148893.5,140276.5,0.6416979664311373
48_2172,1994,1,seal_coat,Aggregate Seal Coat,48_2172_19940711_4_1,372307.0,325696.75,236388.8,,-46610.25,-135918.2,,-0.36507022430413616
48_2176,1987,1,unknown,Missing / not recorded,48_2176_19870101_1_1,10564.0,10564.0,10173.0,11071.0,0.0,-391.0,507.0,-0.03701249526694434
48_2176,1997,1,seal_coat,Aggregate Seal Coat,48_2176_19970626_2_1,13379.0,9949.0,15822.0,17198.0,-3430.0,2443.0,3819.0,0.18259959638239032
48_2176,2001,1,asphalt_overlay,Asphalt Concrete Overlay,48_2176_20010222_3_1,21506.0,8689.0,28091.0,30057.0,-12817.0,6585.0,8551.0,0.30619362038500886
48_2176,2010,1,seal_coat,Aggregate Seal Coat,48_2176_20100615_4_1,27735.0,22232.5,23672.0,35380.0,-5502.5,-4063.0,7645.0,-0.1464936001442221
48_3003,1987,1,unknown,Missing / not recorded,48_3003_19870101_1_1,137071.0,139324.0,134581.0,140216.0,2253.0,-2490.0,3145.0,-0.01816576810558032
48_3010,1987,1,unknown,Missing / not recorded,48_3010_19870101_1_1,99512.0,102705.0,81194.0,89913.0,3193.0,-18318.0,-9599.0,-0.18407830211431786
48_3010,2010,1,crack_sealing,Transverse Joint Sealing,48_3010_20100815_2_1,218186.0,141588.0,223396.0,394227.0,-76598.0,5210.0,176041.0,0.023878708991410997
48_3559,1987,1,unknown,Missing / not recorded,48_3559_19870101_1_1,60059.0,65816.0,71700.0,77143.0,5757.0,11641.0,17084.0,0.19382607103015367
48_3569,1987,1,unknown,Missing / not recorded,48_3569_19870101_1_1,771976.0,804645.0,839902.0,873488.0,32669.0,67926.0,101512.0,0.0879897820657637
48_3569,2015,1,grinding,Grinding Surface,48_3569_20150625_2_1,2436533.0,1930069.5,2652660.0,2755609.0,-506463.5,216127.0,319076.0,0.08870267712360144
48_3579,1992,1,crack_sealing,Crack Sealing,48_3579_19920615_2_1,52250.0,49153.0,73992.0,125204.0,-3097.0,21742.0,72954.0,0.41611483253588516
48_3589,1987,1,unknown,Missing / not recorded,48_3589_19870101_1_1,454601.0,385635.0,468379.0,479460.0,-68966.0,13778.0,24859.0,0.030307896375062968
48_3589,1990,1,crack_sealing,"Transverse Joint Sealing, Lane-Shoulder Longitudinal Joint Sealing",48_3589_19901203_2_1,479460.0,170525.5,440957.0,350531.3333333333,-308934.5,-38503.0,-128928.66666666669,-0.08030492637550578
48_3589,1992,1,patching,Partial depth patching of PCC pavements at joints,48_3589_19920730_3_1,440957.0,350531.3333333333,442668.0,423782.0,-90425.66666666669,1711.0,-17175.0,0.0038801969353020817
48_3589,1997,1,patching,Partial depth patching of PCC pavements at joints,48_3589_19971001_4_1,530174.0,387241.75,628834.0,548833.6,-142932.25,98660.0,18659.599999999977,0.18608984974744142
48_3589,1999,1,patching,Partial depth patching of PCC pavements at joints,48_3589_19990930_5_1,628834.0,548833.6,265018.0,,-80000.40000000002,-363816.0,,-0.5785565029880699
48_3609,1987,1,unknown,Missing / not recorded,48_3609_19870101_1_1,37869.0,36685.0,29579.0,29499.0,-1184.0,-8290.0,-8370.0,-0.21891256700731468
48_3629,1987,1,unknown,Missing / not recorded,48_3629_19870101_1_1,859523.0,763239.0,429600.5,584180.0,-96284.0,-429922.5,-275343.0,-0.5001873131958074
48_3629,1988,1,seal_coat,Aggregate Seal Coat,48_3629_19880615_2_1,763239.0,429600.5,584180.0,492426.6666666667,-333638.5,-179059.0,-270812.3333333333,-0.2346041017296024
48_3629,1990,1,seal_coat,Slurry Seal Coat,48_3629_19900601_3_1,584180.0,492426.6666666667,567068.0,556495.0,-91753.33333333331,-17112.0,-27685.0,-0.029292341401622787
48_3669,1987,1,unknown,Missing / not recorded,48_3669_19870101_1_1,33572.0,63270.0,43785.0,44608.0,29698.0,10213.0,11036.0,0.30421184320266886
48_3669,1995,1,patching,Machine Premix Patch (placing premix with paver roller),48_3669_19951122_2_1,23572.0,14226.0,35790.0,25529.0,-9346.0,12218.0,1957.0,0.5183268284405227
48_3669,2000,1,asphalt_overlay,Asphalt Concrete Overlay,48_3669_20000915_3_1,28917.0,12963.0,24537.0,26510.0,-15954.0,-4380.0,-2407.0,-0.1514679946052495
48_3669,2003,1,seal_coat,Aggregate Seal Coat,48_3669_20030611_4_1,26510.0,19223.5,20031.0,31009.0,-7286.5,-6479.0,4499.0,-0.24439834024896265
48_3669,2011,1,seal_coat,Aggregate Seal Coat,48_3669_20110803_5_1,26534.0,21527.666666666668,27742.0,22597.0,-5006.333333333332,1208.0,-3937.0,0.04552649430918821
48_3679,1995,2,patching,Skin Patching (hand tools/hot pot to apply liquid asphalt and aggregate),48_3679_19950423_2_1 | 48_3679_19950604_3_1,49075.0,36101.333333333336,51030.0,31845.0,-12973.666666666664,1955.0,-17230.0,0.039836984207845136
48_3689,1994,1,patching,Skin Patching (hand tools/hot pot to apply liquid asphalt and aggregate),48_3689_19940510_2_1,42124.0,41841.0,43782.0,51658.0,-283.0,1658.0,9534.0,0.03935998480676099
48_3689,1995,1,patching,Skin Patching (hand tools/hot pot to apply liquid asphalt and aggregate),48_3689_19950604_3_1,41841.0,43782.0,51658.0,52802.0,1941.0,9817.0,10961.0,0.23462632346263235
48_3689,1998,1,patching,Skin Patching (hand tools/hot pot to apply liquid asphalt and aggregate),48_3689_19980528_4_1,52802.0,49313.0,25905.0,,-3489.0,-26897.0,,-0.5093935835763796
48_3699,1987,1,unknown,Missing / not recorded,48_3699_19870101_1_1,589325.0,599183.0,472947.0,500184.0,9858.0,-116378.0,-89141.0,-0.19747677427565435
48_3719,1987,1,unknown,Missing / not recorded,48_3719_19870101_1_1,193992.0,205906.0,206415.0,205851.0,11914.0,12423.0,11859.0,0.06403872324631943
48_3719,1997,1,unknown,Missing / not recorded,48_3719_19970616_2_1,170004.0,116466.0,162299.0,166665.0,-53538.0,-7705.0,-3339.0,-0.04532246300087057
48_3729,1987,1,unknown,Missing / not recorded,48_3729_19870101_1_1,224394.0,228703.0,234946.0,239758.0,4309.0,10552.0,15364.0,0.047024430243232884
48_3729,1999,2,asphalt_overlay,Aggregate Seal Coat | Asphalt Concrete Overlay,48_3729_19990409_2_1 | 48_3729_19990901_3_1,319391.0,209697.66666666666,351757.0,349916.0,-109693.33333333334,32366.0,30525.0,0.10133660622872905
48_3739,1987,1,unknown,Missing / not recorded,48_3739_19870101_1_1,163637.0,131463.0,162955.0,174161.0,-32174.0,-682.0,10524.0,-0.004167761569816118
48_3739,1994,1,seal_coat,Aggregate Seal Coat,48_3739_19940926_2_1,197842.0,124727.5,27817.333333333332,203007.0,-73114.5,-170024.66666666666,5165.0,-0.8593962185312859
48_3739,1995,1,seal_coat,Fog Seal Coat,48_3739_19950130_3_1,124727.5,27817.333333333332,203007.0,207255.0,-96910.16666666667,78279.5,82527.5,0.6276041771060913
48_3739,2001,1,patching,"Grinding Surface, Manual Premix Spot Patch (hand spreading and compacting with roller)",48_3739_20010115_4_1,321332.0,288143.25,265842.0,311695.0,-33188.75,-55490.0,-9637.0,-0.17268743853708937
48_3749,1987,1,unknown,Missing / not recorded,48_3749_19870101_1_1,125568.0,121734.0,117442.0,139176.0,-3834.0,-8126.0,13608.0,-0.06471393985728847
48_3749,1995,1,patching,"Full Depth Patch of AC Pavement (removing damaged material, repairing supporting material, and repairing)",48_3749_19951126_2_1,62787.0,31706.0,65481.0,15665.0,-31081.0,2694.0,-47122.0,0.04290697118830331
48_3769,1987,1,unknown,Missing / not recorded,48_3769_19870101_1_1,80797.0,59773.0,66036.0,75503.0,-21024.0,-14761.0,-5294.0,-0.1826924266990111
48_3769,2003,1,asphalt_overlay,Mill Off AC and Overlay with AC,48_3769_20030501_2_1,92070.0,67796.0,85485.0,92531.0,-24274.0,-6585.0,461.0,-0.07152166829586185
48_3779,1987,1,unknown,Missing / not recorded,48_3779_19870101_1_1,631790.0,411915.0,583590.0,591433.0,-219875.0,-48200.0,-40357.0,-0.07629117269978948
48_3779,2020,1,patching,"Patch Pot Holes - Hand Spread, Compacted with Truck",48_3779_20200601_2_1,77402.0,73573.0,69175.0,147258.0,-3829.0,-8227.0,69856.0,-0.10628924317201106
48_3835,1992,1,crack_sealing,Crack Sealing,48_3835_19920913_2_1,51974.0,91373.0,221064.0,131921.0,39399.0,169090.0,79947.0,3.2533574479547465
48_3835,2000,1,asphalt_overlay,"Asphalt Concrete Overlay, Aggregate Seal Coat",48_3835_20000425_3_1,227862.0,118565.33333333333,277479.0,285194.0,-109296.66666666667,49617.0,57332.0,0.21775021723674856
48_3845,1989,1,unknown,Missing / not recorded,48_3845_19890701_1_1,670026.0,682885.0,692638.0,782908.0,12859.0,22612.0,112882.0,0.03374794410963157
48_3845,2000,1,unknown,Missing / not recorded,48_3845_20000615_2_1,970180.0,741703.5,1022446.0,879273.0,-228476.5,52266.0,-90907.0,0.05387247727225876
48_3855,1987,1,unknown,Missing / not recorded,48_3855_19870101_1_1,187972.0,141728.0,219657.0,192095.0,-46244.0,31685.0,4123.0,0.16856233907177665
48_3855,1998,2,asphalt_overlay,Asphalt Concrete Overlay | Strip Patching (using spreader and distributor to apply hot liquid asphalt and aggregate),48_3855_19980630_2_1 | 48_3855_19981214_3_1,200482.0,90719.33333333333,171017.0,202571.0,-109762.66666666667,-29465.0,2089.0,-0.14697080037110563
48_3855,2006,1,seal_coat,Aggregate Seal Coat,48_3855_20060915_4_1,187761.0,121577.0,199778.0,210863.0,-66184.0,12017.0,23102.0,0.06400157647221734
48_3865,1987,1,unknown,Missing / not recorded,48_3865_19870101_1_1,80396.0,82844.0,69705.0,71963.0,2448.0,-10691.0,-8433.0,-0.13297925269913927
48_3865,2001,1,asphalt_overlay,Asphalt Concrete Overlay,48_3865_20010518_2_1,77476.0,39034.5,75844.0,54545.5,-38441.5,-1632.0,-22930.5,-0.021064587743301152
48_3865,2003,1,seal_coat,Aggregate Seal Coat,48_3865_20030707_3_1,75844.0,54545.5,82509.0,85472.0,-21298.5,6665.0,9628.0,0.08787774906386794
48_3875,1987,1,unknown,Missing / not recorded,48_3875_19870101_1_1,163074.0,155728.0,125197.0,111613.0,-7346.0,-37877.0,-51461.0,-0.23226878594993683
48_3875,1991,1,asphalt_overlay,Asphalt Concrete Overlay,48_3875_19910626_2_1,119458.0,53901.5,114168.0,162837.0,-65556.5,-5290.0,43379.0,-0.044283346448124025
48_3875,1998,1,patching,Mechanical Premix Patch (using motor grader and roller),48_3875_19980515_3_1,204360.0,169209.5,199027.0,81686.0,-35150.5,-5333.0,-122674.0,-0.026096104912898807
48_4142,1987,1,unknown,Missing / not recorded,48_4142_19870101_1_1,128531.0,126537.0,123605.0,124336.0,-1994.0,-4926.0,-4195.0,-0.03832538453758237
48_4142,2010,1,patching,Full Depth Transverse Joint Repair Patch,48_4142_20100816_2_1,182575.0,217450.5,197418.5,198626.5,34875.5,14843.5,16051.5,0.0813008352731754
48_4143,1987,1,unknown,Missing / not recorded,48_4143_19870101_1_1,43126.0,56990.0,57857.0,59074.0,13864.0,14731.0,15948.0,0.3415804850902008
48_4146,1987,1,unknown,Missing / not recorded,48_4146_19870101_1_1,71850.0,67423.0,55604.0,59406.0,-4427.0,-16246.0,-12444.0,-0.22610995128740433
48_4152,1987,1,unknown,Missing / not recorded,48_4152_19870101_1_1,31298.0,38093.0,35608.0,36277.0,6795.0,4310.0,4979.0,0.1377084797750655
48_4152,1999,1,patching,Partial depth patching of PCC pavements at joints,48_4152_19990615_2_1,47920.0,38280.5,52917.0,57647.0,-9639.5,4997.0,9727.0,0.1042779632721202
48_4152,2009,1,crack_sealing,"Transverse Joint Sealing, Lane-Shoulder Longitudinal Joint Sealing",48_4152_20091221_3_1,83400.0,47777.333333333336,9047.0,,-35622.666666666664,-74353.0,,-0.8915227817745803
48_5024,1987,1,unknown,Missing / not recorded,48_5024_19870101_1_1,118588.0,119867.0,121625.0,100481.0,1279.0,3037.0,-18107.0,0.025609673828717913
48_5024,2009,1,crack_sealing,Crack Sealing,48_5024_20091115_2_1,192278.0,97386.0,164671.0,197762.0,-94892.0,-27607.0,5484.0,-0.1435785685309812
48_5035,1987,1,unknown,Missing / not recorded,48_5035_19870101_1_1,550754.0,556735.0,566596.0,556735.0,5981.0,15842.0,5981.0,0.028764203255900095
48_5154,1987,1,unknown,Missing / not recorded,48_5154_19870101_1_1,749048.0,434779.0,439741.0,457790.0,-314269.0,-309307.0,-291258.0,-0.41293348356847626
48_5154,1990,1,crack_sealing,Lane-Shoulder Longitudinal Joint Sealing,48_5154_19900702_2_1,457790.0,448367.0,626123.0,573105.0,-9423.0,168333.0,115315.0,0.3677079010026431
48_5154,2001,2,asphalt_overlay,"Asphalt Concrete Overlay, Aggregate Seal Coat | Full Depth Patching of PCC Pavement Other Than at Joint",48_5154_20010601_3_1 | 48_5154_20010611_4_1,1111485.0,466630.75,1213240.0,1125226.0,-644854.25,101755.0,13741.0,0.09154869386451459
48_5154,2013,1,asphalt_overlay,Asphalt Concrete Overlay,48_5154_20130701_5_1,1632434.0,1009334.5,1369647.0,1397759.0,-623099.5,-262787.0,-234675.0,-0.16097863680859378
48_5154,2020,1,patching,"Patch Pot Holes - Hand Spread, Compacted with Truck",48_5154_20200601_6_1,679104.0,694478.0,706056.0,591786.0,15374.0,26952.0,-87318.0,0.03968758835171049
48_5274,1987,1,unknown,Missing / not recorded,48_5274_19870101_1_1,334143.0,331279.0,338496.0,347309.0,-2864.0,4353.0,13166.0,0.013027356550937771
48_5274,1995,1,crack_sealing,Lane-Shoulder Longitudinal Joint Sealing,48_5274_19950615_2_1,504127.0,441076.0,581028.0,666894.0,-63051.0,76901.0,162767.0,0.1525429108141401
48_5274,2000,1,asphalt_overlay,Asphalt Concrete Overlay,48_5274_20000627_3_1,623379.0,353237.3333333333,533489.0,618799.0,-270141.6666666667,-89890.0,-4580.0,-0.1441979919118225
48_5274,2012,1,asphalt_overlay,Mill Off AC and Overlay with AC,48_5274_20120920_4_1,978848.0,517404.0,1080762.0,1136541.0,-461444.0,101914.0,157693.0,0.10411626728562555
48_5278,1987,1,unknown,Missing / not recorded,48_5278_19870101_1_1,37380.0,37289.0,48443.0,42469.0,-91.0,11063.0,5089.0,0.2959604066345639
48_5278,1998,1,crack_sealing,Lane-Shoulder Longitudinal Joint Sealing,48_5278_19980615_2_1,28803.0,21890.0,22616.0,35164.0,-6913.0,-6187.0,6361.0,-0.214804013470819
48_5287,1987,1,unknown,Missing / not recorded,48_5287_19870101_1_1,204171.0,221271.0,208706.0,218300.0,17100.0,4535.0,14129.0,0.02221177346439994
48_5287,2001,1,asphalt_overlay,Asphalt Concrete Overlay,48_5287_20010801_2_1,554515.0,269085.0,347418.0,585498.0,-285430.0,-207097.0,30983.0,-0.37347411702118066
48_5287,2002,1,crack_sealing,Crack Sealing,48_5287_20020915_3_1,269085.0,347418.0,585498.0,626914.0,78333.0,316413.0,357829.0,1.1758849434193657
48_5301,1987,1,unknown,Missing / not recorded,48_5301_19870101_1_1,189357.0,213966.0,203571.0,209495.0,24609.0,14214.0,20138.0,0.07506456059189784
48_5301,2000,1,crack_sealing,Lane-Shoulder Longitudinal Joint Sealing,48_5301_20000915_2_1,245963.0,166211.5,244385.0,229996.0,-79751.5,-1578.0,-15967.0,-0.006415599094172701
48_5301,2020,1,patching,"Grinding Surface, Full Depth Patching of PCC Pavement Other Than at Joint",48_5301_20200601_3_1,198137.0,201381.0,203524.0,149988.0,3244.0,5387.0,-48149.0,0.02718825862913035
48_5317,1987,1,unknown,Missing / not recorded,48_5317_19870101_1_1,411469.0,398413.0,341173.0,328446.0,-13056.0,-70296.0,-83023.0,-0.17084154577866134
48_5317,1991,1,unknown,Missing / not recorded,48_5317_19910614_2_1,293210.0,198956.5,256318.0,283853.0,-94253.5,-36892.0,-9357.0,-0.12582108386480678
48_5317,2017,1,shoulder_restoration,PCC Shoulder Replacement,48_5317_20170201_3_1,762508.0,689089.3333333334,465485.0,484559.0,-73418.66666666663,-297023.0,-277949.0,-0.3895342737387673
48_5317,2019,1,reconstruction_or_major_rehab,PCC Slab Replacement,48_5317_20190601_4_1,465485.0,484559.0,472184.0,473741.0,19074.0,6699.0,8256.0,0.01439144118500059
48_5323,1987,1,unknown,Missing / not recorded,48_5323_19870101_1_1,606436.0,612152.0,665801.0,666709.0,5716.0,59365.0,60273.0,0.09789161593309105
48_5323,1995,1,crack_sealing,Lane-Shoulder Longitudinal Joint Sealing,48_5323_19950502_2_1,1178037.0,911623.0,1122929.0,1202840.0,-266414.0,-55108.0,24803.0,-0.046779515414201764
48_5323,1998,1,patching,"Full Depth Patching of PCC Pavement Other Than at Joint, Partial Depth Patching of PCC Pavement Other Than at Joint",48_5323_19980601_3_1,1202840.0,942611.0,1276786.5,1474492.0,-260229.0,73946.5,271652.0,0.06147658873998204
48_5323,1999,1,patching,Full Depth Patching of PCC Pavement Other Than at Joint,48_5323_19990721_4_1,942611.0,1276786.5,1474492.0,1397206.2,334175.5,531881.0,454595.19999999995,0.5642635190974856
48_5323,2001,1,patching,"Full Depth Patching of PCC Pavement Other Than at Joint, Partial Depth Patching of PCC Pavement Other Than at Joint",48_5323_20010720_5_1,1474492.0,1397206.2,792006.0,,-77285.80000000005,-682486.0,,-0.4628617856183689
48_5328,1987,1,unknown,Missing / not recorded,48_5328_19870101_1_1,308447.0,301714.0,382305.0,395844.0,-6733.0,73858.0,87397.0,0.23945118610328517
48_5334,1987,1,unknown,Missing / not recorded,48_5334_19870101_1_1,524572.0,522380.0,476800.0,519198.0,-2192.0,-47772.0,-5374.0,-0.09106852824779058
48_5335,1987,1,unknown,Missing / not recorded,48_5335_19870101_1_1,614636.0,602146.0,675500.0,676385.0,-12490.0,60864.0,61749.0,0.09902446325955525
48_5335,2000,1,patching,Full Depth Patching of PCC Pavement Other Than at Joint,48_5335_20000623_2_1,1694096.0,1301667.0,1652687.0,1719700.0,-392429.0,-41409.0,25604.0,-0.024443124828817258
48_5335,2012,1,asphalt_overlay,Asphalt Concrete Overlay,48_5335_20121025_3_1,1677450.0,1027901.0,2170911.0,2264384.0,-649549.0,493461.0,586934.0,0.29417329875704196
48_5336,1988,1,unknown,Missing / not recorded,48_5336_19880515_1_1,191625.0,146964.0,150314.0,169188.0,-44661.0,-41311.0,-22437.0,-0.21558251793868233
48_6079,1987,1,unknown,Missing / not recorded,48_6079_19870101_1_1,615667.0,630797.0,657462.0,671374.0,15130.0,41795.0,55707.0,0.06788572393842775
48_6079,1991,1,patching,"Patch Pot Holes - Hand Spread, Compacted with Truck",48_6079_19910414_2_1,859733.0,806575.5,753800.3333333334,1023766.0,-53157.5,-105932.66666666663,164033.0,-0.12321577357931664
48_6079,1992,1,patching,"Patch Pot Holes - Hand Spread, Compacted with Truck",48_6079_19920615_3_1,806575.5,753800.3333333334,1023766.0,915952.5,-52775.16666666663,217190.5,109377.0,0.26927485399692896
48_6079,1994,1,patching,"Patch Pot Holes - Hand Spread, Compacted with Truck",48_6079_19940615_4_1,1023766.0,915952.5,1026902.0,875437.6,-107813.5,3136.0,-148328.40000000002,0.00306319998906
48_6079,1996,1,patching,"Patch Pot Holes - Hand Spread, Compacted with Truck",48_6079_19960615_5_1,1026902.0,875437.6,813923.0,1379026.0,-151464.40000000002,-212979.0,352124.0,-0.2073995376384504
48_6079,1998,1,patching,"Patch Pot Holes - Hand Spread, Compacted with Truck",48_6079_19980615_6_1,813923.0,1379026.0,832478.2857142857,1058625.0,565103.0,18555.28571428568,244702.0,0.02279734780106433
48_6079,1999,1,asphalt_overlay,Asphalt Concrete Overlay,48_6079_19990915_7_1,1379026.0,832478.2857142857,1058625.0,1202061.0,-546547.7142857143,-320401.0,-176965.0,-0.23233862160684426
48_6086,1987,1,unknown,Missing / not recorded,48_6086_19870101_1_1,168027.0,164512.0,146762.0,147614.0,-3515.0,-21265.0,-20413.0,-0.12655704142786575
48_6086,1996,1,seal_coat,Aggregate Seal Coat,48_6086_19961114_2_1,167334.0,97306.0,210533.0,230955.0,-70028.0,43199.0,63621.0,0.25816032605447786
48_6160,1987,1,unknown,Missing / not recorded,48_6160_19870101_1_1,126965.0,117299.0,105599.0,107436.0,-9666.0,-21366.0,-19529.0,-0.1682825975662584
48_6179,1987,1,unknown,Missing / not recorded,48_6179_19870101_1_1,92881.0,120475.0,112541.0,110636.0,27594.0,19660.0,17755.0,0.21166869435083602
48_6179,1997,1,crack_sealing,"Crack Sealing, Fog Seal Coat",48_6179_19970915_2_1,92498.0,91313.5,137736.0,119483.0,-1184.5,45238.0,26985.0,0.4890700339466799
48_6179,1999,1,seal_coat,Aggregate Seal Coat,48_6179_19990829_3_1,137736.0,119483.0,147411.0,164758.0,-18253.0,9675.0,27022.0,0.0702430737062206
48_7165,1987,1,unknown,Missing / not recorded,48_7165_19870101_1_1,333679.0,360053.0,344063.0,344880.0,26374.0,10384.0,11201.0,0.031119728841191685
48_7165,1992,1,asphalt_overlay,Mill Off AC and Overlay with AC,48_7165_19920813_2_1,209540.0,101109.5,158631.0,184759.0,-108430.5,-50909.0,-24781.0,-0.24295599885463395
48_9005,1987,1,unknown,Missing / not recorded,48_9005_19870101_1_1,8100.0,30232.0,39478.0,24234.0,22132.0,31378.0,16134.0,3.873827160493827
48_9005,1998,1,asphalt_overlay,"Asphalt Concrete Overlay, Aggregate Seal Coat",48_9005_19980914_2_1,17491.0,11376.5,32555.0,50237.0,-6114.5,15064.0,32746.0,0.8612429249328226
48_9005,2004,1,crack_sealing,Crack Sealing,48_9005_20040915_3_1,53803.0,32106.5,62598.0,91573.0,-21696.5,8795.0,37770.0,0.16346672118655092
48_9167,1988,1,unknown,Missing / not recorded,48_9167_19880515_1_1,517232.0,573631.0,591717.0,583095.0,56399.0,74485.0,65863.0,0.14400694465926314
48_9355,1989,1,unknown,Missing / not recorded,48_9355_19890915_1_1,696577.0,731305.0,750593.0,794105.0,34728.0,54016.0,97528.0,0.07754490889018731
48_A310,1987,1,unknown,Missing / not recorded,48_A310_19870101_1_1,17673.0,20306.0,11685.0,6230.5,2633.0,-5988.0,-11442.5,-0.33882193176031233
48_A310,1989,1,asphalt_overlay,Asphalt Concrete Overlay,48_A310_19891204_2_1,11685.0,6230.5,50154.0,36311.0,-5454.5,38469.0,24626.0,3.2921694480102697
48_A320,1987,1,unknown,Missing / not recorded,48_A320_19870101_1_1,17673.0,20306.0,11685.0,6230.5,2633.0,-5988.0,-11442.5,-0.33882193176031233
48_A320,1989,1,seal_coat,Slurry Seal Coat,48_A320_19891204_2_1,11685.0,6230.5,50154.0,36311.0,-5454.5,38469.0,24626.0,3.2921694480102697
48_A330,1987,1,unknown,Missing / not recorded,48_A330_19870101_1_1,17673.0,20306.0,11685.0,11573.0,2633.0,-5988.0,-6100.0,-0.33882193176031233
48_A340,1987,1,unknown,Missing / not recorded,48_A340_19870101_1_1,17673.0,20306.0,11685.0,11573.0,2633.0,-5988.0,-6100.0,-0.33882193176031233
48_A410,1987,1,unknown,Missing / not recorded,48_A410_19870101_1_1,59876.0,60816.0,58693.0,61276.0,940.0,-1183.0,1400.0,-0.01975749883091723
48_A410,1990,1,crack_sealing,"Transverse Joint Sealing, Lane-Shoulder Longitudinal Joint Sealing",48_A410_19901119_2_1,61276.0,27820.0,38785.0,114739.0,-33456.0,-22491.0,53463.0,-0.36704419348521444
48_A420,1987,1,unknown,Missing / not recorded,48_A420_19870101_1_1,137071.0,139324.0,134581.0,140216.0,2253.0,-2490.0,3145.0,-0.01816576810558032
48_A420,1990,1,crack_sealing,"Transverse Joint Sealing, Lane-Shoulder Longitudinal Joint Sealing",48_A420_19901119_2_1,140216.0,65851.0,87186.0,279567.0,-74365.0,-53030.0,139351.0,-0.3782022023164261
48_A430,1987,1,unknown,Missing / not recorded,48_A430_19870101_1_1,137071.0,139324.0,134581.0,140216.0,2253.0,-2490.0,3145.0,-0.01816576810558032
48_A502,1987,1,unknown,Missing / not recorded,48_A502_19870101_1_1,232795.0,123636.0,144583.0,132890.0,-109159.0,-88212.0,-99905.0,-0.3789256642110011
48_A502,1991,1,asphalt_overlay,"AC Shoulder Restoration, Hot-Mix Recycled Asphalt Concrete Overlay",48_A502_19910925_2_1,95038.0,58018.0,92319.0,96470.0,-37020.0,-2719.0,1432.0,-0.028609608788063724
48_A502,2015,1,seal_coat,Aggregate Seal Coat,48_A502_20150815_3_1,152374.0,121324.33333333333,153989.0,154166.0,-31049.66666666667,1615.0,1792.0,0.010598921075774082
48_A503,1987,1,unknown,Missing / not recorded,48_A503_19870101_1_1,232795.0,123636.0,144583.0,132890.0,-109159.0,-88212.0,-99905.0,-0.3789256642110011
48_A503,1991,1,asphalt_overlay,"AC Shoulder Restoration, Hot-Mix Recycled Asphalt Concrete Overlay",48_A503_19910920_2_1,95038.0,58644.5,92319.0,96470.0,-36393.5,-2719.0,1432.0,-0.028609608788063724
48_A503,2015,1,seal_coat,Aggregate Seal Coat,48_A503_20150815_3_1,152374.0,121324.33333333333,153989.0,154166.0,-31049.66666666667,1615.0,1792.0,0.010598921075774082
48_A504,1987,1,unknown,Missing / not recorded,48_A504_19870101_1_1,232795.0,123636.0,144583.0,132890.0,-109159.0,-88212.0,-99905.0,-0.3789256642110011
48_A504,1991,1,asphalt_overlay,"AC Shoulder Restoration, Asphalt Concrete Overlay",48_A504_19911016_2_1,95038.0,55386.5,92319.0,96470.0,-39651.5,-2719.0,1432.0,-0.028609608788063724
48_A504,2015,1,seal_coat,Aggregate Seal Coat,48_A504_20150815_3_1,152374.0,121324.33333333333,153989.0,154166.0,-31049.66666666667,1615.0,1792.0,0.010598921075774082
48_A505,1987,1,unknown,Missing / not recorded,48_A505_19870101_1_1,232795.0,123636.0,144583.0,132890.0,-109159.0,-88212.0,-99905.0,-0.3789256642110011
48_A505,1991,1,asphalt_overlay,"AC Shoulder Restoration, Asphalt Concrete Overlay",48_A505_19911020_2_1,95038.0,54885.0,92319.0,96470.0,-40153.0,-2719.0,1432.0,-0.028609608788063724
48_A505,2015,1,seal_coat,Aggregate Seal Coat,48_A505_20150815_3_1,152374.0,121324.33333333333,153989.0,154166.0,-31049.66666666667,1615.0,1792.0,0.010598921075774082
48_A506,1987,1,unknown,Missing / not recorded,48_A506_19870101_1_1,232795.0,123636.0,144583.0,132890.0,-109159.0,-88212.0,-99905.0,-0.3789256642110011
48_A506,1991,1,asphalt_overlay,"AC Shoulder Restoration, Mill Off AC and Overlay with AC",48_A506_19910728_2_1,95038.0,65411.0,92319.0,96470.0,-29627.0,-2719.0,1432.0,-0.028609608788063724
48_A506,2015,1,seal_coat,Aggregate Seal Coat,48_A506_20150815_3_1,152374.0,121324.33333333333,153989.0,154166.0,-31049.66666666667,1615.0,1792.0,0.010598921075774082
48_A507,1987,1,unknown,Missing / not recorded,48_A507_19870101_1_1,232795.0,123636.0,144583.0,132890.0,-109159.0,-88212.0,-99905.0,-0.3789256642110011
48_A507,1991,1,asphalt_overlay,"AC Shoulder Restoration, Mill Off AC and Overlay with AC",48_A507_19910728_2_1,95038.0,65411.0,92319.0,96470.0,-29627.0,-2719.0,1432.0,-0.028609608788063724
48_A507,2015,1,seal_coat,Aggregate Seal Coat,48_A507_20150815_3_1,152374.0,121324.33333333333,153989.0,154166.0,-31049.66666666667,1615.0,1792.0,0.010598921075774082
48_A508,1987,1,unknown,Missing / not recorded,48_A508_19870101_1_1,232795.0,123636.0,144583.0,132890.0,-109159.0,-88212.0,-99905.0,-0.3789256642110011
48_A508,1991,1,asphalt_overlay,"AC Shoulder Restoration, Mill Existing Pavement and Overlay with Hot-Mix Recycled AC",48_A508_19910724_2_1,95038.0,65912.0,92319.0,96470.0,-29126.0,-2719.0,1432.0,-0.028609608788063724
48_A508,2015,1,seal_coat,Aggregate Seal Coat,48_A508_20150815_3_1,152374.0,121324.33333333333,153989.0,154166.0,-31049.66666666667,1615.0,1792.0,0.010598921075774082
48_A509,1987,1,unknown,Missing / not recorded,48_A509_19870101_1_1,232795.0,123636.0,144583.0,132890.0,-109159.0,-88212.0,-99905.0,-0.3789256642110011
48_A509,1991,1,asphalt_overlay,"AC Shoulder Restoration, Mill Existing Pavement and Overlay with Hot-Mix Recycled AC",48_A509_19910724_2_1,95038.0,65912.0,92319.0,96470.0,-29126.0,-2719.0,1432.0,-0.028609608788063724
48_A509,2015,1,seal_coat,Aggregate Seal Coat,48_A509_20150815_3_1,152374.0,121324.33333333333,153989.0,154166.0,-31049.66666666667,1615.0,1792.0,0.010598921075774082
48_A808,2005,1,patching,Full Depth Patching of PCC Pavement Other Than at Joint,48_A808_20050601_2_1,8051.0,6655.0,6913.0,9015.0,-1396.0,-1138.0,964.0,-0.14134890075766984
48_AA01,2015,1,asphalt_overlay,Hot-Mix Recycled Asphalt Concrete Overlay,48_AA01_20150211_2_1,109069.0,114205.0,110839.0,116406.0,5136.0,1770.0,7337.0,0.01622825917538439
48_AA01,2018,1,crack_sealing,Crack Sealing,48_AA01_20180101_3_1,116406.0,147219.0,150643.0,142963.0,30813.0,34237.0,26557.0,0.2941171417280896
48_AA02,2015,1,asphalt_overlay,Warm Mix AC Overlay with RAP and/or RAS,48_AA02_20150213_2_1,109069.0,114205.0,110839.0,116406.0,5136.0,1770.0,7337.0,0.01622825917538439
48_AA02,2018,1,crack_sealing,Crack Sealing,48_AA02_20180101_3_1,116406.0,147219.0,150643.0,142963.0,30813.0,34237.0,26557.0,0.2941171417280896
48_AA03,2015,1,asphalt_overlay,Warm Mix AC Overlay with RAP and/or RAS,48_AA03_20150211_2_1,109069.0,114205.0,110839.0,116406.0,5136.0,1770.0,7337.0,0.01622825917538439
48_AA03,2018,1,crack_sealing,Crack Sealing,48_AA03_20180101_3_1,116406.0,147219.0,150643.0,142963.0,30813.0,34237.0,26557.0,0.2941171417280896
48_B310,1987,1,unknown,Missing / not recorded,48_B310_19870101_1_1,240753.0,127823.0,149526.0,137502.0,-112930.0,-91227.0,-103251.0,-0.3789236271199113
48_B310,1990,2,asphalt_overlay,Asphalt Concrete Overlay | Crack Sealing,48_B310_19900913_2_1 | 48_B310_19900919_3_1,137502.0,52004.333333333336,94707.0,95716.0,-85497.66666666666,-42795.0,-41786.0,-0.3112318366278309
48_B320,1987,1,unknown,Missing / not recorded,48_B320_19870101_1_1,240753.0,127823.0,149526.0,137502.0,-112930.0,-91227.0,-103251.0,-0.3789236271199113
48_B320,1990,2,crack_sealing,Crack Sealing | Slurry Seal Coat,48_B320_19900913_2_1 | 48_B320_19900926_3_1,137502.0,51375.666666666664,94707.0,95716.0,-86126.33333333334,-42795.0,-41786.0,-0.3112318366278309
48_B330,1987,1,unknown,Missing / not recorded,48_B330_19870101_1_1,240753.0,127823.0,149526.0,137502.0,-112930.0,-91227.0,-103251.0,-0.3789236271199113
48_B330,1990,1,crack_sealing,Crack Sealing,48_B330_19900925_2_1,137502.0,62378.0,94707.0,95716.0,-75124.0,-42795.0,-41786.0,-0.3112318366278309
48_B340,1987,1,unknown,Missing / not recorded,48_B340_19870101_1_1,240753.0,127823.0,149526.0,137502.0,-112930.0,-91227.0,-103251.0,-0.3789236271199113
48_B340,2002,1,patching,Manual Premix Spot Patch (hand spreading and compacting with roller),48_B340_20020103_2_1,159860.0,169764.5,160820.0,152155.0,9904.5,960.0,-7705.0,0.006005254597773051
48_B350,1987,1,unknown,Missing / not recorded,48_B350_19870101_1_1,240753.0,127823.0,149526.0,137502.0,-112930.0,-91227.0,-103251.0,-0.3789236271199113
48_B350,1990,2,crack_sealing,Aggregate Seal Coat | Crack Sealing,48_B350_19900912_2_1 | 48_B350_19900925_3_1,137502.0,51555.0,94707.0,95716.0,-85947.0,-42795.0,-41786.0,-0.3112318366278309
48_B350,2000,1,patching,"Patch Pot Holes - Hand Spread, Compacted with Truck",48_B350_20000515_4_1,177752.0,150196.0,159860.0,170231.0,-27556.0,-17892.0,-7521.0,-0.10065709527881543
48_B410,1987,1,unknown,Missing / not recorded,48_B410_19870101_1_1,43126.0,56990.0,57857.0,59074.0,13864.0,14731.0,15948.0,0.3415804850902008
48_B410,1990,1,crack_sealing,"Transverse Joint Sealing, Lane-Shoulder Longitudinal Joint Sealing",48_B410_19901207_2_1,59074.0,18489.5,37747.0,50841.0,-40584.5,-21327.0,-8233.0,-0.3610217693062938
48_B420,1987,1,unknown,Missing / not recorded,48_B420_19870101_1_1,43126.0,56990.0,57857.0,59074.0,13864.0,14731.0,15948.0,0.3415804850902008
48_B420,1990,1,crack_sealing,"Pressure Grout Subsealing, Transverse Joint Sealing, Lane-Shoulder Longitudinal Joint Sealing",48_B420_19901204_2_1,59074.0,18632.0,37747.0,50841.0,-40442.0,-21327.0,-8233.0,-0.3610217693062938
48_B430,1987,1,unknown,Missing / not recorded,48_B430_19870101_1_1,43126.0,56990.0,57857.0,59074.0,13864.0,14731.0,15948.0,0.3415804850902008
48_C410,1987,1,unknown,Missing / not recorded,48_C410_19870101_1_1,454601.0,385635.0,468379.0,479460.0,-68966.0,13778.0,24859.0,0.030307896375062968
48_C410,1990,1,crack_sealing,"Transverse Joint Sealing, Lane-Shoulder Longitudinal Joint Sealing",48_C410_19901203_2_1,479460.0,170525.5,440957.0,380565.6666666667,-308934.5,-38503.0,-98894.33333333331,-0.08030492637550578
48_C410,1992,1,patching,Partial depth patching of PCC pavements at joints,48_C410_19920515_3_1,440957.0,380565.6666666667,364746.25,423782.0,-60391.333333333314,-76210.75,-17175.0,-0.1728303440017961
48_C410,1993,1,patching,"Full Depth Patching of PCC Pavement Other Than at Joint, Partial depth patching of PCC pavements at joints",48_C410_19930915_4_1,380565.6666666667,364746.25,423782.0,446145.0,-15819.416666666686,43216.333333333314,65579.33333333331,0.1135581507177473
48_C410,1999,1,patching,Partial depth patching of PCC pavements at joints,48_C410_19990515_5_1,637639.0,584161.2,265018.0,,-53477.80000000005,-372621.0,,-0.5843761125025289
48_C420,1987,1,unknown,Missing / not recorded,48_C420_19870101_1_1,454601.0,385635.0,468379.0,479460.0,-68966.0,13778.0,24859.0,0.030307896375062968
48_C420,1990,1,crack_sealing,"Transverse Joint Sealing, Lane-Shoulder Longitudinal Joint Sealing",48_C420_19901203_2_1,479460.0,170525.5,440957.0,380565.6666666667,-308934.5,-38503.0,-98894.33333333331,-0.08030492637550578
48_C420,1992,1,patching,Partial depth patching of PCC pavements at joints,48_C420_19920515_3_1,440957.0,380565.6666666667,331333.8,399013.0,-60391.333333333314,-109623.20000000001,-41944.0,-0.24860292500175757
48_C420,1993,2,patching,Full Depth Patching of PCC Pavement Other Than at Joint | Partial depth patching of PCC pavements at joints,48_C420_19930722_4_1 | 48_C420_19930915_5_1,380565.6666666667,331333.8,399013.0,386404.375,-49231.8666666667,18447.333333333314,5838.708333333314,0.04847345661764894
48_C420,1994,1,patching,Full Depth Patching of PCC Pavement Other Than at Joint,48_C420_19940509_6_1,331333.8,399013.0,386404.375,530174.0,67679.20000000001,55070.57500000001,198840.2,0.16620874477641584
48_C420,1995,2,patching,Full Depth Patching of PCC Pavement Other Than at Joint | Partial depth patching of PCC pavements at joints,48_C420_19950515_7_1 | 48_C420_19950915_8_1,399013.0,386404.375,530174.0,476304.0,-12608.625,131161.0,77291.0,0.3287136008099987
48_C430,1987,1,unknown,Missing / not recorded,48_C430_19870101_1_1,454601.0,385635.0,468379.0,479460.0,-68966.0,13778.0,24859.0,0.030307896375062968
48_C430,1992,1,patching,Partial depth patching of PCC pavements at joints,48_C430_19920515_2_1,440957.0,353890.5,338772.3333333333,423782.0,-87066.5,-102184.66666666669,-17175.0,-0.23173385764749552
48_C430,1993,1,patching,"Full Depth Transverse Joint Repair Patch, Partial depth patching of PCC pavements at joints",48_C430_19930915_3_1,353890.5,338772.3333333333,423782.0,405197.5,-15118.166666666686,69891.5,51307.0,0.19749470528313137
48_C430,1995,1,patching,Partial depth patching of PCC pavements at joints,48_C430_19950515_4_1,423782.0,405197.5,530174.0,476304.0,-18584.5,106392.0,52522.0,0.2510536077511551
48_C430,1999,1,patching,Partial depth patching of PCC pavements at joints,48_C430_19990515_5_1,637639.0,584161.2,265018.0,,-53477.80000000005,-372621.0,,-0.5843761125025289
48_D310,1987,1,unknown,Missing / not recorded,48_D310_19870101_1_1,237354.0,239251.0,242721.0,244292.0,1897.0,5367.0,6938.0,0.022611795040319523
48_D310,1990,2,asphalt_overlay,Asphalt Concrete Overlay | Crack Sealing,48_D310_19900808_2_1 | 48_D310_19901011_3_1,244292.0,179509.66666666666,358128.0,380924.0,-64782.33333333334,113836.0,136632.0,0.4659833314230511
48_D320,1987,1,unknown,Missing / not recorded,48_D320_19870101_1_1,237354.0,239251.0,242721.0,244292.0,1897.0,5367.0,6938.0,0.022611795040319523
48_D320,1990,2,crack_sealing,Crack Sealing | Slurry Seal Coat,48_D320_19900808_2_1 | 48_D320_19900917_3_1,244292.0,186774.66666666666,358128.0,380924.0,-57517.33333333334,113836.0,136632.0,0.4659833314230511
48_D330,1987,1,unknown,Missing / not recorded,48_D330_19870101_1_1,237354.0,239251.0,242721.0,244292.0,1897.0,5367.0,6938.0,0.022611795040319523
48_D330,1990,2,crack_sealing,Crack Sealing,48_D330_19900808_2_1 | 48_D330_19900917_3_1,244292.0,186774.66666666666,344637.0,380924.0,-57517.33333333334,100345.0,136632.0,0.41075843662502254
48_D330,1991,1,seal_coat,Fog Seal Coat,48_D330_19910225_4_1,186774.66666666666,344637.0,380924.0,372307.0,157862.33333333334,194149.33333333334,185532.33333333334,1.0394842983702288
48_D350,1987,1,unknown,Missing / not recorded,48_D350_19870101_1_1,237354.0,239251.0,242721.0,244292.0,1897.0,5367.0,6938.0,0.022611795040319523
48_D350,1990,2,crack_sealing,Aggregate Seal Coat | Crack Sealing,48_D350_19900808_2_1 | 48_D350_19900917_3_1,244292.0,186774.66666666666,358128.0,380924.0,-57517.33333333334,113836.0,136632.0,0.4659833314230511
48_D410,1987,1,unknown,Missing / not recorded,48_D410_19870101_1_1,31298.0,38093.0,35608.0,36277.0,6795.0,4310.0,4979.0,0.1377084797750655
48_D410,1990,1,crack_sealing,"Crack Sealing, Transverse Joint Sealing, Lane-Shoulder Longitudinal Joint Sealing",48_D410_19901203_2_1,36277.0,21643.0,25476.0,36217.0,-14634.0,-10801.0,-60.0,-0.2977368580643383
48_D420,1987,1,unknown,Missing / not recorded,48_D420_19870101_1_1,31298.0,38093.0,35608.0,36277.0,6795.0,4310.0,4979.0,0.1377084797750655
48_D420,1990,1,crack_sealing,"Crack Sealing, Transverse Joint Sealing, Lane-Shoulder Longitudinal Joint Sealing",48_D420_19901203_2_1,36277.0,21643.0,25476.0,36217.0,-14634.0,-10801.0,-60.0,-0.2977368580643383
48_D430,1987,1,unknown,Missing / not recorded,48_D430_19870101_1_1,31298.0,38093.0,35608.0,36277.0,6795.0,4310.0,4979.0,0.1377084797750655
48_E310,1987,1,unknown,Missing / not recorded,48_E310_19870101_1_1,191185.0,171656.0,154525.0,137900.0,-19529.0,-36660.0,-53285.0,-0.19175144493553364
48_E310,1990,2,asphalt_overlay,"Asphalt Concrete Overlay | Crack Sealing, Strip Patching (using spreader and distributor to apply hot liquid asphalt and aggregate)",48_E310_19900801_2_1 | 48_E310_19900924_3_1,137900.0,79217.66666666667,127499.0,108954.0,-58682.33333333333,-10401.0,-28946.0,-0.07542422044960116
48_E320,1987,1,unknown,Missing / not recorded,48_E320_19870101_1_1,191185.0,171656.0,154525.0,137900.0,-19529.0,-36660.0,-53285.0,-0.19175144493553364
48_E320,1990,2,crack_sealing,"Crack Sealing, Patch Pot Holes - Hand Spread, Compacted with Truck | Slurry Seal Coat",48_E320_19900801_2_1 | 48_E320_19900913_3_1,137900.0,80630.0,118940.75,105143.6,-57270.0,-18959.25,-32756.399999999994,-0.13748549673676577
48_E320,1991,1,patching,Skin Patching (hand tools/hot pot to apply liquid asphalt and aggregate),48_E320_19910409_4_1,80630.0,118940.75,105143.6,118591.0,38310.75,24513.600000000006,37961.0,0.30402579684980785
48_E320,1992,1,patching,Skin Patching (hand tools/hot pot to apply liquid asphalt and aggregate),48_E320_19920305_5_1,118940.75,105143.6,118591.0,42164.0,-13797.149999999994,-349.75,-76776.75,-0.0029405397225088963
48_E330,1987,1,unknown,Missing / not recorded,48_E330_19870101_1_1,191185.0,171656.0,154525.0,137900.0,-19529.0,-36660.0,-53285.0,-0.19175144493553364
48_E330,1990,1,patching,Skin Patching (hand tools/hot pot to apply liquid asphalt and aggregate),48_E330_19900801_2_1,137900.0,99760.5,116088.0,106795.75,-38139.5,-21812.0,-31104.25,-0.1581725888324873
48_E330,1991,1,crack_sealing,"Crack Sealing, Skin Patching (hand tools/hot pot to apply liquid asphalt and aggregate)",48_E330_19910409_3_1,99760.5,116088.0,106795.75,118591.0,16327.5,7035.25,18830.5,0.07052139875000626
48_E330,1992,1,crack_sealing,"Crack Sealing, Skin Patching (hand tools/hot pot to apply liquid asphalt and aggregate)",48_E330_19920130_4_1,116088.0,106795.75,118591.0,42164.0,-9292.25,2503.0,-73924.0,0.021561229412170077
48_E340,1987,1,unknown,Missing / not recorded,48_E340_19870101_1_1,191185.0,171656.0,154525.0,137900.0,-19529.0,-36660.0,-53285.0,-0.19175144493553364
48_E340,1990,1,patching,Skin Patching (hand tools/hot pot to apply liquid asphalt and aggregate),48_E340_19900730_2_1,137900.0,100145.5,116088.0,104191.0,-37754.5,-21812.0,-33709.0,-0.1581725888324873
48_E340,1991,1,patching,Skin Patching (hand tools/hot pot to apply liquid asphalt and aggregate),48_E340_19910409_3_1,100145.5,116088.0,104191.0,118591.0,15942.5,4045.5,18445.5,0.040396223494815045
48_E340,1992,1,patching,Skin Patching (hand tools/hot pot to apply liquid asphalt and aggregate),48_E340_19920305_4_1,116088.0,104191.0,118591.0,42164.0,-11897.0,2503.0,-73924.0,0.021561229412170077
48_E350,1987,1,unknown,Missing / not recorded,48_E350_19870101_1_1,191185.0,171656.0,154525.0,137900.0,-19529.0,-36660.0,-53285.0,-0.19175144493553364
48_E350,1990,2,crack_sealing,"Aggregate Seal Coat | Crack Sealing, Skin Patching (hand tools/hot pot to apply liquid asphalt and aggregate)",48_E350_19900801_2_1 | 48_E350_19900913_3_1,137900.0,80630.0,118940.75,105143.6,-57270.0,-18959.25,-32756.399999999994,-0.13748549673676577
48_E350,1991,1,patching,Skin Patching (hand tools/hot pot to apply liquid asphalt and aggregate),48_E350_19910409_4_1,80630.0,118940.75,105143.6,118591.0,38310.75,24513.600000000006,37961.0,0.30402579684980785
48_E350,1992,1,patching,Skin Patching (hand tools/hot pot to apply liquid asphalt and aggregate),48_E350_19920305_5_1,118940.75,105143.6,118591.0,42164.0,-13797.149999999994,-349.75,-76776.75,-0.0029405397225088963
48_E351,1987,1,unknown,Missing / not recorded,48_E351_19870101_1_1,191185.0,171656.0,154525.0,137900.0,-19529.0,-36660.0,-53285.0,-0.19175144493553364
48_E351,1990,1,crack_sealing,Crack Sealing,48_E351_19900801_2_1,137900.0,99760.5,127499.0,108954.0,-38139.5,-10401.0,-28946.0,-0.07542422044960116
48_E352,1987,1,unknown,Missing / not recorded,48_E352_19870101_1_1,191185.0,171656.0,154525.0,137900.0,-19529.0,-36660.0,-53285.0,-0.19175144493553364
48_E352,1990,2,crack_sealing,"Crack Sealing | Surface Treatment, Double Layer",48_E352_19900801_2_1 | 48_E352_19900918_3_1,137900.0,79988.33333333333,127499.0,108954.0,-57911.66666666667,-10401.0,-28946.0,-0.07542422044960116
48_E410,1987,1,unknown,Missing / not recorded,48_E410_19870101_1_1,128531.0,126537.0,123605.0,124336.0,-1994.0,-4926.0,-4195.0,-0.03832538453758237
48_E410,1990,1,crack_sealing,"Transverse Joint Sealing, Lane-Shoulder Longitudinal Joint Sealing",48_E410_19901212_2_1,124336.0,62160.5,129762.0,63118.0,-62175.5,5426.0,-61218.0,0.043639814695663366
48_E420,1987,1,unknown,Missing / not recorded,48_E420_19870101_1_1,128531.0,126537.0,123605.0,124336.0,-1994.0,-4926.0,-4195.0,-0.03832538453758237
48_E420,1990,1,crack_sealing,"Transverse Joint Sealing, Lane-Shoulder Longitudinal Joint Sealing, Partial depth patching of PCC pavements at joints",48_E420_19901211_2_1,124336.0,62322.0,129762.0,63118.0,-62014.0,5426.0,-61218.0,0.043639814695663366
48_E420,1999,1,patching,Partial depth patching of PCC pavements at joints,48_E420_19990515_3_1,200794.0,187915.33333333334,188773.0,185396.25,-12878.666666666657,-12021.0,-15397.75,-0.05986732671294959
48_E420,2001,1,patching,Full Depth Transverse Joint Repair Patch,48_E420_20010615_4_1,188773.0,185396.25,167080.0,179259.0,-3376.75,-21693.0,-9514.0,-0.11491579833980495
48_E430,1987,1,unknown,Missing / not recorded,48_E430_19870101_1_1,128531.0,126537.0,123605.0,124336.0,-1994.0,-4926.0,-4195.0,-0.03832538453758237
48_E430,1996,1,patching,"Full Depth Transverse Joint Repair Patch, Partial depth patching of PCC pavements at joints",48_E430_19960813_2_1,190784.0,130157.5,239980.0,200794.0,-60626.5,49196.0,10010.0,0.25786229453203624
48_F310,1990,1,asphalt_overlay,Asphalt Concrete Overlay,48_F310_19901014_2_1,93413.0,39877.5,52250.0,63569.0,-53535.5,-41163.0,-29844.0,-0.44065601147591876
48_F320,1990,1,seal_coat,Slurry Seal Coat,48_F320_19901003_2_1,93413.0,40865.0,52250.0,63569.0,-52548.0,-41163.0,-29844.0,-0.44065601147591876
48_F320,1994,1,patching,Manual Premix Spot Patch (hand spreading and compacting with roller),48_F320_19940906_3_1,73992.0,96847.33333333333,78208.0,91056.0,22855.33333333333,4216.0,17064.0,0.05697913287923019
48_F330,1990,1,crack_sealing,Crack Sealing,48_F330_19901003_2_1,93413.0,40865.0,52250.0,63569.0,-52548.0,-41163.0,-29844.0,-0.44065601147591876
48_F330,1994,1,patching,"Patch Pot Holes - Hand Spread, Compacted with Truck",48_F330_19940906_3_1,73992.0,96847.33333333333,72851.25,91056.0,22855.33333333333,-1140.75,17064.0,-0.01541720726565034
48_F330,1995,1,patching,Manual Premix Spot Patch (hand spreading and compacting with roller),48_F330_19950411_4_1,96847.33333333333,72851.25,91056.0,55876.0,-23996.08333333333,-5791.3333333333285,-40971.33333333333,-0.05979858333734877
48_F350,1990,1,seal_coat,Aggregate Seal Coat,48_F350_19901003_2_1,93413.0,40865.0,52250.0,55753.0,-52548.0,-41163.0,-37660.0,-0.44065601147591876
48_F350,1992,1,patching,Mechanical Premix Patch (using motor grader and roller),48_F350_19920515_3_1,52250.0,55753.0,73992.0,103936.5,3503.0,21742.0,51686.5,0.41611483253588516
48_F350,1994,1,patching,Manual Premix Spot Patch (hand spreading and compacting with roller),48_F350_19940906_4_1,73992.0,103936.5,21855.0,,29944.5,-52137.0,,-0.704630230295167
48_G310,1987,1,unknown,Missing / not recorded,48_G310_19870101_1_1,76327.0,80424.0,79528.0,76327.0,4097.0,3201.0,0.0,0.04193797738677008
48_G310,1990,1,asphalt_overlay,Asphalt Concrete Overlay,48_G310_19901014_2_1,76327.0,18990.0,41741.0,40751.0,-57337.0,-34586.0,-35576.0,-0.45312929893746645
48_G320,1987,1,unknown,Missing / not recorded,48_G320_19870101_1_1,76327.0,80424.0,79528.0,76327.0,4097.0,3201.0,0.0,0.04193797738677008
48_G320,1990,1,seal_coat,Slurry Seal Coat,48_G320_19901004_2_1,76327.0,19417.5,41741.0,40751.0,-56909.5,-34586.0,-35576.0,-0.45312929893746645
48_G330,1987,1,unknown,Missing / not recorded,48_G330_19870101_1_1,76327.0,80424.0,79528.0,76327.0,4097.0,3201.0,0.0,0.04193797738677008
48_G350,1987,1,unknown,Missing / not recorded,48_G350_19870101_1_1,76327.0,80424.0,79528.0,76327.0,4097.0,3201.0,0.0,0.04193797738677008
48_G350,1990,1,seal_coat,Aggregate Seal Coat,48_G350_19901004_2_1,76327.0,19417.5,30562.5,40751.0,-56909.5,-45764.5,-35576.0,-0.5995846816984816
48_G350,1991,2,patching,"Full Depth Patch of AC Pavement (removing damaged material, repairing supporting material, and repairing) | Patch Pot Holes - Hand Spread, Compacted with Truck",48_G350_19910515_3_1 | 48_G350_19910915_4_1,19417.5,30562.5,40751.0,38959.0,11145.0,21333.5,19541.5,1.0986738766576543
48_G350,1995,1,patching,"Full Depth Patch of AC Pavement (removing damaged material, repairing supporting material, and repairing)",48_G350_19950315_5_1,39418.0,38333.6,44446.0,27440.0,-1084.4000000000015,5028.0,-11978.0,0.12755593891115735
48_H310,1987,1,unknown,Missing / not recorded,48_H310_19870101_1_1,48870.0,49749.0,48330.0,50387.0,879.0,-540.0,1517.0,-0.011049723756906077
48_H310,1990,1,asphalt_overlay,Asphalt Concrete Overlay,48_H310_19901014_2_1,50387.0,22172.5,32206.0,35063.0,-28214.5,-18181.0,-15324.0,-0.36082719749141645
48_H320,1987,1,unknown,Missing / not recorded,48_H320_19870101_1_1,48870.0,49749.0,48330.0,50387.0,879.0,-540.0,1517.0,-0.011049723756906077
48_H320,1990,1,crack_sealing,"Crack Sealing, Slurry Seal Coat",48_H320_19900924_2_1,50387.0,23171.5,32206.0,35063.0,-27215.5,-18181.0,-15324.0,-0.36082719749141645
48_H330,1987,1,unknown,Missing / not recorded,48_H330_19870101_1_1,48870.0,49749.0,48330.0,50387.0,879.0,-540.0,1517.0,-0.011049723756906077
48_H330,1990,1,crack_sealing,Crack Sealing,48_H330_19900924_2_1,50387.0,23171.5,32206.0,35063.0,-27215.5,-18181.0,-15324.0,-0.36082719749141645
48_H330,1993,1,crack_sealing,Crack Sealing,48_H330_19930303_3_1,35063.0,27350.666666666668,40277.0,44874.0,-7712.333333333332,5214.0,9811.0,0.14870376180018824
48_H340,1987,1,unknown,Missing / not recorded,48_H340_19870101_1_1,48870.0,49749.0,48330.0,50387.0,879.0,-540.0,1517.0,-0.011049723756906077
48_H350,1987,1,unknown,Missing / not recorded,48_H350_19870101_1_1,48870.0,49749.0,48330.0,50387.0,879.0,-540.0,1517.0,-0.011049723756906077
48_H350,1990,1,seal_coat,Aggregate Seal Coat,48_H350_19901010_2_1,50387.0,22372.5,32206.0,35063.0,-28014.5,-18181.0,-15324.0,-0.36082719749141645
48_H351,1987,1,unknown,Missing / not recorded,48_H351_19870101_1_1,48870.0,49749.0,48330.0,50387.0,879.0,-540.0,1517.0,-0.011049723756906077
48_H351,1990,1,seal_coat,Aggregate Seal Coat,48_H351_19900716_2_1,50387.0,26667.0,32206.0,35063.0,-23720.0,-18181.0,-15324.0,-0.36082719749141645
48_I310,1987,1,unknown,Missing / not recorded,48_I310_19870101_1_1,60059.0,65816.0,71700.0,77143.0,5757.0,11641.0,17084.0,0.19382607103015367
48_I310,1990,1,asphalt_overlay,Asphalt Concrete Overlay,48_I310_19901129_2_1,77143.0,16788.5,26193.0,37804.0,-60354.5,-50950.0,-39339.0,-0.6604617398856669
48_I320,1987,1,unknown,Missing / not recorded,48_I320_19870101_1_1,60059.0,65816.0,71700.0,77143.0,5757.0,11641.0,17084.0,0.19382607103015367
48_I320,1990,1,seal_coat,Slurry Seal Coat,48_I320_19901009_2_1,77143.0,18940.0,26193.0,37804.0,-58203.0,-50950.0,-39339.0,-0.6604617398856669
48_I320,1998,1,shoulder_restoration,AC Shoulder Restoration,48_I320_19980715_3_1,60066.0,40837.0,50045.0,56744.0,-19229.0,-10021.0,-3322.0,-0.16683315020144507
48_I330,1987,1,unknown,Missing / not recorded,48_I330_19870101_1_1,60059.0,65816.0,71700.0,77143.0,5757.0,11641.0,17084.0,0.19382607103015367
48_I330,1998,1,shoulder_restoration,AC Shoulder Restoration,48_I330_19980715_2_1,60066.0,36413.0,50045.0,56744.0,-23653.0,-10021.0,-3322.0,-0.16683315020144507
48_I340,1987,1,unknown,Missing / not recorded,48_I340_19870101_1_1,60059.0,65816.0,71700.0,77143.0,5757.0,11641.0,17084.0,0.19382607103015367
48_I340,1998,1,shoulder_restoration,AC Shoulder Restoration,48_I340_19980715_2_1,60066.0,36413.0,50045.0,56744.0,-23653.0,-10021.0,-3322.0,-0.16683315020144507
48_I350,1987,1,unknown,Missing / not recorded,48_I350_19870101_1_1,60059.0,65816.0,71700.0,77143.0,5757.0,11641.0,17084.0,0.19382607103015367
48_I350,1990,1,seal_coat,Aggregate Seal Coat,48_I350_19901009_2_1,77143.0,18940.0,26193.0,37804.0,-58203.0,-50950.0,-39339.0,-0.6604617398856669
48_I350,1998,1,shoulder_restoration,AC Shoulder Restoration,48_I350_19980715_3_1,60066.0,40837.0,50045.0,56744.0,-19229.0,-10021.0,-3322.0,-0.16683315020144507
48_J310,1987,1,unknown,Missing / not recorded,48_J310_19870101_1_1,41653.0,42482.0,34437.0,34343.0,829.0,-7216.0,-7310.0,-0.1732408229899407
48_J310,1990,1,asphalt_overlay,Asphalt Concrete Overlay,48_J310_19901030_2_1,34343.0,18115.5,29873.0,32846.0,-16227.5,-4470.0,-1497.0,-0.13015752846285997
48_J310,2000,1,crack_sealing,Crack Sealing,48_J310_20000915_3_1,57914.0,47040.0,61587.0,69906.0,-10874.0,3673.0,11992.0,0.06342162516835308
48_J320,1987,1,unknown,Missing / not recorded,48_J320_19870101_1_1,41653.0,42482.0,34437.0,34343.0,829.0,-7216.0,-7310.0,-0.1732408229899407
48_J320,1990,1,seal_coat,Slurry Seal Coat,48_J320_19901015_2_1,34343.0,18750.5,29873.0,32846.0,-15592.5,-4470.0,-1497.0,-0.13015752846285997
48_J320,2000,1,crack_sealing,Crack Sealing,48_J320_20000915_3_1,57914.0,47040.0,61587.0,69906.0,-10874.0,3673.0,11992.0,0.06342162516835308
48_J330,1987,1,unknown,Missing / not recorded,48_J330_19870101_1_1,41653.0,42482.0,34437.0,34343.0,829.0,-7216.0,-7310.0,-0.1732408229899407
48_J330,2000,1,crack_sealing,Crack Sealing,48_J330_20000915_2_1,57914.0,39816.0,61587.0,69906.0,-18098.0,3673.0,11992.0,0.06342162516835308
48_J340,1987,1,unknown,Missing / not recorded,48_J340_19870101_1_1,41653.0,42482.0,34437.0,34343.0,829.0,-7216.0,-7310.0,-0.1732408229899407
48_J340,2000,1,crack_sealing,Crack Sealing,48_J340_20000915_2_1,57914.0,39816.0,61587.0,69906.0,-18098.0,3673.0,11992.0,0.06342162516835308
48_J350,1987,1,unknown,Missing / not recorded,48_J350_19870101_1_1,41653.0,42482.0,34437.0,34343.0,829.0,-7216.0,-7310.0,-0.1732408229899407
48_J350,1990,1,seal_coat,Aggregate Seal Coat,48_J350_19901015_2_1,34343.0,18750.5,29873.0,32846.0,-15592.5,-4470.0,-1497.0,-0.13015752846285997
48_J350,2000,1,crack_sealing,Crack Sealing,48_J350_20000915_3_1,57914.0,47040.0,61587.0,69906.0,-10874.0,3673.0,11992.0,0.06342162516835308
48_J351,1987,1,unknown,Missing / not recorded,48_J351_19870101_1_1,41653.0,42482.0,34437.0,34343.0,829.0,-7216.0,-7310.0,-0.1732408229899407
48_J351,1990,1,seal_coat,Aggregate Seal Coat,48_J351_19900711_2_1,34343.0,22813.5,29873.0,32846.0,-11529.5,-4470.0,-1497.0,-0.13015752846285997
48_J351,2000,1,crack_sealing,Crack Sealing,48_J351_20000915_3_1,57914.0,47040.0,61587.0,69906.0,-10874.0,3673.0,11992.0,0.06342162516835308
48_K310,1987,1,unknown,Missing / not recorded,48_K310_19870101_1_1,8100.0,30232.0,39478.0,24234.0,22132.0,31378.0,16134.0,3.873827160493827
48_K310,1990,2,asphalt_overlay,Asphalt Concrete Overlay | Crack Sealing,48_K310_19900619_2_1 | 48_K310_19901030_3_1,24234.0,10501.0,33165.0,47027.0,-13733.0,8931.0,22793.0,0.36853181480564495
48_K320,1987,1,unknown,Missing / not recorded,48_K320_19870101_1_1,8100.0,30232.0,39478.0,24234.0,22132.0,31378.0,16134.0,3.873827160493827
48_K320,1990,2,crack_sealing,Crack Sealing | Slurry Seal Coat,48_K320_19900619_2_1 | 48_K320_19901015_3_1,24234.0,10753.333333333334,33165.0,47027.0,-13480.666666666666,8931.0,22793.0,0.36853181480564495
48_K330,1987,1,unknown,Missing / not recorded,48_K330_19870101_1_1,8100.0,30232.0,39478.0,24234.0,22132.0,31378.0,16134.0,3.873827160493827
48_K340,1987,1,unknown,Missing / not recorded,48_K340_19870101_1_1,8100.0,30232.0,39478.0,24234.0,22132.0,31378.0,16134.0,3.873827160493827
48_K350,1987,1,unknown,Missing / not recorded,48_K350_19870101_1_1,8100.0,30232.0,39478.0,24234.0,22132.0,31378.0,16134.0,3.873827160493827
48_K350,1990,2,crack_sealing,Aggregate Seal Coat | Crack Sealing,48_K350_19900619_2_1 | 48_K350_19901015_3_1,24234.0,10753.333333333334,33165.0,47027.0,-13480.666666666666,8931.0,22793.0,0.36853181480564495
48_K351,1987,1,unknown,Missing / not recorded,48_K351_19870101_1_1,8100.0,30232.0,39478.0,24234.0,22132.0,31378.0,16134.0,3.873827160493827
48_K351,1990,2,crack_sealing,Aggregate Seal Coat | Crack Sealing,48_K351_19900619_2_1 | 48_K351_19900712_3_1,24234.0,12352.0,33165.0,47027.0,-11882.0,8931.0,22793.0,0.36853181480564495
48_L310,1987,1,unknown,Missing / not recorded,48_L310_19870101_1_1,80797.0,59773.0,66036.0,75503.0,-21024.0,-14761.0,-5294.0,-0.1826924266990111
48_L310,1990,1,crack_sealing,Crack Sealing,48_L310_19900819_2_1,75503.0,15005.5,39464.333333333336,18735.0,-60497.5,-36038.666666666664,-56768.0,-0.4773143671995373
48_L310,1991,1,asphalt_overlay,Asphalt Concrete Overlay,48_L310_19910415_3_1,15005.5,39464.333333333336,18735.0,27071.0,24458.833333333336,3729.5,12065.5,0.24854220119289594
48_L320,1987,1,unknown,Missing / not recorded,48_L320_19870101_1_1,80797.0,59773.0,66036.0,75503.0,-21024.0,-14761.0,-5294.0,-0.1826924266990111
48_L320,1990,2,crack_sealing,Crack Sealing | Slurry Seal Coat,48_L320_19900819_2_1 | 48_L320_19900919_3_1,75503.0,12084.333333333334,43606.0,18735.0,-63418.666666666664,-31897.0,-56768.0,-0.42246003470060794
48_L330,1987,1,unknown,Missing / not recorded,48_L330_19870101_1_1,80797.0,59773.0,66036.0,75503.0,-21024.0,-14761.0,-5294.0,-0.1826924266990111
48_L330,1990,1,crack_sealing,Crack Sealing,48_L330_19900919_2_1,75503.0,14075.0,43606.0,18735.0,-61428.0,-31897.0,-56768.0,-0.42246003470060794
48_L340,1987,1,unknown,Missing / not recorded,48_L340_19870101_1_1,80797.0,59773.0,66036.0,75503.0,-21024.0,-14761.0,-5294.0,-0.1826924266990111
48_L350,1987,1,unknown,Missing / not recorded,48_L350_19870101_1_1,80797.0,59773.0,66036.0,75503.0,-21024.0,-14761.0,-5294.0,-0.1826924266990111
48_L350,1990,2,crack_sealing,Aggregate Seal Coat | Crack Sealing,48_L350_19900819_2_1 | 48_L350_19900919_3_1,75503.0,12084.333333333334,43606.0,18735.0,-63418.666666666664,-31897.0,-56768.0,-0.42246003470060794
48_M310,1987,1,unknown,Missing / not recorded,48_M310_19870101_1_1,125568.0,121734.0,117442.0,139176.0,-3834.0,-8126.0,13608.0,-0.06471393985728847
48_M310,1990,1,asphalt_overlay,Asphalt Concrete Overlay,48_M310_19900814_2_1,139176.0,35346.5,51252.0,63320.0,-103829.5,-87924.0,-75856.0,-0.6317468529056733
48_M310,1995,1,patching,"Full Depth Patch of AC Pavement (removing damaged material, repairing supporting material, and repairing)",48_M310_19951127_3_1,62787.0,40324.333333333336,65481.0,15665.0,-22462.666666666664,2694.0,-47122.0,0.04290697118830331
48_M320,1987,1,unknown,Missing / not recorded,48_M320_19870101_1_1,125568.0,121734.0,117442.0,139176.0,-3834.0,-8126.0,13608.0,-0.06471393985728847
48_M320,1990,1,seal_coat,Slurry Seal Coat,48_M320_19901018_2_1,139176.0,30797.0,51252.0,63320.0,-108379.0,-87924.0,-75856.0,-0.6317468529056733
48_M320,1995,1,patching,"Full Depth Patch of AC Pavement (removing damaged material, repairing supporting material, and repairing)",48_M320_19951127_3_1,62787.0,40324.333333333336,65481.0,15665.0,-22462.666666666664,2694.0,-47122.0,0.04290697118830331
48_M330,1987,1,unknown,Missing / not recorded,48_M330_19870101_1_1,125568.0,121734.0,117442.0,139176.0,-3834.0,-8126.0,13608.0,-0.06471393985728847
48_M330,1995,1,patching,"Full Depth Patch of AC Pavement (removing damaged material, repairing supporting material, and repairing)",48_M330_19951127_2_1,62787.0,31627.0,65481.0,15665.0,-31160.0,2694.0,-47122.0,0.04290697118830331
48_M340,1987,1,unknown,Missing / not recorded,48_M340_19870101_1_1,125568.0,121734.0,117442.0,139176.0,-3834.0,-8126.0,13608.0,-0.06471393985728847
48_M340,1994,1,patching,"Full Depth Patch of AC Pavement (removing damaged material, repairing supporting material, and repairing)",48_M340_19940322_2_1,61984.0,55906.5,40271.666666666664,65481.0,-6077.5,-21712.333333333336,3497.0,-0.3502893219755636
48_M340,1995,1,patching,"Full Depth Patch of AC Pavement (removing damaged material, repairing supporting material, and repairing)",48_M340_19951128_3_1,55906.5,40271.666666666664,65481.0,15665.0,-15634.833333333336,9574.5,-40241.5,0.17125915591210325
48_M350,1987,1,unknown,Missing / not recorded,48_M350_19870101_1_1,125568.0,121734.0,117442.0,139176.0,-3834.0,-8126.0,13608.0,-0.06471393985728847
48_M350,1990,1,seal_coat,Aggregate Seal Coat,48_M350_19901018_2_1,139176.0,30797.0,51252.0,63320.0,-108379.0,-87924.0,-75856.0,-0.6317468529056733
48_N310,1987,1,unknown,Missing / not recorded,48_N310_19870101_1_1,163637.0,131463.0,162955.0,174161.0,-32174.0,-682.0,10524.0,-0.004167761569816118
48_N310,1990,1,asphalt_overlay,Asphalt Concrete Overlay,48_N310_19900814_2_1,174161.0,97611.5,152464.0,176879.0,-76549.5,-21697.0,2718.0,-0.12458012987982384
48_N320,1987,1,unknown,Missing / not recorded,48_N320_19870101_1_1,163637.0,131463.0,162955.0,174161.0,-32174.0,-682.0,10524.0,-0.004167761569816118
48_N320,1990,2,patching,Skin Patching (hand tools/hot pot to apply liquid asphalt and aggregate) | Slurry Seal Coat,48_N320_19901018_2_1 | 48_N320_19901217_3_1,174161.0,58631.666666666664,152464.0,176879.0,-115529.33333333334,-21697.0,2718.0,-0.12458012987982384
48_N330,1987,1,unknown,Missing / not recorded,48_N330_19870101_1_1,163637.0,131463.0,162955.0,174161.0,-32174.0,-682.0,10524.0,-0.004167761569816118
48_N330,1990,1,patching,Skin Patching (hand tools/hot pot to apply liquid asphalt and aggregate),48_N330_19901218_2_1,174161.0,73257.0,115288.0,167793.6,-100904.0,-58873.0,-6367.399999999994,-0.33803779261717604
48_N330,1991,1,patching,"Full Depth Patch of AC Pavement (removing damaged material, repairing supporting material, and repairing)",48_N330_19910925_3_1,73257.0,115288.0,167793.6,191247.33333333334,42031.0,94536.6,117990.33333333334,1.2904787255825383
48_N330,1992,2,patching,Skin Patching (hand tools/hot pot to apply liquid asphalt and aggregate),48_N330_19920121_4_1 | 48_N330_19920315_5_1,115288.0,167793.6,191247.33333333334,146325.0,52505.600000000006,75959.33333333334,31037.0,0.6588659126130503
48_N330,1993,1,patching,Skin Patching (hand tools/hot pot to apply liquid asphalt and aggregate),48_N330_19930315_6_1,167793.6,191247.33333333334,146325.0,,23453.733333333337,-21468.600000000006,,-0.12794647710043772
48_N340,1987,1,unknown,Missing / not recorded,48_N340_19870101_1_1,163637.0,131463.0,162955.0,174161.0,-32174.0,-682.0,10524.0,-0.004167761569816118
48_N340,1993,1,patching,Skin Patching (hand tools/hot pot to apply liquid asphalt and aggregate),48_N340_19930315_2_1,176879.0,178058.0,146325.0,,1179.0,-30554.0,,-0.1727395564199255
48_N350,1987,1,unknown,Missing / not recorded,48_N350_19870101_1_1,163637.0,131463.0,162955.0,174161.0,-32174.0,-682.0,10524.0,-0.004167761569816118
48_N350,1990,1,seal_coat,Aggregate Seal Coat,48_N350_19901018_2_1,174161.0,85048.0,152464.0,176879.0,-89113.0,-21697.0,2718.0,-0.12458012987982384
48_Q310,1987,1,unknown,Missing / not recorded,48_Q310_19870101_1_1,80396.0,82844.0,69705.0,71963.0,2448.0,-10691.0,-8433.0,-0.13297925269913927
48_Q310,1990,1,asphalt_overlay,Asphalt Concrete Overlay,48_Q310_19900925_2_1,71963.0,31152.0,46150.0,47903.0,-40811.0,-25813.0,-24060.0,-0.35869821991856926
48_Q320,1987,1,unknown,Missing / not recorded,48_Q320_19870101_1_1,80396.0,82844.0,69705.0,71963.0,2448.0,-10691.0,-8433.0,-0.13297925269913927
48_Q320,1990,1,seal_coat,Slurry Seal Coat,48_Q320_19900924_2_1,71963.0,31219.5,46150.0,47903.0,-40743.5,-25813.0,-24060.0,-0.35869821991856926
48_Q330,1987,1,unknown,Missing / not recorded,48_Q330_19870101_1_1,80396.0,82844.0,69705.0,71963.0,2448.0,-10691.0,-8433.0,-0.13297925269913927
48_Q340,1987,1,unknown,Missing / not recorded,48_Q340_19870101_1_1,80396.0,82844.0,69705.0,71963.0,2448.0,-10691.0,-8433.0,-0.13297925269913927
48_Q350,1987,1,unknown,Missing / not recorded,48_Q350_19870101_1_1,80396.0,82844.0,69705.0,71963.0,2448.0,-10691.0,-8433.0,-0.13297925269913927
48_Q350,1990,2,seal_coat,Aggregate Seal Coat | Fog Seal Coat,48_Q350_19900924_2_1 | 48_Q350_19901119_3_1,71963.0,22741.666666666668,46150.0,47903.0,-49221.33333333333,-25813.0,-24060.0,-0.35869821991856926
48_Q353,1987,1,unknown,Missing / not recorded,48_Q353_19870101_1_1,80396.0,82844.0,69705.0,71963.0,2448.0,-10691.0,-8433.0,-0.13297925269913927
48_Q353,1991,1,seal_coat,Aggregate Seal Coat,48_Q353_19910624_2_1,49117.0,35149.5,47903.0,57521.0,-13967.5,-1214.0,8404.0,-0.024716493271168843
49_0803,1998,1,seal_coat,Fog Seal Coat,49_0803_19980815_2_1,757.0,2384.0,3848.0,3859.0,1627.0,3091.0,3102.0,4.083223249669749
49_0803,2014,1,patching,"Patch Pot Holes - Hand Spread, Compacted with Truck",49_0803_20140801_3_1,32201.0,29345.333333333332,42624.0,49994.0,-2855.666666666668,10423.0,17793.0,0.32368559982609235
49_0803,2017,1,patching,"Patch Pot Holes - Hand Spread, Compacted with Truck",49_0803_20170619_4_1,49994.0,45111.0,1308.25,5493.0,-4883.0,-48685.75,-44501.0,-0.9738318598231788
49_0803,2019,1,patching,"Patch Pot Holes - Hand Spread, Compacted with Truck",49_0803_20190601_5_1,1308.25,5493.0,5666.0,5964.0,4184.75,4357.75,4655.75,3.3309764953181733
49_0804,1998,1,seal_coat,Fog Seal Coat,49_0804_19980815_2_1,757.0,2384.0,3848.0,3859.0,1627.0,3091.0,3102.0,4.083223249669749
49_0804,2014,1,patching,"Patch Pot Holes - Hand Spread, Compacted with Truck",49_0804_20140801_3_1,32201.0,29345.333333333332,42624.0,49994.0,-2855.666666666668,10423.0,17793.0,0.32368559982609235
49_0804,2019,1,patching,"Patch Pot Holes - Hand Spread, Compacted with Truck",49_0804_20190601_4_1,1735.6666666666667,5493.0,5666.0,5964.0,3757.333333333333,3930.333333333333,4228.333333333333,2.2644516996351065
49_1001,1989,1,unknown,Missing / not recorded,49_1001_19890404_1_1,106671.0,134618.0,38826.0,39247.0,27947.0,-67845.0,-67424.0,-0.6360210366453862
49_1001,1996,1,seal_coat,Aggregate Seal Coat,49_1001_19960904_2_1,54212.0,38951.0,76388.0,102361.0,-15261.0,22176.0,48149.0,0.40906072456282744
49_1001,2003,1,seal_coat,Aggregate Seal Coat,49_1001_20030801_3_1,93253.0,78697.66666666667,64676.0,80089.0,-14555.333333333328,-28577.0,-13164.0,-0.30644590522556914
49_1001,2013,1,crack_sealing,Crack Sealing,49_1001_20130601_4_1,74423.0,65855.25,72053.0,66893.0,-8567.75,-2370.0,-7530.0,-0.03184499415503272
49_1001,2014,1,seal_coat,"Surface Treatment, Double Layer",49_1001_20140801_5_1,65855.25,72053.0,66893.0,71798.0,6197.75,1037.75,5942.75,0.01575804510650252
49_1004,1988,1,unknown,Missing / not recorded,49_1004_19880817_1_1,46896.0,47025.0,46896.0,15531.0,129.0,0.0,-31365.0,0.0
49_1004,1999,1,asphalt_overlay,"Aggregate Seal Coat, Mill Off AC and Overlay with AC",49_1004_19990930_2_1,43568.0,21844.0,51414.0,43568.0,-21724.0,7846.0,0.0,0.18008630187293426
49_1005,1988,1,unknown,Missing / not recorded,49_1005_19880820_1_1,137040.0,144074.0,165192.0,84613.0,7034.0,28152.0,-52427.0,0.2054290718038529
49_1006,1987,1,unknown,Missing / not recorded,49_1006_19871231_1_1,380321.0,299644.0,426890.0,430291.0,-80677.0,46569.0,49970.0,0.12244656487546046
49_1007,1987,1,unknown,Missing / not recorded,49_1007_19871231_1_1,189107.0,158493.0,173537.0,191412.0,-30614.0,-15570.0,2305.0,-0.08233433981819817
49_1008,1988,1,unknown,Missing / not recorded,49_1008_19880817_1_1,210826.0,244942.0,255573.0,150549.5,34116.0,44747.0,-60276.5,0.21224611765152307
49_1008,1990,1,asphalt_overlay,Asphalt Concrete Overlay,49_1008_19900613_2_1,255573.0,150549.5,198315.0,211404.0,-105023.5,-57258.0,-44169.0,-0.22403775046659857
49_1017,1988,2,seal_coat,Aggregate Seal Coat | Missing / not recorded,49_1017_19880817_1_1 | 49_1017_19880820_2_1,40629.0,28951.0,42269.0,14485.0,-11678.0,1640.0,-26144.0,0.04036525634399075
49_3010,1988,1,unknown,Missing / not recorded,49_3010_19880816_1_1,338580.0,415719.0,462826.0,155745.0,77139.0,124246.0,-182835.0,0.36696201783921084
49_3011,1989,1,unknown,Missing / not recorded,49_3011_19890405_1_1,370934.0,365051.0,148788.0,153777.0,-5883.0,-222146.0,-217157.0,-0.5988828201243348
49_3011,1996,1,crack_sealing,"Transverse Joint Sealing, Lane-Shoulder Longitudinal Joint Sealing",49_3011_19960801_2_1,183000.0,142408.5,265934.0,543815.0,-40591.5,82934.0,360815.0,0.4531912568306011
49_3011,2012,1,crack_sealing,"Grinding Surface, Transverse Joint Sealing, Joint Load Transfer Restoration in PCC Pavements, Partial depth patching of PCC pavements at joints",49_3011_20120501_3_1,586563.0,90181.66666666667,680591.0,698036.0,-496381.3333333333,94028.0,111473.0,0.16030332632641336
49_3015,1989,1,unknown,Missing / not recorded,49_3015_19890405_1_1,106004.0,127083.0,144401.0,145204.0,21079.0,38397.0,39200.0,0.3622221802950832
49_3015,1996,1,patching,Partial depth patching of PCC pavements at joints,49_3015_19960701_2_1,187516.0,207153.5,302397.0,789994.0,19637.5,114881.0,602478.0,0.6126463875082659
49_3015,1999,1,crack_sealing,"Lane-Shoulder Longitudinal Joint Sealing, Partial Depth Patching of PCC Pavement Other Than at Joint",49_3015_19990801_3_1,789994.0,685151.0,813670.3333333334,281711.0,-104843.0,23676.333333333372,-508283.0,0.02997026981639528
49_3015,2004,1,patching,Partial Depth Patching of PCC Pavement Other Than at Joint,49_3015_20040601_4_1,913079.0,933761.75,519551.75,502258.6,20682.75,-393527.25,-410820.4,-0.4309892681794237
49_3015,2006,1,crack_sealing,"Grinding Surface, Transverse Joint Sealing, Lane-Shoulder Longitudinal Joint Sealing",49_3015_20060801_5_1,519551.75,502258.6,514589.8,,-17293.150000000023,-4961.950000000012,,-0.009550444205028685
49_7082,2013,1,crack_sealing,"Grinding Surface, Transverse Joint Sealing, Lane-Shoulder Longitudinal Joint Sealing, Joint Load Transfer Restoration in PCC Pavements",49_7082_20130601_2_1,767573.0,651536.0,881751.0,945923.0,-116037.0,114178.0,178350.0,0.14875197538214607
49_7083,2001,1,patching,Partial depth patching of PCC pavements at joints,49_7083_20010601_2_1,386111.0,339765.0,446758.0,558701.0,-46346.0,60647.0,172590.0,0.1570714121068812
49_7083,2006,1,grinding,"Grinding Surface, Slab Jacking Depressions",49_7083_20060801_3_1,356142.0,362757.3333333333,448988.0,503317.0,6615.333333333314,92846.0,147175.0,0.26069938395359155
49_7083,2012,1,crack_sealing,"Crack Sealing, Transverse Joint Sealing, Lane-Shoulder Longitudinal Joint Sealing",49_7083_20120601_4_1,421508.0,710143.25,885736.0,992222.0,288635.25,464228.0,570714.0,1.1013503895536976
49_7085,2001,1,crack_sealing,"Crack Sealing, Transverse Joint Sealing, Lane-Shoulder Longitudinal Joint Sealing",49_7085_20010501_2_1,177919.0,237951.0,330097.0,170320.0,60032.0,152178.0,-7599.0,0.8553218037421523
49_7085,2012,1,crack_sealing,"Crack Sealing, Grinding Surface, Transverse Joint Sealing, Joint Load Transfer Restoration in PCC Pavements, PCC Slab Replacement",49_7085_20120601_3_1,15366.0,232075.66666666666,276770.0,282651.0,216709.66666666666,261404.0,267285.0,17.011844331641285
49_7086,2001,1,crack_sealing,"Transverse Joint Sealing, Lane-Shoulder Longitudinal Joint Sealing",49_7086_20010501_2_1,232182.0,127530.0,147457.0,63506.0,-104652.0,-84725.0,-168676.0,-0.3649077017167567
49_7086,2010,1,crack_sealing,"Grinding Surface, Transverse Joint Sealing, Full Depth Transverse Joint Repair Patch, Partial depth patching of PCC pavements at joints",49_7086_20101120_3_1,74091.0,79011.33333333333,217903.0,210001.0,4920.3333333333285,143812.0,135910.0,1.941018477277942
49_A310,1990,2,asphalt_overlay,Asphalt Concrete Overlay | Missing / not recorded,49_A310_19900503_1_1 | 49_A310_19900702_2_1,46896.0,11659.0,17128.0,24194.0,-35237.0,-29768.0,-22702.0,-0.6347662913681338
49_A320,1990,2,seal_coat,Missing / not recorded | Slurry Seal Coat,49_A320_19900503_1_1 | 49_A320_19900614_2_1,46896.0,12042.0,17128.0,24194.0,-34854.0,-29768.0,-22702.0,-0.6347662913681338
49_A330,1990,2,crack_sealing,Crack Sealing | Missing / not recorded,49_A330_19900503_1_1 | 49_A330_19900614_2_1,46896.0,12042.0,17128.0,24194.0,-34854.0,-29768.0,-22702.0,-0.6347662913681338
49_A332,1990,1,unknown,Missing / not recorded,49_A332_19900503_1_1,46896.0,15531.0,17128.0,24194.0,-31365.0,-29768.0,-22702.0,-0.6347662913681338
49_A350,1990,2,seal_coat,Aggregate Seal Coat | Missing / not recorded,49_A350_19900503_1_1 | 49_A350_19900614_2_1,46896.0,12042.0,17128.0,24194.0,-34854.0,-29768.0,-22702.0,-0.6347662913681338
49_A351,1990,2,seal_coat,Aggregate Seal Coat | Missing / not recorded,49_A351_19900503_1_1 | 49_A351_19900614_2_1,46896.0,12042.0,17128.0,24194.0,-34854.0,-29768.0,-22702.0,-0.6347662913681338
49_A352,1990,2,seal_coat,Aggregate Seal Coat | Missing / not recorded,49_A352_19900503_1_1 | 49_A352_19900614_2_1,46896.0,12042.0,17128.0,24194.0,-34854.0,-29768.0,-22702.0,-0.6347662913681338
49_A361,1990,2,asphalt_overlay,Asphalt Concrete Overlay | Missing / not recorded,49_A361_19900503_1_1 | 49_A361_19900702_2_1,46896.0,11659.0,17128.0,24194.0,-35237.0,-29768.0,-22702.0,-0.6347662913681338
49_A390,1990,2,seal_coat,Aggregate Seal Coat | Missing / not recorded,49_A390_19900503_1_1 | 49_A390_19900614_2_1,46896.0,12042.0,17128.0,24194.0,-34854.0,-29768.0,-22702.0,-0.6347662913681338
49_B310,1990,2,asphalt_overlay,Asphalt Concrete Overlay | Missing / not recorded,49_B310_19900503_1_1 | 49_B310_19900718_2_1,42269.0,10556.5,15380.0,22845.0,-31712.5,-26889.0,-19424.0,-0.63613996072772
49_B310,2001,1,crack_sealing,Crack Sealing,49_B310_20010415_3_1,27361.0,26896.333333333332,8458.0,,-464.6666666666679,-18903.0,,-0.6908738715690216
49_B320,1990,2,seal_coat,Missing / not recorded | Slurry Seal Coat,49_B320_19900503_1_1 | 49_B320_19900705_2_1,42269.0,10814.0,15380.0,22845.0,-31455.0,-26889.0,-19424.0,-0.63613996072772
49_B330,1990,2,crack_sealing,Crack Sealing | Missing / not recorded,49_B330_19900503_1_1 | 49_B330_19900705_2_1,42269.0,10814.0,15380.0,22845.0,-31455.0,-26889.0,-19424.0,-0.63613996072772
49_B330,2001,1,crack_sealing,Crack Sealing,49_B330_20010415_3_1,27361.0,26896.333333333332,8458.0,,-464.6666666666679,-18903.0,,-0.6908738715690216
49_B331,1990,1,unknown,Missing / not recorded,49_B331_19900503_1_1,42269.0,14485.0,15380.0,22845.0,-27784.0,-26889.0,-19424.0,-0.63613996072772
49_B350,1990,2,seal_coat,Aggregate Seal Coat | Missing / not recorded,49_B350_19900503_1_1 | 49_B350_19900718_2_1,42269.0,10556.5,15380.0,22845.0,-31712.5,-26889.0,-19424.0,-0.63613996072772
49_B350,2001,1,crack_sealing,Crack Sealing,49_B350_20010415_3_1,27361.0,26896.333333333332,8458.0,,-464.6666666666679,-18903.0,,-0.6908738715690216
49_B351,1990,2,seal_coat,Aggregate Seal Coat | Missing / not recorded,49_B351_19900503_1_1 | 49_B351_19900614_2_1,42269.0,11231.0,15380.0,22845.0,-31038.0,-26889.0,-19424.0,-0.63613996072772
49_B351,2001,1,crack_sealing,Crack Sealing,49_B351_20010415_3_1,27361.0,26896.333333333332,8458.0,,-464.6666666666679,-18903.0,,-0.6908738715690216
49_B352,1990,2,seal_coat,Aggregate Seal Coat | Missing / not recorded,49_B352_19900503_1_1 | 49_B352_19900614_2_1,42269.0,11231.0,15380.0,22845.0,-31038.0,-26889.0,-19424.0,-0.63613996072772
49_B361,1990,2,asphalt_overlay,Asphalt Concrete Overlay | Missing / not recorded,49_B361_19900503_1_1 | 49_B361_19900718_2_1,42269.0,10556.5,15380.0,22845.0,-31712.5,-26889.0,-19424.0,-0.63613996072772
49_B390,1990,2,seal_coat,Aggregate Seal Coat | Missing / not recorded,49_B390_19900503_1_1 | 49_B390_19900705_2_1,42269.0,10814.0,15380.0,22845.0,-31455.0,-26889.0,-19424.0,-0.63613996072772
49_B390,2001,1,crack_sealing,Crack Sealing,49_B390_20010415_3_1,27361.0,26896.333333333332,8458.0,,-464.6666666666679,-18903.0,,-0.6908738715690216
49_C310,1990,2,asphalt_overlay,Asphalt Concrete Overlay | Missing / not recorded,49_C310_19900501_1_1 | 49_C310_19900713_2_1,430291.0,284756.5,387099.0,413917.0,-145534.5,-43192.0,-16374.0,-0.10037858100680702
49_C310,1999,1,crack_sealing,Crack Sealing,49_C310_19990601_3_1,443062.0,443083.3333333333,521773.0,752043.0,21.33333333331393,78711.0,308981.0,0.17765233759609264
49_C320,1990,2,seal_coat,Missing / not recorded | Slurry Seal Coat,49_C320_19900501_1_1 | 49_C320_19900713_2_1,430291.0,284756.5,387099.0,413917.0,-145534.5,-43192.0,-16374.0,-0.10037858100680702
49_C330,1990,2,crack_sealing,Crack Sealing | Missing / not recorded,49_C330_19900501_1_1 | 49_C330_19900719_2_1,430291.0,281574.5,387099.0,413917.0,-148716.5,-43192.0,-16374.0,-0.10037858100680702
49_C331,1990,1,unknown,Missing / not recorded,49_C331_19900501_1_1,430291.0,387099.0,387099.0,413917.0,-43192.0,-43192.0,-16374.0,-0.10037858100680702
49_C350,1990,2,seal_coat,Aggregate Seal Coat | Missing / not recorded,49_C350_19900501_1_1 | 49_C350_19900713_2_1,430291.0,284756.5,387099.0,413917.0,-145534.5,-43192.0,-16374.0,-0.10037858100680702
49_C351,1990,2,seal_coat,Aggregate Seal Coat | Missing / not recorded,49_C351_19900501_1_1 | 49_C351_19900613_2_1,430291.0,387099.0,387099.0,413917.0,-43192.0,-43192.0,-16374.0,-0.10037858100680702
49_C352,1990,2,seal_coat,Aggregate Seal Coat | Missing / not recorded,49_C352_19900501_1_1 | 49_C352_19900613_2_1,430291.0,300664.5,387099.0,413917.0,-129626.5,-43192.0,-16374.0,-0.10037858100680702
49_C361,1990,2,asphalt_overlay,Asphalt Concrete Overlay | Missing / not recorded,49_C361_19900501_1_1 | 49_C361_19900713_2_1,430291.0,284756.5,387099.0,413917.0,-145534.5,-43192.0,-16374.0,-0.10037858100680702
49_C431,1998,1,grinding,Grinding Surface,49_C431_19980801_3_1,417392.0,387888.6666666667,509642.0,518582.0,-29503.333333333314,92250.0,101190.0,0.22101525664123894
49_C444,1998,1,grinding,Grinding Surface,49_C444_19980801_3_1,417392.0,387888.6666666667,509642.0,518582.0,-29503.333333333314,92250.0,101190.0,0.22101525664123894
49_C449,2002,1,patching,Partial depth patching of PCC pavements at joints,49_C449_20020601_3_1,410245.0,402625.0,441800.0,444559.0,-7620.0,31555.0,34314.0,0.07691745176662726
49_C450,1998,1,grinding,Grinding Surface,49_C450_19980801_3_1,417392.0,387888.6666666667,509642.0,518582.0,-29503.333333333314,92250.0,101190.0,0.22101525664123894
49_C451,2003,1,patching,Partial depth patching of PCC pavements at joints,49_C451_20030601_3_1,467028.0,380876.0,444559.0,466722.0,-86152.0,-22469.0,-306.0,-0.048110605788089796
49_C452,1998,1,grinding,Grinding Surface,49_C452_19980801_3_1,417392.0,387888.6666666667,509642.0,518582.0,-29503.333333333314,92250.0,101190.0,0.22101525664123894
49_C458,1994,1,crack_sealing,Transverse Joint Sealing,49_C458_19940801_2_1,180498.0,132291.5,195427.0,223059.0,-48206.5,14929.0,42561.0,0.08271005772917152
49_D410,1992,1,crack_sealing,"Transverse Joint Sealing, Lane-Shoulder Longitudinal Joint Sealing",49_D410_19920519_2_1,8509.0,64491.0,31894.0,31894.0,55982.0,23385.0,23385.0,2.748266541309202
49_D410,2001,1,crack_sealing,"Transverse Joint Sealing, Lane-Shoulder Longitudinal Joint Sealing",49_D410_20010501_3_1,232182.0,135892.66666666666,104230.0,,-96289.33333333334,-127952.0,,-0.5510849247573024
49_D430,2001,1,crack_sealing,"Transverse Joint Sealing, Lane-Shoulder Longitudinal Joint Sealing",49_D430_20010501_2_1,232182.0,127530.0,104230.0,,-104652.0,-127952.0,,-0.5510849247573024
49_D431,2001,1,crack_sealing,"Transverse Joint Sealing, Lane-Shoulder Longitudinal Joint Sealing",49_D431_20010501_2_1,232182.0,127530.0,104230.0,,-104652.0,-127952.0,,-0.5510849247573024
49_D440,1992,1,crack_sealing,"Transverse Joint Sealing, Lane-Shoulder Longitudinal Joint Sealing",49_D440_19920519_2_1,8509.0,64491.0,31894.0,31894.0,55982.0,23385.0,23385.0,2.748266541309202
49_D440,2001,1,crack_sealing,"Transverse Joint Sealing, Lane-Shoulder Longitudinal Joint Sealing",49_D440_20010501_3_1,232182.0,135892.66666666666,104230.0,,-96289.33333333334,-127952.0,,-0.5510849247573024
49_D441,1992,1,crack_sealing,"Transverse Joint Sealing, Lane-Shoulder Longitudinal Joint Sealing",49_D441_19920519_2_1,8509.0,64491.0,31894.0,31894.0,55982.0,23385.0,23385.0,2.748266541309202
49_D441,2001,1,crack_sealing,"Transverse Joint Sealing, Lane-Shoulder Longitudinal Joint Sealing",49_D441_20010501_3_1,232182.0,135892.66666666666,104230.0,,-96289.33333333334,-127952.0,,-0.5510849247573024
49_D443,1992,1,crack_sealing,"Transverse Joint Sealing, Lane-Shoulder Longitudinal Joint Sealing",49_D443_19920519_2_1,8509.0,64491.0,31894.0,31894.0,55982.0,23385.0,23385.0,2.748266541309202
49_D443,2001,1,crack_sealing,"Transverse Joint Sealing, Lane-Shoulder Longitudinal Joint Sealing",49_D443_20010501_3_1,232182.0,135892.66666666666,104230.0,,-96289.33333333334,-127952.0,,-0.5510849247573024
49_D444,1992,1,crack_sealing,"Transverse Joint Sealing, Lane-Shoulder Longitudinal Joint Sealing",49_D444_19920519_2_1,8509.0,64491.0,31894.0,31894.0,55982.0,23385.0,23385.0,2.748266541309202
49_D444,2001,1,crack_sealing,"Transverse Joint Sealing, Lane-Shoulder Longitudinal Joint Sealing",49_D444_20010501_3_1,232182.0,135892.66666666666,104230.0,,-96289.33333333334,-127952.0,,-0.5510849247573024
49_D445,1992,1,crack_sealing,"Transverse Joint Sealing, Lane-Shoulder Longitudinal Joint Sealing",49_D445_19920519_2_1,8509.0,64491.0,31894.0,31894.0,55982.0,23385.0,23385.0,2.748266541309202
49_D445,2001,1,crack_sealing,"Transverse Joint Sealing, Lane-Shoulder Longitudinal Joint Sealing",49_D445_20010501_3_1,232182.0,135892.66666666666,104230.0,,-96289.33333333334,-127952.0,,-0.5510849247573024
49_D446,1992,1,crack_sealing,"Transverse Joint Sealing, Lane-Shoulder Longitudinal Joint Sealing",49_D446_19920519_2_1,8509.0,64491.0,31894.0,31894.0,55982.0,23385.0,23385.0,2.748266541309202
49_D446,2001,1,crack_sealing,"Transverse Joint Sealing, Lane-Shoulder Longitudinal Joint Sealing",49_D446_20010501_3_1,232182.0,135892.66666666666,104230.0,,-96289.33333333334,-127952.0,,-0.5510849247573024
49_D448,1992,1,crack_sealing,"Transverse Joint Sealing, Lane-Shoulder Longitudinal Joint Sealing",49_D448_19920519_2_1,8509.0,64491.0,31894.0,31894.0,55982.0,23385.0,23385.0,2.748266541309202
49_D448,2001,1,crack_sealing,"Transverse Joint Sealing, Lane-Shoulder Longitudinal Joint Sealing",49_D448_20010501_3_1,232182.0,135892.66666666666,104230.0,,-96289.33333333334,-127952.0,,-0.5510849247573024
49_D449,1992,1,crack_sealing,"Transverse Joint Sealing, Lane-Shoulder Longitudinal Joint Sealing",49_D449_19920519_2_1,8509.0,64491.0,31894.0,31894.0,55982.0,23385.0,23385.0,2.748266541309202
49_D449,2001,1,crack_sealing,"Transverse Joint Sealing, Lane-Shoulder Longitudinal Joint Sealing",49_D449_20010501_3_1,232182.0,135892.66666666666,104230.0,,-96289.33333333334,-127952.0,,-0.5510849247573024
49_D450,1992,1,crack_sealing,"Transverse Joint Sealing, Lane-Shoulder Longitudinal Joint Sealing",49_D450_19920519_2_1,8509.0,64491.0,31894.0,31894.0,55982.0,23385.0,23385.0,2.748266541309202
49_D450,2001,1,crack_sealing,"Transverse Joint Sealing, Lane-Shoulder Longitudinal Joint Sealing",49_D450_20010501_3_1,232182.0,135892.66666666666,104230.0,,-96289.33333333334,-127952.0,,-0.5510849247573024
49_D451,1992,1,crack_sealing,"Transverse Joint Sealing, Lane-Shoulder Longitudinal Joint Sealing",49_D451_19920519_2_1,8509.0,64491.0,31894.0,31894.0,55982.0,23385.0,23385.0,2.748266541309202
49_D451,2001,1,crack_sealing,"Transverse Joint Sealing, Lane-Shoulder Longitudinal Joint Sealing",49_D451_20010501_3_1,232182.0,135892.66666666666,104230.0,,-96289.33333333334,-127952.0,,-0.5510849247573024
49_D452,1992,1,crack_sealing,"Transverse Joint Sealing, Lane-Shoulder Longitudinal Joint Sealing",49_D452_19920519_2_1,8509.0,64491.0,31894.0,31894.0,55982.0,23385.0,23385.0,2.748266541309202
49_D452,2001,1,crack_sealing,"Transverse Joint Sealing, Lane-Shoulder Longitudinal Joint Sealing",49_D452_20010501_3_1,232182.0,135892.66666666666,104230.0,,-96289.33333333334,-127952.0,,-0.5510849247573024
49_D454,1992,1,crack_sealing,"Transverse Joint Sealing, Lane-Shoulder Longitudinal Joint Sealing",49_D454_19920519_2_1,8509.0,64491.0,31894.0,31894.0,55982.0,23385.0,23385.0,2.748266541309202
49_D454,2001,1,crack_sealing,"Transverse Joint Sealing, Lane-Shoulder Longitudinal Joint Sealing",49_D454_20010501_3_1,232182.0,135892.66666666666,104230.0,,-96289.33333333334,-127952.0,,-0.5510849247573024
49_D455,1992,1,crack_sealing,"Transverse Joint Sealing, Lane-Shoulder Longitudinal Joint Sealing",49_D455_19920519_2_1,8509.0,64491.0,31894.0,31894.0,55982.0,23385.0,23385.0,2.748266541309202
49_D455,2001,1,crack_sealing,"Transverse Joint Sealing, Lane-Shoulder Longitudinal Joint Sealing, Partial depth patching of PCC pavements at joints",49_D455_20010501_3_1,232182.0,135892.66666666666,104230.0,,-96289.33333333334,-127952.0,,-0.5510849247573024
49_D459,1992,1,crack_sealing,"Transverse Joint Sealing, Lane-Shoulder Longitudinal Joint Sealing",49_D459_19920519_2_1,8509.0,64491.0,31894.0,31894.0,55982.0,23385.0,23385.0,2.748266541309202
49_D459,2001,1,crack_sealing,"Transverse Joint Sealing, Lane-Shoulder Longitudinal Joint Sealing",49_D459_20010501_3_1,232182.0,135892.66666666666,104230.0,,-96289.33333333334,-127952.0,,-0.5510849247573024
49_D460,2001,1,crack_sealing,"Transverse Joint Sealing, Lane-Shoulder Longitudinal Joint Sealing",49_D460_20010501_2_1,232182.0,127530.0,104230.0,,-104652.0,-127952.0,,-0.5510849247573024
49_D461,1992,1,crack_sealing,"Transverse Joint Sealing, Lane-Shoulder Longitudinal Joint Sealing",49_D461_19920519_2_1,8509.0,64491.0,31894.0,31894.0,55982.0,23385.0,23385.0,2.748266541309202
49_D461,2001,1,crack_sealing,"Transverse Joint Sealing, Lane-Shoulder Longitudinal Joint Sealing",49_D461_20010501_3_1,232182.0,135892.66666666666,104230.0,,-96289.33333333334,-127952.0,,-0.5510849247573024
49_D462,1992,1,crack_sealing,"Transverse Joint Sealing, Lane-Shoulder Longitudinal Joint Sealing",49_D462_19920519_2_1,8509.0,64491.0,31894.0,31894.0,55982.0,23385.0,23385.0,2.748266541309202
49_D462,2001,1,crack_sealing,"Transverse Joint Sealing, Lane-Shoulder Longitudinal Joint Sealing",49_D462_20010501_3_1,232182.0,135892.66666666666,104230.0,,-96289.33333333334,-127952.0,,-0.5510849247573024
50_1002,1988,1,unknown,Missing / not recorded,50_1002_19880801_1_1,126864.0,101070.0,107860.0,82463.0,-25794.0,-19004.0,-44401.0,-0.1497982091058141
50_1004,1988,1,unknown,Missing / not recorded,50_1004_19880801_1_1,23124.0,32010.0,31922.0,21048.0,8886.0,8798.0,-2076.0,0.38047050683272793
50_1004,1998,1,crack_sealing,Crack Sealing,50_1004_19981006_2_1,30156.0,18282.0,27195.0,36034.0,-11874.0,-2961.0,5878.0,-0.09818941504178273
50_1004,2001,2,asphalt_overlay,"AC Shoulder Restoration, Mill Off AC and Overlay with AC | Full Depth Patch of AC Pavement (removing damaged material, repairing supporting material, and repairing)",50_1004_20010501_3_1 | 50_1004_20010715_4_1,36034.0,20448.0,34581.0,32460.0,-15586.0,-1453.0,-3574.0,-0.04032302825109619
50_1004,2005,1,crack_sealing,Crack Sealing,50_1004_20051001_5_1,31790.0,20551.0,31506.0,39980.0,-11239.0,-284.0,8190.0,-0.008933626926706512
50_1004,2014,1,seal_coat,"AC Shoulder Restoration, Surface Treatment, Single Layer, Aggregate Seal Coat",50_1004_20140601_6_1,47176.0,52247.333333333336,40507.333333333336,56532.0,5071.333333333336,-6668.666666666664,9356.0,-0.14135718727036342
50_1681,1989,1,unknown,Missing / not recorded,50_1681_19890601_1_1,145329.0,147772.0,98712.0,49127.0,2443.0,-46617.0,-96202.0,-0.32076873851743287
50_1681,1991,1,asphalt_overlay,Asphalt Concrete Overlay,50_1681_19910908_2_1,98712.0,49127.0,109119.0,104472.0,-49585.0,10407.0,5760.0,0.10542791150012157
50_1681,1999,1,crack_sealing,Crack Sealing,50_1681_19990728_3_1,131379.0,99903.5,136202.0,137260.0,-31475.5,4823.0,5881.0,0.03671058540558232
50_1682,1989,1,unknown,Missing / not recorded,50_1682_19890601_1_1,109511.0,111382.0,100471.0,44896.0,1871.0,-9040.0,-64615.0,-0.08254878505355627
50_1682,1991,1,asphalt_overlay,"AC Shoulder Restoration, Asphalt Concrete Overlay, Full Depth Patching of PCC Pavement Other Than at Joint",50_1682_19910903_2_1,100471.0,44896.0,104233.0,98867.0,-55575.0,3762.0,-1604.0,0.03744364045346418
50_1682,1999,1,crack_sealing,Crack Sealing,50_1682_19990728_3_1,123866.0,95223.0,127786.0,132901.0,-28643.0,3920.0,9035.0,0.03164710251400707
50_1682,2003,1,crack_sealing,Crack Sealing,50_1682_20030801_4_1,128046.0,104991.33333333333,131745.0,139031.0,-23054.66666666667,3699.0,10985.0,0.028888055854927135
50_1682,2012,1,asphalt_overlay,"AC Shoulder Restoration, Patch Pot Holes - Hand Spread, Compacted with Truck, Hot-Mix Recycled Asphalt Concrete Overlay",50_1682_20120501_5_1,140788.0,54074.5,129981.0,136278.0,-86713.5,-10807.0,-4510.0,-0.07676080347756911
50_1683,1989,1,unknown,Missing / not recorded,50_1683_19890601_1_1,109511.0,111382.0,100471.0,44895.5,1871.0,-9040.0,-64615.5,-0.08254878505355627
50_1683,1991,1,asphalt_overlay,"AC Shoulder Restoration, Asphalt Concrete Overlay",50_1683_19910923_2_1,100471.0,44895.5,104233.0,98867.0,-55575.5,3762.0,-1604.0,0.03744364045346418
50_1683,1999,1,crack_sealing,Crack Sealing,50_1683_19990728_3_1,123866.0,95223.0,128073.0,132901.0,-28643.0,4207.0,9035.0,0.033964122519496875
50_1683,2012,1,asphalt_overlay,"AC Shoulder Restoration, Patch Pot Holes - Hand Spread, Compacted with Truck, Hot-Mix Recycled Asphalt Concrete Overlay",50_1683_20120501_4_1,140788.0,57703.0,129981.0,136278.0,-83085.0,-10807.0,-4510.0,-0.07676080347756911
51_0114,2004,1,patching,Strip Patching (using spreader and distributor to apply hot liquid asphalt and aggregate),51_0114_20041001_2_1,214978.0,155482.0,244985.0,346022.0,-59496.0,30007.0,131044.0,0.13958172464159124
51_0114,2011,1,asphalt_overlay,"AC Shoulder Restoration, Hot-Mix Recycled Asphalt Concrete Overlay",51_0114_20110601_3_1,231981.0,107760.0,231563.0,235446.0,-124221.0,-418.0,3465.0,-0.001801871705010324
51_0115,2004,1,patching,Strip Patching (using spreader and distributor to apply hot liquid asphalt and aggregate),51_0115_20041001_2_1,214978.0,155482.0,244985.0,346022.0,-59496.0,30007.0,131044.0,0.13958172464159124
51_0115,2011,1,asphalt_overlay,"AC Shoulder Restoration, Hot-Mix Recycled Asphalt Concrete Overlay",51_0115_20110601_3_1,231981.0,107760.0,231563.0,235446.0,-124221.0,-418.0,3465.0,-0.001801871705010324
51_0116,2004,1,patching,Strip Patching (using spreader and distributor to apply hot liquid asphalt and aggregate),51_0116_20041001_2_1,214978.0,155482.0,244985.0,346022.0,-59496.0,30007.0,131044.0,0.13958172464159124
51_0116,2011,1,asphalt_overlay,"AC Shoulder Restoration, Hot-Mix Recycled Asphalt Concrete Overlay",51_0116_20110601_3_1,231981.0,107760.0,231563.0,235446.0,-124221.0,-418.0,3465.0,-0.001801871705010324
51_0117,2004,1,patching,Strip Patching (using spreader and distributor to apply hot liquid asphalt and aggregate),51_0117_20041001_2_1,214978.0,155482.0,244985.0,346022.0,-59496.0,30007.0,131044.0,0.13958172464159124
51_0117,2011,1,asphalt_overlay,"AC Shoulder Restoration, Hot-Mix Recycled Asphalt Concrete Overlay",51_0117_20110601_3_1,231981.0,107760.0,231563.0,235446.0,-124221.0,-418.0,3465.0,-0.001801871705010324
51_0118,2004,1,patching,Strip Patching (using spreader and distributor to apply hot liquid asphalt and aggregate),51_0118_20041001_2_1,214978.0,155482.0,244985.0,346022.0,-59496.0,30007.0,131044.0,0.13958172464159124
51_0118,2011,1,asphalt_overlay,"AC Shoulder Restoration, Hot-Mix Recycled Asphalt Concrete Overlay",51_0118_20110601_3_1,231981.0,107760.0,231563.0,235446.0,-124221.0,-418.0,3465.0,-0.001801871705010324
51_0119,2004,1,patching,Strip Patching (using spreader and distributor to apply hot liquid asphalt and aggregate),51_0119_20041001_2_1,214978.0,155482.0,244985.0,346022.0,-59496.0,30007.0,131044.0,0.13958172464159124
51_0119,2011,1,asphalt_overlay,"AC Shoulder Restoration, Hot-Mix Recycled Asphalt Concrete Overlay",51_0119_20110601_3_1,231981.0,107760.0,231563.0,235446.0,-124221.0,-418.0,3465.0,-0.001801871705010324
51_0120,2004,1,patching,Strip Patching (using spreader and distributor to apply hot liquid asphalt and aggregate),51_0120_20041001_2_1,214978.0,155482.0,244985.0,346022.0,-59496.0,30007.0,131044.0,0.13958172464159124
51_0120,2011,1,asphalt_overlay,"AC Shoulder Restoration, Hot-Mix Recycled Asphalt Concrete Overlay",51_0120_20110601_3_1,231981.0,107760.0,231563.0,235446.0,-124221.0,-418.0,3465.0,-0.001801871705010324
51_0121,2004,1,patching,Strip Patching (using spreader and distributor to apply hot liquid asphalt and aggregate),51_0121_20041001_2_1,214978.0,155482.0,244985.0,346022.0,-59496.0,30007.0,131044.0,0.13958172464159124
51_0121,2011,1,asphalt_overlay,"AC Shoulder Restoration, Hot-Mix Recycled Asphalt Concrete Overlay",51_0121_20110601_3_1,231981.0,107760.0,231563.0,235446.0,-124221.0,-418.0,3465.0,-0.001801871705010324
51_0122,2004,1,patching,Strip Patching (using spreader and distributor to apply hot liquid asphalt and aggregate),51_0122_20041001_2_1,214978.0,155482.0,244985.0,346022.0,-59496.0,30007.0,131044.0,0.13958172464159124
51_0122,2011,1,asphalt_overlay,"AC Shoulder Restoration, Hot-Mix Recycled Asphalt Concrete Overlay",51_0122_20110601_3_1,231981.0,107760.0,231563.0,235446.0,-124221.0,-418.0,3465.0,-0.001801871705010324
51_0123,2004,1,patching,Strip Patching (using spreader and distributor to apply hot liquid asphalt and aggregate),51_0123_20041001_2_1,214978.0,155482.0,244985.0,346022.0,-59496.0,30007.0,131044.0,0.13958172464159124
51_0123,2011,1,asphalt_overlay,"AC Shoulder Restoration, Hot-Mix Recycled Asphalt Concrete Overlay",51_0123_20110601_3_1,231981.0,107760.0,231563.0,235446.0,-124221.0,-418.0,3465.0,-0.001801871705010324
51_0124,2004,1,patching,Strip Patching (using spreader and distributor to apply hot liquid asphalt and aggregate),51_0124_20041001_2_1,214978.0,155482.0,244985.0,346022.0,-59496.0,30007.0,131044.0,0.13958172464159124
51_0124,2011,1,asphalt_overlay,"AC Shoulder Restoration, Hot-Mix Recycled Asphalt Concrete Overlay",51_0124_20110601_3_1,231981.0,107760.0,231563.0,235446.0,-124221.0,-418.0,3465.0,-0.001801871705010324
51_0159,2004,1,patching,Strip Patching (using spreader and distributor to apply hot liquid asphalt and aggregate),51_0159_20041001_2_1,214978.0,155482.0,244985.0,346022.0,-59496.0,30007.0,131044.0,0.13958172464159124
51_0159,2011,1,asphalt_overlay,"AC Shoulder Restoration, Hot-Mix Recycled Asphalt Concrete Overlay",51_0159_20110601_3_1,231981.0,107760.0,231563.0,235446.0,-124221.0,-418.0,3465.0,-0.001801871705010324
51_1002,1988,1,unknown,Missing / not recorded,51_1002_19880801_1_1,46060.0,49317.0,49183.0,24658.5,3257.0,3123.0,-21401.5,0.06780286582718194
51_1002,1990,1,asphalt_overlay,Asphalt Concrete Overlay,51_1002_19900514_2_1,49183.0,24658.5,52005.0,27805.0,-24524.5,2822.0,-21378.0,0.05737754915316268
51_1002,1999,1,asphalt_overlay,Asphalt Concrete Overlay,51_1002_19990503_3_1,33856.0,31023.5,52525.0,52382.0,-2832.5,18669.0,18526.0,0.5514236767485823
51_1023,1988,1,unknown,Missing / not recorded,51_1023_19880701_1_1,917134.0,1002969.0,1053373.0,1137443.0,85835.0,136239.0,220309.0,0.14854863084347544
51_1023,1997,1,asphalt_overlay,Mill Off AC and Overlay with AC,51_1023_19971029_2_1,1044411.0,545112.5,1098571.0,1339942.0,-499298.5,54160.0,295531.0,0.05185697967562578
51_1417,1989,1,unknown,Missing / not recorded,51_1417_19890801_1_1,337030.0,349831.0,175395.0,385793.0,12801.0,-161635.0,48763.0,-0.47958638696851913
51_1417,1990,1,asphalt_overlay,Asphalt Concrete Overlay,51_1417_19900913_2_1,349831.0,175395.0,385793.0,487166.0,-174436.0,35962.0,137335.0,0.10279820827771123
51_1417,1998,2,asphalt_overlay,"Asphalt Concrete Overlay | Patch Pot Holes - Hand Spread, Compacted with Truck",51_1417_19980401_3_1 | 51_1417_19980430_4_1,641478.0,384190.0,501569.0,703051.0,-257288.0,-139909.0,61573.0,-0.21810412827875625
51_1417,2002,1,asphalt_overlay,"AC Shoulder Restoration, Hot-Mix Recycled Asphalt Concrete Overlay",51_1417_20020820_5_1,701130.0,399218.5,699505.0,744159.0,-301911.5,-1625.0,43029.0,-0.002317687162152525
51_1419,1989,2,asphalt_overlay,Asphalt Concrete Overlay | Missing / not recorded,51_1419_19890801_1_1 | 51_1419_19890919_2_1,87265.0,44747.5,89250.0,85713.0,-42517.5,1985.0,-1552.0,0.022746805706755285
51_1419,1997,1,asphalt_overlay,Asphalt Concrete Overlay,51_1419_19970829_3_1,69421.0,37288.0,75190.0,94860.0,-32133.0,5769.0,25439.0,0.0831016551187681
51_1419,2009,1,patching,"Patch Pot Holes - Hand Spread, Compacted with Truck",51_1419_20090601_4_1,80369.0,55920.5,69673.0,85050.0,-24448.5,-10696.0,4681.0,-0.13308614017842701
51_1419,2012,1,asphalt_overlay,Hot-Mix Recycled Asphalt Concrete Overlay,51_1419_20121101_5_1,85050.0,58110.0,87962.0,84810.0,-26940.0,2912.0,-240.0,0.034238683127572014
51_1423,1989,2,asphalt_overlay,Asphalt Concrete Overlay | Missing / not recorded,51_1423_19890801_1_1 | 51_1423_19890907_2_1,111642.0,52842.5,115470.0,118593.0,-58799.5,3828.0,6951.0,0.034288171118396306
51_1423,1999,1,asphalt_overlay,Asphalt Concrete Overlay,51_1423_19990816_3_1,140041.0,75745.0,154622.0,170093.0,-64296.0,14581.0,30052.0,0.1041195078584129
51_1464,1989,1,unknown,Missing / not recorded,51_1464_19890801_1_1,536350.0,565825.0,555335.0,591729.0,29475.0,18985.0,55379.0,0.03539666262701594
51_1464,1997,1,asphalt_overlay,Mill Off AC and Overlay with AC,51_1464_19970829_2_1,675554.0,342334.0,741030.0,646643.0,-333220.0,65476.0,-28911.0,0.09692193370182102
51_2004,1988,1,unknown,Missing / not recorded,51_2004_19881201_1_1,138097.0,145359.0,147782.0,147782.0,7262.0,9685.0,9685.0,0.07013186383484073
51_2004,1998,1,asphalt_overlay,Hot-Mix Recycled Asphalt Concrete Overlay,51_2004_19980607_2_1,253306.0,212988.5,424813.0,425977.0,-40317.5,171507.0,172671.0,0.6770743685502909
51_2004,2004,1,patching,Strip Patching (using spreader and distributor to apply hot liquid asphalt and aggregate),51_2004_20040601_3_1,381150.0,339511.5,515494.0,530517.0,-41638.5,134344.0,149367.0,0.3524701561065197
51_2021,1988,1,unknown,Missing / not recorded,51_2021_19880701_1_1,61934.0,66569.0,68155.0,68155.0,4635.0,6221.0,6221.0,0.10044563567668809
51_2021,1995,1,asphalt_overlay,Asphalt Concrete Overlay,51_2021_19951024_2_1,88619.0,46015.0,85048.0,102643.0,-42604.0,-3571.0,14024.0,-0.04029609903068191
51_2021,1999,1,patching,Manual Premix Spot Patch (hand spreading and compacting with roller),51_2021_19990601_3_1,111499.0,87568.0,110708.0,110405.0,-23931.0,-791.0,-1094.0,-0.007094234029004744
51_2564,1988,1,unknown,Missing / not recorded,51_2564_19880701_1_1,576040.0,605645.0,631498.0,631498.0,29605.0,55458.0,55458.0,0.09627456426637039
51_2564,1998,1,grinding,Grooving Surface,51_2564_19980604_2_1,527452.0,524756.5,689601.0,691490.0,-2695.5,162149.0,164038.0,0.30741944290665313
51_2564,2008,1,patching,Partial Depth Patching of PCC Pavement Other Than at Joint,51_2564_20080601_3_1,891220.0,692069.6666666666,720166.0,717319.0,-199150.33333333337,-171054.0,-173901.0,-0.1919324072619555
51_2564,2011,1,asphalt_overlay,"AC Shoulder Restoration, Asphalt Concrete Overlay",51_2564_20110701_4_1,717319.0,355081.0,649313.0,719477.0,-362238.0,-68006.0,2158.0,-0.09480579769948935
51_5008,1988,1,unknown,Missing / not recorded,51_5008_19880701_1_1,217414.0,242314.0,255775.0,25405.0,24900.0,38361.0,-192009.0,0.17644217943646684
51_5008,2014,2,patching,Full Depth Patching of PCC Pavement Other Than at Joint,51_5008_20140501_2_1 | 51_5008_20140701_3_1,60464.0,15913.333333333334,19996.0,18891.0,-44550.666666666664,-40468.0,-41573.0,-0.669290817676634
51_5009,1988,1,unknown,Missing / not recorded,51_5009_19880701_1_1,108391.0,115252.0,118698.0,118698.0,6861.0,10307.0,10307.0,0.09509092083291049
51_5009,1998,1,patching,Partial Depth Patching of PCC Pavement Other Than at Joint,51_5009_19980531_2_1,135378.0,86532.0,111566.0,114591.0,-48846.0,-23812.0,-20787.0,-0.1758926856653223
51_5009,2004,1,patching,"Skin Patching (hand tools/hot pot to apply liquid asphalt and aggregate), Partial Depth Patching of PCC Pavement Other Than at Joint",51_5009_20040601_3_1,130750.0,105612.66666666667,116087.0,123001.0,-25137.33333333333,-14663.0,-7749.0,-0.1121453154875717
51_5009,2009,1,patching,Partial Depth Patching of PCC Pavement Other Than at Joint,51_5009_20090601_4_1,143568.0,118268.25,143021.0,159049.2,-25299.75,-547.0,15481.200000000012,-0.0038100412348155577
51_5009,2011,1,patching,Partial Depth Patching of PCC Pavement Other Than at Joint,51_5009_20110601_5_1,143021.0,159049.2,164197.0,127970.0,16028.200000000012,21176.0,-15051.0,0.14806217268792696
51_5009,2014,1,patching,Partial Depth Patching of PCC Pavement Other Than at Joint,51_5009_20140601_6_1,127970.0,135465.0,157998.0,102728.0,7495.0,30028.0,-25242.0,0.23464874579979683
51_A310,1988,1,unknown,Missing / not recorded,51_A310_19880701_1_1,917134.0,1002969.0,1053373.0,679349.5,85835.0,136239.0,-237784.5,0.14854863084347544
51_A310,1990,1,asphalt_overlay,Asphalt Concrete Overlay,51_A310_19901022_2_1,1053373.0,679349.5,1254012.0,858995.0,-374023.5,200639.0,-194378.0,0.19047289041963295
51_A320,1988,1,unknown,Missing / not recorded,51_A320_19880701_1_1,917134.0,1002969.0,1053373.0,733884.5,85835.0,136239.0,-183249.5,0.14854863084347544
51_A320,1990,1,seal_coat,Slurry Seal Coat,51_A320_19900917_2_1,1053373.0,733884.5,1254012.0,858995.0,-319488.5,200639.0,-194378.0,0.19047289041963295
51_A321,1988,1,unknown,Missing / not recorded,51_A321_19880701_1_1,917134.0,1002969.0,1053373.0,679349.5,85835.0,136239.0,-237784.5,0.14854863084347544
51_A321,1990,1,seal_coat,Slurry Seal Coat,51_A321_19901022_2_1,1053373.0,679349.5,1254012.0,858995.0,-374023.5,200639.0,-194378.0,0.19047289041963295
51_A330,1988,1,unknown,Missing / not recorded,51_A330_19880701_1_1,917134.0,1002969.0,1053373.0,733884.5,85835.0,136239.0,-183249.5,0.14854863084347544
51_A330,1990,1,crack_sealing,Crack Sealing,51_A330_19900917_2_1,1053373.0,733884.5,1254012.0,858995.0,-319488.5,200639.0,-194378.0,0.19047289041963295
51_A340,1988,1,unknown,Missing / not recorded,51_A340_19880701_1_1,917134.0,1002969.0,1053373.0,1137443.0,85835.0,136239.0,220309.0,0.14854863084347544
51_A350,1988,1,unknown,Missing / not recorded,51_A350_19880701_1_1,917134.0,1002969.0,1053373.0,733884.5,85835.0,136239.0,-183249.5,0.14854863084347544
51_A350,1990,1,seal_coat,Aggregate Seal Coat,51_A350_19900917_2_1,1053373.0,733884.5,1254012.0,858995.0,-319488.5,200639.0,-194378.0,0.19047289041963295
53_0207,2011,1,patching,Partial depth patching of PCC pavements at joints,53_0207_20110701_2_1,344940.0,279453.0,287860.0,280992.5,-65487.0,-57080.0,-63947.5,-0.1654780541543457
53_0207,2015,1,patching,Partial Depth Patching of PCC Pavement Other Than at Joint,53_0207_20150601_3_1,289289.0,264908.6666666667,265189.0,243382.8,-24380.333333333314,-24100.0,-45906.20000000001,-0.08330769576444316
53_0207,2017,2,patching,Partial Depth Patching of PCC Pavement Other Than at Joint,53_0207_20170301_4_1 | 53_0207_20170605_5_1,265189.0,243382.8,37603.0,39694.666666666664,-21806.20000000001,-227586.0,-225494.33333333334,-0.8582030174705587
53_0207,2018,1,patching,Partial Depth Patching of PCC Pavement Other Than at Joint,53_0207_20180603_6_1,243382.8,37603.0,39694.666666666664,249619.0,-205779.8,-203688.13333333333,6236.200000000012,-0.8369043882038227
53_0801,2000,1,crack_sealing,Crack Sealing,53_0801_20000601_2_1,1132.0,1471.0,1281.0,1430.0,339.0,149.0,298.0,0.13162544169611307
53_0801,2003,1,crack_sealing,Crack Sealing,53_0801_20030701_3_1,1430.0,1917.0,2790.0,1331.0,487.0,1360.0,-99.0,0.951048951048951
53_0801,2005,1,seal_coat,Aggregate Seal Coat,53_0801_20050603_4_1,2790.0,1331.0,2599.0,3218.0,-1459.0,-191.0,428.0,-0.06845878136200717
53_0801,2011,1,seal_coat,Fog Seal Coat,53_0801_20110913_5_1,2469.0,2419.0,1961.0,1294.0,-50.0,-508.0,-1175.0,-0.20575131632239774
53_0801,2015,2,crack_sealing,Crack Sealing,53_0801_20150601_6_1 | 53_0801_20151020_7_1,880.0,920.2857142857143,1502.142857142857,1556.0,40.285714285714334,622.1428571428571,676.0,0.7069805194805194
53_0802,2000,1,crack_sealing,Crack Sealing,53_0802_20000601_2_1,1132.0,1471.0,1281.0,1430.0,339.0,149.0,298.0,0.13162544169611307
53_0802,2003,1,crack_sealing,Crack Sealing,53_0802_20030701_3_1,1430.0,1917.0,2790.0,1331.0,487.0,1360.0,-99.0,0.951048951048951
53_0802,2005,1,seal_coat,Aggregate Seal Coat,53_0802_20050603_4_1,2790.0,1331.0,2599.0,3218.0,-1459.0,-191.0,428.0,-0.06845878136200717
53_0802,2015,2,crack_sealing,Crack Sealing,53_0802_20150601_5_1 | 53_0802_20151020_6_1,880.0,910.3333333333334,1477.5,1541.1666666666667,30.33333333333337,597.5,661.1666666666667,0.6789772727272727
53_1002,1988,1,unknown,Missing / not recorded,53_1002_19880811_1_1,33240.0,33331.0,37204.0,40371.0,91.0,3964.0,7131.0,0.11925391095066186
53_1005,1988,1,unknown,Missing / not recorded,53_1005_19880905_1_1,296986.0,259360.0,136810.5,231756.0,-37626.0,-160175.5,-65230.0,-0.539336871098301
53_1005,1989,1,asphalt_overlay,Asphalt Concrete Overlay,53_1005_19890701_2_1,259360.0,136810.5,231756.0,250860.0,-122549.5,-27604.0,-8500.0,-0.10643121529919802
53_1005,2001,1,asphalt_overlay,Mill Off AC and Overlay with AC,53_1005_20011001_3_1,359328.0,177725.0,363603.0,370623.0,-181603.0,4275.0,11295.0,0.01189720812182741
53_1005,2008,1,patching,"Patch Pot Holes - Hand Spread, Compacted with Truck",53_1005_20080801_4_1,419760.0,274828.5,409507.0,347921.0,-144931.5,-10253.0,-71839.0,-0.024425862397560512
53_1005,2013,1,patching,"Patch Pot Holes - Hand Spread, Compacted with Truck",53_1005_20130601_5_1,405282.0,324690.0,333291.6666666667,354318.0,-80592.0,-71990.33333333331,-50964.0,-0.1776302261964097
53_1005,2016,1,crack_sealing,"Crack Sealing, Patch Pot Holes - Hand Spread, Compacted with Truck, Aggregate Seal Coat",53_1005_20160601_6_1,354318.0,307595.0,310177.0,1406.75,-46723.0,-44141.0,-352911.25,-0.12458017938687846
53_1006,1989,1,unknown,Missing / not recorded,53_1006_19890901_1_1,31415.0,30203.0,31488.0,32660.0,-1212.0,73.0,1245.0,0.0023237307018939995
53_1006,1997,1,seal_coat,Aggregate Seal Coat,53_1006_19970723_2_1,32065.0,31082.0,38886.0,44901.0,-983.0,6821.0,12836.0,0.21272415406206144
53_1006,2000,1,seal_coat,Aggregate Seal Coat,53_1006_20000523_3_1,44901.0,38114.666666666664,38669.0,33590.0,-6786.333333333336,-6232.0,-11311.0,-0.1387942362085477
53_1006,2007,1,seal_coat,Aggregate Seal Coat,53_1006_20070801_4_1,40589.0,35014.0,20663.0,,-5575.0,-19926.0,,-0.49092118554288106
53_1007,1989,1,unknown,Missing / not recorded,53_1007_19890715_1_1,73342.0,88770.0,105795.0,57002.5,15428.0,32453.0,-16339.5,0.44248861498186576
53_1007,1991,1,asphalt_overlay,Asphalt Concrete Overlay,53_1007_19910625_2_1,105795.0,57002.5,107201.0,87453.0,-48792.5,1406.0,-18342.0,0.013289853017628432
53_1007,1995,1,seal_coat,Aggregate Seal Coat,53_1007_19950615_3_1,104029.0,87927.0,127629.0,141040.0,-16102.0,23600.0,37011.0,0.2268598179353834
53_1007,2002,1,asphalt_overlay,"Asphalt Concrete Overlay, Mill Existing Pavement and Overlay with Cold-Mix Recycled AC",53_1007_20020711_4_1,189617.0,102817.33333333333,214468.0,233905.0,-86799.66666666667,24851.0,44288.0,0.13105892404162073
53_1007,2016,1,seal_coat,Aggregate Seal Coat,53_1007_20160603_5_1,262426.0,217116.5,225749.0,569.0,-45309.5,-36677.0,-261857.0,-0.1397613041390716
53_1008,1989,1,unknown,Missing / not recorded,53_1008_19890715_1_1,42470.0,42354.0,42966.0,45277.0,-116.0,496.0,2807.0,0.01167883211678832
53_1008,1993,1,patching,"Patch Pot Holes - Hand Spread, Compacted with Truck",53_1008_19930601_2_1,63581.0,42756.5,25655.666666666668,54844.0,-20824.5,-37925.33333333333,-8737.0,-0.5964884687773601
53_1008,1994,1,asphalt_overlay,Asphalt Concrete Overlay,53_1008_19940726_3_1,42756.5,25655.666666666668,54844.0,51546.0,-17100.833333333332,12087.5,8789.5,0.2827055535415668
53_1501,1989,1,unknown,Missing / not recorded,53_1501_19890510_1_1,4793.0,5059.0,5348.0,10027.0,266.0,555.0,5234.0,0.11579386605466305
53_1801,1989,1,unknown,Missing / not recorded,53_1801_19890701_1_1,48306.0,43831.0,46027.0,60202.0,-4475.0,-2279.0,11896.0,-0.047178404339005504
53_1801,1993,1,crack_sealing,"Crack Sealing, Patch Pot Holes - Hand Spread, Compacted with Truck",53_1801_19930601_2_1,51268.0,33359.0,42717.666666666664,51787.0,-17909.0,-8550.333333333336,519.0,-0.16677719695196488
53_1801,1994,1,patching,"Patch Pot Holes - Hand Spread, Compacted with Truck",53_1801_19940801_3_1,33359.0,42717.666666666664,51787.0,59559.0,9358.666666666664,18428.0,26200.0,0.5524146407266405
53_3011,1988,1,unknown,Missing / not recorded,53_3011_19880816_1_1,229130.0,281694.0,336728.0,336012.0,52564.0,107598.0,106882.0,0.46959368044341643
53_3013,1989,1,unknown,Missing / not recorded,53_3013_19890715_1_1,43368.0,44956.0,46934.0,45501.0,1588.0,3566.0,2133.0,0.08222652647113078
53_3013,2010,1,grinding,"Grinding Surface, Joint Load Transfer Restoration in PCC Pavements",53_3013_20100401_2_1,57726.0,49948.0,53945.0,57345.0,-7778.0,-3781.0,-381.0,-0.06549908186952154
53_3013,2016,1,crack_sealing,"Transverse Joint Sealing, Lane-Shoulder Longitudinal Joint Sealing",53_3013_20161001_3_1,49038.0,56843.666666666664,57679.333333333336,9211.666666666666,7805.666666666664,8641.333333333336,-39826.333333333336,0.17621708335032701
53_3014,1989,1,unknown,Missing / not recorded,53_3014_19890510_1_1,352515.0,328920.0,327582.0,284572.0,-23595.0,-24933.0,-67943.0,-0.07072890515297221
53_3014,2019,1,crack_sealing,Lane-Shoulder Longitudinal Joint Sealing,53_3014_20190425_2_1,347170.0,176673.5,376680.0,381608.0,-170496.5,29510.0,34438.0,0.08500158423826944
53_3019,1988,1,unknown,Missing / not recorded,53_3019_19880810_1_1,355876.0,338668.0,364708.0,366575.0,-17208.0,8832.0,10699.0,0.02481763310816127
53_3019,2014,1,crack_sealing,Lane-Shoulder Longitudinal Joint Sealing,53_3019_20140501_2_1,606254.0,504567.0,636436.0,736836.0,-101687.0,30182.0,130582.0,0.049784413793558475
53_3812,1988,1,unknown,Missing / not recorded,53_3812_19880824_1_1,288949.0,311262.0,318576.0,296485.0,22313.0,29627.0,7536.0,0.10253366511045202
53_3813,1988,1,unknown,Missing / not recorded,53_3813_19880822_1_1,110190.0,86026.0,88968.0,38382.0,-24164.0,-21222.0,-71808.0,-0.19259460931118977
53_3813,2002,1,asphalt_overlay,Asphalt Concrete Overlay,53_3813_20020501_2_1,213721.0,105866.5,197811.0,213332.0,-107854.5,-15910.0,-389.0,-0.07444284838644775
53_6020,1988,1,unknown,Missing / not recorded,53_6020_19880701_1_1,88667.0,91338.0,115888.0,122616.0,2671.0,27221.0,33949.0,0.3070026052533637
53_6020,1999,1,asphalt_overlay,Asphalt Concrete Overlay,53_6020_19990701_2_1,156462.0,54073.5,123294.0,115299.0,-102388.5,-33168.0,-41163.0,-0.21198757525789008
53_6048,1988,1,unknown,Missing / not recorded,53_6048_19880701_1_1,195239.0,162548.0,167838.0,194049.0,-32691.0,-27401.0,-1190.0,-0.14034593498225253
53_6048,1992,1,asphalt_overlay,Hot-Mix Recycled Asphalt Concrete Overlay,53_6048_19920819_2_1,203418.0,77930.5,186360.0,194965.0,-125487.5,-17058.0,-8453.0,-0.08385688582131375
53_6048,1998,1,patching,"Patch Pot Holes - Hand Spread, Compacted with Truck",53_6048_19980601_3_1,210331.0,202127.5,93082.0,,-8203.5,-117249.0,,-0.5574499241671461
53_6049,1988,1,unknown,Missing / not recorded,53_6049_19880701_1_1,402834.0,384408.0,404091.0,420811.0,-18426.0,1257.0,17977.0,0.0031203920225204426
53_6056,1988,1,unknown,Missing / not recorded,53_6056_19880701_1_1,48552.0,50020.0,51531.0,68058.0,1468.0,2979.0,19506.0,0.06135689569945625
53_6056,1997,1,asphalt_overlay,"Asphalt Concrete Overlay, Mill Off AC and Overlay with AC",53_6056_19970701_2_1,74738.0,35468.5,75456.0,77558.0,-39269.5,718.0,2820.0,0.009606893414327383
53_6056,2010,1,asphalt_overlay,Mill Existing Pavement and Overlay with Cold-Mix Recycled AC,53_6056_20100601_3_1,89931.0,66129.0,79425.0,76855.0,-23802.0,-10506.0,-13076.0,-0.11682289755479201
53_6056,2016,1,seal_coat,Aggregate Seal Coat,53_6056_20160623_4_1,72256.0,81287.0,82797.0,175.33333333333334,9031.0,10541.0,-72080.66666666667,0.14588407883082374
53_7322,1989,1,unknown,Missing / not recorded,53_7322_19890831_1_1,18359.0,18342.0,19893.0,28160.0,-17.0,1534.0,9801.0,0.08355574922381394
53_7322,1994,1,patching,"Patch Pot Holes - Hand Spread, Compacted with Truck",53_7322_19940701_2_1,36578.0,34215.0,35818.5,43517.5,-2363.0,-759.5,6939.5,-0.020763847121220407
53_7322,1998,1,patching,"Patch Pot Holes - Hand Spread, Compacted with Truck",53_7322_19980505_3_1,43770.5,41435.0,20944.25,16690.0,-2335.5,-22826.25,-27080.5,-0.5214984978467232
53_7322,1999,1,asphalt_overlay,Asphalt Concrete Overlay,53_7322_19990609_4_1,41435.0,20944.25,16690.0,17082.0,-20490.75,-24745.0,-24353.0,-0.5972004344153493
53_7322,2008,1,patching,"Patch Pot Holes - Hand Spread, Compacted with Truck",53_7322_20080801_5_1,19973.0,24700.0,38304.5,41556.0,4727.0,18331.5,21583.0,0.9178140489661042
53_7322,2015,1,asphalt_overlay,Mill Off AC and Overlay with AC,53_7322_20150601_6_1,36518.5,34137.666666666664,51645.0,55049.0,-2380.8333333333358,15126.5,18530.5,0.4142147130906253
53_7409,1988,1,unknown,Missing / not recorded,53_7409_19880331_1_1,252363.0,275054.0,288010.0,299424.0,22691.0,35647.0,47061.0,0.14125287779904344
53_7409,2011,1,patching,"AC Shoulder Restoration, Grinding Surface, Joint Load Transfer Restoration in PCC Pavements, Partial depth patching of PCC pavements at joints",53_7409_20110804_2_1,486171.0,324151.5,486623.0,486473.0,-162019.5,452.0,302.0,0.0009297140306599941
53_A310,1988,1,unknown,Missing / not recorded,53_A310_19880101_1_1,42287.0,42470.0,42354.0,28781.5,183.0,67.0,-13505.5,0.0015844112847920166
53_A310,1990,1,asphalt_overlay,Asphalt Concrete Overlay,53_A310_19900830_2_1,42354.0,28781.5,45277.0,63581.0,-13572.5,2923.0,21227.0,0.0690135524389668
53_A320,1988,1,unknown,Missing / not recorded,53_A320_19880101_1_1,42287.0,42470.0,42354.0,29841.0,183.0,67.0,-12446.0,0.0015844112847920166
53_A320,1990,1,seal_coat,Slurry Seal Coat,53_A320_19900812_2_1,42354.0,29841.0,45277.0,63581.0,-12513.0,2923.0,21227.0,0.0690135524389668
53_A330,1988,1,unknown,Missing / not recorded,53_A330_19880101_1_1,42287.0,42470.0,42354.0,29841.0,183.0,67.0,-12446.0,0.0015844112847920166
53_A330,1990,1,crack_sealing,Crack Sealing,53_A330_19900812_2_1,42354.0,29841.0,45277.0,63581.0,-12513.0,2923.0,21227.0,0.0690135524389668
53_A330,1993,1,crack_sealing,Crack Sealing,53_A330_19930505_3_1,63581.0,47802.333333333336,27805.0,,-15778.666666666664,-35776.0,,-0.562683820638241
53_A350,1988,1,unknown,Missing / not recorded,53_A350_19880101_1_1,42287.0,42470.0,42354.0,29841.0,183.0,67.0,-12446.0,0.0015844112847920166
53_A350,1990,1,seal_coat,Aggregate Seal Coat,53_A350_19900812_2_1,42354.0,29841.0,45277.0,63581.0,-12513.0,2923.0,21227.0,0.0690135524389668
53_B310,1988,1,unknown,Missing / not recorded,53_B310_19880101_1_1,4899.0,4793.0,5059.0,3436.0,-106.0,160.0,-1463.0,0.032659726474790776
53_B310,1990,1,asphalt_overlay,Asphalt Concrete Overlay,53_B310_19900919_2_1,5059.0,3436.0,10027.0,6901.0,-1623.0,4968.0,1842.0,0.98201225538644
53_B320,1988,1,unknown,Missing / not recorded,53_B320_19880101_1_1,4899.0,4793.0,5059.0,3707.0,-106.0,160.0,-1192.0,0.032659726474790776
53_B320,1990,1,seal_coat,Slurry Seal Coat,53_B320_19900813_2_1,5059.0,3707.0,10027.0,6901.0,-1352.0,4968.0,1842.0,0.98201225538644
53_B330,1988,1,unknown,Missing / not recorded,53_B330_19880101_1_1,4899.0,4793.0,5059.0,3707.0,-106.0,160.0,-1192.0,0.032659726474790776
53_B330,1990,1,crack_sealing,Crack Sealing,53_B330_19900813_2_1,5059.0,3707.0,10027.0,6901.0,-1352.0,4968.0,1842.0,0.98201225538644
53_B330,1993,1,crack_sealing,Crack Sealing,53_B330_19931027_3_1,6901.0,5063.0,6923.0,1638.0,-1838.0,22.0,-5263.0,0.0031879437762643097
53_B350,1988,1,unknown,Missing / not recorded,53_B350_19880101_1_1,4899.0,4793.0,5059.0,3707.0,-106.0,160.0,-1192.0,0.032659726474790776
53_B350,1990,1,seal_coat,Aggregate Seal Coat,53_B350_19900813_2_1,5059.0,3707.0,10027.0,6901.0,-1352.0,4968.0,1842.0,0.98201225538644
53_C310,1987,1,unknown,Missing / not recorded,53_C310_19870101_1_1,24012.0,34167.0,48306.0,43831.0,10155.0,24294.0,19819.0,1.011744127936032
53_C310,1990,1,asphalt_overlay,Asphalt Concrete Overlay,53_C310_19900830_2_1,43831.0,30831.5,58659.0,51268.0,-12999.5,14828.0,7437.0,0.33829937715315644
53_C320,1987,1,unknown,Missing / not recorded,53_C320_19870101_1_1,24012.0,34167.0,48306.0,43831.0,10155.0,24294.0,19819.0,1.011744127936032
53_C320,1990,1,seal_coat,Slurry Seal Coat,53_C320_19900815_2_1,43831.0,31777.5,58659.0,51268.0,-12053.5,14828.0,7437.0,0.33829937715315644
53_C330,1987,1,unknown,Missing / not recorded,53_C330_19870101_1_1,24012.0,34167.0,48306.0,43831.0,10155.0,24294.0,19819.0,1.011744127936032
53_C330,1990,1,crack_sealing,Crack Sealing,53_C330_19900815_2_1,43831.0,31777.5,58659.0,51268.0,-12053.5,14828.0,7437.0,0.33829937715315644
53_C330,1993,1,crack_sealing,Crack Sealing,53_C330_19930216_3_1,51268.0,40292.0,47835.0,42103.5,-10976.0,-3433.0,-9164.5,-0.06696184754622767
53_C330,1995,1,patching,"Patch Pot Holes - Hand Spread, Compacted with Truck",53_C330_19951001_4_1,47835.0,42103.5,59559.0,64489.0,-5731.5,11724.0,16654.0,0.24509250548761366
53_C350,1987,1,unknown,Missing / not recorded,53_C350_19870101_1_1,24012.0,34167.0,48306.0,43831.0,10155.0,24294.0,19819.0,1.011744127936032
53_C350,1990,1,seal_coat,Aggregate Seal Coat,53_C350_19900815_2_1,43831.0,31777.5,58659.0,51268.0,-12053.5,14828.0,7437.0,0.33829937715315644
54_1640,1988,1,unknown,Missing / not recorded,54_1640_19881101_1_1,183071.0,200072.0,214821.0,215645.0,17001.0,31750.0,32574.0,0.17342998071786356
54_1640,1991,1,asphalt_overlay,Asphalt Concrete Overlay,54_1640_19910815_2_1,215645.0,112076.0,240898.0,254239.0,-103569.0,25253.0,38594.0,0.11710450045213197
54_1640,2001,1,asphalt_overlay,"AC Shoulder Replacement, Mill Off AC and Overlay with AC",54_1640_20010815_3_1,385735.0,175351.0,358861.0,311394.0,-210384.0,-26874.0,-74341.0,-0.06966959181821716
54_1640,2014,1,patching,Machine Premix Patch (placing premix with paver roller),54_1640_20140601_4_1,412945.0,335814.5,435680.0,442022.0,-77130.5,22735.0,29077.0,0.055055758030730484
54_1640,2019,1,crack_sealing,"Crack Sealing, Patch Pot Holes - Hand Spread, Compacted with Truck",54_1640_20190601_5_1,268.0,468.6666666666667,97437.0,,200.66666666666669,97169.0,,362.57089552238807
54_4003,1988,1,unknown,Missing / not recorded,54_4003_19880701_1_1,183071.0,200072.0,214821.0,215645.0,17001.0,31750.0,32574.0,0.17342998071786356
54_4003,2002,1,crack_sealing,"Transverse Joint Sealing, Lane-Shoulder Longitudinal Joint Sealing",54_4003_20020601_2_1,349744.0,284631.0,311394.0,201602.0,-65113.0,-38350.0,-148142.0,-0.10965163090717782
54_4003,2014,1,grinding,"AC Shoulder Restoration, Grinding Surface",54_4003_20140601_3_1,412945.0,365007.3333333333,435680.0,442022.0,-47937.666666666686,22735.0,29077.0,0.055055758030730484
54_4004,1988,1,unknown,Missing / not recorded,54_4004_19880701_1_1,643448.0,846113.0,1044159.0,1097075.0,202665.0,400711.0,453627.0,0.6227558404097923
54_4004,1996,1,asphalt_overlay,"Asphalt Concrete Overlay, Longitudinal Subdrains, Full Depth Patching of PCC Pavement Other Than at Joint, PCC Slab Replacement",54_4004_19960624_2_1,1028518.0,561152.5,1229284.0,1085580.0,-467365.5,200766.0,57062.0,0.19519930618618245
54_4004,2008,1,patching,"Full Depth Patch of AC Pavement (removing damaged material, repairing supporting material, and repairing)",54_4004_20080601_3_1,1667686.0,1364730.5,1776187.0,1821939.0,-302955.5,108501.0,154253.0,0.06506080880933221
54_4004,2011,1,crack_sealing,"Lane-Shoulder Longitudinal Joint Sealing, Mill Off AC and Overlay with AC",54_4004_20110525_4_1,1821939.0,871862.3333333334,1919411.0,1959687.0,-950076.6666666666,97472.0,137748.0,0.053499046894544766
54_4004,2014,1,asphalt_overlay,Mill Off AC and Overlay with AC,54_4004_20140601_5_1,1959687.0,1590898.0,2052735.0,2104506.0,-368789.0,93048.0,144819.0,0.0474810518210306
54_5007,1988,1,unknown,Missing / not recorded,54_5007_19880701_1_1,97941.0,96184.0,94239.0,99596.0,-1757.0,-3702.0,1655.0,-0.03779826630318253
54_5007,1991,1,patching,"Manual Premix Spot Patch (hand spreading and compacting with roller), Patch Pot Holes - Hand Spread, Compacted with Truck",54_5007_19910815_2_1,99596.0,70307.5,51784.666666666664,97941.0,-29288.5,-47811.333333333336,-1655.0,-0.48005274642890616
54_5007,1992,1,asphalt_overlay,Asphalt Concrete Overlay,54_5007_19920627_3_1,70307.5,51784.666666666664,97941.0,116128.0,-18522.833333333336,27633.5,45820.5,0.39303772712726237
54_7008,1988,1,unknown,Missing / not recorded,54_7008_19880701_1_1,802779.0,892510.0,1201904.0,1205485.0,89731.0,399125.0,402706.0,0.49717917384485644
54_7008,1992,1,asphalt_overlay,Asphalt Concrete Overlay,54_7008_19920901_2_1,1317405.0,719483.0,1214052.0,1159806.0,-597922.0,-103353.0,-157599.0,-0.078451956687579
55_0213,2014,1,patching,"Patch Pot Holes - Hand Spread, Compacted with Truck",55_0213_20140601_2_1,219934.0,173209.5,171398.0,184638.5,-46724.5,-48536.0,-35295.5,-0.22068438713432212
55_0213,2019,1,patching,Partial depth patching of PCC pavements at joints,55_0213_20190601_3_1,74873.5,158337.0,151524.0,149796.0,83463.5,76650.5,74922.5,1.0237333636066166
55_0213,2021,1,patching,Partial depth patching of PCC pavements at joints,55_0213_20210601_4_1,151524.0,149796.0,121211.0,121211.0,-1728.0,-30313.0,-30313.0,-0.20005411683957658
55_0217,2011,1,patching,"Patch Pot Holes - Hand Spread, Compacted with Truck",55_0217_20110601_2_1,219510.0,175338.5,222190.0,219934.0,-44171.5,2680.0,424.0,0.012209010978998678
55_0217,2018,1,patching,Partial depth patching of PCC pavements at joints,55_0217_20180601_3_1,243261.0,49599.666666666664,158337.0,151524.0,-193661.33333333334,-84924.0,-91737.0,-0.3491065152243886
55_0221,2019,1,patching,Partial depth patching of PCC pavements at joints,55_0221_20190901_2_1,147989.0,158337.0,151524.0,149796.0,10348.0,3535.0,1807.0,0.023886910513619256
55_0262,2007,1,grinding,Grinding Surface,55_0262_20070614_2_1,236603.0,193545.0,236587.0,215441.0,-43058.0,-16.0,-21162.0,-6.762382556434196e-05
55_0264,2019,1,patching,"Patch Pot Holes - Hand Spread, Compacted with Truck",55_0264_20190101_2_1,147989.0,158337.0,151524.0,149796.0,10348.0,3535.0,1807.0,0.023886910513619256
55_0264,2020,1,patching,Partial depth patching of PCC pavements at joints,55_0264_20200601_3_1,158337.0,151524.0,149796.0,121870.0,-6813.0,-8541.0,-36467.0,-0.05394190871369295
55_0265,2000,1,reconstruction_or_major_rehab,PCC Slab Replacement,55_0265_20000601_2_1,197349.0,167192.0,194927.0,202233.0,-30157.0,-2422.0,4884.0,-0.012272674297817572
55_0265,2020,1,patching,Partial depth patching of PCC pavements at joints,55_0265_20200601_3_1,158337.0,151524.0,149796.0,121870.0,-6813.0,-8541.0,-36467.0,-0.05394190871369295
55_0266,2020,1,patching,Partial depth patching of PCC pavements at joints,55_0266_20200601_2_1,158337.0,151524.0,149796.0,121103.0,-6813.0,-8541.0,-37234.0,-0.05394190871369295
55_0805,2010,1,crack_sealing,Crack Sealing,55_0805_20100401_2_1,34456.0,34456.0,34456.0,34551.0,0.0,0.0,95.0,0.0
55_0805,2021,1,crack_sealing,Crack Sealing,55_0805_20210601_3_1,19984.0,19929.0,19888.0,19888.0,-55.0,-96.0,-96.0,-0.004803843074459567
55_0806,2021,1,crack_sealing,Crack Sealing,55_0806_20210601_2_1,19984.0,19929.0,19888.0,19888.0,-55.0,-96.0,-96.0,-0.004803843074459567
55_0901,1992,2,asphalt_overlay,"AC Shoulder Restoration, Asphalt Concrete Overlay, Partial depth patching of PCC pavements at joints | Missing / not recorded",55_0901_19920101_1_1 | 55_0901_19920715_2_1,531665.0,429172.5,806395.0,890606.0,-102492.5,274730.0,358941.0,0.5167351621791918
55_0901,1998,1,crack_sealing,Crack Sealing,55_0901_19980601_3_1,885477.0,819257.6666666666,1282799.0,1081555.0,-66219.33333333337,397322.0,196078.0,0.44870956557877845
55_0901,2003,1,patching,"Patch Pot Holes - Hand Spread, Compacted with Truck",55_0901_20030601_4_1,1132132.0,1066311.5,1251867.0,1311025.0,-65820.5,119735.0,178893.0,0.10576063568559144
55_0901,2006,1,crack_sealing,Crack Sealing,55_0901_20060601_5_1,1311025.0,1262261.0,1444882.0,1416491.1666666667,-48764.0,133857.0,105466.16666666674,0.10210102782174253
55_0901,2008,1,crack_sealing,"Crack Sealing, Full Depth Patch of AC Pavement (removing damaged material, repairing supporting material, and repairing), Patch Pot Holes - Hand Spread, Compacted with Truck",55_0901_20080601_6_1,1444882.0,1416491.1666666667,1623327.0,1710061.0,-28390.833333333256,178445.0,265179.0,0.1235014347192366
55_0901,2012,1,patching,"Full Depth Patch of AC Pavement (removing damaged material, repairing supporting material, and repairing), Patch Pot Holes - Hand Spread, Compacted with Truck",55_0901_20120601_7_1,1801966.0,1790658.142857143,1376566.625,2106959.0,-11307.857142857043,-425399.375,304993.0,-0.2360751395975285
55_0901,2013,1,asphalt_overlay,Mill Off AC and Overlay with AC,55_0901_20131001_8_1,1790658.142857143,1376566.625,2106959.0,2219938.0,-414091.51785714296,316300.85714285704,429279.85714285704,0.17663944310340157
55_0902,1992,2,asphalt_overlay,"AC Shoulder Restoration, Asphalt Concrete Overlay, Partial depth patching of PCC pavements at joints | Missing / not recorded",55_0902_19920101_1_1 | 55_0902_19920715_2_1,531665.0,429172.5,806395.0,890606.0,-102492.5,274730.0,358941.0,0.5167351621791918
55_0902,1998,1,crack_sealing,Crack Sealing,55_0902_19980601_3_1,885477.0,819257.6666666666,1282799.0,1081555.0,-66219.33333333337,397322.0,196078.0,0.44870956557877845
55_0902,2001,1,patching,"Patch Pot Holes - Hand Spread, Compacted with Truck",55_0902_20010901_4_1,1081555.0,1112465.5,1132132.0,1090912.4,30910.5,50577.0,9357.399999999907,0.04676322517116559
55_0902,2003,1,patching,"Patch Pot Holes - Hand Spread, Compacted with Truck",55_0902_20030601_5_1,1132132.0,1090912.4,1251867.0,1311025.0,-41219.60000000009,119735.0,178893.0,0.10576063568559144
55_0902,2006,1,crack_sealing,Crack Sealing,55_0902_20060601_6_1,1311025.0,1281237.6666666667,1444882.0,1431539.142857143,-29787.333333333256,133857.0,120514.14285714296,0.10210102782174253
55_0902,2008,1,crack_sealing,"Crack Sealing, Patch Pot Holes - Hand Spread, Compacted with Truck",55_0902_20080601_7_1,1444882.0,1431539.142857143,1623327.0,1710061.0,-13342.857142857043,178445.0,265179.0,0.1235014347192366
55_0902,2011,1,asphalt_overlay,Mill Off AC and Overlay with AC,55_0902_20110601_8_1,1710061.0,788668.875,1508313.5,1501210.6666666667,-921392.125,-201747.5,-208850.33333333326,-0.11797678562343683
55_0902,2012,1,patching,"Full Depth Patch of AC Pavement (removing damaged material, repairing supporting material, and repairing), Patch Pot Holes - Hand Spread, Compacted with Truck",55_0902_20120601_9_1,788668.875,1508313.5,1501210.6666666667,2106959.0,719644.625,712541.7916666667,1318290.125,0.9034739600528381
55_0902,2013,1,asphalt_overlay,Mill Off AC and Overlay with AC,55_0902_20131001_10_1,1508313.5,1501210.6666666667,2106959.0,2219938.0,-7102.833333333256,598645.5,711624.5,0.396897263068984
55_0903,1992,2,asphalt_overlay,"AC Shoulder Restoration, Asphalt Concrete Overlay, Partial depth patching of PCC pavements at joints | Missing / not recorded",55_0903_19920101_1_1 | 55_0903_19920715_2_1,531665.0,429172.5,806395.0,890606.0,-102492.5,274730.0,358941.0,0.5167351621791918
55_0903,2006,1,crack_sealing,"Crack Sealing, Manual Premix Spot Patch (hand spreading and compacting with roller)",55_0903_20060601_3_1,1311025.0,1186354.3333333333,1444882.0,1363823.25,-124670.66666666674,133857.0,52798.25,0.10210102782174253
55_0903,2008,1,crack_sealing,"Crack Sealing, Full Depth Patch of AC Pavement (removing damaged material, repairing supporting material, and repairing), Patch Pot Holes - Hand Spread, Compacted with Truck",55_0903_20080601_4_1,1444882.0,1363823.25,1623327.0,1710061.0,-81058.75,178445.0,265179.0,0.1235014347192366
55_0903,2011,1,patching,"Full Depth Patch of AC Pavement (removing damaged material, repairing supporting material, and repairing)",55_0903_20110601_5_1,1710061.0,1652871.8,1771835.1666666667,1358760.2857142857,-57189.19999999995,61774.166666666744,-351300.7142857143,0.03612395503240337
55_0903,2012,1,patching,"Full Depth Patch of AC Pavement (removing damaged material, repairing supporting material, and repairing)",55_0903_20120601_6_1,1652871.8,1771835.1666666667,1358760.2857142857,2106959.0,118963.3666666667,-294111.51428571437,454087.19999999995,-0.1779397012434445
55_0903,2013,1,asphalt_overlay,Mill Off AC and Overlay with AC,55_0903_20131001_7_1,1771835.1666666667,1358760.2857142857,2106959.0,2219938.0,-413074.88095238106,335123.83333333326,448102.83333333326,0.18913939605555855
55_0907,1992,2,asphalt_overlay,"AC Shoulder Restoration, Asphalt Concrete Overlay, Partial depth patching of PCC pavements at joints | Missing / not recorded",55_0907_19920101_1_1 | 55_0907_19920701_2_1,531665.0,440382.5,806395.0,890606.0,-91282.5,274730.0,358941.0,0.5167351621791918
55_0907,1998,1,crack_sealing,"Crack Sealing, Full Depth Patch of AC Pavement (removing damaged material, repairing supporting material, and repairing)",55_0907_19980601_3_1,885477.0,819257.6666666666,1282799.0,1081555.0,-66219.33333333337,397322.0,196078.0,0.44870956557877845
55_0907,2001,1,patching,"Full Depth Patch of AC Pavement (removing damaged material, repairing supporting material, and repairing)",55_0907_20010901_4_1,1081555.0,1112465.5,1132132.0,1090912.4,30910.5,50577.0,9357.399999999907,0.04676322517116559
55_0907,2003,1,patching,Skin Patching (hand tools/hot pot to apply liquid asphalt and aggregate),55_0907_20030601_5_1,1132132.0,1090912.4,1251867.0,1311025.0,-41219.60000000009,119735.0,178893.0,0.10576063568559144
55_0907,2006,1,crack_sealing,Crack Sealing,55_0907_20060601_6_1,1311025.0,1281237.6666666667,1444882.0,1431539.142857143,-29787.333333333256,133857.0,120514.14285714296,0.10210102782174253
55_0907,2008,1,crack_sealing,"Crack Sealing, Full Depth Patch of AC Pavement (removing damaged material, repairing supporting material, and repairing), Patch Pot Holes - Hand Spread, Compacted with Truck",55_0907_20080601_7_1,1444882.0,1431539.142857143,1623327.0,1710061.0,-13342.857142857043,178445.0,265179.0,0.1235014347192366
55_0907,2011,1,patching,"Full Depth Patch of AC Pavement (removing damaged material, repairing supporting material, and repairing)",55_0907_20110601_8_1,1710061.0,1708782.125,1815755.4444444445,1401495.5,-1278.875,105694.4444444445,-308565.5,0.06180741180837672
55_0907,2012,1,patching,"Full Depth Patch of AC Pavement (removing damaged material, repairing supporting material, and repairing)",55_0907_20120601_9_1,1708782.125,1815755.4444444445,1401495.5,2106959.0,106973.3194444445,-307286.625,398176.875,-0.17982785546753072
55_0907,2013,1,asphalt_overlay,Mill Off AC and Overlay with AC,55_0907_20131001_10_1,1815755.4444444445,1401495.5,2106959.0,2219938.0,-414259.9444444445,291203.5555555555,404182.5555555555,0.16037597818942698
55_0908,1992,2,asphalt_overlay,"AC Shoulder Restoration, Asphalt Concrete Overlay, Partial depth patching of PCC pavements at joints | Missing / not recorded",55_0908_19920101_1_1 | 55_0908_19920715_2_1,531665.0,429172.5,806395.0,890606.0,-102492.5,274730.0,358941.0,0.5167351621791918
55_0908,1998,1,crack_sealing,Crack Sealing,55_0908_19980601_3_1,885477.0,819257.6666666666,1282799.0,1081555.0,-66219.33333333337,397322.0,196078.0,0.44870956557877845
55_0908,2006,1,crack_sealing,Crack Sealing,55_0908_20060601_4_1,1311025.0,1233796.0,1444882.0,1395424.0,-77229.0,133857.0,84399.0,0.10210102782174253
55_0908,2008,1,crack_sealing,"Crack Sealing, Full Depth Patch of AC Pavement (removing damaged material, repairing supporting material, and repairing)",55_0908_20080601_5_1,1444882.0,1395424.0,1623327.0,1710061.0,-49458.0,178445.0,265179.0,0.1235014347192366
55_0908,2011,1,patching,"Full Depth Patch of AC Pavement (removing damaged material, repairing supporting material, and repairing)",55_0908_20110601_6_1,1710061.0,1677720.8333333333,1790658.142857143,1376566.625,-32340.166666666744,80597.14285714296,-333494.375,0.047131150793534825
55_0908,2012,1,patching,"Full Depth Patch of AC Pavement (removing damaged material, repairing supporting material, and repairing), Patch Pot Holes - Hand Spread, Compacted with Truck",55_0908_20120601_7_1,1677720.8333333333,1790658.142857143,1376566.625,2106959.0,112937.3095238097,-301154.20833333326,429238.16666666674,-0.1795019781300524
55_0908,2013,1,asphalt_overlay,Mill Off AC and Overlay with AC,55_0908_20131001_8_1,1790658.142857143,1376566.625,2106959.0,2219938.0,-414091.51785714296,316300.85714285704,429279.85714285704,0.17663944310340157
55_0909,1992,2,asphalt_overlay,"AC Shoulder Restoration, Asphalt Concrete Overlay, Partial depth patching of PCC pavements at joints | Missing / not recorded",55_0909_19920101_1_1 | 55_0909_19920715_2_1,531665.0,429172.5,806395.0,890606.0,-102492.5,274730.0,358941.0,0.5167351621791918
55_0909,2001,1,patching,Skin Patching (hand tools/hot pot to apply liquid asphalt and aggregate),55_0909_20010901_3_1,1081555.0,1038423.0,1132132.0,1066311.5,-43132.0,50577.0,-15243.5,0.04676322517116559
55_0909,2003,1,patching,Skin Patching (hand tools/hot pot to apply liquid asphalt and aggregate),55_0909_20030601_4_1,1132132.0,1066311.5,1251867.0,1311025.0,-65820.5,119735.0,178893.0,0.10576063568559144
55_0909,2006,1,crack_sealing,"Crack Sealing, Full Depth Patch of AC Pavement (removing damaged material, repairing supporting material, and repairing)",55_0909_20060601_5_1,1311025.0,1262261.0,1444882.0,1416491.1666666667,-48764.0,133857.0,105466.16666666674,0.10210102782174253
55_0909,2008,1,crack_sealing,"Crack Sealing, Patch Pot Holes - Hand Spread, Compacted with Truck",55_0909_20080601_6_1,1444882.0,1416491.1666666667,1623327.0,1710061.0,-28390.833333333256,178445.0,265179.0,0.1235014347192366
55_0909,2011,1,patching,"Full Depth Patch of AC Pavement (removing damaged material, repairing supporting material, and repairing)",55_0909_20110601_7_1,1710061.0,1695470.142857143,795765.0,,-14590.857142857043,-914296.0,,-0.5346569508339176
55_3008,1987,1,unknown,Missing / not recorded,55_3008_19870101_1_1,441831.0,486079.0,512955.0,403262.0,44248.0,71124.0,-38569.0,0.16097557663450504
55_3008,2003,1,grinding,Grinding Surface,55_3008_20030601_2_1,612489.0,505586.0,665095.0,690004.0,-106903.0,52606.0,77515.0,0.08588888943311634
55_3008,2012,1,shoulder_restoration,AC Shoulder Restoration,55_3008_20120601_3_1,878492.0,915766.3333333334,951121.6666666666,989515.3333333334,37274.33333333337,72629.66666666663,111023.33333333337,0.08267538767190438
55_3009,1987,1,unknown,Missing / not recorded,55_3009_19870101_1_1,120542.0,118611.0,115369.0,113354.0,-1931.0,-5173.0,-7188.0,-0.04291450282888951
55_3009,1995,1,grinding,Grinding Surface,55_3009_19950522_2_1,100121.0,80782.5,91799.0,52218.0,-19338.5,-8322.0,-47903.0,-0.08311942549515086
55_3009,2002,1,grinding,Grinding Surface,55_3009_20020501_3_1,121905.0,109905.33333333333,126544.0,128164.0,-11999.666666666672,4639.0,6259.0,0.03805422255034658
55_3009,2010,1,patching,"Grinding Surface, Full Depth Transverse Joint Repair Patch, Joint Load Transfer Restoration in PCC Pavements",55_3009_20100601_4_1,135849.0,123186.0,138759.0,141770.0,-12663.0,2910.0,5921.0,0.021420842258684274
55_3009,2016,1,patching,Full Depth Transverse Joint Repair Patch,55_3009_20160828_5_1,145307.0,148646.4,149508.2,,3339.399999999994,4201.200000000012,,0.02891257819650816
55_3010,1987,1,unknown,Missing / not recorded,55_3010_19870101_1_1,50645.0,58297.0,68122.0,77962.0,7652.0,17477.0,27317.0,0.34508836015401323
55_3010,1993,1,grinding,Grinding Surface,55_3010_19930601_2_1,81447.0,59745.0,90030.0,77628.0,-21702.0,8583.0,-3819.0,0.10538141368006188
55_3010,1998,1,patching,Partial depth patching of PCC pavements at joints,55_3010_19980601_3_1,118375.0,86172.0,110926.0,118640.0,-32203.0,-7449.0,265.0,-0.06292713833157339
55_3010,2001,1,grinding,Grinding Surface,55_3010_20010601_4_1,118640.0,86673.75,98223.0,99915.0,-31966.25,-20417.0,-18725.0,-0.17209204315576535
55_3012,1987,1,unknown,Missing / not recorded,55_3012_19870101_1_1,16200.0,17316.0,16625.0,19435.0,1116.0,425.0,3235.0,0.026234567901234566
55_3012,1995,1,shoulder_restoration,AC Shoulder Replacement,55_3012_19950601_2_1,22085.0,18821.5,27050.0,21639.0,-3263.5,4965.0,-446.0,0.22481322164364953
55_3012,1999,1,patching,Partial depth patching of PCC pavements at joints,55_3012_19990601_3_1,22613.0,19709.333333333332,22745.0,25195.0,-2903.666666666668,132.0,2582.0,0.005837350196789458
55_3012,2005,1,patching,Partial depth patching of PCC pavements at joints,55_3012_20050601_4_1,27948.0,25613.5,29054.0,27392.2,-2334.5,1106.0,-555.7999999999993,0.03957349363102906
55_3012,2007,1,patching,Partial depth patching of PCC pavements at joints,55_3012_20070601_5_1,29054.0,27392.2,30643.0,29023.666666666668,-1661.7999999999993,1589.0,-30.33333333333212,0.05469126454188752
55_3012,2009,1,crack_sealing,"Crack Sealing, AC Shoulder Restoration, Grinding Surface, Transverse Joint Sealing, Lane-Shoulder Longitudinal Joint Sealing, Partial depth patching of PCC pavements at joints",55_3012_20090601_6_1,30643.0,29023.666666666668,31658.0,32078.0,-1619.3333333333321,1015.0,1435.0,0.03312338870215057
55_3014,1987,1,unknown,Missing / not recorded,55_3014_19870101_1_1,268494.0,273304.0,268742.0,259679.0,4810.0,248.0,-8815.0,0.0009236705475727577
55_3014,1993,1,grinding,Grinding Surface,55_3014_19930601_2_1,284944.0,202459.0,298431.0,257633.0,-82485.0,13487.0,-27311.0,0.04733210736144646
55_3014,2010,1,grinding,Grinding Surface,55_3014_20100601_3_1,492945.0,440248.0,529538.0,549886.0,-52697.0,36593.0,56941.0,0.07423343375021554
55_3015,1987,1,unknown,Missing / not recorded,55_3015_19870101_1_1,191992.0,215908.0,240339.0,248184.0,23916.0,48347.0,56192.0,0.2518177840743364
55_3015,1993,1,crack_sealing,Lane-Shoulder Longitudinal Joint Sealing,55_3015_19930501_2_1,229968.0,200055.0,272590.0,289627.0,-29913.0,42622.0,59659.0,0.18533882975022611
55_3016,1987,1,unknown,Missing / not recorded,55_3016_19870101_1_1,48913.0,153025.0,178099.0,210370.0,104112.0,129186.0,161457.0,2.641138347678531
55_3016,1994,1,crack_sealing,Lane-Shoulder Longitudinal Joint Sealing,55_3016_19940501_2_1,190769.0,172256.0,222977.0,240885.0,-18513.0,32208.0,50116.0,0.16883246229733342
55_3019,1987,1,unknown,Missing / not recorded,55_3019_19870101_1_1,32168.0,55176.0,26722.0,55111.0,23008.0,-5446.0,22943.0,-0.16929868191992042
55_3019,1995,1,shoulder_restoration,AC Shoulder Replacement,55_3019_19950601_2_1,26951.0,22826.0,25498.0,31552.0,-4125.0,-1453.0,4601.0,-0.05391265630217803
55_3019,1998,1,crack_sealing,Transverse Joint Sealing,55_3019_19980601_3_1,31552.0,28188.666666666668,29224.0,28578.333333333332,-3363.333333333332,-2328.0,-2973.666666666668,-0.07378296146044624
55_3019,2006,1,crack_sealing,"Manual Premix Spot Patch (hand spreading and compacting with roller), Lane-Shoulder Longitudinal Joint Sealing",55_3019_20060601_4_1,27288.333333333332,26725.5,26692.5,26158.5,-562.8333333333321,-595.8333333333321,-1129.8333333333321,-0.021834727905698362
55_3019,2009,1,crack_sealing,"Transverse Joint Sealing, Manual Premix Spot Patch (hand spreading and compacting with roller), Lane-Shoulder Longitudinal Joint Sealing",55_3019_20090601_5_1,26158.5,25923.2,25884.2,25311.4,-235.29999999999927,-274.2999999999993,-847.0999999999985,-0.01048607527190012
55_3019,2016,1,patching,Skin Patching (hand tools/hot pot to apply liquid asphalt and aggregate),55_3019_20160601_6_1,24594.6,24093.0,23983.666666666668,,-501.59999999999854,-610.9333333333307,,-0.024840141060774753
55_5037,1987,1,unknown,Missing / not recorded,55_5037_19870101_1_1,105170.0,118832.0,124229.0,124285.0,13662.0,19059.0,19115.0,0.1812208804792241
55_5040,1987,1,unknown,Missing / not recorded,55_5040_19870101_1_1,339646.0,375024.0,410817.0,444668.0,35378.0,71171.0,105022.0,0.2095446435406276
55_6351,2008,1,patching,Partial depth patching of PCC pavements at joints,55_6351_20080601_2_1,284314.0,231811.5,299096.0,265239.6666666667,-52502.5,14782.0,-19074.333333333314,0.051991811869974744
55_6351,2010,1,grinding,"Grinding Surface, Joint Load Transfer Restoration in PCC Pavements",55_6351_20100601_3_1,299096.0,265239.6666666667,315374.0,323622.0,-33856.333333333314,16278.0,24526.0,0.054423997646240674
55_6351,2015,1,patching,Manual Premix Spot Patch (hand spreading and compacting with roller),55_6351_20150601_4_1,338205.0,345866.5,355327.5,361854.25,7661.5,17122.5,23649.25,0.050627577948285804
55_6352,2010,1,patching,"Grinding Surface, Patch Pot Holes - Hand Spread, Compacted with Truck, Joint Load Transfer Restoration in PCC Pavements",55_6352_20100601_2_1,299096.0,244026.0,315374.0,323622.0,-55070.0,16278.0,24526.0,0.054423997646240674
55_6352,2014,1,grinding,Grinding Surface,55_6352_20140601_3_1,330992.0,291566.6666666667,345866.5,355327.5,-39425.333333333314,14874.5,24335.5,0.04493915260791802
55_6352,2015,1,patching,Manual Premix Spot Patch (hand spreading and compacting with roller),55_6352_20150601_4_1,291566.6666666667,345866.5,355327.5,361854.25,54299.833333333314,63760.833333333314,70287.58333333331,0.21868354864524972
55_6353,2002,1,patching,Partial depth patching of PCC pavements at joints,55_6353_20020601_2_1,229263.0,194426.5,218326.0,261464.0,-34836.5,-10937.0,32201.0,-0.047705037446077216
55_6353,2003,1,patching,Partial depth patching of PCC pavements at joints,55_6353_20030601_3_1,194426.5,218326.0,261464.0,268302.0,23899.5,67037.5,73875.5,0.3447961054691619
55_6353,2010,1,patching,"Grinding Surface, Patch Pot Holes - Hand Spread, Compacted with Truck, Joint Load Transfer Restoration in PCC Pavements",55_6353_20100601_4_1,299096.0,275846.5,315374.0,323622.0,-23249.5,16278.0,24526.0,0.054423997646240674
55_6353,2015,1,patching,Manual Premix Spot Patch (hand spreading and compacting with roller),55_6353_20150601_5_1,338205.0,345895.2,355357.0,361884.2,7690.200000000012,17152.0,23679.20000000001,0.050714803151934475
55_6354,2010,1,patching,"Grinding Surface, Patch Pot Holes - Hand Spread, Compacted with Truck, Full Depth Transverse Joint Repair Patch, Joint Load Transfer Restoration in PCC Pavements",55_6354_20100601_2_1,299096.0,244026.0,315374.0,323622.0,-55070.0,16278.0,24526.0,0.054423997646240674
55_6354,2014,1,grinding,Grinding Surface,55_6354_20140601_3_1,330992.0,291566.6666666667,345866.5,355327.5,-39425.333333333314,14874.5,24335.5,0.04493915260791802
55_6354,2015,1,patching,Manual Premix Spot Patch (hand spreading and compacting with roller),55_6354_20150601_4_1,291566.6666666667,345866.5,355327.5,361854.25,54299.833333333314,63760.833333333314,70287.58333333331,0.21868354864524972
55_6355,2004,1,crack_sealing,Crack Sealing,55_6355_20040601_2_1,253249.0,207171.0,268302.0,276447.0,-46078.0,15053.0,23198.0,0.05943952394678755
55_6355,2008,1,patching,Partial depth patching of PCC pavements at joints,55_6355_20080601_3_1,284314.0,252061.66666666666,299096.0,275846.5,-32252.333333333343,14782.0,-8467.5,0.051991811869974744
55_6355,2010,1,patching,"Grinding Surface, Patch Pot Holes - Hand Spread, Compacted with Truck, Full Depth Transverse Joint Repair Patch, Joint Load Transfer Restoration in PCC Pavements",55_6355_20100601_4_1,299096.0,275846.5,315374.0,323622.0,-23249.5,16278.0,24526.0,0.054423997646240674
55_6355,2015,1,patching,"Patch Pot Holes - Hand Spread, Compacted with Truck",55_6355_20150601_5_1,338205.0,345895.2,355357.0,361884.2,7690.200000000012,17152.0,23679.20000000001,0.050714803151934475
55_A901,1992,2,asphalt_overlay,"AC Shoulder Restoration, Asphalt Concrete Overlay, Partial depth patching of PCC pavements at joints | Missing / not recorded",55_A901_19920101_1_1 | 55_A901_19920815_2_1,517897.0,423224.0,763685.0,272721.0,-94673.0,245788.0,-245176.0,0.47458857649300923
55_A901,1998,1,crack_sealing,Crack Sealing,55_A901_19980601_3_1,659032.0,549867.3333333334,530376.0,467219.0,-109164.66666666663,-128656.0,-191813.0,-0.19521965549472559
55_A901,2001,1,patching,"Patch Pot Holes - Hand Spread, Compacted with Truck",55_A901_20010901_4_1,467219.0,400145.5,727618.0,643224.8,-67073.5,260399.0,176005.80000000005,0.5573382075643328
55_A901,2003,1,patching,"Patch Pot Holes - Hand Spread, Compacted with Truck",55_A901_20030901_5_1,727618.0,643224.8,761535.0,774162.0,-84393.19999999995,33917.0,46544.0,0.04661374512450214
55_A901,2006,1,patching,"Full Depth Patch of AC Pavement (removing damaged material, repairing supporting material, and repairing)",55_A901_20060601_6_1,774162.0,734688.0,803883.0,773186.7142857143,-39474.0,29721.0,-975.285714285681,0.03839118944096972
55_A901,2008,1,patching,"Patch Pot Holes - Hand Spread, Compacted with Truck",55_A901_20080601_7_1,803883.0,773186.7142857143,793572.0,808137.0,-30696.28571428568,-10311.0,4254.0,-0.012826493407622751
55_A901,2011,1,asphalt_overlay,"Full Depth Patch of AC Pavement (removing damaged material, repairing supporting material, and repairing), Mill Off AC and Overlay with AC",55_A901_20110601_8_1,808137.0,360083.875,667951.5,855410.0,-448053.125,-140185.5,47273.0,-0.17346749375415307
55_A901,2012,1,asphalt_overlay,Mill Off AC and Overlay with AC,55_A901_20120601_9_1,360083.875,667951.5,855410.0,870141.0,307867.625,495326.125,510057.125,1.3755854104824883
55_A902,1992,2,asphalt_overlay,"AC Shoulder Restoration, Asphalt Concrete Overlay, Partial depth patching of PCC pavements at joints | Missing / not recorded",55_A902_19920101_1_1 | 55_A902_19920815_2_1,517897.0,423224.0,763685.0,272721.0,-94673.0,245788.0,-245176.0,0.47458857649300923
55_A902,1998,1,crack_sealing,Crack Sealing,55_A902_19980601_3_1,659032.0,549867.3333333334,530376.0,467219.0,-109164.66666666663,-128656.0,-191813.0,-0.19521965549472559
55_A902,2006,1,patching,"Full Depth Patch of AC Pavement (removing damaged material, repairing supporting material, and repairing)",55_A902_20060601_4_1,774162.0,707484.0,803883.0,753680.6,-66678.0,29721.0,-20481.400000000023,0.03839118944096972
55_A902,2008,1,patching,"Full Depth Patch of AC Pavement (removing damaged material, repairing supporting material, and repairing)",55_A902_20080601_5_1,803883.0,753680.6,793572.0,808137.0,-50202.40000000002,-10311.0,4254.0,-0.012826493407622751
55_A902,2011,1,asphalt_overlay,"Full Depth Patch of AC Pavement (removing damaged material, repairing supporting material, and repairing), Mill Off AC and Overlay with AC",55_A902_20110601_6_1,808137.0,365906.8333333333,667951.5,855410.0,-442230.1666666667,-140185.5,47273.0,-0.17346749375415307
55_A902,2012,1,asphalt_overlay,Mill Off AC and Overlay with AC,55_A902_20120601_7_1,365906.8333333333,667951.5,855410.0,870141.0,302044.6666666667,489503.1666666667,504234.1666666667,1.3377808832029647
55_A903,1992,2,asphalt_overlay,"AC Shoulder Restoration, Asphalt Concrete Overlay, Partial depth patching of PCC pavements at joints | Missing / not recorded",55_A903_19920101_1_1 | 55_A903_19920819_2_1,517897.0,419871.5,763685.0,272721.0,-98025.5,245788.0,-245176.0,0.47458857649300923
55_A903,1998,1,crack_sealing,Crack Sealing,55_A903_19980601_3_1,659032.0,549867.3333333334,530376.0,467219.0,-109164.66666666663,-128656.0,-191813.0,-0.19521965549472559
55_A903,2006,1,patching,"Patch Pot Holes - Hand Spread, Compacted with Truck",55_A903_20060601_4_1,774162.0,707484.0,803883.0,753680.6,-66678.0,29721.0,-20481.400000000023,0.03839118944096972
55_A903,2008,1,patching,"Full Depth Patch of AC Pavement (removing damaged material, repairing supporting material, and repairing), Patch Pot Holes - Hand Spread, Compacted with Truck",55_A903_20080601_5_1,803883.0,753680.6,793572.0,808137.0,-50202.40000000002,-10311.0,4254.0,-0.012826493407622751
55_A903,2011,1,asphalt_overlay,"Full Depth Patch of AC Pavement (removing damaged material, repairing supporting material, and repairing), Mill Off AC and Overlay with AC",55_A903_20110601_6_1,808137.0,365906.8333333333,667951.5,855410.0,-442230.1666666667,-140185.5,47273.0,-0.17346749375415307
55_A903,2012,1,asphalt_overlay,Mill Off AC and Overlay with AC,55_A903_20120601_7_1,365906.8333333333,667951.5,855410.0,870141.0,302044.6666666667,489503.1666666667,504234.1666666667,1.3377808832029647
55_A907,1992,2,asphalt_overlay,"AC Shoulder Restoration, Asphalt Concrete Overlay, Partial depth patching of PCC pavements at joints | Missing / not recorded",55_A907_19920101_1_1 | 55_A907_19920819_2_1,517897.0,419871.5,763685.0,272721.0,-98025.5,245788.0,-245176.0,0.47458857649300923
55_A907,1998,1,crack_sealing,Crack Sealing,55_A907_19980601_3_1,659032.0,549867.3333333334,530376.0,467219.0,-109164.66666666663,-128656.0,-191813.0,-0.19521965549472559
55_A907,2006,1,patching,"Patch Pot Holes - Hand Spread, Compacted with Truck",55_A907_20060601_4_1,774162.0,707484.0,803883.0,753680.6,-66678.0,29721.0,-20481.400000000023,0.03839118944096972
55_A907,2008,1,patching,"Full Depth Patch of AC Pavement (removing damaged material, repairing supporting material, and repairing)",55_A907_20080601_5_1,803883.0,753680.6,793572.0,808137.0,-50202.40000000002,-10311.0,4254.0,-0.012826493407622751
55_A907,2011,1,patching,"Patch Pot Holes - Hand Spread, Compacted with Truck",55_A907_20110601_6_1,808137.0,766000.1666666666,372473.4285714286,855410.0,-42136.83333333337,-435663.5714285714,47273.0,-0.5390961822420844
55_A907,2012,1,asphalt_overlay,Mill Off AC and Overlay with AC,55_A907_20120601_7_1,766000.1666666666,372473.4285714286,855410.0,870141.0,-393526.73809523805,89409.83333333337,104140.83333333337,0.11672299462075841
55_A908,1992,2,asphalt_overlay,"AC Shoulder Restoration, Asphalt Concrete Overlay, Partial depth patching of PCC pavements at joints | Missing / not recorded",55_A908_19920101_1_1 | 55_A908_19920820_2_1,517897.0,419033.5,763685.0,272721.0,-98863.5,245788.0,-245176.0,0.47458857649300923
55_A908,1998,1,crack_sealing,Crack Sealing,55_A908_19980601_3_1,659032.0,549867.3333333334,530376.0,467219.0,-109164.66666666663,-128656.0,-191813.0,-0.19521965549472559
55_A908,2005,1,patching,Manual Premix Spot Patch (hand spreading and compacting with roller),55_A908_20050601_4_1,761535.0,694094.5,789096.0,803883.0,-67440.5,27561.0,42348.0,0.03619137662746952
55_A908,2008,1,patching,"Full Depth Patch of AC Pavement (removing damaged material, repairing supporting material, and repairing)",55_A908_20080601_5_1,803883.0,753680.6,793572.0,808137.0,-50202.40000000002,-10311.0,4254.0,-0.012826493407622751
55_A908,2011,1,patching,"Full Depth Patch of AC Pavement (removing damaged material, repairing supporting material, and repairing)",55_A908_20110601_6_1,808137.0,766000.1666666666,372473.4285714286,855410.0,-42136.83333333337,-435663.5714285714,47273.0,-0.5390961822420844
55_A908,2012,1,asphalt_overlay,Mill Off AC and Overlay with AC,55_A908_20120601_7_1,766000.1666666666,372473.4285714286,855410.0,870141.0,-393526.73809523805,89409.83333333337,104140.83333333337,0.11672299462075841
55_A909,1992,2,asphalt_overlay,"AC Shoulder Restoration, Asphalt Concrete Overlay, Partial depth patching of PCC pavements at joints | Missing / not recorded",55_A909_19920101_1_1 | 55_A909_19920815_2_1,517897.0,423224.0,763685.0,272721.0,-94673.0,245788.0,-245176.0,0.47458857649300923
55_A909,1998,1,crack_sealing,Crack Sealing,55_A909_19980601_3_1,659032.0,549867.3333333334,530376.0,467219.0,-109164.66666666663,-128656.0,-191813.0,-0.19521965549472559
55_A909,2008,1,patching,"Full Depth Patch of AC Pavement (removing damaged material, repairing supporting material, and repairing), Patch Pot Holes - Hand Spread, Compacted with Truck",55_A909_20080601_4_1,803883.0,736612.75,793572.0,808137.0,-67270.25,-10311.0,4254.0,-0.012826493407622751
55_A909,2011,1,patching,"Full Depth Patch of AC Pavement (removing damaged material, repairing supporting material, and repairing)",55_A909_20110601_5_1,808137.0,754654.8,375818.6666666667,855410.0,-53482.19999999995,-432318.3333333333,47273.0,-0.5349567379458351
55_A909,2012,1,asphalt_overlay,Mill Off AC and Overlay with AC,55_A909_20120601_6_1,754654.8,375818.6666666667,855410.0,870141.0,-378836.13333333336,100755.19999999995,115486.19999999995,0.13351164002402152
55_B901,1992,2,asphalt_overlay,"AC Shoulder Restoration, Asphalt Concrete Overlay, Partial depth patching of PCC pavements at joints | Missing / not recorded",55_B901_19920101_1_1 | 55_B901_19920715_2_1,527029.0,425012.0,722509.0,722920.0,-102017.0,195480.0,195891.0,0.37090938069821583
55_B901,1998,1,crack_sealing,Crack Sealing,55_B901_19980601_3_1,466228.0,401681.0,511645.0,515067.0,-64547.0,45417.0,48839.0,0.09741371174618427
55_B901,2001,1,patching,"Patch Pot Holes - Hand Spread, Compacted with Truck",55_B901_20010901_4_1,515067.0,402431.0,690809.0,610809.0,-112636.0,175742.0,95742.0,0.34120221252769056
55_B901,2003,1,patching,"Patch Pot Holes - Hand Spread, Compacted with Truck",55_B901_20030901_5_1,690809.0,610809.0,720515.0,733388.0,-80000.0,29706.0,42579.0,0.04300175591227098
55_B901,2006,1,patching,"Full Depth Patch of AC Pavement (removing damaged material, repairing supporting material, and repairing)",55_B901_20060601_6_1,733388.0,696432.0,762433.0,780471.0,-36956.0,29045.0,47083.0,0.039603865893633385
55_B901,2010,1,patching,"Full Depth Patch of AC Pavement (removing damaged material, repairing supporting material, and repairing)",55_B901_20100601_7_1,730221.0,697802.5714285715,329107.0,606505.5,-32418.42857142852,-401114.0,-123715.5,-0.5493049364507457
55_B901,2011,1,asphalt_overlay,Mill Off AC and Overlay with AC,55_B901_20110601_8_1,697802.5714285715,329107.0,606505.5,774519.0,-368695.5714285715,-91297.07142857148,76716.42857142852,-0.13083510317490546
55_B901,2012,1,asphalt_overlay,Mill Off AC and Overlay with AC,55_B901_20120601_9_1,329107.0,606505.5,774519.0,785749.0,277398.5,445412.0,456642.0,1.3533957041326985
55_B902,1992,2,asphalt_overlay,"AC Shoulder Restoration, Asphalt Concrete Overlay, Partial depth patching of PCC pavements at joints | Missing / not recorded",55_B902_19920101_1_1 | 55_B902_19920715_2_1,527029.0,425012.0,722509.0,722920.0,-102017.0,195480.0,195891.0,0.37090938069821583
55_B902,1998,1,crack_sealing,Crack Sealing,55_B902_19980601_3_1,466228.0,401681.0,511645.0,515067.0,-64547.0,45417.0,48839.0,0.09741371174618427
55_B902,2001,1,patching,"Patch Pot Holes - Hand Spread, Compacted with Truck",55_B902_20010901_4_1,515067.0,402431.0,690809.0,704631.0,-112636.0,175742.0,189564.0,0.34120221252769056
55_B902,2006,1,patching,"Full Depth Patch of AC Pavement (removing damaged material, repairing supporting material, and repairing)",55_B902_20060601_5_1,733388.0,686117.0,762433.0,726449.3333333334,-47271.0,29045.0,-6938.666666666628,0.039603865893633385
55_B902,2008,1,patching,"Full Depth Patch of AC Pavement (removing damaged material, repairing supporting material, and repairing), Patch Pot Holes - Hand Spread, Compacted with Truck",55_B902_20080601_6_1,762433.0,726449.3333333334,730221.0,741633.0,-35983.66666666663,-32212.0,-20800.0,-0.04224895826912004
55_B902,2011,1,asphalt_overlay,Mill Off AC and Overlay with AC,55_B902_20110601_7_1,741633.0,331387.85714285716,606505.5,774519.0,-410245.14285714284,-135127.5,32886.0,-0.1822026527945763
55_B902,2012,1,asphalt_overlay,Mill Off AC and Overlay with AC,55_B902_20120601_8_1,331387.85714285716,606505.5,774519.0,785749.0,275117.64285714284,443131.14285714284,454361.14285714284,1.3371978885337206
55_B903,1992,2,asphalt_overlay,"AC Shoulder Restoration, Asphalt Concrete Overlay, Partial depth patching of PCC pavements at joints | Missing / not recorded",55_B903_19920101_1_1 | 55_B903_19920715_2_1,527029.0,425012.0,722509.0,722920.0,-102017.0,195480.0,195891.0,0.37090938069821583
55_B903,1998,1,crack_sealing,Crack Sealing,55_B903_19980601_3_1,466228.0,401681.0,511645.0,515067.0,-64547.0,45417.0,48839.0,0.09741371174618427
55_B903,2008,1,patching,"Full Depth Patch of AC Pavement (removing damaged material, repairing supporting material, and repairing)",55_B903_20080601_4_1,762433.0,699438.5,730221.0,741633.0,-62994.5,-32212.0,-20800.0,-0.04224895826912004
55_B903,2012,1,asphalt_overlay,Mill Off AC and Overlay with AC,55_B903_20120601_5_1,751949.0,345499.0,774519.0,785749.0,-406450.0,22570.0,33800.0,0.03001533348671253
55_B907,1992,2,asphalt_overlay,"AC Shoulder Restoration, Asphalt Concrete Overlay, Partial depth patching of PCC pavements at joints | Missing / not recorded",55_B907_19920101_1_1 | 55_B907_19920715_2_1,527029.0,425012.0,722509.0,722920.0,-102017.0,195480.0,195891.0,0.37090938069821583
55_B907,1998,1,crack_sealing,Crack Sealing,55_B907_19980601_3_1,466228.0,401681.0,511645.0,515067.0,-64547.0,45417.0,48839.0,0.09741371174618427
55_B907,2005,1,patching,Manual Premix Spot Patch (hand spreading and compacting with roller),55_B907_20050601_4_1,720515.0,657537.75,748007.0,762433.0,-62977.25,27492.0,41918.0,0.038156041165000036
55_B907,2008,1,patching,"Full Depth Patch of AC Pavement (removing damaged material, repairing supporting material, and repairing), Patch Pot Holes - Hand Spread, Compacted with Truck",55_B907_20080601_5_1,762433.0,715645.0,679872.5,741633.0,-46788.0,-82560.5,-20800.0,-0.10828558050346719
55_B907,2009,1,patching,"Full Depth Patch of AC Pavement (removing damaged material, repairing supporting material, and repairing)",55_B907_20090601_6_1,715645.0,679872.5,741633.0,707509.0,-35772.5,25988.0,-8136.0,0.036314094278587845
55_B907,2011,1,patching,"Full Depth Patch of AC Pavement (removing damaged material, repairing supporting material, and repairing)",55_B907_20110601_7_1,741633.0,707509.0,335930.875,774519.0,-34124.0,-405702.125,32886.0,-0.5470389330032509
55_B907,2012,1,asphalt_overlay,Mill Off AC and Overlay with AC,55_B907_20120601_8_1,707509.0,335930.875,774519.0,785749.0,-371578.125,67010.0,78240.0,0.09471257609443838
55_B908,1992,2,asphalt_overlay,"AC Shoulder Restoration, Asphalt Concrete Overlay, Partial depth patching of PCC pavements at joints | Missing / not recorded",55_B908_19920101_1_1 | 55_B908_19920715_2_1,527029.0,425012.0,722509.0,722920.0,-102017.0,195480.0,195891.0,0.37090938069821583
55_B908,1998,1,crack_sealing,Crack Sealing,55_B908_19980601_3_1,466228.0,401681.0,511645.0,515067.0,-64547.0,45417.0,48839.0,0.09741371174618427
55_B908,2008,1,patching,"Full Depth Patch of AC Pavement (removing damaged material, repairing supporting material, and repairing), Patch Pot Holes - Hand Spread, Compacted with Truck",55_B908_20080601_4_1,762433.0,699438.5,730221.0,741633.0,-62994.5,-32212.0,-20800.0,-0.04224895826912004
55_B908,2012,1,asphalt_overlay,Mill Off AC and Overlay with AC,55_B908_20120601_5_1,751949.0,345499.0,774519.0,785749.0,-406450.0,22570.0,33800.0,0.03001533348671253
55_B909,1992,2,asphalt_overlay,"AC Shoulder Restoration, Asphalt Concrete Overlay, Partial depth patching of PCC pavements at joints | Missing / not recorded",55_B909_19920101_1_1 | 55_B909_19920715_2_1,527029.0,425012.0,722509.0,722920.0,-102017.0,195480.0,195891.0,0.37090938069821583
55_B909,1998,1,crack_sealing,Crack Sealing,55_B909_19980601_3_1,466228.0,401681.0,511645.0,515067.0,-64547.0,45417.0,48839.0,0.09741371174618427
55_B909,2001,1,patching,"Patch Pot Holes - Hand Spread, Compacted with Truck",55_B909_20010901_4_1,515067.0,402431.0,690809.0,704631.0,-112636.0,175742.0,189564.0,0.34120221252769056
55_B909,2005,1,patching,"Full Depth Patch of AC Pavement (removing damaged material, repairing supporting material, and repairing), Patch Pot Holes - Hand Spread, Compacted with Truck",55_B909_20050601_5_1,720515.0,672707.8,748007.0,762433.0,-47807.19999999995,27492.0,41918.0,0.038156041165000036
55_B909,2008,1,patching,"Full Depth Patch of AC Pavement (removing damaged material, repairing supporting material, and repairing), Patch Pot Holes - Hand Spread, Compacted with Truck",55_B909_20080601_6_1,762433.0,726449.3333333334,730221.0,741633.0,-35983.66666666663,-32212.0,-20800.0,-0.04224895826912004
55_B909,2011,1,patching,"Full Depth Patch of AC Pavement (removing damaged material, repairing supporting material, and repairing)",55_B909_20110601_7_1,741633.0,707509.0,335930.875,774519.0,-34124.0,-405702.125,32886.0,-0.5470389330032509
55_B909,2012,1,asphalt_overlay,Mill Off AC and Overlay with AC,55_B909_20120601_8_1,707509.0,335930.875,774519.0,785749.0,-371578.125,67010.0,78240.0,0.09471257609443838
56_1007,1988,1,unknown,Missing / not recorded,56_1007_19880817_1_1,16722.0,16768.0,16722.0,13263.0,46.0,0.0,-3459.0,0.0
56_1007,1990,1,crack_sealing,Crack Sealing,56_1007_19900601_2_1,16722.0,13263.0,16722.0,14984.0,-3459.0,0.0,-1738.0,0.0
56_1007,1998,1,seal_coat,Aggregate Seal Coat,56_1007_19980401_3_1,5346.0,5997.0,5243.0,7401.0,651.0,-103.0,2055.0,-0.01926674148896371
56_1007,1999,1,seal_coat,"Surface Treatment, Single Layer",56_1007_19990901_4_1,5997.0,5243.0,7401.0,10707.0,-754.0,1404.0,4710.0,0.23411705852926462
56_2015,1988,1,unknown,Missing / not recorded,56_2015_19880815_1_1,160480.0,164637.0,174414.0,162359.0,4157.0,13934.0,1879.0,0.08682701894317049
56_2015,2004,1,asphalt_overlay,Asphalt Concrete Overlay,56_2015_20040601_2_1,215440.0,169372.0,237049.0,251369.66666666666,-46068.0,21609.0,35929.66666666666,0.10030170813219458
56_2015,2006,1,patching,"Patch Pot Holes - Hand Spread, Compacted with Truck",56_2015_20060701_3_1,237049.0,251369.66666666666,148100.0,,14320.666666666657,-88949.0,,-0.37523465612594864
56_2017,1988,1,unknown,Missing / not recorded,56_2017_19880816_1_1,58415.0,56457.0,56302.0,56302.0,-1958.0,-2113.0,-2113.0,-0.03617221604040058
56_2017,1999,1,asphalt_overlay,"Asphalt Concrete Overlay, Aggregate Seal Coat",56_2017_19990621_2_1,30486.0,17936.5,35460.0,44903.0,-12549.5,4974.0,14417.0,0.16315685888604606
56_2017,2010,1,patching,Skin Patching (hand tools/hot pot to apply liquid asphalt and aggregate),56_2017_20100728_3_1,34847.0,25747.0,46587.0,48205.666666666664,-9100.0,11740.0,13358.666666666664,0.3369013114471834
56_2017,2012,1,crack_sealing,Crack Sealing,56_2017_20120427_4_1,46587.0,48205.666666666664,42357.0,29363.5,1618.6666666666642,-4230.0,-17223.5,-0.09079786206452443
56_2017,2013,1,asphalt_overlay,Asphalt Concrete Overlay,56_2017_20130604_5_1,48205.666666666664,42357.0,29363.5,37021.0,-5848.666666666664,-18842.166666666664,-11184.666666666664,-0.3908703679373794
56_2017,2014,1,seal_coat,Aggregate Seal Coat,56_2017_20140601_6_1,42357.0,29363.5,37021.0,36637.0,-12993.5,-5336.0,-5720.0,-0.1259768161106783
56_2018,1988,1,unknown,Missing / not recorded,56_2018_19880816_1_1,65780.0,60047.0,59883.0,54693.0,-5733.0,-5897.0,-11087.0,-0.0896473092125266
56_2019,1988,1,unknown,Missing / not recorded,56_2019_19881103_1_1,97144.0,97410.0,93915.0,93915.0,266.0,-3229.0,-3229.0,-0.03323931483159022
56_2019,1996,1,asphalt_overlay,Asphalt Concrete Overlay,56_2019_19960926_2_1,64532.0,35406.5,49896.5,67445.0,-29125.5,-14635.5,2913.0,-0.22679445856319344
56_2019,1997,1,seal_coat,Aggregate Seal Coat,56_2019_19970826_3_1,35406.5,49896.5,67445.0,78351.0,14490.0,32038.5,42944.5,0.9048762232923333
56_2020,1988,1,unknown,Missing / not recorded,56_2020_19881103_1_1,130310.0,146448.0,161276.0,150382.0,16138.0,30966.0,20072.0,0.23763333589133603
56_2020,1998,1,asphalt_overlay,"Asphalt Concrete Overlay, Hot-Mix Recycled Asphalt Concrete Overlay, Mill Existing Pavement and Overlay with Hot-Mix Recycled AC",56_2020_19980520_2_1,216189.0,97655.5,151230.0,206986.0,-118533.5,-64959.0,-9203.0,-0.30047319706368036
56_2020,1999,1,seal_coat,Aggregate Seal Coat,56_2020_19990719_3_1,97655.5,151230.0,206986.0,219089.0,53574.5,109330.5,121433.5,1.1195529181664114
56_2020,2010,1,crack_sealing,Crack Sealing,56_2020_20100601_4_1,184159.0,178575.66666666666,228839.0,222148.0,-5583.333333333343,44680.0,37989.0,0.24261643471130925
56_2037,1988,1,unknown,Missing / not recorded,56_2037_19880820_1_1,49369.0,49504.0,49369.0,49369.0,135.0,0.0,0.0,0.0
56_2037,1997,1,crack_sealing,Crack Sealing,56_2037_19970801_2_1,17058.0,25362.0,37399.0,36658.0,8304.0,20341.0,19600.0,1.1924610153593622
56_3027,1988,1,unknown,Missing / not recorded,56_3027_19880820_1_1,832215.0,874778.0,904269.0,912336.0,42563.0,72054.0,80121.0,0.08658099169084912
56_3027,1997,1,patching,Partial depth patching of PCC pavements at joints,56_3027_19970801_2_1,793426.0,557046.0,790516.0,703079.0,-236380.0,-2910.0,-90347.0,-0.003667638822019949
56_6029,1988,1,unknown,Missing / not recorded,56_6029_19880819_1_1,15440.0,15091.0,16343.0,14292.0,-349.0,903.0,-1148.0,0.058484455958549224
56_6029,1997,2,asphalt_overlay,Asphalt Concrete Overlay | Crack Sealing,56_6029_19970601_2_1 | 56_6029_19970815_3_1,7661.0,5274.333333333333,7427.25,9618.0,-2386.666666666667,-233.75,1957.0,-0.03051168254797024
56_6029,1998,1,seal_coat,Aggregate Seal Coat,56_6029_19980801_4_1,5274.333333333333,7427.25,9618.0,8943.0,2152.916666666667,4343.666666666667,3668.666666666667,0.8235479997472035
56_6031,1988,1,unknown,Missing / not recorded,56_6031_19880818_1_1,28662.0,29021.0,28941.0,28662.0,359.0,279.0,0.0,0.009734142767427255
56_6031,1997,1,asphalt_overlay,"Asphalt Concrete Overlay, Aggregate Seal Coat",56_6031_19970613_2_1,13042.0,7868.0,17040.0,16004.0,-5174.0,3998.0,2962.0,0.30654807544855084
56_6031,2003,1,crack_sealing,Crack Sealing,56_6031_20030801_3_1,21083.0,12388.0,17059.0,19271.0,-8695.0,-4024.0,-1812.0,-0.19086467770241428
56_6032,1988,1,unknown,Missing / not recorded,56_6032_19880819_1_1,32718.0,36714.0,37871.0,38285.0,3996.0,5153.0,5567.0,0.15749740204168958
56_6032,1996,1,asphalt_overlay,Asphalt Concrete Overlay,56_6032_19960525_2_1,29185.0,21565.0,38850.0,40174.0,-7620.0,9665.0,10989.0,0.33116326880246705
56_7772,1988,1,unknown,Missing / not recorded,56_7772_19881102_1_1,17940.0,17989.0,17940.0,17578.0,49.0,0.0,-362.0,0.0
56_7772,1991,1,crack_sealing,Crack Sealing,56_7772_19910703_2_1,17578.0,13171.5,14207.333333333334,8751.0,-4406.5,-3370.666666666666,-8827.0,-0.19175484507149085
56_7772,1992,1,seal_coat,Aggregate Seal Coat,56_7772_19920801_3_1,13171.5,14207.333333333334,8751.0,7856.0,1035.833333333334,-4420.5,-5315.5,-0.33561097824849107
56_7772,1995,1,seal_coat,"Surface Treatment, Single Layer",56_7772_19950101_4_1,7856.0,8737.0,7700.0,10097.0,881.0,-156.0,2241.0,-0.01985743380855397
56_7772,1998,1,asphalt_overlay,"Asphalt Concrete Overlay, Aggregate Seal Coat",56_7772_19980616_5_1,10097.0,5816.6,11348.0,13049.0,-4280.4,1251.0,2952.0,0.12389818758046944
56_7772,2003,1,crack_sealing,Crack Sealing,56_7772_20030601_6_1,15434.0,12234.5,14771.0,14542.0,-3199.5,-663.0,-892.0,-0.04295710768433329
56_7772,2013,1,crack_sealing,"Crack Sealing, Aggregate Seal Coat",56_7772_20130601_7_1,19503.0,17521.333333333332,13157.25,14675.0,-1981.6666666666679,-6345.75,-4828.0,-0.3253730195354561
56_7772,2014,1,seal_coat,Aggregate Seal Coat,56_7772_20140601_8_1,17521.333333333332,13157.25,14675.0,14715.0,-4364.083333333332,-2846.333333333332,-2806.333333333332,-0.1624495852674834
56_7773,1989,1,unknown,Missing / not recorded,56_7773_19890601_1_1,12773.0,12738.0,12738.0,6828.0,-35.0,-35.0,-5945.0,-0.0027401550144836766
56_7773,1997,2,crack_sealing,Crack Sealing,56_7773_19970503_2_1 | 56_7773_19971027_3_1,4868.0,3598.3333333333335,7488.0,5198.75,-1269.6666666666665,2620.0,330.75,0.5382087099424815
56_7773,1999,1,seal_coat,Aggregate Seal Coat,56_7773_19990702_4_1,7488.0,5198.75,4217.0,6032.0,-2289.25,-3271.0,-1456.0,-0.43683226495726496
56_7773,2007,1,seal_coat,Aggregate Seal Coat,56_7773_20070801_5_1,6962.0,7539.2,9278.0,5393.833333333333,577.1999999999998,2316.0,-1568.166666666667,0.33266302786555585
56_7773,2009,1,seal_coat,Aggregate Seal Coat,56_7773_20090801_6_1,9278.0,5393.833333333333,5972.0,5789.0,-3884.166666666667,-3306.0,-3489.0,-0.35632679456779476
56_7773,2014,1,seal_coat,Aggregate Seal Coat,56_7773_20140601_7_1,5789.0,5446.857142857143,5789.0,5052.0,-342.1428571428569,0.0,-737.0,0.0
56_7775,1988,1,unknown,Missing / not recorded,56_7775_19881101_1_1,16295.0,57642.0,59592.0,62662.0,41347.0,43297.0,46367.0,2.6570727216937713
56_7775,2002,1,asphalt_overlay,"Asphalt Concrete Overlay, Fog Seal Coat",56_7775_20020621_2_1,49501.0,31440.0,23275.0,34247.0,-18061.0,-26226.0,-15254.0,-0.5298074786367952
56_7775,2003,1,seal_coat,Aggregate Seal Coat,56_7775_20030801_3_1,31440.0,23275.0,34247.0,38839.0,-8165.0,2807.0,7399.0,0.08928117048346056
56_7775,2007,1,patching,"Patch Pot Holes - Hand Spread, Compacted with Truck",56_7775_20070801_4_1,37873.0,34979.0,35730.0,34579.0,-2894.0,-2143.0,-3294.0,-0.05658384601167058
56_7775,2010,1,asphalt_overlay,Asphalt Concrete Overlay,56_7775_20101018_5_1,34579.0,18625.8,31210.0,19689.0,-15953.2,-3369.0,-14890.0,-0.09742907545041789
56_7775,2012,1,seal_coat,Aggregate Seal Coat,56_7775_20120612_6_1,31210.0,19689.0,25286.0,29774.0,-11521.0,-5924.0,-1436.0,-0.18981095802627362
56_A310,1987,1,unknown,Missing / not recorded,56_A310_19870101_1_1,15799.0,16722.0,16768.0,16722.0,923.0,969.0,923.0,0.06133299575922527
56_A310,1991,1,asphalt_overlay,Asphalt Concrete Overlay,56_A310_19910730_2_1,16722.0,11911.5,14984.0,8807.0,-4810.5,-1738.0,-7915.0,-0.10393493601243871
56_A320,1987,1,unknown,Missing / not recorded,56_A320_19870101_1_1,15799.0,16722.0,16768.0,16722.0,923.0,969.0,923.0,0.06133299575922527
56_A320,1990,1,seal_coat,Slurry Seal Coat,56_A320_19900806_2_1,16722.0,11751.0,16722.0,14984.0,-4971.0,0.0,-1738.0,0.0
56_A330,1987,1,unknown,Missing / not recorded,56_A330_19870101_1_1,15799.0,16722.0,16768.0,16722.0,923.0,969.0,923.0,0.06133299575922527
56_A330,1990,1,crack_sealing,Crack Sealing,56_A330_19900806_2_1,16722.0,11751.0,16722.0,14984.0,-4971.0,0.0,-1738.0,0.0
56_A350,1987,1,unknown,Missing / not recorded,56_A350_19870101_1_1,15799.0,16722.0,16768.0,16722.0,923.0,969.0,923.0,0.06133299575922527
56_A350,1990,1,seal_coat,Aggregate Seal Coat,56_A350_19900806_2_1,16722.0,11751.0,16722.0,14984.0,-4971.0,0.0,-1738.0,0.0
56_A363,1987,1,unknown,Missing / not recorded,56_A363_19870101_1_1,15799.0,16722.0,16768.0,16722.0,923.0,969.0,923.0,0.06133299575922527
56_A363,1990,1,seal_coat,Aggregate Seal Coat,56_A363_19900806_2_1,16722.0,11751.0,16722.0,14984.0,-4971.0,0.0,-1738.0,0.0
56_B310,1991,1,asphalt_overlay,Asphalt Concrete Overlay,56_B310_19910726_2_1,62662.0,62662.0,59755.0,47146.0,0.0,-2907.0,-15516.0,-0.04639175257731959
56_B320,1990,1,seal_coat,Slurry Seal Coat,56_B320_19900726_2_1,59592.0,44979.5,62662.0,59755.0,-14612.5,3070.0,163.0,0.051516982145254395
56_B330,1990,1,crack_sealing,Crack Sealing,56_B330_19900726_2_1,59592.0,44979.5,62662.0,59755.0,-14612.5,3070.0,163.0,0.051516982145254395
56_B350,1990,1,seal_coat,Aggregate Seal Coat,56_B350_19900726_2_1,59592.0,44979.5,62662.0,59755.0,-14612.5,3070.0,163.0,0.051516982145254395
56_B360,1990,1,seal_coat,Aggregate Seal Coat,56_B360_19900726_2_1,59592.0,44979.5,62662.0,59755.0,-14612.5,3070.0,163.0,0.051516982145254395
