scenario_id,num_closed_nodes,closed_node_ids,delta_vht_proxy,connectivity_loss_pct,disconnected_od_pct,disruption_score
scenario_0000,2,12_0101;29_AA01,0.0,0.0010330337696481395,0.0,0.0
scenario_0001,3,19_3033;25_1003;4_0261,0.0,0.0022920746695399563,0.0,0.0
scenario_0002,5,19_0103;19_0106;19_0108;19_0109;19_0110,0.0,0.0,0.0,0.0
scenario_0003,6,13_0505;19_0214;37_1006;4_0669;4_BA01;6_2051,731248872.9517004,0.006981378438113528,0.0,736353998.0662202
scenario_0004,2,48_1061;48_3875,0.0,0.00026200846978841064,0.0,0.0
scenario_0005,3,29_B351;4_B964;55_3009,0.0,0.01476323048768935,0.0,0.0
scenario_0006,1,19_5046,29093868.761183422,0.0005016817020864206,0.0,29108464.62278381
scenario_0007,1,20_1006,0.0,0.00011778740519430286,0.0,0.0
scenario_0008,4,40_1015;40_A430;40_B310;40_B350,0.0,0.00030035852383236694,0.0,0.0
scenario_0009,2,49_1008;49_B320,94619050.11154982,0.006015334066769462,0.0,95188215.3070512
scenario_0010,3,23_3014;32_A453;40_0603,0.10944859042544848,0.0008875814544764271,0.0,0.1095457349645287
scenario_0011,3,8_2008;8_A350;8_B350,0.0,0.0003876104013994519,0.0,0.0
scenario_0012,2,48_3855;48_5024,0.0,0.00043356821250639666,0.0,0.0
scenario_0013,4,49_C446;49_C447;49_C451;49_C454,0.0,0.0008536516011485862,0.0,0.0
scenario_0014,3,49_E443;56_7772;6_0564,0.0,0.001162281728535497,0.0,0.0
scenario_0015,1,1_1011,0.0,6.268765105921226e-05,0.0,0.0
scenario_0016,4,10_0103;10_0106;10_0112;10_0159,0.0,0.0007132489929090324,0.0,0.0
scenario_0017,3,20_0207;27_3009;49_D459,774.5465535179566,0.002244268618351364,0.0,776.284844041469
scenario_0018,4,40_4157;51_A320;55_0903;55_3012,0.0,0.0034182064503250897,0.0,0.0
scenario_0019,3,13_0562;56_6032;8_0221,0.0,0.0030609494766062895,0.0,0.0
scenario_0020,2,4_1017;4_C310,0.0,0.000604817572412264,0.0,0.0
scenario_0021,5,30_0505;30_0506;30_0507;30_0509;30_0560,0.0,0.0013897261208605238,0.0,0.0
scenario_0022,1,56_6032,0.0,0.0,0.0,0.0
scenario_0023,5,8_0213;8_0217;8_0220;8_0223;8_0224,0.0,0.002806975513474974,0.0,0.0
scenario_0024,1,19_A310,0.0,0.0,0.0,0.0
scenario_0025,2,55_0266;55_C959,0.0,0.0005202084464837053,0.0,0.0
scenario_0026,3,16_1001;16_9032;53_A330,2927339.636921618,0.0004459108894473429,0.0,2928644.9695428326
scenario_0027,5,27_4054;55_0901;55_0902;55_0903;55_0908,311706533.41960955,0.008294954966852952,0.0,314292125.07719904
scenario_0028,2,48_1047;48_5336,129213043.27993174,0.0011041356746307462,0.0,129355712.01064473
scenario_0029,5,18_1028;18_6012;18_A310;18_A320;18_A330,490065583.6334031,0.0032929005710731207,0.0,491679320.8736128
scenario_0030,3,32_0101;32_0103;32_0108,0.0,0.0008551610438100044,0.0,0.0
scenario_0031,1,56_2019,0.0,0.0,0.0,0.0
scenario_0032,4,13_4118;24_0501;32_AA60;4_AA59,0.0,0.004330933079174648,0.0,0.0
scenario_0033,1,32_A320,0.0,5.81615352256426e-05,0.0,0.0
scenario_0034,6,39_0202;42_1598;42_1613;48_E310;55_A908;8_0506,0.0,0.0038825953489477483,0.0,0.0
scenario_0035,2,35_0108;35_0111,0.0,0.0003846310106776496,0.0,0.0
scenario_0036,3,29_0801;29_0802;29_0808,0.0,4.280619209651171e-06,0.0,0.0
scenario_0037,3,13_0503;13_0506;13_3016,8706352.442826482,0.006019635264234657,0.0,8758761.509014176
scenario_0038,5,48_1047;48_5323;48_5334;48_5335;48_6079,130027160.00357735,0.0036661304992889887,0.0,130503856.54060242
scenario_0039,3,8_0501;8_0506;8_7783,0.0,0.0014208900376153633,0.0,0.0
scenario_0040,3,27_3009;49_7083;6_0567,774.5465535179566,0.003593507266224538,0.0,777.3298921860525
scenario_0041,2,48_0116;48_0118,0.0,0.0012154502128542966,0.0,0.0
scenario_0042,3,29_0665;48_0161;6_0508,0.0,0.0019061486415358209,0.0,0.0
scenario_0043,4,29_0601;38_0260;39_5569;49_C457,0.0,0.0013195802777820065,0.0,0.0
scenario_0044,2,30_0805;30_0806,0.0,0.0,0.0,0.0
scenario_0045,2,47_0603;47_0608,0.0,0.0026792839448183114,0.0,0.0
scenario_0046,3,4_0263;6_0203;8_6002,5783724169.043735,0.007109652025652946,0.04777268203891048,6101148451.026481
scenario_0047,1,20_0211,0.0,0.0005572378305223058,0.0,0.0
scenario_0048,1,39_0206,0.0,0.0003501843695064011,0.0,0.0
scenario_0049,4,30_A320;48_5284;4_1065;55_6354,0.0,0.0021118502696524377,0.0,0.0
scenario_0050,1,13_3007,0.0,0.00038528067085596973,0.0,0.0
scenario_0051,4,47_3101;47_6022;47_9025;47_A310,0.0,0.00016217139767693567,0.0,0.0
scenario_0052,1,49_1005,0.0,0.005829360692224728,0.0,0.0
scenario_0053,6,35_0501;37_0903;47_C310;48_H340;4_0666;4_1003,0.0,0.006412827308888702,0.0,0.0
scenario_0054,4,48_0902;48_1092;48_9005;48_K340,0.0,0.0011954570892880323,0.0,0.0
scenario_0055,2,35_AA02;35_AA62,3994807373.3707285,0.001708377487997681,0.03459863924504863,4139846911.5209956
scenario_0056,1,45_1011,0.0,0.0,0.0,0.0
scenario_0057,2,17_0601;17_0602,452173407.3121982,0.002107941346999098,0.0,453126562.33348507
scenario_0058,4,42_0603;46_7049;47_1029;47_C330,12193149.916876206,0.0026221093124466632,0.0,12225121.688821306
scenario_0059,5,26_0218;28_3093;4_0669;56_2037;6_3013,920175660.029265,0.003680146694696629,0.008483185494460813,931368062.2545782
scenario_0060,5,30_0504;30_0507;30_7066;30_7075;30_7088,0.0,0.004219110841106155,0.0,0.0
scenario_0061,4,9_0901;9_0902;9_0960;9_0961,0.0,0.0009870014246096126,0.0,0.0
scenario_0062,1,34_0903,0.0,0.00022877103846297153,0.0,0.0
scenario_0063,2,12_A330;30_0503,0.0,0.00045245213760092273,0.0,0.0
scenario_0064,3,29_0664;47_0662;6_0212,5782869863.077848,0.004007964615141857,0.04777268203891048,6082310604.10425
scenario_0065,2,32_0102;32_0108,0.0,0.0006059858840021803,0.0,0.0
scenario_0066,2,4_1015;4_1017,0.0,0.0015485650853627186,0.0,0.0
scenario_0067,1,9_0962,0.0,0.0002454958452331457,0.0,0.0
scenario_0068,4,12_AA01;12_AA02;12_AA03;12_AA61,0.0,0.0001427979579339267,0.0,0.0
scenario_0069,1,53_1501,0.0,1.2638115972296582e-05,0.0,0.0
scenario_0070,4,40_4160;40_A410;40_A420;40_A430,0.0,0.0010100335777255554,0.0,0.0
scenario_0071,5,27_C320;32_A430;32_A451;39_0101;42_1610,0.0,0.003197687065896959,0.0,0.0
scenario_0072,4,35_AA01;56_2037;5_0217;6_3042,49340835998.24905,0.0157635179166139,0.3943229215164543,69574843751.42195
scenario_0073,4,35_0105;35_0111;35_0112;35_6033,0.0,0.0026297518539578624,0.0,0.0
scenario_0074,3,19_0707;40_4163;48_0903,0.0,0.0014385989823969547,0.0,0.0
scenario_0075,3,36_1644;36_B330;36_B331,0.0,6.149346287709356e-05,0.0,0.0
scenario_0076,5,10_0103;22_0706;34_0504;48_J320;5_4019,0.0,0.0018878021376309562,0.0,0.0
scenario_0077,3,30_0502;30_0508;30_0561,0.0,0.0008509566330142659,0.0,0.0
scenario_0078,3,39_0204;39_0901;39_0903,0.0,0.0015295431615114374,0.0,0.0
scenario_0079,4,20_0101;48_5154;4_1006;8_B330,0.0,0.003424447927211416,0.0,0.0
scenario_0080,6,17_5453;26_0220;37_0208;48_1070;4_0215;5_A604,1058481897.8842002,0.006240969498591875,0.011523022702030953,1077284762.0627155
scenario_0081,2,39_0102;39_0103,0.0,0.0009170065568484542,0.0,0.0
scenario_0082,5,20_0105;20_A412;32_0104;39_0160;55_6352,0.0,0.0022125784778617152,0.0,0.0
scenario_0083,3,49_C441;49_C451;49_C457,0.0,0.0007084608575107509,0.0,0.0
scenario_0084,5,42_1597;42_B310;42_B330;42_B350;42_B351,0.0,0.0007784271832217415,0.0,0.0
scenario_0085,6,19_A340;22_0702;22_0706;26_B330;55_0903;6_3005,0.0,0.004938115283403377,0.0,0.0
scenario_0086,2,35_0110;35_0111,0.0,0.0003846310106776496,0.0,0.0
scenario_0087,3,12_0102;37_0901;5_0220,0.0,0.0022636963521061038,0.0,0.0
scenario_0088,2,18_1037;18_5043,0.0,0.0002511305851522483,0.0,0.0
scenario_0089,5,29_0603;29_0607;29_0608;29_0665;29_5000,0.0,0.003038343303990776,0.0,0.0
scenario_0090,4,18_0902;18_0905;18_5022;18_5518,59240806.008206904,0.011498796183310733,0.0,59922003.96223033
scenario_0091,2,8_0216;8_0218,0.0,0.001266408076688541,0.0,0.0
scenario_0092,1,19_3006,49885137.48855615,0.0002783511733348565,0.0,49899023.07510806
scenario_0093,4,4_0903;4_1036;4_A330;4_A390,0.0,0.0006231355809125372,0.0,0.0
scenario_0094,5,12_0503;12_0561;12_0563;12_0564;12_4109,0.0,0.0011037227589859588,0.0,0.0
scenario_0095,4,13_0503;13_0506;13_3007;13_4119,0.0,0.006169754040346698,0.0,0.0
scenario_0096,2,4_1006;4_B902,0.0,0.0026186618260479744,0.0,0.0
scenario_0097,5,5_0115;5_0116;5_0117;5_0121;5_0124,0.0,0.0,0.0,0.0
scenario_0098,2,35_0101;4_0213,0.0,0.0025628478760197915,0.0,0.0
scenario_0099,5,18_0904;20_0208;46_3053;48_0124;6_0209,5783000416.804801,0.00505164206582176,0.04777251755735573,6088482553.923
scenario_0100,3,42_7037;4_0224;5_B430,34227753.18847143,0.0035276292324717407,0.0,34348496.01118091
scenario_0101,5,9_0902;9_0903;9_0961;9_4008;9_5001,0.0,0.003152525227596459,0.0,0.0
scenario_0102,4,26_1012;26_B320;26_B321;26_B330,0.0,0.0008305552862477583,0.0,0.0
scenario_0103,4,38_0213;5_3048;6_0208;8_A415,5923210078.952617,0.00288777245561167,0.047772723159210696,6223282837.183068
scenario_0104,5,17_5020;17_A310;17_A320;17_A340;17_A350,415869959.80339104,0.0015038640413449489,0.0,416495371.6818149
scenario_0105,4,27_0505;27_0561;27_6251;27_B310,0.0,0.0006077541956889254,0.0,0.0
scenario_0106,4,8_0221;8_0222;8_9019;8_9020,0.0,0.0034743518894302383,0.0,0.0
scenario_0107,3,37_0801;37_0802;37_0859,0.0,0.0,0.0,0.0
scenario_0108,5,1_5008;4_0667;4_BA59;55_B903;5_5803,12559223.923968151,0.0070359927870981,0.0,12647590.53290874
scenario_0109,4,32_AA01;32_AA03;32_AA61;32_AA62,0.0,0.0027933581563784893,0.0,0.0
scenario_0110,4,6_0604;6_0662;6_B423;6_B441,2641574.7842379594,0.002395123421663037,0.0,2647901.681873762
scenario_0111,1,38_3005,0.0,8.920535583933908e-05,0.0,0.0
scenario_0112,4,27_A340;27_B310;27_B330;27_B350,0.0,0.0005002427474323223,0.0,0.0
scenario_0113,2,49_C447;4_0215,0.0,0.002583783848930543,0.0,0.0
scenario_0114,3,36_A340;47_0603;47_0607,0.0,0.0026760645384811266,0.0,0.0
scenario_0115,5,40_0606;40_0607;40_C310;40_C320;40_C330,0.0,0.0009358714882515828,0.0,0.0
scenario_0116,3,8_A340;8_A350;8_B320,0.0,0.00038500477069625116,0.0,0.0
scenario_0117,2,49_C310;49_D462,0.023334612866060617,0.0002868824452363361,0.0,0.02334130715685828
scenario_0118,4,20_4053;20_A320;20_B410;20_B430,0.0,0.0005276701147042262,0.0,0.0
scenario_0119,3,56_1007;56_A310;56_A350,0.0,3.1252118419367036e-05,0.0,0.0
scenario_0120,5,12_0104;28_5803;48_1109;51_0121;8_9019,0.0,0.0030602789730179714,0.0,0.0
scenario_0121,1,42_1597,0.0,0.0007784271832217415,0.0,0.0
scenario_0122,4,40_6010;5_3059;5_C410;5_C430,0.0,0.0,0.0,0.0
scenario_0123,1,48_Q320,0.0,5.85188716887286e-05,0.0,0.0
scenario_0124,3,19_9126;22_0705;6_0203,5783724169.043735,0.004313686836679209,0.04777268203891048,6084977359.58721
scenario_0125,1,6_0568,0.0,0.0014008492398279726,0.0,0.0
scenario_0126,2,56_A310;56_A320,0.0,1.9690665339133773e-05,0.0,0.0
scenario_0127,2,1_B330;1_B350,0.0,0.00012587519348761234,0.0,0.0
scenario_0128,3,13_0505;13_0507;13_0509,18029.87546652883,0.007414720605249059,0.0,18163.561955660574
scenario_0129,6,12_B351;48_1061;48_D330;4_0669;6_0210;6_3042,47408672204.39239,0.016166997814818007,0.3732406362178887,65869971080.13697
scenario_0130,5,39_0112;39_0202;39_0211;39_0901;39_0902,0.0,0.0027279810336782173,0.0,0.0
scenario_0131,2,48_0117;48_0122,0.0,0.0012154502128542966,0.0,0.0
scenario_0132,4,26_0659;34_4042;42_5020;48_5154,415201087.6314664,0.00382284377598463,0.0,416788336.5251004
scenario_0133,4,17_0603;17_0608;17_0660;17_0662,3.234135413346873,0.002787472555650816,0.0,3.2431504770528354
scenario_0134,5,29_A320;32_A453;40_4157;45_3012;46_3052,0.0,0.0035751484302731784,0.0,0.0
scenario_0135,5,13_0505;42_0607;42_1613;48_0160;4_0218,0.0,0.007177053256677057,0.0,0.0
scenario_0136,3,40_0121;40_0124;40_0501,0.0,0.00030589507289013884,0.0,0.0
scenario_0137,6,18_A902;31_0115;31_C410;48_5323;49_D430;6_0209,5783000416.804801,0.005355392826263516,0.04777251755735573,6090239144.69724
scenario_0138,5,6_0604;6_0607;6_0660;6_0661;6_0664,2641574.7842379594,0.00740395411558914,0.0,2661132.882733355
scenario_0139,2,26_0116;45_3012,0.0,0.0027000112120344477,0.0,0.0
scenario_0140,1,55_6355,0.0,0.0004260277170596849,0.0,0.0
scenario_0141,1,26_C320,0.0,2.959060365426147e-05,0.0,0.0
scenario_0142,1,36_4018,0.0,0.0,0.0,0.0
scenario_0143,5,20_1005;20_A330;20_A340;20_A350;20_B410,0.0,0.0002533855481156033,0.0,0.0
scenario_0144,1,30_0507,0.0,0.00028357657048694307,0.0,0.0
scenario_0145,4,48_0901;48_0903;48_K320;48_K351,0.0,0.0015950691476322998,0.0,0.0
scenario_0146,1,4_1034,0.0,0.0002302161263950664,0.0,0.0
scenario_0147,6,27_3012;48_0114;48_1050;55_B908;6_0201;6_8151,5474451990.331635,0.00545442107637284,0.04522270295835309,5751881472.867824
scenario_0148,3,20_0201;20_0205;20_A430,0.0,0.0019442550097330535,0.0,0.0
scenario_0149,1,53_3019,589004005.8461477,0.0008547311983707617,0.004858788795991513,592369292.010309
scenario_0150,4,13_3018;28_3093;40_0122;55_0908,920175660.029265,0.0035344498660445645,0.008483185494460813,931233995.5791092
scenario_0151,2,32_0101;32_0102,0.0,0.0006059907516832164,0.0,0.0
scenario_0152,5,26_0218;28_3019;48_N340;4_BA02;6_A311,0.0,0.003199514977342055,0.0,0.0
scenario_0153,6,12_0112;18_6012;35_AA01;48_D350;4_0268;6_B430,6065793621.476363,0.007167956740994352,0.05641702136225084,6451486976.076742
scenario_0154,2,26_6016;26_7072,0.0,0.0005220777820221789,0.0,0.0
scenario_0155,5,20_3013;22_0705;32_C330;35_0506;39_0262,1159450539.6332567,0.002791025602579822,0.010719657537634306,1175115508.4909918
scenario_0156,1,40_0160,0.0,9.675955867571862e-05,0.0,0.0
scenario_0157,5,27_0902;27_0903;27_0909;27_0910;27_4033,0.0,0.002242888086677941,0.0,0.0
scenario_0158,3,46_0602;46_0605;46_0608,0.0,0.000707974161581526,0.0,0.0
scenario_0159,5,26_0602;26_0604;26_0606;26_0607;26_0608,0.0,0.0015366154264429,0.0,0.0
scenario_0160,1,6_7454,490065583.6334031,3.9971673295724486e-05,0.0,490085172.37480557
scenario_0161,2,23_1026;23_1028,0.0,0.0002028985350653878,0.0,0.0
scenario_0162,4,53_0201;53_0209;53_0210;53_0211,0.0,0.0017791685623417264,0.0,0.0
scenario_0163,2,53_0206;8_9019,0.0,0.001356847876432088,0.0,0.0
scenario_0164,5,12_0504;12_0505;12_0507;12_0565;12_0566,0.0,0.001176528916973063,0.0,0.0
scenario_0165,4,31_1030;31_A350;31_A351;31_A353,0.0,0.0001389893491919869,0.0,0.0
scenario_0166,1,51_5009,0.0,0.00010325862350546444,0.0,0.0
scenario_0167,3,29_0665;4_0223;4_0660,0.0,0.003649984411113749,0.0,0.0
scenario_0168,3,13_0505;13_0508;13_0562,0.0,0.007414701562880932,0.0,0.0
scenario_0169,5,22_3056;32_AA60;38_0218;40_0115;4_1065,0.0,0.002660598903434397,0.0,0.0
scenario_0170,1,47_0601,0.0,0.001339513918324875,0.0,0.0
scenario_0171,2,10_0104;24_A310,0.0,0.0001783184301822338,0.0,0.0
scenario_0172,1,10_0110,0.0,0.00017831544142599132,0.0,0.0
scenario_0173,1,48_3689,0.0,5.581123386211306e-05,0.0,0.0
scenario_0174,5,49_1006;49_1008;49_B361;49_C320;49_C330,106389455.31429625,0.006263849577917369,0.0,107055862.85906157
scenario_0175,3,48_0801;48_1050;48_H330,0.0,0.0002898614670876487,0.0,0.0
scenario_0176,2,40_3018;40_7024,30799513.685485534,0.0008263411595608172,0.0,30824964.591338307
scenario_0177,3,6_2038;6_2040;6_2041,0.0,0.0,0.0,0.0
scenario_0178,4,49_C430;49_C440;49_C454;49_C455,0.0,0.0009603580512922427,0.0,0.0
scenario_0179,3,13_0507;20_0109;4_1062,0.0,0.004202725555801923,0.0,0.0
scenario_0180,3,24_0505;24_0509;51_1417,0.0,0.0007829309953411023,0.0,0.0
scenario_0181,3,17_5849;20_0104;55_0259,59240806.008206904,0.0016618128620409234,0.0,59339253.141589016
scenario_0182,4,12_0504;12_0562;12_0563;12_1030,0.0,0.0009633165057348902,0.0,0.0
scenario_0183,1,37_3044,0.0,0.0005067319308696971,0.0,0.0
scenario_0184,1,4_7613,0.0,0.0,0.0,0.0
scenario_0185,4,51_1023;51_A310;51_A321;51_A340,0.0,0.003225318846437397,0.0,0.0
scenario_0186,1,48_0903,0.0,0.0007655493923719447,0.0,0.0
scenario_0187,3,20_0104;20_0105;20_0160,0.0,0.0011194221011333605,0.0,0.0
scenario_0188,3,48_2133;48_A807;48_A808,0.0,0.0,0.0,0.0
scenario_0189,4,40_AA01;40_AA03;40_AA61;40_AA62,55053.99154515811,0.00028471845056909917,0.0,55069.666432328486
scenario_0190,1,22_0707,0.0,0.0008878447472144835,0.0,0.0
scenario_0191,1,42_1599,94619050.11154982,0.00023121167425066425,0.0,94640927.14054212
scenario_0192,1,8_1053,0.0,0.0002866490410051714,0.0,0.0
scenario_0193,1,28_5805,1537222362.0484238,0.000447063322661867,0.0,1537909597.7852712
scenario_0194,4,12_4106;24_0507;34_0960;55_A907,0.0,0.001865012648148645,0.0,0.0
scenario_0195,2,37_1803;37_3008,0.0,0.000702243049320983,0.0,0.0
scenario_0196,2,22_0117;22_0123,0.0,0.0,0.0,0.0
scenario_0197,3,17_0604;17_0605;17_0664,0.0,0.0027956953454868483,0.0,0.0
scenario_0198,3,6_0509;6_0566;6_0567,0.0,0.003363994049678354,0.0,0.0
scenario_0199,2,48_A410;48_A430,216636.9040830649,0.00014993603363144814,0.0,216669.38576120132
scenario_0200,3,27_4054;55_0907;55_0908,311706533.41960955,0.0045613826206095665,0.0,313128346.18388027
scenario_0201,1,32_AA60,0.0,0.0006983395390945946,0.0,0.0
scenario_0202,5,55_A901;55_A903;55_A908;55_B901;55_B907,0.0,0.004954199444940688,0.0,0.0
scenario_0203,1,18_0905,59240806.008206904,0.0015465528055037536,0.0,59332425.04293921
scenario_0204,1,48_2133,0.0,0.0,0.0,0.0
scenario_0205,2,28_9030;51_0114,1069938022.495865,0.003688530671643986,0.01689020334665097,1091955992.4768677
scenario_0206,3,39_0204;39_0259;39_0264,0.0,0.0011726224277258668,0.0,0.0
scenario_0207,3,13_0561;27_1020;55_0120,0.0,0.0033619826415560716,0.0,0.0
scenario_0208,5,4_1002;4_1022;4_1024;4_1025;4_1065,0.0,0.006379036977148145,0.0,0.0
scenario_0209,6,13_4118;18_5022;45_3012;48_3569;49_1008;6_7455,94619050.11154982,0.015490055221322074,0.0,96084704.42276676
scenario_0210,5,40_0605;40_4088;40_C310;40_C320;40_C350,0.0,0.0009520207416459092,0.0,0.0
scenario_0211,1,48_9355,0.0,0.0024874942950590118,0.0,0.0
scenario_0212,1,6_B411,0.0,0.00035673414830272865,0.0,0.0
scenario_0213,4,55_0114;55_0115;55_0119;55_0262,0.0,0.0009632459827724205,0.0,0.0
scenario_0214,2,55_3009;6_B451,0.0,0.014136064107714175,0.0,0.0
scenario_0215,2,10_0110;10_0207,0.0,0.0004684437839928002,0.0,0.0
scenario_0216,3,6_0661;6_0662;6_0663,0.0,0.0033193938518996102,0.0,0.0
scenario_0217,5,6_2004;6_3010;6_3013;6_3024;6_7493,17297273302.411213,0.013983314554586679,0.15204096712481288,20169040677.45629
scenario_0218,3,18_0607;18_0668;18_3003,0.0,0.001522759045281541,0.0,0.0
scenario_0219,5,8_A412;8_A430;8_A441;8_A443;8_A451,0.0,0.0011082097338348529,0.0,0.0
scenario_0220,3,19_3009;19_B410;19_B430,98949743.95812708,0.001087164251669659,0.0,99057318.58247022
scenario_0221,5,26_1010;26_D310;26_D320;26_D340;26_D350,0.0,0.00014095985461248794,0.0,0.0
scenario_0222,1,19_0219,0.0,0.0008419126082571671,0.0,0.0
scenario_0223,1,1_0509,0.0,0.0002424679821438902,0.0,0.0
scenario_0224,4,18_5022;27_3009;4_BA01;6_0211,5783770764.929389,0.007409051129558364,0.04777268203891048,6102929259.987313
scenario_0225,3,28_3093;28_3094;28_5805,20451533290.588543,0.019505294612639723,0.19655442346974691,24870285807.70565
scenario_0226,3,6_A420;6_A421;6_A442,0.0,0.004555516202607968,0.0,0.0
scenario_0227,3,32_A459;32_A463;32_A464,0.0,0.00041951563962805416,0.0,0.0
scenario_0228,2,17_5217;17_9327,325895107.5437322,0.001062803766818221,0.0,326241470.0916173
scenario_0229,2,48_1048;48_1065,129213043.27993174,0.0001906897874995872,0.0,129237682.88769695
scenario_0230,2,49_E446;49_E452,0.0,0.00024422661010925495,0.0,0.0
scenario_0231,5,48_3559;48_I310;48_I330;48_I340;48_I350,0.0,0.0004181522959535444,0.0,0.0
scenario_0232,5,56_1007;56_A320;56_A330;56_A350;56_A363,0.0,6.0787444688070735e-05,0.0,0.0
scenario_0233,5,5_3073;5_4021;5_A430;5_A607;5_A608,97255213.57355857,0.0033205015003789917,0.0,97578149.65614925
scenario_0234,4,6_1253;6_A310;6_A311;6_A363,0.0,0.0,0.0,0.0
scenario_0235,1,17_5908,0.0,0.00014420305417428558,0.0,0.0
scenario_0236,2,17_A330;6_0204,5474619969.057169,0.0021070049312981176,0.04522590735938816,5733749675.877392
scenario_0237,1,37_5826,55460090.45628663,0.0017907880283037914,0.0,55559407.722324386
scenario_0238,2,48_1087;48_3719,0.0,0.0028933156159764994,0.0,0.0
scenario_0239,1,42_7025,0.0,0.00012320003282895176,0.0,0.0
scenario_0240,5,24_0503;24_0504;24_0505;24_0508;24_0559,0.0,0.0008554128781547155,0.0,0.0
scenario_0241,1,48_5026,0.0,9.34541890917906e-05,0.0,0.0
scenario_0242,2,32_A454;32_A456,0.0,0.0002827170614885244,0.0,0.0
scenario_0243,5,4_0215;4_0262;4_0264;4_B961;4_B964,0.0,0.00876315953353024,0.0,0.0
scenario_0244,5,6_0201;6_0204;6_0205;6_0812;6_7454,17102800784.261164,0.0058284114434514755,0.13822055218519552,19566441512.381195
scenario_0245,2,32_1021;49_E450,0.0,0.00018997775285689578,0.0,0.0
scenario_0246,5,29_0501;29_0502;29_0503;29_0902;29_0960,0.0,0.0007645612433916371,0.0,0.0
scenario_0247,3,29_0801;29_0802;29_0807,0.0,4.280619209651171e-06,0.0,0.0
scenario_0248,2,1_C320;1_C340,0.0,0.0003811589911666413,0.0,0.0
scenario_0249,4,6_0502;6_0504;6_0505;6_8149,814116.7236456068,0.0031073727645772875,0.0,816646.4877798501
scenario_0250,3,17_9267;49_C447;6_0604,3980162.2900540074,0.0026791623102087048,0.0,3990825.790850034
scenario_0251,2,53_1008;53_A350,2927339.636921618,0.00027123415640062376,0.0,2928133.631418537
scenario_0252,1,1_4129,87056104.14127232,0.004580727622184977,0.0,87454884.44219206
scenario_0253,5,26_1001;26_3068;26_6016;26_C310;26_C351,0.0,0.0003000150505250154,0.0,0.0
scenario_0254,4,49_7086;49_D440;49_D441;49_D449,0.0,0.0012144294606064587,0.0,0.0
scenario_0255,3,27_0709;29_A808;42_0662,0.0,0.0013426831680768414,0.0,0.0
scenario_0256,5,49_7086;49_D452;49_D454;49_D460;49_D461,0.0,0.00141999995837927,0.0,0.0
scenario_0257,2,8_A412;8_A442,0.0,0.00044367137945477975,0.0,0.0
scenario_0258,1,4_7079,0.0,0.0001571416228893785,0.0,0.0
scenario_0259,2,18_0666;18_0667,0.0,0.0009714587633786742,0.0,0.0
scenario_0260,2,18_5043;18_A410,0.0,0.00033985759397880955,0.0,0.0
scenario_0261,3,35_0504;35_0509;35_0901,19382409384.81632,0.006855183262747033,0.17966422012309596,22997604819.452423
scenario_0262,1,40_4158,0.0,0.00021165775180642665,0.0,0.0
scenario_0263,4,1_0605;1_0607;1_0661;1_0662,0.0,0.0022698931649911547,0.0,0.0
scenario_0264,3,39_0101;39_0111;39_0209,0.0,0.0014626938671017387,0.0,0.0
scenario_0265,4,19_0602;29_0664;32_B320;39_0903,0.0,0.0036434599266276235,0.0,0.0
scenario_0266,1,29_5483,0.0,0.0006177566181598815,0.0,0.0
scenario_0267,2,39_4031;39_A412,0.0,0.006588663854554255,0.0,0.0
scenario_0268,5,29_0701;29_0702;29_0704;29_0708;29_0760,0.0,0.0015558325428459696,0.0,0.0
scenario_0269,3,46_A410;46_A422;46_A423,0.0,0.0003836549724876015,0.0,0.0
scenario_0270,5,1_3028;38_0216;40_0122;48_5323;49_3011,74537728.68172821,0.0030108799548209664,0.0,74762152.83489391
scenario_0271,4,51_0114;51_0120;51_0121;51_0123,0.0,0.0013880402197287145,0.0,0.0
scenario_0272,4,49_E440;49_E451;49_E458;49_E459,0.0,0.0005251218047392925,0.0,0.0
scenario_0273,3,30_0502;30_0504;30_7066,0.0,0.0008491538581461011,0.0,0.0
scenario_0274,4,20_0101;20_0112;20_0159;20_0163,0.0,0.0012367056721369618,0.0,0.0
scenario_0275,2,48_C410;6_7455,0.0,0.0016310783825552733,0.0,0.0
scenario_0276,3,17_0662;17_0663;17_5849,59284785.40665131,0.0022751545032601017,0.0,59419667.45314406
scenario_0277,3,6_2004;6_3024;6_7493,17297273302.411213,0.003974001432048513,0.15204096712481288,19995906852.80634
scenario_0278,2,48_3003;48_A410,0.0,0.0002435025590658002,0.0,0.0
scenario_0279,5,1_0163;35_0106;5_A430;6_7493;9_5001,17297273302.411213,0.0033833854358074067,0.15204096712481288,19985690806.50258
scenario_0280,3,17_0601;17_0659;17_5453,1058481897.8842002,0.00340278294019003,0.011523022702030953,1074280592.9678288
scenario_0281,4,13_3019;40_0160;4_0262;4_0665,0.0,0.00465865331540638,0.0,0.0
scenario_0282,3,29_A330;35_2118;39_0108,5880009016.889519,0.0020750882283903094,0.0540501367566524,6210025845.876523
scenario_0283,1,24_0507,0.0,0.00017085881612322051,0.0,0.0
scenario_0284,5,46_0601;46_0606;46_0607;46_0608;46_0662,0.0,0.00184013850811926,0.0,0.0
scenario_0285,4,37_1006;37_2824;37_A960;37_A965,0.0,0.001352352757991171,0.0,0.0
scenario_0286,4,5_3071;5_A310;5_A320;5_A350,0.0,0.0013868993034475974,0.0,0.0
scenario_0287,1,6_A351,0.0,0.0,0.0,0.0
scenario_0288,5,5_0804;5_A603;5_A607;5_A608;5_B430,97255213.57355857,0.0016591032187297516,0.0,97416570.0114367
scenario_0289,3,26_0220;32_A452;39_0109,0.0,0.001112700388701815,0.0,0.0
scenario_0290,4,35_0103;35_0104;35_0107;35_0111,0.0,0.0007692970686584699,0.0,0.0
scenario_0291,3,20_0207;25_1002;32_0103,0.0,0.0012295556231195492,0.0,0.0
scenario_0292,2,16_B310;16_B350,0.0,0.0004754180318428114,0.0,0.0
scenario_0293,3,38_0221;38_0263;38_0264,0.0,0.0016635748068007938,0.0,0.0
scenario_0294,2,32_AA01;32_AA62,0.0,0.0013966790781891891,0.0,0.0
scenario_0295,5,35_6035;35_6401;35_AA02;35_AA03;35_AA62,5801761353.034854,0.0033713639089887337,0.051897994949460076,6122420983.266816
scenario_0296,4,42_1617;48_4142;48_Q320;55_A903,0.0,0.002599168330996049,0.0,0.0
scenario_0297,6,17_4082;1_0107;32_0102;32_0207;51_0121;51_A320,0.0,0.006403415355594855,0.0,0.0
scenario_0298,1,49_7082,0.0,0.0008646274275128096,0.0,0.0
scenario_0299,2,19_0759;22_0123,0.0,0.0004994388693843055,0.0,0.0
scenario_0300,4,49_1005;49_3015;49_D451;49_D455,0.0,0.005829360692224728,0.0,0.0
scenario_0301,1,40_0608,29093868.761183422,0.00044353450704892605,0.0,29106772.895922564
scenario_0302,1,1_0102,0.0,0.0002713274601103821,0.0,0.0
scenario_0303,4,21_B310;32_0201;4_B960;6_3021,0.0,0.0016162729413488064,0.0,0.0
scenario_0304,2,49_E443;49_E444,0.0,0.00026238793734834065,0.0,0.0
scenario_0305,3,20_B430;26_0902;32_0208,0.0,0.0011468117049358018,0.0,0.0
scenario_0306,4,30_0114;30_0115;30_0116;30_0119,72254773.2777693,0.0006304243588388658,0.0,72300324.44688599
scenario_0307,3,25_1003;25_1004;44_7401,0.0,0.001189348694800585,0.0,0.0
scenario_0308,2,6_0509;6_0564,0.0,0.0017013756843586858,0.0,0.0
scenario_0309,3,4_0122;4_0163;4_A310,354864.18063657917,0.000344091882600539,0.0,354986.2865205619
scenario_0310,1,35_0102,0.0,0.00019232645762101708,0.0,0.0
scenario_0311,4,47_C310;47_C311;47_C320;47_C330,4097795.622467461,0.0032805456762526886,0.0,4111238.6281789145
scenario_0312,2,55_0218;55_C960,0.0,0.0005202101988489582,0.0,0.0
scenario_0313,4,20_B310;20_B330;20_B340;20_B350,0.0,0.0005916381995179076,0.0,0.0
scenario_0314,2,1_0662;4_0266,0.0,0.0027655247076860956,0.0,0.0
scenario_0315,1,27_4037,0.0,0.0006773626669315247,0.0,0.0
scenario_0316,6,10_0202;17_0603;48_0163;4_0603;53_C320;6_3042,43275042376.77269,0.015124053514780966,0.3379059001542035,58552428582.06809
scenario_0317,3,27_0504;27_0507;27_B320,0.0,0.00032433728513903137,0.0,0.0
scenario_0318,3,26_1010;26_D310;26_D330,0.0,8.457503269065914e-05,0.0,0.0
scenario_0319,1,13_1031,2871021.240628246,0.00028976041402994923,0.0,2871853.1489316192
scenario_0320,4,26_0601;26_0603;26_0606;26_0659,0.0,0.001030350908318045,0.0,0.0
scenario_0321,4,4_0214;4_0218;4_0220;4_0223,0.0,0.00920787632241371,0.0,0.0
scenario_0322,5,11_1400;17_A330;19_0602;36_A330;4_0223,0.0,0.005275741249455623,0.0,0.0
scenario_0323,3,4_0268;4_1006;4_B964,0.0,0.004989114726969057,0.0,0.0
scenario_0324,6,41_5021;4_BA02;5_0223;5_A602;6_0502;8_A411,3575562127.512937,0.006873909901595199,0.027970979061279426,3700152192.825985
scenario_0325,3,19_B410;4_0262;6_0209,5783000416.804801,0.0047168859573074595,0.04777251755735573,6086546659.207934
scenario_0326,3,1_4127;46_3013;4_A453,0.0,0.0002751025219700498,0.0,0.0
scenario_0327,2,56_B320;56_B350,0.0,4.561866030017292e-05,0.0,0.0
scenario_0328,3,20_0102;20_0108;20_0110,0.0,0.0010965218621726835,0.0,0.0
scenario_0329,5,19_0607;19_0659;19_0701;19_0704;19_9116,29093868.761183422,0.0030883940657334685,0.0,29183722.092814688
scenario_0330,2,20_0163;20_0903,0.0,0.0003919579414874974,0.0,0.0
scenario_0331,3,49_1017;49_B351;49_B352,94619050.11154982,0.00010387232125663726,0.0,94628878.41192003
scenario_0332,3,19_3006;27_3007;8_0507,49885137.48855615,0.0019350310170738183,0.0,49981666.77688749
scenario_0333,4,16_9032;53_1008;53_A330;53_A350,2927339.636921618,0.002518242355374456,0.0,2934711.3875838807
scenario_0334,5,31_A350;4_0223;6_0608;6_6044;8_A455,0.0,0.004507394088905214,0.0,0.0
scenario_0335,1,49_B310,0.0,2.2700187006452488e-05,0.0,0.0
scenario_0336,1,8_7783,0.0,0.0006708351066970764,0.0,0.0
scenario_0337,4,50_1004;50_1681;50_1682;50_1683,0.0,0.0037344567162646003,0.0,0.0
scenario_0338,2,28_0806;28_0902,0.0,0.0005548902842661407,0.0,0.0
scenario_0339,5,27_3009;48_1178;4_0214;5_0224;6_0663,774.5465535179566,0.005738478253805357,0.0,778.9912720718793
scenario_0340,1,19_0159,0.0,0.0,0.0,0.0
scenario_0341,4,40_0601;40_0602;40_0604;40_7024,30799513.685485534,0.0021771106921660843,0.0,30866567.636043724
scenario_0342,1,4_0216,0.0,0.0022792939207789686,0.0,0.0
scenario_0343,1,19_0222,0.0,0.0008419161713998369,0.0,0.0
scenario_0344,3,1_0605;4_AA01;6_0602,0.0,0.003828947363042845,0.0,0.0
scenario_0345,3,16_B330;16_B350;16_C320,22653.61554500069,0.0006457915401694159,0.0,22668.245058273904
scenario_0346,3,20_1006;40_4155;40_4158,0.0,0.0005601839457768376,0.0,0.0
scenario_0347,3,26_D340;4_A441;6_0606,0.0,0.0011160696902802192,0.0,0.0
scenario_0348,4,4_0117;4_0119;4_0123;4_0160,38244.954456777035,0.00022134138011298266,0.0,38253.41964777885
scenario_0349,3,1_0504;27_D330;4_0215,0.0,0.0026782316495375103,0.0,0.0
scenario_0350,6,29_AA67;39_9006;46_9197;4_0660;51_2564;51_A310,6119886.6943280995,0.005275722246655068,0.0,6152173.516708375
scenario_0351,5,12_4105;12_9054;12_A310;12_A321;12_A330,0.0,0.0007882197891707632,0.0,0.0
scenario_0352,3,18_0663;18_0667;18_0672,0.0,0.001457189756270405,0.0,0.0
scenario_0353,3,29_0701;29_A602;29_A605,0.0,0.0006004786187729927,0.0,0.0
scenario_0354,5,24_0901;29_0660;46_0601;48_3679;4_B901,0.0,0.0028630380559721003,0.0,0.0
scenario_0355,5,1_0603;21_3016;26_0605;38_0218;5_A601,0.0,0.00614931602338431,0.0,0.0
scenario_0356,5,42_0603;42_0604;42_0659;42_0661;42_1614,0.0,0.00466797981128364,0.0,0.0
scenario_0357,1,18_5528,0.0,0.00018134682871651098,0.0,0.0
scenario_0358,2,48_A310;55_0901,0.0,0.0019385718363880144,0.0,0.0
scenario_0359,5,48_1070;48_A503;48_A507;48_A508;48_B350,0.0,0.001016185868960351,0.0,0.0
scenario_0360,2,32_1030;32_7084,2927339.636921618,0.0009176443593558181,0.0,2930025.893627358
scenario_0361,4,6_0607;6_0663;6_B423;6_B430,0.0,0.002547773743676429,0.0,0.0
scenario_0362,3,39_0261;42_1599;4_1003,94619050.11154982,0.005218004858115521,0.0,95112772.77470216
scenario_0363,2,48_1178;48_H330,0.0,0.0001984228581424219,0.0,0.0
scenario_0364,6,10_0203;19_9116;20_7073;47_3108;48_0123;4_B960,29093868.761183422,0.0037805824234246055,0.0,29203860.53005137
scenario_0365,2,6_0561;6_0565,0.0,0.002801780310356383,0.0,0.0
scenario_0366,2,38_0217;47_3075,0.0,0.0005879680069775794,0.0,0.0
scenario_0367,1,51_2021,0.0,0.00010139990924717956,0.0,0.0
scenario_0368,5,6_0606;6_0664;6_3005;6_B423;6_B452,421094.8023439911,0.00477127347031292,0.0,423103.96080290165
scenario_0369,1,48_0160,0.0,0.0006077251064271483,0.0,0.0
scenario_0370,4,5_0216;5_0222;5_0223;5_0224,0.0,0.006040913825531402,0.0,0.0
scenario_0371,3,32_0104;32_0106;32_0202,0.0,0.000873352901489155,0.0,0.0
scenario_0372,2,24_0501;24_0509,0.0,0.0004042917008368896,0.0,0.0
scenario_0373,6,31_3024;39_0902;42_1691;4_0224;55_0901;5_0222,0.0,0.008619709470666703,0.0,0.0
scenario_0374,2,17_0601;17_0606,452173407.3121982,0.001397378709980801,0.0,452805264.80479574
scenario_0375,2,40_0608;53_0202,29093868.761183422,0.0008882365955358296,0.0,29119711.000122823
scenario_0376,3,49_C310;49_C350;49_C351,13823.569608510476,0.0004495943415505632,0.0,13829.784607186491
scenario_0377,5,6_0504;6_0507;6_0509;6_0569;6_0571,0.0,0.004653568489497273,0.0,0.0
scenario_0378,2,30_A310;30_A350,0.0,0.0,0.0,0.0
scenario_0379,2,19_0101;49_D450,0.0,0.00020389919291285974,0.0,0.0
scenario_0380,2,1_0506;1_0509,0.0,0.00048493635370217003,0.0,0.0
scenario_0381,4,39_0102;39_0259;39_0261;39_0809,0.0,0.0014731253659185928,0.0,0.0
scenario_0382,4,12_0504;12_0562;12_1030;12_4109,0.0,0.0008904854057502076,0.0,0.0
scenario_0383,5,23_1028;31_3033;47_0602;47_0662;6_0208,5813598978.833814,0.008323499264300982,0.047772723159210696,6139719920.231575
scenario_0384,6,17_4074;1_0102;27_4034;28_5006;37_0205;49_C448,0.0,0.0025322655203048328,0.0,0.0
scenario_0385,3,19_0217;19_0218;19_0219,0.0,0.0021455864241033407,0.0,0.0
scenario_0386,5,38_0215;38_0218;38_0219;38_0221;38_0261,0.0,0.002772602111432154,0.0,0.0
scenario_0387,3,24_0962;42_0604;6_0205,5782782338.751715,0.003645124528128707,0.0477719418674543,6080116042.214517
scenario_0388,5,12_4106;17_5849;28_0959;4_AA61;6_A805,59240806.008206904,0.003663119400492798,0.0,59457812.1539964
scenario_0389,3,39_0265;4_0121;6_8150,0.0,0.0018025678359595565,0.0,0.0
scenario_0390,1,5_3011,0.0,0.0003519198632875309,0.0,0.0
scenario_0391,1,48_M310,0.0,4.4704198274847506e-05,0.0,0.0
scenario_0392,2,48_1070;48_A505,0.0,0.0003797532827739536,0.0,0.0
scenario_0393,1,1_0161,0.0,0.0002729125230777063,0.0,0.0
scenario_0394,5,55_0217;55_0221;55_0223;55_0224;55_0266,0.0,0.0014933758924566831,0.0,0.0
scenario_0395,2,23_3014;23_7023,0.0,0.0008562156463715054,0.0,0.0
scenario_0396,2,31_B430;42_0603,0.0,0.002157567481022138,0.0,0.0
scenario_0397,1,13_4096,0.0,0.00013200737146434882,0.0,0.0
scenario_0398,1,20_0209,0.0,0.0005572556462346556,0.0,0.0
scenario_0399,4,20_0108;20_0111;20_0112;20_0160,0.0,0.0015973542902179005,0.0,0.0
scenario_0400,3,31_1030;31_A352;31_A353,0.0,0.0001042366866509381,0.0,0.0
scenario_0401,1,34_0502,0.0,0.00023186199643365768,0.0,0.0
scenario_0402,2,27_0706;27_0707,0.0,0.0006444850448509287,0.0,0.0
scenario_0403,5,13_0502;36_1008;39_0110;4_0664;6_0210,5783124594.536739,0.006073870060660291,0.04777173626223678,6094520444.770428
scenario_0404,1,48_3835,0.0,0.0003587571540647483,0.0,0.0
scenario_0405,2,20_9037;20_A310,0.0,0.0001818601256790009,0.0,0.0
scenario_0406,4,12_3804;13_0503;6_0206;6_3024,5783341267.217601,0.006632232685704231,0.04777206523016006,6097979888.468419
scenario_0407,3,19_0224;36_A330;5_0119,0.0,0.001049238600997593,0.0,0.0
scenario_0408,4,48_1076;48_1183;48_E320;48_E330,0.0,0.0003705563349503116,0.0,0.0
scenario_0409,5,55_0217;55_0224;55_0805;55_3012;55_C901,0.0,0.0009190295163993278,0.0,0.0
scenario_0410,4,13_0560;21_A310;4_1065;5_0217,0.0,0.005297546601552683,0.0,0.0
scenario_0411,1,20_0105,0.0,0.00047835850058752794,0.0,0.0
scenario_0412,3,48_M330;48_M340;48_M350,0.0,0.0001341222036268519,0.0,0.0
scenario_0413,3,6_0660;6_3005;6_3042,43275180546.40535,0.014843434157861268,0.3379059001542035,58540471676.38425
scenario_0414,5,51_1023;51_A310;51_A321;51_A330;51_A340,0.0,0.00404096454257552,0.0,0.0
scenario_0415,5,27_0910;27_1019;27_D310;27_D320;27_D330,0.0,0.0006489053665055255,0.0,0.0
scenario_0416,3,38_0213;38_0220;38_0261,0.0,0.0016635783699432416,0.0,0.0
scenario_0417,2,27_D310;27_D340,0.0,0.00015319195731167135,0.0,0.0
scenario_0418,5,20_0202;20_0203;20_0204;20_0207;20_0208,0.0,0.0035920962643242182,0.0,0.0
scenario_0419,3,32_AA02;32_AA60;32_AA62,0.0,0.0020950186172838947,0.0,0.0
scenario_0420,3,48_M310;48_M330;48_M350,0.0,0.00013411743329938552,0.0,0.0
scenario_0421,3,34_0962;4_B964;53_3813,250138.18692623576,0.001412212831563897,0.0,250491.43528347713
scenario_0422,4,13_3016;19_0708;4_BA61;6_B430,8706352.442826482,0.004133434274535608,0.0,8742339.578419847
scenario_0423,5,18_5518;19_3028;31_3024;38_0214;4_1024,0.0,0.006052109521060611,0.0,0.0
scenario_0424,1,32_B310,0.0,0.0002929399637952024,0.0,0.0
scenario_0425,2,28_0806;29_0603,0.0,0.0006056481253522428,0.0,0.0
scenario_0426,5,21_1010;21_A310;21_A330;21_A340;21_A350,0.0,4.4906995601112776e-05,0.0,0.0
scenario_0427,5,34_1031;34_1034;34_1638;34_6057;42_1613,34955586.134941734,0.00318932455529497,0.0,35067070.84414663
scenario_0428,5,39_0102;39_0205;39_0209;39_0261;39_0265,0.0,0.0025493649155960973,0.0,0.0
scenario_0429,1,4_0224,0.0,0.002279301027593217,0.0,0.0
scenario_0430,1,19_0112,0.0,0.0,0.0,0.0
scenario_0431,4,4_0121;4_0161;4_0163;4_0903,49885137.48855615,0.0002438207009611837,0.0,49897300.51774615
scenario_0432,5,19_0102;19_0106;19_0108;19_0109;19_0112,0.0,0.0,0.0,0.0
scenario_0433,3,46_9106;5_0114;6_B411,0.0,0.00035673414830272865,0.0,0.0
scenario_0434,6,13_3015;19_0220;38_3005;48_9167;49_C352;8_0216,0.0,0.003211834162854421,0.0,0.0
scenario_0435,4,1_0163;42_1623;4_0214;6_A441,0.0,0.0034684813023938554,0.0,0.0
scenario_0436,5,6_0503;6_0506;6_0569;6_0570;6_0571,0.0,0.005354423787645501,0.0,0.0
scenario_0437,3,48_1183;48_2108;4_BA03,0.0,0.001977116003815338,0.0,0.0
scenario_0438,5,26_0116;26_0118;26_0119;26_0121;26_0122,0.0,0.0015050008882449006,0.0,0.0
scenario_0439,5,18_1028;18_4042;18_5043;18_6012;18_A430,490065583.6334031,0.0029140699767054024,0.0,491493669.0372858
scenario_0440,2,31_A330;31_A353,0.0,6.94929709076364e-05,0.0,0.0
scenario_0441,5,26_A310;26_A321;26_A350;26_B310;26_B320,0.0,0.0010248790994177304,0.0,0.0
scenario_0442,3,49_E444;49_E455;49_E459,0.0,0.0003933224584905526,0.0,0.0
scenario_0443,1,6_0508,0.0,0.0006999489696731809,0.0,0.0
scenario_0444,2,53_3019;53_7409,1121736200.8038108,0.001543644843132963,0.009220888987140767,1133811168.0860062
scenario_0445,5,1_0602;1_0603;1_0604;1_0605;1_3028,11981560.117445268,0.003775519464467303,0.0,12026796.730883367
scenario_0446,3,12_4105;12_9054;12_A350,0.0,0.0004505112763577568,0.0,0.0
scenario_0447,5,17_5843;18_0669;49_C452;4_1003;4_BA02,642611938.080809,0.008727839843567176,0.011523022702030953,655625384.1090437
scenario_0448,2,12_A321;6_B442,0.0,0.00039723595210061635,0.0,0.0
scenario_0449,1,55_0122,0.0,0.00022149506253776874,0.0,0.0
scenario_0450,5,24_0961;48_5274;4_0664;54_4003;55_B907,814116.7236456068,0.003614153576699919,0.0,817059.0665142218
scenario_0451,4,49_E430;49_E431;49_E441;49_E451,0.0,0.0005271973849952927,0.0,0.0
scenario_0452,5,26_0213;26_0214;26_0218;26_0223;26_0259,0.0,0.004175859256913883,0.0,0.0
scenario_0453,2,48_0116;48_0117,0.0,0.0012154502128542966,0.0,0.0
scenario_0454,5,51_1023;51_A320;51_A321;51_A330;51_A340,0.0,0.004041032407784084,0.0,0.0
scenario_0455,6,12_9054;13_0560;1_0564;27_3010;4_1022;55_A901,0.0,0.006081524333282795,0.0,0.0
scenario_0456,5,21_1034;21_B310;21_B320;21_B340;21_B350,0.0,0.0,0.0,0.0
scenario_0457,5,48_3739;48_N310;48_N320;48_N330;48_N350,0.0,0.0014896897728643443,0.0,0.0
scenario_0458,4,40_0118;40_0119;40_0503;40_A340,0.0,0.00046125243756967027,0.0,0.0
scenario_0459,4,40_A420;40_B310;40_B330;40_B350,0.0,0.0002763811157410201,0.0,0.0
scenario_0460,4,29_0801;29_0802;29_0807;29_0808,0.0,5.707492279349857e-06,0.0,0.0
scenario_0461,5,6_0502;6_0560;6_0570;6_0571;6_8149,814116.7236456068,0.00551043236054094,0.0,818602.858784841
scenario_0462,3,48_AA01;48_AA02;48_AA03,0.0,0.0006261229838374627,0.0,0.0
scenario_0463,2,42_1598;42_1610,0.0,0.0022122091474326977,0.0,0.0
scenario_0464,2,24_0504;45_5035,0.0,0.0006954283251129345,0.0,0.0
scenario_0465,5,55_0118;55_0119;55_0121;55_0122;55_0805,0.0,0.0009361314029469048,0.0,0.0
scenario_0466,2,53_3011;53_3812,1674242978.6709616,0.0017428546300582992,0.01381515433350554,1700290865.9403083
scenario_0467,5,27_0701;27_0702;27_0705;27_1004;27_2018,0.0,0.00230497106466665,0.0,0.0
scenario_0468,5,8_0219;8_0220;8_0223;8_0224;8_0812,0.0,0.002766804197110173,0.0,0.0
scenario_0469,5,20_0201;20_0203;20_0206;20_A411;20_A430,0.0,0.0029908997987567743,0.0,0.0
scenario_0470,5,12_0101;12_0108;12_0109;12_0110;12_4136,0.0,0.0026755733115843006,0.0,0.0
scenario_0471,2,37_5827;51_0124,727765513.861443,0.0005875339948033798,0.0,728193100.8410822
scenario_0472,1,8_1047,0.0,0.0,0.0,0.0
scenario_0473,3,19_0601;41_5005;51_0118,3892223132.505312,0.0033605018540513454,0.03008806979172923,4022412436.8142805
scenario_0474,2,35_1022;35_2007,0.0,0.00017745199269769696,0.0,0.0
scenario_0475,2,40_0118;40_0502,0.0,0.00022285671841748567,0.0,0.0
scenario_0476,5,4_0115;4_0117;4_0121;4_0123;4_A350,16.37134732289666,0.0004546609062713314,0.0,16.378790734507373
scenario_0477,1,29_A802,0.0,0.0,0.0,0.0
scenario_0478,5,34_0501;34_0559;34_0560;34_0901;34_0961,0.0,0.0014794123069454823,0.0,0.0
scenario_0479,4,27_3013;40_B360;53_AA03;55_0116,311706533.41960955,0.0008190596734206634,0.0,311961839.67107534
scenario_0480,3,28_3081;28_5006;28_5803,0.0,0.0020372240565295074,0.0,0.0
scenario_0481,2,12_4057;35_0902,3106535151.8762164,0.0025957023571447913,0.02883654407988188,3204180530.3352757
scenario_0482,4,36_4017;42_1597;42_B330;42_B340,0.0,0.0007784271832217415,0.0,0.0
scenario_0483,4,51_0114;51_0119;51_0120;51_0121,0.0,0.001388089587749608,0.0,0.0
scenario_0484,4,19_A320;19_A330;19_A340;19_A350,0.0,0.0,0.0,0.0
scenario_0485,4,4_A410;4_A441;4_A443;4_A444,0.0,0.0,0.0,0.0
scenario_0486,2,35_0959;40_0122,3107027422.517568,0.0007421015685038501,0.02883654407988188,3198929085.6680326
scenario_0487,2,8_0222;8_0259,0.0,0.0011830489809789846,0.0,0.0
scenario_0488,1,37_3816,0.0,0.004292106420747732,0.0,0.0
scenario_0489,2,27_0506;27_0509,0.0,0.0002216352517508957,0.0,0.0
scenario_0490,2,10_0209;10_0211,0.0,0.0005801418175972461,0.0,0.0
scenario_0491,1,6_3017,0.0,0.0003195610289136175,0.0,0.0
scenario_0492,5,13_0508;32_A351;55_0221;6_8151;8_0222,0.0,0.004041402302864094,0.0,0.0
scenario_0493,1,35_0103,0.0,0.0001923352194468375,0.0,0.0
scenario_0494,1,12_0503,0.0,0.00023530578339447938,0.0,0.0
scenario_0495,3,5_0113;5_0116;5_0121,0.0,0.0,0.0,0.0
scenario_0496,3,37_1006;37_1801;37_5037,0.0,0.0028838794800434275,0.0,0.0
scenario_0497,4,39_0102;39_0108;39_0203;39_0207,0.0,0.0022013842621074753,0.0,0.0
scenario_0498,5,48_1070;48_A505;48_A507;48_A509;48_B350,0.0,0.001016185868960351,0.0,0.0
scenario_0499,5,18_A901;1_5008;26_0222;28_A310;6_3042,43275042376.77269,0.01801316538196651,0.3379059001542035,58677455020.55179
scenario_0500,2,37_1006;37_A963,0.0,0.0008188810684691683,0.0,0.0
scenario_0501,2,20_0103;20_0104,0.0,0.0009563380619436179,0.0,0.0
scenario_0502,4,13_0509;17_5423;51_0116;6_0570,18029.87546652883,0.004947055719385918,0.0,18119.070265075337
scenario_0503,1,4_0664,0.0,0.0007773861420196093,0.0,0.0
scenario_0504,4,32_7000;42_B351;4_0667;8_0504,0.0,0.0018184722145663246,0.0,0.0
scenario_0505,3,32_A464;46_3009;53_3813,250138.18692623576,0.0008511224458279676,0.0,250351.0851516874
scenario_0506,2,12_4057;12_4135,0.0,0.00995073323818585,0.0,0.0
scenario_0507,3,4_0223;4_0263;4_0268,0.0,0.006929154451506991,0.0,0.0
scenario_0508,2,20_9037;20_A350,0.0,0.00018186108947981783,0.0,0.0
scenario_0509,4,32_3010;32_A459;32_A463;32_A464,0.0,0.0007669840281026019,0.0,0.0
scenario_0510,2,26_D340;26_D351,0.0,5.63841793876918e-05,0.0,0.0
scenario_0511,3,19_0703;4_A461;55_C959,0.0,0.0007210499774371604,0.0,0.0
scenario_0512,4,31_A310;31_A320;31_A350;31_A351,0.0,0.00013901642323366215,0.0,0.0
scenario_0513,3,12_9054;12_A310;12_A350,0.0,0.0005052315071398805,0.0,0.0
scenario_0514,5,4_1016;4_1018;4_6060;4_C350;4_D320,0.0,0.0022283005910208598,0.0,0.0
scenario_0515,5,1_1011;31_B410;42_0659;4_0213;4_AA03,0.0,0.006358951591555861,0.0,0.0
scenario_0516,5,12_0507;28_0509;37_0259;4_1024;6_0663,0.0,0.0030660248726291917,0.0,0.0
scenario_0517,3,32_0103;32_0107;32_0109,0.0,0.0008551659114909294,0.0,0.0
scenario_0518,3,48_0113;48_0118;48_0122,0.0,0.0018231753192814448,0.0,0.0
scenario_0519,5,9_0901;9_0902;9_0961;9_4008;9_4020,0.0,0.002980519527415071,0.0,0.0
scenario_0520,2,13_4119;49_C446,0.0,0.001054671973691912,0.0,0.0
scenario_0521,4,4_1016;55_0124;6_0662;6_3024,0.0,0.0034229404544150466,0.0,0.0
scenario_0522,5,17_0607;34_1034;41_7081;47_0603;5_A602,5302217654.882188,0.0043254971832838995,0.04548372356845299,5566316984.527972
scenario_0523,5,35_2118;35_AA01;35_AA02;35_AA03;35_AA62,19382409384.81632,0.006457561725727312,0.179664220123096,22989897956.04169
scenario_0524,1,31_7005,0.0,0.0008107001030258632,0.0,0.0
scenario_0525,1,8_0221,0.0,0.0005894615672773496,0.0,0.0
scenario_0526,3,1_0104;39_0102;55_A909,0.0,0.0017958809273194154,0.0,0.0
scenario_0527,3,4_0113;4_0116;4_0161,5930.095543559552,0.00016600242813313848,0.0,5931.079953818845
scenario_0528,6,18_9020;24_0561;28_9030;29_0705;37_0208;55_3008,1069938022.495865,0.018997990437190415,0.01689020334665097,1108336165.5838966
scenario_0529,2,32_A456;39_0206,0.0,0.0004892629239481305,0.0,0.0
scenario_0530,4,10_0112;10_0205;36_B350;55_A908,0.0,0.001498730682305438,0.0,0.0
scenario_0531,3,6_0508;6_0565;6_8149,814116.7236456068,0.003108205499081751,0.0,816647.1657229365
scenario_0532,5,13_1031;19_0109;35_0504;6_0210;8_0220,6945322872.4502325,0.0034802781547649264,0.058491216337114356,7375734910.584605
scenario_0533,5,39_0111;39_0112;39_0206;39_0260;39_0262,0.0,0.002747157681637802,0.0,0.0
scenario_0534,2,1_0605;1_0607,0.0,0.0013466353958944133,0.0,0.0
scenario_0535,2,13_0502;13_4118,0.0,0.0041026915762583105,0.0,0.0
scenario_0536,5,1_4126;29_AA03;40_0605;55_B907;6_B423,59240806.008206904,0.00346629440018964,0.0,59446152.08233587
scenario_0537,4,35_0102;35_0103;35_0104;35_0105,0.0,0.0007693145923099998,0.0,0.0
scenario_0538,1,47_3104,201357933.79895487,1.3809903087746989e-06,0.0,201358211.87231004
scenario_0539,2,6_0559;6_8151,0.0,0.0020400650082570415,0.0,0.0
scenario_0540,4,48_4142;48_E410;48_E420;48_E430,0.0,0.000532379936819094,0.0,0.0
scenario_0541,2,39_5010;42_1691,0.0,0.0,0.0,0.0
scenario_0542,2,20_0902;6_0664,421094.8023439911,0.0024289689217071864,0.0,422117.6285319771
scenario_0543,6,26_3068;29_5058;39_0209;47_0601;4_0263;6_B410,0.0,0.005706200075577095,0.0,0.0
scenario_0544,3,1_1021;1_4125;1_A340,87056104.14127232,0.000681770848589669,0.0,87115456.45526762
scenario_0545,4,28_9030;29_A603;4_0214;5_0213,1069938022.495865,0.007612860767949092,0.01689020334665097,1096154782.4597294
scenario_0546,2,6_0209;6_0211,11566770407.187637,0.004139566430895303,0.09554519959626621,12719801208.918034
scenario_0547,1,37_0212,0.0,0.0006458623551927056,0.0,0.0
scenario_0548,3,20_0208;20_0210;20_0259,0.0,0.0018731494442543184,0.0,0.0
scenario_0549,5,49_3011;49_C410;49_C440;49_C443;49_C454,72254773.2777693,0.0015988007186404918,0.0,72370294.26121101
scenario_0550,5,12_3995;24_0962;30_0504;35_AA62;48_0124,2187604227.3088884,0.002724532223270293,0.01729950002744476,2231408884.9083223
scenario_0551,3,31_1030;31_6700;31_A340,0.0,0.0003003468413980137,0.0,0.0
scenario_0552,5,26_1012;26_A320;26_A340;26_B321;26_B340,0.0,0.0010293863481196652,0.0,0.0
scenario_0553,5,24_0501;24_0504;24_0508;24_0509;24_0561,0.0,0.0009174253137104182,0.0,0.0
scenario_0554,2,48_3569;4_0215,0.0,0.004229230643552739,0.0,0.0
scenario_0555,4,39_0201;39_0209;39_0264;39_0901,0.0,0.0018841267950842067,0.0,0.0
scenario_0556,2,48_1113;48_B340,0.0,0.0003025861304284394,0.0,0.0
scenario_0557,3,48_0118;48_0119;48_0163,0.0,0.0018231753192814448,0.0,0.0
scenario_0558,4,32_0104;32_0111;32_7000;32_A453,0.0,0.0009304729478136764,0.0,0.0
scenario_0559,4,48_0121;48_0162;48_0164;48_0167,0.0,0.002430900425708704,0.0,0.0
scenario_0560,2,20_A350;6_3017,0.0,0.00035702392862291266,0.0,0.0
scenario_0561,3,19_0104;19_0108;19_0111,0.0,0.0,0.0,0.0
scenario_0562,2,26_0214;26_0215,0.0,0.0017871149737078706,0.0,0.0
scenario_0563,2,1_0110;1_0111,0.0,0.0005455983387798735,0.0,0.0
scenario_0564,1,1_4127,0.0,7.963136718003305e-05,0.0,0.0
scenario_0565,6,26_B340;28_7012;31_C430;49_E456;4_AA61;6_0660,73077297.54017417,0.005840147977282273,0.0,73504079.77158867
scenario_0566,1,28_0507,0.0,0.0004907186038265454,0.0,0.0
scenario_0567,1,20_0259,0.0,0.0005572378305223058,0.0,0.0
scenario_0568,2,22_0114;22_0122,0.0,0.0,0.0,0.0
scenario_0569,1,37_5827,727765513.861443,0.000240552228399471,0.0,727940579.4775547
scenario_0570,3,34_0509;34_0901;34_0903,0.0,0.000689456449607162,0.0,0.0
scenario_0571,2,48_0118;48_0161,0.0,0.0012154502128542966,0.0,0.0
scenario_0572,4,19_0220;26_0659;47_3110;53_0207,201357933.79895487,0.0016293197186125763,0.0,201686010.2509926
scenario_0573,1,27_B350,0.0,0.00010270203338813566,0.0,0.0
scenario_0574,1,55_0121,0.0,0.00022157985754100995,0.0,0.0
scenario_0575,3,12_4097;1_C330;1_C350,0.0,0.0006557702667693288,0.0,0.0
scenario_0576,5,46_0603;46_0604;46_0606;46_0607;46_0661,0.0,0.0007076027165859866,0.0,0.0
scenario_0577,1,42_1608,0.0,2.142245968272949e-05,0.0,0.0
scenario_0578,3,30_1001;30_A320;30_A330,0.0,0.0,0.0,0.0
scenario_0579,2,19_0606;19_5046,29093868.761183422,0.0011473714103691357,0.0,29127250.234417036
scenario_0580,2,48_5323;4_1007,0.0,0.001600005170883878,0.0,0.0
scenario_0581,5,19_0101;19_0102;19_0107;19_0110;19_0111,0.0,0.0,0.0,0.0
scenario_0582,3,36_B330;36_B340;36_B350,0.0,5.4551701930027896e-05,0.0,0.0
scenario_0583,2,6_1253;6_A340,0.0,0.0,0.0,0.0
scenario_0584,1,23_0506,0.0,0.00016331379373313304,0.0,0.0
scenario_0585,3,40_1017;40_4157;40_4166,0.0,0.0026193703072836527,0.0,0.0
scenario_0586,4,6_9048;6_A411;6_A421;6_A441,0.0,0.0006091600059580093,0.0,0.0
scenario_0587,3,34_0559;4_B330;54_4004,55460090.45628663,0.004872091265367695,0.0,55730297.07857521
scenario_0588,3,17_0607;31_B430;4_0665,0.0,0.0028015155139775594,0.0,0.0
scenario_0589,3,48_N310;48_N330;48_N340,0.0,0.0005385941449562726,0.0,0.0
scenario_0590,3,37_0205;4_1001;6_0509,0.0,0.001980676293853678,0.0,0.0
scenario_0591,1,23_1009,0.0,0.00012930449422998702,0.0,0.0
scenario_0592,4,20_0201;20_0205;20_0207;20_0210,0.0,0.0027917035245141886,0.0,0.0
scenario_0593,6,13_0509;27_1017;41_5022;55_0908;6_8151;8_7780,3398811580.221646,0.007368596484952916,0.026562003103251523,3514135295.0258994
scenario_0594,1,4_AA01,0.0,0.0017682406184741373,0.0,0.0
scenario_0595,5,32_0101;32_0104;32_0106;32_0111;32_0206,0.0,0.0013717539812819757,0.0,0.0
scenario_0596,4,27_0709;27_0759;27_C310;27_C320,0.0,0.0008420566818798658,0.0,0.0
scenario_0597,1,19_0223,0.0,0.0008419126082571671,0.0,0.0
scenario_0598,4,55_0901;55_0902;55_0907;55_0908,0.0,0.007467132289635137,0.0,0.0
scenario_0599,3,39_0103;39_0203;39_0208,0.0,0.001707259449817311,0.0,0.0
scenario_0600,2,6_0603;6_B452,0.0,0.0012931303164419594,0.0,0.0
scenario_0601,2,28_5006;28_5803,0.0,0.001630448173630339,0.0,0.0
scenario_0602,2,51_0113;51_2004,731248872.9517004,0.00063105206577585,0.0,731710329.063573
scenario_0603,2,26_0116;42_A350,0.0,0.0004974821492365056,0.0,0.0
scenario_0604,3,49_C331;49_C350;49_C351,13823.569608510476,0.0004495658753520537,0.0,13829.784213682016
scenario_0605,4,29_A330;42_0603;49_3010;55_B908,97024254.60572098,0.0026661629451545377,0.0,97282937.07813199
scenario_0606,5,35_0111;41_5021;53_0801;53_BA59;6_3013,3575562127.512937,0.003311547401160908,0.027970979061279426,3687414744.38496
scenario_0607,3,48_3749;48_M330;48_M350,0.0,0.0021131149223849732,0.0,0.0
scenario_0608,1,49_D446,0.0,0.00020389919291285974,0.0,0.0
scenario_0609,3,26_0901;26_0902;26_0903,0.0,0.002273296684654924,0.0,0.0
scenario_0610,3,32_0101;32_0102;32_B310,0.0,0.0008989307154784187,0.0,0.0
scenario_0611,3,35_0501;35_0503;35_0959,3107036465.315682,0.0013111189923631361,0.02883654407988188,3200706353.825198
scenario_0612,2,29_5403;29_5413,0.0,0.0,0.0,0.0
scenario_0613,3,6_0602;6_0603;6_3005,0.0,0.0032634699486229213,0.0,0.0
scenario_0614,3,32_B330;32_B340;32_B350,0.0,0.0008787217589359964,0.0,0.0
scenario_0615,2,19_0107;38_0213,0.0,0.0005544833656043746,0.0,0.0
scenario_0616,5,13_0503;17_5908;48_G320;4_BA02;6_A361,0.0,0.004458732213846184,0.0,0.0
scenario_0617,1,28_0504,0.0,0.0004907118864267979,0.0,0.0
scenario_0618,3,17_5217;17_5423;17_9327,325895107.5437322,0.001790486446399786,0.0,326478618.3167373
scenario_0619,2,35_1112;35_3010,0.0,0.0004114555351271143,0.0,0.0
scenario_0620,2,5_0223;5_A310,0.0,0.001856922630457447,0.0,0.0
scenario_0621,5,31_7017;46_7049;46_A410;46_A421;46_A423,642611938.080809,0.0062663344586258996,0.011523022702030953,654043591.3630303
scenario_0622,1,12_0502,0.0,0.0002353093465371492,0.0,0.0
scenario_0623,3,13_0565;26_0902;4_C320,34003.0233118049,0.0033002095498755324,0.0,34115.24041406316
scenario_0624,4,8_0213;8_0215;8_0217;8_0224,0.0,0.002213388099773339,0.0,0.0
scenario_0625,4,21_1034;21_B310;21_B330;21_B340,0.0,0.0,0.0,0.0
scenario_0626,1,40_C310,0.0,1.6395186883011448e-05,0.0,0.0
scenario_0627,2,6_0560;6_0569,0.0,0.0021541927666464122,0.0,0.0
scenario_0628,4,29_1002;29_B310;29_B330;29_B351,0.0,0.0,0.0,0.0
scenario_0629,1,56_A330,0.0,9.84515743296388e-06,0.0,0.0
scenario_0630,3,16_1021;16_B350;16_C320,62556168.56428294,0.0006466671386294864,0.0,62596621.58281202
scenario_0631,6,13_0561;13_4113;16_1021;31_A320;47_0607;6_7491,19817170709.625965,0.007041844528236529,0.1797572092426226,23518999446.599678
scenario_0632,2,5_3073;5_3074,440492639.74880856,0.002680501575752281,0.0,441673380.9637625
scenario_0633,3,13_1005;13_3020;13_4118,0.0,0.0021082689317613035,0.0,0.0
scenario_0634,1,27_0902,0.0,0.00035780762526560483,0.0,0.0
scenario_0635,1,29_0759,0.0,0.0003111665085692161,0.0,0.0
scenario_0636,1,27_A310,0.0,0.00019218430186473956,0.0,0.0
scenario_0637,5,27_0759;27_3007;27_3009;27_3012;27_4055,17007262.87201153,0.005188108612770748,0.0,17095498.39899747
scenario_0638,5,48_9005;48_K320;48_K330;48_K350;48_K351,0.0,0.000180369008955239,0.0,0.0
scenario_0639,5,19_0213;19_0215;19_0220;19_0222;19_0223,0.0,0.004209566604428727,0.0,0.0
scenario_0640,5,53_0204;53_0205;53_0206;53_0208;53_0212,0.0,0.0022242211238612253,0.0,0.0
scenario_0641,4,27_0709;27_1028;27_C320;27_C330,0.0,0.0006120871229984282,0.0,0.0
scenario_0642,3,4_A430;4_A442;4_A449,0.0,0.0,0.0,0.0
scenario_0643,2,19_5046;19_9116,29093868.761183422,0.001058501574046411,0.0,29124664.66706223
scenario_0644,3,13_3016;42_0605;4_0265,8706352.442826482,0.005397390502254185,0.0,8753344.02681067
scenario_0645,4,8_A410;8_A411;8_A443;8_A451,0.0,0.0008854053293051445,0.0,0.0
scenario_0646,1,12_4103,0.0,0.0,0.0,0.0
scenario_0647,1,37_1814,0.0,0.0001792987616667796,0.0,0.0
scenario_0648,5,27_0709;29_AA67;49_D460;6_0606;8_A451,0.0,0.0022802916278149565,0.0,0.0
scenario_0649,4,1_4126;26_D310;42_1614;4_0669,80635968.88964638,0.0023536605015319623,0.0,80825758.58462471
scenario_0650,5,27_0702;27_0704;27_0708;27_3012;27_4055,17007262.87201153,0.0032691249575658166,0.0,17062861.739526305
scenario_0651,4,12_4059;12_C320;12_C321;12_C330,0.0,0.0001907197529440463,0.0,0.0
scenario_0652,2,18_A901;18_A903,0.0,0.00345041684963443,0.0,0.0
scenario_0653,3,32_0104;32_0110;32_C320,0.0,0.0006121463237348523,0.0,0.0
scenario_0654,2,4_A442;4_A449,0.0,0.0,0.0,0.0
scenario_0655,1,42_1618,0.0,1.7562398377024557e-05,0.0,0.0
scenario_0656,5,13_0502;41_6012;48_0164;53_0209;6_0606,0.0,0.004791695925388417,0.0,0.0
scenario_0657,2,28_A320;29_A340,0.0,0.0003029618667256262,0.0,0.0
scenario_0658,1,18_0901,0.0,0.0015465528055037536,0.0,0.0
scenario_0659,2,20_4052;20_7085,0.0,0.0001800647399505806,0.0,0.0
scenario_0660,2,29_0901;29_0962,0.0,0.00019736794404934255,0.0,0.0
scenario_0661,3,5_0216;5_0218;5_0219,0.0,0.004530685369148579,0.0,0.0
scenario_0662,2,5_0122;5_0124,0.0,0.0,0.0,0.0
scenario_0663,2,27_1020;27_2018,0.0,0.001337816703987027,0.0,0.0
scenario_0664,3,4_7614;4_B959;4_B960,0.0,0.00223865445032545,0.0,0.0
scenario_0665,3,31_3024;47_0608;49_3015,0.0,0.004446022942113048,0.0,0.0
scenario_0666,2,39_9006;6_0208,5782799465.148329,0.004200482421303442,0.047772723159210696,6083350090.581369
scenario_0667,4,26_0601;49_D450;4_0663;6_0566,0.0,0.002482789804089669,0.0,0.0
scenario_0668,6,26_0224;28_3081;35_AA01;48_0160;4_BA03;55_B901,6065793621.476363,0.005922728506885244,0.05641702136225084,6443933678.597
scenario_0669,4,4_A449;4_A452;4_A458;4_A459,0.0,0.0,0.0,0.0
scenario_0670,1,53_6056,0.0,0.00012135566849402757,0.0,0.0
scenario_0671,5,12_AA61;18_A903;26_3069;4_1015;51_1023,0.0,0.0037143647833476345,0.0,0.0
scenario_0672,1,46_3053,0.0,6.904122090389819e-05,0.0,0.0
scenario_0673,3,4_B959;4_BA01;4_BA59,0.0,0.004464071495263289,0.0,0.0
scenario_0674,3,18_3031;27_3007;28_5803,0.0,0.002716920426032221,0.0,0.0
scenario_0675,5,5_3073;5_4021;5_5805;5_A410;5_A430,97255213.57355857,0.0032736396148781433,0.0,97573592.0934664
scenario_0676,3,12_1060;13_0565;48_2133,34003.0233118049,0.0024714803060110757,0.0,34087.06111426486
scenario_0677,4,13_3019;29_A320;39_0205;6_0206,5783341267.217601,0.003855924730836291,0.04777206523016006,6081923552.102528
scenario_0678,4,22_0114;22_0118;22_0123;22_0124,0.0,0.0,0.0,0.0
scenario_0679,5,49_E440;49_E443;49_E451;49_E459;49_E461,0.0,0.0006519051653697261,0.0,0.0
scenario_0680,1,37_A964,0.0,0.0001655724171926165,0.0,0.0
scenario_0681,6,26_0214;29_B410;4_0266;5_0219;6_0209;6_B421,5783000416.804801,0.0075139336965376335,0.04777251755735573,6102721987.449725
scenario_0682,3,35_6035;35_AA01;35_AA61,7924536428.771164,0.0028515408076044135,0.07371608841698346,8531299395.826054
scenario_0683,2,54_4003;54_4004,55460090.45628663,0.004420989850834944,0.0,55705278.953320265
scenario_0684,3,27_1020;27_3005;27_3012,0.0,0.0026217474490404236,0.0,0.0
scenario_0685,4,4_1015;4_6060;4_D310;4_D350,0.0,0.001777001792023003,0.0,0.0
scenario_0686,1,21_6043,0.0,0.0001536032763569395,0.0,0.0
scenario_0687,3,13_3011;23_0507;6_8150,0.0,0.0013024707976906358,0.0,0.0
scenario_0688,1,18_0663,0.0,0.0004857293670863516,0.0,0.0
scenario_0689,5,16_1021;16_B310;16_B320;16_B330;16_B350,62556168.56428294,0.0011894265192845532,0.0,62630574.53011812
scenario_0690,2,19_0705;29_0504,0.0,0.0006855599975182924,0.0,0.0
scenario_0691,5,29_0504;29_0508;29_0509;29_0960;29_0961,0.0,0.0007613444656022761,0.0,0.0
scenario_0692,2,13_4118;8_0502,0.0,0.0020059636630522792,0.0,0.0
scenario_0693,3,29_0502;48_3845;4_1016,0.0,0.003912707329914777,0.0,0.0
scenario_0694,6,1_0162;48_5284;4_0216;4_0267;4_BA02;6_0201,5474451990.331635,0.008857142712988209,0.04522270295835309,5770509509.103938
scenario_0695,3,27_4054;51_A340;8_A330,311706533.41960955,0.0017709405458939953,0.0,312258547.15806246
scenario_0696,3,8_7781;8_B310;8_B330,0.0,0.0004203850233499562,0.0,0.0
scenario_0697,4,29_B310;29_B320;29_B340;29_B351,0.0,0.0,0.0,0.0
scenario_0698,1,24_5807,0.0,0.0001308529911776546,0.0,0.0
scenario_0699,3,37_0901;37_A961;37_A963,0.0,0.0004969092329168978,0.0,0.0
scenario_0700,5,4_1016;4_1017;4_1018;4_6060;4_C340,0.0,0.002624151275424369,0.0,0.0
scenario_0701,4,20_0101;20_0107;20_0109;20_0161,0.0,0.0009215499626848977,0.0,0.0
scenario_0702,4,51_0114;51_0115;51_0117;51_0119,0.0,0.001388083960710329,0.0,0.0
scenario_0703,2,48_Q320;48_Q350,0.0,0.00011703774337723516,0.0,0.0
scenario_0704,2,19_A350;6_3042,43275042376.77269,0.012667752088728057,0.3379059001542035,58446132033.76553
scenario_0705,1,51_0115,0.0,0.00034700935641995834,0.0,0.0
scenario_0706,4,29_0665;29_5000;29_5081;29_7073,0.0,0.0021356776168734992,0.0,0.0
scenario_0707,2,18_0665;48_0902,0.0,0.001251301686235884,0.0,0.0
scenario_0708,4,48_K320;48_K340;48_K350;48_K351,0.0,0.00012798190635809892,0.0,0.0
scenario_0709,4,48_1070;48_9167;48_A504;48_A507,0.0,0.0022018063971399604,0.0,0.0
scenario_0710,5,18_3002;34_6057;39_0205;4_0214;6_8202,59240806.008206904,0.0038648167476507123,0.0,59469760.86741175
scenario_0711,1,46_9197,0.0,3.881504414016135e-05,0.0,0.0
scenario_0712,5,42_0603;42_0606;42_0607;42_0661;42_7037,34227753.18847143,0.0051345686972800175,0.0,34403497.93857118
scenario_0713,4,19_0602;19_0605;19_0705;19_0708,0.0,0.010278005441660909,0.0,0.0
scenario_0714,4,6_8534;6_A421;6_A422;6_A423,0.0,0.0005868480589030778,0.0,0.0
scenario_0715,4,19_1044;19_3055;19_A410;19_A430,98949743.95812708,0.0011756319591286202,0.0,99066072.43947184
scenario_0716,5,4_A455;4_A457;4_A458;4_A461;4_A462,0.0,0.0,0.0,0.0
scenario_0717,2,29_5473;39_0107,0.0,0.0019678494189472318,0.0,0.0
scenario_0718,3,18_A961;19_3033;6_0571,0.0,0.003659117716729443,0.0,0.0
scenario_0719,1,9_0961,0.0,0.0002454754204437304,0.0,0.0
scenario_0720,5,39_0112;39_0204;39_0263;39_0809;39_0903,0.0,0.002142345298173698,0.0,0.0
scenario_0721,5,13_3018;35_0504;35_1022;37_5037;55_0903,1159327256.672865,0.004056288333397551,0.010719480074877576,1176457207.7268639
scenario_0722,2,34_0504;34_0903,0.0,0.00046064121260058766,0.0,0.0
scenario_0723,3,24_0902;24_0903;24_2805,0.0,0.0015745705835407131,0.0,0.0
scenario_0724,4,27_0559;39_0110;4_A459;55_0120,0.0,0.0007383442639442572,0.0,0.0
scenario_0725,4,40_AA03;40_AA61;40_AA62;40_AA63,30799513.685485534,0.0002846250390038385,0.0,30808279.998269565
scenario_0726,6,39_0203;41_6011;51_0124;6_0208;6_0209;6_8151,14389096256.563713,0.006761937585638811,0.11748783633964777,16176938213.430944
scenario_0727,5,55_0260;55_0261;55_0263;55_0264;55_0265,0.0,0.001493361639886781,0.0,0.0
scenario_0728,2,48_3679;48_4142,0.0,0.0005840749427947767,0.0,0.0
scenario_0729,3,48_5274;48_D310;48_D350,814116.7236456068,0.0018302541249196613,0.0,815606.7641372253
scenario_0730,1,4_0122,123083.52193487372,5.533005385893741e-05,0.0,123090.33215277153
scenario_0731,4,46_0604;46_0607;46_0660;46_0661,0.0,0.0005660821732688115,0.0,0.0
scenario_0732,4,29_0659;48_1076;48_B340;4_AA02,0.0,0.0026011271053051344,0.0,0.0
scenario_0733,1,5_0810,0.0,7.722283861255619e-07,0.0,0.0
scenario_0734,5,12_0109;13_4118;26_0215;35_0506;4_0223,1159450539.6332567,0.005815361161457422,0.010719657537634306,1178622075.9867644
scenario_0735,3,30_0505;48_F330;6_B410,0.0,0.001135691652454085,0.0,0.0
scenario_0736,1,47_B310,0.0,3.824519445960739e-05,0.0,0.0
scenario_0737,6,11_1400;23_0506;29_0604;48_D410;6_0203;6_B453,5783724169.043735,0.0034932034034219628,0.04777268203891048,6080231909.723979
scenario_0738,4,4_0218;4_1007;4_6053;4_B959,0.0,0.00945335627953603,0.0,0.0
scenario_0739,1,55_0262,0.0,0.0002986694774633758,0.0,0.0
scenario_0740,3,13_7028;45_1025;5_0116,0.0,0.002043835506378433,0.0,0.0
scenario_0741,5,34_0503;34_0508;34_0509;34_0560;34_0902,0.0,0.0011563396745387644,0.0,0.0
scenario_0742,1,33_1001,0.0,0.0,0.0,0.0
scenario_0743,5,20_0204;39_0261;4_B320;5_0124;8_0214,0.0,0.0024547980817143378,0.0,0.0
scenario_0744,4,24_2805;4_AA01;4_AA60;9_5001,0.0,0.0047596830663099166,0.0,0.0
scenario_0745,1,8_0560,0.0,0.004125302120051133,0.0,0.0
scenario_0746,2,34_0507;34_0960,0.0,0.00046064330570338985,0.0,0.0
scenario_0747,5,35_0103;35_0104;35_0108;35_0109;35_6033,0.0,0.0010911620975538883,0.0,0.0
scenario_0748,1,49_C455,0.0,0.00021341290028720206,0.0,0.0
scenario_0749,4,5_0810;5_A601;5_A605;5_B410,1458733.2666290838,0.0016595070241965937,0.0,1461154.0447314838
scenario_0750,5,1_0105;1_0110;1_0112;1_0161;1_0163,0.0,0.0013625255200916397,0.0,0.0
scenario_0751,3,26_A310;26_A350;26_B350,0.0,0.000614086844240469,0.0,0.0
scenario_0752,3,6_8534;6_A442;6_A443,0.0,0.004713193265502458,0.0,0.0
scenario_0753,3,27_1004;27_D310;27_D350,0.0,0.0008308941255228408,0.0,0.0
scenario_0754,2,21_B310;21_B330,0.0,0.0,0.0,0.0
scenario_0755,4,19_0703;20_1009;28_5803;39_0105,0.0,0.0022409528330032957,0.0,0.0
scenario_0756,2,5_3011;5_4021,0.0,0.001103580087255529,0.0,0.0
scenario_0757,2,48_3865;49_3010,97024254.60572098,0.0005129484949645269,0.0,97074023.05109604
scenario_0758,2,48_A507;48_A509,0.0,0.0004316553988412686,0.0,0.0
scenario_0759,5,13_0565;18_0669;20_0208;26_0214;4_B310,34003.0233118049,0.0052112009012178495,0.0,34180.21989753151
scenario_0760,4,19_0604;22_0708;26_0601;4_0261,0.0,0.0035034280473490442,0.0,0.0
scenario_0761,3,32_0205;32_0259;32_A461,0.0,0.0006865221466685334,0.0,0.0
scenario_0762,2,49_E440;49_E441,0.0,0.0002635986924975908,0.0,0.0
scenario_0763,3,13_0565;28_3097;48_AA02,34003.0233118049,0.003065818121417152,0.0,34107.2703968572
scenario_0764,5,20_3013;20_3060;20_4016;29_4069;29_5483,0.0,0.0018882366755146318,0.0,0.0
scenario_0765,3,31_3018;48_H310;55_A901,0.0,0.0019525855298075934,0.0,0.0
scenario_0766,1,48_K320,0.0,3.1995267279261164e-05,0.0,0.0
scenario_0767,5,17_5217;17_5854;17_5869;17_7937;17_9327,325895107.5437322,0.002369538137099503,0.0,326667328.4297513
scenario_0768,5,4_C330;4_C350;4_D320;4_D330;4_D350,0.0,0.0033724934056902356,0.0,0.0
scenario_0769,3,38_0224;48_3569;48_5310,216636.9040830649,0.0028648802103797832,0.0,217257.54286241045
scenario_0770,5,17_1002;29_B430;32_0206;40_0607;44_7401,0.0,0.0020595889284616975,0.0,0.0
scenario_0771,2,29_A330;29_A340,0.0,0.000427568007097201,0.0,0.0
scenario_0772,2,26_C310;26_C350,0.0,5.9184157123026715e-05,0.0,0.0
scenario_0773,6,13_3016;19_0215;20_0211;24_1634;49_3015;53_3011,8706352.442826482,0.0036720271009754724,0.0,8738322.404947186
scenario_0774,3,40_0504;40_0505;40_A320,0.0,0.00039379104200842896,0.0,0.0
scenario_0775,5,13_7028;19_0602;49_1008;4_0267;55_A909,94619050.11154982,0.013436473945195426,0.0,95890396.51309282
scenario_0776,2,20_0164;32_A463,0.0,0.00027930972694256706,0.0,0.0
scenario_0777,1,6_8534,0.0,0.00037951260515400875,0.0,0.0
scenario_0778,4,53_1501;53_B320;53_B330;53_B350,0.0,5.055150982369305e-05,0.0,0.0
scenario_0779,3,24_A311;24_A320;24_A331,0.0,0.0,0.0,0.0
scenario_0780,3,53_0202;53_0207;53_1005,311706533.41960955,0.0011080941896524088,0.0,312051933.61816853
scenario_0781,2,55_6351;55_6352,0.0,0.0008520975785016871,0.0,0.0
scenario_0782,5,20_A430;48_3629;49_7085;55_0902;55_6353,0.0,0.003659440572686634,0.0,0.0
scenario_0783,1,12_3996,0.0,4.748773298368647e-05,0.0,0.0
scenario_0784,2,53_C330;6_0201,5474451990.331635,0.001940668872308704,0.04522270295835309,5732645605.120753
scenario_0785,3,4_0115;4_0119;4_A903,1889.1412738474148,0.00018838433694912116,0.0,1889.4971584736916
scenario_0786,5,13_0563;18_0663;29_0960;34_6057;35_0902,3106535151.8762164,0.0047121067902088365,0.02883654407988188,3210755215.1021757
scenario_0787,1,12_0562,0.0,0.00023530578339447938,0.0,0.0
scenario_0788,3,17_A330;39_3013;9_5001,0.0,0.0012818672182488555,0.0,0.0
scenario_0789,2,16_C320;1_B320,0.0,0.00023331474609578073,0.0,0.0
scenario_0790,5,40_4160;40_4161;40_A410;40_A430;48_3845,0.0,0.0026577588938906382,0.0,0.0
scenario_0791,5,32_A454;34_0501;48_0123;4_A459;5_3074,381913853.3142876,0.002719155691138564,0.0,382952336.5420518
scenario_0792,6,47_6015;4_A459;53_6048;5_4021;6_A352;8_A441,0.0,0.0021584263044569507,0.0,0.0
scenario_0793,5,31_1030;31_A310;31_A350;31_A351;31_A352,0.0,0.00017376013897707487,0.0,0.0
scenario_0794,5,8_1053;8_1057;8_3032;8_7783;8_A350,0.0,0.0017661488980612594,0.0,0.0
scenario_0795,4,48_1050;48_1178;48_3835;48_3855,0.0,0.0007295526089770021,0.0,0.0
scenario_0796,3,55_0120;55_0220;55_0264,0.0,0.0008189324614451543,0.0,0.0
scenario_0797,1,42_1606,0.0,0.00044164518481248916,0.0,0.0
scenario_0798,2,8_2008;8_B350,0.0,0.00026013759606291487,0.0,0.0
scenario_0799,4,49_7085;49_E446;49_E455;49_E461,0.0,0.000718521549432527,0.0,0.0
scenario_0800,4,36_B330;36_B350;36_B352;36_B354,0.0,0.0002069623282919819,0.0,0.0
scenario_0801,5,55_0114;55_0117;55_0119;55_0123;55_0124,0.0,0.0011075209715366574,0.0,0.0
scenario_0802,3,32_A352;37_3807;55_0901,0.0,0.0027983196278662525,0.0,0.0
scenario_0803,5,48_1049;48_1087;48_1116;48_1119;48_G310,0.0,0.0019935661078754885,0.0,0.0
scenario_0804,2,28_3083;28_3085,0.0,4.146964371432027e-05,0.0,0.0
scenario_0805,4,34_0505;34_0507;34_0508;34_0509,0.0,0.0009275086175691838,0.0,0.0
scenario_0806,3,48_1093;48_1181;48_6086,0.0,0.0014619660319664662,0.0,0.0
scenario_0807,3,12_0108;49_C449;4_0264,0.0,0.0030802418964946954,0.0,0.0
scenario_0808,4,19_6150;19_A310;19_A320;19_A350,0.0,0.0,0.0,0.0
scenario_0809,1,13_0507,0.0,0.002471487266795025,0.0,0.0
scenario_0810,3,49_C320;49_C330;49_C350,6990.261524650152,0.0002486082988831795,0.0,6991.999361676544
scenario_0811,2,6_0502;6_0570,0.0,0.0021008554587956807,0.0,0.0
scenario_0812,2,16_C330;4_0508,0.0,0.0005545041895437253,0.0,0.0
scenario_0813,4,1_0163;32_AA61;49_E450;5_0221,0.0,0.002613119747304715,0.0,0.0
scenario_0814,3,29_A351;29_AA63;29_AA64,0.0,0.0011046426436078782,0.0,0.0
scenario_0815,4,29_A801;29_A802;29_A807;29_A808,0.0,0.0,0.0,0.0
scenario_0816,3,48_1174;48_1181;48_M340,0.0,0.0016217556441190384,0.0,0.0
scenario_0817,1,49_E430,0.0,0.0001317993462487399,0.0,0.0
scenario_0818,1,56_6029,2405204.4941711524,2.3100222767302725e-05,0.0,2405260.0549307684
scenario_0819,4,22_0114;22_0116;22_0117;22_0120,0.0,0.0,0.0,0.0
scenario_0820,2,48_1049;48_G320,0.0,0.000374015581666054,0.0,0.0
scenario_0821,3,19_0221;28_0501;31_A352,0.0,0.0013675383164079014,0.0,0.0
scenario_0822,5,29_0701;29_A602;29_A603;29_A606;29_A608,0.0,0.0006727083400852596,0.0,0.0
scenario_0823,5,6_A310;6_A311;6_A320;6_A350;6_A352,0.0,0.0,0.0,0.0
scenario_0824,3,10_0211;39_0203;4_0264,0.0,0.003177494260192315,0.0,0.0
scenario_0825,5,32_0109;32_0112;32_0203;32_A454;32_C320,0.0,0.0010284259806428997,0.0,0.0
scenario_0826,5,28_0560;32_0107;42_5020;48_3569;48_4146,0.0,0.00401187718899032,0.0,0.0
scenario_0827,1,4_A350,0.0,0.00023338085893909177,0.0,0.0
scenario_0828,1,6_7455,0.0,0.0013374913871296856,0.0,0.0
scenario_0829,5,12_4138;13_3020;29_5081;48_6079;4_1003,129213043.27993174,0.006313033218400599,0.0,130028769.51440857
scenario_0830,1,4_A462,0.0,0.0,0.0,0.0
scenario_0831,2,12_4000;12_C310,0.0,0.0002141411842456753,0.0,0.0
scenario_0832,3,4_1021;4_1022;4_B350,0.0,0.0029671714504321267,0.0,0.0
scenario_0833,4,4_1007;4_7614;4_B903;4_B959,0.0,0.0030605327836410456,0.0,0.0
scenario_0834,5,13_0503;19_0709;20_0903;29_5483;4_0668,0.0,0.004617773274013248,0.0,0.0
scenario_0835,3,39_0203;39_0205;39_0212,0.0,0.001651379153296939,0.0,0.0
scenario_0836,2,29_0608;29_0660,0.0,0.0011969686015952385,0.0,0.0
scenario_0837,2,27_C320;5_0223,0.0,0.0016090645775128642,0.0,0.0
scenario_0838,2,10_0202;4_0214,0.0,0.002660512901246359,0.0,0.0
scenario_0839,4,20_4063;29_4036;29_4069;29_5483,0.0,0.0018253504522761643,0.0,0.0
scenario_0840,6,13_3011;13_4118;1_A330;39_4018;48_0165;48_A505,0.0,0.0045903955181462175,0.0,0.0
scenario_0841,2,26_0213;4_0214,0.0,0.0033519688871234132,0.0,0.0
scenario_0842,2,29_0503;29_0961,0.0,0.00028474980817005946,0.0,0.0
scenario_0843,3,48_5335;4_0220;53_0208,130027160.00357735,0.0037907542119888227,0.0,130520061.00803386
scenario_0844,5,13_3011;21_1034;29_A604;39_4031;4_1025,0.0,0.008629273977083352,0.0,0.0
scenario_0845,4,17_0603;17_0604;17_0606;17_5849,59240806.008206904,0.00297018877012456,0.0,59416762.38494561
scenario_0846,4,35_0102;35_0104;35_0111;35_6033,0.0,0.0008988487826715463,0.0,0.0
scenario_0847,4,42_0607;42_0661;42_0662;42_1627,0.0,0.004097516968489701,0.0,0.0
scenario_0848,4,49_C410;49_C444;49_C453;49_C458,72254773.2777693,0.0009085791836815904,0.0,72320422.46069111
scenario_0849,3,12_0901;12_0902;12_3811,0.0,0.00231561924343604,0.0,0.0
scenario_0850,4,12_3804;17_A340;29_4036;40_5021,0.0,0.0019063650781041552,0.0,0.0
scenario_0851,2,35_1002;35_1003,0.0,0.000320339410048609,0.0,0.0
scenario_0852,4,27_0708;37_0203;55_0909;6_0606,86239531.94239366,0.0035711030562237678,0.0,86547502.19848046
scenario_0853,5,18_A902;19_0608;48_1068;4_1034;55_0902,0.0,0.004660058497680808,0.0,0.0
scenario_0854,1,49_D440,0.0,0.00020389919291285974,0.0,0.0
scenario_0855,4,6_0602;6_0603;6_0606;6_0664,421094.8023439911,0.0054407677876138205,0.0,423385.8813801159
scenario_0856,2,48_5283;48_5284,179488.2051983986,0.0008279928708165851,0.0,179636.82015269852
scenario_0857,5,39_0105;39_0108;39_0203;39_0210;39_0265,0.0,0.002474711920492312,0.0,0.0
scenario_0858,2,17_5854;17_5869,325895107.5437322,0.0005394709019245214,0.0,326070918.4713316
scenario_0859,4,20_0209;20_0211;20_0212;20_0259,0.0,0.002430387284511948,0.0,0.0
scenario_0860,1,28_0805,0.0,7.180686201757602e-06,0.0,0.0
scenario_0861,3,54_4003;54_4004;54_7008,490065583.6334031,0.005077476445541684,0.0,492553880.0910724
scenario_0862,5,26_D320;27_0705;40_AA03;4_1003;4_1025,0.0,0.006768591832139292,0.0,0.0
scenario_0863,5,48_1068;48_3579;48_F320;48_F330;48_F340,0.0,0.0006039381479548966,0.0,0.0
scenario_0864,4,27_1016;27_A320;27_A340;27_A350,35568159.13344246,0.0006282092232416936,0.0,35590503.379063815
scenario_0865,1,26_0119,0.0,0.00035481868415332407,0.0,0.0
scenario_0866,3,49_1005;49_7086;49_D443,0.0,0.005829360692224728,0.0,0.0
scenario_0867,5,48_1094;48_A310;48_A320;48_A330;48_A340,0.0,0.0004357511240553613,0.0,0.0
scenario_0868,2,26_D310;26_D350,0.0,5.638364394278117e-05,0.0,0.0
scenario_0869,4,18_0608;22_0706;27_0701;29_0608,0.0,0.002294482682129617,0.0,0.0
scenario_0870,1,48_1130,0.0,6.320410227922402e-05,0.0,0.0
scenario_0871,3,29_A320;29_A350;29_AA02,0.0,0.0008729973271268676,0.0,0.0
scenario_0872,1,24_0903,0.0,0.0006674534313456659,0.0,0.0
scenario_0873,3,49_C457;51_A310;6_0204,5474619969.057169,0.002952202445369867,0.04522590735938816,5738376811.065726
scenario_0874,3,27_0706;39_0259;4_0504,0.0,0.001056577739951492,0.0,0.0
scenario_0875,1,27_D310,0.0,8.067889213336787e-05,0.0,0.0
scenario_0876,3,27_1018;27_1029;27_D340,0.0,0.0030984102958609983,0.0,0.0
scenario_0877,4,13_0504;13_0506;13_0508;13_0509,1529421.277596918,0.009886213849556347,0.0,1544541.4634133028
scenario_0878,3,19_0705;1_3028;38_0216,11981560.117445268,0.0019112462717968404,0.0,12004459.829550046
scenario_0879,2,27_3013;27_5076,311706533.41960955,0.0007754011893219559,0.0,311948231.03634256
scenario_0880,6,47_0604;47_3101;48_5310;4_0260;4_A902;53_6049,1674459615.5750446,0.004402432722372729,0.01381515433350554,1704964229.3933356
scenario_0881,2,29_AA65;29_AA67,0.0,0.0008908489046972612,0.0,0.0
scenario_0882,4,4_0121;4_0123;4_0162;4_A901,16.37134732289666,0.00024369466696438913,0.0,16.37533693293027
scenario_0883,2,19_0221;55_C959,0.0,0.0010634337615651468,0.0,0.0
scenario_0884,5,27_0901;27_0903;27_0909;27_0910;27_7090,35568159.13344246,0.001943907369690745,0.0,35637300.34010829
scenario_0885,4,17_0659;17_0662;17_0664;17_5217,4636.727026119136,0.002563705843739328,0.0,4648.6142302918215
scenario_0886,5,22_0114;22_0119;22_0120;22_0123;22_0124,0.0,0.0,0.0,0.0
scenario_0887,4,29_0504;29_0902;29_0964;29_7073,0.0,0.01251973401876827,0.0,0.0
scenario_0888,6,13_0566;17_0605;39_B411;47_C311;4_AA60;6_0210,5783124594.536739,0.00872813158543484,0.04777173626223678,6109870369.874684
scenario_0889,2,30_7075;30_7076,0.0,0.0007732312647458217,0.0,0.0
scenario_0890,2,22_0704;22_0708,0.0,0.0017758318156863018,0.0,0.0
scenario_0891,4,12_0102;27_3003;27_4040;4_0602,35568159.13344246,0.001639790708886979,0.0,35626483.47032169
scenario_0892,4,27_1018;27_1028;27_C330;27_C340,0.0,0.0032649262643406063,0.0,0.0
scenario_0893,3,49_E448;49_E461;49_E462,0.0,0.00039038205312802443,0.0,0.0
scenario_0894,1,42_B351,0.0,0.0003730835959891987,0.0,0.0
scenario_0895,3,42_1597;42_B310;42_B350,0.0,0.0007784271832217415,0.0,0.0
scenario_0896,1,4_A320,0.0,0.00023338085893909177,0.0,0.0
scenario_0897,5,27_0703;48_1056;48_2108;51_0121;5_A605,0.0,0.001739727760457943,0.0,0.0
scenario_0898,4,42_1623;42_1690;42_A411;42_A430,0.0,0.0017614364181925968,0.0,0.0
scenario_0899,2,20_4053;46_3009,0.0,0.0006575155251187237,0.0,0.0
scenario_0900,3,26_B330;39_A412;48_B320,0.0,0.000901475724082279,0.0,0.0
scenario_0901,4,13_0564;26_0221;28_7012;53_3011,73077297.54017417,0.0057645709697631276,0.0,73498556.808123
scenario_0902,3,16_A310;16_A320;16_A350,0.0,0.0002423291169399988,0.0,0.0
scenario_0903,1,40_A340,0.0,0.0001416265322035093,0.0,0.0
scenario_0904,5,55_3008;55_A901;55_A903;55_A908;55_B907,0.0,0.013376884600631245,0.0,0.0
scenario_0905,4,1_4127;29_0607;38_0218;8_7776,0.0,0.0017381172860748695,0.0,0.0
scenario_0906,4,1_0102;1_0103;1_0104;1_0106,0.0,0.001089827914865893,0.0,0.0
scenario_0907,2,24_0506;24_0509,0.0,0.00034173369559376,0.0,0.0
scenario_0908,5,10_0209;20_3013;29_0660;39_0160;5_0120,0.0,0.0021310271707314365,0.0,0.0
scenario_0909,1,38_0223,0.0,0.0005545475021693225,0.0,0.0
scenario_0910,2,35_0508;8_7783,0.0,0.001200069343604837,0.0,0.0
scenario_0911,1,29_A807,0.0,0.0,0.0,0.0
scenario_0912,5,47_6015;49_D446;49_E462;55_A909;6_B410,0.0,0.003046879959547777,0.0,0.0
scenario_0913,4,4_A447;4_A449;4_A451;4_A457,0.0,0.0,0.0,0.0
scenario_0914,5,48_0115;48_0120;48_0121;48_0122;48_0163,0.0,0.0030386255321358524,0.0,0.0
scenario_0915,1,46_3009,0.0,0.00040012569604452874,0.0,0.0
scenario_0916,3,26_0121;35_AA01;47_0606,6065793621.476363,0.0031903554717207516,0.05641702136225084,6427359667.668806
scenario_0917,5,51_5010;51_A310;51_A330;51_A340;51_A350,415201087.6314664,0.004837770220101789,0.0,417209735.08856374
scenario_0918,1,5_0115,0.0,0.0,0.0,0.0
scenario_0919,2,34_0508;34_0509,0.0,0.00046375036596291164,0.0,0.0
scenario_0920,3,20_0162;20_B320;20_B350,0.0,0.00043605027225945836,0.0,0.0
scenario_0921,5,41_5005;41_5021;41_5022;41_6011;41_7018,17595876743.26372,0.008546559041072488,0.13674129686380998,20152343948.059093
scenario_0922,2,17_5151;17_9267,1887461.6262429191,0.00275598178456693,0.0,1892663.436103914
scenario_0923,4,48_4152;48_B410;48_B430;48_D410,0.0,0.0004369098463136156,0.0,0.0
scenario_0924,3,30_0114;30_0119;30_0123,0.4196136897139437,0.0004831502360385098,0.0,0.41981642616717396
scenario_0925,2,5_0810;5_B410,1458733.2666290838,0.00019583826555646944,0.0,1459018.94242193
scenario_0926,3,13_7028;49_D451;5_0224,0.0,0.003730416140803161,0.0,0.0
scenario_0927,2,10_0109;10_0205,0.0,0.0004683533132735507,0.0,0.0
scenario_0928,3,30_0120;42_5020;49_C458,72254773.2777693,0.0014621556536301705,0.0,72360421.00301914
scenario_0929,2,24_2805;40_A420,0.0,0.0003406835128865193,0.0,0.0
scenario_0930,1,26_3068,0.0,9.914210355832509e-05,0.0,0.0
scenario_0931,6,18_0902;20_0105;26_0219;48_A505;4_1022;6_8149,814116.7236456068,0.0050617539332329375,0.0,818237.5821736306
scenario_0932,4,32_1021;32_A310;32_A330;32_A351,0.0,0.00021501065916307294,0.0,0.0
scenario_0933,5,19_0220;32_A460;42_0661;48_5274;48_D330,814116.7236456068,0.003442068981272417,0.0,816918.9695672025
scenario_0934,4,36_A310;36_A321;36_A330;36_A340,0.0,0.0008292648055997498,0.0,0.0
scenario_0935,4,19_0607;42_1613;48_3569;4_0264,0.0,0.005582345067062233,0.0,0.0
scenario_0936,5,31_3024;34_6057;46_3009;5_0124;5_0224,0.0,0.005327115193553444,0.0,0.0
scenario_0937,4,39_0112;39_0201;39_0208;39_0263,0.0,0.0022417834443555495,0.0,0.0
scenario_0938,4,1_0110;1_0112;1_0163;1_1001,0.0,0.0011616775832700155,0.0,0.0
scenario_0939,4,12_4057;35_0509;55_0215;55_6352,1159087527.203907,0.003236588949338537,0.010719677255537038,1175264061.2883158
scenario_0940,1,56_2037,0.0,0.0,0.0,0.0
scenario_0941,1,12_C330,0.0,3.9913017739534595e-05,0.0,0.0
scenario_0942,4,23_3014;28_9030;6_0506;6_8156,1069938022.495865,0.004346462422430419,0.01689020334665097,1092659938.6732416
scenario_0943,1,6_0501,0.0,0.0007000348355661323,0.0,0.0
scenario_0944,5,29_0502;29_0508;29_0801;29_0807;29_0808,0.0,0.0003764709567920521,0.0,0.0
scenario_0945,4,26_0902;26_A321;26_A340;26_B350,0.0,0.0013718586656299436,0.0,0.0
scenario_0946,1,4_0661,0.0,0.0006835526452346752,0.0,0.0
scenario_0947,4,23_1009;23_1012;23_3013;23_3014,0.0,0.0011825518349819486,0.0,0.0
scenario_0948,2,42_A330;42_A350,0.0,0.00046481118942076627,0.0,0.0
scenario_0949,5,37_1040;37_1801;37_1803;37_5037;45_7019,0.0,0.002581791342588624,0.0,0.0
scenario_0950,4,12_0902;29_5058;31_4019;48_1077,814116.7236456068,0.0020965551202654087,0.0,815823.5642310596
scenario_0951,1,18_0670,0.0,0.00048572741027852473,0.0,0.0
scenario_0952,5,24_0901;24_0902;24_0903;24_0962;24_2805,0.0,0.0054104181746365,0.0,0.0
scenario_0953,6,18_A340;29_1008;38_0261;41_5021;45_5035;6_0207,9359003680.89472,0.005276470107430042,0.07574238635332756,10117259456.732832
scenario_0954,2,48_5274;4_0508,814116.7236456068,0.0014295698138023782,0.0,815280.5603386421
scenario_0955,4,32_A320;49_C458;53_3014;6_0603,626065961.1325704,0.0021254073221986802,0.004594265346364775,630272919.4603108
scenario_0956,5,12_B320;12_B330;12_B350;12_B351;12_B352,1537222362.0484238,0.0005797676194873036,0.0,1538113593.7978911
scenario_0957,1,48_3875,0.0,0.00012097623275941771,0.0,0.0
scenario_0958,4,38_0221;38_0259;38_0260;38_0262,0.0,0.00221809736697276,0.0,0.0
scenario_0959,1,40_0501,0.0,0.00011236632726563389,0.0,0.0
scenario_0960,4,40_0508;40_4087;40_4154;40_4162,0.0,0.0004938399750682443,0.0,0.0
scenario_0961,4,1_4155;1_C310;1_C330;1_C350,0.0,0.0007378996499608492,0.0,0.0
scenario_0962,5,35_0504;35_0506;35_0508;35_0801;35_0802,2318774006.7009263,0.0015877445727798811,0.021439137612511882,2372168142.5675454
scenario_0963,2,12_A330;40_0603,0.10944859042544848,0.0006124070172592866,0.0,0.10951561751025417
scenario_0964,2,20_4054;20_A411,0.0,0.0008675532055960611,0.0,0.0
scenario_0965,2,35_2118;48_6079,5880009016.889519,0.0021852960506596464,0.0540501367566524,6210673868.865198
scenario_0966,4,6_0502;6_0507;6_0508;6_0567,0.0,0.0035007902192738527,0.0,0.0
scenario_0967,4,49_0803;49_E448;49_E456;49_E458,0.0,0.00040990954278663505,0.0,0.0
scenario_0968,3,32_0206;32_0210;32_A456,0.0,0.0007866115951108421,0.0,0.0
scenario_0969,1,28_3093,920175660.029265,0.0006029848613059441,0.008483185494460813,928536532.8335212
scenario_0970,3,29_AA03;29_AA63;29_AA67,0.0,0.0013362684893649668,0.0,0.0
scenario_0971,3,4_A430;4_A443;4_A446,0.0,0.0,0.0,0.0
scenario_0972,3,8_7781;8_B310;8_B320,0.0,0.00042042680752374384,0.0,0.0
scenario_0973,3,18_A310;48_0167;48_H330,0.0,0.0010404577328113618,0.0,0.0
scenario_0974,5,4_1021;4_1022;4_1062;4_1065;4_B350,0.0,0.005531308083940756,0.0,0.0
scenario_0975,2,48_3569;48_5035,0.0,0.0025635561917543015,0.0,0.0
scenario_0976,6,13_0505;35_AA01;47_0601;4_C350;6_0210;6_3010,11848918216.0131,0.00906122908877971,0.10418875762448762,13190808046.543173
scenario_0977,1,48_B310,0.0,0.00020477718734512873,0.0,0.0
scenario_0978,6,13_0562;17_1003;28_0509;35_0506;55_0909;8_9020,1661560031.379041,0.0066339885458628345,0.010719657537634306,1690394156.1100771
scenario_0979,2,47_0601;47_0604,0.0,0.002679121617392033,0.0,0.0
scenario_0980,4,35_AA02;35_AA03;35_AA61;35_AA62,7607574452.268735,0.0034167335971405643,0.06919706200419269,8159989308.5677
scenario_0981,6,1_0508;1_0602;27_1003;34_0501;41_5005;47_0602,3893647097.342065,0.007659871247947203,0.03008806979172923,4040624258.40184
scenario_0982,5,48_E330;48_E340;48_E350;48_Q330;48_Q350,0.0,0.00037592957331011867,0.0,0.0
scenario_0983,3,26_0901;36_B353;41_5021,3575562127.512937,0.0024465400803515003,0.027970979061279426,3684321856.9686522
scenario_0984,2,18_0662;32_A462,0.0,0.0006271023937846065,0.0,0.0
scenario_0985,5,20_0901;20_1010;20_B310;20_B320;20_B340,0.0,0.0008433649685049005,0.0,0.0
scenario_0986,3,17_0606;48_1111;5_0215,0.8072175728604829,0.0023627052759118694,0.0,0.8091247900786891
scenario_0987,3,16_1005;16_9032;16_9034,2927339.636921618,0.00025611370808520384,0.0,2928089.3687308547
scenario_0988,3,27_C310;27_C320;27_C340,0.0,0.00029649200798176345,0.0,0.0
scenario_0989,3,6_0504;6_0505;6_0507,0.0,0.0020999368637641957,0.0,0.0
scenario_0990,2,48_1069;48_A506,0.0,0.0003617524913096526,0.0,0.0
scenario_0991,1,4_1002,0.0,0.000645380240594795,0.0,0.0
scenario_0992,1,26_0122,0.0,0.00035482290930055616,0.0,0.0
scenario_0993,2,20_4016;28_0501,0.0,0.0005712746551619352,0.0,0.0
scenario_0994,1,24_2805,0.0,0.0002663701553575759,0.0,0.0
scenario_0995,6,13_0506;19_0605;28_9030;4_0215;4_0666;4_A457,1069938022.495865,0.011123263714791554,0.01689020334665097,1099910696.0468378
scenario_0996,1,25_1002,0.0,0.00011410731179106737,0.0,0.0
scenario_0997,6,27_C330;38_0218;42_0660;48_G310;4_B961;8_3032,0.0,0.003190234860320662,0.0,0.0
scenario_0998,3,49_E450;49_E454;49_E462,0.0,0.0003953980387463307,0.0,0.0
scenario_0999,5,39_0102;39_0105;39_0106;39_0108;39_0262,0.0,0.0026121157978318266,0.0,0.0
scenario_1000,4,13_0506;31_0114;39_9022;8_0222,0.0,0.0038172829664048225,0.0,0.0
scenario_1001,4,20_0107;20_0161;20_0163;20_0902,0.0,0.0006951811637418981,0.0,0.0
scenario_1002,2,39_0211;39_0261,0.0,0.001216100768685946,0.0,0.0
scenario_1003,4,49_E410;49_E430;49_E441;49_E462,0.0,0.0005271973849952927,0.0,0.0
scenario_1004,1,31_B410,0.0,0.0011372908713531693,0.0,0.0
scenario_1005,4,13_0561;18_A959;19_0214;40_A320,0.0,0.005180228966517375,0.0,0.0
scenario_1006,2,38_0222;38_0264,0.0,0.0011090308677739191,0.0,0.0
scenario_1007,5,18_0901;18_0902;18_0905;18_5022;18_5518,59240806.008206904,0.013045348988814598,0.0,60013622.99696264
scenario_1008,2,18_0601;18_0668,0.0,0.000772217463086533,0.0,0.0
scenario_1009,4,28_0509;32_AA60;39_0110;48_F350,0.0,0.001661405865496346,0.0,0.0
scenario_1010,1,37_5037,0.0,0.0006176528781423052,0.0,0.0
scenario_1011,5,27_0708;27_0709;27_0759;27_1028;27_C340,0.0,0.0011575801446320755,0.0,0.0
scenario_1012,3,12_1030;48_4152;6_8151,0.0,0.0010347373411773164,0.0,0.0
scenario_1013,1,55_0123,0.0,0.000221449403689844,0.0,0.0
scenario_1014,3,28_3099;28_7012;28_9030,1069938022.495865,0.006227114209247708,0.01689020334665097,1094672119.5270321
scenario_1015,2,35_0506;35_0801,1159450539.6332567,0.0005292639297619361,0.010719657537634306,1172493107.6989212
scenario_1016,4,13_0566;1_0506;27_4055;5_B410,18465996.138640616,0.003929632626730739,0.0,18538560.719552103
scenario_1017,3,47_0604;47_0605;47_0606,0.0,0.005360019760548118,0.0,0.0
scenario_1018,5,26_0601;26_0603;26_0604;26_0607;26_0608,0.0,0.0012925795627891645,0.0,0.0
scenario_1019,5,18_0667;1_C310;48_0160;4_0509;4_BA61,0.0,0.003464509808371541,0.0,0.0
scenario_1020,3,12_0101;29_B411;38_0263,0.0,0.001544267575300018,0.0,0.0
scenario_1021,3,21_3016;26_B321;27_1087,0.0,0.0021539922764092223,0.0,0.0
scenario_1022,6,34_0962;48_0166;48_3845;55_0218;6_A412;9_4008,0.0,0.005139492007145141,0.0,0.0
scenario_1023,4,23_1009;23_1012;23_1026;23_7023,0.0,0.0013267608374624151,0.0,0.0
scenario_1024,3,13_0505;29_A602;6_2038,0.0,0.002616378108530437,0.0,0.0
scenario_1025,1,26_A310,0.0,0.0002031895834483377,0.0,0.0
scenario_1026,2,17_5849;17_9327,59249983.5686069,0.0014692948709074116,0.0,59337039.265565604
scenario_1027,4,35_0504;49_D446;5_0215;6_B441,1159327256.672865,0.0024666622673751304,0.010719480074877576,1174614310.9006066
scenario_1028,5,20_A411;26_1010;31_3024;41_6012;5_0218,0.0,0.004560137428865851,0.0,0.0
scenario_1029,4,12_9054;12_A310;12_A320;12_A350,0.0,0.0006741113188716286,0.0,0.0
scenario_1030,1,4_1037,201775666.15239316,0.0003769254716387005,0.0,201851720.54052284
scenario_1031,4,53_1501;53_B310;53_B320;53_B330,35568159.13344246,5.055040972767877e-05,0.0,35569957.11845992
scenario_1032,5,1_0502;1_0504;1_0505;1_0508;1_0563,0.0,0.001212468466174843,0.0,0.0
scenario_1033,4,19_0601;19_0603;19_0605;19_0606,0.0,0.004534064045382369,0.0,0.0
scenario_1034,2,20_A412;47_0602,0.0,0.0037530899381433835,0.0,0.0
scenario_1035,4,4_0606;4_0608;4_0659;4_0662,0.0,0.0032930068496695997,0.0,0.0
scenario_1036,4,12_0901;12_0903;12_0959;12_3811,1537222362.0484238,0.0029344790338786675,0.0,1541733308.840264
scenario_1037,5,42_1605;42_1690;42_A410;42_A411;42_A430,0.0,0.003843989955828575,0.0,0.0
scenario_1038,1,48_4142,0.0,0.00022385142903180721,0.0,0.0
scenario_1039,1,36_0859,0.0,0.0,0.0,0.0
scenario_1040,4,55_0223;55_0224;55_0260;55_0264,0.0,0.001194695725565853,0.0,0.0
scenario_1041,4,5_0113;5_0116;5_0122;5_4046,0.0,0.0,0.0,0.0
scenario_1042,3,4_0113;4_0118;4_0122,123083.52193487372,0.00016598198387274277,0.0,123103.95158202652
scenario_1043,4,22_0704;22_0705;22_0706;22_0708,0.0,0.0035517876404138615,0.0,0.0
scenario_1044,5,42_1606;42_1608;42_1618;42_7025;42_C411,0.0,0.0009624701620376541,0.0,0.0
scenario_1045,2,1_4007;39_0212,85876.1025134335,0.0010368875808512978,0.0,85965.1463776216
scenario_1046,1,51_0119,0.0,0.0003470322247854929,0.0,0.0
scenario_1047,3,27_1018;27_C310;27_C350,0.0,0.0031727328046302627,0.0,0.0
scenario_1048,4,19_A340;28_0506;41_AA59;4_1003,0.0,0.005055639308113702,0.0,0.0
scenario_1049,1,19_0220,0.0,0.0008419126082571671,0.0,0.0
scenario_1050,4,29_AA02;29_AA03;29_AA64;29_AA65,0.0,0.0017817270154807385,0.0,0.0
scenario_1051,2,40_0120;6_0505,0.0,0.000796783578254634,0.0,0.0
scenario_1052,5,12_0105;19_0606;29_A411;48_0119;5_A430,0.0,0.002564276092569706,0.0,0.0
scenario_1053,5,13_0508;13_0562;1_0503;35_0901;6_7455,3428220797.8945,0.007136016768425124,0.02883654407988188,3551542679.1481915
scenario_1054,2,53_0205;53_0212,0.0,0.0008896475610239429,0.0,0.0
scenario_1055,1,12_0105,0.0,0.0005876978506815789,0.0,0.0
scenario_1056,3,46_A430;47_0661;4_0264,0.0,0.0037468680469785465,0.0,0.0
scenario_1057,5,48_2108;48_3010;48_3699;48_7165;48_D410,0.0,0.001266842926103906,0.0,0.0
scenario_1058,4,31_3028;31_7005;31_7040;31_A430,416890.01596518164,0.0011550415321609497,0.0,417371.5412479647
scenario_1059,3,6_0501;6_0559;6_0562,0.0,0.003102220813870793,0.0,0.0
scenario_1060,5,44_7401;9_0903;9_0961;9_0962;9_5001,0.0,0.0022790487259509717,0.0,0.0
scenario_1061,3,29_0663;29_5081;29_5091,0.0,0.0020837013952305083,0.0,0.0
scenario_1062,5,10_0107;26_0218;26_5363;40_A340;42_0661,0.0,0.0028326255443794635,0.0,0.0
scenario_1063,4,20_1005;20_A310;20_A320;20_A340,0.0,0.00013697560902892203,0.0,0.0
scenario_1064,4,17_0602;29_B430;48_L310;6_8202,0.0,0.0019382205168132494,0.0,0.0
scenario_1065,4,1_6012;4_B961;6_0212;6_0502,5783752123.167086,0.004596203362537299,0.04777268203891048,6086640775.295603
scenario_1066,1,12_4099,0.0,0.0,0.0,0.0
scenario_1067,3,4_1018;4_C310;4_C330,0.0,0.0007635383683747277,0.0,0.0
scenario_1068,2,40_B310;40_B350,0.0,0.0001347113195886429,0.0,0.0
scenario_1069,3,36_0801;36_0802;36_0859,0.0,0.0,0.0,0.0
scenario_1070,5,38_0213;38_0218;38_0220;38_0223;38_0262,0.0,0.002772605674574602,0.0,0.0
scenario_1071,4,48_H310;48_H330;48_H340;48_H350,0.0,0.00043129675783970534,0.0,0.0
scenario_1072,4,29_0659;29_0666;29_5091;29_A430,0.0,0.002258096484253902,0.0,0.0
scenario_1073,3,32_A320;32_A351;32_A352,0.0,0.00013919868868150775,0.0,0.0
scenario_1074,1,1_0564,0.0,0.0001138825806941135,0.0,0.0
scenario_1075,5,30_0113;30_0115;30_0117;30_0118;30_0123,0.4196136897139437,0.0007778075274292862,0.0,0.41994006840041553
scenario_1076,3,4_0217;4_0221;4_0263,0.0,0.006928742363368046,0.0,0.0
scenario_1077,1,22_0123,0.0,0.0,0.0,0.0
scenario_1078,4,37_0206;37_0210;37_0259;37_2819,0.0,0.002139797855729042,0.0,0.0
scenario_1079,3,36_A321;36_A330;50_1002,0.0,0.0030309857165258247,0.0,0.0
scenario_1080,4,39_0109;39_0112;39_0205;39_0212,0.0,0.0020397044807417553,0.0,0.0
scenario_1081,2,8_9019;8_9020,0.0,0.0022934145084735347,0.0,0.0
scenario_1082,3,13_0562;47_0607;8_A330,0.0,0.0037280894682363286,0.0,0.0
scenario_1083,4,48_3559;48_I310;48_I320;48_I330,0.0,0.00032378144464451086,0.0,0.0
scenario_1084,4,37_1024;37_1803;37_1814;45_1008,0.0,0.000656216302115542,0.0,0.0
scenario_1085,2,19_3033;19_B430,35367.177668238364,0.0008097100751205399,0.0,35395.81482832492
scenario_1086,2,18_0664;18_0665,0.0,0.0009714596882379745,0.0,0.0
scenario_1087,3,10_1450;6_0209;9_4020,5783000416.804801,0.0030210483360084694,0.04777251755735573,6076739629.537128
scenario_1088,4,21_3016;4_0215;4_1006;4_1018,0.0,0.006474352294868035,0.0,0.0
scenario_1089,2,51_5010;51_A350,415201087.6314664,0.001612451373664614,0.0,415870579.1955648
scenario_1090,1,36_B354,0.0,0.0002069623282919819,0.0,0.0
scenario_1091,2,35_0501;35_0503,9042.798113816803,0.0006980394368248932,0.0,9049.110343519493
scenario_1092,5,32_7084;4_0903;4_A310;4_A320;4_A350,2927339.636921618,0.0014586308234981749,0.0,2931609.5447468804
scenario_1093,2,47_1023;47_C350,0.0,0.0018881566118973403,0.0,0.0
scenario_1094,1,30_0503,0.0,0.0002835796273906732,0.0,0.0
scenario_1095,4,46_A410;46_A411;46_A422;46_A430,0.0,0.000511539963316654,0.0,0.0
scenario_1096,1,19_0606,0.0,0.0006456897082827151,0.0,0.0
scenario_1097,2,28_0903;28_3083,0.0,0.0005666539700218687,0.0,0.0
scenario_1098,3,35_0108;39_3801;4_0261,0.0,0.0031273679033636537,0.0,0.0
scenario_1099,2,40_3018;5_0221,0.0,0.001934038195119614,0.0,0.0
scenario_1100,2,51_0124;5_3059,0.0,0.00034698176640390876,0.0,0.0
scenario_1101,2,13_1001;1_5008,21812111.42332928,0.0029029809710084953,0.0,21875431.567728724
scenario_1102,3,31_0113;31_0123;31_0124,0.0,0.0013975008011559709,0.0,0.0
scenario_1103,3,40_1015;40_B310;40_B320,0.0,0.00022604516630342353,0.0,0.0
scenario_1104,1,35_0902,3106535151.8762164,0.0006130795555382429,0.02883654407988188,3198021442.9091735
scenario_1105,1,48_9167,0.0,0.0016062254149454835,0.0,0.0
scenario_1106,2,29_5081;39_0159,0.0,0.0013329534136252708,0.0,0.0
scenario_1107,2,13_3019;36_0859,0.0,0.001222219463186347,0.0,0.0
scenario_1108,6,19_0216;27_3005;31_7050;48_K310;4_0601;5_0219,0.0,0.004719190025436859,0.0,0.0
scenario_1109,5,27_A340;27_A350;27_B310;27_B320;27_B340,10202.673522001836,0.0006923793947001267,0.0,10209.737642919321
scenario_1110,2,12_AA01;12_AA02,0.0,7.139897896701886e-05,0.0,0.0
scenario_1111,4,48_E310;48_E330;48_Q330;48_Q340,0.0,0.00028963054430053425,0.0,0.0
scenario_1112,4,17_0603;28_3099;30_7066;4_0260,0.0,0.0033267569767158056,0.0,0.0
scenario_1113,4,12_9054;12_A320;12_A321;12_A352,0.0,0.0006741405249577337,0.0,0.0
scenario_1114,5,38_0221;4_7079;6_A421;8_0219;8_A412,0.0,0.0015905443663097873,0.0,0.0
scenario_1115,4,18_0666;18_6012;32_A461;6_7491,19754614541.061684,0.004388621547275706,0.1797572092426226,23392344447.65969
scenario_1116,4,48_1183;48_3865;48_Q320;48_Q353,0.0,0.00024300348546724138,0.0,0.0
scenario_1117,4,6_0559;6_0561;6_0568;6_0569,0.0,0.005355403747653309,0.0,0.0
scenario_1118,1,24_A331,0.0,0.0,0.0,0.0
scenario_1119,5,17_5151;48_3729;4_0220;4_0606;6_0659,223443.91520862404,0.006612317018236835,0.0,224921.3972117795
scenario_1120,3,20_0208;34_0505;6_0201,5474451990.331635,0.0028452731425944178,0.04522270295835309,5737597817.7686825
scenario_1121,4,12_0107;13_0564;4_1021;6_B423,0.0,0.004497000268315898,0.0,0.0
scenario_1122,1,48_0001,0.0,0.0,0.0,0.0
scenario_1123,2,54_1640;54_4003,404221099.68718874,0.00038745322397981674,0.0,404377716.45546323
scenario_1124,1,16_1005,2927339.636921618,3.065032701610182e-05,0.0,2927429.3608387765
scenario_1125,3,6_A311;6_A352;6_A363,0.0,0.0,0.0,0.0
scenario_1126,2,39_0208;39_0263,0.0,0.0013011956502378963,0.0,0.0
scenario_1127,3,35_0903;4_0663;53_6049,4781017968.217176,0.002158476208919291,0.04265169841338742,4995256218.245374
scenario_1128,2,49_E410;49_E440,0.0,0.0002635986924975908,0.0,0.0
scenario_1129,2,40_0501;40_0508,0.0,0.0002384538587342222,0.0,0.0
scenario_1130,6,13_0564;13_3019;32_0205;42_0606;53_0203;6_3019,0.0,0.006672640337717306,0.0,0.0
scenario_1131,3,23_0504;23_3013;23_3014,0.0,0.0007732247128471315,0.0,0.0
scenario_1132,4,49_E410;49_E430;49_E431;49_E451,0.0,0.0005271973849952927,0.0,0.0
scenario_1133,4,17_0602;17_0605;17_0661;17_0662,3.234135413346873,0.004208582760190427,0.0,3.2477465398916063
scenario_1134,2,4_0260;4_1006,0.0,0.003473160514767537,0.0,0.0
scenario_1135,3,26_0902;29_7054;36_A340,0.0,0.0019629796253635146,0.0,0.0
scenario_1136,5,29_0705;29_0706;29_0707;29_0708;29_5047,0.0,0.0014601113384126174,0.0,0.0
scenario_1137,2,40_0604;42_1627,0.0,0.0014798597052424478,0.0,0.0
scenario_1138,5,17_5849;18_0901;18_0902;18_0904;18_3002,59240806.008206904,0.005625648346742507,0.0,59574073.95058667
scenario_1139,5,49_D441;49_D444;49_D445;49_D449;49_D451,0.0,0.0010111394402644303,0.0,0.0
scenario_1140,2,20_0903;30_0902,0.0,0.0003996020503921338,0.0,0.0
scenario_1141,4,27_C310;46_0804;55_6353;6_0202,5783011445.122466,0.0025946265217587916,0.04777206523016006,6074282599.976768
scenario_1142,2,37_0801;37_0859,0.0,0.0,0.0,0.0
scenario_1143,5,37_5827;51_0120;51_0123;51_0124;51_0159,727765513.861443,0.0016285376477753744,0.0,728950707.399519
scenario_1144,3,17_0601;18_1037;4_A441,452173407.3121982,0.0008706609181248215,0.0,452567097.0261603
scenario_1145,2,29_0504;29_0901,0.0,0.00028475751857681697,0.0,0.0
scenario_1146,3,35_AA01;4_0214;8_A446,6065793621.476363,0.004178812492665829,0.05641702136225084,6433355443.961558
scenario_1147,1,50_1682,0.0,0.00015846145565368008,0.0,0.0
scenario_1148,3,31_0116;31_0121;31_0122,0.0,0.0002805221201238606,0.0,0.0
scenario_1149,4,48_1047;48_5323;48_5335;48_6079,130027160.00357735,0.003371060409077642,0.0,130465489.41477023
scenario_1150,3,29_0665;29_5081;29_5091,0.0,0.0020836916598685473,0.0,0.0
scenario_1151,2,32_AA02;4_0263,0.0,0.0029777471689017565,0.0,0.0
scenario_1152,1,22_0709,0.0,0.0008879988969366925,0.0,0.0
scenario_1153,5,47_0601;47_0604;47_0605;47_0606;47_0607,0.0,0.012452839152387929,0.0,0.0
scenario_1154,3,42_1617;42_3044;48_F330,0.0,0.0033295474819439175,0.0,0.0
scenario_1155,3,6_0501;6_0505;6_0507,0.0,0.0021000022853969735,0.0,0.0
scenario_1156,4,5_0214;5_0216;5_0219;5_0224,0.0,0.006040913825531402,0.0,0.0
scenario_1157,3,12_0506;28_0504;55_3014,0.0,0.0013201488034917386,0.0,0.0
scenario_1158,5,48_N330;5_0223;6_0211;6_7456;6_B423,23920327513.44196,0.005704715784721981,0.19300785089301473,28673597189.41009
scenario_1159,4,12_4101;12_4135;12_4136;12_4137,0.0,0.008532842509843097,0.0,0.0
scenario_1160,2,37_1040;48_1093,0.0,0.0004906035221120542,0.0,0.0
scenario_1161,5,10_0110;12_0103;18_0905;19_0706;22_0705,59240806.008206904,0.0036997802329313823,0.0,59459983.97125898
scenario_1162,4,12_C310;12_C320;12_C330;12_C350,0.0,0.00015965207095802736,0.0,0.0
scenario_1163,3,9_0901;9_0961;9_5001,0.0,0.001450082455227708,0.0,0.0
scenario_1164,3,55_A901;55_B902;55_B907,0.0,0.002929827215050529,0.0,0.0
scenario_1165,2,32_AA02;53_3019,589004005.8461477,0.0015530707374652453,0.004858788795991513,592780616.7962765
scenario_1166,3,6_0605;6_3042;6_B421,43275166979.20626,0.014009309836690576,0.3379059001542035,58504356454.08464
scenario_1167,3,6_0504;6_0507;6_0508,0.0,0.002099871442131418,0.0,0.0
scenario_1168,3,26_0223;4_0216;4_AA03,0.0,0.0046152132924225375,0.0,0.0
scenario_1169,1,31_A310,0.0,3.4759594118805026e-05,0.0,0.0
scenario_1170,3,1_0503;1_0508;1_C340,0.0,0.0006754649236069277,0.0,0.0
scenario_1171,3,6_0606;6_0607;6_B412,0.0,0.002527619403026038,0.0,0.0
scenario_1172,2,12_3995;12_4106,0.0,0.0008771123867696851,0.0,0.0
scenario_1173,5,13_3016;18_0666;20_A430;23_3013;5_A310,8706352.442826482,0.002682332855760361,0.0,8729705.778037705
scenario_1174,2,6_A350;6_A351,0.0,0.0,0.0,0.0
scenario_1175,2,8_0214;8_0216,0.0,0.0011830489809789846,0.0,0.0
scenario_1176,3,20_0206;48_1046;48_G350,0.0,0.0015084693056719445,0.0,0.0
scenario_1177,4,40_1015;40_A410;40_A420;40_B330,0.0,0.0003073170003961012,0.0,0.0
scenario_1178,3,29_0665;4_0217;6_A805,0.0,0.0029779264845348763,0.0,0.0
scenario_1179,6,13_0502;19_9126;32_A351;40_4166;46_A411;4_0222,0.0,0.007140555374728019,0.0,0.0
scenario_1180,5,24_1634;24_A310;24_A320;24_A331;24_A350,0.0,0.0,0.0,0.0
scenario_1181,1,26_5363,0.0,0.0004319424362551061,0.0,0.0
scenario_1182,3,21_A410;28_3081;6_0203,5783724169.043735,0.0039053110735918217,0.04777268203891048,6082615426.816189
scenario_1183,2,21_B310;21_B320,0.0,0.0,0.0,0.0
scenario_1184,1,10_4002,415201087.6314664,5.7038337303416675e-05,0.0,415224770.0111515
scenario_1185,1,24_0501,0.0,0.00023342645937496354,0.0,0.0
scenario_1186,2,12_B321;18_5518,0.0,0.0015743774826350032,0.0,0.0
scenario_1187,2,48_1113;48_1116,0.0,0.00035493851672452337,0.0,0.0
scenario_1188,4,47_C330;49_E441;55_0907;6_B453,422744.7141297902,0.003013511664476609,0.0,424018.6602569162
scenario_1189,3,34_0507;6_0201;8_B330,5474451990.331635,0.002216614447423604,0.04522270295835309,5734156255.923664
scenario_1190,5,18_2009;18_4021;18_A903;18_A959;18_A961,0.0,0.005486858358293767,0.0,0.0
scenario_1191,3,34_0901;34_4042;53_0210,415201087.6314664,0.0017274091277401649,0.0,415918309.7800886
scenario_1192,1,31_0903,0.0,9.3541544495368e-05,0.0,0.0
scenario_1193,5,12_0109;32_A461;42_1627;48_5284;4_0214,0.0,0.0045104991772044745,0.0,0.0
scenario_1194,3,12_AA61;39_0901;4_6060,0.0,0.0010473791806315802,0.0,0.0
scenario_1195,2,48_0901;48_0903,0.0,0.0015310778147742399,0.0,0.0
scenario_1196,1,4_C350,0.0,0.00011550422915196368,0.0,0.0
scenario_1197,6,20_0201;27_0502;29_0759;37_3807;47_6015;8_A451,0.0,0.00319733589079374,0.0,0.0
scenario_1198,3,26_0901;26_1013;26_A350,0.0,0.0011642521873743705,0.0,0.0
scenario_1199,1,41_AA02,0.0,0.0001858373520665646,0.0,0.0
scenario_1200,6,22_0706;37_3008;41_5008;49_E459;4_0660;5_3071,12464888060.351696,0.004645279740028152,0.09309677900637059,13683231881.413874
scenario_1201,1,21_A410,0.0,0.0014287448489602728,0.0,0.0
scenario_1202,4,19_0109;4_0263;4_0265;6_A411,0.0,0.004681448364368013,0.0,0.0
scenario_1203,2,40_4157;49_D444,0.0,0.0008828102936270232,0.0,0.0
scenario_1204,2,18_0601;18_5538,0.0,0.00046785730631393463,0.0,0.0
scenario_1205,1,48_A504,0.0,0.0002158276994206343,0.0,0.0
scenario_1206,6,1_0601;26_5363;36_A340;42_0607;48_N320;4_1003,11770405.202746414,0.006703961324087571,0.0,11849313.543994464
scenario_1207,2,35_2006;35_2007,0.0,0.00028071789825412363,0.0,0.0
scenario_1208,4,37_0201;37_0206;37_0209;37_0211,0.0,0.0021439295531058278,0.0,0.0
scenario_1209,1,48_3569,0.0,0.0018588596949093983,0.0,0.0
scenario_1210,3,31_3028;31_A410;31_A430,0.0,0.0004141167158060455,0.0,0.0
scenario_1211,4,31_7050;37_2824;48_5154;6_0204,5474619969.057169,0.0046091612948871985,0.04522590735938816,5747448031.071199
scenario_1212,5,10_1450;1_0101;4_AA59;4_BA03;5_4046,0.0,0.004323273403426309,0.0,0.0
scenario_1213,5,40_0113;40_0124;40_0504;40_0505;40_0509,0.0,0.000604086952963323,0.0,0.0
scenario_1214,6,13_0565;29_B351;47_0662;48_F330;6_0604;8_0219,2675577.8075497644,0.005597866904353821,0.0,2690555.336008671
scenario_1215,4,17_1003;17_4082;17_A310;17_A320,415869959.80339104,0.0009294582601088175,0.0,416256493.5726614
scenario_1216,4,47_0602;47_0604;47_0608;47_0662,0.0,0.007303535928846361,0.0,0.0
scenario_1217,3,31_B410;6_0209;6_B443,5783000416.804801,0.0034303556592530926,0.04777251755735573,6079106653.958053
scenario_1218,3,20_4052;6_0660;6_7456,19598853416.351738,0.00299997694321541,0.15655067794734354,22725863314.034725
scenario_1219,5,4_0603;4_0606;4_0607;4_0661;4_0662,0.0,0.003832534827747369,0.0,0.0
scenario_1220,1,54_5007,0.0,0.0002558500842171352,0.0,0.0
scenario_1221,6,12_A310;13_0564;29_0660;55_0219;55_A901;55_A909,0.0,0.00556186345223586,0.0,0.0
scenario_1222,6,31_B430;38_0218;39_7021;47_3108;6_A310;8_A452,0.0,0.007464402029816908,0.0,0.0
scenario_1223,4,26_0902;27_2023;28_9030;6_0204,6544557991.553034,0.0066231881644438495,0.06211611070603913,6994426319.309606
scenario_1224,4,29_5503;29_B410;29_B411;29_B430,0.0,0.001608462494048668,0.0,0.0
scenario_1225,1,55_0265,0.0,0.00029867304060582356,0.0,0.0
scenario_1226,2,12_4057;12_4136,0.0,0.0023079651168438353,0.0,0.0
scenario_1227,3,10_0201;35_0902;4_0509,3106535151.8762164,0.001287199198144351,0.02883654407988188,3200115619.2754993
scenario_1228,2,17_0606;51_A350,0.8072175728604829,0.0015106831269953158,0.0,0.8084370228276173
scenario_1229,4,10_0101;10_0103;10_0108;10_0159,0.0,0.0007132452934714983,0.0,0.0
scenario_1230,1,48_5278,0.0,0.00012619809597513854,0.0,0.0
scenario_1231,1,39_0259,0.0,0.0003502003062939574,0.0,0.0
scenario_1232,2,12_0106;30_7075,0.0,0.0011401846103601398,0.0,0.0
scenario_1233,3,5_0116;5_0119;5_0120,0.0,0.0,0.0,0.0
scenario_1234,4,30_0117;30_0124;30_0902;30_0903,0.0,0.0006178432531466216,0.0,0.0
scenario_1235,1,6_8150,0.0,0.001139187397757646,0.0,0.0
scenario_1236,4,49_D448;49_D452;49_D455;49_D461,0.0,0.0008647331345336129,0.0,0.0
scenario_1237,3,31_C410;46_6600;46_A412,0.0,0.0005805227136362889,0.0,0.0
scenario_1238,5,13_0508;23_1009;29_A351;39_3801;55_B901,0.0,0.004982300207203472,0.0,0.0
scenario_1239,5,21_B310;21_B320;21_B330;21_B340;21_B350,0.0,0.0,0.0,0.0
scenario_1240,4,27_0707;27_0759;27_1020;27_3007,0.0,0.002594965828331408,0.0,0.0
scenario_1241,6,1_0507;29_0902;34_1638;39_3801;55_0223;5_0221,0.0,0.0037380584302681985,0.0,0.0
scenario_1242,3,55_0114;55_0221;55_0262,0.0,0.000818879676312334,0.0,0.0
scenario_1243,5,16_B330;28_5803;4_0217;6_B443;8_A340,22653.61554500069,0.004071012010134711,0.0,22745.838685957366
scenario_1244,6,19_0223;48_1039;48_F320;4_0503;6_2041;8_A441,0.0,0.0019120155104304093,0.0,0.0
scenario_1245,5,29_0702;29_0704;29_0708;29_0709;29_0759,0.0,0.0015558325428459696,0.0,0.0
scenario_1246,4,32_0105;48_0902;51_2004;8_0217,0.0,0.0019337923285518421,0.0,0.0
scenario_1247,6,18_0902;26_0223;36_B351;48_0902;49_C445;4_BA03,0.0,0.004907590191087885,0.0,0.0
scenario_1248,5,49_D444;49_D446;49_D448;49_D449;49_D450,0.0,0.0010111394402644303,0.0,0.0
scenario_1249,1,4_0501,0.0,0.00028360715899444777,0.0,0.0
scenario_1250,3,39_0261;39_0262;39_0903,0.0,0.001805863596740953,0.0,0.0
scenario_1251,4,29_A310;29_AA02;29_AA03;29_AA67,0.0,0.0015500367897745004,0.0,0.0
scenario_1252,4,18_A960;4_A449;51_5009;5_0113,0.0,0.0018284665664222155,0.0,0.0
scenario_1253,3,12_0103;12_0108;12_4135,0.0,0.007968110436579079,0.0,0.0
scenario_1254,5,32_B340;37_1801;4_1016;6_2053;6_A412,0.0,0.003097342811499093,0.0,0.0
scenario_1255,2,12_3804;12_4057,0.0,0.002811757513563884,0.0,0.0
scenario_1256,2,24_1634;24_A350,0.0,0.0,0.0,0.0
scenario_1257,2,10_0101;10_0102,0.0,0.00035666209442253294,0.0,0.0
scenario_1258,2,29_0506;6_0560,0.0,0.0011875119193339723,0.0,0.0
scenario_1259,2,35_0503;35_0505,1159528337.2768788,0.0010585405154944771,0.010720071605975375,1173185971.8055162
scenario_1260,1,4_AA59,0.0,0.0017682308831120652,0.0,0.0
scenario_1261,5,13_4113;31_0114;42_9027;4_0222;6_0203,5783724169.043735,0.007369059372210773,0.04777268203891048,6102648791.566397
scenario_1262,3,27_D310;4_0660;53_7322,2927339.636921618,0.0009636640873651459,0.0,2930160.60900124
scenario_1263,4,35_0104;35_0105;35_0111;35_0112,0.0,0.002307856158672128,0.0,0.0
scenario_1264,1,8_A412,0.0,0.00022086697492507135,0.0,0.0
scenario_1265,4,12_4099;38_0214;48_0117;8_A431,0.0,0.0013850093134187835,0.0,0.0
scenario_1266,2,49_D445;49_D459,0.0,0.00040779838582560846,0.0,0.0
scenario_1267,3,1_0504;1_0507;1_0564,0.0,0.0005987941968415011,0.0,0.0
scenario_1268,4,6_0203;6_0207;6_0209;6_0210,23133298180.174408,0.008278954704665442,0.19108834315055115,27745321328.834778
scenario_1269,5,4_A444;4_A448;4_A454;4_A455;4_A459,0.0,0.0,0.0,0.0
scenario_1270,4,26_0114;27_4082;4_C350;6_9048,0.0,0.0010062914992723382,0.0,0.0
scenario_1271,4,27_0501;27_0505;27_0509;27_B350,0.0,0.0004351549110144237,0.0,0.0
scenario_1272,1,47_1029,11770405.202746414,0.0006991751544228597,0.0,11778634.777621664
scenario_1273,5,17_A310;26_0603;42_0608;48_0120;48_5335,130327141.36682764,0.0032089409884985542,0.0,130745353.47267349
scenario_1274,2,19_0702;19_0704,0.0,0.0009989848277506264,0.0,0.0
scenario_1275,5,1_0103;1_0105;1_0106;1_0107;1_0110,0.0,0.004431667547221796,0.0,0.0
scenario_1276,2,48_3003;48_5284,0.0,0.000544044682090461,0.0,0.0
scenario_1277,4,1_4127;28_3019;28_3081;28_5006,0.0,0.0011683698560944755,0.0,0.0
scenario_1278,3,20_0101;20_0102;20_0901,0.0,0.000532189113988113,0.0,0.0
scenario_1279,6,17_5849;42_1618;47_0661;48_4143;4_0262;4_B960,59240806.008206904,0.005623165225834836,0.0,59573926.84850267
scenario_1280,4,13_0566;29_B410;38_0221;55_B908,0.0,0.004386903242821871,0.0,0.0
scenario_1281,1,26_0607,0.0,0.00026221162732309455,0.0,0.0
scenario_1282,4,37_0202;37_0205;37_0210;37_0212,0.0,0.0021439581555994236,0.0,0.0
scenario_1283,2,38_0215;38_0224,0.0,0.001109095004338867,0.0,0.0
scenario_1284,5,40_0503;48_9355;49_3015;4_0264;6_0568,0.0,0.007026433021649514,0.0,0.0
scenario_1285,5,32_A310;34_0503;48_1069;51_2564;6_B430,6119886.6943280995,0.0022701771847494223,0.0,6133779.921474814
scenario_1286,5,6_9048;6_A420;6_A421;6_A423;6_A442,0.0,0.004975411208009262,0.0,0.0
scenario_1287,4,47_3075;47_3101;47_9025;47_B310,0.0,0.00014803590514322895,0.0,0.0
scenario_1288,6,17_0603;17_4082;18_A961;34_0962;39_0159;8_0502,0.0,0.0037940977733978976,0.0,0.0
scenario_1289,6,27_7090;37_5826;40_4166;42_1627;56_6032;6_3024,737464658.1073169,0.005163311594145736,0.0,741272417.926795
scenario_1290,1,42_3044,0.0,0.0019176673563768842,0.0,0.0
scenario_1291,5,17_0606;23_7023;36_A330;4_0214;56_3027,94619050.9187674,0.004560470972104103,0.0,95050558.35389048
scenario_1292,2,36_B331;36_B340,0.0,3.6367924601377055e-05,0.0,0.0
scenario_1293,5,4_0601;4_0603;4_0608;4_0662;4_B330,0.0,0.0035474950990140863,0.0,0.0
scenario_1294,5,8_A410;8_A411;8_A430;8_A451;8_A452,0.0,0.0037663631513549234,0.0,0.0
scenario_1295,3,22_0702;42_0604;48_0165,0.0,0.0025158622053910173,0.0,0.0
scenario_1296,4,22_0114;22_0116;22_0120;22_0123,0.0,0.0,0.0,0.0
scenario_1297,4,37_1028;37_1030;51_2564;51_5008,1537222362.0484238,0.0017917022665564497,0.0,1539976606.838707
scenario_1298,2,51_1464;51_2564,1537222362.0484238,0.0017057058904814681,0.0,1539844411.2863495
scenario_1299,3,48_1096;48_K310;48_K340,0.0,0.0003242273436958598,0.0,0.0
scenario_1300,1,45_1025,0.0,2.7547014871065478e-05,0.0,0.0
scenario_1301,4,48_3579;48_F310;48_F340;48_F350,0.0,0.0003720229088264304,0.0,0.0
scenario_1302,1,4_0508,0.0,0.00038413457536212725,0.0,0.0
scenario_1303,2,49_3011;49_C453,72254773.2777693,0.0009053837213139904,0.0,72320191.57328223
scenario_1304,2,32_A310;32_A350,0.0,0.00011630906126558482,0.0,0.0
scenario_1305,5,17_B340;18_A961;35_6401;4_A457;55_B901,0.0,0.0033369290378700844,0.0,0.0
scenario_1306,6,21_B330;36_4018;48_4143;4_AA01;53_0203;8_0508,0.0,0.0027270284771813147,0.0,0.0
scenario_1307,5,10_0101;10_0108;10_0201;10_0206;10_0260,0.0,0.0012267495997245748,0.0,0.0
scenario_1308,3,19_0707;19_0759;19_5046,29093868.761183422,0.001500525172380418,0.0,29137524.843621507
scenario_1309,5,36_1643;36_A321;36_A331;36_A340;36_A350,0.0,0.0010755704674518807,0.0,0.0
scenario_1310,6,13_4093;39_9006;40_AA01;42_0602;4_AA01;8_7035,0.0,0.00682760127269344,0.0,0.0
scenario_1311,2,6_8534;6_A421,0.0,0.00044603434533618813,0.0,0.0
scenario_1312,1,29_AA01,0.0,0.0004454293200296666,0.0,0.0
scenario_1313,4,5_0214;5_0215;5_0216;5_0217,0.0,0.006040913825531402,0.0,0.0
scenario_1314,2,30_0121;30_0903,0.0,0.00029515239296173945,0.0,0.0
scenario_1315,6,31_0124;40_0608;42_3044;4_1003;5_0218;6_0210,5812218463.297923,0.01171738230994157,0.04777173626223678,6157982216.628457
scenario_1316,1,47_0608,0.0,0.0013396713293933882,0.0,0.0
scenario_1317,5,55_0215;55_0216;55_0221;55_0259;55_0260,0.0,0.001493361639886781,0.0,0.0
scenario_1318,2,29_1008;49_D443,0.0,0.0003360781501329235,0.0,0.0
scenario_1319,2,49_E448;49_E456,0.0,0.00026238793734834065,0.0,0.0
scenario_1320,2,28_0505;48_E430,0.0,0.0005936626777851561,0.0,0.0
scenario_1321,6,38_0261;49_1004;49_D448;51_0123;53_C320;55_3009,0.0,0.015106175761428142,0.0,0.0
scenario_1322,4,35_2118;35_6035;35_AA01;35_AA03,13805316959.6358,0.004306860069828389,0.1277665138233147,15628631748.159126
scenario_1323,3,55_0902;55_0907;55_0908,0.0,0.005600348039247582,0.0,0.0
scenario_1324,1,28_3097,0.0,0.000385644004301966,0.0,0.0
scenario_1325,4,28_4024;28_A410;28_A430;5_2042,0.0,0.00020407385611598272,0.0,0.0
scenario_1326,2,39_0101;39_0903,0.0,0.000989854119330169,0.0,0.0
scenario_1327,6,10_0206;20_0103;30_0505;32_7000;46_A430;48_5310,216636.9040830649,0.001895671551303324,0.0,217047.57649909757
scenario_1328,5,16_1009;17_0663;1_A350;40_AA63;55_0909,12551145343.566837,0.004972546610083839,0.09309677900637059,13782027703.124538
scenario_1329,3,49_1007;6_B423;8_0259,0.0,0.0010017674000384336,0.0,0.0
scenario_1330,2,29_A601;29_A608,0.0,0.000723064359993697,0.0,0.0
scenario_1331,3,6_0662;6_B413;6_B442,0.0,0.0013044090672449382,0.0,0.0
scenario_1332,4,37_0203;37_0259;37_1817;37_5826,55460090.45628663,0.003364328922074389,0.0,55646676.442629576
scenario_1333,5,19_0213;19_0215;19_0216;19_0219;19_0220,0.0,0.004209563041286168,0.0,0.0
scenario_1334,4,1_0605;26_4015;48_H340;6_7491,19754614541.061684,0.004188395474691631,0.1797572092426226,23388389058.774723
scenario_1335,2,4_0223;4_0260,0.0,0.004005297447215228,0.0,0.0
scenario_1336,5,19_0101;19_0105;19_0106;19_0109;19_0159,0.0,0.0,0.0,0.0
scenario_1337,3,18_4042;18_A310;18_A410,0.0,0.0008379880307075593,0.0,0.0
scenario_1338,1,46_7049,0.0,8.80839492236607e-05,0.0,0.0
scenario_1339,5,49_3010;49_C410;49_C448;49_C451;49_C452,97024254.60572098,0.0013801116794976975,0.0,97158158.91269691
scenario_1340,2,39_0262;39_0263,0.0,0.0012161043318285047,0.0,0.0
scenario_1341,4,29_A601;29_A603;29_A605;29_A606,0.0,0.000723064359993697,0.0,0.0
scenario_1342,1,27_B330,0.0,0.00010270203338813566,0.0,0.0
scenario_1343,4,1_0504;1_4155;1_C320;1_C340,0.0,0.0008663205237924299,0.0,0.0
scenario_1344,2,18_A960;18_A961,0.0,0.00345041684963443,0.0,0.0
scenario_1345,2,26_1012;55_0903,0.0,0.0020744111534326537,0.0,0.0
scenario_1346,5,1_0507;1_0508;1_0509;1_0563;1_4155,0.0,0.0012125441488790578,0.0,0.0
scenario_1347,3,29_5058;54_5007;55_6354,0.0,0.0014244863484932369,0.0,0.0
scenario_1348,3,12_0901;38_0214;40_B360,0.0,0.001272581260010175,0.0,0.0
scenario_1349,2,12_3997;12_B310,0.0,0.00034048089079685706,0.0,0.0
scenario_1350,4,12_1370;4_0505;6_2051;6_8150,731248872.9517004,0.00202000097446009,0.0,732725996.3876356
scenario_1351,2,48_0902;48_1094,0.0,0.0009141721743437525,0.0,0.0
scenario_1352,2,40_1017;42_0602,0.0,0.002124664385472652,0.0,0.0
scenario_1353,4,17_0601;17_0603;17_0608;17_0659,452173407.3121982,0.0027874758656739607,0.0,453433829.77218056
scenario_1354,3,23_1009;23_1026;23_3013,0.0,0.0006371714222808134,0.0,0.0
scenario_1355,5,27_0503;39_0103;45_1011;54_7008;5_A430,490065583.6334031,0.0014959703664351176,0.0,490798707.22412837
scenario_1356,5,29_0601;29_0602;29_0604;29_0606;29_0664,0.0,0.003246260967906145,0.0,0.0
scenario_1357,2,31_0115;31_0118,0.0,0.00018698846127174207,0.0,0.0
scenario_1358,4,42_0602;42_0604;42_0607;42_0608,0.0,0.005102700353888712,0.0,0.0
scenario_1359,3,1_0606;1_0662;1_3028,11981560.117445268,0.0018296851514216783,0.0,12003482.600083023
scenario_1360,1,37_1352,0.0,0.00012402095749586284,0.0,0.0
scenario_1361,5,12_0103;38_0223;40_4166;4_A320;6_8150,0.0,0.0033797431448149284,0.0,0.0
scenario_1362,2,26_0222;31_0119,0.0,0.0009046440100334285,0.0,0.0
scenario_1363,1,21_A430,0.0,0.0014287448489602728,0.0,0.0
scenario_1364,2,39_4031;39_9022,0.0,0.007249205743516729,0.0,0.0
scenario_1365,3,30_6004;47_C350;6_0811,0.0,0.0008446920249078893,0.0,0.0
scenario_1366,3,55_0219;55_0261;55_0266,0.0,0.000896029811245036,0.0,0.0
scenario_1367,5,4_1015;4_1016;4_1017;4_C350;4_D310,0.0,0.0029330187587817136,0.0,0.0
scenario_1368,4,9_0902;9_0903;9_1803;9_4008,0.0,0.001992303577451948,0.0,0.0
scenario_1369,2,48_1070;48_F330,0.0,0.0002711937935897524,0.0,0.0
scenario_1370,5,49_C445;49_C448;49_C449;49_C450;49_C458,72254773.2777693,0.0010688137875037862,0.0,72332000.17566153
scenario_1371,4,29_A410;31_3024;36_1011;8_A446,0.0,0.0032454470520993928,0.0,0.0
scenario_1372,4,34_0501;34_1031;34_1034;34_4042,415201087.6314664,0.00258047087702562,0.0,416272501.9462088
scenario_1373,1,40_AA01,0.0,7.117961264213601e-05,0.0,0.0
scenario_1374,2,37_1802;4_0268,0.0,0.002449115599579943,0.0,0.0
scenario_1375,3,32_A455;32_A463;32_B320,0.0,0.0005733910679025511,0.0,0.0
scenario_1376,1,4_0659,0.0,0.000927031481497198,0.0,0.0
scenario_1377,3,32_3010;32_A459;32_A461,0.0,0.0006301854499630721,0.0,0.0
scenario_1378,5,13_0562;19_B430;20_0207;27_3007;40_1015,35367.177668238364,0.004879808292133858,0.0,35539.76271509321
scenario_1379,4,19_0213;19_0215;19_0217;19_0219,0.0,0.0031775556027083818,0.0,0.0
scenario_1380,1,51_1002,0.0,0.0007408742312734473,0.0,0.0
scenario_1381,4,29_0704;29_0705;29_0707;29_0708,0.0,0.0010786613670105138,0.0,0.0
scenario_1382,2,8_6002;8_7780,0.0,0.0029760798129194743,0.0,0.0
scenario_1383,5,6_0201;6_0202;6_0208;6_0812;6_7454,17408949705.327095,0.006043225555390608,0.14076749134772384,19964770092.09643
scenario_1384,6,28_0507;48_1056;4_0607;55_0908;55_0909;9_4020,311706533.41960955,0.0051157457836992215,0.0,313301144.8037024
scenario_1385,3,55_A902;55_A908;55_B902,0.0,0.002983192779942967,0.0,0.0
scenario_1386,3,12_0105;12_0106;12_0110,0.0,0.0017627822151675687,0.0,0.0
scenario_1387,6,40_4157;42_9027;51_5010;5_0118;5_3073;6_0506,432622633.73494077,0.005502293511922107,0.0,435003050.44565123
scenario_1388,5,27_0709;28_5805;32_7000;49_D460;8_0509,1537222362.0484238,0.001641202768568717,0.0,1539745255.6449234
scenario_1389,5,13_0502;37_0204;47_0608;6_0206;8_0217,5783341267.217601,0.006967806155743106,0.04777206523016006,6099920624.365878
scenario_1390,4,13_4118;40_AA63;4_0602;8_9020,0.0,0.0038654387829344383,0.0,0.0
scenario_1391,4,41_AA01;41_AA03;41_AA59;41_AA60,35568159.13344246,0.0007434370265242407,0.0,35594601.81990757
scenario_1392,1,24_0509,0.0,0.0001708652414621481,0.0,0.0
scenario_1393,4,18_0603;20_0901;55_B901;6_0567,0.0,0.003097162324096292,0.0,0.0
scenario_1394,2,35_0801;35_0802,0.0,9.73536140591591e-10,0.0,0.0
scenario_1395,4,48_1096;48_4143;48_B420;48_B430,0.0,0.0006114696576624556,0.0,0.0
scenario_1396,6,13_0507;16_9034;29_AA63;4_0213;4_0265;6_0210,5783124594.536739,0.009766783290489522,0.04777173626223678,6115877022.095344
scenario_1397,1,36_B320,0.0,1.818228781846898e-05,0.0,0.0
scenario_1398,1,56_3027,94619050.11154982,0.0007363886536279063,0.0,94688726.50646901
scenario_1399,3,4_0664;4_0665;4_0669,0.0,0.002523954482095081,0.0,0.0
scenario_1400,3,8_A443;8_A444;8_A446,0.0,0.0006664757839845992,0.0,0.0
scenario_1401,2,31_0117;31_0124,0.0,0.0013975008011559709,0.0,0.0
scenario_1402,5,1_0601;1_0605;1_0606;1_0662;1_0663,11770405.202746414,0.0029177700099698445,0.0,11804748.53805218
scenario_1403,4,13_0502;19_0707;42_0603;6_7493,17297273302.411213,0.005630224930692762,0.15204096712481288,20024555003.31226
scenario_1404,2,42_3044;42_9027,0.0,0.003966867358760062,0.0,0.0
scenario_1405,2,53_0205;53_0211,0.0,0.000889667031747976,0.0,0.0
scenario_1406,1,40_0113,0.0,0.0001290397118538511,0.0,0.0
scenario_1407,2,28_5006;49_E458,0.0,0.0006502028955556183,0.0,0.0
scenario_1408,6,19_0608;19_A320;26_0608;28_3099;4_0217;4_0504,0.0,0.004286455559069147,0.0,0.0
scenario_1409,2,55_3009;55_3010,0.0,0.013891725649972542,0.0,0.0
scenario_1410,5,29_0701;29_0703;29_0704;29_0705;29_5047,0.0,0.0017921206729452077,0.0,0.0
scenario_1411,4,10_0104;10_0204;10_0259;10_0260,0.0,0.0010486460192468128,0.0,0.0
scenario_1412,2,56_2017;56_2019,0.0,0.0,0.0,0.0
scenario_1413,4,53_0205;53_0207;53_0209;53_0210,0.0,0.0017791296208936602,0.0,0.0
scenario_1414,4,29_A320;29_AA02;29_AA03;29_AA64,0.0,0.0015500719636375448,0.0,0.0
scenario_1415,4,12_4059;12_4101;12_4154;12_C330,0.0,0.0001879050748121447,0.0,0.0
scenario_1416,3,1_3998;1_5008;1_6012,882260.0892380229,0.004606525698739872,0.0,886324.2430120705
scenario_1417,4,26_A340;29_1002;32_0206;4_0266,0.0,0.0028574256489737326,0.0,0.0
scenario_1418,2,1_4126;1_6019,59240806.008206904,0.0014065127478951611,0.0,59324128.95705303
scenario_1419,1,48_J351,0.0,5.445221626565466e-05,0.0,0.0
scenario_1420,1,56_2015,0.0,0.0024664851599061066,0.0,0.0
scenario_1421,3,47_0602;47_0607;47_0608,0.0,0.005753364187483512,0.0,0.0
scenario_1422,2,23_0501;23_1001,0.0,0.00034987523282070665,0.0,0.0
scenario_1423,4,26_0114;26_0117;26_0119;26_0120,0.0,0.0012401394414105482,0.0,0.0
scenario_1424,3,27_0561;27_B310;27_B340,10202.673522001836,0.0003162216926517747,0.0,10205.899828692538
scenario_1425,5,27_0903;27_1087;27_4033;27_4037;55_3012,0.0,0.0017115584007134643,0.0,0.0
scenario_1426,6,27_0703;35_0509;35_0959;39_0259;55_A902;6_0210,10049239544.258213,0.004896566666432456,0.08732795759765571,10976025880.443289
scenario_1427,3,12_0901;12_0902;12_B320,0.0,0.001417443115867778,0.0,0.0
scenario_1428,4,6_A411;6_A412;6_A420;6_A442,0.0,0.004734480983175415,0.0,0.0
scenario_1429,4,32_0101;32_0104;32_0109;32_A452,0.0,0.0008867149293736443,0.0,0.0
scenario_1430,6,29_5403;47_0606;4_0667;55_6351;6_7456;8_A412,19598853416.351738,0.00449597550226255,0.15655067794734354,22755183170.504562
scenario_1431,6,13_3011;19_0704;23_1001;40_AA61;48_3729;6_3019,23362.25617090037,0.001998338528368282,0.0,23408.941867516292
scenario_1432,4,42_0602;42_0605;42_0659;42_0662,0.0,0.0061239903701684195,0.0,0.0
scenario_1433,4,48_0119;4_BA61;6_0207;6_0508,5783441553.381783,0.005173729775127867,0.04777140729204814,6089646659.145583
scenario_1434,4,53_3813;53_C310;53_C330;53_C350,87056104.14127232,0.0005697419295009887,0.0,87105703.65402061
scenario_1435,4,45_3012;51_A330;5_0224;6_9107,0.0,0.011341565725243252,0.0,0.0
scenario_1436,5,17_0603;27_4037;28_0560;29_1010;8_0215,0.0,0.003477730955704361,0.0,0.0
scenario_1437,2,48_1169;48_G320,0.0,0.0001198582043141494,0.0,0.0
scenario_1438,1,19_0105,0.0,0.0,0.0,0.0
scenario_1439,1,40_AA02,0.0,7.117961264213601e-05,0.0,0.0
scenario_1440,4,27_1003;32_A464;38_0223;4_0215,1666014.0599992985,0.0037329053572483506,0.0,1672233.132809121
scenario_1441,2,48_G310;48_G350,0.0,9.748379172702659e-05,0.0,0.0
scenario_1442,1,8_A415,0.0,0.00022086697492507135,0.0,0.0
scenario_1443,4,26_0601;26_0604;26_0606;26_0659,0.0,0.001030350908318045,0.0,0.0
scenario_1444,1,9_4008,0.0,0.0014547647652094486,0.0,0.0
scenario_1445,3,32_2027;32_C320;32_C330,0.0,0.0005206570227597185,0.0,0.0
scenario_1446,2,39_0901;39_0903,0.0,0.00117934285521748,0.0,0.0
scenario_1447,3,1_0602;20_0111;9_0903,0.0,0.0016987185309385033,0.0,0.0
scenario_1448,3,42_1597;42_B330;42_B350,0.0,0.0007784271832217415,0.0,0.0
scenario_1449,4,4_A430;4_A441;4_A445;4_A460,0.0,0.0,0.0,0.0
scenario_1450,3,17_0602;17_0603;17_0605,0.0,0.0035062457159491522,0.0,0.0
scenario_1451,3,17_1002;17_B320;17_B340,642611938.080809,0.005757248205688015,0.011523022702030953,653716446.4593797
scenario_1452,2,18_0901;18_0905,59240806.008206904,0.0030931056110075072,0.0,59424044.0776715
scenario_1453,3,13_4119;4_0260;4_AA02,0.0,0.0043354740122293345,0.0,0.0
scenario_1454,3,55_6351;55_6352;55_6355,0.0,0.002130222874062837,0.0,0.0
scenario_1455,4,28_0507;28_0509;28_0560;28_0959,0.0,0.002020189324509203,0.0,0.0
scenario_1456,2,27_0759;27_3009,774.5465535179566,0.0016038160588759398,0.0,775.7887837188356
scenario_1457,3,16_5025;16_C310;16_C350,269506116.1627175,0.0006059442458590247,0.0,269669421.84303015
scenario_1458,4,27_1020;35_AA03;6_7493;8_A451,19156787623.681133,0.0033827559755087444,0.16934032282922432,22465606962.051743
scenario_1459,3,17_0602;17_0607;17_5453,1058481897.8842002,0.004106043578660512,0.011523022702030953,1075024981.6231444
scenario_1460,1,40_4088,0.0,1.5250386192322551e-05,0.0,0.0
scenario_1461,3,19_0214;26_0116;48_0166,0.0,0.0014837436279203642,0.0,0.0
scenario_1462,5,10_5005;18_A960;1_0106;51_2564;6_0561,107613184.30319904,0.004669533666513015,0.0,108115687.6902635
scenario_1463,4,30_0507;42_B351;49_7082;4_0219,0.0,0.003800585068175044,0.0,0.0
scenario_1464,2,47_9025;47_A350,0.0,6.26115886758205e-05,0.0,0.0
scenario_1465,2,19_0603;19_0608,0.0,0.0012913875942693887,0.0,0.0
scenario_1466,3,35_AA03;39_0265;4_B959,1859514321.2699203,0.0023337475292012355,0.017299355704411445,1896022357.903794
scenario_1467,5,36_B320;36_B330;36_B352;36_B353;36_B354,0.0,0.0002069623282919819,0.0,0.0
scenario_1468,4,16_5025;16_C310;16_C320;16_C330,269506116.1627175,0.0007763138600405117,0.0,269715337.4960603
scenario_1469,5,37_0901;37_0902;37_3044;37_A962;37_A965,0.0,0.0011694168553382234,0.0,0.0
scenario_1470,1,48_7165,0.0,0.00010801481514977063,0.0,0.0
scenario_1471,5,23_0501;23_0503;23_0504;23_0505;23_0506,0.0,0.0009798911056044801,0.0,0.0
scenario_1472,4,17_5849;29_0759;31_A340;4_1003,59240806.008206904,0.005609738126918451,0.0,59573131.41634052
scenario_1473,4,12_4057;37_0208;49_E410;4_0605,0.0,0.0038857011874831038,0.0,0.0
scenario_1474,4,22_0704;29_5000;4_6060;8_0224,0.0,0.00262806537772442,0.0,0.0
scenario_1475,3,18_0901;23_1001;48_4142,0.0,0.00195690242297597,0.0,0.0
scenario_1476,6,19_6049;31_3023;47_C330;4_0266;4_1018;54_7008,589015327.5915302,0.006879171983328991,0.0,593067265.3308492
scenario_1477,2,32_A456;32_A463,0.0,0.00027815710888379197,0.0,0.0
scenario_1478,4,1_0603;1_0661;1_0662;1_0663,0.0,0.0018957301783688596,0.0,0.0
scenario_1479,2,48_I310;48_I320,0.0,0.0001887333886188003,0.0,0.0
scenario_1480,1,49_1001,0.0,0.0,0.0,0.0
scenario_1481,5,48_N310;48_N320;48_N330;48_N340;48_N350,0.0,0.0008976570964774888,0.0,0.0
scenario_1482,2,13_0509;6_B442,18029.87546652883,0.002699873061076552,0.0,18078.553841595476
scenario_1483,3,41_5021;41_5022;41_7025,21198528207.171276,0.010575303782254242,0.16583592579810041,24938186633.49219
scenario_1484,5,12_0103;12_0104;12_0109;12_4135;12_4136,0.0,0.008293452751816366,0.0,0.0
scenario_1485,2,26_0902;26_1013,0.0,0.0009610017384427127,0.0,0.0
scenario_1486,1,48_1183,0.0,8.629902900936237e-05,0.0,0.0
scenario_1487,3,19_6049;46_3013;6_3013,98949743.95812708,0.0032687874130936656,0.0,99273189.63570625
scenario_1488,2,48_J330;48_J340,0.0,0.0001089044325311983,0.0,0.0
scenario_1489,4,12_B310;12_B320;12_B350;12_B352,0.0,0.00046378828519788584,0.0,0.0
scenario_1490,4,10_0111;10_0160;10_0205;10_0259,0.0,0.0009367728270089914,0.0,0.0
scenario_1491,5,46_0602;46_0603;46_0604;46_0606;46_0661,0.0,0.000849308982400987,0.0,0.0
scenario_1492,2,28_0502;28_0507,0.0,0.000981600596233867,0.0,0.0
scenario_1493,5,39_0103;39_0207;39_0212;39_0264;39_0810,0.0,0.0022517395849155353,0.0,0.0
scenario_1494,5,39_0103;42_B351;4_0607;8_0509;8_A430,0.0,0.002154659736777198,0.0,0.0
scenario_1495,1,13_0564,0.0,0.0024714905768180584,0.0,0.0
scenario_1496,2,12_4057;5_0219,0.0,0.003492851257989482,0.0,0.0
scenario_1497,4,27_1023;27_A350;27_B310;27_B340,35568159.13344246,0.0007303373375681099,0.0,35594135.88808618
scenario_1498,5,49_E440;49_E444;49_E448;49_E450;49_E454,0.0,0.0006577859760946714,0.0,0.0
scenario_1499,4,49_C310;49_C330;49_C351;49_C352,567.6496200897625,0.0005325771655182443,0.0,567.9519373154374
