scenario_id,num_closed_nodes,closed_node_ids,delta_vht_proxy,connectivity_loss_pct,disconnected_od_pct,disruption_score
scenario_0000,2,10_0205;40_4166,0.0,0.0,0.0,0.0
scenario_0001,3,20_0112;26_0113;32_AA61,0.0,0.0,0.0,0.0
scenario_0002,5,27_1003;27_1017;27_1020;27_2023;27_3005,0.0,0.0,0.0,0.0
scenario_0003,6,20_0112;27_1003;32_7084;39_0105;4_0215;6_0201,1367365.3654011607,0.0,0.046448990851718816,1430878.1067496361
scenario_0004,2,4_1007;4_BA02,0.0,0.0,0.0,0.0
scenario_0005,6,20_0206;37_0211;48_5283;4_0260;4_BA59;4_BA61,0.0,0.0,0.0,0.0
scenario_0006,3,49_E458;49_E460;49_E461,0.0,0.0,0.0,0.0
scenario_0007,4,39_0101;39_0105;39_0111;39_0210,0.0,0.0,0.0,0.0
scenario_0008,4,8_A410;8_A431;8_A443;8_A452,0.0,0.0,0.0,0.0
scenario_0009,1,26_0114,0.0,0.0,0.0,0.0
scenario_0010,4,10_0108;10_0111;10_0112;10_0159,0.0,0.0,0.0,0.0
scenario_0011,2,4_0264;8_0216,9181021.356492303,0.0,0.09648253316908312,10066829.554046132
scenario_0012,5,20_0203;20_0204;20_0205;20_0206;20_0210,0.0,0.0,0.0,0.0
scenario_0013,4,30_0119;30_0120;30_0121;30_0122,0.0,0.0,0.0,0.0
scenario_0014,5,49_E441;49_E449;49_E450;49_E459;49_E461,0.0,0.0,0.0,0.0
scenario_0015,1,56_7773,0.0,0.0,0.0,0.0
scenario_0016,2,39_0103;39_0108,0.0,0.0,0.0,0.0
scenario_0017,3,51_0119;51_0121;51_0122,0.0,0.0,0.0,0.0
scenario_0018,2,5_0113;5_0114,0.0,0.0,0.0,0.0
scenario_0019,3,39_0204;39_0207;39_0208,0.0,0.0,0.0,0.0
scenario_0020,1,20_0159,0.0,0.0,0.0,0.0
scenario_0021,3,37_0208;37_0211;37_0260,0.0,0.0,0.0,0.0
scenario_0022,2,49_7082;49_C441,0.0,0.0,0.0,0.0
scenario_0023,2,12_0105;4_0266,4809395.680946323,0.0,0.1361971704179833,5464421.764111683
scenario_0024,5,19_0215;39_0207;41_AA02;5_0215;6_0210,1314083.8944459804,0.0,0.031383136302783665,1355323.9684186715
scenario_0025,3,26_0124;32_0102;49_D431,0.0,0.0,0.0,0.0
scenario_0026,2,22_0113;22_0118,0.0,0.0,0.0,0.0
scenario_0027,5,37_0208;49_C454;4_0220;4_0222;51_5010,9707347.777500885,0.0,0.27239888369062254,12351618.475688772
scenario_0028,2,4_0119;4_0124,0.0,0.0,0.0,0.0
scenario_0029,5,35_0103;35_0504;35_0802;35_0901;35_0902,0.0,0.0,0.0,0.0
scenario_0030,2,12_0107;30_0123,0.0,0.0,0.0,0.0
scenario_0031,2,5_0804;5_0810,0.0,0.0,0.0,0.0
scenario_0032,4,49_7085;49_E440;49_E454;49_E462,0.0,0.0,0.0,0.0
scenario_0033,1,37_0209,0.0,0.0,0.0,0.0
scenario_0034,4,4_A390;4_A901;4_A902;4_A903,0.0,0.0,0.0,0.0
scenario_0035,1,49_C453,0.0,0.0,0.0,0.0
scenario_0036,6,40_0116;48_0119;49_7083;49_7085;4_0264;5_0224,7512742.028222884,0.0,0.09325545523387269,8213346.206119457
scenario_0037,4,16_1001;16_1005;16_9032;16_9034,0.0,0.0,0.0,0.0
scenario_0038,5,4_0263;4_0506;4_0606;4_0607;4_0659,2263173.959061533,0.0,0.06810081656079034,2417297.9536927403
scenario_0039,1,8_A452,0.0,0.0,0.0,0.0
scenario_0040,5,10_0159;38_0213;39_0264;6_0209;8_0217,5169117.709480686,0.0,0.005034838564053845,5195143.382666513
scenario_0041,2,39_A803;39_A804,0.0,0.0,0.0,0.0
scenario_0042,1,55_0220,0.0,0.0,0.0,0.0
scenario_0043,3,26_0117;26_0216;26_0608,0.0,0.0,0.0,0.0
scenario_0044,2,32_AA59;32_AA61,0.0,0.0,0.0,0.0
scenario_0045,5,41_AA01;41_AA02;41_AA03;41_AA59;41_AA60,0.0,0.0,0.0,0.0
scenario_0046,5,29_AA66;4_0214;4_0265;55_0216;6_0205,9974889.2622691,0.0,0.2760045479363575,12728004.06381691
scenario_0047,5,49_D410;49_D443;49_D448;49_D452;49_D459,0.0,0.0,0.0,0.0
scenario_0048,5,48_0901;49_C451;4_0220;8_0216;8_0812,14816874.983890485,0.0,0.12383299471053469,16651692.985397251
scenario_0049,5,1_0102;20_0204;26_0215;30_0901;53_0206,10104850.454332102,0.0,0.006881648139287596,10174388.479658935
scenario_0050,1,27_3009,0.0,0.0,0.0,0.0
scenario_0051,4,49_C430;49_C444;49_C447;49_C449,0.0,0.0,0.0,0.0
scenario_0052,3,39_0262;4_0267;51_0116,0.7557516299712512,0.0,0.0,0.7557516299712512
scenario_0053,5,32_0102;32_0208;32_0210;32_0211;32_0259,0.0,0.0,0.0,0.0
scenario_0054,4,48_0117;48_0123;48_0124;48_0165,0.0,0.0,0.0,0.0
scenario_0055,1,49_E459,0.0,0.0,0.0,0.0
scenario_0056,6,19_0216;38_0221;38_0223;39_0212;6_0204;8_A451,0.0,0.0,0.0,0.0
scenario_0057,2,55_C903;55_C960,0.0,0.0,0.0,0.0
scenario_0058,1,24_1632,0.0,0.0,0.0,0.0
scenario_0059,5,4_0213;4_0217;4_0263;4_0266;4_0267,9054275.584123436,0.0,0.2742018281428337,11536974.501799107
scenario_0060,5,39_0105;39_0160;39_0201;39_0261;39_0809,0.0,0.0,0.0,0.0
scenario_0061,4,37_0210;38_0264;39_0112;6_0207,0.0,0.0,0.0,0.0
scenario_0062,4,27_1017;27_3005;27_3007;27_4055,0.0,0.0,0.0,0.0
scenario_0063,3,36_0801;36_0802;36_0859,0.0,0.0,0.0,0.0
scenario_0064,4,19_0108;26_0218;49_D410;55_0117,0.0,0.0,0.0,0.0
scenario_0065,1,51_5010,0.0,0.0,0.0,0.0
scenario_0066,5,4_0121;4_0216;4_0265;4_0505;4_0661,5417706.927225795,0.0,0.15874853248163323,6277759.951338467
scenario_0067,2,49_0803;49_0804,0.0,0.0,0.0,0.0
scenario_0068,2,4_BA02;4_BA59,0.0,0.0,0.0,0.0
scenario_0069,4,4_0216;4_0219;5_0217;6_0201,2743614.169170197,0.0,0.09109585654110175,2993546.0519290594
scenario_0070,5,20_0208;26_0220;40_0160;4_0267;8_A415,0.7557516299712512,0.0,0.0,0.7557516299712512
scenario_0071,3,32_AA60;4_0224;8_0213,9021874.775125146,0.0,0.0964818052392984,9892321.54007211
scenario_0072,5,53_0201;53_0202;53_0206;53_0207;53_0211,50196556.12674423,0.0,0.0344108765732531,51923863.624024004
scenario_0073,2,4_0163;55_0265,0.0,0.0,0.0,0.0
scenario_0074,3,6_0212;6_0507;6_0571,0.0,0.0,0.0,0.0
scenario_0075,4,53_0204;53_0207;53_0208;53_0259,130173856.02228785,0.0,0.08947046321581732,141820571.21919107
scenario_0076,2,39_0210;49_7082,0.0,0.0,0.0,0.0
scenario_0077,4,27_3012;32_0111;4_0218;8_A444,0.0,0.0,0.0,0.0
scenario_0078,4,37_0259;38_0221;4_0115;55_6354,0.0,0.0,0.0,0.0
scenario_0079,4,4_0214;4_0218;4_0222;4_0261,12922355.87269698,0.0,0.344999590226614,17380563.353539918
scenario_0080,1,49_D444,0.0,0.0,0.0,0.0
scenario_0081,6,39_0102;49_C449;49_C453;4_BA01;51_0115;5_0809,0.0,0.0,0.0,0.0
scenario_0082,4,1_0106;39_0263;55_C959;6_0212,0.0,0.0,0.0,0.0
scenario_0083,3,20_0212;49_C452;53_0201,10044206.426299531,0.0,0.006881723458366335,10113327.877284069
scenario_0084,3,32_0102;32_0105;32_0108,0.0,0.0,0.0,0.0
scenario_0085,4,48_0124;48_0160;48_0165;48_0802,0.0,0.0,0.0,0.0
scenario_0086,1,19_0214,0.0,0.0,0.0,0.0
scenario_0087,4,48_3579;48_F310;48_F320;48_F350,0.0,0.0,0.0,0.0
scenario_0088,3,39_0107;39_0259;39_0263,0.0,0.0,0.0,0.0
scenario_0089,4,20_0102;29_AA64;55_0224;6_0210,0.0,0.0,0.0,0.0
scenario_0090,3,26_0215;26_0221;26_0223,0.0,0.0,0.0,0.0
scenario_0091,2,22_0121;22_0122,0.0,0.0,0.0,0.0
scenario_0092,2,4_0221;4_0902,0.0,0.0,0.0,0.0
scenario_0093,1,39_5003,0.0,0.0,0.0,0.0
scenario_0094,2,37_0203;37_0206,0.0,0.0,0.0,0.0
scenario_0095,1,12_AA01,0.0,0.0,0.0,0.0
scenario_0096,5,26_0214;26_0217;32_0208;41_7081;49_C458,0.0,0.0,0.0,0.0
scenario_0097,3,8_3032;8_7776;8_7783,87554797.32557559,0.0,0.08500290868500508,94997209.76757562
scenario_0098,4,39_0208;40_0124;5_0222;8_0213,10454190.757350389,0.0,0.008438005063757591,10542403.2718984
scenario_0099,3,37_0901;37_0902;37_0903,1201235.0252480004,0.0,0.0030690325975580956,1204921.6546978152
scenario_0100,1,32_AA03,0.0,0.0,0.0,0.0
scenario_0101,5,49_E430;49_E441;49_E456;49_E461;49_E462,0.0,0.0,0.0,0.0
scenario_0102,6,20_0212;32_0202;39_0810;5_0216;8_0216;8_A430,6102354.296847323,0.0,0.005832822300933857,6137948.2450781735
scenario_0103,5,6_0202;6_0506;6_0608;6_0659;6_0812,0.0,0.0,0.0,0.0
scenario_0104,3,46_0803;46_0804;46_0859,0.0,0.0,0.0,0.0
scenario_0105,3,32_AA01;32_AA02;32_AA03,0.0,0.0,0.0,0.0
scenario_0106,1,39_0104,0.0,0.0,0.0,0.0
scenario_0107,1,48_3689,0.0,0.0,0.0,0.0
scenario_0108,1,1_0104,0.0,0.0,0.0,0.0
scenario_0109,5,32_0202;4_AA03;4_BA60;5_0215;5_0216,1314083.8944459804,0.0,0.031383136302783665,1355323.9684186715
scenario_0110,3,26_0213;26_0217;26_0224,0.0,0.0,0.0,0.0
scenario_0111,2,19_0213;19_0220,0.0,0.0,0.0,0.0
scenario_0112,5,30_0117;39_0203;49_E440;4_0215;55_0213,1367365.3654011607,0.0,0.046448990851718816,1430878.1067496361
scenario_0113,5,8_A413;8_A415;8_A430;8_A445;8_A452,0.0,0.0,0.0,0.0
scenario_0114,1,51_0119,0.0,0.0,0.0,0.0
scenario_0115,3,32_0101;32_0204;32_0210,0.0,0.0,0.0,0.0
scenario_0116,3,37_0205;37_0206;37_0259,0.0,0.0,0.0,0.0
scenario_0117,4,20_0106;20_0108;20_0207;20_0209,0.0,0.0,0.0,0.0
scenario_0118,3,6_0204;6_0210;6_0211,0.0,0.0,0.0,0.0
scenario_0119,4,37_0203;37_0204;37_0208;37_0901,0.0,0.0,0.0,0.0
scenario_0120,6,10_0260;20_0110;30_0114;48_0117;48_0167;6_0203,0.0,0.0,0.0,0.0
scenario_0121,4,48_0113;48_0121;48_0161;48_0162,0.0,0.0,0.0,0.0
scenario_0122,1,40_0124,4366314.202203558,0.0,0.0026056147302314517,4377691.134805637
scenario_0123,3,20_0103;20_0107;20_0111,0.0,0.0,0.0,0.0
scenario_0124,2,20_0163;20_0209,0.0,0.0,0.0,0.0
scenario_0125,1,32_0103,0.0,0.0,0.0,0.0
scenario_0126,4,4_1006;4_B959;4_BA01;4_BA60,0.0,0.0,0.0,0.0
scenario_0127,2,5_3058;5_4046,0.0,0.0,0.0,0.0
scenario_0128,5,20_0209;35_0802;39_0264;6_0207;8_0216,6102354.296847323,0.0,0.005832822300933857,6137948.2450781735
scenario_0129,5,26_0213;27_1003;48_0116;49_C454;49_D459,0.0,0.0,0.0,0.0
scenario_0130,5,48_0166;49_D440;4_0268;4_BA59;6_0204,6907385.145759741,0.0,0.18488872404670773,8184482.771858441
scenario_0131,4,19_0221;38_0263;4_0262;55_6352,2155386.6112496117,0.0,0.05066592213399534,2264591.2614638405
scenario_0132,5,32_0103;32_0110;32_0201;39_0110;39_0204,0.0,0.0,0.0,0.0
scenario_0133,2,48_5283;48_5284,0.0,0.0,0.0,0.0
scenario_0134,1,1_0107,0.0,0.0,0.0,0.0
scenario_0135,5,26_0115;26_0221;26_0224;26_0603;26_0606,0.0,0.0,0.0,0.0
scenario_0136,2,48_AA01;4_0265,3918789.3748671943,0.0,0.11320063954154393,4362398.838330768
scenario_0137,3,31_0113;31_0115;31_0118,0.0,0.0,0.0,0.0
scenario_0138,2,19_0221;39_0160,0.0,0.0,0.0,0.0
scenario_0139,4,10_0101;10_0109;10_0206;10_0211,0.0,0.0,0.0,0.0
scenario_0140,2,32_AA03;32_AA59,0.0,0.0,0.0,0.0
scenario_0141,3,1_0102;4_0263;8_0219,8264947.885605094,0.0,0.07393344688015925,8876003.971072763
scenario_0142,4,10_0205;19_0223;30_0122;53_0209,9995325.770211544,0.0,0.006881949410656601,10064113.096505173
scenario_0143,1,55_0223,0.0,0.0,0.0,0.0
scenario_0144,5,53_0201;53_0203;53_0204;53_0205;53_0206,50164072.48417388,0.0,0.034410951930243364,51890265.97105203
scenario_0145,2,49_E431;49_E452,0.0,0.0,0.0,0.0
scenario_0146,3,49_C447;49_C449;49_C451,0.0,0.0,0.0,0.0
scenario_0147,1,41_AA59,0.0,0.0,0.0,0.0
scenario_0148,4,6_0501;6_0503;6_0608;6_0812,0.0,0.0,0.0,0.0
scenario_0149,1,40_0160,0.0,0.0,0.0,0.0
scenario_0150,3,27_1004;49_C441;4_AA60,0.0,0.0,0.0,0.0
scenario_0151,2,6_A805;6_A806,0.0,0.0,0.0,0.0
scenario_0152,5,1_0105;29_AA62;37_0207;6_0203;8_0214,6072776.410739313,0.0,0.005832342335172611,6108194.921691706
scenario_0153,2,48_A807;48_A808,0.0,0.0,0.0,0.0
scenario_0154,3,40_1017;40_4157;40_4166,0.0,0.0,0.0,0.0
scenario_0155,3,49_D451;49_D455;49_D460,0.0,0.0,0.0,0.0
scenario_0156,5,4_0214;4_0215;4_0216;4_0221;4_0223,11198597.450462837,0.0,0.32334607119354614,14819619.938948058
scenario_0157,3,22_0119;22_0123;22_0124,0.0,0.0,0.0,0.0
scenario_0158,2,30_0114;30_0122,0.0,0.0,0.0,0.0
scenario_0159,5,12_0105;12_0111;12_0564;12_0901;12_0902,0.0,0.0,0.0,0.0
scenario_0160,5,20_0203;22_0121;48_0113;4_0214;4_BA60,7021800.351475513,0.0,0.18580124172699755,8326459.575938731
scenario_0161,1,48_3679,0.0,0.0,0.0,0.0
scenario_0162,2,48_0114;4_0220,3806791.4089231277,0.0,0.11320053519100609,4237722.23377375
scenario_0163,3,4_0215;4_0222;4_0224,10201918.843479058,0.0,0.2962967542571075,13224714.283996327
scenario_0164,2,37_0210;37_0259,0.0,0.0,0.0,0.0
scenario_0165,2,48_0801;48_0802,0.0,0.0,0.0,0.0
scenario_0166,1,27_2018,0.0,0.0,0.0,0.0
scenario_0167,1,10_0103,0.0,0.0,0.0,0.0
scenario_0168,4,19_0105;26_0124;4_0215;8_A443,1367365.3654011607,0.0,0.046448990851718816,1430878.1067496361
scenario_0169,3,38_0213;38_0216;38_0261,0.0,0.0,0.0,0.0
scenario_0170,1,48_0901,0.0,0.0,0.0,0.0
scenario_0171,2,5_0115;5_0123,0.0,0.0,0.0,0.0
scenario_0172,2,30_6004;30_8129,0.0,0.0,0.0,0.0
scenario_0173,1,49_E440,0.0,0.0,0.0,0.0
scenario_0174,1,20_0902,0.0,0.0,0.0,0.0
scenario_0175,5,22_0113;22_0116;22_0118;22_0123;22_0707,0.0,0.0,0.0,0.0
scenario_0176,1,5_3071,0.0,0.0,0.0,0.0
scenario_0177,3,40_0115;40_0124;40_0508,4366314.770662413,0.0,0.0026056147302314517,4377691.704745677
scenario_0178,2,29_A802;29_A807,0.0,0.0,0.0,0.0
scenario_0179,1,49_D446,0.0,0.0,0.0,0.0
scenario_0180,5,5_0115;5_0122;5_0218;5_0224;5_0810,0.0,0.0,0.0,0.0
scenario_0181,4,20_0101;20_0164;20_0901;20_0903,0.0,0.0,0.0,0.0
scenario_0182,3,38_0264;40_0117;4_0122,4418150.231868196,0.0,0.0026057443657234395,4429662.801941806
scenario_0183,4,22_0114;22_0117;22_0118;22_0124,0.0,0.0,0.0,0.0
scenario_0184,5,39_0102;39_0108;39_0209;39_0902;39_0903,0.0,0.0,0.0,0.0
scenario_0185,3,39_0101;39_0203;39_0809,0.0,0.0,0.0,0.0
scenario_0186,1,22_0113,0.0,0.0,0.0,0.0
scenario_0187,3,51_0115;51_0116;51_0122,0.0,0.0,0.0,0.0
scenario_0188,4,5_3071;5_A310;5_A320;5_A350,0.0,0.0,0.0,0.0
scenario_0189,3,19_0224;20_0108;6_0205,0.0,0.0,0.0,0.0
scenario_0190,2,55_0213;55_0261,0.0,0.0,0.0,0.0
scenario_0191,4,4_0118;4_0219;4_0260;4_0659,614888.6971208167,0.0,0.02299724691165878,629029.4443116923
scenario_0192,3,10_0101;10_0109;10_0210,0.0,0.0,0.0,0.0
scenario_0193,1,27_3005,0.0,0.0,0.0,0.0
scenario_0194,5,5_0116;5_0117;5_0122;5_0123;5_0124,0.0,0.0,0.0,0.0
scenario_0195,3,22_0114;22_0116;22_0120,0.0,0.0,0.0,0.0
scenario_0196,4,4_0262;4_AA02;4_BA59;56_B320,1495721.5055183591,0.0,0.04645071410236507,1565198.8375479516
scenario_0197,4,40_5021;55_0219;55_C902;5_0117,2443921.9011418624,0.0,0.0029694237973007563,2451178.9409938576
scenario_0198,5,6_0202;6_0203;6_0207;6_0210;6_0211,0.0,0.0,0.0,0.0
scenario_0199,3,6_0210;6_0566;6_0660,0.0,0.0,0.0,0.0
scenario_0200,2,31_0113;31_0902,0.0,0.0,0.0,0.0
scenario_0201,3,26_0213;26_0215;26_0603,0.0,0.0,0.0,0.0
scenario_0202,4,39_0206;39_0207;39_0209;39_0259,0.0,0.0,0.0,0.0
scenario_0203,5,39_0102;42_1599;4_AA61;53_0208;5_0224,10087425.09022788,0.0,0.0068830037566024755,10156856.875018366
scenario_0204,4,12_AA03;32_0259;37_0206;4_AA01,0.0,0.0,0.0,0.0
scenario_0205,6,19_0219;39_0203;39_0903;48_0113;6_0206;8_0220,5976668.370112139,0.0,0.00583277430613502,6011528.9278176185
scenario_0206,2,5_0809;5_0810,0.0,0.0,0.0,0.0
scenario_0207,4,37_0211;49_D448;4_0214;53_0203,16945781.666319955,0.0,0.19268424548360003,20210966.820824638
scenario_0208,3,56_B310;56_B320;56_B360,0.0,0.0,0.0,0.0
scenario_0209,4,6_0203;6_0206;6_0207;6_0211,0.0,0.0,0.0,0.0
scenario_0210,3,19_0101;19_0106;19_0110,0.0,0.0,0.0,0.0
scenario_0211,4,8_A430;8_A431;8_A442;8_A444,0.0,0.0,0.0,0.0
scenario_0212,4,29_A350;29_AA01;29_AA02;29_AA61,0.0,0.0,0.0,0.0
scenario_0213,5,30_0113;30_0114;30_0118;30_0123;30_0124,0.0,0.0,0.0,0.0
scenario_0214,3,28_1001;39_0203;5_0219,0.0,0.0,0.0,0.0
scenario_0215,4,55_0114;55_0115;55_C902;55_C959,0.0,0.0,0.0,0.0
scenario_0216,5,8_A412;8_A414;8_A443;8_A444;8_A451,0.0,0.0,0.0,0.0
scenario_0217,3,49_E451;49_E454;49_E455,0.0,0.0,0.0,0.0
scenario_0218,2,55_0222;55_0223,0.0,0.0,0.0,0.0
scenario_0219,4,40_0114;40_0123;40_0501;40_0604,8824676.690843701,0.0,0.005211359095954891,8870665.24998539
scenario_0220,3,49_C430;49_C431;49_C445,0.0,0.0,0.0,0.0
scenario_0221,3,55_0213;55_0223;55_0262,0.0,0.0,0.0,0.0
scenario_0222,1,20_0212,0.0,0.0,0.0,0.0
scenario_0223,2,5_0116;5_0124,0.0,0.0,0.0,0.0
scenario_0224,4,48_1109;48_3579;48_F320;48_F330,0.0,0.0,0.0,0.0
scenario_0225,6,10_0106;27_3010;38_0218;38_0224;39_0105;4_0222,5900555.719054111,0.0,0.15919834849961645,6839914.444757492
scenario_0226,3,20_0163;20_0204;20_0212,0.0,0.0,0.0,0.0
scenario_0227,2,32_0201;32_0204,0.0,0.0,0.0,0.0
scenario_0228,4,19_0106;19_0108;19_0159;19_0219,0.0,0.0,0.0,0.0
scenario_0229,1,10_0106,0.0,0.0,0.0,0.0
scenario_0230,2,1_0101;1_0161,0.0,0.0,0.0,0.0
scenario_0231,3,39_A803;6_0206;6_0209,0.0,0.0,0.0,0.0
scenario_0232,5,26_0116;32_AA03;37_0201;37_0903;48_0115,0.0,0.0,0.0,0.0
scenario_0233,3,5_0216;5_0220;5_0222,5.385496257669321,0.0,0.0,5.385496257669321
scenario_0234,5,55_0118;55_0121;55_0213;55_0215;55_0222,0.0,0.0,0.0,0.0
scenario_0235,5,27_1003;27_1004;27_1017;27_3005;27_3012,0.0,0.0,0.0,0.0
scenario_0236,5,20_0209;37_0205;39_0101;4_BA59;6_0204,0.0,0.0,0.0,0.0
scenario_0237,1,53_3014,111843061.05000414,0.0,0.07644996827556362,120393459.51911889
scenario_0238,1,39_0202,0.0,0.0,0.0,0.0
scenario_0239,4,4_0115;4_0119;4_0160;4_A902,0.0,0.0,0.0,0.0
scenario_0240,3,19_0105;19_0111;19_0112,0.0,0.0,0.0,0.0
scenario_0241,3,35_0110;35_0901;35_0902,0.0,0.0,0.0,0.0
scenario_0242,5,53_0201;53_0204;53_0207;53_0208;53_0209,50282988.933656916,0.0,0.03441268413883036,52013361.54938716
scenario_0243,3,20_0202;20_0207;20_0208,0.0,0.0,0.0,0.0
scenario_0244,4,10_0159;10_0210;10_0212;10_0260,0.0,0.0,0.0,0.0
scenario_0245,4,31_0114;31_0116;31_0119;31_0902,0.0,0.0,0.0,0.0
scenario_0246,1,31_0124,0.0,0.0,0.0,0.0
scenario_0247,2,49_D410;49_D431,0.0,0.0,0.0,0.0
scenario_0248,2,55_0116;55_0123,0.0,0.0,0.0,0.0
scenario_0249,5,19_0213;19_0215;19_0217;19_0218;19_0259,0.0,0.0,0.0,0.0
scenario_0250,3,31_0119;48_0901;8_A410,0.0,0.0,0.0,0.0
scenario_0251,5,12_0104;12_0106;12_0108;12_0109;12_0111,0.0,0.0,0.0,0.0
scenario_0252,6,12_4106;35_0105;48_0163;49_C448;49_E410;4_AA60,0.0,0.0,0.0,0.0
scenario_0253,5,10_0202;10_0203;10_0206;10_0208;10_0259,0.0,0.0,0.0,0.0
scenario_0254,2,46_9106;46_9187,0.0,0.0,0.0,0.0
scenario_0255,3,26_0216;38_3006;8_A441,0.0,0.0,0.0,0.0
scenario_0256,2,29_AA66;29_AA67,0.0,0.0,0.0,0.0
scenario_0257,1,37_0211,0.0,0.0,0.0,0.0
scenario_0258,3,19_0222;19_0224;19_0259,0.0,0.0,0.0,0.0
scenario_0259,2,32_AA02;6_0202,0.0,0.0,0.0,0.0
scenario_0260,5,32_AA01;32_AA02;32_AA03;32_AA60;32_AA61,0.0,0.0,0.0,0.0
scenario_0261,6,20_0205;39_0110;39_0261;48_0166;5_0213;6_0201,1209999.293813331,0.0,0.03288271331686513,1249787.353705404
scenario_0262,3,49_D446;49_D448;49_D452,0.0,0.0,0.0,0.0
scenario_0263,1,24_5807,1028911.8425467168,0.0,0.001982855057598576,1030952.0255975337
scenario_0264,3,49_D440;49_D445;49_D452,0.0,0.0,0.0,0.0
scenario_0265,3,40_0117;48_0163;48_0167,4418150.231868196,0.0,0.0026057443657234395,4429662.801941806
scenario_0266,2,49_7085;49_E462,0.0,0.0,0.0,0.0
scenario_0267,1,49_D452,0.0,0.0,0.0,0.0
scenario_0268,5,55_0116;55_0122;55_0262;55_0901;55_0902,0.0,0.0,0.0,0.0
scenario_0269,2,20_0161;20_0204,0.0,0.0,0.0,0.0
scenario_0270,3,48_0120;48_0121;48_0161,0.0,0.0,0.0,0.0
scenario_0271,4,37_A965;49_7083;4_AA61;8_A445,0.0,0.0,0.0,0.0
scenario_0272,3,22_0115;22_0117;22_0703,0.0,0.0,0.0,0.0
scenario_0273,3,38_0261;4_0216;4_AA61,2128725.6116963453,0.0,0.06809860962944297,2273688.866135452
scenario_0274,1,55_0222,0.0,0.0,0.0,0.0
scenario_0275,5,35_0111;35_0507;35_0509;35_0901;35_0959,0.0,0.0,0.0,0.0
scenario_0276,2,41_AA03;41_AA60,0.0,0.0,0.0,0.0
scenario_0277,4,20_0101;20_0112;20_0208;20_0212,0.0,0.0,0.0,0.0
scenario_0278,3,8_A431;8_A445;8_A446,0.0,0.0,0.0,0.0
scenario_0279,1,56_B350,0.0,0.0,0.0,0.0
scenario_0280,4,19_0218;32_0106;4_0222;55_0266,5900555.719054111,0.0,0.15919834849961645,6839914.444757492
scenario_0281,3,31_0113;31_0116;31_0117,0.0,0.0,0.0,0.0
scenario_0282,5,20_0208;4_0262;4_0264;5_0215;8_A413,5888471.730875615,0.0,0.168483561273298,6880582.418550679
scenario_0283,6,19_0215;32_0108;38_0217;39_0265;48_0122;51_5010,0.0,0.0,0.0,0.0
scenario_0284,3,48_3579;48_F330;48_F350,0.0,0.0,0.0,0.0
scenario_0285,4,1_0109;1_0111;1_0504;1_0564,0.0,0.0,0.0,0.0
scenario_0286,2,5_0218;5_0222,0.0,0.0,0.0,0.0
scenario_0287,2,39_0212;39_0810,0.0,0.0,0.0,0.0
scenario_0288,2,48_0167;8_0216,6102354.296847323,0.0,0.005832822300933857,6137948.2450781735
scenario_0289,2,40_0123;5_0216,4357970.205860606,0.0,0.0026056147302314517,4369325.397222906
scenario_0290,5,6_0201;6_0204;6_0205;6_0208;6_0212,0.0,0.0,0.0,0.0
scenario_0291,1,32_7084,0.0,0.0,0.0,0.0
scenario_0292,5,55_0123;55_0216;55_0224;55_0259;55_0805,0.0,0.0,0.0,0.0
scenario_0293,1,49_D449,0.0,0.0,0.0,0.0
scenario_0294,2,48_1113;48_1116,0.0,0.0,0.0,0.0
scenario_0295,2,19_0259;26_0223,0.0,0.0,0.0,0.0
scenario_0296,4,12_0111;32_0105;53_0212;6_0205,10013610.87721735,0.0,0.0068830037566024755,10082534.598502394
scenario_0297,4,19_0104;19_0108;19_0110;19_0111,0.0,0.0,0.0,0.0
scenario_0298,6,38_0219;38_0220;41_AA02;49_C458;5_0119;6_0201,0.0,0.0,0.0,0.0
scenario_0299,3,48_0115;48_0118;48_0122,0.0,0.0,0.0,0.0
scenario_0300,5,10_0205;26_0223;28_0805;49_C456;4_0214,7021800.351475513,0.0,0.18580124172699755,8326459.575938731
scenario_0301,5,30_0118;30_0119;30_0508;30_0806;30_0902,0.0,0.0,0.0,0.0
scenario_0302,5,8_A414;8_A415;8_A430;8_A444;8_A452,0.0,0.0,0.0,0.0
scenario_0303,5,6_0207;6_0559;6_0566;6_0603;6_0659,0.0,0.0,0.0,0.0
scenario_0304,4,19_0259;32_AA03;48_AA01;4_AA59,0.0,0.0,0.0,0.0
scenario_0305,6,20_0203;26_0213;27_2018;32_0103;32_0207;53_0205,10060982.887164552,0.0,0.006881572819384487,10130218.273537155
scenario_0306,4,49_D441;49_D444;49_D450;49_D451,0.0,0.0,0.0,0.0
scenario_0307,5,49_C458;4_0217;4_0267;4_BA03;5_0217,600398.078090917,0.0,0.023452882688269432,614479.1437826457
scenario_0308,2,46_0602;46_0804,0.0,0.0,0.0,0.0
scenario_0309,2,39_0160;39_0209,0.0,0.0,0.0,0.0
scenario_0310,4,39_0203;4_0221;4_0263;55_6354,2263173.959061533,0.0,0.06810081656079034,2417297.9536927403
scenario_0311,6,20_0206;31_0122;39_5003;39_A804;4_0218;8_0259,5951641.588650691,0.0,0.005832822300933857,5986356.456436139
scenario_0312,4,55_0117;55_0118;55_0124;55_0263,0.0,0.0,0.0,0.0
scenario_0313,2,26_0122;26_0223,0.0,0.0,0.0,0.0
scenario_0314,3,12_0102;12_0104;12_0112,0.0,0.0,0.0,0.0
scenario_0315,2,48_AA01;4_AA02,0.0,0.0,0.0,0.0
scenario_0316,5,8_0221;8_0501;8_0506;8_0560;8_0811,10900051.31712068,0.0,0.010622040184313723,11015832.100222219
scenario_0317,2,4_0118;4_0261,0.0,0.0,0.0,0.0
scenario_0318,1,37_A964,0.0,0.0,0.0,0.0
scenario_0319,3,5_0115;5_0117;5_0119,0.0,0.0,0.0,0.0
scenario_0320,4,26_0118;26_0215;26_0222;26_0903,0.0,0.0,0.0,0.0
scenario_0321,3,49_D449;4_0213;8_A451,1381312.0919315484,0.0,0.046450958475790616,1445475.3625559683
scenario_0322,1,49_C443,0.0,0.0,0.0,0.0
scenario_0323,5,26_0114;26_0116;26_0118;26_0216;26_0602,0.0,0.0,0.0,0.0
scenario_0324,2,10_0159;10_0208,0.0,0.0,0.0,0.0
scenario_0325,1,53_0202,9941327.884120815,0.0,0.006881346854728668,10009737.609488035
scenario_0326,2,4_0123;4_0602,0.0,0.0,0.0,0.0
scenario_0327,5,32_0105;4_0260;5_0216;6_0201;6_0205,0.0,0.0,0.0,0.0
scenario_0328,5,20_0102;20_0112;20_0160;20_0209;20_0259,0.0,0.0,0.0,0.0
scenario_0329,5,20_0104;20_0109;20_0112;20_0160;20_0161,0.0,0.0,0.0,0.0
scenario_0330,1,39_0262,0.0,0.0,0.0,0.0
scenario_0331,1,4_0260,0.0,0.0,0.0,0.0
scenario_0332,1,48_1178,0.0,0.0,0.0,0.0
scenario_0333,5,20_0110;32_AA01;32_AA60;39_0207;8_A415,0.0,0.0,0.0,0.0
scenario_0334,1,55_0116,0.0,0.0,0.0,0.0
scenario_0335,5,26_0121;26_0214;26_0218;26_0602;26_0903,0.0,0.0,0.0,0.0
scenario_0336,1,48_5026,0.0,0.0,0.0,0.0
scenario_0337,2,12_0110;30_0116,0.0,0.0,0.0,0.0
scenario_0338,5,49_E445;49_E456;49_E458;49_E459;49_E461,0.0,0.0,0.0,0.0
scenario_0339,5,10_0202;10_0204;10_0205;10_0206;10_0208,0.0,0.0,0.0,0.0
scenario_0340,3,48_0117;48_AA02;51_5010,0.0,0.0,0.0,0.0
scenario_0341,3,39_0103;39_0110;39_0159,0.0,0.0,0.0,0.0
scenario_0342,3,39_0201;39_0202;39_0206,0.0,0.0,0.0,0.0
scenario_0343,1,55_6355,1441902.2074630233,0.0,0.008430416063260534,1454058.0429944703
scenario_0344,4,48_0118;48_0120;48_0162;48_0802,0.0,0.0,0.0,0.0
scenario_0345,3,29_AA03;29_AA62;29_AA63,0.0,0.0,0.0,0.0
scenario_0346,5,55_0216;55_0220;55_0222;55_0223;55_0266,0.0,0.0,0.0,0.0
scenario_0347,3,48_0901;48_0902;48_0903,0.0,0.0,0.0,0.0
scenario_0348,6,20_0211;26_0259;32_AA02;37_0208;49_7086;4_0223,680706.4967529512,0.0,0.022997228985386736,696360.8599306192
scenario_0349,3,19_0217;6_0206;6_0210,0.0,0.0,0.0,0.0
scenario_0350,2,49_C448;49_C451,0.0,0.0,0.0,0.0
scenario_0351,2,51_0122;51_0124,0.0,0.0,0.0,0.0
scenario_0352,4,20_0110;20_0161;20_0201;20_0204,0.0,0.0,0.0,0.0
scenario_0353,3,32_0107;32_0203;32_0210,0.0,0.0,0.0,0.0
scenario_0354,5,51_0113;51_0116;51_0120;51_0121;51_0123,0.0,0.0,0.0,0.0
scenario_0355,1,22_3056,0.0,0.0,0.0,0.0
scenario_0356,2,20_0163;20_0211,0.0,0.0,0.0,0.0
scenario_0357,2,30_0806;53_0207,10125980.245384714,0.0,0.0068830037566024755,10195677.40545298
scenario_0358,2,48_0118;48_0167,0.0,0.0,0.0,0.0
scenario_0359,6,39_0903;4_0267;4_BA60;55_0117;5_0213;8_0218,7639309.515817842,0.0,0.039112501527756985,7938102.020926275
scenario_0360,3,38_0219;38_0220;38_0223,0.0,0.0,0.0,0.0
scenario_0361,4,26_0221;28_0805;55_0219;5_0214,0.0,0.0,0.0,0.0
scenario_0362,3,22_0113;22_0117;22_0122,0.0,0.0,0.0,0.0
scenario_0363,5,4_0113;4_0121;4_0162;4_0903;4_A901,0.0,0.0,0.0,0.0
scenario_0364,3,41_AA03;41_AA59;41_AA60,0.0,0.0,0.0,0.0
scenario_0365,2,27_2023;27_3012,0.0,0.0,0.0,0.0
scenario_0366,4,27_3007;4_0266;4_BA03;6_0209,4809395.680946323,0.0,0.1361971704179833,5464421.764111683
scenario_0367,1,20_0107,0.0,0.0,0.0,0.0
scenario_0368,3,40_0114;5_0220;6_0207,4466710.069764515,0.0,0.0026057443657234395,4478349.174362125
scenario_0369,2,10_0206;10_0260,0.0,0.0,0.0,0.0
scenario_0370,3,26_0120;26_0217;26_0222,0.0,0.0,0.0,0.0
scenario_0371,6,32_0208;35_0103;38_0224;48_0115;4_BA01;6_0201,0.0,0.0,0.0,0.0
scenario_0372,1,51_0122,0.0,0.0,0.0,0.0
scenario_0373,1,29_AA62,0.0,0.0,0.0,0.0
scenario_0374,4,19_0215;4_0214;4_BA60;56_B330,7021800.351475513,0.0,0.18580124172699755,8326459.575938731
scenario_0375,2,37_0205;37_0903,0.0,0.0,0.0,0.0
scenario_0376,5,35_0101;35_0102;35_0103;35_0105;35_0109,0.0,0.0,0.0,0.0
scenario_0377,3,19_0103;19_0105;19_0109,0.0,0.0,0.0,0.0
scenario_0378,4,38_0214;38_0220;38_0260;38_0261,0.0,0.0,0.0,0.0
scenario_0379,3,32_AA61;40_4166;49_C441,0.0,0.0,0.0,0.0
scenario_0380,2,49_D430;49_D443,0.0,0.0,0.0,0.0
scenario_0381,1,39_0107,0.0,0.0,0.0,0.0
scenario_0382,5,49_7086;49_D410;49_D430;49_D441;49_D451,0.0,0.0,0.0,0.0
scenario_0383,4,19_0215;19_0216;19_0221;19_0223,0.0,0.0,0.0,0.0
scenario_0384,5,56_7775;56_B310;56_B330;56_B350;56_B360,0.0,0.0,0.0,0.0
scenario_0385,4,1_0103;1_0111;1_0605;1_0661,0.0,0.00034980565490716486,0.0,0.0
scenario_0386,4,39_0106;48_0167;4_0263;5_0221,3593230.529790576,0.0,0.09798437584949253,3945310.980535447
scenario_0387,3,49_C430;4_0264;55_0263,3078667.0596449804,0.0,0.09064971086814926,3357747.338461093
scenario_0388,5,35_0105;35_0108;35_0502;35_0802;35_0902,0.0,0.0,0.0,0.0
scenario_0389,4,51_0113;51_0114;51_0116;51_0121,0.0,0.0,0.0,0.0
scenario_0390,2,53_A809;53_A810,131835291.36381008,0.0,0.09093043540220393,143823131.80889776
scenario_0391,2,32_AA03;32_AA60,0.0,0.0,0.0,0.0
scenario_0392,5,10_0103;40_4166;49_E452;4_0218;6_0208,0.0,0.0,0.0,0.0
scenario_0393,4,55_0219;55_C902;55_C903;55_C960,0.0,0.0,0.0,0.0
scenario_0394,4,35_0109;35_0503;35_0507;35_0509,0.0,0.0,0.0,0.0
scenario_0395,5,49_7082;49_C444;49_C447;49_C450;49_C451,0.0,0.0,0.0,0.0
scenario_0396,2,49_C430;49_C440,0.0,0.0,0.0,0.0
scenario_0397,3,19_0220;19_0221;19_0259,0.0,0.0,0.0,0.0
scenario_0398,5,4_0116;4_0119;4_0123;4_0502;4_0603,0.0,0.0,0.0,0.0
scenario_0399,2,4_0268;5_0224,6907385.145759741,0.0,0.18488872404670773,8184482.771858441
scenario_0400,2,40_4086;40_4154,52997605.10888406,0.0,0.03124183105827568,54653347.33418902
scenario_0401,2,38_0222;38_0263,0.0,0.0,0.0,0.0
scenario_0402,5,55_0113;55_0118;55_0120;55_0121;55_0122,0.0,0.0,0.0,0.0
scenario_0403,3,26_0118;31_0902;8_0220,5976668.370112139,0.0,0.00583277430613502,6011528.9278176185
scenario_0404,4,38_0218;4_0262;4_AA60;4_BA02,1495721.5055183591,0.0,0.04645071410236507,1565198.8375479516
scenario_0405,4,20_0104;20_0105;20_0109;20_0110,0.0,0.0,0.0,0.0
scenario_0406,4,6_0203;6_0507;6_0604;6_0606,0.0,0.0,0.0,0.0
scenario_0407,1,39_0110,0.0,0.0,0.0,0.0
scenario_0408,2,20_0102;20_0164,0.0,0.0,0.0,0.0
scenario_0409,5,55_0216;55_0220;55_0221;55_0260;55_0263,0.0,0.0,0.0,0.0
scenario_0410,2,39_0207;39_0263,0.0,0.0,0.0,0.0
scenario_0411,2,27_3009;4_0262,1495721.5055183591,0.0,0.04645071410236507,1565198.8375479516
scenario_0412,4,20_0110;26_0213;27_2023;40_0122,5081234.9885898745,0.0,0.003008812800080518,5096523.473463761
scenario_0413,4,49_C444;49_C449;49_C450;49_C451,0.0,0.0,0.0,0.0
scenario_0414,5,51_0114;51_0119;51_0120;51_0121;51_0123,0.0,0.0,0.0,0.0
scenario_0415,3,32_0103;32_0106;32_0201,0.0,0.0,0.0,0.0
scenario_0416,4,37_0204;37_0205;37_0207;37_0212,0.0,0.0,0.0,0.0
scenario_0417,1,19_0106,0.0,0.0,0.0,0.0
scenario_0418,4,31_0123;48_0116;4_BA02;6_0203,0.0,0.0,0.0,0.0
scenario_0419,1,29_A808,0.0,0.0,0.0,0.0
scenario_0420,4,48_0001;48_0113;48_0160;48_0903,0.0,0.0,0.0,0.0
scenario_0421,2,39_0102;39_0160,0.0,0.0,0.0,0.0
scenario_0422,2,5_0216;8_0215,6048579.198214885,0.0,0.0058228356740402006,6083799.080947508
scenario_0423,5,27_1003;27_1017;27_2018;27_2023;27_3010,0.0,0.0,0.0,0.0
scenario_0424,2,5_3071;5_A310,0.0,0.0,0.0,0.0
scenario_0425,1,46_0803,0.0,0.0,0.0,0.0
scenario_0426,2,10_0109;4_0261,0.0,0.0,0.0,0.0
scenario_0427,5,19_0214;19_0215;19_0216;19_0219;19_0220,0.0,0.0,0.0,0.0
scenario_0428,5,55_0216;55_0217;55_0220;55_0223;55_0261,0.0,0.0,0.0,0.0
scenario_0429,2,48_0118;4_0214,7021800.351475513,0.0,0.18580124172699755,8326459.575938731
scenario_0430,1,40_0116,4434074.968577904,0.0,0.0026057443657234395,4445629.034444471
scenario_0431,5,12_0103;12_0104;12_0106;12_0107;12_0112,0.0,0.0,0.0,0.0
scenario_0432,1,4_BA60,0.0,0.0,0.0,0.0
scenario_0433,1,51_0113,0.0,0.0,0.0,0.0
scenario_0434,3,49_C446;49_C449;49_C452,0.0,0.0,0.0,0.0
scenario_0435,5,4_0260;4_0263;4_0265;4_0266;4_0267,10991360.859105006,0.0,0.3174986265203176,14481102.835460022
scenario_0436,4,37_A960;37_A961;37_A962;37_A963,1201235.0252480004,0.0,0.0030690325975580956,1204921.6546978152
scenario_0437,1,27_2023,0.0,0.0,0.0,0.0
scenario_0438,4,32_0103;32_0109;32_0112;32_0206,0.0,0.0,0.0,0.0
scenario_0439,1,53_0203,9923981.314844443,0.0,0.0068830037566024755,9992288.115514971
scenario_0440,1,12_AA03,0.0,0.0,0.0,0.0
scenario_0441,1,55_0121,0.0,0.0,0.0,0.0
scenario_0442,4,8_0214;8_0215;8_0504;8_0812,17029084.887074232,0.0,0.01645481522780757,17309295.33238969
scenario_0443,4,30_0120;30_0122;30_0124;30_0902,0.0,0.0,0.0,0.0
scenario_0444,4,30_0121;32_0202;48_3835;4_0222,5900555.719054111,0.0,0.15919834849961645,6839914.444757492
scenario_0445,5,30_0115;4_0219;4_7079;5_0224;6_0207,614888.6971208167,0.0,0.02299724691165878,629029.4443116923
scenario_0446,3,22_0122;22_0705;22_0708,0.0,0.0,0.0,0.0
scenario_0447,1,20_0206,0.0,0.0,0.0,0.0
scenario_0448,4,55_0115;55_0124;55_0221;55_0259,0.0,0.0,0.0,0.0
scenario_0449,3,29_A801;29_A802;29_A807,0.0,0.0,0.0,0.0
scenario_0450,5,35_0103;35_0105;35_0112;35_0503;35_0902,0.0,0.0,0.0,0.0
scenario_0451,3,38_0215;38_0217;38_0261,0.0,0.0,0.0,0.0
scenario_0452,1,32_0210,0.0,0.0,0.0,0.0
scenario_0453,1,8_A444,0.0,0.0,0.0,0.0
scenario_0454,3,41_AA01;41_AA59;41_AA60,0.0,0.0,0.0,0.0
scenario_0455,5,35_0101;35_0102;35_0107;35_0109;35_0111,0.0,0.0,0.0,0.0
scenario_0456,1,36_0801,0.0,0.0,0.0,0.0
scenario_0457,5,10_0159;12_0111;32_7084;4_AA02;4_BA61,0.0,0.0,0.0,0.0
scenario_0458,1,37_0204,0.0,0.0,0.0,0.0
scenario_0459,1,49_E444,0.0,0.0,0.0,0.0
scenario_0460,1,8_A412,0.0,0.0,0.0,0.0
scenario_0461,1,32_0208,0.0,0.0,0.0,0.0
scenario_0462,4,48_F310;48_F320;48_F330;48_F340,0.0,0.0,0.0,0.0
scenario_0463,1,26_0221,0.0,0.0,0.0,0.0
scenario_0464,5,26_0124;26_0159;26_0213;26_0214;26_0259,0.0,0.0,0.0,0.0
scenario_0465,3,22_0115;22_0118;22_0119,0.0,0.0,0.0,0.0
scenario_0466,5,8_0217;8_0220;8_0223;8_0224;8_0259,29056178.492410958,0.0,0.028366079772990438,29880388.36942494
scenario_0467,4,26_0216;26_0219;26_0222;26_0259,0.0,0.0,0.0,0.0
scenario_0468,3,1_0105;1_0162;1_0509,0.0,0.0,0.0,0.0
scenario_0469,1,32_AA62,0.0,0.0,0.0,0.0
scenario_0470,3,37_A960;4_0116;4_0215,1368650.9368232545,0.0,0.046448990851718816,1432223.3916669542
scenario_0471,5,51_0119;51_0120;51_0122;51_0124;51_0159,0.0,0.0,0.0,0.0
scenario_0472,5,26_0114;26_0115;26_0124;26_0216;26_0219,0.0,0.0,0.0,0.0
scenario_0473,2,26_0120;49_C454,0.0,0.0,0.0,0.0
scenario_0474,3,39_0262;39_0263;39_0264,0.0,0.0,0.0,0.0
scenario_0475,3,30_0903;5_0217;5_0222,0.0,0.0,0.0,0.0
scenario_0476,4,49_D449;49_D454;49_D459;49_D461,0.0,0.0,0.0,0.0
scenario_0477,1,6_0201,0.0,0.0,0.0,0.0
scenario_0478,4,37_0203;4_0262;4_BA02;8_0259,7447363.09416905,0.0,0.05228353640329892,7836737.573611624
scenario_0479,6,19_0221;39_0207;4_0217;8_A410;8_A444;8_A446,600397.3087001682,0.0,0.023452882688269432,614478.3563474659
scenario_0480,6,1_0105;1_0163;4_0219;4_0224;4_0262;6_0212,5044604.676385145,0.0,0.1600973759197961,5852232.6476271385
scenario_0481,5,49_7086;49_D431;49_D440;49_D444;49_D450,0.0,0.0,0.0,0.0
scenario_0482,4,12_AA01;12_AA02;12_AA03;12_AA61,0.0,0.0,0.0,0.0
scenario_0483,4,12_0104;12_0112;37_0203;55_6352,659665.1057312527,0.0,0.004215208031630267,662445.7313831173
scenario_0484,4,39_0101;39_0104;39_0106;39_0107,0.0,0.0,0.0,0.0
scenario_0485,4,4_0263;4_0264;4_0267;4_0903,5341841.0187065145,0.0,0.1587505274289396,6189861.097867718
scenario_0486,4,10_0102;20_0211;4_0114;8_0214,6072776.410739313,0.0,0.005832342335172611,6108194.921691706
scenario_0487,2,31_0117;31_0120,0.0,0.0,0.0,0.0
scenario_0488,3,38_0214;38_0218;38_0223,0.0,0.0,0.0,0.0
scenario_0489,1,10_0205,0.0,0.0,0.0,0.0
scenario_0490,3,10_0106;10_0205;10_0209,0.0,0.0,0.0,0.0
scenario_0491,5,20_0161;20_0259;35_0110;51_0119;53_0212,10013610.87721735,0.0,0.0068830037566024755,10082534.598502394
scenario_0492,3,40_0118;40_0160;40_0506,4441544.603047996,0.0,0.0026057443657234395,4453118.132872498
scenario_0493,1,37_2825,0.0,0.0,0.0,0.0
scenario_0494,3,22_0115;22_0116;22_0121,0.0,0.0,0.0,0.0
scenario_0495,2,12_3995;12_4106,0.0,0.0,0.0,0.0
scenario_0496,3,10_0207;27_3012;4_0267,0.7557516299712512,0.0,0.0,0.7557516299712512
scenario_0497,4,28_1001;37_0206;40_4158;6_0201,2443921.9011418624,0.0,0.0029694237973007563,2451178.9409938576
scenario_0498,4,20_0102;20_0204;20_0205;20_0210,0.0,0.0,0.0,0.0
scenario_0499,4,29_AA64;29_AA65;29_AA66;29_AA67,0.0,0.0,0.0,0.0
scenario_0500,3,12_0109;12_0112;12_0503,0.0,0.0,0.0,0.0
scenario_0501,3,4_0213;4_0263;4_0268,10551870.441001195,0.0,0.29944049908328874,13711527.792116795
scenario_0502,3,37_0203;37_0208;37_0210,0.0,0.0,0.0,0.0
scenario_0503,3,49_E448;49_E459;49_E462,0.0,0.0,0.0,0.0
scenario_0504,6,32_AA01;38_0214;39_0263;49_C456;53_0204;6_0204,10030051.401533248,0.0,0.0068830037566024755,10099088.283008918
scenario_0505,2,32_0201;32_0205,0.0,0.0,0.0,0.0
scenario_0506,5,20_0203;32_0205;49_D455;4_0215;51_0115,1367365.3654011607,0.0,0.046448990851718816,1430878.1067496361
scenario_0507,3,40_0122;40_0124;40_0605,9447549.190793432,0.0,0.00561442753031197,9500591.7710642
scenario_0508,2,4_0219;53_0205,10675871.58428537,0.0,0.029878819731043265,10994854.026824
scenario_0509,3,10_0107;26_0214;37_A963,0.0,0.0,0.0,0.0
scenario_0510,1,35_0110,0.0,0.0,0.0,0.0
scenario_0511,3,4_0219;4_0505;4_0559,614888.6971208167,0.0,0.02299724691165878,629029.4443116923
scenario_0512,4,19_0102;19_0112;19_0220;19_0608,0.0,0.0,0.0,0.0
scenario_0513,3,53_0202;53_0212;53_0259,130173856.02228785,0.0,0.08947046321581732,141820571.21919107
scenario_0514,5,1_0103;1_0105;1_0106;1_0112;1_0161,0.0,0.0,0.0,0.0
scenario_0515,6,10_0202;12_0103;20_0110;20_0259;4_AA61;53_0212,10013610.87721735,0.0,0.0068830037566024755,10082534.598502394
scenario_0516,5,35_0103;35_0104;35_0108;35_0109;35_0111,0.0,0.0,0.0,0.0
scenario_0517,3,32_AA01;32_AA61;32_AA62,0.0,0.0,0.0,0.0
scenario_0518,2,28_1001;39_0105,0.0,0.0,0.0,0.0
scenario_0519,3,38_0219;4_0162;6_0208,0.0,0.0,0.0,0.0
scenario_0520,5,27_1004;27_1020;27_3009;27_3012;27_4055,0.0,0.0,0.0,0.0
scenario_0521,4,49_D431;49_D444;49_D454;49_D461,0.0,0.0,0.0,0.0
scenario_0522,5,6_0202;6_0205;6_0208;6_0209;6_0212,0.0,0.0,0.0,0.0
scenario_0523,3,29_AA01;48_0122;4_0266,4809395.680946323,0.0,0.1361971704179833,5464421.764111683
scenario_0524,4,5_0113;5_0117;5_0119;5_0123,0.0,0.0,0.0,0.0
scenario_0525,2,55_0805;55_0806,0.0,0.0,0.0,0.0
scenario_0526,2,10_0208;10_0210,0.0,0.0,0.0,0.0
scenario_0527,2,26_0121;26_0124,0.0,0.0,0.0,0.0
scenario_0528,4,10_0102;10_0110;10_0111;10_0160,0.0,0.0,0.0,0.0
scenario_0529,2,35_0111;4_0213,1381312.0919315484,0.0,0.046450958475790616,1445475.3625559683
scenario_0530,2,55_0118;55_0122,0.0,0.0,0.0,0.0
scenario_0531,2,56_7775;56_B350,0.0,0.0,0.0,0.0
scenario_0532,2,22_0116;22_0124,0.0,0.0,0.0,0.0
scenario_0533,1,5_0222,0.0,0.0,0.0,0.0
scenario_0534,4,27_2023;53_0206;55_0119;6_0206,10104850.454332102,0.0,0.006881648139287596,10174388.479658935
scenario_0535,2,28_1001;28_3091,0.0,0.0,0.0,0.0
scenario_0536,4,8_A413;8_A414;8_A415;8_A444,0.0,0.0,0.0,0.0
scenario_0537,3,31_0115;31_0903;31_0904,0.0,0.0,0.0,0.0
scenario_0538,1,8_A446,0.0,0.0,0.0,0.0
scenario_0539,1,41_7081,0.0,0.0,0.0,0.0
scenario_0540,2,55_0117;55_C901,0.0,0.0,0.0,0.0
scenario_0541,4,49_E431;49_E451;49_E452;49_E454,0.0,0.0,0.0,0.0
scenario_0542,4,39_0104;39_0112;39_0206;39_0263,0.0,0.0,0.0,0.0
scenario_0543,5,12_0105;24_2401;39_0111;4_0216;55_C903,3157637.4542430625,0.0,0.07008146468704154,3378929.3119870774
scenario_0544,6,31_0115;38_0224;48_0160;55_0260;6_0202;8_0221,5964256.527847218,0.0,0.005822402965718967,5998982.832743265
scenario_0545,1,55_0260,0.0,0.0,0.0,0.0
scenario_0546,4,1_4126;38_0259;4_0221;4_0903,0.0,0.0,0.0,0.0
scenario_0547,5,49_D441;49_D443;49_D459;49_D460;49_D461,0.0,0.0,0.0,0.0
scenario_0548,4,4_0122;4_0163;4_A901;4_A902,0.0,0.0,0.0,0.0
scenario_0549,5,49_D431;49_D452;49_D454;49_D459;49_D461,0.0,0.0,0.0,0.0
scenario_0550,3,26_0114;26_0115;26_0117,0.0,0.0,0.0,0.0
scenario_0551,5,49_7086;49_D410;49_D443;49_D444;49_D451,0.0,0.0,0.0,0.0
scenario_0552,4,1_0102;4_AA60;4_BA03;51_0114,0.0,0.0,0.0,0.0
scenario_0553,2,49_C431;6_0209,0.0,0.0,0.0,0.0
scenario_0554,1,35_0801,0.0,0.0,0.0,0.0
scenario_0555,2,35_0801;35_0802,0.0,0.0,0.0,0.0
scenario_0556,2,26_0124;26_0605,0.0,0.0,0.0,0.0
scenario_0557,4,34_0801;34_0802;34_0859;34_0860,0.0,0.0,0.0,0.0
scenario_0558,4,32_0102;32_0104;32_0110;32_0202,0.0,0.0,0.0,0.0
scenario_0559,4,27_1003;27_1004;27_2023;27_3010,0.0,0.0,0.0,0.0
scenario_0560,3,38_0215;39_0262;5_0224,0.0,0.0,0.0,0.0
scenario_0561,2,19_0220;22_0117,0.0,0.0,0.0,0.0
scenario_0562,4,1_0161;49_E443;4_AA61;53_0208,10087425.09022788,0.0,0.0068830037566024755,10156856.875018366
scenario_0563,5,48_0901;4_0223;4_0224;6_0212;8_0217,8783822.628818393,0.0,0.11868148245521283,9826299.720030205
scenario_0564,2,39_0211;39_0261,0.0,0.0,0.0,0.0
scenario_0565,4,32_0101;32_0202;32_0207;32_0210,0.0,0.0,0.0,0.0
scenario_0566,5,4_0213;4_0262;4_0265;4_0267;4_0268,13703209.177937062,0.0,0.3909910361664073,19061041.133223698
scenario_0567,2,10_0103;10_0108,0.0,0.0,0.0,0.0
scenario_0568,3,27_3012;32_AA62;55_0216,0.0,0.0,0.0,0.0
scenario_0569,5,38_0219;38_0224;38_0259;38_0262;38_0264,0.0,0.0,0.0,0.0
scenario_0570,2,12_AA02;12_AA03,0.0,0.0,0.0,0.0
scenario_0571,4,53_0205;53_0206;53_0209;53_0211,40141353.54372812,0.0,0.027528324733596708,41246377.75932598
scenario_0572,5,22_0116;29_AA67;38_0262;4_0221;4_0260,0.0,0.0,0.0,0.0
scenario_0573,6,19_0221;27_3007;37_0202;4_0262;4_BA03;53_A810,1504137.3695313109,0.0,0.04645071410236507,1574005.6244540934
scenario_0574,1,4_0266,4809395.680946323,0.0,0.1361971704179833,5464421.764111683
scenario_0575,3,12_0108;12_0503;12_0565,0.0,0.0,0.0,0.0
scenario_0576,5,19_0213;26_0116;4_0116;4_AA03;6_0208,0.0,0.0,0.0,0.0
scenario_0577,2,19_0223;5_0220,3.5847814204858257,0.0,0.0,3.5847814204858257
scenario_0578,1,49_E430,0.0,0.0,0.0,0.0
scenario_0579,4,8_0214;8_0222;8_0224;8_0503,18026843.81415642,0.0,0.017497506971279077,18342268.63946478
scenario_0580,2,32_0107;32_0209,0.0,0.0,0.0,0.0
scenario_0581,2,49_C456;49_D446,0.0,0.0,0.0,0.0
scenario_0582,6,10_0101;12_0112;19_0216;51_0120;55_0117;6_0208,0.0,0.0,0.0,0.0
scenario_0583,5,48_1068;48_1109;48_3579;48_F310;48_F350,0.0,0.0,0.0,0.0
scenario_0584,6,12_0102;26_0124;49_E448;4_0268;51_0117;8_0812,11815114.423879772,0.0,0.18968836126530247,14056304.117107565
scenario_0585,4,49_7085;49_E440;49_E451;49_E461,0.0,0.0,0.0,0.0
scenario_0586,2,10_0203;10_0208,0.0,0.0,0.0,0.0
scenario_0587,3,55_0114;55_0218;55_0266,0.0,0.0,0.0,0.0
scenario_0588,1,51_0124,0.0,0.0,0.0,0.0
scenario_0589,4,4_1025;4_AA01;4_AA02;4_AA59,0.0,0.0,0.0,0.0
scenario_0590,4,4_0215;4_0216;4_0223;4_0261,4176797.473850457,0.0,0.13754482946654853,4751294.370107529
scenario_0591,2,19_0106;19_0110,0.0,0.0,0.0,0.0
scenario_0592,1,6_0208,0.0,0.0,0.0,0.0
scenario_0593,2,22_0115;22_0123,0.0,0.0,0.0,0.0
scenario_0594,3,4_0268;55_0262;5_0221,8237441.716488784,0.0,0.21477228333540993,10006615.882781439
scenario_0595,3,5_0117;5_0215;5_0220,1314086.5871941093,0.0,0.031383136302783665,1355326.7456736818
scenario_0596,1,41_AA60,0.0,0.0,0.0,0.0
scenario_0597,1,4_0262,1495721.5055183591,0.0,0.04645071410236507,1565198.8375479516
scenario_0598,3,49_E440;49_E445;49_E449,0.0,0.0,0.0,0.0
scenario_0599,6,32_0211;42_1599;49_E450;4_0216;55_0223;8_0218,8558035.077949228,0.0,0.07432839784033482,9194140.11395458
scenario_0600,3,8_A414;8_A431;8_A444,0.0,0.0,0.0,0.0
scenario_0601,4,4_BA03;4_BA59;4_BA60;4_BA61,0.0,0.0,0.0,0.0
scenario_0602,6,20_0161;26_0221;26_0224;4_0213;4_BA59;8_0222,7369825.593678661,0.0,0.05228330081096323,7755144.402117299
scenario_0603,1,49_C458,0.0,0.0,0.0,0.0
scenario_0604,1,4_0121,0.0,0.0,0.0,0.0
scenario_0605,4,12_0102;12_0161;12_0561;12_0565,0.0,0.0,0.0,0.0
scenario_0606,4,10_0105;10_0106;10_0201;10_0204,0.0,0.0,0.0,0.0
scenario_0607,3,37_0211;39_0903;51_0124,0.0,0.0,0.0,0.0
scenario_0608,1,28_3082,0.0,0.0,0.0,0.0
scenario_0609,4,37_0202;37_0205;37_0206;37_0208,0.0,0.0,0.0,0.0
scenario_0610,4,40_0118;40_0122;40_0501;40_0506,27931923.894661978,0.0,0.01644080942634839,28391147.332325384
scenario_0611,2,37_0205;37_0209,0.0,0.0,0.0,0.0
scenario_0612,2,4_0161;4_0163,0.0,0.0,0.0,0.0
scenario_0613,6,29_AA65;39_0265;49_C455;49_D441;4_0263;4_AA03,2263173.959061533,0.0,0.06810081656079034,2417297.9536927403
scenario_0614,4,32_AA60;39_0901;53_0212;5_0219,10013610.87721735,0.0,0.0068830037566024755,10082534.598502394
scenario_0615,2,37_0901;37_0903,0.0,0.0,0.0,0.0
scenario_0616,4,56_7775;56_B310;56_B330;56_B350,0.0,0.0,0.0,0.0
scenario_0617,4,1_0107;1_0108;1_0111;1_0163,0.0,0.0,0.0,0.0
scenario_0618,2,4_0160;4_0265,3918789.3748671943,0.0,0.11320063954154393,4362398.838330768
scenario_0619,3,5_0223;5_0224;5_0810,1225984.753234059,0.0,0.031383136302783665,1264459.999849938
scenario_0620,5,40_0114;40_0124;40_0501;40_0605;40_0608,8833020.687186653,0.0,0.005211359095954891,8879052.729889581
scenario_0621,2,55_6352;55_6354,659665.1057312527,0.0,0.004215208031630267,662445.7313831173
scenario_0622,4,30_0115;30_0506;30_0508;30_0805,0.0,0.0,0.0,0.0
scenario_0623,1,19_0111,0.0,0.0,0.0,0.0
scenario_0624,2,31_0123;31_0124,0.0,0.0,0.0,0.0
scenario_0625,4,48_1068;48_F330;48_F340;48_F350,0.0,0.0,0.0,0.0
scenario_0626,4,55_0114;55_0116;55_0120;55_0261,0.0,0.0,0.0,0.0
scenario_0627,5,39_0204;4_BA02;5_0120;6_0206;6_0211,0.0,0.0,0.0,0.0
scenario_0628,5,40_0115;40_0116;40_0117;40_0118;40_0160,13293756.540834965,0.0,0.007817233097170318,13397676.934451707
scenario_0629,3,27_1004;27_3005;27_3009,0.0,0.0,0.0,0.0
scenario_0630,3,1_0111;37_A960;5_0114,1285.5714220936172,0.0,0.0,1285.5714220936172
scenario_0631,3,39_0201;39_0202;39_0205,0.0,0.0,0.0,0.0
scenario_0632,3,30_0121;30_0124;30_0903,0.0,0.0,0.0,0.0
scenario_0633,5,22_0114;22_0118;22_0119;22_0702;22_0703,0.0,0.0,0.0,0.0
scenario_0634,2,49_7085;49_E456,0.0,0.0,0.0,0.0
scenario_0635,1,40_5021,2443921.9011418624,0.0,0.0029694237973007563,2451178.9409938576
scenario_0636,5,48_0121;4_0218;4_BA61;55_0265;8_A443,0.0,0.0,0.0,0.0
scenario_0637,3,35_0105;35_0509;35_0801,0.0,0.0,0.0,0.0
scenario_0638,4,22_3056;38_0222;46_3052;55_0113,0.0,0.0,0.0,0.0
scenario_0639,3,5_0114;5_0121;5_0122,0.0,0.0,0.0,0.0
scenario_0640,4,20_0107;20_0109;20_0111;20_0202,0.0,0.0,0.0,0.0
scenario_0641,4,51_0114;51_0116;51_0118;51_0159,0.0,0.0,0.0,0.0
scenario_0642,3,38_0216;38_0224;38_0260,0.0,0.0,0.0,0.0
scenario_0643,6,32_AA60;35_0109;4_0118;4_0263;6_0207;8_0215,8311753.157276418,0.0,0.07392365223483055,8926188.307136675
scenario_0644,2,39_0204;39_0259,0.0,0.0,0.0,0.0
scenario_0645,3,10_0106;10_0204;10_0209,0.0,0.0,0.0,0.0
scenario_0646,3,26_0121;26_0124;26_0224,0.0,0.0,0.0,0.0
scenario_0647,3,20_0110;20_0159;20_0901,0.0,0.0,0.0,0.0
scenario_0648,6,19_0220;40_0124;4_0213;4_0264;51_0116;8_A441,8826293.353780087,0.0,0.13970628407417132,10059382.000385258
scenario_0649,2,29_A330;29_AA03,0.0,0.0,0.0,0.0
scenario_0650,1,26_0222,0.0,0.0,0.0,0.0
scenario_0651,1,40_4158,2443921.9011418624,0.0,0.0029694237973007563,2451178.9409938576
scenario_0652,5,26_0213;26_0216;26_0217;26_0221;26_0224,0.0,0.0,0.0,0.0
scenario_0653,1,1_0161,0.0,0.0,0.0,0.0
scenario_0654,5,32_0111;4_0267;53_0209;55_0114;5_0114,9995326.525963174,0.0,0.006881949410656601,10064113.857457848
scenario_0655,4,48_0119;48_0160;48_0166;48_0902,0.0,0.0,0.0,0.0
scenario_0656,2,4_0221;4_0263,2263173.959061533,0.0,0.06810081656079034,2417297.9536927403
scenario_0657,2,55_0214;55_0261,0.0,0.0,0.0,0.0
scenario_0658,6,20_0104;26_0223;32_AA03;37_A964;38_0223;6_0209,0.0,0.0,0.0,0.0
scenario_0659,4,55_0120;55_0214;55_0215;55_0259,0.0,0.0,0.0,0.0
scenario_0660,5,1_4126;29_AA65;49_E444;4_0222;5_0222,5900555.719054111,0.0,0.15919834849961645,6839914.444757492
scenario_0661,3,37_0259;51_0121;6_0206,0.0,0.0,0.0,0.0
scenario_0662,3,29_AA66;4_0213;55_0266,1381312.0919315484,0.0,0.046450958475790616,1445475.3625559683
scenario_0663,4,4_1022;4_1025;4_AA03;4_AA60,0.0,0.0,0.0,0.0
scenario_0664,1,51_0123,0.0,0.0,0.0,0.0
scenario_0665,5,49_C410;4_0216;4_0262;4_BA03;6_0208,3624446.113171465,0.0,0.11454932373180804,4039623.9643376367
scenario_0666,4,37_0902;39_0212;55_0806;6_0210,1201235.0252480004,0.0,0.0030690325975580956,1204921.6546978152
scenario_0667,4,40_0119;40_0120;40_0122;40_0124,18197705.241892956,0.0,0.010825916261758849,18394712.074997857
scenario_0668,1,1_0105,0.0,0.0,0.0,0.0
scenario_0669,2,49_D441;49_D446,0.0,0.0,0.0,0.0
scenario_0670,3,49_E458;4_AA01;8_A446,0.0,0.0,0.0,0.0
scenario_0671,1,8_A455,0.0,0.0,0.0,0.0
scenario_0672,1,19_0104,0.0,0.0,0.0,0.0
scenario_0673,5,37_0207;39_0109;49_E459;4_0262;8_0222,7484235.007265472,0.0,0.05228305643753769,7875533.688542128
scenario_0674,1,53_0211,9980194.432019927,0.0,0.006883154364268023,10048889.650880927
scenario_0675,3,39_0101;39_0209;39_0265,0.0,0.0,0.0,0.0
scenario_0676,3,22_0122;22_0123;22_0707,0.0,0.0,0.0,0.0
scenario_0677,5,20_0103;20_0104;20_0109;20_0160;20_0211,0.0,0.0,0.0,0.0
scenario_0678,1,55_0213,0.0,0.0,0.0,0.0
scenario_0679,5,20_0903;49_C452;4_0263;4_0266;5_0118,7072569.640007858,0.0,0.20429798697877363,8517481.380228654
scenario_0680,5,4_0260;4_0264;4_0266;4_0267;4_0268,14795447.886351047,0.0,0.4117356053328403,20887260.578008287
scenario_0681,1,49_C451,0.0,0.0,0.0,0.0
scenario_0682,2,26_0218;30_0122,0.0,0.0,0.0,0.0
scenario_0683,2,10_0209;49_D445,0.0,0.0,0.0,0.0
scenario_0684,1,38_0222,0.0,0.0,0.0,0.0
scenario_0685,4,20_0208;49_D460;4_BA01;55_0266,0.0,0.0,0.0,0.0
scenario_0686,1,49_C444,0.0,0.0,0.0,0.0
scenario_0687,2,20_0204;8_A411,0.0,0.0,0.0,0.0
scenario_0688,2,31_0122;31_0124,0.0,0.0,0.0,0.0
scenario_0689,1,29_A801,0.0,0.0,0.0,0.0
scenario_0690,1,1_0109,0.0,0.0,0.0,0.0
scenario_0691,4,53_0202;53_0203;53_0212;53_0259,130173856.02228785,0.0,0.08947046321581732,141820571.21919107
scenario_0692,6,22_0119;39_0265;49_E443;4_0215;51_0115;55_0266,1367365.3654011607,0.0,0.046448990851718816,1430878.1067496361
scenario_0693,5,12_0103;12_0105;27_3012;38_0223;8_A443,0.0,0.0,0.0,0.0
scenario_0694,4,10_0208;29_A807;49_7085;6_0211,0.0,0.0,0.0,0.0
scenario_0695,2,12_4059;12_4109,0.0,0.0,0.0,0.0
scenario_0696,5,10_0103;38_0224;38_0263;49_C430;5_0218,0.0,0.0,0.0,0.0
scenario_0697,2,19_0214;46_3052,0.0,0.0,0.0,0.0
scenario_0698,1,26_0214,0.0,0.0,0.0,0.0
scenario_0699,2,30_0117;30_0902,0.0,0.0,0.0,0.0
scenario_0700,1,12_0107,0.0,0.0,0.0,0.0
scenario_0701,2,48_0114;48_0902,0.0,0.0,0.0,0.0
scenario_0702,1,4_AA03,0.0,0.0,0.0,0.0
scenario_0703,3,10_0203;10_0212;10_0259,0.0,0.0,0.0,0.0
scenario_0704,6,26_0116;39_0261;4_BA59;51_0122;55_0116;8_0213,6087876.555146831,0.0,0.0058323903335261405,6123383.42751877
scenario_0705,3,12_0107;1_0104;37_0205,0.0,0.0,0.0,0.0
scenario_0706,5,38_0220;4_0218;4_0262;5_3058;8_0219,7497495.43206192,0.0,0.05228334442173398,7889489.56803679
scenario_0707,4,20_0207;20_0210;20_0211;20_0259,0.0,0.0,0.0,0.0
scenario_0708,2,51_0113;51_0114,0.0,0.0,0.0,0.0
scenario_0709,6,19_0224;22_3056;26_0114;27_2018;48_0123;4_AA03,0.0,0.0,0.0,0.0
scenario_0710,3,31_0124;4_AA01;5_0119,0.0,0.0,0.0,0.0
scenario_0711,3,4_BA02;4_BA59;4_BA61,0.0,0.0,0.0,0.0
scenario_0712,5,49_E446;49_E448;49_E458;49_E459;49_E460,0.0,0.0,0.0,0.0
scenario_0713,4,10_0112;10_0201;10_0206;10_0209,0.0,0.0,0.0,0.0
scenario_0714,2,37_0801;37_0802,0.0,0.0,0.0,0.0
scenario_0715,4,38_0214;38_0219;38_0224;38_0263,0.0,0.0,0.0,0.0
scenario_0716,5,32_0106;32_0204;32_0206;32_0208;32_0209,0.0,0.0,0.0,0.0
scenario_0717,3,39_0107;39_0202;39_0205,0.0,0.0,0.0,0.0
scenario_0718,3,32_0104;4_0213;4_AA02,1381312.0919315484,0.0,0.046450958475790616,1445475.3625559683
scenario_0719,5,35_0104;35_0108;35_0501;35_0509;35_0802,0.0,0.0,0.0,0.0
scenario_0720,3,39_0105;39_0209;4_0219,614888.6971208167,0.0,0.02299724691165878,629029.4443116923
scenario_0721,2,5_0218;8_A451,0.0,0.0,0.0,0.0
scenario_0722,2,32_0202;32_0208,0.0,0.0,0.0,0.0
scenario_0723,3,19_0221;49_C450;5_0118,0.0,0.0,0.0,0.0
scenario_0724,3,51_0115;51_0119;51_0124,0.0,0.0,0.0,0.0
scenario_0725,3,6_0209;6_0559;6_0659,0.0,0.0,0.0,0.0
scenario_0726,1,32_0111,0.0,0.0,0.0,0.0
scenario_0727,1,41_AA02,0.0,0.0,0.0,0.0
scenario_0728,6,26_0121;27_1004;48_0115;49_7083;55_0265;5_0123,0.0,0.0,0.0,0.0
scenario_0729,2,20_0106;20_0112,0.0,0.0,0.0,0.0
scenario_0730,2,48_AA02;48_AA03,0.0,0.0,0.0,0.0
scenario_0731,5,26_0218;27_3009;27_3012;6_0205;8_0223,5995880.784636178,0.0,0.005832822300933857,6030853.691790544
scenario_0732,1,40_4163,41162330.433500044,0.0,0.016276865007311302,41832324.129352465
scenario_0733,5,1_0101;1_0102;1_0106;1_0112;1_0161,0.0,0.0,0.0,0.0
scenario_0734,5,38_0216;38_0217;38_0218;38_0223;38_0264,0.0,0.0,0.0,0.0
scenario_0735,5,26_0119;30_8129;48_0123;4_0268;51_0122,6907385.145759741,0.0,0.18488872404670773,8184482.771858441
scenario_0736,3,20_0102;20_0162;20_0901,0.0,0.0,0.0,0.0
scenario_0737,4,22_0115;22_0119;22_0706;22_0707,0.0,0.0,0.0,0.0
scenario_0738,6,29_AA64;31_0124;48_0901;4_0217;4_0265;5_0214,4519186.683567363,0.0,0.13665352222981336,5136749.461490911
scenario_0739,2,4_AA01;51_0122,0.0,0.0,0.0,0.0
scenario_0740,5,22_0113;22_0114;22_0115;22_0119;22_0122,0.0,0.0,0.0,0.0
scenario_0741,4,48_0114;48_0160;48_0162;48_0163,0.0,0.0,0.0,0.0
scenario_0742,1,20_0160,0.0,0.0,0.0,0.0
scenario_0743,2,29_AA03;35_0110,0.0,0.0,0.0,0.0
scenario_0744,5,37_0202;49_C443;49_C450;4_0218;6_0205,0.0,0.0,0.0,0.0
scenario_0745,5,8_0215;8_0218;8_0219;8_0224;8_0811,29386131.430013914,0.0,0.028517713723829573,30224156.71358588
scenario_0746,4,6_0204;6_0207;6_0210;6_0211,0.0,0.0,0.0,0.0
scenario_0747,4,5_0116;5_0118;5_0218;5_0220,5.385496257669321,0.0,0.0,5.385496257669321
scenario_0748,3,38_0218;38_0219;38_0222,0.0,0.0,0.0,0.0
scenario_0749,4,8_0213;8_0217;8_0218;8_0811,22609746.787226968,0.0,0.02189665432706659,23104824.59704938
scenario_0750,5,20_0101;20_0159;20_0163;20_0164;20_0903,0.0,0.0,0.0,0.0
scenario_0751,5,10_0209;4_0216;4_0267;4_AA59;55_6355,3570628.4809074653,0.0,0.0765290256927035,3843885.199661932
scenario_0752,3,12_0105;37_0201;39_0261,0.0,0.0,0.0,0.0
scenario_0753,2,38_0213;38_0216,0.0,0.0,0.0,0.0
scenario_0754,2,31_0118;8_0216,6102354.296847323,0.0,0.005832822300933857,6137948.2450781735
scenario_0755,3,27_1003;39_0208;6_0209,0.0,0.0,0.0,0.0
scenario_0756,4,48_0116;48_0118;48_0123;48_0167,0.0,0.0,0.0,0.0
scenario_0757,4,4_0121;4_0268;4_0659;4_0668,6907385.145759741,0.0,0.18488872404670773,8184482.771858441
scenario_0758,4,4_0162;4_0260;4_0504;4_0505,0.0,0.0,0.0,0.0
scenario_0759,1,26_0259,0.0,0.0,0.0,0.0
scenario_0760,5,40_0114;40_0115;40_0117;40_0118;40_0122,18407617.928937156,0.0,0.010826045897250837,18606899.64549489
scenario_0761,5,10_0101;1_0106;27_2018;27_3007;29_AA67,0.0,0.0,0.0,0.0
scenario_0762,2,8_0220;8_0259,11928309.95876283,0.0,0.011665596607068878,12067460.81094584
scenario_0763,1,10_0206,0.0,0.0,0.0,0.0
scenario_0764,1,49_E460,0.0,0.0,0.0,0.0
scenario_0765,4,20_0106;20_0205;4_BA02;55_6352,659665.1057312527,0.0,0.004215208031630267,662445.7313831173
scenario_0766,2,6_0209;8_A443,0.0,0.0,0.0,0.0
scenario_0767,1,19_0103,0.0,0.0,0.0,0.0
scenario_0768,1,38_0261,0.0,0.0,0.0,0.0
scenario_0769,2,27_3007;27_3010,0.0,0.0,0.0,0.0
scenario_0770,2,39_0160;39_0903,0.0,0.0,0.0,0.0
scenario_0771,2,29_0801;5_0123,0.0,0.0,0.0,0.0
scenario_0772,2,12_0108;12_0109,0.0,0.0,0.0,0.0
scenario_0773,3,39_0111;39_0160;39_0259,0.0,0.0,0.0,0.0
scenario_0774,5,40_0114;40_0116;40_0117;40_0118;40_0160,17760460.774234083,0.0,0.010422977462893758,17945577.65661453
scenario_0775,2,1_4073;1_4127,0.0,0.04730896598935008,0.0,0.0
scenario_0776,2,32_0201;49_7083,0.0,0.0,0.0,0.0
scenario_0777,1,4_7079,0.0,0.0,0.0,0.0
scenario_0778,5,27_3012;46_0859;49_D461;4_0216;8_0222,8117239.113443458,0.0,0.07393095196461559,8717354.328424746
scenario_0779,4,20_4053;20_4054;20_A410;20_A411,0.0,0.0,0.0,0.0
scenario_0780,5,26_0216;4_A902;5_0221;8_0215;8_0218,13807932.749818519,0.0,0.041936183173634234,14386984.74686413
scenario_0781,2,48_0160;5_0213,1209999.293813331,0.0,0.03288271331686513,1249787.353705404
scenario_0782,1,39_A804,0.0,0.0,0.0,0.0
scenario_0783,1,20_0112,0.0,0.0,0.0,0.0
scenario_0784,3,37_0203;37_0205;37_0211,0.0,0.0,0.0,0.0
scenario_0785,4,19_0106;20_0161;37_A962;8_0223,5995880.784636178,0.0,0.005832822300933857,6030853.691790544
scenario_0786,4,8_A411;8_A441;8_A442;8_A445,0.0,0.0,0.0,0.0
scenario_0787,2,4_AA02;4_AA61,0.0,0.0,0.0,0.0
scenario_0788,3,20_0201;32_7084;4_0162,0.0,0.0,0.0,0.0
scenario_0789,4,19_0215;19_0221;19_0222;19_0259,0.0,0.0,0.0,0.0
scenario_0790,3,39_0265;48_0123;4_0263,2263173.959061533,0.0,0.06810081656079034,2417297.9536927403
scenario_0791,4,6_0205;6_0210;6_0508;6_0569,0.0,0.0,0.0,0.0
scenario_0792,4,26_0113;26_0118;26_0224;26_0259,0.0,0.0,0.0,0.0
scenario_0793,1,27_3010,0.0,0.0,0.0,0.0
scenario_0794,2,38_0221;38_0222,0.0,0.0,0.0,0.0
scenario_0795,3,32_AA61;48_0165;55_C960,0.0,0.0,0.0,0.0
scenario_0796,1,53_0802,10812987.527541343,0.0,0.00797021965651345,10899169.413278988
scenario_0797,2,27_3009;27_3010,0.0,0.0,0.0,0.0
scenario_0798,3,5_0119;5_0804;5_0809,0.0,0.0,0.0,0.0
scenario_0799,2,40_0120;40_0123,8727970.271804497,0.0,0.005211359095954891,8773454.859069688
scenario_0800,2,5_0215;8_0216,7416438.191293303,0.0,0.03721595860371752,7692448.048007504
scenario_0801,4,20_0101;20_0163;20_0164;20_0903,0.0,0.0,0.0,0.0
scenario_0802,1,39_0263,0.0,0.0,0.0,0.0
scenario_0803,1,4_0267,0.7557516299712512,0.0,0.0,0.7557516299712512
scenario_0804,4,1_0112;22_3056;31_0114;5_0120,0.0,0.0,0.0,0.0
scenario_0805,6,26_0116;40_5021;5_0117;5_0219;6_0204;8_0224,8409475.802811857,0.0,0.008802246098234615,8483498.078385357
scenario_0806,4,20_0104;39_0159;5_0223;6_0202,1225984.753234059,0.0,0.031383136302783665,1264459.999849938
scenario_0807,5,12_0103;32_7084;4_BA03;4_BA61;53_0206,10104850.454332102,0.0,0.006881648139287596,10174388.479658935
scenario_0808,2,10_0101;10_0212,0.0,0.0,0.0,0.0
scenario_0809,1,28_1001,0.0,0.0,0.0,0.0
scenario_0810,5,38_0215;38_0216;38_0217;38_0259;38_0264,0.0,0.0,0.0,0.0
scenario_0811,6,10_0207;19_0220;20_0111;22_0120;31_0115;8_0219,6001773.926543561,0.0,0.00583263031936891,6036780.055117517
scenario_0812,1,20_0111,0.0,0.0,0.0,0.0
scenario_0813,2,30_0119;30_0902,0.0,0.0,0.0,0.0
scenario_0814,5,4_A310;4_A320;4_A350;4_A390;4_A901,0.0,0.0,0.0,0.0
scenario_0815,2,12_0106;5_0119,0.0,0.0,0.0,0.0
scenario_0816,5,8_0219;8_0221;8_0224;8_0259;8_0812,28790723.989289034,0.0,0.028120315105550346,29600328.219984766
scenario_0817,5,31_0113;39_0106;55_C902;6_0205;6_0206,0.0,0.0,0.0,0.0
scenario_0818,3,49_D410;49_D443;49_D444,0.0,0.0,0.0,0.0
scenario_0819,5,53_0201;53_0204;53_0205;53_0206;53_0209,50235416.939540975,0.0,0.034409897584297494,51964012.49153506
scenario_0820,4,20_0103;20_0160;20_0901;20_0902,0.0,0.0,0.0,0.0
scenario_0821,4,4_1065;4_AA02;4_AA60;4_B320,0.0,0.0,0.0,0.0
scenario_0822,6,37_0212;48_0116;49_C430;55_0217;6_0204;8_A455,0.0,0.0,0.0,0.0
scenario_0823,3,37_0203;48_AA01;53_0212,10013610.87721735,0.0,0.0068830037566024755,10082534.598502394
scenario_0824,5,8_0214;8_0215;8_0216;8_0217;8_0220,29368708.56766937,0.0,0.028355613180335533,30201476.30742021
scenario_0825,3,55_0122;55_0124;55_0224,0.0,0.0,0.0,0.0
scenario_0826,5,19_0221;37_0208;41_7081;4_0213;56_B320,1381312.0919315484,0.0,0.046450958475790616,1445475.3625559683
scenario_0827,1,49_C445,0.0,0.0,0.0,0.0
scenario_0828,2,35_0101;39_0202,0.0,0.0,0.0,0.0
scenario_0829,3,10_0201;32_AA01;48_0902,0.0,0.0,0.0,0.0
scenario_0830,2,19_0108;19_0608,0.0,0.0,0.0,0.0
scenario_0831,3,10_0109;32_7084;4_0221,0.0,0.0,0.0,0.0
scenario_0832,3,49_C430;49_C445;49_C448,0.0,0.0,0.0,0.0
scenario_0833,3,20_0109;38_0261;4_BA03,0.0,0.0,0.0,0.0
scenario_0834,3,12_4059;41_AA01;41_AA03,0.0,0.0,0.0,0.0
scenario_0835,2,48_0161;55_0118,0.0,0.0,0.0,0.0
scenario_0836,3,36_0802;55_0219;6_0210,0.0,0.0,0.0,0.0
scenario_0837,5,20_0109;27_1020;28_0806;38_0220;4_BA60,0.0,0.0,0.0,0.0
scenario_0838,1,10_0201,0.0,0.0,0.0,0.0
scenario_0839,2,49_C458;6_0202,0.0,0.0,0.0,0.0
scenario_0840,3,53_0201;53_0205;53_0212,30118465.64656329,0.0,0.020646300034353294,30740300.5248766
scenario_0841,3,32_0112;32_0202;32_0259,0.0,0.0,0.0,0.0
scenario_0842,5,49_D444;49_D446;49_D449;49_D452;49_D454,0.0,0.0,0.0,0.0
scenario_0843,1,12_0110,0.0,0.0,0.0,0.0
scenario_0844,5,5_0213;5_0215;5_0216;5_0218;5_0222,1896002.9996229163,0.0,0.04782449296121623,1986678.3817328273
scenario_0845,3,19_0101;19_0107;19_0109,0.0,0.0,0.0,0.0
scenario_0846,1,8_A451,0.0,0.0,0.0,0.0
scenario_0847,4,20_0163;37_1992;46_3052;5_0223,2427219.7784820595,0.0,0.03445216890034176,2510842.7642485737
scenario_0848,2,28_0805;28_0806,0.0,0.0,0.0,0.0
scenario_0849,6,20_0201;39_0107;4_0262;4_AA61;55_C960;5_0121,1495721.5055183591,0.0,0.04645071410236507,1565198.8375479516
scenario_0850,1,49_C447,0.0,0.0,0.0,0.0
scenario_0851,3,49_3010;49_C450;49_C456,0.0,0.0,0.0,0.0
scenario_0852,4,22_0113;22_0116;22_0122;22_0705,0.0,0.0,0.0,0.0
scenario_0853,2,37_A962;37_A963,0.0,0.0,0.0,0.0
scenario_0854,4,4_1007;4_B964;4_BA02;4_BA03,0.0,0.0,0.0,0.0
scenario_0855,3,22_0114;38_0217;39_0261,0.0,0.0,0.0,0.0
scenario_0856,5,55_6351;55_6352;55_6353;55_6354;55_6355,2101567.313194276,0.0,0.0126456240948908,2128142.9434470404
scenario_0857,4,40_0113;40_0117;40_0119;40_0122,18969769.33745172,0.0,0.011229320694901509,19182786.960850272
scenario_0858,1,55_0118,0.0,0.0,0.0,0.0
scenario_0859,5,37_0207;4_0221;5_0220;5_0224;8_0214,6072876.134311371,0.0,0.005832342335172611,6108295.226885775
scenario_0860,3,37_0859;48_0162;4_AA60,0.0,0.0,0.0,0.0
scenario_0861,2,32_AA01;32_AA59,0.0,0.0,0.0,0.0
scenario_0862,2,19_0109;19_0111,0.0,0.0,0.0,0.0
scenario_0863,2,19_0213;19_0219,0.0,0.0,0.0,0.0
scenario_0864,6,37_0903;4_0216;4_0224;4_BA02;5_0215;5_A350,6376807.941465005,0.0,0.19013116083799889,7589237.837816717
scenario_0865,2,8_7035;8_7776,87554797.32557559,0.0,0.08500290868500508,94997209.76757562
scenario_0866,4,55_0215;55_C901;55_C959;55_C960,0.0,0.0,0.0,0.0
scenario_0867,1,1_0106,0.0,0.0,0.0,0.0
scenario_0868,1,55_0218,0.0,0.0,0.0,0.0
scenario_0869,5,10_0207;20_0211;27_3009;37_1992;38_0221,1201235.0252480004,0.0,0.0030690325975580956,1204921.6546978152
scenario_0870,2,39_0106;39_0211,0.0,0.0,0.0,0.0
scenario_0871,3,19_0105;30_8129;4_0263,2263173.959061533,0.0,0.06810081656079034,2417297.9536927403
scenario_0872,4,20_0110;22_0120;29_AA63;55_0122,0.0,0.0,0.0,0.0
scenario_0873,2,49_D444;49_D445,0.0,0.0,0.0,0.0
scenario_0874,5,1_0102;1_0103;1_0104;1_0106;1_0161,0.0,0.0,0.0,0.0
scenario_0875,3,56_7775;56_B320;56_B330,0.0,0.0,0.0,0.0
scenario_0876,5,49_E448;49_E449;49_E458;49_E460;49_E462,0.0,0.0,0.0,0.0
scenario_0877,1,30_0122,0.0,0.0,0.0,0.0
scenario_0878,3,1_0111;1_0162;1_0608,0.0,0.00018424619769374928,0.0,0.0
scenario_0879,2,10_0109;4_AA02,0.0,0.0,0.0,0.0
scenario_0880,5,26_0113;26_0116;26_0119;26_0123;26_0124,0.0,0.0,0.0,0.0
scenario_0881,2,19_0217;19_0219,0.0,0.0,0.0,0.0
scenario_0882,5,39_0108;39_0201;39_0260;39_0261;39_0262,0.0,0.0,0.0,0.0
scenario_0883,5,20_0110;20_0204;48_0162;6_0203;8_0220,5976668.370112139,0.0,0.00583277430613502,6011528.9278176185
scenario_0884,5,55_0115;55_0116;55_0117;55_0119;55_0123,0.0,0.0,0.0,0.0
scenario_0885,5,56_B310;56_B320;56_B330;56_B350;56_B360,0.0,0.0,0.0,0.0
scenario_0886,5,8_0216;8_0217;8_0218;8_0223;8_0259,29646406.043399863,0.0,0.02876309367774726,30499128.397634704
scenario_0887,3,26_0221;30_0123;37_0205,0.0,0.0,0.0,0.0
scenario_0888,3,32_AA03;4_0222;4_AA02,5900555.719054111,0.0,0.15919834849961645,6839914.444757492
scenario_0889,1,5_A310,0.0,0.0,0.0,0.0
scenario_0890,4,10_0101;10_0103;10_0109;10_0111,0.0,0.0,0.0,0.0
scenario_0891,5,29_AA01;29_AA02;29_AA61;29_AA64;29_AA65,0.0,0.0,0.0,0.0
scenario_0892,3,1_0110;20_0903;5_0115,0.0,0.0,0.0,0.0
scenario_0893,2,26_0213;26_0607,0.0,0.0,0.0,0.0
scenario_0894,3,49_7082;49_C450;49_C457,0.0,0.0,0.0,0.0
scenario_0895,2,26_0216;26_0217,0.0,0.0,0.0,0.0
scenario_0896,1,24_2401,1028911.8425467168,0.0,0.001982855057598576,1030952.0255975337
scenario_0897,1,20_0109,0.0,0.0,0.0,0.0
scenario_0898,5,32_AA03;32_AA59;32_AA60;32_AA61;32_AA62,0.0,0.0,0.0,0.0
scenario_0899,4,39_0202;39_0212;39_0259;39_0903,0.0,0.0,0.0,0.0
scenario_0900,5,30_0903;40_4166;49_C455;4_0215;55_0223,1367365.3654011607,0.0,0.046448990851718816,1430878.1067496361
scenario_0901,1,37_0208,0.0,0.0,0.0,0.0
scenario_0902,4,48_0117;49_C453;49_D451;55_6353,654311.8514929921,0.0,0.004215208031630267,657069.9120645962
scenario_0903,3,39_0201;48_0113;53_0207,10125980.245384714,0.0,0.0068830037566024755,10195677.40545298
scenario_0904,6,10_0108;19_0103;26_0217;37_0208;49_D443;6_0205,0.0,0.0,0.0,0.0
scenario_0905,4,49_D450;49_D452;49_D459;49_D460,0.0,0.0,0.0,0.0
scenario_0906,1,48_0123,0.0,0.0,0.0,0.0
scenario_0907,2,5_0215;5_0219,1314083.8944459804,0.0,0.031383136302783665,1355323.9684186715
scenario_0908,3,19_0213;38_0221;46_0803,0.0,0.0,0.0,0.0
scenario_0909,3,55_0114;55_0213;55_0266,0.0,0.0,0.0,0.0
scenario_0910,4,53_0204;53_0206;53_0207;53_0212,40306979.29307406,0.0,0.027530659409095024,41416657.01180112
scenario_0911,3,10_0102;10_0110;10_0111,0.0,0.0,0.0,0.0
scenario_0912,2,4_0161;4_0509,0.0,0.0,0.0,0.0
scenario_0913,2,48_0118;48_0123,0.0,0.0,0.0,0.0
scenario_0914,1,35_0101,0.0,0.0,0.0,0.0
scenario_0915,5,37_A960;37_A961;37_A962;37_A963;37_A964,1201235.0252480004,0.0,0.0030690325975580956,1204921.6546978152
scenario_0916,2,48_0165;48_0902,0.0,0.0,0.0,0.0
scenario_0917,2,4_0267;55_C902,0.7557516299712512,0.0,0.0,0.7557516299712512
scenario_0918,2,26_0122;26_0159,0.0,0.0,0.0,0.0
scenario_0919,5,20_0206;32_0109;39_0205;5_0213;5_0214,1209999.293813331,0.0,0.03288271331686513,1249787.353705404
scenario_0920,1,20_0163,0.0,0.0,0.0,0.0
scenario_0921,4,4_0119;4_0160;4_0508;4_0669,0.0,0.0,0.0,0.0
scenario_0922,2,49_E410;49_E451,0.0,0.0,0.0,0.0
scenario_0923,4,29_AA62;38_0215;42_1599;4_AA61,0.0,0.0,0.0,0.0
scenario_0924,5,49_D410;49_D430;49_D448;49_D449;49_D455,0.0,0.0,0.0,0.0
scenario_0925,1,31_0115,0.0,0.0,0.0,0.0
scenario_0926,4,49_7082;49_C447;49_C454;49_C455,0.0,0.0,0.0,0.0
scenario_0927,2,32_0112;32_0205,0.0,0.0,0.0,0.0
scenario_0928,5,12_0102;12_0103;12_0507;12_0563;12_0564,0.0,0.0,0.0,0.0
scenario_0929,3,5_0214;5_0221;5_0803,1330056.5707290429,0.0,0.02988355928870219,1369803.395117752
scenario_0930,2,4_0116;4_0268,6907385.145759741,0.0,0.18488872404670773,8184482.771858441
scenario_0931,2,48_0167;48_0801,0.0,0.0,0.0,0.0
scenario_0932,2,20_0161;20_0208,0.0,0.0,0.0,0.0
scenario_0933,5,30_0114;30_0116;30_0120;30_0561;30_0805,0.0,0.0,0.0,0.0
scenario_0934,2,20_0163;20_0902,0.0,0.0,0.0,0.0
scenario_0935,6,40_0114;49_C456;4_0218;4_0222;55_0115;8_A441,10367262.204037206,0.0,0.16180409286533987,12044727.66045857
scenario_0936,2,32_0203;38_0224,0.0,0.0,0.0,0.0
scenario_0937,3,20_0212;4_0220;53_0210,13767020.191605799,0.0,0.12008188204573476,15420189.886375455
scenario_0938,4,56_7775;56_B320;56_B330;56_B360,0.0,0.0,0.0,0.0
scenario_0939,6,19_0259;22_3056;39_0105;4_0222;4_BA03;6_0207,5900555.719054111,0.0,0.15919834849961645,6839914.444757492
scenario_0940,3,32_0107;32_0109;32_0111,0.0,0.0,0.0,0.0
scenario_0941,3,8_0502;8_0505;8_0812,4907729.2781200325,0.0,0.004799637218594757,4931284.598222084
scenario_0942,5,39_0210;39_0212;39_0901;39_0902;39_0903,0.0,0.0,0.0,0.0
scenario_0943,4,12_0105;12_0505;12_0565;12_0902,0.0,0.0,0.0,0.0
scenario_0944,3,39_0109;39_0262;39_0263,0.0,0.0,0.0,0.0
scenario_0945,3,49_E410;49_E454;49_E461,0.0,0.0,0.0,0.0
scenario_0946,3,39_0101;39_0106;39_0903,0.0,0.0,0.0,0.0
scenario_0947,6,28_0806;29_AA63;55_0124;5_0215;8_0220;8_0224,13261671.870247554,0.0,0.04304873290985255,13832570.040527945
scenario_0948,1,48_AA03,0.0,0.0,0.0,0.0
scenario_0949,4,26_0113;26_0217;26_0223;26_0659,0.0,0.0,0.0,0.0
scenario_0950,1,32_0201,0.0,0.0,0.0,0.0
scenario_0951,4,39_0101;39_0112;39_0204;39_0208,0.0,0.0,0.0,0.0
scenario_0952,1,12_0106,0.0,0.0,0.0,0.0
scenario_0953,3,48_0117;48_0162;48_0902,0.0,0.0,0.0,0.0
scenario_0954,2,5_0116;5_0117,0.0,0.0,0.0,0.0
scenario_0955,2,48_0119;4_0222,5900555.719054111,0.0,0.15919834849961645,6839914.444757492
scenario_0956,4,37_0201;37_0204;37_0205;37_0206,0.0,0.0,0.0,0.0
scenario_0957,3,20_0203;20_0208;20_0212,0.0,0.0,0.0,0.0
scenario_0958,6,10_0106;20_0209;49_D445;4_0224;55_0121;8_0259,8885639.808629006,0.0,0.09648223720670611,9742946.216378499
scenario_0959,2,49_D441;49_D455,0.0,0.0,0.0,0.0
scenario_0960,5,30_0118;30_0120;30_0122;30_0123;30_0506,0.0,0.0,0.0,0.0
scenario_0961,3,12_0106;8_0811;8_A410,4935794.789273461,0.0,0.004799637218594757,4959484.813647404
scenario_0962,5,41_7081;49_D445;4_0220;4_0264;8_0216,12294155.639085282,0.0,0.18713240440538662,14594790.543961352
scenario_0963,5,55_C901;55_C902;55_C903;55_C959;55_C960,0.0,0.0,0.0,0.0
scenario_0964,4,26_0215;39_0101;40_4163;48_0123,41162330.433500044,0.0,0.016276865007311302,41832324.129352465
scenario_0965,5,4_0115;4_0220;4_0261;4_0503;4_0560,3806791.4089231277,0.0,0.11320053519100609,4237722.23377375
scenario_0966,3,31_0117;31_0123;31_0903,0.0,0.0,0.0,0.0
scenario_0967,2,30_0503;30_0901,0.0,0.0,0.0,0.0
scenario_0968,3,20_0201;20_0203;20_0204,0.0,0.0,0.0,0.0
scenario_0969,2,31_0904;4_AA03,0.0,0.0,0.0,0.0
scenario_0970,3,55_0117;55_0224;55_0901,0.0,0.0,0.0,0.0
scenario_0971,4,30_0902;40_4154;48_0902;55_0124,52997605.10888406,0.0,0.03124183105827568,54653347.33418902
scenario_0972,5,20_0159;26_0116;32_0210;49_E455;4_0215,1367365.3654011607,0.0,0.046448990851718816,1430878.1067496361
scenario_0973,5,20_0109;29_AA03;49_C441;53_0208;8_A410,10087425.09022788,0.0,0.0068830037566024755,10156856.875018366
scenario_0974,6,20_0206;32_0206;37_0903;37_1992;48_0114;49_E452,1201235.0252480004,0.0,0.0030690325975580956,1204921.6546978152
scenario_0975,3,37_0259;49_D455;5_0222,0.0,0.0,0.0,0.0
scenario_0976,2,53_0202;53_0203,19865309.198965255,0.0,0.013764350611331142,20138742.279782314
scenario_0977,2,27_3009;27_3012,0.0,0.0,0.0,0.0
scenario_0978,5,10_0102;19_0221;20_0201;27_3012;35_0110,0.0,0.0,0.0,0.0
scenario_0979,3,39_0103;39_0108;39_0809,0.0,0.0,0.0,0.0
scenario_0980,3,32_AA02;32_AA59;32_AA62,0.0,0.0,0.0,0.0
scenario_0981,3,12_AA02;12_AA03;12_AA61,0.0,0.0,0.0,0.0
scenario_0982,2,8_0259;8_A443,5951641.588650691,0.0,0.005832822300933857,5986356.456436139
scenario_0983,4,19_0222;20_0208;26_0114;39_0202,0.0,0.0,0.0,0.0
scenario_0984,2,38_0213;38_0219,0.0,0.0,0.0,0.0
scenario_0985,4,53_0204;53_0205;53_0212;53_0802,38627172.82582253,0.0,0.026946932322253314,39668056.637759954
scenario_0986,1,38_0214,0.0,0.0,0.0,0.0
scenario_0987,3,32_0103;32_0203;32_0206,0.0,0.0,0.0,0.0
scenario_0988,2,10_0210;10_0211,0.0,0.0,0.0,0.0
scenario_0989,2,55_0113;55_0117,0.0,0.0,0.0,0.0
scenario_0990,5,19_0221;1_4126;27_3009;31_0114;5_0115,0.0,0.0,0.0,0.0
scenario_0991,2,8_0222;8_0259,11940155.090397805,0.0,0.011665164636106468,12079438.965307942
scenario_0992,1,48_0119,0.0,0.0,0.0,0.0
scenario_0993,1,12_0109,0.0,0.0,0.0,0.0
scenario_0994,3,48_5284;8_0220;8_0224,11947587.975801572,0.0,0.011665596607068878,12086963.71755474
scenario_0995,4,32_AA02;32_AA03;32_AA60;32_AA61,0.0,0.0,0.0,0.0
scenario_0996,5,35_0101;35_0103;35_0104;35_0105;35_0106,0.0,0.0,0.0,0.0
scenario_0997,4,4_0162;4_0216;4_0217;53_0208,12816548.010624392,0.0,0.09843449607431487,14078138.455462467
scenario_0998,5,26_0113;26_0121;26_0222;26_0601;26_0602,0.0,0.0,0.0,0.0
scenario_0999,2,29_AA61;29_AA62,0.0,0.0,0.0,0.0
scenario_1000,3,48_0162;6_0203;8_0220,5976668.370112139,0.0,0.00583277430613502,6011528.9278176185
scenario_1001,1,26_0117,0.0,0.0,0.0,0.0
scenario_1002,3,26_0224;48_F340;4_0262,1495721.5055183591,0.0,0.04645071410236507,1565198.8375479516
scenario_1003,4,29_AA01;29_AA02;29_AA62;29_AA63,0.0,0.0,0.0,0.0
scenario_1004,3,56_B330;56_B350;56_B360,0.0,0.0,0.0,0.0
scenario_1005,2,49_D445;49_D462,0.0,0.0,0.0,0.0
scenario_1006,2,27_1004;27_3009,0.0,0.0,0.0,0.0
scenario_1007,3,30_0115;55_6353;8_0223,6650192.636129171,0.0,0.010048030332564123,6717013.973454391
scenario_1008,1,55_0214,0.0,0.0,0.0,0.0
scenario_1009,5,26_0113;26_0117;26_0120;26_0122;26_0123,0.0,0.0,0.0,0.0
scenario_1010,3,37_0204;37_0208;37_0210,0.0,0.0,0.0,0.0
scenario_1011,2,8_A410;8_A451,0.0,0.0,0.0,0.0
scenario_1012,4,55_0123;55_0124;55_0215;55_0909,0.0,0.0,0.0,0.0
scenario_1013,4,5_0803;5_0804;5_0809;5_0810,0.0,0.0,0.0,0.0
scenario_1014,2,39_0104;39_0109,0.0,0.0,0.0,0.0
scenario_1015,3,20_0102;20_0160;20_0902,0.0,0.0,0.0,0.0
scenario_1016,5,5_0113;5_0116;5_0124;5_0213;5_0221,2540055.864542374,0.0,0.06276627260556733,2699485.7033696105
scenario_1017,5,19_0214;26_0215;4_0215;4_BA60;8_0811,6303160.154674622,0.0,0.05124862807031358,6626188.465109162
scenario_1018,4,4_0115;4_0216;4_0261;4_0665,2128725.6116963453,0.0,0.06809860962944297,2273688.866135452
scenario_1019,2,4_0213;4_0508,1381312.0919315484,0.0,0.046450958475790616,1445475.3625559683
scenario_1020,4,48_0122;48_0162;48_0165;48_0802,0.0,0.0,0.0,0.0
scenario_1021,3,32_0211;38_0221;49_C455,0.0,0.0,0.0,0.0
scenario_1022,2,26_0117;26_0124,0.0,0.0,0.0,0.0
scenario_1023,6,22_0113;34_0860;48_0161;4_0260;4_AA02;55_0264,0.0,0.0,0.0,0.0
scenario_1024,3,5_0215;5_0217;5_0224,1314083.8944459804,0.0,0.031383136302783665,1355323.9684186715
scenario_1025,5,10_0205;20_0106;49_C448;49_D454;51_5010,0.0,0.0,0.0,0.0
scenario_1026,4,32_0101;40_0117;5_0119;5_0213,5628149.525681527,0.0,0.03548845768258858,5827883.871954958
scenario_1027,2,35_0505;35_0802,0.0,0.0,0.0,0.0
scenario_1028,5,39_0102;39_0110;39_0203;39_0206;39_0212,0.0,0.0,0.0,0.0
scenario_1029,4,20_0212;49_E441;4_0216;6_0206,2128725.6116963453,0.0,0.06809860962944297,2273688.866135452
scenario_1030,1,30_8129,0.0,0.0,0.0,0.0
scenario_1031,2,1_0106;1_0112,0.0,0.0,0.0,0.0
scenario_1032,5,32_AA59;38_0261;4_BA02;5_0124;5_0214,0.0,0.0,0.0,0.0
scenario_1033,3,39_0104;5_0804;6_0212,0.0,0.0,0.0,0.0
scenario_1034,4,55_0215;55_0218;55_0219;55_0262,0.0,0.0,0.0,0.0
scenario_1035,3,48_0122;48_0124;48_0801,0.0,0.0,0.0,0.0
scenario_1036,1,48_F320,0.0,0.0,0.0,0.0
scenario_1037,5,26_0118;26_0120;26_0223;26_0224;26_0607,0.0,0.0,0.0,0.0
scenario_1038,2,8_0214;8_0218,12502086.397539373,0.0,0.012062130546064458,12652888.19576467
scenario_1039,2,12_0111;5_0224,0.0,0.0,0.0,0.0
scenario_1040,4,4_AA03;4_AA59;4_AA60;4_AA61,0.0,0.0,0.0,0.0
scenario_1041,1,55_C902,0.0,0.0,0.0,0.0
scenario_1042,4,37_0201;37_0203;37_0209;37_0259,0.0,0.0,0.0,0.0
scenario_1043,4,10_0105;10_0112;10_0159;10_0259,0.0,0.0,0.0,0.0
scenario_1044,3,49_3011;49_C410;49_C452,0.0,0.0,0.0,0.0
scenario_1045,3,39_0159;39_0204;55_0121,0.0,0.0,0.0,0.0
scenario_1046,3,29_A310;29_A351;29_AA63,0.0,0.0,0.0,0.0
scenario_1047,3,39_0206;39_0208;39_0209,0.0,0.0,0.0,0.0
scenario_1048,1,31_0904,0.0,0.0,0.0,0.0
scenario_1049,1,19_0105,0.0,0.0,0.0,0.0
scenario_1050,5,4_0215;4_0216;4_0219;4_0223;4_0224,24454828.95297779,0.0,0.7093916167015994,41802879.60009179
scenario_1051,4,22_0113;22_0115;22_0117;22_0123,0.0,0.0,0.0,0.0
scenario_1052,5,27_3010;32_AA61;39_0202;4_0265;8_7776,91473586.70044279,0.0,0.19820354822654904,109603976.15347941
scenario_1053,3,38_0222;38_0259;38_0263,0.0,0.0,0.0,0.0
scenario_1054,3,12_0111;31_0113;5_0121,0.0,0.0,0.0,0.0
scenario_1055,3,5_0803;5_0804;5_0810,0.0,0.0,0.0,0.0
scenario_1056,3,49_3010;49_C445;49_C453,0.0,0.0,0.0,0.0
scenario_1057,5,20_0101;20_0163;20_0901;20_0902;20_0903,0.0,0.0,0.0,0.0
scenario_1058,6,12_0105;20_0112;26_0216;38_0264;4_BA03;8_0222,5988513.501747113,0.0,0.005832342335172611,6023440.562568106
scenario_1059,2,29_AA62;29_AA66,0.0,0.0,0.0,0.0
scenario_1060,4,19_0101;19_0105;19_0109;19_0159,0.0,0.0,0.0,0.0
scenario_1061,2,8_A445;8_A452,0.0,0.0,0.0,0.0
scenario_1062,5,8_A431;8_A442;8_A443;8_A444;8_A451,0.0,0.0,0.0,0.0
scenario_1063,1,4_0218,0.0,0.0,0.0,0.0
scenario_1064,3,32_0209;41_AA01;6_0203,0.0,0.0,0.0,0.0
scenario_1065,3,5_0214;5_0215;5_0223,2540055.864542374,0.0,0.06276627260556733,2699485.7033696105
scenario_1066,3,26_0118;26_0120;26_0124,0.0,0.0,0.0,0.0
scenario_1067,2,32_0203;35_0101,0.0,0.0,0.0,0.0
scenario_1068,2,40_0121;40_0123,8715804.662335273,0.0,0.005211359095954891,8761225.8502409
scenario_1069,5,4_0114;4_0115;4_0124;4_0160;4_A902,0.0,0.0,0.0,0.0
scenario_1070,3,4_B959;4_B964;4_BA60,0.0,0.0,0.0,0.0
scenario_1071,2,19_0112;19_0159,0.0,0.0,0.0,0.0
scenario_1072,5,55_3012;55_C901;55_C902;55_C903;55_C959,0.0,0.0,0.0,0.0
scenario_1073,2,39_0202;39_0205,0.0,0.0,0.0,0.0
scenario_1074,5,10_0103;10_0106;10_0108;10_0109;10_0110,0.0,0.0,0.0,0.0
scenario_1075,3,39_0210;4_0223;4_AA60,680706.4967529512,0.0,0.022997228985386736,696360.8599306192
scenario_1076,4,4_0217;4_0221;4_0663;4_0667,657600.3311907278,0.0,0.023452882688269432,673022.954613911
scenario_1077,3,32_0101;32_0104;32_0203,0.0,0.0,0.0,0.0
scenario_1078,4,1_0103;48_0162;4_0221;4_0265,3918789.3748671943,0.0,0.11320063954154393,4362398.838330768
scenario_1079,3,48_0120;5_3071;6_0203,0.0,0.0,0.0,0.0
scenario_1080,3,30_0121;30_0123;30_0508,0.0,0.0,0.0,0.0
scenario_1081,3,12_0108;30_0903;4_0214,7021800.351475513,0.0,0.18580124172699755,8326459.575938731
scenario_1082,2,35_0106;35_0112,0.0,0.0,0.0,0.0
scenario_1083,5,19_0111;19_0259;19_0703;19_0705;19_0708,0.0,0.0,0.0,0.0
scenario_1084,3,26_0220;53_0202;6_0209,9941327.884120815,0.0,0.006881346854728668,10009737.609488035
scenario_1085,4,39_0102;39_0203;39_0263;39_0903,0.0,0.0,0.0,0.0
scenario_1086,5,26_0119;29_AA65;40_0121;6_0811;8_0219,10359608.383018227,0.0,0.00843837468509235,10447026.64014496
scenario_1087,4,29_A801;29_A802;29_A807;29_A808,0.0,0.0,0.0,0.0
scenario_1088,4,32_0101;32_0104;32_0108;32_0210,0.0,0.0,0.0,0.0
scenario_1089,4,20_0101;4_0220;5_0224;6_0204,3806791.4089231277,0.0,0.11320053519100609,4237722.23377375
scenario_1090,5,1_0111;22_0113;26_0217;27_1004;4_0222,5900555.719054111,0.0,0.15919834849961645,6839914.444757492
scenario_1091,2,5_0113;5_0219,0.0,0.0,0.0,0.0
scenario_1092,4,55_0214;55_0219;55_0223;55_0262,0.0,0.0,0.0,0.0
scenario_1093,6,20_0109;32_0207;32_AA03;32_AA60;39_0901;4_0215,1367365.3654011607,0.0,0.046448990851718816,1430878.1067496361
scenario_1094,4,12_0107;19_0214;37_0211;48_0902,0.0,0.0,0.0,0.0
scenario_1095,2,55_0114;55_0265,0.0,0.0,0.0,0.0
scenario_1096,6,26_0222;27_3009;37_A963;48_0902;4_0263;8_0222,8251687.460808646,0.0,0.07393315889596296,8861760.781008435
scenario_1097,2,26_0216;26_0219,0.0,0.0,0.0,0.0
scenario_1098,2,26_0123;26_0903,0.0,0.0,0.0,0.0
scenario_1099,3,48_0160;48_0161;48_0162,0.0,0.0,0.0,0.0
scenario_1100,5,38_0214;4_0219;53_0210;53_0211;5_0216,20555311.911823414,0.0,0.03676174813065547,21310961.111072928
scenario_1101,3,28_0805;49_D461;5_0216,0.0,0.0,0.0,0.0
scenario_1102,2,20_0103;20_0107,0.0,0.0,0.0,0.0
scenario_1103,4,20_0111;20_0112;20_0209;20_0210,0.0,0.0,0.0,0.0
scenario_1104,4,1_0107;27_1003;49_D446;4_0214,7021800.351475513,0.0,0.18580124172699755,8326459.575938731
scenario_1105,3,20_0101;20_0901;20_0902,0.0,0.0,0.0,0.0
scenario_1106,4,49_E445;49_E446;49_E451;49_E454,0.0,0.0,0.0,0.0
scenario_1107,4,37_0201;37_0203;37_0206;37_0209,0.0,0.0,0.0,0.0
scenario_1108,5,49_3010;49_3011;49_C447;49_C450;49_C454,0.0,0.0,0.0,0.0
scenario_1109,4,19_0224;39_0207;4_AA02;6_0207,0.0,0.0,0.0,0.0
scenario_1110,3,39_0102;39_0265;51_0159,0.0,0.0,0.0,0.0
scenario_1111,5,26_0114;26_0122;38_0259;42_1599;5_0223,1225984.753234059,0.0,0.031383136302783665,1264459.999849938
scenario_1112,5,8_0214;8_0217;8_0223;8_0505;8_0559,17237774.904856175,0.0,0.016700003200160313,17525645.800930917
scenario_1113,3,37_0902;4_0265;8_0259,11071665.988765886,0.0,0.12210249444003587,12423544.023601107
scenario_1114,4,53_0203;53_0204;53_0209;53_0210,39909587.26927191,0.0,0.02752930377859022,41008270.42088585
scenario_1115,1,19_0218,0.0,0.0,0.0,0.0
scenario_1116,1,20_0259,0.0,0.0,0.0,0.0
scenario_1117,3,1_0110;1_0111;1_0163,0.0,0.0,0.0,0.0
scenario_1118,2,51_0113;51_0117,0.0,0.0,0.0,0.0
scenario_1119,2,4_1062;4_AA61,0.0,0.0,0.0,0.0
scenario_1120,2,36_0802;36_0859,0.0,0.0,0.0,0.0
scenario_1121,3,19_0259;27_1003;49_C440,0.0,0.0,0.0,0.0
scenario_1122,2,39_0109;39_0110,0.0,0.0,0.0,0.0
scenario_1123,6,37_A965;39_0159;40_0113;55_0805;5_0223;5_0224,6316225.757827774,0.0,0.03439215546615777,6533454.376050336
scenario_1124,5,1_0163;20_0164;20_0202;32_7084;41_7081,0.0,0.0,0.0,0.0
scenario_1125,5,53_0201;53_0204;53_0206;53_0208;53_0211,50246727.804412685,0.0,0.034412533475126905,51975845.00699762
scenario_1126,2,48_0113;48_0167,0.0,0.0,0.0,0.0
scenario_1127,5,20_0259;48_0901;48_AA03;49_D448;6_0206,0.0,0.0,0.0,0.0
scenario_1128,4,49_D441;49_D444;49_D448;49_D455,0.0,0.0,0.0,0.0
scenario_1129,3,31_0115;31_0117;31_0120,0.0,0.0,0.0,0.0
scenario_1130,5,53_0202;53_0203;53_0206;53_0211;53_0259,130173856.02228785,0.0,0.08947046321581732,141820571.21919107
scenario_1131,4,53_0201;53_0203;53_0210;53_0211,39908610.95584657,0.0,0.0275292284339655,41007264.22333232
scenario_1132,1,55_0114,0.0,0.0,0.0,0.0
scenario_1133,2,49_C410;49_C457,0.0,0.0,0.0,0.0
scenario_1134,4,4_BA01;55_0213;5_0214;6_0205,0.0,0.0,0.0,0.0
scenario_1135,5,8_A431;8_A443;8_A444;8_A445;8_A452,0.0,0.0,0.0,0.0
scenario_1136,5,32_0112;32_0202;32_0204;32_0205;32_0209,0.0,0.0,0.0,0.0
scenario_1137,4,8_A413;8_A415;8_A431;8_A442,0.0,0.0,0.0,0.0
scenario_1138,5,26_0114;35_0109;37_0206;49_C453;4_AA60,0.0,0.0,0.0,0.0
scenario_1139,3,8_A414;8_A430;8_A451,0.0,0.0,0.0,0.0
scenario_1140,2,19_0213;19_0224,0.0,0.0,0.0,0.0
scenario_1141,2,32_0102;32_0208,0.0,0.0,0.0,0.0
scenario_1142,5,49_7086;49_D431;49_D441;49_D443;49_D451,0.0,0.0,0.0,0.0
scenario_1143,2,37_0902;37_0903,1201235.0252480004,0.0,0.0030690325975580956,1204921.6546978152
scenario_1144,1,4_0220,3806791.4089231277,0.0,0.11320053519100609,4237722.23377375
scenario_1145,1,1_0162,0.0,0.0,0.0,0.0
scenario_1146,2,37_1992;37_2824,1201235.0252480004,0.0,0.0030690325975580956,1204921.6546978152
scenario_1147,5,38_0213;38_0217;38_0222;38_0260;38_0264,0.0,0.0,0.0,0.0
scenario_1148,3,55_0122;55_0222;55_0260,0.0,0.0,0.0,0.0
scenario_1149,4,19_0213;1_0104;4_AA60;4_BA03,0.0,0.0,0.0,0.0
scenario_1150,5,20_0102;20_0159;20_0162;20_0902;20_0903,0.0,0.0,0.0,0.0
scenario_1151,3,19_0213;49_D459;8_0811,4935794.789273461,0.0,0.004799637218594757,4959484.813647404
scenario_1152,2,4_0217;4_0268,7507781.194408621,0.0,0.20834160673497715,9071964.391466359
scenario_1153,1,51_0159,0.0,0.0,0.0,0.0
scenario_1154,4,29_AA63;4_0221;4_AA02;4_BA01,0.0,0.0,0.0,0.0
scenario_1155,5,48_0113;48_0122;48_0123;48_0124;48_0165,0.0,0.0,0.0,0.0
scenario_1156,5,39_0105;39_0159;39_0160;39_0209;39_0262,0.0,0.0,0.0,0.0
scenario_1157,3,19_0105;39_0111;4_0264,3078667.0596449804,0.0,0.09064971086814926,3357747.338461093
scenario_1158,3,19_0213;19_0214;19_0221,0.0,0.0,0.0,0.0
scenario_1159,2,49_E449;49_E460,0.0,0.0,0.0,0.0
scenario_1160,5,35_0110;39_0262;46_9187;6_0211;8_0811,4935794.789273461,0.0,0.004799637218594757,4959484.813647404
scenario_1161,3,19_0216;19_0217;19_0220,0.0,0.0,0.0,0.0
scenario_1162,3,10_0207;27_3007;32_0105,0.0,0.0,0.0,0.0
scenario_1163,5,10_0109;10_0112;10_0160;10_0201;10_0204,0.0,0.0,0.0,0.0
scenario_1164,4,26_0115;26_0218;26_0605;26_0607,0.0,0.0,0.0,0.0
scenario_1165,3,35_0112;48_0117;49_E448,0.0,0.0,0.0,0.0
scenario_1166,3,5_0219;5_0221;5_0224,1330056.5707290429,0.0,0.02988355928870219,1369803.395117752
scenario_1167,6,20_0111;22_0116;49_7086;4_0124;4_0264;5_0215,4392750.95409096,0.0,0.12203284717093293,4928810.859931512
scenario_1168,6,19_0108;4_BA61;5_0220;5_A310;6_0207;8_0217,5169121.2942621065,0.0,0.005034838564053845,5195146.98549673
scenario_1169,2,55_0116;5_0214,0.0,0.0,0.0,0.0
scenario_1170,1,49_C456,0.0,0.0,0.0,0.0
scenario_1171,3,49_C443;49_C445;49_C451,0.0,0.0,0.0,0.0
scenario_1172,2,22_0123;48_0160,0.0,0.0,0.0,0.0
scenario_1173,1,1_0101,0.0,0.0,0.0,0.0
scenario_1174,5,30_0119;30_0120;30_0124;30_0901;30_0903,0.0,0.0,0.0,0.0
scenario_1175,3,4_0559;4_0667;4_0902,0.0,0.0,0.0,0.0
scenario_1176,2,32_0207;41_AA02,0.0,0.0,0.0,0.0
scenario_1177,1,35_0106,0.0,0.0,0.0,0.0
scenario_1178,4,55_0120;55_0221;55_0262;55_0901,0.0,0.0,0.0,0.0
scenario_1179,1,35_0104,0.0,0.0,0.0,0.0
scenario_1180,2,39_0103;39_0201,0.0,0.0,0.0,0.0
scenario_1181,1,48_5310,0.0,0.0,0.0,0.0
scenario_1182,3,39_0208;48_0122;4_BA60,0.0,0.0,0.0,0.0
scenario_1183,4,37_0212;38_0262;49_D455;55_0262,0.0,0.0,0.0,0.0
scenario_1184,6,48_0121;4_0218;4_BA01;55_0265;5_0218;5_0220,5.385496257669321,0.0,0.0,5.385496257669321
scenario_1185,5,26_0213;31_0123;39_0112;42_1599;4_AA60,0.0,0.0,0.0,0.0
scenario_1186,2,53_0801;53_0802,21653665.655328188,0.0,0.0159404393130269,21998834.598611522
scenario_1187,2,4_A901;4_A903,0.0,0.0,0.0,0.0
scenario_1188,3,35_0103;35_0104;35_0105,0.0,0.0,0.0,0.0
scenario_1189,3,10_0207;39_0264;48_F330,0.0,0.0,0.0,0.0
scenario_1190,5,19_0213;19_0214;19_0222;19_0224;19_0259,0.0,0.0,0.0,0.0
scenario_1191,3,4_0121;4_0215;4_0606,1367365.3654011607,0.0,0.046448990851718816,1430878.1067496361
scenario_1192,4,35_0103;35_0109;35_0111;35_0508,0.0,0.0,0.0,0.0
scenario_1193,2,19_0219;48_0802,0.0,0.0,0.0,0.0
scenario_1194,2,26_0224;4_0262,1495721.5055183591,0.0,0.04645071410236507,1565198.8375479516
scenario_1195,3,12_0104;12_0107;12_0110,0.0,0.0,0.0,0.0
scenario_1196,5,37_0260;55_0216;5_0120;6_0208;6_0209,0.0,0.0,0.0,0.0
scenario_1197,6,32_0204;39_0205;49_D451;51_5010;5_0218;8_A455,0.0,0.0,0.0,0.0
scenario_1198,3,26_0213;32_0102;4_AA60,0.0,0.0,0.0,0.0
scenario_1199,1,19_0108,0.0,0.0,0.0,0.0
scenario_1200,3,1_0108;4_0220;55_0219,3806791.4089231277,0.0,0.11320053519100609,4237722.23377375
scenario_1201,5,32_0104;32_0106;32_0110;32_0202;32_0206,0.0,0.0,0.0,0.0
scenario_1202,2,49_C441;6_0209,0.0,0.0,0.0,0.0
scenario_1203,3,49_E430;49_E441;49_E460,0.0,0.0,0.0,0.0
scenario_1204,3,32_0203;37_0260;5_A320,0.0,0.0,0.0,0.0
scenario_1205,5,30_0901;32_AA59;4_0215;4_0263;8_A442,3630539.2285994394,0.0,0.11454980741250916,4046416.7980390643
scenario_1206,2,1_0110;1_0111,0.0,0.0,0.0,0.0
scenario_1207,4,10_0205;38_0219;49_E430;6_0211,0.0,0.0,0.0,0.0
scenario_1208,2,30_0123;30_0502,0.0,0.0,0.0,0.0
scenario_1209,5,20_0159;20_0164;20_0901;20_0902;20_0903,0.0,0.0,0.0,0.0
scenario_1210,5,32_AA02;32_AA03;32_AA60;32_AA61;32_AA62,0.0,0.0,0.0,0.0
scenario_1211,1,55_6351,1447255.4617012837,0.0,0.008430416063260534,1459456.4273932516
scenario_1212,1,40_0123,4357970.205860606,0.0,0.0026056147302314517,4369325.397222906
scenario_1213,4,26_0116;26_0121;26_0123;26_0124,0.0,0.0,0.0,0.0
scenario_1214,4,39_0107;39_0208;39_0261;39_0809,0.0,0.0,0.0,0.0
scenario_1215,2,4_0161;4_0504,0.0,0.0,0.0,0.0
scenario_1216,5,4_AA01;4_AA02;4_AA03;4_AA59;4_AA61,0.0,0.0,0.0,0.0
scenario_1217,1,30_0118,0.0,0.0,0.0,0.0
scenario_1218,2,20_0163;4_A901,0.0,0.0,0.0,0.0
scenario_1219,5,38_0214;38_0215;38_0219;38_0220;38_0224,0.0,0.0,0.0,0.0
scenario_1220,2,20_0102;49_D444,0.0,0.0,0.0,0.0
scenario_1221,2,8_A411;8_A451,0.0,0.0,0.0,0.0
scenario_1222,1,29_AA03,0.0,0.0,0.0,0.0
scenario_1223,6,20_0202;32_0210;32_AA59;38_0262;49_D444;4_0219,614888.6971208167,0.0,0.02299724691165878,629029.4443116923
scenario_1224,4,31_0113;4_0261;8_0213;8_0259,12039518.143797522,0.0,0.011665212634459996,12179961.682961361
scenario_1225,3,31_0121;39_0101;48_3835,0.0,0.0,0.0,0.0
scenario_1226,5,30_0113;30_0115;30_0123;30_0502;30_0503,0.0,0.0,0.0,0.0
scenario_1227,4,39_0211;40_0113;48_0166;4_AA61,5090241.004593714,0.0,0.003009019163374111,5105557.6373227285
scenario_1228,5,37_0208;38_0213;48_0802;49_E454;8_0220,5976668.370112139,0.0,0.00583277430613502,6011528.9278176185
scenario_1229,3,20_0109;20_0207;20_0903,0.0,0.0,0.0,0.0
scenario_1230,2,20_0111;20_0164,0.0,0.0,0.0,0.0
scenario_1231,5,26_0218;26_0220;26_0259;26_0604;26_0659,0.0,0.0,0.0,0.0
scenario_1232,1,4_0224,2933998.2199783158,0.0,0.09064941490577226,3199963.4419539273
scenario_1233,5,26_0124;32_7084;48_3835;4_0268;51_0115,6907385.145759741,0.0,0.18488872404670773,8184482.771858441
scenario_1234,4,29_AA64;48_1116;49_C453;6_0201,0.0,0.0,0.0,0.0
scenario_1235,4,22_0116;22_0117;22_0118;22_0122,0.0,0.0,0.0,0.0
scenario_1236,4,37_0205;48_3835;49_D448;4_A901,0.0,0.0,0.0,0.0
scenario_1237,4,31_0114;31_0115;31_0117;31_0119,0.0,0.0,0.0,0.0
scenario_1238,4,19_0223;20_0109;39_0111;5_0222,0.0,0.0,0.0,0.0
scenario_1239,3,12_4106;19_0213;6_0206,0.0,0.0,0.0,0.0
scenario_1240,2,55_6352;6_0210,659665.1057312527,0.0,0.004215208031630267,662445.7313831173
scenario_1241,3,10_0205;10_0206;10_0259,0.0,0.0,0.0,0.0
scenario_1242,3,51_0113;55_C959;8_A452,0.0,0.0,0.0,0.0
scenario_1243,2,1_0105;39_0265,0.0,0.0,0.0,0.0
scenario_1244,1,30_0805,0.0,0.0,0.0,0.0
scenario_1245,5,32_AA03;37_0901;48_0120;49_C410;49_C451,0.0,0.0,0.0,0.0
scenario_1246,5,32_0102;32_0104;32_0106;32_0112;32_0202,0.0,0.0,0.0,0.0
scenario_1247,2,37_A960;37_A965,1285.5714220936172,0.0,0.0,1285.5714220936172
scenario_1248,2,51_0120;51_0159,0.0,0.0,0.0,0.0
scenario_1249,2,40_0120;4_AA01,4370000.065943891,0.0,0.0026057443657234395,4381387.168993936
scenario_1250,1,30_0123,0.0,0.0,0.0,0.0
scenario_1251,5,26_0120;29_0802;32_0201;4_BA02;6_0202,0.0,0.0,0.0,0.0
scenario_1252,3,4_0223;4_0604;4_0663,680706.4967529512,0.0,0.022997228985386736,696360.8599306192
scenario_1253,3,48_1068;48_1109;48_F330,0.0,0.0,0.0,0.0
scenario_1254,3,22_0118;22_0121;22_0122,0.0,0.0,0.0,0.0
scenario_1255,3,55_0122;55_0214;55_0260,0.0,0.0,0.0,0.0
scenario_1256,2,12_0102;41_AA01,0.0,0.0,0.0,0.0
scenario_1257,6,10_0259;29_AA02;37_0202;4_AA03;51_0116;6_0212,0.0,0.0,0.0,0.0
scenario_1258,6,10_0205;19_0219;4_0267;55_0118;8_0224;8_0259,11917196.246072315,0.0,0.011665644601867715,12056218.022129707
scenario_1259,3,48_AA01;48_AA02;48_AA03,0.0,0.0,0.0,0.0
scenario_1260,5,12_0103;12_0107;12_0108;12_0109;12_0110,0.0,0.0,0.0,0.0
scenario_1261,2,35_0102;35_0109,0.0,0.0,0.0,0.0
scenario_1262,2,49_E449;5_0113,0.0,0.0,0.0,0.0
scenario_1263,1,19_0107,0.0,0.0,0.0,0.0
scenario_1264,2,20_0106;20_0163,0.0,0.0,0.0,0.0
scenario_1265,5,48_0119;48_0121;48_0161;48_0165;48_0167,0.0,0.0,0.0,0.0
scenario_1266,5,27_2018;4_0218;5_A350;6_0209;8_A442,0.0,0.0,0.0,0.0
scenario_1267,4,55_0115;55_0117;55_0123;55_C901,0.0,0.0,0.0,0.0
scenario_1268,3,10_0210;10_0212;10_0259,0.0,0.0,0.0,0.0
scenario_1269,4,22_0113;22_0124;4_AA03;6_0202,0.0,0.0,0.0,0.0
scenario_1270,5,51_0113;51_0114;51_0116;51_0117;51_0122,0.0,0.0,0.0,0.0
scenario_1271,2,55_0123;55_0224,0.0,0.0,0.0,0.0
scenario_1272,3,12_AA01;12_AA02;12_AA61,0.0,0.0,0.0,0.0
scenario_1273,5,37_0201;37_0203;37_0209;37_0210;37_0212,0.0,0.0,0.0,0.0
scenario_1274,1,10_0111,0.0,0.0,0.0,0.0
scenario_1275,2,55_6352;55_6355,2101567.313194276,0.0,0.0126456240948908,2128142.9434470404
scenario_1276,1,10_0212,0.0,0.0,0.0,0.0
scenario_1277,6,10_0205;4_BA02;4_BA61;55_0220;5_0223;8_0811,6161779.54250752,0.0,0.03618277352137842,6384729.816182733
scenario_1278,1,37_0259,0.0,0.0,0.0,0.0
scenario_1279,3,55_0215;55_0216;55_0222,0.0,0.0,0.0,0.0
scenario_1280,4,4_0223;4_0264;4_0601;4_0669,3759373.5563979317,0.0,0.113646939853536,4186614.856848861
scenario_1281,6,10_0211;39_0105;48_AA03;4_AA60;55_0120;5_0216,0.0,0.0,0.0,0.0
scenario_1282,2,49_C430;6_0207,0.0,0.0,0.0,0.0
scenario_1283,2,41_7081;6_0210,0.0,0.0,0.0,0.0
scenario_1284,3,30_0117;30_0122;30_0805,0.0,0.0,0.0,0.0
scenario_1285,1,30_0903,0.0,0.0,0.0,0.0
scenario_1286,4,19_0218;27_1020;32_AA03;49_C440,0.0,0.0,0.0,0.0
scenario_1287,5,40_0113;40_0121;40_0124;40_0160;40_0501,13814389.66327194,0.0,0.008220378259329003,13927949.1717258
scenario_1288,3,32_0104;32_0202;32_0211,0.0,0.0,0.0,0.0
scenario_1289,2,19_0105;19_0705,0.0,0.0,0.0,0.0
scenario_1290,5,22_0117;22_0118;22_0121;22_0703;22_0709,0.0,0.0,0.0,0.0
scenario_1291,1,49_7083,0.0,0.0,0.0,0.0
scenario_1292,6,10_0209;19_0222;49_D410;4_0220;5_0224;8_A411,3806791.4089231277,0.0,0.11320053519100609,4237722.23377375
scenario_1293,3,6_0203;6_0204;6_0207,0.0,0.0,0.0,0.0
scenario_1294,5,49_C410;49_C430;49_C440;49_C443;49_C451,0.0,0.0,0.0,0.0
scenario_1295,1,12_0102,0.0,0.0,0.0,0.0
scenario_1296,2,22_0122;22_0124,0.0,0.0,0.0,0.0
scenario_1297,1,37_0212,0.0,0.0,0.0,0.0
scenario_1298,4,38_0263;40_0121;4_0215;4_AA03,5725199.821875827,0.0,0.04905473521744227,6006047.983204893
scenario_1299,3,49_C445;49_C453;49_C457,0.0,0.0,0.0,0.0
scenario_1300,3,20_0204;26_0223;38_0260,0.0,0.0,0.0,0.0
scenario_1301,5,10_0103;10_0201;10_0208;10_0209;10_0211,0.0,0.0,0.0,0.0
scenario_1302,2,26_0113;26_0117,0.0,0.0,0.0,0.0
scenario_1303,5,55_0120;55_0122;55_0224;55_0265;55_0903,0.0,0.0,0.0,0.0
scenario_1304,2,4_0220;4_0222,9707347.777500885,0.0,0.27239888369062254,12351618.475688772
scenario_1305,4,49_3010;49_C443;49_C450;49_C452,0.0,0.0,0.0,0.0
scenario_1306,3,12_1030;12_4059;12_4109,0.0,0.0,0.0,0.0
scenario_1307,4,10_0211;20_0107;4_BA02;55_0113,0.0,0.0,0.0,0.0
scenario_1308,2,4_0265;4_0268,10826174.520626938,0.0,0.29808936358825167,14053341.993575966
scenario_1309,2,32_0103;32_0204,0.0,0.0,0.0,0.0
scenario_1310,4,20_0102;20_0162;20_0902;20_0903,0.0,0.0,0.0,0.0
scenario_1311,2,41_AA02;41_AA03,0.0,0.0,0.0,0.0
scenario_1312,3,19_0105;49_D451;4_0215,1367365.3654011607,0.0,0.046448990851718816,1430878.1067496361
scenario_1313,5,8_0214;8_0217;8_0221;8_0224;8_0259,29123346.138387904,0.0,0.028355228466813136,29949145.271859974
scenario_1314,2,37_0205;5_0223,1225984.753234059,0.0,0.031383136302783665,1264459.999849938
scenario_1315,2,55_0116;55_0121,0.0,0.0,0.0,0.0
scenario_1316,1,10_0105,0.0,0.0,0.0,0.0
scenario_1317,4,53_0206;53_0207;53_0209;53_0259,130173856.02228785,0.0,0.08947046321581732,141820571.21919107
scenario_1318,4,39_0108;4_0221;4_AA02;5_0214,0.0,0.0,0.0,0.0
scenario_1319,5,40_0114;40_0122;40_0124;40_0602;40_0603,13914255.675776528,0.0,0.008220171896035411,14028633.249236796
scenario_1320,5,53_0201;53_0203;53_0207;53_0211;53_0212,50087826.19373627,0.0,0.03441388909244178,51811543.08924901
scenario_1321,3,49_C447;49_C449;49_C450,0.0,0.0,0.0,0.0
scenario_1322,5,32_AA01;32_AA02;32_AA03;32_AA59;32_AA62,0.0,0.0,0.0,0.0
scenario_1323,5,37_A960;37_A961;37_A963;37_A964;37_A965,5420.563387168374,0.0,0.0,5420.563387168374
scenario_1324,1,29_AA66,0.0,0.0,0.0,0.0
scenario_1325,6,27_3010;39_0264;48_0165;4_0218;4_BA01;5_0118,0.0,0.0,0.0,0.0
scenario_1326,1,4_0120,0.0,0.0,0.0,0.0
scenario_1327,1,31_0121,0.0,0.0,0.0,0.0
scenario_1328,4,48_0116;48_0122;4_0213;5_0213,2591311.385744879,0.0,0.07933367179265575,2796889.6327341353
scenario_1329,2,49_C450;49_C456,0.0,0.0,0.0,0.0
scenario_1330,2,51_0121;51_0124,0.0,0.0,0.0,0.0
scenario_1331,5,8_A413;8_A414;8_A441;8_A443;8_A446,0.0,0.0,0.0,0.0
scenario_1332,2,29_AA03;37_0203,0.0,0.0,0.0,0.0
scenario_1333,5,4_0214;4_0220;51_0115;6_0204;6_0209,10828591.76039864,0.0,0.29900177691800367,14066359.938277487
scenario_1334,2,37_0203;37_0208,0.0,0.0,0.0,0.0
scenario_1335,4,26_0118;29_AA01;39_0212;55_0113,0.0,0.0,0.0,0.0
scenario_1336,5,30_0113;30_0118;30_0504;30_0506;30_0805,0.0,0.0,0.0,0.0
scenario_1337,1,55_0265,0.0,0.0,0.0,0.0
scenario_1338,2,20_0106;4_0162,0.0,0.0,0.0,0.0
scenario_1339,3,4_AA02;4_AA60;4_AA61,0.0,0.0,0.0,0.0
scenario_1340,5,51_0116;51_0117;51_0122;51_0123;51_0159,0.0,0.0,0.0,0.0
scenario_1341,3,32_0107;32_0205;32_0211,0.0,0.0,0.0,0.0
scenario_1342,3,20_4053;20_7073;20_A411,0.0,0.0,0.0,0.0
scenario_1343,5,10_0105;10_0106;10_0112;10_0208;10_0260,0.0,0.0,0.0,0.0
scenario_1344,2,8_A430;8_A443,0.0,0.0,0.0,0.0
scenario_1345,2,38_0213;38_0215,0.0,0.0,0.0,0.0
scenario_1346,5,19_0220;37_0208;37_0210;49_D443;8_A415,0.0,0.0,0.0,0.0
scenario_1347,1,4_AA02,0.0,0.0,0.0,0.0
scenario_1348,2,4_0122;4_0504,0.0,0.0,0.0,0.0
scenario_1349,4,4_0214;4_0215;4_0220;4_0261,12195957.1257998,0.0,0.3454507677697225,16409059.878593959
scenario_1350,3,37_0208;49_E450;4_AA59,0.0,0.0,0.0,0.0
scenario_1351,6,32_0101;37_0208;38_0215;4_0213;4_BA60;6_0207,1381312.0919315484,0.0,0.046450958475790616,1445475.3625559683
scenario_1352,2,10_0201;10_0211,0.0,0.0,0.0,0.0
scenario_1353,2,26_0122;26_0124,0.0,0.0,0.0,0.0
scenario_1354,6,12_0107;39_0204;49_C452;4_BA01;6_0202;6_0209,0.0,0.0,0.0,0.0
scenario_1355,3,55_0215;55_0219;55_C959,0.0,0.0,0.0,0.0
scenario_1356,3,4_0115;4_0160;4_0902,0.0,0.0,0.0,0.0
scenario_1357,3,26_0119;26_0216;26_0220,0.0,0.0,0.0,0.0
scenario_1358,2,12_0104;20_0201,0.0,0.0,0.0,0.0
scenario_1359,4,49_C410;49_C431;49_C452;49_C458,0.0,0.0,0.0,0.0
scenario_1360,3,35_0105;35_0110;39_0110,0.0,0.0,0.0,0.0
scenario_1361,1,51_0116,0.0,0.0,0.0,0.0
scenario_1362,1,39_0105,0.0,0.0,0.0,0.0
scenario_1363,3,32_0102;4_AA02;6_0210,0.0,0.0,0.0,0.0
scenario_1364,4,12_0111;12_0161;12_0504;12_0959,0.0,0.0,0.0,0.0
scenario_1365,1,20_0210,0.0,0.0,0.0,0.0
scenario_1366,1,48_3835,0.0,0.0,0.0,0.0
scenario_1367,6,30_0119;37_0802;48_0121;49_C457;49_D449;4_AA60,0.0,0.0,0.0,0.0
scenario_1368,5,32_0102;32_0107;32_0108;32_0110;32_0111,0.0,0.0,0.0,0.0
scenario_1369,6,20_0106;27_1004;38_0221;39_0208;39_0211;55_6351,1447255.4617012837,0.0,0.008430416063260534,1459456.4273932516
scenario_1370,1,22_0120,0.0,0.0,0.0,0.0
scenario_1371,1,40_4154,52997605.10888406,0.0,0.03124183105827568,54653347.33418902
scenario_1372,3,49_D410;49_D430;49_D455,0.0,0.0,0.0,0.0
scenario_1373,5,22_0114;22_0116;22_0117;22_0118;22_0122,0.0,0.0,0.0,0.0
scenario_1374,2,26_0217;26_0219,0.0,0.0,0.0,0.0
scenario_1375,5,49_E451;49_E452;49_E456;49_E458;49_E459,0.0,0.0,0.0,0.0
scenario_1376,2,4_AA60;55_6355,1441902.2074630233,0.0,0.008430416063260534,1454058.0429944703
scenario_1377,5,8_0213;8_0217;8_0220;8_0502;8_0509,17232875.217014685,0.0,0.016700003203715005,17520664.288348053
scenario_1378,5,19_0108;27_1003;48_0163;4_0264;53_0802,13891654.587186325,0.0,0.09861993052466268,15261648.597447252
scenario_1379,1,32_AA02,0.0,0.0,0.0,0.0
scenario_1380,3,48_0113;48_0117;48_0164,0.0,0.0,0.0,0.0
scenario_1381,4,38_0219;53_0211;5_0221;5_0224,11310251.00274897,0.0,0.03676671365297021,11726091.76271026
scenario_1382,3,1_0102;37_0212;4_0220,3806791.4089231277,0.0,0.11320053519100609,4237722.23377375
scenario_1383,5,40_0117;40_0121;40_0502;40_0505;40_0608,8775984.688342864,0.0,0.005211488731446879,8821720.633653514
scenario_1384,4,32_7084;35_0110;39_0259;6_0212,0.0,0.0,0.0,0.0
scenario_1385,4,49_E444;49_E449;49_E451;49_E460,0.0,0.0,0.0,0.0
scenario_1386,3,26_0114;26_0116;26_0118,0.0,0.0,0.0,0.0
scenario_1387,4,37_0203;37_0206;37_0210;37_0211,0.0,0.0,0.0,0.0
scenario_1388,2,49_7086;49_D461,0.0,0.0,0.0,0.0
scenario_1389,1,48_0166,0.0,0.0,0.0,0.0
scenario_1390,2,37_0206;37_0211,0.0,0.0,0.0,0.0
scenario_1391,2,35_0110;35_0112,0.0,0.0,0.0,0.0
scenario_1392,6,12_0103;20_0212;29_AA64;40_0115;4_0218;4_BA59,0.0,0.0,0.0,0.0
scenario_1393,2,55_0121;55_0124,0.0,0.0,0.0,0.0
scenario_1394,4,29_A340;29_AA03;29_AA61;29_AA64,0.0,0.0,0.0,0.0
scenario_1395,1,30_0114,0.0,0.0,0.0,0.0
scenario_1396,1,10_0108,0.0,0.0,0.0,0.0
scenario_1397,3,26_0220;39_0262;4_0215,1367365.3654011607,0.0,0.046448990851718816,1430878.1067496361
scenario_1398,3,26_0123;39_0111;5_0218,0.0,0.0,0.0,0.0
scenario_1399,1,8_A430,0.0,0.0,0.0,0.0
scenario_1400,2,12_0105;12_0509,0.0,0.0,0.0,0.0
scenario_1401,1,48_F330,0.0,0.0,0.0,0.0
scenario_1402,4,49_D445;49_D446;49_D449;49_D452,0.0,0.0,0.0,0.0
scenario_1403,4,10_0208;31_0121;39_0101;4_0267,0.7557516299712512,0.0,0.0,0.7557516299712512
scenario_1404,3,5_0216;5_0222;5_0224,0.0,0.0,0.0,0.0
scenario_1405,3,5_0115;5_0116;5_0120,0.0,0.0,0.0,0.0
scenario_1406,4,49_C410;49_C431;49_C447;49_C457,0.0,0.0,0.0,0.0
scenario_1407,2,49_E444;49_E452,0.0,0.0,0.0,0.0
scenario_1408,2,37_A962;37_A964,0.0,0.0,0.0,0.0
scenario_1409,2,4_AA02;4_AA60,0.0,0.0,0.0,0.0
scenario_1410,5,27_1003;27_2023;27_3005;27_3007;27_3009,0.0,0.0,0.0,0.0
scenario_1411,1,53_0207,10125980.245384714,0.0,0.0068830037566024755,10195677.40545298
scenario_1412,5,8_A411;8_A414;8_A445;8_A446;8_A455,0.0,0.0,0.0,0.0
scenario_1413,3,49_E449;49_E454;49_E460,0.0,0.0,0.0,0.0
scenario_1414,6,1_0111;26_0121;38_0259;40_0160;48_0122;4_0220,3806791.4089231277,0.0,0.11320053519100609,4237722.23377375
scenario_1415,4,6_0202;6_0203;6_0206;6_0210,0.0,0.0,0.0,0.0
scenario_1416,2,49_E446;49_E448,0.0,0.0,0.0,0.0
scenario_1417,6,10_0110;20_0109;55_0120;5_0213;6_0210;8_0219,7211773.220356892,0.0,0.038715343636234044,7490979.498809598
scenario_1418,5,1_0101;1_0102;1_0106;1_0107;1_0163,0.0,0.0,0.0,0.0
scenario_1419,3,8_0217;8_0218;8_0223,17594307.960369743,0.0,0.01709744907587955,17895125.74474751
scenario_1420,5,48_0114;48_0119;48_0120;48_0160;48_0166,0.0,0.0,0.0,0.0
scenario_1421,1,37_0201,0.0,0.0,0.0,0.0
scenario_1422,6,20_0112;35_0102;39_0262;4_AA59;51_0116;5_0219,0.0,0.0,0.0,0.0
scenario_1423,3,19_0215;19_0221;19_0224,0.0,0.0,0.0,0.0
scenario_1424,5,31_0114;31_0122;31_0123;31_0124;31_0903,0.0,0.0,0.0,0.0
scenario_1425,3,49_C431;49_C446;49_C447,0.0,0.0,0.0,0.0
scenario_1426,3,38_0217;38_0219;38_0261,0.0,0.0,0.0,0.0
scenario_1427,2,41_AA01;41_AA59,0.0,0.0,0.0,0.0
scenario_1428,4,31_0114;31_0117;31_0118;31_0122,0.0,0.0,0.0,0.0
scenario_1429,5,10_0211;26_0116;26_0223;39_0106;53_0203,9923981.314844443,0.0,0.0068830037566024755,9992288.115514971
scenario_1430,1,30_0902,0.0,0.0,0.0,0.0
scenario_1431,2,39_0106;39_0111,0.0,0.0,0.0,0.0
scenario_1432,1,20_0108,0.0,0.0,0.0,0.0
scenario_1433,3,5_0118;5_0219;5_0220,3.5847814204858257,0.0,0.0,3.5847814204858257
scenario_1434,2,53_0202;53_0259,130173856.02228785,0.0,0.08947046321581732,141820571.21919107
scenario_1435,5,19_0214;32_0112;37_0902;5_0223;6_0209,2427219.7784820595,0.0,0.03445216890034176,2510842.7642485737
scenario_1436,5,10_0102;10_0105;10_0107;10_0109;10_0110,0.0,0.0,0.0,0.0
scenario_1437,1,4_0219,614888.6971208167,0.0,0.02299724691165878,629029.4443116923
scenario_1438,5,12_0112;37_0212;49_D449;5_0217;5_0221,1330056.5707290429,0.0,0.02988355928870219,1369803.395117752
scenario_1439,3,29_AA02;29_AA65;29_AA67,0.0,0.0,0.0,0.0
scenario_1440,5,20_0112;20_0162;20_0163;20_0207;20_0901,0.0,0.0,0.0,0.0
scenario_1441,5,30_0114;30_0124;30_0506;30_0509;30_0901,0.0,0.0,0.0,0.0
scenario_1442,2,30_0121;49_E449,0.0,0.0,0.0,0.0
scenario_1443,2,48_AA01;48_AA03,0.0,0.0,0.0,0.0
scenario_1444,4,5_0119;5_0214;5_0217;5_0224,0.0,0.0,0.0,0.0
scenario_1445,1,48_F340,0.0,0.0,0.0,0.0
scenario_1446,4,49_D431;49_D460;4_BA60;5_0224,0.0,0.0,0.0,0.0
scenario_1447,2,32_AA61;32_AA62,0.0,0.0,0.0,0.0
scenario_1448,2,37_0201;37_0903,0.0,0.0,0.0,0.0
scenario_1449,6,20_0259;32_0202;4_0215;4_AA03;5_0217;5_3071,1367365.3654011607,0.0,0.046448990851718816,1430878.1067496361
scenario_1450,3,26_0214;37_0202;4_0123,0.0,0.0,0.0,0.0
scenario_1451,2,26_0113;26_0159,0.0,0.0,0.0,0.0
scenario_1452,6,27_3010;39_0207;4_BA02;53_0205;5_0215;8_0217,16544184.49109122,0.0,0.043299547686222,17260540.196392875
scenario_1453,2,19_0221;49_E452,0.0,0.0,0.0,0.0
scenario_1454,5,1_0101;1_0102;1_0106;1_0110;1_0162,0.0,0.0,0.0,0.0
scenario_1455,2,5_0219;5_0220,3.5847814204858257,0.0,0.0,3.5847814204858257
scenario_1456,1,1_4073,0.0,0.04730896598935008,0.0,0.0
scenario_1457,6,10_0210;12_0111;16_9032;39_0263;5_0222;5_3071,0.0,0.0,0.0,0.0
scenario_1458,4,20_0108;27_2018;4_0222;4_0264,8140711.717812298,0.0,0.2272969911184836,9991070.996834015
scenario_1459,6,10_0159;39_0901;4_0262;4_AA03;4_BA61;55_6353,2150033.3570113513,0.0,0.05066592213399534,2258966.779663181
scenario_1460,4,6_0212;6_0562;6_0605;6_0811,0.0,0.0,0.0,0.0
scenario_1461,5,31_0113;31_0115;31_0117;31_0118;31_0122,0.0,0.0,0.0,0.0
scenario_1462,4,32_0103;32_0109;32_0112;32_0201,0.0,0.0,0.0,0.0
scenario_1463,4,19_0213;19_0214;19_0216;19_0222,0.0,0.0,0.0,0.0
scenario_1464,5,26_0114;26_0116;26_0118;26_0123;26_0124,0.0,0.0,0.0,0.0
scenario_1465,3,38_0215;38_0219;38_0221,0.0,0.0,0.0,0.0
scenario_1466,5,26_0216;26_0217;26_0219;26_0221;26_0259,0.0,0.0,0.0,0.0
scenario_1467,4,19_0109;19_0213;19_0601;19_0701,0.0,0.0,0.0,0.0
scenario_1468,2,12_0103;49_7086,0.0,0.0,0.0,0.0
scenario_1469,3,29_AA03;37_0260;49_E462,0.0,0.0,0.0,0.0
scenario_1470,4,41_AA01;41_AA02;41_AA59;41_AA60,0.0,0.0,0.0,0.0
scenario_1471,1,8_0812,4907729.2781200325,0.0,0.004799637218594757,4931284.598222084
scenario_1472,5,8_A411;8_A412;8_A430;8_A431;8_A451,0.0,0.0,0.0,0.0
scenario_1473,4,10_0104;38_0264;4_0217;8_0219,6602171.235243729,0.0,0.029285513007638344,6795519.206832116
scenario_1474,6,19_0214;19_0221;35_0108;38_0224;39_0109;4_BA02,0.0,0.0,0.0,0.0
scenario_1475,3,19_0111;48_0902;5_0224,0.0,0.0,0.0,0.0
scenario_1476,4,37_0205;37_0210;37_0801;37_0903,0.0,0.0,0.0,0.0
scenario_1477,3,4_0214;4_0218;4_0261,7021800.351475513,0.0,0.18580124172699755,8326459.575938731
scenario_1478,5,48_0117;48_0118;48_0121;48_0160;48_0901,0.0,0.0,0.0,0.0
scenario_1479,6,26_0120;32_0209;38_0260;39_0210;48_0113;5_0218,0.0,0.0,0.0,0.0
scenario_1480,3,32_AA02;32_AA03;32_AA61,0.0,0.0,0.0,0.0
scenario_1481,5,4_0215;4_0217;4_0219;4_0221;4_0223,24454828.95297779,0.0,0.7093916167015994,41802879.60009179
scenario_1482,1,55_0117,0.0,0.0,0.0,0.0
scenario_1483,3,49_D454;49_D455;49_D459,0.0,0.0,0.0,0.0
scenario_1484,2,20_0205;20_0206,0.0,0.0,0.0,0.0
scenario_1485,2,32_0101;32_0202,0.0,0.0,0.0,0.0
scenario_1486,2,37_0902;49_E444,1201235.0252480004,0.0,0.0030690325975580956,1204921.6546978152
scenario_1487,5,12_0111;20_0159;48_0160;55_0123;6_0203,0.0,0.0,0.0,0.0
scenario_1488,3,19_0214;39_0105;8_A415,0.0,0.0,0.0,0.0
scenario_1489,3,39_0259;4_BA60;5_A320,0.0,0.0,0.0,0.0
scenario_1490,5,55_0115;55_0119;55_0219;55_0223;55_0908,0.0,0.0,0.0,0.0
scenario_1491,3,4_0214;4_0215;4_0222,14289721.23809814,0.0,0.39144858107833286,19883412.340756577
scenario_1492,5,48_3579;48_F310;48_F320;48_F330;48_F350,0.0,0.0,0.0,0.0
scenario_1493,5,4_0116;4_0118;4_0121;4_0122;4_0123,0.0,0.0,0.0,0.0
scenario_1494,1,32_0107,0.0,0.0,0.0,0.0
scenario_1495,5,4_0113;4_0217;4_0220;4_0260;4_0669,4407188.717623296,0.0,0.1366534178792755,5009446.119125501
scenario_1496,3,26_0113;26_0124;26_0159,0.0,0.0,0.0,0.0
scenario_1497,3,35_0103;35_0104;35_0109,0.0,0.0,0.0,0.0
scenario_1498,4,1_0108;1_0112;1_0564;1_0606,0.0,0.0001842448881193004,0.0,0.0
scenario_1499,4,26_0121;26_0220;26_0221;26_0901,0.0,0.0,0.0,0.0
