scenario_id,num_closed_nodes,closed_node_ids,delta_vht_proxy,connectivity_loss_pct,disconnected_od_pct,disruption_score,pred_delta_vht_proxy,ridge_delta_vht_proxy,pred_connectivity_loss_pct,ridge_connectivity_loss_pct,pred_disconnected_od_pct,ridge_disconnected_od_pct,pred_disruption_score,ridge_disruption_score,split
scenario_0000,2,10_0205;40_4166,258499129.77757877,0.0,0.05815393187768814,273531870.5611058,1.7337878e+08,1.257246e+08,0.0027703946,0.0015443196,0.06271212,0.038997453,1.9981931e+08,1.3904e+08,train
scenario_0001,3,20_0112;26_0113;32_AA61,0.0,0.0,0.0,0.0,1.789837e+07,-4.047508e+07,0.00014582962,3.3596327e-05,0.0067410553,-0.012146341,2.0226878e+07,-4.7204708e+07,train
scenario_0002,5,27_1003;27_1017;27_1020;27_2023;27_3005,0.0,0.0,0.0,0.0,1.09017e+06,-7.182818e+07,0.00033792906,0.00012652765,-0.00034744386,-0.024545364,3.019316e+06,-8.282408e+07,train
scenario_0003,6,20_0112;27_1003;32_7084;39_0105;4_0215;6_0201,0.0,0.0,0.0,0.0,1.774227e+07,3.3303128e+07,0.00057362753,6.351464e-05,0.007079145,0.017383832,1.9027836e+07,3.6110644e+07,train
scenario_0004,2,4_1007;4_BA02,0.0,0.0,0.0,0.0,-506116.0,-3.519839e+07,9.683496e-05,-0.00011250246,0.00062345807,-0.011654712,-1.099878e+06,-4.0216932e+07,train
scenario_0005,6,20_0206;37_0211;48_5283;4_0260;4_BA59;4_BA61,0.0,0.010451725491480657,0.0,0.0,7.990224e+06,4.041043e+07,0.0015482951,0.0033513291,0.005801244,0.018672211,1.0966268e+07,4.3961144e+07,val
scenario_0006,3,49_E443;49_E444;49_E460,0.0,0.0,0.0,0.0,-3.845564e+06,1.5885209e+07,5.4976117e-06,-1.5349535e-05,-0.0020980025,0.004976797,-7.709524e+06,1.810273e+07,train
scenario_0007,2,4_0121;4_0903,0.0,0.0,0.0,0.0,6.719852e+06,-5.213024e+06,0.00020419792,0.00036516832,0.0033821221,-0.0023347735,1.1167188e+07,-6.946408e+06,val
scenario_0008,4,10_0102;1_4126;37_A962;8_0218,278564461.78410274,0.0,0.10999124711458047,309204114.3375381,1.33615656e+08,1.022968e+08,0.00020624792,0.0005771074,0.049156513,0.040359095,1.4113478e+08,1.1478488e+08,train
scenario_0009,1,6_0205,0.0,0.0,0.0,0.0,2.2571928e+07,1.6662127e+07,7.016382e-05,-2.0045147e-05,0.008928243,0.0076504936,2.4319304e+07,1.825399e+07,val
scenario_0010,2,55_C902;5_0803,0.0,0.0,0.0,0.0,1.0371635e+07,-2.4631718e+07,-3.5698642e-05,-5.785891e-05,0.0042469506,-0.0076352786,1.1206084e+07,-2.865818e+07,val
scenario_0011,3,37_0859;37_0902;55_0806,0.0,0.0,0.0,0.0,9.6955e+06,2.111301e+07,5.736573e-05,0.00015286822,0.00461189,0.010759521,1.1018628e+07,2.4554572e+07,train
scenario_0012,5,20_0108;20_0111;20_0160;20_0164;26_0214,0.0,0.0,0.0,0.0,3.641788e+07,3.6896156e+07,9.17187e-05,0.00023947847,0.015799958,0.017816974,3.8530016e+07,4.0691292e+07,train
scenario_0013,4,12_0102;12_0105;12_0106;12_0562,0.0,0.0,0.0,0.0,1.2915243e+07,3.1438544e+07,3.7716905e-05,-0.00034307764,0.0056031193,0.012526501,1.3241756e+07,3.521604e+07,train
scenario_0014,1,55_0123,0.0,0.0,0.0,0.0,6.991498e+06,1.347666e+06,-7.071503e-06,-1.5920261e-05,0.002628685,0.00061398,7.73962e+06,1.026362e+06,train
scenario_0015,2,37_0204;37_0903,0.0,0.0,0.0,0.0,1.3011298e+07,1.5247336e+07,8.931308e-05,0.00037728128,0.0050707487,0.0072025787,1.5093837e+07,1.7482334e+07,test
scenario_0016,2,49_D449;49_D455,0.0,0.0,0.0,0.0,7.307208e+06,-9.325766e+06,7.5284945e-05,-0.00023465641,0.0028844895,-0.0028036209,1.2307846e+07,-1.1256676e+07,val
scenario_0017,5,48_1109;48_3579;48_F310;48_F340;48_F350,0.0,0.010922351166124944,0.0,0.0,1.8449004e+07,3.8083664e+07,0.013221357,0.008447247,0.0021731965,0.0111097405,1.5967774e+07,4.1461428e+07,train
scenario_0018,5,26_0117;31_0124;35_0102;5_0213;5_0218,108853426.05295154,0.0,0.06982313028195966,116453913.00188445,1.2528599e+08,6.6923496e+07,0.00023391155,0.00031657921,0.051512007,0.029206036,1.4284995e+08,7.41451e+07,train
scenario_0019,5,49_7082;49_C443;49_C447;49_C450;49_C457,598538494.4349011,0.0,0.17678910368178072,704353578.3850899,4.7816832e+08,3.1833725e+08,0.00037174282,0.000105343745,0.17118347,0.09788165,5.489063e+08,3.5917027e+08,train
scenario_0020,5,39_0104;39_0209;49_E448;4_AA61;8_0223,0.0,0.0,0.0,0.0,6.4535056e+07,5.0752696e+07,3.4561715e-05,-0.0004721721,0.023087107,0.018988721,7.486742e+07,5.5912508e+07,train
scenario_0021,5,22_0115;48_0161;48_0165;4_0263;5_0213,74585277.86092715,0.00018393296657914782,0.04800763301493182,78179659.20021135,4.5368504e+07,6.740657e+07,3.0930532e-06,0.00010798991,0.019178405,0.02952522,4.546151e+07,7.438198e+07,train
scenario_0022,2,38_0216;38_0262,0.0,0.0,0.0,0.0,1.3485147e+07,2.0339818e+07,5.2566887e-05,4.6130634e-05,0.005303054,0.00847214,1.3758536e+07,2.2650868e+07,train
scenario_0023,1,4_0115,0.0,0.0,0.0,0.0,6.37014e+06,4.371034e+06,2.1361586e-05,-0.00021779537,0.0026485948,0.0016731992,7.455546e+06,3.827374e+06,test
scenario_0024,3,4_AA03;4_AA59;4_AA61,0.0,0.0,0.0,0.0,-8.429058e+06,-5.695235e+07,-0.00015408071,-0.0011282151,-0.0032349275,-0.02132224,-1.2619932e+07,-6.5738668e+07,train
scenario_0025,3,32_0112;32_0208;32_0211,0.0,0.0,0.0,0.0,8.589408e+06,2.0327512e+07,9.853073e-06,4.278304e-05,0.0035476997,0.008554857,7.988152e+06,2.2563932e+07,train
scenario_0026,1,8_A452,0.0,0.0,0.0,0.0,1.3982559e+07,-3.5627e+06,5.9893922e-05,0.0005967757,0.004965031,-0.0018159552,1.7517304e+07,-2.601282e+06,train
scenario_0027,5,10_0159;38_0213;39_0264;6_0209;8_0217,0.0,0.0,0.0,0.0,3.605566e+07,4.0472556e+07,-3.944777e-05,-0.0001074257,0.015745439,0.017956177,3.858575e+07,4.529719e+07,train
scenario_0028,2,39_A803;39_A804,0.0,0.0,0.0,0.0,1.4970671e+07,-2.9010998e+07,-0.00033821503,-0.00082186336,0.0054091956,-0.002013606,1.5836923e+07,-3.96357e+07,val
scenario_0029,1,55_0220,0.0,0.0,0.0,0.0,8.411044e+06,1.1337122e+07,3.503832e-05,-4.481111e-05,0.0031780154,0.0044559953,9.252738e+06,1.2137258e+07,test
scenario_0030,6,10_0103;19_0159;27_3009;32_AA59;39_0203;49_D461,0.0,0.0,0.0,0.0,1.3497475e+08,1.2912547e+08,0.0003368681,0.000497417,0.050163276,0.045152497,1.5471883e+08,1.4599373e+08,test
scenario_0031,1,48_0121,62084074.86396097,9.196648328957391e-05,0.029313599581940897,63909692.22897189,1.0792294e+07,1.5742288e+07,5.7474317e-05,-3.135539e-05,0.004158959,0.006135,1.1953132e+07,1.7222388e+07,train
scenario_0032,4,1_0111;39_0159;55_0218;55_C960,18505789.93216464,0.0,0.007336327392567594,18641554.465765078,1.2845209e+07,-4.3830656e+07,-2.7530856e-05,0.00020197705,0.006047247,-0.014232015,1.233871e+07,-4.662006e+07,test
scenario_0033,3,16_1005;16_9032;16_9034,0.0,0.0,0.0,0.0,-3.473828e+06,1.326682e+06,-0.0004542134,-0.0043318365,0.0014564777,0.005264896,-1.201828e+06,1.381806e+06,train
scenario_0034,3,10_0103;10_0201;10_0209,0.0,0.0,0.0,0.0,1.1457584e+07,2.6996012e+07,5.516791e-05,6.0777573e-05,0.0044499934,0.011573677,1.0902016e+07,2.9383124e+07,train
scenario_0035,3,39_0111;39_0259;39_0901,0.0,0.0,0.0,0.0,2.2887918e+07,2.567063e+07,0.00017814894,0.00038624907,0.008985873,0.011188447,2.220592e+07,2.8006128e+07,train
scenario_0036,4,10_0108;4_0221;4_0222;4_BA59,0.0,0.0,0.0,0.0,2.2864174e+07,7.530209e+07,5.3883326e-05,0.00043476734,0.009381307,0.031234281,2.175336e+07,8.323904e+07,val
scenario_0037,4,10_0106;37_0207;4_0220;8_0215,0.0,0.0,0.0,0.0,3.321803e+07,4.0691416e+07,-3.3338147e-06,-7.8143e-05,0.013694622,0.018541295,3.2417924e+07,4.4408508e+07,train
scenario_0038,4,26_0217;27_3005;27_3007;4_BA02,0.0,0.0,0.0,0.0,1.2671788e+07,8.022372e+06,0.00020369756,0.0001721713,0.004209463,0.0060233567,1.3527402e+07,8.215568e+06,train
scenario_0039,5,12_0110;19_0220;26_0259;5_0217;6_0202,40.17164579548778,0.0,0.0,40.17164579548778,4.162557e+07,6.277087e+07,1.5464742e-05,0.0002191639,0.017684024,0.028095344,4.2139636e+07,6.970416e+07,val
scenario_0040,3,4_0113;4_0163;4_0560,0.0,0.0,0.0,0.0,5.037276e+06,-1.0331234e+07,-1.5770522e-05,-0.00025835546,0.0024605338,-0.003995843,5.64532e+06,-1.2540312e+07,train
scenario_0041,3,6_0205;6_0509;6_0606,0.0,0.0,0.0,0.0,5.35104e+06,-3.2183694e+07,2.0718624e-05,-0.00024774624,0.0036991872,-0.0109722335,6.47444e+06,-3.6481572e+07,val
scenario_0042,4,27_1017;27_3005;27_3007;27_4055,0.0,0.0,0.0,0.0,1.766975e+07,1.1720743e+08,0.00023689406,0.00021880347,0.0056246547,0.03429997,1.6731267e+07,1.3224322e+08,val
scenario_0043,3,36_0801;36_0802;36_0859,0.0,0.0,0.0,0.0,3.417669e+07,8.058913e+07,0.00072097126,0.0009526469,0.014225999,0.031868607,3.2987646e+07,8.966974e+07,test
scenario_0044,4,19_0108;26_0218;49_D410;55_0117,0.0,0.0,0.0,0.0,1.6872684e+07,1.8756158e+07,0.00017909364,4.525813e-05,0.0063546603,0.0074893106,1.8980836e+07,1.990002e+07,test
scenario_0045,1,51_5010,0.0,0.0,0.0,0.0,2.7313718e+07,1.645498e+06,7.464987e-05,0.00045073562,0.008780407,0.0005355701,3.0270672e+07,1.859278e+06,train
scenario_0046,5,4_0121;4_0216;4_0265;4_0505;4_0661,0.0,0.0,0.0,0.0,-7.291794e+06,-1.725835e+07,-4.3682987e-05,-0.00046485022,0.00033903308,-0.0047227945,-8.558776e+06,-2.0643744e+07,train
scenario_0047,2,49_0803;49_0804,0.0,0.0,0.0,0.0,4.495054e+06,4.543564e+06,0.000102837046,0.00041149475,0.0021288972,0.002882516,4.660224e+06,3.532048e+06,train
scenario_0048,2,4_BA02;4_BA03,0.0,0.0,0.0,0.0,2.381054e+06,-5.390469e+07,2.3396162e-05,0.00080677227,0.0013234979,-0.015381195,1.308836e+06,-6.1167108e+07,train
scenario_0049,5,12_0101;31_0123;38_0214;4_AA60;8_A455,0.0,0.0,0.0,0.0,6.78788e+06,2.3922954e+07,0.00016469853,0.0001278517,0.003336873,0.008769866,6.99273e+06,2.5193366e+07,test
scenario_0050,5,32_AA60;49_D461;4_0215;4_0223;8_A441,0.0,0.0,0.0,0.0,-1.783006e+06,5.4207292e+07,0.00054454623,0.00045800267,0.0022766097,0.024043072,1.146826e+06,6.061223e+07,train
scenario_0051,3,32_AA60;4_0224;8_0213,0.0,0.0,0.0,0.0,3.382632e+07,4.735455e+07,0.00013057957,0.00028510677,0.012190283,0.018636025,3.5741924e+07,5.218097e+07,test
scenario_0052,5,26_0124;48_0903;53_0205;53_0211;53_0212,270106346.6088387,0.00011584988781343508,0.12702556965867984,304448050.9452036,1.9415452e+07,3.617573e+07,-5.091133e-06,-0.00014719783,0.008712136,0.016649667,1.9570912e+07,4.048121e+07,train
scenario_0053,5,12_0103;35_0112;39_0101;51_0118;53_0211,0.0,0.0,0.0,0.0,2.9071066e+07,4.5519696e+07,5.5800585e-05,0.00012178315,0.012683754,0.019902378,2.949065e+07,4.993207e+07,train
scenario_0054,4,39_0208;49_0804;6_0201;6_0210,0.0,0.0,0.0,0.0,9.580909e+07,6.681595e+07,0.00035920998,0.00050848525,0.039915256,0.028375607,1.103375e+08,7.521899e+07,train
scenario_0055,3,51_0120;51_0122;51_0123,0.0,0.0,0.0,0.0,4.627996e+06,-2.2002578e+07,-5.8829144e-05,-6.2082574e-05,0.0025709812,-0.006942354,3.593902e+06,-2.5901224e+07,train
scenario_0056,1,49_C450,43429490.91773948,0.0,0.012809961469232026,43985821.02302409,1.0974343e+07,2.6324958e+07,6.587387e-05,-0.00021524052,0.0037262617,0.0075529674,1.5178936e+07,2.8698556e+07,test
scenario_0057,3,35_0103;51_0114;53_0204,0.0,0.0,0.0,0.0,1.3490534e+07,2.879559e+07,0.00012331239,0.00018612274,0.005237117,0.012178045,1.3008236e+07,3.0996674e+07,train
scenario_0058,3,48_0113;48_0116;48_0801,125194899.94281018,0.0001945510797058958,0.05862719916388181,132559083.07901712,2.8662504e+07,3.647955e+07,0.00017971854,-4.7470356e-05,0.011521076,0.016759016,2.785126e+07,4.002744e+07,test
scenario_0059,2,6_0204;6_0211,0.0,0.0,0.0,0.0,2.3234032e+07,2.8860654e+07,0.00012418735,0.00019965568,0.009825064,0.011241459,2.3982908e+07,3.1297632e+07,test
scenario_0060,1,22_3056,0.0,0.0,0.0,0.0,2.314596e+07,1.1107484e+07,0.0006719214,0.001114459,0.008613275,0.0043478454,2.4975056e+07,1.1717836e+07,train
scenario_0061,5,4_0217;4_0264;4_0265;4_0606;4_0903,0.0,0.0,0.0,0.0,-5.359674e+06,9.373044e+06,0.00012337069,0.0001810602,0.00092170946,0.006731521,-7.192272e+06,7.83679e+06,train
scenario_0062,1,30_0113,0.0,0.0,0.0,0.0,5.484078e+06,1.290298e+06,5.8123696e-05,8.557814e-05,0.0022457605,0.0005427217,6.507086e+06,103502.0,train
scenario_0063,3,20_0162;20_0206;20_0211,0.0,0.0,0.0,0.0,1.4306335e+07,2.1864876e+07,6.200027e-05,0.00015394296,0.005600708,0.01037295,1.4200377e+07,2.443471e+07,test
scenario_0064,6,1_0111;20_0162;26_0215;4_0224;4_0264;6_0208,18505789.93216464,0.0,0.007336327392567594,18641554.465765078,9.23415e+06,2.5371678e+07,3.8608254e-05,0.00024438623,0.0061452803,0.0149541255,7.540402e+06,2.5595174e+07,train
scenario_0065,2,48_0117;4_0261,62521722.22142241,9.196648328957391e-05,0.029313599581940897,64360208.85471644,1.7758958e+07,2.9204562e+07,0.00015285995,0.00024362393,0.00782814,0.011883676,1.89233e+07,3.136658e+07,test
scenario_0066,5,30_0113;30_0120;30_0121;30_0124;30_0901,0.0,0.0,0.0,0.0,3.25651e+06,2.8450112e+07,3.284907e-05,0.00021078368,0.002101045,0.012694046,5.017518e+06,3.0424428e+07,val
scenario_0067,6,32_AA61;40_0114;4_0220;4_AA01;51_0114;55_6351,18236165.165249743,0.0,0.004144670016083702,18311748.0522185,3.680432e+07,3.1456606e+07,0.00017444839,0.00018983739,0.012679846,0.014499911,3.694385e+07,3.24936e+07,test
scenario_0068,3,37_0206;37_0260;5_0117,104597173.55420032,0.0,0.06653194987740356,111556227.46242645,1.3342723e+07,2.7964714e+07,3.7640784e-05,-0.0001842427,0.0053370157,0.011516389,1.317249e+07,3.1069966e+07,val
scenario_0069,4,29_0801;4_0214;5_0121;6_0209,0.0,0.0,0.0,0.0,4.9861776e+07,4.668684e+07,8.2376355e-06,0.00012828186,0.020699373,0.022413924,5.2414736e+07,5.1747964e+07,train
scenario_0070,4,19_0216;19_0219;19_0224;38_0260,0.0,0.0,0.0,0.0,1.4636264e+08,8.122508e+07,0.00033865418,0.0003374449,0.059557684,0.033447407,1.6849976e+08,9.094866e+07,test
scenario_0071,4,55_0120;55_0122;55_0123;55_0262,0.0,0.0,0.0,0.0,9.486358e+06,2.7099588e+07,1.0754666e-05,0.00025270472,0.0039632027,0.0118509615,1.0510066e+07,3.0263992e+07,train
scenario_0072,1,22_0115,0.0,0.0,0.0,0.0,5.824352e+06,196674.0,-8.094037e-06,-0.000115751114,0.002332136,0.00020177942,6.505738e+06,-733282.0,val
scenario_0073,2,22_0120;22_0707,0.0,0.0,0.0,0.0,6.759194e+06,-4.866842e+06,-3.9774517e-05,-0.00021366388,0.0032751583,-0.0019584727,7.125918e+06,-6.05272e+06,train
scenario_0074,2,49_D460;49_D462,0.0,0.0,0.0,0.0,3.4609464e+07,5.837531e+07,-1.2643606e-05,0.0001857009,0.009242578,0.017327894,3.8174668e+07,6.536896e+07,train
scenario_0075,2,4_0214;53_0202,0.0,0.0,0.0,0.0,1.896704e+07,2.51817e+06,8.295277e-05,-0.000103833736,0.007913907,0.003978324,2.0292188e+07,1.286188e+06,train
scenario_0076,2,37_0205;37_0207,0.0,0.0,0.0,0.0,1.100153e+07,8.871986e+06,2.5357032e-05,-0.00021824072,0.0046093427,0.0043337345,1.0949028e+07,8.696268e+06,test
scenario_0077,5,4_0213;4_0215;4_0216;4_0260;4_0267,0.0,0.0,0.0,0.0,4.45613e+06,4.1711224e+07,9.801563e-05,3.9795297e-05,0.0048331334,0.02431094,4.83321e+06,4.446107e+07,train
scenario_0078,1,1_0107,18474954.004776597,0.0,0.00732235421456317,18610234.16209733,9.750972e+06,1.9309808e+07,6.239266e-05,-1.7499377e-05,0.003563534,0.007582091,1.057522e+07,2.111988e+07,test
scenario_0079,5,26_0115;26_0221;26_0224;26_0603;26_0606,0.0,0.0,0.0,0.0,-1.173928e+06,-2.818002e+06,-0.00012378691,-0.00031347218,0.0013178876,-0.0016917419,-1.798052e+06,-4.705416e+06,train
scenario_0080,2,48_AA01;4_0265,0.0,0.004813491064655229,0.0,0.0,3.6595e+06,-9.554922e+06,0.0021134645,0.0013768103,0.0018587084,-0.0017331773,3.701116e+06,-1.2166984e+07,train
scenario_0081,3,31_0115;31_0117;32_0208,0.0,0.0,0.0,0.0,7.017502e+06,1.5140732e+07,8.6096115e-06,-6.653456e-06,0.0029726485,0.0069104633,6.418364e+06,1.587309e+07,test
scenario_0082,3,26_0213;26_0219;8_0224,0.0,0.0,0.0,0.0,1.4834759e+07,1.1065333e+07,4.8157774e-05,-0.0001093508,0.006295374,0.0062270476,1.5017192e+07,1.121257e+07,train
scenario_0083,1,26_0119,0.0,0.0,0.0,0.0,7.804766e+06,4.68541e+06,1.3941084e-05,-9.2206494e-05,0.0030150712,0.0018979274,8.646172e+06,4.778452e+06,train
scenario_0084,4,30_0118;30_0121;30_0806;30_0902,0.0,0.0,0.0,0.0,2.6315384e+07,7.051129e+07,0.00017584822,0.00027901336,0.01083553,0.028528344,2.658712e+07,7.894429e+07,train
scenario_0085,4,37_0801;37_0901;55_0806;5_0810,0.0,0.0,0.0,0.0,8.864868e+06,1.0285352e+07,3.9813152e-05,-0.00017169729,0.004629086,0.0067567355,9.263286e+06,1.1177354e+07,train
scenario_0086,6,20_0108;26_0220;31_0904;41_7081;4_0262;55_0263,103871577.18766528,0.0,0.029927436738347107,106980187.24286148,1.069193e+08,1.6598522e+08,-0.00016595461,0.0004284914,0.043205068,0.06266138,1.213997e+08,1.8409526e+08,train
scenario_0087,5,19_0103;19_0108;19_0109;19_0111;1_0107,18474954.004776597,0.0,0.00732235421456317,18610234.16209733,4.158358e+06,3.6764876e+07,2.2092136e-05,0.00020601749,0.0022212118,0.016065106,5.809716e+06,4.0873772e+07,train
scenario_0088,2,48_A807;48_A808,0.0,0.004168747900583858,0.0,0.0,9.542314e+06,-2.7308162e+07,0.006193747,0.0032533512,0.0025584335,-0.0027758684,1.3093286e+07,-2.9097156e+07,val
scenario_0089,3,40_1017;40_4157;40_4166,258499129.77757877,0.0,0.05815393187768814,273531870.5611058,1.4425832e+08,1.1854652e+08,0.006072796,0.004540448,0.04690623,0.02748464,1.6027518e+08,1.2945768e+08,train
scenario_0090,3,49_D440;49_D455;49_D462,0.0,0.0,0.0,0.0,1.8268628e+07,3.6032692e+07,-9.933312e-06,-0.00011420919,0.0048174313,0.010340472,2.2122894e+07,3.930069e+07,train
scenario_0091,2,49_E454;6_0210,0.0,0.0,0.0,0.0,1.8217264e+07,2.8799156e+07,0.00016115392,0.00020351424,0.0058135046,0.011321562,2.067424e+07,3.3291252e+07,train
scenario_0092,2,10_0101;10_0159,0.0,0.0,0.0,0.0,8.762704e+06,1.92687e+07,2.0525302e-05,-0.00011580298,0.0034347698,0.007845083,8.22564e+06,2.0745856e+07,train
scenario_0093,5,4_0217;4_0219;4_0222;4_0262;8_0216,0.0,0.0,0.0,0.0,1.3433954e+07,1.0594446e+08,9.7671815e-05,0.00025064024,0.0078179,0.0452456,1.4059771e+07,1.1789658e+08,val
scenario_0094,4,28_0805;28_0806;39_0260;39_0262,0.0,0.0,0.0,0.0,1.1088884e+07,3.4153584e+07,4.850715e-05,-0.00019918641,0.004510123,0.014437078,1.1430504e+07,3.7111148e+07,train
scenario_0095,4,19_0217;19_0219;19_0224;19_0604,0.0,0.0,0.0,0.0,6.5060184e+07,5.406391e+07,1.9659565e-05,0.00020506003,0.027626703,0.0220065,7.207427e+07,6.0124784e+07,train
scenario_0096,4,19_0105;26_0124;4_0215;8_A443,0.0,0.0,0.0,0.0,1.4195007e+07,2.0923408e+07,0.0003686639,0.00037399385,0.0062537408,0.01002563,1.4930279e+07,2.2769944e+07,train
scenario_0097,3,38_0214;38_0216;38_0221,0.0,0.0,0.0,0.0,3.930056e+07,4.567409e+07,0.000112643465,-1.9741565e-05,0.016805192,0.018673833,4.1494776e+07,5.0310736e+07,train
scenario_0098,6,12_AA03;20_0164;26_0215;27_1017;48_0114;6_0202,62143489.8755597,9.196648328957391e-05,0.029313599581940897,63970854.372619465,5.260804e+07,6.1022376e+07,6.129335e-05,0.00048485526,0.021466918,0.028702678,5.3014e+07,6.790364e+07,train
scenario_0099,2,4_0222;8_A444,0.0,0.0,0.0,0.0,6.16956e+06,8.592276e+06,0.00024211859,0.00030244284,0.004209986,0.0063405675,1.0151232e+07,1.0312804e+07,test
scenario_0100,2,6_0811;6_0812,0.0,0.0,0.0,0.0,4.569936e+06,5.483587e+07,-8.4089115e-06,-6.713468e-06,0.0033740173,0.02191379,6.578628e+06,6.1643824e+07,train
scenario_0101,2,4_0221;8_0213,0.0,0.0,0.0,0.0,2.0591568e+07,3.773432e+07,7.481374e-05,-4.7415146e-05,0.0084478045,0.015887897,2.1697162e+07,4.1306064e+07,test
scenario_0102,1,8_7776,0.0,0.0,0.0,0.0,1.8691032e+07,-7.395318e+06,7.37223e-05,-0.00014529747,0.006158631,-0.0022001714,2.1609084e+07,-8.600588e+06,train
scenario_0103,5,4_0121;4_0162;4_0216;4_0264;4_0903,0.0,0.0,0.0,0.0,1.8038764e+07,3.37869e+06,9.165821e-05,0.00012155955,0.007983753,0.0044515003,1.6758205e+07,1.786272e+06,train
scenario_0104,4,56_B320;56_B330;56_B350;56_B360,0.0,0.0,0.0,0.0,2.359884e+06,1.813582e+07,-0.0002740482,0.00010768915,-0.0029775081,0.0071837404,-1.212736e+06,2.1757526e+07,train
scenario_0105,2,32_0111;32_0207,0.0,0.0,0.0,0.0,9.18267e+06,1.440497e+07,1.8558203e-05,4.3222375e-05,0.0036466084,0.006035013,8.751286e+06,1.57506e+07,val
scenario_0106,6,22_0113;39_0206;48_0120;48_0901;49_E445;4_BA01,312860547.4263561,0.0002078131977365505,0.14656636564456485,358780397.3670124,1.9133776e+08,8.6399576e+07,0.0004594792,0.000314912,0.07526038,0.03735777,2.2561253e+08,9.698589e+07,train
scenario_0107,5,20_0102;20_0108;20_0159;20_0160;20_0211,0.0,0.0,0.0,0.0,7.728932e+07,6.394444e+07,0.0002386024,0.0004679321,0.031356275,0.027652312,8.448517e+07,7.3027736e+07,test
scenario_0108,6,1_0101;39_0111;39_0260;5_0215;5_0222;8_0221,122044616.67127903,0.0,0.07278106226013807,130927153.51574609,3.358608e+07,3.9846856e+07,-4.6047528e-05,-3.168176e-05,0.015454919,0.019458741,3.484905e+07,4.2640708e+07,train
scenario_0109,4,32_0102;32_0110;32_0111;32_0201,0.0,0.0,0.0,0.0,1.4418186e+07,4.0606708e+07,8.153064e-05,0.00011178198,0.0058407565,0.017142586,1.4449255e+07,4.4794024e+07,val
scenario_0110,2,19_0106;1_0109,18483268.858877864,0.0,0.007335451510481305,18618851.981347352,3.849804e+06,-6.375922e+06,-2.1515938e-05,-0.00027818372,0.00193947,-0.0023245579,3.43747e+06,-9.388676e+06,train
scenario_0111,1,22_0113,0.0,0.0,0.0,0.0,8.790338e+06,1.8090696e+07,5.2463933e-05,-9.981857e-06,0.0031959326,0.0070929322,9.544768e+06,1.97358e+07,test
scenario_0112,4,4_0118;4_0219;4_0260;4_0659,0.0,0.0,0.0,0.0,6.344636e+06,1.6348491e+07,4.28794e-05,-0.00016529328,0.004152591,0.009181334,7.351658e+06,1.74757e+07,train
scenario_0113,3,10_0101;10_0109;10_0210,0.0,0.0,0.0,0.0,1.0481079e+07,2.2653602e+07,3.7044316e-05,-5.7609897e-05,0.004082009,0.009917949,1.0063462e+07,2.4989624e+07,train
scenario_0114,1,27_3005,0.0,0.0,0.0,0.0,1.6046984e+07,-3.5742e+07,0.00016532195,-0.00014701934,0.005494211,-0.011785625,1.9844116e+07,-4.1524876e+07,train
scenario_0115,1,56_7773,0.0,0.0,0.0,0.0,722746.0,-4.4401184e+07,3.8558224e-05,0.001211517,0.0005283402,-0.014288753,7.66156e+06,-4.9694196e+07,test
scenario_0116,5,19_0218;19_0221;37_0212;5_0115;5_0117,104597173.55420032,0.0,0.06653194987740356,111556227.46242645,3.1032108e+07,4.2954772e+07,-2.9940013e-05,-9.83983e-06,0.01343498,0.019013941,3.1146812e+07,4.6765376e+07,val
scenario_0117,4,20_0205;20_0208;37_2825;4_BA01,0.0,0.0,0.0,0.0,2.8260836e+07,-4.742908e+07,0.000748112,0.0009839926,0.011222956,-0.007764252,2.8734816e+07,-5.4947524e+07,train
scenario_0118,6,1_0104;1_0110;40_0113;4_0215;4_0261;55_0120,58213836.56449546,0.0,0.019457399093419904,59346526.41528997,3.539223e+07,5.045885e+07,2.0087973e-05,0.00028484032,0.016196243,0.023003742,3.5517268e+07,5.3896336e+07,train
scenario_0119,4,1_0105;1_0162;1_0564;1_0601,37214025.01836755,0.0,0.014653433664685762,37759338.26537015,2.725206e+06,-5.560968e+06,-8.2934246e-05,-0.00013779043,0.00207768,-0.0026156493,1.997448e+06,-5.650348e+06,val
scenario_0120,4,49_D443;49_D452;49_D455;49_D460,0.0,0.0,0.0,0.0,1.535597e+07,3.488117e+07,-2.0463223e-05,-3.6432146e-05,0.0033361297,0.009879458,1.8826952e+07,3.798537e+07,train
scenario_0121,3,26_0213;26_0215;26_0603,0.0,0.0,0.0,0.0,1.0705433e+07,-2.359492e+06,2.2491266e-05,-0.00012174182,0.0046484666,1.2441538e-05,1.0695188e+07,-4.126188e+06,train
scenario_0122,4,39_0206;39_0207;39_0209;39_0259,0.0,0.0,0.0,0.0,2.8128452e+07,4.5012616e+07,0.00014149415,0.00020444712,0.012085108,0.018575113,2.822098e+07,4.9804184e+07,train
scenario_0123,5,39_0102;42_1599;4_AA61;53_0208;5_0224,0.0,0.0,0.0,0.0,5.1206532e+07,-7.62037e+06,-0.00018150912,-0.0012332415,0.021489779,-0.00028826203,5.073621e+07,-1.2859624e+07,test
scenario_0124,4,12_AA03;32_0259;37_0206;4_AA01,0.0,0.0,0.0,0.0,7.8763096e+07,1.01318184e+08,0.0010693952,9.258167e-05,0.030641112,0.03664052,8.5053144e+07,1.1445115e+08,test
scenario_0125,6,19_0219;39_0203;39_0903;48_0113;6_0206;8_0220,62404672.38549416,9.196648328957391e-05,0.029313599581940897,64239717.10210488,4.2931028e+07,4.5566504e+07,-1.834848e-05,0.00013012174,0.018717373,0.019554071,4.3604244e+07,4.95366e+07,train
scenario_0126,2,37_0903;5_0810,0.0,0.0,0.0,0.0,5.172876e+06,-2.2052978e+07,1.9486732e-05,-0.0002601628,0.0028942311,-0.006715024,7.923746e+06,-2.4859152e+07,train
scenario_0127,5,19_0106;19_0108;1_0102;1_0110;46_0859,37176030.90519062,0.0,0.014652102607788476,37720737.92456378,2.7654834e+07,6.1356144e+07,0.0002461323,0.00041244528,0.0118974475,0.025552612,2.7635498e+07,6.783197e+07,train
scenario_0128,2,38_0221;38_0263,0.0,0.0,0.0,0.0,1.7059354e+07,2.552148e+07,8.432289e-05,0.00012330356,0.0064583714,0.0107969,1.7545908e+07,2.8008766e+07,test
scenario_0129,5,30_0113;30_0114;30_0118;30_0123;30_0903,0.0,0.0,0.0,0.0,521032.0,1.2704189e+07,-2.6889495e-05,0.00024358912,0.0012999596,0.0068001067,1.55108e+06,1.2779158e+07,val
scenario_0130,3,10_0111;10_0206;10_0259,0.0,0.0,0.0,0.0,9.121838e+06,2.945494e+06,3.011484e-05,8.9065885e-05,0.0037964624,0.0027538724,8.835256e+06,2.753756e+06,train
scenario_0131,3,49_7085;49_E454;49_E459,0.0,0.0,0.0,0.0,4.0979296e+07,8.113482e+07,2.9229079e-05,0.00081626786,0.012216745,0.024131522,4.406509e+07,9.521909e+07,train
scenario_0132,1,41_7081,103871577.18766528,0.0,0.029927436738347107,106980187.24286148,4.830904e+07,8.671037e+07,-8.11441e-05,0.00012900864,0.016586244,0.029303256,5.153877e+07,9.459664e+07,train
scenario_0133,1,48_0903,270106346.6088387,0.00011584988781343508,0.12702556965867984,304448050.9452036,1.3847574e+07,2.1910796e+07,9.650669e-05,-0.00012570262,0.0052204435,0.009457981,1.5033675e+07,2.4485234e+07,train
scenario_0134,6,10_0211;26_0214;48_0120;4_0263;4_BA03;6_0209,62027321.32895206,9.196648328957391e-05,0.029313599581940897,63851269.82413985,3.6760348e+07,4.532578e+07,-4.347309e-05,0.00041681138,0.014853769,0.023927467,3.5076684e+07,4.981754e+07,train
scenario_0135,1,37_0209,0.0,0.0,0.0,0.0,8.192966e+06,-282760.0,1.2314296e-05,-0.00018662435,0.0033719097,0.00044287648,9.214654e+06,-1.024466e+06,train
scenario_0136,2,5_0114;5_0121,121863986.4371272,0.0,0.07743818086582892,131300911.85987638,1.1153043e+07,1.9620958e+07,3.6983998e-05,-9.12548e-05,0.004290043,0.008238198,1.0696284e+07,2.1145562e+07,train
scenario_0137,3,20_0103;20_0109;20_0164,0.0,0.0,0.0,0.0,1.0230345e+07,1.6067951e+07,1.7703554e-05,-0.00017695833,0.00407989,0.007441283,9.543806e+06,1.6526728e+07,train
scenario_0138,2,49_C431;49_C449,86835162.65583123,0.0,0.02561992293846405,89059872.83142263,3.0629848e+07,8.519747e+07,1.2676552e-05,-0.00012613292,0.008886993,0.025817862,3.1420036e+07,9.36421e+07,val
scenario_0139,3,10_0108;39_0160;5_0222,51543972.27025205,0.0,0.03272172825545319,53230580.12408586,2.4093048e+07,2.8046194e+07,5.82168e-05,2.2848108e-06,0.009915655,0.01246941,2.3981552e+07,3.0635014e+07,train
scenario_0140,1,10_0106,0.0,0.0,0.0,0.0,7.559026e+06,1.1567852e+07,2.7977178e-05,-8.3358784e-05,0.0028452985,0.0045080124,8.280438e+06,1.2245932e+07,train
scenario_0141,3,55_0118;55_0120;55_0224,0.0,0.0,0.0,0.0,1.1638892e+07,2.9978812e+07,6.246523e-05,0.00016842983,0.004518484,0.012598252,1.114422e+07,3.335894e+07,test
scenario_0142,3,35_0110;35_0901;35_0902,0.0,0.0,0.0,0.0,5.0098e+06,2.911086e+06,-6.1215775e-05,-0.00019122934,0.0027262783,0.00010240823,5.293936e+06,3.365908e+06,train
scenario_0143,5,26_0113;26_0122;35_0109;39_0103;53_0207,0.0,0.0,0.0,0.0,1.486674e+07,3.1563406e+07,3.814668e-05,0.00019570762,0.0066023227,0.01471768,1.5394489e+07,3.4656948e+07,train
scenario_0144,1,27_2023,0.0,0.0,0.0,0.0,1.7480124e+07,1.875832e+06,0.00017399839,0.0003358432,0.0058498504,-0.0014051851,2.1462796e+07,1.89088e+06,val
scenario_0145,3,10_0203;48_0124;48_AA02,62731520.08963477,0.00490497841736548,0.029313599581940897,64878103.502837,3.2234454e+07,3.240772e+07,0.0029625404,0.0014480161,0.010208404,0.012854758,3.340696e+07,3.7064304e+07,train
scenario_0146,3,12_0110;51_0121;53_0204,0.0,0.0,0.0,0.0,1.4427648e+07,2.3554614e+07,6.267836e-05,-1.1686061e-05,0.0055815936,0.01052781,1.4006261e+07,2.5283314e+07,train
scenario_0147,2,28_1001;28_3091,0.0,0.0,0.0,0.0,7.113126e+06,-2.177125e+07,0.0011430818,0.002712838,0.004309479,-0.006081946,1.017033e+07,-2.675406e+07,train
scenario_0148,4,49_E443;49_E448;49_E452;49_E462,0.0,0.0,0.0,0.0,-1.7683846e+07,-2.392673e+07,-9.203408e-05,-0.00050164876,-0.007182697,-0.006852323,-2.5097432e+07,-2.7120436e+07,train
scenario_0149,3,35_0107;35_0110;35_0112,0.0,0.0,0.0,0.0,1.0818503e+07,3.20267e+07,6.0228325e-05,9.8935954e-05,0.004257543,0.013322044,1.0344378e+07,3.54388e+07,train
scenario_0150,6,10_0260;22_0114;26_0214;26_0223;4_0214;4_0262,0.0,0.0,0.0,0.0,2.5389944e+07,4.2156524e+07,2.8469949e-05,0.00015888995,0.011864687,0.021916928,2.482827e+07,4.5248816e+07,train
scenario_0151,2,49_C440;49_C449,86736327.39194605,0.0,0.02561992293846405,88958505.4156931,4.8242396e+07,9.716309e+07,-2.9090763e-05,0.00025090005,0.014450094,0.028988587,4.9601588e+07,1.0741013e+08,train
scenario_0152,2,37_0201;37_0205,0.0,0.0,0.0,0.0,1.1140938e+07,2.383662e+06,3.1970965e-05,-9.666334e-05,0.00456458,0.0024878979,1.090985e+07,1.34331e+06,val
scenario_0153,2,20_0159;26_0215,0.0,0.0,0.0,0.0,1.6248921e+07,1.5238075e+07,8.261412e-05,8.7987486e-05,0.006036202,0.006653367,1.6702653e+07,1.6863956e+07,train
scenario_0154,5,49_C410;49_C444;49_C445;49_C451;49_C452,217058433.25924182,0.0,0.06404980734616014,230960984.0923556,7.52143e+07,9.07465e+07,-8.114966e-05,-0.000791448,0.022953,0.025613215,7.734458e+07,9.906317e+07,train
scenario_0155,4,20_0101;20_0112;20_0208;20_0212,0.0,0.0,0.0,0.0,4.147218e+06,-2.1587954e+07,-8.895798e-05,-0.000102230115,0.0028965464,-0.005687434,2.948868e+06,-2.5945728e+07,val
scenario_0156,3,8_A414;8_A443;8_A445,0.0,0.0,0.0,0.0,1.77111e+06,-1.2996162e+07,8.2301456e-05,0.0009354771,0.0025892425,-0.003400812,6.743068e+06,-1.3443692e+07,train
scenario_0157,1,49_D430,0.0,0.0,0.0,0.0,2.0266566e+07,3.9640164e+07,4.899902e-05,0.00022197375,0.0060403235,0.010905935,2.4652916e+07,4.4674824e+07,train
scenario_0158,3,19_0104;19_0214;19_0223,0.0,0.0,0.0,0.0,4.7927224e+07,4.4084496e+07,0.00017220373,2.6436348e-05,0.020457918,0.018541837,5.126717e+07,4.8216184e+07,train
scenario_0159,2,5_0218;5_0222,85812122.28963836,0.0,0.05453722552248103,90492077.35551108,1.8684408e+07,2.710342e+07,7.1184346e-05,3.444981e-05,0.007757909,0.011878273,2.0223212e+07,2.9826354e+07,train
scenario_0160,2,39_0212;39_0810,0.0,0.0,0.0,0.0,1.2005999e+07,-746562.0,2.4931709e-05,0.0003379763,0.004441951,0.0004087342,1.2950453e+07,-463354.0,train
scenario_0161,2,48_0167;8_0216,62201552.84547977,9.196648328957391e-05,0.029313599581940897,64030624.71703746,2.7279344e+07,3.8641524e+07,0.00012463899,8.04975e-05,0.010717824,0.01550101,2.7780078e+07,4.318112e+07,train
scenario_0162,2,40_0123;5_0216,18365168.588034052,0.0,0.004144463819212002,18441282.364780888,1.4837359e+07,1.9083466e+07,6.5257205e-05,-0.00011928636,0.0063223853,0.008539092,1.5406687e+07,2.0051268e+07,val
scenario_0163,4,6_0201;6_0205;6_0210;6_0212,0.0,0.0,0.0,0.0,3.656473e+07,6.226087e+07,8.600058e-05,0.00041568125,0.015198354,0.027451653,3.7553972e+07,6.946416e+07,test
scenario_0164,2,4_1025;4_AA61,0.0,0.0,0.0,0.0,2.899213e+07,1.3300663e+08,-0.00018670456,-0.001542896,0.009673702,0.039148986,3.114851e+07,1.4942576e+08,val
scenario_0165,1,8_0215,0.0,0.0,0.0,0.0,1.0706847e+07,1.4273711e+07,6.064873e-05,-2.1860149e-05,0.004102314,0.0057140607,1.181429e+07,1.5495318e+07,train
scenario_0166,4,22_0119;22_0120;22_0122;22_0123,0.0,0.0,0.0,0.0,5.53693e+06,2.2217914e+07,3.5900783e-05,0.00012527037,0.0027538491,0.009785619,6.110324e+06,2.3486924e+07,train
scenario_0167,4,4_0214;4_0223;4_0265;4_0266,0.0,0.0,0.0,0.0,-8.933106e+06,7.749732e+06,9.956144e-05,-0.000113574875,0.00019597635,0.009683866,-8.359064e+06,6.856184e+06,val
scenario_0168,1,4_0903,0.0,0.0,0.0,0.0,4.846466e+06,-4.151552e+06,0.00014991307,0.00042296818,0.00255357,-0.0022551091,1.0164756e+07,-5.672636e+06,test
scenario_0169,1,19_0220,0.0,0.0,0.0,0.0,1.309756e+07,1.4402747e+07,6.712868e-05,1.4270481e-05,0.0050261524,0.0059358063,1.4289198e+07,1.5633229e+07,train
scenario_0170,1,55_0261,0.0,0.0,0.0,0.0,9.142978e+06,1.3994384e+07,5.1769253e-05,3.190765e-05,0.0034080762,0.0056300806,1.000496e+07,1.5144082e+07,train
scenario_0171,5,49_C458;4_0217;4_0267;4_BA03;5_0217,40.17164579548778,0.0,0.0,40.17164579548778,3.972492e+06,3.427649e+07,0.0002556469,0.00065054337,0.00393117,0.015153762,3.872482e+06,3.622495e+07,val
scenario_0172,2,46_0602;46_0804,0.0,0.0,0.0,0.0,9.912288e+06,2.6837224e+07,3.7155987e-05,0.00017556886,0.003582031,0.009987551,9.885318e+06,3.017118e+07,train
scenario_0173,2,39_0160;39_0209,0.0,0.0,0.0,0.0,1.5003491e+07,2.3226318e+07,7.004858e-05,7.9855774e-05,0.0057611354,0.0097806025,1.5320606e+07,2.5388198e+07,train
scenario_0174,4,39_0203;4_0221;4_0263;55_6354,0.0,0.0,0.0,0.0,1.849761e+07,4.7840308e+07,0.00011901697,-6.448742e-05,0.008173601,0.021880591,1.910244e+07,5.3105544e+07,train
scenario_0175,1,53_3014,0.0,0.0,0.0,0.0,3.0117858e+07,7.317854e+07,-2.9047224e-05,-0.00050575356,0.00964391,0.026873834,3.224054e+07,8.0785736e+07,test
scenario_0176,6,20_0206;31_0122;39_5003;39_A804;4_0218;8_0259,0.0,0.0,0.0,0.0,2.5577382e+07,-7.765187e+07,-2.6520109e-05,0.0021765046,0.009943289,-0.0144353695,2.3269456e+07,-9.105962e+07,val
scenario_0177,4,55_0117;55_0118;55_0124;55_0263,0.0,0.0,0.0,0.0,7.820204e+06,1.8296858e+07,-3.7854305e-05,5.218954e-05,0.0036325776,0.007975824,8.747692e+06,2.0246208e+07,train
scenario_0178,2,26_0122;26_0223,0.0,0.0,0.0,0.0,1.0715726e+07,1.1251996e+07,1.4066914e-05,0.00013647837,0.0043476173,0.004688675,1.0902146e+07,1.3267356e+07,train
scenario_0179,3,12_0112;53_0207;53_0211,0.0,0.0,0.0,0.0,1.1790459e+07,1.4539011e+07,3.097435e-05,0.000118929325,0.0047323285,0.006942704,1.1400236e+07,1.598365e+07,train
scenario_0180,4,26_0118;26_0215;26_0222;26_0903,0.0,0.0,0.0,0.0,1.0387807e+07,-470180.0,2.0156396e-05,-1.4275982e-05,0.0051152133,0.0012693629,1.1465754e+07,-1.23145e+06,val
scenario_0181,3,49_D449;4_0213;8_A451,0.0,0.0,0.0,0.0,7.301444e+06,1.928962e+06,0.00020877903,0.0002433627,0.004158315,0.004028938,1.0267072e+07,2.556678e+06,val
scenario_0182,1,49_C443,43412866.27094756,0.0,0.012809961469232026,43968983.41514733,1.0977524e+07,2.199442e+07,7.258808e-05,-0.00013567993,0.0036670878,0.006085105,1.527762e+07,2.3842276e+07,train
scenario_0183,5,26_0114;26_0116;26_0118;26_0216;26_0602,0.0,0.0,0.0,0.0,3.80607e+06,1.6117388e+07,-5.72094e-05,-0.0004749972,0.0025260756,0.0071498714,4.125858e+06,1.5515087e+07,val
scenario_0184,2,10_0159;10_0208,0.0,0.0,0.0,0.0,8.52081e+06,6.697758e+06,2.439352e-06,-0.00014375671,0.0033844463,0.0035384605,8.088664e+06,6.602762e+06,test
scenario_0185,1,53_0202,0.0,0.0,0.0,0.0,8.735936e+06,8.146532e+06,3.703931e-05,-0.00013426249,0.0034518116,0.0034461115,9.667324e+06,8.139804e+06,val
scenario_0186,2,4_0123;4_0602,0.0,0.0,0.0,0.0,9.53272e+06,6.366316e+06,1.6117629e-05,4.0324667e-06,0.0038332357,0.0022079265,9.80257e+06,6.981534e+06,train
scenario_0187,5,32_0105;4_0260;5_0216;6_0201;6_0205,40.17164579548778,0.0,0.0,40.17164579548778,4.119123e+07,7.8416584e+07,3.5802834e-05,7.930948e-05,0.01709618,0.03646318,4.107744e+07,8.734118e+07,train
scenario_0188,5,20_0102;20_0112;20_0160;20_0209;20_0259,0.0,0.0,0.0,0.0,1.614275e+07,2.888939e+07,2.4724854e-05,-5.7940197e-06,0.0073884395,0.015181972,1.6853408e+07,3.1722706e+07,val
scenario_0189,5,20_0108;20_0160;26_0259;8_0223;8_0812,0.0,0.0,0.0,0.0,2.0821534e+07,2.9305122e+07,8.013012e-07,0.00022921611,0.009214645,0.015081968,2.1816512e+07,3.3182264e+07,train
scenario_0190,5,56_7775;56_B310;56_B320;56_B330;56_B350,0.0,0.0,0.0,0.0,768302.0,2.4962852e+07,-0.00037487468,7.345417e-05,-0.0045664934,0.010463834,-4.59292e+06,2.879138e+07,val
scenario_0191,2,32_0111;32_0201,0.0,0.0,0.0,0.0,9.925608e+06,1.8168968e+07,2.6949827e-05,-4.42584e-05,0.0038710875,0.0074909986,9.438948e+06,1.955394e+07,train
scenario_0192,2,20_0159;31_0115,0.0,0.0,0.0,0.0,9.306604e+06,1.4425682e+07,3.001433e-05,-5.500013e-06,0.0035948032,0.005888927,8.925148e+06,1.5846639e+07,test
scenario_0193,5,30_0806;5_0114;5_0119;5_0123;5_0124,367053471.99641675,0.0,0.23343177155922565,452735414.2215049,7.165059e+07,6.0071696e+07,0.0002818555,0.00026543083,0.030160278,0.027264599,7.958605e+07,6.782048e+07,train
scenario_0194,3,32_0103;32_0112;32_0203,0.0,0.0,0.0,0.0,1.038194e+07,2.0310236e+07,3.3867487e-05,-5.2989344e-06,0.0040934375,0.008923414,9.748602e+06,2.1679172e+07,train
scenario_0195,1,39_0260,0.0,0.0,0.0,0.0,7.1183e+06,-8.061034e+06,-9.270356e-06,-0.0001285568,0.003043937,-0.0027666995,8.185936e+06,-9.829228e+06,train
scenario_0196,5,30_0113;30_0117;30_0503;30_0507;30_0805,0.0,0.0,0.0,0.0,195232.0,-1.750253e+07,-9.344547e-05,0.00045619108,0.0013894644,-0.007039774,778776.0,-2.0663256e+07,test
scenario_0197,5,10_0105;12_0106;12_0112;51_0114;53_0203,0.0,0.0,0.0,0.0,3.3027608e+07,3.9675664e+07,0.0001478828,0.00031657345,0.014430334,0.01776551,3.3516398e+07,4.3089324e+07,train
scenario_0198,4,26_0114;31_0903;32_0203;32_0208,0.0,0.0,0.0,0.0,1.1036113e+07,3.382729e+07,9.4287374e-05,0.00010937263,0.004620531,0.014271146,1.1284234e+07,3.6154988e+07,test
scenario_0199,2,20_0107;20_0163,0.0,0.0,0.0,0.0,8.319672e+06,2.0581456e+07,4.052432e-06,-0.0001282577,0.0033509494,0.008273264,7.744862e+06,2.2477704e+07,train
scenario_0200,3,10_0101;10_0103;10_0160,0.0,0.0,0.0,0.0,1.0401001e+07,2.6518162e+07,5.4588076e-05,6.8799796e-05,0.0041034794,0.011718145,9.9836e+06,2.9125534e+07,train
scenario_0201,4,8_A410;8_A413;8_A430;8_A451,0.0,0.0,0.0,0.0,-5.52039e+06,-8.903922e+06,0.0003045462,0.00092669186,0.0007558726,-0.003840194,2.152942e+06,-9.832216e+06,val
scenario_0202,6,20_0205;30_0124;4_0260;4_AA61;55_C903;5_0115,0.0,0.0,0.0,0.0,1.9127088e+07,1.8744184e+07,6.0557344e-05,-0.00069763674,0.008459144,0.009188157,1.8504912e+07,2.012992e+07,val
scenario_0203,3,38_0218;4_0215;55_0216,0.0,0.0,0.0,0.0,2.5744856e+07,2.4089902e+07,5.162954e-05,4.0084837e-05,0.010420491,0.011541149,2.571592e+07,2.5310986e+07,test
scenario_0204,2,49_D440;49_D444,0.0,0.0,0.0,0.0,1.3080066e+07,2.0265642e+07,3.611883e-05,-0.0002649476,0.0040617553,0.0052335644,1.7940478e+07,2.0883244e+07,train
scenario_0205,3,37_0901;55_0114;55_0121,0.0,0.0,0.0,0.0,3.679524e+06,-2.591487e+07,-1.9402127e-05,-0.00026044418,0.0028428212,-0.009158723,5.127358e+06,-2.976242e+07,train
scenario_0206,2,30_0806;53_0207,0.0,0.0,0.0,0.0,2.793998e+07,5.842405e+07,0.00020812814,0.000326704,0.010608048,0.0232277,2.7909538e+07,6.574292e+07,train
scenario_0207,2,48_0118;48_0122,125042947.33262917,0.00018393296657914782,0.05862719916388181,132396864.6301907,1.5875636e+07,2.384341e+07,6.398662e-05,-5.0702947e-06,0.0061748456,0.009867798,1.6311544e+07,2.6116542e+07,train
scenario_0208,3,4_B902;4_BA01;4_BA59,0.0,0.0,0.0,0.0,-8.256238e+06,5.179662e+06,7.053722e-05,-0.00012656295,-0.0018496653,0.002666288,-1.0066984e+07,5.287178e+06,test
scenario_0209,1,4_A902,0.0,0.0,0.0,0.0,8.22834e+06,-4.526554e+06,-0.00012886152,0.00022846108,0.0016237106,-0.0024287067,9.734712e+06,-5.872612e+06,train
scenario_0210,2,37_0903;41_AA03,20765387.676343307,0.0,0.00598551870409653,20889679.292677876,1.1344084e+07,-6.609054e+06,1.2544493e-05,-8.177981e-05,0.0047469046,-0.005176328,1.3638922e+07,-9.188148e+06,train
scenario_0211,5,4_0213;4_0221;4_0267;8_0215;8_0220,0.0,0.0,0.0,0.0,6.17657e+06,4.155138e+07,7.7631004e-05,-0.00018494026,0.0045505357,0.02083215,5.466718e+06,4.4710344e+07,val
scenario_0212,2,19_0105;1_0106,18585134.193254445,0.0,0.007335349790898164,18721462.653472748,6.176398e+06,8.66264e+06,-2.6778842e-05,-0.00033690408,0.002622705,0.0034038583,5.625726e+06,8.706034e+06,train
scenario_0213,3,27_1020;48_5284;5_0222,51543972.27025205,0.008643903398928288,0.03272172825545319,53676121.241186954,1.916512e+07,-1.7419914e+07,0.0019580193,0.002872357,0.005693597,-0.0063244198,2.1923282e+07,-2.042294e+07,train
scenario_0214,4,37_0259;4_0223;4_AA03;55_C901,0.0,0.0,0.0,0.0,2.1321088e+07,-1.7936186e+07,9.7927026e-05,-0.0001773535,0.007873429,-6.00582e-05,1.9514904e+07,-1.9604848e+07,train
scenario_0215,5,12_0109;35_0108;49_C457;4_AA03;5_0224,0.0,0.0,0.0,0.0,4.568044e+06,1.1670986e+07,9.928332e-05,-0.00022810156,0.0025179284,0.006678325,3.95789e+06,1.1672152e+07,val
scenario_0216,2,12_0110;4_0263,0.0,0.0,0.0,0.0,1.7943888e+07,2.0184318e+07,7.217239e-05,-1.2905482e-05,0.0075015817,0.009472881,1.9425024e+07,2.1704938e+07,train
scenario_0217,3,32_0110;32_0203;32_0259,0.0,0.0,0.0,0.0,1.1978216e+07,2.5299098e+07,0.0001146335,0.00040882616,0.0047195554,0.010935484,1.1655108e+07,2.7451854e+07,train
scenario_0218,2,55_0263;6_0206,0.0,0.0,0.0,0.0,2.3304934e+07,2.7338798e+07,0.00018444147,0.00026561273,0.0098965345,0.0102361245,2.4786676e+07,3.0173422e+07,test
scenario_0219,5,37_0859;37_0903;55_0805;5_0809;5_0810,0.0,0.0,0.0,0.0,9.449738e+06,2.2822248e+07,7.4466065e-05,0.00023722845,0.005068144,0.013045043,1.0382706e+07,2.5966344e+07,train
scenario_0220,3,5_0117;5_0122;5_0803,123100208.18827823,0.0,0.078533858170541,132767742.47890055,8.214918e+06,-5.789896e+06,2.6398717e-05,-0.00018612633,0.0035135834,-0.0005313512,7.810356e+06,-7.979756e+06,test
scenario_0221,4,20_4053;20_4054;20_A411;20_A430,0.0,0.0,0.0,0.0,2.472068e+06,-4.6374776e+07,0.0028759649,0.0030753186,0.001883287,-0.0334062,1.3340229e+07,-5.6948044e+07,train
scenario_0222,5,41_AA01;41_AA02;41_AA03;41_AA59;41_AA60,103871577.18766528,0.0,0.029927436738347107,106980187.24286148,3.0198288e+07,9.518643e+07,-0.00040203275,-0.00043300266,0.010294555,0.018939942,2.8266152e+07,9.831389e+07,train
scenario_0223,5,19_0214;36_0859;38_0218;38_0261;5_0117,104597173.55420032,0.0,0.06653194987740356,111556227.46242645,1.1275132e+08,6.914559e+07,0.00038637102,0.0004896072,0.04661632,0.028845208,1.2737808e+08,7.651343e+07,train
scenario_0224,5,24_2401;48_0113;4_BA59;8_0216;8_A411,62404672.38549416,9.196648328957391e-05,0.029313599581940897,64239717.10210488,8.841742e+06,6.0031004e+07,0.0024383639,0.0017417385,0.0035725608,0.026246496,1.4979879e+07,6.6106984e+07,val
scenario_0225,5,10_0110;10_0160;10_0201;10_0210;10_0212,0.0,0.0,0.0,0.0,1.6797764e+07,3.4861064e+07,6.035324e-05,0.0003936576,0.0071266945,0.016852578,1.829003e+07,4.003964e+07,val
scenario_0226,6,22_0118;39_0263;4_0213;4_AA01;4_AA02;6_0210,0.0,0.0,0.0,0.0,2.2956812e+07,7.166734e+07,-7.4624666e-05,-0.00039431482,0.008759135,0.02763906,1.7904268e+07,8.058341e+07,train
scenario_0227,3,4_0224;4_0261;8_0811,0.0,0.0,0.0,0.0,4.827588e+06,2.6797016e+07,8.593555e-05,0.0004180763,0.003768853,0.012272045,6.130362e+06,2.894238e+07,val
scenario_0228,2,32_AA03;32_AA59,0.0,0.0,0.0,0.0,1.6398862e+07,3.245016e+06,1.5955986e-05,1.7820217e-05,0.0053043165,-0.0011526784,1.834301e+07,3.846294e+06,train
scenario_0229,5,10_0103;40_4166;49_E452;4_0218;6_0208,258499129.77757877,0.0,0.05815393187768814,273531870.5611058,1.628262e+08,1.02705144e+08,0.0019718858,0.0014116389,0.059497844,0.033923097,1.8667008e+08,1.1180664e+08,train
scenario_0230,4,55_C901;55_C902;55_C903;55_C960,0.0,0.0,0.0,0.0,-2.34798e+06,-1.9554906e+07,-0.0003243477,-0.00040987373,0.0011186535,-0.0013423627,1.17776e+06,-2.061182e+07,train
scenario_0231,4,35_0109;35_0503;35_0507;35_0509,0.0,0.0,0.0,0.0,-4.650946e+06,-2.8335838e+07,-0.00017334963,-0.00035199418,-0.00018232036,-0.01248371,-5.138184e+06,-3.1577896e+07,test
scenario_0232,5,49_7082;49_C444;49_C447;49_C450;49_C451,598538494.4349011,0.0,0.17678910368178072,704353578.3850899,4.207524e+08,2.745945e+08,0.00015760443,-0.0002576774,0.14891535,0.08170802,4.7919978e+08,3.098288e+08,train
scenario_0233,2,49_C430;49_C440,86737906.42744763,0.0,0.02561992293846405,88960124.90596256,1.3717843e+08,1.2843724e+08,-4.6186615e-05,0.00020284537,0.046479214,0.037134107,1.558333e+08,1.4401938e+08,test
scenario_0234,3,19_0259;38_0214;5_0119,39179780.35502437,0.0,0.0,39179780.35502437,5.2928588e+07,5.2326264e+07,0.00014234742,0.00010269857,0.022110432,0.021018244,5.76206e+07,5.864538e+07,train
scenario_0235,1,40_0115,0.0,0.0,0.0,0.0,6.362416e+06,5.924544e+06,1.5914135e-05,-5.198343e-05,0.0024613086,0.0025607422,6.978982e+06,5.714996e+06,train
scenario_0236,5,12_0103;26_0119;32_0109;35_0101;35_0109,0.0,0.0,0.0,0.0,6.993386e+06,2.3469786e+07,2.0244508e-05,7.468548e-05,0.003469456,0.010738139,7.481444e+06,2.4664792e+07,test
scenario_0237,6,26_0214;37_0259;49_D441;4_0214;6_0208;8_0812,0.0,0.0,0.0,0.0,2.2516098e+07,2.6846484e+07,0.00024465486,2.613588e-05,0.0098127555,0.014253463,2.3987788e+07,2.8142274e+07,test
scenario_0238,3,29_0808;32_0204;53_0210,0.0,0.0,0.0,0.0,1.1711344e+07,2.4309538e+07,5.5822646e-05,0.000202164,0.0045149745,0.010352152,1.132471e+07,2.6500432e+07,train
scenario_0239,4,12_0110;35_0106;53_0802;5_0213,74585276.03356522,0.0,0.04800763301493182,78165938.593702,4.637039e+07,3.4281144e+07,3.5952296e-05,0.00015598956,0.019585244,0.014827056,5.041597e+07,3.789475e+07,test
scenario_0240,3,32_0103;32_0106;32_0201,0.0,0.0,0.0,0.0,1.1940522e+07,2.7099404e+07,5.603071e-05,-6.762627e-05,0.0046270746,0.0115250265,1.135152e+07,2.8985582e+07,test
scenario_0241,3,37_0207;37_0208;37_0259,0.0,0.0,0.0,0.0,3.777299e+07,2.6816366e+07,0.00013656127,0.00018350326,0.015749617,0.013211458,3.966759e+07,3.0115148e+07,train
scenario_0242,5,20_0204;32_0204;4_0223;4_AA59;6_0204,0.0,0.0,0.0,0.0,2.4799464e+07,2.8915024e+07,2.049371e-05,-0.00013196238,0.009402968,0.01507831,2.0577676e+07,3.122228e+07,val
scenario_0243,5,32_0104;51_0118;5_0220;5_0224;8_A441,44.308143604871965,0.0,0.0,44.308143604871965,6.098382e+06,3.7541988e+07,0.00030462092,0.00022245172,0.0042249956,0.017766222,5.479292e+06,4.202796e+07,val
scenario_0244,5,39_0102;39_0107;39_0209;39_0211;39_0265,0.0,0.0,0.0,0.0,8.848358e+07,5.7687136e+07,0.00025336933,0.0004465694,0.036650836,0.024557684,9.80711e+07,6.3707236e+07,test
scenario_0245,4,27_3005;27_3007;37_0204;49_C441,26.923262341172435,0.0,0.0,26.923262341172435,2.2781734e+07,6.4214264e+07,0.00022049759,0.00010079474,0.007773504,0.02417741,2.209752e+07,7.185243e+07,val
scenario_0246,1,32_7084,0.0,0.0,0.0,0.0,2.482254e+06,4.580672e+06,0.0009218948,-9.456495e-05,0.0027835304,0.001523314,1.1053634e+07,4.849582e+06,train
scenario_0247,4,20_0105;4_0214;8_0218;8_0219,0.0,0.0,0.0,0.0,2.5053458e+07,9.696312e+06,2.1185406e-05,9.2610935e-05,0.01054789,0.007842958,2.4673172e+07,1.0092214e+07,test
scenario_0248,2,48_0118;4_0214,62463140.79992405,9.196648328957391e-05,0.029313599581940897,64299904.813358024,1.9690874e+07,7.497652e+06,7.8179466e-05,-6.230033e-05,0.008075457,0.005704152,2.1058996e+07,7.185478e+06,train
scenario_0249,1,40_0116,18272000.29760951,0.0,0.004144670016083702,18347731.709376886,5.311514e+06,133174.0,-1.18653115e-05,-0.00014899205,0.0021536397,0.00019631255,5.952568e+06,-948168.0,train
scenario_0250,5,32_0204;39_0201;48_0117;4_0120;4_BA01,62521722.22142241,9.196648328957391e-05,0.029313599581940897,64360208.85471644,5.1664216e+07,4.4029544e+07,6.8473906e-05,0.00027234142,0.02142573,0.020718606,5.902853e+07,4.889484e+07,train
scenario_0251,3,32_0102;32_0106;32_0209,0.0,0.0,0.0,0.0,1.2784223e+07,3.2078508e+07,6.837731e-05,1.7302329e-05,0.0049077417,0.013400702,1.2257798e+07,3.515096e+07,val
scenario_0252,5,39_0265;48_0120;48_0167;49_D431;49_E444,124228873.14733365,0.00018393296657914782,0.05862719916388181,131534913.82041976,3.9409284e+07,3.910769e+07,0.00025093913,-4.8078975e-05,0.014587396,0.0158704,4.3717656e+07,4.2384196e+07,train
scenario_0253,2,26_0217;26_0222,0.0,0.0,0.0,0.0,2.001944e+07,1.389075e+07,7.2472845e-05,0.000159373,0.007840744,0.0063681346,2.0567288e+07,1.5501802e+07,train
scenario_0254,5,20_0208;38_0216;4_0261;6_0207;6_0210,0.0,0.0,0.0,0.0,3.0900212e+07,7.9305064e+07,7.9629666e-05,0.0006949316,0.013508466,0.032033384,3.0237342e+07,8.890749e+07,train
scenario_0255,1,53_0203,0.0,0.0,0.0,0.0,8.159316e+06,2.74141e+06,2.7737187e-05,-3.9989827e-05,0.0032929415,0.0016074069,9.12108e+06,2.210958e+06,val
scenario_0256,4,30_0121;32_0202;48_3835;4_0222,0.0,0.008273855629993832,0.0,0.0,9.4943736e+07,5.4020496e+07,0.0044071707,0.0030132255,0.03028414,0.018005623,1.0103229e+08,5.860593e+07,train
scenario_0257,5,30_0115;4_0219;4_7079;5_0224;6_0207,0.0,0.0,0.0,0.0,-2.0675e+06,2.7980398e+07,0.0014885503,0.00075811334,0.00072373543,0.01542427,-5.52792e+06,2.8898222e+07,train
scenario_0258,3,22_0122;22_0705;22_0708,0.0,0.0,0.0,0.0,5.742888e+06,-9.227142e+06,-4.7652604e-05,-0.00011880891,0.00330013,-0.0039703,6.2966e+06,-1.0150792e+07,val
scenario_0259,1,20_0206,0.0,0.0,0.0,0.0,9.19648e+06,3.894346e+06,2.0740685e-05,-0.00015295,0.003803114,0.0015745675,1.047632e+07,3.741944e+06,test
scenario_0260,4,55_0115;55_0124;55_0221;55_0259,0.0,0.0,0.0,0.0,1.0525902e+07,2.999825e+07,1.3683602e-05,0.00012750916,0.004329529,0.012909019,1.1697704e+07,3.3410728e+07,train
scenario_0261,3,29_A801;29_A807;29_A808,0.0,0.0,0.0,0.0,-1.3778602e+07,1.9789406e+07,0.00033523628,0.0015143028,-0.0032163402,0.0056232936,-9.4312e+06,1.9868e+07,test
scenario_0262,5,35_0103;35_0105;35_0112;35_0503;35_0902,0.0,0.0,0.0,0.0,4.290256e+06,1.5195585e+07,-5.044305e-05,1.011655e-05,0.002429882,0.0061968137,4.192748e+06,1.688426e+07,train
scenario_0263,3,19_0219;38_0261;39_0810,0.0,0.0,0.0,0.0,2.259922e+07,3.2062576e+07,9.837827e-05,0.0005078304,0.00878537,0.013420303,2.3880344e+07,3.6415652e+07,val
scenario_0264,3,12_0108;51_0120;51_0122,0.0,0.0,0.0,0.0,1.1474109e+07,1.5463699e+07,2.2189182e-05,-0.00012236374,0.0045519555,0.0073450315,1.0990178e+07,1.6725905e+07,train
scenario_0265,6,19_0214;27_3007;37_0903;4_0263;4_AA61;55_0119,0.0,0.0,0.0,0.0,2.3206248e+07,9.256379e+07,0.00011379711,-0.0006091897,0.009587915,0.03314936,2.073178e+07,1.0207475e+08,train
scenario_0266,2,4_0267;4_0505,0.0,0.0,0.0,0.0,7.464416e+06,-2.7150394e+07,2.3253946e-05,-0.00026194728,0.00441869,-0.009449543,9.232882e+06,-3.1370436e+07,train
scenario_0267,5,20_0105;29_AA67;37_0207;48_0164;5_0217,80.16562223882305,9.196648328957391e-05,0.0,80.17299478918108,7.735395e+07,5.787276e+07,-7.438936e-05,-0.00034640118,0.033391427,0.023464214,8.577431e+07,6.3891228e+07,train
scenario_0268,4,29_AA02;29_AA64;29_AA65;29_AA67,0.0,0.0,0.0,0.0,2.340152e+07,4.388817e+07,-0.00015359998,0.0010925048,0.0069082174,0.0124318935,2.0467988e+07,5.0497136e+07,train
scenario_0269,6,27_3005;29_0801;38_0262;49_7086;6_0206;8_0213,350940314.2863356,0.0,0.08998969398181488,382521325.7748448,1.6953176e+08,1.4025549e+08,0.00073035405,0.00089657155,0.064832166,0.04460157,1.9543469e+08,1.5701242e+08,train
scenario_0270,2,26_0217;6_0201,0.0,0.0,0.0,0.0,8.971413e+07,4.5324304e+07,0.00029237373,0.00025237794,0.036130853,0.019398505,1.0434179e+08,5.108366e+07,test
scenario_0271,3,22_0119;48_0120;48_0121,237325081.76719198,0.00018393296657914782,0.05862719916388181,251282438.50887474,1.9965004e+07,3.5494076e+07,0.00013803493,8.212807e-05,0.0079552345,0.014372148,1.9093434e+07,3.848993e+07,test
scenario_0272,4,53_0203;53_0205;53_0208;53_0259,0.0,0.0,0.0,0.0,1.3146047e+07,1.9232134e+07,5.602755e-05,0.0003118125,0.005476531,0.008462194,1.3702042e+07,2.0945724e+07,train
scenario_0273,2,37_A961;37_A964,0.0,0.0,0.0,0.0,9.243948e+06,2.0583654e+07,0.00011284117,0.000361852,0.0043561533,0.009258676,9.915924e+06,2.2800892e+07,train
scenario_0274,5,34_0860;4_0113;4_0116;4_0118;4_0160,0.0,0.0,0.0,0.0,4.561424e+06,4.2062924e+07,5.5794342e-05,-0.00033019675,0.0023785923,0.017170936,7.382724e+06,4.5927376e+07,test
scenario_0275,2,48_3579;48_F310,0.0,0.004580474192329764,0.0,0.0,1.8949102e+07,2.9593232e+07,0.0048567387,0.0036424268,0.0054664444,0.008767217,2.2471914e+07,3.229667e+07,test
scenario_0276,2,53_0211;53_0212,0.0,0.0,0.0,0.0,6.862844e+06,-1.666256e+06,-2.9203919e-05,-8.1597536e-05,0.0031291973,-9.205192e-05,6.651142e+06,-2.3321e+06,train
scenario_0277,4,37_0205;5_0118;5_0120;5_0121,0.7165143793436717,0.0,0.0,0.7165143793436717,9.18487e+06,1.9796816e+07,7.267925e-06,-0.00016875681,0.0039712572,0.009466848,9.16679e+06,2.0772244e+07,test
scenario_0278,2,12_AA03;12_AA61,0.0,0.0,0.0,0.0,1.2401528e+07,3.65261e+07,0.00023827473,0.0009171574,0.0050149662,0.013131811,1.1114178e+07,4.1639536e+07,train
scenario_0279,2,12_AA01;12_AA03,0.0,0.0,0.0,0.0,8.67426e+06,2.7624128e+07,0.0008206193,0.0015770793,0.0027930597,0.008902024,5.857588e+06,3.1156266e+07,val
scenario_0280,1,6_0201,0.0,0.0,0.0,0.0,3.458779e+07,2.3657392e+07,9.7218624e-05,0.00013684639,0.013437077,0.010326339,3.7997276e+07,2.6336056e+07,train
scenario_0281,4,5_0121;5_0213;5_0804;5_0810,74585276.03356522,0.0,0.04800763301493182,78165938.593702,6.8893496e+07,2.9050922e+07,0.00019278134,-0.0003332526,0.028948132,0.015144255,7.52104e+07,3.2497724e+07,train
scenario_0282,3,48_0113;48_0124;48_0901,354847343.68829596,0.0002997796810261244,0.16610890138795376,413897022.13229626,1.01864616e+08,5.4422136e+07,0.0004492933,0.00029769068,0.041740704,0.023284312,1.1668902e+08,6.1161948e+07,train
scenario_0283,5,20_0162;39_0101;4_0268;51_5010;6_0207,0.0,0.0,0.0,0.0,6.3249416e+07,3.6625372e+07,-0.00013635823,0.0007365224,0.026290711,0.016545683,6.180752e+07,4.04398e+07,val
scenario_0284,1,48_5283,0.0,0.010451725491480657,0.0,0.0,3.2352876e+07,-1.1368446e+07,0.0033076627,0.0023503585,0.009729914,-0.00557125,3.989349e+07,-1.396574e+07,train
scenario_0285,4,48_0114;48_0121;48_0161;48_0163,124227605.97708032,0.00036786593315829563,0.05862719916388181,131556421.67854762,1.05937144e+08,6.687648e+07,0.00022624002,0.00021089704,0.04346697,0.027511138,1.1904792e+08,7.435134e+07,train
scenario_0286,3,55_0113;55_0124;55_0213,0.0,0.0,0.0,0.0,1.3417425e+07,3.4987948e+07,7.556101e-05,0.00016884122,0.005075432,0.014543791,1.3141158e+07,3.869998e+07,val
scenario_0287,1,10_0205,0.0,0.0,0.0,0.0,9.555708e+06,1.7495136e+07,5.6377947e-05,-1.9551662e-06,0.0035273246,0.0069302768,1.0444314e+07,1.9206668e+07,train
scenario_0288,3,10_0106;10_0205;10_0209,0.0,0.0,0.0,0.0,1.379486e+07,4.114487e+07,7.8241195e-05,1.1945667e-05,0.0052597565,0.016718572,1.3382625e+07,4.562481e+07,train
scenario_0289,5,20_0161;20_0259;35_0110;51_0119;53_0212,0.0,0.0,0.0,0.0,2.4138596e+07,3.592473e+07,0.00014738327,0.00028142222,0.010510987,0.01736329,2.3671312e+07,3.9686516e+07,test
scenario_0290,3,40_0118;40_0160;40_0506,32334174.200788107,0.0,0.004144670016083702,32468188.68309294,7.171596e+06,2.2590048e+07,2.0169959e-05,0.00020943252,0.003027656,0.008852257,6.99416e+06,2.5691808e+07,train
scenario_0291,1,37_2825,0.0,0.0,0.0,0.0,5.919702e+06,-4.160437e+07,0.0002836408,0.0009002568,0.0025168061,-0.008906661,9.39655e+06,-4.806402e+07,train
scenario_0292,3,22_0115;40_0122;48_0163,21140925.577017695,9.196648328957391e-05,0.004785786495614408,21244045.789727785,1.1110192e+07,2.5044424e+07,4.110913e-05,1.505822e-05,0.0043475553,0.010631834,1.0489888e+07,2.7232832e+07,train
scenario_0293,3,8_A410;8_A415;8_A443,0.0,0.0,0.0,0.0,-466782.0,-1.876964e+06,0.00017886353,0.0010296111,0.0023749648,-0.0008751964,6.607486e+06,-2.83191e+06,train
scenario_0294,3,12_0109;12_0112;12_0503,0.0,0.0,0.0,0.0,3.514334e+06,-1.3370178e+07,-8.513153e-05,-8.3863444e-05,0.0021953527,-0.004779496,3.349104e+06,-1.5727172e+07,train
scenario_0295,3,4_0213;4_0263;4_0268,0.0,0.0,0.0,0.0,8.887142e+06,2.8431904e+07,0.000114309485,-9.644602e-06,0.005175553,0.01479662,1.0763678e+07,3.031261e+07,val
scenario_0296,3,37_0203;5_0114;5_0121,121863986.4371272,0.0,0.07743818086582892,131300911.85987638,1.6163026e+07,2.8704542e+07,7.4186726e-05,-6.748858e-05,0.006222329,0.012571222,1.5731371e+07,3.0975578e+07,train
scenario_0297,2,37_A960;49_E461,0.0,0.0,0.0,0.0,4.068374e+06,1.037318e+06,7.2375406e-06,-0.00022398579,0.0025228076,0.00056567043,5.747512e+06,-585362.0,test
scenario_0298,2,31_0113;31_0120,0.0,0.0,0.0,0.0,6.677762e+06,1.2098117e+07,3.809866e-06,6.9006666e-05,0.0027236668,0.005258157,6.20857e+06,1.3228638e+07,train
scenario_0299,3,10_0107;26_0214;37_A963,0.0,0.0,0.0,0.0,1.3908471e+07,1.6162887e+07,9.263739e-05,-0.0006444227,0.0059801186,0.0074999863,1.5298816e+07,1.6284353e+07,train
scenario_0300,1,35_0110,0.0,0.0,0.0,0.0,7.861464e+06,1.1843443e+07,3.1049683e-05,-2.9827934e-05,0.00292214,0.004621725,8.618726e+06,1.2761102e+07,val
scenario_0301,3,4_0219;4_0505;4_0559,0.0,0.0,0.0,0.0,5.799972e+06,-8.33199e+06,-1.2666744e-05,-0.00026374427,0.0038115797,-0.0037102206,6.71189e+06,-9.778828e+06,train
scenario_0302,4,19_0102;19_0112;19_0220;19_0608,0.0,0.0,0.0,0.0,6.21287e+06,1.3278419e+07,-5.373842e-05,-0.00017101437,0.0031520394,0.005368766,5.704568e+06,1.4338674e+07,train
scenario_0303,3,10_0159;53_0209;53_0259,0.0,0.0,0.0,0.0,7.991698e+06,-1.296938e+06,3.0452939e-06,0.0002349819,0.0035010464,4.8374757e-05,7.47332e+06,-2.095888e+06,test
scenario_0304,4,5_0114;5_0118;5_0121;5_0123,121864187.3876075,0.0,0.07743818086582892,131301128.3715963,8.849888e+06,1.0295011e+07,-5.6714343e-06,-0.00010344022,0.0038530258,0.006579793,8.56607e+06,1.0722172e+07,val
scenario_0305,6,26_0114;39_0112;48_3835;55_6352;6_0206;8_7776,0.0,0.008273855629993832,0.0,0.0,2.5092114e+07,1.0697047e+07,0.0027192684,0.002679165,0.0075961044,0.0022861902,2.6735672e+07,9.84961e+06,train
scenario_0306,4,5_0121;5_0124;5_0213;5_0804,74585276.03356522,0.0,0.04800763301493182,78165938.593702,5.092026e+07,2.8661992e+07,9.6498785e-05,-0.00017633894,0.021744473,0.01502494,5.5272e+07,3.2027224e+07,test
scenario_0307,1,26_0224,0.0,0.0,0.0,0.0,9.350892e+06,1.006467e+07,3.402616e-05,-7.9759484e-05,0.003771834,0.0038929153,1.051101e+07,1.0533512e+07,train
scenario_0308,4,8_A410;8_A412;8_A413;8_A451,0.0,0.0,0.0,0.0,-9.87709e+06,-1.7354438e+07,0.00023281555,0.0008327015,0.00014828425,-0.005922964,-1.225632e+06,-2.059818e+07,train
scenario_0309,5,37_0201;37_0203;37_0206;37_0209;37_0859,0.0,0.0,0.0,0.0,1.0322448e+08,6.145128e+07,0.0002150184,7.843037e-05,0.042715386,0.026881827,1.153541e+08,6.787696e+07,test
scenario_0310,4,26_0214;29_AA66;39_0207;6_A805,0.0,0.0,0.0,0.0,1.4398454e+07,1.7441172e+07,0.0011443574,0.001212443,0.006255122,0.009623185,9.175826e+06,1.7882396e+07,test
scenario_0311,3,30_0119;30_0120;30_0902,0.0,0.0,0.0,0.0,6.15089e+06,9.784148e+06,-7.827388e-06,-8.440396e-05,0.002685777,0.004925542,5.36885e+06,9.540612e+06,val
scenario_0312,1,4_0213,0.0,0.0,0.0,0.0,1.9233714e+07,1.9421082e+07,7.081209e-05,1.9917265e-05,0.007794259,0.008487306,2.1487734e+07,2.0803514e+07,train
scenario_0313,4,19_0111;34_0859;4_0118;4_0903,0.0,0.0,0.0,0.0,1.3217486e+07,1.3186976e+07,0.0002482871,0.0006458084,0.0059276014,0.005616174,1.5841208e+07,1.4031345e+07,train
scenario_0314,5,32_0110;32_0112;32_0206;32_0208;32_0209,0.0,0.0,0.0,0.0,6.857434e+06,3.1514756e+07,2.7144313e-05,0.00018145712,0.003454181,0.013316592,7.078466e+06,3.466129e+07,train
scenario_0315,3,30_0115;30_0116;30_0902,0.0,0.0,0.0,0.0,7.582164e+06,1.9155856e+07,1.7668834e-05,-2.9692776e-05,0.0031577786,0.008371774,7.06208e+06,2.0510622e+07,train
scenario_0316,1,37_0802,0.0,0.0,0.0,0.0,1.1004387e+07,3.2870562e+07,9.515467e-05,0.00018126689,0.0038351598,0.012783665,1.1677448e+07,3.6568068e+07,test
scenario_0317,6,26_0115;46_3052;4_0223;4_AA03;4_BA01;6_0211,0.0,0.0,0.0,0.0,1.154744e+06,-5.701136e+06,0.00020680032,0.0010177268,0.001978077,0.0033281464,507290.0,-8.396024e+06,train
scenario_0318,5,48_0901;4_0223;4_0224;6_0212;8_0217,271594789.3945486,0.00011584671444697658,0.12702382990117594,306125263.0886597,2.3875956e+07,6.969513e+07,6.328756e-05,0.00027267463,0.010542703,0.030592734,2.312414e+07,7.697056e+07,train
scenario_0319,2,39_0211;39_0263,0.0,0.0,0.0,0.0,1.5231451e+07,1.5204265e+07,5.4521952e-05,0.00012321456,0.0056689694,0.0062643904,1.5756881e+07,1.7397228e+07,train
scenario_0320,4,48_0001;48_0114;48_0119;48_0802,124112698.40335014,0.004386933870748733,0.05862719916388181,131933552.49182583,1.2476377e+08,7.84755e+07,0.0008634893,0.00064559426,0.05181152,0.03374245,1.4339048e+08,8.776248e+07,train
scenario_0321,2,12_AA02;12_AA03,0.0,0.0,0.0,0.0,1.411922e+07,4.629676e+07,0.00026991405,0.0010044016,0.0053799488,0.016807329,1.2614414e+07,5.293794e+07,train
scenario_0322,4,10_0106;12_0107;12_0108;53_0206,0.0,0.0,0.0,0.0,4.617563e+07,5.0910948e+07,0.00013198206,0.00012454091,0.019875336,0.021530382,4.9911976e+07,5.612274e+07,test
scenario_0323,4,12_0106;29_AA02;49_D448;6_0210,0.0,0.0,0.0,0.0,2.2382012e+07,5.37146e+07,0.0011155481,0.0008656091,0.008052868,0.02105597,2.522862e+07,6.0180864e+07,train
scenario_0324,6,12_0103;12_0111;32_0103;39_0261;41_AA59;5_0221,59997955.550214626,0.0,0.00598551870409653,60357074.43536799,4.298501e+07,7.677388e+07,-9.503274e-06,0.0001689505,0.016555913,0.029151045,4.475874e+07,8.454981e+07,train
scenario_0325,5,32_0101;32_0112;32_0203;32_0204;32_0209,0.0,0.0,0.0,0.0,1.621935e+07,4.311551e+07,6.273021e-05,0.00014781716,0.0071673403,0.018773153,1.6730434e+07,4.718253e+07,val
scenario_0326,3,20_0103;20_0110;8_0224,0.0,0.0,0.0,0.0,5.21374e+06,-1.8376786e+07,-7.253917e-05,-0.000392769,0.002794655,-0.0055701155,4.628638e+06,-2.2519216e+07,train
scenario_0327,5,38_0264;48_0902;49_D449;51_0120;6_0211,368156582.41418535,0.00011585321734342013,0.1270273950053759,414965206.1569002,3.4898868e+07,4.7976544e+07,0.00018947726,0.00019928465,0.013359921,0.021285187,3.5303428e+07,5.3534708e+07,train
scenario_0328,6,12_4106;30_0115;39_0203;51_0121;53_0259;55_6353,0.0,0.0,0.0,0.0,1.6965976e+07,1.8847612e+07,0.0001868543,0.0022723032,0.0060213655,0.0119804,1.4839848e+07,1.8059566e+07,train
scenario_0329,4,10_0102;27_1020;4_0217;4_0264,0.0,0.0,0.0,0.0,1.2885713e+07,2.2182504e+07,0.0001579122,-9.151289e-05,0.0059994357,0.01221445,1.3726991e+07,2.2882378e+07,train
scenario_0330,6,12_0102;26_0124;49_E448;4_0268;51_0117;8_0812,0.0,0.0,0.0,0.0,2.5876808e+07,1.2913158e+07,0.00010248009,-0.00012748173,0.011500916,0.009000081,3.0070694e+07,1.4026993e+07,train
scenario_0331,4,49_7085;49_E440;49_E451;49_E461,0.0,0.0,0.0,0.0,2.9067582e+07,9.4396984e+07,5.9300495e-05,0.00044479818,0.0076872716,0.028955039,2.7854146e+07,1.0905374e+08,train
scenario_0332,2,10_0203;51_0123,0.0,0.0,0.0,0.0,5.339092e+06,-1.3421766e+07,-7.724302e-06,1.9155355e-05,0.0025990373,-0.0043506287,5.174508e+06,-1.6482308e+07,train
scenario_0333,6,39_0103;49_E443;4_0262;53_0205;6_0207;8_7776,0.0,0.0,0.0,0.0,2.1083816e+07,5.4212344e+07,0.00028064405,5.2361327e-05,0.0085608205,0.024361555,2.2460624e+07,6.033372e+07,train
scenario_0334,2,53_A809;53_A810,0.0,0.0,0.0,0.0,9.187228e+06,-1.496634e+08,-0.00022451655,-0.0006534771,0.0045880633,-0.05367025,1.2064728e+07,-1.704618e+08,val
scenario_0335,2,1_4073;1_4127,0.0,0.0,0.0,0.0,2.0912158e+07,-1.8258578e+07,-8.723399e-05,0.0016461741,0.0068669594,-0.0026459852,2.1433796e+07,-2.2268756e+07,val
scenario_0336,5,10_0208;30_0123;38_0223;55_0114;6_0210,0.0,0.0,0.0,0.0,3.2762642e+07,2.1479328e+07,-3.3569086e-05,0.00032160457,0.014354274,0.01008992,3.5800384e+07,2.4501494e+07,val
scenario_0337,3,30_0113;30_0119;30_0505,0.0,0.0,0.0,0.0,-572060.0,-9.108633e+07,-4.4160843e-05,0.0005371218,0.0008224463,-0.03576093,541736.0,-1.0350382e+08,train
scenario_0338,4,4_1025;4_AA01;4_AA02;4_AA59,0.0,0.0,0.0,0.0,-4.653416e+06,1.0300991e+08,-0.00027121586,-0.0021938866,-0.0020421296,0.029342938,-1.156428e+07,1.1579445e+08,train
scenario_0339,4,4_0216;4_0266;8_0216;8_0219,0.0,0.0,0.0,0.0,1.1454076e+07,2.2109352e+07,5.7673213e-05,-8.444273e-06,0.0056708115,0.012546425,1.1481592e+07,2.3767528e+07,test
scenario_0340,1,37_0205,0.0,0.0,0.0,0.0,8.499324e+06,2.511148e+06,2.5684538e-05,-9.56399e-05,0.0034360983,0.0014334172,9.538066e+06,2.001788e+06,train
scenario_0341,1,6_0208,0.0,0.0,0.0,0.0,1.5531545e+07,-831600.0,5.5406665e-05,-9.2668895e-05,0.0063202246,-4.50816e-05,1.7244344e+07,-2.433706e+06,train
scenario_0342,2,22_0115;22_0118,0.0,0.0,0.0,0.0,5.86828e+06,3.220366e+06,-1.8356921e-05,-2.6211346e-05,0.0025113635,0.0018370515,5.357894e+06,2.781386e+06,test
scenario_0343,1,41_AA60,20876427.464245368,0.0,0.005985832223205039,21001390.25646625,1.7419086e+07,3.4567204e+07,3.48849e-05,-0.00023708775,0.006233751,0.008865702,2.0764952e+07,3.5949976e+07,train
scenario_0344,1,4_0262,0.0,0.0,0.0,0.0,1.5227764e+07,2.3066054e+07,7.4396215e-05,-5.2153802e-05,0.006244387,0.009753757,1.7454772e+07,2.5547292e+07,test
scenario_0345,2,4_AA59;51_0122,0.0,0.0,0.0,0.0,1.0502836e+07,-3.751721e+07,2.2498978e-05,-0.0003681446,0.0039518406,-0.012610709,1.1738268e+07,-4.2652492e+07,train
scenario_0346,3,56_7775;56_B310;56_B320,0.0,0.0,0.0,0.0,3.675026e+06,2.017914e+07,-0.00016807442,-2.6503141e-05,-0.0011961376,0.0067564542,2.951022e+06,2.2217676e+07,val
scenario_0347,5,30_0113;30_0120;30_0121;30_0902;30_0903,0.0,0.0,0.0,0.0,5.490802e+06,3.5972176e+07,7.288165e-05,0.00013793897,0.0028629499,0.015567089,7.153806e+06,3.83402e+07,val
scenario_0348,4,39_0111;39_0207;39_0210;39_0903,0.0,0.0,0.0,0.0,1.5040602e+07,2.4062722e+07,3.871716e-05,-0.00010955194,0.006542329,0.010978896,1.521796e+07,2.5826222e+07,train
scenario_0349,5,12_0102;12_0109;12_0161;12_0502;12_0506,0.0,0.0,0.0,0.0,7.406716e+06,4.373194e+06,2.9311283e-05,0.0004232163,0.0036834083,0.002820408,7.842414e+06,4.273906e+06,train
scenario_0350,2,39_0901;4_BA61,0.0,0.0,0.0,0.0,1.8764092e+07,2.2474872e+07,0.00014858498,0.00072167756,0.006585169,0.009845359,1.8650762e+07,2.5257136e+07,test
scenario_0351,5,19_0103;20_0207;49_7086;49_C446;4_0262,370769423.5500443,0.0,0.09704931078238985,406752340.56476,1.5459717e+08,1.7196762e+08,0.00047142964,0.0001949388,0.056163397,0.053015783,1.7907992e+08,1.9205306e+08,test
scenario_0352,5,4_0115;4_0119;4_A901;4_A902;4_A903,0.0,0.0,0.0,0.0,1.040332e+06,-8.15869e+06,2.6548514e-06,0.00054835936,-0.004775406,-0.0043760194,-1.0134572e+07,-1.0550772e+07,train
scenario_0353,5,19_0108;19_0112;34_0802;46_0804;46_0859,0.0,0.0,0.0,0.0,8.14396e+07,1.0655981e+08,0.0005158241,0.00077214243,0.03443748,0.04265759,9.223441e+07,1.203711e+08,test
scenario_0354,4,12_0102;12_0161;12_0561;12_0565,0.0,0.0,0.0,0.0,9.455258e+06,2.0732848e+07,6.684204e-06,0.00017619687,0.0040004044,0.007826438,9.187928e+06,2.4693068e+07,test
scenario_0355,4,10_0105;10_0106;10_0201;10_0204,0.0,0.0,0.0,0.0,9.967732e+06,3.432257e+07,5.1714844e-05,-0.00014671081,0.004035105,0.01493992,1.045259e+07,3.6983204e+07,train
scenario_0356,3,37_0211;39_0903;51_0124,0.0,0.0,0.0,0.0,9.88298e+06,-508328.0,-2.5792397e-06,-1.0899501e-05,0.0042741373,0.0015677791,9.825244e+06,-811500.0,train
scenario_0357,1,28_3082,0.0,0.0,0.0,0.0,-372720.0,-1.5971402e+07,0.0010363071,0.001877015,0.0016356837,-0.0056941602,4.96478e+06,-2.0127144e+07,train
scenario_0358,4,37_0203;37_0206;37_0209;5_0113,122089277.7288168,0.0,0.0774597325228557,131546280.5255996,2.3775836e+07,3.1233284e+07,0.00012373902,-0.00010293757,0.010104273,0.013969326,2.3012612e+07,3.3327468e+07,test
scenario_0359,6,20_0205;38_0262;39_0903;49_D450;4_0222;6_0202,0.0,0.0,0.0,0.0,1.7616552e+07,5.362213e+07,0.00021178492,2.3096727e-05,0.008192144,0.024899958,1.8479788e+07,5.942755e+07,train
scenario_0360,5,55_0115;55_0118;55_0120;55_0263;55_0805,0.0,0.0,0.0,0.0,1.1281579e+07,4.008317e+07,7.930295e-05,0.0003632643,0.0046582106,0.017293962,1.2638088e+07,4.381721e+07,train
scenario_0361,3,1_0111;4_0261;8_A445,18505789.93216464,0.0,0.007336327392567594,18641554.465765078,8.53058e+06,7.80792e+06,0.00046355464,0.0006644617,0.0043660803,0.0049788184,1.020442e+07,8.567906e+06,train
scenario_0362,1,48_0123,62673313.83336852,9.196648328957391e-05,0.029313599581940897,64516258.10382257,9.68191e+06,6.850178e+06,4.4409157e-05,5.3279902e-05,0.0038467953,0.0030253641,1.0806716e+07,7.128934e+06,train
scenario_0363,5,12_0111;35_0102;35_0103;39_0105;5_0220,5.189494423946331,0.0,0.0,5.189494423946331,4.2250468e+07,5.064632e+07,-4.560774e-05,0.00012616508,0.017996784,0.02203288,4.3129196e+07,5.587704e+07,train
scenario_0364,2,55_6352;55_6354,0.0,0.0,0.0,0.0,9.854822e+06,-1.8432018e+07,7.3816234e-05,-0.00025802694,0.0035667894,-0.0050185286,1.3154239e+07,-2.0874008e+07,train
scenario_0365,4,30_0115;30_0506;30_0508;30_0805,0.0,0.0,0.0,0.0,1.297316e+06,-3.848769e+07,-0.000113421615,0.00043208973,0.0016672881,-0.015611144,1.44261e+06,-4.3097372e+07,test
scenario_0366,1,19_0111,0.0,0.0,0.0,0.0,5.798248e+06,-1.160906e+06,-4.3371692e-06,9.71837e-05,0.002212936,-0.00025625527,6.41586e+06,-1.441e+06,train
scenario_0367,2,4_0217;8_0213,0.0,0.0,0.0,0.0,1.9645452e+07,2.8388704e+07,8.1598846e-05,1.34270085e-05,0.008154398,0.0124717085,2.0862888e+07,3.023535e+07,test
scenario_0368,6,10_0212;37_0202;38_0219;49_E451;4_0263;4_0264,0.0,0.0,0.0,0.0,9.752716e+06,4.210518e+06,0.00018494253,-0.00018066898,0.005925109,0.007394771,1.1641778e+07,2.053152e+06,train
scenario_0369,3,49_E445;49_E458;49_E459,0.0,0.0,0.0,0.0,-7.598026e+06,-3.716e+06,-3.6073936e-05,-0.00037933048,-0.0032784054,-0.0011750413,-1.2473144e+07,-5.519596e+06,train
scenario_0370,1,38_0221,0.0,0.0,0.0,0.0,1.0187167e+07,1.3193963e+07,5.731426e-05,-7.486521e-05,0.003983984,0.0053398167,1.1215394e+07,1.3877499e+07,val
scenario_0371,2,32_0204;32_0209,0.0,0.0,0.0,0.0,1.0638493e+07,1.9585136e+07,4.198824e-05,5.850657e-05,0.0040844525,0.008181186,1.0180162e+07,2.13156e+07,test
scenario_0372,4,12_4109;26_0220;30_0901;6_0201,0.0,0.0,0.0,0.0,4.7099972e+07,5.862009e+07,0.00041592168,0.0014740033,0.01736028,0.02540259,4.372044e+07,6.6887348e+07,train
scenario_0373,4,35_0102;48_0117;4_BA59;5_0215,114352069.68566355,9.196648328957391e-05,0.06203532783739409,121456454.37520412,4.407841e+07,6.4950856e+07,0.00013725253,0.000573896,0.017390382,0.02698505,4.8761376e+07,7.197014e+07,train
scenario_0374,3,35_0105;35_0509;35_0801,0.0,0.0,0.0,0.0,7.498948e+06,1.7399344e+07,-7.0085225e-06,2.4096807e-05,0.0032419376,0.006477094,7.009846e+06,1.9197948e+07,train
scenario_0375,4,22_3056;38_0222;46_3052;55_0113,0.0,0.0,0.0,0.0,1.4171589e+07,3.3541612e+07,0.00051599345,0.0018445177,0.0049379836,0.014021555,1.7444488e+07,3.540223e+07,train
scenario_0376,3,5_0114;5_0121;5_0122,140367021.07120514,0.0,0.08944008915896635,152921459.95079225,1.1746127e+07,2.2910198e+07,4.305468e-05,-7.9210615e-05,0.004571885,0.01005298,1.1141102e+07,2.4735792e+07,val
scenario_0377,4,20_0107;20_0109;20_0111;20_0202,0.0,0.0,0.0,0.0,6.767694e+06,7.188576e+06,-5.685666e-05,-0.00030275056,0.0035661622,0.004697426,6.017136e+06,6.797408e+06,train
scenario_0378,4,51_0114;51_0116;51_0118;51_0159,0.0,0.0,0.0,0.0,1.3331682e+07,2.7809656e+07,0.000108665874,0.00014321943,0.0054765493,0.012340005,1.2882682e+07,2.995867e+07,train
scenario_0379,3,38_0216;38_0224;38_0260,0.0,0.0,0.0,0.0,6.370293e+07,5.2935468e+07,0.00022378392,0.00020299267,0.02651998,0.021553777,7.073226e+07,5.922735e+07,train
scenario_0380,6,32_AA60;35_0109;4_0118;4_0263;6_0207;8_0215,0.0,0.0,0.0,0.0,5.173731e+07,7.023033e+07,4.6809728e-05,0.0003564391,0.021297857,0.02837955,5.4661336e+07,7.820997e+07,test
scenario_0381,2,39_0259;39_0261,0.0,0.0,0.0,0.0,1.3371614e+07,1.9807238e+07,0.00011212996,0.00018588193,0.0051422566,0.0081315,1.3437152e+07,2.1300178e+07,test
scenario_0382,1,31_0118,0.0,0.0,0.0,0.0,3.489792e+06,-1.061791e+07,1.5293248e-05,5.561304e-05,0.0016011968,-0.004038996,4.41308e+06,-1.3345712e+07,train
scenario_0383,4,29_0807;37_0902;55_0114;55_0123,0.0,0.0,0.0,0.0,2.810432e+06,-2.282593e+07,-4.3425214e-05,5.5769546e-05,0.002869402,-0.006549729,3.419172e+06,-2.5283352e+07,train
scenario_0384,6,19_0220;40_0124;4_0213;4_0264;51_0116;8_A441,18374326.92602587,0.0,0.004144463819212002,18450478.65917316,4.563078e+06,3.603224e+07,0.00042794796,0.00028522706,0.003718047,0.020086331,3.886096e+06,3.9471116e+07,val
scenario_0385,2,29_A330;29_AA03,0.0,0.0,0.0,0.0,1.2385433e+07,-7.434162e+06,6.558497e-05,2.3009008e-05,0.0044837454,-0.004510979,1.4068769e+07,-9.396116e+06,train
scenario_0386,1,26_0222,0.0,0.0,0.0,0.0,8.913828e+06,-7.776198e+06,1.4186851e-05,4.384025e-05,0.0037072217,-0.0027040131,1.0158872e+07,-9.245828e+06,train
scenario_0387,1,40_4158,0.0,0.0,0.0,0.0,1.0620253e+07,3.4395732e+07,0.0015440511,0.0013253852,0.003990043,0.008988581,1.7254176e+07,3.6221416e+07,train
scenario_0388,5,20_0106;20_0112;20_0162;20_0903;26_0224,0.0,0.0,0.0,0.0,6.32072e+06,1.83333e+07,-3.8411497e-05,-0.0001595607,0.0033538565,0.008975317,6.398576e+06,1.89279e+07,train
scenario_0389,1,48_F310,0.0,0.002505208550272142,0.0,0.0,6.05814e+06,1.2221706e+07,0.0018778788,0.0016037333,0.002210511,0.0043808287,8.706522e+06,1.3753866e+07,train
scenario_0390,1,4_BA02,0.0,0.0,0.0,0.0,1.1172895e+07,-3.0899286e+07,0.00015067159,0.0003823224,0.0040499927,-0.009021826,1.138308e+07,-3.5127584e+07,train
scenario_0391,6,20_0104;26_0223;32_AA03;37_A964;38_0223;6_0209,0.0,0.0,0.0,0.0,4.4689416e+07,5.0219864e+07,0.00012185928,0.00017519793,0.018697191,0.022941183,4.8991164e+07,5.6488068e+07,train
scenario_0392,4,55_0120;55_0214;55_0215;55_0259,0.0,0.0,0.0,0.0,9.881252e+06,2.0036868e+07,7.3365954e-06,0.00014890937,0.0043651033,0.008333351,1.106006e+07,2.1313012e+07,train
scenario_0393,5,1_4126;29_AA65;49_E444;4_0222;5_0222,330108434.0543548,0.0,0.14271297537003366,377219190.8729943,2.3015938e+08,1.2448866e+08,0.00016063478,-0.0002732069,0.0895094,0.049320273,2.5643019e+08,1.4016208e+08,train
scenario_0394,3,37_0259;51_0121;6_0206,0.0,0.0,0.0,0.0,5.9606212e+07,4.015888e+07,0.00022971843,0.00063595746,0.024885796,0.01749393,6.2333504e+07,4.57587e+07,test
scenario_0395,3,29_AA66;4_0213;55_0266,0.0,0.0,0.0,0.0,3.9150804e+07,3.793891e+07,2.8246286e-06,-0.00027787866,0.015323542,0.0153933,3.828928e+07,4.3133876e+07,train
scenario_0396,4,4_1022;4_1025;4_AA03;4_AA60,0.0,0.0,0.0,0.0,1.1949064e+07,1.7010555e+08,-0.0003837134,-0.0016751629,0.0039996463,0.050438646,8.022998e+06,1.9194939e+08,train
scenario_0397,1,51_0123,0.0,0.0,0.0,0.0,3.57501e+06,-2.2046802e+07,-1.24598155e-05,-1.6115082e-06,0.0018435149,-0.008181099,4.658396e+06,-2.5883324e+07,train
scenario_0398,4,39_0201;40_0120;5_0221;6_0205,57522196.719583325,0.0,0.004144670016083702,57760607.24358625,8.589491e+07,6.092695e+07,0.00013732455,0.0002984873,0.035667308,0.02688705,9.693686e+07,6.824486e+07,train
scenario_0399,4,48_1068;48_F310;48_F320;48_F340,0.0,0.01188441932458939,0.0,0.0,2.2865728e+07,2.4458654e+07,0.011685806,0.007624433,0.0046731136,0.00684021,2.3245976e+07,2.6001604e+07,train
scenario_0400,1,19_0104,0.0,0.0,0.0,0.0,6.553336e+06,8.886086e+06,1.5322497e-05,-0.00015398752,0.0025160043,0.0035348688,7.179878e+06,9.05665e+06,val
scenario_0401,3,39_0101;39_0209;39_0265,0.0,0.0,0.0,0.0,2.2119952e+07,3.7152012e+07,8.335123e-05,7.04784e-05,0.008861782,0.015573829,2.1821124e+07,4.093402e+07,train
scenario_0402,3,22_0122;22_0123;22_0707,0.0,0.0,0.0,0.0,3.927258e+06,-1.1608254e+07,-8.071383e-05,-6.948071e-05,0.0022983346,-0.004032421,3.602106e+06,-1.3505724e+07,train
scenario_0403,5,20_0103;20_0104;20_0109;20_0160;20_0211,0.0,0.0,0.0,0.0,7.7319336e+07,5.75688e+07,0.00019928698,0.00036379564,0.032007813,0.025986917,8.524578e+07,6.4679604e+07,train
scenario_0404,1,55_0213,0.0,0.0,0.0,0.0,1.0336298e+07,1.9594232e+07,7.437254e-05,9.951684e-05,0.0037531937,0.0078694895,1.1198722e+07,2.1563344e+07,train
scenario_0405,5,20_0903;49_C452;4_0263;4_0266;5_0118,43425139.66721979,0.0,0.012809961469232026,43981414.03315289,8.142334e+06,1.9468344e+07,0.00017340627,-0.00015142158,0.0046381145,0.010517907,7.624902e+06,2.0399152e+07,test
scenario_0406,5,4_0215;4_0216;4_0267;4_0268;8_0222,0.0,0.0,0.0,0.0,657790.0,1.8019928e+07,9.020278e-05,-0.00018035929,0.0029659793,0.013675786,-40566.0,1.758748e+07,train
scenario_0407,2,40_4155;40_4158,258499129.77757877,0.0,0.05815393187768814,273531870.5611058,1.769724e+07,4.22987e+07,0.0032351573,0.002354808,0.0058373776,0.007455704,2.4422508e+07,4.398557e+07,train
scenario_0408,5,49_7086;49_D441;49_D446;49_D448;49_D462,350940314.2863356,0.0,0.08998969398181488,382521325.7748448,2.0688408e+08,1.8580147e+08,0.0006827685,0.00048723823,0.067001835,0.05323648,2.3126397e+08,2.0830181e+08,train
scenario_0409,4,20_0208;49_D460;4_BA01;55_0266,0.0,0.0,0.0,0.0,2.5556952e+07,4.9250652e+07,0.00026129858,0.0002890588,0.009324207,0.017941844,2.8414492e+07,5.501408e+07,train
scenario_0410,1,49_C444,43425124.87771973,0.0,0.012809961469232026,43981399.05419991,1.0043004e+07,1.199877e+07,6.320416e-05,-0.00021803175,0.0034420425,0.002863342,1.4341392e+07,1.2479974e+07,val
scenario_0411,4,10_0160;26_0115;39_0101;39_0107,0.0,0.0,0.0,0.0,1.5325682e+07,2.3787184e+07,0.00020297125,0.00048712076,0.0065364414,0.011402997,1.4501846e+07,2.4667806e+07,val
scenario_0412,2,30_0117;30_0902,0.0,0.0,0.0,0.0,7.448852e+06,1.4938764e+07,1.9357103e-06,-0.00010551745,0.0030000382,0.0060411724,6.91163e+06,1.6214709e+07,train
scenario_0413,1,12_0107,0.0,0.0,0.0,0.0,1.1931867e+07,1.796052e+07,7.850754e-05,5.3602053e-05,0.004459669,0.007223099,1.3088546e+07,1.9687568e+07,test
scenario_0414,3,4_BA01;4_BA59;4_BA61,0.0,0.0,0.0,0.0,7.675792e+06,3.566765e+07,-9.946671e-06,0.0012579018,0.0031135785,0.016711123,6.51304e+06,3.975699e+07,train
scenario_0415,4,49_E445;49_E448;49_E450;49_E456,0.0,0.0,0.0,0.0,-1.5693842e+07,2.1923332e+07,-5.273416e-05,-0.0005785029,-0.006591864,0.008023562,-2.1983752e+07,2.3167466e+07,test
scenario_0416,4,51_0121;51_0122;51_0123;51_0159,0.0,0.0,0.0,0.0,4.419368e+06,-1.5551174e+07,-7.7515986e-05,-5.3282885e-05,0.0026477044,-0.00392572,3.165678e+06,-1.8634308e+07,test
scenario_0417,2,37_0802;5_0803,0.0,0.0,0.0,0.0,9.034138e+06,1.7406782e+07,9.9846526e-05,8.932782e-05,0.0035151164,0.007941496,9.024664e+06,1.8336984e+07,train
scenario_0418,3,4_0263;4_0559;4_0903,0.0,0.0,0.0,0.0,1.2588523e+07,-1.732798e+06,0.00013221253,0.00031246396,0.005750825,-0.000697813,1.5470998e+07,-2.745276e+06,train
scenario_0419,6,1_0102;27_3009;38_0214;51_0123;55_0222;6_0212,18685964.314961016,0.0,0.007316266486974111,18822675.80945536,5.9029492e+07,7.904032e+07,1.3116791e-05,3.6086974e-05,0.02467915,0.028699962,6.753182e+07,8.697561e+07,train
scenario_0420,2,35_0111;35_0112,0.0,0.0,0.0,0.0,1.2324822e+07,3.376601e+07,8.277064e-05,0.00016616908,0.0045537525,0.013727933,1.1845492e+07,3.743036e+07,test
scenario_0421,3,26_0121;31_0117;32_0105,0.0,0.0,0.0,0.0,1.16586e+07,3.200892e+07,6.2572566e-05,2.8692884e-06,0.004517876,0.013324689,1.1117308e+07,3.514644e+07,train
scenario_0422,6,12_0107;1_0101;4_0213;4_0260;5_0124;8_A411,18670296.936785836,0.0,0.007337605749231694,18807292.214929055,1.351172e+07,4.7440896e+07,0.0005168059,0.00028917694,0.006682817,0.024399266,1.463997e+07,5.232634e+07,test
scenario_0423,4,26_0117;26_0213;26_0219;26_0605,0.0,0.0,0.0,0.0,1.7385896e+07,3.2677072e+07,5.7890065e-05,0.00014294595,0.0073085846,0.013867817,1.7842138e+07,3.664085e+07,test
scenario_0424,1,32_0111,0.0,0.0,0.0,0.0,7.49545e+06,7.030686e+06,1.5627855e-05,-2.1705171e-05,0.0028692363,0.00276283,8.291328e+06,7.480642e+06,train
scenario_0425,4,20_0107;20_0160;20_0209;20_0259,0.0,0.0,0.0,0.0,2.5637132e+07,3.92681e+07,0.00010800628,0.00015895766,0.010810462,0.018749699,2.6222974e+07,4.3884204e+07,train
scenario_0426,4,5_3071;5_A310;5_A320;5_A350,0.0,0.0,0.0,0.0,8.148532e+07,7.061481e+07,0.0051899273,0.004844154,0.026327329,0.023890309,8.313374e+07,7.683907e+07,test
scenario_0427,4,49_D440;49_D443;49_D448;49_D454,0.0,0.0,0.0,0.0,8.478188e+06,1.951992e+07,7.1456598e-06,-1.7173501e-05,0.0016390048,0.0057732095,1.2851341e+07,2.0656628e+07,test
scenario_0428,2,40_0114;40_0116,36508137.8762867,0.0,0.008289340032167403,36810766.24508449,4.519994e+06,-4.227652e+06,-2.1198211e-05,2.199551e-05,0.0020542685,-0.00053203944,3.997942e+06,-6.484428e+06,test
scenario_0429,1,5_0803,0.0,0.0,0.0,0.0,3.746012e+06,-1.5956214e+07,3.0707437e-05,-0.00015525307,0.0017440943,-0.0053270683,4.67474e+06,-1.9319676e+07,val
scenario_0430,5,37_A960;37_A962;37_A963;37_A964;37_A965,0.0,0.0,0.0,0.0,-1.7379966e+07,4.2788336e+07,0.00061415846,7.24682e-05,-0.00664624,0.018634323,-2.5606572e+07,4.5633056e+07,test
scenario_0431,2,55_6352;55_6355,0.0,0.0,0.0,0.0,8.889124e+06,-1.9109442e+07,8.391189e-05,-0.00018139373,0.0032044104,-0.006175086,1.2538808e+07,-2.31054e+07,train
scenario_0432,6,20_0159;27_1004;39_0207;4_0222;4_AA02;4_BA60,0.0,0.0,0.0,0.0,2.14287e+06,-2.6789082e+07,7.188486e-05,6.1760526e-05,0.00091398694,-0.0029375432,-3.554746e+06,-3.1325528e+07,test
scenario_0433,4,10_0101;35_0111;39_0104;39_0110,0.0,0.0,0.0,0.0,2.2733908e+07,4.1268868e+07,0.00010470906,3.667832e-05,0.009401561,0.017743295,2.2096898e+07,4.473858e+07,test
scenario_0434,5,27_3012;48_0901;53_0207;8_0216;8_0259,271594789.3945486,0.00011584671444697658,0.12702382990117594,306125263.0886597,1.646672e+08,1.1766869e+08,0.00026919838,0.00072793267,0.06421983,0.045784432,1.9037675e+08,1.3385755e+08,train
scenario_0435,3,12_0106;26_0123;31_0119,0.0,0.0,0.0,0.0,1.2943815e+07,3.0223426e+07,6.388225e-05,0.00021135862,0.0049696597,0.012476144,1.259196e+07,3.3967644e+07,train
scenario_0436,3,10_0203;31_0120;4_BA60,0.0,0.0,0.0,0.0,1.78242e+07,-1.1159282e+07,0.00014909677,0.0005483964,0.0063662073,-0.0012963125,1.6806396e+07,-1.2838728e+07,train
scenario_0437,4,29_A801;29_A802;29_A807;29_A808,0.0,0.0,0.0,0.0,-2.4054898e+07,3.4595244e+07,0.0006024454,0.0018758643,-0.0072108936,0.012257321,-1.95694e+07,3.6590544e+07,train
scenario_0438,2,37_0903;55_0263,0.0,0.0,0.0,0.0,8.31982e+06,-4.660934e+06,4.7168185e-05,-2.463677e-05,0.0038056942,-0.0012055645,1.0686142e+07,-5.717948e+06,train
scenario_0439,4,1_4126;30_0124;4_0268;6_0205,278564461.78410274,0.0,0.10999124711458047,309204114.3375381,1.8500824e+08,8.784634e+07,0.0002143052,0.00016938547,0.07335981,0.036208607,2.1119974e+08,9.796266e+07,test
scenario_0440,2,8_A430;8_A431,0.0,0.0,0.0,0.0,1.6218994e+07,1.9824282e+07,8.0437094e-05,0.00057418493,0.006144833,0.0054993606,2.024732e+07,2.2358504e+07,train
scenario_0441,2,37_2825;48_0001,0.0,0.004192382791042948,0.0,0.0,1.6893928e+07,2.528914e+06,0.00052560976,0.0014996026,0.0066431677,0.009582718,2.1185746e+07,2.74062e+06,train
scenario_0442,1,4_BA61,0.0,0.0,0.0,0.0,1.4475937e+07,1.1995124e+07,0.0001625483,0.000548162,0.005159503,0.005190342,1.4695198e+07,1.2957285e+07,train
scenario_0443,5,32_AA01;32_AA02;32_AA03;32_AA60;32_AA62,0.0,0.0,0.0,0.0,-5.091748e+06,-3.4891816e+07,0.00010642117,0.00033535034,-0.002590985,-0.015831266,-1.99299e+06,-4.1563956e+07,train
scenario_0444,1,19_0221,0.0,0.0,0.0,0.0,1.1236587e+07,8.660118e+06,5.7205485e-05,-4.984031e-08,0.0045551243,0.0037592053,1.245086e+07,8.694448e+06,train
scenario_0445,4,12_0106;26_0219;55_C903;5_0113,122089277.7288168,0.0,0.0774597325228557,131546280.5255996,2.1613086e+07,3.539686e+07,6.7665154e-05,0.00014714248,0.008186457,0.016289448,2.1609924e+07,3.913641e+07,train
scenario_0446,3,27_3005;49_C452;5_0214,95050370.52842516,0.0,0.045531689724685215,99378174.50754176,1.7576556e+07,-1.9199294e+07,0.00022798104,-0.00010409279,0.0063896775,-0.0048635826,2.0104392e+07,-2.3544136e+07,train
scenario_0447,5,8_A414;8_A431;8_A441;8_A442;8_A455,0.0,0.0,0.0,0.0,-1.3065234e+07,-1.2695838e+07,0.00036176047,0.0015676594,-0.0011749836,-0.0036415271,-3.302708e+06,-1.2688204e+07,train
scenario_0448,6,20_0201;32_0202;35_0106;48_0167;48_5284;49_E443,62201552.84547977,0.008735869882217862,0.029313599581940897,64568288.93109712,8.0148264e+07,2.6955822e+07,0.002901433,0.002823994,0.027835997,0.011821702,8.544658e+07,2.8511312e+07,val
scenario_0449,3,49_C445;49_C449;49_C454,86859750.42684585,0.0,0.02561992293846405,89085090.53923588,3.5040064e+07,8.556979e+07,-1.8828665e-05,-0.00035980955,0.01010317,0.025663977,3.5311292e+07,9.321859e+07,train
scenario_0450,2,55_0124;55_0806,0.0,0.0,0.0,0.0,9.319652e+06,2.0540978e+07,6.405651e-06,5.813851e-05,0.0035522343,0.008214202,8.985586e+06,2.2895272e+07,train
scenario_0451,1,39_0210,0.0,0.0,0.0,0.0,6.820328e+06,58486.0,-4.596368e-07,-0.00011094395,0.0028994,0.0003938144,7.7826e+06,-907538.0,test
scenario_0452,2,35_0111;39_0104,0.0,0.0,0.0,0.0,1.292343e+07,2.2516944e+07,7.1362796e-05,3.0987983e-05,0.004831786,0.009405431,1.2517278e+07,2.4164936e+07,val
scenario_0453,4,19_0112;1_0104;1_0110;1_0112,55601619.50884074,0.0,0.022006734952581732,56825229.61230609,4.726256e+06,7.017368e+06,-4.7838024e-05,8.8623274e-05,0.002452095,0.0041960087,4.2226e+06,7.7183e+06,test
scenario_0454,2,6_A805;6_A806,0.0,0.0,0.0,0.0,-1.1122306e+07,-1.821991e+07,0.0019009032,0.0033559068,-0.004196111,-0.002347337,-1.9831148e+07,-2.5102988e+07,train
scenario_0455,4,26_0223;4_0218;4_BA03;8_A446,0.0,0.0,0.0,0.0,-753274.0,-6.684246e+06,0.00031621978,0.0009942742,0.001988913,0.002573858,1.259298e+06,-7.708068e+06,val
scenario_0456,2,48_0160;5_0213,74585276.03356522,9.196648328957391e-05,0.04800763301493182,78172797.939244,5.833612e+07,3.953327e+07,0.00018791431,7.8918805e-05,0.024000637,0.016497267,6.5716896e+07,4.338784e+07,val
scenario_0457,1,39_A804,0.0,0.0,0.0,0.0,8.730992e+06,-1.419523e+07,-0.00010403685,-0.0005089602,0.0036237831,-0.00095870066,1.2053486e+07,-1.9688688e+07,train
scenario_0458,1,20_0112,0.0,0.0,0.0,0.0,5.446774e+06,-1.2583026e+07,-3.799965e-05,-0.00014144703,0.0024329657,-0.0045007514,6.369432e+06,-1.4747332e+07,val
scenario_0459,2,4_AA02;4_AA61,0.0,0.0,0.0,0.0,8.179906e+06,-1.311164e+06,-7.8719284e-05,-0.00080735463,0.0025729267,-0.0026512723,6.858752e+06,-3.173534e+06,val
scenario_0460,3,20_0201;32_7084;4_0162,0.0,0.0,0.0,0.0,1.3689402e+07,1.6748329e+07,0.0015233213,-0.0002672422,0.0059881066,0.0069691567,1.7386758e+07,1.826506e+07,train
scenario_0461,4,19_0222;36_0802;38_0220;38_0262,0.0,0.0,0.0,0.0,4.0731016e+07,4.450372e+07,0.00019078907,0.00036411936,0.017727384,0.018783875,4.3173028e+07,4.8651936e+07,test
scenario_0462,2,20_0162;20_0163,0.0,0.0,0.0,0.0,7.904998e+06,1.5932733e+07,9.400115e-06,-7.212217e-05,0.0031767432,0.006669807,7.337318e+06,1.6875756e+07,test
scenario_0463,5,19_0213;19_0218;19_0223;38_0260;39_0809,0.0,0.0,0.0,0.0,9.9511064e+07,6.7631064e+07,-4.461102e-05,0.0006862046,0.04167345,0.028163234,1.1141741e+08,7.698503e+07,train
scenario_0464,6,12_0103;41_AA02;48_0119;49_E446;4_AA03;55_0120,82691594.69250262,9.196648328957391e-05,0.035298804750506056,85618114.00322273,1.2872338e+07,-3.316416e+06,0.00025473602,-0.00048572232,0.004834092,-0.000667477,1.3895904e+07,-7.155968e+06,test
scenario_0465,2,32_0209;4_0267,0.0,0.0,0.0,0.0,1.3650077e+07,-2.245082e+06,6.403797e-05,-0.00013570808,0.006172335,0.0009940472,1.5484401e+07,-3.411328e+06,train
scenario_0466,2,10_0106;37_0207,0.0,0.0,0.0,0.0,1.1363825e+07,1.7928656e+07,3.0434778e-05,-0.00020595893,0.0044437265,0.0074083176,1.0974184e+07,1.8940418e+07,val
scenario_0467,3,55_0115;55_0261;55_0806,0.0,0.0,0.0,0.0,1.2403174e+07,3.169125e+07,4.4709406e-05,9.5014446e-05,0.0047072996,0.013299923,1.229767e+07,3.5064052e+07,val
scenario_0468,2,40_0120;40_0123,36707543.39504219,0.0,0.008289133835295705,37011817.13500862,4.875804e+06,353240.0,-1.9078987e-05,-5.8824662e-05,0.0021728724,0.0010286942,4.363772e+06,-1.061728e+06,train
scenario_0469,2,5_0215;8_0216,51830347.464241154,0.0,0.03272172825545319,53526326.009351775,4.2923024e+07,3.644292e+07,0.00012745033,0.000103935265,0.017841203,0.015194302,4.772441e+07,4.055902e+07,train
scenario_0470,4,20_0901;20_0903;26_0223;8_0220,0.0,0.0,0.0,0.0,8.73753e+06,1.0282492e+07,-2.2139458e-05,1.2197052e-05,0.0040148147,0.0057090526,8.430094e+06,1.0927514e+07,train
scenario_0471,5,35_0801;39_0111;49_C446;4_AA02;53_0204,43429657.09315336,0.0,0.012809961469232026,43985989.32713861,1.6372446e+07,4.403642e+07,0.00014043538,-0.0004206255,0.005707261,0.016386248,1.702117e+07,4.620727e+07,test
scenario_0472,3,48_0001;48_0118;48_0903,311777148.3713822,0.004400199162145735,0.14656797157456844,358845574.1385189,1.26756936e+08,7.966245e+07,0.00067606854,0.00044422637,0.05200155,0.033604182,1.4641893e+08,9.041752e+07,val
scenario_0473,4,27_3012;39_0110;4_0221;8_0221,0.0,0.0,0.0,0.0,1.6794588e+07,7.986595e+07,0.000115981195,-0.00029779726,0.007122756,0.029683977,1.7819272e+07,8.902422e+07,train
scenario_0474,3,4_0124;4_0162;4_0223,0.0,0.0,0.0,0.0,1.9662124e+07,2.2249848e+07,6.556393e-05,-0.00030567474,0.008210544,0.009617178,1.9473744e+07,2.4722624e+07,val
scenario_0475,1,26_0114,0.0,0.0,0.0,0.0,6.94455e+06,1.823458e+06,1.7087441e-06,-0.00023237595,0.0028499477,0.0008481983,7.813438e+06,883336.0,train
scenario_0476,1,48_3689,0.0,0.001287149500088125,0.0,0.0,-3.644954e+06,3.392872e+06,0.0016671873,0.0020253132,6.504636e-05,0.0029097935,-202032.0,2.373396e+06,train
scenario_0477,5,4_A310;4_A320;4_A350;4_A390;4_A901,0.0,0.0,0.0,0.0,-4.9294976e+07,-5.966068e+07,0.00042855745,-0.0009571589,-0.015577061,-0.034752432,-5.9472932e+07,-6.6475836e+07,val
scenario_0478,2,10_0208;51_0121,0.0,0.0,0.0,0.0,1.0911703e+07,1.0276731e+07,3.0032912e-05,-3.394368e-05,0.0041715233,0.0052523217,1.0479544e+07,1.0760832e+07,train
scenario_0479,2,49_D430;49_D448,0.0,0.0,0.0,0.0,2.9967082e+07,4.9588944e+07,-4.8644753e-05,0.00031516457,0.00793179,0.013616314,3.2972456e+07,5.5846692e+07,test
scenario_0480,5,10_0102;10_0105;53_0201;53_0204;5_0217,40.17164579548778,0.0,0.0,40.17164579548778,4.2603816e+07,4.598067e+07,-3.5739213e-06,-0.00035585545,0.018208353,0.019661576,4.3835724e+07,4.9069024e+07,val
scenario_0481,2,26_0119;55_6354,0.0,0.0,0.0,0.0,1.786752e+07,-1.459538e+06,0.00011382092,-0.000117223186,0.006366578,0.0005375277,1.9410484e+07,-1.984e+06,test
scenario_0482,5,49_E431;49_E446;49_E458;49_E460;49_E461,0.0,0.0,0.0,0.0,-1.9124462e+07,2.7415774e+07,-3.717508e-05,-0.00013797564,-0.008193908,0.009415089,-2.748432e+07,3.0545778e+07,test
scenario_0483,1,55_0122,0.0,0.0,0.0,0.0,7.993684e+06,9.532034e+06,3.3298114e-05,6.166716e-05,0.0029677367,0.0038490994,8.791382e+06,1.0346082e+07,train
scenario_0484,4,12_AA01;12_AA02;12_AA03;12_AA61,0.0,0.0,0.0,0.0,-1.42985e+06,5.4500852e+07,0.0020015286,0.0029903129,-0.0009690756,0.01785246,-1.2135464e+07,6.1694508e+07,train
scenario_0485,2,4_0266;6_0812,0.0,0.0,0.0,0.0,5.376426e+06,1.8626254e+07,5.317181e-05,-5.2675023e-05,0.003847878,0.008992246,7.790928e+06,2.0344624e+07,train
scenario_0486,3,38_0213;38_0262;39_0810,0.0,0.0,0.0,0.0,1.3717642e+07,1.2084659e+07,5.0661736e-05,0.00033632715,0.0054873144,0.005580314,1.5224252e+07,1.3825145e+07,test
scenario_0487,1,46_3052,0.0,0.0,0.0,0.0,5.509298e+06,-3.482954e+06,7.559755e-05,0.00064366515,0.0021436103,-0.0016297242,9.699326e+06,-5.415504e+06,train
scenario_0488,5,39_0108;39_0112;39_0204;39_0205;39_0901,0.0,0.0,0.0,0.0,6.138697e+07,5.3801256e+07,5.1569456e-05,0.00028412582,0.025960147,0.023537189,6.6681204e+07,5.9699824e+07,val
scenario_0489,4,19_0105;19_0106;1_0107;34_0859,18474954.004776597,0.0,0.00732235421456317,18610234.16209733,5.52182e+06,3.0547832e+07,4.18736e-05,-0.00012507889,0.0027411012,0.01244461,6.324006e+06,3.2395086e+07,train
scenario_0490,3,10_0103;10_0160;53_0212,0.0,0.0,0.0,0.0,9.043722e+06,1.3639803e+07,1.5116064e-05,8.5316206e-05,0.0036446974,0.006702786,8.447752e+06,1.5066898e+07,test
scenario_0491,3,19_0101;19_0110;34_0802,0.0,0.0,0.0,0.0,6.147e+06,1.6021063e+07,1.6320802e-05,0.00018035792,0.0027031377,0.007339403,5.747996e+06,1.7234154e+07,train
scenario_0492,1,49_C458,0.0,0.0,0.0,0.0,1.5434331e+07,3.7709156e+07,8.615466e-05,0.0002128254,0.004653247,0.010204213,2.0157588e+07,4.181377e+07,val
scenario_0493,5,37_0203;37_0204;37_0205;37_0211;37_0260,0.0,0.0,0.0,0.0,1.140849e+08,5.4688704e+07,0.00022139677,0.00042762863,0.0464121,0.024592966,1.2816082e+08,6.1350904e+07,test
scenario_0494,4,5_0122;5_0213;5_0214;5_0803,126210507.61128494,0.0,0.08072936127038502,136399401.27635503,3.4628964e+07,1.7370028e+07,8.73168e-05,4.479327e-06,0.014298182,0.010344032,3.3660304e+07,1.7204824e+07,test
scenario_0495,4,22_0113;22_0116;22_0122;22_0705,0.0,0.0,0.0,0.0,8.603842e+06,2.34278e+07,4.84474e-06,3.232331e-05,0.0036672195,0.0095555335,8.308982e+06,2.6100156e+07,train
scenario_0496,2,37_A962;37_A963,0.0,0.0,0.0,0.0,7.027686e+06,1.646176e+07,0.00012837944,-0.00020465319,0.0037773056,0.0070175435,7.806196e+06,1.8190752e+07,val
scenario_0497,4,4_1007;4_B964;4_BA02;4_BA03,0.0,0.0,0.0,0.0,-2.6725798e+07,-1.4993886e+07,5.9339727e-05,0.0006180195,-0.006724445,-0.0048421146,-2.8920812e+07,-1.6284768e+07,test
scenario_0498,3,22_0114;38_0217;39_0261,0.0,0.0,0.0,0.0,1.4279763e+07,3.072769e+07,5.348913e-05,-0.00013268125,0.005549311,0.012558979,1.388408e+07,3.365537e+07,train
scenario_0499,5,55_6351;55_6352;55_6353;55_6354;55_6355,0.0,0.0,0.0,0.0,-9.687902e+06,-4.591341e+07,3.2736803e-05,-0.00041941198,-0.0033742664,-0.013837373,-5.564656e+06,-5.4471972e+07,train
scenario_0500,4,48_0121;48_0160;48_0802;48_0903,311524437.7190276,0.0003104009675193309,0.14656797157456844,357280640.13828737,1.0335162e+08,6.582828e+07,0.0005183258,-4.600233e-05,0.042826097,0.02819826,1.1739928e+08,7.326325e+07,test
scenario_0501,3,20_0109;26_0214;8_0220,0.0,0.0,0.0,0.0,8.290432e+06,-1.1887598e+07,-2.1919725e-05,-0.00048407225,0.0039503146,-0.0029876297,8.415306e+06,-1.5549488e+07,train
scenario_0502,4,1_0161;38_0218;4_0264;55_6355,18753560.129283685,0.0,0.007337605749231694,18891166.35990688,2.1271398e+07,9.165024e+06,0.00016582971,0.0001878579,0.008581825,0.0058796913,2.2621466e+07,7.326548e+06,train
scenario_0503,1,1_0106,18585134.193254445,0.0,0.007335349790898164,18721462.653472748,6.64797e+06,2.760852e+06,-6.430142e-06,-0.00021918921,0.0026476895,0.0009994591,7.425722e+06,2.264396e+06,val
scenario_0504,3,4_0213;4_0265;4_0268,0.0,0.0,0.0,0.0,4.092726e+06,1.4522728e+07,0.000113668415,-0.00010131407,0.0036286116,0.009523861,5.466622e+06,1.4333518e+07,val
scenario_0505,5,10_0259;24_2401;4_0213;4_0216;4_0268,0.0,0.0,0.0,0.0,3.4300144e+07,3.0842898e+07,0.00023892306,0.0012252568,0.015285006,0.01903285,3.346739e+07,3.213208e+07,train
scenario_0506,5,12_0108;12_0109;12_0161;12_0561;12_0901,0.0,0.0,0.0,0.0,1.0327718e+07,1.86136e+07,4.2065294e-05,0.00028151966,0.004864292,0.0075456286,1.0571292e+07,2.0850768e+07,val
scenario_0507,6,27_3010;29_AA01;39_0261;4_0264;4_BA61;8_0812,0.0,0.0,0.0,0.0,2.674901e+07,5.233105e+07,0.00033157028,0.0015898882,0.010646661,0.019582186,2.344417e+07,5.6716096e+07,train
scenario_0508,4,51_0114;51_0115;51_0116;51_0123,0.0,0.0,0.0,0.0,8.80113e+06,5.242734e+06,8.0061654e-05,0.0002753366,0.0040178085,0.0039329045,9.008778e+06,4.037898e+06,val
scenario_0509,4,37_0206;4_0219;4_0264;4_BA01,0.0,0.0,0.0,0.0,2.3070868e+07,3.6498824e+07,9.075549e-06,9.5674724e-05,0.009185464,0.0190161,2.0685424e+07,4.008973e+07,train
scenario_0510,1,5_0213,74585276.03356522,0.0,0.04800763301493182,78165938.593702,2.446511e+07,1.9376388e+07,6.308645e-05,-6.906339e-08,0.009634868,0.00825777,2.6258676e+07,2.0984176e+07,train
scenario_0511,2,32_0110;32_0203,0.0,0.0,0.0,0.0,8.93282e+06,1.1555656e+07,1.6211707e-05,1.47130195e-05,0.0035495912,0.0050706035,8.466216e+06,1.218472e+07,train
scenario_0512,2,10_0260;51_0114,0.0,0.0,0.0,0.0,1.0543744e+07,2.1027414e+07,0.0002007526,0.00041456966,0.0041464935,0.008584337,1.0324846e+07,2.2144844e+07,train
scenario_0513,3,46_0606;46_0803;46_0804,0.0,0.0,0.0,0.0,9.180388e+06,3.7691028e+07,9.480014e-05,0.00034012963,0.0037417598,0.014035625,8.960576e+06,4.1746988e+07,train
scenario_0514,5,1_4073;48_0117;51_0116;55_0259;55_6352,62521722.22142241,9.196648328957391e-05,0.029313599581940897,64360208.85471644,2.3334122e+07,4.591616e+07,5.54921e-05,0.0001658752,0.008541909,0.026192652,2.2012074e+07,4.944999e+07,train
scenario_0515,5,55_0113;55_0215;55_0217;55_0221;55_0805,0.0,0.0,0.0,0.0,7.98615e+06,3.050063e+07,5.324473e-06,0.00059640413,0.0037900498,0.01272717,1.0528304e+07,3.2840556e+07,val
scenario_0516,3,19_0224;37_0210;5_0124,0.0,0.0,0.0,0.0,1.5796198e+07,1.8511366e+07,6.6976136e-05,-8.545327e-05,0.0063404893,0.009369099,1.599246e+07,2.0722544e+07,train
scenario_0517,4,10_0103;35_0105;53_0208;53_0802,0.0,0.0,0.0,0.0,8.033202e+06,1.6866892e+07,-1.5668134e-05,0.00016049741,0.0034513115,0.007096992,8.669814e+06,1.8843338e+07,val
scenario_0518,3,1_0101;20_0101;30_0114,18670296.936785836,0.0,0.007337605749231694,18807292.214929055,6.868144e+06,2.951952e+06,7.0809474e-06,0.00011668906,0.0029378608,0.003193187,6.339996e+06,1.102786e+06,train
scenario_0519,4,19_0107;1_0103;1_0106;1_0163,55751494.78373321,0.0,0.022009633629747758,56978564.75823397,7.052284e+06,2.0423584e+07,-1.5129044e-06,-2.6702823e-05,0.0031209197,0.009246193,7.074168e+06,2.2043222e+07,train
scenario_0520,5,32_AA03;32_AA59;32_AA60;32_AA61;32_AA62,0.0,0.0,0.0,0.0,-2.686294e+06,-4.077633e+07,0.00014807441,0.0005999208,-0.0018680077,-0.015019601,-126000.0,-4.6050924e+07,val
scenario_0521,4,39_0202;39_0212;39_0259;39_0903,0.0,0.0,0.0,0.0,1.6349618e+07,2.04162e+07,0.00010151624,0.00017509767,0.0068571274,0.009873394,1.5716088e+07,2.1599048e+07,train
scenario_0522,5,30_0903;40_4166;49_C455;4_0215;55_0223,258499129.77757877,0.0,0.05815393187768814,273531870.5611058,1.4526875e+08,1.6127e+08,0.0025278495,0.0016600224,0.05227346,0.05382154,1.6553267e+08,1.7783978e+08,test
scenario_0523,1,37_0208,0.0,0.0,0.0,0.0,9.844518e+06,7.0889e+06,4.6671383e-05,-2.0928943e-05,0.0039185323,0.0031419415,1.0982962e+07,7.249518e+06,train
scenario_0524,4,48_0117;49_C453;49_D451;55_6353,62521722.22142241,9.196648328957391e-05,0.029313599581940897,64360208.85471644,1.7441396e+07,3.550498e+07,0.00019799957,-0.00026243954,0.0057949955,0.011791342,2.0463988e+07,3.9142304e+07,train
scenario_0525,3,39_0201;48_0113;53_0207,62404672.38549416,9.196648328957391e-05,0.029313599581940897,64239717.10210488,2.7863538e+07,4.1838736e+07,0.00010302021,0.00010052619,0.011334456,0.017406657,2.7658956e+07,4.632204e+07,train
scenario_0526,6,10_0108;19_0103;26_0217;37_0208;49_D443;6_0205,0.0,0.0,0.0,0.0,6.0096736e+07,4.106457e+07,0.000107651926,3.118733e-05,0.023254704,0.020061448,6.7086572e+07,4.43924e+07,test
scenario_0527,4,49_D450;49_D452;49_D459;49_D460,0.0,0.0,0.0,0.0,4.594908e+07,7.471163e+07,0.00018221734,0.00026208302,0.011273077,0.02312978,4.925769e+07,8.333661e+07,train
scenario_0528,2,39_0105;5_0215,51830347.464241154,0.0,0.03272172825545319,53526326.009351775,2.7956036e+07,2.7502258e+07,0.000107148575,0.000110377485,0.011574613,0.0121506695,2.8832166e+07,2.983663e+07,test
scenario_0529,5,26_0222;42_1599;5_0118;5_A350;6_0208,0.7165143793436717,0.0,0.0,0.7165143793436717,3.7279388e+07,-5.018517e+07,-0.00012325664,0.00056474906,0.014877611,-0.016671315,3.1767894e+07,-6.17273e+07,val
scenario_0530,4,12_0104;12_0109;53_0801;5_0222,51543972.27025205,0.0,0.03272172825545319,53230580.12408586,1.763388e+07,1.417062e+07,5.8877704e-05,0.00039682293,0.007859757,0.0071455613,1.7738064e+07,1.4758146e+07,train
scenario_0531,4,29_0801;29_0808;37_0902;37_0903,0.0,0.0,0.0,0.0,-1.781988e+06,-1.577415e+07,-2.9660412e-05,-4.3551263e-05,0.0021627266,-0.0029810816,212536.0,-1.753404e+07,train
scenario_0532,2,49_C430;49_D430,43403591.10878235,0.0,0.012809961469232026,43959589.438512154,1.3899592e+08,1.1583519e+08,-1.4178018e-05,0.00023742003,0.046263542,0.032960363,1.5817781e+08,1.3073152e+08,test
scenario_0533,1,26_0122,0.0,0.0,0.0,0.0,8.90025e+06,9.970608e+06,2.5335277e-05,2.845838e-05,0.003248128,0.00362748,9.766618e+06,1.1444958e+07,train
scenario_0534,2,37_1992;37_2824,0.0,0.0,0.0,0.0,4.805622e+07,5.8670896e+07,-0.00016359962,0.000614699,0.013984916,0.022377118,4.286247e+07,6.546041e+07,train
scenario_0535,4,49_D410;49_D451;49_D461;49_D462,0.0,0.0,0.0,0.0,7.723242e+06,1.8665052e+07,5.1872892e-05,0.00014626436,0.0016822498,0.0062489645,1.2180244e+07,1.9694884e+07,train
scenario_0536,4,49_C430;49_C440;49_C452;49_C454,130156005.54295713,0.0,0.03842988440769607,135157885.7909404,1.9230261e+08,1.5421142e+08,-3.2047275e-05,2.0519088e-05,0.06498468,0.045737796,2.1127853e+08,1.7232416e+08,train
scenario_0537,5,22_0115;22_0121;40_0114;48_0113;48_0116,143431065.10805994,0.00018393296657914782,0.06277186917996551,152460882.8646711,1.2250769e+07,2.7013642e+07,4.2753614e-05,0.00013548223,0.0054807966,0.013286099,1.2663004e+07,2.8013028e+07,train
scenario_0538,3,8_0220;8_0505;8_0508,0.0,0.0,0.0,0.0,-2.155312e+06,-3.1952394e+07,-0.00016454936,-0.00038400484,0.00040412787,-0.013359053,-2.23363e+06,-3.6212924e+07,train
scenario_0539,1,6_0207,0.0,0.0,0.0,0.0,1.544507e+07,2.1342944e+07,0.00011235554,0.00018235194,0.0064730095,0.007665855,1.841388e+07,2.3794892e+07,train
scenario_0540,1,48_0163,1.4708068616192316,9.196648328957391e-05,0.0,1.4709421265538931,1.0680859e+07,1.4350005e+07,5.7498226e-05,4.0137675e-06,0.004123368,0.0056737266,1.1833814e+07,1.5659616e+07,train
scenario_0541,3,31_0114;31_0119;31_0902,0.0,0.0,0.0,0.0,8.933044e+06,3.6117696e+07,5.375073e-05,-1.6025064e-05,0.0036551352,0.014674896,8.47016e+06,3.955282e+07,train
scenario_0542,4,35_0802;41_AA03;48_AA03;5_3071,20765387.676343307,0.004813491064655229,0.00598551870409653,20989633.300712053,4.810126e+06,5.216884e+07,0.0011518276,0.0028678651,0.0016368451,0.013539207,6.676372e+06,5.5620132e+07,train
scenario_0543,5,19_0222;4_BA59;51_0115;5_0120;5_0224,0.0,0.0,0.0,0.0,3.2145058e+07,7.436275e+07,4.881763e-05,0.000298963,0.012970871,0.0303744,3.3419584e+07,8.175603e+07,test
scenario_0544,3,10_0203;55_C903;8_A445,0.0,0.0,0.0,0.0,2.2357558e+07,-2.245162e+06,5.5840545e-05,0.00023632467,0.0078157885,0.0017967857,2.429621e+07,-1.60582e+06,train
scenario_0545,1,39_0110,0.0,0.0,0.0,0.0,7.95985e+06,4.814504e+06,2.2294538e-05,-3.082637e-05,0.0032220026,0.0022663577,8.93611e+06,4.66483e+06,train
scenario_0546,3,49_D454;49_D455;49_D460,0.0,0.0,0.0,0.0,1.6991992e+07,3.078758e+07,-4.1315216e-06,9.873707e-06,0.004472556,0.009743384,2.0561462e+07,3.441339e+07,train
scenario_0547,5,10_0112;12_0102;35_0110;39_0102;39_0105,0.0,0.0,0.0,0.0,3.8680724e+07,4.9457744e+07,9.0347094e-05,0.0002526242,0.01694463,0.02194022,4.1084256e+07,5.462273e+07,val
scenario_0548,5,26_0220;40_4154;48_3679;55_C903;6_0211,28433980.751340147,0.0011922187791619798,0.005728373477404384,28630760.738351226,2.0069512e+07,7.7250616e+07,0.0010754066,0.0039695087,0.006480571,0.02266533,1.9619108e+07,8.559622e+07,train
scenario_0549,3,1_0105;4_BA03;51_0159,18592949.128080722,0.0,0.007316266486974111,18728980.098680515,1.6830196e+07,-1.4076734e+07,0.000112080816,0.00016336258,0.006168038,-0.0026293704,1.5477052e+07,-1.682926e+07,train
scenario_0550,6,10_0203;22_0117;27_1004;32_0104;37_0205;40_5021,0.0,0.0,0.0,0.0,2.8884332e+07,3.412888e+06,0.0011894165,0.0013518152,0.010465863,0.0016035112,2.6872914e+07,-458292.0,train
scenario_0551,2,55_3012;55_C959,0.0,0.0,0.0,0.0,3.020102e+06,-2.9976762e+07,-0.00014995085,0.00029587196,0.0015574452,-0.009310823,4.47685e+06,-3.2631e+07,val
scenario_0552,3,5_0117;5_0219;5_0220,138913069.5537881,0.0,0.0883474471444314,151185684.62386212,1.3174162e+07,3.067095e+07,3.349669e-05,-9.334134e-05,0.005994726,0.013279625,1.3948677e+07,3.364708e+07,val
scenario_0553,2,6_0211;6_0566,0.0,0.0,0.0,0.0,1.6367442e+07,1.3716424e+07,0.000104102655,0.00012509123,0.0067479666,0.0043506417,1.8428244e+07,1.5501635e+07,train
scenario_0554,4,12_0112;1_4126;26_0259;37_0203,278564461.78410274,0.0,0.10999124711458047,309204114.3375381,1.8976656e+08,9.241425e+07,0.0003416908,0.00030868564,0.07537963,0.0367149,2.1734933e+08,1.0281176e+08,test
scenario_0555,2,38_0218;38_0220,0.0,0.0,0.0,0.0,9.951274e+06,5.51041e+06,1.4413439e-05,-1.1456141e-05,0.0042344956,0.0029573976,9.8877e+06,5.348212e+06,train
scenario_0556,1,38_3006,0.0,0.0,0.0,0.0,7.963164e+06,2.4156422e+07,-5.7306897e-06,-0.00010010993,0.002870433,0.007894114,1.1352784e+07,2.7020554e+07,train
scenario_0557,6,19_0224;26_0120;26_0222;37_0205;37_0260;38_0223,0.0,0.0,0.0,0.0,6.496827e+07,5.0202984e+07,-7.947715e-05,0.00025404023,0.02714872,0.022582231,7.032966e+07,5.5990384e+07,train
scenario_0558,2,27_1020;49_E455,0.0,0.0,0.0,0.0,1.2462593e+07,-1.111089e+07,0.00012307368,9.308406e-05,0.004107288,-0.0034582503,1.4353925e+07,-1.2527364e+07,val
scenario_0559,3,12_0108;37_A963;53_0211,0.0,0.0,0.0,0.0,1.2762938e+07,2.1208106e+07,7.481976e-05,-0.00061356695,0.0057345196,0.008959543,1.3730753e+07,2.270063e+07,train
scenario_0560,3,4_0124;4_0262;4_0667,0.0,0.0,0.0,0.0,1.4188168e+07,2.653781e+07,6.1059676e-05,-0.00025991886,0.0062086694,0.010631899,1.5075942e+07,2.9605036e+07,test
scenario_0561,2,40_0113;48_0161,21132849.453038633,9.196648328957391e-05,0.004786114734933133,21235937.20904303,1.5008711e+07,3.235423e+07,9.216176e-05,7.53714e-05,0.0055124117,0.013255021,1.4773493e+07,3.546088e+07,train
scenario_0562,2,12_AA01;12_AA02,0.0,0.0,0.0,0.0,3.796118e+06,1.7482488e+07,0.0014331851,0.00200984,0.001361913,0.0042357054,742642.0,1.8966496e+07,train
scenario_0563,5,10_0110;49_C454;4_0224;4_0266;8_0213,0.0,0.0,0.0,0.0,5.715106e+06,4.048374e+07,0.0001936497,-5.837268e-05,0.0040460834,0.018228628,5.241452e+06,4.329264e+07,train
scenario_0564,3,37_0207;37_0208;5_0119,39179780.35502437,0.0,0.0,39179780.35502437,2.1777288e+07,3.383461e+07,8.861713e-05,-6.085806e-05,0.008625825,0.014360713,2.1235268e+07,3.684015e+07,train
scenario_0565,2,49_D441;49_D460,0.0,0.0,0.0,0.0,4.1270024e+07,6.469308e+07,-3.5334262e-05,-2.6551192e-05,0.010934233,0.017846648,4.481571e+07,7.158994e+07,train
scenario_0566,2,26_0122;26_0123,0.0,0.0,0.0,0.0,1.1209363e+07,1.7896948e+07,4.498237e-05,0.0003644484,0.0042268606,0.0071334234,1.1092476e+07,2.1159862e+07,train
scenario_0567,2,39_0204;55_0113,0.0,0.0,0.0,0.0,1.2166125e+07,2.241639e+07,6.6881155e-05,9.074724e-05,0.004566506,0.0097605875,1.163773e+07,2.4187768e+07,val
scenario_0568,1,19_0159,0.0,0.0,0.0,0.0,1.0598498e+07,2.3093172e+07,9.097128e-05,0.0003790955,0.0036788164,0.009461891,1.1469136e+07,2.611999e+07,train
scenario_0569,5,49_E410;49_E440;49_E448;49_E449;49_E460,0.0,0.0,0.0,0.0,-1.8771774e+07,1.3160328e+07,-2.6851369e-05,4.6679197e-06,-0.007812856,0.0033359602,-2.6246676e+07,1.5582568e+07,val
scenario_0570,1,5_0123,309.81352114676343,0.0,0.0,309.81352114676343,6.848414e+06,-7.891122e+06,-1.9286235e-06,-8.100743e-05,0.0028385604,-0.0020099636,7.69957e+06,-9.242152e+06,test
scenario_0571,4,29_A808;39_0110;48_3835;5_0215,51830347.464241154,0.008273855629993832,0.03272172825545319,53955162.82152333,6.492893e+07,4.1319268e+07,0.0048181163,0.0034123894,0.018694839,0.012406923,6.6791064e+07,4.4434412e+07,test
scenario_0572,4,37_0903;55_0120;55_0262;55_0264,0.0,0.0,0.0,0.0,1.0057392e+07,7.328348e+06,5.074749e-05,9.9052966e-05,0.004966488,0.004355328,1.1134162e+07,7.5939e+06,train
scenario_0573,2,31_0116;4_0214,0.0,0.0,0.0,0.0,1.8361294e+07,-2.123458e+06,8.726187e-05,2.272689e-05,0.007726351,0.00220651,1.9625548e+07,-3.724448e+06,train
scenario_0574,5,4_0121;4_0161;4_A901;4_A902;4_A903,0.0,0.0,0.0,0.0,-5.720462e+06,-2.701393e+07,-0.00012720533,0.00042310797,-0.0061604865,-0.01181942,-1.7128692e+07,-3.1620828e+07,train
scenario_0575,1,32_0110,0.0,0.0,0.0,0.0,7.23652e+06,4.635002e+06,1.12307025e-05,-1.4680787e-05,0.0027801972,0.0018700631,8.006516e+06,4.738336e+06,train
scenario_0576,4,26_0221;29_AA65;38_0263;51_0114,0.0,0.0,0.0,0.0,3.0210512e+07,4.739388e+07,0.00011815115,-2.0680018e-06,0.012202536,0.019856084,3.077188e+07,5.4243696e+07,train
scenario_0577,1,1_0161,18753560.129283685,0.0,0.007337605749231694,18891166.35990688,7.886398e+06,9.325582e+06,9.598839e-05,0.00021990295,0.0030238638,0.0037011583,9.06205e+06,9.40677e+06,train
scenario_0578,4,6_0207;6_0567;6_0664;6_0812,0.0,0.0,0.0,0.0,5.491776e+06,2.0021176e+07,0.00010254487,0.00028424998,0.0038001388,0.0073305666,5.585514e+06,2.2563556e+07,test
scenario_0579,5,32_0206;38_0220;4_BA59;55_0117;5_0218,34268150.019386314,0.0,0.02181549726702784,35015726.752480336,2.1097702e+07,3.6279316e+07,8.835923e-06,0.00057622604,0.008136839,0.015578488,2.0337472e+07,3.9215164e+07,train
scenario_0580,4,6_0201;6_0211;6_0603;6_0606,0.0,0.0,0.0,0.0,4.839604e+06,-4.257765e+07,8.3479215e-05,0.00032932303,0.003465456,-0.013304101,4.706678e+06,-4.8180724e+07,train
scenario_0581,4,4_0220;4_AA61;4_BA61;8_0218,0.0,0.0,0.0,0.0,1.6238845e+07,4.515186e+07,-6.24253e-05,0.00029794686,0.0058777668,0.017904418,1.3702351e+07,4.9774396e+07,train
scenario_0582,1,48_AA01,0.0,0.004813491064655229,0.0,0.0,5.498388e+06,-8.573794e+06,0.0021918605,0.0014628458,0.002533026,-0.0028040297,1.3062112e+07,-1.0484876e+07,test
scenario_0583,6,19_0224;1_0106;32_AA60;48_0119;4_0265;55_0259,80554342.7210449,9.196648328957391e-05,0.036648949372839065,83513983.04880457,5.9004496e+07,6.702499e+07,1.6863254e-05,-9.947689e-07,0.024610661,0.027969692,6.562246e+07,7.347695e+07,train
scenario_0584,1,31_0116,0.0,0.0,0.0,0.0,6.14317e+06,3.504922e+06,1.0539225e-05,-7.702503e-06,0.0023758812,0.0016742945,6.767022e+06,3.129152e+06,train
scenario_0585,3,20_0202;20_0209;32_0207,0.0,0.0,0.0,0.0,1.1223054e+07,9.07696e+06,2.5173606e-05,-0.00012723746,0.004721733,0.005226317,1.1225714e+07,8.391124e+06,test
scenario_0586,4,26_0159;37_2825;49_D446;4_BA60,0.0,0.0,0.0,0.0,5.837254e+06,-4.110128e+07,0.0013592078,0.0014604733,0.0031631943,-0.0063953307,9.098206e+06,-4.7501084e+07,val
scenario_0587,3,10_0106;48_0903;53_0208,270106346.6088387,0.00011584988781343508,0.12702556965867984,304448050.9452036,2.7920398e+07,4.083032e+07,0.00012244124,-2.8203765e-05,0.011120095,0.017279323,2.7744502e+07,4.5820816e+07,train
scenario_0588,2,32_0101;32_0111,0.0,0.0,0.0,0.0,1.0108438e+07,1.8763854e+07,3.1463307e-05,1.6560065e-05,0.003929136,0.007928904,9.62832e+06,2.0404474e+07,test
scenario_0589,4,55_6351;55_6352;55_6354;55_6355,0.0,0.0,0.0,0.0,-2.074926e+06,-3.3095562e+07,5.6913064e-05,-0.0002606393,-0.0007998254,-0.010491131,1.450572e+06,-3.9919788e+07,train
scenario_0590,5,26_0123;35_0102;35_0103;53_0205;5_0220,5.189494423946331,0.0,0.0,5.189494423946331,5.1234776e+07,5.4449224e+07,-3.1178206e-05,0.00029604515,0.021418462,0.023071388,5.4312212e+07,6.1035348e+07,test
scenario_0591,3,26_0113;32_0204;32_0211,0.0,0.0,0.0,0.0,1.0006616e+07,1.4133749e+07,2.8784169e-05,5.1743482e-05,0.003976232,0.006935657,9.344266e+06,1.4541674e+07,train
scenario_0592,1,35_0105,0.0,0.0,0.0,0.0,6.062372e+06,-310412.0,-1.1627795e-05,-9.564246e-05,0.0023927037,-6.0493127e-05,6.754208e+06,-990384.0,train
scenario_0593,4,30_0115;30_0121;30_0805;30_0901,0.0,0.0,0.0,0.0,2.0115362e+07,5.9724704e+07,0.00027547116,0.0005451318,0.008236261,0.024427338,1.977414e+07,6.573598e+07,train
scenario_0594,1,4_7079,0.0,0.0,0.0,0.0,-4.495648e+06,-3.0940666e+07,0.0013965645,0.0005136024,-9.9609606e-05,-0.009013493,1.626744e+06,-3.690795e+07,train
scenario_0595,5,35_0101;35_0102;35_0110;35_0505;35_0902,0.0,0.0,0.0,0.0,5.049616e+06,1.8273034e+07,-9.153242e-06,5.4720906e-05,0.0028397664,0.0067891227,5.372614e+06,1.9822436e+07,train
scenario_0596,1,4_0118,0.0,0.0,0.0,0.0,5.293116e+06,1.093242e+06,-1.1577184e-05,-0.00012621598,0.0020818068,0.000496258,5.89241e+06,345742.0,test
scenario_0597,5,19_0220;39_0104;49_E456;55_0222;55_C902,0.0,0.0,0.0,0.0,1.4590095e+07,3.544675e+07,3.9610153e-05,-7.528247e-05,0.0052067465,0.015466839,1.375049e+07,3.8451576e+07,test
scenario_0598,2,37_0202;5_0124,0.0,0.0,0.0,0.0,8.964492e+06,-4.524628e+06,2.0483712e-06,-0.00016181852,0.0038426206,0.00012547523,8.991468e+06,-5.997216e+06,train
scenario_0599,4,12_0112;29_AA63;6_0211;8_0216,0.0,0.0,0.0,0.0,4.6399464e+07,4.215868e+07,0.00029120522,0.001123677,0.018441781,0.016607072,4.71857e+07,4.723571e+07,train
scenario_0600,2,39_0205;49_D461,0.0,0.0,0.0,0.0,1.2366706e+07,2.4616032e+07,0.00013193514,-7.4905955e-05,0.004610706,0.009634062,1.6033161e+07,2.672721e+07,val
scenario_0601,5,19_0214;26_0215;4_0215;4_BA60;8_0811,0.0,0.0,0.0,0.0,2.1889688e+07,-4.507556e+06,1.6644059e-05,0.0007959927,0.008812627,0.0048004747,1.9831478e+07,-6.510884e+06,test
scenario_0602,4,4_0115;4_0216;4_0261;4_0665,0.0,0.0,0.0,0.0,7.445054e+06,2.8362994e+07,9.219542e-05,4.571052e-05,0.0044824025,0.012425336,8.061806e+06,3.0099354e+07,train
scenario_0603,2,4_0213;4_0508,0.0,0.0,0.0,0.0,1.5337981e+07,1.3698921e+07,7.4475814e-05,0.000104506544,0.006523441,0.0058269324,1.7060024e+07,1.5039284e+07,val
scenario_0604,4,48_0122;48_0162;48_0165;48_0802,62579809.0447241,0.0002865175629954697,0.029313599581940897,64432178.72335569,5.3604188e+07,4.798311e+07,0.00026941905,0.0001721085,0.022769623,0.020616682,5.8048564e+07,5.340263e+07,train
scenario_0605,3,32_0211;38_0221;49_C455,0.0,0.0,0.0,0.0,1.7913132e+07,3.6835504e+07,0.00014162334,-6.5010856e-05,0.006422969,0.014087964,1.9285244e+07,4.014968e+07,test
scenario_0606,2,26_0117;26_0124,0.0,0.0,0.0,0.0,8.322852e+06,6.45225e+06,3.6147976e-06,-2.0914216e-05,0.0033807256,0.0033090822,7.859266e+06,6.574932e+06,train
scenario_0607,6,22_0113;34_0860;48_0161;4_0260;4_AA02;55_0264,0.0,9.196648328957391e-05,0.0,0.0,5.49909e+07,4.536237e+07,-7.0341426e-05,-0.00010053473,0.022397406,0.021931864,6.069597e+07,4.948923e+07,test
scenario_0608,3,5_0215;5_0217;5_0224,51830392.79784142,0.0,0.03272172825545319,53526372.826345794,1.6943872e+07,3.8739456e+07,6.6919034e-05,1.743107e-05,0.0073682684,0.017027058,1.8109176e+07,4.186721e+07,train
scenario_0609,5,10_0205;20_0106;49_C448;49_D454;51_5010,0.0,0.0,0.0,0.0,2.3940512e+07,6.2238664e+07,0.00037016452,0.0007374837,0.007834058,0.021941043,2.5620188e+07,7.101355e+07,train
scenario_0610,4,32_0101;40_0117;5_0119;5_0213,123610678.00144014,0.0,0.05215230303101553,130057259.53844054,8.012285e+07,5.090695e+07,0.00020135428,8.025477e-05,0.033283584,0.021894092,8.858786e+07,5.5863892e+07,test
scenario_0611,2,35_0505;35_0802,0.0,0.0,0.0,0.0,9.423694e+06,1.8177858e+07,9.052965e-06,-9.4841904e-05,0.0035684742,0.006082138,9.331578e+06,2.0051804e+07,train
scenario_0612,5,39_0102;39_0110;39_0203;39_0206;39_0212,0.0,0.0,0.0,0.0,3.3508396e+07,4.412469e+07,1.1502023e-05,3.6917845e-05,0.01438179,0.019698648,3.4126004e+07,4.8396932e+07,val
scenario_0613,4,20_0212;49_E441;4_0216;6_0206,0.0,0.0,0.0,0.0,1.5279151e+07,2.432109e+07,0.00019335285,7.862845e-05,0.006524933,0.01149333,1.7630044e+07,2.6130124e+07,val
scenario_0614,1,30_8129,0.0,0.0,0.0,0.0,1.4281362e+07,2.7287138e+07,1.1061158e-05,-0.0014030072,0.005029844,0.008684243,1.8624772e+07,2.9893142e+07,train
scenario_0615,2,1_0106;1_0112,37118863.033311784,0.0,0.014670800384993125,37663426.4633914,8.559108e+06,7.265354e+06,6.671733e-06,-1.2419478e-05,0.0034214165,0.0032751244,8.222936e+06,8.026806e+06,train
scenario_0616,5,32_AA59;38_0261;4_BA02;5_0124;5_0214,51625231.57771972,0.0,0.03272172825545319,53314498.37653071,1.8909916e+07,1.491432e+07,5.680346e-05,0.0007079151,0.0071530994,0.009369045,1.792968e+07,1.7182416e+07,train
scenario_0617,3,39_0104;5_0804;6_0212,0.0,0.0,0.0,0.0,5.698577e+07,1.3912227e+07,0.00015646298,-9.549156e-05,0.023718197,0.0069946228,6.206701e+07,1.4037124e+07,val
scenario_0618,4,55_0215;55_0219;55_0265;55_C903,0.0,0.0,0.0,0.0,9.331144e+06,-9.409074e+06,-4.2294385e-05,4.768354e-05,0.004935492,-0.0024690367,9.093188e+06,-1.0926392e+07,test
scenario_0619,1,48_0165,1.8273619157722438,9.196648328957391e-05,0.0,1.827529971821335,1.0425003e+07,1.3313643e+07,4.9843045e-05,-1.6198639e-05,0.0040351334,0.0052158674,1.1557234e+07,1.4607771e+07,val
scenario_0620,3,49_3011;49_C440;49_C446,598538494.4349011,0.0,0.17678910368178072,704353578.3850899,3.247883e+08,2.3106973e+08,2.7213187e-05,-0.00047620852,0.11358494,0.06797728,3.741674e+08,2.5922765e+08,test
scenario_0621,2,26_0113;39_0107,0.0,0.0,0.0,0.0,8.806212e+06,-1.872874e+06,5.3112613e-05,0.00012144884,0.0037309686,0.0003716657,8.422582e+06,-4.06962e+06,test
scenario_0622,5,56_7775;56_B310;56_B320;56_B350;56_B360,0.0,0.0,0.0,0.0,9.810036e+06,3.1751858e+07,-0.00037154293,0.00014668921,-0.0016048457,0.009898103,4.26852e+06,3.624292e+07,train
scenario_0623,1,10_0211,0.0,0.0,0.0,0.0,8.23617e+06,1.0190587e+07,3.010477e-05,-2.207086e-05,0.003106792,0.003988431,9.070346e+06,1.096723e+07,train
scenario_0624,2,55_C902;55_C959,0.0,0.0,0.0,0.0,4.838238e+06,-1.5685238e+07,-0.00013979661,4.2034953e-06,0.00262265,-0.0039295247,6.497894e+06,-1.7043216e+07,val
scenario_0625,1,19_0105,0.0,0.0,0.0,0.0,5.991722e+06,5.409408e+06,-6.2090694e-06,-0.00018102836,0.002302736,0.0019195015,6.637134e+06,5.353074e+06,train
scenario_0626,1,49_D449,0.0,0.0,0.0,0.0,7.10693e+06,-4.620548e+06,7.768831e-05,-0.00011364694,0.0028670533,-0.0013541067,1.253268e+07,-5.688592e+06,test
scenario_0627,4,1_0161;26_0214;29_AA63;49_D444,18753560.129283685,0.0,0.007337605749231694,18891166.35990688,1.5220041e+07,9.70791e+06,0.0007473002,0.00072011113,0.0060864664,0.0048944345,1.8012576e+07,8.122236e+06,train
scenario_0628,5,26_0120;32_0109;32_0202;32_0207;32_0208,0.0,0.0,0.0,0.0,1.976841e+07,4.658808e+07,7.3564894e-05,0.00024621622,0.008591392,0.019882388,1.9932776e+07,5.1827736e+07,train
scenario_0629,1,42_1599,0.0,0.0,0.0,0.0,1.3349309e+07,-5.977493e+07,-5.5036508e-05,-0.00096471544,0.005482746,-0.019272488,1.3799987e+07,-7.050821e+07,test
scenario_0630,6,41_AA03;48_0116;49_7082;49_D460;4_0221;5_0114,803958096.105688,9.196648328957391e-05,0.28952640283364706,1036799128.8989664,2.708204e+08,3.0078227e+08,0.00042821674,0.00027922378,0.09978683,0.09460031,3.144139e+08,3.3832592e+08,val
scenario_0631,3,12_0103;39_0201;48_AA03,0.0,0.004813491064655229,0.0,0.0,2.1910884e+07,2.1060168e+07,0.0030678944,0.001470624,0.007087544,0.006950646,2.2869552e+07,2.2390148e+07,train
scenario_0632,4,19_0109;1_0101;1_0110;1_0162,55781452.72654563,0.0,0.022010609047757708,57009236.4746256,5.19228e+06,1.709996e+07,-2.5898771e-05,-4.3722102e-06,0.002556988,0.0080232145,5.075102e+06,1.8738488e+07,train
scenario_0633,4,10_0103;10_0106;10_0110;10_0212,0.0,0.0,0.0,0.0,7.040844e+06,1.3740638e+07,-8.231844e-06,5.88673e-06,0.0031045657,0.0073974296,7.001846e+06,1.4911732e+07,train
scenario_0634,3,32_0209;41_AA01;6_0203,20689430.411743917,0.0,0.00598536193838386,20813264.14105721,2.9522022e+07,4.4890336e+07,0.00010102568,0.00012931266,0.009987298,0.013368119,3.099682e+07,4.750644e+07,train
scenario_0635,3,5_0214;5_0215;5_0223,155222477.23276573,0.0,0.09816518476635956,170459920.39021224,2.8620204e+07,4.543152e+07,5.5674856e-05,0.00013206538,0.011524578,0.02040007,2.9026646e+07,4.98702e+07,train
scenario_0636,3,26_0124;31_0120;5_0213,74585276.03356522,0.0,0.04800763301493182,78165938.593702,2.0905752e+07,2.2200994e+07,8.154946e-05,7.367293e-05,0.008488563,0.010127824,2.0929142e+07,2.4493788e+07,test
scenario_0637,1,38_0261,0.0,0.0,0.0,0.0,1.1911581e+07,2.024524e+07,8.243213e-05,3.9973398e-05,0.00446869,0.008118402,1.3014785e+07,2.2122762e+07,train
scenario_0638,4,37_A961;37_A962;37_A964;37_A965,0.0,0.0,0.0,0.0,-3.519366e+06,4.1409364e+07,0.00029278424,0.0010300563,-0.00122937,0.018574705,-9.786716e+06,4.5996936e+07,train
scenario_0639,2,8_A441;8_A446,0.0,0.0,0.0,0.0,7.885278e+06,2.038974e+06,8.884001e-05,0.00067879236,0.004013622,0.0023321137,1.2142224e+07,3.223814e+06,train
scenario_0640,4,48_0001;48_0114;48_0122;48_0801,124723296.40826482,0.004386933870748733,0.05862719916388181,132582626.80065288,1.4821222e+08,8.4535304e+07,0.0007283312,0.0006503799,0.061058566,0.036579806,1.7185451e+08,9.564803e+07,train
scenario_0641,3,38_0224;38_0262;38_0264,0.0,0.0,0.0,0.0,1.3947626e+07,2.2268004e+07,5.1076233e-05,0.00011872439,0.0056605986,0.009933744,1.3950102e+07,2.461236e+07,val
scenario_0642,3,55_0213;55_0218;55_0263,0.0,0.0,0.0,0.0,1.440534e+07,3.159097e+07,6.564314e-05,0.00013241853,0.0054009696,0.013354611,1.4395286e+07,3.50836e+07,train
scenario_0643,2,12_0161;49_D440,0.0,0.0,0.0,0.0,2.4147118e+07,4.7036584e+07,0.00013475554,0.00022874336,0.0075722104,0.016036684,2.7340554e+07,5.2224216e+07,train
scenario_0644,1,37_A960,0.0,0.0,0.0,0.0,4.974256e+06,-1.975254e+06,0.00016695054,-0.00015333865,0.0025405725,-0.00057474617,9.786028e+06,-3.965776e+06,val
scenario_0645,4,39_0202;39_0204;39_0210;39_0212,0.0,0.0,0.0,0.0,1.5399077e+07,2.4621176e+07,6.3259286e-05,6.696746e-05,0.006519002,0.012271093,1.5357101e+07,2.6165546e+07,train
scenario_0646,2,26_0113;35_0111,0.0,0.0,0.0,0.0,8.761968e+06,6.821378e+06,1.5909289e-05,-4.5495108e-05,0.0034855106,0.0036578407,8.146616e+06,6.163212e+06,train
scenario_0647,5,39_0108;49_C456;4_BA61;51_0113;6_0209,0.0,0.0,0.0,0.0,7.9209864e+07,1.2858187e+08,0.00027338398,0.0009685485,0.032087017,0.04853733,9.702195e+07,1.444336e+08,train
scenario_0648,2,5_0114;5_0122,140367021.07120514,0.0,0.08944008915896635,152921459.95079225,1.1300391e+07,1.4784141e+07,3.9978826e-05,-3.1465548e-05,0.0043389895,0.0065404014,1.089851e+07,1.5843191e+07,val
scenario_0649,3,10_0101;4_BA61;55_0214,0.0,0.0,0.0,0.0,3.1427188e+07,3.731916e+07,0.00017276724,0.0005846975,0.011803736,0.016009536,3.2416208e+07,4.088881e+07,train
scenario_0650,4,26_0121;39_0264;48_5026;49_E455,0.0,0.0021552921239448297,0.0,0.0,8.242758e+06,-7.327514e+06,0.00076708646,0.0026614112,0.0034687296,-0.0019540163,6.900636e+06,-8.354104e+06,train
scenario_0651,2,4_0113;4_0115,0.0,0.0,0.0,0.0,6.361288e+06,8.624206e+06,2.892688e-06,-0.00037393492,0.002669503,0.0037150802,6.277796e+06,8.024228e+06,train
scenario_0652,4,26_0217;32_0101;55_0114;6_0205,0.0,0.0,0.0,0.0,3.1579524e+07,3.8651196e+07,2.0805164e-05,0.00023613933,0.01334072,0.017158166,3.440239e+07,4.293243e+07,train
scenario_0653,5,20_0102;26_0213;4_0213;8_0216;8_0217,0.0,0.0,0.0,0.0,5.6338744e+07,6.334704e+07,-1.9090861e-05,-0.00011597463,0.024294661,0.02740029,5.8984176e+07,6.921084e+07,val
scenario_0654,1,12_0103,0.0,0.0,0.0,0.0,8.643366e+06,4.62559e+06,2.3674205e-05,-0.00013705163,0.0035520983,0.0019341437,9.76249e+06,4.17926e+06,test
scenario_0655,2,10_0101;10_0202,0.0,0.0,0.0,0.0,1.0268783e+07,1.9806584e+07,4.2083906e-05,-6.0681952e-05,0.003930041,0.00844379,9.733306e+06,2.1030246e+07,train
scenario_0656,3,55_6351;55_6352;55_6353,0.0,0.0,0.0,0.0,3.182044e+06,-3.2946082e+07,6.212659e-05,-0.00044601358,0.0012063961,-0.00996002,6.714942e+06,-3.8715692e+07,train
scenario_0657,3,51_0118;51_0119;51_0123,0.0,0.0,0.0,0.0,5.554928e+06,-1.4509938e+07,-3.756932e-05,-4.3926906e-05,0.002774123,-0.0042502237,4.63585e+06,-1.7852488e+07,train
scenario_0658,4,51_0124;53_0209;53_0801;5_0216,40.17164579548778,0.0,0.0,40.17164579548778,1.1186299e+07,-2.691934e+06,3.3026474e-05,0.00038189275,0.0054063364,0.0012641456,1.2238018e+07,-4.47962e+06,train
scenario_0659,2,39_0109;53_0202,0.0,0.0,0.0,0.0,1.2191382e+07,1.8501112e+07,4.5281166e-05,-0.000122397,0.0047685746,0.008030969,1.183339e+07,1.9489086e+07,train
scenario_0660,4,49_3011;49_C441;49_C451;49_C458,598538494.4349011,0.0,0.17678910368178072,704353578.3850899,3.2353994e+08,2.1712144e+08,3.964579e-05,-0.0002889784,0.112543546,0.06405369,3.6965e+08,2.4497176e+08,val
scenario_0661,4,20_0205;22_3056;32_0203;6_0211,0.0,0.0,0.0,0.0,8.0474504e+07,3.97267e+07,0.0011542003,0.0013338088,0.030376034,0.016330179,7.531947e+07,4.3506164e+07,train
scenario_0662,4,10_0105;10_0110;10_0203;10_0259,0.0,0.0,0.0,0.0,7.139706e+06,9.581182e+06,5.637252e-06,6.6588545e-06,0.0032744897,0.005385664,7.015844e+06,9.679376e+06,val
scenario_0663,4,10_0201;10_0204;10_0259;51_0115,0.0,0.0,0.0,0.0,1.4257203e+07,2.442703e+07,0.00010556853,2.916086e-05,0.0055916365,0.011820163,1.4339931e+07,2.5808786e+07,train
scenario_0664,3,29_0801;29_0808;37_0902,0.0,0.0,0.0,0.0,6.644586e+06,-1.164068e+06,4.3412e-06,-4.142034e-05,0.0037093298,0.002108206,7.91793e+06,-1.146454e+06,train
scenario_0665,4,49_D449;49_D450;49_D452;49_D460,0.0,0.0,0.0,0.0,1.9593216e+07,4.5761016e+07,6.4292835e-06,6.455116e-05,0.004277267,0.014283353,2.25216e+07,5.0920172e+07,train
scenario_0666,4,8_A413;8_A415;8_A431;8_A442,0.0,0.0,0.0,0.0,-1.192122e+06,7.315496e+06,0.00014839678,0.0009427157,0.0022403905,0.0034589218,6.5517e+06,8.373478e+06,train
scenario_0667,5,26_0114;35_0109;37_0206;49_C453;4_AA60,0.0,0.0,0.0,0.0,2.112597e+07,5.2621056e+07,8.173917e-05,-0.00059313537,0.0073074927,0.017007083,2.1936484e+07,5.754309e+07,train
scenario_0668,3,8_A414;8_A430;8_A451,0.0,0.0,0.0,0.0,6.28915e+06,-2.965214e+06,9.6974094e-05,0.00076299475,0.0036590006,-0.001150352,1.097037e+07,-1.980076e+06,train
scenario_0669,2,19_0213;19_0224,0.0,0.0,0.0,0.0,5.802739e+07,4.1446396e+07,0.0002524402,0.00016526604,0.023927007,0.017159736,6.4373908e+07,4.5877884e+07,train
scenario_0670,2,32_0102;32_0208,0.0,0.0,0.0,0.0,1.2466523e+07,2.5901118e+07,7.095259e-05,0.0001371839,0.004652617,0.010713126,1.2071752e+07,2.8748912e+07,train
scenario_0671,5,49_D430;49_D440;49_D443;49_D459;49_D462,0.0,0.0,0.0,0.0,6.631712e+07,9.740864e+07,0.00033362955,0.00037693453,0.016605634,0.02856587,6.9318424e+07,1.0845192e+08,train
scenario_0672,3,26_0115;26_0120;26_0224,0.0,0.0,0.0,0.0,1.1500441e+07,1.9308238e+07,6.945555e-05,5.0014278e-05,0.0046743997,0.008274992,1.1085406e+07,1.9872576e+07,train
scenario_0673,3,20_0108;20_0206;20_0212,0.0,0.0,0.0,0.0,1.0685008e+07,4.479688e+06,5.7646976e-06,-0.0001464764,0.004663835,0.0030811667,1.0649668e+07,4.084848e+06,val
scenario_0674,2,28_0805;39_0264,0.0,0.0,0.0,0.0,1.0846822e+07,1.317446e+07,3.6710117e-07,4.5626075e-07,0.003957251,0.005045925,1.1173236e+07,1.4898869e+07,test
scenario_0675,4,49_D430;49_D431;49_D441;49_D448,0.0,0.0,0.0,0.0,3.2648422e+07,6.4238936e+07,3.9300678e-05,0.00028770987,0.0073049907,0.016066147,3.589774e+07,7.115509e+07,train
scenario_0676,3,49_D410;4_0266;51_0123,0.0,0.0,0.0,0.0,9.523034e+06,-2.8181458e+07,0.0002184521,0.00011037354,0.0051152445,-0.009434126,1.1705806e+07,-3.3730436e+07,train
scenario_0677,1,4_0117,0.0,0.0,0.0,0.0,6.182324e+06,5.334642e+06,1.0403834e-05,-0.00026275677,0.0025050305,0.0019162819,7.081276e+06,5.023104e+06,train
scenario_0678,1,24_5807,0.0,0.0,0.0,0.0,8.0535e+06,-2.949493e+07,0.00020813529,0.0017538702,0.003339468,-0.012619223,1.163726e+07,-3.5917964e+07,train
scenario_0679,2,1_0107;4_BA59,18474954.004776597,0.0,0.00732235421456317,18610234.16209733,3.6429876e+07,4.326021e+07,0.000294161,0.0004503845,0.013374625,0.016961051,4.0366424e+07,4.794151e+07,test
scenario_0680,5,22_0113;22_0120;22_0124;22_0703;22_0704,0.0,0.0,0.0,0.0,7.079522e+06,2.6883766e+07,-8.529256e-06,-0.0001041943,0.0037068208,0.010524569,7.26958e+06,2.9868864e+07,val
scenario_0681,4,6_0201;6_0203;6_0205;6_0208,0.0,0.0,0.0,0.0,3.546786e+07,5.478901e+07,0.00014398732,0.0004762099,0.015198044,0.02475277,3.6408212e+07,6.0292092e+07,val
scenario_0682,5,35_0110;39_0262;46_9187;6_0211;8_0811,0.0,0.0,0.0,0.0,2.3574196e+07,4.50312e+07,0.00033126606,0.0010994864,0.009102434,0.014330166,2.5474238e+07,4.9928576e+07,test
scenario_0683,3,19_0217;38_0216;5_0121,0.0,0.0,0.0,0.0,3.1013328e+07,4.1963744e+07,0.000101058715,0.00010542813,0.012911142,0.017303834,3.1603148e+07,4.629148e+07,val
scenario_0684,2,4_0217;4_0902,0.0,0.0,0.0,0.0,2.1458318e+07,3.632975e+07,0.00019809662,0.00028069198,0.00919168,0.015054241,2.3325076e+07,4.005315e+07,val
scenario_0685,6,19_0223;22_0113;4_0268;4_BA61;55_0118;5_0121,0.0,0.0,0.0,0.0,5.2284876e+07,6.752139e+07,-4.8073416e-05,0.0006680165,0.02165475,0.030005101,5.6662356e+07,7.450646e+07,train
scenario_0686,2,37_0202;8_0811,0.0,0.0,0.0,0.0,6.599054e+06,-1.0984818e+07,-3.6987214e-05,-8.9148205e-05,0.0031791357,-0.0028817477,6.617236e+06,-1.342786e+07,train
scenario_0687,1,55_0214,0.0,0.0,0.0,0.0,8.789524e+06,1.1386615e+07,4.8683083e-05,1.9324943e-08,0.003325576,0.004747681,9.625238e+06,1.2022648e+07,train
scenario_0688,1,39_0109,0.0,0.0,0.0,0.0,8.712594e+06,9.862216e+06,3.707866e-05,-5.1448034e-05,0.0034524011,0.004099964,9.68006e+06,1.026069e+07,train
scenario_0689,2,32_0207;41_AA02,20722386.164712176,0.0,0.005985205168565152,20846413.897490215,2.1568848e+07,1.932196e+07,8.7233246e-05,-3.768329e-05,0.007596138,0.004571056,2.3919168e+07,1.997355e+07,train
scenario_0690,1,35_0106,0.0,0.0,0.0,0.0,5.774562e+06,-2.332298e+06,-1.6927253e-05,-9.462031e-05,0.002314262,-0.000809771,6.461432e+06,-3.322494e+06,train
scenario_0691,3,39_0208;48_0122;4_BA60,62579806.53270511,9.196648328957391e-05,0.029313599581940897,64420001.16805192,2.0601172e+07,1.72465e+06,0.000109470435,0.0005582179,0.007484191,0.003693699,2.0158452e+07,1.688998e+06,train
scenario_0692,4,37_0212;38_0262;49_D455;55_0262,0.0,0.0,0.0,0.0,1.5533908e+07,1.2246264e+07,0.00013871366,-3.9868144e-05,0.0060173874,0.0063537923,1.7455732e+07,1.3234184e+07,train
scenario_0693,6,48_0121;4_0218;4_BA01;55_0265;5_0218;5_0220,96352232.79636393,9.196648328957391e-05,0.05112909684896874,101287496.61463101,3.469676e+07,5.8599576e+07,-2.979426e-05,0.00028741846,0.014069003,0.028947823,3.2145806e+07,6.442854e+07,train
scenario_0694,5,26_0213;31_0123;39_0112;42_1599;4_AA60,0.0,0.0,0.0,0.0,6.005083e+07,-4.84252e+07,-0.0001759569,-0.0012105855,0.025088828,-0.012814995,6.1819536e+07,-5.9205732e+07,test
scenario_0695,2,26_0118;53_0801,0.0,0.0,0.0,0.0,7.116686e+06,1.457974e+06,2.564794e-05,0.00020631743,0.0028363531,0.000628788,6.956374e+06,169796.0,train
scenario_0696,1,48_0167,62201552.84547977,9.196648328957391e-05,0.029313599581940897,64030624.71703746,1.1695775e+07,1.7499862e+07,7.3545365e-05,8.95992e-06,0.004430612,0.0069956016,1.2856087e+07,1.9065328e+07,train
scenario_0697,2,29_AA01;29_AA64,0.0,0.0,0.0,0.0,6.726675e+07,2.5516762e+07,0.0005833425,0.002090672,0.02114589,0.003618653,7.515219e+07,2.6890166e+07,train
scenario_0698,5,37_0260;55_0216;5_0120;6_0208;6_0209,0.0,0.0,0.0,0.0,3.6321896e+07,4.8240816e+07,1.1776487e-05,1.2229095e-05,0.015569102,0.021635357,3.6733572e+07,5.263847e+07,train
scenario_0699,6,32_0204;39_0205;49_D451;51_5010;5_0218;8_A455,34268150.019386314,0.0,0.02181549726702784,35015726.752480336,2.084564e+06,3.299809e+07,0.0022164288,0.0011541703,0.0008613821,0.013537373,2.979734e+06,3.697257e+07,val
scenario_0700,3,26_0213;32_0102;4_AA60,0.0,0.0,0.0,0.0,2.3722448e+07,1.1374142e+07,4.6017332e-05,-0.0002268308,0.008293433,0.005958689,2.2987192e+07,1.1290394e+07,test
scenario_0701,1,19_0108,0.0,0.0,0.0,0.0,8.055956e+06,1.4065019e+07,4.0966916e-05,7.382408e-05,0.002903562,0.005601582,8.793198e+06,1.5509904e+07,train
scenario_0702,2,31_0122;56_B360,0.0,0.0,0.0,0.0,7.045922e+06,1.8538868e+07,-1.3186509e-05,5.976946e-05,0.0020974986,0.0048981104,1.0161566e+07,2.0974464e+07,train
scenario_0703,5,26_0213;26_0214;26_0216;26_0221;26_0601,0.0,0.0,0.0,0.0,2.4668796e+07,3.07741e+07,-2.134408e-05,-0.00025708234,0.010971382,0.013663049,2.4868688e+07,3.238204e+07,train
scenario_0704,6,12_0106;30_0121;35_0103;49_C456;55_0260;5_0213,74585276.03356522,0.0,0.04800763301493182,78165938.593702,2.4135877e+08,1.3702315e+08,0.0006018672,0.00031326376,0.09355935,0.051421057,2.817776e+08,1.5275174e+08,test
scenario_0705,4,6_0204;6_0563;6_0659;6_0661,0.0,0.0,0.0,0.0,7.008742e+06,-3.132642e+06,4.254043e-05,-0.00011906278,0.00406773,-0.0017987611,7.918666e+06,-4.09956e+06,train
scenario_0706,5,20_0106;20_0112;20_0164;20_0903;8_0224,0.0,0.0,0.0,0.0,2.774984e+06,-4.465126e+06,-8.7402004e-05,-0.00026145397,0.002267152,0.00047685206,2.184088e+06,-6.738564e+06,test
scenario_0707,1,49_7083,298806181.7627945,0.0,0.10805883862625852,331094830.7384288,2.4488168e+08,1.8926349e+08,0.00026713344,-0.00059548265,0.088049866,0.056414627,2.858077e+08,2.1230677e+08,train
scenario_0708,3,26_0219;37_0259;6_0211,0.0,0.0,0.0,0.0,6.578301e+07,5.4007052e+07,0.00020880943,0.00062466826,0.02767918,0.023129422,7.002145e+07,6.1835424e+07,train
scenario_0709,3,29_A801;29_A802;29_A808,0.0,0.0,0.0,0.0,-1.1616186e+07,3.3232756e+07,0.00029623538,0.0014526404,-0.0025454676,0.011307565,-6.693024e+06,3.5857456e+07,train
scenario_0710,3,26_0259;37_0203;48_0903,270106346.6088387,0.00011584988781343508,0.12702556965867984,304448050.9452036,3.0767836e+07,3.599882e+07,8.393408e-05,-5.459084e-05,0.01252418,0.016211055,3.0894648e+07,4.010804e+07,train
scenario_0711,2,26_0214;49_C451,43436456.547399804,0.0,0.012809961469232026,43992875.88213197,1.6394939e+07,1.526065e+07,0.00013327427,-0.00029708922,0.005755248,0.005374323,1.8746944e+07,1.5873927e+07,train
scenario_0712,4,39_0107;39_0208;39_0261;39_0809,0.0,0.0,0.0,0.0,1.5727675e+07,1.2399316e+07,7.426851e-05,0.00054387935,0.0067708115,0.0054874336,1.720268e+07,1.4636872e+07,test
scenario_0713,6,19_0259;26_0213;38_0259;48_0165;53_0206;5_0219,51433620.185746744,9.196648328957391e-05,0.03272172825545319,53121347.29783028,4.61258e+07,6.5491656e+07,4.2594766e-05,0.00041570707,0.020567717,0.028335746,4.7446944e+07,7.255909e+07,train
scenario_0714,4,8_0214;8_0217;8_0222;8_0505,0.0,0.0,0.0,0.0,5.654082e+06,4.434548e+06,-4.7021807e-05,-0.0004522467,0.0032303208,0.002563431,5.553498e+06,3.206278e+06,train
scenario_0715,2,32_0104;32_0207,0.0,0.0,0.0,0.0,1.0204223e+07,1.8641616e+07,3.4227283e-05,9.531184e-06,0.0039459798,0.0077431006,9.74025e+06,2.0180526e+07,test
scenario_0716,1,29_AA03,0.0,0.0,0.0,0.0,1.4072641e+07,-7.662882e+06,0.0002019851,0.00052187237,0.00457817,-0.0021322872,1.7271752e+07,-9.292116e+06,train
scenario_0717,3,49_E440;49_E445;49_E449,0.0,0.0,0.0,0.0,-7.494598e+06,6.565626e+06,-2.1231972e-05,-0.00039270573,-0.0031745182,0.0012840172,-1.1593868e+07,5.48568e+06,train
scenario_0718,6,20_0202;32_0210;32_AA59;38_0262;49_D444;4_0219,0.0,0.0,0.0,0.0,2.2115538e+07,6.98327e+07,0.00015665896,5.1840223e-05,0.009165669,0.02704281,2.3142912e+07,7.782136e+07,train
scenario_0719,4,31_0113;4_0261;8_0213;8_0259,0.0,0.0,0.0,0.0,6.3379976e+07,4.1079812e+07,0.00041814544,0.0008054579,0.027084297,0.01877947,7.0395336e+07,4.4318236e+07,train
scenario_0720,3,31_0121;39_0101;48_3835,0.0,0.008273855629993832,0.0,0.0,1.4572282e+07,1.6260473e+07,0.0031973277,0.0028852469,0.003084666,0.0024615526,1.4554287e+07,1.6711611e+07,train
scenario_0721,5,30_0113;30_0115;30_0123;30_0502;30_0503,0.0,0.0,0.0,0.0,-4.387924e+06,-1.9704034e+07,-0.00016105647,-5.180412e-05,-0.0002469644,-0.0075654946,-5.29956e+06,-2.327888e+07,train
scenario_0722,4,39_0211;40_0113;48_0166;4_AA61,169047677.2424647,5.701562492566037e-05,0.004786114734933133,169866397.1803813,7.575302e+07,7.7321496e+07,-7.358164e-05,-0.00018413653,0.030014275,0.028492827,8.993061e+07,8.596371e+07,train
scenario_0723,1,38_0214,0.0,0.0,0.0,0.0,1.0445431e+07,1.4983401e+07,5.7922516e-05,-8.376161e-05,0.0040204898,0.005901805,1.1495586e+07,1.6070565e+07,val
scenario_0724,5,37_0208;38_0213;48_0802;49_E454;8_0220,0.0,1.0618113126747986e-05,0.0,0.0,1.1118376e+07,1.6515383e+07,0.00015260077,-0.0002318582,0.0044442075,0.008726914,1.2549072e+07,1.6960112e+07,test
scenario_0725,3,20_0109;20_0207;20_0903,0.0,0.0,0.0,0.0,7.417976e+06,-992816.0,-4.2298372e-05,-0.00028677908,0.003374577,0.0006928891,6.606894e+06,-2.45731e+06,train
scenario_0726,2,20_0111;20_0164,0.0,0.0,0.0,0.0,8.314768e+06,5.240666e+06,3.704772e-06,6.186732e-06,0.0034077298,0.002893839,7.949448e+06,5.25599e+06,train
scenario_0727,5,26_0218;26_0220;26_0259;26_0604;26_0659,0.0,0.0,0.0,0.0,8.849276e+06,2.5685656e+07,2.0831067e-06,-3.2786338e-05,0.004487798,0.009924138,8.953882e+06,2.9318912e+07,val
scenario_0728,1,4_0224,0.0,0.0,0.0,0.0,1.2800941e+07,2.1758976e+07,8.081303e-05,9.669371e-05,0.005564549,0.008870145,1.5509945e+07,2.3768122e+07,val
scenario_0729,5,26_0124;32_7084;48_3835;4_0268;51_0115,0.0,0.008273855629993832,0.0,0.0,2.7666158e+07,1.7689032e+07,0.006374205,0.002729876,0.0075204885,0.00448666,3.3057248e+07,1.7947148e+07,train
scenario_0730,4,29_AA64;48_1116;49_C453;6_0201,0.0,0.005930064240965316,0.0,0.0,1.4406566e+08,1.3283406e+08,0.0032372985,0.002620808,0.047943328,0.044497646,1.6076474e+08,1.4985029e+08,train
scenario_0731,4,22_0117;40_0123;48_0162;48_0166,166279956.2058143,0.00014898210821523428,0.004144463819212002,166993870.20659894,2.6608546e+07,5.192265e+07,0.000105306346,0.00017243261,0.011282054,0.02148356,2.7076336e+07,5.7787424e+07,train
scenario_0732,3,8_A431;8_A444;8_A451,0.0,0.0,0.0,0.0,-1.627086e+06,-2.5462962e+07,7.4577954e-05,0.0007626862,0.001627923,-0.006224511,3.272362e+06,-2.6188316e+07,train
scenario_0733,5,39_0106;39_0203;39_0204;39_0265;39_0902,0.0,0.0,0.0,0.0,3.9309024e+07,4.2829424e+07,-4.016998e-06,0.00013582277,0.016595285,0.018932503,4.0725468e+07,4.7375676e+07,train
scenario_0734,1,32_0103,0.0,0.0,0.0,0.0,8.310948e+06,8.512984e+06,3.4826633e-05,-5.634484e-05,0.0032070745,0.0034975265,9.153346e+06,8.736128e+06,train
scenario_0735,5,26_0116;27_1003;4_0261;4_AA59;8_0219,0.0,0.0,0.0,0.0,9.445908e+06,-2.4258986e+07,0.00015619205,-0.0002948534,0.0037741899,-0.0062811263,7.41819e+06,-2.9802932e+07,train
scenario_0736,1,1_0105,18592949.128080722,0.0,0.007316266486974111,18728980.098680515,7.55824e+06,7.81267e+06,1.1761775e-05,-0.00011726256,0.0028802305,0.0029343083,8.34611e+06,8.311514e+06,test
scenario_0737,5,49_D430;49_D445;49_D448;49_D455;49_D459,0.0,0.0,0.0,0.0,4.0857624e+07,8.47443e+07,0.00016378466,0.00024152573,0.0091018155,0.02518116,4.3151504e+07,9.422537e+07,train
scenario_0738,2,49_C448;49_C449,43422249.40825206,0.0,0.012809961469232026,43978486.750079155,4.4680424e+07,8.873034e+07,-4.5577588e-05,0.0001791541,0.013275806,0.02594595,4.589608e+07,9.891099e+07,train
scenario_0739,5,19_0105;19_0110;19_0159;1_0109;1_0112,37003977.98116128,0.0,0.014670902104576266,37546859.71960279,7.912008e+06,3.48127e+07,4.0729385e-05,0.00048981805,0.0035829348,0.015564184,8.959214e+06,3.956393e+07,train
scenario_0740,3,4_0218;4_0902;6_0210,0.0,0.0,0.0,0.0,3.1657498e+07,5.14054e+07,0.00014225702,0.00051150966,0.013100648,0.022463433,3.1935428e+07,5.814796e+07,train
scenario_0741,3,20_0110;20_0160;20_0163,0.0,0.0,0.0,0.0,1.0924465e+07,2.0724886e+07,4.396135e-05,0.0001335076,0.004282291,0.00983175,1.050015e+07,2.2801608e+07,test
scenario_0742,2,55_0123;55_0216,0.0,0.0,0.0,0.0,9.356342e+06,7.993588e+06,-2.5430054e-06,3.1220887e-05,0.0035981555,0.0038399622,9.04125e+06,8.025778e+06,train
scenario_0743,2,49_E449;5_0113,122089277.7288168,0.0,0.0774597325228557,131546280.5255996,6.649538e+06,-8.324022e+06,3.737463e-05,4.2256812e-05,0.0024645692,-0.00323804,6.665834e+06,-1.1344312e+07,test
scenario_0744,1,49_E459,0.0,0.0,0.0,0.0,5.710816e+06,-9.355334e+06,5.930051e-07,-0.00015132039,0.001744194,-0.003242284,6.20407e+06,-1.0932176e+07,train
scenario_0745,1,19_0107,0.0,0.0,0.0,0.0,8.389832e+06,1.5067259e+07,4.523617e-05,0.00012728776,0.0029808572,0.005967303,9.15865e+06,1.6861856e+07,test
scenario_0746,4,10_0205;12_0101;39_0203;6_0203,0.0,0.0,0.0,0.0,1.176103e+08,5.779929e+07,0.0005639468,0.0003177884,0.048125487,0.023736078,1.3422115e+08,6.3904292e+07,val
scenario_0747,1,48_F350,0.0,0.0015254448915875685,0.0,0.0,2.480814e+06,-1.2203994e+07,0.0018960319,0.0015297728,0.0009107385,-0.0054633263,4.442782e+06,-1.5494408e+07,train
scenario_0748,1,19_0214,0.0,0.0,0.0,0.0,1.2682484e+07,1.2445332e+07,6.8545254e-05,4.2701053e-05,0.0049156114,0.0052673398,1.3851448e+07,1.3203279e+07,train
scenario_0749,4,55_0113;55_0115;55_0122;55_0266,0.0,0.0,0.0,0.0,1.1213876e+07,3.4291828e+07,4.970515e-05,0.00011409391,0.0044774422,0.014711334,1.2289032e+07,3.7798264e+07,train
scenario_0750,6,20_0105;34_0859;48_0164;4_0116;4_0222;4_0267,39.99397644333528,9.196648328957391e-05,0.0,39.99765454870154,4.722768e+07,6.868019e+07,-4.047717e-05,0.00017971912,0.020937532,0.030650327,4.783456e+07,7.606698e+07,train
scenario_0751,2,55_0215;55_0224,0.0,0.0,0.0,0.0,9.226132e+06,-1.082996e+06,1.821309e-05,0.0001895187,0.00351133,-0.0008108467,1.0516044e+07,-1.608164e+06,train
scenario_0752,6,10_0211;27_3005;37_0207;48_0122;49_D451;6_0209,62579806.53270511,9.196648328957391e-05,0.029313599581940897,64420001.16805192,2.216594e+07,7.15332e+06,0.00027234142,-0.00010343097,0.009031322,0.008140117,2.3617698e+07,6.874456e+06,val
scenario_0753,3,12_AA02;12_AA03;12_AA61,0.0,0.0,0.0,0.0,7.053584e+06,5.4849984e+07,0.00057188235,0.0016673971,0.0027483273,0.019444808,2.989216e+06,6.255788e+07,train
scenario_0754,5,37_0201;37_0203;37_0209;37_0210;37_0212,0.0,0.0,0.0,0.0,1.7350998e+07,1.51731e+07,-2.838613e-05,-0.00025790802,0.008161275,0.009341796,1.7545388e+07,1.5366491e+07,test
scenario_0755,1,10_0111,0.0,0.0,0.0,0.0,6.021638e+06,-2.958692e+06,-1.0799238e-05,-2.3527537e-07,0.00235348,-0.0007590186,6.677648e+06,-3.535626e+06,test
scenario_0756,1,10_0212,0.0,0.0,0.0,0.0,8.851488e+06,4.154544e+06,3.24609e-05,3.74542e-05,0.003336337,0.0024019582,9.835334e+06,4.673396e+06,train
scenario_0757,6,27_3010;32_AA03;39_0206;4_0219;4_BA61;55_0264,0.0,0.0,0.0,0.0,9.289808e+06,6.3661736e+07,0.00014859215,0.0008004124,0.0035890993,0.025030782,6.527462e+06,7.015277e+07,train
scenario_0758,3,49_E431;49_E443;49_E455,0.0,0.0,0.0,0.0,-7.20423e+06,5.792934e+06,-2.642948e-05,-0.00015996111,-0.003284458,0.003004592,-1.239258e+07,5.918982e+06,train
scenario_0759,4,19_0222;38_0217;38_0223;39_0809,0.0,0.0,0.0,0.0,1.867834e+07,2.182101e+07,7.075527e-05,0.00031848144,0.008156035,0.009361502,2.0625764e+07,2.5585546e+07,train
scenario_0760,2,48_0124;48_0164,62731555.1137489,0.00018393296657914782,0.029313599581940897,64581981.20253599,1.8525326e+07,2.6772092e+07,7.827916e-05,0.00013638439,0.0071412567,0.011163793,1.9004636e+07,2.9822274e+07,val
scenario_0761,5,20_0110;20_0159;20_0162;20_0163;20_0901,0.0,0.0,0.0,0.0,5.596576e+06,2.6802194e+07,-2.1333428e-05,4.0427694e-06,0.002865499,0.012023013,6.16766e+06,2.9641268e+07,train
scenario_0762,3,37_0202;37_0203;37_0211,0.0,0.0,0.0,0.0,1.5925351e+07,1.7654896e+07,7.042692e-05,-5.020277e-05,0.0064861993,0.008594524,1.5965295e+07,1.8223424e+07,test
scenario_0763,4,19_0224;1_4073;48_0117;49_C456,62521722.22142241,9.196648328957391e-05,0.029313599581940897,64360208.85471644,1.405712e+08,1.27505464e+08,0.00058294315,0.00066784106,0.050341357,0.05197713,1.5791634e+08,1.414342e+08,train
scenario_0764,5,49_D440;49_D444;49_D449;49_D455;49_D460,0.0,0.0,0.0,0.0,1.7772752e+07,5.3370356e+07,1.5663478e-05,-0.0003003836,0.0032567359,0.015135445,2.1301422e+07,5.7890144e+07,train
scenario_0765,4,10_0105;12_0106;35_0109;5_0214,51625231.57771972,0.0,0.03272172825545319,53314498.37653071,3.6925176e+07,3.6165104e+07,6.221885e-05,2.270576e-05,0.015721867,0.016131582,3.809587e+07,3.9058436e+07,test
scenario_0766,5,32_0104;32_0106;32_0201;32_0206;32_0211,0.0,0.0,0.0,0.0,1.4707587e+07,4.1821776e+07,0.00010172467,4.4134373e-05,0.0065166326,0.017441656,1.4229206e+07,4.5243588e+07,train
scenario_0767,3,49_C430;49_C449;49_C458,86825840.51703441,0.0,0.02561992293846405,89050311.8601482,1.910219e+08,1.58825e+08,5.444685e-05,0.00029177137,0.06496742,0.04616758,2.1491114e+08,1.773179e+08,val
scenario_0768,6,1_0162;20_0105;20_0106;27_3009;49_C443;6_0212,62033942.16123439,0.0,0.020147128646943676,63283747.97443385,8.114277e+07,1.0080071e+08,0.00018609122,-0.00013968075,0.030489424,0.03406425,9.199389e+07,1.117985e+08,train
scenario_0769,3,4_0223;4_0224;51_0120,0.0,0.0,0.0,0.0,1.1940317e+07,4.8915496e+07,7.027002e-05,7.554042e-05,0.0058160117,0.020958941,1.3170358e+07,5.418648e+07,train
scenario_0770,4,12_0112;26_0115;26_0121;5_0220,5.189494423946331,0.0,0.0,5.189494423946331,1.7809096e+07,2.2523688e+07,6.593591e-05,0.00026337244,0.007907582,0.010650232,1.7558688e+07,2.3618666e+07,train
scenario_0771,2,38_0260;4_AA61,0.0,0.0,0.0,0.0,3.586639e+07,4.5646268e+07,-1.6372942e-05,-0.00035582372,0.012432624,0.015314809,3.7753456e+07,5.0255336e+07,train
scenario_0772,2,19_0216;38_0221,0.0,0.0,0.0,0.0,2.2252912e+07,3.0954142e+07,8.863515e-05,-1.4097983e-05,0.008822367,0.012784585,2.2262018e+07,3.4039264e+07,train
scenario_0773,1,4_0217,0.0,0.0,0.0,0.0,1.3768116e+07,1.7522348e+07,7.865277e-05,-2.1844142e-05,0.0058566527,0.0075752744,1.6433226e+07,1.8481772e+07,train
scenario_0774,3,12_1030;12_4059;12_4109,0.0,0.0,0.0,0.0,-1.928052e+06,-5.8209064e+07,0.0005328792,0.0038746886,0.00049495604,-0.01975583,-1.0871856e+07,-6.814638e+07,train
scenario_0775,4,10_0211;20_0107;4_BA02;55_0113,0.0,0.0,0.0,0.0,2.864769e+07,1.824248e+06,6.898637e-05,0.00041011,0.0108570075,0.004786151,2.9859362e+07,1.392744e+06,train
scenario_0776,1,4_0218,0.0,0.0,0.0,0.0,1.5215721e+07,5.858298e+06,8.088451e-05,-8.355128e-06,0.0063284524,0.0040806704,1.7781884e+07,5.766506e+06,train
scenario_0777,2,32_0103;32_0204,0.0,0.0,0.0,0.0,1.1758548e+07,2.0778176e+07,6.065583e-05,0.00010353819,0.0044310577,0.0088739805,1.130722e+07,2.2490168e+07,train
scenario_0778,4,20_0111;20_0903;26_0214;26_0222,0.0,0.0,0.0,0.0,1.1909775e+07,3.232162e+06,1.2722376e-05,-5.4794393e-05,0.0055352324,0.0033954913,1.2274412e+07,2.433968e+06,val
scenario_0779,1,10_0110,0.0,0.0,0.0,0.0,5.481446e+06,-4.288332e+06,-2.2007764e-05,-7.0842565e-05,0.0021974882,-0.0015313663,6.135718e+06,-5.369444e+06,train
scenario_0780,3,49_C410;49_C447;49_C450,86779036.0201934,0.0,0.02561992293846405,89002308.23570496,4.8276576e+07,9.254836e+07,-3.2462587e-05,-0.00033644913,0.014536502,0.02758108,4.9032908e+07,1.0229323e+08,test
scenario_0781,3,53_0203;53_0205;53_0212,0.0,0.0,0.0,0.0,1.1140557e+07,1.5425755e+07,2.079233e-05,-8.207213e-05,0.0044565587,0.0072431215,1.0560234e+07,1.6450137e+07,train
scenario_0782,4,8_A413;8_A430;8_A444;8_A452,0.0,0.0,0.0,0.0,2.992596e+06,-3.304024e+06,0.00016117911,0.0012660546,0.0027123336,-0.0011931434,8.430662e+06,-676320.0,test
scenario_0783,1,4_0119,0.0,0.0,0.0,0.0,6.858282e+06,1.0196769e+07,1.9933635e-05,-2.3600238e-05,0.0025112238,0.0039466755,7.534662e+06,1.1098136e+07,train
scenario_0784,3,12_AA61;20_0106;4_AA03,0.0,0.0,0.0,0.0,2.0601542e+07,-3.2471938e+07,0.00022401795,0.00027420168,0.007566537,-0.011018474,2.0718312e+07,-3.7756476e+07,val
scenario_0785,3,51_0113;51_0114;51_0115,0.0,0.0,0.0,0.0,2.176004e+07,4.2695776e+07,0.00023409387,0.0003795611,0.008535626,0.01776983,2.0826988e+07,4.6986744e+07,train
scenario_0786,1,4_0264,0.0,0.0,0.0,0.0,1.119019e+07,2.42206e+06,6.5713844e-05,-0.0001414502,0.0051301536,0.0023128912,1.4143228e+07,1.738068e+06,train
scenario_0787,2,30_0120;30_0901,0.0,0.0,0.0,0.0,9.271906e+06,2.1115606e+07,4.1437364e-05,6.545281e-05,0.0035776338,0.008936906,8.78603e+06,2.2839584e+07,train
scenario_0788,4,19_0224;4_0215;4_0222;8_0222,0.0,0.0,0.0,0.0,3.2507136e+07,6.880314e+07,3.506418e-05,9.627362e-05,0.013449211,0.029847385,3.2629788e+07,7.545408e+07,train
scenario_0789,2,49_D431;6_0208,0.0,0.0,0.0,0.0,1.4372223e+07,-9.428742e+06,0.00019988825,-2.0982698e-05,0.005890296,-0.0037061404,1.7682272e+07,-1.2628592e+07,train
scenario_0790,2,4_0217;4_0262,0.0,0.0,0.0,0.0,1.2354037e+07,4.1080776e+07,0.00010757588,-1.0684424e-05,0.0059495294,0.017813932,1.4988056e+07,4.5117576e+07,train
scenario_0791,5,32_AA01;32_AA02;32_AA03;32_AA60;32_AA61,0.0,0.0,0.0,0.0,-3.663222e+06,-2.2926446e+07,0.00012236468,0.00032882937,-0.0021567494,-0.010648113,-991166.0,-2.8211208e+07,train
scenario_0792,4,20_0159;26_0214;39_0259;40_4166,258499129.77757877,0.0,0.05815393187768814,273531870.5611058,2.0210299e+08,1.3473224e+08,0.0039081047,0.0016684073,0.07434006,0.043241724,2.2997365e+08,1.4873494e+08,test
scenario_0793,2,49_C431;49_C456,43412913.24757917,0.0,0.012809961469232026,43969030.993547775,6.482063e+07,1.0109228e+08,-3.642938e-05,-3.8384314e-05,0.02076926,0.031272095,7.118946e+07,1.1263941e+08,val
scenario_0794,4,6_0203;6_0204;6_0206;6_0212,0.0,0.0,0.0,0.0,2.6421972e+07,3.265041e+07,6.551514e-05,0.0005502185,0.011757676,0.012902888,2.7723882e+07,3.3962144e+07,train
scenario_0795,2,4_0121;5_0119,39179780.35502437,0.0,0.0,39179780.35502437,8.672986e+06,1.8831052e+07,2.4253677e-05,-3.844188e-05,0.0033911807,0.0077538937,8.18149e+06,2.053386e+07,train
scenario_0796,4,27_2018;27_3005;27_3012;27_6064,0.0,0.0,0.0,0.0,5.214202e+06,2.2666326e+07,0.00024295266,0.00036427102,0.0017792275,0.003121791,9.18524e+06,2.508652e+07,train
scenario_0797,4,31_0118;31_0120;31_0122;31_0903,0.0,0.0,0.0,0.0,2.655748e+06,1.6039992e+07,5.377503e-05,0.00033398136,0.0019766623,0.0068860566,3.363832e+06,1.6594259e+07,val
scenario_0798,1,10_0104,0.0,0.0,0.0,0.0,8.958032e+06,1.8273258e+07,5.436229e-05,-8.13161e-06,0.0032612486,0.00717574,9.7256e+06,1.9947156e+07,test
scenario_0799,4,20_0109;8_0218;8_0223;8_0259,0.0,0.0,0.0,0.0,1.6352509e+07,3.917332e+06,0.00010844688,0.00032824778,0.006815558,0.004766257,1.5777845e+07,3.757452e+06,test
scenario_0800,2,10_0108;51_0115,0.0,0.0,0.0,0.0,8.285412e+06,9.034882e+06,4.2634783e-06,-0.00015495907,0.0033297632,0.00412047,7.745154e+06,8.90154e+06,train
scenario_0801,5,32_0202;39_0901;48_0161;4_BA01;8_0224,0.0,9.196648328957391e-05,0.0,0.0,4.1902256e+07,3.0333516e+07,2.4192952e-05,0.00042193625,0.0166655,0.016179278,4.561647e+07,3.3759016e+07,train
scenario_0802,5,39_0204;39_0205;39_0206;39_0262;39_0265,0.0,0.0,0.0,0.0,5.164312e+07,6.162597e+07,3.9274164e-07,4.748965e-05,0.021871986,0.02582388,5.4491476e+07,6.877101e+07,train
scenario_0803,2,49_C430;49_C445,86841092.12737614,0.0,0.02561992293846405,89065954.21557158,8.0488264e+07,9.744421e+07,-7.5765274e-05,-0.00026705698,0.026128095,0.02701418,8.938872e+07,1.0864221e+08,train
scenario_0804,3,49_E443;49_E456;49_E460,0.0,0.0,0.0,0.0,-3.753898e+06,2.322216e+07,8.146977e-06,-5.914012e-05,-0.0020908732,0.0072154244,-7.70254e+06,2.5897136e+07,train
scenario_0805,3,37_0859;48_0901;6_0208,271594789.3945486,0.00011584671444697658,0.12702382990117594,306125263.0886597,1.5913872e+08,6.773497e+07,0.0006252073,0.0004610951,0.06393623,0.028252373,1.8539958e+08,7.57453e+07,val
scenario_0806,2,8_0218;8_0221,0.0,0.0,0.0,0.0,1.022546e+07,-351968.0,1.7288869e-05,-0.00013399095,0.0042744414,0.00088993274,1.0149048e+07,-1.446954e+06,train
scenario_0807,4,35_0107;35_0109;35_0508;35_0901,0.0,0.0,0.0,0.0,-171664.0,-8.42829e+06,-0.00013844599,-0.000127876,0.0009997375,-0.0039333086,-1.236848e+06,-8.917456e+06,train
scenario_0808,6,38_0223;39_0105;49_C448;4_0222;5_0224;6_0201,0.0,0.0,0.0,0.0,3.2983242e+07,1.269959e+08,0.00023837513,0.00057715055,0.013537596,0.048536114,3.4330988e+07,1.4260779e+08,val
scenario_0809,4,22_0116;48_0116;48_0118;48_0120,187280689.68619213,0.0002758994498687217,0.08794079874582272,203801973.76611987,2.436795e+07,4.2563236e+07,6.871665e-05,-7.812059e-05,0.0104611125,0.018032268,2.4577728e+07,4.6628976e+07,train
scenario_0810,5,49_E451;49_E452;49_E456;49_E458;49_E459,0.0,0.0,0.0,0.0,-2.820641e+07,-2.6776098e+07,-0.0001299518,-0.00073110673,-0.010961965,-0.008319737,-3.6466716e+07,-3.1655116e+07,train
scenario_0811,2,4_AA60;55_6355,0.0,0.0,0.0,0.0,1.696506e+07,-2.3161214e+07,0.00016912066,-0.00030832918,0.0054545514,-0.0087032765,1.9325404e+07,-2.8364736e+07,test
scenario_0812,5,8_0213;8_0217;8_0220;8_0502;8_0509,0.0,0.0,0.0,0.0,-1.436684e+06,-1.3676174e+07,-0.00012573195,-0.0005448959,0.0012907349,-0.004994899,-2.23691e+06,-1.7129692e+07,train
scenario_0813,5,19_0108;27_1003;48_0163;4_0264;53_0802,1.4708068616192316,9.196648328957391e-05,0.0,1.4709421265538931,5.6993924e+07,3.109135e+07,7.379196e-05,0.000101895814,0.023320528,0.014538959,6.236431e+07,3.4521284e+07,test
scenario_0814,1,32_AA02,0.0,0.0,0.0,0.0,2.136643e+07,-2.518112e+06,1.2956763e-05,0.00010870841,0.0069850446,-0.0020724507,2.3887048e+07,-3.398102e+06,val
scenario_0815,3,40_0117;40_0124;48_0164,36663869.97779589,9.196648328957391e-05,0.008289133835295705,36971153.55014737,8.903682e+06,1.4673426e+07,1.4916819e-05,-7.849798e-06,0.0035927356,0.00692905,8.22557e+06,1.5275418e+07,train
scenario_0816,4,32_7084;35_0110;39_0259;6_0212,0.0,0.0,0.0,0.0,1.5895682e+07,1.851648e+07,0.002115494,0.0001955267,0.0066890586,0.007814452,1.9984786e+07,1.8960184e+07,train
scenario_0817,4,49_E444;49_E449;49_E451;49_E460,0.0,0.0,0.0,0.0,-1.5931878e+07,-6.478208e+06,-5.2779884e-05,-0.00013938666,-0.0062798355,-0.0035027517,-2.1273188e+07,-7.714656e+06,test
scenario_0818,3,26_0118;39_0108;51_0116,0.0,0.0,0.0,0.0,1.2341323e+07,2.6734894e+07,4.622215e-05,-0.00015626496,0.004801679,0.011504419,1.1747048e+07,2.870462e+07,test
scenario_0819,4,49_C443;49_C447;49_C449;49_C457,86845087.83918262,0.0,0.02561992293846405,89070052.29720663,1.0783286e+08,1.361056e+08,-6.0593942e-05,0.00011917304,0.034801647,0.042998582,1.143135e+08,1.5118282e+08,train
scenario_0820,6,20_0208;39_0264;39_0265;55_0265;5_0219;8_0220,51433618.35838483,0.0,0.03272172825545319,53116615.24150259,1.935254e+07,2.5428552e+07,-7.3825184e-05,-0.00023611344,0.009875487,0.012198255,2.0457974e+07,2.7709644e+07,train
scenario_0821,2,1_0104;1_0108,37086385.8795789,0.0,0.014671282002188058,37630490.70526017,8.014934e+06,9.06327e+06,-5.4819684e-06,-0.0002699719,0.0032785353,0.003945759,7.468694e+06,8.743088e+06,train
scenario_0822,3,26_0115;37_0901;8_0223,0.0,0.0,0.0,0.0,8.82239e+06,-1.7385086e+07,5.7609897e-05,-0.00027137832,0.004379328,-0.0046073915,1.0986228e+07,-2.0965608e+07,train
scenario_0823,5,12_0102;12_0111;51_0117;51_0122;5_0222,51543972.27025205,0.0,0.03272172825545319,53230580.12408586,2.9408566e+07,3.923855e+07,-4.78508e-05,8.241563e-05,0.012895206,0.017926093,2.9529092e+07,4.404583e+07,train
scenario_0824,5,32_0103;32_0108;32_0203;32_0211;32_0259,0.0,0.0,0.0,0.0,1.7055812e+07,3.7091276e+07,0.00014599669,0.00034571555,0.0075497124,0.01630656,1.676889e+07,4.0105816e+07,test
scenario_0825,1,20_0102,0.0,0.0,0.0,0.0,7.033532e+06,1.1640018e+07,1.4106336e-05,-0.00018013429,0.002726782,0.004382811,7.762774e+06,1.2176538e+07,train
scenario_0826,4,26_0121;39_0106;5_0215;5_0221,85669997.00291269,0.0,0.03272172825545319,88473267.36448748,1.20904184e+08,6.6764736e+07,0.0002622965,0.0004740829,0.04951791,0.02879081,1.3902021e+08,7.463669e+07,train
scenario_0827,2,51_0123;51_0124,0.0,0.0,0.0,0.0,3.738174e+06,-2.8562918e+07,-4.1344145e-05,4.131181e-05,0.0022088652,-0.009717271,3.627278e+06,-3.3051972e+07,train
scenario_0828,2,37_0202;37_0204,0.0,0.0,0.0,0.0,2.8603566e+07,3.3164606e+07,0.00019199966,0.00031871253,0.011039051,0.0141624,2.8677712e+07,3.681475e+07,train
scenario_0829,2,49_C451;4_BA02,43436456.547399804,0.0,0.012809961469232026,43992875.88213197,8.187836e+06,-2.0973582e+07,0.0001108108,0.00024191092,0.0033769207,-0.0062611084,1.0232906e+07,-2.4073016e+07,train
scenario_0830,1,49_E455,0.0,0.0,0.0,0.0,7.1674e+06,-1.846012e+06,1.3723198e-05,1.955399e-06,0.0021484876,-0.0007808823,8.16478e+06,-2.03953e+06,train
scenario_0831,3,29_AA64;49_D448;4_0266,0.0,0.0,0.0,0.0,3.1689454e+07,2.6080088e+07,0.0010253682,0.001274846,0.010569148,0.0060915696,3.8302004e+07,2.8213146e+07,train
scenario_0832,2,19_0217;38_0263,0.0,0.0,0.0,0.0,2.338598e+07,2.9160848e+07,0.0001233159,0.00027577014,0.009101278,0.012301013,2.3473852e+07,3.2256016e+07,train
scenario_0833,5,32_0101;4_AA02;5_0224;8_0214;8_0216,0.0,0.0,0.0,0.0,2.1696468e+07,3.6321904e+07,1.9099185e-05,-0.00032209948,0.008334205,0.016430682,1.8682112e+07,3.9247136e+07,train
scenario_0834,4,55_0114;55_0215;55_C902;55_C959,0.0,0.0,0.0,0.0,164684.0,-3.960619e+07,-0.00018365216,0.00025465668,0.0020937743,-0.013950141,-136682.0,-4.4262164e+07,val
scenario_0835,6,27_1017;31_0116;48_0167;4_0266;4_BA02;6_0202,62201552.84547977,9.196648328957391e-05,0.029313599581940897,64030624.71703746,2.5090766e+07,-1.1626018e+07,9.270827e-05,0.00046182284,0.009675912,0.0045339298,2.1456352e+07,-1.4540716e+07,train
scenario_0836,2,49_C454;49_C455,0.0,0.0,0.0,0.0,1.3491552e+07,3.5688588e+07,0.00010322213,-0.0001856183,0.0043477085,0.012145519,1.6273847e+07,3.86376e+07,train
scenario_0837,3,39_0102;39_0204;4_0265,0.0,0.0,0.0,0.0,2.3014264e+07,2.1956116e+07,4.5125416e-05,6.142295e-05,0.009508956,0.011320279,2.2980808e+07,2.309374e+07,train
scenario_0838,1,39_0265,0.0,0.0,0.0,0.0,1.0552236e+07,1.3919342e+07,5.3911965e-05,-4.627771e-05,0.0040637087,0.0054499856,1.1675686e+07,1.5152778e+07,test
scenario_0839,4,19_0101;19_0108;19_0223;19_0705,0.0,0.0,0.0,0.0,1.334077e+07,3.579068e+07,5.791252e-05,-3.1794712e-05,0.0053661857,0.01457592,1.2852363e+07,3.933975e+07,train
scenario_0840,6,10_0102;30_0120;4_0116;5_0213;5_0224;6_0208,74585276.03356522,0.0,0.04800763301493182,78165938.593702,3.630692e+07,5.540861e+07,-4.2826054e-05,-0.0003218075,0.016420491,0.024170794,3.710121e+07,5.9136344e+07,train
scenario_0841,2,30_0113;4_0113,0.0,0.0,0.0,0.0,5.121814e+06,5.543486e+06,2.799659e-05,-7.056142e-05,0.0022905786,0.0025846222,4.652342e+06,4.300336e+06,val
scenario_0842,1,48_5310,0.0,0.010412119983026269,0.0,0.0,4.267729e+07,-1.0602462e+07,0.0029801165,0.0022456143,0.012727947,-0.004681186,5.063504e+07,-1.4154736e+07,val
scenario_0843,2,56_B320;56_B360,0.0,0.0,0.0,0.0,6.06378e+06,1.3351956e+07,-7.604429e-05,7.736686e-06,0.00081636664,0.0034763543,7.57807e+06,1.5183804e+07,test
scenario_0844,2,56_B310;56_B320,0.0,0.0,0.0,0.0,1.0323854e+07,2.7013968e+07,-0.00010191338,-0.00012843401,0.0019247606,0.009269919,1.114929e+07,3.0494606e+07,train
scenario_0845,3,20_0103;26_0114;48_0114,62143489.8755597,9.196648328957391e-05,0.029313599581940897,63970854.372619465,1.684502e+07,2.9977484e+07,7.336795e-05,-0.00020310385,0.00658255,0.012888238,1.6458684e+07,3.1805808e+07,train
scenario_0846,4,37_0901;55_0113;55_0261;55_0265,0.0,0.0,0.0,0.0,1.1081699e+07,1.6711886e+07,6.981686e-05,-0.0002521131,0.0054000267,0.008672576,1.2117896e+07,1.753396e+07,train
scenario_0847,5,56_7775;56_B310;56_B330;56_B350;56_B360,0.0,0.0,0.0,0.0,8.335748e+06,2.6872266e+07,-0.00036853267,0.00022066338,-0.00205985,0.0083319135,2.822364e+06,3.1062488e+07,train
scenario_0848,3,10_0104;48_0164;6_0211,39.99397644333528,9.196648328957391e-05,0.0,39.99765454870154,7.375176e+07,5.494891e+07,0.0003613375,0.0003738987,0.030940523,0.021795828,8.050184e+07,6.148747e+07,train
scenario_0849,4,8_0213;8_0259;8_0501;8_0503,0.0,0.0,0.0,0.0,6.920396e+06,-1.485773e+07,1.33262365e-05,0.00030917278,0.0035478366,-0.004457861,7.34155e+06,-1.7712716e+07,train
scenario_0850,3,26_0121;5_0221;6_0206,39179780.35502437,0.0,0.0,39179780.35502437,7.772179e+07,5.9051964e+07,0.00032354725,0.00064465974,0.032916997,0.023928937,8.652748e+07,6.6399052e+07,train
scenario_0851,2,10_0111;10_0209,0.0,0.0,0.0,0.0,8.010964e+06,8.630854e+06,3.2362295e-06,3.3710166e-05,0.003234453,0.0040363865,7.628682e+06,9.54803e+06,val
scenario_0852,2,4_0122;4_0216,0.0,0.0,0.0,0.0,1.5869753e+07,9.556312e+06,7.909787e-05,-7.231487e-05,0.0067619104,0.0052228137,1.7094444e+07,9.988814e+06,test
scenario_0853,4,20_0208;20_0259;26_0223;53_3014,0.0,0.0,0.0,0.0,2.2093448e+07,8.262115e+07,-5.0385424e-06,-0.0005398212,0.009135627,0.032803245,2.2181908e+07,9.183123e+07,train
scenario_0854,2,37_0201;4_0217,0.0,0.0,0.0,0.0,1.706212e+07,1.7394864e+07,7.934509e-05,-2.2866938e-05,0.0072929338,0.008629762,1.8658414e+07,1.7823294e+07,train
scenario_0855,6,26_0213;27_2018;48_5310;4_0217;4_BA59;8_0220,0.0,0.010412119983026269,0.0,0.0,3.069204e+06,-1.434306e+06,0.0010302844,0.0022439281,0.0018079393,0.0045777136,3.46515e+06,-6.113504e+06,val
scenario_0856,4,8_A411;8_A443;8_A451;8_A455,0.0,0.0,0.0,0.0,-3.113272e+06,-1.3733838e+07,0.00020803833,0.0013571526,0.0012633819,-0.0055019334,2.771636e+06,-1.3873236e+07,train
scenario_0857,2,48_1113;48_1116,0.0,0.008185788106605307,0.0,0.0,2.0511914e+07,2.3252146e+07,0.0028015347,0.0030296855,0.007612619,0.0065346733,1.6643859e+07,2.5877632e+07,train
scenario_0858,6,20_0105;4_0223;4_BA01;5_0119;5_0223;6_0204,85751880.32398124,0.0,0.03272172825545319,88557830.0493367,5.0944212e+07,8.36603e+07,-7.500031e-05,0.00033504236,0.02034299,0.03767752,5.202615e+07,9.3222984e+07,test
scenario_0859,2,29_0801;29_0808,0.0,0.0,0.0,0.0,8.85014e+06,3.2676138e+07,5.4749966e-05,0.00013832966,0.0033995062,0.013008662,8.38371e+06,3.6098956e+07,train
scenario_0860,2,49_E449;49_E462,0.0,0.0,0.0,0.0,251384.0,-2.5269994e+07,-9.816606e-06,-0.00031925633,9.1362745e-07,-0.0095561575,-2.70331e+06,-2.9841124e+07,train
scenario_0861,2,39_0265;6_0208,0.0,0.0,0.0,0.0,2.0104238e+07,1.3580138e+07,7.602334e-05,-7.5632444e-05,0.00818351,0.0058897967,2.1089486e+07,1.3807655e+07,test
scenario_0862,5,10_0201;1_0112;4_0216;8_0218;8_7776,18520709.122283414,0.0,0.00733545059409496,18656566.86901753,2.9264452e+07,2.8475436e+07,0.00018100897,0.00028869277,0.011077044,0.0150745455,3.0770514e+07,3.2131514e+07,train
scenario_0863,2,31_0114;32_0104,0.0,0.0,0.0,0.0,8.802542e+06,1.840179e+07,2.5390545e-05,-7.204854e-05,0.0034552822,0.007684105,8.275686e+06,1.9448028e+07,train
scenario_0864,2,4_0120;4_0262,0.0,0.0,0.0,0.0,2.1108078e+07,2.971605e+07,7.584365e-05,-0.00015886707,0.008587077,0.012574827,2.2146598e+07,3.2816516e+07,test
scenario_0865,3,53_0210;53_0212;53_0801,0.0,0.0,0.0,0.0,7.969416e+06,-9.98417e+06,-1.5053229e-05,0.000341254,0.0034098122,-0.0033778371,7.658118e+06,-1.2342664e+07,train
scenario_0866,4,48_0001;48_0122;48_0165;48_0167,124781361.78152607,0.00446828224091167,0.05862719916388181,132654501.87347716,1.7454581e+08,8.615642e+07,0.0006310046,0.0007430791,0.070952676,0.035881594,2.0321013e+08,9.764365e+07,val
scenario_0867,2,12_0103;49_7086,350940314.2863356,0.0,0.08998969398181488,382521325.7748448,1.8332155e+08,1.28209656e+08,0.0004077623,0.00042227173,0.06599271,0.036835093,2.1332859e+08,1.4409792e+08,train
scenario_0868,3,29_AA03;37_0260;49_E462,0.0,0.0,0.0,0.0,1.418638e+07,-9.780666e+06,0.00015582527,0.00031175558,0.005215057,-0.0019294899,1.4469347e+07,-1.1628672e+07,train
scenario_0869,4,41_AA01;41_AA02;41_AA59;41_AA60,83106419.23589171,0.0,0.02394191803425058,85096146.3133575,2.9898696e+07,8.669318e+07,-0.00028567296,-0.0004166629,0.01027217,0.018542059,2.9426808e+07,9.002597e+07,val
scenario_0870,1,4_AA02,0.0,0.0,0.0,0.0,1.1362539e+07,-2.215027e+07,4.510973e-05,-0.00036892027,0.004124223,-0.008124379,1.3622123e+07,-2.5965332e+07,train
scenario_0871,1,8_0812,0.0,0.0,0.0,0.0,6.270004e+06,-9.626918e+06,-2.2621214e-05,-0.00010946256,0.002718336,-0.0030971318,7.307438e+06,-1.1241332e+07,train
scenario_0872,1,39_0212,0.0,0.0,0.0,0.0,9.39753e+06,283932.0,3.755311e-05,-6.436833e-05,0.003760364,0.0006744368,1.0489174e+07,-489072.0,train
scenario_0873,6,19_0105;26_0114;4_0223;6_0201;6_0209;8_7776,0.0,0.0,0.0,0.0,2.8128368e+07,7.192069e+07,0.00019313331,-0.00010266021,0.011740951,0.03282738,2.8281934e+07,8.0753464e+07,train
scenario_0874,1,48_F340,0.0,0.0024738787091180825,0.0,0.0,5.62824e+06,9.100832e+06,0.0016041289,0.0011103794,0.0015121652,0.004974441,6.76315e+06,1.0168634e+07,test
scenario_0875,2,8_A411;8_A431,0.0,0.0,0.0,0.0,9.150914e+06,3.219976e+06,6.226903e-05,0.0003758734,0.004205487,0.0009793639,1.3194031e+07,3.231006e+06,val
scenario_0876,5,4_AA01;4_AA03;4_AA59;4_AA60;4_AA61,0.0,0.0,0.0,0.0,-2.6539238e+07,-2.7788854e+07,-0.00028642302,-0.0018957981,-0.0099359695,-0.01258879,-3.7460092e+07,-3.3241728e+07,train
scenario_0877,1,20_0109,0.0,0.0,0.0,0.0,6.230896e+06,-7.283806e+06,-2.1257729e-05,-0.00019809813,0.002700625,-0.0025663078,7.162132e+06,-9.112e+06,val
scenario_0878,4,37_0901;55_0216;55_0222;55_0260,0.0,0.0,0.0,0.0,1.1905484e+07,1.8392724e+07,8.05865e-05,-0.00019920446,0.0056665856,0.0093891015,1.2998131e+07,1.990324e+07,train
scenario_0879,5,39_0102;39_0107;39_0209;39_0259;39_0263,0.0,0.0,0.0,0.0,3.4547468e+07,3.2731788e+07,0.00017926062,0.00059229037,0.015093333,0.014606522,3.590581e+07,3.5370856e+07,val
scenario_0880,3,39_0202;39_0810;39_0902,0.0,0.0,0.0,0.0,1.225657e+07,5.098342e+06,2.7248709e-05,0.0003660629,0.00496787,0.002842688,1.3654543e+07,6.24617e+06,train
scenario_0881,4,26_0116;26_0124;26_0219;26_0902,0.0,0.0,0.0,0.0,8.429604e+06,4.881324e+06,3.0416559e-06,5.743369e-05,0.0040396675,0.0026499527,8.641468e+06,4.082682e+06,train
scenario_0882,4,26_0121;26_0220;26_0221;26_0901,0.0,0.0,0.0,0.0,2.8247766e+07,3.8689904e+07,2.9190196e-05,0.0002507365,0.0119465785,0.015823608,2.9955204e+07,4.3444884e+07,train
scenario_0883,3,10_0108;49_C456;4_AA03,0.0,0.0,0.0,0.0,1.5996952e+07,1.6057865e+07,8.080514e-05,-0.00028587482,0.0053606937,0.004348625,1.6726456e+07,1.6846408e+07,train
scenario_0884,4,12_0106;26_0115;53_0201;53_0206,0.0,0.0,0.0,0.0,2.1102918e+07,2.957676e+07,0.00015110942,0.00010005353,0.008775433,0.013398772,1.953092e+07,3.063006e+07,val
scenario_0885,1,19_0218,0.0,0.0,0.0,0.0,1.1677201e+07,1.7873224e+07,6.251111e-05,-2.1498941e-05,0.0045427512,0.0070620812,1.2863352e+07,1.950654e+07,train
scenario_0886,3,20_0204;20_0209;20_0210,0.0,0.0,0.0,0.0,1.684682e+07,1.9711224e+07,6.547313e-05,-0.00013180816,0.00686186,0.009570068,1.6723655e+07,2.0971552e+07,train
scenario_0887,4,39_0160;39_0208;39_0209;39_0260,0.0,0.0,0.0,0.0,1.6533374e+07,2.5952572e+07,4.2633692e-05,2.6906055e-06,0.0072073904,0.011759065,1.6781148e+07,2.8246444e+07,test
scenario_0888,4,19_0104;4_0221;4_0222;8_0811,0.0,0.0,0.0,0.0,1.2110734e+07,4.640611e+07,3.7073056e-05,-2.871448e-05,0.00603557,0.020955123,1.1850208e+07,5.108837e+07,test
scenario_0889,4,32_0205;4_0266;6_0205;6_0212,0.0,0.0,0.0,0.0,1.86453e+07,2.1130878e+07,7.0575494e-05,2.821318e-05,0.008117613,0.011663473,1.898649e+07,2.1820348e+07,train
scenario_0890,2,4_0162;4_0902,0.0,0.0,0.0,0.0,1.0607522e+07,1.1523795e+07,0.00013466962,4.252678e-05,0.0044790003,0.0045045433,1.363791e+07,1.2763466e+07,train
scenario_0891,2,49_C431;49_C440,86724496.7944886,0.0,0.02561992293846405,88946371.71924047,5.7614504e+07,9.301124e+07,-2.6060618e-05,6.107699e-05,0.018047603,0.027473519,6.2099476e+07,1.0324592e+08,train
scenario_0892,5,20_0101;20_0107;20_0204;20_0207;20_0903,0.0,0.0,0.0,0.0,1.3184487e+07,3.3838716e+07,-9.741721e-06,-7.236618e-05,0.0062735435,0.015373575,1.3507935e+07,3.6634744e+07,val
scenario_0893,2,49_C431;49_C445,86850414.26617295,0.0,0.02561992293846405,89075515.18684599,2.570148e+07,6.2018176e+07,3.560206e-05,-0.0004088235,0.0074900263,0.017353598,2.7252118e+07,6.78687e+07,val
scenario_0894,4,29_AA62;32_0202;4_AA03;55_6355,0.0,0.0,0.0,0.0,1.7381864e+07,-4.2401104e+07,0.0002719996,0.0003674045,0.0053865234,-0.012937296,1.684739e+07,-5.0066612e+07,train
scenario_0895,3,20_0101;26_0220;8_0223,0.0,0.0,0.0,0.0,1.349291e+07,2.06923e+07,5.771227e-05,4.780988e-05,0.0052537536,0.009758123,1.3158448e+07,2.2128502e+07,train
scenario_0896,4,4_0219;4_0502;4_0604;4_0902,0.0,0.0,0.0,0.0,1.2544455e+07,9.84618e+06,0.000117626216,0.0001813454,0.0055914316,0.004288936,1.2918818e+07,1.0470574e+07,train
scenario_0897,3,20_0101;20_0102;26_0224,0.0,0.0,0.0,0.0,9.457824e+06,1.9489476e+07,3.4254335e-06,-0.0001420074,0.0039249426,0.00857584,8.904446e+06,2.0027836e+07,train
scenario_0898,3,32_0102;32_0204;32_0209,0.0,0.0,0.0,0.0,1.5144709e+07,3.6895544e+07,9.224114e-05,0.00016591355,0.0057148687,0.015477834,1.4819393e+07,4.072885e+07,train
scenario_0899,3,4_0115;4_0119;4_0161,0.0,0.0,0.0,0.0,6.533106e+06,1.2818925e+07,2.5772038e-05,-0.00036030205,0.0028719995,0.0053306804,6.909112e+06,1.3320528e+07,test
scenario_0900,3,1_0105;4_BA61;5_0218,52861099.14746704,0.0,0.02913176375400195,54401036.199607916,2.2872832e+07,3.1657724e+07,9.6165735e-05,0.00054196315,0.008389762,0.013890196,2.280101e+07,3.4753548e+07,train
scenario_0901,3,46_0605;46_0660;46_0804,0.0,0.0,0.0,0.0,4.692082e+06,1.6623802e+07,-2.8531998e-05,7.048865e-05,0.002143656,0.0052395593,4.862494e+06,1.902457e+07,train
scenario_0902,4,26_0217;48_0162;49_D460;51_5010,0.10867781152744509,9.196648328957391e-05,0.0,0.10868780624358289,9.043419e+07,8.167677e+07,0.0005418438,0.0008340662,0.03145897,0.02865243,9.918811e+07,9.243609e+07,train
scenario_0903,1,24_1632,0.0,0.0,0.0,0.0,3.845282e+06,-2.0888266e+07,0.0004086182,0.0025716822,0.0021360535,-0.008626489,7.323716e+06,-2.6152496e+07,train
scenario_0904,1,49_C440,43314077.98369397,0.0,0.012809961469232026,43868929.653740406,2.0406038e+07,5.2242264e+07,4.257013e-05,0.00018739799,0.0061100754,0.015079677,2.4623144e+07,5.7962692e+07,test
scenario_0905,2,20_0112;20_0208,0.0,0.0,0.0,0.0,5.111768e+06,-1.720273e+07,-6.270397e-05,-0.00020828444,0.0027400032,-0.005653616,5.024922e+06,-2.0177364e+07,train
scenario_0906,2,49_7085;49_E455,0.0,0.0,0.0,0.0,8.7279144e+07,8.609239e+07,-4.4585177e-05,0.00092004286,0.028961286,0.025690278,1.019569e+08,1.0054206e+08,train
scenario_0907,3,55_0805;5_0809;5_0810,0.0,0.0,0.0,0.0,1.0232225e+07,-753554.0,9.4244664e-05,-8.769543e-05,0.0040999134,0.0029293369,1.0658706e+07,-990798.0,train
scenario_0908,4,32_AA02;32_AA03;32_AA59;32_AA60,0.0,0.0,0.0,0.0,7.580242e+06,1.5948668e+07,8.214862e-06,0.00034298367,0.001552904,0.0021292763,9.987058e+06,1.819612e+07,train
scenario_0909,4,20_0210;4_BA03;6_0209;8_A455,0.0,0.0,0.0,0.0,-95056.0,9.410736e+06,0.00044301973,0.0009023361,0.0020321105,0.0060214917,1.88262e+06,1.0418818e+07,test
scenario_0910,3,31_0114;4_0267;4_AA59,0.0,0.0,0.0,0.0,8.994004e+06,-3.543237e+07,2.4531299e-05,-0.0004271607,0.003710921,-0.010210639,7.38637e+06,-4.1265956e+07,train
scenario_0911,1,29_AA62,0.0,0.0,0.0,0.0,1.3788572e+07,-8.157886e+06,0.00019615982,0.00051581906,0.004524902,-0.0025222525,1.6938564e+07,-9.819352e+06,train
scenario_0912,3,20_0108;20_0161;20_0902,0.0,0.0,0.0,0.0,1.270455e+07,2.065962e+07,0.00012145979,0.00044473493,0.0049633114,0.010069528,1.262866e+07,2.2585294e+07,train
scenario_0913,1,4_0123,0.0,0.0,0.0,0.0,6.768206e+06,4.659522e+06,2.4278415e-05,1.7008497e-05,0.002610758,0.0020297403,7.601802e+06,4.672642e+06,train
scenario_0914,4,32_7084;37_A962;4_0903;5_0113,122089277.7288168,0.0,0.0774597325228557,131546280.5255996,2.217514e+07,1.8186834e+07,0.003547475,0.0009387125,0.008437771,0.0075708674,2.470562e+07,1.9719654e+07,train
scenario_0915,2,12_0101;12_0507,0.0,0.0,0.0,0.0,4.370672e+06,-1.046997e+07,-7.379067e-05,-0.0003287333,0.002276225,-0.0043958956,4.621142e+06,-1.2824696e+07,train
scenario_0916,4,49_C410;49_C447;49_C449;49_C450,130191116.56827514,0.0,0.03842988440769607,135194346.12890282,1.08203864e+08,1.3746923e+08,-9.211234e-05,-0.00027294393,0.034849856,0.04148998,1.1542834e+08,1.5174066e+08,train
scenario_0917,1,48_1178,0.0,0.0020894020148448655,0.0,0.0,1.109788e+07,-4.904356e+07,0.0027848743,0.0034012918,0.0032585827,-0.022115082,1.9239584e+07,-5.6498228e+07,test
scenario_0918,4,40_0116;40_0119;40_0503;40_0602,36610405.76870314,0.0,0.008289340032167403,36913881.87083554,-812072.0,-1.2221246e+07,-0.00011761297,-8.784575e-05,0.0007383302,-0.0052175317,-1.818116e+06,-1.4312116e+07,train
scenario_0919,5,20_0105;20_0160;20_0164;20_0204;20_0259,0.0,0.0,0.0,0.0,1.4655256e+08,8.1823176e+07,0.00046925136,0.00037693052,0.059628267,0.03517241,1.6745298e+08,9.251558e+07,train
scenario_0920,4,10_0108;51_5010;55_6352;8_A412,0.0,0.0,0.0,0.0,1.5004347e+07,-1.026598e+06,0.0003017715,0.00046808986,0.004646002,0.0006810725,1.658536e+07,-2.112952e+06,train
scenario_0921,2,10_0210;51_0116,0.0,0.0,0.0,0.0,1.0804814e+07,1.0938544e+07,2.9652947e-05,4.200393e-05,0.0041288165,0.0053152493,1.0550256e+07,1.215817e+07,train
scenario_0922,5,53_0206;53_0207;53_0211;53_0212;53_0259,0.0,0.0,0.0,0.0,1.0578613e+07,1.6811996e+07,4.260859e-06,0.00038227756,0.0049057617,0.008299883,1.0509196e+07,1.8345244e+07,train
scenario_0923,2,39_0202;53_0210,0.0,0.0,0.0,0.0,1.130104e+07,1.1703331e+07,2.3698667e-05,9.298848e-06,0.0044303676,0.0050973846,1.1129246e+07,1.2348724e+07,val
scenario_0924,5,22_0115;22_0123;40_0117;48_0115;48_0164,81138136.8154453,0.00018393296657914782,0.0334582695980246,83867802.44990504,7.941422e+06,2.2439344e+07,4.076821e-05,0.00013225249,0.0038041337,0.010559819,8.388706e+06,2.321365e+07,test
scenario_0925,5,19_0104;1_4126;4_0217;4_BA61;8_0811,278564461.78410274,0.0,0.10999124711458047,309204114.3375381,1.6223608e+08,1.0362129e+08,0.00013796927,0.0007527138,0.06710458,0.04255042,1.8976584e+08,1.1474182e+08,train
scenario_0926,4,10_0103;10_0160;10_0207;10_0208,0.0,0.0,0.0,0.0,8.851354e+06,2.0097538e+07,2.4818699e-05,3.534752e-05,0.0036920202,0.0101084765,9.138206e+06,2.1928558e+07,test
scenario_0927,3,49_C431;49_C445;49_C447,86869827.1118502,0.0,0.02561992293846405,89095425.38813351,5.0791444e+07,8.7535624e+07,-3.2795186e-05,-0.00035773584,0.015194547,0.024645578,5.2186216e+07,9.672805e+07,train
scenario_0928,6,32_0208;37_0204;49_D440;49_E450;4_AA59;6_0211,0.0,0.0,0.0,0.0,4.78914e+07,5.753957e+07,0.00018324459,0.00025698254,0.017192492,0.022296302,5.1741516e+07,6.4650972e+07,train
scenario_0929,6,19_0159;37_0209;48_0118;49_D452;4_0260;8_0222,62463140.79992405,9.196648328957391e-05,0.029313599581940897,64299904.813358024,6.783798e+07,5.388067e+07,7.398975e-05,0.00012138627,0.026571626,0.02511112,7.610784e+07,5.996516e+07,train
scenario_0930,3,4_0114;4_0119;4_0121,0.0,0.0,0.0,0.0,5.561102e+06,2.1492928e+07,7.137758e-06,-7.154513e-05,0.0025190404,0.009049377,5.128898e+06,2.3446764e+07,test
scenario_0931,2,35_0102;53_0207,0.0,0.0,0.0,0.0,1.3377453e+07,3.033381e+07,8.104695e-05,9.813285e-05,0.0049434397,0.012439847,1.3062018e+07,3.3773156e+07,train
scenario_0932,4,10_0106;10_0159;5_0215;5_0220,51830351.42074949,0.0,0.03272172825545319,53526330.095323905,3.0097434e+07,4.538805e+07,-6.5283675e-06,-2.8314564e-05,0.012585912,0.019548163,2.9375022e+07,4.9741624e+07,train
scenario_0933,4,30_0120;51_5010;55_0123;5_0219,51433618.35838483,0.0,0.03272172825545319,53116615.24150259,4.131123e+07,1.9559538e+07,-2.9517774e-05,0.0004253416,0.01627831,0.009043462,4.069853e+07,2.1455172e+07,train
scenario_0934,4,53_0207;53_0210;53_0211;53_0212,0.0,0.0,0.0,0.0,9.463484e+06,1.4017727e+07,-1.387659e-05,5.7610087e-05,0.00426827,0.006809502,9.30434e+06,1.5364244e+07,train
scenario_0935,6,20_0207;22_0119;55_0222;55_6352;6_0201;6_0203,0.0,0.0,0.0,0.0,4.190566e+07,3.7284304e+07,2.9847753e-05,0.000295434,0.017150968,0.018350767,4.2712576e+07,4.066254e+07,val
scenario_0936,4,26_0121;27_3007;39_0205;53_A810,0.0,0.0,0.0,0.0,1.914457e+07,5.583654e+06,8.905759e-05,-0.00045658933,0.0072176848,0.0020296369,2.0477724e+07,4.997962e+06,train
scenario_0937,3,10_0103;53_0211;5_0222,51543972.27025205,0.0,0.03272172825545319,53230580.12408586,1.4404535e+07,1.5327051e+07,4.1423744e-05,-2.5297195e-05,0.0062307944,0.0074682366,1.4805806e+07,1.6609783e+07,train
scenario_0938,3,29_AA01;29_AA62;29_AA65,0.0,0.0,0.0,0.0,1.4190042e+07,-526692.0,5.0411953e-05,0.00096027955,0.0043917145,-0.0009787157,1.5166384e+07,-889440.0,train
scenario_0939,3,4_0218;4_0220;55_0260,0.0,0.0,0.0,0.0,3.0712562e+07,3.828657e+07,5.4011674e-05,0.00020235736,0.012327266,0.018886015,3.1557928e+07,4.224999e+07,test
scenario_0940,6,20_0106;39_A804;4_0221;4_BA01;5_0214;5_0215,103455579.04196087,0.0,0.06544345651090638,110226069.72980407,3.990187e+07,4.310586e+07,0.0001556154,-0.000118191616,0.01606843,0.02695812,3.6028996e+07,4.3735816e+07,train
scenario_0941,4,26_0119;26_0121;26_0604;26_0902,0.0,0.0,0.0,0.0,2.67542e+06,-1.0860022e+07,-7.736223e-05,-2.7760078e-05,0.002185244,-0.004930945,2.605442e+06,-1.2796772e+07,test
scenario_0942,4,20_0208;20_0211;49_E431;4_BA60,0.0,0.0,0.0,0.0,2.325908e+07,-2.938202e+06,0.00019436804,0.0006204657,0.008339537,0.003176365,2.4022656e+07,-3.395508e+06,train
scenario_0943,3,20_0204;32_AA01;5_0215,51830347.464241154,0.0,0.03272172825545319,53526326.009351775,2.4153924e+07,4.2393548e+07,0.00012268283,3.794604e-05,0.008624757,0.014986711,2.6217426e+07,4.5799948e+07,train
scenario_0944,4,30_0116;30_0120;30_0121;30_0901,0.0,0.0,0.0,0.0,7.872966e+06,3.3752784e+07,5.0102826e-05,8.042641e-05,0.0033310754,0.014722995,8.607312e+06,3.6554704e+07,train
scenario_0945,2,51_0121;8_0223,0.0,0.0,0.0,0.0,1.3463555e+07,1.750188e+07,6.0317863e-05,-1.4518126e-05,0.0050839745,0.007906716,1.3268431e+07,1.9186962e+07,train
scenario_0946,5,38_0262;4_BA59;51_0118;5_0804;8_A445,0.0,0.0,0.0,0.0,7.317534e+06,4.0334124e+07,0.0008010518,0.0007125519,0.0032886853,0.018726312,7.10174e+06,4.640349e+07,train
scenario_0947,1,26_0218,0.0,0.0,0.0,0.0,1.3058513e+07,8.487734e+06,5.4437347e-05,-0.00019293354,0.0050963443,0.0035401299,1.4249954e+07,8.630728e+06,train
scenario_0948,2,39_0810;8_0213,0.0,0.0,0.0,0.0,1.2721072e+07,9.343482e+06,3.751999e-05,0.00037430227,0.004709528,0.0041458327,1.3605189e+07,1.0690746e+07,train
scenario_0949,6,19_0216;26_0124;37_0208;49_C450;4_0213;8_A413,43429490.91773948,0.0,0.012809961469232026,43985821.02302409,1.968119e+07,7.298587e+07,0.00034869742,7.178963e-05,0.008600085,0.028590955,2.169516e+07,8.042451e+07,val
scenario_0950,2,6_0205;6_0212,0.0,0.0,0.0,0.0,2.2294e+07,1.1371416e+07,7.318439e-05,-1.8067076e-06,0.008821923,0.005736624,2.3769832e+07,1.122948e+07,train
scenario_0951,4,37_0205;39_0903;49_E440;4_BA02,0.0,0.0,0.0,0.0,2.305268e+07,-1.539103e+07,0.0001985862,0.00014083319,0.008305486,-0.002358879,2.4184648e+07,-1.7986776e+07,train
scenario_0952,2,20_0202;20_0209,0.0,0.0,0.0,0.0,1.0182395e+07,1.702696e+06,2.1494925e-05,-0.00019216374,0.0045527336,0.0019541197,1.042141e+07,121172.0,train
scenario_0953,1,19_0110,0.0,0.0,0.0,0.0,5.286188e+06,-4.380706e+06,-1.4709658e-05,5.8114616e-05,0.002080475,-0.001426368,5.884312e+06,-5.337124e+06,train
scenario_0954,2,39_0110;39_0210,0.0,0.0,0.0,0.0,8.567238e+06,5.365386e+06,-5.1052193e-06,-7.8456826e-05,0.0037203808,0.003145059,8.22578e+06,4.845828e+06,train
scenario_0955,3,27_1020;27_2023;27_3010,0.0,0.0,0.0,0.0,1.4485632e+07,2.4117954e+07,0.00026711824,0.00071513886,0.0047783325,0.005655065,1.6575675e+07,2.6669572e+07,train
scenario_0956,2,55_C902;55_C960,0.0,0.0,0.0,0.0,7.127118e+06,-4.909614e+06,-0.00010648128,-0.00019106886,0.0034434856,0.0010609077,9.877572e+06,-4.91786e+06,train
scenario_0957,1,8_0219,0.0,0.0,0.0,0.0,7.749252e+06,-3.755602e+06,3.5317935e-06,-6.920367e-05,0.0032128482,-0.0011502272,8.80479e+06,-4.83986e+06,train
scenario_0958,6,19_0220;38_0224;48_0122;48_5026;53_0210;6_0212,62579806.53270511,0.0022472586072344036,0.029313599581940897,64554878.932189845,5.987484e+07,1.2009292e+07,0.003315934,0.0026603688,0.021113351,0.006850018,6.1792776e+07,1.0656318e+07,train
scenario_0959,3,27_3005;27_3012;27_6064,0.0,0.0,0.0,0.0,1.2681976e+07,5.5434844e+07,0.00022933439,0.0007084096,0.004356266,0.012630544,1.6153436e+07,6.233975e+07,train
scenario_0960,5,26_0159;31_0119;31_0902;32_0108;32_0259,0.0,0.0,0.0,0.0,1.9241892e+07,5.049487e+07,0.00017676526,0.00051229924,0.00843385,0.021039048,1.947182e+07,5.615459e+07,train
scenario_0961,3,48_0120;51_0114;53_0210,62027321.32895206,9.196648328957391e-05,0.029313599581940897,63851269.82413985,2.0151982e+07,2.8776686e+07,0.00013883717,0.0002976612,0.007835981,0.012016477,1.944594e+07,3.1347388e+07,train
scenario_0962,2,30_0114;30_0901,0.0,0.0,0.0,0.0,8.605326e+06,1.2504817e+07,3.9165563e-05,0.00020552691,0.0033655888,0.006070021,8.127818e+06,1.2947525e+07,test
scenario_0963,5,22_0116;26_0219;32_AA60;39_0109;55_6355,0.0,0.0,0.0,0.0,3.5763172e+07,3.9519616e+07,0.00023075694,0.0002064133,0.013390323,0.015873846,3.6135892e+07,4.239114e+07,val
scenario_0964,1,20_0159,0.0,0.0,0.0,0.0,1.013664e+07,1.3784852e+07,4.4703163e-05,-2.2867578e-05,0.0036007892,0.0049776677,1.1017194e+07,1.5708299e+07,test
scenario_0965,4,27_1020;27_3007;27_3009;27_3012,0.0,0.0,0.0,0.0,1.3140511e+07,1.5305762e+08,0.0002659646,-0.0003672528,0.0043050954,0.049908344,1.2105986e+07,1.7270867e+08,train
scenario_0966,4,4_0162;4_0264;4_0506;4_0559,0.0,0.0,0.0,0.0,1.684768e+06,-2.650705e+07,-5.8033533e-05,-0.0006803849,0.0024683299,-0.010319928,1.306884e+06,-3.0139612e+07,train
scenario_0967,2,22_0123;6_0210,0.0,0.0,0.0,0.0,3.9118348e+07,2.9300546e+07,0.00020829232,0.00023051846,0.015852597,0.01204649,4.137607e+07,3.3252324e+07,test
scenario_0968,3,26_0118;31_0123;32_0209,0.0,0.0,0.0,0.0,9.89387e+06,3.0340048e+07,3.213354e-05,-0.0002032044,0.0039369445,0.012224228,9.296736e+06,3.3041718e+07,test
scenario_0969,4,20_0106;20_0107;20_0109;20_0204,0.0,0.0,0.0,0.0,1.2251557e+07,2.7720904e+07,3.319321e-05,-0.00018491648,0.005218603,0.012228923,1.2240036e+07,3.0139482e+07,train
scenario_0970,2,40_4166;53_0202,258499129.77757877,0.0,0.05815393187768814,273531870.5611058,1.597461e+08,1.16376e+08,0.0026670448,0.0014120124,0.05748203,0.03551328,1.8315251e+08,1.2797314e+08,test
scenario_0971,2,46_9106;46_9187,0.0,0.0,0.0,0.0,4.762662e+06,2.7052036e+07,-2.5457644e-05,0.0012484677,0.0017397879,0.0032071564,8.956766e+06,2.9387546e+07,val
scenario_0972,1,12_4059,0.0,0.0,0.0,0.0,1.4335942e+07,6.655986e+06,0.0001350361,0.0012339847,0.005567798,0.0032971012,1.6445528e+07,7.494892e+06,train
scenario_0973,3,39_0107;39_0108;39_0212,0.0,0.0,0.0,0.0,1.4519905e+07,1.5174369e+07,0.00011312538,0.00017925078,0.005832225,0.00753209,1.4220004e+07,1.5348968e+07,train
scenario_0974,3,37_0207;37_0802;37_0859,0.0,0.0,0.0,0.0,6.012049e+07,7.741723e+07,0.00037812415,0.00038572217,0.025242066,0.030888982,6.5435696e+07,8.6607224e+07,train
scenario_0975,2,10_0103;10_0207,0.0,0.0,0.0,0.0,7.524572e+06,6.979868e+06,-4.7641806e-06,-7.280617e-05,0.003095996,0.003261106,7.005578e+06,7.042212e+06,train
scenario_0976,5,1_0108;1_0109;1_0112;1_0507;1_0661,55499443.33951296,0.0,0.02200673586909192,56720804.92996725,-2.030498e+06,-8.468642e+06,-0.00014819347,-0.00025586365,0.0006205477,-0.003551919,-3.52889e+06,-9.443456e+06,test
scenario_0977,2,19_0214;49_C410,43334211.864823066,0.0,0.012809961469232026,43889321.44911099,2.396464e+07,5.315127e+07,0.000119609336,-0.00012959674,0.007725197,0.018003449,2.616319e+07,5.793863e+07,train
scenario_0978,4,10_0105;10_0204;10_0206;10_0210,0.0,0.0,0.0,0.0,8.846128e+06,2.2068466e+07,1.5486876e-05,-0.00014681093,0.0037296345,0.010457853,9.108526e+06,2.3965216e+07,train
scenario_0979,2,4_0116;6_0204,0.0,0.0,0.0,0.0,2.285817e+07,1.5782349e+07,9.4670046e-05,-0.00016956439,0.009138064,0.006540405,2.2791716e+07,1.5944134e+07,train
scenario_0980,1,32_0201,0.0,0.0,0.0,0.0,8.007784e+06,1.0645903e+07,3.405912e-05,-8.586675e-05,0.0030898429,0.0042432863,8.795462e+06,1.0984706e+07,train
scenario_0981,3,49_E443;49_E444;49_E449,0.0,0.0,0.0,0.0,-8.850178e+06,-1.653595e+07,-4.2505533e-05,-0.00035421283,-0.003531361,-0.006037943,-1.3695976e+07,-2.0528456e+07,val
scenario_0982,4,4_0214;4_0218;4_0508;4_0902,0.0,0.0,0.0,0.0,2.00242e+07,1.331511e+07,0.00011788383,0.00040919872,0.008396842,0.009431439,2.0507264e+07,1.4719983e+07,train
scenario_0983,4,20_0107;20_0160;20_0205;20_0208,0.0,0.0,0.0,0.0,1.3265007e+07,2.794674e+07,3.8908867e-05,0.0001200242,0.00571934,0.0134042865,1.3418873e+07,3.100467e+07,test
scenario_0984,2,22_0122;48_0118,62463140.79992405,9.196648328957391e-05,0.029313599581940897,64299904.813358024,1.0897742e+07,1.5698211e+07,3.0472656e-05,-4.9460738e-05,0.004272205,0.0066390675,1.0533598e+07,1.6827502e+07,train
scenario_0985,2,49_E410;49_E444,0.0,0.0,0.0,0.0,2.457398e+06,1.914144e+06,1.1119599e-05,-0.00021065064,0.00040786434,0.00071965624,-20300.0,1.586112e+06,test
scenario_0986,3,39_0108;39_0160;39_0264,0.0,0.0,0.0,0.0,1.6442612e+07,2.3323396e+07,5.5151104e-05,8.77257e-05,0.006507998,0.0099250935,1.718833e+07,2.6158524e+07,test
scenario_0987,6,19_0221;26_0214;30_0114;49_D449;4_0263;5_0213,74585276.03356522,0.0,0.04800763301493182,78165938.593702,1.829518e+07,3.80436e+07,0.00024109136,-3.5451347e-05,0.008316248,0.019956302,1.9585414e+07,3.992471e+07,train
scenario_0988,2,20_0106;20_0202,0.0,0.0,0.0,0.0,1.2834181e+07,1.2966035e+07,4.9276176e-05,-0.00016009543,0.005067457,0.0056404,1.2856978e+07,1.316841e+07,train
scenario_0989,3,38_0215;38_0220;38_0260,0.0,0.0,0.0,0.0,4.9628696e+07,4.434799e+07,0.00019690915,0.00023849503,0.021025296,0.018607441,5.392348e+07,4.915313e+07,train
scenario_0990,3,40_0120;40_0505;40_0606,18342416.364558958,0.0,0.004144670016083702,18418439.627687667,-4.148038e+06,-3.2078438e+07,-0.0002067007,-0.0005246038,-0.00049825106,-0.0133561455,-4.579968e+06,-3.654869e+07,train
scenario_0991,3,26_0118;26_0120;32_0102,0.0,0.0,0.0,0.0,1.4824134e+07,4.0141308e+07,8.5257896e-05,-5.7598198e-05,0.0056158504,0.016448991,1.4445733e+07,4.412733e+07,train
scenario_0992,3,10_0105;35_0102;5_0223,51766899.42379098,0.0,0.03272172825545319,53460801.83936364,3.2599392e+07,4.035112e+07,8.873126e-05,-6.0157414e-05,0.013686409,0.016913626,3.3853096e+07,4.4829384e+07,train
scenario_0993,3,4_A330;4_A901;4_A902,0.0,0.0,0.0,0.0,-1.930328e+06,-2.4057774e+07,0.00014051948,0.00029033545,-0.003134775,-0.013052056,-8.683324e+06,-2.7182812e+07,train
scenario_0994,4,22_0114;40_0116;40_0117;40_0160,49317368.79831649,0.0,0.008289340032167403,49726177.23777754,5.812606e+06,3.1655208e+07,2.2579392e-05,-8.20242e-06,0.002678995,0.013621071,6.443824e+06,3.430802e+07,val
scenario_0995,1,53_0208,0.0,0.0,0.0,0.0,9.071168e+06,6.36695e+06,2.5741028e-05,5.4229648e-05,0.0034577716,0.0023435522,1.0095536e+07,6.91252e+06,train
scenario_0996,4,20_0159;26_0124;48_0167;49_D449,62201552.84547977,9.196648328957391e-05,0.029313599581940897,64030624.71703746,2.4396892e+07,3.0970072e+07,9.757353e-05,2.766373e-05,0.008582599,0.013323352,2.8126806e+07,3.502411e+07,train
scenario_0997,2,49_D431;49_D443,0.0,0.0,0.0,0.0,5.417734e+06,-1.7373662e+07,9.087408e-05,-5.397672e-05,0.0025637588,-0.0067380536,1.1264918e+07,-2.127994e+07,test
scenario_0998,1,32_0109,0.0,0.0,0.0,0.0,6.683644e+06,1.145218e+06,-4.2877218e-07,-3.793786e-05,0.0026280293,0.0005600704,7.441618e+06,701496.0,test
scenario_0999,2,55_0122;55_0221,0.0,0.0,0.0,0.0,1.1378762e+07,2.272982e+07,6.387185e-05,0.00025677905,0.0042827716,0.009493154,1.1008176e+07,2.550165e+07,test
scenario_1000,5,31_0114;31_0120;31_0124;31_0902;31_0903,0.0,0.0,0.0,0.0,1.8653248e+07,6.212748e+07,0.00023357902,0.0005416779,0.008191312,0.025665842,1.8968836e+07,6.871594e+07,train
scenario_1001,4,35_0106;39_0105;49_C453;8_0219,0.0,0.0,0.0,0.0,3.0028144e+07,5.3779104e+07,9.176129e-05,-3.86764e-05,0.010872005,0.017679965,3.4642044e+07,5.9435772e+07,test
scenario_1002,3,19_0111;1_0109;1_0162,37104344.74916469,0.0,0.014672618688192952,37648762.65134444,6.137994e+06,1.068249e+07,-2.2068649e-05,3.5555626e-05,0.002757213,0.0049116896,5.236788e+06,1.1935884e+07,val
scenario_1003,5,4_0120;4_0161;4_0163;4_A901;4_A903,0.0,0.0,0.0,0.0,-1.542941e+07,-1.9779346e+07,0.00039209652,0.00010852526,-0.0050104763,-0.008261623,-1.9212504e+07,-2.3394348e+07,train
scenario_1004,3,32_0111;32_0206;32_0211,0.0,0.0,0.0,0.0,9.380496e+06,1.899873e+07,4.9003967e-05,8.9106354e-05,0.0039602625,0.007706058,8.93593e+06,2.0564146e+07,test
scenario_1005,3,20_0901;27_1003;4_0224,0.0,0.0,0.0,0.0,2.2107684e+07,2.1626276e+07,0.00018527199,0.00016881166,0.008335019,0.0099527165,2.3273652e+07,2.3620556e+07,test
scenario_1006,1,22_0124,0.0,0.0,0.0,0.0,6.737422e+06,3.122762e+06,1.2429518e-05,7.141857e-05,0.0025556842,0.0014365418,7.43024e+06,3.159094e+06,train
scenario_1007,3,49_7082;49_C441;49_C451,598538494.4349011,0.0,0.17678910368178072,704353578.3850899,3.3704422e+08,2.268707e+08,0.00017645865,4.4931556e-05,0.12023346,0.06894253,3.8907066e+08,2.5700085e+08,train
scenario_1008,4,1_0103;1_0107;1_0110;1_0162,74223832.42761365,0.0,0.029334188401422018,76401128.31192084,7.484726e+06,2.205414e+07,1.03441125e-05,6.436407e-05,0.0033047767,0.010097561,7.704682e+06,2.411034e+07,val
scenario_1009,4,4_0213;4_0217;4_0223;4_0267,0.0,0.0,0.0,0.0,-411422.0,5.046755e+07,0.00011119018,7.440489e-05,0.0027845614,0.024589276,1.105672e+06,5.5015292e+07,train
scenario_1010,2,39_0103;39_0261,0.0,0.0,0.0,0.0,1.3487668e+07,1.8144148e+07,5.9485465e-05,5.931259e-06,0.005186808,0.007964868,1.338914e+07,1.9488508e+07,train
scenario_1011,3,41_AA01;41_AA59;41_AA60,62384033.07117954,0.0,0.017956712865685426,63504245.240442134,2.8058348e+07,7.4252984e+07,-0.0001670963,-0.00037736824,0.009776163,0.016758323,2.9216532e+07,7.723363e+07,train
scenario_1012,3,32_AA59;32_AA61;32_AA62,0.0,0.0,0.0,0.0,1.0079948e+07,-3.699569e+07,0.00013167162,0.000541314,0.0029741847,-0.013287207,1.2535838e+07,-4.1554516e+07,val
scenario_1013,1,10_0210,0.0,0.0,0.0,0.0,8.81393e+06,7.189638e+06,3.0745825e-05,4.3374486e-05,0.0032758056,0.0032306807,9.713444e+06,8.14604e+06,train
scenario_1014,1,39_0207,0.0,0.0,0.0,0.0,1.1102279e+07,1.3975708e+07,5.876529e-05,-5.904754e-05,0.00424227,0.0054672947,1.2268346e+07,1.5227185e+07,val
scenario_1015,4,12_0105;26_0121;32_0105;5_0221,39179780.35502437,0.0,0.0,39179780.35502437,1.1798277e+08,6.5065624e+07,0.00030148507,0.00022659302,0.04785795,0.027167426,1.336052e+08,7.304115e+07,train
scenario_1016,2,39_0201;39_0259,0.0,0.0,0.0,0.0,1.1716566e+07,2.1423936e+07,9.487706e-05,0.00019525932,0.004595918,0.008778378,1.1519116e+07,2.3182144e+07,train
scenario_1017,1,40_0160,15401792.238564793,0.0,0.0,15401792.238564793,9.298258e+06,2.0989058e+07,6.39217e-05,0.00012025074,0.003287944,0.008309403,1.0094954e+07,2.3407288e+07,train
scenario_1018,2,39_0201;39_0205,0.0,0.0,0.0,0.0,1.2775234e+07,2.9806558e+07,4.4175977e-05,-4.1795254e-05,0.004976642,0.011920852,1.2603842e+07,3.316802e+07,train
scenario_1019,2,30_0115;30_0508,0.0,0.0,0.0,0.0,3.273026e+06,-1.1228842e+07,-8.691623e-05,-0.00015890846,0.001671588,-0.00500541,3.434814e+06,-1.2664712e+07,val
scenario_1020,5,4_0223;4_0265;8_0219;8_0224;8_0811,0.0,0.0,0.0,0.0,-7.796622e+06,-1.3291678e+07,-1.9429222e-05,-0.00022447496,0.0002684025,-0.00044748094,-9.879052e+06,-1.611818e+07,train
scenario_1021,2,26_0217;39_0102,0.0,0.0,0.0,0.0,3.2462562e+07,3.3315568e+07,0.00016642065,0.00012568153,0.013161941,0.013991185,3.3603144e+07,3.6943784e+07,train
scenario_1022,3,20_0105;20_0159;20_0160,0.0,0.0,0.0,0.0,4.011943e+07,5.2109744e+07,0.00023817935,0.00037832628,0.016200941,0.02160076,4.2334468e+07,5.953992e+07,train
scenario_1023,1,49_D410,0.0,0.0,0.0,0.0,8.145176e+06,1.118204e+06,9.227902e-05,9.067425e-05,0.0031642513,-0.0004511606,1.3451781e+07,198050.0,train
scenario_1024,2,55_0215;55_0217,0.0,0.0,0.0,0.0,8.73223e+06,-5.462442e+06,1.4544712e-05,0.000119978606,0.0033883834,-0.0023932317,9.952846e+06,-7.042208e+06,val
scenario_1025,4,6_0204;6_0210;6_0503;6_0505,0.0,0.0,0.0,0.0,9.126342e+06,1.1315664e+07,9.5119874e-05,-0.00013805131,0.004733583,0.0040412736,1.0074576e+07,1.2310184e+07,train
scenario_1026,5,32_0110;32_0203;32_0206;32_0208;32_0259,0.0,0.0,0.0,0.0,2.0054932e+07,3.9489936e+07,0.00025579595,0.00062137435,0.009063441,0.016867047,1.9444966e+07,4.3227996e+07,test
scenario_1027,5,30_0115;30_0116;30_0124;30_0560;30_0903,0.0,0.0,0.0,0.0,579012.0,2.0305604e+07,-7.4353855e-05,1.8330247e-05,0.0011563897,0.008505528,835720.0,2.2758472e+07,test
scenario_1028,2,30_0114;48_5283,0.0,0.010451725491480657,0.0,0.0,3.018543e+07,-1.6480778e+07,0.0036706098,0.002389782,0.008673148,-0.006689705,3.3356588e+07,-2.0413088e+07,train
scenario_1029,2,28_0805;4_0220,0.0,0.0,0.0,0.0,2.273461e+07,2.0903084e+07,8.780589e-05,3.4252967e-05,0.009363014,0.00992131,2.3872606e+07,2.251422e+07,train
scenario_1030,5,19_0214;35_0102;53_0209;6_0205;6_0207,0.0,0.0,0.0,0.0,4.924731e+07,6.1640824e+07,3.4650002e-05,0.0004427567,0.020699283,0.026599389,4.959723e+07,6.88604e+07,train
scenario_1031,6,20_0204;32_AA02;36_0859;49_C443;4_AA61;5_0216,43412906.44259336,0.0,0.012809961469232026,43969024.101390354,1.7353832e+07,1.0518074e+08,0.00012462176,5.6946737e-06,0.0061016837,0.036547236,2.0871448e+07,1.1627258e+08,train
scenario_1032,4,12_0105;26_0116;35_0111;53_0207,0.0,0.0,0.0,0.0,1.7225886e+07,3.9905188e+07,7.064258e-05,-0.00010413476,0.0072030453,0.016820172,1.7126408e+07,4.3492852e+07,train
scenario_1033,6,27_1020;40_5021;4_AA59;51_0115;51_0123;6_0202,0.0,0.0,0.0,0.0,1.5995367e+07,-1.821163e+07,0.0008224574,0.0015755575,0.0063769906,-0.0067899376,1.5242756e+07,-2.3865396e+07,train
scenario_1034,3,27_1020;4_0221;8_A444,0.0,0.0,0.0,0.0,1.1238597e+07,2.728256e+06,0.00038100054,0.00026441866,0.0052044475,0.0049282704,1.3183604e+07,3.791078e+06,test
scenario_1035,3,12_0101;12_0108;12_0109,0.0,0.0,0.0,0.0,1.8354784e+07,2.921262e+07,6.787227e-05,-4.3259934e-05,0.0074164644,0.012537549,1.8204888e+07,3.1628872e+07,val
scenario_1036,3,19_0219;4_0265;56_B360,0.0,0.0,0.0,0.0,8.31337e+06,1.9251256e+07,0.00014963621,2.5293135e-05,0.004245689,0.0070682433,9.801958e+06,2.0768208e+07,train
scenario_1037,2,49_D440;49_D445,0.0,0.0,0.0,0.0,1.8232552e+07,3.884659e+07,1.2120392e-05,-0.00020613708,0.005250336,0.011235003,2.2863596e+07,4.171691e+07,train
scenario_1038,4,22_0113;48_0120;48_0160;48_0161,62027321.32895206,0.0002758994498687217,0.029313599581940897,63862678.69336082,1.2056045e+08,7.388826e+07,0.00038179933,0.00019702053,0.04953281,0.03009885,1.371147e+08,8.197208e+07,train
scenario_1039,3,19_0215;19_0216;38_0215,0.0,0.0,0.0,0.0,4.439212e+07,3.8176692e+07,0.00023762019,0.00023513718,0.018810578,0.016067188,4.770052e+07,4.166813e+07,train
scenario_1040,4,12_0101;35_0108;4_0263;5_0216,40.17164579548778,0.0,0.0,40.17164579548778,1.9120478e+07,4.1912264e+07,2.6213747e-05,-0.00017277623,0.00854734,0.018995015,1.892164e+07,4.5234732e+07,train
scenario_1041,2,10_0203;10_0212,0.0,0.0,0.0,0.0,1.1552109e+07,1.2779561e+07,3.704618e-05,5.8220903e-05,0.004331009,0.0062324326,1.12717e+07,1.4074338e+07,test
scenario_1042,2,8_A410;8_A431,0.0,0.0,0.0,0.0,2.221822e+06,-7.405606e+06,0.00015046194,0.0005358631,0.0028837007,-0.0030242512,8.909122e+06,-9.563036e+06,test
scenario_1043,4,27_3005;32_AA60;4_0222;6_0207,0.0,0.0,0.0,0.0,1.4819408e+07,2.4781912e+07,0.00027791745,0.00036156795,0.006078144,0.011445852,1.5839849e+07,2.6692724e+07,train
scenario_1044,4,10_0208;26_0121;35_0101;51_0114,0.0,0.0,0.0,0.0,1.9066976e+07,3.496227e+07,0.0002987783,0.00051263877,0.007973878,0.0155228935,1.8632658e+07,3.7565024e+07,val
scenario_1045,5,4_0113;4_0115;4_0123;4_0162;4_A902,0.0,0.0,0.0,0.0,-5.585002e+06,2.95063e+06,0.00012925395,-0.00019853225,0.00025568064,0.0017963722,-3.893762e+06,1.282128e+06,train
scenario_1046,3,55_C901;55_C903;55_C959,0.0,0.0,0.0,0.0,2.239476e+06,-2.1654914e+07,-0.00022792307,-0.00031199423,0.0024302937,-0.0040245727,5.366206e+06,-2.3398652e+07,train
scenario_1047,2,31_0116;38_0219,0.0,0.0,0.0,0.0,6.116018e+06,-7.76611e+06,1.6471764e-05,7.810096e-05,0.0027860403,-0.002141526,5.742666e+06,-1.059818e+07,train
scenario_1048,3,30_0121;30_0507;30_0902,0.0,0.0,0.0,0.0,4.09002e+06,-1.979033e+07,-9.9968864e-05,6.2290346e-05,0.002099827,-0.0076405257,3.741876e+06,-2.2270168e+07,val
scenario_1049,5,38_0221;48_3835;4_AA61;5_A310;8_0220,0.0,0.008273855629993832,0.0,0.0,1.1841879e+08,4.6710076e+07,0.004637632,0.0032039585,0.03959081,0.012761263,1.301179e+08,4.9298176e+07,train
scenario_1050,5,20_0104;20_0105;20_0107;20_0112;20_0901,0.0,0.0,0.0,0.0,1.4284026e+07,3.880967e+07,4.9417868e-06,-1.9132218e-05,0.006393272,0.017197493,1.4328208e+07,4.3215944e+07,test
scenario_1051,4,40_0121;48_0115;48_0121;48_0164,143288537.47470492,0.0002758994498687217,0.06277186917996551,152322560.03271744,2.65773e+07,3.6199656e+07,0.00015978538,0.00024059953,0.011306611,0.015661374,2.583685e+07,3.896528e+07,train
scenario_1052,2,49_D441;49_D461,0.0,0.0,0.0,0.0,1.6633679e+07,3.2589884e+07,2.1860847e-05,-0.00017535978,0.0048895176,0.009504103,2.1210414e+07,3.495923e+07,test
scenario_1053,2,19_0220;35_0108,0.0,0.0,0.0,0.0,1.1615387e+07,1.3373408e+07,3.7941252e-05,-1.7999555e-05,0.0046369988,0.0059072967,1.1495802e+07,1.4324752e+07,train
scenario_1054,2,4_1062;4_AA61,0.0,0.0,0.0,0.0,1.4360455e+07,5.1738744e+07,-8.915574e-05,-0.00045141083,0.004975664,0.012429239,1.4072919e+07,5.6521748e+07,train
scenario_1055,5,26_0116;31_0118;31_0120;32_0106;32_0211,0.0,0.0,0.0,0.0,-119360.0,6.088506e+06,-7.4745796e-05,7.7923905e-06,0.001153294,0.003936074,144202.0,4.841502e+06,train
scenario_1056,4,49_D430;49_D443;49_D451;49_D460,0.0,0.0,0.0,0.0,3.954122e+07,6.407657e+07,4.9348877e-05,0.0002509086,0.009007079,0.01776437,4.095871e+07,7.152363e+07,train
scenario_1057,1,38_0263,0.0,0.0,0.0,0.0,1.0678224e+07,1.1835132e+07,6.439426e-05,0.00013485589,0.004031735,0.0049722083,1.1774268e+07,1.3042686e+07,train
scenario_1058,1,1_4126,278564461.78410274,0.0,0.10999124711458047,309204114.3375381,1.5247595e+08,7.754039e+07,0.00033301816,0.00015557904,0.056953374,0.029062634,1.7191702e+08,8.626459e+07,train
scenario_1059,2,1_0112;37_0210,18520709.122283414,0.0,0.00733545059409496,18656566.86901753,9.110384e+06,4.545338e+06,6.2576437e-06,3.0567753e-05,0.0037836772,0.0023115845,8.975342e+06,5.282118e+06,train
scenario_1060,2,37_0208;5_0118,0.7165143793436717,0.0,0.0,0.7165143793436717,1.0297636e+07,5.161756e+06,2.0633262e-05,-1.541985e-05,0.00423059,0.0030085961,1.0087304e+07,4.979712e+06,train
scenario_1061,2,37_A962;37_A965,0.0,0.0,0.0,0.0,4.810476e+06,2.0333444e+07,0.00024901266,0.0006048917,0.0029255329,0.008831147,6.282506e+06,2.2107346e+07,train
scenario_1062,3,4_0222;4_0224;8_0811,0.0,0.0,0.0,0.0,5.400858e+06,3.1918676e+07,7.053313e-05,0.0002413381,0.003779525,0.014814049,6.42396e+06,3.5158784e+07,train
scenario_1063,5,48_0001;48_0115;48_0117;48_0162;48_0165,125370322.37487654,0.0045602487242012435,0.05862719916388181,133292153.08665124,1.997684e+08,9.045901e+07,0.0007732155,0.00084678363,0.08084876,0.03781547,2.3237798e+08,1.0165254e+08,test
scenario_1064,2,38_3006;8_0214,0.0,0.0,0.0,0.0,1.27251e+07,3.743881e+07,3.0462441e-05,-0.00014199494,0.0044702515,0.013498961,1.5018188e+07,4.162264e+07,val
scenario_1065,3,39_0209;39_0261;39_0264,0.0,0.0,0.0,0.0,1.7164892e+07,2.5127084e+07,5.3016265e-05,6.745565e-05,0.006691909,0.010138028,1.7824904e+07,2.8745776e+07,test
scenario_1066,2,8_A411;8_A415,0.0,0.0,0.0,0.0,1.0780338e+07,1.074483e+07,6.666528e-05,0.00040497252,0.0047038537,0.0036590481,1.4835887e+07,1.162037e+07,test
scenario_1067,1,55_0266,0.0,0.0,0.0,0.0,8.602364e+06,1.2210195e+07,3.5431338e-05,-2.1866552e-05,0.0032141982,0.0047323056,9.460848e+06,1.3290879e+07,test
scenario_1068,3,49_C453;4_0221;8_0219,0.0,0.0,0.0,0.0,2.7131212e+07,7.0778376e+07,0.00015063697,-0.00010472146,0.009938297,0.024019435,3.0077934e+07,7.891737e+07,val
scenario_1069,3,49_D410;49_D441;49_D448,0.0,0.0,0.0,0.0,1.8928244e+07,3.431422e+07,-1.9828265e-05,8.4723186e-05,0.00496494,0.0083701275,2.2901344e+07,3.6873244e+07,train
scenario_1070,3,27_1017;27_2023;27_3007,0.0,0.0,0.0,0.0,1.4687428e+07,3.491732e+07,0.00025641068,-1.915847e-05,0.0049543595,0.010005461,1.6944606e+07,3.834331e+07,train
scenario_1071,2,48_0118;48_0121,124547215.64485669,0.00018393296657914782,0.05862719916388181,131871978.40062737,1.7722116e+07,2.936065e+07,6.515777e-05,-6.0771592e-05,0.00688041,0.011791822,1.8130332e+07,3.235003e+07,train
scenario_1072,6,10_0111;31_0123;37_0212;39_0260;4_0267;55_0261,0.0,0.0,0.0,0.0,2.4119888e+07,1.167421e+07,-6.871129e-05,2.670093e-05,0.011683097,0.008900969,2.5289266e+07,1.2257502e+07,train
scenario_1073,3,19_0101;19_0219;19_0224,0.0,0.0,0.0,0.0,4.934926e+07,4.2157816e+07,0.00019278064,0.00012791475,0.02098919,0.017784111,5.3328176e+07,4.619771e+07,test
scenario_1074,6,20_0203;32_AA01;39_0107;48_0903;4_AA60;6_0207,270106346.6088387,0.00011584988781343508,0.12702556965867984,304448050.9452036,1.3959042e+07,4.3032788e+07,0.00010714076,0.00026756493,0.0052137105,0.016326915,1.3651855e+07,4.5472052e+07,test
scenario_1075,4,29_AA61;48_0123;55_0806;55_6355,62673313.83336852,9.196648328957391e-05,0.029313599581940897,64516258.10382257,1.8104364e+07,7.348538e+06,0.00018834903,0.00076775777,0.0064254072,0.004667374,1.8134266e+07,6.584978e+06,val
scenario_1076,5,49_E410;49_E448;49_E455;49_E458;49_E460,0.0,0.0,0.0,0.0,-1.810693e+07,1.0388018e+07,-3.7134014e-05,0.00017131743,-0.007808389,0.0033383104,-2.6211332e+07,1.3470087e+07,val
scenario_1077,1,40_0120,18342416.364558958,0.0,0.004144670016083702,18418439.627687667,5.5145e+06,-515258.0,-3.873429e-06,-4.2386382e-05,0.0022138841,0.000120839104,6.154218e+06,-1.587284e+06,train
scenario_1078,3,10_0103;10_0159;10_0160,0.0,0.0,0.0,0.0,9.046764e+06,1.9389042e+07,3.2869284e-05,6.990328e-05,0.0036274656,0.008874881,8.62141e+06,2.1319482e+07,train
scenario_1079,3,4_0117;4_0121;4_0160,0.0,0.0,0.0,0.0,7.178814e+06,1.5020935e+07,3.5060046e-05,-0.00040566793,0.003087956,0.00588064,7.751206e+06,1.6092097e+07,train
scenario_1080,4,29_AA66;38_0264;49_7082;4_BA02,598538494.4349011,0.0,0.17678910368178072,704353578.3850899,2.0111722e+08,1.8305966e+08,0.0006332384,0.0003480308,0.07932697,0.057065297,2.3848786e+08,2.0921682e+08,test
scenario_1081,1,1_0101,18670296.936785836,0.0,0.007337605749231694,18807292.214929055,8.448292e+06,1.0771857e+07,4.5424444e-05,2.2692315e-05,0.0032034195,0.004496419,9.262486e+06,1.1320906e+07,train
scenario_1082,2,26_0119;53_0211,0.0,0.0,0.0,0.0,7.926924e+06,2.944816e+06,-8.92565e-06,-0.000100210746,0.0033731312,0.0017195027,7.588028e+06,2.773332e+06,train
scenario_1083,5,20_0105;38_0213;38_0217;4_0219;5_0120,0.0,0.0,0.0,0.0,4.3031656e+07,6.207925e+07,-4.022362e-05,-9.9266734e-05,0.018642737,0.026406739,4.3323308e+07,6.805475e+07,train
scenario_1084,4,22_0116;48_0114;48_0122;48_0124,187454816.4978996,0.0002758994498687217,0.08794079874582272,203991461.4702235,3.006934e+07,4.2367524e+07,8.721088e-05,0.0001638325,0.012905961,0.018153585,3.1166286e+07,4.6949976e+07,test
scenario_1085,5,48_0113;48_0119;48_0121;48_0161;48_0166,299860317.83356947,0.000424881558083956,0.08794079874582272,326357678.81507856,1.7040915e+08,8.7462376e+07,0.0004182756,0.0003410211,0.06936501,0.03623631,1.9521387e+08,9.702211e+07,test
scenario_1086,4,48_0114;48_0118;48_0160;48_0801,124606630.67548376,0.0002865175629954697,0.05862719916388181,131947670.41738984,1.0679137e+08,6.345995e+07,0.0003901248,1.2947174e-05,0.044150863,0.027290896,1.2059832e+08,7.029725e+07,train
scenario_1087,1,27_3010,0.0,0.0,0.0,0.0,2.0679492e+07,3.1014678e+07,0.00019273558,0.00022485649,0.0070998026,0.009252743,2.39234e+07,3.417797e+07,train
scenario_1088,2,32_AA02;32_AA60,0.0,0.0,0.0,0.0,2.8556248e+07,1.2211118e+07,1.4152814e-05,0.0002618488,0.008447548,0.0027969852,3.0415694e+07,1.3261173e+07,test
scenario_1089,2,31_0904;32_0111,0.0,0.0,0.0,0.0,1.1753824e+07,3.4249864e+07,7.3816016e-05,0.00017894336,0.004396997,0.013664618,1.1380114e+07,3.8360132e+07,train
scenario_1090,1,6_A806,0.0,0.0,0.0,0.0,-4.6966e+06,-1.0042874e+07,0.0005510949,0.0016518065,-0.0009000031,-0.0017159805,-3.204704e+06,-1.3899516e+07,train
scenario_1091,4,10_0110;29_AA01;4_0224;8_0218,0.0,0.0,0.0,0.0,5.262136e+07,2.3924028e+07,0.00095456885,0.0010580367,0.019067345,0.009081229,5.560775e+07,2.5343262e+07,train
scenario_1092,2,37_A963;37_A965,0.0,0.0,0.0,0.0,5.584754e+06,1.8437678e+07,0.00019317804,-0.00034110807,0.0027864836,0.007392031,7.13433e+06,1.87518e+07,train
scenario_1093,1,38_0220,0.0,0.0,0.0,0.0,8.510568e+06,1.76302e+06,2.4008477e-05,-5.932321e-06,0.0034580864,0.001059697,9.565508e+06,1.261236e+06,train
scenario_1094,4,49_C445;49_C451;49_C453;49_C455,86873957.56599359,0.0,0.02561992293846405,89099661.66419375,8.707562e+07,9.512992e+07,-7.163567e-05,-0.00042055658,0.02738866,0.027248923,9.128306e+07,1.0529698e+08,train
scenario_1095,2,26_0113;5_0223,51766899.42379098,0.0,0.03272172825545319,53460801.83936364,1.7118144e+07,1.4970428e+07,7.323771e-05,-8.426883e-05,0.0071428963,0.0072437003,1.755232e+07,1.5621516e+07,train
scenario_1096,5,29_AA61;30_0120;48_5310;4_0219;53_0205,0.0,0.010412119983026269,0.0,0.0,5.00815e+07,1.4837229e+07,0.003922333,0.0027871516,0.01590764,0.008065764,5.154687e+07,1.3661934e+07,test
scenario_1097,1,49_E446,0.0,0.0,0.0,0.0,6.281256e+06,4.213342e+06,4.7528447e-06,-0.00018463912,0.0018835152,0.0015208386,7.164366e+06,3.84383e+06,train
scenario_1098,5,48_0001;48_0117;48_0118;48_0120;48_0903,394867259.8352444,0.004584132128724883,0.18565277540634567,469985586.23314846,2.2640586e+08,1.0555516e+08,0.00071771577,0.00048490928,0.09135376,0.04453348,2.6377856e+08,1.191977e+08,train
scenario_1099,1,20_0903,0.0,0.0,0.0,0.0,7.795548e+06,9.838236e+06,2.694373e-05,-7.904027e-05,0.0029267063,0.003786055,8.560126e+06,1.0386564e+07,test
scenario_1100,3,39_0110;4_0224;4_0267,0.0,0.0,0.0,0.0,7.197556e+06,1.7500796e+07,8.378847e-05,9.484947e-05,0.004220207,0.00981072,7.966746e+06,1.854864e+07,train
scenario_1101,4,4_0114;4_0122;4_0218;4_0501,0.0,0.0,0.0,0.0,2.0624464e+07,1.4231387e+07,4.3686552e-05,-5.2124233e-05,0.008826728,0.007433202,2.0806986e+07,1.5376196e+07,test
scenario_1102,3,10_0110;26_0114;35_0102,0.0,0.0,0.0,0.0,7.573146e+06,1.2867553e+07,-6.082759e-06,-0.00018671036,0.0031439234,0.0060196416,6.770976e+06,1.3311162e+07,train
scenario_1103,4,38_0263;48_0124;53_0259;55_0120,62731520.08963477,9.196648328957391e-05,0.029313599581940897,64576175.94800287,2.183083e+07,3.0641382e+07,0.00012630923,0.0005517529,0.00915096,0.013206106,2.1643766e+07,3.4431336e+07,train
scenario_1104,4,49_D430;49_D431;49_D454;49_D460,0.0,0.0,0.0,0.0,3.5134736e+07,6.702813e+07,9.386576e-05,0.0004878606,0.008113728,0.018922657,3.809527e+07,7.554998e+07,val
scenario_1105,2,48_0901;4_0215,271594789.3945486,0.00011584671444697658,0.12702382990117594,306125263.0886597,5.8212856e+07,4.407729e+07,0.00018067543,0.00022517507,0.024225097,0.019509928,6.520631e+07,4.9058904e+07,test
scenario_1106,2,55_0120;55_0121,0.0,0.0,0.0,0.0,9.111716e+06,1.6193289e+07,2.2558219e-05,-2.0960986e-05,0.003565953,0.006761263,8.598268e+06,1.7553254e+07,val
scenario_1107,1,1_0163,18528624.66938385,0.0,0.007335452950516757,18664540.523883898,7.53015e+06,4.542448e+06,1.5283775e-05,-8.036368e-05,0.002952634,0.001804553,8.311648e+06,4.518118e+06,train
scenario_1108,3,19_0103;37_A964;48_0113,62404672.38549416,9.196648328957391e-05,0.029313599581940897,64239717.10210488,1.3887491e+07,3.0149786e+07,0.00014562462,8.92165e-05,0.0059827063,0.01304777,1.5490588e+07,3.2483546e+07,train
scenario_1109,2,27_3005;36_0859,0.0,0.0,0.0,0.0,1.9507366e+07,-1.0403766e+07,0.0001980469,0.0002450416,0.0064992486,-0.0016896836,2.230413e+07,-1.3262776e+07,train
scenario_1110,5,39_0109;39_0203;39_0212;39_0265;39_0903,0.0,0.0,0.0,0.0,3.4555724e+07,3.998319e+07,-1.7361686e-05,-3.8439e-05,0.014592502,0.01781307,3.5239092e+07,4.4028744e+07,train
scenario_1111,4,55_0120;55_0122;55_0215;55_0909,0.0,0.0,0.0,0.0,9.55239e+06,5.209424e+06,5.43341e-05,0.00044962438,0.004878257,0.001984396,1.187537e+07,5.040548e+06,train
scenario_1112,2,1_0103;1_0162,37258811.83260745,0.0,0.014675998066044487,37805622.08300591,7.111206e+06,3.217732e+06,-1.0722928e-05,-6.2461477e-06,0.0029906384,0.001824433,6.653818e+06,3.02159e+06,train
scenario_1113,4,1_0107;1_0109;1_0502;1_0603,36958222.863654464,0.0,0.014657805725044474,37499949.314332806,5.337022e+06,1.4540151e+07,-5.030146e-05,-0.0004645727,0.0026212726,0.004901886,4.696522e+06,1.5477969e+07,train
scenario_1114,1,20_0105,0.0,0.0,0.0,0.0,1.013437e+07,1.4267099e+07,5.5380573e-05,-3.378649e-05,0.0038128453,0.0056691873,1.1135746e+07,1.5556167e+07,test
scenario_1115,5,26_0217;27_3009;39_0901;48_0901;5_0216,271594829.56619436,0.00011584671444697658,0.12702382990117594,306125308.36771554,1.0116726e+08,1.3918123e+08,5.7951678e-05,0.0003348812,0.040900975,0.053374417,1.154468e+08,1.5744294e+08,val
scenario_1116,4,8_A414;8_A415;8_A444;8_A452,0.0,0.0,0.0,0.0,-1.631842e+06,-1.3802262e+07,0.00014047965,0.0013893789,0.0018224213,-0.003111815,4.395556e+06,-1.2535552e+07,test
scenario_1117,3,10_0201;10_0205;10_0211,0.0,0.0,0.0,0.0,1.7702802e+07,4.2755044e+07,0.00010018678,0.00013342578,0.0067243376,0.017617736,1.7221914e+07,4.746579e+07,train
scenario_1118,3,40_0113;40_0603;40_0606,21132849.453038633,0.0,0.004786114734933133,21233993.69519694,-185102.0,-1.6984394e+07,-0.0001307567,-0.00043977064,0.00088456925,-0.0072055366,248420.0,-1.9659824e+07,train
scenario_1119,2,10_0203;49_D445,0.0,0.0,0.0,0.0,1.1268035e+07,2.3170756e+07,0.000116729614,-0.00014237352,0.004121508,0.008382734,1.485787e+07,2.4442844e+07,train
scenario_1120,3,32_0102;32_0201;32_0211,0.0,0.0,0.0,0.0,1.380301e+07,3.481653e+07,7.762226e-05,1.28928805e-05,0.005256358,0.014452963,1.3372312e+07,3.812951e+07,val
scenario_1121,1,53_A810,0.0,0.0,0.0,0.0,1.005369e+07,-7.508653e+07,-1.0872958e-05,-0.00035838137,0.004289607,-0.027080473,1.3986267e+07,-8.57847e+07,train
scenario_1122,3,48_0162;48_0167;48_0901,312976702.65163606,0.0002997796810261244,0.14656636564456485,358942384.5467955,1.2497532e+08,6.430665e+07,0.00053185836,0.00036756246,0.05087184,0.026912117,1.4479712e+08,7.25536e+07,train
scenario_1123,1,22_0122,0.0,0.0,0.0,0.0,6.352542e+06,2.079812e+06,3.0567899e-06,-2.0044507e-05,0.0024618218,0.000982237,7.037036e+06,1.699814e+06,train
scenario_1124,3,35_0111;4_0119;5_0219,51433618.35838483,0.0,0.03272172825545319,53116615.24150259,2.2434064e+07,3.4585388e+07,7.58891e-05,5.826127e-05,0.009135376,0.014618928,2.23568e+07,3.824156e+07,train
scenario_1125,6,26_0214;26_0223;32_AA60;39_0263;53_0212;6_0203,0.0,0.0,0.0,0.0,3.5679516e+07,3.535971e+07,8.774336e-05,0.00047511182,0.015227859,0.014784027,4.074452e+07,3.9573788e+07,train
scenario_1126,2,49_D445;49_D450,0.0,0.0,0.0,0.0,1.0123198e+07,1.6564441e+07,7.234684e-05,-0.00019518196,0.0033682631,0.005783773,1.4901816e+07,1.7012228e+07,train
scenario_1127,4,26_0222;29_AA65;48_0118;6_0210,62463140.79992405,9.196648328957391e-05,0.029313599581940897,64299904.813358024,4.750928e+07,3.857294e+07,-5.0149712e-05,-0.00019079886,0.019697988,0.016449515,4.8183384e+07,4.4906892e+07,train
scenario_1128,2,29_AA03;29_AA62,0.0,0.0,0.0,0.0,1.3413767e+07,-1.5328438e+07,0.00018297244,0.0011010049,0.0042136624,-0.004169655,1.5415672e+07,-1.8022892e+07,test
scenario_1129,1,49_D450,0.0,0.0,0.0,0.0,7.395852e+06,1.526316e+06,8.908058e-05,-9.535492e-05,0.0028847903,0.000746591,1.2767578e+07,881726.0,train
scenario_1130,2,32_0111;49_C444,43425124.87771973,0.0,0.012809961469232026,43981399.05419991,1.2866183e+07,1.9521856e+07,6.817367e-05,-0.00017642355,0.0043763407,0.0061110687,1.5243124e+07,2.1049226e+07,train
scenario_1131,2,22_0113;55_0121,0.0,0.0,0.0,0.0,1.0372959e+07,2.6698176e+07,4.726382e-05,-1.9552652e-05,0.0039475863,0.010723965,9.901754e+06,2.9388928e+07,train
scenario_1132,3,37_A961;37_A964;37_A965,0.0,0.0,0.0,0.0,1.067558e+06,3.198456e+07,0.00022850551,0.000627727,0.001025036,0.014103964,-1.128924e+06,3.467941e+07,train
scenario_1133,3,39_0103;39_0260;39_0810,0.0,0.0,0.0,0.0,1.1788936e+07,-3.863912e+06,2.0183332e-05,0.00033220398,0.004802754,-0.00010063592,1.29712e+07,-4.329728e+06,val
scenario_1134,6,12_0105;12_0110;19_0224;20_0901;26_0224;6_0205,0.0,0.0,0.0,0.0,9.689145e+07,8.007532e+07,5.1036608e-05,0.00020518611,0.041013487,0.0345769,1.094621e+08,8.928221e+07,test
scenario_1135,1,55_0219,0.0,0.0,0.0,0.0,7.915572e+06,-4.587672e+06,-1.2409029e-05,-4.5572e-05,0.0028652837,-0.0018920526,8.799664e+06,-5.635252e+06,train
scenario_1136,1,48_0802,0.0,1.0618113126747986e-05,0.0,0.0,7.112226e+06,7.033642e+06,8.6285654e-05,-9.45584e-05,0.0028819842,0.0033960058,8.430074e+06,6.974908e+06,train
scenario_1137,6,10_0211;19_0104;41_7081;4_AA01;5_0124;6_0203,103871577.18766528,0.0,0.029927436738347107,106980187.24286148,7.789167e+07,1.5875829e+08,-0.00017119964,-0.000103728555,0.031145774,0.056822214,8.7449464e+07,1.7568184e+08,train
scenario_1138,6,20_0902;39_0104;4_0215;55_6353;55_C960;8_0222,0.0,0.0,0.0,0.0,2.6833258e+07,2.846349e+07,5.7674493e-05,-0.00041369203,0.0110546155,0.017541662,2.5560022e+07,3.0652748e+07,train
scenario_1139,5,4_0214;4_0217;4_0264;4_0267;8_0224,0.0,0.0,0.0,0.0,-1.2685158e+07,-1.2108802e+07,9.549722e-05,-0.00025533233,-0.0008831471,0.0031413687,-1.3060868e+07,-1.6444404e+07,train
scenario_1140,3,10_0102;10_0106;10_0205,0.0,0.0,0.0,0.0,1.239427e+07,4.056604e+07,7.2304305e-05,-0.00010466055,0.00478619,0.016441954,1.1822004e+07,4.460305e+07,test
scenario_1141,1,5_0219,51433618.35838483,0.0,0.03272172825545319,53116615.24150259,1.3710615e+07,1.2083194e+07,6.1617684e-05,-3.5449746e-05,0.00554991,0.005175689,1.5212748e+07,1.2947632e+07,train
scenario_1142,5,39_0262;48_AA03;49_C458;53_0206;6_0207,0.0,0.004813491064655229,0.0,0.0,3.81489e+07,7.487291e+07,0.0035895375,0.0021329154,0.0118796015,0.023769291,4.154195e+07,8.312906e+07,train
scenario_1143,5,8_0215;8_0218;8_0219;8_0223;8_0560,0.0,0.0,0.0,0.0,1.5987398e+07,2.5304868e+07,-1.0144227e-05,8.6973305e-06,0.007134325,0.011391933,1.6255466e+07,2.8585642e+07,train
scenario_1144,2,26_0214;4_BA61,0.0,0.0,0.0,0.0,1.8218952e+07,1.7822358e+07,0.0001378089,0.0004547955,0.0064568967,0.008288829,1.7708296e+07,1.8865178e+07,test
scenario_1145,3,49_D445;49_D450;49_D452,0.0,0.0,0.0,0.0,1.081141e+07,2.2988996e+07,4.2579486e-05,-0.00012084513,0.0030166707,0.007969135,1.5454246e+07,2.4475468e+07,train
scenario_1146,2,6_0209;6_0509,0.0,0.0,0.0,0.0,1.2975711e+07,1.0153688e+07,5.8949794e-05,-0.00015150633,0.005856973,0.004314536,1.4693415e+07,1.1461982e+07,test
scenario_1147,5,19_0105;19_0106;19_0111;19_0601;19_0704,0.0,0.0,0.0,0.0,-1.373466e+06,-1.028091e+07,-0.000117777265,-0.00023733429,0.0010817861,-0.004056302,-2.00271e+06,-1.2961408e+07,train
scenario_1148,3,53_0202;53_0205;53_0212,0.0,0.0,0.0,0.0,1.1962559e+07,2.083088e+07,3.058999e-05,-0.00017634477,0.004721577,0.009081823,1.140095e+07,2.2378966e+07,val
scenario_1149,4,30_0120;48_0120;4_0224;55_0265,62027321.32895206,9.196648328957391e-05,0.029313599581940897,63851269.82413985,3.493196e+07,5.4007424e+07,8.929055e-07,5.4848206e-06,0.014493832,0.022550346,3.3594896e+07,5.9023532e+07,val
scenario_1150,5,32_0105;32_0202;32_0205;32_0210;32_0211,0.0,0.0,0.0,0.0,6.997249e+07,7.377001e+07,0.00022250938,0.0001603167,0.029095666,0.030276382,7.657154e+07,8.239487e+07,test
scenario_1151,5,19_0214;30_0805;37_0201;5_0113;5_0123,122089479.07420486,0.0,0.0774597325228557,131546497.46714756,7.457657e+07,4.137567e+07,0.0005157721,0.000617034,0.03214678,0.019404668,8.463072e+07,4.4256144e+07,train
scenario_1152,2,4_0120;4_0219,0.0,0.0,0.0,0.0,1.9045396e+07,2.592026e+07,7.756581e-05,-9.00194e-05,0.007909915,0.011051135,2.0187584e+07,2.8169038e+07,train
scenario_1153,4,10_0105;12_0112;20_0206;4_A902,0.0,0.0,0.0,0.0,5.108178e+06,6.687358e+06,6.436302e-05,0.00015555666,0.002165432,0.0031130156,1.03622e+06,6.526024e+06,train
scenario_1154,3,20_0204;20_0212;20_0901,0.0,0.0,0.0,0.0,2.4365864e+07,2.7751294e+07,0.00010375044,0.0002192477,0.009758798,0.012412137,2.434447e+07,3.1049282e+07,train
scenario_1155,2,29_AA65;29_AA66,0.0,0.0,0.0,0.0,1.0398895e+07,1.1314025e+07,-1.3744313e-05,-0.00082510937,0.005573003,0.0037968042,1.2261724e+07,1.5077258e+07,train
scenario_1156,2,4_0264;8_A430,0.0,0.0,0.0,0.0,1.1851176e+07,1.9470754e+07,0.00018077226,0.00019979883,0.005421737,0.007061747,1.3147419e+07,2.1364526e+07,test
scenario_1157,5,26_0117;26_0120;32_0201;40_0115;4_BA59,0.0,0.0,0.0,0.0,5.925107e+07,5.62531e+07,0.0004155108,0.0004197217,0.024428148,0.023592075,6.849252e+07,6.149675e+07,train
scenario_1158,6,20_0202;32_0103;41_AA59;49_D461;51_0116;6_0211,20818175.195190255,0.0,0.00598551870409653,20942782.772206225,3.168853e+07,7.035577e+07,0.00019188161,8.0194106e-05,0.011681957,0.025383031,3.2674524e+07,7.620835e+07,val
scenario_1159,6,10_0206;26_0222;37_0208;49_D446;8_0214;8_A411,0.0,0.0,0.0,0.0,2.2332458e+07,3.2817242e+07,0.00025265026,3.865169e-05,0.009312601,0.014172939,2.496036e+07,3.4992852e+07,val
scenario_1160,3,55_0114;55_0120;55_0216,0.0,0.0,0.0,0.0,9.29594e+06,2.82069e+06,-1.193257e-06,0.00013813951,0.003843104,0.0016256357,1.0289238e+07,1.906492e+06,train
scenario_1161,2,55_0259;55_0264,0.0,0.0,0.0,0.0,1.0383749e+07,1.9293016e+07,2.8073657e-05,-9.355717e-05,0.0040438683,0.007802274,9.895324e+06,2.0706192e+07,test
scenario_1162,6,29_A808;29_AA61;37_0209;6_0212;8_0215;8_0220,0.0,0.0,0.0,0.0,2.8828672e+07,4.832386e+06,0.0014959434,0.0007594711,0.010451547,0.0040835515,2.4262738e+07,3.009736e+06,train
scenario_1163,5,19_0217;38_0222;39_0101;5_0220;8_A413,5.189494423946331,0.0,0.0,5.189494423946331,1.2881972e+07,5.172349e+07,0.0005505063,0.00019039548,0.0060858275,0.022207707,1.3631507e+07,5.6280256e+07,test
scenario_1164,6,27_1004;37_0209;5_0119;5_0213;5_0215;8_A412,151811391.59153485,0.0,0.08072936127038502,164067028.26828775,1.9210172e+07,2.5814234e+07,0.00040346407,3.265591e-05,0.007936498,0.015682178,1.9475132e+07,2.6087372e+07,train
scenario_1165,3,56_7775;56_B320;56_B360,0.0,0.0,0.0,0.0,-1.276848e+06,6.517092e+06,-0.00013890219,0.000109668224,-0.0023800517,0.000962873,-921744.0,6.906836e+06,test
scenario_1166,3,4_0116;4_0118;4_0119,0.0,0.0,0.0,0.0,5.260046e+06,2.1329656e+07,-5.4819975e-07,-0.00017447854,0.002425001,0.008855065,4.741712e+06,2.2952306e+07,train
scenario_1167,5,32_AA01;32_AA02;32_AA03;32_AA59;32_AA60,0.0,0.0,0.0,0.0,934946.0,2.2713606e+07,-1.473591e-05,0.00029328323,-0.0011202609,0.0020625805,3.761334e+06,2.4481322e+07,val
scenario_1168,4,4_BA02;4_BA03;4_BA59;4_BA61,0.0,0.0,0.0,0.0,-1.4210326e+07,-1.7466874e+07,-5.0313916e-05,0.0018861266,-0.0036247186,-0.0003270125,-1.7414064e+07,-2.02998e+07,train
scenario_1169,1,55_C902,0.0,0.0,0.0,0.0,9.609516e+06,-9.167894e+06,-9.189185e-06,3.4079756e-05,0.0038544605,-0.0027931044,1.1952722e+07,-1.0427044e+07,test
scenario_1170,4,19_0215;19_0216;19_0217;19_0220,0.0,0.0,0.0,0.0,6.694056e+07,5.311184e+07,0.00017628714,0.0003551333,0.028382042,0.022595517,7.353187e+07,5.826325e+07,test
scenario_1171,3,37_0207;37_0210;5_0119,39179780.35502437,0.0,0.0,39179780.35502437,1.3872179e+07,2.6786536e+07,4.2752916e-05,-0.0002161311,0.0055005644,0.011254684,1.3583375e+07,2.9110342e+07,train
scenario_1172,1,8_A411,0.0,0.0,0.0,0.0,1.1810193e+07,-47910.0,3.9379956e-05,7.9624646e-05,0.004498003,-0.00025603548,1.6437812e+07,-589704.0,test
scenario_1173,2,10_0202;49_C447,19412.84567725237,0.0,0.0,19412.84567725237,1.4325496e+07,3.1878992e+07,8.8512475e-05,1.7205413e-05,0.004748023,0.010149156,1.6864992e+07,3.5069308e+07,test
scenario_1174,2,4_AA03;4_B320,0.0,0.0,0.0,0.0,-4.088962e+06,-1.2165212e+08,-4.8608345e-05,-0.000691318,-0.00065960083,-0.04371898,-3.691714e+06,-1.3798843e+08,train
scenario_1175,5,37_0211;48_0160;4_AA03;51_0123;55_0222,0.0,9.196648328957391e-05,0.0,0.0,8.782672e+06,-3.049653e+07,2.2917768e-05,-0.00020361535,0.004075974,-0.007896895,7.189432e+06,-3.591531e+07,train
scenario_1176,3,22_0115;22_0120;48_0165,1.8273619157722438,9.196648328957391e-05,0.0,1.827529971821335,1.1124887e+07,2.6369394e+07,3.5933568e-05,-9.304803e-05,0.0043601566,0.0110711865,1.050843e+07,2.8735226e+07,val
scenario_1177,4,49_7086;49_D431;49_D450;49_D459,350940314.2863356,0.0,0.08998969398181488,382521325.7748448,1.3724155e+08,1.413356e+08,0.00057481107,0.0006828506,0.04339991,0.03996367,1.5296482e+08,1.5842187e+08,val
scenario_1178,3,20_0201;48_0117;49_7085,62521722.22142241,9.196648328957391e-05,0.029313599581940897,64360208.85471644,2.5336347e+08,1.17264136e+08,0.00073502836,0.0008992116,0.09526793,0.03862093,2.9759504e+08,1.3462456e+08,test
scenario_1179,4,10_0208;39_0106;4_0267;6_0205,0.0,0.0,0.0,0.0,1.8966e+07,1.7280008e+07,6.7772606e-05,-8.729563e-05,0.008444484,0.01116029,1.8652468e+07,1.8167898e+07,val
scenario_1180,2,4_0219;4_0604,0.0,0.0,0.0,0.0,9.003118e+06,5.562648e+06,5.01849e-05,-6.180335e-05,0.00482203,0.0027066125,1.1485952e+07,5.370744e+06,train
scenario_1181,2,20_0104;49_E451,0.0,0.0,0.0,0.0,1.0135306e+07,8.303956e+06,4.5509994e-05,-0.00028686685,0.0034627472,0.0040548113,9.69252e+06,8.43691e+06,train
scenario_1182,2,38_0218;55_0218,0.0,0.0,0.0,0.0,1.0488197e+07,4.810324e+06,-9.51445e-06,-7.6741824e-05,0.004147451,0.0025293222,1.055021e+07,4.760474e+06,train
scenario_1183,3,22_0122;48_0113;48_0119,124373880.9132846,0.00018393296657914782,0.05862719916388181,131688449.657254,1.5974657e+07,2.5023058e+07,7.595678e-05,8.897057e-05,0.006179844,0.011178007,1.5674108e+07,2.662338e+07,train
scenario_1184,3,26_0118;31_0118;31_0120,0.0,0.0,0.0,0.0,4.07621e+06,592168.0,-1.2083561e-05,-1.3493409e-05,0.0021921825,0.0008692499,3.22427e+06,-780744.0,train
scenario_1185,5,1_0111;29_AA62;40_4166;48_0121;4_0266,339088994.5737041,9.196648328957391e-05,0.09480385885219664,371267124.57595605,1.25855224e+08,1.0237354e+08,0.0028405052,0.0021704452,0.046551757,0.03323263,1.3945062e+08,1.1221523e+08,train
scenario_1186,5,55_0114;55_0215;55_C901;55_C902;55_C903,0.0,0.0,0.0,0.0,-1.630658e+06,-4.773421e+07,-0.00029617792,6.5724846e-05,0.0015933169,-0.015217006,-2.556296e+06,-5.334002e+07,train
scenario_1187,3,12_0108;48_0167;49_E458,62201552.84547977,9.196648328957391e-05,0.029313599581940897,64030624.71703746,1.5047072e+07,2.8082126e+07,0.00012945081,-9.593982e-05,0.005435436,0.011816636,1.5063422e+07,3.0485392e+07,test
scenario_1188,4,22_0113;22_0114;48_0113;48_0166,198941354.925974,0.00014898210821523428,0.029313599581940897,204802680.84703088,7.2269384e+07,6.820788e+07,0.00028090944,0.000178846,0.030422004,0.027960576,7.949955e+07,7.553568e+07,train
scenario_1189,3,37_0203;39_0101;49_C450,43429490.91773948,0.0,0.012809961469232026,43985821.02302409,2.0114792e+07,4.6698704e+07,0.00015151671,-0.000142092,0.0072103078,0.016963568,2.1721252e+07,5.0847664e+07,val
scenario_1190,4,26_0214;27_1004;30_0122;4_0217,0.0,0.0,0.0,0.0,1.2422297e+07,-8.96355e+06,0.00016536313,-0.00050015363,0.005598908,0.001573097,1.4462418e+07,-1.303058e+07,test
scenario_1191,1,40_0121,18355829.00531857,0.0,0.004144670016083702,18431907.859417275,5.746582e+06,188084.0,2.435394e-06,-3.4691766e-06,0.0022760946,0.00046282262,6.381152e+06,-702074.0,test
scenario_1192,5,48_0118;48_0120;48_0162;48_0163;48_0164,249489578.482114,0.00045983241644786954,0.05862719916388181,264231177.08484983,1.0697965e+08,7.347814e+07,0.00010278226,0.0002275396,0.043753706,0.0303764,1.188976e+08,8.199166e+07,train
scenario_1193,4,19_0221;29_AA64;39_0901;4_0264,0.0,0.0,0.0,0.0,9.442747e+07,4.642327e+07,0.0008258967,0.0013822983,0.035626672,0.01636491,1.0730349e+08,5.1084652e+07,train
scenario_1194,3,4_0115;4_0223;4_0260,0.0,0.0,0.0,0.0,2.0201928e+07,3.2165648e+07,8.0956626e-05,-0.00020924225,0.00840085,0.015779614,2.0762616e+07,3.513352e+07,val
scenario_1195,1,10_0105,0.0,0.0,0.0,0.0,6.68271e+06,5.549034e+06,3.3287506e-06,-0.00012857601,0.0025666999,0.0020982027,7.3913e+06,5.555238e+06,train
scenario_1196,2,26_0120;53_0212,0.0,0.0,0.0,0.0,9.301612e+06,1.1690893e+07,1.1182448e-05,-6.1027124e-05,0.0037576552,0.0049510202,8.912424e+06,1.2658338e+07,val
scenario_1197,4,20_0107;26_0219;4_0213;8_0220,0.0,0.0,0.0,0.0,2.4808936e+07,3.791765e+07,9.659663e-06,-0.0001231886,0.010611246,0.017203884,2.406823e+07,4.1205484e+07,test
scenario_1198,4,32_0103;32_0107;32_0110;32_0201,0.0,0.0,0.0,0.0,9.063284e+06,2.8392886e+07,3.3277363e-05,-4.4196902e-05,0.0037738942,0.012432507,9.424068e+06,3.037598e+07,train
scenario_1199,2,26_0120;32_0101,0.0,0.0,0.0,0.0,1.1026688e+07,2.2857344e+07,4.639705e-05,-1.2482778e-05,0.004199896,0.009545827,1.0518692e+07,2.4820544e+07,test
scenario_1200,4,37_0208;37_0209;37_0802;37_0903,0.0,0.0,0.0,0.0,1.7222636e+07,2.6051356e+07,0.000109502245,9.820939e-05,0.007360328,0.012248991,1.7446572e+07,2.858269e+07,train
scenario_1201,5,48_0119;48_0160;48_0163;48_0164;48_0165,152194450.53986076,0.00045983241644786954,0.029313599581940897,156725801.66354147,1.2338223e+08,7.39868e+07,0.00019410813,0.0003045344,0.050420996,0.030781707,1.3879173e+08,8.217778e+07,train
scenario_1202,5,20_0101;20_0110;20_0112;26_0224;8_0222,0.0,0.0,0.0,0.0,1.828466e+06,-1.239811e+07,-0.000115303,-0.0003839492,0.0023281816,-0.0021733576,521698.0,-1.6492928e+07,train
scenario_1203,4,32_AA02;32_AA59;32_AA60;32_AA61,0.0,0.0,0.0,0.0,1.2488021e+07,1.106575e+07,5.3765107e-05,0.00064873823,0.002638652,0.0019544596,1.4284575e+07,1.2749949e+07,test
scenario_1204,3,19_0102;1_0105;1_0106,37178083.32133517,0.0,0.014651616277872275,37722802.332106136,7.503182e+06,2.1402084e+07,-8.340809e-06,-0.00036018866,0.0031411396,0.008650773,6.705342e+06,2.2971198e+07,train
scenario_1205,3,19_0104;19_0105;1_0112,18520709.122283414,0.0,0.00733545059409496,18656566.86901753,8.195694e+06,1.9292344e+07,1.7639948e-05,-6.493201e-05,0.0033495254,0.008214927,7.690842e+06,2.1260682e+07,val
scenario_1206,1,39_A803,0.0,0.0,0.0,0.0,8.85057e+06,-1.5308126e+07,-0.0001079544,-0.0003762155,0.0036043897,-0.0015398012,1.2335454e+07,-2.1035592e+07,test
scenario_1207,4,39_0159;48_0902;51_0123;5_0214,419781813.99190503,0.00011585321734342013,0.1597491232608291,486890223.81168556,1.9064952e+07,-3.7239664e+07,4.6982866e-05,0.0004596114,0.008208731,-0.012009151,1.9677066e+07,-4.0948484e+07,val
scenario_1208,6,12_0105;20_0204;29_0807;48_0115;51_0120;53_0208,62848598.733537555,9.196648328957391e-05,0.029313599581940897,64696697.35570376,9.08021e+07,6.776219e+07,0.0001312327,0.00019388495,0.037219435,0.027958056,9.937352e+07,7.5095736e+07,train
scenario_1209,3,20_0163;20_0902;8_0218,0.0,0.0,0.0,0.0,1.1198533e+07,2.1274806e+07,4.274142e-05,7.5791846e-05,0.00437997,0.009273056,1.0633262e+07,2.3677138e+07,test
scenario_1210,6,38_0221;38_0259;48_0124;4_0162;4_BA60;5_0214,114356751.6673545,9.196648328957391e-05,0.06203532783739409,121461427.23574959,3.2912428e+07,1.8253644e+07,-3.6463025e-06,0.00064257113,0.01336294,0.011933088,3.429152e+07,1.8985068e+07,test
scenario_1211,2,4_1036;4_A901,0.0,0.0,0.0,0.0,610136.0,-1.8173966e+07,0.00023919271,0.00042271058,-0.0005592443,-0.010467928,-976546.0,-2.1679716e+07,val
scenario_1212,5,48_0902;4_0216;51_0159;6_0211;8_A415,368156582.41418535,0.00011585321734342013,0.1270273950053759,414965206.1569002,8.14653e+06,6.4114064e+07,0.0005180929,0.00042751333,0.0050075436,0.027462756,9.421506e+06,7.131902e+07,val
scenario_1213,5,10_0202;10_0203;10_0212;10_0259;51_0123,0.0,0.0,0.0,0.0,8.648432e+06,-2.717948e+06,2.8849798e-05,0.00027135006,0.0041047037,0.0023817793,9.31379e+06,-4.417696e+06,train
scenario_1214,3,20_0209;38_0264;8_0224,0.0,0.0,0.0,0.0,6.889346e+06,-1.7042274e+07,-3.9766455e-05,-0.00015534746,0.0034332494,-0.004469,6.790688e+06,-2.0904248e+07,train
scenario_1215,5,27_3005;38_0260;39_0104;4_BA59;5_0121,0.0,0.0,0.0,0.0,2.880364e+07,3.2830124e+07,0.00016604533,0.00045934692,0.010162231,0.01631115,2.8117352e+07,3.4887624e+07,train
scenario_1216,4,26_0215;26_0217;39_0203;5_3071,0.0,0.0,0.0,0.0,1.2645179e+08,4.939249e+07,0.0025537936,0.0014948179,0.047155283,0.019312158,1.4061366e+08,5.402942e+07,train
scenario_1217,6,12_0106;19_0214;27_3007;40_0117;53_0203;53_0206,18289503.057793587,0.0,0.004144670016083702,18365307.012726296,8.989777e+07,8.814388e+07,1.3277429e-05,-9.6924545e-05,0.036701657,0.03410758,1.0343739e+08,9.706374e+07,val
scenario_1218,6,10_0106;12_0107;49_D459;51_0120;6_0206;6_0212,0.0,0.0,0.0,0.0,6.820449e+07,7.150172e+07,0.00032976092,0.0004186075,0.027296776,0.026868034,7.571196e+07,7.812175e+07,train
scenario_1219,3,27_1003;27_2018;27_3005,0.0,0.0,0.0,0.0,8.658278e+06,-7.823709e+07,0.00019975327,-0.0005948662,0.003071465,-0.024593424,1.3326407e+07,-8.998942e+07,train
scenario_1220,5,39_0107;39_0109;39_0111;39_0204;39_0262,0.0,0.0,0.0,0.0,5.1531544e+07,4.200306e+07,0.00017033608,0.0003418742,0.022327323,0.018915264,5.5285492e+07,4.516195e+07,test
scenario_1221,5,19_0111;37_0209;37_0211;39_0203;4_0267,0.0,0.0,0.0,0.0,1.6233574e+07,9.429226e+06,3.756475e-06,2.716943e-05,0.008130956,0.007642597,1.5038742e+07,1.0205832e+07,train
scenario_1222,4,49_D440;49_D444;49_D445;49_D448,0.0,0.0,0.0,0.0,1.4241839e+07,4.5252496e+07,-1.4907215e-05,-0.00027159002,0.0030699857,0.01298108,1.8236174e+07,4.818552e+07,val
scenario_1223,2,37_0859;55_0805,0.0,0.0,0.0,0.0,1.3599941e+07,4.8838612e+07,0.00019440525,0.00052830734,0.005119629,0.019281358,1.358929e+07,5.4286556e+07,train
scenario_1224,2,38_0263;39_0810,0.0,0.0,0.0,0.0,1.3218783e+07,1.0804662e+07,3.975493e-05,0.00053719984,0.004758063,0.004706495,1.4187186e+07,1.3068412e+07,val
scenario_1225,3,35_0101;4_BA59;51_0117,0.0,0.0,0.0,0.0,2.2991442e+07,3.5663876e+07,0.00042495964,0.0005583585,0.009002038,0.014331504,2.5482536e+07,3.8652692e+07,train
scenario_1226,3,39_0104;48_0901;5_0220,271594794.58404297,0.00011584671444697658,0.12702382990117594,306125268.9379447,7.070054e+07,5.279529e+07,0.00017051541,0.00018872423,0.029595505,0.022609238,7.965173e+07,5.884182e+07,train
scenario_1227,2,55_6351;55_6355,0.0,0.0,0.0,0.0,8.76168e+06,-1.515595e+07,9.80021e-05,-6.5922126e-05,0.0031464673,-0.005957499,1.2568758e+07,-2.0134484e+07,train
scenario_1228,2,27_1004;27_3012,0.0,0.0,0.0,0.0,1.6562848e+07,1.2830843e+07,0.0002069635,-0.0004079803,0.005836999,0.0047267247,2.075664e+07,1.3879914e+07,val
scenario_1229,5,38_0220;4_0260;4_0265;55_6351;5_0219,51433618.35838483,0.0,0.03272172825545319,53116615.24150259,1.2346626e+07,1.071401e+07,0.00014896586,-0.00015712701,0.0066163447,0.0090894215,1.1641114e+07,9.25508e+06,train
scenario_1230,1,38_0260,0.0,0.0,0.0,0.0,1.3305664e+07,2.4807044e+07,9.457163e-05,8.26116e-05,0.0048485505,0.0098416805,1.4537296e+07,2.7463398e+07,train
scenario_1231,1,10_0103,0.0,0.0,0.0,0.0,6.229834e+06,829492.0,1.0755466e-06,-6.730668e-05,0.0024596462,0.0005641449,6.92915e+06,96114.0,test
scenario_1232,3,31_0117;31_0904;32_0259,0.0,0.0,0.0,0.0,1.4376811e+07,4.6379444e+07,0.00017881328,0.00047765014,0.0056490665,0.018864524,1.3639685e+07,5.1457104e+07,test
scenario_1233,3,20_0902;8_0221;8_0811,0.0,0.0,0.0,0.0,6.519012e+06,-1.1679546e+07,-5.1015813e-05,-0.00012899598,0.0030264528,-0.0025718836,5.660164e+06,-1.404582e+07,test
scenario_1234,2,4_AA02;5_0121,0.0,0.0,0.0,0.0,1.3097018e+07,-1.4024234e+07,4.4986184e-05,-0.00041666516,0.004716842,-0.004611792,1.4100804e+07,-1.7072692e+07,test
scenario_1235,1,20_0210,0.0,0.0,0.0,0.0,9.1826e+06,6.390228e+06,3.250185e-05,-0.00014312289,0.0036548208,0.0028806739,1.0271696e+07,6.535114e+06,test
scenario_1236,3,20_0902;49_E450;4_0265,0.0,0.0,0.0,0.0,1.6101087e+07,9.501562e+06,0.00018385668,-0.00021826682,0.006053883,0.005618686,1.6760708e+07,9.705844e+06,test
scenario_1237,5,48_0118;48_0124;48_0167;48_0801;48_0901,396268236.0871917,0.004594747068485394,0.18565143713134266,471656755.9223765,2.0589797e+08,8.920559e+07,0.0006641719,0.00026467897,0.08297724,0.038600147,2.3881334e+08,1.0069413e+08,train
scenario_1238,3,37_0902;55_0218;55_0264,0.0,0.0,0.0,0.0,5.492826e+06,-2.607411e+07,1.5931932e-05,-0.00023011627,0.0035372064,-0.007242324,7.65405e+06,-2.9304852e+07,val
scenario_1239,2,20_0202;20_0203,0.0,0.0,0.0,0.0,1.3604783e+07,1.3958357e+07,0.000109120185,0.00012477979,0.0056143254,0.006389895,1.4158371e+07,1.3982212e+07,train
scenario_1240,5,4_0120;4_0160;4_0215;4_0608;4_0660,0.0,0.0,0.0,0.0,1.8448478e+07,2.4184174e+07,3.4298748e-05,-0.00028854137,0.008235337,0.009693375,1.782396e+07,2.6741124e+07,val
scenario_1241,6,1_0101;20_0202;26_0213;32_AA02;4_0216;53_0206,18670296.936785836,0.0,0.007337605749231694,18807292.214929055,2.55674e+07,4.5796876e+07,0.0001256792,0.00025630108,0.010818722,0.021072503,2.7518588e+07,4.89978e+07,val
scenario_1242,5,1_0162;27_1017;39_0160;40_0124;4_0266,36995402.8163127,0.0,0.011481630996923651,37420170.38003215,2.0498704e+07,-7.579558e+06,0.00014471638,-0.000109125336,0.008935638,0.0016590469,2.1625492e+07,-1.0361472e+07,train
scenario_1243,4,19_0218;4_0218;4_AA01;4_BA01,0.0,0.0,0.0,0.0,3.5830644e+07,6.895555e+07,-0.0001302853,-0.00019563307,0.013311114,0.028204273,3.448811e+07,7.711873e+07,test
scenario_1244,3,38_0213;38_0217;38_0223,0.0,0.0,0.0,0.0,1.638931e+07,2.7031758e+07,6.0384424e-05,-8.3244784e-05,0.0065704365,0.011619532,1.6265918e+07,2.9354702e+07,train
scenario_1245,4,20_0204;48_0901;49_C450;6_0204,315024280.31228805,0.00011584671444697658,0.13983379137040797,359111814.3299347,9.885771e+07,8.3760376e+07,0.00017213893,4.8450078e-05,0.036756586,0.03210794,1.1263891e+08,9.321727e+07,train
scenario_1246,4,26_0116;26_0213;26_0601;26_0903,0.0,0.0,0.0,0.0,6.747136e+06,-311388.0,-1.7686922e-05,-0.0003084109,0.0036669932,0.00012628827,7.250006e+06,-1.448234e+06,val
scenario_1247,4,55_0115;55_0119;55_0259;55_0902,0.0,0.0,0.0,0.0,2.1864416e+07,3.1074682e+07,2.8748633e-05,-0.000105954474,0.009344505,0.012785986,2.2446984e+07,3.380742e+07,test
scenario_1248,5,24_2401;49_E452;4_7079;4_BA61;5_0122,18503034.634077914,0.0,0.012001908293137442,18725106.358900864,5.390156e+06,-2.3861742e+07,0.0029600654,0.0021315014,0.002405581,-0.0016387207,9.871266e+06,-2.9417572e+07,train
scenario_1249,1,8_A430,0.0,0.0,0.0,0.0,2.3698502e+07,1.6556345e+07,5.0235336e-05,0.00027793605,0.0074321833,0.004263964,2.8902914e+07,1.8537876e+07,test
scenario_1250,3,6_0203;6_0569;6_0604,0.0,0.0,0.0,0.0,1.5534878e+07,-4.51458e+06,0.00013398156,0.00013700966,0.006605991,-0.001459566,1.760069e+07,-5.085316e+06,train
scenario_1251,3,26_0217;26_0220;26_0259,0.0,0.0,0.0,0.0,4.646933e+07,4.197198e+07,7.77573e-05,0.00019143846,0.019527756,0.017500713,5.0624e+07,4.73365e+07,val
scenario_1252,3,4_0265;4_0266;55_0221,0.0,0.0,0.0,0.0,7.584686e+06,3.97903e+06,7.391996e-05,3.7590362e-06,0.004255068,0.004943246,8.43059e+06,3.251112e+06,train
scenario_1253,6,19_0215;19_0216;39_0903;4_0260;51_5010;5_0222,51543972.27025205,0.0,0.03272172825545319,53230580.12408586,6.5691224e+07,4.52086e+07,-5.0078845e-05,0.00062134746,0.02779647,0.021915937,6.784646e+07,5.039539e+07,train
scenario_1254,1,10_0209,0.0,0.0,0.0,0.0,8.336578e+06,1.1097184e+07,3.1337782e-05,-2.9367453e-05,0.0031380462,0.004310508,9.18069e+06,1.1995062e+07,train
scenario_1255,1,20_0211,0.0,0.0,0.0,0.0,1.1530984e+07,1.1706496e+07,7.746236e-05,0.000217646,0.0042516375,0.0054973955,1.2728552e+07,1.3438362e+07,train
scenario_1256,2,29_AA62;29_AA65,0.0,0.0,0.0,0.0,1.3619623e+07,-2.166878e+06,6.5389875e-05,9.326609e-05,0.0051441686,7.063523e-05,1.4792051e+07,-1.60446e+06,val
scenario_1257,3,12_0106;12_0109;12_0506,0.0,0.0,0.0,0.0,5.135044e+06,-1.1998182e+07,-5.2472344e-05,-9.3581504e-05,0.0027224254,-0.0037774006,5.135856e+06,-1.4879444e+07,train
scenario_1258,4,37_A960;37_A963;37_A964;37_A965,0.0,0.0,0.0,0.0,-1.038173e+07,3.3363262e+07,0.00044111168,-0.0003298616,-0.0038656844,0.0141635435,-1.4968176e+07,3.431551e+07,train
scenario_1259,5,12_0104;12_0107;12_0108;12_0110;12_0561,0.0,0.0,0.0,0.0,2.281409e+07,4.1417456e+07,-8.4845815e-06,-1.7467071e-05,0.009770466,0.017113887,2.3541766e+07,4.6220476e+07,test
scenario_1260,2,31_0124;53_0210,0.0,0.0,0.0,0.0,1.1151496e+07,1.693172e+07,3.9119812e-05,0.00016953787,0.004195946,0.007099957,1.084114e+07,1.860932e+07,train
scenario_1261,4,49_D410;49_D430;49_D449;49_D462,0.0,0.0,0.0,0.0,2.6908752e+07,5.405205e+07,1.3036901e-05,0.0004387356,0.005987449,0.015662644,2.8671494e+07,6.0643904e+07,test
scenario_1262,4,35_0112;35_0802;49_7086;5_0219,402373932.6447205,0.0,0.12271142223726807,451749810.19075686,2.9646534e+08,1.8829595e+08,0.0011145223,0.0007652363,0.112931855,0.0609091,3.4911574e+08,2.1227693e+08,train
scenario_1263,2,40_0113;40_0608,21132849.453038633,0.0,0.004786114734933133,21233993.69519694,4.150154e+06,-7.505186e+06,-6.383995e-05,-0.00022228324,0.0020596478,-0.0028949706,4.412574e+06,-8.707304e+06,train
scenario_1264,6,32_7084;39_0207;4_0218;53_0202;6_0208;8_0215,0.0,0.0,0.0,0.0,1.3987683e+07,4.846509e+07,0.0008405631,-9.419094e-05,0.0068629505,0.022610815,1.3873609e+07,5.248753e+07,train
scenario_1265,5,53_0203;53_0205;53_0209;53_0259;53_0802,0.0,0.0,0.0,0.0,1.0982688e+07,1.6734629e+07,1.0043645e-05,0.00039478665,0.00488452,0.0077417707,1.2113506e+07,1.8315028e+07,test
scenario_1266,3,49_E410;49_E440;49_E454,0.0,0.0,0.0,0.0,-3.798528e+06,1.5467077e+07,6.2494946e-06,-0.00016373376,-0.002106783,0.0052829874,-7.675836e+06,1.7808516e+07,train
scenario_1267,5,39_0207;48_0119;4_0222;4_0265;4_BA02,61969208.52779045,9.196648328957391e-05,0.029313599581940897,63791448.18316444,2.2724284e+07,1.8170912e+07,-1.8797873e-05,0.0004839634,0.009539972,0.013388434,1.9042344e+07,1.8832226e+07,train
scenario_1268,1,8_0221,0.0,0.0,0.0,0.0,7.47966e+06,-4.672808e+06,4.17055e-06,-0.00023584909,0.0031955326,-0.0014169607,8.533916e+06,-6.58796e+06,test
scenario_1269,2,5_0124;5_0215,51830347.464241154,0.0,0.03272172825545319,53526326.009351775,1.639735e+07,7.96173e+06,8.093458e-05,-5.4069387e-06,0.006767024,0.0054287342,1.7070836e+07,8.589684e+06,train
scenario_1270,2,10_0107;12_0110,0.0,0.0,0.0,0.0,1.0581727e+07,1.0555097e+07,3.0777155e-05,3.738985e-05,0.004163623,0.004984011,1.0192284e+07,1.0911136e+07,val
scenario_1271,2,40_0113;40_0503,21139985.159870394,0.0,0.004786114734933133,21241163.554340314,3.959802e+06,-1.193578e+06,-5.5462413e-05,-0.00020144321,0.0017926004,-0.0009391559,4.096562e+06,-1.36421e+06,train
scenario_1272,4,49_D410;49_D440;49_D443;49_D445,0.0,0.0,0.0,0.0,1.0817929e+07,3.2172964e+07,2.8594965e-05,-0.00011450201,0.0024255598,0.008676609,1.5293871e+07,3.300712e+07,test
scenario_1273,4,10_0103;39_0261;4_0214;4_BA60,0.0,0.0,0.0,0.0,2.5221694e+07,-1.0185354e+07,1.5267462e-05,0.0005197426,0.009700353,0.0018367991,2.4426864e+07,-1.2553032e+07,train
scenario_1274,2,26_0113;4_BA02,0.0,0.0,0.0,0.0,1.303433e+07,-3.53986e+07,0.00014316544,0.00034614213,0.0046650665,-0.009890772,1.2129792e+07,-4.0983012e+07,val
scenario_1275,3,8_A413;8_A441;8_A444,0.0,0.0,0.0,0.0,-2.612644e+06,-2.393265e+07,9.897485e-05,0.00053666456,0.0016202927,-0.0055853743,3.43056e+06,-2.5220352e+07,train
scenario_1276,1,48_1116,0.0,0.005930064240965316,0.0,0.0,1.3716985e+07,3.7141816e+07,0.0012778135,0.0011498239,0.005564261,0.014840204,1.6538842e+07,4.204567e+07,test
scenario_1277,5,39_0201;39_0202;39_0203;39_0207;39_0212,0.0,0.0,0.0,0.0,6.218907e+07,5.64646e+07,1.868495e-06,3.934065e-05,0.025981173,0.02408496,6.6867904e+07,6.272444e+07,train
scenario_1278,1,39_0112,0.0,0.0,0.0,0.0,9.281978e+06,4.987952e+06,4.1786e-05,-5.0691015e-05,0.0036601503,0.0021787584,1.0301514e+07,4.585346e+06,train
scenario_1279,1,37_A964,0.0,0.0,0.0,0.0,8.003562e+06,1.5916242e+07,0.00013667304,3.795841e-05,0.0035317307,0.006376451,1.2619646e+07,1.7352284e+07,train
scenario_1280,5,10_0204;10_0210;51_0118;51_0121;51_0123,0.0,0.0,0.0,0.0,7.11584e+06,6.56582e+06,-6.193819e-06,0.00013894435,0.0035041142,0.005494324,7.620672e+06,6.440812e+06,train
scenario_1281,4,20_0102;20_0111;20_0902;8_0215,0.0,0.0,0.0,0.0,9.987588e+06,2.8049582e+07,2.414461e-05,-5.623413e-05,0.0042599584,0.012424293,1.0168814e+07,3.088343e+07,test
scenario_1282,6,12_0106;19_0214;26_0115;38_0223;4_0218;55_0224,0.0,0.0,0.0,0.0,7.825783e+07,5.4473064e+07,0.0001200117,0.00044438808,0.033913437,0.025649695,8.727848e+07,5.9400184e+07,train
scenario_1283,4,49_3010;49_C449;49_C451;49_C454,86858705.95565186,0.0,0.02561992293846405,89084019.30877039,2.105929e+08,1.8370922e+08,-0.00021689941,-0.00082661613,0.07044059,0.05300171,2.330257e+08,2.0530942e+08,train
scenario_1284,4,49_C410;49_C448;49_C450;49_C457,86763702.78256255,0.0,0.02561992293846405,88986582.16170761,1.6043331e+08,1.5500552e+08,-4.853288e-05,-6.831408e-05,0.05361004,0.048523594,1.7415942e+08,1.7301973e+08,test
scenario_1285,3,56_B330;6_0207;8_A443,0.0,0.0,0.0,0.0,1.005412e+07,2.0434566e+07,7.820709e-06,0.00068289664,0.0042362474,0.00861558,1.270869e+07,2.3956822e+07,train
scenario_1286,2,4_0161;4_0218,0.0,0.0,0.0,0.0,1.6437755e+07,3.617086e+06,8.378491e-05,-0.00019057555,0.006938395,0.0033065951,1.7691088e+07,3.072894e+06,train
scenario_1287,3,31_0113;32_0106;32_0201,0.0,0.0,0.0,0.0,1.1242774e+07,3.1181138e+07,6.275847e-05,1.2574586e-05,0.004392969,0.013149993,1.0715816e+07,3.3730468e+07,train
scenario_1288,4,19_0109;19_0112;34_0801;46_0804,0.0,0.0,0.0,0.0,5.609918e+06,4.0425184e+07,7.664539e-05,0.00026714202,0.0028252015,0.01634593,6.612666e+06,4.434831e+07,train
scenario_1289,3,40_0113;4_0218;4_0262,21132849.453038633,0.0,0.004786114734933133,21233993.69519694,2.5665578e+07,4.1656172e+07,5.8338584e-05,3.3738048e-05,0.010427436,0.019522829,2.6394542e+07,4.5902612e+07,val
scenario_1290,4,26_0121;39_0105;39_0108;53_0204,0.0,0.0,0.0,0.0,2.9287354e+07,4.277617e+07,0.0001000944,0.00010253077,0.012571846,0.018645843,2.9516194e+07,4.645109e+07,train
scenario_1291,3,48_AA01;48_AA02;48_AA03,0.0,0.014439994063386252,0.0,0.0,1.864873e+07,3.895864e+06,0.008336667,0.004441964,0.004950813,-0.00010012835,2.47629e+07,4.348738e+06,train
scenario_1292,4,19_0102;34_0801;4_0115;4_0123,0.0,0.0,0.0,0.0,5.850068e+06,2.1344572e+07,7.997618e-05,-8.3740946e-05,0.0028420454,0.009150598,7.303522e+06,2.169934e+07,train
scenario_1293,5,20_0101;20_0110;20_0111;20_0112;20_0162,0.0,0.0,0.0,0.0,-1.8366e+06,-2.7670058e+07,-0.00016506197,-0.00019058853,0.0009051105,-0.0076302905,-3.623994e+06,-3.3150712e+07,test
scenario_1294,5,32_AA61;37_0202;48_AA01;4_0218;5_0216,40.17164579548778,0.004813491064655229,0.0,40.36501165357685,3.540812e+06,-3.601366e+06,0.0012675421,0.0016287926,0.0017167423,0.004971569,1.893644e+06,-6.672564e+06,train
scenario_1295,5,4_1003;4_7614;4_B902;4_BA02;4_BA03,0.0,0.0,0.0,0.0,7.310169e+07,5.378087e+08,-0.00023676065,-0.0020780647,0.030328372,0.17982727,9.465442e+07,6.07733e+08,val
scenario_1296,1,30_0116,0.0,0.0,0.0,0.0,6.40841e+06,3.661748e+06,7.566676e-06,-3.9049017e-05,0.0024841921,0.0016165543,7.095978e+06,3.377194e+06,test
scenario_1297,2,19_0104;1_0101,18670296.936785836,0.0,0.007337605749231694,18807292.214929055,9.430146e+06,2.0150288e+07,3.5995443e-05,-6.798236e-05,0.0036444087,0.008516168,8.932786e+06,2.1466104e+07,train
scenario_1298,2,20_0104;20_0203,0.0,0.0,0.0,0.0,1.4046568e+07,2.1375956e+07,0.00011915018,0.00015685637,0.0055080988,0.0090188,1.4091995e+07,2.2624202e+07,train
scenario_1299,1,4_0268,0.0,0.0,0.0,0.0,1.2917351e+07,-4.409544e+06,8.287802e-05,-9.8507444e-05,0.00559525,-0.00051921606,1.5751281e+07,-5.876496e+06,train
scenario_1300,5,49_C410;49_C441;49_C445;49_C446;49_C458,130201369.9765702,0.0,0.03842988440769607,135204993.57449347,1.5793458e+08,1.4370163e+08,-4.1130814e-05,-0.00038674887,0.051425565,0.04201882,1.6820986e+08,1.581588e+08,train
scenario_1301,3,37_1992;49_C458;53_0208,0.0,0.0,0.0,0.0,4.120191e+07,8.005181e+07,0.00020862253,0.0007100513,0.012207739,0.027450742,4.2421404e+07,8.992906e+07,train
scenario_1302,3,12_AA01;12_AA02;12_AA03,0.0,0.0,0.0,0.0,6.300962e+06,4.594784e+07,0.0013531817,0.0023273218,0.0018839417,0.015214978,-107406.0,5.2074604e+07,train
scenario_1303,4,49_D440;4_0267;4_AA61;53_A810,0.0,0.0,0.0,0.0,3.548274e+06,-3.951164e+07,0.00024059131,-0.0008741436,0.0027658632,-0.016735304,5.299384e+06,-4.7290692e+07,train
scenario_1304,3,12_0104;12_0508;12_0565,0.0,0.0,0.0,0.0,-778910.0,-2.1135918e+07,-0.00015172051,-0.0002946328,0.00072166696,-0.009263404,-694878.0,-2.3613224e+07,test
scenario_1305,6,39_0104;49_7083;49_E450;4_0217;4_BA01;6_0202,298806181.7627945,0.0,0.10805883862625852,331094830.7384288,2.7779427e+08,2.4687043e+08,0.00081956317,-0.00030611007,0.10663707,0.08448142,3.3227565e+08,2.765803e+08,test
scenario_1306,3,32_0108;32_0205;32_0210,0.0,0.0,0.0,0.0,1.3432995e+07,3.689513e+07,7.579979e-05,6.5069195e-05,0.00512957,0.015278417,1.2988489e+07,4.0784652e+07,train
scenario_1307,2,10_0259;29_AA03,0.0,0.0,0.0,0.0,1.6559267e+07,-8.459806e+06,0.00023333565,0.00064387085,0.0058048284,-0.0016288161,1.93682e+07,-1.0288076e+07,train
scenario_1308,4,20_0107;35_0104;48_F320;5_0214,51625231.57771972,0.0024738787091180825,0.03272172825545319,53442212.93778412,3.373988e+07,3.7328024e+07,0.002903748,0.0015563858,0.011569399,0.01658838,3.2646724e+07,4.149344e+07,train
scenario_1309,2,4_0216;55_0219,0.0,0.0,0.0,0.0,1.4054496e+07,7.880854e+06,8.614965e-05,-1.434781e-05,0.006230635,0.004585957,1.6983516e+07,7.990132e+06,train
scenario_1310,5,8_A412;8_A442;8_A444;8_A446;8_A452,0.0,0.0,0.0,0.0,-7.922762e+06,-4.995094e+06,0.000170301,0.001882555,0.00022253022,0.0007892847,239264.0,-2.412048e+06,val
scenario_1311,5,6_0209;6_0211;6_0504;6_0605;6_0811,0.0,0.0,0.0,0.0,7.454718e+06,5.576647e+07,7.8397046e-05,3.6542187e-05,0.004865885,0.022532137,7.290982e+06,6.3530324e+07,train
scenario_1312,5,19_0101;19_0109;19_0110;19_0221;19_0708,0.0,0.0,0.0,0.0,-681974.0,-1.1748794e+07,-0.00013500036,-3.5856705e-05,0.0010965569,-0.003004645,-1.95163e+06,-1.4195016e+07,test
scenario_1313,2,5_0124;5_0221,40043875.92086931,0.0,0.0,40043875.92086931,3.2892666e+07,2.1430324e+07,0.00014175009,0.00017628173,0.013342622,0.010720881,3.442832e+07,2.4562272e+07,train
scenario_1314,3,5_0117;5_0219;5_0223,173451156.31579393,0.0,0.11016294441145925,192559046.4071141,2.20473e+07,3.892233e+07,4.2509055e-05,-6.3143816e-05,0.00896699,0.016754137,2.2177848e+07,4.3262844e+07,train
scenario_1315,2,4_0161;4_0221,0.0,0.0,0.0,0.0,1.5399314e+07,2.4626756e+07,7.6190656e-05,-0.00026490615,0.006639741,0.01021739,1.683383e+07,2.6858856e+07,train
scenario_1316,4,49_E431;49_E443;49_E451;49_E454,0.0,0.0,0.0,0.0,-1.7150966e+07,1.875668e+06,-6.39729e-05,-0.00034644757,-0.006954668,0.0019999715,-2.3675624e+07,1.478344e+06,train
scenario_1317,1,39_0103,0.0,0.0,0.0,0.0,8.232042e+06,4.735278e+06,3.4950717e-05,-4.8973598e-06,0.0032997844,0.002446875,9.141764e+06,4.385216e+06,train
scenario_1318,1,30_0902,0.0,0.0,0.0,0.0,7.400372e+06,9.993624e+06,2.7389644e-05,6.108021e-06,0.002757294,0.0039770324,8.116794e+06,1.0681384e+07,train
scenario_1319,4,4_0161;4_0162;4_0504;4_0663,0.0,0.0,0.0,0.0,657358.0,-2.0995234e+07,-9.772522e-05,-0.0006062341,0.0013550455,-0.009165974,602746.0,-2.4022752e+07,test
scenario_1320,4,32_AA59;39_0104;55_6353;8_0222,0.0,0.0,0.0,0.0,2.3342688e+07,2.5470628e+07,0.00023497536,-0.00014664914,0.008063709,0.0096069,2.5348196e+07,2.809462e+07,train
scenario_1321,1,55_6354,0.0,0.0,0.0,0.0,1.3483333e+07,-6.637334e+06,0.000103800965,-8.8330184e-05,0.004604116,-0.0018452918,1.6694435e+07,-7.85102e+06,train
scenario_1322,5,4_AA01;4_AA02;4_AA59;4_AA60;4_AA61,0.0,0.0,0.0,0.0,-2.3278614e+07,-4.657188e+06,-0.00029060052,-0.0018878002,-0.008801794,-0.0050460882,-3.3977136e+07,-7.418604e+06,val
scenario_1323,4,19_0111;19_0218;19_0220;19_0759,0.0,0.0,0.0,0.0,1.080363e+07,1.9806696e+07,1.4500081e-05,0.00036112664,0.0047803996,0.0089263255,1.1050304e+07,2.3301284e+07,train
scenario_1324,1,48_0161,0.0,9.196648328957391e-05,0.0,0.0,1.2437626e+07,2.0114784e+07,8.499589e-05,4.44373e-05,0.004650728,0.008051515,1.3621838e+07,2.1960628e+07,test
scenario_1325,3,19_0216;38_0214;38_0263,0.0,0.0,0.0,0.0,5.2111372e+07,4.507109e+07,0.00014011243,0.00017517564,0.02192457,0.018803667,5.6862748e+07,5.0363584e+07,test
scenario_1326,3,37_0202;37_0205;37_0207,0.0,0.0,0.0,0.0,1.1877648e+07,1.2179192e+07,2.9952294e-05,-0.00027894072,0.0049843495,0.006204265,1.2016962e+07,1.1641128e+07,test
scenario_1327,1,19_0109,0.0,0.0,0.0,0.0,5.451264e+06,159714.0,-1.8744176e-05,-0.00015330545,0.0021404335,3.154762e-05,6.07006e+06,-439704.0,train
scenario_1328,6,10_0102;20_0210;27_3009;37_A962;55_0117;5_0221,39179780.35502437,0.0,0.0,39179780.35502437,6.121299e+07,1.0862745e+08,8.1937615e-05,0.00032298875,0.025083281,0.041088697,6.714485e+07,1.2283851e+08,train
scenario_1329,2,20_0105;20_0161,0.0,0.0,0.0,0.0,1.3381315e+07,2.6363248e+07,0.00016031695,0.0004472813,0.005045831,0.011755492,1.3390283e+07,2.906319e+07,test
scenario_1330,6,10_0108;1_0102;49_D461;4_AA01;55_0220;8_0218,18685964.314961016,0.0,0.007316266486974111,18822675.80945536,8.1904744e+07,9.306339e+07,-0.00015036899,-0.0003516543,0.03076038,0.034862064,9.549108e+07,1.0375365e+08,val
scenario_1331,4,39_0103;39_0104;39_0809;39_0901,0.0,0.0,0.0,0.0,1.6064066e+07,1.2480301e+07,8.097844e-05,0.00059626444,0.0066852863,0.0064490833,1.7385042e+07,1.498021e+07,val
scenario_1332,2,12_0105;39_0105,0.0,0.0,0.0,0.0,1.3280705e+07,2.1412412e+07,5.0314135e-05,-9.2807226e-05,0.005305801,0.0089364005,1.3410524e+07,2.3094244e+07,train
scenario_1333,5,48_0119;48_0121;48_0122;48_0901;48_0903,603740923.597896,0.0005075960521291334,0.28336341379186564,775125469.2637769,1.8194317e+08,9.086734e+07,0.00054896914,0.0002942548,0.07378213,0.039042138,2.1130146e+08,1.023592e+08,train
scenario_1334,5,27_1020;27_3012;37_0210;51_0124;53_0210,0.0,0.0,0.0,0.0,2.3532348e+07,3.582909e+07,0.00017324448,-8.625537e-05,0.009120492,0.0128904255,2.3778716e+07,4.062415e+07,test
scenario_1335,5,12_0103;26_0121;39_0110;53_0209;5_0215,51830347.464241154,0.0,0.03272172825545319,53526326.009351775,3.4656104e+07,3.3984188e+07,-1.6848382e-05,0.00019152873,0.01493492,0.016282678,3.4895064e+07,3.6666324e+07,train
scenario_1336,4,10_0203;10_0260;51_0114;51_0119,0.0,0.0,0.0,0.0,1.5370522e+07,2.8289904e+07,0.00021972602,0.0003510479,0.0065384204,0.012477709,1.4663432e+07,2.9549414e+07,test
scenario_1337,4,32_0112;32_AA61;35_0802;6_0202,0.0,0.0,0.0,0.0,8.236574e+07,3.566673e+07,0.00017443519,0.00034208497,0.03183467,0.017661018,9.4768584e+07,3.9733536e+07,train
scenario_1338,2,32_0105;32_0110,0.0,0.0,0.0,0.0,1.0232638e+07,1.8334648e+07,3.0277151e-05,-3.715587e-05,0.0039710547,0.0075014196,9.793776e+06,2.0094812e+07,val
scenario_1339,4,10_0206;10_0209;10_0259;51_0113,0.0,0.0,0.0,0.0,1.690126e+07,3.6648908e+07,0.00014176744,0.00022448898,0.0066900146,0.016048703,1.6430492e+07,4.0450696e+07,train
scenario_1340,5,30_0114;30_0115;30_0121;30_0123;30_0902,0.0,0.0,0.0,0.0,212270.0,1.3580138e+07,-6.8223395e-05,1.4487887e-06,0.0010056114,0.0072220596,681218.0,1.3862121e+07,train
scenario_1341,5,6_0201;6_0205;6_0208;6_0209;6_0212,0.0,0.0,0.0,0.0,2.858455e+07,5.953381e+07,7.902204e-05,0.00025090275,0.012430121,0.027614016,2.878164e+07,6.5210612e+07,test
scenario_1342,3,5_0113;5_0213;5_0216,177948323.2044333,0.0,0.11346323068654676,198138914.8504621,3.747799e+07,4.5924016e+07,0.00011414506,0.00010505988,0.015382625,0.01972089,3.747781e+07,4.9735124e+07,train
scenario_1343,4,1_0103;49_C440;49_E454;4_0262,61951813.9260146,0.0,0.020148792357564862,63200068.160984375,8.720713e+07,7.542073e+07,0.00023680844,0.00026699403,0.031072965,0.025726099,9.747952e+07,8.439e+07,train
scenario_1344,4,20_0106;20_0159;20_0163;20_0207,0.0,0.0,0.0,0.0,1.0706467e+07,2.4655634e+07,2.4609326e-05,-0.00014243711,0.00460719,0.010315702,1.0694868e+07,2.709839e+07,train
scenario_1345,2,40_4166;48_0160,258499129.77757877,9.196648328957391e-05,0.05815393187768814,273555643.81700486,1.814586e+08,1.27894024e+08,0.0027407855,0.0015619488,0.065958306,0.039821785,2.0920408e+08,1.411484e+08,test
scenario_1346,5,37_0209;48_3579;49_C446;51_0119;55_C901,43429657.09315336,0.002075265642057733,0.012809961469232026,44076117.40235038,1.3257243e+07,3.3551612e+07,0.00028900336,0.001337806,0.0051229005,0.011198891,1.3982525e+07,3.4468904e+07,test
scenario_1347,3,4_0222;51_0122;8_A446,0.0,0.0,0.0,0.0,1.050101e+07,2.8133308e+07,0.0003133343,0.00052465976,0.00554378,0.012520245,1.2169326e+07,3.150699e+07,train
scenario_1348,2,4_0216;4_0503,0.0,0.0,0.0,0.0,1.2229011e+07,6.297066e+06,6.358794e-05,-0.00010361726,0.0057451352,0.0033156709,1.4421799e+07,6.189792e+06,test
scenario_1349,3,55_0119;55_0213;55_0216,0.0,0.0,0.0,0.0,1.471226e+07,3.469696e+07,0.0001018529,0.00017167817,0.0055688657,0.014976238,1.4210711e+07,3.770099e+07,train
scenario_1350,6,26_0218;35_0102;37_0207;48_0119;4_BA59;55_6353,61969208.52779045,9.196648328957391e-05,0.029313599581940897,63791448.18316444,4.273773e+07,5.244504e+07,6.856886e-05,0.000120400175,0.017064769,0.023867022,4.4544724e+07,5.6954764e+07,train
scenario_1351,3,49_C445;49_C447;49_C456,43456913.86427104,0.0,0.012809961469232026,44013595.25644409,9.998879e+07,1.0758242e+08,-3.8904196e-05,-8.016327e-05,0.032529127,0.0316149,1.0825442e+08,1.198896e+08,train
scenario_1352,1,49_D448,0.0,0.0,0.0,0.0,8.531942e+06,9.456426e+06,8.4576764e-05,2.9877629e-05,0.0032051797,0.0022254484,1.3963991e+07,1.008321e+07,train
scenario_1353,6,19_0107;19_0222;20_0203;26_0214;37_0207;4_BA03,0.0,0.0,0.0,0.0,4.3511436e+07,2.7999036e+07,-2.526876e-05,0.00058657763,0.017851692,0.015962046,4.5752816e+07,2.9155228e+07,train
scenario_1354,1,48_3679,0.0,0.0011922187791619798,0.0,0.0,1.218602e+06,1.2171152e+07,0.0013041769,0.0015477603,0.0016210619,0.004242407,3.784534e+06,1.2595082e+07,val
scenario_1355,4,39_0203;39_0204;39_0208;39_0211,0.0,0.0,0.0,0.0,6.4286784e+07,5.184589e+07,0.000112656184,0.00023072901,0.026658183,0.021943662,6.935231e+07,5.804169e+07,train
scenario_1356,5,35_0801;38_0215;39_0212;49_C451;6_0205,43436456.547399804,0.0,0.012809961469232026,43992875.88213197,8.2192376e+07,6.919762e+07,0.00011313126,0.00018002657,0.031457454,0.02871976,9.5126e+07,7.66595e+07,val
scenario_1357,1,48_0113,62404672.38549416,9.196648328957391e-05,0.029313599581940897,64239717.10210488,1.0262791e+07,1.0827047e+07,5.9257567e-05,-2.7930277e-05,0.00404173,0.0045349523,1.1331284e+07,1.1183744e+07,test
scenario_1358,1,49_C455,0.0,0.0,0.0,0.0,1.0998995e+07,1.6288931e+07,7.7588775e-05,-4.4811488e-05,0.0036985055,0.005350212,1.5262731e+07,1.7451974e+07,test
scenario_1359,2,20_0103;20_0203,0.0,0.0,0.0,0.0,1.2967639e+07,1.7226288e+07,0.00010914779,0.00017178705,0.0051625306,0.0076347254,1.2940175e+07,1.772824e+07,train
scenario_1360,2,55_0124;55_0213,0.0,0.0,0.0,0.0,1.1946563e+07,2.3367804e+07,4.3687338e-05,0.00015209234,0.004398701,0.009628709,1.1690938e+07,2.6003296e+07,train
scenario_1361,3,12_0104;12_0109;12_0504,0.0,0.0,0.0,0.0,4.388708e+06,-1.0069098e+07,-7.14137e-05,-0.00022169272,0.0024657901,-0.0034959372,4.315854e+06,-1.2411372e+07,train
scenario_1362,1,27_2018,0.0,0.0,0.0,0.0,1.4578415e+07,-3.3260898e+07,0.0001419801,-0.00040745293,0.0049264356,-0.009993684,1.8418344e+07,-3.8341852e+07,train
scenario_1363,2,35_0112;35_0802,0.0,0.0,0.0,0.0,1.503421e+07,5.2136344e+07,0.00010789874,0.00017804994,0.0054447814,0.020347565,1.4666483e+07,5.8322084e+07,train
scenario_1364,2,39_0265;55_0117,0.0,0.0,0.0,0.0,1.1597184e+07,8.019866e+06,1.5877449e-06,-9.921173e-05,0.004386424,0.0032789656,1.241937e+07,8.536998e+06,train
scenario_1365,1,27_3007,0.0,0.0,0.0,0.0,2.4307854e+07,5.201203e+07,0.00016998895,-0.00030528946,0.008278215,0.016788848,2.627681e+07,5.794328e+07,train
scenario_1366,2,26_0122;48_F320,0.0,0.0024738787091180825,0.0,0.0,1.3136284e+07,2.4291952e+07,0.002256965,0.001617658,0.0041293753,0.00965927,1.2387782e+07,2.8296042e+07,val
scenario_1367,4,39_0111;39_0204;39_0207;39_0212,0.0,0.0,0.0,0.0,3.95655e+07,3.4833036e+07,9.587967e-05,0.00011488941,0.017000884,0.01587692,4.162108e+07,3.7915664e+07,train
scenario_1368,4,10_0201;10_0211;10_0260;51_0119,0.0,0.0,0.0,0.0,1.2911252e+07,3.0387206e+07,0.00010936042,0.0001559066,0.0052974992,0.013258069,1.2643676e+07,3.2298434e+07,test
scenario_1369,4,22_0122;40_0113;48_0117;48_0123,146327885.50782958,0.00018393296657914782,0.06341331389881494,155633936.16576213,1.5107754e+07,3.2520936e+07,7.329331e-05,0.00014790299,0.0062735863,0.014395277,1.4951171e+07,3.5414284e+07,train
scenario_1370,2,24_1632;4_BA60,0.0,0.0,0.0,0.0,1.9733066e+07,-3.9683584e+07,0.0012572212,0.0031174757,0.0074146343,-0.013404008,2.5853684e+07,-4.7051212e+07,train
scenario_1371,3,12_0103;19_0111;6_0205,0.0,0.0,0.0,0.0,2.646473e+07,2.1111552e+07,7.1516086e-05,6.671257e-05,0.010757294,0.010298169,2.6286746e+07,2.316938e+07,train
scenario_1372,3,35_0106;53_0203;5_0218,34268150.019386314,0.0,0.02181549726702784,35015726.752480336,1.4845015e+07,1.225909e+07,5.3022886e-05,-2.3545814e-05,0.006332146,0.0065631988,1.5089822e+07,1.2373156e+07,train
scenario_1373,2,32_0211;32_0259,0.0,0.0,0.0,0.0,1.0641349e+07,2.011133e+07,0.000105124316,0.000322153,0.0041003875,0.008293037,1.0335866e+07,2.1910144e+07,train
scenario_1374,4,31_0116;31_0118;31_0119;31_0122,0.0,0.0,0.0,0.0,1.464458e+06,1.1753702e+07,-2.3849541e-05,3.3783523e-05,0.0014962684,0.005444465,1.481648e+06,1.1803498e+07,train
scenario_1375,6,27_2023;29_AA61;32_AA59;49_C430;49_C431;4_0264,86816504.35636151,0.0,0.02561992293846405,89040736.50775833,1.587237e+08,1.34062536e+08,0.0010548357,0.00091648236,0.055840846,0.038994044,1.7990275e+08,1.5105406e+08,train
scenario_1376,3,26_0121;31_0121;32_0202,0.0,0.0,0.0,0.0,1.2090258e+07,3.0530492e+07,7.521546e-05,0.0002294129,0.004661244,0.012953134,1.1623466e+07,3.3995144e+07,val
scenario_1377,1,31_0903,0.0,0.0,0.0,0.0,7.41522e+06,1.550786e+07,9.335927e-05,0.00015595208,0.002770896,0.0058361623,8.453784e+06,1.6312525e+07,val
scenario_1378,3,49_7082;49_C410;49_C452,598538494.4349011,0.0,0.17678910368178072,704353578.3850899,3.565388e+08,2.469233e+08,0.00020415816,-7.554042e-05,0.12739204,0.07481377,4.122806e+08,2.784139e+08,train
scenario_1379,2,10_0108;51_0123,0.0,0.0,0.0,0.0,3.196988e+06,-2.1522518e+07,-4.378424e-05,-6.182154e-05,0.0018764576,-0.007528506,2.945508e+06,-2.5693088e+07,val
scenario_1380,2,4_AA01;4_AA59,0.0,0.0,0.0,0.0,1.2021847e+07,1.2007901e+07,-9.521202e-05,-0.0008471293,0.003940469,0.0028216606,1.0647148e+07,1.2948687e+07,train
scenario_1381,4,22_0121;22_0122;22_0123;22_0708,0.0,0.0,0.0,0.0,5.54877e+06,3.002612e+06,-6.0835475e-05,-4.4024957e-05,0.0027326662,0.0020335102,4.647762e+06,2.979124e+06,val
scenario_1382,2,26_0118;31_0116,0.0,0.0,0.0,0.0,8.253222e+06,1.5211629e+07,1.4380072e-05,-0.00012196021,0.0032768222,0.0064469026,7.716862e+06,1.5946533e+07,test
scenario_1383,4,4_0214;4_0266;8_0216;8_0223,0.0,0.0,0.0,0.0,1.9092936e+07,1.5374978e+07,4.85012e-05,-3.867448e-05,0.008307824,0.011200336,1.884603e+07,1.6143081e+07,train
scenario_1384,5,48_1068;48_3579;48_F310;48_F320;48_F340,0.0,0.013959684966647123,0.0,0.0,2.9634038e+07,4.1830108e+07,0.015020851,0.009663117,0.005483234,0.011226608,3.0394548e+07,4.4544476e+07,train
scenario_1385,3,26_0114;26_0119;39_0106,0.0,0.0,0.0,0.0,1.1075138e+07,1.6310055e+07,2.2563821e-05,-0.00023943943,0.004379926,0.0072714975,1.0366726e+07,1.6959994e+07,test
scenario_1386,3,20_0105;20_0210;20_0259,0.0,0.0,0.0,0.0,2.3776508e+07,3.3930628e+07,8.8196364e-05,-0.0001888464,0.009419426,0.015055835,2.3627292e+07,3.783295e+07,train
scenario_1387,3,12_0109;51_0114;51_0120,0.0,0.0,0.0,0.0,1.3815193e+07,2.0599422e+07,0.00010735035,0.00023986302,0.0054230066,0.009210641,1.3320097e+07,2.1989156e+07,train
scenario_1388,3,41_7081;48_5026;8_0217,103871577.18766528,0.0021552921239448297,0.029927436738347107,107204060.83507577,2.6833708e+07,6.831773e+07,0.00075332716,0.0024771274,0.009222131,0.02316752,2.8024548e+07,7.231221e+07,val
scenario_1389,5,10_0208;12_0101;27_3010;49_7083;55_0263,298806181.7627945,0.0,0.10805883862625852,331094830.7384288,2.4719022e+08,2.4388458e+08,0.0006091553,-0.00036454468,0.092289746,0.076849565,2.8941834e+08,2.7272918e+08,train
scenario_1390,3,49_C441;49_C455;49_C456,2364.756731594898,0.0,0.0,2364.756731594898,6.1427704e+07,9.420676e+07,-4.025799e-05,0.00015350195,0.01896755,0.030625887,6.3296588e+07,1.0528376e+08,train
scenario_1391,5,4_AA01;4_AA02;4_AA03;4_AA59;4_AA61,0.0,0.0,0.0,0.0,-2.710251e+07,-3.3600216e+07,-0.0002852488,-0.0019047814,-0.010139406,-0.014526838,-3.8004196e+07,-3.9835932e+07,test
scenario_1392,1,32_0204,0.0,0.0,0.0,0.0,8.823488e+06,1.1772827e+07,5.0259725e-05,9.656952e-05,0.0032979976,0.0048915735,9.666044e+06,1.2665534e+07,train
scenario_1393,2,19_0223;29_AA64,0.0,0.0,0.0,0.0,8.997983e+07,4.61373e+07,0.0005164866,0.0012980662,0.032091383,0.013922751,1.0312954e+08,5.1042828e+07,train
scenario_1394,3,20_0108;22_0115;38_0262,0.0,0.0,0.0,0.0,8.42954e+06,6.287374e+06,-1.3285258e-05,-0.0001268865,0.0035014544,0.0035671308,7.530622e+06,6.07255e+06,train
scenario_1395,2,39_0103;51_0113,0.0,0.0,0.0,0.0,1.3089401e+07,2.4382864e+07,7.891099e-05,0.00015965768,0.004874236,0.010672182,1.2559604e+07,2.6551522e+07,test
scenario_1396,1,53_0211,0.0,0.0,0.0,0.0,7.150512e+06,-2.232978e+06,-4.29753e-06,-7.131716e-05,0.0029419702,-0.0006633168,8.091706e+06,-3.093684e+06,val
scenario_1397,5,8_A413;8_A430;8_A442;8_A451;8_A455,0.0,0.0,0.0,0.0,-7.459406e+06,-1.38633e+06,0.0003878402,0.001475259,-0.00046473462,-0.0016580354,1.059334e+06,343742.0,train
scenario_1398,4,48_1068;48_F310;48_F320;48_F330,0.0,0.01188441932458939,0.0,0.0,2.4372726e+07,2.5438344e+07,0.011828954,0.007815826,0.0050368756,0.0067324024,2.4850532e+07,2.724165e+07,train
scenario_1399,4,31_0119;32_0101;32_0112;32_0210,0.0,0.0,0.0,0.0,9.416214e+06,4.2166116e+07,4.4888104e-05,-2.5631103e-05,0.003916102,0.01748155,9.903472e+06,4.669609e+07,train
scenario_1400,1,24_2401,0.0,0.0,0.0,0.0,1.1725497e+07,3.175082e+06,0.00015516396,0.0010239969,0.0038467874,0.0031134621,1.6096758e+07,2.398416e+06,val
scenario_1401,5,6_0202;6_0204;6_0205;6_0206;6_0207,0.0,0.0,0.0,0.0,4.321835e+07,8.710641e+07,-1.1291559e-05,0.00060210563,0.018127691,0.036317565,4.1849228e+07,9.718246e+07,test
scenario_1402,4,10_0209;37_0201;39_0106;55_6351,0.0,0.0,0.0,0.0,2.3228436e+07,1.2437297e+07,0.00016249441,-6.278517e-05,0.008539527,0.006449819,2.3323692e+07,1.1494118e+07,test
scenario_1403,1,30_0118,0.0,0.0,0.0,0.0,7.035064e+06,8.611952e+06,1.6202815e-05,-6.288313e-05,0.0026453007,0.003376027,7.751158e+06,9.246564e+06,train
scenario_1404,1,32_0210,0.0,0.0,0.0,0.0,9.518222e+06,1.8336384e+07,5.6665027e-05,5.8447913e-06,0.0035129548,0.0072342125,1.0397092e+07,2.0135356e+07,test
scenario_1405,6,20_0110;32_0112;48_AA03;4_0215;4_0224;6_0203,0.0,0.004813491064655229,0.0,0.0,3.677382e+06,4.354833e+07,0.0021693138,0.001952946,0.0014113402,0.01820977,-1.084994e+06,4.6667024e+07,train
scenario_1406,2,20_0901;26_0213,0.0,0.0,0.0,0.0,1.640304e+07,1.9504102e+07,9.08997e-05,0.00013821702,0.0061193192,0.008745044,1.6728522e+07,2.1223238e+07,train
scenario_1407,4,4_0213;4_0216;4_0217;4_0663,0.0,0.0,0.0,0.0,6.199054e+06,4.301821e+07,9.5882206e-05,5.319793e-05,0.0044304347,0.020023169,8.280684e+06,4.6501256e+07,train
scenario_1408,1,20_0202,0.0,0.0,0.0,0.0,1.0188145e+07,8.709014e+06,4.8217742e-05,-0.00014822226,0.004144372,0.003629201,1.146637e+07,8.756304e+06,val
scenario_1409,5,31_0114;31_0116;31_0119;31_0123;31_0903,0.0,0.0,0.0,0.0,5.202606e+06,4.5172864e+07,8.4636486e-05,0.00011594678,0.002814564,0.01871136,7.107544e+06,4.8870668e+07,val
scenario_1410,4,49_C447;49_C452;49_C454;49_C457,43444551.796382695,0.0,0.012809961469232026,44001074.830942415,4.806773e+07,9.447218e+07,-4.0604762e-05,-5.4292963e-05,0.014653717,0.031123364,4.85346e+07,1.0510931e+08,train
scenario_1411,3,26_0116;31_0902;32_0102,0.0,0.0,0.0,0.0,1.5216992e+07,4.1968376e+07,0.00010772474,0.00010383151,0.00574944,0.017529491,1.4649204e+07,4.582027e+07,train
scenario_1412,4,39_0110;39_0208;48_0116;6_0207,62790227.55731603,9.196648328957391e-05,0.029313599581940897,64636609.742003545,4.554377e+07,4.8105e+07,7.5741045e-05,0.0002238652,0.01896751,0.019703079,4.5796456e+07,5.346797e+07,val
scenario_1413,5,32_AA02;32_AA03;32_AA59;32_AA60;32_AA62,0.0,0.0,0.0,0.0,-3.108684e+06,-1.9409334e+07,7.735407e-05,0.0005607231,-0.0020334618,-0.009830523,-171152.0,-2.1758588e+07,train
scenario_1414,1,46_0803,0.0,0.0,0.0,0.0,8.351558e+06,2.3624614e+07,0.00011375222,0.000258906,0.0030401275,0.008958541,9.394392e+06,2.5573508e+07,val
scenario_1415,4,12_0102;39_0160;53_0210;5_0222,51543972.27025205,0.0,0.03272172825545319,53230580.12408586,4.0578828e+07,4.613268e+07,-3.1501113e-06,0.00014951397,0.01697022,0.019885726,4.1338536e+07,5.1253176e+07,train
scenario_1416,4,55_0124;55_0224;55_0806;55_0909,0.0,0.0,0.0,0.0,1.5774604e+07,3.2569562e+07,7.221858e-05,0.00035087776,0.0066355076,0.012988609,1.6487796e+07,3.6533556e+07,train
scenario_1417,5,34_0559;34_0801;34_0860;34_0901;34_0962,0.0,0.0,0.0,0.0,-6.56961e+06,-5.2462936e+07,-0.00019417054,-7.478823e-05,-0.00062060077,-0.020662956,-7.875576e+06,-5.9593308e+07,val
scenario_1418,5,4_0117;4_0161;4_0162;4_0163;4_A903,0.0,0.0,0.0,0.0,-7.83025e+06,-2.9333914e+07,0.0002106064,-0.0007252324,-0.00058301445,-0.011604555,-7.054984e+06,-3.4745292e+07,val
scenario_1419,1,53_0207,0.0,0.0,0.0,0.0,1.0419845e+07,1.5493778e+07,6.3602e-05,4.493812e-05,0.0038612247,0.006221946,1.1413728e+07,1.7064492e+07,test
scenario_1420,6,12_0102;26_0118;29_AA01;40_0119;4_0221;4_0268,18331269.764261868,0.0,0.004144670016083702,18407246.828410544,7.591911e+07,6.4738936e+07,0.00071569055,0.000786001,0.031195303,0.026855733,8.163161e+07,7.0011144e+07,train
scenario_1421,6,12_0111;27_2023;29_AA02;48_5283;4_0220;5_0224,0.0,0.010451725491480657,0.0,0.0,4.035826e+07,1.7300376e+07,0.0035679324,0.0034594354,0.011919865,0.0071187974,3.8456064e+07,1.8195912e+07,train
scenario_1422,2,19_0217;5_0123,309.81352114676343,0.0,0.0,309.81352114676343,1.2854881e+07,9.434564e+06,5.573657e-05,5.99075e-05,0.005086358,0.005318868,1.291339e+07,9.971168e+06,train
scenario_1423,5,26_0115;26_0122;39_0107;53_0203;53_0207,0.0,0.0,0.0,0.0,2.1270384e+07,2.9936268e+07,0.00020387374,0.0004981819,0.009597999,0.01366956,2.0315554e+07,3.2125618e+07,val
scenario_1424,4,37_0203;37_0205;37_0259;37_0801,0.0,0.0,0.0,0.0,9.462405e+07,4.8048944e+07,0.0005149141,0.00056256505,0.03940539,0.021952558,1.0693997e+08,5.344207e+07,test
scenario_1425,3,37_0902;55_0221;55_0224,0.0,0.0,0.0,0.0,7.903104e+06,-9.215446e+06,4.4400265e-05,5.6817342e-05,0.004239428,-0.0007771654,9.917548e+06,-9.471936e+06,test
scenario_1426,2,38_0214;38_0263,0.0,0.0,0.0,0.0,1.759482e+07,2.7310916e+07,8.56854e-05,0.0001144078,0.006635871,0.011358881,1.810532e+07,3.0201808e+07,train
scenario_1427,5,49_7085;49_E430;49_E441;49_E449;49_E451,0.0,0.0,0.0,0.0,2.1491138e+07,8.659563e+07,9.219283e-05,0.00051857944,0.004727081,0.025129203,1.8043212e+07,1.0021214e+08,train
scenario_1428,5,20_0212;32_0108;48_0167;49_C444;4_0215,105626677.7231995,9.196648328957391e-05,0.042123561051172924,110085763.64499705,2.5850774e+07,4.355633e+07,0.00018566704,-4.529435e-05,0.010350267,0.018227715,2.7829572e+07,4.6874028e+07,val
scenario_1429,2,10_0104;39_0107,0.0,0.0,0.0,0.0,1.1903921e+07,2.1392074e+07,0.00011083356,0.00021281003,0.0045510214,0.008901245,1.1615308e+07,2.2821528e+07,val
scenario_1430,5,19_0103;19_0104;1_0103;1_0106;1_0112,55756500.221733734,0.0,0.022009631273325964,56983680.23270521,3.318446e+06,1.6626268e+07,-4.587014e-05,-6.8282825e-05,0.001983746,0.008451463,3.895758e+06,1.7252756e+07,test
scenario_1431,2,30_0113;30_0119,0.0,0.0,0.0,0.0,4.96483e+06,-2.417688e+06,2.2516746e-05,9.5715164e-05,0.0022585774,-0.0002572043,4.478676e+06,-4.482004e+06,val
scenario_1432,2,53_0204;53_0207,0.0,0.0,0.0,0.0,1.3502903e+07,2.1897256e+07,6.143183e-05,-3.2331416e-05,0.005091118,0.00916327,1.3300754e+07,2.3767608e+07,test
scenario_1433,5,37_0801;37_0859;37_0903;5_0803;5_0804,0.0,0.0,0.0,0.0,1.2097542e+07,3.920619e+07,0.00010723925,0.00038635996,0.0053962804,0.018320285,1.2851391e+07,4.3080384e+07,train
scenario_1434,4,10_0109;27_3009;4_0261;8_0222,0.0,0.0,0.0,0.0,2.1961882e+07,8.4140216e+07,0.00013237592,-6.953685e-05,0.008705552,0.029833866,2.328698e+07,9.292698e+07,train
scenario_1435,3,30_0114;30_0115;30_0560,0.0,0.0,0.0,0.0,4.86309e+06,1.756148e+06,-2.8663228e-05,-6.512279e-05,0.0023055868,0.0011113854,4.323934e+06,929256.0,train
scenario_1436,3,1_0101;1_0112;1_0504,37190995.45384716,0.0,0.014673056343326656,37736701.025605865,7.251614e+06,6.05601e+06,-5.438167e-06,0.00010345275,0.0030990397,0.0025943825,6.826544e+06,6.796184e+06,val
scenario_1437,5,37_0202;37_0207;37_0208;37_0211;5_0114,121863986.4371272,0.0,0.07743818086582892,131300911.85987638,2.731308e+07,3.4500576e+07,-6.170594e-06,-0.00013438144,0.011940574,0.01599914,2.7683616e+07,3.676747e+07,train
scenario_1438,5,12_0112;12_0161;39_0108;39_0111;39_0160,0.0,0.0,0.0,0.0,9.619011e+07,5.5861756e+07,0.00017375339,0.00048988906,0.039699078,0.02452443,1.0720094e+08,6.196107e+07,val
scenario_1439,1,10_0260,0.0,0.0,0.0,0.0,7.19234e+06,6.489808e+06,8.091159e-05,0.00010481523,0.002838891,0.0025077043,8.32439e+06,6.03571e+06,val
scenario_1440,6,20_0111;26_0218;26_0222;49_C443;4_AA59;8_A430,43412866.27094756,0.0,0.012809961469232026,43968983.41514733,-1.093228e+06,3.08053e+06,0.00011693621,-0.0001193014,0.00073028076,0.0002417257,-1.565376e+06,2.58571e+06,test
scenario_1441,1,49_C456,0.0,0.0,0.0,0.0,2.4892076e+07,6.032335e+07,4.657886e-05,8.793641e-05,0.007409893,0.018878248,2.8906298e+07,6.735619e+07,train
scenario_1442,4,32_AA01;32_AA60;32_AA61;32_AA62,0.0,0.0,0.0,0.0,8.761346e+06,-3.7748824e+07,0.00012967992,0.00046908346,0.0016397415,-0.014418477,1.1232586e+07,-4.470078e+07,train
scenario_1443,1,55_0264,0.0,0.0,0.0,0.0,7.612692e+06,6.210856e+06,2.0767024e-05,-4.2461324e-05,0.002970968,0.0025416221,8.446056e+06,6.178462e+06,train
scenario_1444,3,48_F320;48_F340;48_F350,0.0,0.0064732023098236224,0.0,0.0,-4.338724e+06,1.1710696e+07,0.006700592,0.004292664,-0.0014527654,0.0060278187,-7.8008e+06,1.2613982e+07,train
scenario_1445,5,35_0102;48_1178;53_0204;6_0208;8_A441,0.0,0.0020894020148448655,0.0,0.0,2.3871914e+07,-3.478968e+07,0.005147891,0.0036198073,0.006039741,-0.013490422,2.7746824e+07,-4.086182e+07,test
scenario_1446,6,20_0201;20_0206;26_0215;49_E441;4_A903;53_0202,0.0,0.0,0.0,0.0,1.8167476e+07,8.453122e+06,8.124925e-05,-0.0004275767,0.0053681983,0.005143,1.7723398e+07,7.092998e+06,val
scenario_1447,5,35_0102;35_0110;35_0501;35_0502;35_0503,0.0,0.0,0.0,0.0,-755002.0,-1.162362e+06,-0.00011523528,-0.00014641811,0.0010227775,-0.00091128796,-1.22483e+06,-1.931838e+06,test
scenario_1448,1,35_0101,0.0,0.0,0.0,0.0,6.61698e+06,6.658108e+06,7.6799915e-05,0.00011517889,0.0025976012,0.0025707697,7.699398e+06,6.29926e+06,test
scenario_1449,5,34_0859;46_0804;46_0859;4_0115;4_0118,0.0,0.0,0.0,0.0,5.331279e+07,9.306511e+07,0.00044257304,0.00038961577,0.022759844,0.037407286,5.850388e+07,1.0381642e+08,train
scenario_1450,4,55_0222;55_0223;55_0260;55_0901,0.0,0.0,0.0,0.0,6.454843e+07,5.4764144e+07,9.838477e-06,9.854273e-05,0.027172793,0.021923304,7.125733e+07,6.1187824e+07,val
scenario_1451,3,20_0201;20_0208;20_0210,0.0,0.0,0.0,0.0,1.6328619e+07,2.0729432e+07,5.9228812e-05,-0.00018594295,0.0067612515,0.009663169,1.6199079e+07,2.2239888e+07,train
scenario_1452,3,6_0203;6_0570;6_0606,0.0,0.0,0.0,0.0,1.3084774e+07,-2.5807962e+07,0.00011358615,0.00020102653,0.005753415,-0.009424139,1.4613497e+07,-2.9246504e+07,test
scenario_1453,4,5_0116;5_0124;5_0221;5_0809,40043875.92086931,0.0,0.0,40043875.92086931,4.6792416e+07,1.9946214e+07,0.00014344232,5.7685014e-05,0.020040635,0.012383491,5.1091308e+07,2.3188796e+07,train
scenario_1454,5,39_0204;49_D450;5_0118;8_0215;8_A411,0.7165143793436717,0.0,0.0,0.7165143793436717,2.2993272e+07,2.6098232e+07,0.00018980342,0.00023185789,0.008924797,0.012371454,2.6428876e+07,2.8274302e+07,train
scenario_1455,1,20_0101,0.0,0.0,0.0,0.0,5.33045e+06,-3.199974e+06,-7.768103e-06,-8.740026e-06,0.0023115557,-0.00066966005,6.075528e+06,-4.859348e+06,train
scenario_1456,3,38_0214;38_0222;38_0224,0.0,0.0,0.0,0.0,2.7422736e+07,3.9911996e+07,9.077815e-05,-3.2620883e-05,0.011236636,0.01657,2.7151158e+07,4.3875056e+07,train
scenario_1457,5,55_0113;55_0114;55_0117;55_0120;55_0223,0.0,0.0,0.0,0.0,5.311392e+06,1.22437e+07,-2.5970541e-05,5.8713704e-05,0.0031463834,0.0055161472,6.641672e+06,1.245658e+07,train
scenario_1458,3,39_A804;55_0265;6_0201,0.0,0.0,0.0,0.0,3.008034e+07,2.3670844e+07,-3.1764008e-05,-0.00031962193,0.010202095,0.015554275,3.059744e+07,2.276314e+07,val
scenario_1459,2,4_BA61;5_0115,0.0,0.0,0.0,0.0,1.5693037e+07,1.5080637e+07,0.00016483013,0.00052061456,0.0055569196,0.0069265943,1.520446e+07,1.6072312e+07,train
scenario_1460,3,16_9034;19_0220;1_0105,18592949.128080722,0.0,0.007316266486974111,18728980.098680515,1.936216e+07,4.756155e+07,-5.0015253e-05,-0.0015997719,0.007981972,0.023021981,1.973578e+07,5.350269e+07,train
scenario_1461,3,19_0213;39_0261;4_0264,0.0,0.0,0.0,0.0,2.615765e+07,3.1959688e+07,3.997264e-05,-3.059581e-05,0.01046005,0.014882184,2.6317776e+07,3.475145e+07,train
scenario_1462,3,4_AA01;4_AA60;4_AA61,0.0,0.0,0.0,0.0,8.153886e+06,4.950996e+07,-0.0001832248,-0.0012693317,0.002384277,0.01372159,4.856462e+06,5.42e+07,train
scenario_1463,6,10_0203;1_4126;20_0902;32_0208;4_0222;6_0209,278564461.78410274,0.0,0.10999124711458047,309204114.3375381,2.7941904e+08,1.5035258e+08,0.00062378554,0.00053311005,0.11162941,0.06074456,3.226599e+08,1.6849251e+08,train
scenario_1464,3,26_0218;4_0224;6_0201,0.0,0.0,0.0,0.0,2.6825678e+07,5.488879e+07,7.448047e-05,0.00016723343,0.010938877,0.02370641,2.7954972e+07,6.091201e+07,train
scenario_1465,4,27_1003;27_3007;27_3010;27_4055,0.0,0.0,0.0,0.0,6.247905e+07,1.9370046e+08,0.0003067581,0.000599999,0.020559575,0.057902396,6.30695e+07,2.1931413e+08,train
scenario_1466,5,27_1017;27_2018;27_2023;27_3009;27_3010,0.0,0.0,0.0,0.0,2.700686e+06,3.959045e+07,0.00031795437,8.8824294e-05,0.0005132593,0.011884161,3.875516e+06,4.336038e+07,test
scenario_1467,5,19_0214;32_0104;48_AA02;49_C447;4_0217,19412.84567725237,0.004813011934075906,0.0,19506.279935171362,2.1681694e+07,7.879798e+07,0.0018385223,0.0015348282,0.007869681,0.029427616,2.4586014e+07,8.8240136e+07,val
scenario_1468,2,31_0902;31_0903,0.0,0.0,0.0,0.0,1.1506328e+07,3.776353e+07,0.000134275,0.00031128596,0.004364253,0.014926862,1.1213502e+07,4.1276336e+07,train
scenario_1469,4,10_0202;19_0224;20_0164;38_0216,0.0,0.0,0.0,0.0,8.099669e+07,6.0058296e+07,0.000258021,0.0002292816,0.033731334,0.025046503,9.003549e+07,6.658828e+07,train
scenario_1470,6,12_0102;1_4126;26_0214;38_0223;39_0202;4_0223,278564461.78410274,0.0,0.10999124711458047,309204114.3375381,2.7994637e+08,1.479364e+08,0.0005528573,0.00030195474,0.11217981,0.06001139,3.237596e+08,1.6502629e+08,test
scenario_1471,4,10_0105;10_0201;10_0207;10_0209,0.0,0.0,0.0,0.0,9.953878e+06,3.7865876e+07,4.645507e-05,-5.9918966e-06,0.0041236435,0.015804697,1.0373712e+07,4.178827e+07,train
scenario_1472,6,10_0160;19_0214;1_4126;20_0207;38_0224;5_0220,278564466.9735971,0.0,0.10999124711458047,309204120.0978314,2.2332037e+08,1.2151677e+08,0.00040561074,0.0003813796,0.09052445,0.049258288,2.5709693e+08,1.3538475e+08,train
scenario_1473,5,39_0104;39_0203;39_0205;39_0260;39_0809,0.0,0.0,0.0,0.0,1.760701e+07,1.8666746e+07,9.5672585e-06,0.00033798552,0.008031712,0.008727264,1.8865676e+07,2.1755742e+07,test
scenario_1474,5,1_0101;1_0109;1_0163;1_0564;1_0661,55664957.45558044,0.0,0.022008510210229752,56890060.24009358,2.722902e+06,-1.771998e+06,-8.5873005e-05,-0.00020266068,0.0021040402,-1.7969869e-05,1.728806e+06,-1.678908e+06,val
scenario_1475,1,8_0213,0.0,0.0,0.0,0.0,9.97522e+06,1.0373972e+07,5.5621087e-05,-2.8042356e-05,0.0039685164,0.0044115405,1.1060356e+07,1.0664998e+07,val
scenario_1476,2,48_0117;48_0161,62521722.22142241,0.00018393296657914782,0.029313599581940897,64365958.75763835,2.1653256e+07,3.097394e+07,0.000104858496,6.485784e-05,0.008370314,0.012750808,2.1653358e+07,3.3957308e+07,train
scenario_1477,5,49_E410;49_E430;49_E444;49_E448;49_E458,0.0,0.0,0.0,0.0,-1.7755182e+07,2.1763824e+07,-2.7783477e-05,-0.00025724538,-0.0076994915,0.007540157,-2.5853032e+07,2.4656928e+07,train
scenario_1478,4,29_AA02;29_AA03;29_AA63;29_AA64,0.0,0.0,0.0,0.0,3.822411e+07,1.6753031e+07,0.0012055805,0.0031493844,0.011416309,0.0034071864,4.1703416e+07,1.7568852e+07,train
scenario_1479,5,32_AA02;32_AA03;32_AA59;32_AA60;32_AA61,0.0,0.0,0.0,0.0,-2.4207e+06,-7.444286e+06,0.00010036098,0.0005542049,-0.0017147204,-0.0046474645,218948.0,-8.405952e+06,train
scenario_1480,3,8_A413;8_A414;8_A455,0.0,0.0,0.0,0.0,1.562266e+06,-6.891002e+06,0.00018993639,0.00075913133,0.0026219245,-0.004176394,7.752734e+06,-8.365784e+06,train
scenario_1481,2,48_0001;48_0120,62027321.32895206,0.004284349274332522,0.029313599581940897,64111312.09865383,5.0511896e+07,5.867447e+07,0.00039902423,0.00055629434,0.020709753,0.024234492,5.4905976e+07,6.649955e+07,train
scenario_1482,5,20_0159;38_0220;4_0265;4_AA02;55_0219,0.0,0.0,0.0,0.0,3.422894e+06,-1.0694198e+07,2.6132228e-05,-0.00033938984,0.0026401011,-0.001453558,798306.0,-1.304748e+07,train
scenario_1483,2,39_0159;39_0205,0.0,0.0,0.0,0.0,8.43668e+06,-2.8183526e+07,3.934819e-05,0.00031794433,0.0035451408,-0.011316238,1.1032148e+07,-2.9644004e+07,train
scenario_1484,2,32_0102;37_0201,0.0,0.0,0.0,0.0,1.382135e+07,1.6690552e+07,7.45085e-05,4.3070584e-05,0.005171931,0.007866246,1.3456083e+07,1.7666172e+07,train
scenario_1485,5,8_A410;8_A441;8_A445;8_A446;8_A452,0.0,0.0,0.0,0.0,-1.3532546e+07,-1.5562686e+07,0.00037696856,0.0019646687,-0.0012392327,-0.0033338359,-3.85947e+06,-1.4410048e+07,val
scenario_1486,3,31_0113;31_0120;31_0902,0.0,0.0,0.0,0.0,9.32108e+06,3.435376e+07,6.46189e-05,0.00022434059,0.0037797648,0.014348841,8.938098e+06,3.819244e+07,val
scenario_1487,4,1_0162;29_AA63;38_0219;4_0262,18621075.89028683,0.0,0.0073371671777116496,18757701.83712272,3.103179e+07,1.6534694e+07,0.000471042,0.000823993,0.011999106,0.0078012086,3.0130484e+07,1.7219124e+07,train
scenario_1488,4,26_0116;26_0124;48_0901;51_0120,271594789.3945486,0.00011584671444697658,0.12702382990117594,306125263.0886597,3.2161902e+07,4.066392e+07,0.00016354336,2.7886956e-05,0.0136072785,0.018205319,3.324889e+07,4.48436e+07,val
scenario_1489,3,26_0217;26_0223;26_0902,0.0,0.0,0.0,0.0,1.3325172e+07,3.106538e+06,6.5160595e-05,0.00026828834,0.0058257678,0.001605059,1.4510809e+07,3.379498e+06,test
scenario_1490,4,49_D451;49_D452;49_D460;49_D462,0.0,0.0,0.0,0.0,3.124122e+07,5.5582236e+07,5.3559022e-05,0.00021542035,0.007055523,0.01674312,3.346984e+07,6.2502164e+07,test
scenario_1491,4,40_0123;48_0903;4_AA59;55_6355,288471475.0252269,0.00011584988781343508,0.13117003347789186,326343707.4497218,2.0109188e+07,-1.6552482e+07,0.00022086423,-0.0004033866,0.0068050902,-0.0032793665,2.0826688e+07,-2.0724912e+07,test
scenario_1492,2,55_0122;55_0213,0.0,0.0,0.0,0.0,1.2574481e+07,2.9618652e+07,8.382549e-05,0.00022449685,0.004658729,0.012203474,1.2204844e+07,3.2997992e+07,val
scenario_1493,3,20_0105;20_0111;20_0159,0.0,0.0,0.0,0.0,1.2606127e+07,2.3394892e+07,5.506027e-05,1.7118466e-05,0.0049276026,0.009861813,1.2275098e+07,2.6649708e+07,train
scenario_1494,4,20_0104;20_0105;20_0109;26_0213,0.0,0.0,0.0,0.0,2.672965e+07,3.4497176e+07,7.2303024e-05,-0.00019569581,0.011339666,0.015179098,2.6706594e+07,3.726752e+07,train
scenario_1495,5,55_0117;55_0118;55_0121;55_0217;55_0223,0.0,0.0,0.0,0.0,6.02578e+06,3.0577534e+07,-2.8679904e-05,-1.16393785e-05,0.003112183,0.0132332,7.821308e+06,3.3442188e+07,train
scenario_1496,5,20_0205;26_0259;49_7085;49_D430;51_0119,0.0,0.0,0.0,0.0,2.5435096e+08,1.3029344e+08,0.00057669147,0.0010118291,0.092551224,0.04001353,2.9378006e+08,1.4962139e+08,val
scenario_1497,6,10_0105;20_0210;22_0115;4_0263;5_0217;6_0202,40.17164579548778,0.0,0.0,40.17164579548778,3.6169332e+07,6.166385e+07,-5.747832e-06,-0.00014241904,0.01623464,0.02861938,3.7166424e+07,6.761282e+07,train
scenario_1498,5,10_0105;12_0110;12_0161;39_0108;5_0220,5.189494423946331,0.0,0.0,5.189494423946331,6.79887e+07,6.0008024e+07,-4.8855698e-05,0.00025895657,0.028772065,0.02580639,7.334339e+07,6.660292e+07,train
scenario_1499,2,32_AA03;8_A413,0.0,0.0,0.0,0.0,1.0623652e+07,-2.0917502e+07,2.2803433e-06,-8.578724e-05,0.00396566,-0.007826995,1.420546e+07,-2.4672208e+07,val
