scenario_id,num_closed_nodes,closed_node_ids,delta_vht_proxy,connectivity_loss_pct,disconnected_od_pct,disruption_score,pred_delta_vht_proxy,ridge_delta_vht_proxy,pred_connectivity_loss_pct,ridge_connectivity_loss_pct,pred_disconnected_od_pct,ridge_disconnected_od_pct,pred_disruption_score,ridge_disruption_score,split
scenario_0000,2,23_1028;39_B411,0.0,0.0,0.0,0.0,-949492.0,-7.021508e+06,0.0007216428,0.0013450125,0.00068424176,-0.00045893667,3.842856e+06,-8.334484e+06,train
scenario_0001,3,17_0660;22_0709;26_0159,56862990.7910229,0.0,0.013258687648942807,57616919.42470579,1.0223365e+07,4.813951e+06,0.0003515347,-0.0005722655,0.0026419004,0.0018279541,9.545743e+06,5.516169e+06,train
scenario_0002,2,20_4052;20_7085,0.0,0.0,0.0,0.0,1.7220118e+07,1.6166485e+07,0.00065739936,0.000733501,0.0058145276,0.0017034004,1.9398246e+07,1.659826e+07,train
scenario_0003,1,55_6354,0.0,0.0,0.0,0.0,1.3055891e+07,1.5572833e+07,0.00034799683,0.0009166274,0.0025972913,0.0052841315,1.1185086e+07,1.7392168e+07,train
scenario_0004,5,4_1007;4_7079;4_7614;4_B959;4_B960,0.0,0.0,0.0,0.0,-5.059578e+06,-4.768234e+06,-0.0013860125,-0.007228344,-0.0012883223,-0.004514552,-1.3757474e+07,-1.0931686e+07,train
scenario_0005,2,40_B350;40_B360,0.0,0.0,0.0,0.0,3.671049e+06,9.02868e+06,-5.9534563e-05,-0.0004901745,0.0009981017,0.0013946833,5.354906e+06,1.0206454e+07,val
scenario_0006,6,12_3811;12_4057;19_0606;27_0701;31_B410;56_2037,0.0,0.0,0.0,0.0,5.889839e+07,5.044271e+07,0.007477871,0.013620023,0.020354621,0.019757712,7.38623e+07,6.175185e+07,train
scenario_0007,1,21_A430,0.0,0.0,0.0,0.0,2.164501e+07,2.733456e+07,0.0023554112,0.0036305962,0.00713366,0.009736732,2.6563436e+07,3.0590536e+07,val
scenario_0008,6,16_3023;20_B410;27_4037;32_A350;42_3044;54_4003,0.0,0.0,0.0,0.0,4.461213e+07,4.0729332e+07,0.0064834733,0.007730714,0.01337586,0.013949379,5.0302636e+07,4.4628256e+07,train
scenario_0009,3,12_A351;4_0219;6_0203,0.0,0.0,0.0,0.0,2.6232584e+07,2.8852768e+07,0.0022535839,-6.9570844e-05,0.00802099,0.010178907,2.56608e+07,3.040116e+07,val
scenario_0010,2,27_4054;27_6300,0.0,0.0,0.0,0.0,2.1288586e+07,2.0822808e+07,7.470278e-05,0.0026190523,0.006398977,0.0053846105,2.43638e+07,2.3779676e+07,val
scenario_0011,3,39_0212;39_0260;39_0901,58353500.468909875,0.0,0.023079099830968855,59700246.73171834,9.44568e+06,1.913271e+06,0.0002935949,-0.0015930213,0.0024986377,0.0010593645,8.981629e+06,1.752712e+06,train
scenario_0012,6,13_7028;48_0167;49_E443;51_0114;6_0207;8_0217,549910680.108624,0.08944644797055046,0.22564443628737105,723182522.5669254,6.050384e+07,7.353905e+07,0.0075837276,0.0127452705,0.021552678,0.028232802,6.648256e+07,9.094692e+07,train
scenario_0013,4,10_5004;29_5473;48_3779;6_0207,0.0,0.0,0.0,0.0,6.4269616e+07,8.8422024e+07,0.008469979,0.0033595436,0.023471463,0.027877918,8.1783816e+07,1.0516354e+08,train
scenario_0014,5,48_1092;48_1094;48_A320;48_A330;48_K351,0.0,0.0,0.0,0.0,-2.98325e+06,2.207778e+07,-0.0022131838,-0.0048983367,0.00019882945,0.0022282894,1.159249e+06,2.3188062e+07,train
scenario_0015,2,36_A350;48_5335,19460395.080166478,0.0,0.005946011119318619,19576106.80569948,2.1284072e+07,1.1544634e+07,0.0014337959,0.0037248172,0.005442641,0.0065373112,2.3750284e+07,1.2940965e+07,test
scenario_0016,3,27_1004;27_2018;27_3012,0.0,0.0,0.0,0.0,1.3870153e+07,2.1779114e+07,-0.00096845964,0.0010268672,0.0038519404,0.008079414,1.7119732e+07,2.3587996e+07,val
scenario_0017,3,36_B352;4_B903;8_A310,0.0,0.0,0.0,0.0,9.8642e+06,-5.82821e+06,0.0010396602,0.0013590371,0.0026908244,0.00010589743,1.3902813e+07,-6.376802e+06,train
scenario_0018,1,24_2805,0.0,0.0,0.0,0.0,4.102855e+06,6.595524e+06,-0.00013303384,-9.346148e-05,0.0011502504,0.00027618883,3.713071e+06,6.580516e+06,train
scenario_0019,4,37_1028;37_1030;51_2564;51_5008,132287405.73877825,0.0,0.04398342497483355,138105858.92420518,6.738268e+07,7.435731e+07,0.0055255494,0.0009815763,0.027441423,0.024431635,7.918695e+07,8.235913e+07,train
scenario_0020,2,24_A320;24_A340,0.0,0.0,0.0,0.0,1.6892216e+07,2.3083756e+07,-6.325822e-05,-0.0019963463,0.005664624,0.007462512,1.9449172e+07,2.4675004e+07,train
scenario_0021,3,19_0607;55_0903;6_A351,0.0,0.0,0.0,0.0,1.9089364e+07,1.442464e+07,0.0005568467,0.0005705279,0.004234242,0.0054717306,1.6883468e+07,1.5524926e+07,train
scenario_0022,4,4_AA03;53_0201;6_0212;8_A340,15569070.81313112,0.0,0.003730044939129996,15627144.146924596,2.3161678e+07,1.9426938e+07,0.001007768,9.232934e-05,0.0060188477,0.007095371,2.538173e+07,1.9360588e+07,train
scenario_0023,3,31_7050;36_B310;4_BA02,0.0,0.0,0.0,0.0,3.33544e+07,1.5464355e+07,0.0036462704,0.0018428932,0.0095589785,0.004053953,3.6391424e+07,1.7087096e+07,test
scenario_0024,2,47_3075;47_B310,0.0,0.0,0.0,0.0,1.370034e+06,2.279506e+07,0.0019104036,0.0042293645,0.0009975252,0.007566021,8.528713e+06,2.6634314e+07,train
scenario_0025,1,48_5278,0.0,0.0,0.0,0.0,-3.17516e+06,1.0254066e+07,-0.00041533774,0.0013125807,-0.0007522525,0.002273855,-5.02378e+06,1.1411382e+07,train
scenario_0026,1,9_4020,0.0,0.0,0.0,0.0,7.5682275e+06,-4.342168e+06,0.00062029593,-0.00083240017,0.0012500552,-0.00052451435,6.129807e+06,-4.172342e+06,train
scenario_0027,2,39_A412;39_A430,0.0,0.0,0.0,0.0,3.787835e+07,3.49145e+07,0.0027788598,-0.0041981544,0.014529331,0.012508366,4.4516536e+07,3.7670336e+07,train
scenario_0028,1,21_6040,0.0,0.0,0.0,0.0,8.385936e+06,1.7175398e+07,0.0006087164,-0.00018431526,0.0022423854,0.0056058355,5.929317e+06,1.901325e+07,val
scenario_0029,3,28_0507;28_0509;28_1016,0.0,0.0,0.0,0.0,4.838437e+06,586768.0,0.00026369898,-0.00048300053,0.0007473086,-0.0024920893,4.558634e+06,-1.851806e+06,test
scenario_0030,4,48_3769;48_L310;48_L330;48_L350,0.0,0.0,0.0,0.0,-9.213676e+06,7.6627985e+06,-0.0010597318,-0.0013167794,-0.0014423276,-0.0011684382,-8.69565e+06,8.904772e+06,test
scenario_0031,3,27_1004;27_1019;27_D340,0.0,0.0,0.0,0.0,5.190755e+06,1.5865814e+07,0.00013111497,-0.0012192064,0.0014150324,0.004391503,7.716207e+06,1.7171938e+07,train
scenario_0032,2,26_0213;42_A310,0.0,0.0,0.0,0.0,1.0707561e+07,1.3571418e+07,0.0011983236,0.0011305825,0.0027022888,0.005595302,1.1731562e+07,1.4534046e+07,test
scenario_0033,2,46_0601;46_0859,0.0,0.0,0.0,0.0,112692.0,-2.451388e+06,-0.00010839477,0.001651099,-0.00026072282,-0.0006918041,585686.0,-1.0384e+06,train
scenario_0034,2,18_A901;18_A960,15029385.348845612,0.0,0.009498643409000041,15172144.120930746,4.1708656e+07,5.8761384e+07,0.004819242,0.005572134,0.017217126,0.023139821,5.104376e+07,6.408445e+07,train
scenario_0035,5,49_D410;49_D431;49_D441;49_D446;49_D451,0.0,0.0,0.0,0.0,1.092256e+06,3.0328656e+07,-0.00038757385,-0.00029417244,-0.000288561,0.007057887,2.699789e+06,3.3380828e+07,train
scenario_0036,5,24_0501;24_0502;24_0508;24_0559;24_0962,0.0,0.0,0.0,0.0,2.325339e+06,1.056603e+06,-0.0005112862,-0.00043844117,0.0004351195,0.00013632467,424352.0,1.473987e+06,val
scenario_0037,1,6_0507,0.0,0.0,0.0,0.0,873689.0,-575865.0,-0.00013870199,-0.00020868029,-0.00011079339,0.0001414353,-1.572842e+06,-1.563338e+06,train
scenario_0038,5,8_0214;8_0219;8_0220;8_0259;8_0504,0.0,0.0,0.0,0.0,7.156799e+06,1.3347862e+07,-0.00049900694,-0.0013392308,0.0021973196,0.004317375,7.344319e+06,1.3796711e+07,train
scenario_0039,3,39_0211;49_D410;4_0606,35852122.525055416,0.0,0.014556146352146008,36373991.26756519,1.6831468e+07,1.4011665e+07,0.0009180842,-0.00044853054,0.003837646,0.003999196,1.6067367e+07,1.4657136e+07,val
scenario_0040,2,4_0604;4_0606,0.0,0.0,0.0,0.0,7.342247e+06,1.0367906e+07,0.000222528,0.0004927733,0.0015468141,0.0038098886,5.55695e+06,1.0687453e+07,train
scenario_0041,3,29_0959;4_0216;6_B443,0.0,0.0,0.0,0.0,1.6702479e+07,1.3430735e+07,0.0004933459,0.00023062422,0.0033187964,0.0048597767,1.572103e+07,1.2374503e+07,val
scenario_0042,4,18_0905;28_A410;40_0560;4_0668,0.0,0.0,0.0,0.0,2.847056e+07,4.172096e+07,0.0023986346,-0.00434483,0.009464392,0.0133975055,3.0580284e+07,4.701252e+07,val
scenario_0043,2,48_2108;48_4146,0.0,0.0,0.0,0.0,3.040659e+06,5.859359e+06,-0.00034140167,0.0014124175,0.0003222092,0.003130295,4.127937e+06,7.640254e+06,test
scenario_0044,1,1_0105,0.0,0.0,0.0,0.0,-1.648736e+06,-2.518064e+06,-0.0003167059,-0.0005963034,-0.00070331385,-0.0005394835,-4.485284e+06,-3.211758e+06,test
scenario_0045,1,48_0167,0.0,0.0,0.0,0.0,-358821.0,2.599056e+06,-0.00019712909,1.658441e-05,-0.00038282713,0.001119209,-2.824588e+06,2.311147e+06,train
scenario_0046,1,47_3109,0.0,0.0,0.0,0.0,3.525798e+06,1.8182682e+07,0.00053350674,0.002042693,0.0009813462,0.005389886,2.544985e+06,2.078005e+07,train
scenario_0047,2,29_7073;29_A411,0.0,0.0,0.0,0.0,2.1934398e+07,3.4028e+06,0.0007933275,-0.00048521487,0.006712594,-0.0021173796,2.5369316e+07,1.350379e+06,train
scenario_0048,1,37_0207,0.0,0.0,0.0,0.0,456133.0,2.815245e+06,-0.00014941231,-6.191374e-05,-0.00022124592,0.0013673725,-2.03449e+06,2.439065e+06,train
scenario_0049,1,6_A412,0.0,0.0,0.0,0.0,-3.530554e+06,-2.9843e+06,-0.00020688167,0.0005796064,-0.0012627514,-0.00045275036,-4.926178e+06,-3.859394e+06,test
scenario_0050,4,32_2027;32_A454;32_A461;32_B320,0.0,0.0,0.0,0.0,-32870.0,-1.6144508e+07,-3.3967663e-05,-0.0019140631,0.0007337369,-0.002851483,-402766.0,-1.792603e+07,train
scenario_0051,2,5_3011;5_A410,17610.98925053879,0.0,0.0,17610.98925053879,2.964032e+07,3.2774458e+07,0.0032334053,-0.00013252092,0.009981975,0.008376195,3.4731572e+07,3.6833388e+07,test
scenario_0052,4,34_0501;34_0505;34_0559;34_0903,0.0,0.0,0.0,0.0,8.829168e+06,8.3256985e+06,0.0004263221,-0.0007809821,0.002748882,0.0032640223,1.012927e+07,8.454095e+06,train
scenario_0053,4,41_5021;49_3010;6_8149;6_8150,34062848.303767025,0.0,0.024255217472585418,34889050.097110584,4.0044172e+07,3.1103952e+07,0.007427722,0.003986685,0.01283427,0.011064297,4.5012296e+07,3.398218e+07,train
scenario_0054,5,13_0561;36_B340;39_0106;4_A447;55_B902,36062631.14031165,0.0009365008761164084,0.015042807556913996,36638887.0462093,4.241821e+07,3.7911816e+07,0.0018699939,-3.928377e-05,0.0130956285,0.011776698,4.6568664e+07,3.9093336e+07,train
scenario_0055,2,35_1002;35_1003,0.0,0.0,0.0,0.0,-1.337576e+06,1.5626114e+07,-0.00043790217,0.0024004506,-0.00082933623,0.0033340142,-6.689582e+06,1.789407e+07,train
scenario_0056,4,28_0502;28_0507;28_0560;28_1016,0.0,0.0,0.0,0.0,5.829478e+06,9.992909e+06,0.00020453648,0.00052259123,0.0010272902,0.0003718892,5.673663e+06,7.968024e+06,test
scenario_0057,1,8_0218,0.0,0.0,0.0,0.0,254179.0,-3.796464e+06,-0.00015097391,-0.0008844846,-0.00024680654,-0.00091328286,-2.202186e+06,-4.665858e+06,train
scenario_0058,5,12_4057;1_0101;32_0106;42_0662;48_A808,0.0,0.0,0.0,0.0,2.6012532e+07,4.46902e+07,0.002857615,0.007647223,0.0075846557,0.017026376,3.1459896e+07,5.231581e+07,test
scenario_0059,5,1_0161;26_A321;28_3094;39_0903;4_0221,58.627151665789974,0.0,0.0,58.627151665789974,4.1911944e+07,3.464965e+07,0.002785711,0.0004082584,0.014613906,0.012232703,4.778017e+07,3.625636e+07,test
scenario_0060,1,36_B352,0.0,0.0,0.0,0.0,3.413447e+06,-5.07265e+06,0.0004109621,-0.000105817686,0.00095910067,-0.00083497586,4.160034e+06,-5.748892e+06,train
scenario_0061,1,29_0808,0.0,0.0,0.0,0.0,-3.762604e+06,-1.552394e+06,-0.0004042947,1.5117112e-05,-0.001152066,-0.0004105582,-6.63021e+06,-2.087998e+06,train
scenario_0062,3,46_0607;46_0608;46_0660,0.0,0.0,0.0,0.0,1.059382e+06,-4.405958e+06,-0.00019405258,0.0009483763,-0.00019555585,-0.00081155915,2.887996e+06,-2.143762e+06,train
scenario_0063,1,4_A443,0.0,0.0,0.0,0.0,-952006.0,-5.065114e+06,-3.438955e-05,-0.0011926008,-0.0006626393,-0.0020536794,-2.471856e+06,-6.747286e+06,test
scenario_0064,2,30_0122;30_0123,0.0,0.0,0.0,0.0,470029.0,-1.1717586e+07,-2.9004877e-06,-0.0011845235,1.83573e-05,-0.0035153548,270364.0,-1.2564642e+07,train
scenario_0065,2,1_0104;6_8151,0.0,0.0,0.0,0.0,4.350119e+06,3.364262e+06,4.1556894e-05,-0.00044262607,0.00016733259,0.00043580402,1.209907e+06,1.86716e+06,test
scenario_0066,4,29_0502;29_0601;29_0602;29_0662,0.0,0.0,0.0,0.0,7.347429e+06,8.419554e+06,-0.000102933496,0.0011545488,0.0017659087,0.0034950725,8.315449e+06,1.076408e+07,val
scenario_0067,3,53_0204;53_0205;53_0211,46661176.77256267,0.0,0.011191522699823675,47183386.39161328,6.687477e+06,7.769685e+06,0.00030655565,-0.00045474048,0.001877865,0.0027784286,6.869354e+06,7.981601e+06,test
scenario_0068,5,32_A452;39_9006;40_0601;42_7025;5_A607,268069304.94814032,0.0,0.10028363935967541,294952270.44895846,3.545559e+07,6.4943984e+07,0.004902418,0.009880379,0.010478487,0.02405607,4.321004e+07,8.094155e+07,val
scenario_0069,6,17_5423;30_0508;39_0160;47_0604;48_0123;6_3013,56353230.25445068,0.0,0.020923683937578458,57532347.433156386,3.1454404e+07,2.362342e+07,0.0013694532,0.0038990485,0.010087814,0.0067701726,3.743416e+07,2.4978286e+07,train
scenario_0070,2,12_0506;12_0566,0.0,0.0,0.0,0.0,1.346519e+06,-6.01045e+06,0.00011193834,-0.00090394716,0.0003276011,-0.0016855276,901429.0,-7.510418e+06,test
scenario_0071,5,48_0114;48_0123;48_0163;48_0901;48_0903,0.0,0.0,0.0,0.0,1.2521068e+07,2.7664294e+07,-0.00012705405,0.0006192136,0.0040319934,0.0090056155,1.3416004e+07,3.0006966e+07,train
scenario_0072,1,8_1057,0.0,0.0,0.0,0.0,2.97027e+06,8.403428e+06,8.071016e-05,-0.0012932058,0.0002270271,0.00033964682,-1.74583e+06,6.652601e+06,val
scenario_0073,5,13_7028;39_9006;42_0659;48_1046;5_0810,817979728.5438447,0.08944674058479207,0.32592807564704646,1157747907.9691133,8.3918024e+07,1.0796307e+08,0.014068374,0.01947486,0.029936837,0.04262472,9.947926e+07,1.3564176e+08,train
scenario_0074,3,29_0607;29_0663;29_0665,0.0,0.0,0.0,0.0,7.696665e+06,9.960448e+06,0.00029757386,-3.3246703e-05,0.0019955079,0.002989965,7.401168e+06,1.0225818e+07,train
scenario_0075,4,40_0119;40_0124;40_0602;40_0603,0.0,0.0,0.0,0.0,4.342073e+06,7.156882e+06,-2.330076e-05,0.000762849,0.001125366,0.0025331397,5.730621e+06,9.091585e+06,train
scenario_0076,2,55_3015;55_3016,0.0,0.0,0.0,0.0,1.8710554e+07,3.0789128e+07,0.0002043551,0.0016412647,0.0057059578,0.009640666,2.0767104e+07,3.3856224e+07,test
scenario_0077,3,35_0502;35_0508;35_0902,0.0,0.0,0.0,0.0,9.583931e+06,4.522762e+06,0.0003190412,0.00037833233,0.0025770427,0.0015967004,9.00123e+06,4.352509e+06,train
scenario_0078,4,51_0114;51_0119;51_0122;51_0124,0.0,0.0,0.0,0.0,5.911504e+06,1.803697e+06,1.4641089e-05,-0.0011351941,0.0015629956,0.00070584007,5.565087e+06,2.083142e+06,test
scenario_0079,2,40_0160;40_0603,0.0,0.0,0.0,0.0,1.329047e+06,760976.0,2.2281078e-05,0.00012135075,0.00014896598,0.00044341898,500864.0,1.106243e+06,train
scenario_0080,2,26_A321;48_0124,0.0,0.0,0.0,0.0,1.153205e+07,-84744.0,0.0005213386,-0.001471877,0.0025546888,0.0007244251,1.1391105e+07,-1.065434e+06,train
scenario_0081,6,27_3012;29_B340;34_0507;42_0660;4_0262;50_1004,0.0,0.0,0.0,0.0,4.7591064e+07,3.2155208e+07,0.0020925964,0.0028028758,0.016003111,0.009676553,5.4405856e+07,3.4030164e+07,test
scenario_0082,2,49_C430;49_C451,0.0,0.0,0.0,0.0,7.482871e+06,-7.172032e+06,0.00046233326,-7.926102e-05,0.0011905064,-0.002775554,2.598467e+06,-8.925418e+06,train
scenario_0083,5,31_C410;46_7049;46_A411;46_A420;46_A421,0.0,0.0,0.0,0.0,5.554729e+06,-1.2674532e+07,-0.002113365,-0.006277481,-0.0023916918,-0.008002985,-370518.0,-1.4139902e+07,train
scenario_0084,3,1_C330;1_C340;1_C350,0.0,0.0,0.0,0.0,-1.014458e+06,-1.9788526e+07,-0.00037441042,0.00010278355,0.00018785615,-0.007857367,6.980254e+06,-2.1900722e+07,train
scenario_0085,4,1_3028;32_A460;46_A410;47_C330,17668319.088852983,0.0,0.006022357988336796,17774724.031458218,3.1796554e+07,3.2966598e+07,0.0039634435,0.0056457007,0.008835076,0.011037417,3.559087e+07,3.6952372e+07,train
scenario_0086,2,46_9106;46_9187,0.0,0.0,0.0,0.0,2.370584e+06,-6.335678e+06,-0.00066971907,-0.0010487532,0.00048497366,-0.0030652522,-4.074072e+06,-7.821352e+06,train
scenario_0087,2,46_3009;46_3010,0.0,0.0,0.0,0.0,8.3474955e+06,1.6534639e+07,-0.0007155974,8.194498e-05,0.0015617718,0.004241474,2.395681e+06,1.7998946e+07,train
scenario_0088,1,49_0803,0.0,0.0,0.0,0.0,-3.533156e+06,-2.102478e+06,-0.0003472832,0.00068409834,-0.0010480797,-0.0005341419,-5.867382e+06,-2.383006e+06,val
scenario_0089,3,8_0220;8_0812;8_9019,0.0,0.0,0.0,0.0,1.6343209e+07,1.6153306e+07,0.0008969155,-0.00062016223,0.0033924803,0.0052194777,1.5107927e+07,1.8009258e+07,train
scenario_0090,4,31_0118;31_0121;31_0902;31_0903,0.0,0.0,0.0,0.0,1.573066e+06,2.06771e+06,7.999898e-05,0.00048330997,0.0007096557,8.4005296e-05,2.52492e+06,2.733448e+06,train
scenario_0091,4,12_3997;12_B351;12_B352;12_B360,0.0,0.0,0.0,0.0,-8.566718e+06,-1.2765548e+07,-0.0015310607,-0.0017602065,-0.0026144083,-0.0042908457,-6.196588e+06,-1.5336714e+07,train
scenario_0092,4,23_1028;26_0213;42_0607;53_A810,0.0,0.0,0.0,0.0,1.3247126e+07,6.482074e+06,0.00044489215,-0.00074475666,0.0043648425,0.0048521343,1.8333852e+07,4.557909e+06,train
scenario_0093,4,12_4109;12_C321;12_C330;12_C350,0.0,0.0,0.0,0.0,-1.0808482e+07,-1.532145e+07,-0.0017184337,-0.0010828018,-0.0029803268,-0.0028484105,-8.296302e+06,-1.7156322e+07,val
scenario_0094,3,23_1001;23_3014;23_7023,0.0,0.0,0.0,0.0,-1.732636e+06,-1.0635154e+07,0.0005904045,0.0019926936,0.00018098997,-0.0034171403,2.333848e+06,-1.4751694e+07,train
scenario_0095,5,48_1076;48_1111;48_3609;48_E340;48_E350,0.0,0.0,0.0,0.0,-4.6585e+06,2.2116782e+07,-0.0028377767,-0.007968499,-0.0006527067,0.00068779336,-6.328578e+06,2.2360174e+07,train
scenario_0096,6,10_0108;16_3023;26_0902;55_A908;6_0605;6_0608,0.0,0.0,0.0,0.0,4.7590724e+07,3.6875788e+07,0.0033413917,-0.0013931248,0.01664875,0.011977624,5.3515256e+07,4.061924e+07,train
scenario_0097,4,13_0508;18_A959;55_0909;6_0209,51942738.18993543,0.0009365016434162987,0.024541457128397483,53266133.13203373,5.6266816e+07,6.3769264e+07,0.0041811317,0.0015680487,0.023570776,0.023576166,7.012932e+07,6.6151296e+07,train
scenario_0098,3,20_0159;6_0607;8_0216,0.0,0.0,0.0,0.0,1.161105e+07,-2.750474e+06,0.00029558223,-0.0022020391,0.003037995,-0.000715991,1.1150177e+07,-3.592036e+06,train
scenario_0099,3,49_D444;49_D452;49_D459,0.0,0.0,0.0,0.0,6.005579e+06,1.5968862e+07,0.00057308504,-0.00017508736,0.002359061,0.0033777386,1.0134095e+07,1.7239242e+07,test
scenario_0100,1,6_2647,0.0,0.0,0.0,0.0,-2.955736e+06,-7.383586e+06,-0.0002293752,-0.0014015242,-0.0011922438,-0.003224838,-5.41614e+06,-1.0044856e+07,train
scenario_0101,3,31_A340;31_A350;31_A351,0.0,0.0,0.0,0.0,4.212999e+06,-2.0405738e+07,0.0005552085,-0.002877438,0.0016940818,-0.009028986,7.271154e+06,-2.3195626e+07,test
scenario_0102,2,35_1112;35_3010,0.0,0.0,0.0,0.0,-4.6638e+06,6.601355e+06,-0.00062276016,0.0016842476,-0.0017281706,0.0010452741,-1.1259002e+07,7.5262e+06,train
scenario_0103,3,4_0213;4_0262;4_0265,0.0,0.0,0.0,0.0,3.9298596e+07,4.5727864e+07,0.0011458027,0.00042007293,0.015358994,0.016283717,4.63722e+07,4.6442304e+07,train
scenario_0104,3,42_1605;42_A340;42_A350,0.0,0.0,0.0,0.0,1.712845e+06,4.922248e+06,0.0009837182,0.0048848195,0.0009176647,0.0031957973,8.504591e+06,6.076255e+06,train
scenario_0105,5,19_0706;39_0110;49_C440;4_0264;54_7008,0.0,0.0,0.0,0.0,4.2837216e+07,2.850746e+07,0.0036680172,0.005070712,0.014749635,0.009791709,4.551098e+07,2.7807912e+07,val
scenario_0106,1,53_1006,0.0,0.0,0.0,0.0,-1.198378e+06,-1.1041522e+07,-0.00039595342,-0.0011726994,-0.00011576712,-0.004039223,-3.449396e+06,-1.3086786e+07,train
scenario_0107,5,4_AA01;4_AA02;4_AA03;4_AA59;4_AA61,0.0,0.0,0.0,0.0,2.386765e+06,-3.972388e+06,0.00063316687,0.009550209,-0.0013138852,0.0017835018,-242048.0,-7.782888e+06,test
scenario_0108,1,47_1029,0.0,0.040375754569517475,0.0,0.0,6.783467e+06,2.35688e+07,0.0019760514,0.004348838,0.0016367107,0.008306278,7.194317e+06,2.8008676e+07,train
scenario_0109,5,44_7401;9_0903;9_0960;9_1803;9_5001,0.0,0.0,0.0,0.0,8.69234e+06,-967864.0,0.00042829372,0.0038046036,0.001897664,0.0005970015,1.0926344e+07,917427.0,val
scenario_0110,2,51_2564;51_5008,132287405.73877825,0.0,0.04398342497483355,138105858.92420518,3.444208e+07,4.2258696e+07,0.0027490803,0.0011249341,0.012733648,0.015256336,4.0740036e+07,4.8378804e+07,train
scenario_0111,2,27_1017;27_2018,0.0,0.0,0.0,0.0,1.4063194e+07,1.297984e+07,0.00015703437,-1.4540739e-05,0.0035331738,0.0044624805,1.3728957e+07,1.3129446e+07,test
scenario_0112,6,17_0659;26_0259;38_0220;48_1050;53_0201;6_A410,15569075.610173248,0.0,0.003730044939129996,15627148.961859906,1.3210824e+07,9.55942e+06,-0.00038147287,0.002318887,0.002191009,0.00361387,1.018183e+07,1.1679664e+07,train
scenario_0113,4,32_2027;32_3013;32_B320;32_B340,0.0,0.0,0.0,0.0,3.877786e+06,-1.965712e+06,-0.0004052464,-0.0024010683,0.00074320566,-0.00032705534,-1.02663e+06,-4.07033e+06,train
scenario_0114,4,49_D443;49_D444;49_D449;49_D451,0.0,0.0,0.0,0.0,1.237747e+06,1.7620812e+07,3.601471e-05,-0.0012026756,0.00096335215,0.0039491123,6.07785e+06,1.975759e+07,train
scenario_0115,2,4_0660;4_0661,0.0,0.0,0.0,0.0,7.395266e+06,2.17047e+06,0.00017412286,-9.00646e-05,0.0015790216,0.0010110722,5.533644e+06,1.734729e+06,test
scenario_0116,4,39_0260;41_2002;48_5283;4_0222,21777732.005900666,0.0,0.007537758850302176,21941887.298067655,3.7950236e+07,2.4312702e+07,0.0035586688,-0.0016086797,0.012131058,0.0073082307,4.2211264e+07,2.6329972e+07,val
scenario_0117,4,46_3012;46_3013;46_3053;46_5020,0.0,0.0,0.0,0.0,3.877222e+06,-2.4354122e+07,0.00036040042,-0.00041288428,0.0003183931,-0.012994595,2.968856e+06,-2.926867e+07,train
scenario_0118,5,13_4119;17_1002;41_5005;48_1123;6_0602,41536422.18147703,0.04858077359057511,0.02022140093075449,44394218.349398635,8.116207e+07,5.442944e+07,0.011990154,0.014413001,0.028981358,0.017445073,8.991008e+07,5.9460056e+07,train
scenario_0119,2,26_0901;26_0903,0.0,0.0,0.0,0.0,7.20831e+06,9.566611e+06,0.00020608783,0.00050181436,0.0016209753,0.0033207387,5.324031e+06,9.33706e+06,val
scenario_0120,1,12_B360,0.0,0.0,0.0,0.0,-1.348244e+06,-4.542024e+06,-0.00016932993,-0.00053522084,-0.000794834,-0.0013456107,-2.8915e+06,-5.50658e+06,train
scenario_0121,2,31_7005;31_B430,0.0,0.0,0.0,0.0,2.4839852e+07,2.4576972e+07,0.0011828475,0.004371933,0.007919783,0.0070158876,3.1651274e+07,2.7896384e+07,train
scenario_0122,5,48_1109;48_3559;48_H351;48_I310;48_I320,0.0,0.0,0.0,0.0,-3.720352e+06,-6.862644e+06,-0.00027742947,0.0025638891,-0.0022243126,-0.00587088,2.655344e+06,-9.158024e+06,train
scenario_0123,2,18_5528;55_3010,0.0,0.0,0.0,0.0,2.3312348e+07,2.3156796e+07,0.0004453743,-0.0022629825,0.007943113,0.007219728,2.9539268e+07,2.5066272e+07,test
scenario_0124,4,4_1003;4_B901;4_B960;4_BA61,0.0,0.0,0.0,0.0,1.5688442e+07,6.712656e+07,0.0032688817,0.013144291,0.0022870484,0.030115977,1.4979488e+07,8.7329384e+07,test
scenario_0125,4,32_0106;32_0109;32_0110;32_0204,0.0,0.0,0.0,0.0,4.966425e+06,-179315.0,6.0389517e-05,-9.086099e-06,0.0014220073,-0.00032266974,4.91633e+06,-415896.0,train
scenario_0126,2,4_C350;6_0569,0.0,0.0,0.0,0.0,1.560161e+06,-2.540952e+06,0.00013787753,-0.0007201984,-9.7764656e-05,-0.00075203506,1.472994e+06,-3.656356e+06,train
scenario_0127,1,8_1029,0.0,0.0,0.0,0.0,672150.0,7.5600985e+06,-0.00015242363,0.0010008424,-0.0004993598,0.0022299965,-4.7361e+06,8.627661e+06,train
scenario_0128,2,30_A310;30_A350,0.0,0.0,0.0,0.0,4.646957e+06,3.269346e+06,2.2505526e-05,-0.0006737235,0.001882991,0.0009555244,5.784681e+06,2.965401e+06,test
scenario_0129,2,37_1992;37_2824,0.0,0.0,0.0,0.0,2.2441556e+07,2.6143188e+07,0.0046181814,0.0040243403,0.0075103147,0.006370195,2.9235988e+07,2.9540262e+07,val
scenario_0130,3,4_1003;4_B903;4_BA03,0.0,0.0,0.0,0.0,1.6636888e+07,6.148235e+07,0.0034598703,0.013371688,0.0030088471,0.028194167,1.7921084e+07,8.091743e+07,train
scenario_0131,3,17_5217;17_5423;17_9327,663199886.3717813,0.0,0.16062129929257465,769723913.8115047,4.937239e+07,5.651153e+07,0.004170332,0.002689724,0.018727351,0.015669867,6.279707e+07,6.383161e+07,train
scenario_0132,3,1_0506;37_1801;55_A909,0.0,0.08944644797055046,0.0,0.0,4.7247936e+07,4.9666784e+07,0.007049564,0.0139166415,0.016759591,0.019662168,5.279271e+07,5.5954264e+07,train
scenario_0133,5,17_0601;17_0605;17_0607;17_0659;17_0661,170916671.37093958,0.0,0.03977604760097157,177715061.0271897,1.4569934e+07,1.0357799e+07,7.411768e-05,0.0019054182,0.004737788,0.0045103366,1.7144168e+07,1.3462306e+07,train
scenario_0134,2,37_A961;55_0261,0.0,0.0,0.0,0.0,4.746572e+06,5.90698e+06,0.0006173536,0.00024946127,0.0006227009,0.0003382857,4.593838e+06,5.274514e+06,train
scenario_0135,5,19_6150;28_0903;51_A340;56_A363;8_0259,19006647.655445203,0.0,0.006304159512101232,19126468.594055433,2.0577084e+07,3.857899e+07,0.0012603947,0.00017082924,0.0050118617,0.011466507,2.4601016e+07,4.233004e+07,train
scenario_0136,5,49_E431;49_E440;49_E444;49_E454;49_E458,0.0,0.0,0.0,0.0,-7.944648e+06,6.582451e+06,-0.00033766672,0.0040357523,-0.0021474995,0.0025853661,-8.75689e+06,1.1638312e+07,train
scenario_0137,2,19_0606;6_3005,0.0,0.0,0.0,0.0,1.5129173e+07,1.0945362e+07,0.0011667673,0.007668977,0.0031342926,0.005652769,1.6072168e+07,1.3187189e+07,train
scenario_0138,1,49_A351,0.0,0.0,0.0,0.0,1.797584e+06,-1.169352e+06,0.00020064344,0.0005387034,-0.00041570002,3.3907127e-05,-2.865612e+06,-795994.0,val
scenario_0139,4,20_0901;4_0669;53_6048;6_2004,0.0,0.0,0.0,0.0,2.4735696e+07,-4.165842e+06,0.0039508976,-0.00017351378,0.0066838786,-0.0022527077,2.4520172e+07,-8.561914e+06,train
scenario_0140,4,1_C320;1_C330;1_C340;1_C350,0.0,0.0,0.0,0.0,-3.569704e+06,-2.116933e+07,-0.0012771114,0.0005192262,-0.0010902728,-0.0086386185,242076.0,-2.3048906e+07,train
scenario_0141,5,4_0260;4_0266;4_0267;4_1006;4_6055,0.0,0.0,0.0,0.0,4.575163e+07,4.2417508e+07,0.002919116,0.0009930229,0.016329093,0.01431613,5.821483e+07,4.2123532e+07,test
scenario_0142,4,20_0106;20_0201;20_0207;20_0209,0.0,0.0,0.0,0.0,9.971016e+06,1.2038678e+07,-0.0001683269,0.0001309585,0.0025973674,0.004635072,1.0610234e+07,1.3474744e+07,train
scenario_0143,3,20_0110;20_0163;20_0209,0.0,0.0,0.0,0.0,6.664166e+06,3.935376e+06,0.00033988408,0.0003741345,0.0017871247,0.0017561612,6.777919e+06,3.613234e+06,train
scenario_0144,6,13_3011;26_0120;42_9027;4_0505;53_0208;5_0223,60322439.73178284,0.0,0.013563398565425218,61140617.02430386,5.673656e+07,4.380148e+07,0.009313945,0.012041295,0.021056324,0.017650485,6.5000336e+07,4.8464904e+07,val
scenario_0145,4,53_1801;53_3813;53_C330;53_C350,0.0,0.0,0.0,0.0,-7.159184e+06,-1.3124128e+07,-0.0007008157,-0.00055028265,-0.0018492541,-0.0022502071,-3.034736e+06,-1.4767274e+07,train
scenario_0146,2,48_E320;48_Q350,0.0,0.0,0.0,0.0,-2.528212e+06,7.350553e+06,-0.00016204,0.0009076833,-0.00042204838,0.001656502,353568.0,9.111151e+06,train
scenario_0147,1,41_5006,0.0,0.0,0.0,0.0,1.8900412e+07,1.0891104e+07,0.001742881,0.0034397552,0.006285763,0.0049498337,2.4221688e+07,1.0303052e+07,train
scenario_0148,4,27_1028;42_1617;48_1169;6_8202,0.0,0.0,0.0,0.0,1.7734564e+07,6.018943e+06,0.00058186264,0.0022062655,0.0034903414,0.0022151666,1.5890398e+07,4.94541e+06,train
scenario_0149,3,27_0503;27_0504;27_0560,0.0,0.0,0.0,0.0,1.496967e+06,1.223439e+06,0.00012804114,0.0011653118,0.0002939757,0.0002835421,2.940828e+06,2.281038e+06,train
scenario_0150,2,29_A351;29_AA03,0.0,0.0,0.0,0.0,2.2940824e+07,5.07045e+06,0.002962372,0.00024598977,0.0064201364,-0.0018920987,2.6482428e+07,4.1934e+06,train
scenario_0151,4,36_A310;36_A321;36_A331;36_A340,0.0,0.0,0.0,0.0,-9.688714e+06,-6.137236e+06,-0.0007135874,0.0028425357,-0.0019362383,0.0036007818,-4.461362e+06,-7.376218e+06,train
scenario_0152,2,40_AA01;40_AA02,0.0,0.0,0.0,0.0,4.473643e+06,8.836183e+06,3.1643314e-05,-0.0007319617,0.001200492,0.0012718216,6.176968e+06,9.687352e+06,val
scenario_0153,4,6_0204;6_0211;6_A805;6_A806,0.0,0.0,0.0,0.0,3.2872332e+07,4.370902e+06,0.0015785478,-0.00026709703,0.0091431085,0.0011525163,2.949776e+07,-3.606894e+06,train
scenario_0154,3,27_5076;42_0662;47_0601,0.0,0.0,0.0,0.0,2.4437432e+07,2.5414406e+07,0.00086580246,0.00032104505,0.00654387,0.008282628,2.3610578e+07,2.6783028e+07,train
scenario_0155,3,20_0101;20_0102;20_0112,0.0,0.0,0.0,0.0,4.87598e+06,2.033195e+06,0.0002837167,0.0009352545,0.00140265,0.0009952299,5.073925e+06,1.431706e+06,val
scenario_0156,3,19_0213;36_0802;48_0121,0.0,0.0,0.0,0.0,7.312543e+06,1.263254e+07,0.00028050342,0.0011778848,0.0018038172,0.0039555016,7.002835e+06,1.3741837e+07,train
scenario_0157,2,37_1817;48_A508,0.0,0.0,0.0,0.0,1.9304902e+07,1.9923008e+07,0.0012174625,-0.0015512168,0.00574328,0.004672598,2.480306e+07,2.223097e+07,train
scenario_0158,4,51_A320;51_A321;51_A330;51_A350,132287405.73877825,0.0,0.04398342497483355,138105858.92420518,7.880616e+07,7.101334e+07,0.017213305,0.010131927,0.025796767,0.023429783,7.609062e+07,7.689322e+07,train
scenario_0159,3,5_0214;5_0217;5_0224,134702907.15292716,0.0,0.029497979029773955,138676370.6833738,2.5916348e+07,2.6983256e+07,0.0003116025,0.0018965367,0.008069998,0.009634014,2.5938192e+07,2.7280872e+07,train
scenario_0160,4,4_6060;4_C310;4_C350;4_D350,0.0,0.0,0.0,0.0,-9.645744e+06,-7.398502e+06,-0.001433587,-0.007084128,-0.0018411782,-0.0046591326,-9.753114e+06,-1.007026e+07,train
scenario_0161,3,40_0509;40_0604;40_0607,0.0,0.0,0.0,0.0,5.555104e+06,-6.629116e+06,0.00021640572,-0.00057781825,0.0014642731,-0.0016091042,5.474324e+06,-6.896e+06,train
scenario_0162,4,22_0707;55_B901;56_2017;5_3073,35704637.33705329,0.0,0.00901932668639778,36026669.125415534,5.241585e+07,5.8488504e+07,0.004815816,0.004676951,0.018013109,0.019686125,6.4449264e+07,6.779381e+07,val
scenario_0163,5,29_A602;29_A603;29_A604;29_A606;29_A608,0.0,0.0,0.0,0.0,1.117623e+06,1.6020856e+07,0.0016214901,0.008483759,0.0001272168,0.0031139038,3.993439e+06,1.980711e+07,test
scenario_0164,4,48_A503;48_A508;48_A509;48_B340,294.52933543095077,0.0,0.0,294.52933543095077,1.4672366e+07,3.494735e+07,-0.00013254269,-0.001744988,0.00361773,0.009296111,1.8146704e+07,3.9544344e+07,val
scenario_0165,2,12_0566;12_0902,0.0,0.0,0.0,0.0,3.497582e+06,-4.670134e+06,0.00011739961,-0.0008128142,0.00079791946,-0.001333545,2.725766e+06,-6.266998e+06,train
scenario_0166,3,26_0114;26_0119;26_0608,0.0,0.0,0.0,0.0,4.519908e+06,5.922391e+06,0.00026190863,-0.00059428706,0.0013380754,0.0020716668,4.773029e+06,6.320026e+06,train
scenario_0167,3,39_0101;39_0104;39_0112,0.0,0.0,0.0,0.0,7.236754e+06,1.6118807e+07,0.00038442377,0.00028697832,0.0019202963,0.0053620297,7.492066e+06,1.7335858e+07,val
scenario_0168,2,40_0602;40_0608,0.0,0.0,0.0,0.0,3.021001e+06,-2.764498e+06,7.9042045e-05,-0.00041183433,0.00055349106,-0.0006324793,2.076055e+06,-3.05051e+06,test
scenario_0169,5,13_5023;21_3016;32_A420;4_0213;5_0123,0.0,0.0,0.0,0.0,6.531192e+07,5.3962024e+07,0.0102182515,0.009172261,0.022814974,0.020464906,7.603563e+07,5.938539e+07,train
scenario_0170,4,5_A603;5_A605;5_A608;5_B410,34422299.99925358,0.0,0.0,34422299.99925358,5.6562424e+07,4.2987644e+07,0.009775956,0.0052146157,0.017252332,0.01062905,5.769548e+07,4.7941384e+07,train
scenario_0171,4,13_0561;19_3055;35_0106;49_E449,36062631.14031165,0.0009365008761164084,0.015042807556913996,36638887.0462093,2.4665594e+07,2.8225174e+07,0.00084452616,0.0013858872,0.006379857,0.009155006,2.6864848e+07,3.059368e+07,val
scenario_0172,3,6_2004;6_3013;6_3019,0.0,0.0,0.0,0.0,-3.717032e+06,-2.277043e+07,-0.00044306752,0.0034748917,-0.0023544012,-0.0064550512,-1.0395456e+07,-2.9426762e+07,train
scenario_0173,4,19_0221;19_0222;19_0224;19_0259,0.0,0.0,0.0,0.0,1.6190926e+07,1.8029532e+07,8.7954104e-05,0.0011937602,0.0046871193,0.0060441424,1.596323e+07,1.8786592e+07,train
scenario_0174,3,34_0901;39_0160;6_0568,20659962.748338252,0.0,0.00742791896294714,20813423.277410414,9.232324e+06,8.0394565e+06,0.0003929609,0.00036939385,0.0025247883,0.0029963881,9.043382e+06,8.312856e+06,train
scenario_0175,5,47_A310;47_A350;47_B310;47_B320;47_B350,0.0,0.0,0.0,0.0,3.068832e+06,6.2337424e+07,0.0006403828,0.0073136687,0.0005571791,0.02010471,1.0573656e+07,7.370739e+07,test
scenario_0176,2,5_3071;5_A320,0.0,0.0,0.0,0.0,2.308236e+07,2.355983e+07,0.0031372192,0.002541515,0.0073862183,0.0064411527,2.5903264e+07,2.6025716e+07,val
scenario_0177,4,6_0206;6_0207;6_A805;6_A806,0.0,0.0,0.0,0.0,3.3564932e+07,9.153944e+06,0.0016325117,0.003046399,0.010010188,0.0033230658,3.3208108e+07,3.26757e+06,train
scenario_0178,4,4_0115;4_0117;4_0160;6_7491,0.0,0.0,0.0,0.0,1.1308004e+07,2.548414e+07,0.00052508316,0.0074524567,0.0018034931,0.011804977,1.0423885e+07,3.5599416e+07,train
scenario_0179,1,4_1065,0.0,0.0,0.0,0.0,1.1752675e+07,7.8780255e+06,0.00038596173,0.00071980944,0.0024103362,0.004002507,1.1105234e+07,9.327987e+06,train
scenario_0180,1,24_0507,0.0,0.0,0.0,0.0,-2.208022e+06,-3.671388e+06,-0.00031432672,-0.00053250254,-0.0008124346,-0.00084388535,-4.971708e+06,-4.431862e+06,val
scenario_0181,3,35_0101;35_0102;35_0103,0.0,0.0,0.0,0.0,1.790883e+06,7.386053e+06,0.00015751994,-2.1669897e-05,0.00065340707,0.002281008,2.140756e+06,8.482276e+06,val
scenario_0182,1,42_1610,0.0,0.0,0.0,0.0,1.3903439e+07,1.4709975e+07,0.0015462985,0.002081603,0.0039026113,0.0049370066,1.3786922e+07,1.6654957e+07,train
scenario_0183,1,4_A320,0.0,0.0,0.0,0.0,-2.554104e+06,-8.726848e+06,-0.00023471715,-0.0014893472,-0.0010008765,-0.0031545353,-4.33036e+06,-1.0604236e+07,val
scenario_0184,5,4_7079;4_B902;4_B903;4_B959;4_B960,0.0,0.0,0.0,0.0,-7.243954e+06,-9.543486e+06,-0.0017293218,-0.002536668,-0.0022760844,-0.003740571,-1.9520278e+07,-1.5216114e+07,test
scenario_0185,1,37_5826,19768564.66028424,0.0,0.004793059854922719,19863316.57394689,1.1029994e+07,2.5149166e+07,0.0016789464,0.0055054342,0.0030268643,0.009832693,1.1194206e+07,3.056224e+07,val
scenario_0186,4,29_0503;29_0506;29_0507;29_0807,0.0,0.0,0.0,0.0,2.484976e+06,3.309559e+06,8.598354e-05,-1.7399201e-05,0.00089228153,0.0008545355,2.872179e+06,3.749515e+06,train
scenario_0187,5,19_6049;1_0605;48_0167;48_K320;4_BA01,0.0,0.00018420925663054089,0.0,0.0,3.857314e+07,5.129113e+07,0.0036747,0.008294129,0.012507232,0.017939538,5.0625504e+07,6.0991824e+07,train
scenario_0188,2,12_0102;12_0103,0.0,0.0,0.0,0.0,4.31554e+06,9.062225e+06,0.00012445077,-6.6421926e-06,0.00091815554,0.0032825395,2.963266e+06,9.42632e+06,val
scenario_0189,5,48_1087;48_1169;48_G310;48_G330;48_G350,0.0,0.0,0.0,0.0,2.411789e+06,3.372752e+07,-0.0002898461,0.0016924544,0.00036692712,0.006890404,9.530698e+06,3.815867e+07,train
scenario_0190,1,27_3013,0.0,0.0,0.0,0.0,7.270287e+06,-8.199282e+06,-0.00013650896,-0.002753723,0.00096223643,-0.0041324976,2.708539e+06,-1.1847796e+07,val
scenario_0191,4,6_A311;6_A321;6_A340;6_A362,0.0,0.0,0.0,0.0,1.782555e+06,2.2460498e+07,-0.0001996163,-0.0006456353,0.0013014381,0.0087368945,8.860418e+06,2.7762642e+07,train
scenario_0192,3,23_0506;42_1598;8_0222,0.0,0.0,0.0,0.0,2.3070754e+07,2.3302704e+07,0.0027534922,0.0027802694,0.00607049,0.008908825,2.4187e+07,2.8841402e+07,test
scenario_0193,5,12_C310;37_1801;41_AA01;49_C453;4_AA01,0.0,0.08944644797055046,0.0,0.0,5.98942e+07,2.7170892e+07,0.009299539,0.014643917,0.019360382,0.011965038,6.510688e+07,3.047198e+07,train
scenario_0194,3,24_0501;24_0561;24_0961,0.0,0.0,0.0,0.0,5.17946e+06,2.798947e+06,0.00035011105,-0.00024620804,0.0015278296,0.0009808829,5.666846e+06,2.966391e+06,train
scenario_0195,4,39_0211;39_9006;4_A456;5_A310,283007425.70247656,0.0,0.1073020489468526,313374702.34752643,4.646842e+07,6.184221e+07,0.005985777,0.007974512,0.015309053,0.022172568,5.6733664e+07,7.627548e+07,train
scenario_0196,3,53_AA02;53_AA03;53_BA59,0.0,0.0,0.0,0.0,6.891449e+06,8.160425e+06,-0.00025782036,-0.0030978462,0.0035424912,0.004803882,1.2068036e+07,4.964805e+06,test
scenario_0197,3,40_0607;48_J350;4_0218,0.0,0.0,0.0,0.0,1.5228865e+07,1.3117256e+07,0.00019630732,-0.0006010566,0.003117335,0.0041005835,1.3544561e+07,1.2600846e+07,train
scenario_0198,1,17_5908,0.0,0.0,0.0,0.0,9.997985e+06,1.404442e+07,0.0005549713,-0.0017642296,0.002751514,0.0029219505,9.131204e+06,1.3556428e+07,test
scenario_0199,2,19_0759;4_0601,0.0,0.0,0.0,0.0,3.865161e+06,717322.0,6.579724e-05,-0.00037830113,0.0008545704,0.000121530145,2.567139e+06,-306848.0,train
scenario_0200,2,48_1048;48_5278,0.0,0.0,0.0,0.0,-4.263676e+06,2.2560352e+07,-0.0006769787,0.001923535,-0.0008168253,0.004667264,-7.149728e+06,2.5650818e+07,train
scenario_0201,2,48_5287;48_5301,35487884.410093166,0.0,0.013693595887927021,35973841.15812244,1.7139506e+07,1.7934098e+07,0.0009507673,-0.0032846024,0.005022555,0.0035560448,2.0874614e+07,1.8601368e+07,val
scenario_0202,3,48_0161;48_0802;48_0902,0.0,0.0,0.0,0.0,7.156142e+06,1.68956e+07,0.00033709873,0.0012295916,0.0019165175,0.0058369422,7.611583e+06,1.895402e+07,val
scenario_0203,4,53_1008;53_6056;53_7322;53_A330,0.0,0.0,0.0,0.0,1.509342e+06,1.1345756e+07,-0.001452614,-0.0026543648,0.0014459142,0.005551231,3.261612e+06,9.625044e+06,test
scenario_0204,5,49_7082;49_C447;49_C450;49_C451;49_C452,0.0,0.0,0.0,0.0,248343.0,-6.287198e+06,-0.00021068088,0.0016730812,-0.0005035335,-0.0026377128,60024.0,-6.61848e+06,train
scenario_0205,4,27_1016;27_A310;27_A330;27_A340,0.0,0.0,0.0,0.0,-1.411681e+07,-4.095475e+07,-0.0026114886,-0.009961638,-0.0040186043,-0.009732939,-2.3376218e+07,-4.8762024e+07,train
scenario_0206,2,29_0665;29_A430,0.0,0.0,0.0,0.0,1.3573201e+07,1.395916e+06,0.0004983389,-0.00068975764,0.0025540323,-0.00085146725,1.123467e+07,202312.0,train
scenario_0207,5,32_AA02;34_0509;39_0108;48_L320;55_0907,0.0,0.0,0.0,0.0,2.6125392e+07,1.690775e+06,0.00073719677,0.0024134475,0.0066305934,-2.744142e-05,2.6234708e+07,795533.0,train
scenario_0208,5,41_2002;48_N330;48_N340;6_0659;8_7783,0.0,0.0,0.0,0.0,3.683567e+07,4.404803e+07,0.0019478197,0.00046960294,0.013460102,0.015553061,4.624415e+07,5.0207576e+07,test
scenario_0209,1,56_6032,0.0,0.0,0.0,0.0,-2.445864e+06,-2.2151422e+07,-0.00022917695,0.0023085799,-0.0012940271,-0.005001035,-7.759398e+06,-2.3776306e+07,train
scenario_0210,5,20_0103;20_0109;20_0111;20_0112;20_0211,0.0,0.0,0.0,0.0,2.294886e+06,-605484.0,-0.0009063616,-0.0015779232,0.00041466393,-1.8321909e-05,1.286881e+06,-1.807436e+06,train
scenario_0211,5,10_0101;10_0205;10_0206;10_0207;10_0209,0.0,0.0,0.0,0.0,2.670768e+06,6.165909e+06,-0.0005280755,0.00023654103,0.00053130044,0.0019913907,1.660821e+06,8.133087e+06,val
scenario_0212,3,24_0501;24_0505;24_0902,0.0,0.0,0.0,0.0,5.003867e+06,4.836892e+06,0.00028231787,-0.00025876286,0.0013465025,0.0016521076,5.158026e+06,5.630707e+06,train
scenario_0213,2,12_3804;12_3996,0.0,0.0,0.0,0.0,1.476411e+07,-2.11776e+06,0.0009506618,-0.0071863015,0.0043713446,-0.00030355994,1.5587091e+07,-5.050178e+06,train
scenario_0214,4,24_1634;24_A310;24_A320;24_A350,0.0,0.0,0.0,0.0,3.6126776e+07,4.9395176e+07,3.581529e-05,-0.004265151,0.014747646,0.015354995,4.659483e+07,5.4567624e+07,train
scenario_0215,2,5_0118;5_0124,0.0,0.0,0.0,0.0,2.836426e+06,-3.586584e+06,0.00012207462,-0.0009152397,0.0006174515,-0.0007649651,2.068668e+06,-4.509464e+06,val
scenario_0216,6,35_0504;35_2118;45_5035;4_0264;55_0122;55_0259,0.0,0.0,0.0,0.0,4.9335884e+07,6.698933e+07,0.004539878,0.008938327,0.01728774,0.023591518,5.937701e+07,7.5126104e+07,train
scenario_0217,4,49_D410;49_D446;49_D450;49_D454,0.0,0.0,0.0,0.0,2.244221e+06,2.0631502e+07,0.00014584907,-0.00036376296,0.0011111689,0.004578865,7.022924e+06,2.3006576e+07,train
scenario_0218,1,48_1039,0.0,0.0,0.0,0.0,8.171573e+06,1.041649e+06,-8.112262e-05,-0.008010677,0.0016846163,-0.0014648251,6.253458e+06,107170.0,test
scenario_0219,4,20_1010;20_B310;20_B330;20_B350,0.0,0.0,0.0,0.0,1.3150247e+07,1.3544258e+07,-0.00048880605,-0.003604739,0.0045352727,0.0018584304,1.8230896e+07,1.3664473e+07,train
scenario_0220,5,13_4096;31_C430;46_0660;4_0262;6_0606,0.0,0.0,0.0,0.0,4.013555e+07,1.4744451e+07,0.002390555,-0.0008445502,0.012687111,0.0037899571,4.4757216e+07,1.5935874e+07,test
scenario_0221,3,13_0509;26_0214;8_A430,37051315.29845616,0.000936509102456573,0.015042873625715531,37643372.44619237,2.8033824e+07,3.784207e+07,0.0011683778,-0.0015421606,0.008575971,0.012611767,3.2523008e+07,3.9982696e+07,train
scenario_0222,3,29_0607;41_7018;51_A340,70287804.15667164,0.0,0.038119590377014664,72967146.4596238,4.993989e+07,3.6280356e+07,0.0103415055,0.0069685834,0.016599182,0.0142284855,5.094813e+07,3.90049e+07,train
scenario_0223,6,10_0210;13_0505;48_0901;4_AA59;55_A907;55_A909,37330387.48648678,0.0009365902296646356,0.01504352517299221,37926931.38654672,6.0676376e+07,5.47854e+07,0.0032241626,0.0025469512,0.021496631,0.019569369,7.22279e+07,5.682267e+07,train
scenario_0224,1,42_1606,0.0,0.0,0.0,0.0,7.15469e+06,3.37765e+06,0.0010262704,0.002883659,0.0014630931,0.0025850667,6.846933e+06,2.989499e+06,val
scenario_0225,1,1_4155,0.0,0.0,0.0,0.0,231486.0,-4.695904e+06,-0.00010839896,-0.00037528283,-0.00070611434,-0.0017734128,-2.078388e+06,-5.296226e+06,val
scenario_0226,1,42_1608,0.0,0.0,0.0,0.0,-1.238882e+06,-8.610274e+06,-9.258883e-05,0.00022055907,-0.00034889486,-0.0033552512,-2.545224e+06,-1.084233e+07,train
scenario_0227,4,36_1643;36_A320;36_A321;36_A340,0.0,0.0,0.0,0.0,-9.377752e+06,-6.279752e+06,-0.00074537133,0.003214845,-0.0019882955,0.0037293793,-4.593692e+06,-7.279082e+06,val
scenario_0228,1,6_B441,0.0,0.0,0.0,0.0,616399.0,-5.742222e+06,-7.152639e-05,0.00025450066,-0.000294731,-0.0011354759,-1.261546e+06,-7.118588e+06,train
scenario_0229,4,6_0559;6_0561;6_0568;6_0662,0.0,0.0,0.0,0.0,1.4760798e+07,1.8510442e+07,0.000107378,0.00025101914,0.004042725,0.006290797,1.4508528e+07,1.979372e+07,train
scenario_0230,2,18_2008;18_9020,79978763.0622889,0.0,0.047740436155137234,83796984.09403095,4.521599e+07,6.090001e+07,0.004429084,0.004586818,0.018310938,0.020840002,5.5524096e+07,6.905822e+07,train
scenario_0231,5,48_1092;48_1096;48_4143;48_B420;48_B430,0.0,0.0,0.0,0.0,913750.0,1.817165e+06,-0.0017332147,-0.0040762913,0.00010056328,-0.001683896,6.735331e+06,1.119951e+06,test
scenario_0232,2,32_A310;53_3813,0.0,0.0,0.0,0.0,4.769996e+06,-5.564016e+06,4.7220732e-05,-0.0010136067,0.0010603308,-0.0020208848,5.453998e+06,-5.08232e+06,train
scenario_0233,1,26_9029,0.0,0.0,0.0,0.0,5.689555e+06,1.3086268e+07,-5.1902607e-06,0.0006486722,0.0016960618,0.0054684137,5.681801e+06,1.839171e+07,test
scenario_0234,1,1_0607,0.0,0.00014160937514884342,0.0,0.0,-940804.0,-3.92861e+06,-0.0002282036,0.00024459301,-0.00055339327,-0.00096427463,-3.382772e+06,-4.770262e+06,train
scenario_0235,3,48_3559;48_H310;48_H350,0.0,0.0,0.0,0.0,-3.136574e+06,-3.960958e+06,0.00045074685,0.0015695987,-0.00078669516,-0.0030944464,6.057561e+06,-5.952806e+06,train
scenario_0236,1,48_L310,0.0,0.0,0.0,0.0,-2.683064e+06,-3.393234e+06,-0.00023250491,-0.00013352942,-0.00095402636,-0.0015790067,-4.31133e+06,-3.763026e+06,test
scenario_0237,5,16_9032;19_B430;28_9030;4_0268;6_3042,0.0,0.0,0.0,0.0,8.859606e+07,9.645651e+07,0.014913666,0.02069788,0.03287416,0.03399009,1.01265304e+08,1.083435e+08,test
scenario_0238,1,45_1024,0.0,0.0,0.0,0.0,2.786961e+06,-9.44861e+06,0.00041470054,-0.0016547987,0.00036937604,-0.004461734,-321654.0,-1.378908e+07,train
scenario_0239,1,8_1047,0.0,0.0,0.0,0.0,81475.0,6.753416e+06,-6.8727066e-05,0.0012019727,-0.0006718845,0.0019131212,-5.501146e+06,7.381618e+06,test
scenario_0240,3,48_0114;48_0164;48_0167,0.0,0.0,0.0,0.0,9.264035e+06,1.4602528e+07,0.0003492823,0.0005537234,0.0024378127,0.0048085055,8.736771e+06,1.5474343e+07,test
scenario_0241,1,18_2008,0.0,0.0,0.0,0.0,1.379685e+07,2.136817e+07,0.00051954907,-0.0004921935,0.0039843377,0.006417068,1.3547935e+07,2.3023578e+07,train
scenario_0242,2,48_N310;48_N340,0.0,0.0,0.0,0.0,-622170.0,1.4663082e+07,-0.0007373927,-0.0037690774,-0.000440076,0.005754583,575432.0,1.4305083e+07,val
scenario_0243,5,1_0502;32_AA59;39_0211;48_0165;4_7614,35852122.525055416,0.0,0.014556146352146008,36373991.26756519,1.3679351e+07,-5.37184e+06,0.0002694982,-0.0031121513,0.0023237863,-0.0036086855,9.784538e+06,-8.230116e+06,val
scenario_0244,3,32_0104;32_0107;32_0112,0.0,0.0,0.0,0.0,3.923694e+06,921070.0,0.00026115228,0.00012181711,0.0011296556,0.0004246696,4.332642e+06,1.162549e+06,test
scenario_0245,4,35_0102;35_0103;35_0106;35_0111,0.0,0.0,0.0,0.0,3.671308e+06,5.866303e+06,0.00018344168,-0.00034581218,0.0012979317,0.0017367566,4.181655e+06,6.689344e+06,val
scenario_0246,5,18_1037;18_5043;18_6012;18_A320;18_A340,0.0,0.0,0.0,0.0,7.955477e+07,1.08602136e+08,0.007739407,0.0049507497,0.030512284,0.03416737,9.826358e+07,1.2624885e+08,train
scenario_0247,4,8_B310;8_B320;8_B330;8_B350,0.0,0.0,0.0,0.0,2.840388e+06,2.234419e+07,-0.0010600175,-0.002955371,0.0018133805,0.0070743263,4.549172e+06,2.412306e+07,test
scenario_0248,4,56_1007;56_A330;56_A350;56_A363,0.0,0.0,0.0,0.0,-2.37141e+06,-3.131684e+06,-0.00029351853,-0.002940239,0.0001764372,-0.0027293707,1.50364e+06,-4.65422e+06,train
scenario_0249,6,26_4015;30_7076;37_0903;38_0260;49_A332;53_0201,15569070.81313112,0.0,0.003730044939129996,15627144.146924596,1.6486488e+07,6.057849e+07,0.0011017104,0.0031575877,0.0043071937,0.02152815,2.0834138e+07,7.541724e+07,train
scenario_0250,4,17_B310;17_B330;17_B340;55_6355,0.0,0.0,0.0,0.0,1.5267054e+07,5.946841e+07,-0.0004951233,0.0024664789,0.004919238,0.019453114,2.436086e+07,6.748665e+07,train
scenario_0251,6,24_0509;28_5006;49_3015;4_0264;55_0266;6_3017,0.0,0.0,0.0,0.0,3.7857476e+07,3.7367624e+07,0.0030460258,0.0050024074,0.012536615,0.010282612,4.766179e+07,4.1267416e+07,val
scenario_0252,4,29_0666;29_5000;29_5058;29_5091,0.0,0.0,0.0,0.0,3.7460136e+07,2.4681922e+07,0.002607056,0.0027846224,0.011917224,0.0071440833,5.0189824e+07,2.935716e+07,train
scenario_0253,1,37_1645,0.0,0.0,0.0,0.0,2.811026e+06,1.4922063e+07,0.00040911895,0.0019531455,0.00056353584,0.0050308467,495254.0,1.651653e+07,train
scenario_0254,4,19_B430;40_3018;4_0902;6_B423,0.0,0.0,0.0,0.0,1.7291456e+07,2.2321598e+07,0.00029211724,0.0031002671,0.0038539518,0.0053821118,1.8406236e+07,2.5008804e+07,train
scenario_0255,1,26_0221,0.0,0.0,0.0,0.0,1.271553e+06,-1.569498e+06,-0.00014426699,0.0003066999,-7.045921e-06,-3.398955e-05,-1.35199e+06,-2.455822e+06,val
scenario_0256,2,20_0903;30_0561,0.0,0.0,0.0,0.0,901228.0,3.350898e+06,2.7904753e-06,-1.061894e-05,4.8002228e-05,0.0012949808,11816.0,3.992513e+06,train
scenario_0257,3,46_3013;46_5020;46_5025,0.0,0.0,0.0,0.0,7.9879235e+06,-6.609368e+06,0.0002860818,-0.0004535952,0.0020073552,-0.0054765674,4.608822e+06,-8.492456e+06,train
scenario_0258,2,45_3012;45_5017,0.0,0.0,0.0,0.0,3.891175e+07,3.3261782e+07,0.0088300295,0.0107195405,0.01193899,0.012822138,4.185296e+07,3.891631e+07,val
scenario_0259,3,26_1001;26_C320;26_C340,0.0,0.0,0.0,0.0,-4.89976e+06,-3.719423e+07,-0.00076309324,-0.0029869042,2.3278873e-05,-0.008249659,4.510914e+06,-4.346821e+07,test
scenario_0260,5,10_0105;40_3018;4_BA61;5_0215;6_3013,44665258.552282736,0.0,0.009832659676591318,45104436.838994294,1.3239267e+07,1.2591537e+07,-8.118455e-05,0.0016957875,0.003067108,0.0038786544,1.572361e+07,1.2002796e+07,train
scenario_0261,2,49_E444;49_E451,0.0,0.0,0.0,0.0,3.296826e+06,-6003.0,0.00057199557,0.0016155093,0.00021413015,0.00054983934,-2.621504e+06,1.781777e+06,test
scenario_0262,4,13_0560;35_0102;37_0208;48_E330,36030641.55164124,0.0009365006326461645,0.01504280560151007,36606386.20680804,1.8546936e+07,2.7818452e+07,0.00041839312,-0.00016762665,0.0043387488,0.009316263,1.7888288e+07,2.9944812e+07,train
scenario_0263,3,13_3017;31_B430;5_B410,0.0,0.09807523098719573,0.0,0.0,5.862596e+07,3.4372356e+07,0.009688663,0.00942676,0.019430788,0.00963951,6.769735e+07,3.6545456e+07,val
scenario_0264,1,20_0105,0.0,0.0,0.0,0.0,-847137.0,-1.075578e+06,-0.00020877388,-0.00023812347,-0.00051525794,6.200792e-05,-3.331366e+06,-1.15427e+06,train
scenario_0265,5,4_1006;4_B901;4_B959;4_B961;4_BA01,0.0,0.0,0.0,0.0,3.838624e+06,8.44971e+06,-0.00044436532,0.0065256148,-0.00043284427,0.0056980704,-3.766826e+06,1.031347e+07,train
scenario_0266,4,48_3559;48_I320;48_I340;48_I350,0.0,0.0,0.0,0.0,-5.261276e+06,5.347674e+06,0.0005598137,0.003645108,-0.0015057139,-0.00014502369,4.103755e+06,5.781933e+06,train
scenario_0267,2,12_0103;12_0110,0.0,0.0,0.0,0.0,4.422718e+06,7.193128e+06,0.00014364813,7.0002396e-05,0.00094772456,0.0026281904,3.278646e+06,7.015866e+06,train
scenario_0268,5,49_7083;49_B320;49_B331;49_B350;49_B352,0.0,0.0,0.0,0.0,1.250433e+06,1.5532432e+07,0.00041808042,0.0029225121,0.0006360132,0.0040058987,856773.0,2.1150906e+07,train
scenario_0269,3,12_3995;39_0159;5_B430,376863.6938751786,0.0,0.0,376863.6938751786,1.3397273e+07,2.4904564e+07,0.0005785672,0.0007980769,0.003468332,0.009858679,2.0939704e+07,3.0430008e+07,train
scenario_0270,4,12_0505;12_0507;12_0563;12_4106,0.0,0.0,0.0,0.0,4.686901e+06,1.0306963e+07,-0.00029538875,-0.0007732174,0.00029564835,0.004354307,3.974284e+06,1.3400368e+07,test
scenario_0271,5,8_0214;8_0216;8_0218;8_0219;8_0220,0.0,0.0,0.0,0.0,5.454747e+06,9.053196e+06,-0.0008045017,-0.0016896588,0.0016241523,0.003306874,5.778404e+06,9.685182e+06,test
scenario_0272,5,36_1644;36_B320;36_B331;36_B351;36_B352,0.0,0.0,0.0,0.0,-1.968901e+07,9.848345e+06,-0.0024952851,0.00042207958,-0.0055046394,0.00082896044,-1.6599086e+07,9.345376e+06,train
scenario_0273,4,19_0105;27_4055;4_1022;53_3019,233166.0569725175,0.0,0.0,233166.0569725175,2.449133e+07,2.9620254e+07,0.0013999785,0.00078560377,0.007220432,0.010818119,2.9871348e+07,3.6046864e+07,train
scenario_0274,3,27_0505;32_AA60;4_A442,0.0,0.0,0.0,0.0,1.167838e+07,-1.0455028e+07,0.0005937292,-0.0004337671,0.0020951622,-0.0040296125,1.2126938e+07,-1.1858772e+07,test
scenario_0275,2,8_7036;8_7776,0.0,0.0,0.0,0.0,1.6765009e+07,2.0643748e+07,0.00057818234,-0.0009991924,0.0031481916,0.00692226,1.2310355e+07,2.3640512e+07,test
scenario_0276,4,49_0803;49_E458;49_E459;49_E460,0.0,0.0,0.0,0.0,463440.0,-5.80144e+06,0.00034993724,0.0019048674,0.00028572837,-0.0021192487,1.300571e+06,-4.940014e+06,train
scenario_0277,2,8_0221;8_0259,0.0,0.0,0.0,0.0,2.871543e+06,6.805205e+06,8.007977e-05,-0.0012704023,0.00056846114,0.0022797044,1.709868e+06,6.822141e+06,test
scenario_0278,1,48_B330,0.0,0.0,0.0,0.0,1.690428e+06,7.517148e+06,5.7084835e-05,-0.00043243985,-7.288391e-05,0.0022678475,-664634.0,8.146636e+06,train
scenario_0279,2,4_0260;4_0601,0.0,0.0,0.0,0.0,1.35209e+07,1.6593664e+07,0.00033890817,0.0017368328,0.003082316,0.006117366,1.0727562e+07,1.7027452e+07,val
scenario_0280,5,4_0217;4_0220;4_0659;4_0663;4_0668,0.0,0.0,0.0,0.0,3.429657e+07,4.3297556e+07,-1.1258526e-06,0.0025481852,0.0132201575,0.01491968,3.832348e+07,4.398491e+07,train
scenario_0281,3,38_0223;38_0259;38_0263,0.0,0.0,0.0,0.0,8.506249e+06,1.820256e+06,0.00030192814,-0.0004329976,0.0021551673,0.00060534105,7.795376e+06,2.138517e+06,train
scenario_0282,1,37_1006,0.0,0.0,0.0,0.0,5.479851e+06,1.3098341e+07,0.001166956,0.0029634442,0.0011236775,0.0035373694,6.371613e+06,1.4624027e+07,train
scenario_0283,3,12_0901;35_AA61;4_0903,0.0,0.0,0.0,0.0,1.1416702e+07,2.427439e+06,0.0003854211,0.006467366,0.0018107381,0.0021488369,1.0387135e+07,3.776245e+06,val
scenario_0284,1,17_6050,0.0,0.0,0.0,0.0,574716.0,959609.0,-0.0003045419,-0.00023291796,0.00032242248,-0.0016600974,-661234.0,-856796.0,train
scenario_0285,1,32_A352,0.0,0.0,0.0,0.0,1.133347e+06,-5.96207e+06,0.0001794661,-0.00015454518,-0.00047547463,-0.002020867,-2.227106e+06,-7.626496e+06,train
scenario_0286,5,41_5022;47_3108;48_0115;48_J350;49_7082,15340507.126042316,0.0,0.011533825911421944,15517441.864627015,6.082599e+07,4.038734e+07,0.0105834035,0.009003573,0.020460254,0.014316374,6.691101e+07,4.5323584e+07,val
scenario_0287,2,17_5854;17_5869,663199886.3717813,0.0,0.16062129929257465,769723913.8115047,2.9933662e+07,3.8071104e+07,0.0018090091,0.0016842737,0.010458197,0.010776241,3.9182572e+07,4.208965e+07,train
scenario_0288,3,29_0902;29_0903;29_0962,0.0,0.0,0.0,0.0,1.9216e+06,-3.188346e+06,0.00018599187,-0.0003670922,0.00056531513,-0.0008344962,2.770252e+06,-2.542176e+06,train
scenario_0289,3,13_0565;42_1606;4_1036,36092010.56000527,0.0009364979950526875,0.015042784417951217,36668734.98959671,3.1229518e+07,1.7297496e+07,0.0026644613,0.002877348,0.009397641,0.0067445342,3.5736704e+07,1.6222112e+07,test
scenario_0290,2,42_A411;42_A430,0.0,0.0,0.0,0.0,9.413625e+06,5.17505e+06,0.0018703954,0.0030199136,0.0029267026,0.0033529936,1.5287299e+07,5.749417e+06,train
scenario_0291,3,48_1093;48_1181;48_6086,0.0,0.0,0.0,0.0,4.117437e+06,8.477952e+06,-0.00080854225,-0.0051599457,0.0010858597,-0.0006406638,6.653925e+06,7.106417e+06,train
scenario_0292,3,17_1002;55_6352;55_6353,0.0,0.0,0.0,0.0,1.975732e+07,5.0153504e+07,0.00028002006,0.0029793393,0.006608881,0.015943652,2.8374052e+07,5.663336e+07,train
scenario_0293,2,19_6049;19_9126,0.0,0.0,0.0,0.0,4.8224532e+07,6.214899e+07,0.0055322386,0.010611438,0.018597128,0.022067819,6.144188e+07,7.4432616e+07,train
scenario_0294,1,55_A909,0.0,0.0,0.0,0.0,1.9810612e+07,1.419212e+07,0.0007738895,0.0012633586,0.0057689487,0.005509179,2.5472562e+07,1.4129292e+07,train
scenario_0295,3,18_6012;19_0215;27_4033,0.0,0.0,0.0,0.0,3.675584e+07,5.7699016e+07,0.003519936,0.006989908,0.013018796,0.020794557,4.4632584e+07,6.970845e+07,val
scenario_0296,5,27_1003;27_3007;27_3012;27_4055;27_D350,0.0,0.0,0.0,0.0,2.0531762e+07,2.6143648e+07,-0.0017584251,0.0027142633,0.0027074853,0.009118739,1.4296382e+07,2.8887144e+07,train
scenario_0297,1,46_3009,0.0,0.0,0.0,0.0,5.097288e+06,8.144253e+06,-0.00038621237,7.776893e-06,0.00032168953,0.002457023,-659404.0,8.704305e+06,test
scenario_0298,3,24_0561;24_0562;24_0563,0.0,0.0,0.0,0.0,2.925813e+06,-3.79252e+06,0.00017829763,-0.00060931325,0.0009259023,-0.0012336234,2.934438e+06,-4.346346e+06,train
scenario_0299,4,12_4101;29_5058;39_0159;8_3032,0.0,0.0,0.0,0.0,2.6269852e+07,8.861898e+06,0.0020744186,0.00028526317,0.008039689,0.004390109,3.3954268e+07,9.211048e+06,train
scenario_0300,2,4_0214;4_6060,0.0,0.0,0.0,0.0,1.5154283e+07,1.9608508e+07,0.0008187194,-0.0031173597,0.0032147418,0.0057375785,1.5053389e+07,1.9070192e+07,val
scenario_0301,5,28_0505;28_0506;28_0509;28_1016;28_3082,0.0,0.0,0.0,0.0,5.665003e+06,9.474968e+06,-0.00017240085,0.00017347327,0.00041310303,-0.0019064257,2.341524e+06,6.832833e+06,train
scenario_0302,2,53_3011;53_3812,0.0,0.0,0.0,0.0,3.0041162e+07,9.405922e+06,0.0045640743,0.00023281074,0.012752926,0.0018499177,3.1609954e+07,7.462508e+06,train
scenario_0303,5,38_0214;38_0217;38_0219;38_0220;38_0261,0.0,0.0,0.0,0.0,9.043074e+06,3.911437e+06,-0.0004939053,0.0019779294,0.0020063873,0.002238847,9.55502e+06,6.432945e+06,test
scenario_0304,1,6_0571,0.0,0.0,0.0,0.0,-181240.0,1.189779e+06,-0.0001920244,-0.0004981522,-0.00032975292,0.0006395001,-2.647884e+06,937349.0,val
scenario_0305,2,41_AA02;41_AA59,0.0,0.0,0.0,0.0,1.5570297e+07,-1.4544726e+07,0.0004065776,0.0010540352,0.0048503065,-0.004277797,1.7092656e+07,-1.8210786e+07,train
scenario_0306,5,28_1802;28_5025;28_A310;28_A320;28_A350,0.0,0.0,0.0,0.0,-1.215892e+06,1.3080378e+07,0.0046083843,0.009094248,-0.00088725705,0.0010452513,3.969969e+06,1.5137014e+07,test
scenario_0307,2,56_2017;56_2019,0.0,0.0,0.0,0.0,6.489891e+06,9.944156e+06,-0.00022173603,-0.0007693501,0.001248959,0.00043348083,753218.0,1.065776e+07,train
scenario_0308,2,8_0501;8_0503,0.0,0.0,0.0,0.0,2.510195e+06,5.198626e+06,7.399265e-05,0.00074734155,0.00037949765,0.0019874847,1.409659e+06,5.490836e+06,train
scenario_0309,3,27_6251;27_B330;27_B340,0.0,0.0,0.0,0.0,-6.633972e+06,-3.408488e+07,-0.0012571694,-0.009131622,-0.002087485,-0.008087486,-1.3958142e+07,-3.918337e+07,test
scenario_0310,1,6_0208,0.0,0.0,0.0,0.0,8.075123e+06,8.957504e+06,0.00026635232,-0.0015225274,0.0019132462,0.003336573,4.999351e+06,8.649568e+06,test
scenario_0311,3,1_0607;34_6057;49_D451,0.0,0.00014160937514884342,0.0,0.0,1.6096015e+07,9.306787e+06,0.0010965344,0.0032633217,0.0040851813,0.0031075072,1.9496418e+07,1.117392e+07,val
scenario_0312,3,36_4017;42_B340;42_B351,0.0,0.0,0.0,0.0,-1.3911714e+07,-4.722284e+07,-0.00072289736,0.0009646926,-0.0027187853,-0.011518303,-6.400092e+06,-5.2191024e+07,train
scenario_0313,2,19_0213;53_7322,0.0,0.0,0.0,0.0,1.2110056e+07,9.657194e+06,0.00049994816,-6.300106e-05,0.0029512707,0.0040965984,1.1367451e+07,1.0269575e+07,train
scenario_0314,4,38_0213;38_0214;38_0215;38_0260,0.0,0.0,0.0,0.0,1.1200812e+07,1.2854058e+07,0.00015479792,0.0017235238,0.0026269346,0.0047186795,1.1725741e+07,1.5855239e+07,train
scenario_0315,3,46_A430;4_0221;6_B441,0.0,0.0,0.0,0.0,2.477198e+07,8.076176e+06,0.00096261664,0.0003715005,0.0064514647,0.0032561065,2.7998688e+07,7.97868e+06,train
scenario_0316,3,12_0507;12_0508;12_0561,0.0,0.0,0.0,0.0,3.499265e+06,209687.0,0.00024198194,-0.00041070883,0.0010265484,0.0003064666,3.943139e+06,489298.0,test
scenario_0317,1,5_5803,59758397.41395669,0.0,0.0070826234518551814,60181643.64092606,9.851562e+06,1.0346394e+07,0.0013195194,-0.0003514078,0.0024099653,0.0025157605,9.47444e+06,1.0631414e+07,train
scenario_0318,1,48_Q353,0.0,0.0,0.0,0.0,-2.481396e+06,4.847173e+06,-0.00022515573,-0.00018262875,-0.00082518253,0.0006416319,-4.63637e+06,4.834075e+06,train
scenario_0319,3,27_3005;29_5058;39_5010,0.0,0.0,0.0,0.0,2.1804296e+07,2.4432692e+07,0.0012357085,0.0017075043,0.0071572363,0.0083933715,2.5447144e+07,2.6558624e+07,train
scenario_0320,3,49_C445;49_C448;49_C451,0.0,0.0,0.0,0.0,5.815913e+06,-1.099871e+07,0.00049634895,-0.00060918287,0.0015598726,-0.004488494,5.176093e+06,-1.4003592e+07,train
scenario_0321,5,13_0562;16_C330;27_1003;46_0601;6_7456,36117229.64781484,0.0009365008761164084,0.015042807556913996,36694358.00010386,3.9342704e+07,2.8463492e+07,0.0010162861,0.003690017,0.011648059,0.011795705,4.4047104e+07,3.2458432e+07,train
scenario_0322,4,5_3071;5_A310;5_A320;5_A350,0.0,0.0,0.0,0.0,6.846281e+07,5.015193e+07,0.008969086,0.0051501077,0.024428446,0.013401803,7.847381e+07,5.592689e+07,test
scenario_0323,2,49_E441;49_E455,0.0,0.0,0.0,0.0,3.434054e+06,-1.440484e+06,0.000542111,0.0015129603,0.00018954091,-0.00012892717,-2.49266e+06,-552218.0,train
scenario_0324,5,21_B320;26_9029;39_0205;49_C450;6_0560,0.0,0.0,0.0,0.0,1.9297998e+07,3.911845e+07,0.00039096986,0.0029269473,0.004560821,0.01355125,2.2580848e+07,4.839061e+07,train
scenario_0325,1,1_C310,0.0,0.0,0.0,0.0,330704.0,-3.979966e+06,5.497143e-05,4.5226654e-05,-0.00056798896,-0.0013207225,-1.56721e+06,-4.573222e+06,val
scenario_0326,5,30_0114;30_0115;30_0117;30_0118;30_0119,0.0,0.0,0.0,0.0,-2.999568e+06,-3.99837e+06,-0.0012124133,0.0002539422,-0.0015925309,-0.0007975688,-4.918584e+06,-2.113672e+06,train
scenario_0327,3,5_0804;5_0810;5_B410,0.0,0.0,0.0,0.0,5.331829e+06,1.6504276e+07,0.00068674126,-0.0008539973,0.0012376625,0.004225566,7.448213e+06,1.8863728e+07,train
scenario_0328,1,8_0214,0.0,0.0,0.0,0.0,-130133.0,3.565496e+06,-0.00017923955,5.3225667e-05,-0.0003398643,0.001553985,-2.647722e+06,3.36969e+06,train
scenario_0329,2,47_0603;6_A353,0.0,0.0,0.0,0.0,8.536968e+06,1.0204791e+07,0.0004401604,-0.00016168307,0.0012611691,0.0037747677,5.430866e+06,1.0104413e+07,train
scenario_0330,4,6_0210;6_0502;6_0571;6_0811,0.0,0.0,0.0,0.0,1.9722842e+07,2.2477288e+07,-9.191118e-05,0.00566097,0.0058408882,0.00845314,1.937505e+07,2.4302546e+07,train
scenario_0331,1,49_E441,0.0,0.0,0.0,0.0,2.299115e+06,-2.860106e+06,0.0001403297,0.00059566536,-0.00027098646,-0.000585211,-2.4156e+06,-3.05402e+06,train
scenario_0332,5,12_4059;12_4101;12_4138;12_4154;12_C330,0.0,0.0,0.0,0.0,-1.194084e+07,-2.524021e+07,-0.0035105841,-0.0037251944,-0.004003282,-0.008084666,-1.1472316e+07,-2.9630526e+07,train
scenario_0333,1,4_0663,0.0,0.0,0.0,0.0,1.093757e+06,2.053491e+06,-0.00011945283,0.000112024485,-4.24576e-05,0.0010209368,-1.477252e+06,1.489372e+06,train
scenario_0334,1,12_4107,0.0,0.0,0.0,0.0,-5.063794e+06,-1.889036e+06,-0.0011312518,-0.0007067096,-0.0017907089,-0.00029192818,-6.9913e+06,-900888.0,val
scenario_0335,3,48_AA01;48_AA02;48_AA03,0.0,0.0,0.0,0.0,5.638089e+06,-1.344216e+07,-0.00012562389,-0.003327215,0.0023728444,-0.008258246,1.0164829e+07,-1.4955536e+07,val
scenario_0336,3,4_0124;4_1037;4_A902,0.0,0.0,0.0,0.0,588867.0,-1.183245e+07,-0.0007090183,-0.013371141,-0.0009948346,-0.0079301745,-6.044782e+06,-1.8561178e+07,val
scenario_0337,3,53_3813;53_C330;53_C350,0.0,0.0,0.0,0.0,23163.0,-1.0534814e+07,0.0002202841,-0.00023494218,0.00067860633,-0.0016516396,5.678224e+06,-1.2143032e+07,train
scenario_0338,2,20_0104;20_0109,0.0,0.0,0.0,0.0,3.623088e+06,3.869809e+06,0.0001552169,-0.0006107044,0.00072470075,0.0017855207,2.763151e+06,4.289922e+06,train
scenario_0339,3,12_0903;13_0509;4_0260,37051315.29845616,0.000936509102456573,0.015042873625715531,37643372.44619237,2.7797284e+07,2.9052322e+07,0.00038962258,0.0014078986,0.00916364,0.010601229,2.996278e+07,2.9461544e+07,test
scenario_0340,6,22_0703;35_2118;48_0116;53_7409;6_0202;6_A430,171099201.1470835,0.0,0.04103527033721523,178120303.12063563,4.4068764e+07,7.4185864e+07,0.0038145091,0.0036457046,0.014386499,0.026502205,5.1866016e+07,8.398579e+07,train
scenario_0341,2,39_3013;39_9006,268069048.43522066,0.0,0.10028363935967541,294951988.21198964,4.764366e+07,5.964425e+07,0.0060905237,0.006807314,0.018031538,0.022452699,5.7556824e+07,7.3769656e+07,train
scenario_0342,5,4_0113;4_0120;4_0121;4_0161;4_A901,0.0,0.0,0.0,0.0,-1.841912e+06,-4.342168e+06,-0.00071210123,-0.007993177,-0.0014980198,-0.0035509723,-5.430766e+06,-6.312398e+06,test
scenario_0343,2,49_7083;53_0259,171099201.1470835,0.0,0.04103527033721523,178120303.12063563,1.1061045e+07,1.7867062e+07,0.0007527073,0.00081468676,0.002413206,0.005695235,9.549908e+06,2.086311e+07,train
scenario_0344,3,56_B310;56_B320;56_B330,0.0,0.0,0.0,0.0,20229.0,2.673884e+06,8.7740365e-05,-0.001262589,-0.00010976428,0.0013455935,-6.217674e+06,3.543742e+06,test
scenario_0345,4,16_5025;49_C444;49_C446;49_C449,0.0,0.0,0.0,0.0,3.346498e+06,-1.0965516e+07,1.3479614e-05,-0.0007859116,0.0004981607,-0.005198931,3.609095e+06,-1.4726838e+07,train
scenario_0346,2,27_0505;39_0259,0.0,0.0,0.0,0.0,1.009579e+06,-1.371118e+06,2.4677138e-05,0.00018508232,9.567803e-05,-0.00028390018,429286.0,-1.491298e+06,val
scenario_0347,3,4_0262;4_0267;4_0503,0.0,0.0,0.0,0.0,2.7337164e+07,2.859221e+07,0.00027877232,0.000913654,0.009023983,0.010428753,2.909664e+07,2.876704e+07,val
scenario_0348,3,5_4019;5_A606;5_A607,256.5129196544443,0.0,0.0,256.5129196544443,4.4353896e+07,4.6882424e+07,0.008121974,0.0055097784,0.012533407,0.013722647,4.4605416e+07,5.1868304e+07,train
scenario_0349,5,12_4136;19_0110;32_A461;4_1025;6_7456,0.0,0.0,0.0,0.0,2.3070388e+07,2.8179876e+07,0.002327981,0.007147591,0.006668905,0.015070962,2.8311654e+07,3.637171e+07,train
scenario_0350,6,13_3018;18_1037;19_A430;36_4017;4_0664;55_0215,0.0,0.054032254458977746,0.0,0.0,3.1757918e+07,4.5955184e+07,0.0013875103,0.00034647435,0.010240514,0.0132500455,3.815101e+07,5.315852e+07,test
scenario_0351,3,39_4018;39_9006;39_A410,405599577.87432075,0.0,0.1647832332654341,472435587.7275465,7.813794e+07,1.0394165e+08,0.010981433,0.016291365,0.031088404,0.042119857,8.98825e+07,1.2490377e+08,test
scenario_0352,3,31_C430;46_A421;46_A423,0.0,0.0,0.0,0.0,6.448436e+06,-7.362452e+06,0.00022300065,-0.0026603108,0.0012991251,-0.003783099,1.0027042e+07,-6.80339e+06,train
scenario_0353,6,18_0670;35_2118;40_0508;41_5021;6_0212;6_0660,34062848.303767025,0.0,0.024255217472585418,34889050.097110584,5.354947e+07,4.797373e+07,0.006418911,0.0064281677,0.020251155,0.019581556,6.615243e+07,5.389569e+07,test
scenario_0354,5,47_0601;47_0602;47_0604;47_0605;47_0607,0.0,0.0,0.0,0.0,3.1165628e+07,4.07956e+07,3.915676e-05,0.00090697466,0.011879224,0.014420332,3.5294e+07,4.321596e+07,test
scenario_0355,2,17_4082;17_A320,0.0,0.0,0.0,0.0,2.643558e+07,3.0337278e+07,0.0017511442,0.0009894029,0.0091784885,0.008842828,3.33631e+07,3.3726572e+07,train
scenario_0356,2,46_0661;46_0803,0.0,0.0,0.0,0.0,-655091.0,-1.759634e+06,-0.00010783237,0.00058127294,-0.00029164553,-0.0006674994,-1.374536e+06,-1.598768e+06,train
scenario_0357,6,17_0659;17_5453;29_A808;41_6011;48_0124;48_A505,4.797042127357671,0.0,0.0,4.797042127357671,7.926304e+07,7.499761e+07,0.010088224,0.009060152,0.028073676,0.025226083,9.531775e+07,8.970432e+07,train
scenario_0358,2,35_0506;4_1022,0.0,0.0,0.0,0.0,8.1498125e+06,2.077716e+07,0.00046435138,-6.692705e-05,0.0007828665,0.0073811845,5.088329e+06,2.49564e+07,test
scenario_0359,2,54_1640;54_4003,0.0,0.0,0.0,0.0,1.8588314e+07,-537143.0,0.0038064583,0.00030189508,0.0056374636,-0.00018292712,2.0969872e+07,-4.865702e+06,train
scenario_0360,2,48_4142;48_E420,0.0,0.0,0.0,0.0,-6.197478e+06,-1.582318e+06,0.0019405229,0.0041288626,-0.00079978723,-0.0010184981,1.630441e+06,-1.383942e+06,train
scenario_0361,3,38_5002;48_1049;48_E420,0.0,0.0,0.0,0.0,2.043561e+06,-1.500306e+06,0.0008262222,0.0016988883,0.0013120403,-0.0028179274,1.1211543e+07,-3.763132e+06,train
scenario_0362,4,13_0502;53_0259;5_4021;6_8534,237741911.46293268,0.0009366022261033669,0.06301571253062907,252946057.01567736,3.4678508e+07,4.3870664e+07,0.0032456117,0.00080439774,0.010651417,0.013918834,4.1807084e+07,4.696156e+07,train
scenario_0363,5,1_0102;1_0103;1_0162;1_0506;1_0564,0.0,0.0,0.0,0.0,3.042338e+06,2.14819e+06,-0.0002686351,0.000169517,0.0010412228,7.486949e-05,1.765452e+06,1.763267e+06,train
scenario_0364,4,49_C410;49_C443;49_C447;49_C452,0.0,0.0,0.0,0.0,1.455895e+06,-5.5692e+06,0.00025722443,0.0003772733,0.00088078855,-0.0024668747,2.837611e+06,-6.526206e+06,train
scenario_0365,1,4_C310,0.0,0.0,0.0,0.0,-3.717034e+06,-7.045984e+06,-0.00019805995,3.5974197e-05,-0.0012950692,-0.0020166743,-4.813916e+06,-8.439924e+06,test
scenario_0366,6,39_0111;48_3589;4_0264;4_1022;4_A350;8_0215,0.0,0.0,0.0,0.0,3.1070782e+07,4.290785e+07,0.001165228,-0.00093657046,0.008356799,0.013764605,3.3963644e+07,4.8344536e+07,train
scenario_0367,4,5_0115;5_0118;5_0120;5_0123,0.0,0.0,0.0,0.0,6.23515e+06,4.987288e+06,9.517651e-06,-0.00041425868,0.0016313838,0.0020180382,5.950679e+06,5.289116e+06,test
scenario_0368,3,47_3075;47_B320;47_B350,0.0,0.0,0.0,0.0,-2.925954e+06,3.2432452e+07,0.0013518343,0.006199752,-5.0706323e-05,0.010720408,9.446374e+06,3.823347e+07,train
scenario_0369,2,39_4018;55_0217,137530529.43910006,0.0,0.06449959390575868,146401192.737566,2.822808e+07,3.918908e+07,0.0023496752,0.009980144,0.009525647,0.01692683,3.5865376e+07,4.567867e+07,train
scenario_0370,4,28_0501;32_0112;49_7082;4_0660,0.0,0.0,0.0,0.0,1.391176e+07,1.6723214e+07,0.00081324193,0.0015742895,0.0032725723,0.0050279777,1.2394994e+07,1.83527e+07,val
scenario_0371,4,18_0604;18_0608;18_0660;18_0672,0.0,0.0,0.0,0.0,7.925101e+06,3.715572e+06,-7.8478595e-05,0.00034998718,0.0020148265,0.0015331767,7.672317e+06,4.504672e+06,test
scenario_0372,6,26_0117;26_0118;40_0607;48_3769;48_N350;49_E451,0.0,0.0,0.0,0.0,8.394406e+06,1.0923466e+07,-0.0005756306,-0.0013631132,0.00037206663,0.002851055,4.519923e+06,1.4393361e+07,train
scenario_0373,3,48_A310;48_A320;48_K351,0.0,0.0,0.0,0.0,-3.668188e+06,1.265874e+06,-0.0013166814,-0.0046877423,-0.00024605775,-0.0030892598,482048.0,-950258.0,train
scenario_0374,4,46_0603;46_0604;46_0606;46_0661,0.0,0.0,0.0,0.0,-964982.0,-1.209582e+07,-0.0006707179,-0.00011567434,-0.00078510866,-0.0036742785,-978512.0,-1.1790936e+07,train
scenario_0375,4,10_0104;42_0603;6_0560;6_B411,0.0,0.0,0.0,0.0,1.3643867e+07,1.2707465e+07,0.00039534183,0.00025385153,0.0025936398,0.0044980315,1.2370222e+07,1.2952263e+07,train
scenario_0376,3,12_C330;17_0606;28_3094,1.8071320479333755,0.0,0.0,1.8071320479333755,1.2268572e+07,5.583186e+06,0.0013046592,0.001384063,0.0034104814,0.0031630308,1.5594512e+07,6.173365e+06,val
scenario_0377,4,32_0104;32_0106;32_0109;32_0110,0.0,0.0,0.0,0.0,4.949038e+06,1.36426e+06,0.000106937485,-0.0002106335,0.0015235546,0.0002717143,5.124873e+06,1.40987e+06,train
scenario_0378,4,48_K320;48_K340;48_K350;48_K351,0.0,0.0,0.0,0.0,-1.0779162e+07,9.430934e+06,-0.0016379537,-0.003058568,-0.0012900457,-3.7339516e-05,-3.332052e+06,9.48225e+06,train
scenario_0379,6,13_3017;17_5453;28_0507;37_1802;47_0601;6_0811,0.0,0.08944644797055046,0.0,0.0,9.328677e+07,8.192544e+07,0.015966982,0.023751503,0.03353891,0.028745204,1.055643e+08,9.579153e+07,train
scenario_0380,3,18_9020;29_0601;4_A310,79978763.0622889,0.0,0.047740436155137234,83796984.09403095,2.1981894e+07,3.384108e+07,0.0014156854,0.006318475,0.005675018,0.013081722,2.543556e+07,4.002495e+07,test
scenario_0381,3,42_7037;55_B903;5_0124,0.0,0.0,0.0,0.0,2.9616678e+07,2.3425778e+07,0.0029836223,0.0036775866,0.01025866,0.01042357,3.3401812e+07,2.7240838e+07,test
scenario_0382,2,17_5423;17_9327,39296165.97180121,0.0,0.013495764974631317,39826497.792160735,3.761178e+07,3.8038508e+07,0.0029124143,0.00257545,0.013201164,0.010597074,4.558385e+07,4.328377e+07,train
scenario_0383,1,6_0564,0.0,0.0,0.0,0.0,264908.0,-1.995456e+06,-0.0001839808,0.0006161238,-0.00024681585,-0.0002970863,-2.269652e+06,-2.89548e+06,train
scenario_0384,1,28_3085,0.0,0.0,0.0,0.0,2.987158e+06,1.3630025e+07,0.00048464927,0.00049588305,3.569573e-05,0.00413738,618788.0,1.4723856e+07,val
scenario_0385,1,8_7780,0.0,0.0,0.0,0.0,2.787123e+06,-342015.0,-0.000111185596,0.00043797586,-0.00015940284,0.0009903815,-2.126718e+06,106134.0,train
scenario_0386,2,1_0564;1_C310,0.0,0.0,0.0,0.0,2.056206e+06,-5.789282e+06,0.0003470031,0.000496821,0.00013267295,-0.002221588,3.144945e+06,-6.80012e+06,train
scenario_0387,5,32_A457;32_A458;32_A459;32_A460;32_A463,0.0,0.0,0.0,0.0,-4.469126e+06,-2.4794946e+07,-0.00070987165,-0.0049857195,-0.0005574245,-0.005893976,-4.37872e+06,-2.9454246e+07,train
scenario_0388,6,42_A411;48_N310;51_0124;51_A350;55_0213;6_3030,18960571.177704494,0.0,0.006304155937961863,19080101.575081572,3.82931e+07,3.5494176e+07,0.004066197,0.0021355925,0.012162397,0.012857391,4.062592e+07,3.9601284e+07,train
scenario_0389,1,56_2019,0.0,0.0,0.0,0.0,2.097542e+06,2.71235e+06,-0.000105535146,-0.00027160707,-9.283377e-05,-0.0005032029,-3.245456e+06,2.158174e+06,train
scenario_0390,5,35_0101;35_0102;35_0103;35_0104;35_0505,0.0,0.0,0.0,0.0,4.003859e+06,1.2884327e+07,-0.000117937685,-0.0005434514,0.0014073618,0.003790399,3.752065e+06,1.4675826e+07,train
scenario_0391,5,12_0104;12_0111;12_0509;12_0561;12_0903,0.0,0.0,0.0,0.0,5.660259e+06,7.6543475e+06,-0.00048380985,-0.000634682,0.001821205,0.0024884439,5.669847e+06,7.727752e+06,train
scenario_0392,3,13_0508;1_3998;48_5335,98306954.51434128,0.0009365016434162987,0.03338878299300721,101681368.709786,4.7178216e+07,4.7207892e+07,0.0071329614,0.009227043,0.01629684,0.017497044,5.3463896e+07,5.28562e+07,train
scenario_0393,3,28_1001;28_3081;28_5006,0.0,0.0,0.0,0.0,5.407227e+07,6.7682536e+07,0.0072028823,0.0038967505,0.020024804,0.020874005,6.484053e+07,7.810127e+07,train
scenario_0394,4,42_0607;46_0803;4_1015;53_7409,171099201.1470835,0.0,0.04103527033721523,178120303.12063563,2.6716e+07,3.763835e+07,0.0023599968,0.005057648,0.007799192,0.013353689,3.2799748e+07,4.429374e+07,test
scenario_0395,3,49_E458;49_E459;49_E461,0.0,0.0,0.0,0.0,-275742.0,616682.0,0.0005182853,0.0020915188,-4.1966792e-05,0.00094778277,-2.218934e+06,4.479547e+06,train
scenario_0396,5,17_0659;1_6019;35_2118;39_9022;47_A350,18111045.63474914,0.0,0.007856359808079926,18253332.525756285,4.66827e+07,5.2474344e+07,0.004463075,0.003919295,0.01671551,0.017277066,5.9950224e+07,6.274568e+07,train
scenario_0397,1,28_4024,0.0,0.0,0.0,0.0,550860.0,2.1303736e+07,0.00010443025,0.0011978948,-0.00019549532,0.00674434,-1.78249e+06,2.4055352e+07,train
scenario_0398,3,39_4018;39_A411;39_A412,137545982.68241465,0.0,0.06449959390575868,146417642.70879892,6.451939e+07,7.150896e+07,0.00661573,0.010418771,0.02635995,0.028610962,7.4792904e+07,7.878688e+07,train
scenario_0399,3,49_E431;49_E440;49_E445,0.0,0.0,0.0,0.0,1.129011e+06,4.825279e+06,0.0005538452,0.0024200536,-0.00021783356,0.0019783196,-2.923742e+06,7.935543e+06,train
scenario_0400,3,26_0901;26_0902;26_1013,0.0,0.0,0.0,0.0,1.778774e+07,9.348072e+06,0.0008256366,-0.001197725,0.004698399,0.003456848,1.8397042e+07,8.904023e+06,val
scenario_0401,2,19_1044;29_A605,0.0,0.0,0.0,0.0,7.650217e+06,1.566581e+06,3.010733e-05,0.0013467987,0.0020189995,-0.0024498068,1.0956047e+07,425186.0,train
scenario_0402,1,48_0164,0.0,0.0,0.0,0.0,-116756.0,1.186663e+06,-0.00018995476,-2.4116249e-05,-0.00032758946,0.00063654827,-2.589646e+06,615676.0,train
scenario_0403,5,49_D410;49_D430;49_D444;49_D445;49_D450,0.0,0.0,0.0,0.0,2.343009e+06,3.06281e+07,-0.0004355599,-0.00038940646,-0.00033472385,0.006392659,3.233251e+06,3.267326e+07,train
scenario_0404,2,29_A411;4_A455,0.0,0.0,0.0,0.0,9.2049e+06,-44353.0,0.0003728189,-0.00057328516,0.0018229035,-0.0015005032,8.757065e+06,-1.765202e+06,train
scenario_0405,5,49_A330;49_A332;49_B320;49_B351;49_B361,0.0,0.0,0.0,0.0,-5.327354e+06,1.109832e+06,0.00021098158,0.0021684603,-0.0003054142,0.00010916637,-3.80102e+06,5.239034e+06,test
scenario_0406,1,29_A605,0.0,0.0,0.0,0.0,853650.0,-4.739776e+06,0.0005091763,0.0014129361,-0.00039889524,-0.0022013648,-1.571294e+06,-6.119774e+06,train
scenario_0407,5,26_1010;26_D310;26_D340;26_D350;26_D351,0.0,0.0,0.0,0.0,-3.742208e+06,-2.1442362e+07,-0.0033611613,-0.005873809,-0.00017203484,-0.00022992538,264074.0,-2.6453278e+07,train
scenario_0408,4,22_0703;22_0705;22_0706;22_4001,0.0,0.0,0.0,0.0,1.6103927e+07,8.436542e+06,0.0008298486,0.00174121,0.0040288363,0.0018250837,1.538968e+07,7.881068e+06,train
scenario_0409,2,32_AA59;42_1691,0.0,0.0,0.0,0.0,1.3665329e+07,-6.800368e+06,0.0014382679,0.001716037,0.0034967535,-0.0014939071,1.5103184e+07,-8.00945e+06,train
scenario_0410,3,48_0115;48_0163;48_0903,0.0,0.0,0.0,0.0,1.0348483e+07,1.4687044e+07,0.00038440846,0.0005494686,0.002797996,0.0051383465,9.960448e+06,1.6022735e+07,val
scenario_0411,1,48_AA03,0.0,0.0,0.0,0.0,865858.0,-6.643984e+06,-0.00016749813,-0.0016199517,-0.00011607632,-0.0033201636,-1.081404e+06,-7.728442e+06,val
scenario_0412,4,18_A430;1_4084;34_0502;4_0217,59128213.52793467,0.0,0.01885634601705038,60243155.58158744,5.7442464e+07,5.573953e+07,0.007903364,0.0021790676,0.020395935,0.01668987,6.303991e+07,5.9375016e+07,train
scenario_0413,3,47_3101;47_9025;47_A310,0.0,0.0,0.0,0.0,1.5843336e+07,4.81946e+07,0.0008630747,0.003401612,0.004936974,0.014604062,2.8857152e+07,5.5178936e+07,test
scenario_0414,5,28_0805;28_0806;28_2807;28_3090;28_3097,0.0,0.0,0.0,0.0,3.205132e+07,5.0428464e+07,0.002367638,0.0014028944,0.010029487,0.011318284,4.1941184e+07,5.475432e+07,train
scenario_0415,3,27_1018;27_4055;27_D340,0.0,0.0,0.0,0.0,4.552723e+06,-3.11241e+06,-0.0005480981,-0.0028016916,-7.578684e-05,-0.0020290306,999574.0,-3.69991e+06,test
scenario_0416,2,48_2108;48_3010,0.0,0.0,0.0,0.0,2.941013e+06,-10314.0,-0.00020911498,-0.00043161435,-3.78415e-05,0.00034506945,5.032358e+06,-1.091156e+06,test
scenario_0417,5,29_0506;29_0607;29_0760;29_0808;29_0964,0.0,0.0,0.0,0.0,2.658777e+06,1.799462e+06,-0.00033286563,-0.00081529084,0.0006871042,-0.00029096706,1.230993e+06,2.603271e+06,train
scenario_0418,3,46_A412;55_0908;55_B908,0.0,0.0,0.0,0.0,3.181495e+07,2.2946948e+07,0.0009340163,0.00060919113,0.009600036,0.0079811495,3.9162864e+07,2.5272496e+07,train
scenario_0419,2,56_B310;56_B330,0.0,0.0,0.0,0.0,2.222292e+06,41519.0,0.00017754105,-0.0011357564,-0.00021199044,0.0002953345,-6.15684e+06,-123480.0,train
scenario_0420,3,19_0604;37_A965;39_0809,0.0,0.0,0.0,0.0,8.3567e+06,1.000156e+07,0.00076234096,0.00223675,0.0018546141,0.0021142522,1.1098036e+07,9.496728e+06,test
scenario_0421,4,39_0106;39_0111;39_0201;39_0209,312985523.1590836,0.0,0.12565841288082202,352314787.2539278,1.049932e+07,1.2020475e+07,0.00018731924,8.7767956e-05,0.003103595,0.003855656,1.0306583e+07,1.2626722e+07,train
scenario_0422,4,48_1174;48_3749;48_M330;48_M350,0.0,0.0,0.0,0.0,-1.2341056e+07,5.056821e+06,-0.0023247264,-0.005089962,-0.0022343462,-0.001247474,-9.318624e+06,3.078147e+06,test
scenario_0423,5,12_0902;17_5423;26_9029;5_A350;6_0812,35693267.50611243,0.0,0.013495764974631317,36174975.455551565,4.057583e+07,4.781822e+07,0.0029436455,0.010119498,0.01450325,0.01431773,5.393884e+07,5.687692e+07,test
scenario_0424,2,24_0560;29_AA62,0.0,0.0,0.0,0.0,1.4297125e+07,5.980515e+06,0.0009230897,-0.00062828383,0.0027902294,0.00039843144,1.2679811e+07,6.375691e+06,train
scenario_0425,1,4_A450,0.0,0.0,0.0,0.0,-1.85961e+06,87695.0,-0.00018670282,-0.002275013,-0.00079188216,-0.0008867518,-3.55752e+06,-1.288944e+06,train
scenario_0426,5,26_0123;26_0159;26_0223;26_0901;26_0902,0.0,0.0,0.0,0.0,6.850775e+06,-2.517142e+06,-0.00046088186,-0.0001434047,0.0020325785,-0.0013067825,7.465305e+06,-4.582004e+06,test
scenario_0427,1,46_0601,0.0,0.0,0.0,0.0,-1.911596e+06,-5.501004e+06,-0.00028991327,0.0006395204,-0.0008556177,-0.0013157125,-3.634666e+06,-5.159446e+06,test
scenario_0428,1,40_4088,0.0,0.0,0.0,0.0,575409.0,1.360629e+06,3.984419e-05,-0.0006232519,-0.00022643153,-0.00035544578,-1.657074e+06,751149.0,test
scenario_0429,5,55_3008;55_A907;55_A908;55_B901;55_B903,0.0,0.0,0.0,0.0,5.913457e+07,7.969936e+07,0.002321852,0.0031288313,0.022584228,0.02800788,7.7827256e+07,8.961198e+07,val
scenario_0430,3,31_7005;51_0113;6_B421,0.0,0.0,0.0,0.0,1.3925127e+07,7.78369e+06,0.0004980931,0.001949681,0.003045309,0.002216237,1.3791918e+07,9.068912e+06,test
scenario_0431,4,29_A320;29_A340;29_A351;29_AA62,0.0,0.0,0.0,0.0,3.2555016e+07,1.1014448e+07,0.004353877,0.0012767727,0.008276049,-0.003107904,3.4134772e+07,9.082806e+06,train
scenario_0432,5,4_1017;4_1018;4_C320;4_C340;4_D320,0.0,0.0,0.0,0.0,-1.3205726e+07,2.733739e+06,-0.0016497764,-0.0049476535,-0.0020957682,-0.00045740837,-1.4143716e+07,3.158083e+06,test
scenario_0433,4,36_B353;4_0224;6_B412;8_A415,0.0,0.0,0.0,0.0,3.0525344e+07,2.5787762e+07,0.0015827924,0.00056218565,0.009138584,0.009259295,3.580278e+07,2.587066e+07,test
scenario_0434,1,48_0122,0.0,0.0,0.0,0.0,121391.0,-646413.0,-0.0001767209,-7.329264e-05,-0.00028115697,5.9246086e-05,-2.319662e+06,-1.433992e+06,train
scenario_0435,5,6_2004;6_3010;6_3013;6_3024;6_7493,0.0,0.0,0.0,0.0,-1.2124446e+07,-7.789036e+06,7.816346e-05,0.007008082,-0.0036569233,0.00043846667,-1.6210718e+07,-9.937256e+06,train
scenario_0436,1,53_1005,0.0,0.0,0.0,0.0,2.027786e+06,1.3444172e+07,-0.00036143186,-0.0019931863,0.0007841531,0.0027358101,445204.0,1.5817523e+07,train
scenario_0437,5,16_9032;28_3087;34_0507;41_7025;4_A453,36345207.30362677,0.0,0.01624778841166056,36935736.54167403,1.5614134e+07,2.3847836e+07,0.0013295223,0.0011848427,0.0035709818,0.0046534315,1.8485972e+07,2.544482e+07,train
scenario_0438,4,16_1007;18_0602;1_0161;22_4001,0.0,0.0,0.0,0.0,3.058953e+06,4.480395e+06,-0.00023846317,-0.0011140542,-0.00019468972,-0.0016881772,3.105544e+06,3.343421e+06,train
scenario_0439,1,47_1023,0.0,0.0,0.0,0.0,1.3016093e+07,1.563309e+07,0.002354852,0.0055076154,0.0032191235,0.0062758536,1.5334368e+07,1.8013848e+07,test
scenario_0440,3,48_1077;49_C457;6_8201,0.0,0.0,0.0,0.0,68517.0,7.5664145e+06,-3.824872e-05,0.003165665,0.00017924048,0.0014413407,-3.304024e+06,8.63245e+06,train
scenario_0441,1,27_0501,0.0,0.0,0.0,0.0,-2.898768e+06,-1.276728e+06,-0.00029697292,0.0005082225,-0.0009434456,-8.4992964e-05,-5.228044e+06,-1.607376e+06,train
scenario_0442,5,49_A310;49_B320;49_B350;49_B351;49_B390,0.0,0.0,0.0,0.0,-5.190794e+06,726535.0,0.00032382295,0.0026674792,-0.00020953966,-1.6417354e-05,-2.519454e+06,5.021704e+06,train
scenario_0443,5,31_0113;31_0118;31_0120;31_0902;31_0904,0.0,0.0,0.0,0.0,953201.0,4.945886e+06,-0.00020493078,0.00068002305,0.00044542318,0.00069725467,415874.0,5.840363e+06,train
scenario_0444,3,55_0124;55_0218;55_0262,0.0,0.0,0.0,0.0,5.494827e+06,3.505952e+06,0.00035250746,-0.00013224932,0.0015232458,0.0011450308,5.571896e+06,3.322855e+06,train
scenario_0445,2,12_B320;12_B351,0.0,0.0,0.0,0.0,-1.518234e+06,-1.06954e+07,-6.291468e-05,-0.0012292647,-0.0006965748,-0.003304345,2.594023e+06,-1.260635e+07,train
scenario_0446,2,29_AA61;29_AA62,0.0,0.0,0.0,0.0,3.131438e+07,8.546148e+06,0.0031992348,-0.00046730286,0.010272377,-0.00070600305,3.830269e+07,9.440526e+06,train
scenario_0447,3,45_1011;55_0903;8_6002,0.0,0.0,0.0,0.0,2.8521804e+07,2.3152842e+07,0.003797934,0.0025340626,0.0084102405,0.0074022156,3.1777704e+07,2.4860266e+07,train
scenario_0448,3,13_0560;30_0901;31_A430,36030641.55164124,0.0009365006326461645,0.01504280560151007,36606386.20680804,2.3335828e+07,3.035172e+07,0.0012169181,-0.0006538484,0.006762593,0.008632495,2.6505e+07,3.2031864e+07,val
scenario_0449,5,1_1019;1_B310;1_B320;1_B330;1_B350,0.0,0.0,0.0,0.0,-1.8966934e+07,-1.3989156e+07,0.0010563177,0.0068349494,-0.0049706823,-0.006041137,-1.134097e+07,-1.488832e+07,train
scenario_0450,6,17_0603;27_6251;35_0505;39_3801;42_1608;4_BA60,56379135.191765085,0.0,0.013189615974628761,57122754.33392614,2.2298118e+07,-4.827652e+06,0.00034689845,0.0030204484,0.0043063546,0.00011997251,1.6289395e+07,-6.846622e+06,train
scenario_0451,1,12_C310,0.0,0.0,0.0,0.0,-2.062108e+06,-8.82565e+06,-0.00012176798,-0.0009378261,-0.00086849835,-0.0020614741,-3.191948e+06,-1.039364e+07,test
scenario_0452,5,1_0109;1_0505;1_0506;1_0507;1_0564,0.0,0.0,0.0,0.0,2.455591e+06,2.564277e+06,-0.0003492653,-2.6575406e-05,0.0007875501,0.00051704794,1.06611e+06,2.895918e+06,val
scenario_0453,3,19_0215;19_0216;19_0702,0.0,0.0,0.0,0.0,1.3019222e+07,1.2637392e+07,0.00035235577,0.00085434515,0.0033209205,0.0047731474,1.1883537e+07,1.3796379e+07,test
scenario_0454,3,19_5042;19_5046;19_9116,0.0,0.0,0.0,0.0,2.6350492e+07,4.929084e+07,0.00030399382,0.002747965,0.009471009,0.014361562,3.894328e+07,5.756307e+07,train
scenario_0455,3,49_7082;49_C441;49_C453,0.0,0.0,0.0,0.0,1.0303218e+07,4.861308e+06,0.0002752297,0.0020397184,0.0018810509,0.0007426576,6.567133e+06,4.376074e+06,val
scenario_0456,4,40_AA02;40_AA03;40_AA61;40_AA62,0.0,0.0,0.0,0.0,9.912526e+06,1.8964716e+07,-6.5304805e-05,0.00038832182,0.0034610291,0.0037291686,1.485364e+07,2.2143802e+07,val
scenario_0457,3,22_0121;22_0705;22_0706,0.0,0.0,0.0,0.0,1.0077866e+07,7.9319405e+06,0.00031966774,-0.0003032901,0.0027958732,0.0025945816,9.737256e+06,7.811102e+06,train
scenario_0458,2,46_0603;46_0804,0.0,0.0,0.0,0.0,-505974.0,-293676.0,-0.00011682592,0.0010256474,-0.00033297855,-0.000118987635,-1.021872e+06,221078.0,val
scenario_0459,1,6_8153,0.0,0.0,0.0,0.0,-4.460116e+06,-1.4979378e+07,-0.0005971553,0.0018442568,-0.0013661105,-0.0041806945,-6.868316e+06,-1.5879352e+07,val
scenario_0460,2,48_0113;48_0161,0.0,0.0,0.0,0.0,4.418978e+06,1.0605415e+07,0.00011126534,0.0005168842,0.0008741687,0.003664975,2.792834e+06,1.1272404e+07,train
scenario_0461,6,12_3811;26_9029;39_0207;49_D430;4_AA02;6_0209,37992167.321843825,0.0,0.015352222461755358,38575431.526373,5.43012e+07,3.814729e+07,0.007024245,0.0023428258,0.017556673,0.013736196,6.441159e+07,4.7178824e+07,test
scenario_0462,3,6_7491;6_8149;6_8151,0.0,0.0,0.0,0.0,6.754113e+06,3.8274056e+07,0.00061001204,0.0026758043,0.00045253988,0.01396508,4.241158e+06,4.725431e+07,test
scenario_0463,1,50_1004,0.0,0.0,0.0,0.0,-1.231692e+06,-1.538841e+07,-0.00040517887,-0.00068545237,-5.4370146e-05,-0.0053814785,-2.366934e+06,-1.8780082e+07,train
scenario_0464,2,48_B430;48_D420,0.0,0.0,0.0,0.0,-4.098584e+06,-7.935238e+06,-4.856044e-05,-0.00024163141,-0.0008301041,-0.0017121634,202334.0,-9.337786e+06,test
scenario_0465,4,29_AA64;38_0217;47_6022;4_0262,0.0,0.0,0.0,0.0,3.6654256e+07,1.4721763e+07,0.0036759381,0.00081400614,0.012394771,0.0008792244,4.328212e+07,1.4387392e+07,train
scenario_0466,3,17_1003;17_4082;17_A350,0.0,0.0,0.0,0.0,4.522147e+07,5.239933e+07,0.003181565,0.002161686,0.016696148,0.01572074,5.852099e+07,5.872773e+07,val
scenario_0467,3,20_4053;20_A411;20_A412,0.0,0.0,0.0,0.0,2.938762e+07,2.5556712e+07,0.0012918612,0.0001585891,0.010100832,0.005968308,3.9319016e+07,2.7729888e+07,val
scenario_0468,5,29_5058;39_0202;42_1613;53_BA59;6_B421,0.0,0.0,0.0,0.0,2.6868586e+07,1.5288499e+07,0.0010735373,-0.0015546031,0.00772114,0.0055695255,2.86389e+07,1.3942282e+07,train
scenario_0469,2,12_A352;13_5023,0.0,0.0,0.0,0.0,3.60627e+06,-8.08865e+06,0.0016597663,0.002015825,0.00031736307,-0.0025088587,6.566724e+06,-8.32494e+06,train
scenario_0470,1,29_0807,0.0,0.0,0.0,0.0,-3.861744e+06,-1.71783e+06,-0.00042077224,3.6880374e-07,-0.0011663218,-0.00052875467,-6.76027e+06,-2.18996e+06,train
scenario_0471,1,48_6160,0.0,0.0,0.0,0.0,-1.509808e+06,8.1264205e+06,-0.00032891135,0.0011531904,-0.0006174436,0.0028978859,-4.539592e+06,8.95374e+06,test
scenario_0472,1,48_K351,0.0,0.0,0.0,0.0,-3.033056e+06,-1.10583e+07,-0.0007054537,-0.0027698511,-0.001189319,-0.0050826776,-5.844148e+06,-1.441363e+07,val
scenario_0473,5,6_0202;6_0204;6_0206;6_0210;6_0211,0.0,0.0,0.0,0.0,4.644786e+07,8.98015e+07,0.0022067372,-0.0014823527,0.018412007,0.031199854,5.192044e+07,1.0099513e+08,train
scenario_0474,4,32_0207;32_0208;32_0210;32_0259,0.0,0.0,0.0,0.0,5.806986e+06,3.68013e+06,0.00023109163,0.00026329863,0.0019167401,0.000683879,6.334519e+06,4.086337e+06,val
scenario_0475,3,35_0506;35_0507;35_0801,0.0,0.0,0.0,0.0,5.259985e+06,2.632844e+06,0.0002573966,0.00030637393,0.0014912349,0.0006591547,5.508716e+06,2.318778e+06,train
scenario_0476,3,29_0604;29_0706;29_0901,0.0,0.0,0.0,0.0,4.880708e+06,3.555165e+06,0.0002840868,0.0006260839,0.0012286347,0.0013338774,5.041529e+06,4.551264e+06,train
scenario_0477,1,56_2018,0.0,0.0,0.0,0.0,644403.0,1.1347971e+07,-0.00021517812,-0.00017709553,-0.00051654177,0.0027584515,-5.183352e+06,1.231033e+07,val
scenario_0478,3,28_1001;37_0211;51_0115,0.0,0.0,0.0,0.0,1.1622178e+07,2.5431998e+07,0.00084319746,-3.3766613e-05,0.0024530154,0.0075090807,1.2078528e+07,2.7663884e+07,train
scenario_0479,4,26_A350;26_B320;26_B330;26_B350,0.0,0.0,0.0,0.0,5.448923e+06,-1.6404706e+07,-0.001937335,-0.00571565,0.0023871826,-0.0020787716,7.499895e+06,-2.190273e+07,test
scenario_0480,3,26_0602;26_0603;26_0606,0.0,0.0,0.0,0.0,3.872012e+06,2.845434e+06,0.00027027552,0.00018303434,0.0011432078,0.0010184245,4.437948e+06,3.250043e+06,val
scenario_0481,6,23_0504;53_0801;55_0903;56_7772;6_0602;6_3010,0.0,0.0,0.0,0.0,3.1655614e+07,2.8508464e+07,0.002529422,0.0029229843,0.010456702,0.010352213,3.8628532e+07,3.4809296e+07,test
scenario_0482,2,13_0508;32_2027,37075163.13593259,0.0009365016434162987,0.015042813719397441,37667598.85980942,1.997506e+07,1.0039209e+07,0.000773354,0.0013940408,0.004955617,0.0045745093,2.0975734e+07,9.18492e+06,test
scenario_0483,3,42_1623;42_1690;42_A410,0.0,0.0,0.0,0.0,5.90774e+06,1.100501e+07,0.0017194401,0.005581723,0.0015727191,0.004529289,1.0199305e+07,1.4606603e+07,train
scenario_0484,5,29_A601;29_A602;29_A603;29_A606;29_A607,0.0,0.0,0.0,0.0,1.915852e+06,2.0561728e+07,0.0020130607,0.00935195,0.00026338734,0.0048065884,4.473437e+06,2.510806e+07,train
scenario_0485,1,20_0204,0.0,0.0,0.0,0.0,489885.0,1.301344e+06,-0.0001474137,-0.0005078451,-0.00017320132,0.00078456383,-2.109696e+06,1.306254e+06,train
scenario_0486,5,32_7000;32_A457;32_B340;32_B350;32_C320,0.0,0.0,0.0,0.0,-3.068296e+06,-2.423133e+07,-0.00084141816,-0.004194333,-0.00040495815,-0.006686318,-5.624526e+06,-2.9950558e+07,test
scenario_0487,4,17_0602;17_6050;27_4055;42_1623,57108233.19967881,0.0,0.01325867358956159,57865412.62294992,1.5440332e+07,1.8119578e+07,0.00063526427,0.0038599009,0.0047877054,0.003905599,2.4640464e+07,2.2221542e+07,train
scenario_0488,2,27_4034;39_0206,2174.907125056771,0.0,0.0,2174.907125056771,1.5616327e+07,1.2002956e+07,0.00084944937,0.0021480755,0.0031056881,0.004370884,1.4299278e+07,1.4116264e+07,val
scenario_0489,4,18_4042;18_A310;18_A410;18_A430,0.0,0.0,0.0,0.0,6.73682e+07,9.2699416e+07,0.0054397136,-0.00034046266,0.026364481,0.029847786,8.199012e+07,1.0511856e+08,train
scenario_0490,5,32_AA01;32_AA02;32_AA03;32_AA59;32_AA60,0.0,0.0,0.0,0.0,1.5423858e+07,-4.6026896e+07,0.0005098485,0.0021383064,0.0024708277,-0.015319688,1.3456518e+07,-5.1578224e+07,test
scenario_0491,5,4_0118;4_0119;4_0123;4_0506;4_0507,0.0,0.0,0.0,0.0,549315.0,-1.366522e+06,-0.0006660853,0.00045370578,-0.0002314127,-0.00046094647,-1.480218e+06,-60180.0,train
scenario_0492,2,13_0502;48_0901,37081566.58909912,0.0009366022261033669,0.015043621516165858,37674138.31990678,1.4431041e+07,2.6683802e+07,0.0006002785,-0.0009613108,0.003623486,0.009064362,1.238634e+07,2.7753846e+07,val
scenario_0493,5,23_0505;27_2023;28_7012;4_BA60;53_A330,0.0,0.0,0.0,0.0,3.3318206e+07,1.7727234e+07,0.0026534717,-0.004870237,0.011255361,0.005722949,4.0853004e+07,1.462182e+07,test
scenario_0494,5,48_0113;48_0114;48_0118;48_0121;48_0167,0.0,0.0,0.0,0.0,1.1951597e+07,2.5117918e+07,-0.00019690208,0.001145038,0.0038598538,0.008262385,1.278568e+07,2.7382534e+07,test
scenario_0495,2,12_1370;48_0119,0.0,0.0,0.0,0.0,962876.0,7.9259055e+06,-0.0005137236,0.0010220017,-0.0005639279,0.004294403,-314298.0,1.1442286e+07,train
scenario_0496,1,34_6057,0.0,0.0,0.0,0.0,1.0312702e+07,4.368141e+06,0.001228377,0.0030145063,0.0023920506,0.002092556,1.182955e+07,5.318307e+06,val
scenario_0497,4,37_5827;51_0114;51_0117;51_0124,0.0,0.0,0.0,0.0,5.297144e+06,8.686009e+06,8.9013134e-05,0.00034790568,0.0007794816,0.0010977047,4.991716e+06,9.346972e+06,test
scenario_0498,2,16_1021;16_B310,0.0,0.0,0.0,0.0,8.485844e+06,-1.380784e+06,0.0006550278,-0.0006371221,0.0013934071,-0.00019185292,3.431243e+06,-2.452608e+06,train
scenario_0499,5,6_2004;6_3010;6_3013;6_3019;6_8150,0.0,0.0,0.0,0.0,-6.934964e+06,-1.0170388e+07,0.0001917209,0.004470438,-0.002642429,-0.0006423178,-8.83069e+06,-1.2820978e+07,train
scenario_0500,2,20_0102;20_0106,0.0,0.0,0.0,0.0,1.241208e+06,3.877392e+06,5.900825e-05,-0.00032376137,0.00018236507,0.0015443251,352212.0,4.439679e+06,test
scenario_0501,5,13_0505;1_4126;37_0801;40_4164;4_0219,78790281.92556846,0.0009365902296646356,0.02787751320170579,81060553.25835861,7.165225e+07,6.952326e+07,0.010092594,0.005729132,0.025812004,0.021690402,7.849556e+07,7.620544e+07,train
scenario_0502,2,53_3019;53_7409,171099201.1470835,0.0,0.04103527033721523,178120303.12063563,2.8884342e+07,1.55867e+07,0.002007381,0.0025428315,0.010644231,0.0063643646,3.515219e+07,1.7394648e+07,train
scenario_0503,1,37_0202,0.0,0.0,0.0,0.0,-847423.0,3.462928e+06,-0.00018233631,0.00027376774,-0.0005059857,0.001469613,-3.32775e+06,3.145994e+06,val
scenario_0504,2,19_A310;19_A330,0.0,0.0,0.0,0.0,1.0776791e+07,1.6917046e+07,0.00021727197,0.00046685187,0.0028219002,0.0050772885,9.994799e+06,1.975267e+07,val
scenario_0505,1,41_7019,0.0,0.0,0.0,0.0,-1.740338e+06,-1.4289602e+07,0.00044955325,0.0019794533,-0.00038690586,-0.003986046,-3.193638e+06,-1.7102222e+07,train
scenario_0506,3,36_0801;36_0802;36_0859,0.0,0.0,0.0,0.0,-2.542274e+06,1.1215342e+07,-0.00029019138,0.0023733615,-0.0004543867,0.0026016082,-2.522256e+06,1.2869024e+07,val
scenario_0507,4,13_0508;17_0608;27_4055;29_0964,93220405.94767132,0.0009365016434162987,0.02823250728674027,95939552.80123177,2.904567e+07,1.6902208e+07,0.00045907113,0.0015138516,0.008780737,0.0062652803,2.8627264e+07,1.7647826e+07,train
scenario_0508,3,51_0120;51_0122;51_0124,0.0,0.0,0.0,0.0,5.916176e+06,-2.622192e+06,0.00024718442,-0.0010785962,0.0016027978,-0.0004116823,6.016709e+06,-3.099624e+06,val
scenario_0509,4,28_0506;47_C350;4_0219;4_1003,0.0,0.0,0.0,0.0,7.122193e+07,9.892121e+07,0.012503811,0.015157125,0.025030583,0.040262338,7.972699e+07,1.22183096e+08,train
scenario_0510,1,41_AA01,0.0,0.0,0.0,0.0,6.652417e+06,-6.987194e+06,0.00022967788,0.00019361055,0.0010863477,-0.0021671792,3.716371e+06,-8.949332e+06,train
scenario_0511,2,48_1076;4_0217,0.0,0.0,0.0,0.0,1.5791193e+07,2.2136044e+07,0.00081644993,-0.0018876487,0.0037318543,0.005899778,1.5983716e+07,2.18558e+07,train
scenario_0512,3,48_3579;48_F330;48_F340,0.0,0.0,0.0,0.0,1.0949113e+07,3.0862176e+07,0.0003315782,0.00042842276,0.003578356,0.008974843,1.7431206e+07,3.436624e+07,train
scenario_0513,2,32_A330;32_A352,0.0,0.0,0.0,0.0,2.034092e+06,-1.0747648e+07,0.0003052852,-0.00026692974,0.0002884292,-0.003809404,148918.0,-1.2473124e+07,train
scenario_0514,2,29_0502;29_0801,0.0,0.0,0.0,0.0,-900480.0,3.707298e+06,-9.046332e-05,0.0001985844,-0.00032232096,0.0013361201,-1.93744e+06,4.369349e+06,train
scenario_0515,5,29_0602;29_0705;29_0801;29_0959;29_0961,0.0,0.0,0.0,0.0,1.533421e+06,2.47916e+06,-0.0005539744,0.0005783246,0.00015423633,0.00053362595,754653.0,4.44778e+06,val
scenario_0516,5,48_1113;48_1116;48_3679;48_4142;48_E410,0.0,0.0,0.0,0.0,2.806169e+06,-87393.0,0.003252816,0.006051836,-0.00016560126,-0.0045103193,7.288861e+06,-1.435408e+06,train
scenario_0517,4,13_0507;19_0702;29_0705;6_7456,37223592.84313601,0.0009365006326461645,0.01504280560151007,37818400.032312036,2.5033584e+07,3.0137336e+07,0.001113577,0.00304232,0.007860517,0.0126418285,3.1583016e+07,3.456597e+07,val
scenario_0518,4,26_0117;26_0122;26_0124;26_9029,0.0,0.0,0.0,0.0,5.323793e+06,8.515779e+06,-0.00024715217,-0.000108369975,0.0005857069,0.0036421088,3.991862e+06,1.4000012e+07,train
scenario_0519,2,46_3012;46_3053,0.0,0.0,0.0,0.0,7.148465e+06,-1.720032e+07,0.00035795267,-0.00040775875,0.0008610361,-0.0080944225,1.405372e+06,-2.1367066e+07,train
scenario_0520,4,18_0605;18_0663;26_0118;6_0503,0.0,0.0,0.0,0.0,8.039569e+06,8.48051e+06,-4.180579e-05,0.000787764,0.0020240706,0.0034155955,9.049438e+06,1.0708578e+07,val
scenario_0521,4,34_0503;34_0505;34_0903;34_0962,0.0,0.0,0.0,0.0,7.216442e+06,9.409231e+06,0.00051428087,0.0008407978,0.0022882926,0.003320244,9.130512e+06,9.917098e+06,train
scenario_0522,2,12_0106;12_0566,0.0,0.0,0.0,0.0,2.722025e+06,-2.15046e+06,9.90011e-05,-0.0012878565,0.0006468389,-0.000488393,1.894639e+06,-3.124506e+06,test
scenario_0523,6,17_9267;18_A903;29_0660;31_B430;47_0608;8_9020,348089863.1533211,0.0,0.08980533685381675,379350190.5692041,8.185242e+07,1.0787305e+08,0.0077676116,0.0068508442,0.030744717,0.037063114,9.823491e+07,1.1910741e+08,train
scenario_0524,3,35_0105;35_0509;35_0903,0.0,0.0,0.0,0.0,7.072954e+06,3.789606e+06,0.00029698247,-0.00025765994,0.0019590042,0.0013443963,6.966718e+06,3.689747e+06,train
scenario_0525,2,42_0604;42_0662,0.0,0.0,0.0,0.0,1.1167754e+07,1.1972654e+07,0.0003144578,6.384123e-05,0.002478594,0.004541362,8.544303e+06,1.2397375e+07,train
scenario_0526,4,6_0203;6_0207;6_0560;6_0607,0.0,0.0,0.0,0.0,2.517206e+07,4.5284184e+07,0.00023849425,0.00091783266,0.008411722,0.01611663,2.580445e+07,5.109531e+07,test
scenario_0527,3,35_0508;35_0509;35_0801,0.0,0.0,0.0,0.0,5.654616e+06,597782.0,0.00022247375,0.0005621616,0.0015646848,-0.00019058771,5.57882e+06,31458.0,train
scenario_0528,4,22_0702;22_0704;22_0705;22_0709,0.0,0.0,0.0,0.0,1.7288678e+07,2.6238296e+07,0.00024205213,1.6479287e-05,0.0051529696,0.008523921,1.696684e+07,2.766462e+07,test
scenario_0529,5,17_9327;40_0603;49_7082;53_AA01;8_7776,3602898.4656887716,0.0,0.0,3602898.4656887716,2.4471608e+07,4.2549228e+07,0.0013304122,0.004127898,0.006286602,0.014609631,3.0902996e+07,4.7730588e+07,val
scenario_0530,3,20_0259;20_A411;20_A412,0.0,0.0,0.0,0.0,2.21202e+07,1.3943652e+07,0.0010575812,-0.00086108164,0.006063031,0.003025885,2.7996666e+07,1.5013085e+07,train
scenario_0531,3,40_A320;40_A330;40_A340,0.0,0.0,0.0,0.0,3.911535e+06,1.572273e+07,-6.224809e-05,-0.00020898716,0.0016289926,0.005196815,8.780323e+06,1.7501586e+07,train
scenario_0532,4,13_4119;29_AA02;39_0101;48_0161,7115071.4104589205,0.04858077359057511,0.0,7460727.083731199,4.1092584e+07,1.9743596e+07,0.00509519,0.00905198,0.014089618,0.0034048217,4.882752e+07,2.1013394e+07,test
scenario_0533,3,49_A310;49_A332;49_B352,0.0,0.0,0.0,0.0,1.637051e+06,491148.0,0.0008148056,0.0019642045,0.0011682156,0.0007597222,872197.0,3.388983e+06,train
scenario_0534,1,4_A449,0.0,0.0,0.0,0.0,-1.729922e+06,-304422.0,-8.456991e-05,-0.0010405468,-0.0007625297,-0.000485159,-3.25641e+06,-993408.0,train
scenario_0535,3,10_0110;10_0112;10_0159,0.0,0.0,0.0,0.0,2.404964e+06,-7.86131e+06,0.00010482734,-0.001281371,0.0007669297,-0.002672263,2.226363e+06,-9.420626e+06,train
scenario_0536,4,48_A504;4_0222;4_0262;6_0211,0.0,0.0,0.0,0.0,4.843696e+07,6.0987184e+07,0.0030624121,0.00092643773,0.018264186,0.020644749,5.6182864e+07,6.593667e+07,train
scenario_0537,2,53_3013;53_A330,0.0,0.0,0.0,0.0,7.54519e+06,4.387392e+06,0.00016588497,-0.0029475628,0.0033083193,0.0011762343,1.3282416e+07,3.170269e+06,train
scenario_0538,2,31_B430;40_5021,0.0,0.0,0.0,0.0,2.6693704e+07,2.5234394e+07,0.0018053903,0.0028341475,0.009232096,0.0071235076,3.495433e+07,2.7407064e+07,train
scenario_0539,6,12_0103;18_9020;23_1028;28_7012;4_0268;5_A603,79978763.0622889,0.0,0.047740436155137234,83796984.09403095,9.534679e+07,9.21834e+07,0.017142558,0.0032885065,0.033944994,0.03211051,1.0156006e+08,1.016017e+08,train
scenario_0540,5,29_A601;29_A602;29_A604;29_A607;29_A608,0.0,0.0,0.0,0.0,1.21324e+06,1.7477488e+07,0.0017336495,0.008685258,0.00021199603,0.003686233,3.977504e+06,2.1731688e+07,train
scenario_0541,5,20_0101;20_0108;20_0109;20_0110;20_0111,0.0,0.0,0.0,0.0,1.64197e+06,4.261529e+06,-0.00097558636,-0.00075450644,8.737249e-05,0.0018759263,-172976.0,3.662301e+06,train
scenario_0542,1,27_4055,0.0,0.0,0.0,0.0,1.0396509e+07,424484.0,3.2297918e-05,0.00061965524,0.0021309664,0.0006791046,7.337721e+06,952912.0,train
scenario_0543,4,18_0602;18_0606;18_0660;18_0661,0.0,0.0,0.0,0.0,7.423539e+06,3.201866e+06,-6.8476074e-05,0.00058853655,0.0018400808,0.0013618432,7.778629e+06,4.310409e+06,test
scenario_0544,5,35_0102;35_0103;35_0104;35_0105;35_0108,0.0,0.0,0.0,0.0,1.040824e+06,4.121922e+06,-0.000338717,-0.0010775636,0.00050402293,0.001041525,-599796.0,4.576712e+06,train
scenario_0545,5,49_0803;49_7085;49_E449;49_E459;49_E460,0.0,0.0,0.0,0.0,-3.491102e+06,-2.2160698e+07,-0.0005525276,0.0008664969,-0.0017265514,-0.008630862,-4.387386e+06,-2.6819474e+07,train
scenario_0546,1,6_A430,0.0,0.0,0.0,0.0,-2.694792e+06,-3.52366e+06,-0.000329574,-0.0011224634,-0.0010360815,-0.0012455364,-4.740898e+06,-5.251e+06,train
scenario_0547,1,6_A411,0.0,0.0,0.0,0.0,-3.164692e+06,-4.496296e+06,-0.00024617184,-0.00034295535,-0.0011785645,-0.0011170502,-4.712616e+06,-5.471742e+06,val
scenario_0548,3,29_7054;48_3779;5_0122,0.0,0.0,0.0,0.0,1.6084376e+07,2.948975e+07,0.0005999489,-0.002199118,0.0035753355,0.0071081845,1.6139533e+07,3.3112362e+07,train
scenario_0549,3,53_0201;53_0202;53_0204,31128286.52241425,0.0,0.0074607838279638974,31360527.939092904,6.303017e+06,1.735966e+07,0.00039443857,0.00022962969,0.0017384596,0.006109764,6.800024e+06,1.9245204e+07,train
scenario_0550,4,31_3023;31_3024;31_B410;31_B430,0.0,0.0,0.0,0.0,6.2073256e+07,7.573624e+07,0.006082168,0.01082571,0.02199474,0.024548478,8.242496e+07,8.9117144e+07,train
scenario_0551,4,46_A410;46_A412;46_A422;46_A423,0.0,0.0,0.0,0.0,3.566868e+06,-1.0058622e+07,-0.000523768,-0.0045087696,-0.0010370756,-0.005441178,2.004412e+06,-9.932716e+06,val
scenario_0552,5,12_4057;27_C350;49_D410;55_0214;5_0223,44717566.11756173,0.0,0.009832659676591318,45157258.726761185,3.59846e+07,4.003533e+07,0.0014979597,0.005513707,0.011384071,0.016421797,4.2743456e+07,4.5792136e+07,val
scenario_0553,2,55_0265;55_0903,0.0,0.0,0.0,0.0,1.1910188e+07,1.3082019e+07,0.00029317185,0.0007127724,0.00258894,0.0048233415,8.760312e+06,1.376535e+07,train
scenario_0554,4,28_7012;29_0602;32_0203;47_0601,0.0,0.0,0.0,0.0,3.279075e+07,4.3616896e+07,0.00472777,-0.0014882841,0.012003655,0.014263691,4.114776e+07,4.8301776e+07,test
scenario_0555,4,20_0201;20_9037;30_0120;8_0218,0.0,0.0,0.0,0.0,8.90537e+06,1.1013352e+07,0.0002442277,-0.001732983,0.0013484764,0.0017361476,8.270297e+06,1.2335709e+07,train
scenario_0556,3,39_4018;39_A410;39_A430,137530529.43910006,0.0,0.06449959390575868,146401192.737566,6.481208e+07,7.659444e+07,0.0066186995,0.0038121878,0.026477467,0.0301967,7.366197e+07,8.624465e+07,train
scenario_0557,2,32_AA03;6_3042,0.0,0.0,0.0,0.0,1.7260946e+07,7.744452e+06,0.0020155825,0.006991796,0.0036562895,0.00612748,2.0208044e+07,1.3070518e+07,train
scenario_0558,2,26_C320;6_0204,0.0,0.0,0.0,0.0,1.3750901e+07,-543602.0,0.00072133704,-0.0023739366,0.003590532,0.0014639706,1.44074e+07,-2.025966e+06,val
scenario_0559,2,48_A808;6_0212,0.0,0.0,0.0,0.0,7.997922e+06,1.955758e+07,0.0006264884,-0.0016166888,0.0014590728,0.0051795845,6.474276e+06,2.0834804e+07,train
scenario_0560,4,46_6600;46_A411;46_A422;46_A430,0.0,0.0,0.0,0.0,3.314846e+06,-1.5786054e+07,-0.00064136775,-0.0052337246,-0.0013468787,-0.007484305,1.413651e+06,-1.6293286e+07,test
scenario_0561,4,26_0117;26_0120;26_0122;26_0123,0.0,0.0,0.0,0.0,3.35101e+06,-1.1143176e+07,-0.00021157647,-0.0011615214,0.00063231215,-0.0038798419,2.220842e+06,-1.2002058e+07,train
scenario_0562,4,20_0162;20_0163;20_0164;20_0903,0.0,0.0,0.0,0.0,3.76064e+06,8.246841e+06,0.00026607467,0.00039694936,0.0014162492,0.0024710046,4.636131e+06,9.16449e+06,train
scenario_0563,4,49_1005;49_1008;49_B330;49_B350,0.0,0.0,0.0,0.0,1.295836e+06,2.769734e+06,-0.00029676,-0.0016358314,0.00039630337,-0.0036412855,126782.0,-605054.0,train
scenario_0564,1,29_B350,0.0,0.0,0.0,0.0,4.218414e+06,8.840034e+06,0.00043746136,0.00090870936,0.00037732255,0.0016839977,980937.0,9.937084e+06,train
scenario_0565,1,39_5003,0.0,0.0,0.0,0.0,1.1506597e+07,1.2780384e+07,-5.323533e-05,0.00042187958,0.0033244079,0.0055269576,1.0947808e+07,1.3701105e+07,train
scenario_0566,2,36_B310;45_3012,0.0,0.0,0.0,0.0,2.529707e+07,2.3090204e+07,0.0050776736,0.008536403,0.00729697,0.008831738,2.6727832e+07,2.7189536e+07,train
scenario_0567,6,13_3011;37_0201;42_9027;51_0119;55_0261;55_B909,0.0,0.0,0.0,0.0,6.433925e+07,5.800573e+07,0.01021155,0.0125321895,0.023538271,0.0224246,7.4205016e+07,6.338145e+07,val
scenario_0568,1,6_A805,0.0,0.0,0.0,0.0,3.479657e+06,-1.71099e+07,-0.00043224706,-0.00010199356,0.00017031888,-0.0057103042,-325898.0,-2.3862022e+07,train
scenario_0569,5,5_A601;5_A602;5_A604;5_A607;5_B430,635857567.5659729,0.0,0.1420175058269418,726160473.3728784,6.787855e+07,5.4885856e+07,0.012060603,0.006205109,0.020925164,0.013563756,6.4960624e+07,6.117753e+07,val
scenario_0570,5,55_0113;55_0119;55_0264;55_0806;55_0902,0.0,0.0,0.0,0.0,1.1267607e+07,1.975856e+07,-0.00017330493,0.0024899037,0.0035552927,0.006547107,1.2209705e+07,2.1667312e+07,test
scenario_0571,1,48_1168,0.0,0.0,0.0,0.0,-1.882226e+06,-1.875424e+06,-0.00070680154,-0.0015830143,-0.0008934797,-0.0021573775,-4.300358e+06,-3.647822e+06,test
scenario_0572,2,47_3101;47_9024,0.0,0.0,0.0,0.0,1.1315351e+07,2.8617904e+07,0.0010398318,0.002197158,0.0032562288,0.008103706,1.7847722e+07,3.244734e+07,train
scenario_0573,2,56_1007;56_A363,0.0,0.0,0.0,0.0,7.227121e+06,-2.724072e+06,0.0004891137,-0.0015485199,0.0019331395,-0.0015811548,5.694573e+06,-3.799876e+06,train
scenario_0574,2,12_1060;12_4103,0.0,0.0,0.0,0.0,1.09208e+06,1.3610934e+07,-0.00022020692,-0.0027408795,0.0005752491,0.007990265,2.017571e+06,1.3043188e+07,train
scenario_0575,4,36_1643;36_A320;36_A321;36_A350,0.0,0.0,0.0,0.0,-9.275296e+06,-5.759092e+06,-0.00076506904,0.0036868164,-0.0020150766,0.0039047701,-4.698578e+06,-6.972614e+06,train
scenario_0576,4,48_Q310;48_Q320;48_Q340;48_Q350,0.0,0.0,0.0,0.0,-982308.0,2.630823e+07,-0.0005466982,0.0014700826,0.0011073682,0.004505399,5.057661e+06,3.0016476e+07,train
scenario_0577,5,10_0105;28_3087;31_4019;45_5017;4_BA03,0.0,0.0,0.0,0.0,4.3035564e+07,2.6467908e+07,0.005492725,0.004239696,0.012672385,0.0076746745,5.1545456e+07,2.8861452e+07,train
scenario_0578,2,4_A430;4_A444,0.0,0.0,0.0,0.0,-1.594234e+06,-742018.0,6.0591847e-05,-0.0011913312,-0.00079934765,-0.0013206494,-3.099776e+06,-2.078344e+06,test
scenario_0579,5,27_1003;27_2018;27_3005;27_3012;27_6064,0.0,0.0,0.0,0.0,1.7178398e+07,3.214511e+07,-0.002542031,-7.071183e-05,0.0027292094,0.010501337,1.4100676e+07,3.371119e+07,train
scenario_0580,6,19_0218;4_0263;4_0664;54_4004;6_7493;8_0216,0.0,0.0,0.0,0.0,5.1396064e+07,5.696811e+07,0.006743732,0.010755875,0.018977558,0.02293657,6.3644136e+07,6.814821e+07,train
scenario_0581,1,20_0205,0.0,0.0,0.0,0.0,2.028883e+06,-2.204448e+06,-5.4922537e-05,0.00012774218,0.00014421484,-9.684544e-05,-762458.0,-2.815638e+06,train
scenario_0582,1,27_0705,0.0,0.0,0.0,0.0,-1.256016e+06,-2.526128e+06,-0.00025867333,-0.0004751709,-0.00060127676,-0.0004234095,-3.935594e+06,-3.241566e+06,test
scenario_0583,5,48_1050;48_H310;48_H320;48_H340;48_H351,0.0,0.0,0.0,0.0,-7.018776e+06,1.245091e+07,0.00015571248,0.0046098162,-0.0027824077,0.0026008587,-2.183812e+06,1.5135572e+07,train
scenario_0584,4,19_0216;19_0221;19_0701;19_0702,0.0,0.0,0.0,0.0,1.338549e+07,2.077736e+07,0.000113812275,0.0001745196,0.0037172427,0.0071558985,1.3445808e+07,2.286815e+07,train
scenario_0585,1,23_0509,0.0,0.0,0.0,0.0,-2.26455e+06,-1.34116e+06,-0.00029555603,-0.00014762208,-0.000824369,-7.255236e-05,-4.896322e+06,-1.636522e+06,test
scenario_0586,6,18_9020;21_B320;24_0961;37_0209;48_4142;4_1003,79978763.0622889,0.0,0.047740436155137234,83796984.09403095,9.753415e+07,1.3626114e+08,0.017281137,0.020713555,0.033777334,0.053093698,1.0579662e+08,1.6848122e+08,val
scenario_0587,2,48_2172;48_D330,0.0,0.0,0.0,0.0,3.207005e+06,1.3109383e+07,-0.00022751011,0.0017227523,0.00034440542,0.003503382,1.727179e+06,1.477103e+07,train
scenario_0588,1,55_0806,0.0,0.0,0.0,0.0,-2.804086e+06,-2.738172e+06,-0.00038276543,0.00023904082,-0.0009470531,-0.0006975634,-5.681208e+06,-3.25463e+06,test
scenario_0589,5,13_3016;29_AA03;37_0208;47_C310;48_0124,0.0,0.06216083130032324,0.0,0.0,6.3352776e+07,4.5210404e+07,0.0119415,-0.004242381,0.021485176,0.012542463,6.5516736e+07,5.0519024e+07,train
scenario_0590,3,27_3003;29_5091;6_0204,0.0,0.0,0.0,0.0,3.0296064e+07,2.2013328e+07,0.0018184516,-0.0012429593,0.009708731,0.0055882977,3.8174776e+07,2.3196716e+07,test
scenario_0591,6,41_6012;48_B330;48_C420;4_0606;55_3016;8_0812,0.0,0.0,0.0,0.0,2.2558832e+07,3.5563204e+07,-0.0009059099,0.0015392047,0.0048664208,0.010173536,2.1106456e+07,4.058841e+07,train
scenario_0592,4,17_1002;17_4074;17_B320;17_B340,0.0,0.0,0.0,0.0,1.5792623e+07,5.467372e+07,-0.0010503029,0.0012848964,0.0035342379,0.015624773,2.2108954e+07,6.081891e+07,train
scenario_0593,2,31_0114;31_0124,0.0,0.0,0.0,0.0,-1.015668e+06,2.406051e+06,-9.599666e-05,0.00034507876,-0.00033826288,0.0007747989,-1.918682e+06,2.707079e+06,train
scenario_0594,6,13_0562;24_0902;27_0759;4_0222;55_0907;6_0203,36117229.64781484,0.0009365008761164084,0.015042807556913996,36694358.00010386,4.539135e+07,6.756722e+07,0.00093788037,0.000116736745,0.019004626,0.023273882,5.411195e+07,7.1828296e+07,train
scenario_0595,6,13_0505;24_0501;27_3010;32_3013;48_3669;6_0208,37330387.48648678,0.0009365902296646356,0.01504352517299221,37926931.38654672,5.5094864e+07,4.9253864e+07,0.004041379,-0.002830668,0.018682621,0.0136985555,6.0073264e+07,5.017975e+07,train
scenario_0596,1,48_3779,0.0,0.0,0.0,0.0,-2.07075e+06,5.3883e+06,-0.00060047035,-0.0046751206,-0.00095068524,-0.0005581272,-5.581128e+06,3.62801e+06,test
scenario_0597,2,5_3073;5_A607,35704893.84997295,0.0,0.00901932668639778,36026927.95190901,3.7961636e+07,4.539031e+07,0.0073454175,0.0063668406,0.011424434,0.015578287,4.2318e+07,5.341619e+07,test
scenario_0598,1,22_3056,0.0,0.0,0.0,0.0,-2.880186e+06,5.631829e+06,0.00052993774,0.0028162687,-0.00079973275,0.0013426794,-4.170688e+06,6.285136e+06,train
scenario_0599,3,53_0202;53_0203;53_0204,31034020.985055923,0.0,0.007461477777667801,31265580.642987594,6.239624e+06,1.578935e+07,0.00038546807,0.0002894404,0.0017312292,0.0055503533,6.815408e+06,1.710173e+07,train
scenario_0600,4,29_1002;29_B310;29_B320;29_B330,0.0,0.0,0.0,0.0,2.6131878e+07,4.3947184e+07,0.0017508761,0.003489573,0.007900758,0.008106102,3.227558e+07,5.070791e+07,val
scenario_0601,2,26_0220;26_9030,0.0,0.0,0.0,0.0,1.0459691e+07,1.5045111e+07,0.00021553482,0.00049470126,0.0025599739,0.0056499466,9.833424e+06,1.8920196e+07,test
scenario_0602,1,30_0502,0.0,0.0,0.0,0.0,-2.142554e+06,-92927.0,-0.00027172384,0.0004560313,-0.0007858877,0.00029873103,-4.565354e+06,-304970.0,train
scenario_0603,3,48_H310;48_H340;48_H351,0.0,0.0,0.0,0.0,-3.53694e+06,2.056467e+06,0.0008450709,0.0024878322,-0.00042975927,-0.00033638068,5.911949e+06,2.236821e+06,val
scenario_0604,1,32_0110,0.0,0.0,0.0,0.0,-1.872144e+06,-3.952902e+06,-0.00031825167,-0.00035854417,-0.0007385886,-0.0011083339,-4.608988e+06,-4.985764e+06,train
scenario_0605,4,29_B320;29_B330;29_B340;29_B350,0.0,0.0,0.0,0.0,2.4125816e+07,4.7003372e+07,0.0018543424,0.0042197946,0.0075747515,0.009971794,2.8929324e+07,5.535284e+07,test
scenario_0606,2,13_0503;6_0206,37126261.9278907,0.0009365018868864317,0.015042815674800316,37719514.257114835,2.2458852e+07,3.594109e+07,0.00074908574,0.0025082126,0.0071572214,0.012933468,2.427454e+07,3.886829e+07,train
scenario_0607,1,6_A421,0.0,0.0,0.0,0.0,-3.825684e+06,-3.981654e+06,-0.00021562376,0.0004468332,-0.0013319682,-0.0007308242,-5.184768e+06,-4.689856e+06,test
scenario_0608,3,12_0562;12_0564;12_4106,0.0,0.0,0.0,0.0,4.666661e+06,4.86487e+06,0.00015990832,-0.0019221139,0.00047257356,0.0026883492,4.950669e+06,6.445506e+06,train
scenario_0609,5,26_0259;31_0118;56_A350;8_0259;8_0502,0.0,0.0,0.0,0.0,1.1965689e+07,7.592932e+06,0.00071351184,-0.0005408203,0.0035091206,0.0018462632,1.3236012e+07,7.305902e+06,train
scenario_0610,5,19_0707;20_4054;37_3816;48_0902;5_3074,635857567.5659729,0.0,0.14201750582694178,726160473.3728784,7.175891e+07,7.521305e+07,0.009618457,0.0067113284,0.025015019,0.023316536,8.525271e+07,8.7463624e+07,test
scenario_0611,5,23_1001;36_4017;42_3044;5_0117;6_B410,0.0,0.0,0.0,0.0,1.443121e+07,-2.1684254e+07,0.0031148507,0.0035323761,0.002879576,-0.006498777,1.2344744e+07,-2.641213e+07,train
scenario_0612,4,1_0107;1_0110;1_0505;1_0606,0.0,0.0001842448881193004,0.0,0.0,6.634387e+06,7.518054e+06,0.00021262851,-0.0004184387,0.0020595393,0.0025036156,7.430493e+06,8.545426e+06,val
scenario_0613,6,13_0505;17_0608;18_A901;26_0223;47_3104;9_0961,108505015.64707114,0.0009365902296646356,0.03773186214933508,112700736.67750251,5.2678896e+07,5.291233e+07,0.0049124435,0.0036919764,0.019540478,0.018052043,6.1665456e+07,5.6442984e+07,val
scenario_0614,2,35_0111;35_0509,0.0,0.0,0.0,0.0,2.141191e+06,1.189073e+06,4.581595e-05,-1.7326092e-06,0.00038505578,0.0005728798,1.065545e+06,1.094531e+06,train
scenario_0615,2,38_0222;6_7452,0.0,0.0,0.0,0.0,-2.211248e+06,-4.60045e+06,0.00042337837,0.0027329982,-0.0007929872,-0.0018134797,-397234.0,-4.232838e+06,train
scenario_0616,1,27_1004,0.0,0.0,0.0,0.0,1.3616171e+07,4.347496e+06,9.5528434e-05,-0.00019801641,0.0023183543,0.0016522275,1.1177378e+07,3.454758e+06,train
scenario_0617,5,13_0509;20_1010;33_1001;42_0602;49_0804,37051315.29845616,0.000936509102456573,0.015042873625715531,37643372.44619237,4.7301188e+07,2.5121768e+07,0.004261355,0.0017137988,0.016210722,0.008758189,5.1336336e+07,2.7267972e+07,val
scenario_0618,3,17_A320;17_A330;17_A340,0.0,0.0,0.0,0.0,4.613939e+07,5.942161e+07,0.0040461672,0.0026082923,0.017216533,0.019863484,5.67064e+07,6.7438024e+07,test
scenario_0619,3,28_0504;28_0806;28_0902,0.0,0.0,0.0,0.0,5.494019e+06,1.2925451e+07,0.00037713873,0.00051746314,0.0015907958,0.00474897,6.262587e+06,1.4613452e+07,val
scenario_0620,1,29_A310,0.0,0.0,0.0,0.0,4.094113e+06,43481.0,0.0008574208,0.00061662955,0.00022010505,-0.00080245687,3.345326e+06,-502976.0,test
scenario_0621,3,12_4135;12_4136;12_4137,0.0,0.0,0.0,0.0,8.950755e+06,-6.279048e+06,0.0012062952,0.0009150334,0.0018098797,-0.0008580899,8.720186e+06,-9.39178e+06,test
scenario_0622,3,48_B410;48_B430;48_D410,0.0,0.0,0.0,0.0,-7.827822e+06,-5.853168e+06,-0.00044455135,-0.0004784572,-0.0014078277,-0.0006785947,-620854.0,-6.298378e+06,train
scenario_0623,5,12_4057;13_3011;51_5010;6_0206;8_B330,193781.79183506613,0.0,0.0,193781.79183506613,7.248472e+07,8.5616856e+07,0.013032691,0.01981934,0.02688644,0.034287535,8.539671e+07,1.0009144e+08,train
scenario_0624,4,35_0105;35_0109;35_0110;35_0111,0.0,0.0,0.0,0.0,3.529309e+06,3.550024e+06,0.00014766736,-0.0006447778,0.0012780987,0.0008822717,3.730828e+06,3.813417e+06,val
scenario_0625,5,32_0203;32_0204;32_0207;32_0210;32_0259,0.0,0.0,0.0,0.0,4.139233e+06,9.335996e+06,-0.00032229943,0.0011030147,0.0010633632,0.002467798,3.832065e+06,1.0778664e+07,train
scenario_0626,4,35_2118;35_6035;35_6401;35_AA61,0.0,0.0,0.0,0.0,1.4692568e+07,5.868544e+07,0.00010939548,0.0060114027,0.005056398,0.019683296,1.7638562e+07,6.70592e+07,test
scenario_0627,3,29_0601;29_0659;29_0662,0.0,0.0,0.0,0.0,9.782581e+06,4.977006e+06,0.000291812,0.00085604447,0.0024130386,0.002112649,9.069756e+06,5.783434e+06,train
scenario_0628,4,13_0507;13_0561;49_C310;4_0260,73286223.98344767,0.0018730015087625729,0.03008561315842407,75628350.17614782,4.8464744e+07,4.3158668e+07,0.0021237875,0.003924735,0.018544598,0.01558065,5.7112984e+07,4.383285e+07,train
scenario_0629,3,16_1010;16_C320;16_C330,0.0,0.0,0.0,0.0,3.983737e+06,-3.767766e+06,0.00049189746,-0.0019983347,0.0011270586,-0.0012841551,2.295868e+06,-4.749022e+06,test
scenario_0630,4,12_0502;40_0123;5_0116;6_7456,0.0,0.0,0.0,0.0,1.2194044e+07,1.5077903e+07,0.0005576461,0.0022799782,0.002166289,0.0070489626,1.1843623e+07,1.97435e+07,val
scenario_0631,5,20_3013;20_4053;20_4063;29_4036;29_5483,0.0,0.0,0.0,0.0,5.635837e+07,6.478651e+07,0.0044416096,0.0056520863,0.01897461,0.018034726,7.373788e+07,7.635663e+07,train
scenario_0632,5,16_B350;18_0667;26_0159;28_0508;6_0210,0.0,0.0,0.0,0.0,1.7752628e+07,8.1505945e+06,0.00021749525,-0.0024765725,0.004566361,0.0028484832,1.6973956e+07,8.798683e+06,train
scenario_0633,1,27_0704,0.0,0.0,0.0,0.0,-1.395296e+06,-1.921728e+06,-0.00025495875,-0.00030985603,-0.00063563976,-0.00023625,-3.998656e+06,-2.4457e+06,train
scenario_0634,3,4_0661;4_0662;4_0663,0.0,0.0,0.0,0.0,1.2621438e+07,6.731654e+06,0.00029199163,5.0616567e-05,0.003308307,0.0025032558,1.1600766e+07,6.573023e+06,train
scenario_0635,3,26_0123;26_0217;26_0659,0.0,0.0,0.0,0.0,6.014946e+06,3.32305e+06,0.00028961932,-0.0015388947,0.001731222,0.0006142268,5.990623e+06,3.100042e+06,train
scenario_0636,4,13_3011;1_4007;49_C331;6_0207,0.0,0.0,0.0,0.0,5.713193e+07,5.654024e+07,0.010412399,0.008290098,0.018485691,0.019414207,6.2296576e+07,6.4869176e+07,test
scenario_0637,3,39_0209;39_0259;39_0260,20686133.24742501,0.0,0.007537758850302176,20842060.33138932,7.6450805e+06,3.591074e+06,0.00030304503,-4.3244567e-05,0.002114653,0.0012047347,7.575817e+06,3.138495e+06,train
scenario_0638,5,1_0112;1_0161;1_0162;1_0601;1_0607,0.0,0.00032581876827020295,0.0,0.0,4.074139e+06,3.47609e+06,-0.00031888834,-0.000550581,0.0012493818,0.00047069415,2.999802e+06,3.361706e+06,train
scenario_0639,1,18_0665,0.0,0.0,0.0,0.0,-482347.0,-1.834134e+06,-0.00019237795,-0.00023841497,-0.00043849926,-0.00017553335,-2.93392e+06,-2.279066e+06,train
scenario_0640,2,37_5826;42_1627,19768564.66028424,0.0,0.004793059854922719,19863316.57394689,3.443648e+07,3.5368776e+07,0.00585527,0.009363479,0.012422506,0.0150421485,4.2365856e+07,4.440724e+07,train
scenario_0641,4,34_0506;34_0507;34_0508;34_0509,0.0,0.0,0.0,0.0,4.88352e+06,6.144862e+06,0.00024162664,0.00022220204,0.0016272382,0.0016782477,5.609192e+06,6.855659e+06,val
scenario_0642,2,17_1002;18_A960,0.0,0.0,0.0,0.0,3.902287e+07,4.390871e+07,0.003575249,0.002646516,0.015236657,0.015989317,4.7657956e+07,4.7914304e+07,train
scenario_0643,5,39_0105;39_0108;39_0205;39_0209;39_0210,0.0,0.0,0.0,0.0,9.656176e+06,1.6975096e+07,-0.00025467528,0.002680778,0.0031433094,0.0056279823,9.672824e+06,1.7592802e+07,train
scenario_0644,4,31_3028;31_7050;31_A410;31_A430,0.0,0.0,0.0,0.0,3.299321e+07,4.7185864e+07,0.001202256,0.00068289635,0.011689822,0.010980856,4.6275972e+07,5.455108e+07,val
scenario_0645,2,53_6020;53_B320,0.0,0.0,0.0,0.0,5.120795e+06,-6.630426e+06,5.801348e-05,-0.0013842568,0.002314243,-0.0019271164,7.743592e+06,-8.140116e+06,train
scenario_0646,5,20_0160;20_0164;20_0205;20_0207;20_0209,0.0,0.0,0.0,0.0,5.616923e+06,7.811281e+06,-0.0006970059,0.0018648576,0.0014475309,0.0027996583,5.85084e+06,7.901155e+06,train
scenario_0647,1,27_0703,0.0,0.0,0.0,0.0,-1.701558e+06,-207319.0,-0.00028389622,-0.00026535115,-0.0006977287,0.00024300441,-4.372466e+06,-542366.0,train
scenario_0648,2,53_0201;53_0208,31173944.427352227,0.0,0.0074607838279638974,31406526.48778966,2.637177e+06,5.180056e+06,6.426091e-05,-0.00030680373,0.0005458058,0.0019819106,1.460003e+06,5.246393e+06,val
scenario_0649,1,6_0562,0.0,0.0,0.0,0.0,-167444.0,427656.0,-0.00020825095,0.00042750518,-0.00034888694,0.00043463428,-2.718998e+06,-225016.0,train
scenario_0650,5,48_1050;48_H310;48_H320;48_H330;48_H351,0.0,0.0,0.0,0.0,-5.576382e+06,1.6387715e+07,0.0004324327,0.0050220625,-0.0024368651,0.004183259,-351558.0,2.0196052e+07,train
scenario_0651,5,37_0206;37_0208;37_0210;37_0802;37_0902,19768564.66028424,0.0,0.004793059854922719,19863316.57394689,1.0394398e+07,3.2404244e+07,0.00025472406,0.00267003,0.0036279848,0.0120742675,1.128028e+07,3.732571e+07,train
scenario_0652,2,26_6016;26_7072,0.0,0.0,0.0,0.0,-250238.0,-1.110934e+07,-0.0014703219,-0.004216145,0.00019206153,-0.0031510503,-865582.0,-1.197417e+07,train
scenario_0653,2,47_A310;47_A320,0.0,0.0,0.0,0.0,1.0441602e+07,3.4794824e+07,0.0009678679,0.0022296396,0.0029855287,0.012067713,1.6847272e+07,4.0250052e+07,val
scenario_0654,1,36_B330,0.0,0.0,0.0,0.0,3.599833e+06,2.614376e+06,0.000450132,0.00029463135,0.00096398545,0.0008813306,4.062725e+06,2.576325e+06,test
scenario_0655,5,6_0204;6_0209;6_0212;6_0812;6_7454,0.0,0.0,0.0,0.0,3.6830724e+07,2.7424156e+07,0.0011508774,-0.0005910458,0.012646486,0.008313162,3.9066384e+07,2.581808e+07,train
scenario_0656,5,1_0601;1_0602;1_0605;1_0606;1_0661,0.0,0.0009024691927782547,0.0,0.0,7.558269e+06,1.764133e+07,-0.00033937383,6.666244e-05,0.002415458,0.0059844316,8.315592e+06,1.984883e+07,train
scenario_0657,2,18_0902;5_0810,0.0,0.0,0.0,0.0,1.0580748e+07,1.1895331e+07,0.00037674722,-0.0012577038,0.0024773215,0.004396776,8.643945e+06,1.1304396e+07,train
scenario_0658,3,27_1020;49_D450;55_3012,0.0,0.0,0.0,0.0,1.0908905e+07,6.449246e+06,0.00020735094,-0.002122893,0.0015936517,0.00031325826,1.1118433e+07,4.561708e+06,train
scenario_0659,5,47_0601;47_0602;47_0606;47_0661;47_0662,0.0,0.0,0.0,0.0,3.3420392e+07,4.862699e+07,0.00010728673,0.0006239674,0.012807151,0.01734817,3.758328e+07,5.147256e+07,train
scenario_0660,2,18_1028;4_A452,0.0,0.0,0.0,0.0,1.3169418e+07,2.7549444e+07,0.0012477083,0.003726001,0.0032553573,0.009501415,1.7018348e+07,3.093203e+07,val
scenario_0661,1,5_2042,0.0,0.0,0.0,0.0,-3.93833e+06,-2.69202e+06,-0.00030774623,-0.00030293956,-0.0010895333,-0.0029633301,-4.865544e+06,-5.126472e+06,train
scenario_0662,5,18_A901;1_1001;34_6057;48_5335;4_0506,34489780.42901209,0.0,0.01544465452831866,35022463.172495745,6.316603e+07,4.632307e+07,0.0095539205,0.01049535,0.021264665,0.016855014,7.42846e+07,5.274525e+07,val
scenario_0663,6,30_0116;4_B330;4_BA59;55_A903;55_B902;8_A430,0.0,0.0,0.0,0.0,2.9786128e+07,3.6140172e+07,-0.0007017475,-0.00034192018,0.007822454,0.011809788,3.344636e+07,3.85884e+07,train
scenario_0664,1,6_B411,0.0,0.0,0.0,0.0,1.563445e+06,-7.3205e+06,-8.50294e-05,-0.0010761583,-0.00011071749,-0.001937605,-842982.0,-9.563846e+06,train
scenario_0665,5,12_4057;1_3998;37_0204;45_3012;6_0212,41771396.298242226,0.0,0.012399958154291154,42289359.86438674,8.2718664e+07,8.008586e+07,0.017282087,0.018051768,0.029126167,0.031543013,8.663312e+07,9.490338e+07,train
scenario_0666,2,40_1017;40_4166,0.0,0.0,0.0,0.0,2.7669436e+07,2.3907096e+07,0.0033051623,0.0020032204,0.00976874,0.005844712,3.1698444e+07,2.4939696e+07,train
scenario_0667,2,17_0659;17_0662,15.565964600829496,0.0,0.0,15.565964600829496,8.515272e+06,-1.1124848e+07,0.00016745587,-0.00014035054,0.0017146908,-0.002890034,5.918828e+06,-1.1845366e+07,train
scenario_0668,2,39_0106;39_0205,0.0,0.0,0.0,0.0,3.030843e+06,4.129827e+06,5.3901924e-05,-3.4865225e-06,0.000631792,0.0014995469,1.748157e+06,3.866062e+06,train
scenario_0669,3,37_1040;37_1801;37_5037,0.0,0.08944644797055046,0.0,0.0,6.740492e+07,6.378789e+07,0.014817471,0.011053737,0.022093853,0.022938352,6.731951e+07,7.365442e+07,train
scenario_0670,4,13_0566;47_0601;55_0265;6_0568,36171226.477913134,0.0009365006326461645,0.01504280560151007,36749217.58266874,2.62968e+07,4.067925e+07,0.00045531517,0.0012797535,0.008738088,0.014311584,2.7228592e+07,4.365119e+07,train
scenario_0671,4,30_7066;30_7075;30_7076;30_7088,0.0,0.0,0.0,0.0,-235965.0,4.307786e+07,-0.0015931142,0.0005609441,-0.0017642248,0.012592828,-1.831242e+06,5.0653416e+07,train
scenario_0672,2,17_0602;17_0607,57108233.19967881,0.0,0.01325867358956159,57865412.62294992,6.561203e+06,2.602993e+06,0.00015371176,0.000528653,0.0010864744,0.0015117442,5.55145e+06,3.791803e+06,train
scenario_0673,6,28_0504;29_5473;48_5154;48_J310;6_8149;8_0214,0.0,0.0,0.0,0.0,5.6649856e+07,7.864268e+07,0.0061239493,0.003635779,0.01886574,0.025189219,7.359677e+07,9.537702e+07,val
scenario_0674,2,6_0607;6_3005,0.0,0.0,0.0,0.0,2.0107584e+07,7.894527e+06,0.0011066496,0.0077035204,0.0044964864,0.00504228,2.1083512e+07,8.771231e+06,test
scenario_0675,1,22_0704,0.0,0.0,0.0,0.0,2.283981e+06,3.227605e+06,-8.603127e-05,0.00035843393,0.00024029985,0.0014187389,-548976.0,2.619044e+06,train
scenario_0676,4,27_1020;27_4055;30_7066;4_6053,0.0,0.0,0.0,0.0,1.26613e+07,2.9001616e+07,-0.0011495642,-0.0011507833,0.001147511,0.008568975,7.288033e+06,3.3333252e+07,train
scenario_0677,2,49_D431;6_7491,0.0,0.0,0.0,0.0,1.4021027e+07,3.0514616e+07,0.0007778398,0.004739639,0.0028687885,0.012383737,1.5016429e+07,3.9058416e+07,train
scenario_0678,4,32_2027;32_7000;32_B330;32_C310,0.0,0.0,0.0,0.0,-110179.0,-2.0213646e+07,-7.933844e-05,-0.0012981108,0.00061639585,-0.0046830163,-1.659146e+06,-2.3873042e+07,train
scenario_0679,4,29_B410;4_0222;4_0266;5_0123,0.0,0.0,0.0,0.0,4.4498896e+07,4.1257816e+07,0.0024582837,0.0007928069,0.01668932,0.013745617,5.1787216e+07,4.2514296e+07,test
scenario_0680,1,48_I340,0.0,0.0,0.0,0.0,-3.291064e+06,1.36562e+06,0.00025570136,0.0011618583,-0.0012412895,0.00053301174,-4.709214e+06,1.538724e+06,val
scenario_0681,3,32_B320;32_C310;32_C330,0.0,0.0,0.0,0.0,1.773156e+06,-1.9732058e+07,0.00017484813,-0.002825783,0.00072712405,-0.005130566,-2.049772e+06,-2.2599458e+07,val
scenario_0682,1,19_0703,0.0,0.0,0.0,0.0,-139360.0,660682.0,-0.00017044228,-3.5174424e-05,-0.00034960872,0.0007758378,-2.668772e+06,665276.0,test
scenario_0683,1,4_0116,0.0,0.0,0.0,0.0,-3.121126e+06,-1.12564e+06,-0.00033935637,-0.00015155762,-0.0010036081,7.8743324e-07,-5.738734e+06,-1.132976e+06,val
scenario_0684,3,37_0201;37_1817;37_3807,0.0,0.0,0.0,0.0,4.275412e+07,4.4141544e+07,0.0054173516,0.003469016,0.01473422,0.012832445,5.207555e+07,5.028387e+07,val
scenario_0685,5,35_AA01;35_AA02;35_AA03;35_AA61;35_AA62,0.0,0.0,0.0,0.0,1.0737402e+07,2.3637334e+07,-0.001226463,0.0024932518,0.0021463048,0.008842516,1.113514e+07,2.5239552e+07,train
scenario_0686,2,26_0215;39_7021,0.0,0.0,0.0,0.0,1.1724925e+07,3.4613696e+07,0.0006615764,0.0011615083,0.0031810785,0.011096554,1.255373e+07,4.141923e+07,train
scenario_0687,5,19_9126;1_0112;32_AA60;37_3807;8_0509,0.0,0.0,0.0,0.0,5.112865e+07,4.5224836e+07,0.0061184024,0.0085856775,0.01706368,0.014680304,6.199235e+07,5.3365664e+07,train
scenario_0688,5,24_2805;41_5021;48_0124;48_1046;55_B908,34062848.303767025,0.0,0.024255217472585418,34889050.097110584,5.865239e+07,4.679437e+07,0.0071103256,0.0060783033,0.020686932,0.01529138,6.78325e+07,4.9949004e+07,train
scenario_0689,1,12_4099,0.0,0.0,0.0,0.0,-4.316706e+06,126251.0,-0.0004198195,-0.0002066365,-0.001096569,0.0012825923,-5.96207e+06,-826320.0,train
scenario_0690,4,39_0104;39_0111;39_0202;39_0260,20686133.24742501,0.0,0.007537758850302176,20842060.33138932,1.033342e+07,1.4375478e+07,0.00012007833,-0.00036593655,0.0029033434,0.004813146,9.683131e+06,1.5459852e+07,train
scenario_0691,1,6_0207,0.0,0.0,0.0,0.0,5.687361e+06,1.651549e+07,0.000164964,0.0014501034,0.0015335353,0.006371095,2.94641e+06,1.8894626e+07,train
scenario_0692,5,28_0503;28_0506;28_0507;28_0508;28_0902,0.0,0.0,0.0,0.0,6.798615e+06,1.4872997e+07,-0.0004679024,-0.0007675061,0.0021991064,0.0053309537,7.288123e+06,1.6197826e+07,train
scenario_0693,5,31_4019;31_7017;31_C430;46_6600;46_A421,0.0,0.0,0.0,0.0,7.137262e+06,-1.0728312e+07,-0.0019533965,-0.0050147558,-0.001246593,-0.0077563073,2.857497e+06,-1.1952332e+07,train
scenario_0694,5,19_0213;20_0205;20_1005;41_7018;4_0559,51281156.50122644,0.0,0.03181543086491343,52912688.59056402,4.7699772e+07,2.7231064e+07,0.005663499,0.006181212,0.016319793,0.010455245,5.4777264e+07,2.992184e+07,test
scenario_0695,3,19_0101;19_0219;19_0221,0.0,0.0,0.0,0.0,1.084059e+07,1.1709784e+07,0.0003418437,0.0013170402,0.002768027,0.004134325,9.936281e+06,1.2378799e+07,train
scenario_0696,1,47_0605,0.0,0.0,0.0,0.0,5.505737e+06,1.088786e+06,7.089926e-06,-4.862307e-05,0.001136662,0.0008601099,1.926641e+06,541024.0,train
scenario_0697,5,1_0604;49_C444;51_0159;55_0903;8_A415,0.0,0.00018424490287505257,0.0,0.0,2.9855902e+07,2.9441656e+07,0.0009841982,-0.00025432813,0.008200592,0.009977521,3.1563546e+07,3.2477114e+07,train
scenario_0698,3,27_0705;27_0707;27_0910,0.0,0.0,0.0,0.0,6.479298e+06,1.942165e+06,0.00040110893,-0.0006174663,0.0018097891,0.0013084724,7.079783e+06,2.57289e+06,train
scenario_0699,2,19_0105;19_0109,0.0,0.0,0.0,0.0,-381993.0,-4.019112e+06,3.180583e-06,-0.0008831875,-8.641463e-05,-0.0010401602,-1.04579e+06,-4.216078e+06,val
scenario_0700,3,41_AA01;41_AA02;41_AA59,0.0,0.0,0.0,0.0,1.6549491e+07,-1.8056986e+07,0.00031259214,0.0014255169,0.0061215344,-0.0057010953,1.957969e+07,-2.2744874e+07,test
scenario_0701,1,30_0116,0.0,0.0,0.0,0.0,-2.384358e+06,-3.247878e+06,-0.00027983356,7.6178694e-06,-0.000843856,-0.00071005523,-4.806708e+06,-3.715122e+06,train
scenario_0702,1,1_4127,0.0,0.0,0.0,0.0,1.765424e+06,1.5400976e+07,0.0003645412,0.0012935617,0.000103122555,0.0045009926,22886.0,1.7441826e+07,train
scenario_0703,3,21_3016;30_0124;55_B907,0.0,0.0,0.0,0.0,3.7336224e+07,3.4498812e+07,0.0036112028,0.004569959,0.013790637,0.013288237,4.7602856e+07,3.7405696e+07,train
scenario_0704,5,18_2009;18_4021;18_A901;18_A902;18_A960,29991435.745894767,0.0,0.018997291320473748,30561191.787878796,1.01338216e+08,1.1755469e+08,0.012139677,0.007494473,0.040479038,0.04161376,1.16493384e+08,1.27176664e+08,test
scenario_0705,4,28_0507;28_0509;28_0805;28_0903,0.0,0.0,0.0,0.0,8.55702e+06,1.0077352e+07,0.00022209529,-0.0002535818,0.002652486,0.003663443,9.263776e+06,1.1331866e+07,train
scenario_0706,6,26_0607;29_A430;45_5017;48_9167;4_0218;6_0602,129641039.63425261,0.0,0.047797224337889535,135837521.4890482,7.737194e+07,6.824044e+07,0.010629754,0.0040903403,0.027813142,0.021990739,9.325288e+07,7.78184e+07,test
scenario_0707,4,6_2004;6_3019;6_3024;6_7493,0.0,0.0,0.0,0.0,-1.066809e+07,-1.7979226e+07,-0.00034235814,0.006347717,-0.0037699682,-0.0040693735,-1.6804718e+07,-2.3171402e+07,train
scenario_0708,3,21_B330;21_B340;21_B350,0.0,0.0,0.0,0.0,4.035789e+07,5.7993624e+07,0.0040804213,0.0039208573,0.015231371,0.018739574,5.2115176e+07,6.6101216e+07,train
scenario_0709,5,22_0115;22_0116;22_0120;22_0123;22_0706,0.0,0.0,0.0,0.0,2.97693e+06,5.772573e+06,-0.00044371432,-0.0005436827,0.00085621467,0.0016954558,1.688588e+06,6.255679e+06,train
scenario_0710,4,39_0108;39_0209;39_0265;39_0809,35906427.07997881,0.0,0.014556146352146008,36429086.287537634,1.1326506e+07,1.04309e+07,0.0004183569,0.0021359974,0.003448511,0.004034886,1.2028688e+07,1.0333776e+07,train
scenario_0711,4,1_B320;42_A340;6_0207;8_0501,0.0,0.0,0.0,0.0,1.8224272e+07,2.3051228e+07,0.0031290879,0.005111995,0.00533181,0.008622954,2.361187e+07,2.7306194e+07,train
scenario_0712,6,1_5008;48_3559;48_5317;4_0608;55_0901;5_0220,51791258.49376321,0.09001870659548639,0.009832659676591318,56962686.415315814,8.285677e+07,6.686829e+07,0.01322593,0.013916639,0.030199638,0.023762984,9.733317e+07,7.534602e+07,test
scenario_0713,6,19_9116;20_0201;27_6251;31_B410;53_BA60;8_A446,0.0,0.0,0.0,0.0,2.2361912e+07,4.5005424e+07,-0.0014377643,0.0021500264,0.004239627,0.014979277,2.1446816e+07,4.9421704e+07,train
scenario_0714,5,13_0502;17_0663;18_5518;6_0501;8_A413,93183557.68071398,0.0009366022261033669,0.028233315083508688,95901714.35287589,5.899444e+07,7.175383e+07,0.0047296854,0.012754158,0.020973094,0.024671685,7.018977e+07,7.967526e+07,train
scenario_0715,2,29_5058;47_6015,0.0,0.0,0.0,0.0,3.446844e+07,3.0603732e+07,0.0050262595,0.0095906975,0.011933149,0.010701417,4.415536e+07,3.5099016e+07,test
scenario_0716,1,26_D340,0.0,0.0,0.0,0.0,4.76017e+06,-5.88929e+06,-0.00014825643,-0.0015538615,0.0005996167,-0.000435201,2.80718e+06,-7.392708e+06,train
scenario_0717,4,32_A456;32_A460;32_A462;32_C350,0.0,0.0,0.0,0.0,-885988.0,-2.3140206e+07,-0.00017159886,-0.004222342,0.00060949055,-0.0062400117,-408858.0,-2.7789918e+07,train
scenario_0718,3,12_0103;26_0119;51_0120,0.0,0.0,0.0,0.0,6.738007e+06,6.718495e+06,0.0003250388,-0.00045981526,0.0018755365,0.0025436138,6.851539e+06,7.153257e+06,train
scenario_0719,5,20_0211;4_0219;6_0210;6_0212;6_0509,0.0,0.0,0.0,0.0,3.1801392e+07,4.2193308e+07,-0.00021362992,-0.002100638,0.012201723,0.014234573,3.615106e+07,4.4091196e+07,train
scenario_0720,3,10_0107;10_0109;10_0260,0.0,0.0,0.0,0.0,2.616125e+06,3.938766e+06,0.00022360205,5.1857904e-05,0.00087485136,0.0012090951,3.134325e+06,4.265658e+06,train
scenario_0721,4,23_1012;49_3011;4_AA60;51_0120,0.0,0.0,0.0,0.0,2.8916584e+07,1.8605876e+07,0.0038129725,0.0023172689,0.007933654,0.0065991273,3.0819886e+07,2.024914e+07,train
scenario_0722,6,10_0210;12_0565;27_0507;4_AA03;5_0221;6_B411,45238334.80659719,0.0,0.009832659676591318,45683147.95708616,2.091794e+07,-7.471604e+06,0.00023540913,-0.0016198229,0.0055295913,-0.0021608174,2.2513652e+07,-1.0472606e+07,train
scenario_0723,2,17_4074;17_B340,0.0,0.0,0.0,0.0,1.7524598e+07,2.1395456e+07,6.642088e-05,4.8919115e-05,0.0053066392,0.005240675,2.0845076e+07,2.2814444e+07,val
scenario_0724,2,48_0161;48_0162,0.0,0.0,0.0,0.0,4.159753e+06,6.817496e+06,8.8168774e-05,0.00015416206,0.0008915933,0.0022334028,2.557209e+06,6.772154e+06,test
scenario_0725,5,21_1010;21_A310;21_A320;21_A330;21_A340,0.0,0.0,0.0,0.0,-1.5461406e+07,2.9625888e+07,9.875314e-05,0.008523383,-0.003906799,0.009533471,-4.008288e+06,3.524016e+07,train
scenario_0726,3,20_4063;40_0601;55_A908,0.0,0.0,0.0,0.0,3.1722448e+07,3.1380492e+07,0.0021871119,0.0015607676,0.0107789785,0.010007298,4.100269e+07,3.631999e+07,train
scenario_0727,2,42_3044;42_B330,0.0,0.0,0.0,0.0,2.777936e+07,-8.951472e+06,0.0055475035,0.004443865,0.007856063,0.0007689982,2.8102278e+07,-1.0572208e+07,val
scenario_0728,5,48_3769;48_L320;48_L330;48_L340;48_L350,0.0,0.0,0.0,0.0,-1.4198036e+07,8.0782025e+06,-0.0015527118,-0.00050836557,-0.0021428848,-0.0016860543,-1.3220128e+07,9.90854e+06,val
scenario_0729,5,1_0601;48_6079;48_9005;4_0215;8_0222,51773602.542384595,0.00018420939312135953,0.016162857978513877,52619949.11121722,3.3384848e+07,4.821506e+07,0.0021049697,0.00044568634,0.011145761,0.01655284,4.317903e+07,5.3546056e+07,train
scenario_0730,6,13_0566;27_B330;46_A421;6_0565;6_7456;8_0259,36171226.477913134,0.0009365006326461645,0.01504280560151007,36749217.58266874,3.4937976e+07,2.0120782e+07,0.00011563022,-0.0031125313,0.010105571,0.009334987,3.601133e+07,2.3236934e+07,train
scenario_0731,1,48_2176,0.0,0.0,0.0,0.0,-2.79054e+06,6.858351e+06,-0.00046042318,0.0012220328,-0.0008081142,0.0020445448,-5.202794e+06,7.896605e+06,train
scenario_0732,3,29_A320;29_A351;29_AA01,0.0,0.0,0.0,0.0,2.5440552e+07,8.2992835e+06,0.0037370222,0.0010225275,0.00759857,-0.0028529023,3.3187936e+07,6.932977e+06,train
scenario_0733,2,22_4001;6_A410,0.0,0.0,0.0,0.0,-1.565032e+06,-1.086128e+07,-0.0002235776,0.0015944926,-0.0011883867,-0.004297525,-918012.0,-1.2219046e+07,train
scenario_0734,2,49_C449;49_C450,0.0,0.0,0.0,0.0,6.838568e+06,-9.343938e+06,0.0006740025,-0.00024932565,0.0013190839,-0.0030522314,2.711523e+06,-1.0386982e+07,train
scenario_0735,5,17_1003;1_0608;28_9030;48_F320;55_0118,0.0,0.00018424619769374928,0.0,0.0,6.831287e+07,7.191361e+07,0.010677979,0.015760414,0.024833437,0.024592359,8.348958e+07,7.794663e+07,train
scenario_0736,2,27_0707;27_0708,0.0,0.0,0.0,0.0,2.718655e+06,-2.168016e+06,0.0001827766,-0.0003465747,0.00052959984,3.8855243e-05,2.19056e+06,-2.314922e+06,test
scenario_0737,1,53_3011,0.0,0.0,0.0,0.0,1.2483158e+07,1.914635e+06,0.001624145,0.0006786727,0.0043103686,-6.947853e-05,1.1339967e+07,742184.0,train
scenario_0738,3,12_0107;12_0504;12_0506,0.0,0.0,0.0,0.0,4.758534e+06,1.1705462e+07,0.00034037675,0.0007663375,0.0013115713,0.004048569,5.532404e+06,1.2582046e+07,train
scenario_0739,4,49_E410;49_E430;49_E441;49_E451,0.0,0.0,0.0,0.0,-2.438564e+06,105621.0,0.00022376364,0.00264636,-0.0010291301,6.296346e-05,-3.289924e+06,2.076695e+06,train
scenario_0740,4,29_5473;39_5003;48_5274;4_0219,37216986.68914484,0.0,0.015279463602807505,37785642.2826678,7.541409e+07,8.223096e+07,0.008852199,0.006266507,0.028190644,0.02777603,9.0507656e+07,9.484436e+07,train
scenario_0741,1,40_AA63,0.0,0.0,0.0,0.0,943864.0,3.336831e+06,-6.72047e-05,-0.0011329051,-0.00019337283,7.329881e-05,-1.55487e+06,2.99843e+06,test
scenario_0742,2,42_A410;42_A411,0.0,0.0,0.0,0.0,9.248292e+06,2.779172e+06,0.00174831,0.0023741499,0.0028573142,0.0023230037,1.4921801e+07,3.221485e+06,train
scenario_0743,1,49_D445,0.0,0.0,0.0,0.0,4.692145e+06,5.414054e+06,0.0002863455,7.528078e-05,0.00034438167,0.0014867461,830076.0,5.575542e+06,test
scenario_0744,4,46_6600;46_7049;46_A412;46_A430,0.0,0.0,0.0,0.0,6.196213e+06,-1.4955588e+07,-0.0011490172,-0.006901083,-0.0006722291,-0.008320935,3.766274e+06,-1.7368154e+07,train
scenario_0745,4,13_1001;13_1004;13_3019;13_4111,0.0,0.08944644797055046,0.0,0.0,6.268983e+07,3.7453496e+07,0.013974782,0.008023348,0.019421745,0.0093989875,6.070528e+07,3.914592e+07,test
scenario_0746,3,13_4111;48_5274;4_0218,37216986.68914484,0.08944644797055046,0.015279463602807505,41114569.54617907,4.5808576e+07,3.9473544e+07,0.006529475,0.001569292,0.014842557,0.01165413,5.169552e+07,4.0973556e+07,val
scenario_0747,3,4_0223;4_0261;4_0665,0.0,0.0,0.0,0.0,2.7320698e+07,2.1343646e+07,0.00014621112,0.001344607,0.009262377,0.0076201507,3.048302e+07,2.045998e+07,train
scenario_0748,2,24_1634;6_0603,0.0,0.0,0.0,0.0,1.3237812e+07,1.2843578e+07,0.00015981717,-0.0016220551,0.0028418999,0.004289205,1.1532036e+07,1.3507273e+07,train
scenario_0749,5,12_A320;12_A321;12_A330;12_A350;12_A352,0.0,0.0,0.0,0.0,-1.5240328e+07,-2.7838858e+07,-0.0014330359,0.0009172186,-0.004708175,-0.009200901,-1.5832996e+07,-3.2375378e+07,train
scenario_0750,5,1_0163;28_3089;48_E310;51_A350;6_A410,18960571.177704494,0.0,0.006304155937961863,19080101.575081572,1.361122e+07,3.9616184e+07,0.00032379327,0.0015996462,0.002855066,0.011570926,1.4868242e+07,4.4760376e+07,train
scenario_0751,5,49_7083;49_B310;49_B320;49_B352;49_B390,0.0,0.0,0.0,0.0,687178.0,1.6830556e+07,0.000554704,0.0038574217,0.0006886739,0.005154803,1.527199e+06,2.367614e+07,train
scenario_0752,4,47_3101;47_9024;47_A310;47_A320,0.0,0.0,0.0,0.0,2.3273284e+07,6.688767e+07,0.0010658356,0.00460467,0.006704124,0.020915296,3.5947376e+07,7.711264e+07,val
scenario_0753,3,28_3099;28_7012;28_9030,0.0,0.0,0.0,0.0,7.189337e+07,7.247809e+07,0.017133143,0.013560595,0.027283743,0.02281638,8.043342e+07,7.7208376e+07,train
scenario_0754,3,13_0566;39_A410;6_0565,36181218.804588445,0.0009365006326461645,0.01504280560151007,36759369.579791985,3.4647036e+07,3.8150532e+07,0.0019399299,-0.001521275,0.012916917,0.013788415,4.006761e+07,3.9215564e+07,test
scenario_0755,1,20_0111,0.0,0.0,0.0,0.0,-515809.0,-5.100982e+06,-0.0002134461,-0.0006697917,-0.00040212227,-0.0013395902,-3.043478e+06,-6.464348e+06,test
scenario_0756,2,49_C430;49_C441,0.0,0.0,0.0,0.0,7.57025e+06,-3.556178e+06,0.00041606475,0.00025531056,0.0010355958,-0.0017311005,1.875704e+06,-4.969684e+06,train
scenario_0757,3,23_0503;23_0505;23_0508,0.0,0.0,0.0,0.0,2.490576e+06,-2.54091e+06,0.0002133582,-0.0004951764,0.00078095077,-0.0006930381,2.935945e+06,-2.554054e+06,train
scenario_0758,2,21_A310;21_A340,0.0,0.0,0.0,0.0,-1.669056e+06,1.1630854e+07,0.0014008416,0.0036393013,0.00071126316,0.004408482,7.745462e+06,1.3622133e+07,train
scenario_0759,1,19_0107,0.0,0.0,0.0,0.0,-2.963986e+06,-4.4365e+06,-0.00038114155,-0.0003134125,-0.00096685113,-0.0013638125,-5.690504e+06,-5.213838e+06,train
scenario_0760,1,28_3090,0.0,0.0,0.0,0.0,1.253608e+06,3.374095e+06,-0.00030122104,-6.584346e-05,0.00023425743,-0.0006854553,228718.0,1.845453e+06,val
scenario_0761,5,17_4074;29_5473;4_1007;51_2004;55_B901,0.0,0.0,0.0,0.0,5.256476e+07,6.2761536e+07,0.004424707,0.0033720015,0.017342592,0.016964594,6.6372904e+07,7.2352776e+07,train
scenario_0762,1,35_0801,0.0,0.0,0.0,0.0,-4.214702e+06,849944.0,-0.00039023976,0.0010274353,-0.0012100902,0.00020994386,-7.02113e+06,426186.0,test
scenario_0763,5,18_5538;20_0259;42_0608;4_0224;55_A909,0.0,0.0,0.0,0.0,5.4510304e+07,5.0321136e+07,0.0032043543,0.0011617574,0.019776633,0.017205995,6.419968e+07,5.246751e+07,train
scenario_0764,2,5_0114;5_4046,0.0,0.0,0.0,0.0,8.407331e+06,1.969389e+07,0.00041826756,0.0007776584,0.0016817176,0.0044541173,8.093386e+06,2.1699758e+07,train
scenario_0765,1,6_A353,0.0,0.0,0.0,0.0,-1.206394e+06,433158.0,-0.00010861561,-0.00084462424,-0.0009729774,0.00049238885,-4.467448e+06,100438.0,test
scenario_0766,1,49_C450,0.0,0.0,0.0,0.0,4.259553e+06,-7.672578e+06,0.00020409876,-0.00031730288,0.00017263647,-0.0022976506,-72144.0,-8.766622e+06,train
scenario_0767,5,4_0505;4_0507;4_0509;4_0559;4_0560,0.0,0.0,0.0,0.0,1.872281e+06,-914672.0,-0.0009070124,0.00019083614,-0.00014488166,-0.00013550045,554398.0,380458.0,val
scenario_0768,4,4_A454;4_A455;4_A456;4_A461,0.0,0.0,0.0,0.0,-1.0197298e+07,-4.093882e+06,-0.0008378803,-0.0045414073,-0.0015905253,-0.0043705595,-1.1651362e+07,-7.500744e+06,train
scenario_0769,3,4_1017;4_6054;4_D330,0.0,0.0,0.0,0.0,-5.691224e+06,1.24482e+06,-0.0007869118,-0.0020780284,-0.0016406733,-0.00091894437,-6.688728e+06,-519928.0,train
scenario_0770,2,6_0812;6_2647,0.0,0.0,0.0,0.0,5.625005e+06,-1.1511786e+07,-2.3348839e-05,0.0048787165,0.00064765336,-0.004309405,2.145323e+06,-1.5682604e+07,train
scenario_0771,6,13_0504;18_A310;26_B350;55_0908;6_B423;8_7776,37180539.83144975,0.0009365018868864317,0.015042815674800316,37774659.48453143,6.354237e+07,4.618981e+07,0.0035418342,-0.00083431916,0.021081038,0.017694565,7.033267e+07,4.993869e+07,train
scenario_0772,4,22_0707;29_0660;32_0203;48_6079,51773602.542384595,0.0,0.016162857978513877,52610411.92731318,1.9327492e+07,2.0845854e+07,0.00042043073,0.0013691526,0.0041095233,0.007703541,1.884099e+07,2.2655424e+07,train
scenario_0773,5,18_0904;19_0214;20_0207;42_0605;5_A601,0.0,0.0,0.0,0.0,3.3353938e+07,2.1811436e+07,0.002910661,-0.0011996952,0.011243958,0.0061589046,4.0266576e+07,2.2225636e+07,train
scenario_0774,3,47_0606;47_0608;47_0661,0.0,0.0,0.0,0.0,2.0642976e+07,2.1868048e+07,5.8440724e-05,0.00031044916,0.006177893,0.008086434,2.0244916e+07,2.2076e+07,train
scenario_0775,2,49_C441;49_C456,0.0,0.0,0.0,0.0,6.837919e+06,-2.725944e+06,0.0005062649,0.00065313105,0.000914637,-0.0013268879,906323.0,-3.613098e+06,train
scenario_0776,2,29_0701;29_0702,0.0,0.0,0.0,0.0,772226.0,7.472361e+06,-2.435362e-05,0.0003703679,2.0576175e-05,0.0025182304,-393424.0,7.97741e+06,train
scenario_0777,3,10_0203;48_5035;6_0204,259893.07839857606,0.0,0.0,259893.07839857606,1.6454429e+07,3.095526e+07,0.0011703693,-0.002109161,0.003371635,0.009049682,1.6692072e+07,3.448899e+07,train
scenario_0778,1,56_7772,0.0,0.0,0.0,0.0,471111.0,-3.045264e+06,-8.209795e-05,0.0003464619,-0.0006012032,-0.0018851063,-4.706746e+06,-3.42844e+06,val
scenario_0779,2,10_0207;1_C340,0.0,0.0,0.0,0.0,2.587398e+06,-7.484384e+06,0.00034559262,-0.0001431891,0.00026146974,-0.002603456,4.034722e+06,-8.34745e+06,train
scenario_0780,4,48_1094;48_A310;48_A330;48_A340,0.0,0.0,0.0,0.0,-6.256108e+06,2.9375526e+07,-0.0014469699,-0.0024352241,-0.00036400743,0.0064320406,-1.105018e+06,3.2271112e+07,test
scenario_0781,1,39_0102,0.0,0.0,0.0,0.0,-677571.0,3.53407e+06,-0.00019681698,0.000547259,-0.0004565469,0.001454269,-3.18927e+06,3.121035e+06,train
scenario_0782,3,40_0603;49_A350;4_0261,0.0,0.0,0.0,0.0,1.9860372e+07,8.680568e+06,0.0007030644,0.00067083456,0.0046787187,0.003515453,1.8541696e+07,9.994044e+06,test
scenario_0783,5,12_0563;1_0102;1_4127;20_0259;24_0502,0.0,0.0,0.0,0.0,8.281937e+06,2.6023308e+07,0.0002675593,0.0013685796,0.002143923,0.0076254606,1.1384638e+07,2.9344656e+07,train
scenario_0784,2,38_2001;38_3005,0.0,0.0,0.0,0.0,6.585425e+06,-7.4285e+06,-0.0001704857,-0.0024039568,0.0010759342,-0.0012478423,-386644.0,-9.715812e+06,val
scenario_0785,4,49_1008;49_A310;49_B320;49_B351,0.0,0.0,0.0,0.0,2.155133e+06,1.1270688e+07,0.00042298075,0.0003734983,0.00087244576,0.0014777905,1.312989e+06,1.2439606e+07,train
scenario_0786,4,29_5473;51_A321;6_A410;8_0216,18891250.812175207,0.0,0.006304159512101232,19010344.27067827,4.220983e+07,4.5774316e+07,0.00533854,0.006077081,0.01339991,0.014475787,5.2572264e+07,5.5336816e+07,train
scenario_0787,2,32_1030;32_7084,0.0,0.0,0.0,0.0,-1.176088e+06,5.769771e+06,-0.0004291596,-0.0043925736,-0.00113275,-8.8455155e-05,-7.884846e+06,5.098206e+06,train
scenario_0788,2,20_0104;9_4008,0.0,0.0,0.0,0.0,1.2508364e+07,9.638019e+06,0.0011764352,0.0014612554,0.0027480985,0.0041819545,1.3368316e+07,1.1398878e+07,train
scenario_0789,4,4_A441;4_A447;4_A459;4_A461,0.0,0.0,0.0,0.0,-1.0642824e+07,1.039895e+06,-0.00084132433,-0.005029832,-0.0016053249,-0.0027628564,-1.1969176e+07,-829328.0,train
scenario_0790,3,26_3069;26_C310;26_C340,0.0,0.0,0.0,0.0,-4.753038e+06,-3.705244e+07,-0.0007935738,-0.0030087377,6.9314614e-05,-0.008621631,3.589378e+06,-4.313109e+07,train
scenario_0791,3,24_0504;24_0902;24_0961,0.0,0.0,0.0,0.0,7.840239e+06,6.589981e+06,0.00042383152,-0.00068626704,0.0021966647,0.0027328928,8.073443e+06,7.205736e+06,train
scenario_0792,5,36_1643;36_A330;36_A331;36_A340;36_A350,0.0,0.0,0.0,0.0,-1.561995e+07,-1.4014732e+07,-0.0016356999,0.0035691876,-0.004330022,0.002296104,-1.3423274e+07,-1.5795004e+07,test
scenario_0793,6,13_3016;18_A903;19_0223;4_0665;6_0210;6_0569,14894120.281365072,0.06216083130032324,0.00949864075575563,15961425.077467429,6.281959e+07,7.804771e+07,0.007949226,-0.0037364475,0.024255088,0.026935976,7.120769e+07,8.5151304e+07,val
scenario_0794,3,17_5843;17_B310;17_B330,0.0,0.0,0.0,0.0,3.3414958e+07,6.664799e+07,0.0025152992,0.0065031624,0.0129978955,0.023369461,4.685656e+07,8.095408e+07,train
scenario_0795,5,10_0104;10_0109;10_0206;10_0212;10_0260,0.0,0.0,0.0,0.0,4.141677e+06,9.990624e+06,-0.00017773046,-9.521458e-05,0.0013180543,0.003007954,3.665073e+06,1.1591334e+07,train
scenario_0796,1,31_6701,0.0,0.0,0.0,0.0,5.878897e+06,-797443.0,-0.00045009446,-0.005392183,0.0013458445,-0.003336188,2.705739e+06,-3.434016e+06,train
scenario_0797,2,6_A330;6_A340,0.0,0.0,0.0,0.0,-280874.0,5.453224e+06,-0.000103338505,-0.00068803236,9.716302e-05,0.0027016953,2.212899e+06,7.168061e+06,val
scenario_0798,1,53_BA60,0.0,0.0,0.0,0.0,1.052343e+07,-2.735784e+06,0.0006427753,-0.0012899762,0.0023617877,-0.0003779428,9.459311e+06,-5.099132e+06,test
scenario_0799,3,6_B413;6_B423;6_B441,0.0,0.0,0.0,0.0,1.539949e+06,-1.5991756e+07,-0.00014403602,0.0008882286,0.00014576549,-0.0041581434,1.191495e+06,-2.0743758e+07,test
scenario_0800,2,27_3007;27_3009,0.0,0.0,0.0,0.0,1.6540592e+07,1.7170286e+07,0.00015812379,0.0027083396,0.004386779,0.007547541,1.856864e+07,2.022595e+07,train
scenario_0801,4,39_0105;39_0112;39_0203;39_0902,35967649.43843216,0.0,0.014556146352146008,36491199.807600655,1.1046383e+07,1.2448536e+07,6.292993e-05,-0.00041896093,0.003094415,0.0042122575,1.0285323e+07,1.2840755e+07,train
scenario_0802,2,29_0607;29_0662,0.0,0.0,0.0,0.0,3.890994e+06,3.94222e+06,9.931647e-05,-0.0003001364,0.00076700747,0.0014249897,2.486127e+06,4.077898e+06,train
scenario_0803,2,48_K310;48_K351,0.0,0.0,0.0,0.0,-3.876044e+06,-4.568596e+06,-0.0009747216,-0.0034764837,-0.0010545193,-0.0038978388,-3.361886e+06,-7.4386e+06,train
scenario_0804,5,13_0505;13_0561;13_0563;13_0565;13_0566,181853602.07092056,0.004682591376896306,0.07521473646876493,196383218.93549532,7.388259e+07,9.397764e+07,0.0045447103,-0.00038658117,0.032599807,0.032410234,8.66985e+07,9.725316e+07,train
scenario_0805,2,49_1017;49_B352,0.0,0.0,0.0,0.0,3.218888e+06,-2.72045e+06,0.0006819333,0.0008578023,0.000605016,-0.0010063718,-168904.0,-2.162694e+06,val
scenario_0806,1,20_A330,0.0,0.0,0.0,0.0,3.459019e+06,526380.0,5.715748e-05,-0.0005695188,0.0001580189,-0.0009089755,205844.0,953445.0,train
scenario_0807,3,13_0504;55_0119;5_0222,81956502.14366071,0.0009365018868864317,0.024875475351391636,84071961.51152177,2.2828832e+07,2.85477e+07,0.00024478266,0.001300742,0.007069054,0.010155596,2.3879466e+07,2.9064536e+07,train
scenario_0808,1,55_0261,0.0,0.0,0.0,0.0,-2.094446e+06,769162.0,-0.00029897538,2.7880655e-05,-0.00077656517,0.00043855002,-4.811512e+06,305280.0,val
scenario_0809,3,55_0216;55_0224;55_0264,0.0,0.0,0.0,0.0,3.983499e+06,4.487079e+06,0.00023365405,0.0001631797,0.0011799615,0.0013213628,4.328758e+06,4.35172e+06,train
scenario_0810,5,29_1005;29_A320;29_A340;29_AA01;29_AA02,0.0,0.0,0.0,0.0,4.5632456e+07,2.2115276e+07,0.006178109,0.0015186074,0.0124637475,-0.0017879279,4.767834e+07,2.1516598e+07,train
scenario_0811,2,39_9006;5_C410,268069048.43522066,0.0,0.10028363935967541,294951988.21198964,4.5618296e+07,6.005091e+07,0.0065146354,0.009056836,0.016661774,0.022704441,5.546571e+07,7.5090536e+07,test
scenario_0812,2,16_3023;35_1003,0.0,0.0,0.0,0.0,9.569436e+06,1.9450618e+07,0.0001751337,0.0021614712,0.0019655323,0.00497479,5.374879e+06,2.082828e+07,train
scenario_0813,2,46_0601;46_0604,0.0,0.0,0.0,0.0,1.175979e+06,-7.355408e+06,2.658437e-05,0.00070342695,-4.168693e-05,-0.0020320392,1.627286e+06,-6.755992e+06,test
scenario_0814,4,19_0214;19_0215;19_0219;19_0222,0.0,0.0,0.0,0.0,1.6585904e+07,2.2867842e+07,0.00015229592,0.0012787945,0.0047468273,0.007850239,1.6317498e+07,2.4522508e+07,val
scenario_0815,2,35_6035;35_6401,0.0,0.0,0.0,0.0,8.1349935e+06,2.4391904e+07,-0.00019813888,0.0021786185,0.0010027369,0.007055773,995167.0,2.6972538e+07,train
scenario_0816,3,6_0602;6_0661;6_3030,0.0,0.0,0.0,0.0,1.936281e+07,1.5329156e+07,0.0023265812,0.00043090794,0.0043463274,0.0058437055,1.8942824e+07,1.8270428e+07,train
scenario_0817,1,20_1009,0.0,0.0,0.0,0.0,1.664362e+06,3.093675e+06,-0.0003500703,-0.0020143045,0.00024193944,-0.00075283414,-938320.0,1.846772e+06,test
scenario_0818,4,20_0106;20_0109;20_0112;20_0159,0.0,0.0,0.0,0.0,4.65935e+06,-2.97171e+06,-0.0002458766,-0.0035375943,0.0011056629,-0.00089343684,3.307606e+06,-3.558328e+06,test
scenario_0819,6,28_0903;28_7012;29_5413;32_C330;39_0107;39_4018,137530529.43910006,0.0,0.06449959390575868,146401192.737566,8.443153e+07,9.7208504e+07,0.011659194,0.0070538376,0.030461222,0.033118043,9.894235e+07,1.09179336e+08,train
scenario_0820,1,40_0122,0.0,0.0,0.0,0.0,-2.875346e+06,-2.070262e+06,-0.00035865104,-0.00018707407,-0.00095853116,-0.000483267,-5.62249e+06,-2.648214e+06,train
scenario_0821,3,6_0560;6_0562;6_0569,0.0,0.0,0.0,0.0,9.799626e+06,1.2525345e+07,0.00033358543,0.0011402839,0.0025924756,0.0043079033,9.19402e+06,1.3216916e+07,train
scenario_0822,3,20_0103;20_0111;20_0112,0.0,0.0,0.0,0.0,7.773801e+06,-660840.0,0.00026672985,-0.0008666002,0.0020982537,0.00013524713,7.833075e+06,-1.70203e+06,train
scenario_0823,2,45_1025;45_7019,0.0,0.00695978130499475,0.0,0.0,9.646626e+06,1.9492806e+07,0.003116059,0.0044110394,0.0027417145,0.0036031047,1.305276e+07,2.0124474e+07,train
scenario_0824,2,39_0260;48_1077,20686133.24742501,0.0,0.007537758850302176,20842060.33138932,6.323687e+06,7.6222825e+06,0.00014597306,0.000101304846,0.00078555616,0.002267243,4.959173e+06,7.824259e+06,test
scenario_0825,2,8_9019;8_9020,0.0,0.0,0.0,0.0,2.6355768e+07,4.0662684e+07,0.0024615964,-0.00029276195,0.0078997,0.01273698,3.025504e+07,4.762477e+07,train
scenario_0826,2,28_0560;38_2001,0.0,0.0,0.0,0.0,9.345234e+06,-2.753904e+06,0.0003238906,-0.0011258716,0.0016154763,-0.00055453647,6.632155e+06,-4.57553e+06,train
scenario_0827,2,51_0116;51_0119,0.0,0.0,0.0,0.0,2.190129e+06,2.588902e+06,0.000121170306,-0.00018187775,0.0003709509,0.0013086712,1.583582e+06,2.760889e+06,train
scenario_0828,4,13_0505;39_0264;54_4004;55_0902,37330387.48648678,0.0009365902296646356,0.01504352517299221,37926931.38654672,5.275711e+07,5.816655e+07,0.006842544,0.007314285,0.019029515,0.02322311,6.047992e+07,6.8353016e+07,train
scenario_0829,4,55_0115;55_0220;55_0224;55_0259,0.0,0.0,0.0,0.0,6.979977e+06,8.650456e+06,0.00038089487,-7.148064e-05,0.002270937,0.0026217154,8.273457e+06,9.225598e+06,train
scenario_0830,1,1_0506,0.0,0.0,0.0,0.0,-2.174876e+06,-1.688654e+06,-0.0003029632,-7.605716e-05,-0.0007933094,-0.00028889487,-4.799096e+06,-2.24016e+06,train
scenario_0831,5,30_0560;35_AA02;49_C443;4_0215;4_0218,0.0,0.0,0.0,0.0,4.183571e+07,3.7790136e+07,0.001495512,-0.0031346953,0.014435058,0.012281421,4.957312e+07,3.8646444e+07,train
scenario_0832,1,53_6049,0.0,0.0,0.0,0.0,9.502174e+06,5.788094e+06,0.0011755478,0.0030301872,0.002647263,0.003170981,7.279882e+06,7.280951e+06,train
scenario_0833,3,39_A410;39_A411;39_A412,405599577.87432075,0.0,0.1647832332654341,472435587.7275465,5.3812016e+07,4.936165e+07,0.0039138417,-0.0011174978,0.021941153,0.018146304,6.218079e+07,5.037625e+07,train
scenario_0834,3,30_0504;46_0662;48_0118,0.0,0.0,0.0,0.0,6.059862e+06,177952.0,0.00029728445,0.0003000273,0.0015319728,0.00040225312,6.013281e+06,699069.0,val
scenario_0835,4,39_0201;49_B350;53_BA59;55_3008,35.01148088346762,0.0,0.0,35.01148088346762,1.034166e+07,1.9852444e+07,0.00044917042,0.00046136952,0.0025908984,0.0077080275,1.4228488e+07,2.3841894e+07,train
scenario_0836,3,24_A310;24_A320;24_A340,0.0,0.0,0.0,0.0,2.6429488e+07,3.68003e+07,0.00023659645,-0.0030409046,0.010526044,0.01164983,3.3766348e+07,3.9937916e+07,train
scenario_0837,1,27_0560,0.0,0.0,0.0,0.0,-3.53644e+06,-2.841366e+06,-0.00037535152,0.00039617927,-0.0010370868,-0.0009255898,-5.918632e+06,-3.131016e+06,train
scenario_0838,2,18_0608;48_0903,0.0,0.0,0.0,0.0,5.223476e+06,1.00514e+07,0.00017109932,0.0006883799,0.0010958537,0.0038609207,3.879721e+06,1.1116574e+07,test
scenario_0839,5,16_1010;37_1814;39_4018;51_A320;6_7491,156444939.8207505,0.010354090459142262,0.07080374984372054,169141673.26291397,8.551221e+07,1.0381014e+08,0.014958979,0.01999809,0.029932342,0.0396401,9.643004e+07,1.2213726e+08,train
scenario_0840,2,29_0760;4_A461,0.0,0.0,0.0,0.0,766992.0,-2.056314e+06,6.9728005e-05,-0.00148335,-0.00029548956,-0.0016369233,313026.0,-3.219058e+06,train
scenario_0841,5,18_0606;18_5518;39_0809;40_B320;4_1003,0.0,0.0,0.0,0.0,7.598202e+07,1.0404268e+08,0.011702796,0.027878338,0.02641908,0.042234827,9.107486e+07,1.3153779e+08,val
scenario_0842,4,13_0563;30_A310;42_9027;6_B413,36224842.547932476,0.0009365016434162987,0.015042813719397441,36803690.73097417,4.947173e+07,2.971562e+07,0.007681817,0.00348602,0.016257204,0.011408946,5.285569e+07,2.9398284e+07,val
scenario_0843,4,38_0214;38_0215;38_0223;38_0261,0.0,0.0,0.0,0.0,1.017204e+07,6.61024e+06,5.2267686e-05,0.0015073946,0.0022815492,0.0027434903,1.052976e+07,9.135095e+06,test
scenario_0844,4,1_5008;20_A411;31_A351;42_1606,0.0,0.08944644797055046,0.0,0.0,6.819313e+07,4.5843116e+07,0.011183009,0.016514035,0.02329122,0.017698212,7.715474e+07,5.3849376e+07,train
scenario_0845,1,36_4018,0.0,0.0,0.0,0.0,3.637177e+06,-5.308344e+06,0.00081125845,0.002359394,0.0011725696,0.00018705754,5.008738e+06,-5.69407e+06,train
scenario_0846,4,8_0259;8_0503;8_0560;8_0812,0.0,0.0,0.0,0.0,9.408252e+06,3.418413e+06,0.0002043586,-0.0006941556,0.002668488,0.0008920161,9.268324e+06,3.101022e+06,train
scenario_0847,6,27_1004;29_B411;51_1464;56_6032;5_0218;6_0505,177162221.86560366,0.0,0.05381608465142486,186696398.9945575,3.2728548e+07,2.982664e+07,0.00094832235,0.006003106,0.008317104,0.010585878,3.5576132e+07,3.322128e+07,train
scenario_0848,1,12_0502,0.0,0.0,0.0,0.0,-3.02499e+06,350858.0,-0.0003368787,2.8658076e-05,-0.00093517825,0.00023735035,-5.59407e+06,196984.0,train
scenario_0849,1,34_1003,0.0,0.0,0.0,0.0,1.082491e+06,-4.797454e+06,0.00036287552,0.0010341157,5.880883e-05,-0.0019965824,831824.0,-6.180458e+06,train
scenario_0850,1,42_1614,0.0,0.0,0.0,0.0,2.265512e+06,-4.91965e+06,6.093306e-05,0.0018240714,0.0004730937,-0.00054461276,1.544706e+06,-3.72361e+06,train
scenario_0851,6,12_0110;13_0507;19_0606;1_1019;4_0507;8_A445,37223592.84313601,0.0009365006326461645,0.01504280560151007,37818400.032312036,4.193176e+07,3.3282514e+07,0.0028824932,0.001670202,0.014234841,0.010469399,4.6940372e+07,3.5174544e+07,val
scenario_0852,3,8_0217;8_0222;8_9020,0.0,0.0,0.0,0.0,1.8201658e+07,2.9357704e+07,0.0011201403,8.074858e-05,0.0039047492,0.010075163,1.7846238e+07,3.4871824e+07,test
scenario_0853,4,22_0709;29_0660;39_4018;5_0118,137530529.43910006,0.0,0.06449959390575868,146401192.737566,3.2713318e+07,5.016084e+07,0.0023299842,0.00902572,0.010856869,0.020447092,3.7851468e+07,5.768303e+07,train
scenario_0854,5,31_0904;45_5035;4_0119;4_0262;6_0202,0.0,0.0,0.0,0.0,3.6094252e+07,5.120152e+07,0.0027079214,0.0024276176,0.012327551,0.016987864,4.172133e+07,5.6037984e+07,train
scenario_0855,2,23_1001;23_7023,0.0,0.0,0.0,0.0,2.552982e+06,-1.3066392e+07,0.00025495305,0.0012288353,0.0011746953,-0.0049984553,4.266462e+06,-1.6789626e+07,val
scenario_0856,3,49_E431;49_E459;49_E461,0.0,0.0,0.0,0.0,-853606.0,2.642876e+06,0.00048074743,0.0021128913,-0.00015959376,0.0016418751,-3.300836e+06,7.346163e+06,train
scenario_0857,5,22_0705;27_4033;34_4042;47_2008;6_0212,0.0,0.0,0.0,0.0,5.2326944e+07,6.2418536e+07,0.003981434,0.001228125,0.018481286,0.017671824,6.249685e+07,7.030847e+07,train
scenario_0858,6,12_0107;13_0506;17_0604;29_0608;32_AA61;6_0201,93594446.46887594,0.0009365902296646356,0.028233141147620967,96324571.33077878,4.697293e+07,4.0876936e+07,0.003196918,0.00045874703,0.018144088,0.01427725,5.5896104e+07,4.3802024e+07,test
scenario_0859,6,13_0509;20_0201;30_0114;38_0261;40_AA63;53_6049,37051315.29845616,0.000936509102456573,0.015042873625715531,37643372.44619237,4.2862696e+07,3.961947e+07,0.0035605384,0.0034763115,0.01462004,0.013384914,4.948488e+07,4.4825896e+07,train
scenario_0860,5,10_0201;10_0202;10_0205;10_0211;10_0212,0.0,0.0,0.0,0.0,4.093919e+06,8.47598e+06,-0.00038906885,0.0008588869,0.0009755823,0.0026102967,3.687773e+06,9.995362e+06,train
scenario_0861,2,39_4018;39_4031,405599577.87432075,0.0,0.1647832332654341,472435587.7275465,4.927852e+07,6.0600024e+07,0.004979093,0.010183788,0.019323858,0.024173955,6.0072776e+07,7.1964056e+07,test
scenario_0862,2,49_D455;49_D461,0.0,0.0,0.0,0.0,8.625116e+06,9.847752e+06,0.0007621649,0.00040053966,0.0019664504,0.00263462,7.24511e+06,1.096478e+07,train
scenario_0863,2,13_0504;1_0604,37180539.83144975,0.0011207467897614842,0.015042815674800316,37781509.80948151,1.715329e+07,2.1671196e+07,0.00048525172,0.0009270749,0.004526516,0.008059031,1.665297e+07,2.257728e+07,train
scenario_0864,2,18_0605;18_0671,0.0,0.0,0.0,0.0,5.162538e+06,-1.35239e+06,0.00019534433,-0.00011881569,0.000947278,0.00022026943,3.894367e+06,-1.335648e+06,test
scenario_0865,3,48_1046;48_5334;48_5335,19460395.080166478,0.0,0.005946011119318619,19576106.80569948,1.7417902e+07,3.5996012e+07,0.00039708015,0.0039756657,0.0061232913,0.012299655,2.4685176e+07,4.0266348e+07,train
scenario_0866,5,35_0106;35_0107;35_0110;35_0111;35_0112,0.0,0.0,0.0,0.0,2.141337e+06,7.084294e+06,-0.00019310892,-0.0005966582,0.0008921572,0.0018119931,1.221078e+06,7.891424e+06,val
scenario_0867,5,12_0107;32_2027;35_AA01;42_0601;4_0669,0.0,0.0,0.0,0.0,3.2344344e+07,3.0460068e+07,0.001738742,0.0074481624,0.009697929,0.012369146,4.0144252e+07,3.502069e+07,train
scenario_0868,4,13_4119;39_0106;42_9027;51_1023,25709699.3993655,0.04858077359057511,0.006158740896758823,27117035.86210206,6.883981e+07,3.508204e+07,0.014946424,0.016937293,0.022568045,0.011765607,7.300857e+07,3.6796624e+07,train
scenario_0869,4,1_4155;1_C330;1_C340;1_C350,0.0,0.0,0.0,0.0,-1.119828e+06,-2.1009526e+07,-0.001374221,-9.462959e-05,-0.0006499328,-0.008886905,3.189873e+06,-2.2781714e+07,val
scenario_0870,5,48_0113;48_0115;48_0116;48_0118;48_0123,0.0,0.0,0.0,0.0,1.2040152e+07,2.293458e+07,-0.00018072233,0.0012866277,0.0038529043,0.007761781,1.2877802e+07,2.5235732e+07,train
scenario_0871,6,17_0660;40_4154;4_0260;51_0124;53_A330;6_B442,56862990.7910229,0.0,0.013258687648942807,57616919.42470579,2.9630428e+07,1.698947e+07,0.00043413765,-0.00029784732,0.007316729,0.006139758,3.0475976e+07,1.6342659e+07,train
scenario_0872,3,6_0203;6_0503;6_0507,0.0,0.0,0.0,0.0,1.5270583e+07,2.5144138e+07,0.00037000643,-0.0009678436,0.0040396973,0.008936923,1.3817872e+07,2.8155136e+07,train
scenario_0873,3,49_C443;49_C450;49_C456,0.0,0.0,0.0,0.0,5.01163e+06,-6.07978e+06,0.0005274834,-0.00028408237,0.0013352986,-0.0027204962,3.181695e+06,-7.229202e+06,train
scenario_0874,1,13_0502,37081566.58909912,0.0009366022261033669,0.015043621516165858,37674138.31990678,1.0497694e+07,1.7176424e+07,0.00043379655,-0.0005745174,0.0028910143,0.006159317,8.490253e+06,1.6975392e+07,test
scenario_0875,2,55_0901;55_0907,0.0,0.0,0.0,0.0,2.1615752e+07,2.0184056e+07,0.00041650137,0.0014187706,0.0056685847,0.0076040505,2.144088e+07,2.123579e+07,val
scenario_0876,5,31_0114;31_0115;31_0117;31_0122;31_0124,0.0,0.0,0.0,0.0,194553.0,6.861502e+06,-0.0003281918,0.00013633701,5.698949e-05,0.0018778441,-582660.0,8.639137e+06,train
scenario_0877,2,48_0119;48_0166,0.0,0.0,0.0,0.0,3.740658e+06,8.403954e+06,5.3692493e-05,0.0012718709,0.000699291,0.0028656574,2.053934e+06,8.8122e+06,val
scenario_0878,4,37_1801;48_5328;6_0210;6_B412,104235618.81024289,0.08944644797055046,0.030629653787303975,116751825.58129454,5.859853e+07,6.744463e+07,0.010228499,0.013727385,0.019634645,0.02554462,6.714934e+07,7.726337e+07,train
scenario_0879,5,36_B310;36_B330;36_B340;36_B351;36_B352,0.0,0.0,0.0,0.0,-1.8381222e+07,1.8195048e+07,-0.0022450811,0.0005138129,-0.0046828394,0.004644601,-1.4542604e+07,2.0048442e+07,val
scenario_0880,5,4_AA02;4_AA03;4_AA59;4_AA60;4_AA61,0.0,0.0,0.0,0.0,-1.208782e+06,-1.243865e+07,-0.00019649521,0.007889966,-0.002379316,-0.0010444904,-4.594984e+06,-1.7895122e+07,train
scenario_0881,3,8_3032;8_7035;8_7036,0.0,0.0,0.0,0.0,1.9903612e+07,1.8463918e+07,0.00075848127,0.0010843447,0.0039707446,0.0058746287,1.6438081e+07,1.9283594e+07,train
scenario_0882,4,39_0103;6_0602;6_3005;6_A420,0.0,0.0,0.0,0.0,1.9308172e+07,1.7955752e+07,0.0008965336,0.008432086,0.004439585,0.008240407,1.9388396e+07,2.0919198e+07,train
scenario_0883,5,39_3801;39_B410;39_B411;39_B412;39_B430,0.0,0.0,0.0,0.0,-7.42852e+06,2.9492358e+07,0.0015057332,0.007645223,-0.0017395965,0.0118957795,-3.802876e+06,3.2625106e+07,train
scenario_0884,3,27_0505;27_0704;27_0901,0.0,0.0,0.0,0.0,3.918182e+06,1.387251e+06,0.00028648938,0.00010766392,0.0010445649,0.0008012713,4.457942e+06,1.920854e+06,val
scenario_0885,2,31_C410;56_1007,0.0,0.0,0.0,0.0,1.2305758e+07,5378.0,0.0005938648,-0.0006264566,0.0026662522,-0.00090188487,9.851126e+06,-537076.0,train
scenario_0886,5,18_A901;29_1008;4_0216;53_3019;55_A907,15262551.40581813,0.0,0.009498643409000041,15407524.93913353,8.2678136e+07,7.700415e+07,0.008459587,0.003222615,0.03134061,0.026339345,9.762919e+07,8.199309e+07,train
scenario_0887,3,19_B410;47_1023;8_0507,0.0,0.0,0.0,0.0,3.313935e+07,3.5141424e+07,0.003762972,0.005610892,0.011035202,0.011195768,3.940124e+07,4.001356e+07,test
scenario_0888,5,48_1168;48_F310;48_F320;48_F330;48_F350,0.0,0.0,0.0,0.0,2.2541138e+07,4.114467e+07,-0.00014026149,-0.0009150632,0.007819679,0.009985855,3.2748076e+07,4.5298344e+07,test
scenario_0889,3,6_3024;6_7493;6_8150,0.0,0.0,0.0,0.0,3.316516e+06,-8.424482e+06,0.00059973873,0.0047471286,-0.0008819932,-0.00082998816,605158.0,-9.943288e+06,train
scenario_0890,2,19_0103;19_0110,0.0,0.0,0.0,0.0,-740728.0,-4.376428e+06,-1.9382103e-05,-0.0002134029,-0.00016163755,-0.0014100489,-1.230434e+06,-5.404926e+06,train
scenario_0891,4,19_1044;19_3055;19_A410;19_A430,0.0,0.0,0.0,0.0,1.4373599e+07,4.299793e+07,-0.0012793784,-0.00021441223,0.002116438,0.010348243,1.6839858e+07,4.79624e+07,train
scenario_0892,3,8_0215;8_0219;8_0221,0.0,0.0,0.0,0.0,9.54525e+06,8.458997e+06,0.00036811957,-0.0007274399,0.0026401232,0.0031795695,9.258028e+06,8.926454e+06,val
scenario_0893,4,4_1018;4_C340;4_C350;4_D320,0.0,0.0,0.0,0.0,-1.0518402e+07,-8.69655e+06,-0.001346045,-0.0060492093,-0.0019027339,-0.0048149624,-1.0476388e+07,-1.1380892e+07,val
scenario_0894,6,31_B430;49_E431;6_7456;6_8534;6_B442;6_B443,0.0,0.0,0.0,0.0,1.7520798e+07,2.1622446e+07,0.0008113274,0.0029414278,0.003542878,0.008722308,1.6159556e+07,2.6235568e+07,train
scenario_0895,2,40_1017;40_5021,0.0,0.0,0.0,0.0,2.3080862e+07,2.1203036e+07,0.0018658561,-0.00080873247,0.0077285944,0.004700292,2.6457854e+07,2.2563394e+07,train
scenario_0896,3,20_0112;20_0163;20_0203,0.0,0.0,0.0,0.0,6.410243e+06,2.525742e+06,0.00029815035,8.8391826e-05,0.0017829803,0.0009834124,6.417256e+06,2.067234e+06,train
scenario_0897,5,6_0562;6_0563;6_0564;6_0567;6_0568,0.0,0.0,0.0,0.0,1.2071678e+07,1.5814333e+07,-0.00037784106,0.0017674833,0.0037643884,0.0054064384,1.2363848e+07,1.6899272e+07,train
scenario_0898,1,27_4037,0.0,0.0,0.0,0.0,1.2881276e+07,1.050286e+07,0.0004193813,0.001470714,0.0022477508,0.0041426467,1.0020408e+07,1.2218152e+07,train
scenario_0899,1,32_B310,0.0,0.0,0.0,0.0,3.776119e+06,-6.051114e+06,9.931263e-05,-0.00087937,6.246567e-05,-0.0013961508,-927684.0,-7.56919e+06,test
scenario_0900,1,18_A410,0.0,0.0,0.0,0.0,1.0565148e+07,2.3888228e+07,0.0004640908,0.00082570076,0.0024139755,0.008294884,9.355114e+06,2.6567908e+07,train
scenario_0901,4,1_1019;1_B310;1_B320;1_B350,0.0,0.0,0.0,0.0,-1.4337592e+07,-1.3113856e+07,0.0012978147,0.005221154,-0.0031729867,-0.0055539445,-3.959186e+06,-1.4386152e+07,train
scenario_0902,1,19_0102,0.0,0.0,0.0,0.0,-2.871248e+06,-664809.0,-0.00032579864,-0.0001786031,-0.00094900746,0.00017479528,-5.508426e+06,-589090.0,train
scenario_0903,4,23_1001;23_1012;23_3013;23_7023,0.0,0.0,0.0,0.0,-5.26299e+06,-6.770494e+06,0.00013187248,0.0023468048,-0.001143646,-0.0014384212,-2.149126e+06,-1.0446176e+07,train
scenario_0904,1,48_1111,0.0,0.0,0.0,0.0,-886034.0,6.427141e+06,-0.0005265769,-0.0023849811,-0.0006280481,0.00063844584,-4.011682e+06,6.084331e+06,test
scenario_0905,5,41_AA01;41_AA02;41_AA03;41_AA59;41_AA60,0.0,0.0,0.0,0.0,1.4185022e+07,-2.4946798e+07,-0.00040722464,0.0025739954,0.005573085,-0.008207904,1.6798892e+07,-3.1608294e+07,train
scenario_0906,4,29_0661;29_0662;29_0701;29_0709,0.0,0.0,0.0,0.0,7.896154e+06,3.713399e+06,3.2322714e-06,-0.0011188196,0.00220965,0.0012839721,7.414416e+06,3.419105e+06,train
scenario_0907,1,55_B901,0.0,0.0,0.0,0.0,1.9432268e+07,1.231063e+07,0.0006845093,-0.0001269906,0.005242181,0.0049347943,2.3454772e+07,1.2865042e+07,train
scenario_0908,3,48_I310;48_I330;48_I350,0.0,0.0,0.0,0.0,-4.07098e+06,2.107094e+06,0.0009108896,0.00279633,-0.00043948134,-0.0003648852,5.697984e+06,2.817959e+06,train
scenario_0909,5,20_0201;20_0202;20_0204;20_0206;20_0210,0.0,0.0,0.0,0.0,1.4043353e+07,1.83204e+07,-0.00010449486,-0.00013837102,0.0044495603,0.0069096675,1.5073991e+07,2.1514984e+07,test
scenario_0910,1,29_5091,0.0,0.0,0.0,0.0,1.2633746e+07,4.71402e+06,0.0005735446,0.00088877964,0.003314367,0.0015877273,1.3245777e+07,5.383276e+06,train
scenario_0911,2,18_9020;6_0607,79978763.0622889,0.0,0.047740436155137234,83796984.09403095,2.9089348e+07,3.690406e+07,0.0020875002,0.004946885,0.010194201,0.014152477,3.6096508e+07,4.1825044e+07,train
scenario_0912,4,19_0702;48_0163;4_B903;5_0222,44775962.312210955,0.0,0.009832659676591318,45216229.11131881,1.5838198e+07,9.72819e+06,-8.8434084e-05,0.0012148251,0.003349295,0.004106857,1.4040951e+07,9.018258e+06,train
scenario_0913,3,27_4033;40_0606;49_D454,0.0,0.0,0.0,0.0,1.2086373e+07,1.7206628e+07,0.0010277705,0.0005020835,0.0034989305,0.0058288253,1.802275e+07,2.027264e+07,train
scenario_0914,2,18_0602;18_0904,0.0,0.0,0.0,0.0,1.0107568e+07,1.3248996e+07,0.00032951753,-0.00077818066,0.0022235678,0.004626412,7.600594e+06,1.3069016e+07,train
scenario_0915,4,48_1060;48_N310;48_N320;48_N340,0.0,0.0,0.0,0.0,9.465032e+06,3.6108264e+07,-0.00045932073,-0.004801609,0.0049440768,0.012339638,1.6723759e+07,3.6986096e+07,train
scenario_0916,1,6_7454,0.0,0.0,0.0,0.0,-4.32807e+06,-9.271126e+06,-0.00026121957,-0.0016781654,-0.0014329152,-0.0038622082,-7.000072e+06,-1.2284316e+07,train
scenario_0917,3,40_4163;40_4164;40_4165,0.0,0.0,0.0,0.0,1.1288151e+07,2.4160884e+07,0.00023330282,0.00044956733,0.0054056705,0.0053156847,1.9394668e+07,2.6616376e+07,test
scenario_0918,4,40_4160;40_A410;40_A420;40_A430,0.0,0.0,0.0,0.0,1.3646256e+07,1.716508e+07,-0.00015710888,-0.00029932242,0.0045267073,0.0025655278,1.9070816e+07,1.9682272e+07,train
scenario_0919,5,8_0502;8_0506;8_0508;8_0509;8_0560,0.0,0.0,0.0,0.0,3.559618e+06,5.439613e+06,-0.0005761308,0.0001607989,0.0007434441,0.0017399881,3.062886e+06,7.053324e+06,train
scenario_0920,1,49_D454,0.0,0.0,0.0,0.0,5.027804e+06,-1.706554e+06,0.00031074556,-0.00045919267,0.00045356248,-0.00062719407,1.436667e+06,-1.824252e+06,train
scenario_0921,1,22_0119,0.0,0.0,0.0,0.0,-3.036984e+06,928862.0,-0.00034318247,1.7354498e-05,-0.00096913707,0.0005583451,-5.731808e+06,982683.0,train
scenario_0922,5,20_A411;28_3081;42_0662;55_A903;6_0210,0.0,0.0,0.0,0.0,6.804692e+07,6.931231e+07,0.0064097364,0.0013605985,0.023744652,0.021988356,8.124142e+07,7.740115e+07,train
scenario_0923,5,21_1010;21_6043;21_A320;21_A330;21_A340,0.0,0.0,0.0,0.0,-1.1414798e+07,2.5042712e+07,0.00016162102,0.007885735,-0.003866443,0.006359757,-3.281934e+06,2.9880312e+07,val
scenario_0924,1,49_1001,0.0,0.0,0.0,0.0,-346986.0,9.879226e+06,-3.665127e-05,0.001777798,-0.00054105,0.003646295,-4.450258e+06,1.1296184e+07,test
scenario_0925,2,30_0117;30_0506,0.0,0.0,0.0,0.0,3.60975e+06,-5.100076e+06,0.00028686842,-0.00033563236,0.0007027602,-0.0007835496,3.085143e+06,-5.571324e+06,train
scenario_0926,1,8_0505,0.0,0.0,0.0,0.0,-1.232256e+06,-1.21738e+06,-0.0002310765,9.348651e-05,-0.0005835206,-3.8791448e-05,-3.70197e+06,-1.74097e+06,test
scenario_0927,3,31_3024;38_0219;48_1077,0.0,0.0,0.0,0.0,3.8554176e+07,5.3661536e+07,0.004629977,0.00833627,0.0128016565,0.019351956,4.935664e+07,6.6636576e+07,train
scenario_0928,3,35_0506;42_5020;55_B907,0.0,0.0,0.0,0.0,3.4488544e+07,2.9907124e+07,0.003134741,0.0004950017,0.012146326,0.011065672,4.17297e+07,3.3535028e+07,train
scenario_0929,2,51_A310;55_0903,18982637.366689097,0.0,0.006303893665847292,19102301.894146044,3.1221548e+07,2.9650792e+07,0.004250434,0.0032397879,0.009566996,0.010357592,3.3605456e+07,3.1523362e+07,train
scenario_0930,1,31_B410,0.0,0.0,0.0,0.0,1.4878348e+07,1.0076318e+07,0.0005217148,0.002796724,0.0041011567,0.0030839376,1.7684954e+07,1.0127078e+07,test
scenario_0931,3,8_A415;8_A445;8_A455,0.0,0.0,0.0,0.0,1.068614e+07,3.707005e+07,-0.00014052715,-0.0020635878,0.0032650065,0.011473257,1.2661622e+07,4.046359e+07,train
scenario_0932,1,17_B350,0.0,0.0,0.0,0.0,1.0210252e+07,1.0005144e+07,0.0002659295,0.0002881065,0.0017110866,0.0031846056,7.023932e+06,1.0644798e+07,train
scenario_0933,4,27_0508;27_0509;27_0703;27_0707,0.0,0.0,0.0,0.0,2.668571e+06,-5.530764e+06,-0.0001634073,-0.0016937215,0.0005858382,-0.0014453065,1.552679e+06,-4.966884e+06,train
scenario_0934,5,55_3012;55_C902;55_C903;55_C959;55_C960,0.0,0.0,0.0,0.0,-5.642504e+06,-4.23375e+06,-0.003441569,-0.0071711405,-0.004000868,-0.0010515652,-1.3027698e+07,-7.383404e+06,train
scenario_0935,3,8_A310;8_B320;8_B330,0.0,0.0,0.0,0.0,2.24363e+06,9.416955e+06,0.0003627264,-5.6883553e-05,0.0011960561,0.004458497,4.522801e+06,1.073173e+07,val
scenario_0936,1,17_0607,0.0,0.0,0.0,0.0,1.488157e+06,-1.3676e+06,-0.00010447425,0.0001948044,-4.913658e-06,0.00020636246,-1.418664e+06,-1.337914e+06,train
scenario_0937,4,4_0124;4_0604;4_0661;4_0664,0.0,0.0,0.0,0.0,1.130248e+07,6.917274e+06,-4.010147e-05,0.00071741716,0.0030540545,0.002534412,1.0354737e+07,6.785133e+06,train
scenario_0938,1,27_0507,0.0,0.0,0.0,0.0,-2.58559e+06,-7.264906e+06,-0.00033023953,-0.00033919478,-0.00087520387,-0.0022595767,-5.075098e+06,-8.125664e+06,train
scenario_0939,2,42_A430;49_1008,0.0,0.0,0.0,0.0,1.0991316e+07,8.394948e+06,0.001244902,0.00043088658,0.0025067653,0.0019317532,1.1816584e+07,7.178248e+06,test
scenario_0940,5,26_0608;28_0502;32_1020;34_0559;6_0505,0.0,0.0,0.0,0.0,1.4694547e+07,9.395802e+06,0.0006637598,0.00259483,0.0035058178,0.003205476,1.5253725e+07,1.0324902e+07,train
scenario_0941,5,32_1021;32_A320;32_A330;32_A350;32_A351,0.0,0.0,0.0,0.0,-7.079212e+06,-2.593673e+07,-0.00012858363,0.0010548254,0.00016366225,-0.00877323,-224418.0,-2.8149622e+07,test
scenario_0942,6,18_0671;19_0603;42_0601;48_4146;48_D320;56_6032,0.0,0.0,0.0,0.0,2.2614016e+07,4.029583e+06,0.00064628315,0.00557412,0.005287025,0.004166806,2.4350578e+07,7.968109e+06,train
scenario_0943,2,4_0114;4_0608,0.0,0.0,0.0,0.0,3.025985e+06,5.573719e+06,8.614198e-05,0.00039343414,0.0005336036,0.0021539358,1.722926e+06,6.193274e+06,train
scenario_0944,4,41_7081;49_D446;4_0261;6_3042,0.0,0.0,0.0,0.0,3.8533348e+07,4.2929396e+07,0.0045068148,0.008465523,0.012237657,0.017549062,4.7362764e+07,5.1560944e+07,train
scenario_0945,2,32_A352;5_A603,0.0,0.0,0.0,0.0,1.050582e+07,8.412221e+06,0.0014441814,0.0004432993,0.0019220083,0.0016868438,1.256793e+07,8.073621e+06,train
scenario_0946,2,39_0102;48_3569,0.0,0.0,0.0,0.0,1.7357168e+07,3.860532e+07,0.0020633112,0.006874743,0.004969715,0.014828738,2.1017288e+07,4.738749e+07,train
scenario_0947,5,24_0501;24_0509;24_0559;24_0902;24_0960,0.0,0.0,0.0,0.0,3.439958e+06,4.267931e+06,-0.0005753236,0.0002628842,0.0006296234,0.0011887532,1.923511e+06,3.884287e+06,train
scenario_0948,4,20_0206;20_0210;20_0211;20_A412,0.0,0.0,0.0,0.0,1.8370362e+07,7.173794e+06,0.00058114703,-0.0005088557,0.0042522405,0.0018461619,1.8604166e+07,7.382459e+06,train
scenario_0949,1,50_1682,0.0,0.0,0.0,0.0,6.840003e+06,4.062311e+06,0.0005462286,0.00048687647,0.001480046,0.0027218312,6.4841e+06,4.327939e+06,val
scenario_0950,3,39_0108;39_0160;39_0207,58652130.07018208,0.0,0.0227801414247025,59988233.88804086,9.596726e+06,1.0584738e+07,0.0003356384,0.0006533857,0.002572084,0.0036893394,9.059364e+06,1.1182753e+07,train
scenario_0951,3,32_0107;32_0204;32_0207,0.0,0.0,0.0,0.0,4.317906e+06,-369895.0,0.000256376,0.00054698694,0.0011248221,-6.584311e-05,4.529873e+06,-221990.0,train
scenario_0952,6,1_0607;35_AA61;37_A963;4_0261;4_BA03;6_0608,0.0,0.00014160937514884342,0.0,0.0,3.2953842e+07,2.404918e+06,0.0012340802,-0.0037220917,0.0107279215,-0.00027901214,4.2737716e+07,519632.0,train
scenario_0953,5,23_1009;23_1012;23_3013;23_3014;23_7023,0.0,0.0,0.0,0.0,-1.572594e+06,7.281177e+06,-0.00024973752,0.0012567006,-0.00020186463,0.005995569,-1.97847e+06,6.668585e+06,train
scenario_0954,2,29_0602;29_0660,0.0,0.0,0.0,0.0,5.778115e+06,2.370207e+06,0.0001713637,0.00042341056,0.0010309378,0.0013991643,4.169697e+06,3.138777e+06,train
scenario_0955,3,29_AA62;31_A352;37_3011,0.0,0.0,0.0,0.0,4.194656e+07,2.970586e+07,0.0041425205,0.001419166,0.014373094,0.0071811206,5.0574108e+07,3.5301012e+07,train
scenario_0956,4,48_3559;48_H310;48_H320;48_H350,0.0,0.0,0.0,0.0,-5.522232e+06,496762.0,0.00015798188,0.0026096292,-0.0016709198,-0.0018497105,2.879846e+06,-180426.0,train
scenario_0957,4,6_7455;6_B442;6_B443;6_B453,0.0,0.0,0.0,0.0,6.121133e+06,-7.076048e+06,0.00043935154,-0.0017600661,0.0011063907,-0.00033870572,6.170797e+06,-8.377036e+06,train
scenario_0958,2,29_0704;29_0706,0.0,0.0,0.0,0.0,305029.0,-790480.0,-5.3173746e-05,0.00036110857,-6.200839e-05,-0.0003983057,-460038.0,-1.231422e+06,train
scenario_0959,2,18_0601;26_C351,0.0,0.0,0.0,0.0,8.3754755e+06,-1.1386498e+07,0.00048501184,-0.0018033873,0.0019006857,-0.0024266345,9.651373e+06,-1.4023348e+07,train
scenario_0960,3,18_3003;24_0960;26_0218,0.0,0.0,0.0,0.0,1.41113e+07,2.3489368e+07,0.00030054,0.00068049796,0.0033772476,0.007859922,1.3212716e+07,2.7871182e+07,train
scenario_0961,5,27_0706;27_0708;27_0759;27_1028;27_C340,0.0,0.0,0.0,0.0,7.9474595e+06,-8.45198e+06,-0.0005257963,-0.004987386,0.0008711163,-0.002643433,7.157407e+06,-1.038793e+07,train
scenario_0962,5,26_1010;26_4015;26_7072;26_D310;26_D320,0.0,0.0,0.0,0.0,1.16183e+06,1.9173168e+07,-0.0037315683,-0.005414636,-0.00034296187,0.011807688,-3.361494e+06,2.6034872e+07,test
scenario_0963,2,22_0116;22_0121,0.0,0.0,0.0,0.0,-247050.0,-997864.0,-1.1706958e-05,-0.0003813894,-8.172542e-05,-0.00018778583,-1.00932e+06,-1.219262e+06,val
scenario_0964,3,40_0503;40_0605;40_0606,0.0,0.0,0.0,0.0,4.757133e+06,-4.830242e+06,0.00019393244,-0.000493072,0.0012153615,-0.0009562592,5.239126e+06,-4.119396e+06,test
scenario_0965,1,27_6064,0.0,0.0,0.0,0.0,9.29416e+06,2.369346e+06,-9.613042e-05,-0.00023805641,0.0011292207,0.00083126035,4.108221e+06,2.335868e+06,train
scenario_0966,5,4_0503;4_0504;4_0506;4_0559;4_0560,0.0,0.0,0.0,0.0,2.862881e+06,3.256636e+06,-0.0008108638,0.00078980945,0.00018001907,0.0014954412,2.267055e+06,5.429095e+06,train
scenario_0967,4,47_3075;47_9024;47_9025;47_A310,0.0,0.0,0.0,0.0,1.4500669e+07,5.0503784e+07,0.0007752334,0.0042883046,0.003818634,0.013419181,2.7415092e+07,5.813327e+07,test
scenario_0968,5,20_B330;34_0960;42_1618;48_1111;51_0159,0.0,0.0,0.0,0.0,8.685549e+06,8.71041e+06,-0.00060773443,-0.0023752414,0.0009237481,8.4743835e-05,9.527536e+06,8.288842e+06,test
scenario_0969,2,49_1004;49_A361,0.0,0.0,0.0,0.0,4.959066e+06,9.591588e+06,0.0004999398,0.0006509904,0.0006414405,0.002674999,-91490.0,1.090385e+07,train
scenario_0970,1,44_7401,0.0,0.0,0.0,0.0,6.222112e+06,-1.213544e+06,0.00062570284,0.0025963094,0.0011854013,0.00016215583,4.557775e+06,-1.144328e+06,test
scenario_0971,5,8_0214;8_0219;8_0224;8_9019;8_9020,0.0,0.0,0.0,0.0,2.6722016e+07,4.689908e+07,0.0020175022,-0.0008600248,0.008378289,0.014808219,3.1438264e+07,5.3940776e+07,val
scenario_0972,4,47_3075;47_6022;47_9025;47_B310,0.0,0.0,0.0,0.0,3.265091e+06,3.6142296e+07,0.0008130525,0.0056051114,0.0002611624,0.008137127,1.2848976e+07,4.120092e+07,train
scenario_0973,6,39_0903;48_0119;4_0268;4_B964;6_2051;8_0215,58.627151665789974,0.0,0.0,58.627151665789974,2.689394e+07,1.4917052e+07,0.0006567142,-0.0032064766,0.007876232,0.004649919,2.9824872e+07,1.3233142e+07,train
scenario_0974,1,55_6353,0.0,0.0,0.0,0.0,1.3449831e+07,1.694386e+07,0.00032611797,0.0009918608,0.002738142,0.005956527,1.1968478e+07,1.9212414e+07,train
scenario_0975,2,13_0560;17_B310,36030641.55164124,0.0009365006326461645,0.01504280560151007,36606386.20680804,2.5091832e+07,3.641143e+07,0.0014482251,0.00037426606,0.008080237,0.012414617,2.9287048e+07,3.92096e+07,train
scenario_0976,5,56_3027;56_7775;56_B320;56_B330;56_B350,0.0,0.0,0.0,0.0,-5.639074e+06,1.7491712e+07,-0.00074530893,-0.0014015118,-0.0015621101,0.0066358754,-1.016402e+07,2.2163284e+07,test
scenario_0977,2,48_1068;48_3579,0.0,0.0,0.0,0.0,1.875899e+07,1.8191176e+07,0.0013463882,-0.003661872,0.0061788466,0.003882194,2.3302554e+07,1.928374e+07,train
scenario_0978,3,51_0114;51_0119;51_0159,0.0,0.0,0.0,0.0,5.113364e+06,6.392477e+06,0.00032034586,-0.000311989,0.0014319201,0.0023283062,5.425169e+06,7.485643e+06,train
scenario_0979,5,19_0213;19_0215;19_0221;19_0222;19_0259,0.0,0.0,0.0,0.0,1.8365038e+07,2.438833e+07,-0.00022739707,0.0017238287,0.0060805622,0.0082021495,1.8842926e+07,2.5684422e+07,train
scenario_0980,2,6_2051;6_7452,0.0,0.0,0.0,0.0,-989462.0,-1.3941678e+07,0.0011440584,0.0020863302,-0.00060491683,-0.005155578,-1.331596e+06,-1.6307334e+07,train
scenario_0981,4,48_1069;48_A505;48_B340;48_B350,0.0,0.0,0.0,0.0,1.848854e+07,3.241382e+07,0.00011444837,-0.002114981,0.005008407,0.0073864087,2.5259376e+07,3.524259e+07,val
scenario_0982,3,46_0607;6_0663;6_B420,0.0,0.0,0.0,0.0,1.1437376e+07,-1.242282e+07,0.0001345938,0.0014183582,0.0018130424,-0.0028413148,9.297158e+06,-1.3619274e+07,train
scenario_0983,1,20_A412,0.0,0.0,0.0,0.0,8.1385095e+06,5.156229e+06,0.00025906577,-0.00014285091,0.0017439215,0.0012713815,6.529669e+06,5.069571e+06,test
scenario_0984,1,13_3015,0.0,0.0,0.0,0.0,1.3842977e+07,-867231.0,0.0014405418,0.0005235861,0.0037536628,-0.00049509946,1.2870086e+07,-3.623306e+06,train
scenario_0985,2,48_0801;48_1178,0.0,0.0,0.0,0.0,566203.0,556343.0,-0.00045482325,-0.001872212,-0.0005021198,-0.0021752645,-1.264622e+06,-1.80198e+06,test
scenario_0986,5,18_3003;49_C331;53_C320;6_0507;9_5001,0.0,0.0,0.0,0.0,1.3213792e+07,1.8009222e+07,3.5576406e-05,0.0050599785,0.0026656492,0.0077962084,1.4443803e+07,2.2855452e+07,test
scenario_0987,2,1_4127;28_3018,0.0,0.0,0.0,0.0,1.6972962e+07,3.823971e+07,0.0038815239,0.006241011,0.005149023,0.012623417,2.1497646e+07,4.387735e+07,train
scenario_0988,3,24_0563;31_0904;39_A412,0.0,0.0,0.0,0.0,1.661683e+07,1.51083e+07,0.000995625,0.00019577262,0.003932597,0.0051963646,1.697464e+07,1.5953695e+07,train
scenario_0989,4,49_C445;49_C449;49_C452;49_C456,0.0,0.0,0.0,0.0,2.172706e+06,-7.594258e+06,0.00020661973,0.0005700831,0.00087733753,-0.0033895639,3.187217e+06,-9.353182e+06,train
scenario_0990,2,47_0604;53_AA01,0.0,0.0,0.0,0.0,1.906327e+07,1.1030897e+07,0.0012329109,0.00046034966,0.005389322,0.004193081,2.025674e+07,9.674397e+06,train
scenario_0991,2,32_AA59;32_AA62,0.0,0.0,0.0,0.0,1.4275713e+07,-2.781507e+07,0.0005451821,-1.1029653e-05,0.0023553378,-0.00906587,1.1148666e+07,-3.1299694e+07,train
scenario_0992,1,34_1011,0.0,0.0,0.0,0.0,3.368085e+06,1.094175e+06,-0.00022881909,-0.001487712,0.00030335365,0.00023933733,1.748924e+06,1.934896e+06,train
scenario_0993,1,47_3110,0.0,0.0,0.0,0.0,4.190665e+06,9.86961e+06,0.000768495,-0.0026805964,0.00074376585,0.0023166363,1.816415e+06,1.065491e+07,train
scenario_0994,1,26_C351,0.0,0.0,0.0,0.0,2.999275e+06,-1.6426534e+07,6.535486e-05,-0.0013978676,0.00048010005,-0.0040236902,2.494439e+06,-1.9273454e+07,val
scenario_0995,1,48_M320,0.0,0.0,0.0,0.0,-5.076544e+06,704501.0,-0.0002929523,-5.1518902e-05,-0.0014395867,0.0005411003,-6.784654e+06,662284.0,train
scenario_0996,1,48_0119,0.0,0.0,0.0,0.0,-351999.0,2.569848e+06,-0.0001770577,0.00040058966,-0.00038520992,0.0011689472,-2.809894e+06,2.301073e+06,train
scenario_0997,3,51_1464;51_5009;51_A330,132287405.73877825,0.0,0.04398342497483355,138105858.92420518,5.1770056e+07,4.3961252e+07,0.008774541,0.0023529031,0.01761198,0.01370945,5.6391264e+07,4.817229e+07,test
scenario_0998,3,20_3013;20_3060;20_4063,0.0,0.0,0.0,0.0,3.67198e+07,3.815041e+07,0.0025365278,0.0018765465,0.012570991,0.010050409,4.890817e+07,4.381746e+07,test
scenario_0999,5,37_0207;37_0210;37_0211;37_0259;37_0859,94278.3237935084,0.0,0.0,94278.3237935084,9.604868e+06,1.3906714e+07,-3.3759163e-05,-0.0009516821,0.0032814925,0.004065971,1.0441702e+07,1.4373608e+07,test
scenario_1000,6,10_1201;19_6049;4_0223;4_0266;55_0223;5_4021,29561143.726750087,0.0,0.006936820677247989,29766204.079796907,8.960371e+07,9.49954e+07,0.010372511,0.009746763,0.033330515,0.03155468,1.0359157e+08,1.0721503e+08,train
scenario_1001,2,12_4137;51_2564,132287405.73877825,0.0,0.04398342497483355,138105858.92420518,2.3444128e+07,2.4378296e+07,0.0025047841,0.0040503466,0.007830886,0.010004081,2.7115164e+07,2.8640822e+07,test
scenario_1002,2,42_C410;4_0221,0.0,0.0,0.0,0.0,2.6804996e+07,1.4655948e+07,0.00187398,0.002360789,0.008152731,0.0065243132,2.7775764e+07,1.4807552e+07,val
scenario_1003,3,5_0114;5_0116;5_0213,49656173.712589115,0.0,0.010819478568936348,50193427.61988786,1.2963676e+07,1.6597471e+07,0.00039118394,-0.001347334,0.0034158407,0.006031892,1.2042436e+07,1.7985842e+07,train
scenario_1004,2,27_1087;55_3012,0.0,0.0,0.0,0.0,9.83713e+06,-1.967944e+06,5.5604498e-05,-0.004764819,0.0018022116,-0.002392305,9.679486e+06,-4.637778e+06,test
scenario_1005,2,17_6050;17_A310,0.0,0.0,0.0,0.0,2.1233534e+07,2.21342e+07,0.0012461685,0.0003181058,0.0071738814,0.0054101637,2.8034108e+07,2.3522024e+07,test
scenario_1006,4,20_3013;20_4063;29_4036;29_5483,0.0,0.0,0.0,0.0,5.3154144e+07,5.207849e+07,0.004578673,0.0050662174,0.018455485,0.014744131,6.945458e+07,6.2069664e+07,train
scenario_1007,2,32_A460;32_A462,0.0,0.0,0.0,0.0,6.091462e+06,-1.1031966e+07,0.00046865147,-0.0019220448,0.0011174893,-0.002458477,1.425372e+06,-1.3351604e+07,train
scenario_1008,1,48_0802,0.0,0.0,0.0,0.0,-2.954528e+06,1.110437e+06,-0.00031949673,0.00030260195,-0.0009283335,0.00079988455,-5.445814e+06,1.590932e+06,val
scenario_1009,2,29_0501;29_0508,0.0,0.0,0.0,0.0,-335208.0,-1.99218e+06,-6.0050515e-05,-0.0006338436,-0.000109260436,-0.00073030405,-1.462444e+06,-2.585552e+06,train
scenario_1010,2,22_0119;22_0708,0.0,0.0,0.0,0.0,4.013414e+06,8.233782e+06,0.00013223896,0.00034401193,0.00083397655,0.0029873627,2.653017e+06,8.719619e+06,train
scenario_1011,2,42_1623;42_1690,0.0,0.0,0.0,0.0,7.899422e+06,8.696412e+06,0.0018113361,0.0045236885,0.002747374,0.003267748,1.4348072e+07,1.1725004e+07,train
scenario_1012,2,48_E340;6_0664,0.0,0.0,0.0,0.0,6.359864e+06,2.563756e+06,0.00021377916,0.00048517424,0.0007931446,0.0012225085,6.067956e+06,3.286486e+06,val
scenario_1013,2,48_D310;49_C446,0.0,0.0,0.0,0.0,7.330938e+06,5.976614e+06,0.00027513958,0.00039286335,0.0010933988,0.0013016327,3.659504e+06,6.13731e+06,train
scenario_1014,2,37_0859;42_1614,0.0,0.0,0.0,0.0,1.583541e+06,-76237.0,-0.00010027096,0.0026678946,0.00048417924,0.0005343724,1.828554e+06,2.002666e+06,val
scenario_1015,3,48_5323;48_5335;48_6079,51773602.542384595,0.0,0.016162857978513877,52610411.92731318,1.002939e+07,3.2098588e+07,-0.00041896326,0.0043690572,0.0035014872,0.012802423,1.7552234e+07,3.626122e+07,train
scenario_1016,3,49_E444;49_E450;49_E461,0.0,0.0,0.0,0.0,2040.0,3.078406e+06,0.00053677283,0.0024333876,-0.00013614353,0.0017189276,-2.530334e+06,7.16515e+06,train
scenario_1017,2,26_0221;26_0605,0.0,0.0,0.0,0.0,3.387116e+06,-1.12327e+06,4.8234593e-05,0.0001517454,0.00070156995,-0.00023180805,2.114212e+06,-1.860194e+06,train
scenario_1018,2,48_3865;8_B310,0.0,0.0,0.0,0.0,231364.0,1.011068e+07,-8.539541e-05,-0.00016496144,8.628378e-05,0.002550159,1.282976e+06,1.0838713e+07,train
scenario_1019,4,29_0501;29_0509;29_0606;29_0708,0.0,0.0,0.0,0.0,5.561725e+06,159226.0,-5.235779e-06,-0.00097036606,0.0015243203,3.9216597e-05,5.014526e+06,-50922.0,val
scenario_1020,5,48_0902;55_0260;6_0604;6_3010;8_0224,0.0,0.0,0.0,0.0,1.6272392e+07,2.8149492e+07,0.0006651546,0.001713171,0.004734484,0.011083489,2.123623e+07,3.317764e+07,train
scenario_1021,3,48_0118;48_0160;48_0903,0.0,0.0,0.0,0.0,1.0480301e+07,1.656402e+07,0.00040043303,0.00073589955,0.0028055147,0.005796699,1.006059e+07,1.813718e+07,train
scenario_1022,4,21_3016;32_A457;41_5005;55_A902,34421350.77101811,0.0,0.02022140093075449,35117398.705537,6.3185656e+07,5.626045e+07,0.009391506,0.009303358,0.02467337,0.023085352,7.402557e+07,5.9539096e+07,train
scenario_1023,3,6_8534;6_A411;6_A412,0.0,0.0,0.0,0.0,-9.416682e+06,-2.14809e+06,-0.0008666784,-0.0018270413,-0.0023577,-0.00076633645,-1.1549006e+07,-2.963288e+06,train
scenario_1024,3,19_0659;45_7019;51_A321,18891250.812175207,0.00695978130499475,0.006304159512101232,19141823.244908813,3.644761e+07,3.1039352e+07,0.0062682964,0.00519005,0.011592327,0.008092163,4.0501264e+07,3.3153962e+07,val
scenario_1025,4,12_0109;37_5826;48_AA03;51_0122,19768564.66028424,0.0,0.004793059854922719,19863316.57394689,2.201283e+07,2.2524148e+07,0.0018890109,0.0034319898,0.006042507,0.007265689,2.7591364e+07,2.7369136e+07,train
scenario_1026,2,4_0124;4_0669,0.0,0.0,0.0,0.0,1.836203e+06,2.943196e+06,1.6510021e-05,0.00010396645,0.0003376645,0.0012208018,758507.0,3.271489e+06,test
scenario_1027,5,19_0105;19_0108;19_0215;19_0224;19_0608,0.0,0.0,0.0,0.0,7.105232e+06,1.358556e+07,-0.00041573762,0.000509974,0.0022038359,0.0045127147,8.204436e+06,1.5437205e+07,test
scenario_1028,3,49_E449;55_B901;6_0561,0.0,0.0,0.0,0.0,1.8156914e+07,1.9492048e+07,0.000751608,0.0006713603,0.0048125694,0.0073088766,2.172328e+07,2.2207572e+07,train
scenario_1029,4,33_1001;34_6057;4_0216;4_A458,0.0,0.0,0.0,0.0,4.379678e+07,2.4711536e+07,0.006974836,0.0054247165,0.0131543055,0.008840062,4.7818256e+07,2.608931e+07,train
scenario_1030,5,32_A453;32_A454;32_A455;32_A456;32_A458,0.0,0.0,0.0,0.0,-5.234806e+06,-2.7517062e+07,-0.00072171434,-0.004977607,-0.00057326676,-0.006521975,-4.72932e+06,-3.1777726e+07,train
scenario_1031,4,26_0214;26_0219;26_0223;26_5363,0.0,0.0,0.0,0.0,1.7916228e+07,2.3831818e+07,0.00039154536,-0.0016694941,0.004627776,0.008704409,1.8089432e+07,2.7806492e+07,train
scenario_1032,6,26_1012;37_0204;40_5021;41_6011;49_A351;4_A450,0.0,0.0,0.0,0.0,2.5173364e+07,3.0787564e+07,0.00052127807,-0.0017403992,0.0068922797,0.008915091,2.5026264e+07,3.3129774e+07,train
scenario_1033,3,20_0110;20_0203;20_0209,0.0,0.0,0.0,0.0,9.721943e+06,8.0034035e+06,0.00034969894,0.0010669504,0.002585161,0.0031009915,9.217313e+06,7.704753e+06,train
scenario_1034,2,35_0502;35_0504,0.0,0.0,0.0,0.0,4.627948e+06,6.962768e+06,0.00016782014,0.00072493363,0.00089152623,0.0027137662,3.456201e+06,7.069751e+06,test
scenario_1035,4,30_0122;30_0123;30_0124;30_0509,0.0,0.0,0.0,0.0,28435.0,-2.1025318e+07,-0.00050068786,-0.0021245405,-0.000441283,-0.0067300727,-1.945776e+06,-2.2482814e+07,val
scenario_1036,5,6_A320;6_A350;6_A351;6_A352;6_A353,0.0,0.0,0.0,0.0,2.807452e+06,2.0381264e+07,-0.00046379643,-0.0013235299,0.00222041,0.007922717,1.179433e+07,2.5422998e+07,train
scenario_1037,1,18_0663,0.0,0.0,0.0,0.0,-472480.0,-1.414674e+06,-0.00020379538,-0.00019142008,-0.00041676033,-8.467352e-05,-2.962072e+06,-1.899748e+06,train
scenario_1038,3,10_0108;10_0110;10_0111,0.0,0.0,0.0,0.0,2.429924e+06,-6.3826e+06,0.00013069622,-0.0011653133,0.00078161666,-0.0021269508,2.368344e+06,-7.703604e+06,train
scenario_1039,6,19_0222;19_B430;20_0209;26_0116;28_0903;5_0116,0.0,0.0,0.0,0.0,2.6571328e+07,4.2661124e+07,0.0009781672,0.0017047166,0.007701843,0.013714524,2.5524898e+07,4.783051e+07,train
scenario_1040,1,48_5310,2688258.897799123,0.0,0.0,2688258.897799123,5.872588e+06,6.817074e+06,4.328182e-05,-0.0025787214,0.0012678341,0.0011960766,4.777542e+06,5.825571e+06,train
scenario_1041,5,23_0501;23_0502;23_0504;23_0505;23_0559,0.0,0.0,0.0,0.0,1.296173e+06,5.152514e+06,-0.0004300531,-2.6738737e-05,0.00024297833,0.0014969141,217868.0,7.144551e+06,test
scenario_1042,3,47_0604;48_H350;55_A902,0.0,0.0,0.0,0.0,3.540797e+07,1.5513879e+07,0.0028535642,0.0008911091,0.011449171,0.0049348124,4.1643576e+07,1.4718912e+07,test
scenario_1043,1,4_A390,0.0,0.0,0.0,0.0,-3.056648e+06,-1.1969904e+07,-0.00028744596,-0.002089892,-0.0011043279,-0.004243213,-4.923416e+06,-1.3958374e+07,train
scenario_1044,2,49_D441;49_D451,0.0,0.0,0.0,0.0,8.862172e+06,1.1442338e+07,0.00065591093,-0.00023567048,0.0018603234,0.0026635765,7.120447e+06,1.1946692e+07,val
scenario_1045,4,30_0505;4_0213;6_B442;8_7776,0.0,0.0,0.0,0.0,2.7474354e+07,2.3944988e+07,0.001913714,0.0002321318,0.008095752,0.010813534,3.3984372e+07,2.6558836e+07,train
scenario_1046,2,55_3012;55_C960,0.0,0.0,0.0,0.0,5.745453e+06,-1.2396716e+07,-0.00036233547,-0.0041482933,0.0011439188,-0.0047383574,4.589715e+06,-1.6024834e+07,train
scenario_1047,1,18_4042,0.0,0.0,0.0,0.0,7.592569e+06,1.4618462e+07,0.0001569764,1.2407545e-05,0.0019957065,0.0041198735,7.197159e+06,1.6539073e+07,train
scenario_1048,3,20_0109;20_0204;20_0211,0.0,0.0,0.0,0.0,9.139819e+06,1.356689e+06,0.00033003686,-0.0012191666,0.0024997042,0.00063099246,8.964422e+06,1.200842e+06,val
scenario_1049,2,4_A448;4_A449,0.0,0.0,0.0,0.0,-2.814868e+06,1.314581e+06,1.3120938e-05,-0.0018823406,-0.001061453,-0.0007246081,-3.998528e+06,573050.0,train
scenario_1050,4,17_0602;17_0603;17_0660;17_0661,227303783.8390569,0.0,0.05296566486207597,239343079.87575817,1.4034507e+07,1.4395047e+07,0.0003363022,0.0013519372,0.0035847344,0.005474208,1.4626644e+07,1.7521306e+07,test
scenario_1051,2,1_0105;6_3019,0.0,0.0,0.0,0.0,1.0107528e+07,-9.619308e+06,0.00032563857,0.0017069831,0.0010127067,-0.001982782,5.783306e+06,-1.133832e+07,train
scenario_1052,5,18_0672;26_0215;27_6064;37_5826;54_7008,19768564.66028424,0.0,0.004793059854922719,19863316.57394689,3.581544e+07,4.7201016e+07,0.0045984886,0.0087660095,0.0119256545,0.017048312,4.3100024e+07,5.453831e+07,test
scenario_1053,4,37_0202;37_0204;37_0206;37_0207,0.0,0.0,0.0,0.0,1.090159e+07,2.1172158e+07,0.0003854318,-0.0005868048,0.0033295322,0.0067729335,1.1255362e+07,2.2746452e+07,train
scenario_1054,2,37_0901;42_A430,0.0,0.0,0.0,0.0,9.96684e+06,2.2091888e+07,0.0017491276,0.003458294,0.003379825,0.009984583,1.5780921e+07,2.6149282e+07,train
scenario_1055,2,40_B330;4_B310,0.0,0.0,0.0,0.0,6.943156e+06,-6.00941e+06,-5.50549e-05,-0.0014979349,0.0011746623,-0.0030225753,6.385505e+06,-8.108864e+06,train
scenario_1056,3,55_3014;55_A902;55_B907,0.0,0.0,0.0,0.0,3.7027624e+07,3.837413e+07,0.0019966823,0.00076193566,0.013977651,0.012159457,4.8867056e+07,4.236985e+07,train
scenario_1057,1,21_B340,0.0,0.0,0.0,0.0,7.33157e+06,1.7934258e+07,0.00056248327,0.0011892504,0.0013009179,0.006165875,4.728779e+06,2.0085494e+07,train
scenario_1058,2,8_7035;8_7036,0.0,0.0,0.0,0.0,1.6379644e+07,1.8123694e+07,0.00063820014,9.424507e-05,0.0033533326,0.0047584763,1.3174853e+07,1.8724488e+07,train
scenario_1059,4,13_3017;17_5453;49_C440;5_4019,0.0,0.09807523098719573,0.0,0.0,8.664272e+07,7.554049e+07,0.015247468,0.017588995,0.029996345,0.026309127,9.841099e+07,9.0054664e+07,train
scenario_1060,5,12_0504;12_0506;12_0563;12_0564;12_4106,0.0,0.0,0.0,0.0,3.443778e+06,1.5376961e+07,-0.0005666006,-0.0006498451,0.00032331748,0.006159252,3.013778e+06,1.7187846e+07,train
scenario_1061,6,18_6012;26_0604;27_A320;31_7050;35_0501;5_B430,376863.6938751786,0.0,0.0,376863.6938751786,2.6138744e+07,5.466605e+07,-0.0005478882,0.0046434077,0.0066734916,0.017639622,3.4130864e+07,6.730888e+07,train
scenario_1062,2,49_0803;49_0804,0.0,0.0,0.0,0.0,-842368.0,-479229.0,-9.3416544e-05,0.000932529,-0.00036181696,-0.00015360629,-1.409652e+06,433574.0,train
scenario_1063,1,49_C441,0.0,0.0,0.0,0.0,3.979337e+06,-5.31293e+06,0.00018610375,-5.3917058e-05,5.8524776e-05,-0.0016093566,-714676.0,-6.183846e+06,test
scenario_1064,3,21_6043;21_A310;21_A340,0.0,0.0,0.0,0.0,-4.523414e+06,1.3805961e+07,0.0008462189,0.004918178,-0.00041683763,0.003590194,6.247501e+06,1.6364763e+07,val
scenario_1065,3,48_N310;48_N330;48_N340,0.0,0.0,0.0,0.0,767358.0,2.3484734e+07,-0.0010259539,-0.0051984745,0.00069109397,0.009209765,2.881273e+06,2.3663808e+07,test
scenario_1066,2,17_0604;17_0662,56320271.5300363,0.0,0.013189615974628761,57063114.28310429,8.2169845e+06,-4.973356e+06,0.00016639777,0.00035684637,0.0015846598,-0.0009349254,5.576315e+06,-5.343748e+06,test
scenario_1067,2,51_1464;51_2564,132287405.73877825,0.0,0.04398342497483355,138105858.92420518,4.192447e+07,4.632656e+07,0.0051906104,0.007328678,0.0151727125,0.017171077,4.907339e+07,5.41814e+07,test
scenario_1068,5,37_0205;37_0212;37_0801;37_0859;37_0901,0.0,0.0,0.0,0.0,8.416426e+06,3.636721e+07,0.0005270842,0.0037733242,0.0031687138,0.012899476,1.0870244e+07,4.207411e+07,val
scenario_1069,3,49_7082;49_C454;49_C455,0.0,0.0,0.0,0.0,9.077089e+06,5.72923e+06,0.0004926894,0.0023470346,0.0019170304,0.0015617986,5.563921e+06,6.561122e+06,train
scenario_1070,4,10_5004;29_0506;42_C410;45_5017,0.0,0.0,0.0,0.0,4.5148336e+07,4.905331e+07,0.008132957,0.006914208,0.015455799,0.018420199,5.023148e+07,5.841109e+07,train
scenario_1071,2,47_9024;4_B901,0.0,0.0,0.0,0.0,9.87594e+06,7.9229935e+06,0.00066054903,2.9272982e-05,0.0020418765,0.0013906914,1.1820662e+07,8.412227e+06,train
scenario_1072,6,18_0608;31_0115;40_3018;42_3044;46_0602;6_0208,0.0,0.0,0.0,0.0,4.869625e+07,4.196198e+07,0.0065130414,0.0029694457,0.017534075,0.013943534,5.819584e+07,4.7105736e+07,train
scenario_1073,3,27_1004;42_A340;56_7775,0.0,0.0,0.0,0.0,9.187398e+06,6.363175e+06,0.0006496429,0.0011827431,0.0023967382,0.002727868,1.2236552e+07,6.637024e+06,test
scenario_1074,3,13_0564;41_7018;8_6013,87284244.7165611,0.0009365018868864317,0.046858246539713745,91455973.23439495,4.463683e+07,3.0270128e+07,0.0061870553,0.0041693617,0.01658606,0.011395263,5.049662e+07,2.9692936e+07,test
scenario_1075,2,18_2009;26_0214,0.0,0.0,0.0,0.0,1.3653254e+07,2.2810864e+07,0.000542613,-0.00047544076,0.0034688024,0.0066938945,1.3471472e+07,2.4112184e+07,val
scenario_1076,6,17_5453;18_A902;32_A456;35_AA01;4_1003;4_A441,14962050.397049155,0.0,0.009498647911473708,15104169.645804452,8.570483e+07,1.5669034e+08,0.014593154,0.024139328,0.031609874,0.06342851,1.043087e+08,1.9420234e+08,val
scenario_1077,5,4_1021;4_AA01;4_AA61;4_B310;4_B320,0.0,0.0,0.0,0.0,2.463573e+06,1.1794445e+07,-0.0021623704,0.0084024165,-0.002043832,0.00613892,-9.01343e+06,1.3133244e+07,train
scenario_1078,3,19_0606;49_C440;6_2004,0.0,0.0,0.0,0.0,1.5055116e+07,-2.709038e+06,0.0003548361,-0.0010388753,0.0022220616,-0.0022731768,1.1010078e+07,-6.545664e+06,train
scenario_1079,4,32_3013;32_7000;32_B320;32_B330,0.0,0.0,0.0,0.0,2.793714e+06,-8.216304e+06,-0.00040586386,-0.0030627786,0.0006257342,-0.0021233363,-1.89663e+06,-1.1479384e+07,train
scenario_1080,3,29_0661;29_0662;47_0661,0.0,0.0,0.0,0.0,1.2706522e+07,1.00053e+07,0.00026492844,-0.0013232288,0.003451991,0.0035679054,1.2051647e+07,9.747142e+06,test
scenario_1081,6,13_5023;19_0216;42_C410;48_B310;4_6060;4_AA59,259893.07839857606,0.0,0.0,259893.07839857606,4.4691092e+07,1.1004288e+07,0.0058016647,0.0006349603,0.013927946,0.0031836354,5.0380548e+07,1.166026e+07,train
scenario_1082,5,26_0119;26_0123;26_0217;26_0604;26_0605,0.0,0.0,0.0,0.0,3.378676e+06,2.060796e+06,-0.0004134766,-0.002505571,0.0010314095,6.680796e-05,2.470781e+06,2.10012e+06,train
scenario_1083,4,26_0903;26_A320;26_A330;26_B350,0.0,0.0,0.0,0.0,1.2459238e+07,-6.675248e+06,-0.0008063548,-0.0039489074,0.0040071113,0.0003986857,1.5167756e+07,-1.0601882e+07,train
scenario_1084,2,48_L350;4_B960,0.0,0.0,0.0,0.0,1.559995e+06,-308101.0,-3.829284e-05,-0.00026868389,-0.00070335716,-0.0006013466,-2.845588e+06,-1.304642e+06,test
scenario_1085,5,10_0108;42_1605;49_7086;49_E445;8_7035,0.0,0.0,0.0,0.0,1.1169874e+07,2.3140526e+07,0.000607321,0.0049335444,0.0012435117,0.0061260923,1.1443755e+07,2.5932496e+07,test
scenario_1086,4,49_3011;4_AA61;6_0208;8_A415,0.0,0.0,0.0,0.0,3.874466e+07,4.7504016e+07,0.0032579754,0.0016971315,0.012130338,0.015111167,4.7095948e+07,5.2047424e+07,train
scenario_1087,3,28_0560;45_5035;46_A422,0.0,0.0,0.0,0.0,1.6699754e+07,1.2916018e+07,0.0008662559,0.0034437804,0.004172351,0.0038161892,2.0685162e+07,1.5007359e+07,train
scenario_1088,5,29_0901;29_0903;29_0959;29_0962;29_5473,0.0,0.0,0.0,0.0,8.731504e+06,3.106128e+07,0.00030117726,0.0035039163,0.0013003154,0.009681419,8.108647e+06,4.0146116e+07,test
scenario_1089,4,55_0216;55_0259;55_0263;55_0266,0.0,0.0,0.0,0.0,6.513339e+06,8.48864e+06,0.00030105317,1.3338868e-05,0.0021614763,0.0024707098,7.523264e+06,9.07029e+06,train
scenario_1090,2,19_9116;27_1085,0.0,0.0,0.0,0.0,2.1303504e+07,3.4228956e+07,0.00015860167,0.0026597115,0.0061450205,0.010082133,2.4174608e+07,3.853959e+07,train
scenario_1091,2,24_0559;36_A340,0.0,0.0,0.0,0.0,7.5176715e+06,-5.557762e+06,0.00074715365,-0.00013705553,0.0023971256,-0.0003863983,1.0175043e+07,-6.89938e+06,train
scenario_1092,5,29_0608;29_0660;29_0662;29_0663;29_0664,0.0,0.0,0.0,0.0,8.846052e+06,1.6986536e+07,-0.0006413,0.00016263057,0.002807566,0.0059141833,9.365744e+06,1.7736374e+07,train
scenario_1093,6,13_0508;19_0102;48_9167;4_B959;6_3021;8_0219,166716202.7701852,0.0009365016434162987,0.06284003805728697,177348785.29490843,3.0277376e+07,4.841427e+07,0.0017636584,0.0038611018,0.009168403,0.017927913,3.8325176e+07,5.717859e+07,train
scenario_1094,1,18_0671,0.0,0.0,0.0,0.0,485269.0,-4.288036e+06,-0.00010040973,-0.0005246933,-0.00019460917,-0.0007634233,-1.944266e+06,-5.123406e+06,train
scenario_1095,5,22_0702;22_0706;22_0708;22_0709;22_4001,0.0,0.0,0.0,0.0,1.9653252e+07,1.99179e+07,0.0009340951,0.0012770391,0.005883951,0.0054970435,2.046607e+07,2.0618312e+07,train
scenario_1096,2,29_0660;29_0662,0.0,0.0,0.0,0.0,5.112187e+06,3.206879e+06,0.00014962372,-0.000388755,0.0011133603,0.0014232816,3.933331e+06,2.885705e+06,test
scenario_1097,2,17_0602;4_A452,57108233.19967881,0.0,0.01325867358956159,57865412.62294992,2.434964e+06,1.91866e+06,0.00010480604,-0.0009656468,-9.98904e-05,0.00019931328,2.846041e+06,1.998908e+06,train
scenario_1098,2,51_1023;51_A321,37485878.80108179,0.0,0.012462900408860056,37953061.57531828,3.822541e+07,3.268431e+07,0.007569994,0.006200705,0.0121892765,0.010297151,4.33694e+07,3.541585e+07,train
scenario_1099,1,4_B320,0.0,0.0,0.0,0.0,4.651653e+06,-5.815334e+06,-0.00019312475,-0.0018454507,0.0003807298,-0.0017851754,1.130557e+06,-7.10779e+06,test
scenario_1100,5,32_AA01;32_AA59;32_AA60;32_AA61;32_AA62,0.0,0.0,0.0,0.0,1.7608516e+07,-4.457175e+07,0.0013878108,0.0025917753,0.0029067802,-0.014702627,1.7276856e+07,-4.910249e+07,train
scenario_1101,4,13_0502;13_0562;13_0566;13_3016,109370022.71482709,0.06497043503518918,0.04512923467458992,121411626.09188059,6.267623e+07,7.476607e+07,0.007851506,-0.004875909,0.025909422,0.024923878,7.161828e+07,7.883501e+07,test
scenario_1102,1,12_0105,0.0,0.0,0.0,0.0,576920.0,-219530.0,-0.00018523738,-0.00021753751,-0.00020107068,0.00032895943,-2.059168e+06,-901930.0,train
scenario_1103,5,13_0561;37_3008;37_3816;4_BA01;6_7456,55831195.800595894,0.0009365008761164084,0.019835867411836714,56990941.96172269,7.552792e+07,6.846684e+07,0.013200999,0.010648594,0.02637719,0.023403516,8.724932e+07,7.770635e+07,train
scenario_1104,5,10_0106;19_0703;48_6079;48_9167;4_BA02,181414642.1766372,0.0,0.06396008231640342,193017937.6236558,1.951022e+07,4.022725e+07,0.0010853988,0.002413029,0.0054280893,0.014875932,2.7173106e+07,4.832024e+07,val
scenario_1105,4,48_1046;48_5323;48_5335;48_5336,51773602.542384595,0.0,0.016162857978513877,52610411.92731318,1.5937251e+07,4.477034e+07,-0.00067508046,0.003916903,0.0053328197,0.01548323,2.2647692e+07,4.9194348e+07,test
scenario_1106,6,13_0503;31_0124;34_1031;48_0163;49_D450;5_0214,81841602.49420764,0.0009365018868864317,0.024875475351391636,83954096.07493232,5.441992e+07,6.3067376e+07,0.003975664,0.0034654094,0.019542782,0.020309111,5.97908e+07,6.856713e+07,val
scenario_1107,5,5_0113;5_0114;5_0116;5_0118;5_0122,0.0,0.0,0.0,0.0,2.669557e+06,7.039373e+06,-0.0006626841,-0.0011709641,0.0005077105,0.0024969166,1.368345e+06,7.889208e+06,train
scenario_1108,3,34_0802;34_0859;34_1030,0.0,0.0,0.0,0.0,1.91807e+06,-1.938198e+06,0.00024862099,0.0007384697,0.0007026461,-0.0018055192,4.810814e+06,-2.45788e+06,train
scenario_1109,4,18_A902;39_0207;39_0263;48_F310,89154445.02890545,0.0,0.039407016725375076,92667755.73530106,4.0067856e+07,4.295106e+07,0.0037937951,0.000569646,0.0143879745,0.015578937,4.9429612e+07,4.6388016e+07,train
scenario_1110,4,35_2118;35_6035;35_AA02;35_AA03,0.0,0.0,0.0,0.0,1.2606104e+07,4.69456e+07,-0.00031766563,0.001006935,0.0034805262,0.015969278,1.421385e+07,5.33156e+07,train
scenario_1111,4,34_0506;34_0507;34_0902;34_0962,0.0,0.0,0.0,0.0,5.139349e+06,9.935882e+06,0.00033369428,0.0007167262,0.0017115006,0.0029515326,6.25941e+06,1.1296386e+07,train
scenario_1112,4,4_0114;4_0115;4_A902;6_7491,0.0,0.0,0.0,0.0,9.968185e+06,2.919508e+07,0.0004934683,-0.0016105938,0.001289689,0.010134659,7.454221e+06,3.552223e+07,train
scenario_1113,2,38_0214;39_A411,15453.243314706668,0.0,0.0,15453.243314706668,2.098346e+07,1.6894322e+07,0.0010381534,0.0005366463,0.005473255,0.006679198,2.2274406e+07,1.7140538e+07,train
scenario_1114,6,12_0104;13_0565;37_0203;47_A320;48_5287;6_0661,71579894.97009844,0.0009364979950526875,0.02873638030587824,73703876.48233958,5.843125e+07,6.962723e+07,0.005490447,0.002304568,0.020440288,0.02324135,6.591929e+07,7.724044e+07,test
scenario_1115,5,37_0201;37_0205;37_0206;37_1352;37_3807,19768564.66028424,0.0,0.004793059854922719,19863316.57394689,2.7140438e+07,4.3394344e+07,0.0028137553,0.0056678145,0.00831342,0.011343168,3.2209522e+07,4.7807724e+07,val
scenario_1116,4,17_B320;55_6352;55_6353;55_6355,0.0,0.0,0.0,0.0,1.741357e+07,6.379136e+07,-0.00045938254,0.0031391464,0.005804684,0.020569826,2.7291924e+07,7.236056e+07,test
scenario_1117,5,26_0122;28_A330;30_0509;42_1690;5_0213,49656173.712589115,0.0,0.010819478568936348,50193427.61988786,1.8007628e+07,1.1814782e+07,0.0017233397,0.0011125193,0.006013278,0.0038619773,2.1389848e+07,1.3185678e+07,train
scenario_1118,5,24_0962;28_3081;39_7021;53_6020;8_0812,0.0,0.0,0.0,0.0,1.2369136e+07,5.0556104e+07,-0.00020809448,0.0022987751,0.0028136186,0.01562524,2.0207318e+07,6.136907e+07,train
scenario_1119,1,49_E460,0.0,0.0,0.0,0.0,2.187576e+06,-9.391292e+06,-4.3148175e-06,-0.00045423256,-0.0002932162,-0.0032275715,-2.562734e+06,-1.201511e+07,train
scenario_1120,4,27_0704;4_BA03;54_4004;5_0220,44998604.07727672,0.0,0.009832659676591318,45441060.037090264,3.3084958e+07,3.0198528e+07,0.0045818007,0.008488617,0.011523839,0.013921134,4.043692e+07,3.718875e+07,val
scenario_1121,3,48_5274;48_5310;48_A430,40312057.86026761,0.0,0.015279463602807505,40928004.48109784,2.842266e+07,3.3367328e+07,0.0019945232,-0.0021496871,0.010536781,0.008422041,3.9036376e+07,3.5601416e+07,train
scenario_1122,6,26_0603;29_AA02;36_1011;48_5335;55_0902;6_0210,19460395.080166478,0.0,0.005946011119318619,19576106.80569948,7.165425e+07,5.6852344e+07,0.0076422584,0.0048756846,0.024602529,0.019207358,7.949549e+07,6.428188e+07,train
scenario_1123,1,29_1008,0.0,0.0,0.0,0.0,3.95773e+06,3.885894e+06,-0.00019647507,-0.0022232127,0.0011000102,-0.00029865233,3.094732e+06,3.13529e+06,train
scenario_1124,1,41_5022,15340507.126042316,0.0,0.011533825911421944,15517441.864627015,2.5028496e+07,2.979656e+06,0.0034165066,0.002226765,0.009428263,0.0028686717,2.9427324e+07,945340.0,train
scenario_1125,2,29_0760;29_0801,0.0,0.0,0.0,0.0,-960606.0,-1.990204e+06,-0.00019556249,-0.00018353458,-0.00034091063,-0.0011164607,-2.34609e+06,-2.59621e+06,train
scenario_1126,1,24_5807,0.0,0.0,0.0,0.0,7.5553365e+06,7.8668925e+06,0.00015023269,-0.0011988204,0.0017324598,0.0015863052,6.115913e+06,7.889414e+06,train
scenario_1127,1,4_0665,0.0,0.0,0.0,0.0,1.540835e+06,-339577.0,-0.000120182405,2.722966e-05,6.313762e-05,0.00015463633,-1.020222e+06,-1.385428e+06,train
scenario_1128,4,6_0201;6_0208;6_0811;6_7454,0.0,0.0,0.0,0.0,2.9002328e+07,1.8242468e+07,0.0011106727,0.0020004837,0.008679439,0.005719006,2.8513032e+07,1.6295538e+07,test
scenario_1129,4,18_0665;28_9030;32_0102;47_B310,0.0,0.0,0.0,0.0,5.8711296e+07,5.528015e+07,0.011613089,0.016756054,0.01971804,0.020032657,6.318736e+07,6.083988e+07,train
scenario_1130,6,17_7937;37_0201;39_0102;48_6179;4_1022;6_0211,663199886.3717813,0.0,0.16062129929257465,769723913.8115047,5.298063e+07,7.2180504e+07,0.004250248,0.0031138198,0.017061403,0.0216697,6.220075e+07,8.0922584e+07,train
scenario_1131,3,27_0759;39_0810;48_A504,0.0,0.0,0.0,0.0,6.393953e+06,1.0672276e+07,0.0004848246,0.0006033634,0.0011969567,0.0028547843,8.306804e+06,1.1264874e+07,train
scenario_1132,4,13_0560;27_0701;4_0601;8_A430,36030641.55164124,0.0009365006326461645,0.01504280560151007,36606386.20680804,2.7098808e+07,4.2222984e+07,0.0012211103,-0.0011513171,0.0077456385,0.013001224,3.0110592e+07,4.5352052e+07,train
scenario_1133,4,48_1109;48_3579;48_F310;48_F340,0.0,0.0,0.0,0.0,1.711731e+07,2.2195954e+07,0.00048715266,-0.000586392,0.0052004224,0.003961828,2.5907418e+07,2.292364e+07,val
scenario_1134,3,23_3013;26_0901;5_0222,44775962.312210955,0.0,0.009832659676591318,45216229.11131881,2.6193712e+07,1.4756202e+07,0.0012332536,0.0009490469,0.008148235,0.005950521,2.6029012e+07,1.3946974e+07,test
scenario_1135,5,22_0113;22_0702;39_7021;48_0167;4_AA59,0.0,0.0,0.0,0.0,3.2429106e+07,4.178395e+07,0.0028659415,0.0033810302,0.010152079,0.013762871,3.9231056e+07,4.9260696e+07,train
scenario_1136,6,19_B430;26_C310;31_B410;39_0265;53_0201;6_0211,51475497.89310993,0.0,0.018286191291276004,52416788.69439701,4.4966976e+07,5.479288e+07,0.002308675,0.003569853,0.015158873,0.018047214,5.3586936e+07,6.120217e+07,train
scenario_1137,1,56_3027,0.0,0.0,0.0,0.0,6.764538e+06,1.3120057e+07,0.00034606725,-0.0005296088,0.001690337,0.0046086083,3.977702e+06,1.4734334e+07,train
scenario_1138,1,29_0664,0.0,0.0,0.0,0.0,215235.0,372050.0,-0.00015979842,-0.00014024193,-0.0002672556,0.0005293051,-2.231828e+06,-331582.0,train
scenario_1139,4,19_5046;26_7072;49_E451;4_0220,0.0,0.0,0.0,0.0,2.2606052e+07,3.525477e+07,0.00015906815,-4.2434083e-05,0.0048266174,0.011542225,2.4673894e+07,4.081683e+07,train
scenario_1140,2,24_0903;42_1610,0.0,0.0,0.0,0.0,2.0316124e+07,1.9803174e+07,0.0016922415,0.0017278602,0.0056840647,0.006695767,2.169537e+07,2.2194324e+07,test
scenario_1141,5,13_0565;26_7072;47_0602;4_1021;4_A310,36092010.56000527,0.0009364979950526875,0.015042784417951217,36668734.98959671,3.4566376e+07,4.032467e+07,0.0011422156,0.004883257,0.011427569,0.01607733,4.2064156e+07,4.6573184e+07,train
scenario_1142,1,38_3006,0.0,0.0,0.0,0.0,3.53343e+06,-5.334556e+06,-0.00019640534,-0.0007307766,3.2253098e-05,-0.001255719,-1.196658e+06,-6.709188e+06,train
scenario_1143,3,29_0901;29_0960;29_5473,0.0,0.0,0.0,0.0,1.2631559e+07,2.9240956e+07,0.0010118647,0.0032969054,0.0028882772,0.009281697,1.4605318e+07,3.726508e+07,train
scenario_1144,3,5_0214;5_0216;5_0217,134745512.3627881,0.0,0.029497979029773955,138720232.6608218,2.5739424e+07,3.4365744e+07,0.0004820616,0.0015576788,0.008050096,0.012131304,2.6444e+07,3.5700984e+07,test
scenario_1145,4,18_A961;4_0213;4_B901;6_0662,0.0,0.0,0.0,0.0,3.709976e+07,5.345205e+07,0.0033910205,0.0036139926,0.014225088,0.02000331,4.884669e+07,5.7389544e+07,train
scenario_1146,2,40_0114;40_A350,0.0,0.0,0.0,0.0,1.854e+06,812596.0,0.00016413676,-0.00041998085,-6.9350004e-05,-0.00020140223,1.88682e+06,-87784.0,test
scenario_1147,2,40_4086;40_4154,0.0,0.0,0.0,0.0,1.0432143e+07,1.5554287e+07,0.00029695488,-0.00025894912,0.0032556315,0.0027663568,1.3357678e+07,1.7252786e+07,train
scenario_1148,1,48_F330,0.0,0.0,0.0,0.0,772437.0,7.684449e+06,-1.0168878e-06,0.00037039607,-0.00028170738,0.0026696064,-1.584712e+06,8.453509e+06,val
scenario_1149,1,31_A353,0.0,0.0,0.0,0.0,781172.0,-3.861954e+06,8.496281e-05,-0.00096257345,-0.00038235914,-0.0017853826,-2.700798e+06,-4.571448e+06,val
scenario_1150,6,21_A330;48_1046;4_0221;4_0261;5_3074;6_3030,635857567.5659729,0.0,0.14201750582694178,726160473.3728784,1.079362e+08,9.166206e+07,0.0166985,0.008383217,0.038802177,0.031462472,1.2211439e+08,1.05620584e+08,test
scenario_1151,3,1_4125;1_A320;1_A330,0.0,0.0,0.0,0.0,2.3916236e+07,1.9931976e+07,0.0028848262,0.0029476746,0.007115214,0.0060097324,3.0385132e+07,2.2282472e+07,train
scenario_1152,4,39_0109;39_0110;39_0208;39_0262,110842412.81535003,0.0,0.04465368604753552,115791935.117958,1.0536016e+07,1.1358606e+07,9.9299126e-05,-0.00020385324,0.0029831752,0.003823874,9.912616e+06,1.1919904e+07,train
scenario_1153,4,48_4143;48_B430;48_D410;48_D420,0.0,0.0,0.0,0.0,-1.1290958e+07,-7.907864e+06,-0.0013484018,-0.00013370207,-0.002274618,-0.0010212334,-4.906854e+06,-8.690006e+06,train
scenario_1154,5,4_1007;4_7614;4_BA02;4_BA03;4_BA59,0.0,0.0,0.0,0.0,-4.62267e+06,-9.833198e+06,-0.001749717,-0.0013248123,-0.0034844219,-0.0035957252,-1.7244886e+07,-1.611597e+07,train
scenario_1155,5,4_0113;4_0115;4_0261;4_0263;4_0266,0.0,0.0,0.0,0.0,3.1254832e+07,3.98722e+07,-0.00020862941,0.0024879281,0.011807227,0.01441961,3.4753504e+07,4.1343456e+07,train
scenario_1156,5,25_1002;9_0902;9_0961;9_1803;9_5001,0.0,0.0,0.0,0.0,5.95648e+06,-1.3712412e+07,-0.00013808114,0.00077637896,0.0006059841,-0.005097441,6.812391e+06,-1.538324e+07,test
scenario_1157,1,47_6015,0.0,0.0,0.0,0.0,8.484376e+06,1.9575326e+07,0.0018595855,0.0086229425,0.0020060884,0.0074190656,8.844355e+06,2.195841e+07,train
scenario_1158,4,53_AA01;53_AA02;53_BA01;53_BA60,0.0,0.0,0.0,0.0,1.548281e+06,1.0911064e+07,-0.0009028936,-0.0030193948,0.0014676698,0.005042232,2.950115e+06,6.954838e+06,val
scenario_1159,2,12_4000;4_0215,0.0,0.0,0.0,0.0,1.2744264e+07,1.5864249e+07,0.0009812862,-0.0003765314,0.0028499758,0.0053295814,1.2429144e+07,1.581215e+07,val
scenario_1160,2,39_0204;39_0261,35765766.88912129,0.0,0.014556146352146008,36286378.62635607,2.966339e+06,6.015447e+06,6.447814e-05,0.00032897003,0.0005899733,0.0020910965,1.730097e+06,5.863575e+06,train
scenario_1161,5,1_4126;27_1019;39_0204;49_D440;5_3073,77164531.77613498,0.0,0.021853314715111365,78850832.57388307,4.128163e+07,7.544615e+07,0.0043304297,0.009531035,0.0121488115,0.023914495,5.0756056e+07,8.845802e+07,test
scenario_1162,1,29_0509,0.0,0.0,0.0,0.0,-2.189948e+06,-1.0018792e+07,-0.00037715072,-0.001036229,-0.0007850104,-0.0033125565,-5.135166e+06,-1.1992998e+07,train
scenario_1163,4,6_0501;6_0563;6_0567;6_0659,0.0,0.0,0.0,0.0,1.5450753e+07,2.0844564e+07,0.00015232572,0.0010888178,0.004287822,0.0071931845,1.5282954e+07,2.2560384e+07,test
scenario_1164,1,27_4034,0.0,0.0,0.0,0.0,1.176445e+07,1.065776e+07,0.00043902826,0.0019553376,0.0018493636,0.003996862,8.36942e+06,1.2634278e+07,train
scenario_1165,2,1_0564;4_0605,0.0,0.0,0.0,0.0,2.241085e+06,-1.476718e+06,3.408559e-05,0.00093173096,0.0004605595,-0.00050615333,1.250566e+06,-2.552342e+06,test
scenario_1166,3,6_0504;6_0508;6_0605,0.0,0.0,0.0,0.0,1.4036346e+07,1.0074148e+07,0.00026718434,0.00057673134,0.0035350756,0.0039431644,1.2617054e+07,1.0393464e+07,train
scenario_1167,1,48_0901,0.0,0.0,0.0,0.0,-1.2915e+06,6.03243e+06,-0.00021911482,-0.0005646633,-0.0005628122,0.0021611692,-3.63594e+06,6.363193e+06,val
scenario_1168,4,26_A310;26_A340;26_A350;26_B310,0.0,0.0,0.0,0.0,6.270212e+06,-1.4240634e+07,-0.0018824762,-0.005423451,0.0025695048,-0.00089155324,8.562099e+06,-1.9112674e+07,train
scenario_1169,3,13_3020;13_4092;13_4093,0.0,0.01914851668452211,0.0,0.0,1.0554696e+07,-1.079704e+06,0.0033116234,0.005844778,0.0038928443,-0.0023878063,1.6515419e+07,-2.553502e+06,test
scenario_1170,5,10_0160;26_0123;26_D330;32_AA03;4_6053,0.0,0.0,0.0,0.0,1.4798087e+07,-1.0663712e+07,0.00028866588,-0.0023897863,0.0028586013,-0.0025494867,1.2601124e+07,-1.2142358e+07,test
scenario_1171,2,32_B330;32_B350,0.0,0.0,0.0,0.0,6.400589e+06,-1.941607e+07,0.00023278024,-0.002099474,0.00095351646,-0.0056044734,1.724045e+06,-2.3454582e+07,train
scenario_1172,2,27_3007;27_4055,0.0,0.0,0.0,0.0,1.8155648e+07,1.2209848e+07,0.0003301982,0.0024436126,0.0038358055,0.005386396,1.5847241e+07,1.4948134e+07,test
scenario_1173,1,22_0709,0.0,0.0,0.0,0.0,591995.0,4.954779e+06,-0.0001306982,-0.0006421675,-0.00015049567,0.001838814,-1.9007e+06,4.832454e+06,test
scenario_1174,1,4_1002,0.0,0.0,0.0,0.0,8.921451e+06,1.489689e+07,0.0002061096,0.00031076034,0.001844153,0.004647649,7.16128e+06,1.5838265e+07,train
scenario_1175,2,29_0663;29_0903,0.0,0.0,0.0,0.0,1.982213e+06,1.680157e+06,9.2658214e-05,9.170582e-05,0.00032591913,0.0008323137,1.291681e+06,1.440994e+06,train
scenario_1176,5,12_4101;13_0562;1_A320;30_A330;6_0207,36117229.64781484,0.0009365008761164084,0.015042807556913996,36694358.00010386,5.342083e+07,4.3419716e+07,0.0043179686,0.0025753104,0.01868675,0.0152628645,6.0898944e+07,4.681127e+07,val
scenario_1177,2,17_0661;49_D449,56953424.65659012,0.0,0.013258687648942807,57708552.32464945,1.0869571e+07,7.189276e+06,0.0006279745,2.2376771e-05,0.0018400617,0.0022625648,8.864306e+06,8.152628e+06,val
scenario_1178,4,36_4017;42_B310;42_B340;42_B351,0.0,0.0,0.0,0.0,-2.3425034e+07,-6.142911e+07,-0.001780745,0.0012005895,-0.005286642,-0.015116304,-1.6063968e+07,-6.782683e+07,test
scenario_1179,4,19_0603;19_0604;19_0607;19_0659,0.0,0.0,0.0,0.0,1.2392611e+07,8.588074e+06,3.362121e-05,0.0017710022,0.0032047187,0.003461882,1.2653558e+07,1.0184222e+07,val
scenario_1180,4,26_0222;29_0709;29_1010;48_1111,0.0,0.0,0.0,0.0,1.4180256e+07,1.6227067e+07,0.0005565865,-0.00040767156,0.002341908,0.002476476,1.2706613e+07,1.7093852e+07,train
scenario_1181,4,1_3028;1_4084;1_4126;1_6012,59128213.52793467,0.0,0.01885634601705038,60243155.58158744,8.819212e+07,7.370564e+07,0.019749425,0.015690628,0.029420668,0.021536164,9.098817e+07,8.4376696e+07,train
scenario_1182,5,19_0105;48_I340;4_0506;4_AA61;6_0507,0.0,0.0,0.0,0.0,2.5647552e+07,9.059948e+06,0.0018904016,0.0035055308,0.007446021,0.0036684864,3.147369e+07,1.1058902e+07,train
scenario_1183,2,27_0561;27_0909,0.0,0.0,0.0,0.0,1.659421e+06,-1.818018e+06,9.2360424e-05,8.6330576e-05,0.00027998118,-0.000259412,1.099203e+06,-1.397352e+06,train
scenario_1184,2,31_A340;31_A351,0.0,0.0,0.0,0.0,2.496695e+06,-1.5050422e+07,0.00027811376,-0.0019911118,0.0004296354,-0.0063850028,917815.0,-1.735773e+07,train
scenario_1185,5,32_A320;32_A330;32_A350;32_A351;32_A352,0.0,0.0,0.0,0.0,-7.352444e+06,-2.8170102e+07,-0.00023435499,0.0004930117,2.6890542e-05,-0.009715516,-785580.0,-3.0970218e+07,train
scenario_1186,5,5_3011;5_4021;5_A410;5_A430;5_A608,635857567.5659729,0.0,0.1420175058269418,726160473.3728784,9.344738e+07,8.13791e+07,0.012509962,0.005960151,0.032168776,0.021288743,1.0283968e+08,8.992405e+07,train
scenario_1187,2,40_3018;40_7024,0.0,0.0,0.0,0.0,1.7379214e+07,2.3936278e+07,0.0008331646,-0.0011804624,0.0056455727,0.0050392863,2.0361682e+07,2.6851616e+07,test
scenario_1188,5,18_0603;18_0664;18_0669;18_0670;18_0901,0.0,0.0,0.0,0.0,1.234046e+07,1.4739346e+07,-0.0003419933,-0.0014493534,0.0035652653,0.0053948937,1.2647544e+07,1.4914416e+07,train
scenario_1189,2,12_A330;13_5023,0.0,0.0,0.0,0.0,3.384889e+06,-9.005768e+06,0.0017999718,0.0026757687,0.00068504456,-0.0022825715,7.554485e+06,-9.385214e+06,val
scenario_1190,1,20_0106,0.0,0.0,0.0,0.0,-1.475096e+06,124034.0,-0.00022296049,-0.0008242695,-0.00063646585,0.00032882486,-3.930548e+06,-106082.0,test
scenario_1191,3,29_5393;46_A430;6_3005,0.0,0.0,0.0,0.0,2.8451316e+07,2.0673408e+07,0.0018933205,0.00756025,0.008360788,0.0070220395,3.8508936e+07,2.5058584e+07,test
scenario_1192,4,24_0501;24_0563;24_0903;24_2805,0.0,0.0,0.0,0.0,6.400596e+06,1.333763e+07,-0.000103738275,-0.0005858217,0.000871744,0.0021949252,3.351905e+06,1.4556831e+07,train
scenario_1193,6,18_0902;27_A310;39_4018;41_6011;48_0118;6_0569,137530529.43910006,0.0,0.06449959390575868,146401192.737566,6.0575096e+07,5.710584e+07,0.004479268,0.008455141,0.022544203,0.024397187,6.9453384e+07,6.21942e+07,train
scenario_1194,3,49_D440;49_D459;49_D461,0.0,0.0,0.0,0.0,7.354902e+06,2.0675512e+07,0.0005281384,0.0003935934,0.002482174,0.0046923705,1.0631302e+07,2.2260098e+07,val
scenario_1195,3,49_1004;49_A361;49_B350,0.0,0.0,0.0,0.0,3.653551e+06,7.194131e+06,0.0007821293,0.0012388994,0.0012889723,0.0019380716,2.17106e+06,9.560926e+06,train
scenario_1196,2,41_5006;47_0661,0.0,0.0,0.0,0.0,2.6368732e+07,2.212466e+07,0.002443937,0.0030516665,0.009033512,0.008729689,3.2960164e+07,2.2384482e+07,val
scenario_1197,4,4_0222;4_A453;6_0207;6_8149,0.0,0.0,0.0,0.0,2.052704e+07,4.192315e+07,0.001012905,-0.0018092882,0.007013658,0.013612017,2.5074808e+07,4.650544e+07,test
scenario_1198,6,29_0660;34_4042;37_5826;42_0661;4_0659;4_A330,19768564.66028424,0.0,0.004793059854922719,19863316.57394689,4.1759224e+07,4.880057e+07,0.0033902004,0.0071052103,0.013005458,0.017955339,4.725355e+07,5.8619696e+07,train
scenario_1199,2,12_3995;12_4106,0.0,0.0,0.0,0.0,5.872225e+06,2.07631e+07,-0.0010954781,0.001266253,0.0010089767,0.010010781,9.42217e+06,3.0005158e+07,test
scenario_1200,3,27_0708;27_0709;27_0759,0.0,0.0,0.0,0.0,4.711764e+06,-3.801906e+06,0.00024200999,-0.0010218533,0.0013007531,-0.0012050774,4.675827e+06,-4.486862e+06,train
scenario_1201,4,18_A410;26_0214;31_C410;6_7455,0.0,0.0,0.0,0.0,4.3389484e+07,4.3925636e+07,0.0038042162,-0.001253432,0.013847476,0.015023252,5.4693496e+07,5.0384308e+07,train
scenario_1202,4,12_3811;37_1030;48_AA01;6_0559,0.0,0.0,0.0,0.0,3.2842568e+07,2.1746332e+07,0.004156252,0.0024162005,0.011228505,0.0060027246,4.216487e+07,2.5418422e+07,train
scenario_1203,2,13_4096;1_C340,0.0,0.0,0.0,0.0,1.029289e+06,-9.42999e+06,-0.0003508618,-0.0010497057,-0.0006403886,-0.0045634,2.747557e+06,-1.1162724e+07,test
scenario_1204,2,32_A454;32_C310,0.0,0.0,0.0,0.0,4.603455e+06,-1.4476388e+07,0.00036184874,-0.0018796496,0.00081420783,-0.0038723224,321776.0,-1.7340658e+07,train
scenario_1205,2,18_0669;18_5528,0.0,0.0,0.0,0.0,1.3883976e+07,1.2586213e+07,0.00067045557,-0.00052361237,0.0031046085,0.0045199427,1.3260047e+07,1.3747062e+07,val
scenario_1206,1,20_6026,0.0,0.0,0.0,0.0,1.543517e+06,2.299095e+06,-0.00015058066,0.0003667965,1.76467e-05,-5.29713e-05,-1.4954e+06,2.29998e+06,test
scenario_1207,6,31_B410;40_3018;49_D441;4_0224;4_0262;6_A350,0.0,0.0,0.0,0.0,7.833879e+07,6.449739e+07,0.006204263,0.0020418237,0.02662219,0.018895483,9.007892e+07,6.8246616e+07,val
scenario_1208,2,26_0216;49_3011,0.0,0.0,0.0,0.0,1.2422734e+07,1.9860482e+07,0.0007730673,0.0016538064,0.0030634364,0.0057755313,1.1946749e+07,2.175199e+07,train
scenario_1209,4,20_0210;20_A410;49_7085;54_4004,0.0,0.0,0.0,0.0,3.6905732e+07,2.2507148e+07,0.0048909113,0.006378847,0.011496179,0.009357121,4.494677e+07,2.7240564e+07,test
scenario_1210,2,19_0701;19_0709,0.0,0.0,0.0,0.0,3.569191e+06,7.286827e+06,0.000120104756,-0.0010595868,0.0007104385,0.0025714997,2.389973e+06,7.74847e+06,test
scenario_1211,2,18_0668;18_0902,0.0,0.0,0.0,0.0,1.3433087e+07,8.103519e+06,0.00041341514,-0.0019670227,0.0031225337,0.003084905,1.1571568e+07,6.282737e+06,val
scenario_1212,6,20_0203;26_0217;38_0263;39_4018;54_5007;9_0901,137530529.43910006,0.0,0.06449959390575868,146401192.737566,4.993916e+07,6.785202e+07,0.006616721,0.012616762,0.018203508,0.02591206,5.695937e+07,7.730165e+07,val
scenario_1213,2,29_AA62;51_0118,0.0,0.0,0.0,0.0,1.5265493e+07,1.952369e+06,0.0009082573,-0.00075699843,0.0030921774,-0.0009618052,1.3723538e+07,1.93595e+06,train
scenario_1214,3,19_3028;32_0105;5_0215,44665258.552282736,0.0,0.009832659676591318,45104436.838994294,2.4906454e+07,2.8342752e+07,0.0011869391,-0.0011180219,0.0072052954,0.0075094313,2.5649124e+07,3.0039512e+07,train
scenario_1215,3,32_0111;32_0208;32_0211,0.0,0.0,0.0,0.0,4.358366e+06,-5.455106e+06,0.00017423485,-0.00048469868,0.001200702,-0.001840624,4.194648e+06,-6.249528e+06,train
scenario_1216,2,31_1030;31_A340,0.0,0.0,0.0,0.0,3.007237e+06,-9.535602e+06,-9.313808e-06,-0.0028940006,0.00049375696,-0.0051499237,572734.0,-1.183308e+07,train
scenario_1217,2,29_A310;29_A351,0.0,0.0,0.0,0.0,9.821068e+06,1.689504e+06,0.0020294995,0.0010408605,0.0022960012,-0.002231162,1.3652892e+07,202556.0,val
scenario_1218,2,13_0561;39_0262,72191933.10041942,0.0009365008761164084,0.029598996558114304,74396349.68837942,1.7108144e+07,1.9188816e+07,0.00048691075,0.0005867765,0.0045463606,0.0068509923,1.6653646e+07,1.9103378e+07,train
scenario_1219,2,1_1021;1_A350,0.0,0.0,0.0,0.0,9.01603e+06,6.760548e+06,0.00090738793,0.00038977864,0.0018174492,0.0008130572,1.1430539e+07,6.774978e+06,train
scenario_1220,2,26_0116;48_0115,0.0,0.0,0.0,0.0,3.550408e+06,6.518437e+06,0.00011229736,0.0005808612,0.00055528525,0.002612542,2.491836e+06,7.611099e+06,test
scenario_1221,4,12_4106;12_A330;19_0224;47_0606,0.0,0.0,0.0,0.0,1.6534296e+07,1.2275466e+07,0.001081557,0.000606871,0.0035992076,0.0052092397,1.8052894e+07,1.5264733e+07,train
scenario_1222,2,49_0804;4_B959,0.0,0.0,0.0,0.0,4.052083e+06,-508040.0,0.00013950467,0.00068331923,2.869172e-05,0.00052371016,2.329735e+06,258078.0,val
scenario_1223,2,8_1057;8_A350,0.0,0.0,0.0,0.0,5.753642e+06,1.050978e+07,0.00027399545,-0.00064971147,0.00069435965,0.0017417348,1.041141e+06,9.434916e+06,train
scenario_1224,1,55_0219,0.0,0.0,0.0,0.0,-704078.0,2.652729e+06,-0.00018477777,0.00020939216,-0.00049966574,0.0013453802,-3.06949e+06,2.479697e+06,val
scenario_1225,4,6_0202;6_0204;6_0206;6_0209,0.0,0.0,0.0,0.0,3.690207e+07,6.6812216e+07,0.0013765183,-0.0040863957,0.013850126,0.02308008,4.172956e+07,7.359785e+07,train
scenario_1226,3,53_1008;53_3013;53_A350,0.0,0.0,0.0,0.0,1.150006e+06,1.1383615e+07,-0.00082061894,-0.0041998858,0.0016109464,0.0033148313,4.975799e+06,1.0726428e+07,train
scenario_1227,4,1_3028;27_1017;29_0602;6_0562,17668319.088852983,0.0,0.006022357988336796,17774724.031458218,3.7625304e+07,3.526461e+07,0.004003153,0.008700609,0.012164324,0.011967771,4.4287436e+07,3.9660156e+07,train
scenario_1228,3,46_0803;46_0804;46_0859,0.0,0.0,0.0,0.0,-1.447136e+06,8.55599e+06,-0.0001977759,0.002645729,-0.0002666819,0.0019109896,-591910.0,1.047464e+07,val
scenario_1229,3,35_0502;35_0504;35_0509,0.0,0.0,0.0,0.0,9.70975e+06,8.3542125e+06,0.00034642452,0.00073052343,0.0026141766,0.0031070951,9.18413e+06,8.692439e+06,train
scenario_1230,6,22_0709;29_5473;35_0959;51_5010;56_1007;6_3042,193781.79183506613,0.0,0.0,193781.79183506613,7.186429e+07,8.5418904e+07,0.010612591,0.014342988,0.024374016,0.030821476,8.718072e+07,1.0400557e+08,train
scenario_1231,5,55_0116;55_0118;55_0119;55_0120;55_0121,0.0,0.0,0.0,0.0,3.559852e+06,1.2410872e+07,-4.6106637e-05,-0.00023461797,0.001374864,0.0035492259,3.434771e+06,1.3703946e+07,test
scenario_1232,5,39_4018;47_0603;4_0222;56_B320;8_0218,137530529.43910006,0.0,0.06449959390575868,146401192.737566,5.506079e+07,6.5095456e+07,0.003203223,0.009129301,0.020082595,0.025874358,6.359029e+07,7.297716e+07,test
scenario_1233,5,32_0102;32_0103;32_0107;32_0108;32_0109,0.0,0.0,0.0,0.0,2.587305e+06,8.003966e+06,-0.0005627313,-4.431582e-06,0.00048352638,0.0025074815,1.328151e+06,9.184826e+06,test
scenario_1234,1,12_3996,0.0,0.0,0.0,0.0,1.025579e+06,-7.883532e+06,-0.000526294,-0.0021487805,-0.00017569633,-0.0029494357,-973872.0,-1.1672178e+07,test
scenario_1235,1,4_0163,0.0,0.0,0.0,0.0,-3.894768e+06,-6.710492e+06,-0.000352185,0.0018192646,-0.0010168804,-0.0014792336,-5.69999e+06,-7.252992e+06,test
scenario_1236,5,4_A430;4_A444;4_A446;4_A455;4_A456,0.0,0.0,0.0,0.0,-1.412394e+07,-4.306976e+06,-0.0012927888,-0.0043504112,-0.0022532432,-0.005002758,-1.8228042e+07,-8.040982e+06,test
scenario_1237,2,12_AA01;12_AA02,0.0,0.0,0.0,0.0,-3.503114e+06,-9.465368e+06,2.241123e-05,0.0004658911,-0.00094871596,-0.0040083616,804913.0,-1.0762364e+07,train
scenario_1238,5,32_0102;32_0103;32_0105;32_0107;32_0110,0.0,0.0,0.0,0.0,3.687433e+06,1.107746e+07,-0.0004301034,-0.000235116,0.00092606107,0.0034952473,2.977011e+06,1.2835701e+07,val
scenario_1239,4,18_0902;1_1011;47_C311;55_6352,0.0,0.0,0.0,0.0,5.649532e+07,5.079472e+07,0.008837034,0.0061414507,0.019906504,0.016050622,6.250199e+07,5.3136504e+07,train
scenario_1240,2,48_A310;51_5010,193781.79183506613,0.0,0.0,193781.79183506613,1.3692605e+07,2.2527448e+07,0.0011312937,0.0036244122,0.003791933,0.007087371,1.905382e+07,2.4556686e+07,val
scenario_1241,1,6_3021,0.0,0.0,0.0,0.0,-1.881444e+06,876216.0,-0.00018101837,0.0018932573,-0.0009396593,0.001211368,-3.245148e+06,1.23494e+06,val
scenario_1242,4,30_0123;30_0503;30_0507;30_0509,0.0,0.0,0.0,0.0,4.343937e+06,-1.155452e+07,3.4282915e-05,-0.0005242758,0.001077407,-0.00348427,4.287754e+06,-1.2942482e+07,train
scenario_1243,3,22_0705;48_3569;49_D448,0.0,0.0,0.0,0.0,3.3004386e+07,4.387788e+07,0.0034447396,0.0061707725,0.010345912,0.015637737,4.158448e+07,5.289787e+07,test
scenario_1244,3,27_4034;42_A350;4_AA01,0.0,0.0,0.0,0.0,2.565662e+07,1.710411e+07,0.003053617,0.006011921,0.0077431696,0.007434535,3.0300446e+07,1.9937716e+07,train
scenario_1245,4,31_3023;31_6701;31_B410;31_B430,0.0,0.0,0.0,0.0,4.1394036e+07,3.3598584e+07,0.0011920317,-0.0018378407,0.013797786,0.0053444714,5.870367e+07,3.3121456e+07,train
scenario_1246,4,49_0804;49_E448;49_E449;49_E459,0.0,0.0,0.0,0.0,-644298.0,2.532209e+06,0.0004346962,0.0023521816,0.0001654164,0.0013682032,737909.0,7.555125e+06,val
scenario_1247,2,27_0704;27_0903,0.0,0.0,0.0,0.0,3.872721e+06,9.952698e+06,0.00033359672,0.0004373195,0.00082959794,0.0043578874,3.569167e+06,1.273732e+07,test
scenario_1248,5,47_3075;47_B310;47_B320;47_B330;47_B350,0.0,0.0,0.0,0.0,-5.862874e+06,5.440071e+07,0.0012123925,0.010561053,-0.0019910866,0.017783428,1.31451e+06,6.451789e+07,train
scenario_1249,3,19_0112;19_0219;19_0606,0.0,0.0,0.0,0.0,8.0531195e+06,3.365631e+06,0.0003130244,-0.00046361226,0.002169457,0.0010585277,7.695727e+06,3.495578e+06,test
scenario_1250,1,28_0509,0.0,0.0,0.0,0.0,-48314.0,-3.32722e+06,-0.0002244215,-0.0007620746,-0.00032461388,-0.0007164208,-2.773066e+06,-4.035888e+06,train
scenario_1251,1,31_4019,0.0,0.0,0.0,0.0,7.848599e+06,1.357367e+06,0.00012478733,0.00066847575,0.0010833051,0.00018019648,4.127654e+06,1.375021e+06,val
scenario_1252,5,20_0105;20_0110;20_0111;20_0161;20_1009,0.0,0.0,0.0,0.0,6.450723e+06,6.705881e+06,-0.0003063376,-0.0020996286,0.0007785857,2.4687964e-05,3.841266e+06,5.845487e+06,train
scenario_1253,4,32_0107;4_0268;55_0116;6_B412,0.0,0.0,0.0,0.0,1.7443496e+07,1.4576716e+07,0.00015096052,-0.00016445154,0.0039604,0.005591578,1.5971352e+07,1.4229134e+07,train
scenario_1254,6,23_0559;26_0118;26_0221;48_3569;55_6354;5_0222,44775962.312210955,0.0,0.009832659676591318,45216229.11131881,5.0439984e+07,6.628427e+07,0.004752891,0.00824693,0.017700158,0.023984654,5.841764e+07,7.938489e+07,train
scenario_1255,4,23_1012;23_3013;23_3014;23_7023,0.0,0.0,0.0,0.0,3.217912e+06,1.0873598e+07,0.0006678953,0.0032939673,0.001962363,0.0073460676,5.910255e+06,1.0586558e+07,train
scenario_1256,2,12_0111;36_A310,0.0,0.0,0.0,0.0,9.528634e+06,-1.23574e+06,0.0008492844,0.0006057565,0.0027705375,0.0012053265,1.1958692e+07,-2.585398e+06,val
scenario_1257,2,18_0901;53_A809,32950.343145072,0.0,0.0,32950.343145072,1.906858e+07,1.2024318e+07,0.0008182309,-0.002915848,0.0047677984,0.0048898933,1.8716056e+07,1.0101884e+07,train
scenario_1258,3,48_4142;48_E410;48_E420,0.0,0.0,0.0,0.0,-5.421908e+06,650165.0,0.0029772322,0.005809069,-0.00040360028,-0.00078856014,4.367736e+06,1.572695e+06,train
scenario_1259,3,4_1016;4_C330;4_C340,0.0,0.0,0.0,0.0,-4.67452e+06,8.667282e+06,-0.00051421893,0.0023022466,-0.0011873259,0.003699524,-5.997992e+06,1.0926906e+07,test
scenario_1260,2,31_0120;31_0124,0.0,0.0,0.0,0.0,-1.021884e+06,-5.565222e+06,-8.193962e-05,-0.00061717595,-0.00024746545,-0.0019961917,-1.964908e+06,-6.538724e+06,train
scenario_1261,6,13_0508;19_0708;4_0215;55_A907;6_0205;6_0209,37075163.13593259,0.0009365016434162987,0.015042813719397441,37667598.85980942,6.723386e+07,8.075173e+07,0.0032813493,-0.0014759599,0.027300145,0.028122064,7.902254e+07,8.382423e+07,test
scenario_1262,3,49_D446;49_D449;49_D462,0.0,0.0,0.0,0.0,5.39115e+06,1.6140727e+07,0.00060380157,-0.0001702751,0.0023239795,0.0037896936,1.0055976e+07,1.8162056e+07,train
scenario_1263,2,27_0501;27_0507,0.0,0.0,0.0,0.0,-38258.0,-5.066702e+06,-2.9908377e-05,0.00034689961,-0.00017072028,-0.0016006851,-284470.0,-5.317756e+06,train
scenario_1264,5,12_1030;29_A430;35_AA61;4_B901;53_AA03,0.0,0.0,0.0,0.0,2.1950624e+07,6.727486e+06,-0.00024384446,-0.0010559898,0.005160858,0.0022519825,2.146689e+07,7.134694e+06,train
scenario_1265,5,28_3081;30_A310;42_0602;4_1003;4_BA01,0.0,0.0,0.0,0.0,7.806262e+07,9.916067e+07,0.013542131,0.014683885,0.028383575,0.03886072,9.279831e+07,1.24711544e+08,test
scenario_1266,4,13_0506;32_1020;37_0211;39_0107,37274179.535150506,0.0009365902296646356,0.01504352517299221,37869825.22566155,2.8231368e+07,2.5240044e+07,0.0011250228,0.0026296666,0.008638676,0.008620963,3.2404588e+07,2.598179e+07,train
scenario_1267,2,35_0107;35_0110,0.0,0.0,0.0,0.0,-186891.0,-894268.0,-2.7270755e-05,-0.00059859187,-7.9792924e-05,-0.00022476725,-1.415046e+06,-1.426136e+06,train
scenario_1268,4,55_A902;55_A909;55_B901;55_B909,0.0,0.0,0.0,0.0,5.1816944e+07,6.1617504e+07,0.0020490298,0.0020004637,0.019505613,0.022487244,6.8586776e+07,6.601076e+07,test
scenario_1269,1,5_A604,0.0,0.0,0.0,0.0,6.637789e+06,1.389261e+07,0.0013073118,0.0011987297,0.00091190357,0.004365976,4.531948e+06,1.488795e+07,train
scenario_1270,3,36_B310;36_B330;36_B352,0.0,0.0,0.0,0.0,-8.894904e+06,5.792969e+06,-0.0006652655,0.0005536326,-0.001372376,0.0015999177,-2.019286e+06,6.285434e+06,val
scenario_1271,3,39_0101;39_0106;39_0107,0.0,0.0,0.0,0.0,6.754099e+06,1.3603474e+07,0.0003140805,0.00060916867,0.0018404308,0.0043737497,7.092294e+06,1.4043118e+07,train
scenario_1272,3,39_0903;48_5024;4_0505,58.627151665789974,0.0,0.0,58.627151665789974,1.0357676e+07,9.322388e+06,0.00031906273,-0.0013026224,0.0017170843,0.0021519172,9.88006e+06,8.910815e+06,test
scenario_1273,2,55_C959;55_C960,0.0,0.0,0.0,0.0,7.112467e+06,-6.722306e+06,-0.00013616227,-0.0029928489,0.0017322921,-0.001507143,6.99183e+06,-8.827968e+06,train
scenario_1274,6,26_0218;41_7018;42_0662;56_2019;5_A608;6_7493,85703456.50048,0.0,0.03181543086491343,88430148.89565514,6.308675e+07,4.5385692e+07,0.010531635,0.0069301077,0.020573793,0.015022246,7.021499e+07,4.79663e+07,val
scenario_1275,5,21_3016;26_0121;4_A390;4_B310;55_A902,0.0,0.0,0.0,0.0,2.5530756e+07,3.4524824e+07,0.00090481935,0.0039093103,0.007682699,0.0120604485,3.295412e+07,3.6029304e+07,train
scenario_1276,1,47_B330,0.0,0.0,0.0,0.0,802945.0,6.724387e+06,0.0007116829,0.0021137125,-0.0001611067,0.0026251085,295406.0,7.764297e+06,test
scenario_1277,1,48_9167,129641039.63425261,0.0,0.047797224337889535,135837521.4890482,1.2683453e+07,2.5822068e+07,0.0013337287,0.0006913362,0.0042422977,0.009291863,1.5810035e+07,3.2326884e+07,train
scenario_1278,3,51_A330;5_A350;6_8150,18937429.942100063,0.0,0.006304159512101232,19056814.521204304,4.9405304e+07,2.659527e+07,0.008425032,0.003231023,0.015396679,0.00824116,5.689497e+07,2.8492766e+07,train
scenario_1279,1,1_0608,0.0,0.00018424619769374928,0.0,0.0,-503992.0,-3.33751e+06,-0.0002186133,-0.00041287031,-0.0004100995,-0.00083521055,-3.040338e+06,-4.701776e+06,train
scenario_1280,4,55_0113;55_0221;55_0224;55_0263,0.0,0.0,0.0,0.0,5.579574e+06,4.344972e+06,0.0002402789,-0.0005011888,0.0019278545,0.0008151466,6.172728e+06,4.188994e+06,train
scenario_1281,2,4_7079;55_B907,0.0,0.0,0.0,0.0,1.8897216e+07,5.4855e+06,0.00031468715,-0.0054034186,0.004414497,6.944267e-05,1.9459568e+07,2.372847e+06,test
scenario_1282,6,13_0504;18_0663;27_1023;39_0260;48_0165;55_B907,57866673.07887475,0.0009365018868864317,0.022580574525102492,59227528.051378235,4.606863e+07,2.8883306e+07,0.0005175667,0.00054677273,0.014980009,0.012188984,4.891083e+07,2.9693964e+07,train
scenario_1283,3,8_0214;8_0215;8_0501,0.0,0.0,0.0,0.0,8.72289e+06,1.2930727e+07,0.0003525992,0.0005512783,0.002282635,0.0045461548,8.225301e+06,1.4179624e+07,train
scenario_1284,5,28_0502;28_0503;28_0504;28_0505;28_0560,0.0,0.0,0.0,0.0,8.2506695e+06,2.1931236e+07,-0.00043364614,0.0010665287,0.0025877936,0.0074308873,8.723956e+06,2.3318232e+07,test
scenario_1285,1,49_D451,0.0,0.0,0.0,0.0,5.160837e+06,1.917356e+06,0.00031905796,-0.00035151595,0.000468818,0.00049146777,1.65313e+06,1.795331e+06,train
scenario_1286,1,5_3059,0.0,0.0,0.0,0.0,4.022716e+06,1.5532621e+07,0.00044171483,0.0013358842,0.0005078991,0.0052133664,1.211458e+06,1.727769e+07,train
scenario_1287,4,19_3009;32_AA01;39_3801;9_4008,0.0,0.0,0.0,0.0,2.2351648e+07,2.8236564e+07,0.0033689737,0.007971028,0.0054095373,0.010021785,2.5780686e+07,3.3201436e+07,train
scenario_1288,2,40_AA02;40_AA03,0.0,0.0,0.0,0.0,3.924785e+06,7.744476e+06,0.00021536148,0.0002056756,0.0011454406,0.0015505485,6.445865e+06,8.94139e+06,train
scenario_1289,4,10_5005;19_0219;1_5008;37_0259,94225.06180777797,0.08944644797055046,0.0,102653.15889628929,5.4933736e+07,5.282411e+07,0.009468888,0.012520302,0.018448574,0.019697951,6.294716e+07,6.225452e+07,val
scenario_1290,4,35_0104;55_0261;5_5803;6_0206,59758397.41395669,0.0,0.0070826234518551814,60181643.64092606,2.4803196e+07,3.632935e+07,0.0023015717,0.0013252267,0.007457726,0.011139663,2.5805874e+07,4.070606e+07,train
scenario_1291,3,4_0263;53_0203;53_3013,15474805.275772793,0.0,0.0037307388888339005,15532537.73361225,2.1083254e+07,2.82708e+07,0.00062647695,-0.0006925337,0.0065987837,0.008393038,2.2511236e+07,2.970229e+07,train
scenario_1292,1,38_0219,0.0,0.0,0.0,0.0,147379.0,-1.800492e+06,-0.00014686352,0.00027421478,-0.0003158194,-6.546825e-05,-2.42901e+06,-2.274724e+06,train
scenario_1293,4,4_0121;4_0218;4_0222;4_0660,0.0,0.0,0.0,0.0,2.6432484e+07,3.1961896e+07,2.4178997e-05,-0.00015258719,0.008878036,0.010946231,2.7387416e+07,3.214849e+07,test
scenario_1294,2,35_0101;35_0104,0.0,0.0,0.0,0.0,-388907.0,2.773408e+06,-7.8469166e-05,-0.00022513885,-0.00017227232,0.00093308836,-1.644558e+06,2.899049e+06,train
scenario_1295,2,37_A961;37_A965,0.0,0.0,0.0,0.0,5.649626e+06,7.931195e+06,0.00075560337,0.0006568949,0.0010973564,-0.0009077173,1.0563298e+07,6.497992e+06,val
scenario_1296,2,40_B310;40_B320,0.0,0.0,0.0,0.0,2.595162e+06,823371.0,0.00010178436,-0.00049617945,0.00096301455,-0.0007033278,5.825809e+06,1.399893e+06,test
scenario_1297,5,8_7783;8_A310;8_A320;8_A340;8_A350,0.0,0.0,0.0,0.0,-1.456388e+06,3.159812e+07,0.00010774925,0.004730136,0.00021910667,0.012367126,-20916.0,3.729689e+07,train
scenario_1298,1,4_0505,0.0,0.0,0.0,0.0,-950010.0,-1.913326e+06,-0.00020230806,0.0001474159,-0.0005675163,-0.00015151873,-3.398826e+06,-2.283896e+06,train
scenario_1299,2,4_0220;4_0263,0.0,0.0,0.0,0.0,2.4047604e+07,2.670828e+07,0.000496802,0.0012630112,0.008180848,0.00946551,2.8651704e+07,2.560678e+07,train
scenario_1300,4,22_0116;22_0120;22_0123;22_0703,0.0,0.0,0.0,0.0,7.5146595e+06,7.889284e+06,0.0002355196,2.9279967e-05,0.002304912,0.0025955546,8.218564e+06,8.61399e+06,train
scenario_1301,3,48_A505;48_A508;48_B320,294.52933543095077,0.0,0.0,294.52933543095077,1.1298412e+07,2.2303012e+07,9.2956005e-05,-0.0015478894,0.0031144393,0.005138008,1.7052682e+07,2.434116e+07,train
scenario_1302,2,42_0608;49_D460,0.0,0.0,0.0,0.0,1.2558015e+07,1.0436348e+07,0.0005391072,-0.00016357517,0.0023223406,0.0023703775,1.0285787e+07,9.511405e+06,train
scenario_1303,2,26_D310;26_D340,0.0,0.0,0.0,0.0,9.072171e+06,-9.585312e+06,-0.00010043068,-0.0025575995,0.003029005,-0.00021059625,1.6041147e+07,-1.1876042e+07,train
scenario_1304,5,19_0218;27_1016;29_AA63;48_2172;4_0268,0.0,0.0,0.0,0.0,3.639198e+07,1.820333e+07,0.00037336105,-0.0033268775,0.008986376,0.004167258,3.7224764e+07,1.7686986e+07,test
scenario_1305,4,6_A311;6_A350;6_A353;6_A361,0.0,0.0,0.0,0.0,6.142075e+06,1.1282e+07,-0.00013897521,-0.0033994429,0.0021824292,0.00403155,1.2862712e+07,1.3367908e+07,test
scenario_1306,3,55_3008;55_3010;55_5040,0.0,0.0,0.0,0.0,3.1046948e+07,3.744312e+07,0.00018550432,-0.0022576558,0.0127165,0.0115447175,4.1582344e+07,4.254045e+07,train
scenario_1307,4,12_0111;13_3011;49_C450;8_0213,0.0,0.0,0.0,0.0,2.8124876e+07,2.1530948e+07,0.0022210032,0.006143222,0.008627491,0.008251507,3.3533248e+07,2.386594e+07,train
scenario_1308,1,48_L340,0.0,0.0,0.0,0.0,-3.059606e+06,-2.831158e+06,-0.00019179482,0.0003823915,-0.0009952402,-0.0012244252,-4.658622e+06,-3.07406e+06,train
scenario_1309,3,18_0604;18_0607;18_0905,0.0,0.0,0.0,0.0,1.9112172e+07,2.0007042e+07,0.0005523944,-0.0050069396,0.005016776,0.0071267923,1.785288e+07,2.152894e+07,train
scenario_1310,3,8_6002;8_9019;8_9020,0.0,0.0,0.0,0.0,2.8810748e+07,5.077525e+07,0.0019432909,-5.7234196e-05,0.009201165,0.01580685,3.2815478e+07,5.915045e+07,val
scenario_1311,3,22_0114;24_0561;49_D446,0.0,0.0,0.0,0.0,9.831436e+06,6.789315e+06,0.0008507534,-0.000116586685,0.0023523597,0.001726998,1.0366921e+07,7.724871e+06,train
scenario_1312,2,48_D320;48_D330,0.0,0.0,0.0,0.0,3.247197e+06,1.3936198e+07,-0.00019077247,0.0017754318,0.00044200616,0.003782708,1.248905e+06,1.5567547e+07,test
scenario_1313,4,38_0216;49_B390;4_BA61;6_3013,0.0,0.0,0.0,0.0,8.52131e+06,-1.6700622e+07,-0.00051059807,0.003110019,0.0005013696,-0.004201086,3.490266e+06,-1.8879018e+07,train
scenario_1314,2,31_3024;31_B410,0.0,0.0,0.0,0.0,4.137597e+07,5.4891456e+07,0.004457257,0.01024596,0.014816796,0.01969563,5.4001456e+07,6.710401e+07,train
scenario_1315,3,17_7937;40_AA63;55_0908,663199886.3717813,0.0,0.16062129929257465,769723913.8115047,3.932597e+07,1.9885618e+07,0.002315818,-0.001031573,0.012912551,0.0031687645,4.613047e+07,1.8757992e+07,train
scenario_1316,1,18_5022,20266978.842184108,0.0,0.009745860669907807,20464497.994180005,1.884586e+07,3.3385952e+07,0.0021988119,0.005712088,0.0064770225,0.012818239,2.6149132e+07,4.2561656e+07,train
scenario_1317,3,29_5058;29_5091;29_A411,0.0,0.0,0.0,0.0,3.2532728e+07,2.0096228e+07,0.0020921,0.0025779137,0.0110866185,0.0053106546,4.4770308e+07,2.3035956e+07,train
scenario_1318,3,34_0507;55_3010;8_7035,0.0,0.0,0.0,0.0,1.9991948e+07,1.6886214e+07,0.00048026792,-0.0003308826,0.00540178,0.0047003757,2.2181596e+07,1.7331402e+07,train
scenario_1319,2,30_0113;32_AA62,0.0,0.0,0.0,0.0,1.1707261e+07,-1.2174166e+07,0.000645427,0.0006127918,0.00170604,-0.0036183526,9.180532e+06,-1.2968654e+07,test
scenario_1320,3,22_0707;42_0606;5_A601,0.0,0.0,0.0,0.0,2.2441328e+07,1.1538349e+07,0.0019385598,-3.9388193e-05,0.0057764566,0.0027818766,2.2356972e+07,1.1383294e+07,train
scenario_1321,3,32_3013;32_B350;32_C310,0.0,0.0,0.0,0.0,5.193068e+06,-1.0156728e+07,-0.00030950364,-0.0038658264,0.0009194426,-0.0042036003,-384276.0,-1.4440464e+07,train
scenario_1322,5,42_1605;42_A320;42_A350;42_A351;42_A430,0.0,0.0,0.0,0.0,-1.073286e+06,1.3306328e+07,0.0004661996,0.008291294,-0.0009183069,0.007747149,-3.588796e+06,1.5376699e+07,val
scenario_1323,2,39_0159;39_0211,35852122.525055416,0.0,0.014556146352146008,36373991.26756519,7.177935e+06,7.029047e+06,0.0004624147,7.2949566e-05,0.0016733347,0.0037589017,6.628707e+06,7.014898e+06,train
scenario_1324,3,8_2008;8_B320;8_B350,0.0,0.0,0.0,0.0,3.291828e+06,1.8864816e+07,-0.0006425452,-0.0023729657,0.0012499122,0.005926348,3.185697e+06,2.0241612e+07,test
scenario_1325,2,39_0102;39_0203,35966719.0912593,0.0,0.014556146352146008,36490255.918158196,4.448913e+06,6.876203e+06,0.000127421,0.00051093363,0.0009352444,0.0024900148,3.02819e+06,6.89994e+06,test
scenario_1326,4,49_0804;49_E448;49_E449;49_E460,0.0,0.0,0.0,0.0,246336.0,-3.647504e+06,0.00029343448,0.001458501,0.00022433372,-0.0013151146,527488.0,-1.905894e+06,test
scenario_1327,2,26_9030;30_0119,0.0,0.0,0.0,0.0,6.96034e+06,1.2803177e+07,3.4788856e-05,0.0005895839,0.0013815507,0.005111644,6.358626e+06,1.687579e+07,train
scenario_1328,2,29_0501;29_0962,0.0,0.0,0.0,0.0,144385.0,-4291.0,7.2708353e-06,-0.00059695623,-3.681192e-05,0.00020680577,-592658.0,280712.0,train
scenario_1329,5,8_0214;8_0220;8_0259;8_0509;8_0559,0.0,0.0,0.0,0.0,6.958646e+06,1.2766998e+07,-0.00033670408,-0.0013019094,0.0021799721,0.004042407,7.392543e+06,1.3968026e+07,test
scenario_1330,3,19_0106;27_4054;4_0221,0.0,0.0,0.0,0.0,2.6469188e+07,2.177448e+07,0.00085811375,0.0024840087,0.00793188,0.0072013647,2.5998368e+07,2.3872484e+07,val
scenario_1331,6,12_0108;18_0608;32_0209;48_0903;48_5336;49_3010,51773602.542384595,0.0,0.016162857978513877,52610411.92731318,2.0454056e+07,4.5636624e+07,0.00031755364,0.0006144349,0.004710833,0.0131449085,1.918648e+07,4.9690216e+07,val
scenario_1332,2,48_3629;48_5154,0.0,0.0,0.0,0.0,2.1840936e+07,3.53898e+07,0.0030728045,0.006072018,0.0071126707,0.012716288,2.6484068e+07,4.25989e+07,train
scenario_1333,4,17_5453;19_0706;20_0210;49_B331,0.0,0.0,0.0,0.0,3.9849772e+07,5.340797e+07,0.004794087,0.0071900757,0.013157507,0.019098526,4.9229612e+07,6.5363736e+07,train
scenario_1334,2,35_0503;35_0504,0.0,0.0,0.0,0.0,3.701297e+06,7.886889e+06,0.00014206115,8.113589e-05,0.0007276437,0.002951228,2.650056e+06,8.19137e+06,test
scenario_1335,4,48_3589;48_5328;48_C410;48_C430,104235618.81024289,0.0,0.030629653787303975,107428319.72670601,2.2347486e+07,3.349677e+07,0.0010993289,-0.00019086304,0.0072658756,0.009852201,3.1363442e+07,3.8168464e+07,train
scenario_1336,4,48_A502;48_A506;48_B310;48_B350,259893.07839857606,0.0,0.0,259893.07839857606,1.9103676e+07,3.0893204e+07,0.00010907871,-0.0020491295,0.0052122725,0.006776011,2.5952754e+07,3.3229214e+07,test
scenario_1337,4,10_5004;34_1031;34_1638;34_6057,0.0,0.0,0.0,0.0,7.02556e+07,6.607417e+07,0.009766487,0.007919025,0.025937542,0.023686353,7.861598e+07,7.7619464e+07,train
scenario_1338,2,49_C447;49_C451,0.0,0.0,0.0,0.0,7.114794e+06,-7.65332e+06,0.000712751,-0.00014462357,0.0013601058,-0.0024900795,2.941625e+06,-8.764048e+06,val
scenario_1339,3,26_0216;26_0221;26_0222,0.0,0.0,0.0,0.0,1.2556908e+07,3.849966e+06,0.00025801838,0.0008788876,0.0033367183,0.001644118,1.1709702e+07,2.486785e+06,train
scenario_1340,5,10_0107;10_0108;10_0110;10_0206;10_0259,0.0,0.0,0.0,0.0,1.804577e+06,3.65363e+06,-0.00038632576,-0.00077786285,0.00057137525,0.0010151565,242742.0,3.864459e+06,train
scenario_1341,4,18_A310;18_A320;18_A340;18_A350,0.0,0.0,0.0,0.0,6.198496e+07,8.352437e+07,0.006189699,0.0004956175,0.023594938,0.027684838,7.075197e+07,9.327239e+07,test
scenario_1342,3,18_0602;22_0709;4_A442,0.0,0.0,0.0,0.0,7.237009e+06,8.726316e+06,0.00037308154,-0.0016970871,0.0010784599,0.002135165,6.831537e+06,9.110586e+06,train
scenario_1343,2,48_1056;48_3729,0.0,0.0,0.0,0.0,-1083.0,2.503104e+07,-0.0005854836,-8.365e-05,0.00049820356,0.007854692,1.052546e+06,2.7205392e+07,train
scenario_1344,2,48_9355;4_AA61,84861139.61830261,0.0,0.03558283835890579,87880739.83229321,2.864562e+07,4.142988e+07,0.004581607,0.012204425,0.0096085835,0.017421024,3.854865e+07,5.1066864e+07,train
scenario_1345,2,26_0117;26_0214,0.0,0.0,0.0,0.0,5.649086e+06,7.7192205e+06,0.0002162417,-9.139092e-05,0.0010715891,0.0030968909,4.355657e+06,8.500244e+06,test
scenario_1346,2,6_6044;6_9107,0.0,0.0,0.0,0.0,6.146575e+06,1.717165e+06,0.0017135874,-6.1012805e-05,0.0012745694,-0.00024616672,6.522494e+06,928808.0,test
scenario_1347,2,13_1004;13_4118,0.0,0.08944644797055046,0.0,0.0,3.0498896e+07,2.8349648e+07,0.008029668,0.008501606,0.009028997,0.009295027,3.2187748e+07,3.2730546e+07,train
scenario_1348,3,8_0215;8_0217;8_7776,0.0,0.0,0.0,0.0,1.7590246e+07,1.2715032e+07,0.00078003784,0.0005747017,0.003260336,0.0056350473,1.5810876e+07,1.5586075e+07,test
scenario_1349,1,34_0504,0.0,0.0,0.0,0.0,-1.655054e+06,511394.0,-0.00022545096,8.2268845e-05,-0.00066164136,0.0006126496,-3.975866e+06,-14738.0,train
scenario_1350,1,48_3845,67257856.30024399,0.0,0.021667820453841056,68715187.45466791,1.084639e+07,2.113218e+07,0.0009380608,0.0040605813,0.003119216,0.008185094,1.1496978e+07,2.5728854e+07,train
scenario_1351,4,13_0505;13_0560;13_0563;13_0565,145664514.6262124,0.0037460905007798972,0.06017192891185094,154975101.89982206,5.6318824e+07,7.534707e+07,0.00309471,-0.0023302347,0.023855781,0.025698762,6.6070736e+07,7.813833e+07,train
scenario_1352,1,10_0159,0.0,0.0,0.0,0.0,-2.3215e+06,-2.61096e+06,-0.0003328015,-0.00039538462,-0.0008506607,-0.0005732081,-5.102432e+06,-3.196722e+06,train
scenario_1353,2,10_0110;6_0662,0.0,0.0,0.0,0.0,5.719412e+06,-2.706982e+06,0.00018962054,-0.00043984153,0.0012563039,-0.00069026696,4.589613e+06,-4.531364e+06,train
scenario_1354,4,55_0213;55_0217;55_0220;55_0223,0.0,0.0,0.0,0.0,6.690581e+06,9.238762e+06,0.00031179783,0.00038120255,0.0021649343,0.0028445395,7.593056e+06,1.0384725e+07,val
scenario_1355,5,8_A411;8_A431;8_A441;8_A445;8_A452,0.0,0.0,0.0,0.0,1.0375513e+07,5.352735e+07,-0.0011765539,-0.0033996566,0.003144415,0.016652005,1.3996772e+07,5.8339856e+07,train
scenario_1356,2,1_0112;39_0209,0.0,0.0,0.0,0.0,1.912557e+06,-3.45404e+06,1.658278e-05,-0.00054214406,0.00042391894,-0.0012420313,620042.0,-4.862784e+06,val
scenario_1357,5,13_0566;21_1034;22_0709;31_A430;6_3010,36171226.477913134,0.0009365006326461645,0.01504280560151007,36749217.58266874,6.273152e+07,6.652165e+07,0.0070301616,0.0010910807,0.021232188,0.021700699,7.334836e+07,7.507108e+07,test
scenario_1358,3,53_3013;53_AA03;53_BA59,0.0,0.0,0.0,0.0,2.551816e+06,1.2611621e+07,-0.00058338,-0.003565093,0.0018858924,0.0040799626,7.488248e+06,1.126943e+07,test
scenario_1359,6,13_0505;42_1605;48_D320;53_7409;8_0214;8_7783,208429588.63357025,0.0009365902296646356,0.05607879551020744,220313282.02911606,5.168717e+07,6.907624e+07,0.005601069,0.007422837,0.015590681,0.0229555,5.7923344e+07,7.849391e+07,train
scenario_1360,1,12_B320,0.0,0.0,0.0,0.0,-879762.0,-7.741272e+06,-7.478439e-05,-0.0008694689,-0.0006667841,-0.002248996,-1.857306e+06,-9.201248e+06,train
scenario_1361,5,42_1690;42_A310;42_A330;42_A351;42_A410,0.0,0.0,0.0,0.0,-1.202544e+06,9.143426e+06,0.00021611573,0.0070154644,-0.0012065042,0.0058460645,-4.903972e+06,1.0563322e+07,train
scenario_1362,3,12_0101;12_0105;12_0111,0.0,0.0,0.0,0.0,9.518973e+06,9.022573e+06,0.00032451167,-0.000114882365,0.0027084106,0.0031630567,9.47247e+06,8.910986e+06,train
scenario_1363,3,49_C444;49_C447;49_C456,0.0,0.0,0.0,0.0,6.474637e+06,-1.409054e+06,0.00064495887,0.0006745594,0.0016583249,-0.0010639941,4.890241e+06,-2.275594e+06,train
scenario_1364,5,10_0204;10_0208;10_0210;10_4002;34_1031,0.0,0.0,0.0,0.0,1.6341374e+07,2.8376304e+07,4.5101508e-05,-0.00012665149,0.0035993406,0.0090836575,1.7885182e+07,3.3383414e+07,train
scenario_1365,4,13_3011;19_5042;20_A330;34_0560,0.0,0.0,0.0,0.0,5.206117e+07,3.530036e+07,0.0051933974,0.0054370766,0.018088808,0.010712568,6.257907e+07,4.111444e+07,train
scenario_1366,1,48_9355,84861139.61830261,0.0,0.03558283835890579,87880739.83229321,1.7847574e+07,3.5757056e+07,0.0024303533,0.009476103,0.006101821,0.0149696525,2.3502444e+07,4.464979e+07,val
scenario_1367,4,29_5000;29_5091;29_7073;29_A411,0.0,0.0,0.0,0.0,4.328287e+07,2.1895156e+07,0.0025649103,0.0018230593,0.014251664,0.0031320413,5.631109e+07,2.3529808e+07,train
scenario_1368,1,40_0509,0.0,0.0,0.0,0.0,-2.40604e+06,-5.291438e+06,-0.0003211255,-0.00058601284,-0.00085846195,-0.001461945,-5.076804e+06,-5.918476e+06,test
scenario_1369,1,13_4112,0.0,0.0,0.0,0.0,3.004604e+06,-3.440416e+06,0.0013111793,0.0006702115,0.00035098242,-0.0009018509,2.413915e+06,-3.958032e+06,train
scenario_1370,3,34_1031;34_1034;34_1638,0.0,0.0,0.0,0.0,5.3480744e+07,3.5724624e+07,0.005541034,0.0018658226,0.02028216,0.012423056,5.998425e+07,3.746795e+07,train
scenario_1371,2,41_5006;41_5008,0.0,0.0,0.0,0.0,3.726059e+07,2.4252604e+07,0.0049610054,0.0026354883,0.014722997,0.009696454,4.3707576e+07,2.4185974e+07,train
scenario_1372,5,20_B330;27_3009;46_A412;6_0505;6_0608,0.0,0.0,0.0,0.0,2.5041104e+07,3.456432e+06,-0.00024546124,-0.0047761123,0.0053573125,0.0011874274,2.3896968e+07,5.148031e+06,train
scenario_1373,5,34_0503;34_0505;34_0559;34_0802;34_0961,0.0,0.0,0.0,0.0,5.848076e+06,9.369628e+06,0.00014631229,0.00079244137,0.0019094178,0.003020732,6.455773e+06,9.752556e+06,train
scenario_1374,1,6_A350,0.0,0.0,0.0,0.0,-864312.0,-1.4135e+06,-0.000108178356,-0.0008319734,-0.0008951193,-3.3526216e-05,-4.1412e+06,-1.662318e+06,train
scenario_1375,2,6_0208;6_0811,0.0,0.0,0.0,0.0,1.6037629e+07,6.935937e+06,0.00021928805,0.004848467,0.004047675,0.0031153066,1.4372814e+07,5.579303e+06,train
scenario_1376,6,10_0101;13_0503;18_A959;21_A430;48_5283;53_BA60,53085435.74036921,0.0009365018868864317,0.024541459083800357,54437944.40027425,8.852902e+07,9.112653e+07,0.011362877,0.0045570517,0.03341075,0.03156089,1.0012342e+08,9.709204e+07,val
scenario_1377,3,31_4019;31_C410;31_C430,0.0,0.0,0.0,0.0,1.5823919e+07,8.397616e+06,-0.00017184578,0.00023278792,0.003741346,0.00095048174,2.0761986e+07,1.0302498e+07,val
scenario_1378,5,5_4019;5_A602;5_A603;5_A608;5_B410,34422299.99925358,0.0,0.0,34422299.99925358,7.0420984e+07,6.130599e+07,0.0115284715,0.007870175,0.021968195,0.015705258,7.124174e+07,6.834739e+07,train
scenario_1379,4,31_A310;35_2118;55_A908;5_0217,44952802.985699534,0.0,0.009832659676591318,45394808.59896678,4.355096e+07,5.210395e+07,0.0028365334,0.004051379,0.01444792,0.018428199,5.397564e+07,6.0008296e+07,val
scenario_1380,4,18_0604;18_0605;18_0606;18_0661,0.0,0.0,0.0,0.0,8.1251675e+06,6.637489e+06,-6.9773174e-05,0.0010419115,0.0020436773,0.0026310275,8.696259e+06,8.007143e+06,train
scenario_1381,3,8_0213;8_0217;8_0224,0.0,0.0,0.0,0.0,9.862125e+06,6.64754e+06,0.0003617981,0.0003392161,0.0026640166,0.0027891924,9.593502e+06,6.523016e+06,val
scenario_1382,3,32_AA03;32_AA59;32_AA62,0.0,0.0,0.0,0.0,1.1484446e+07,-3.642929e+07,0.00088162534,0.000119592296,0.002432853,-0.011760814,1.1160579e+07,-4.045601e+07,test
scenario_1383,1,29_0705,0.0,0.0,0.0,0.0,-1.878062e+06,-2.09669e+06,-0.00030770944,-0.00051938917,-0.0007277294,-0.00043609645,-4.563874e+06,-2.57764e+06,train
scenario_1384,5,4_0604;4_0607;4_0608;4_0661;4_0662,0.0,0.0,0.0,0.0,1.5649271e+07,2.0117724e+07,-0.0002990748,0.0008396382,0.0051022074,0.0070666918,1.5991209e+07,2.1604424e+07,train
scenario_1385,1,53_3019,233166.0569725175,0.0,0.0,233166.0569725175,1.2321954e+07,2.59713e+06,0.00053037086,-0.00011516502,0.002897597,0.0015707719,1.127715e+07,1.893044e+06,test
scenario_1386,1,6_B442,0.0,0.0,0.0,0.0,559306.0,-5.717774e+06,-8.426525e-05,0.00015212735,-0.00030150125,-0.0011513028,-1.34126e+06,-7.072962e+06,train
scenario_1387,2,16_9032;16_9034,0.0,0.0,0.0,0.0,541976.0,-4.983986e+06,0.00026646676,0.0014813612,0.000789837,-0.003351429,1.102187e+06,-6.54073e+06,train
scenario_1388,6,1_0608;27_0501;38_0213;4_0268;4_BA02;8_A411,0.0,0.00018424619769374928,0.0,0.0,3.0817496e+07,2.8286848e+07,0.0003975188,0.00054487487,0.009716637,0.009962004,3.7843464e+07,2.8896516e+07,val
scenario_1389,5,1_4126;22_0702;29_5058;53_A330;6_0208,41459894.43908169,0.0,0.012833988028713585,41991990.22798459,5.768057e+07,5.0317936e+07,0.0071839476,0.002246726,0.020496605,0.01667169,6.6481576e+07,5.561529e+07,train
scenario_1390,5,39_0101;39_0104;39_0106;39_0111;39_0206,2641.3691679239646,0.0,0.0,2641.3691679239646,9.784912e+06,2.1939632e+07,-0.00017177779,0.0003527518,0.0032494105,0.007031194,1.0252915e+07,2.3722356e+07,train
scenario_1391,3,4_0119;4_1037;6_7491,0.0,0.0,0.0,0.0,1.0320133e+07,2.1305746e+07,0.000377118,-0.0013151307,0.0010731593,0.007563834,6.083932e+06,2.6495412e+07,test
scenario_1392,2,45_5034;45_5035,0.0,0.0,0.0,0.0,1.8429196e+07,2.40098e+07,0.0027305419,0.0031117238,0.006699736,0.0068051135,2.1409702e+07,2.664266e+07,train
scenario_1393,6,22_0707;29_7073;49_7083;4_0260;5_A310;6_B452,0.0,0.0,0.0,0.0,6.353101e+07,4.8344216e+07,0.0054452806,0.0050168387,0.020587578,0.013293527,7.567361e+07,5.162668e+07,train
scenario_1394,2,24_0501;24_0560,0.0,0.0,0.0,0.0,499794.0,3.096792e+06,2.945913e-05,-0.000224874,-3.2959506e-06,0.0011519999,9350.0,3.272032e+06,train
scenario_1395,2,10_0211;48_F320,0.0,0.0,0.0,0.0,3.486995e+06,7.44154e+06,0.00011547236,1.8765102e-05,0.00031164568,0.0022743896,3.114601e+06,8.344027e+06,test
scenario_1396,5,34_0503;34_0506;34_0508;34_0960;34_0962,0.0,0.0,0.0,0.0,3.922196e+06,1.0858733e+07,-0.00019577611,0.00051031046,0.0012342338,0.0030857027,3.437359e+06,1.2458733e+07,val
scenario_1397,2,27_A340;27_B350,0.0,0.0,0.0,0.0,4.748803e+06,-3.2804406e+07,-0.00013535167,-0.0063344976,0.00081518525,-0.009461055,-1.01613e+06,-3.9768544e+07,train
scenario_1398,3,18_A901;18_A902;18_A959,44840639.49026303,0.0,0.02849593472947379,46118415.42640543,5.8932696e+07,8.4546664e+07,0.007614864,0.006920884,0.025524419,0.033243682,7.083242e+07,9.099707e+07,train
scenario_1399,5,4_A430;4_A442;4_A443;4_A445;4_A447,0.0,0.0,0.0,0.0,-1.3895892e+07,-1.106894e+06,-0.0011798114,-0.00425478,-0.0020954288,-0.003933408,-1.7612602e+07,-4.083692e+06,train
scenario_1400,5,16_B320;18_0904;48_H350;4_0608;51_1023,18594627.98890658,0.0,0.006158740896758823,18709147.484761875,4.107685e+07,2.401635e+07,0.0038553122,0.0017533648,0.012935873,0.006450979,4.653188e+07,2.2847988e+07,val
scenario_1401,5,1_0601;1_0603;1_0606;1_0607;1_0663,0.0,0.000878554742202553,0.0,0.0,6.119206e+06,1.398153e+07,-0.00051333045,0.00050790736,0.0017738761,0.0047432426,6.565086e+06,1.5368427e+07,test
scenario_1402,3,48_1060;48_N310;48_N340,0.0,0.0,0.0,0.0,7.8277025e+06,2.7992898e+07,-0.00015628443,-0.0030388474,0.003404416,0.009354771,1.3103022e+07,2.8684134e+07,test
scenario_1403,3,24_0560;48_3569;48_N320,0.0,0.0,0.0,0.0,1.9244016e+07,4.2938292e+07,0.001965845,0.0041030664,0.0055793477,0.016636591,2.5665348e+07,5.1724856e+07,train
scenario_1404,1,34_1030,0.0,0.0,0.0,0.0,1.324131e+06,-6.006916e+06,0.00032308407,0.0004049528,0.00011961209,-0.0025432413,673887.0,-7.5701e+06,test
scenario_1405,2,35_2118;35_6035,0.0,0.0,0.0,0.0,1.3235205e+07,4.061946e+07,0.00052980485,0.004732713,0.003316963,0.0145316925,1.3046142e+07,4.7108656e+07,train
scenario_1406,3,47_C350;55_0124;8_0218,0.0,0.0,0.0,0.0,1.8686962e+07,1.0311104e+07,0.001727783,0.0012072298,0.0050954977,0.0039553214,2.0401856e+07,1.0886121e+07,train
scenario_1407,4,39_B410;39_B411;39_B412;39_B430,0.0,0.0,0.0,0.0,-6.575642e+06,1.917433e+07,0.0012342026,0.0037452471,-0.0010789582,0.0072790217,1.053364e+06,2.0206484e+07,train
scenario_1408,4,19_0602;19_0605;19_0607;19_0608,0.0,0.0,0.0,0.0,1.6508872e+07,3.819441e+06,0.00046296493,0.0013771231,0.005302656,0.0021238923,1.8723434e+07,5.496005e+06,val
scenario_1409,3,31_3028;31_7050;31_A430,0.0,0.0,0.0,0.0,3.0666968e+07,3.6386824e+07,0.0013291223,0.00034520752,0.0108676795,0.008547716,4.2843536e+07,4.217197e+07,val
scenario_1410,4,28_3097;5_3011;5_3048;5_3074,635857567.5659729,0.0,0.14201750582694178,726160473.3728784,1.04824184e+08,9.785284e+07,0.013724086,0.0022390909,0.038979176,0.026050625,1.2249227e+08,1.10948e+08,train
scenario_1411,4,32_0101;32_0104;32_0202;32_0206,0.0,0.0,0.0,0.0,6.514109e+06,1.1887639e+07,0.00034481485,0.00014768913,0.0020974749,0.0037135542,7.41484e+06,1.3731594e+07,train
scenario_1412,2,48_I330;48_I340,0.0,0.0,0.0,0.0,-5.650992e+06,7.370274e+06,0.00094563747,0.0027941165,-0.0008370094,0.0024029429,976205.0,9.055832e+06,val
scenario_1413,6,16_9032;18_6012;29_B411;34_1030;4_0218;6_0206,0.0,0.0,0.0,0.0,7.836232e+07,8.532851e+07,0.010103228,0.009592182,0.027657166,0.026384393,9.160084e+07,9.879123e+07,train
scenario_1414,2,53_3812;53_6048,0.0,0.0,0.0,0.0,2.4403516e+07,-3.141894e+06,0.0042141005,0.00022334477,0.010195019,-0.0011861781,2.5624328e+07,-6.597258e+06,val
scenario_1415,4,12_9054;12_A350;13_4112;13_4113,0.0,0.0,0.0,0.0,1.4838517e+07,-8.86989e+06,0.0050289365,0.0038876836,0.0032130515,-0.0026499503,1.3200298e+07,-9.93178e+06,train
scenario_1416,6,12_0107;12_4108;48_1065;6_0812;6_8149;8_7780,51773602.542384595,0.0,0.016162857978513877,52610411.92731318,2.518466e+07,2.3876916e+07,0.0004539152,0.0067477766,0.00815457,0.0071762474,2.980181e+07,2.5268918e+07,train
scenario_1417,1,37_1817,0.0,0.0,0.0,0.0,7.9306095e+06,1.1774177e+07,0.00035840494,-0.0010998888,0.0018162918,0.0025962554,6.974659e+06,1.2786642e+07,val
scenario_1418,3,4_1062;4_AA59;4_B330,0.0,0.0,0.0,0.0,4.478486e+06,920771.0,-0.0010370567,0.0011793446,-0.00071574375,0.0016528235,-856066.0,-396966.0,val
scenario_1419,2,31_C410;31_C430,0.0,0.0,0.0,0.0,1.384712e+07,3.56531e+06,0.00030639744,-0.00061355985,0.0030760579,2.639927e-05,1.4658493e+07,4.512189e+06,test
scenario_1420,1,8_9019,0.0,0.0,0.0,0.0,8.951863e+06,1.6247539e+07,0.00061308313,-9.963906e-05,0.0024176256,0.005158459,8.842019e+06,1.8736244e+07,train
scenario_1421,1,55_5037,0.0,0.0,0.0,0.0,7.301605e+06,5.550146e+06,-0.00012744823,0.00056730636,0.00083926274,0.0020179553,2.540778e+06,5.491947e+06,train
scenario_1422,5,42_0605;42_0607;42_0608;42_0659;42_1614,0.0,0.0,0.0,0.0,1.9299558e+07,1.0578716e+07,0.0003745344,0.003155062,0.0067312154,0.00492597,2.128995e+07,1.345432e+07,train
scenario_1423,3,46_0602;46_0607;46_0660,0.0,0.0,0.0,0.0,815936.0,-7.834668e+06,-0.0003070751,0.0011247145,-0.00038925838,-0.001855264,2.494808e+06,-5.831568e+06,val
scenario_1424,2,28_A410;4_B350,0.0,0.0,0.0,0.0,8.0384975e+06,2.2054432e+07,0.00029938447,0.00046283624,0.0016850741,0.006547109,8.624267e+06,2.4241468e+07,test
scenario_1425,6,19_0603;28_0902;47_C330;55_B903;5_0216;6_0205,45077384.50043936,0.0,0.009832659676591318,45520615.08134304,6.6641944e+07,6.776524e+07,0.0067735766,0.0007705718,0.025177894,0.024047548,7.560571e+07,7.405535e+07,test
scenario_1426,3,35_AA02;35_AA03;35_AA61,0.0,0.0,0.0,0.0,8.443764e+06,6.833322e+06,-0.0010824093,-0.0036874358,0.0015691158,0.0019290887,8.29671e+06,5.939659e+06,train
scenario_1427,4,13_3018;19_3028;4_B960;55_0124,0.0,0.054032254458977746,0.0,0.0,2.7455808e+07,2.6322128e+07,0.0030740388,-0.0005928833,0.0073665096,0.0063344603,3.2841038e+07,2.8409808e+07,train
scenario_1428,1,32_A310,0.0,0.0,0.0,0.0,859141.0,-5.249346e+06,0.00023445894,0.00021016574,-0.00049463473,-0.0013418039,-2.559522e+06,-6.013318e+06,val
scenario_1429,2,20_0159;20_0902,0.0,0.0,0.0,0.0,670421.0,-5.798518e+06,-4.5591267e-05,-0.0024533253,0.00011632731,-0.0021070926,-981896.0,-6.773342e+06,val
scenario_1430,1,56_2015,0.0,0.0,0.0,0.0,1.926139e+06,6.067377e+06,-0.00038612157,-0.0005996922,-0.00020545302,0.0019503629,-3.38592e+06,6.336492e+06,test
scenario_1431,3,6_0201;6_0570;6_0811,0.0,0.0,0.0,0.0,1.8018394e+07,1.7620192e+07,0.0002511969,0.00493166,0.004887697,0.0066840067,1.7274316e+07,1.7840968e+07,val
scenario_1432,3,31_0118;42_1598;6_0661,0.0,0.0,0.0,0.0,2.6190652e+07,2.7882262e+07,0.0036359532,0.0028853214,0.007614176,0.01000236,2.8956066e+07,3.3364612e+07,test
scenario_1433,4,56_7775;56_B320;56_B350;56_B360,0.0,0.0,0.0,0.0,-4.032914e+06,-336226.0,-0.00022620976,-0.0016221654,-0.00090783834,0.00047978153,-7.960232e+06,880169.0,train
scenario_1434,3,18_A903;27_0502;55_5040,14894120.281365072,0.0,0.00949864075575563,15035594.179290771,3.520785e+07,3.988627e+07,0.0022112473,0.00074515573,0.01363362,0.014567541,4.2927376e+07,4.250957e+07,train
scenario_1435,1,12_0563,0.0,0.0,0.0,0.0,-1.704542e+06,-1.781894e+06,-0.00016992772,-0.00035538396,-0.0005776696,-0.00012580957,-3.563446e+06,-3.522682e+06,train
scenario_1436,5,1_4155;1_C320;1_C330;1_C340;1_C350,0.0,0.0,0.0,0.0,-3.883506e+06,-2.2390258e+07,-0.0020606327,0.00032182818,-0.002065279,-0.009668132,-3.198352e+06,-2.3929814e+07,val
scenario_1437,4,53_1006;53_B310;53_B320;53_B350,0.0,0.0,0.0,0.0,-7.572516e+06,-2.1525594e+07,-0.0018259207,-0.0041902694,-0.0011689714,-0.0075020497,-5.489442e+06,-2.8090734e+07,train
scenario_1438,4,13_5023;32_0105;4_0264;4_BA59,0.0,0.0,0.0,0.0,3.0090772e+07,1.7018196e+07,0.0037255557,0.0040046014,0.009139209,0.006663086,3.557671e+07,1.8054388e+07,val
scenario_1439,3,27_0705;27_0707;27_0709,0.0,0.0,0.0,0.0,5.251937e+06,-813417.0,0.00025031366,-0.00096541,0.0014281941,0.00018013967,5.119567e+06,-1.11871e+06,val
scenario_1440,1,20_0109,0.0,0.0,0.0,0.0,-550719.0,-1.59338e+06,-0.00018607546,-0.00054414384,-0.00042952085,-1.0850374e-05,-3.026776e+06,-2.31393e+06,test
scenario_1441,1,20_4016,0.0,0.0,0.0,0.0,3.421231e+06,7.236053e+06,0.00016868813,0.00021340651,0.00024817605,0.0016726351,191078.0,7.824344e+06,train
scenario_1442,3,8_0503;8_0505;8_0509,0.0,0.0,0.0,0.0,6.532255e+06,3.241743e+06,0.000316379,0.0005656598,0.001694923,0.0012954003,6.325919e+06,3.653812e+06,train
scenario_1443,4,48_3865;48_Q320;48_Q330;48_Q350,0.0,0.0,0.0,0.0,-1.13363e+06,2.71343e+07,-0.00052246766,0.0018442298,0.0010892139,0.0048812935,5.052308e+06,3.1034832e+07,train
scenario_1444,1,55_A908,0.0,0.0,0.0,0.0,1.8441852e+07,1.4418568e+07,0.0007202744,0.00084872043,0.004931466,0.005382604,2.04636e+07,1.6230188e+07,train
scenario_1445,5,32_7000;32_A410;32_A460;32_C310;32_C320,0.0,0.0,0.0,0.0,-2.863748e+06,-1.52382e+07,-0.0005603875,-0.0018280906,-0.00019886298,-0.0031408467,-4.689566e+06,-1.8916626e+07,test
scenario_1446,4,39_4031;39_9006;39_A411;39_A412,405599577.87432075,0.0,0.1647832332654341,472435587.7275465,6.980366e+07,1.03107656e+08,0.007272022,0.008985509,0.028245801,0.038570877,8.4356264e+07,1.22501944e+08,val
scenario_1447,3,39_0106;39_0110;39_0211,35852122.525055416,0.0,0.014556146352146008,36373991.26756519,7.402493e+06,9.096607e+06,0.0003096609,-0.00025703083,0.0020668306,0.0029132927,7.478059e+06,8.940832e+06,test
scenario_1448,2,50_1004;6_7493,0.0,0.0,0.0,0.0,1.7022072e+07,-1.1230902e+07,0.0012509304,0.0018927758,0.003509147,-0.003310111,1.618889e+07,-1.3273656e+07,test
scenario_1449,3,10_0108;18_0604;6_7452,0.0,0.0,0.0,0.0,1.369139e+06,-1.574746e+06,0.00052281003,0.0026037374,0.00013224455,-0.00095576653,4.601866e+06,-1.035388e+06,train
scenario_1450,1,48_1050,0.0,0.0,0.0,0.0,-3.178358e+06,2.461761e+06,0.0002664259,0.0009040779,-0.001344881,0.0009486084,-4.614718e+06,2.711103e+06,val
scenario_1451,4,48_1183;48_3609;48_E350;48_E352,0.0,0.0,0.0,0.0,-3.057176e+06,1.8185782e+07,-0.0018986393,-0.0060898005,-0.000112601556,0.0013611079,-2.671726e+06,1.8836812e+07,train
scenario_1452,3,39_0210;39_0212;39_0901,37667367.22148486,0.0,0.015541340980666679,38252768.61931794,9.279866e+06,5.118871e+06,0.00036029972,-0.00048258097,0.0024962323,0.0020748337,8.913423e+06,5.24697e+06,test
scenario_1453,4,4_0504;4_0505;4_0507;4_0508,0.0,0.0,0.0,0.0,6.813313e+06,4.713486e+06,1.4728867e-06,0.00081783754,0.001713512,0.0016614927,7.338564e+06,6.043347e+06,train
scenario_1454,4,18_0901;18_0902;18_0905;18_5518,0.0,0.0,0.0,0.0,5.180128e+07,6.5863904e+07,0.004491595,0.005575581,0.021053053,0.022712499,6.188185e+07,7.035856e+07,train
scenario_1455,2,4_6060;4_C310,0.0,0.0,0.0,0.0,-3.18163e+06,-2.387132e+06,-0.00040662452,-0.0038265171,-0.0013615177,-0.0016075005,-4.382936e+06,-3.222716e+06,train
scenario_1456,3,4_0160;4_0902;6_7491,0.0,0.0,0.0,0.0,8.830825e+06,1.7703818e+07,0.00044713757,0.008515324,0.0011412711,0.009129992,5.545766e+06,2.6206286e+07,train
scenario_1457,2,4_1062;4_B310,0.0,0.0,0.0,0.0,1.0227653e+07,4.103417e+06,-0.00017886609,-0.00047376507,0.0011747298,0.0019508728,6.642503e+06,3.825778e+06,train
scenario_1458,2,12_C321;6_3042,0.0,0.0,0.0,0.0,1.1559387e+07,1.31898e+07,0.0025021601,0.0067066886,0.0021276646,0.008428215,1.2346636e+07,1.898926e+07,val
scenario_1459,2,47_2001;47_2008,0.0,0.0,0.0,0.0,2.7873152e+07,3.2462764e+07,0.002247148,0.0017149929,0.010834193,0.0050298865,3.766715e+07,3.624899e+07,train
scenario_1460,4,55_3014;55_5040;55_A902;55_A908,0.0,0.0,0.0,0.0,4.081099e+07,5.681324e+07,0.00089658686,0.00065381697,0.016386261,0.017520297,5.701948e+07,6.3622504e+07,train
scenario_1461,5,40_4086;40_AA01;40_AA03;40_AA62;40_AA63,0.0,0.0,0.0,0.0,1.8636378e+07,3.0687168e+07,-0.0007581379,-0.0015087213,0.005770687,0.0050608492,2.4864822e+07,3.4668824e+07,train
scenario_1462,4,12_A310;13_0509;24_0506;56_2020,37051315.29845616,0.000936509102456573,0.015042873625715531,37643372.44619237,3.4353304e+07,2.1475184e+07,0.0032396975,0.000903985,0.011111256,0.0061510867,3.8403004e+07,2.2171518e+07,train
scenario_1463,2,28_3083;28_3085,0.0,0.0,0.0,0.0,1.4537048e+07,2.987458e+07,0.002337161,0.0014073842,0.0036762971,0.008576543,1.7045164e+07,3.2503888e+07,train
scenario_1464,3,48_1065;48_5336;48_6079,51773602.542384595,0.0,0.016162857978513877,52610411.92731318,1.0565672e+07,2.6239824e+07,-0.0011429648,0.00094981724,0.003406268,0.008062336,1.2065188e+07,2.6253348e+07,train
scenario_1465,2,49_3011;49_C352,0.0,0.0,0.0,0.0,1.0295346e+07,1.2989751e+07,0.00044489617,0.0006255601,0.0017087332,0.0033351467,5.693091e+06,1.4561372e+07,train
scenario_1466,5,42_0601;42_0603;42_0606;42_0608;42_0661,0.0,0.0,0.0,0.0,2.3244804e+07,2.8887608e+07,-0.0003345859,0.0020004888,0.008013621,0.010292306,2.3173056e+07,2.9723984e+07,test
scenario_1467,2,18_A310;18_A320,0.0,0.0,0.0,0.0,3.46601e+07,3.8724412e+07,0.0029875142,-0.0019115506,0.01215668,0.013093432,4.0646276e+07,4.322273e+07,val
scenario_1468,4,37_5827;51_0115;51_0118;51_2004,0.0,0.0,0.0,0.0,5.568209e+06,1.6955852e+07,0.00010200171,0.00271293,0.0005654786,0.0024373045,6.222074e+06,1.8441292e+07,train
scenario_1469,5,12_4107;12_B351;46_0803;4_0223;6_0664,0.0,0.0,0.0,0.0,2.7738296e+07,1.8768078e+07,0.001701467,0.0013522614,0.007616577,0.006260601,3.0645852e+07,2.0790844e+07,train
scenario_1470,1,12_A320,0.0,0.0,0.0,0.0,-1.566746e+06,-5.422284e+06,0.00024728058,0.00050137495,-0.0006644833,-0.0012072306,-1.753966e+06,-6.50706e+06,test
scenario_1471,3,12_4106;17_0608;1_3028,73813561.90059172,0.0,0.019212051555679625,75231671.85733424,2.7591316e+07,3.4840104e+07,0.004515079,0.0070034624,0.0085978955,0.012494441,3.4475828e+07,4.184861e+07,train
scenario_1472,2,30_A350;4_0221,0.0,0.0,0.0,0.0,2.0334618e+07,1.62408e+07,0.000723723,0.00093007257,0.0057289023,0.0061907787,2.1893528e+07,1.6543452e+07,train
scenario_1473,5,56_7775;56_B310;56_B320;56_B350;56_B360,0.0,0.0,0.0,0.0,-8.731182e+06,2.113546e+06,-0.00078499864,-0.0022833562,-0.0023599812,0.0010102065,-1.2439404e+07,3.340525e+06,test
scenario_1474,1,48_C410,0.0,0.0,0.0,0.0,2.522921e+06,579400.0,0.00011096592,-0.00018755591,5.0945673e-05,0.0004229159,616712.0,297350.0,val
scenario_1475,2,1_A310;1_A350,0.0,0.0,0.0,0.0,1.209353e+07,1.2685647e+07,0.0015866676,0.0021051753,0.002908553,0.0038900664,1.6231852e+07,1.4501584e+07,val
scenario_1476,2,1_0604;55_0903,0.0,0.00018424490287505257,0.0,0.0,1.3226717e+07,1.4413775e+07,0.00034749077,0.000387577,0.0030041358,0.005405541,1.0289142e+07,1.5213772e+07,train
scenario_1477,5,13_0505;25_1004;27_5076;42_0605;49_D448,37330387.48648678,0.0009365902296646356,0.01504352517299221,37926931.38654672,4.686562e+07,5.245093e+07,0.0025479547,-0.0014401156,0.015939023,0.017156444,5.6632224e+07,5.8858384e+07,train
scenario_1478,4,47_3110;47_C310;47_C330;47_C350,0.0,0.0,0.0,0.0,6.672285e+07,5.3135344e+07,0.01483032,0.0026193103,0.02199885,0.017842019,6.371733e+07,5.929995e+07,train
scenario_1479,5,6_0210;6_0501;6_0504;6_0608;6_0659,0.0,0.0,0.0,0.0,2.6011546e+07,2.81531e+07,0.0002959707,-0.0038587726,0.0093266815,0.0098255575,2.9482556e+07,3.1138112e+07,train
scenario_1480,4,12_0103;13_0565;20_0112;8_1053,36092010.56000527,0.0009364979950526875,0.015042784417951217,36668734.98959671,2.3986364e+07,2.884908e+07,0.0005750678,0.0012614041,0.0074737854,0.009353226,2.4904066e+07,2.891766e+07,train
scenario_1481,4,17_0660;18_3030;1_5008;4_0603,136841753.8533118,0.08944644797055046,0.060999123804080034,157428989.75441658,5.9426384e+07,6.275837e+07,0.010439691,0.013399158,0.020593546,0.023166517,6.734845e+07,7.359689e+07,train
scenario_1482,3,19_1044;19_3055;19_A410,0.0,0.0,0.0,0.0,1.6060971e+07,2.7400552e+07,-0.0007821998,-0.00043204345,0.00362093,0.005644266,1.9516712e+07,3.0119636e+07,train
scenario_1483,2,12_0901;12_4097,0.0,0.0,0.0,0.0,3.437549e+06,5.55252e+06,0.00012131932,0.00033686042,-0.00010950677,0.0010643858,1.517951e+06,6.007641e+06,train
scenario_1484,1,55_B908,0.0,0.0,0.0,0.0,1.8772484e+07,1.3210894e+07,0.0006781324,0.00012959854,0.005180591,0.0048202616,2.2118284e+07,1.4007318e+07,train
scenario_1485,2,18_A901;4_0162,15029385.348845612,0.0,0.009498643409000041,15172144.120930746,2.2057256e+07,2.3822678e+07,0.0011124943,0.0040049925,0.0072989813,0.010140219,2.8980118e+07,2.6753092e+07,val
scenario_1486,3,4_0266;4_B960;4_B964,0.0,0.0,0.0,0.0,1.3242241e+07,4.774466e+06,0.00017666316,-0.0009214588,0.0027543432,0.0018622552,1.1403358e+07,1.927741e+06,val
scenario_1487,4,49_7085;49_E448;49_E452;49_E455,0.0,0.0,0.0,0.0,-2.978486e+06,-1.5072376e+07,-9.0422924e-05,0.0012052376,-0.0014437158,-0.005562627,-4.313676e+06,-1.6997762e+07,train
scenario_1488,1,24_1632,0.0,0.0,0.0,0.0,2.776289e+06,1.5091732e+07,-0.00014399074,0.00094203255,0.00068902783,0.0050234906,955045.0,1.6550862e+07,val
scenario_1489,4,22_0708;37_1028;4_BA59;6_0201,0.0,0.0,0.0,0.0,3.0308804e+07,3.9426904e+07,0.0029728487,-7.762946e-05,0.01086175,0.013227332,4.0344024e+07,4.1394376e+07,test
scenario_1490,2,48_J320;48_J330,0.0,0.0,0.0,0.0,-7.6365e+06,6.279471e+06,-0.00049366057,-0.0015391497,-0.0013979343,0.0013739753,-4.21177e+06,7.11075e+06,test
scenario_1491,3,20_0163;20_0206;20_0212,0.0,0.0,0.0,0.0,9.174946e+06,3.948068e+06,0.00030717545,-0.0006282999,0.0025666198,0.001588539,9.016542e+06,3.593574e+06,test
scenario_1492,2,1_4125;1_A350,0.0,0.0,0.0,0.0,1.1676558e+07,1.337963e+07,0.001483092,0.0014416849,0.002712798,0.0037225918,1.5209581e+07,1.464384e+07,val
scenario_1493,1,4_0659,0.0,0.0,0.0,0.0,2.091895e+06,-2.533584e+06,-9.456393e-05,0.00016694143,0.00017013215,-0.00036601443,-826480.0,-3.276168e+06,train
scenario_1494,4,4_A441;4_A452;4_A455;4_A459,0.0,0.0,0.0,0.0,-1.0437e+07,-1.768646e+06,-0.00089319993,-0.0056783087,-0.001601378,-0.0038595307,-1.2071574e+07,-4.483096e+06,train
scenario_1495,5,12_A320;12_A330;12_A350;13_4112;13_4113,0.0,0.0,0.0,0.0,4.959853e+06,-1.6181724e+07,0.0030991652,0.0047624214,-6.541144e-05,-0.004648915,1.966161e+06,-1.8418958e+07,train
scenario_1496,5,53_0201;53_0207;53_0208;53_0212;53_1005,62355456.16440342,0.0,0.014922261605631698,63285940.59382715,4.469908e+06,2.294239e+07,-0.000646453,-0.0025405115,0.00087448116,0.0055100014,1.874392e+06,2.6530472e+07,val
scenario_1497,2,4_7079;4_B901,0.0,0.0,0.0,0.0,2.402567e+06,-5.116538e+06,-0.00012666523,-0.005237587,-0.00080950884,-0.0035534515,-4.251246e+06,-9.471746e+06,train
scenario_1498,2,30_0503;48_1178,0.0,0.0,0.0,0.0,1.482688e+06,-1.234976e+06,-0.000488617,-0.0022581955,-0.0004269625,-0.0027951351,-439584.0,-3.9796e+06,train
scenario_1499,3,27_1016;27_1023;27_B320,0.0,0.0,0.0,0.0,-5.155668e+06,-3.080535e+07,-0.0011235523,-0.0061946036,-0.0017716074,-0.0071121487,-1.251275e+07,-3.7054816e+07,val
