scenario_id,num_closed_nodes,closed_node_ids,delta_vht_proxy,connectivity_loss_pct,disconnected_od_pct,disruption_score
scenario_0000,2,10_0205;40_4166,258499129.77757877,0.0,0.05815393187768814,273531870.5611058
scenario_0001,3,20_0112;26_0113;32_AA61,0.0,0.0,0.0,0.0
scenario_0002,5,27_1003;27_1017;27_1020;27_2023;27_3005,0.0,0.0,0.0,0.0
scenario_0003,6,20_0112;27_1003;32_7084;39_0105;4_0215;6_0201,0.0,0.0,0.0,0.0
scenario_0004,2,4_1007;4_BA02,0.0,0.0,0.0,0.0
scenario_0005,6,20_0206;37_0211;48_5283;4_0260;4_BA59;4_BA61,0.0,0.010451725491480657,0.0,0.0
scenario_0006,3,49_E443;49_E444;49_E460,0.0,0.0,0.0,0.0
scenario_0007,2,4_0121;4_0903,0.0,0.0,0.0,0.0
scenario_0008,4,10_0102;1_4126;37_A962;8_0218,278564461.78410274,0.0,0.10999124711458047,309204114.3375381
scenario_0009,1,6_0205,0.0,0.0,0.0,0.0
scenario_0010,2,55_C902;5_0803,0.0,0.0,0.0,0.0
scenario_0011,3,37_0859;37_0902;55_0806,0.0,0.0,0.0,0.0
scenario_0012,5,20_0108;20_0111;20_0160;20_0164;26_0214,0.0,0.0,0.0,0.0
scenario_0013,4,12_0102;12_0105;12_0106;12_0562,0.0,0.0,0.0,0.0
scenario_0014,1,55_0123,0.0,0.0,0.0,0.0
scenario_0015,2,37_0204;37_0903,0.0,0.0,0.0,0.0
scenario_0016,2,49_D449;49_D455,0.0,0.0,0.0,0.0
scenario_0017,5,48_1109;48_3579;48_F310;48_F340;48_F350,0.0,0.010922351166124944,0.0,0.0
scenario_0018,5,26_0117;31_0124;35_0102;5_0213;5_0218,108853426.05295154,0.0,0.06982313028195966,116453913.00188445
scenario_0019,5,49_7082;49_C443;49_C447;49_C450;49_C457,598538494.4349011,0.0,0.17678910368178072,704353578.3850899
scenario_0020,5,39_0104;39_0209;49_E448;4_AA61;8_0223,0.0,0.0,0.0,0.0
scenario_0021,5,22_0115;48_0161;48_0165;4_0263;5_0213,74585277.86092715,0.00018393296657914782,0.04800763301493182,78179659.20021135
scenario_0022,2,38_0216;38_0262,0.0,0.0,0.0,0.0
scenario_0023,1,4_0115,0.0,0.0,0.0,0.0
scenario_0024,3,4_AA03;4_AA59;4_AA61,0.0,0.0,0.0,0.0
scenario_0025,3,32_0112;32_0208;32_0211,0.0,0.0,0.0,0.0
scenario_0026,1,8_A452,0.0,0.0,0.0,0.0
scenario_0027,5,10_0159;38_0213;39_0264;6_0209;8_0217,0.0,0.0,0.0,0.0
scenario_0028,2,39_A803;39_A804,0.0,0.0,0.0,0.0
scenario_0029,1,55_0220,0.0,0.0,0.0,0.0
scenario_0030,6,10_0103;19_0159;27_3009;32_AA59;39_0203;49_D461,0.0,0.0,0.0,0.0
scenario_0031,1,48_0121,62084074.86396097,9.196648328957391e-05,0.029313599581940897,63909692.22897189
scenario_0032,4,1_0111;39_0159;55_0218;55_C960,18505789.93216464,0.0,0.007336327392567594,18641554.465765078
scenario_0033,3,16_1005;16_9032;16_9034,0.0,0.0,0.0,0.0
scenario_0034,3,10_0103;10_0201;10_0209,0.0,0.0,0.0,0.0
scenario_0035,3,39_0111;39_0259;39_0901,0.0,0.0,0.0,0.0
scenario_0036,4,10_0108;4_0221;4_0222;4_BA59,0.0,0.0,0.0,0.0
scenario_0037,4,10_0106;37_0207;4_0220;8_0215,0.0,0.0,0.0,0.0
scenario_0038,4,26_0217;27_3005;27_3007;4_BA02,0.0,0.0,0.0,0.0
scenario_0039,5,12_0110;19_0220;26_0259;5_0217;6_0202,40.17164579548778,0.0,0.0,40.17164579548778
scenario_0040,3,4_0113;4_0163;4_0560,0.0,0.0,0.0,0.0
scenario_0041,3,6_0205;6_0509;6_0606,0.0,0.0,0.0,0.0
scenario_0042,4,27_1017;27_3005;27_3007;27_4055,0.0,0.0,0.0,0.0
scenario_0043,3,36_0801;36_0802;36_0859,0.0,0.0,0.0,0.0
scenario_0044,4,19_0108;26_0218;49_D410;55_0117,0.0,0.0,0.0,0.0
scenario_0045,1,51_5010,0.0,0.0,0.0,0.0
scenario_0046,5,4_0121;4_0216;4_0265;4_0505;4_0661,0.0,0.0,0.0,0.0
scenario_0047,2,49_0803;49_0804,0.0,0.0,0.0,0.0
scenario_0048,2,4_BA02;4_BA03,0.0,0.0,0.0,0.0
scenario_0049,5,12_0101;31_0123;38_0214;4_AA60;8_A455,0.0,0.0,0.0,0.0
scenario_0050,5,32_AA60;49_D461;4_0215;4_0223;8_A441,0.0,0.0,0.0,0.0
scenario_0051,3,32_AA60;4_0224;8_0213,0.0,0.0,0.0,0.0
scenario_0052,5,26_0124;48_0903;53_0205;53_0211;53_0212,270106346.6088387,0.00011584988781343508,0.12702556965867984,304448050.9452036
scenario_0053,5,12_0103;35_0112;39_0101;51_0118;53_0211,0.0,0.0,0.0,0.0
scenario_0054,4,39_0208;49_0804;6_0201;6_0210,0.0,0.0,0.0,0.0
scenario_0055,3,51_0120;51_0122;51_0123,0.0,0.0,0.0,0.0
scenario_0056,1,49_C450,43429490.91773948,0.0,0.012809961469232026,43985821.02302409
scenario_0057,3,35_0103;51_0114;53_0204,0.0,0.0,0.0,0.0
scenario_0058,3,48_0113;48_0116;48_0801,125194899.94281018,0.0001945510797058958,0.05862719916388181,132559083.07901712
scenario_0059,2,6_0204;6_0211,0.0,0.0,0.0,0.0
scenario_0060,1,22_3056,0.0,0.0,0.0,0.0
scenario_0061,5,4_0217;4_0264;4_0265;4_0606;4_0903,0.0,0.0,0.0,0.0
scenario_0062,1,30_0113,0.0,0.0,0.0,0.0
scenario_0063,3,20_0162;20_0206;20_0211,0.0,0.0,0.0,0.0
scenario_0064,6,1_0111;20_0162;26_0215;4_0224;4_0264;6_0208,18505789.93216464,0.0,0.007336327392567594,18641554.465765078
scenario_0065,2,48_0117;4_0261,62521722.22142241,9.196648328957391e-05,0.029313599581940897,64360208.85471644
scenario_0066,5,30_0113;30_0120;30_0121;30_0124;30_0901,0.0,0.0,0.0,0.0
scenario_0067,6,32_AA61;40_0114;4_0220;4_AA01;51_0114;55_6351,18236165.165249743,0.0,0.004144670016083702,18311748.0522185
scenario_0068,3,37_0206;37_0260;5_0117,104597173.55420032,0.0,0.06653194987740356,111556227.46242645
scenario_0069,4,29_0801;4_0214;5_0121;6_0209,0.0,0.0,0.0,0.0
scenario_0070,4,19_0216;19_0219;19_0224;38_0260,0.0,0.0,0.0,0.0
scenario_0071,4,55_0120;55_0122;55_0123;55_0262,0.0,0.0,0.0,0.0
scenario_0072,1,22_0115,0.0,0.0,0.0,0.0
scenario_0073,2,22_0120;22_0707,0.0,0.0,0.0,0.0
scenario_0074,2,49_D460;49_D462,0.0,0.0,0.0,0.0
scenario_0075,2,4_0214;53_0202,0.0,0.0,0.0,0.0
scenario_0076,2,37_0205;37_0207,0.0,0.0,0.0,0.0
scenario_0077,5,4_0213;4_0215;4_0216;4_0260;4_0267,0.0,0.0,0.0,0.0
scenario_0078,1,1_0107,18474954.004776597,0.0,0.00732235421456317,18610234.16209733
scenario_0079,5,26_0115;26_0221;26_0224;26_0603;26_0606,0.0,0.0,0.0,0.0
scenario_0080,2,48_AA01;4_0265,0.0,0.004813491064655229,0.0,0.0
scenario_0081,3,31_0115;31_0117;32_0208,0.0,0.0,0.0,0.0
scenario_0082,3,26_0213;26_0219;8_0224,0.0,0.0,0.0,0.0
scenario_0083,1,26_0119,0.0,0.0,0.0,0.0
scenario_0084,4,30_0118;30_0121;30_0806;30_0902,0.0,0.0,0.0,0.0
scenario_0085,4,37_0801;37_0901;55_0806;5_0810,0.0,0.0,0.0,0.0
scenario_0086,6,20_0108;26_0220;31_0904;41_7081;4_0262;55_0263,103871577.18766528,0.0,0.029927436738347107,106980187.24286148
scenario_0087,5,19_0103;19_0108;19_0109;19_0111;1_0107,18474954.004776597,0.0,0.00732235421456317,18610234.16209733
scenario_0088,2,48_A807;48_A808,0.0,0.004168747900583858,0.0,0.0
scenario_0089,3,40_1017;40_4157;40_4166,258499129.77757877,0.0,0.05815393187768814,273531870.5611058
scenario_0090,3,49_D440;49_D455;49_D462,0.0,0.0,0.0,0.0
scenario_0091,2,49_E454;6_0210,0.0,0.0,0.0,0.0
scenario_0092,2,10_0101;10_0159,0.0,0.0,0.0,0.0
scenario_0093,5,4_0217;4_0219;4_0222;4_0262;8_0216,0.0,0.0,0.0,0.0
scenario_0094,4,28_0805;28_0806;39_0260;39_0262,0.0,0.0,0.0,0.0
scenario_0095,4,19_0217;19_0219;19_0224;19_0604,0.0,0.0,0.0,0.0
scenario_0096,4,19_0105;26_0124;4_0215;8_A443,0.0,0.0,0.0,0.0
scenario_0097,3,38_0214;38_0216;38_0221,0.0,0.0,0.0,0.0
scenario_0098,6,12_AA03;20_0164;26_0215;27_1017;48_0114;6_0202,62143489.8755597,9.196648328957391e-05,0.029313599581940897,63970854.372619465
scenario_0099,2,4_0222;8_A444,0.0,0.0,0.0,0.0
scenario_0100,2,6_0811;6_0812,0.0,0.0,0.0,0.0
scenario_0101,2,4_0221;8_0213,0.0,0.0,0.0,0.0
scenario_0102,1,8_7776,0.0,0.0,0.0,0.0
scenario_0103,5,4_0121;4_0162;4_0216;4_0264;4_0903,0.0,0.0,0.0,0.0
scenario_0104,4,56_B320;56_B330;56_B350;56_B360,0.0,0.0,0.0,0.0
scenario_0105,2,32_0111;32_0207,0.0,0.0,0.0,0.0
scenario_0106,6,22_0113;39_0206;48_0120;48_0901;49_E445;4_BA01,312860547.4263561,0.0002078131977365505,0.14656636564456485,358780397.3670124
scenario_0107,5,20_0102;20_0108;20_0159;20_0160;20_0211,0.0,0.0,0.0,0.0
scenario_0108,6,1_0101;39_0111;39_0260;5_0215;5_0222;8_0221,122044616.67127903,0.0,0.07278106226013807,130927153.51574609
scenario_0109,4,32_0102;32_0110;32_0111;32_0201,0.0,0.0,0.0,0.0
scenario_0110,2,19_0106;1_0109,18483268.858877864,0.0,0.007335451510481305,18618851.981347352
scenario_0111,1,22_0113,0.0,0.0,0.0,0.0
scenario_0112,4,4_0118;4_0219;4_0260;4_0659,0.0,0.0,0.0,0.0
scenario_0113,3,10_0101;10_0109;10_0210,0.0,0.0,0.0,0.0
scenario_0114,1,27_3005,0.0,0.0,0.0,0.0
scenario_0115,1,56_7773,0.0,0.0,0.0,0.0
scenario_0116,5,19_0218;19_0221;37_0212;5_0115;5_0117,104597173.55420032,0.0,0.06653194987740356,111556227.46242645
scenario_0117,4,20_0205;20_0208;37_2825;4_BA01,0.0,0.0,0.0,0.0
scenario_0118,6,1_0104;1_0110;40_0113;4_0215;4_0261;55_0120,58213836.56449546,0.0,0.019457399093419904,59346526.41528997
scenario_0119,4,1_0105;1_0162;1_0564;1_0601,37214025.01836755,0.0,0.014653433664685762,37759338.26537015
scenario_0120,4,49_D443;49_D452;49_D455;49_D460,0.0,0.0,0.0,0.0
scenario_0121,3,26_0213;26_0215;26_0603,0.0,0.0,0.0,0.0
scenario_0122,4,39_0206;39_0207;39_0209;39_0259,0.0,0.0,0.0,0.0
scenario_0123,5,39_0102;42_1599;4_AA61;53_0208;5_0224,0.0,0.0,0.0,0.0
scenario_0124,4,12_AA03;32_0259;37_0206;4_AA01,0.0,0.0,0.0,0.0
scenario_0125,6,19_0219;39_0203;39_0903;48_0113;6_0206;8_0220,62404672.38549416,9.196648328957391e-05,0.029313599581940897,64239717.10210488
scenario_0126,2,37_0903;5_0810,0.0,0.0,0.0,0.0
scenario_0127,5,19_0106;19_0108;1_0102;1_0110;46_0859,37176030.90519062,0.0,0.014652102607788476,37720737.92456378
scenario_0128,2,38_0221;38_0263,0.0,0.0,0.0,0.0
scenario_0129,5,30_0113;30_0114;30_0118;30_0123;30_0903,0.0,0.0,0.0,0.0
scenario_0130,3,10_0111;10_0206;10_0259,0.0,0.0,0.0,0.0
scenario_0131,3,49_7085;49_E454;49_E459,0.0,0.0,0.0,0.0
scenario_0132,1,41_7081,103871577.18766528,0.0,0.029927436738347107,106980187.24286148
scenario_0133,1,48_0903,270106346.6088387,0.00011584988781343508,0.12702556965867984,304448050.9452036
scenario_0134,6,10_0211;26_0214;48_0120;4_0263;4_BA03;6_0209,62027321.32895206,9.196648328957391e-05,0.029313599581940897,63851269.82413985
scenario_0135,1,37_0209,0.0,0.0,0.0,0.0
scenario_0136,2,5_0114;5_0121,121863986.4371272,0.0,0.07743818086582892,131300911.85987638
scenario_0137,3,20_0103;20_0109;20_0164,0.0,0.0,0.0,0.0
scenario_0138,2,49_C431;49_C449,86835162.65583123,0.0,0.02561992293846405,89059872.83142263
scenario_0139,3,10_0108;39_0160;5_0222,51543972.27025205,0.0,0.03272172825545319,53230580.12408586
scenario_0140,1,10_0106,0.0,0.0,0.0,0.0
scenario_0141,3,55_0118;55_0120;55_0224,0.0,0.0,0.0,0.0
scenario_0142,3,35_0110;35_0901;35_0902,0.0,0.0,0.0,0.0
scenario_0143,5,26_0113;26_0122;35_0109;39_0103;53_0207,0.0,0.0,0.0,0.0
scenario_0144,1,27_2023,0.0,0.0,0.0,0.0
scenario_0145,3,10_0203;48_0124;48_AA02,62731520.08963477,0.00490497841736548,0.029313599581940897,64878103.502837
scenario_0146,3,12_0110;51_0121;53_0204,0.0,0.0,0.0,0.0
scenario_0147,2,28_1001;28_3091,0.0,0.0,0.0,0.0
scenario_0148,4,49_E443;49_E448;49_E452;49_E462,0.0,0.0,0.0,0.0
scenario_0149,3,35_0107;35_0110;35_0112,0.0,0.0,0.0,0.0
scenario_0150,6,10_0260;22_0114;26_0214;26_0223;4_0214;4_0262,0.0,0.0,0.0,0.0
scenario_0151,2,49_C440;49_C449,86736327.39194605,0.0,0.02561992293846405,88958505.4156931
scenario_0152,2,37_0201;37_0205,0.0,0.0,0.0,0.0
scenario_0153,2,20_0159;26_0215,0.0,0.0,0.0,0.0
scenario_0154,5,49_C410;49_C444;49_C445;49_C451;49_C452,217058433.25924182,0.0,0.06404980734616014,230960984.0923556
scenario_0155,4,20_0101;20_0112;20_0208;20_0212,0.0,0.0,0.0,0.0
scenario_0156,3,8_A414;8_A443;8_A445,0.0,0.0,0.0,0.0
scenario_0157,1,49_D430,0.0,0.0,0.0,0.0
scenario_0158,3,19_0104;19_0214;19_0223,0.0,0.0,0.0,0.0
scenario_0159,2,5_0218;5_0222,85812122.28963836,0.0,0.05453722552248103,90492077.35551108
scenario_0160,2,39_0212;39_0810,0.0,0.0,0.0,0.0
scenario_0161,2,48_0167;8_0216,62201552.84547977,9.196648328957391e-05,0.029313599581940897,64030624.71703746
scenario_0162,2,40_0123;5_0216,18365168.588034052,0.0,0.004144463819212002,18441282.364780888
scenario_0163,4,6_0201;6_0205;6_0210;6_0212,0.0,0.0,0.0,0.0
scenario_0164,2,4_1025;4_AA61,0.0,0.0,0.0,0.0
scenario_0165,1,8_0215,0.0,0.0,0.0,0.0
scenario_0166,4,22_0119;22_0120;22_0122;22_0123,0.0,0.0,0.0,0.0
scenario_0167,4,4_0214;4_0223;4_0265;4_0266,0.0,0.0,0.0,0.0
scenario_0168,1,4_0903,0.0,0.0,0.0,0.0
scenario_0169,1,19_0220,0.0,0.0,0.0,0.0
scenario_0170,1,55_0261,0.0,0.0,0.0,0.0
scenario_0171,5,49_C458;4_0217;4_0267;4_BA03;5_0217,40.17164579548778,0.0,0.0,40.17164579548778
scenario_0172,2,46_0602;46_0804,0.0,0.0,0.0,0.0
scenario_0173,2,39_0160;39_0209,0.0,0.0,0.0,0.0
scenario_0174,4,39_0203;4_0221;4_0263;55_6354,0.0,0.0,0.0,0.0
scenario_0175,1,53_3014,0.0,0.0,0.0,0.0
scenario_0176,6,20_0206;31_0122;39_5003;39_A804;4_0218;8_0259,0.0,0.0,0.0,0.0
scenario_0177,4,55_0117;55_0118;55_0124;55_0263,0.0,0.0,0.0,0.0
scenario_0178,2,26_0122;26_0223,0.0,0.0,0.0,0.0
scenario_0179,3,12_0112;53_0207;53_0211,0.0,0.0,0.0,0.0
scenario_0180,4,26_0118;26_0215;26_0222;26_0903,0.0,0.0,0.0,0.0
scenario_0181,3,49_D449;4_0213;8_A451,0.0,0.0,0.0,0.0
scenario_0182,1,49_C443,43412866.27094756,0.0,0.012809961469232026,43968983.41514733
scenario_0183,5,26_0114;26_0116;26_0118;26_0216;26_0602,0.0,0.0,0.0,0.0
scenario_0184,2,10_0159;10_0208,0.0,0.0,0.0,0.0
scenario_0185,1,53_0202,0.0,0.0,0.0,0.0
scenario_0186,2,4_0123;4_0602,0.0,0.0,0.0,0.0
scenario_0187,5,32_0105;4_0260;5_0216;6_0201;6_0205,40.17164579548778,0.0,0.0,40.17164579548778
scenario_0188,5,20_0102;20_0112;20_0160;20_0209;20_0259,0.0,0.0,0.0,0.0
scenario_0189,5,20_0108;20_0160;26_0259;8_0223;8_0812,0.0,0.0,0.0,0.0
scenario_0190,5,56_7775;56_B310;56_B320;56_B330;56_B350,0.0,0.0,0.0,0.0
scenario_0191,2,32_0111;32_0201,0.0,0.0,0.0,0.0
scenario_0192,2,20_0159;31_0115,0.0,0.0,0.0,0.0
scenario_0193,5,30_0806;5_0114;5_0119;5_0123;5_0124,367053471.99641675,0.0,0.23343177155922565,452735414.2215049
scenario_0194,3,32_0103;32_0112;32_0203,0.0,0.0,0.0,0.0
scenario_0195,1,39_0260,0.0,0.0,0.0,0.0
scenario_0196,5,30_0113;30_0117;30_0503;30_0507;30_0805,0.0,0.0,0.0,0.0
scenario_0197,5,10_0105;12_0106;12_0112;51_0114;53_0203,0.0,0.0,0.0,0.0
scenario_0198,4,26_0114;31_0903;32_0203;32_0208,0.0,0.0,0.0,0.0
scenario_0199,2,20_0107;20_0163,0.0,0.0,0.0,0.0
scenario_0200,3,10_0101;10_0103;10_0160,0.0,0.0,0.0,0.0
scenario_0201,4,8_A410;8_A413;8_A430;8_A451,0.0,0.0,0.0,0.0
scenario_0202,6,20_0205;30_0124;4_0260;4_AA61;55_C903;5_0115,0.0,0.0,0.0,0.0
scenario_0203,3,38_0218;4_0215;55_0216,0.0,0.0,0.0,0.0
scenario_0204,2,49_D440;49_D444,0.0,0.0,0.0,0.0
scenario_0205,3,37_0901;55_0114;55_0121,0.0,0.0,0.0,0.0
scenario_0206,2,30_0806;53_0207,0.0,0.0,0.0,0.0
scenario_0207,2,48_0118;48_0122,125042947.33262917,0.00018393296657914782,0.05862719916388181,132396864.6301907
scenario_0208,3,4_B902;4_BA01;4_BA59,0.0,0.0,0.0,0.0
scenario_0209,1,4_A902,0.0,0.0,0.0,0.0
scenario_0210,2,37_0903;41_AA03,20765387.676343307,0.0,0.00598551870409653,20889679.292677876
scenario_0211,5,4_0213;4_0221;4_0267;8_0215;8_0220,0.0,0.0,0.0,0.0
scenario_0212,2,19_0105;1_0106,18585134.193254445,0.0,0.007335349790898164,18721462.653472748
scenario_0213,3,27_1020;48_5284;5_0222,51543972.27025205,0.008643903398928288,0.03272172825545319,53676121.241186954
scenario_0214,4,37_0259;4_0223;4_AA03;55_C901,0.0,0.0,0.0,0.0
scenario_0215,5,12_0109;35_0108;49_C457;4_AA03;5_0224,0.0,0.0,0.0,0.0
scenario_0216,2,12_0110;4_0263,0.0,0.0,0.0,0.0
scenario_0217,3,32_0110;32_0203;32_0259,0.0,0.0,0.0,0.0
scenario_0218,2,55_0263;6_0206,0.0,0.0,0.0,0.0
scenario_0219,5,37_0859;37_0903;55_0805;5_0809;5_0810,0.0,0.0,0.0,0.0
scenario_0220,3,5_0117;5_0122;5_0803,123100208.18827823,0.0,0.078533858170541,132767742.47890055
scenario_0221,4,20_4053;20_4054;20_A411;20_A430,0.0,0.0,0.0,0.0
scenario_0222,5,41_AA01;41_AA02;41_AA03;41_AA59;41_AA60,103871577.18766528,0.0,0.029927436738347107,106980187.24286148
scenario_0223,5,19_0214;36_0859;38_0218;38_0261;5_0117,104597173.55420032,0.0,0.06653194987740356,111556227.46242645
scenario_0224,5,24_2401;48_0113;4_BA59;8_0216;8_A411,62404672.38549416,9.196648328957391e-05,0.029313599581940897,64239717.10210488
scenario_0225,5,10_0110;10_0160;10_0201;10_0210;10_0212,0.0,0.0,0.0,0.0
scenario_0226,6,22_0118;39_0263;4_0213;4_AA01;4_AA02;6_0210,0.0,0.0,0.0,0.0
scenario_0227,3,4_0224;4_0261;8_0811,0.0,0.0,0.0,0.0
scenario_0228,2,32_AA03;32_AA59,0.0,0.0,0.0,0.0
scenario_0229,5,10_0103;40_4166;49_E452;4_0218;6_0208,258499129.77757877,0.0,0.05815393187768814,273531870.5611058
scenario_0230,4,55_C901;55_C902;55_C903;55_C960,0.0,0.0,0.0,0.0
scenario_0231,4,35_0109;35_0503;35_0507;35_0509,0.0,0.0,0.0,0.0
scenario_0232,5,49_7082;49_C444;49_C447;49_C450;49_C451,598538494.4349011,0.0,0.17678910368178072,704353578.3850899
scenario_0233,2,49_C430;49_C440,86737906.42744763,0.0,0.02561992293846405,88960124.90596256
scenario_0234,3,19_0259;38_0214;5_0119,39179780.35502437,0.0,0.0,39179780.35502437
scenario_0235,1,40_0115,0.0,0.0,0.0,0.0
scenario_0236,5,12_0103;26_0119;32_0109;35_0101;35_0109,0.0,0.0,0.0,0.0
scenario_0237,6,26_0214;37_0259;49_D441;4_0214;6_0208;8_0812,0.0,0.0,0.0,0.0
scenario_0238,3,29_0808;32_0204;53_0210,0.0,0.0,0.0,0.0
scenario_0239,4,12_0110;35_0106;53_0802;5_0213,74585276.03356522,0.0,0.04800763301493182,78165938.593702
scenario_0240,3,32_0103;32_0106;32_0201,0.0,0.0,0.0,0.0
scenario_0241,3,37_0207;37_0208;37_0259,0.0,0.0,0.0,0.0
scenario_0242,5,20_0204;32_0204;4_0223;4_AA59;6_0204,0.0,0.0,0.0,0.0
scenario_0243,5,32_0104;51_0118;5_0220;5_0224;8_A441,44.308143604871965,0.0,0.0,44.308143604871965
scenario_0244,5,39_0102;39_0107;39_0209;39_0211;39_0265,0.0,0.0,0.0,0.0
scenario_0245,4,27_3005;27_3007;37_0204;49_C441,26.923262341172435,0.0,0.0,26.923262341172435
scenario_0246,1,32_7084,0.0,0.0,0.0,0.0
scenario_0247,4,20_0105;4_0214;8_0218;8_0219,0.0,0.0,0.0,0.0
scenario_0248,2,48_0118;4_0214,62463140.79992405,9.196648328957391e-05,0.029313599581940897,64299904.813358024
scenario_0249,1,40_0116,18272000.29760951,0.0,0.004144670016083702,18347731.709376886
scenario_0250,5,32_0204;39_0201;48_0117;4_0120;4_BA01,62521722.22142241,9.196648328957391e-05,0.029313599581940897,64360208.85471644
scenario_0251,3,32_0102;32_0106;32_0209,0.0,0.0,0.0,0.0
scenario_0252,5,39_0265;48_0120;48_0167;49_D431;49_E444,124228873.14733365,0.00018393296657914782,0.05862719916388181,131534913.82041976
scenario_0253,2,26_0217;26_0222,0.0,0.0,0.0,0.0
scenario_0254,5,20_0208;38_0216;4_0261;6_0207;6_0210,0.0,0.0,0.0,0.0
scenario_0255,1,53_0203,0.0,0.0,0.0,0.0
scenario_0256,4,30_0121;32_0202;48_3835;4_0222,0.0,0.008273855629993832,0.0,0.0
scenario_0257,5,30_0115;4_0219;4_7079;5_0224;6_0207,0.0,0.0,0.0,0.0
scenario_0258,3,22_0122;22_0705;22_0708,0.0,0.0,0.0,0.0
scenario_0259,1,20_0206,0.0,0.0,0.0,0.0
scenario_0260,4,55_0115;55_0124;55_0221;55_0259,0.0,0.0,0.0,0.0
scenario_0261,3,29_A801;29_A807;29_A808,0.0,0.0,0.0,0.0
scenario_0262,5,35_0103;35_0105;35_0112;35_0503;35_0902,0.0,0.0,0.0,0.0
scenario_0263,3,19_0219;38_0261;39_0810,0.0,0.0,0.0,0.0
scenario_0264,3,12_0108;51_0120;51_0122,0.0,0.0,0.0,0.0
scenario_0265,6,19_0214;27_3007;37_0903;4_0263;4_AA61;55_0119,0.0,0.0,0.0,0.0
scenario_0266,2,4_0267;4_0505,0.0,0.0,0.0,0.0
scenario_0267,5,20_0105;29_AA67;37_0207;48_0164;5_0217,80.16562223882305,9.196648328957391e-05,0.0,80.17299478918108
scenario_0268,4,29_AA02;29_AA64;29_AA65;29_AA67,0.0,0.0,0.0,0.0
scenario_0269,6,27_3005;29_0801;38_0262;49_7086;6_0206;8_0213,350940314.2863356,0.0,0.08998969398181488,382521325.7748448
scenario_0270,2,26_0217;6_0201,0.0,0.0,0.0,0.0
scenario_0271,3,22_0119;48_0120;48_0121,237325081.76719198,0.00018393296657914782,0.05862719916388181,251282438.50887474
scenario_0272,4,53_0203;53_0205;53_0208;53_0259,0.0,0.0,0.0,0.0
scenario_0273,2,37_A961;37_A964,0.0,0.0,0.0,0.0
scenario_0274,5,34_0860;4_0113;4_0116;4_0118;4_0160,0.0,0.0,0.0,0.0
scenario_0275,2,48_3579;48_F310,0.0,0.004580474192329764,0.0,0.0
scenario_0276,2,53_0211;53_0212,0.0,0.0,0.0,0.0
scenario_0277,4,37_0205;5_0118;5_0120;5_0121,0.7165143793436717,0.0,0.0,0.7165143793436717
scenario_0278,2,12_AA03;12_AA61,0.0,0.0,0.0,0.0
scenario_0279,2,12_AA01;12_AA03,0.0,0.0,0.0,0.0
scenario_0280,1,6_0201,0.0,0.0,0.0,0.0
scenario_0281,4,5_0121;5_0213;5_0804;5_0810,74585276.03356522,0.0,0.04800763301493182,78165938.593702
scenario_0282,3,48_0113;48_0124;48_0901,354847343.68829596,0.0002997796810261244,0.16610890138795376,413897022.13229626
scenario_0283,5,20_0162;39_0101;4_0268;51_5010;6_0207,0.0,0.0,0.0,0.0
scenario_0284,1,48_5283,0.0,0.010451725491480657,0.0,0.0
scenario_0285,4,48_0114;48_0121;48_0161;48_0163,124227605.97708032,0.00036786593315829563,0.05862719916388181,131556421.67854762
scenario_0286,3,55_0113;55_0124;55_0213,0.0,0.0,0.0,0.0
scenario_0287,1,10_0205,0.0,0.0,0.0,0.0
scenario_0288,3,10_0106;10_0205;10_0209,0.0,0.0,0.0,0.0
scenario_0289,5,20_0161;20_0259;35_0110;51_0119;53_0212,0.0,0.0,0.0,0.0
scenario_0290,3,40_0118;40_0160;40_0506,32334174.200788107,0.0,0.004144670016083702,32468188.68309294
scenario_0291,1,37_2825,0.0,0.0,0.0,0.0
scenario_0292,3,22_0115;40_0122;48_0163,21140925.577017695,9.196648328957391e-05,0.004785786495614408,21244045.789727785
scenario_0293,3,8_A410;8_A415;8_A443,0.0,0.0,0.0,0.0
scenario_0294,3,12_0109;12_0112;12_0503,0.0,0.0,0.0,0.0
scenario_0295,3,4_0213;4_0263;4_0268,0.0,0.0,0.0,0.0
scenario_0296,3,37_0203;5_0114;5_0121,121863986.4371272,0.0,0.07743818086582892,131300911.85987638
scenario_0297,2,37_A960;49_E461,0.0,0.0,0.0,0.0
scenario_0298,2,31_0113;31_0120,0.0,0.0,0.0,0.0
scenario_0299,3,10_0107;26_0214;37_A963,0.0,0.0,0.0,0.0
scenario_0300,1,35_0110,0.0,0.0,0.0,0.0
scenario_0301,3,4_0219;4_0505;4_0559,0.0,0.0,0.0,0.0
scenario_0302,4,19_0102;19_0112;19_0220;19_0608,0.0,0.0,0.0,0.0
scenario_0303,3,10_0159;53_0209;53_0259,0.0,0.0,0.0,0.0
scenario_0304,4,5_0114;5_0118;5_0121;5_0123,121864187.3876075,0.0,0.07743818086582892,131301128.3715963
scenario_0305,6,26_0114;39_0112;48_3835;55_6352;6_0206;8_7776,0.0,0.008273855629993832,0.0,0.0
scenario_0306,4,5_0121;5_0124;5_0213;5_0804,74585276.03356522,0.0,0.04800763301493182,78165938.593702
scenario_0307,1,26_0224,0.0,0.0,0.0,0.0
scenario_0308,4,8_A410;8_A412;8_A413;8_A451,0.0,0.0,0.0,0.0
scenario_0309,5,37_0201;37_0203;37_0206;37_0209;37_0859,0.0,0.0,0.0,0.0
scenario_0310,4,26_0214;29_AA66;39_0207;6_A805,0.0,0.0,0.0,0.0
scenario_0311,3,30_0119;30_0120;30_0902,0.0,0.0,0.0,0.0
scenario_0312,1,4_0213,0.0,0.0,0.0,0.0
scenario_0313,4,19_0111;34_0859;4_0118;4_0903,0.0,0.0,0.0,0.0
scenario_0314,5,32_0110;32_0112;32_0206;32_0208;32_0209,0.0,0.0,0.0,0.0
scenario_0315,3,30_0115;30_0116;30_0902,0.0,0.0,0.0,0.0
scenario_0316,1,37_0802,0.0,0.0,0.0,0.0
scenario_0317,6,26_0115;46_3052;4_0223;4_AA03;4_BA01;6_0211,0.0,0.0,0.0,0.0
scenario_0318,5,48_0901;4_0223;4_0224;6_0212;8_0217,271594789.3945486,0.00011584671444697658,0.12702382990117594,306125263.0886597
scenario_0319,2,39_0211;39_0263,0.0,0.0,0.0,0.0
scenario_0320,4,48_0001;48_0114;48_0119;48_0802,124112698.40335014,0.004386933870748733,0.05862719916388181,131933552.49182583
scenario_0321,2,12_AA02;12_AA03,0.0,0.0,0.0,0.0
scenario_0322,4,10_0106;12_0107;12_0108;53_0206,0.0,0.0,0.0,0.0
scenario_0323,4,12_0106;29_AA02;49_D448;6_0210,0.0,0.0,0.0,0.0
scenario_0324,6,12_0103;12_0111;32_0103;39_0261;41_AA59;5_0221,59997955.550214626,0.0,0.00598551870409653,60357074.43536799
scenario_0325,5,32_0101;32_0112;32_0203;32_0204;32_0209,0.0,0.0,0.0,0.0
scenario_0326,3,20_0103;20_0110;8_0224,0.0,0.0,0.0,0.0
scenario_0327,5,38_0264;48_0902;49_D449;51_0120;6_0211,368156582.41418535,0.00011585321734342013,0.1270273950053759,414965206.1569002
scenario_0328,6,12_4106;30_0115;39_0203;51_0121;53_0259;55_6353,0.0,0.0,0.0,0.0
scenario_0329,4,10_0102;27_1020;4_0217;4_0264,0.0,0.0,0.0,0.0
scenario_0330,6,12_0102;26_0124;49_E448;4_0268;51_0117;8_0812,0.0,0.0,0.0,0.0
scenario_0331,4,49_7085;49_E440;49_E451;49_E461,0.0,0.0,0.0,0.0
scenario_0332,2,10_0203;51_0123,0.0,0.0,0.0,0.0
scenario_0333,6,39_0103;49_E443;4_0262;53_0205;6_0207;8_7776,0.0,0.0,0.0,0.0
scenario_0334,2,53_A809;53_A810,0.0,0.0,0.0,0.0
scenario_0335,2,1_4073;1_4127,0.0,0.0,0.0,0.0
scenario_0336,5,10_0208;30_0123;38_0223;55_0114;6_0210,0.0,0.0,0.0,0.0
scenario_0337,3,30_0113;30_0119;30_0505,0.0,0.0,0.0,0.0
scenario_0338,4,4_1025;4_AA01;4_AA02;4_AA59,0.0,0.0,0.0,0.0
scenario_0339,4,4_0216;4_0266;8_0216;8_0219,0.0,0.0,0.0,0.0
scenario_0340,1,37_0205,0.0,0.0,0.0,0.0
scenario_0341,1,6_0208,0.0,0.0,0.0,0.0
scenario_0342,2,22_0115;22_0118,0.0,0.0,0.0,0.0
scenario_0343,1,41_AA60,20876427.464245368,0.0,0.005985832223205039,21001390.25646625
scenario_0344,1,4_0262,0.0,0.0,0.0,0.0
scenario_0345,2,4_AA59;51_0122,0.0,0.0,0.0,0.0
scenario_0346,3,56_7775;56_B310;56_B320,0.0,0.0,0.0,0.0
scenario_0347,5,30_0113;30_0120;30_0121;30_0902;30_0903,0.0,0.0,0.0,0.0
scenario_0348,4,39_0111;39_0207;39_0210;39_0903,0.0,0.0,0.0,0.0
scenario_0349,5,12_0102;12_0109;12_0161;12_0502;12_0506,0.0,0.0,0.0,0.0
scenario_0350,2,39_0901;4_BA61,0.0,0.0,0.0,0.0
scenario_0351,5,19_0103;20_0207;49_7086;49_C446;4_0262,370769423.5500443,0.0,0.09704931078238985,406752340.56476
scenario_0352,5,4_0115;4_0119;4_A901;4_A902;4_A903,0.0,0.0,0.0,0.0
scenario_0353,5,19_0108;19_0112;34_0802;46_0804;46_0859,0.0,0.0,0.0,0.0
scenario_0354,4,12_0102;12_0161;12_0561;12_0565,0.0,0.0,0.0,0.0
scenario_0355,4,10_0105;10_0106;10_0201;10_0204,0.0,0.0,0.0,0.0
scenario_0356,3,37_0211;39_0903;51_0124,0.0,0.0,0.0,0.0
scenario_0357,1,28_3082,0.0,0.0,0.0,0.0
scenario_0358,4,37_0203;37_0206;37_0209;5_0113,122089277.7288168,0.0,0.0774597325228557,131546280.5255996
scenario_0359,6,20_0205;38_0262;39_0903;49_D450;4_0222;6_0202,0.0,0.0,0.0,0.0
scenario_0360,5,55_0115;55_0118;55_0120;55_0263;55_0805,0.0,0.0,0.0,0.0
scenario_0361,3,1_0111;4_0261;8_A445,18505789.93216464,0.0,0.007336327392567594,18641554.465765078
scenario_0362,1,48_0123,62673313.83336852,9.196648328957391e-05,0.029313599581940897,64516258.10382257
scenario_0363,5,12_0111;35_0102;35_0103;39_0105;5_0220,5.189494423946331,0.0,0.0,5.189494423946331
scenario_0364,2,55_6352;55_6354,0.0,0.0,0.0,0.0
scenario_0365,4,30_0115;30_0506;30_0508;30_0805,0.0,0.0,0.0,0.0
scenario_0366,1,19_0111,0.0,0.0,0.0,0.0
scenario_0367,2,4_0217;8_0213,0.0,0.0,0.0,0.0
scenario_0368,6,10_0212;37_0202;38_0219;49_E451;4_0263;4_0264,0.0,0.0,0.0,0.0
scenario_0369,3,49_E445;49_E458;49_E459,0.0,0.0,0.0,0.0
scenario_0370,1,38_0221,0.0,0.0,0.0,0.0
scenario_0371,2,32_0204;32_0209,0.0,0.0,0.0,0.0
scenario_0372,4,12_4109;26_0220;30_0901;6_0201,0.0,0.0,0.0,0.0
scenario_0373,4,35_0102;48_0117;4_BA59;5_0215,114352069.68566355,9.196648328957391e-05,0.06203532783739409,121456454.37520412
scenario_0374,3,35_0105;35_0509;35_0801,0.0,0.0,0.0,0.0
scenario_0375,4,22_3056;38_0222;46_3052;55_0113,0.0,0.0,0.0,0.0
scenario_0376,3,5_0114;5_0121;5_0122,140367021.07120514,0.0,0.08944008915896635,152921459.95079225
scenario_0377,4,20_0107;20_0109;20_0111;20_0202,0.0,0.0,0.0,0.0
scenario_0378,4,51_0114;51_0116;51_0118;51_0159,0.0,0.0,0.0,0.0
scenario_0379,3,38_0216;38_0224;38_0260,0.0,0.0,0.0,0.0
scenario_0380,6,32_AA60;35_0109;4_0118;4_0263;6_0207;8_0215,0.0,0.0,0.0,0.0
scenario_0381,2,39_0259;39_0261,0.0,0.0,0.0,0.0
scenario_0382,1,31_0118,0.0,0.0,0.0,0.0
scenario_0383,4,29_0807;37_0902;55_0114;55_0123,0.0,0.0,0.0,0.0
scenario_0384,6,19_0220;40_0124;4_0213;4_0264;51_0116;8_A441,18374326.92602587,0.0,0.004144463819212002,18450478.65917316
scenario_0385,2,29_A330;29_AA03,0.0,0.0,0.0,0.0
scenario_0386,1,26_0222,0.0,0.0,0.0,0.0
scenario_0387,1,40_4158,0.0,0.0,0.0,0.0
scenario_0388,5,20_0106;20_0112;20_0162;20_0903;26_0224,0.0,0.0,0.0,0.0
scenario_0389,1,48_F310,0.0,0.002505208550272142,0.0,0.0
scenario_0390,1,4_BA02,0.0,0.0,0.0,0.0
scenario_0391,6,20_0104;26_0223;32_AA03;37_A964;38_0223;6_0209,0.0,0.0,0.0,0.0
scenario_0392,4,55_0120;55_0214;55_0215;55_0259,0.0,0.0,0.0,0.0
scenario_0393,5,1_4126;29_AA65;49_E444;4_0222;5_0222,330108434.0543548,0.0,0.14271297537003366,377219190.8729943
scenario_0394,3,37_0259;51_0121;6_0206,0.0,0.0,0.0,0.0
scenario_0395,3,29_AA66;4_0213;55_0266,0.0,0.0,0.0,0.0
scenario_0396,4,4_1022;4_1025;4_AA03;4_AA60,0.0,0.0,0.0,0.0
scenario_0397,1,51_0123,0.0,0.0,0.0,0.0
scenario_0398,4,39_0201;40_0120;5_0221;6_0205,57522196.719583325,0.0,0.004144670016083702,57760607.24358625
scenario_0399,4,48_1068;48_F310;48_F320;48_F340,0.0,0.01188441932458939,0.0,0.0
scenario_0400,1,19_0104,0.0,0.0,0.0,0.0
scenario_0401,3,39_0101;39_0209;39_0265,0.0,0.0,0.0,0.0
scenario_0402,3,22_0122;22_0123;22_0707,0.0,0.0,0.0,0.0
scenario_0403,5,20_0103;20_0104;20_0109;20_0160;20_0211,0.0,0.0,0.0,0.0
scenario_0404,1,55_0213,0.0,0.0,0.0,0.0
scenario_0405,5,20_0903;49_C452;4_0263;4_0266;5_0118,43425139.66721979,0.0,0.012809961469232026,43981414.03315289
scenario_0406,5,4_0215;4_0216;4_0267;4_0268;8_0222,0.0,0.0,0.0,0.0
scenario_0407,2,40_4155;40_4158,258499129.77757877,0.0,0.05815393187768814,273531870.5611058
scenario_0408,5,49_7086;49_D441;49_D446;49_D448;49_D462,350940314.2863356,0.0,0.08998969398181488,382521325.7748448
scenario_0409,4,20_0208;49_D460;4_BA01;55_0266,0.0,0.0,0.0,0.0
scenario_0410,1,49_C444,43425124.87771973,0.0,0.012809961469232026,43981399.05419991
scenario_0411,4,10_0160;26_0115;39_0101;39_0107,0.0,0.0,0.0,0.0
scenario_0412,2,30_0117;30_0902,0.0,0.0,0.0,0.0
scenario_0413,1,12_0107,0.0,0.0,0.0,0.0
scenario_0414,3,4_BA01;4_BA59;4_BA61,0.0,0.0,0.0,0.0
scenario_0415,4,49_E445;49_E448;49_E450;49_E456,0.0,0.0,0.0,0.0
scenario_0416,4,51_0121;51_0122;51_0123;51_0159,0.0,0.0,0.0,0.0
scenario_0417,2,37_0802;5_0803,0.0,0.0,0.0,0.0
scenario_0418,3,4_0263;4_0559;4_0903,0.0,0.0,0.0,0.0
scenario_0419,6,1_0102;27_3009;38_0214;51_0123;55_0222;6_0212,18685964.314961016,0.0,0.007316266486974111,18822675.80945536
scenario_0420,2,35_0111;35_0112,0.0,0.0,0.0,0.0
scenario_0421,3,26_0121;31_0117;32_0105,0.0,0.0,0.0,0.0
scenario_0422,6,12_0107;1_0101;4_0213;4_0260;5_0124;8_A411,18670296.936785836,0.0,0.007337605749231694,18807292.214929055
scenario_0423,4,26_0117;26_0213;26_0219;26_0605,0.0,0.0,0.0,0.0
scenario_0424,1,32_0111,0.0,0.0,0.0,0.0
scenario_0425,4,20_0107;20_0160;20_0209;20_0259,0.0,0.0,0.0,0.0
scenario_0426,4,5_3071;5_A310;5_A320;5_A350,0.0,0.0,0.0,0.0
scenario_0427,4,49_D440;49_D443;49_D448;49_D454,0.0,0.0,0.0,0.0
scenario_0428,2,40_0114;40_0116,36508137.8762867,0.0,0.008289340032167403,36810766.24508449
scenario_0429,1,5_0803,0.0,0.0,0.0,0.0
scenario_0430,5,37_A960;37_A962;37_A963;37_A964;37_A965,0.0,0.0,0.0,0.0
scenario_0431,2,55_6352;55_6355,0.0,0.0,0.0,0.0
scenario_0432,6,20_0159;27_1004;39_0207;4_0222;4_AA02;4_BA60,0.0,0.0,0.0,0.0
scenario_0433,4,10_0101;35_0111;39_0104;39_0110,0.0,0.0,0.0,0.0
scenario_0434,5,27_3012;48_0901;53_0207;8_0216;8_0259,271594789.3945486,0.00011584671444697658,0.12702382990117594,306125263.0886597
scenario_0435,3,12_0106;26_0123;31_0119,0.0,0.0,0.0,0.0
scenario_0436,3,10_0203;31_0120;4_BA60,0.0,0.0,0.0,0.0
scenario_0437,4,29_A801;29_A802;29_A807;29_A808,0.0,0.0,0.0,0.0
scenario_0438,2,37_0903;55_0263,0.0,0.0,0.0,0.0
scenario_0439,4,1_4126;30_0124;4_0268;6_0205,278564461.78410274,0.0,0.10999124711458047,309204114.3375381
scenario_0440,2,8_A430;8_A431,0.0,0.0,0.0,0.0
scenario_0441,2,37_2825;48_0001,0.0,0.004192382791042948,0.0,0.0
scenario_0442,1,4_BA61,0.0,0.0,0.0,0.0
scenario_0443,5,32_AA01;32_AA02;32_AA03;32_AA60;32_AA62,0.0,0.0,0.0,0.0
scenario_0444,1,19_0221,0.0,0.0,0.0,0.0
scenario_0445,4,12_0106;26_0219;55_C903;5_0113,122089277.7288168,0.0,0.0774597325228557,131546280.5255996
scenario_0446,3,27_3005;49_C452;5_0214,95050370.52842516,0.0,0.045531689724685215,99378174.50754176
scenario_0447,5,8_A414;8_A431;8_A441;8_A442;8_A455,0.0,0.0,0.0,0.0
scenario_0448,6,20_0201;32_0202;35_0106;48_0167;48_5284;49_E443,62201552.84547977,0.008735869882217862,0.029313599581940897,64568288.93109712
scenario_0449,3,49_C445;49_C449;49_C454,86859750.42684585,0.0,0.02561992293846405,89085090.53923588
scenario_0450,2,55_0124;55_0806,0.0,0.0,0.0,0.0
scenario_0451,1,39_0210,0.0,0.0,0.0,0.0
scenario_0452,2,35_0111;39_0104,0.0,0.0,0.0,0.0
scenario_0453,4,19_0112;1_0104;1_0110;1_0112,55601619.50884074,0.0,0.022006734952581732,56825229.61230609
scenario_0454,2,6_A805;6_A806,0.0,0.0,0.0,0.0
scenario_0455,4,26_0223;4_0218;4_BA03;8_A446,0.0,0.0,0.0,0.0
scenario_0456,2,48_0160;5_0213,74585276.03356522,9.196648328957391e-05,0.04800763301493182,78172797.939244
scenario_0457,1,39_A804,0.0,0.0,0.0,0.0
scenario_0458,1,20_0112,0.0,0.0,0.0,0.0
scenario_0459,2,4_AA02;4_AA61,0.0,0.0,0.0,0.0
scenario_0460,3,20_0201;32_7084;4_0162,0.0,0.0,0.0,0.0
scenario_0461,4,19_0222;36_0802;38_0220;38_0262,0.0,0.0,0.0,0.0
scenario_0462,2,20_0162;20_0163,0.0,0.0,0.0,0.0
scenario_0463,5,19_0213;19_0218;19_0223;38_0260;39_0809,0.0,0.0,0.0,0.0
scenario_0464,6,12_0103;41_AA02;48_0119;49_E446;4_AA03;55_0120,82691594.69250262,9.196648328957391e-05,0.035298804750506056,85618114.00322273
scenario_0465,2,32_0209;4_0267,0.0,0.0,0.0,0.0
scenario_0466,2,10_0106;37_0207,0.0,0.0,0.0,0.0
scenario_0467,3,55_0115;55_0261;55_0806,0.0,0.0,0.0,0.0
scenario_0468,2,40_0120;40_0123,36707543.39504219,0.0,0.008289133835295705,37011817.13500862
scenario_0469,2,5_0215;8_0216,51830347.464241154,0.0,0.03272172825545319,53526326.009351775
scenario_0470,4,20_0901;20_0903;26_0223;8_0220,0.0,0.0,0.0,0.0
scenario_0471,5,35_0801;39_0111;49_C446;4_AA02;53_0204,43429657.09315336,0.0,0.012809961469232026,43985989.32713861
scenario_0472,3,48_0001;48_0118;48_0903,311777148.3713822,0.004400199162145735,0.14656797157456844,358845574.1385189
scenario_0473,4,27_3012;39_0110;4_0221;8_0221,0.0,0.0,0.0,0.0
scenario_0474,3,4_0124;4_0162;4_0223,0.0,0.0,0.0,0.0
scenario_0475,1,26_0114,0.0,0.0,0.0,0.0
scenario_0476,1,48_3689,0.0,0.001287149500088125,0.0,0.0
scenario_0477,5,4_A310;4_A320;4_A350;4_A390;4_A901,0.0,0.0,0.0,0.0
scenario_0478,2,10_0208;51_0121,0.0,0.0,0.0,0.0
scenario_0479,2,49_D430;49_D448,0.0,0.0,0.0,0.0
scenario_0480,5,10_0102;10_0105;53_0201;53_0204;5_0217,40.17164579548778,0.0,0.0,40.17164579548778
scenario_0481,2,26_0119;55_6354,0.0,0.0,0.0,0.0
scenario_0482,5,49_E431;49_E446;49_E458;49_E460;49_E461,0.0,0.0,0.0,0.0
scenario_0483,1,55_0122,0.0,0.0,0.0,0.0
scenario_0484,4,12_AA01;12_AA02;12_AA03;12_AA61,0.0,0.0,0.0,0.0
scenario_0485,2,4_0266;6_0812,0.0,0.0,0.0,0.0
scenario_0486,3,38_0213;38_0262;39_0810,0.0,0.0,0.0,0.0
scenario_0487,1,46_3052,0.0,0.0,0.0,0.0
scenario_0488,5,39_0108;39_0112;39_0204;39_0205;39_0901,0.0,0.0,0.0,0.0
scenario_0489,4,19_0105;19_0106;1_0107;34_0859,18474954.004776597,0.0,0.00732235421456317,18610234.16209733
scenario_0490,3,10_0103;10_0160;53_0212,0.0,0.0,0.0,0.0
scenario_0491,3,19_0101;19_0110;34_0802,0.0,0.0,0.0,0.0
scenario_0492,1,49_C458,0.0,0.0,0.0,0.0
scenario_0493,5,37_0203;37_0204;37_0205;37_0211;37_0260,0.0,0.0,0.0,0.0
scenario_0494,4,5_0122;5_0213;5_0214;5_0803,126210507.61128494,0.0,0.08072936127038502,136399401.27635503
scenario_0495,4,22_0113;22_0116;22_0122;22_0705,0.0,0.0,0.0,0.0
scenario_0496,2,37_A962;37_A963,0.0,0.0,0.0,0.0
scenario_0497,4,4_1007;4_B964;4_BA02;4_BA03,0.0,0.0,0.0,0.0
scenario_0498,3,22_0114;38_0217;39_0261,0.0,0.0,0.0,0.0
scenario_0499,5,55_6351;55_6352;55_6353;55_6354;55_6355,0.0,0.0,0.0,0.0
scenario_0500,4,48_0121;48_0160;48_0802;48_0903,311524437.7190276,0.0003104009675193309,0.14656797157456844,357280640.13828737
scenario_0501,3,20_0109;26_0214;8_0220,0.0,0.0,0.0,0.0
scenario_0502,4,1_0161;38_0218;4_0264;55_6355,18753560.129283685,0.0,0.007337605749231694,18891166.35990688
scenario_0503,1,1_0106,18585134.193254445,0.0,0.007335349790898164,18721462.653472748
scenario_0504,3,4_0213;4_0265;4_0268,0.0,0.0,0.0,0.0
scenario_0505,5,10_0259;24_2401;4_0213;4_0216;4_0268,0.0,0.0,0.0,0.0
scenario_0506,5,12_0108;12_0109;12_0161;12_0561;12_0901,0.0,0.0,0.0,0.0
scenario_0507,6,27_3010;29_AA01;39_0261;4_0264;4_BA61;8_0812,0.0,0.0,0.0,0.0
scenario_0508,4,51_0114;51_0115;51_0116;51_0123,0.0,0.0,0.0,0.0
scenario_0509,4,37_0206;4_0219;4_0264;4_BA01,0.0,0.0,0.0,0.0
scenario_0510,1,5_0213,74585276.03356522,0.0,0.04800763301493182,78165938.593702
scenario_0511,2,32_0110;32_0203,0.0,0.0,0.0,0.0
scenario_0512,2,10_0260;51_0114,0.0,0.0,0.0,0.0
scenario_0513,3,46_0606;46_0803;46_0804,0.0,0.0,0.0,0.0
scenario_0514,5,1_4073;48_0117;51_0116;55_0259;55_6352,62521722.22142241,9.196648328957391e-05,0.029313599581940897,64360208.85471644
scenario_0515,5,55_0113;55_0215;55_0217;55_0221;55_0805,0.0,0.0,0.0,0.0
scenario_0516,3,19_0224;37_0210;5_0124,0.0,0.0,0.0,0.0
scenario_0517,4,10_0103;35_0105;53_0208;53_0802,0.0,0.0,0.0,0.0
scenario_0518,3,1_0101;20_0101;30_0114,18670296.936785836,0.0,0.007337605749231694,18807292.214929055
scenario_0519,4,19_0107;1_0103;1_0106;1_0163,55751494.78373321,0.0,0.022009633629747758,56978564.75823397
scenario_0520,5,32_AA03;32_AA59;32_AA60;32_AA61;32_AA62,0.0,0.0,0.0,0.0
scenario_0521,4,39_0202;39_0212;39_0259;39_0903,0.0,0.0,0.0,0.0
scenario_0522,5,30_0903;40_4166;49_C455;4_0215;55_0223,258499129.77757877,0.0,0.05815393187768814,273531870.5611058
scenario_0523,1,37_0208,0.0,0.0,0.0,0.0
scenario_0524,4,48_0117;49_C453;49_D451;55_6353,62521722.22142241,9.196648328957391e-05,0.029313599581940897,64360208.85471644
scenario_0525,3,39_0201;48_0113;53_0207,62404672.38549416,9.196648328957391e-05,0.029313599581940897,64239717.10210488
scenario_0526,6,10_0108;19_0103;26_0217;37_0208;49_D443;6_0205,0.0,0.0,0.0,0.0
scenario_0527,4,49_D450;49_D452;49_D459;49_D460,0.0,0.0,0.0,0.0
scenario_0528,2,39_0105;5_0215,51830347.464241154,0.0,0.03272172825545319,53526326.009351775
scenario_0529,5,26_0222;42_1599;5_0118;5_A350;6_0208,0.7165143793436717,0.0,0.0,0.7165143793436717
scenario_0530,4,12_0104;12_0109;53_0801;5_0222,51543972.27025205,0.0,0.03272172825545319,53230580.12408586
scenario_0531,4,29_0801;29_0808;37_0902;37_0903,0.0,0.0,0.0,0.0
scenario_0532,2,49_C430;49_D430,43403591.10878235,0.0,0.012809961469232026,43959589.438512154
scenario_0533,1,26_0122,0.0,0.0,0.0,0.0
scenario_0534,2,37_1992;37_2824,0.0,0.0,0.0,0.0
scenario_0535,4,49_D410;49_D451;49_D461;49_D462,0.0,0.0,0.0,0.0
scenario_0536,4,49_C430;49_C440;49_C452;49_C454,130156005.54295713,0.0,0.03842988440769607,135157885.7909404
scenario_0537,5,22_0115;22_0121;40_0114;48_0113;48_0116,143431065.10805994,0.00018393296657914782,0.06277186917996551,152460882.8646711
scenario_0538,3,8_0220;8_0505;8_0508,0.0,0.0,0.0,0.0
scenario_0539,1,6_0207,0.0,0.0,0.0,0.0
scenario_0540,1,48_0163,1.4708068616192316,9.196648328957391e-05,0.0,1.4709421265538931
scenario_0541,3,31_0114;31_0119;31_0902,0.0,0.0,0.0,0.0
scenario_0542,4,35_0802;41_AA03;48_AA03;5_3071,20765387.676343307,0.004813491064655229,0.00598551870409653,20989633.300712053
scenario_0543,5,19_0222;4_BA59;51_0115;5_0120;5_0224,0.0,0.0,0.0,0.0
scenario_0544,3,10_0203;55_C903;8_A445,0.0,0.0,0.0,0.0
scenario_0545,1,39_0110,0.0,0.0,0.0,0.0
scenario_0546,3,49_D454;49_D455;49_D460,0.0,0.0,0.0,0.0
scenario_0547,5,10_0112;12_0102;35_0110;39_0102;39_0105,0.0,0.0,0.0,0.0
scenario_0548,5,26_0220;40_4154;48_3679;55_C903;6_0211,28433980.751340147,0.0011922187791619798,0.005728373477404384,28630760.738351226
scenario_0549,3,1_0105;4_BA03;51_0159,18592949.128080722,0.0,0.007316266486974111,18728980.098680515
scenario_0550,6,10_0203;22_0117;27_1004;32_0104;37_0205;40_5021,0.0,0.0,0.0,0.0
scenario_0551,2,55_3012;55_C959,0.0,0.0,0.0,0.0
scenario_0552,3,5_0117;5_0219;5_0220,138913069.5537881,0.0,0.0883474471444314,151185684.62386212
scenario_0553,2,6_0211;6_0566,0.0,0.0,0.0,0.0
scenario_0554,4,12_0112;1_4126;26_0259;37_0203,278564461.78410274,0.0,0.10999124711458047,309204114.3375381
scenario_0555,2,38_0218;38_0220,0.0,0.0,0.0,0.0
scenario_0556,1,38_3006,0.0,0.0,0.0,0.0
scenario_0557,6,19_0224;26_0120;26_0222;37_0205;37_0260;38_0223,0.0,0.0,0.0,0.0
scenario_0558,2,27_1020;49_E455,0.0,0.0,0.0,0.0
scenario_0559,3,12_0108;37_A963;53_0211,0.0,0.0,0.0,0.0
scenario_0560,3,4_0124;4_0262;4_0667,0.0,0.0,0.0,0.0
scenario_0561,2,40_0113;48_0161,21132849.453038633,9.196648328957391e-05,0.004786114734933133,21235937.20904303
scenario_0562,2,12_AA01;12_AA02,0.0,0.0,0.0,0.0
scenario_0563,5,10_0110;49_C454;4_0224;4_0266;8_0213,0.0,0.0,0.0,0.0
scenario_0564,3,37_0207;37_0208;5_0119,39179780.35502437,0.0,0.0,39179780.35502437
scenario_0565,2,49_D441;49_D460,0.0,0.0,0.0,0.0
scenario_0566,2,26_0122;26_0123,0.0,0.0,0.0,0.0
scenario_0567,2,39_0204;55_0113,0.0,0.0,0.0,0.0
scenario_0568,1,19_0159,0.0,0.0,0.0,0.0
scenario_0569,5,49_E410;49_E440;49_E448;49_E449;49_E460,0.0,0.0,0.0,0.0
scenario_0570,1,5_0123,309.81352114676343,0.0,0.0,309.81352114676343
scenario_0571,4,29_A808;39_0110;48_3835;5_0215,51830347.464241154,0.008273855629993832,0.03272172825545319,53955162.82152333
scenario_0572,4,37_0903;55_0120;55_0262;55_0264,0.0,0.0,0.0,0.0
scenario_0573,2,31_0116;4_0214,0.0,0.0,0.0,0.0
scenario_0574,5,4_0121;4_0161;4_A901;4_A902;4_A903,0.0,0.0,0.0,0.0
scenario_0575,1,32_0110,0.0,0.0,0.0,0.0
scenario_0576,4,26_0221;29_AA65;38_0263;51_0114,0.0,0.0,0.0,0.0
scenario_0577,1,1_0161,18753560.129283685,0.0,0.007337605749231694,18891166.35990688
scenario_0578,4,6_0207;6_0567;6_0664;6_0812,0.0,0.0,0.0,0.0
scenario_0579,5,32_0206;38_0220;4_BA59;55_0117;5_0218,34268150.019386314,0.0,0.02181549726702784,35015726.752480336
scenario_0580,4,6_0201;6_0211;6_0603;6_0606,0.0,0.0,0.0,0.0
scenario_0581,4,4_0220;4_AA61;4_BA61;8_0218,0.0,0.0,0.0,0.0
scenario_0582,1,48_AA01,0.0,0.004813491064655229,0.0,0.0
scenario_0583,6,19_0224;1_0106;32_AA60;48_0119;4_0265;55_0259,80554342.7210449,9.196648328957391e-05,0.036648949372839065,83513983.04880457
scenario_0584,1,31_0116,0.0,0.0,0.0,0.0
scenario_0585,3,20_0202;20_0209;32_0207,0.0,0.0,0.0,0.0
scenario_0586,4,26_0159;37_2825;49_D446;4_BA60,0.0,0.0,0.0,0.0
scenario_0587,3,10_0106;48_0903;53_0208,270106346.6088387,0.00011584988781343508,0.12702556965867984,304448050.9452036
scenario_0588,2,32_0101;32_0111,0.0,0.0,0.0,0.0
scenario_0589,4,55_6351;55_6352;55_6354;55_6355,0.0,0.0,0.0,0.0
scenario_0590,5,26_0123;35_0102;35_0103;53_0205;5_0220,5.189494423946331,0.0,0.0,5.189494423946331
scenario_0591,3,26_0113;32_0204;32_0211,0.0,0.0,0.0,0.0
scenario_0592,1,35_0105,0.0,0.0,0.0,0.0
scenario_0593,4,30_0115;30_0121;30_0805;30_0901,0.0,0.0,0.0,0.0
scenario_0594,1,4_7079,0.0,0.0,0.0,0.0
scenario_0595,5,35_0101;35_0102;35_0110;35_0505;35_0902,0.0,0.0,0.0,0.0
scenario_0596,1,4_0118,0.0,0.0,0.0,0.0
scenario_0597,5,19_0220;39_0104;49_E456;55_0222;55_C902,0.0,0.0,0.0,0.0
scenario_0598,2,37_0202;5_0124,0.0,0.0,0.0,0.0
scenario_0599,4,12_0112;29_AA63;6_0211;8_0216,0.0,0.0,0.0,0.0
scenario_0600,2,39_0205;49_D461,0.0,0.0,0.0,0.0
scenario_0601,5,19_0214;26_0215;4_0215;4_BA60;8_0811,0.0,0.0,0.0,0.0
scenario_0602,4,4_0115;4_0216;4_0261;4_0665,0.0,0.0,0.0,0.0
scenario_0603,2,4_0213;4_0508,0.0,0.0,0.0,0.0
scenario_0604,4,48_0122;48_0162;48_0165;48_0802,62579809.0447241,0.0002865175629954697,0.029313599581940897,64432178.72335569
scenario_0605,3,32_0211;38_0221;49_C455,0.0,0.0,0.0,0.0
scenario_0606,2,26_0117;26_0124,0.0,0.0,0.0,0.0
scenario_0607,6,22_0113;34_0860;48_0161;4_0260;4_AA02;55_0264,0.0,9.196648328957391e-05,0.0,0.0
scenario_0608,3,5_0215;5_0217;5_0224,51830392.79784142,0.0,0.03272172825545319,53526372.826345794
scenario_0609,5,10_0205;20_0106;49_C448;49_D454;51_5010,0.0,0.0,0.0,0.0
scenario_0610,4,32_0101;40_0117;5_0119;5_0213,123610678.00144014,0.0,0.05215230303101553,130057259.53844054
scenario_0611,2,35_0505;35_0802,0.0,0.0,0.0,0.0
scenario_0612,5,39_0102;39_0110;39_0203;39_0206;39_0212,0.0,0.0,0.0,0.0
scenario_0613,4,20_0212;49_E441;4_0216;6_0206,0.0,0.0,0.0,0.0
scenario_0614,1,30_8129,0.0,0.0,0.0,0.0
scenario_0615,2,1_0106;1_0112,37118863.033311784,0.0,0.014670800384993125,37663426.4633914
scenario_0616,5,32_AA59;38_0261;4_BA02;5_0124;5_0214,51625231.57771972,0.0,0.03272172825545319,53314498.37653071
scenario_0617,3,39_0104;5_0804;6_0212,0.0,0.0,0.0,0.0
scenario_0618,4,55_0215;55_0219;55_0265;55_C903,0.0,0.0,0.0,0.0
scenario_0619,1,48_0165,1.8273619157722438,9.196648328957391e-05,0.0,1.827529971821335
scenario_0620,3,49_3011;49_C440;49_C446,598538494.4349011,0.0,0.17678910368178072,704353578.3850899
scenario_0621,2,26_0113;39_0107,0.0,0.0,0.0,0.0
scenario_0622,5,56_7775;56_B310;56_B320;56_B350;56_B360,0.0,0.0,0.0,0.0
scenario_0623,1,10_0211,0.0,0.0,0.0,0.0
scenario_0624,2,55_C902;55_C959,0.0,0.0,0.0,0.0
scenario_0625,1,19_0105,0.0,0.0,0.0,0.0
scenario_0626,1,49_D449,0.0,0.0,0.0,0.0
scenario_0627,4,1_0161;26_0214;29_AA63;49_D444,18753560.129283685,0.0,0.007337605749231694,18891166.35990688
scenario_0628,5,26_0120;32_0109;32_0202;32_0207;32_0208,0.0,0.0,0.0,0.0
scenario_0629,1,42_1599,0.0,0.0,0.0,0.0
scenario_0630,6,41_AA03;48_0116;49_7082;49_D460;4_0221;5_0114,803958096.105688,9.196648328957391e-05,0.28952640283364706,1036799128.8989664
scenario_0631,3,12_0103;39_0201;48_AA03,0.0,0.004813491064655229,0.0,0.0
scenario_0632,4,19_0109;1_0101;1_0110;1_0162,55781452.72654563,0.0,0.022010609047757708,57009236.4746256
scenario_0633,4,10_0103;10_0106;10_0110;10_0212,0.0,0.0,0.0,0.0
scenario_0634,3,32_0209;41_AA01;6_0203,20689430.411743917,0.0,0.00598536193838386,20813264.14105721
scenario_0635,3,5_0214;5_0215;5_0223,155222477.23276573,0.0,0.09816518476635956,170459920.39021224
scenario_0636,3,26_0124;31_0120;5_0213,74585276.03356522,0.0,0.04800763301493182,78165938.593702
scenario_0637,1,38_0261,0.0,0.0,0.0,0.0
scenario_0638,4,37_A961;37_A962;37_A964;37_A965,0.0,0.0,0.0,0.0
scenario_0639,2,8_A441;8_A446,0.0,0.0,0.0,0.0
scenario_0640,4,48_0001;48_0114;48_0122;48_0801,124723296.40826482,0.004386933870748733,0.05862719916388181,132582626.80065288
scenario_0641,3,38_0224;38_0262;38_0264,0.0,0.0,0.0,0.0
scenario_0642,3,55_0213;55_0218;55_0263,0.0,0.0,0.0,0.0
scenario_0643,2,12_0161;49_D440,0.0,0.0,0.0,0.0
scenario_0644,1,37_A960,0.0,0.0,0.0,0.0
scenario_0645,4,39_0202;39_0204;39_0210;39_0212,0.0,0.0,0.0,0.0
scenario_0646,2,26_0113;35_0111,0.0,0.0,0.0,0.0
scenario_0647,5,39_0108;49_C456;4_BA61;51_0113;6_0209,0.0,0.0,0.0,0.0
scenario_0648,2,5_0114;5_0122,140367021.07120514,0.0,0.08944008915896635,152921459.95079225
scenario_0649,3,10_0101;4_BA61;55_0214,0.0,0.0,0.0,0.0
scenario_0650,4,26_0121;39_0264;48_5026;49_E455,0.0,0.0021552921239448297,0.0,0.0
scenario_0651,2,4_0113;4_0115,0.0,0.0,0.0,0.0
scenario_0652,4,26_0217;32_0101;55_0114;6_0205,0.0,0.0,0.0,0.0
scenario_0653,5,20_0102;26_0213;4_0213;8_0216;8_0217,0.0,0.0,0.0,0.0
scenario_0654,1,12_0103,0.0,0.0,0.0,0.0
scenario_0655,2,10_0101;10_0202,0.0,0.0,0.0,0.0
scenario_0656,3,55_6351;55_6352;55_6353,0.0,0.0,0.0,0.0
scenario_0657,3,51_0118;51_0119;51_0123,0.0,0.0,0.0,0.0
scenario_0658,4,51_0124;53_0209;53_0801;5_0216,40.17164579548778,0.0,0.0,40.17164579548778
scenario_0659,2,39_0109;53_0202,0.0,0.0,0.0,0.0
scenario_0660,4,49_3011;49_C441;49_C451;49_C458,598538494.4349011,0.0,0.17678910368178072,704353578.3850899
scenario_0661,4,20_0205;22_3056;32_0203;6_0211,0.0,0.0,0.0,0.0
scenario_0662,4,10_0105;10_0110;10_0203;10_0259,0.0,0.0,0.0,0.0
scenario_0663,4,10_0201;10_0204;10_0259;51_0115,0.0,0.0,0.0,0.0
scenario_0664,3,29_0801;29_0808;37_0902,0.0,0.0,0.0,0.0
scenario_0665,4,49_D449;49_D450;49_D452;49_D460,0.0,0.0,0.0,0.0
scenario_0666,4,8_A413;8_A415;8_A431;8_A442,0.0,0.0,0.0,0.0
scenario_0667,5,26_0114;35_0109;37_0206;49_C453;4_AA60,0.0,0.0,0.0,0.0
scenario_0668,3,8_A414;8_A430;8_A451,0.0,0.0,0.0,0.0
scenario_0669,2,19_0213;19_0224,0.0,0.0,0.0,0.0
scenario_0670,2,32_0102;32_0208,0.0,0.0,0.0,0.0
scenario_0671,5,49_D430;49_D440;49_D443;49_D459;49_D462,0.0,0.0,0.0,0.0
scenario_0672,3,26_0115;26_0120;26_0224,0.0,0.0,0.0,0.0
scenario_0673,3,20_0108;20_0206;20_0212,0.0,0.0,0.0,0.0
scenario_0674,2,28_0805;39_0264,0.0,0.0,0.0,0.0
scenario_0675,4,49_D430;49_D431;49_D441;49_D448,0.0,0.0,0.0,0.0
scenario_0676,3,49_D410;4_0266;51_0123,0.0,0.0,0.0,0.0
scenario_0677,1,4_0117,0.0,0.0,0.0,0.0
scenario_0678,1,24_5807,0.0,0.0,0.0,0.0
scenario_0679,2,1_0107;4_BA59,18474954.004776597,0.0,0.00732235421456317,18610234.16209733
scenario_0680,5,22_0113;22_0120;22_0124;22_0703;22_0704,0.0,0.0,0.0,0.0
scenario_0681,4,6_0201;6_0203;6_0205;6_0208,0.0,0.0,0.0,0.0
scenario_0682,5,35_0110;39_0262;46_9187;6_0211;8_0811,0.0,0.0,0.0,0.0
scenario_0683,3,19_0217;38_0216;5_0121,0.0,0.0,0.0,0.0
scenario_0684,2,4_0217;4_0902,0.0,0.0,0.0,0.0
scenario_0685,6,19_0223;22_0113;4_0268;4_BA61;55_0118;5_0121,0.0,0.0,0.0,0.0
scenario_0686,2,37_0202;8_0811,0.0,0.0,0.0,0.0
scenario_0687,1,55_0214,0.0,0.0,0.0,0.0
scenario_0688,1,39_0109,0.0,0.0,0.0,0.0
scenario_0689,2,32_0207;41_AA02,20722386.164712176,0.0,0.005985205168565152,20846413.897490215
scenario_0690,1,35_0106,0.0,0.0,0.0,0.0
scenario_0691,3,39_0208;48_0122;4_BA60,62579806.53270511,9.196648328957391e-05,0.029313599581940897,64420001.16805192
scenario_0692,4,37_0212;38_0262;49_D455;55_0262,0.0,0.0,0.0,0.0
scenario_0693,6,48_0121;4_0218;4_BA01;55_0265;5_0218;5_0220,96352232.79636393,9.196648328957391e-05,0.05112909684896874,101287496.61463101
scenario_0694,5,26_0213;31_0123;39_0112;42_1599;4_AA60,0.0,0.0,0.0,0.0
scenario_0695,2,26_0118;53_0801,0.0,0.0,0.0,0.0
scenario_0696,1,48_0167,62201552.84547977,9.196648328957391e-05,0.029313599581940897,64030624.71703746
scenario_0697,2,29_AA01;29_AA64,0.0,0.0,0.0,0.0
scenario_0698,5,37_0260;55_0216;5_0120;6_0208;6_0209,0.0,0.0,0.0,0.0
scenario_0699,6,32_0204;39_0205;49_D451;51_5010;5_0218;8_A455,34268150.019386314,0.0,0.02181549726702784,35015726.752480336
scenario_0700,3,26_0213;32_0102;4_AA60,0.0,0.0,0.0,0.0
scenario_0701,1,19_0108,0.0,0.0,0.0,0.0
scenario_0702,2,31_0122;56_B360,0.0,0.0,0.0,0.0
scenario_0703,5,26_0213;26_0214;26_0216;26_0221;26_0601,0.0,0.0,0.0,0.0
scenario_0704,6,12_0106;30_0121;35_0103;49_C456;55_0260;5_0213,74585276.03356522,0.0,0.04800763301493182,78165938.593702
scenario_0705,4,6_0204;6_0563;6_0659;6_0661,0.0,0.0,0.0,0.0
scenario_0706,5,20_0106;20_0112;20_0164;20_0903;8_0224,0.0,0.0,0.0,0.0
scenario_0707,1,49_7083,298806181.7627945,0.0,0.10805883862625852,331094830.7384288
scenario_0708,3,26_0219;37_0259;6_0211,0.0,0.0,0.0,0.0
scenario_0709,3,29_A801;29_A802;29_A808,0.0,0.0,0.0,0.0
scenario_0710,3,26_0259;37_0203;48_0903,270106346.6088387,0.00011584988781343508,0.12702556965867984,304448050.9452036
scenario_0711,2,26_0214;49_C451,43436456.547399804,0.0,0.012809961469232026,43992875.88213197
scenario_0712,4,39_0107;39_0208;39_0261;39_0809,0.0,0.0,0.0,0.0
scenario_0713,6,19_0259;26_0213;38_0259;48_0165;53_0206;5_0219,51433620.185746744,9.196648328957391e-05,0.03272172825545319,53121347.29783028
scenario_0714,4,8_0214;8_0217;8_0222;8_0505,0.0,0.0,0.0,0.0
scenario_0715,2,32_0104;32_0207,0.0,0.0,0.0,0.0
scenario_0716,1,29_AA03,0.0,0.0,0.0,0.0
scenario_0717,3,49_E440;49_E445;49_E449,0.0,0.0,0.0,0.0
scenario_0718,6,20_0202;32_0210;32_AA59;38_0262;49_D444;4_0219,0.0,0.0,0.0,0.0
scenario_0719,4,31_0113;4_0261;8_0213;8_0259,0.0,0.0,0.0,0.0
scenario_0720,3,31_0121;39_0101;48_3835,0.0,0.008273855629993832,0.0,0.0
scenario_0721,5,30_0113;30_0115;30_0123;30_0502;30_0503,0.0,0.0,0.0,0.0
scenario_0722,4,39_0211;40_0113;48_0166;4_AA61,169047677.2424647,5.701562492566037e-05,0.004786114734933133,169866397.1803813
scenario_0723,1,38_0214,0.0,0.0,0.0,0.0
scenario_0724,5,37_0208;38_0213;48_0802;49_E454;8_0220,0.0,1.0618113126747986e-05,0.0,0.0
scenario_0725,3,20_0109;20_0207;20_0903,0.0,0.0,0.0,0.0
scenario_0726,2,20_0111;20_0164,0.0,0.0,0.0,0.0
scenario_0727,5,26_0218;26_0220;26_0259;26_0604;26_0659,0.0,0.0,0.0,0.0
scenario_0728,1,4_0224,0.0,0.0,0.0,0.0
scenario_0729,5,26_0124;32_7084;48_3835;4_0268;51_0115,0.0,0.008273855629993832,0.0,0.0
scenario_0730,4,29_AA64;48_1116;49_C453;6_0201,0.0,0.005930064240965316,0.0,0.0
scenario_0731,4,22_0117;40_0123;48_0162;48_0166,166279956.2058143,0.00014898210821523428,0.004144463819212002,166993870.20659894
scenario_0732,3,8_A431;8_A444;8_A451,0.0,0.0,0.0,0.0
scenario_0733,5,39_0106;39_0203;39_0204;39_0265;39_0902,0.0,0.0,0.0,0.0
scenario_0734,1,32_0103,0.0,0.0,0.0,0.0
scenario_0735,5,26_0116;27_1003;4_0261;4_AA59;8_0219,0.0,0.0,0.0,0.0
scenario_0736,1,1_0105,18592949.128080722,0.0,0.007316266486974111,18728980.098680515
scenario_0737,5,49_D430;49_D445;49_D448;49_D455;49_D459,0.0,0.0,0.0,0.0
scenario_0738,2,49_C448;49_C449,43422249.40825206,0.0,0.012809961469232026,43978486.750079155
scenario_0739,5,19_0105;19_0110;19_0159;1_0109;1_0112,37003977.98116128,0.0,0.014670902104576266,37546859.71960279
scenario_0740,3,4_0218;4_0902;6_0210,0.0,0.0,0.0,0.0
scenario_0741,3,20_0110;20_0160;20_0163,0.0,0.0,0.0,0.0
scenario_0742,2,55_0123;55_0216,0.0,0.0,0.0,0.0
scenario_0743,2,49_E449;5_0113,122089277.7288168,0.0,0.0774597325228557,131546280.5255996
scenario_0744,1,49_E459,0.0,0.0,0.0,0.0
scenario_0745,1,19_0107,0.0,0.0,0.0,0.0
scenario_0746,4,10_0205;12_0101;39_0203;6_0203,0.0,0.0,0.0,0.0
scenario_0747,1,48_F350,0.0,0.0015254448915875685,0.0,0.0
scenario_0748,1,19_0214,0.0,0.0,0.0,0.0
scenario_0749,4,55_0113;55_0115;55_0122;55_0266,0.0,0.0,0.0,0.0
scenario_0750,6,20_0105;34_0859;48_0164;4_0116;4_0222;4_0267,39.99397644333528,9.196648328957391e-05,0.0,39.99765454870154
scenario_0751,2,55_0215;55_0224,0.0,0.0,0.0,0.0
scenario_0752,6,10_0211;27_3005;37_0207;48_0122;49_D451;6_0209,62579806.53270511,9.196648328957391e-05,0.029313599581940897,64420001.16805192
scenario_0753,3,12_AA02;12_AA03;12_AA61,0.0,0.0,0.0,0.0
scenario_0754,5,37_0201;37_0203;37_0209;37_0210;37_0212,0.0,0.0,0.0,0.0
scenario_0755,1,10_0111,0.0,0.0,0.0,0.0
scenario_0756,1,10_0212,0.0,0.0,0.0,0.0
scenario_0757,6,27_3010;32_AA03;39_0206;4_0219;4_BA61;55_0264,0.0,0.0,0.0,0.0
scenario_0758,3,49_E431;49_E443;49_E455,0.0,0.0,0.0,0.0
scenario_0759,4,19_0222;38_0217;38_0223;39_0809,0.0,0.0,0.0,0.0
scenario_0760,2,48_0124;48_0164,62731555.1137489,0.00018393296657914782,0.029313599581940897,64581981.20253599
scenario_0761,5,20_0110;20_0159;20_0162;20_0163;20_0901,0.0,0.0,0.0,0.0
scenario_0762,3,37_0202;37_0203;37_0211,0.0,0.0,0.0,0.0
scenario_0763,4,19_0224;1_4073;48_0117;49_C456,62521722.22142241,9.196648328957391e-05,0.029313599581940897,64360208.85471644
scenario_0764,5,49_D440;49_D444;49_D449;49_D455;49_D460,0.0,0.0,0.0,0.0
scenario_0765,4,10_0105;12_0106;35_0109;5_0214,51625231.57771972,0.0,0.03272172825545319,53314498.37653071
scenario_0766,5,32_0104;32_0106;32_0201;32_0206;32_0211,0.0,0.0,0.0,0.0
scenario_0767,3,49_C430;49_C449;49_C458,86825840.51703441,0.0,0.02561992293846405,89050311.8601482
scenario_0768,6,1_0162;20_0105;20_0106;27_3009;49_C443;6_0212,62033942.16123439,0.0,0.020147128646943676,63283747.97443385
scenario_0769,3,4_0223;4_0224;51_0120,0.0,0.0,0.0,0.0
scenario_0770,4,12_0112;26_0115;26_0121;5_0220,5.189494423946331,0.0,0.0,5.189494423946331
scenario_0771,2,38_0260;4_AA61,0.0,0.0,0.0,0.0
scenario_0772,2,19_0216;38_0221,0.0,0.0,0.0,0.0
scenario_0773,1,4_0217,0.0,0.0,0.0,0.0
scenario_0774,3,12_1030;12_4059;12_4109,0.0,0.0,0.0,0.0
scenario_0775,4,10_0211;20_0107;4_BA02;55_0113,0.0,0.0,0.0,0.0
scenario_0776,1,4_0218,0.0,0.0,0.0,0.0
scenario_0777,2,32_0103;32_0204,0.0,0.0,0.0,0.0
scenario_0778,4,20_0111;20_0903;26_0214;26_0222,0.0,0.0,0.0,0.0
scenario_0779,1,10_0110,0.0,0.0,0.0,0.0
scenario_0780,3,49_C410;49_C447;49_C450,86779036.0201934,0.0,0.02561992293846405,89002308.23570496
scenario_0781,3,53_0203;53_0205;53_0212,0.0,0.0,0.0,0.0
scenario_0782,4,8_A413;8_A430;8_A444;8_A452,0.0,0.0,0.0,0.0
scenario_0783,1,4_0119,0.0,0.0,0.0,0.0
scenario_0784,3,12_AA61;20_0106;4_AA03,0.0,0.0,0.0,0.0
scenario_0785,3,51_0113;51_0114;51_0115,0.0,0.0,0.0,0.0
scenario_0786,1,4_0264,0.0,0.0,0.0,0.0
scenario_0787,2,30_0120;30_0901,0.0,0.0,0.0,0.0
scenario_0788,4,19_0224;4_0215;4_0222;8_0222,0.0,0.0,0.0,0.0
scenario_0789,2,49_D431;6_0208,0.0,0.0,0.0,0.0
scenario_0790,2,4_0217;4_0262,0.0,0.0,0.0,0.0
scenario_0791,5,32_AA01;32_AA02;32_AA03;32_AA60;32_AA61,0.0,0.0,0.0,0.0
scenario_0792,4,20_0159;26_0214;39_0259;40_4166,258499129.77757877,0.0,0.05815393187768814,273531870.5611058
scenario_0793,2,49_C431;49_C456,43412913.24757917,0.0,0.012809961469232026,43969030.993547775
scenario_0794,4,6_0203;6_0204;6_0206;6_0212,0.0,0.0,0.0,0.0
scenario_0795,2,4_0121;5_0119,39179780.35502437,0.0,0.0,39179780.35502437
scenario_0796,4,27_2018;27_3005;27_3012;27_6064,0.0,0.0,0.0,0.0
scenario_0797,4,31_0118;31_0120;31_0122;31_0903,0.0,0.0,0.0,0.0
scenario_0798,1,10_0104,0.0,0.0,0.0,0.0
scenario_0799,4,20_0109;8_0218;8_0223;8_0259,0.0,0.0,0.0,0.0
scenario_0800,2,10_0108;51_0115,0.0,0.0,0.0,0.0
scenario_0801,5,32_0202;39_0901;48_0161;4_BA01;8_0224,0.0,9.196648328957391e-05,0.0,0.0
scenario_0802,5,39_0204;39_0205;39_0206;39_0262;39_0265,0.0,0.0,0.0,0.0
scenario_0803,2,49_C430;49_C445,86841092.12737614,0.0,0.02561992293846405,89065954.21557158
scenario_0804,3,49_E443;49_E456;49_E460,0.0,0.0,0.0,0.0
scenario_0805,3,37_0859;48_0901;6_0208,271594789.3945486,0.00011584671444697658,0.12702382990117594,306125263.0886597
scenario_0806,2,8_0218;8_0221,0.0,0.0,0.0,0.0
scenario_0807,4,35_0107;35_0109;35_0508;35_0901,0.0,0.0,0.0,0.0
scenario_0808,6,38_0223;39_0105;49_C448;4_0222;5_0224;6_0201,0.0,0.0,0.0,0.0
scenario_0809,4,22_0116;48_0116;48_0118;48_0120,187280689.68619213,0.0002758994498687217,0.08794079874582272,203801973.76611987
scenario_0810,5,49_E451;49_E452;49_E456;49_E458;49_E459,0.0,0.0,0.0,0.0
scenario_0811,2,4_AA60;55_6355,0.0,0.0,0.0,0.0
scenario_0812,5,8_0213;8_0217;8_0220;8_0502;8_0509,0.0,0.0,0.0,0.0
scenario_0813,5,19_0108;27_1003;48_0163;4_0264;53_0802,1.4708068616192316,9.196648328957391e-05,0.0,1.4709421265538931
scenario_0814,1,32_AA02,0.0,0.0,0.0,0.0
scenario_0815,3,40_0117;40_0124;48_0164,36663869.97779589,9.196648328957391e-05,0.008289133835295705,36971153.55014737
scenario_0816,4,32_7084;35_0110;39_0259;6_0212,0.0,0.0,0.0,0.0
scenario_0817,4,49_E444;49_E449;49_E451;49_E460,0.0,0.0,0.0,0.0
scenario_0818,3,26_0118;39_0108;51_0116,0.0,0.0,0.0,0.0
scenario_0819,4,49_C443;49_C447;49_C449;49_C457,86845087.83918262,0.0,0.02561992293846405,89070052.29720663
scenario_0820,6,20_0208;39_0264;39_0265;55_0265;5_0219;8_0220,51433618.35838483,0.0,0.03272172825545319,53116615.24150259
scenario_0821,2,1_0104;1_0108,37086385.8795789,0.0,0.014671282002188058,37630490.70526017
scenario_0822,3,26_0115;37_0901;8_0223,0.0,0.0,0.0,0.0
scenario_0823,5,12_0102;12_0111;51_0117;51_0122;5_0222,51543972.27025205,0.0,0.03272172825545319,53230580.12408586
scenario_0824,5,32_0103;32_0108;32_0203;32_0211;32_0259,0.0,0.0,0.0,0.0
scenario_0825,1,20_0102,0.0,0.0,0.0,0.0
scenario_0826,4,26_0121;39_0106;5_0215;5_0221,85669997.00291269,0.0,0.03272172825545319,88473267.36448748
scenario_0827,2,51_0123;51_0124,0.0,0.0,0.0,0.0
scenario_0828,2,37_0202;37_0204,0.0,0.0,0.0,0.0
scenario_0829,2,49_C451;4_BA02,43436456.547399804,0.0,0.012809961469232026,43992875.88213197
scenario_0830,1,49_E455,0.0,0.0,0.0,0.0
scenario_0831,3,29_AA64;49_D448;4_0266,0.0,0.0,0.0,0.0
scenario_0832,2,19_0217;38_0263,0.0,0.0,0.0,0.0
scenario_0833,5,32_0101;4_AA02;5_0224;8_0214;8_0216,0.0,0.0,0.0,0.0
scenario_0834,4,55_0114;55_0215;55_C902;55_C959,0.0,0.0,0.0,0.0
scenario_0835,6,27_1017;31_0116;48_0167;4_0266;4_BA02;6_0202,62201552.84547977,9.196648328957391e-05,0.029313599581940897,64030624.71703746
scenario_0836,2,49_C454;49_C455,0.0,0.0,0.0,0.0
scenario_0837,3,39_0102;39_0204;4_0265,0.0,0.0,0.0,0.0
scenario_0838,1,39_0265,0.0,0.0,0.0,0.0
scenario_0839,4,19_0101;19_0108;19_0223;19_0705,0.0,0.0,0.0,0.0
scenario_0840,6,10_0102;30_0120;4_0116;5_0213;5_0224;6_0208,74585276.03356522,0.0,0.04800763301493182,78165938.593702
scenario_0841,2,30_0113;4_0113,0.0,0.0,0.0,0.0
scenario_0842,1,48_5310,0.0,0.010412119983026269,0.0,0.0
scenario_0843,2,56_B320;56_B360,0.0,0.0,0.0,0.0
scenario_0844,2,56_B310;56_B320,0.0,0.0,0.0,0.0
scenario_0845,3,20_0103;26_0114;48_0114,62143489.8755597,9.196648328957391e-05,0.029313599581940897,63970854.372619465
scenario_0846,4,37_0901;55_0113;55_0261;55_0265,0.0,0.0,0.0,0.0
scenario_0847,5,56_7775;56_B310;56_B330;56_B350;56_B360,0.0,0.0,0.0,0.0
scenario_0848,3,10_0104;48_0164;6_0211,39.99397644333528,9.196648328957391e-05,0.0,39.99765454870154
scenario_0849,4,8_0213;8_0259;8_0501;8_0503,0.0,0.0,0.0,0.0
scenario_0850,3,26_0121;5_0221;6_0206,39179780.35502437,0.0,0.0,39179780.35502437
scenario_0851,2,10_0111;10_0209,0.0,0.0,0.0,0.0
scenario_0852,2,4_0122;4_0216,0.0,0.0,0.0,0.0
scenario_0853,4,20_0208;20_0259;26_0223;53_3014,0.0,0.0,0.0,0.0
scenario_0854,2,37_0201;4_0217,0.0,0.0,0.0,0.0
scenario_0855,6,26_0213;27_2018;48_5310;4_0217;4_BA59;8_0220,0.0,0.010412119983026269,0.0,0.0
scenario_0856,4,8_A411;8_A443;8_A451;8_A455,0.0,0.0,0.0,0.0
scenario_0857,2,48_1113;48_1116,0.0,0.008185788106605307,0.0,0.0
scenario_0858,6,20_0105;4_0223;4_BA01;5_0119;5_0223;6_0204,85751880.32398124,0.0,0.03272172825545319,88557830.0493367
scenario_0859,2,29_0801;29_0808,0.0,0.0,0.0,0.0
scenario_0860,2,49_E449;49_E462,0.0,0.0,0.0,0.0
scenario_0861,2,39_0265;6_0208,0.0,0.0,0.0,0.0
scenario_0862,5,10_0201;1_0112;4_0216;8_0218;8_7776,18520709.122283414,0.0,0.00733545059409496,18656566.86901753
scenario_0863,2,31_0114;32_0104,0.0,0.0,0.0,0.0
scenario_0864,2,4_0120;4_0262,0.0,0.0,0.0,0.0
scenario_0865,3,53_0210;53_0212;53_0801,0.0,0.0,0.0,0.0
scenario_0866,4,48_0001;48_0122;48_0165;48_0167,124781361.78152607,0.00446828224091167,0.05862719916388181,132654501.87347716
scenario_0867,2,12_0103;49_7086,350940314.2863356,0.0,0.08998969398181488,382521325.7748448
scenario_0868,3,29_AA03;37_0260;49_E462,0.0,0.0,0.0,0.0
scenario_0869,4,41_AA01;41_AA02;41_AA59;41_AA60,83106419.23589171,0.0,0.02394191803425058,85096146.3133575
scenario_0870,1,4_AA02,0.0,0.0,0.0,0.0
scenario_0871,1,8_0812,0.0,0.0,0.0,0.0
scenario_0872,1,39_0212,0.0,0.0,0.0,0.0
scenario_0873,6,19_0105;26_0114;4_0223;6_0201;6_0209;8_7776,0.0,0.0,0.0,0.0
scenario_0874,1,48_F340,0.0,0.0024738787091180825,0.0,0.0
scenario_0875,2,8_A411;8_A431,0.0,0.0,0.0,0.0
scenario_0876,5,4_AA01;4_AA03;4_AA59;4_AA60;4_AA61,0.0,0.0,0.0,0.0
scenario_0877,1,20_0109,0.0,0.0,0.0,0.0
scenario_0878,4,37_0901;55_0216;55_0222;55_0260,0.0,0.0,0.0,0.0
scenario_0879,5,39_0102;39_0107;39_0209;39_0259;39_0263,0.0,0.0,0.0,0.0
scenario_0880,3,39_0202;39_0810;39_0902,0.0,0.0,0.0,0.0
scenario_0881,4,26_0116;26_0124;26_0219;26_0902,0.0,0.0,0.0,0.0
scenario_0882,4,26_0121;26_0220;26_0221;26_0901,0.0,0.0,0.0,0.0
scenario_0883,3,10_0108;49_C456;4_AA03,0.0,0.0,0.0,0.0
scenario_0884,4,12_0106;26_0115;53_0201;53_0206,0.0,0.0,0.0,0.0
scenario_0885,1,19_0218,0.0,0.0,0.0,0.0
scenario_0886,3,20_0204;20_0209;20_0210,0.0,0.0,0.0,0.0
scenario_0887,4,39_0160;39_0208;39_0209;39_0260,0.0,0.0,0.0,0.0
scenario_0888,4,19_0104;4_0221;4_0222;8_0811,0.0,0.0,0.0,0.0
scenario_0889,4,32_0205;4_0266;6_0205;6_0212,0.0,0.0,0.0,0.0
scenario_0890,2,4_0162;4_0902,0.0,0.0,0.0,0.0
scenario_0891,2,49_C431;49_C440,86724496.7944886,0.0,0.02561992293846405,88946371.71924047
scenario_0892,5,20_0101;20_0107;20_0204;20_0207;20_0903,0.0,0.0,0.0,0.0
scenario_0893,2,49_C431;49_C445,86850414.26617295,0.0,0.02561992293846405,89075515.18684599
scenario_0894,4,29_AA62;32_0202;4_AA03;55_6355,0.0,0.0,0.0,0.0
scenario_0895,3,20_0101;26_0220;8_0223,0.0,0.0,0.0,0.0
scenario_0896,4,4_0219;4_0502;4_0604;4_0902,0.0,0.0,0.0,0.0
scenario_0897,3,20_0101;20_0102;26_0224,0.0,0.0,0.0,0.0
scenario_0898,3,32_0102;32_0204;32_0209,0.0,0.0,0.0,0.0
scenario_0899,3,4_0115;4_0119;4_0161,0.0,0.0,0.0,0.0
scenario_0900,3,1_0105;4_BA61;5_0218,52861099.14746704,0.0,0.02913176375400195,54401036.199607916
scenario_0901,3,46_0605;46_0660;46_0804,0.0,0.0,0.0,0.0
scenario_0902,4,26_0217;48_0162;49_D460;51_5010,0.10867781152744509,9.196648328957391e-05,0.0,0.10868780624358289
scenario_0903,1,24_1632,0.0,0.0,0.0,0.0
scenario_0904,1,49_C440,43314077.98369397,0.0,0.012809961469232026,43868929.653740406
scenario_0905,2,20_0112;20_0208,0.0,0.0,0.0,0.0
scenario_0906,2,49_7085;49_E455,0.0,0.0,0.0,0.0
scenario_0907,3,55_0805;5_0809;5_0810,0.0,0.0,0.0,0.0
scenario_0908,4,32_AA02;32_AA03;32_AA59;32_AA60,0.0,0.0,0.0,0.0
scenario_0909,4,20_0210;4_BA03;6_0209;8_A455,0.0,0.0,0.0,0.0
scenario_0910,3,31_0114;4_0267;4_AA59,0.0,0.0,0.0,0.0
scenario_0911,1,29_AA62,0.0,0.0,0.0,0.0
scenario_0912,3,20_0108;20_0161;20_0902,0.0,0.0,0.0,0.0
scenario_0913,1,4_0123,0.0,0.0,0.0,0.0
scenario_0914,4,32_7084;37_A962;4_0903;5_0113,122089277.7288168,0.0,0.0774597325228557,131546280.5255996
scenario_0915,2,12_0101;12_0507,0.0,0.0,0.0,0.0
scenario_0916,4,49_C410;49_C447;49_C449;49_C450,130191116.56827514,0.0,0.03842988440769607,135194346.12890282
scenario_0917,1,48_1178,0.0,0.0020894020148448655,0.0,0.0
scenario_0918,4,40_0116;40_0119;40_0503;40_0602,36610405.76870314,0.0,0.008289340032167403,36913881.87083554
scenario_0919,5,20_0105;20_0160;20_0164;20_0204;20_0259,0.0,0.0,0.0,0.0
scenario_0920,4,10_0108;51_5010;55_6352;8_A412,0.0,0.0,0.0,0.0
scenario_0921,2,10_0210;51_0116,0.0,0.0,0.0,0.0
scenario_0922,5,53_0206;53_0207;53_0211;53_0212;53_0259,0.0,0.0,0.0,0.0
scenario_0923,2,39_0202;53_0210,0.0,0.0,0.0,0.0
scenario_0924,5,22_0115;22_0123;40_0117;48_0115;48_0164,81138136.8154453,0.00018393296657914782,0.0334582695980246,83867802.44990504
scenario_0925,5,19_0104;1_4126;4_0217;4_BA61;8_0811,278564461.78410274,0.0,0.10999124711458047,309204114.3375381
scenario_0926,4,10_0103;10_0160;10_0207;10_0208,0.0,0.0,0.0,0.0
scenario_0927,3,49_C431;49_C445;49_C447,86869827.1118502,0.0,0.02561992293846405,89095425.38813351
scenario_0928,6,32_0208;37_0204;49_D440;49_E450;4_AA59;6_0211,0.0,0.0,0.0,0.0
scenario_0929,6,19_0159;37_0209;48_0118;49_D452;4_0260;8_0222,62463140.79992405,9.196648328957391e-05,0.029313599581940897,64299904.813358024
scenario_0930,3,4_0114;4_0119;4_0121,0.0,0.0,0.0,0.0
scenario_0931,2,35_0102;53_0207,0.0,0.0,0.0,0.0
scenario_0932,4,10_0106;10_0159;5_0215;5_0220,51830351.42074949,0.0,0.03272172825545319,53526330.095323905
scenario_0933,4,30_0120;51_5010;55_0123;5_0219,51433618.35838483,0.0,0.03272172825545319,53116615.24150259
scenario_0934,4,53_0207;53_0210;53_0211;53_0212,0.0,0.0,0.0,0.0
scenario_0935,6,20_0207;22_0119;55_0222;55_6352;6_0201;6_0203,0.0,0.0,0.0,0.0
scenario_0936,4,26_0121;27_3007;39_0205;53_A810,0.0,0.0,0.0,0.0
scenario_0937,3,10_0103;53_0211;5_0222,51543972.27025205,0.0,0.03272172825545319,53230580.12408586
scenario_0938,3,29_AA01;29_AA62;29_AA65,0.0,0.0,0.0,0.0
scenario_0939,3,4_0218;4_0220;55_0260,0.0,0.0,0.0,0.0
scenario_0940,6,20_0106;39_A804;4_0221;4_BA01;5_0214;5_0215,103455579.04196087,0.0,0.06544345651090638,110226069.72980407
scenario_0941,4,26_0119;26_0121;26_0604;26_0902,0.0,0.0,0.0,0.0
scenario_0942,4,20_0208;20_0211;49_E431;4_BA60,0.0,0.0,0.0,0.0
scenario_0943,3,20_0204;32_AA01;5_0215,51830347.464241154,0.0,0.03272172825545319,53526326.009351775
scenario_0944,4,30_0116;30_0120;30_0121;30_0901,0.0,0.0,0.0,0.0
scenario_0945,2,51_0121;8_0223,0.0,0.0,0.0,0.0
scenario_0946,5,38_0262;4_BA59;51_0118;5_0804;8_A445,0.0,0.0,0.0,0.0
scenario_0947,1,26_0218,0.0,0.0,0.0,0.0
scenario_0948,2,39_0810;8_0213,0.0,0.0,0.0,0.0
scenario_0949,6,19_0216;26_0124;37_0208;49_C450;4_0213;8_A413,43429490.91773948,0.0,0.012809961469232026,43985821.02302409
scenario_0950,2,6_0205;6_0212,0.0,0.0,0.0,0.0
scenario_0951,4,37_0205;39_0903;49_E440;4_BA02,0.0,0.0,0.0,0.0
scenario_0952,2,20_0202;20_0209,0.0,0.0,0.0,0.0
scenario_0953,1,19_0110,0.0,0.0,0.0,0.0
scenario_0954,2,39_0110;39_0210,0.0,0.0,0.0,0.0
scenario_0955,3,27_1020;27_2023;27_3010,0.0,0.0,0.0,0.0
scenario_0956,2,55_C902;55_C960,0.0,0.0,0.0,0.0
scenario_0957,1,8_0219,0.0,0.0,0.0,0.0
scenario_0958,6,19_0220;38_0224;48_0122;48_5026;53_0210;6_0212,62579806.53270511,0.0022472586072344036,0.029313599581940897,64554878.932189845
scenario_0959,3,27_3005;27_3012;27_6064,0.0,0.0,0.0,0.0
scenario_0960,5,26_0159;31_0119;31_0902;32_0108;32_0259,0.0,0.0,0.0,0.0
scenario_0961,3,48_0120;51_0114;53_0210,62027321.32895206,9.196648328957391e-05,0.029313599581940897,63851269.82413985
scenario_0962,2,30_0114;30_0901,0.0,0.0,0.0,0.0
scenario_0963,5,22_0116;26_0219;32_AA60;39_0109;55_6355,0.0,0.0,0.0,0.0
scenario_0964,1,20_0159,0.0,0.0,0.0,0.0
scenario_0965,4,27_1020;27_3007;27_3009;27_3012,0.0,0.0,0.0,0.0
scenario_0966,4,4_0162;4_0264;4_0506;4_0559,0.0,0.0,0.0,0.0
scenario_0967,2,22_0123;6_0210,0.0,0.0,0.0,0.0
scenario_0968,3,26_0118;31_0123;32_0209,0.0,0.0,0.0,0.0
scenario_0969,4,20_0106;20_0107;20_0109;20_0204,0.0,0.0,0.0,0.0
scenario_0970,2,40_4166;53_0202,258499129.77757877,0.0,0.05815393187768814,273531870.5611058
scenario_0971,2,46_9106;46_9187,0.0,0.0,0.0,0.0
scenario_0972,1,12_4059,0.0,0.0,0.0,0.0
scenario_0973,3,39_0107;39_0108;39_0212,0.0,0.0,0.0,0.0
scenario_0974,3,37_0207;37_0802;37_0859,0.0,0.0,0.0,0.0
scenario_0975,2,10_0103;10_0207,0.0,0.0,0.0,0.0
scenario_0976,5,1_0108;1_0109;1_0112;1_0507;1_0661,55499443.33951296,0.0,0.02200673586909192,56720804.92996725
scenario_0977,2,19_0214;49_C410,43334211.864823066,0.0,0.012809961469232026,43889321.44911099
scenario_0978,4,10_0105;10_0204;10_0206;10_0210,0.0,0.0,0.0,0.0
scenario_0979,2,4_0116;6_0204,0.0,0.0,0.0,0.0
scenario_0980,1,32_0201,0.0,0.0,0.0,0.0
scenario_0981,3,49_E443;49_E444;49_E449,0.0,0.0,0.0,0.0
scenario_0982,4,4_0214;4_0218;4_0508;4_0902,0.0,0.0,0.0,0.0
scenario_0983,4,20_0107;20_0160;20_0205;20_0208,0.0,0.0,0.0,0.0
scenario_0984,2,22_0122;48_0118,62463140.79992405,9.196648328957391e-05,0.029313599581940897,64299904.813358024
scenario_0985,2,49_E410;49_E444,0.0,0.0,0.0,0.0
scenario_0986,3,39_0108;39_0160;39_0264,0.0,0.0,0.0,0.0
scenario_0987,6,19_0221;26_0214;30_0114;49_D449;4_0263;5_0213,74585276.03356522,0.0,0.04800763301493182,78165938.593702
scenario_0988,2,20_0106;20_0202,0.0,0.0,0.0,0.0
scenario_0989,3,38_0215;38_0220;38_0260,0.0,0.0,0.0,0.0
scenario_0990,3,40_0120;40_0505;40_0606,18342416.364558958,0.0,0.004144670016083702,18418439.627687667
scenario_0991,3,26_0118;26_0120;32_0102,0.0,0.0,0.0,0.0
scenario_0992,3,10_0105;35_0102;5_0223,51766899.42379098,0.0,0.03272172825545319,53460801.83936364
scenario_0993,3,4_A330;4_A901;4_A902,0.0,0.0,0.0,0.0
scenario_0994,4,22_0114;40_0116;40_0117;40_0160,49317368.79831649,0.0,0.008289340032167403,49726177.23777754
scenario_0995,1,53_0208,0.0,0.0,0.0,0.0
scenario_0996,4,20_0159;26_0124;48_0167;49_D449,62201552.84547977,9.196648328957391e-05,0.029313599581940897,64030624.71703746
scenario_0997,2,49_D431;49_D443,0.0,0.0,0.0,0.0
scenario_0998,1,32_0109,0.0,0.0,0.0,0.0
scenario_0999,2,55_0122;55_0221,0.0,0.0,0.0,0.0
scenario_1000,5,31_0114;31_0120;31_0124;31_0902;31_0903,0.0,0.0,0.0,0.0
scenario_1001,4,35_0106;39_0105;49_C453;8_0219,0.0,0.0,0.0,0.0
scenario_1002,3,19_0111;1_0109;1_0162,37104344.74916469,0.0,0.014672618688192952,37648762.65134444
scenario_1003,5,4_0120;4_0161;4_0163;4_A901;4_A903,0.0,0.0,0.0,0.0
scenario_1004,3,32_0111;32_0206;32_0211,0.0,0.0,0.0,0.0
scenario_1005,3,20_0901;27_1003;4_0224,0.0,0.0,0.0,0.0
scenario_1006,1,22_0124,0.0,0.0,0.0,0.0
scenario_1007,3,49_7082;49_C441;49_C451,598538494.4349011,0.0,0.17678910368178072,704353578.3850899
scenario_1008,4,1_0103;1_0107;1_0110;1_0162,74223832.42761365,0.0,0.029334188401422018,76401128.31192084
scenario_1009,4,4_0213;4_0217;4_0223;4_0267,0.0,0.0,0.0,0.0
scenario_1010,2,39_0103;39_0261,0.0,0.0,0.0,0.0
scenario_1011,3,41_AA01;41_AA59;41_AA60,62384033.07117954,0.0,0.017956712865685426,63504245.240442134
scenario_1012,3,32_AA59;32_AA61;32_AA62,0.0,0.0,0.0,0.0
scenario_1013,1,10_0210,0.0,0.0,0.0,0.0
scenario_1014,1,39_0207,0.0,0.0,0.0,0.0
scenario_1015,4,12_0105;26_0121;32_0105;5_0221,39179780.35502437,0.0,0.0,39179780.35502437
scenario_1016,2,39_0201;39_0259,0.0,0.0,0.0,0.0
scenario_1017,1,40_0160,15401792.238564793,0.0,0.0,15401792.238564793
scenario_1018,2,39_0201;39_0205,0.0,0.0,0.0,0.0
scenario_1019,2,30_0115;30_0508,0.0,0.0,0.0,0.0
scenario_1020,5,4_0223;4_0265;8_0219;8_0224;8_0811,0.0,0.0,0.0,0.0
scenario_1021,2,26_0217;39_0102,0.0,0.0,0.0,0.0
scenario_1022,3,20_0105;20_0159;20_0160,0.0,0.0,0.0,0.0
scenario_1023,1,49_D410,0.0,0.0,0.0,0.0
scenario_1024,2,55_0215;55_0217,0.0,0.0,0.0,0.0
scenario_1025,4,6_0204;6_0210;6_0503;6_0505,0.0,0.0,0.0,0.0
scenario_1026,5,32_0110;32_0203;32_0206;32_0208;32_0259,0.0,0.0,0.0,0.0
scenario_1027,5,30_0115;30_0116;30_0124;30_0560;30_0903,0.0,0.0,0.0,0.0
scenario_1028,2,30_0114;48_5283,0.0,0.010451725491480657,0.0,0.0
scenario_1029,2,28_0805;4_0220,0.0,0.0,0.0,0.0
scenario_1030,5,19_0214;35_0102;53_0209;6_0205;6_0207,0.0,0.0,0.0,0.0
scenario_1031,6,20_0204;32_AA02;36_0859;49_C443;4_AA61;5_0216,43412906.44259336,0.0,0.012809961469232026,43969024.101390354
scenario_1032,4,12_0105;26_0116;35_0111;53_0207,0.0,0.0,0.0,0.0
scenario_1033,6,27_1020;40_5021;4_AA59;51_0115;51_0123;6_0202,0.0,0.0,0.0,0.0
scenario_1034,3,27_1020;4_0221;8_A444,0.0,0.0,0.0,0.0
scenario_1035,3,12_0101;12_0108;12_0109,0.0,0.0,0.0,0.0
scenario_1036,3,19_0219;4_0265;56_B360,0.0,0.0,0.0,0.0
scenario_1037,2,49_D440;49_D445,0.0,0.0,0.0,0.0
scenario_1038,4,22_0113;48_0120;48_0160;48_0161,62027321.32895206,0.0002758994498687217,0.029313599581940897,63862678.69336082
scenario_1039,3,19_0215;19_0216;38_0215,0.0,0.0,0.0,0.0
scenario_1040,4,12_0101;35_0108;4_0263;5_0216,40.17164579548778,0.0,0.0,40.17164579548778
scenario_1041,2,10_0203;10_0212,0.0,0.0,0.0,0.0
scenario_1042,2,8_A410;8_A431,0.0,0.0,0.0,0.0
scenario_1043,4,27_3005;32_AA60;4_0222;6_0207,0.0,0.0,0.0,0.0
scenario_1044,4,10_0208;26_0121;35_0101;51_0114,0.0,0.0,0.0,0.0
scenario_1045,5,4_0113;4_0115;4_0123;4_0162;4_A902,0.0,0.0,0.0,0.0
scenario_1046,3,55_C901;55_C903;55_C959,0.0,0.0,0.0,0.0
scenario_1047,2,31_0116;38_0219,0.0,0.0,0.0,0.0
scenario_1048,3,30_0121;30_0507;30_0902,0.0,0.0,0.0,0.0
scenario_1049,5,38_0221;48_3835;4_AA61;5_A310;8_0220,0.0,0.008273855629993832,0.0,0.0
scenario_1050,5,20_0104;20_0105;20_0107;20_0112;20_0901,0.0,0.0,0.0,0.0
scenario_1051,4,40_0121;48_0115;48_0121;48_0164,143288537.47470492,0.0002758994498687217,0.06277186917996551,152322560.03271744
scenario_1052,2,49_D441;49_D461,0.0,0.0,0.0,0.0
scenario_1053,2,19_0220;35_0108,0.0,0.0,0.0,0.0
scenario_1054,2,4_1062;4_AA61,0.0,0.0,0.0,0.0
scenario_1055,5,26_0116;31_0118;31_0120;32_0106;32_0211,0.0,0.0,0.0,0.0
scenario_1056,4,49_D430;49_D443;49_D451;49_D460,0.0,0.0,0.0,0.0
scenario_1057,1,38_0263,0.0,0.0,0.0,0.0
scenario_1058,1,1_4126,278564461.78410274,0.0,0.10999124711458047,309204114.3375381
scenario_1059,2,1_0112;37_0210,18520709.122283414,0.0,0.00733545059409496,18656566.86901753
scenario_1060,2,37_0208;5_0118,0.7165143793436717,0.0,0.0,0.7165143793436717
scenario_1061,2,37_A962;37_A965,0.0,0.0,0.0,0.0
scenario_1062,3,4_0222;4_0224;8_0811,0.0,0.0,0.0,0.0
scenario_1063,5,48_0001;48_0115;48_0117;48_0162;48_0165,125370322.37487654,0.0045602487242012435,0.05862719916388181,133292153.08665124
scenario_1064,2,38_3006;8_0214,0.0,0.0,0.0,0.0
scenario_1065,3,39_0209;39_0261;39_0264,0.0,0.0,0.0,0.0
scenario_1066,2,8_A411;8_A415,0.0,0.0,0.0,0.0
scenario_1067,1,55_0266,0.0,0.0,0.0,0.0
scenario_1068,3,49_C453;4_0221;8_0219,0.0,0.0,0.0,0.0
scenario_1069,3,49_D410;49_D441;49_D448,0.0,0.0,0.0,0.0
scenario_1070,3,27_1017;27_2023;27_3007,0.0,0.0,0.0,0.0
scenario_1071,2,48_0118;48_0121,124547215.64485669,0.00018393296657914782,0.05862719916388181,131871978.40062737
scenario_1072,6,10_0111;31_0123;37_0212;39_0260;4_0267;55_0261,0.0,0.0,0.0,0.0
scenario_1073,3,19_0101;19_0219;19_0224,0.0,0.0,0.0,0.0
scenario_1074,6,20_0203;32_AA01;39_0107;48_0903;4_AA60;6_0207,270106346.6088387,0.00011584988781343508,0.12702556965867984,304448050.9452036
scenario_1075,4,29_AA61;48_0123;55_0806;55_6355,62673313.83336852,9.196648328957391e-05,0.029313599581940897,64516258.10382257
scenario_1076,5,49_E410;49_E448;49_E455;49_E458;49_E460,0.0,0.0,0.0,0.0
scenario_1077,1,40_0120,18342416.364558958,0.0,0.004144670016083702,18418439.627687667
scenario_1078,3,10_0103;10_0159;10_0160,0.0,0.0,0.0,0.0
scenario_1079,3,4_0117;4_0121;4_0160,0.0,0.0,0.0,0.0
scenario_1080,4,29_AA66;38_0264;49_7082;4_BA02,598538494.4349011,0.0,0.17678910368178072,704353578.3850899
scenario_1081,1,1_0101,18670296.936785836,0.0,0.007337605749231694,18807292.214929055
scenario_1082,2,26_0119;53_0211,0.0,0.0,0.0,0.0
scenario_1083,5,20_0105;38_0213;38_0217;4_0219;5_0120,0.0,0.0,0.0,0.0
scenario_1084,4,22_0116;48_0114;48_0122;48_0124,187454816.4978996,0.0002758994498687217,0.08794079874582272,203991461.4702235
scenario_1085,5,48_0113;48_0119;48_0121;48_0161;48_0166,299860317.83356947,0.000424881558083956,0.08794079874582272,326357678.81507856
scenario_1086,4,48_0114;48_0118;48_0160;48_0801,124606630.67548376,0.0002865175629954697,0.05862719916388181,131947670.41738984
scenario_1087,1,27_3010,0.0,0.0,0.0,0.0
scenario_1088,2,32_AA02;32_AA60,0.0,0.0,0.0,0.0
scenario_1089,2,31_0904;32_0111,0.0,0.0,0.0,0.0
scenario_1090,1,6_A806,0.0,0.0,0.0,0.0
scenario_1091,4,10_0110;29_AA01;4_0224;8_0218,0.0,0.0,0.0,0.0
scenario_1092,2,37_A963;37_A965,0.0,0.0,0.0,0.0
scenario_1093,1,38_0220,0.0,0.0,0.0,0.0
scenario_1094,4,49_C445;49_C451;49_C453;49_C455,86873957.56599359,0.0,0.02561992293846405,89099661.66419375
scenario_1095,2,26_0113;5_0223,51766899.42379098,0.0,0.03272172825545319,53460801.83936364
scenario_1096,5,29_AA61;30_0120;48_5310;4_0219;53_0205,0.0,0.010412119983026269,0.0,0.0
scenario_1097,1,49_E446,0.0,0.0,0.0,0.0
scenario_1098,5,48_0001;48_0117;48_0118;48_0120;48_0903,394867259.8352444,0.004584132128724883,0.18565277540634567,469985586.23314846
scenario_1099,1,20_0903,0.0,0.0,0.0,0.0
scenario_1100,3,39_0110;4_0224;4_0267,0.0,0.0,0.0,0.0
scenario_1101,4,4_0114;4_0122;4_0218;4_0501,0.0,0.0,0.0,0.0
scenario_1102,3,10_0110;26_0114;35_0102,0.0,0.0,0.0,0.0
scenario_1103,4,38_0263;48_0124;53_0259;55_0120,62731520.08963477,9.196648328957391e-05,0.029313599581940897,64576175.94800287
scenario_1104,4,49_D430;49_D431;49_D454;49_D460,0.0,0.0,0.0,0.0
scenario_1105,2,48_0901;4_0215,271594789.3945486,0.00011584671444697658,0.12702382990117594,306125263.0886597
scenario_1106,2,55_0120;55_0121,0.0,0.0,0.0,0.0
scenario_1107,1,1_0163,18528624.66938385,0.0,0.007335452950516757,18664540.523883898
scenario_1108,3,19_0103;37_A964;48_0113,62404672.38549416,9.196648328957391e-05,0.029313599581940897,64239717.10210488
scenario_1109,2,27_3005;36_0859,0.0,0.0,0.0,0.0
scenario_1110,5,39_0109;39_0203;39_0212;39_0265;39_0903,0.0,0.0,0.0,0.0
scenario_1111,4,55_0120;55_0122;55_0215;55_0909,0.0,0.0,0.0,0.0
scenario_1112,2,1_0103;1_0162,37258811.83260745,0.0,0.014675998066044487,37805622.08300591
scenario_1113,4,1_0107;1_0109;1_0502;1_0603,36958222.863654464,0.0,0.014657805725044474,37499949.314332806
scenario_1114,1,20_0105,0.0,0.0,0.0,0.0
scenario_1115,5,26_0217;27_3009;39_0901;48_0901;5_0216,271594829.56619436,0.00011584671444697658,0.12702382990117594,306125308.36771554
scenario_1116,4,8_A414;8_A415;8_A444;8_A452,0.0,0.0,0.0,0.0
scenario_1117,3,10_0201;10_0205;10_0211,0.0,0.0,0.0,0.0
scenario_1118,3,40_0113;40_0603;40_0606,21132849.453038633,0.0,0.004786114734933133,21233993.69519694
scenario_1119,2,10_0203;49_D445,0.0,0.0,0.0,0.0
scenario_1120,3,32_0102;32_0201;32_0211,0.0,0.0,0.0,0.0
scenario_1121,1,53_A810,0.0,0.0,0.0,0.0
scenario_1122,3,48_0162;48_0167;48_0901,312976702.65163606,0.0002997796810261244,0.14656636564456485,358942384.5467955
scenario_1123,1,22_0122,0.0,0.0,0.0,0.0
scenario_1124,3,35_0111;4_0119;5_0219,51433618.35838483,0.0,0.03272172825545319,53116615.24150259
scenario_1125,6,26_0214;26_0223;32_AA60;39_0263;53_0212;6_0203,0.0,0.0,0.0,0.0
scenario_1126,2,49_D445;49_D450,0.0,0.0,0.0,0.0
scenario_1127,4,26_0222;29_AA65;48_0118;6_0210,62463140.79992405,9.196648328957391e-05,0.029313599581940897,64299904.813358024
scenario_1128,2,29_AA03;29_AA62,0.0,0.0,0.0,0.0
scenario_1129,1,49_D450,0.0,0.0,0.0,0.0
scenario_1130,2,32_0111;49_C444,43425124.87771973,0.0,0.012809961469232026,43981399.05419991
scenario_1131,2,22_0113;55_0121,0.0,0.0,0.0,0.0
scenario_1132,3,37_A961;37_A964;37_A965,0.0,0.0,0.0,0.0
scenario_1133,3,39_0103;39_0260;39_0810,0.0,0.0,0.0,0.0
scenario_1134,6,12_0105;12_0110;19_0224;20_0901;26_0224;6_0205,0.0,0.0,0.0,0.0
scenario_1135,1,55_0219,0.0,0.0,0.0,0.0
scenario_1136,1,48_0802,0.0,1.0618113126747986e-05,0.0,0.0
scenario_1137,6,10_0211;19_0104;41_7081;4_AA01;5_0124;6_0203,103871577.18766528,0.0,0.029927436738347107,106980187.24286148
scenario_1138,6,20_0902;39_0104;4_0215;55_6353;55_C960;8_0222,0.0,0.0,0.0,0.0
scenario_1139,5,4_0214;4_0217;4_0264;4_0267;8_0224,0.0,0.0,0.0,0.0
scenario_1140,3,10_0102;10_0106;10_0205,0.0,0.0,0.0,0.0
scenario_1141,1,5_0219,51433618.35838483,0.0,0.03272172825545319,53116615.24150259
scenario_1142,5,39_0262;48_AA03;49_C458;53_0206;6_0207,0.0,0.004813491064655229,0.0,0.0
scenario_1143,5,8_0215;8_0218;8_0219;8_0223;8_0560,0.0,0.0,0.0,0.0
scenario_1144,2,26_0214;4_BA61,0.0,0.0,0.0,0.0
scenario_1145,3,49_D445;49_D450;49_D452,0.0,0.0,0.0,0.0
scenario_1146,2,6_0209;6_0509,0.0,0.0,0.0,0.0
scenario_1147,5,19_0105;19_0106;19_0111;19_0601;19_0704,0.0,0.0,0.0,0.0
scenario_1148,3,53_0202;53_0205;53_0212,0.0,0.0,0.0,0.0
scenario_1149,4,30_0120;48_0120;4_0224;55_0265,62027321.32895206,9.196648328957391e-05,0.029313599581940897,63851269.82413985
scenario_1150,5,32_0105;32_0202;32_0205;32_0210;32_0211,0.0,0.0,0.0,0.0
scenario_1151,5,19_0214;30_0805;37_0201;5_0113;5_0123,122089479.07420486,0.0,0.0774597325228557,131546497.46714756
scenario_1152,2,4_0120;4_0219,0.0,0.0,0.0,0.0
scenario_1153,4,10_0105;12_0112;20_0206;4_A902,0.0,0.0,0.0,0.0
scenario_1154,3,20_0204;20_0212;20_0901,0.0,0.0,0.0,0.0
scenario_1155,2,29_AA65;29_AA66,0.0,0.0,0.0,0.0
scenario_1156,2,4_0264;8_A430,0.0,0.0,0.0,0.0
scenario_1157,5,26_0117;26_0120;32_0201;40_0115;4_BA59,0.0,0.0,0.0,0.0
scenario_1158,6,20_0202;32_0103;41_AA59;49_D461;51_0116;6_0211,20818175.195190255,0.0,0.00598551870409653,20942782.772206225
scenario_1159,6,10_0206;26_0222;37_0208;49_D446;8_0214;8_A411,0.0,0.0,0.0,0.0
scenario_1160,3,55_0114;55_0120;55_0216,0.0,0.0,0.0,0.0
scenario_1161,2,55_0259;55_0264,0.0,0.0,0.0,0.0
scenario_1162,6,29_A808;29_AA61;37_0209;6_0212;8_0215;8_0220,0.0,0.0,0.0,0.0
scenario_1163,5,19_0217;38_0222;39_0101;5_0220;8_A413,5.189494423946331,0.0,0.0,5.189494423946331
scenario_1164,6,27_1004;37_0209;5_0119;5_0213;5_0215;8_A412,151811391.59153485,0.0,0.08072936127038502,164067028.26828775
scenario_1165,3,56_7775;56_B320;56_B360,0.0,0.0,0.0,0.0
scenario_1166,3,4_0116;4_0118;4_0119,0.0,0.0,0.0,0.0
scenario_1167,5,32_AA01;32_AA02;32_AA03;32_AA59;32_AA60,0.0,0.0,0.0,0.0
scenario_1168,4,4_BA02;4_BA03;4_BA59;4_BA61,0.0,0.0,0.0,0.0
scenario_1169,1,55_C902,0.0,0.0,0.0,0.0
scenario_1170,4,19_0215;19_0216;19_0217;19_0220,0.0,0.0,0.0,0.0
scenario_1171,3,37_0207;37_0210;5_0119,39179780.35502437,0.0,0.0,39179780.35502437
scenario_1172,1,8_A411,0.0,0.0,0.0,0.0
scenario_1173,2,10_0202;49_C447,19412.84567725237,0.0,0.0,19412.84567725237
scenario_1174,2,4_AA03;4_B320,0.0,0.0,0.0,0.0
scenario_1175,5,37_0211;48_0160;4_AA03;51_0123;55_0222,0.0,9.196648328957391e-05,0.0,0.0
scenario_1176,3,22_0115;22_0120;48_0165,1.8273619157722438,9.196648328957391e-05,0.0,1.827529971821335
scenario_1177,4,49_7086;49_D431;49_D450;49_D459,350940314.2863356,0.0,0.08998969398181488,382521325.7748448
scenario_1178,3,20_0201;48_0117;49_7085,62521722.22142241,9.196648328957391e-05,0.029313599581940897,64360208.85471644
scenario_1179,4,10_0208;39_0106;4_0267;6_0205,0.0,0.0,0.0,0.0
scenario_1180,2,4_0219;4_0604,0.0,0.0,0.0,0.0
scenario_1181,2,20_0104;49_E451,0.0,0.0,0.0,0.0
scenario_1182,2,38_0218;55_0218,0.0,0.0,0.0,0.0
scenario_1183,3,22_0122;48_0113;48_0119,124373880.9132846,0.00018393296657914782,0.05862719916388181,131688449.657254
scenario_1184,3,26_0118;31_0118;31_0120,0.0,0.0,0.0,0.0
scenario_1185,5,1_0111;29_AA62;40_4166;48_0121;4_0266,339088994.5737041,9.196648328957391e-05,0.09480385885219664,371267124.57595605
scenario_1186,5,55_0114;55_0215;55_C901;55_C902;55_C903,0.0,0.0,0.0,0.0
scenario_1187,3,12_0108;48_0167;49_E458,62201552.84547977,9.196648328957391e-05,0.029313599581940897,64030624.71703746
scenario_1188,4,22_0113;22_0114;48_0113;48_0166,198941354.925974,0.00014898210821523428,0.029313599581940897,204802680.84703088
scenario_1189,3,37_0203;39_0101;49_C450,43429490.91773948,0.0,0.012809961469232026,43985821.02302409
scenario_1190,4,26_0214;27_1004;30_0122;4_0217,0.0,0.0,0.0,0.0
scenario_1191,1,40_0121,18355829.00531857,0.0,0.004144670016083702,18431907.859417275
scenario_1192,5,48_0118;48_0120;48_0162;48_0163;48_0164,249489578.482114,0.00045983241644786954,0.05862719916388181,264231177.08484983
scenario_1193,4,19_0221;29_AA64;39_0901;4_0264,0.0,0.0,0.0,0.0
scenario_1194,3,4_0115;4_0223;4_0260,0.0,0.0,0.0,0.0
scenario_1195,1,10_0105,0.0,0.0,0.0,0.0
scenario_1196,2,26_0120;53_0212,0.0,0.0,0.0,0.0
scenario_1197,4,20_0107;26_0219;4_0213;8_0220,0.0,0.0,0.0,0.0
scenario_1198,4,32_0103;32_0107;32_0110;32_0201,0.0,0.0,0.0,0.0
scenario_1199,2,26_0120;32_0101,0.0,0.0,0.0,0.0
scenario_1200,4,37_0208;37_0209;37_0802;37_0903,0.0,0.0,0.0,0.0
scenario_1201,5,48_0119;48_0160;48_0163;48_0164;48_0165,152194450.53986076,0.00045983241644786954,0.029313599581940897,156725801.66354147
scenario_1202,5,20_0101;20_0110;20_0112;26_0224;8_0222,0.0,0.0,0.0,0.0
scenario_1203,4,32_AA02;32_AA59;32_AA60;32_AA61,0.0,0.0,0.0,0.0
scenario_1204,3,19_0102;1_0105;1_0106,37178083.32133517,0.0,0.014651616277872275,37722802.332106136
scenario_1205,3,19_0104;19_0105;1_0112,18520709.122283414,0.0,0.00733545059409496,18656566.86901753
scenario_1206,1,39_A803,0.0,0.0,0.0,0.0
scenario_1207,4,39_0159;48_0902;51_0123;5_0214,419781813.99190503,0.00011585321734342013,0.1597491232608291,486890223.81168556
scenario_1208,6,12_0105;20_0204;29_0807;48_0115;51_0120;53_0208,62848598.733537555,9.196648328957391e-05,0.029313599581940897,64696697.35570376
scenario_1209,3,20_0163;20_0902;8_0218,0.0,0.0,0.0,0.0
scenario_1210,6,38_0221;38_0259;48_0124;4_0162;4_BA60;5_0214,114356751.6673545,9.196648328957391e-05,0.06203532783739409,121461427.23574959
scenario_1211,2,4_1036;4_A901,0.0,0.0,0.0,0.0
scenario_1212,5,48_0902;4_0216;51_0159;6_0211;8_A415,368156582.41418535,0.00011585321734342013,0.1270273950053759,414965206.1569002
scenario_1213,5,10_0202;10_0203;10_0212;10_0259;51_0123,0.0,0.0,0.0,0.0
scenario_1214,3,20_0209;38_0264;8_0224,0.0,0.0,0.0,0.0
scenario_1215,5,27_3005;38_0260;39_0104;4_BA59;5_0121,0.0,0.0,0.0,0.0
scenario_1216,4,26_0215;26_0217;39_0203;5_3071,0.0,0.0,0.0,0.0
scenario_1217,6,12_0106;19_0214;27_3007;40_0117;53_0203;53_0206,18289503.057793587,0.0,0.004144670016083702,18365307.012726296
scenario_1218,6,10_0106;12_0107;49_D459;51_0120;6_0206;6_0212,0.0,0.0,0.0,0.0
scenario_1219,3,27_1003;27_2018;27_3005,0.0,0.0,0.0,0.0
scenario_1220,5,39_0107;39_0109;39_0111;39_0204;39_0262,0.0,0.0,0.0,0.0
scenario_1221,5,19_0111;37_0209;37_0211;39_0203;4_0267,0.0,0.0,0.0,0.0
scenario_1222,4,49_D440;49_D444;49_D445;49_D448,0.0,0.0,0.0,0.0
scenario_1223,2,37_0859;55_0805,0.0,0.0,0.0,0.0
scenario_1224,2,38_0263;39_0810,0.0,0.0,0.0,0.0
scenario_1225,3,35_0101;4_BA59;51_0117,0.0,0.0,0.0,0.0
scenario_1226,3,39_0104;48_0901;5_0220,271594794.58404297,0.00011584671444697658,0.12702382990117594,306125268.9379447
scenario_1227,2,55_6351;55_6355,0.0,0.0,0.0,0.0
scenario_1228,2,27_1004;27_3012,0.0,0.0,0.0,0.0
scenario_1229,5,38_0220;4_0260;4_0265;55_6351;5_0219,51433618.35838483,0.0,0.03272172825545319,53116615.24150259
scenario_1230,1,38_0260,0.0,0.0,0.0,0.0
scenario_1231,1,10_0103,0.0,0.0,0.0,0.0
scenario_1232,3,31_0117;31_0904;32_0259,0.0,0.0,0.0,0.0
scenario_1233,3,20_0902;8_0221;8_0811,0.0,0.0,0.0,0.0
scenario_1234,2,4_AA02;5_0121,0.0,0.0,0.0,0.0
scenario_1235,1,20_0210,0.0,0.0,0.0,0.0
scenario_1236,3,20_0902;49_E450;4_0265,0.0,0.0,0.0,0.0
scenario_1237,5,48_0118;48_0124;48_0167;48_0801;48_0901,396268236.0871917,0.004594747068485394,0.18565143713134266,471656755.9223765
scenario_1238,3,37_0902;55_0218;55_0264,0.0,0.0,0.0,0.0
scenario_1239,2,20_0202;20_0203,0.0,0.0,0.0,0.0
scenario_1240,5,4_0120;4_0160;4_0215;4_0608;4_0660,0.0,0.0,0.0,0.0
scenario_1241,6,1_0101;20_0202;26_0213;32_AA02;4_0216;53_0206,18670296.936785836,0.0,0.007337605749231694,18807292.214929055
scenario_1242,5,1_0162;27_1017;39_0160;40_0124;4_0266,36995402.8163127,0.0,0.011481630996923651,37420170.38003215
scenario_1243,4,19_0218;4_0218;4_AA01;4_BA01,0.0,0.0,0.0,0.0
scenario_1244,3,38_0213;38_0217;38_0223,0.0,0.0,0.0,0.0
scenario_1245,4,20_0204;48_0901;49_C450;6_0204,315024280.31228805,0.00011584671444697658,0.13983379137040797,359111814.3299347
scenario_1246,4,26_0116;26_0213;26_0601;26_0903,0.0,0.0,0.0,0.0
scenario_1247,4,55_0115;55_0119;55_0259;55_0902,0.0,0.0,0.0,0.0
scenario_1248,5,24_2401;49_E452;4_7079;4_BA61;5_0122,18503034.634077914,0.0,0.012001908293137442,18725106.358900864
scenario_1249,1,8_A430,0.0,0.0,0.0,0.0
scenario_1250,3,6_0203;6_0569;6_0604,0.0,0.0,0.0,0.0
scenario_1251,3,26_0217;26_0220;26_0259,0.0,0.0,0.0,0.0
scenario_1252,3,4_0265;4_0266;55_0221,0.0,0.0,0.0,0.0
scenario_1253,6,19_0215;19_0216;39_0903;4_0260;51_5010;5_0222,51543972.27025205,0.0,0.03272172825545319,53230580.12408586
scenario_1254,1,10_0209,0.0,0.0,0.0,0.0
scenario_1255,1,20_0211,0.0,0.0,0.0,0.0
scenario_1256,2,29_AA62;29_AA65,0.0,0.0,0.0,0.0
scenario_1257,3,12_0106;12_0109;12_0506,0.0,0.0,0.0,0.0
scenario_1258,4,37_A960;37_A963;37_A964;37_A965,0.0,0.0,0.0,0.0
scenario_1259,5,12_0104;12_0107;12_0108;12_0110;12_0561,0.0,0.0,0.0,0.0
scenario_1260,2,31_0124;53_0210,0.0,0.0,0.0,0.0
scenario_1261,4,49_D410;49_D430;49_D449;49_D462,0.0,0.0,0.0,0.0
scenario_1262,4,35_0112;35_0802;49_7086;5_0219,402373932.6447205,0.0,0.12271142223726807,451749810.19075686
scenario_1263,2,40_0113;40_0608,21132849.453038633,0.0,0.004786114734933133,21233993.69519694
scenario_1264,6,32_7084;39_0207;4_0218;53_0202;6_0208;8_0215,0.0,0.0,0.0,0.0
scenario_1265,5,53_0203;53_0205;53_0209;53_0259;53_0802,0.0,0.0,0.0,0.0
scenario_1266,3,49_E410;49_E440;49_E454,0.0,0.0,0.0,0.0
scenario_1267,5,39_0207;48_0119;4_0222;4_0265;4_BA02,61969208.52779045,9.196648328957391e-05,0.029313599581940897,63791448.18316444
scenario_1268,1,8_0221,0.0,0.0,0.0,0.0
scenario_1269,2,5_0124;5_0215,51830347.464241154,0.0,0.03272172825545319,53526326.009351775
scenario_1270,2,10_0107;12_0110,0.0,0.0,0.0,0.0
scenario_1271,2,40_0113;40_0503,21139985.159870394,0.0,0.004786114734933133,21241163.554340314
scenario_1272,4,49_D410;49_D440;49_D443;49_D445,0.0,0.0,0.0,0.0
scenario_1273,4,10_0103;39_0261;4_0214;4_BA60,0.0,0.0,0.0,0.0
scenario_1274,2,26_0113;4_BA02,0.0,0.0,0.0,0.0
scenario_1275,3,8_A413;8_A441;8_A444,0.0,0.0,0.0,0.0
scenario_1276,1,48_1116,0.0,0.005930064240965316,0.0,0.0
scenario_1277,5,39_0201;39_0202;39_0203;39_0207;39_0212,0.0,0.0,0.0,0.0
scenario_1278,1,39_0112,0.0,0.0,0.0,0.0
scenario_1279,1,37_A964,0.0,0.0,0.0,0.0
scenario_1280,5,10_0204;10_0210;51_0118;51_0121;51_0123,0.0,0.0,0.0,0.0
scenario_1281,4,20_0102;20_0111;20_0902;8_0215,0.0,0.0,0.0,0.0
scenario_1282,6,12_0106;19_0214;26_0115;38_0223;4_0218;55_0224,0.0,0.0,0.0,0.0
scenario_1283,4,49_3010;49_C449;49_C451;49_C454,86858705.95565186,0.0,0.02561992293846405,89084019.30877039
scenario_1284,4,49_C410;49_C448;49_C450;49_C457,86763702.78256255,0.0,0.02561992293846405,88986582.16170761
scenario_1285,3,56_B330;6_0207;8_A443,0.0,0.0,0.0,0.0
scenario_1286,2,4_0161;4_0218,0.0,0.0,0.0,0.0
scenario_1287,3,31_0113;32_0106;32_0201,0.0,0.0,0.0,0.0
scenario_1288,4,19_0109;19_0112;34_0801;46_0804,0.0,0.0,0.0,0.0
scenario_1289,3,40_0113;4_0218;4_0262,21132849.453038633,0.0,0.004786114734933133,21233993.69519694
scenario_1290,4,26_0121;39_0105;39_0108;53_0204,0.0,0.0,0.0,0.0
scenario_1291,3,48_AA01;48_AA02;48_AA03,0.0,0.014439994063386252,0.0,0.0
scenario_1292,4,19_0102;34_0801;4_0115;4_0123,0.0,0.0,0.0,0.0
scenario_1293,5,20_0101;20_0110;20_0111;20_0112;20_0162,0.0,0.0,0.0,0.0
scenario_1294,5,32_AA61;37_0202;48_AA01;4_0218;5_0216,40.17164579548778,0.004813491064655229,0.0,40.36501165357685
scenario_1295,5,4_1003;4_7614;4_B902;4_BA02;4_BA03,0.0,0.0,0.0,0.0
scenario_1296,1,30_0116,0.0,0.0,0.0,0.0
scenario_1297,2,19_0104;1_0101,18670296.936785836,0.0,0.007337605749231694,18807292.214929055
scenario_1298,2,20_0104;20_0203,0.0,0.0,0.0,0.0
scenario_1299,1,4_0268,0.0,0.0,0.0,0.0
scenario_1300,5,49_C410;49_C441;49_C445;49_C446;49_C458,130201369.9765702,0.0,0.03842988440769607,135204993.57449347
scenario_1301,3,37_1992;49_C458;53_0208,0.0,0.0,0.0,0.0
scenario_1302,3,12_AA01;12_AA02;12_AA03,0.0,0.0,0.0,0.0
scenario_1303,4,49_D440;4_0267;4_AA61;53_A810,0.0,0.0,0.0,0.0
scenario_1304,3,12_0104;12_0508;12_0565,0.0,0.0,0.0,0.0
scenario_1305,6,39_0104;49_7083;49_E450;4_0217;4_BA01;6_0202,298806181.7627945,0.0,0.10805883862625852,331094830.7384288
scenario_1306,3,32_0108;32_0205;32_0210,0.0,0.0,0.0,0.0
scenario_1307,2,10_0259;29_AA03,0.0,0.0,0.0,0.0
scenario_1308,4,20_0107;35_0104;48_F320;5_0214,51625231.57771972,0.0024738787091180825,0.03272172825545319,53442212.93778412
scenario_1309,2,4_0216;55_0219,0.0,0.0,0.0,0.0
scenario_1310,5,8_A412;8_A442;8_A444;8_A446;8_A452,0.0,0.0,0.0,0.0
scenario_1311,5,6_0209;6_0211;6_0504;6_0605;6_0811,0.0,0.0,0.0,0.0
scenario_1312,5,19_0101;19_0109;19_0110;19_0221;19_0708,0.0,0.0,0.0,0.0
scenario_1313,2,5_0124;5_0221,40043875.92086931,0.0,0.0,40043875.92086931
scenario_1314,3,5_0117;5_0219;5_0223,173451156.31579393,0.0,0.11016294441145925,192559046.4071141
scenario_1315,2,4_0161;4_0221,0.0,0.0,0.0,0.0
scenario_1316,4,49_E431;49_E443;49_E451;49_E454,0.0,0.0,0.0,0.0
scenario_1317,1,39_0103,0.0,0.0,0.0,0.0
scenario_1318,1,30_0902,0.0,0.0,0.0,0.0
scenario_1319,4,4_0161;4_0162;4_0504;4_0663,0.0,0.0,0.0,0.0
scenario_1320,4,32_AA59;39_0104;55_6353;8_0222,0.0,0.0,0.0,0.0
scenario_1321,1,55_6354,0.0,0.0,0.0,0.0
scenario_1322,5,4_AA01;4_AA02;4_AA59;4_AA60;4_AA61,0.0,0.0,0.0,0.0
scenario_1323,4,19_0111;19_0218;19_0220;19_0759,0.0,0.0,0.0,0.0
scenario_1324,1,48_0161,0.0,9.196648328957391e-05,0.0,0.0
scenario_1325,3,19_0216;38_0214;38_0263,0.0,0.0,0.0,0.0
scenario_1326,3,37_0202;37_0205;37_0207,0.0,0.0,0.0,0.0
scenario_1327,1,19_0109,0.0,0.0,0.0,0.0
scenario_1328,6,10_0102;20_0210;27_3009;37_A962;55_0117;5_0221,39179780.35502437,0.0,0.0,39179780.35502437
scenario_1329,2,20_0105;20_0161,0.0,0.0,0.0,0.0
scenario_1330,6,10_0108;1_0102;49_D461;4_AA01;55_0220;8_0218,18685964.314961016,0.0,0.007316266486974111,18822675.80945536
scenario_1331,4,39_0103;39_0104;39_0809;39_0901,0.0,0.0,0.0,0.0
scenario_1332,2,12_0105;39_0105,0.0,0.0,0.0,0.0
scenario_1333,5,48_0119;48_0121;48_0122;48_0901;48_0903,603740923.597896,0.0005075960521291334,0.28336341379186564,775125469.2637769
scenario_1334,5,27_1020;27_3012;37_0210;51_0124;53_0210,0.0,0.0,0.0,0.0
scenario_1335,5,12_0103;26_0121;39_0110;53_0209;5_0215,51830347.464241154,0.0,0.03272172825545319,53526326.009351775
scenario_1336,4,10_0203;10_0260;51_0114;51_0119,0.0,0.0,0.0,0.0
scenario_1337,4,32_0112;32_AA61;35_0802;6_0202,0.0,0.0,0.0,0.0
scenario_1338,2,32_0105;32_0110,0.0,0.0,0.0,0.0
scenario_1339,4,10_0206;10_0209;10_0259;51_0113,0.0,0.0,0.0,0.0
scenario_1340,5,30_0114;30_0115;30_0121;30_0123;30_0902,0.0,0.0,0.0,0.0
scenario_1341,5,6_0201;6_0205;6_0208;6_0209;6_0212,0.0,0.0,0.0,0.0
scenario_1342,3,5_0113;5_0213;5_0216,177948323.2044333,0.0,0.11346323068654676,198138914.8504621
scenario_1343,4,1_0103;49_C440;49_E454;4_0262,61951813.9260146,0.0,0.020148792357564862,63200068.160984375
scenario_1344,4,20_0106;20_0159;20_0163;20_0207,0.0,0.0,0.0,0.0
scenario_1345,2,40_4166;48_0160,258499129.77757877,9.196648328957391e-05,0.05815393187768814,273555643.81700486
scenario_1346,5,37_0209;48_3579;49_C446;51_0119;55_C901,43429657.09315336,0.002075265642057733,0.012809961469232026,44076117.40235038
scenario_1347,3,4_0222;51_0122;8_A446,0.0,0.0,0.0,0.0
scenario_1348,2,4_0216;4_0503,0.0,0.0,0.0,0.0
scenario_1349,3,55_0119;55_0213;55_0216,0.0,0.0,0.0,0.0
scenario_1350,6,26_0218;35_0102;37_0207;48_0119;4_BA59;55_6353,61969208.52779045,9.196648328957391e-05,0.029313599581940897,63791448.18316444
scenario_1351,3,49_C445;49_C447;49_C456,43456913.86427104,0.0,0.012809961469232026,44013595.25644409
scenario_1352,1,49_D448,0.0,0.0,0.0,0.0
scenario_1353,6,19_0107;19_0222;20_0203;26_0214;37_0207;4_BA03,0.0,0.0,0.0,0.0
scenario_1354,1,48_3679,0.0,0.0011922187791619798,0.0,0.0
scenario_1355,4,39_0203;39_0204;39_0208;39_0211,0.0,0.0,0.0,0.0
scenario_1356,5,35_0801;38_0215;39_0212;49_C451;6_0205,43436456.547399804,0.0,0.012809961469232026,43992875.88213197
scenario_1357,1,48_0113,62404672.38549416,9.196648328957391e-05,0.029313599581940897,64239717.10210488
scenario_1358,1,49_C455,0.0,0.0,0.0,0.0
scenario_1359,2,20_0103;20_0203,0.0,0.0,0.0,0.0
scenario_1360,2,55_0124;55_0213,0.0,0.0,0.0,0.0
scenario_1361,3,12_0104;12_0109;12_0504,0.0,0.0,0.0,0.0
scenario_1362,1,27_2018,0.0,0.0,0.0,0.0
scenario_1363,2,35_0112;35_0802,0.0,0.0,0.0,0.0
scenario_1364,2,39_0265;55_0117,0.0,0.0,0.0,0.0
scenario_1365,1,27_3007,0.0,0.0,0.0,0.0
scenario_1366,2,26_0122;48_F320,0.0,0.0024738787091180825,0.0,0.0
scenario_1367,4,39_0111;39_0204;39_0207;39_0212,0.0,0.0,0.0,0.0
scenario_1368,4,10_0201;10_0211;10_0260;51_0119,0.0,0.0,0.0,0.0
scenario_1369,4,22_0122;40_0113;48_0117;48_0123,146327885.50782958,0.00018393296657914782,0.06341331389881494,155633936.16576213
scenario_1370,2,24_1632;4_BA60,0.0,0.0,0.0,0.0
scenario_1371,3,12_0103;19_0111;6_0205,0.0,0.0,0.0,0.0
scenario_1372,3,35_0106;53_0203;5_0218,34268150.019386314,0.0,0.02181549726702784,35015726.752480336
scenario_1373,2,32_0211;32_0259,0.0,0.0,0.0,0.0
scenario_1374,4,31_0116;31_0118;31_0119;31_0122,0.0,0.0,0.0,0.0
scenario_1375,6,27_2023;29_AA61;32_AA59;49_C430;49_C431;4_0264,86816504.35636151,0.0,0.02561992293846405,89040736.50775833
scenario_1376,3,26_0121;31_0121;32_0202,0.0,0.0,0.0,0.0
scenario_1377,1,31_0903,0.0,0.0,0.0,0.0
scenario_1378,3,49_7082;49_C410;49_C452,598538494.4349011,0.0,0.17678910368178072,704353578.3850899
scenario_1379,2,10_0108;51_0123,0.0,0.0,0.0,0.0
scenario_1380,2,4_AA01;4_AA59,0.0,0.0,0.0,0.0
scenario_1381,4,22_0121;22_0122;22_0123;22_0708,0.0,0.0,0.0,0.0
scenario_1382,2,26_0118;31_0116,0.0,0.0,0.0,0.0
scenario_1383,4,4_0214;4_0266;8_0216;8_0223,0.0,0.0,0.0,0.0
scenario_1384,5,48_1068;48_3579;48_F310;48_F320;48_F340,0.0,0.013959684966647123,0.0,0.0
scenario_1385,3,26_0114;26_0119;39_0106,0.0,0.0,0.0,0.0
scenario_1386,3,20_0105;20_0210;20_0259,0.0,0.0,0.0,0.0
scenario_1387,3,12_0109;51_0114;51_0120,0.0,0.0,0.0,0.0
scenario_1388,3,41_7081;48_5026;8_0217,103871577.18766528,0.0021552921239448297,0.029927436738347107,107204060.83507577
scenario_1389,5,10_0208;12_0101;27_3010;49_7083;55_0263,298806181.7627945,0.0,0.10805883862625852,331094830.7384288
scenario_1390,3,49_C441;49_C455;49_C456,2364.756731594898,0.0,0.0,2364.756731594898
scenario_1391,5,4_AA01;4_AA02;4_AA03;4_AA59;4_AA61,0.0,0.0,0.0,0.0
scenario_1392,1,32_0204,0.0,0.0,0.0,0.0
scenario_1393,2,19_0223;29_AA64,0.0,0.0,0.0,0.0
scenario_1394,3,20_0108;22_0115;38_0262,0.0,0.0,0.0,0.0
scenario_1395,2,39_0103;51_0113,0.0,0.0,0.0,0.0
scenario_1396,1,53_0211,0.0,0.0,0.0,0.0
scenario_1397,5,8_A413;8_A430;8_A442;8_A451;8_A455,0.0,0.0,0.0,0.0
scenario_1398,4,48_1068;48_F310;48_F320;48_F330,0.0,0.01188441932458939,0.0,0.0
scenario_1399,4,31_0119;32_0101;32_0112;32_0210,0.0,0.0,0.0,0.0
scenario_1400,1,24_2401,0.0,0.0,0.0,0.0
scenario_1401,5,6_0202;6_0204;6_0205;6_0206;6_0207,0.0,0.0,0.0,0.0
scenario_1402,4,10_0209;37_0201;39_0106;55_6351,0.0,0.0,0.0,0.0
scenario_1403,1,30_0118,0.0,0.0,0.0,0.0
scenario_1404,1,32_0210,0.0,0.0,0.0,0.0
scenario_1405,6,20_0110;32_0112;48_AA03;4_0215;4_0224;6_0203,0.0,0.004813491064655229,0.0,0.0
scenario_1406,2,20_0901;26_0213,0.0,0.0,0.0,0.0
scenario_1407,4,4_0213;4_0216;4_0217;4_0663,0.0,0.0,0.0,0.0
scenario_1408,1,20_0202,0.0,0.0,0.0,0.0
scenario_1409,5,31_0114;31_0116;31_0119;31_0123;31_0903,0.0,0.0,0.0,0.0
scenario_1410,4,49_C447;49_C452;49_C454;49_C457,43444551.796382695,0.0,0.012809961469232026,44001074.830942415
scenario_1411,3,26_0116;31_0902;32_0102,0.0,0.0,0.0,0.0
scenario_1412,4,39_0110;39_0208;48_0116;6_0207,62790227.55731603,9.196648328957391e-05,0.029313599581940897,64636609.742003545
scenario_1413,5,32_AA02;32_AA03;32_AA59;32_AA60;32_AA62,0.0,0.0,0.0,0.0
scenario_1414,1,46_0803,0.0,0.0,0.0,0.0
scenario_1415,4,12_0102;39_0160;53_0210;5_0222,51543972.27025205,0.0,0.03272172825545319,53230580.12408586
scenario_1416,4,55_0124;55_0224;55_0806;55_0909,0.0,0.0,0.0,0.0
scenario_1417,5,34_0559;34_0801;34_0860;34_0901;34_0962,0.0,0.0,0.0,0.0
scenario_1418,5,4_0117;4_0161;4_0162;4_0163;4_A903,0.0,0.0,0.0,0.0
scenario_1419,1,53_0207,0.0,0.0,0.0,0.0
scenario_1420,6,12_0102;26_0118;29_AA01;40_0119;4_0221;4_0268,18331269.764261868,0.0,0.004144670016083702,18407246.828410544
scenario_1421,6,12_0111;27_2023;29_AA02;48_5283;4_0220;5_0224,0.0,0.010451725491480657,0.0,0.0
scenario_1422,2,19_0217;5_0123,309.81352114676343,0.0,0.0,309.81352114676343
scenario_1423,5,26_0115;26_0122;39_0107;53_0203;53_0207,0.0,0.0,0.0,0.0
scenario_1424,4,37_0203;37_0205;37_0259;37_0801,0.0,0.0,0.0,0.0
scenario_1425,3,37_0902;55_0221;55_0224,0.0,0.0,0.0,0.0
scenario_1426,2,38_0214;38_0263,0.0,0.0,0.0,0.0
scenario_1427,5,49_7085;49_E430;49_E441;49_E449;49_E451,0.0,0.0,0.0,0.0
scenario_1428,5,20_0212;32_0108;48_0167;49_C444;4_0215,105626677.7231995,9.196648328957391e-05,0.042123561051172924,110085763.64499705
scenario_1429,2,10_0104;39_0107,0.0,0.0,0.0,0.0
scenario_1430,5,19_0103;19_0104;1_0103;1_0106;1_0112,55756500.221733734,0.0,0.022009631273325964,56983680.23270521
scenario_1431,2,30_0113;30_0119,0.0,0.0,0.0,0.0
scenario_1432,2,53_0204;53_0207,0.0,0.0,0.0,0.0
scenario_1433,5,37_0801;37_0859;37_0903;5_0803;5_0804,0.0,0.0,0.0,0.0
scenario_1434,4,10_0109;27_3009;4_0261;8_0222,0.0,0.0,0.0,0.0
scenario_1435,3,30_0114;30_0115;30_0560,0.0,0.0,0.0,0.0
scenario_1436,3,1_0101;1_0112;1_0504,37190995.45384716,0.0,0.014673056343326656,37736701.025605865
scenario_1437,5,37_0202;37_0207;37_0208;37_0211;5_0114,121863986.4371272,0.0,0.07743818086582892,131300911.85987638
scenario_1438,5,12_0112;12_0161;39_0108;39_0111;39_0160,0.0,0.0,0.0,0.0
scenario_1439,1,10_0260,0.0,0.0,0.0,0.0
scenario_1440,6,20_0111;26_0218;26_0222;49_C443;4_AA59;8_A430,43412866.27094756,0.0,0.012809961469232026,43968983.41514733
scenario_1441,1,49_C456,0.0,0.0,0.0,0.0
scenario_1442,4,32_AA01;32_AA60;32_AA61;32_AA62,0.0,0.0,0.0,0.0
scenario_1443,1,55_0264,0.0,0.0,0.0,0.0
scenario_1444,3,48_F320;48_F340;48_F350,0.0,0.0064732023098236224,0.0,0.0
scenario_1445,5,35_0102;48_1178;53_0204;6_0208;8_A441,0.0,0.0020894020148448655,0.0,0.0
scenario_1446,6,20_0201;20_0206;26_0215;49_E441;4_A903;53_0202,0.0,0.0,0.0,0.0
scenario_1447,5,35_0102;35_0110;35_0501;35_0502;35_0503,0.0,0.0,0.0,0.0
scenario_1448,1,35_0101,0.0,0.0,0.0,0.0
scenario_1449,5,34_0859;46_0804;46_0859;4_0115;4_0118,0.0,0.0,0.0,0.0
scenario_1450,4,55_0222;55_0223;55_0260;55_0901,0.0,0.0,0.0,0.0
scenario_1451,3,20_0201;20_0208;20_0210,0.0,0.0,0.0,0.0
scenario_1452,3,6_0203;6_0570;6_0606,0.0,0.0,0.0,0.0
scenario_1453,4,5_0116;5_0124;5_0221;5_0809,40043875.92086931,0.0,0.0,40043875.92086931
scenario_1454,5,39_0204;49_D450;5_0118;8_0215;8_A411,0.7165143793436717,0.0,0.0,0.7165143793436717
scenario_1455,1,20_0101,0.0,0.0,0.0,0.0
scenario_1456,3,38_0214;38_0222;38_0224,0.0,0.0,0.0,0.0
scenario_1457,5,55_0113;55_0114;55_0117;55_0120;55_0223,0.0,0.0,0.0,0.0
scenario_1458,3,39_A804;55_0265;6_0201,0.0,0.0,0.0,0.0
scenario_1459,2,4_BA61;5_0115,0.0,0.0,0.0,0.0
scenario_1460,3,16_9034;19_0220;1_0105,18592949.128080722,0.0,0.007316266486974111,18728980.098680515
scenario_1461,3,19_0213;39_0261;4_0264,0.0,0.0,0.0,0.0
scenario_1462,3,4_AA01;4_AA60;4_AA61,0.0,0.0,0.0,0.0
scenario_1463,6,10_0203;1_4126;20_0902;32_0208;4_0222;6_0209,278564461.78410274,0.0,0.10999124711458047,309204114.3375381
scenario_1464,3,26_0218;4_0224;6_0201,0.0,0.0,0.0,0.0
scenario_1465,4,27_1003;27_3007;27_3010;27_4055,0.0,0.0,0.0,0.0
scenario_1466,5,27_1017;27_2018;27_2023;27_3009;27_3010,0.0,0.0,0.0,0.0
scenario_1467,5,19_0214;32_0104;48_AA02;49_C447;4_0217,19412.84567725237,0.004813011934075906,0.0,19506.279935171362
scenario_1468,2,31_0902;31_0903,0.0,0.0,0.0,0.0
scenario_1469,4,10_0202;19_0224;20_0164;38_0216,0.0,0.0,0.0,0.0
scenario_1470,6,12_0102;1_4126;26_0214;38_0223;39_0202;4_0223,278564461.78410274,0.0,0.10999124711458047,309204114.3375381
scenario_1471,4,10_0105;10_0201;10_0207;10_0209,0.0,0.0,0.0,0.0
scenario_1472,6,10_0160;19_0214;1_4126;20_0207;38_0224;5_0220,278564466.9735971,0.0,0.10999124711458047,309204120.0978314
scenario_1473,5,39_0104;39_0203;39_0205;39_0260;39_0809,0.0,0.0,0.0,0.0
scenario_1474,5,1_0101;1_0109;1_0163;1_0564;1_0661,55664957.45558044,0.0,0.022008510210229752,56890060.24009358
scenario_1475,1,8_0213,0.0,0.0,0.0,0.0
scenario_1476,2,48_0117;48_0161,62521722.22142241,0.00018393296657914782,0.029313599581940897,64365958.75763835
scenario_1477,5,49_E410;49_E430;49_E444;49_E448;49_E458,0.0,0.0,0.0,0.0
scenario_1478,4,29_AA02;29_AA03;29_AA63;29_AA64,0.0,0.0,0.0,0.0
scenario_1479,5,32_AA02;32_AA03;32_AA59;32_AA60;32_AA61,0.0,0.0,0.0,0.0
scenario_1480,3,8_A413;8_A414;8_A455,0.0,0.0,0.0,0.0
scenario_1481,2,48_0001;48_0120,62027321.32895206,0.004284349274332522,0.029313599581940897,64111312.09865383
scenario_1482,5,20_0159;38_0220;4_0265;4_AA02;55_0219,0.0,0.0,0.0,0.0
scenario_1483,2,39_0159;39_0205,0.0,0.0,0.0,0.0
scenario_1484,2,32_0102;37_0201,0.0,0.0,0.0,0.0
scenario_1485,5,8_A410;8_A441;8_A445;8_A446;8_A452,0.0,0.0,0.0,0.0
scenario_1486,3,31_0113;31_0120;31_0902,0.0,0.0,0.0,0.0
scenario_1487,4,1_0162;29_AA63;38_0219;4_0262,18621075.89028683,0.0,0.0073371671777116496,18757701.83712272
scenario_1488,4,26_0116;26_0124;48_0901;51_0120,271594789.3945486,0.00011584671444697658,0.12702382990117594,306125263.0886597
scenario_1489,3,26_0217;26_0223;26_0902,0.0,0.0,0.0,0.0
scenario_1490,4,49_D451;49_D452;49_D460;49_D462,0.0,0.0,0.0,0.0
scenario_1491,4,40_0123;48_0903;4_AA59;55_6355,288471475.0252269,0.00011584988781343508,0.13117003347789186,326343707.4497218
scenario_1492,2,55_0122;55_0213,0.0,0.0,0.0,0.0
scenario_1493,3,20_0105;20_0111;20_0159,0.0,0.0,0.0,0.0
scenario_1494,4,20_0104;20_0105;20_0109;26_0213,0.0,0.0,0.0,0.0
scenario_1495,5,55_0117;55_0118;55_0121;55_0217;55_0223,0.0,0.0,0.0,0.0
scenario_1496,5,20_0205;26_0259;49_7085;49_D430;51_0119,0.0,0.0,0.0,0.0
scenario_1497,6,10_0105;20_0210;22_0115;4_0263;5_0217;6_0202,40.17164579548778,0.0,0.0,40.17164579548778
scenario_1498,5,10_0105;12_0110;12_0161;39_0108;5_0220,5.189494423946331,0.0,0.0,5.189494423946331
scenario_1499,2,32_AA03;8_A413,0.0,0.0,0.0,0.0
