num_closed_nodes,closed_demand,closed_asset,closed_project_load,closed_lane_exposure,closed_speed_exposure,closed_total_degree,first_hop_demand,first_hop_asset,first_hop_degree,second_hop_demand,second_hop_asset,second_hop_degree,first_hop_spatial,first_hop_diversion,route_concentration,closed_tb_degree_days_over_10c_yr,firsthop_tb_degree_days_over_10c_yr,closed_tb_coldest_air_temp,firsthop_tb_coldest_air_temp,closed_tb_high_temp_7days,firsthop_tb_high_temp_7days,closed_tb_max_avg_temp_high_7days,firsthop_tb_max_avg_temp_high_7days,closed_tb_max_temp_high_7days,firsthop_tb_max_temp_high_7days,closed_tb_min_surface_50_temp,firsthop_tb_min_surface_50_temp,closed_tb_min_surface_98_temp,firsthop_tb_min_surface_98_temp,closed_tb_stddev_high_temp_7days,firsthop_tb_stddev_high_temp_7days,closed_tb_stddev_coldest_air_temp,firsthop_tb_stddev_coldest_air_temp,closed_hu_rel_hum_avg_avg,firsthop_hu_rel_hum_avg_avg,closed_pr_precipitation,firsthop_pr_precipitation,closed_pr_evaporation,firsthop_pr_evaporation,closed_pr_pr_days,firsthop_pr_pr_days,closed_wi_wi_velocity_avg,firsthop_wi_wi_velocity_avg,closed_so_cloud_cover_avg,firsthop_so_cloud_cover_avg,closed_so_shortwave_surface_avg,firsthop_so_shortwave_surface_avg,closed_ty_temp_avg,firsthop_ty_temp_avg,closed_ty_temp_mean_avg,firsthop_ty_temp_mean_avg,closed_ty_freeze_index,firsthop_ty_freeze_index,closed_ty_freeze_thaw,firsthop_ty_freeze_thaw
-0.82320243,-0.41861674,0.46690723,-0.701639,-0.43485752,-0.8398783,-1.4025869,-0.49559137,0.2717205,-1.4039661,-0.584022,0.11186833,-1.3750819,-1.4696866,-0.63370246,-1.0998629,0.25203806,0.14397433,0.09346533,0.16935629,0.17328325,0.064892344,0.14614466,0.040955923,0.14758189,0.04194148,0.14252868,0.21410099,0.09531539,0.1737515,0.4106666,0.26596197,0.030444238,-0.062322464,0.24811703,0.1354717,0.48376596,0.3687605,0.61775887,0.48870143,0.09338818,-0.0074609644,0.11081889,0.037466705,-0.32497722,-0.36526865,0.06761148,-0.028368205,0.4056615,0.30002046,0.3992526,0.2921929,-0.3575109,-0.38461733,-0.16268185,-0.23691544
-0.14659771,-0.22512722,0.28662664,-0.03341135,-0.005156449,-0.004851055,0.09943845,-0.11934355,0.39598212,0.40037814,-0.1567474,0.36421162,0.26375327,0.5143859,0.16654652,-0.09225239,-0.09713202,-0.011550642,-0.027324898,-0.11719984,0.024233395,0.12916811,0.059072345,0.16639853,0.05834346,0.16547596,-0.021575639,-0.10860985,-0.018823119,-0.109769255,-0.08810883,-0.00546235,-0.011225733,0.08460905,0.06433486,0.16425875,0.102992296,0.16295257,0.08638962,0.17423892,0.09338818,0.20291698,-0.20828742,-0.14481251,-0.32497722,-0.38349625,0.1572219,0.27502993,-0.120185785,-0.051474415,-0.10262415,-0.026602035,-0.10206008,-0.071314394,0.3682119,0.5219283
1.2066118,0.7080725,3.2072716,1.303044,2.57305,1.1284002,1.4055475,1.0625129,3.8658085,1.9712498,1.1481147,4.1385803,2.077604,1.0432341,3.0443366,0.9153582,2.2731028,2.2137733,-4.935353,-4.8366785,2.6886616,2.61359,2.8060124,2.7310543,2.8450997,2.7700026,-5.2519636,-5.150913,-4.9320884,-4.8332987,4.2332497,4.161232,4.0506077,3.9648316,3.8133836,3.7633443,3.7127736,3.7321608,3.539267,3.5505366,3.1221948,3.0438707,4.252689,4.138014,6.249476,6.741456,2.4365675,2.3575487,1.3648843,1.3245279,1.3209296,1.2784451,6.8108444,6.7291884,2.4486675,2.3493779
1.8832164,2.3578832,1.0382102,1.9712716,1.7136478,1.7844931,1.1443256,1.9604145,0.68194455,1.3277457,1.9351331,0.82396173,1.2533149,1.5050752,0.2136533,1.9229687,1.093191,0.65648174,-0.7274153,-0.58850104,0.9578588,0.5905855,0.89583856,0.5613776,0.8945678,0.56313115,-0.7408413,-0.61979556,-0.7487789,-0.6014514,0.9298838,0.68038565,0.5761229,0.43211514,0.62720114,0.4677202,0.39258483,0.3160825,0.4363176,0.33714017,0.8505898,0.5546163,1.2179226,0.8767312,0.9899134,1.0029547,0.8231926,0.49671394,1.0184599,0.5814979,0.9966609,0.56462425,1.0171748,0.9518805,0.20551348,0.103430435
-0.82320243,0.33356157,2.4022288,-1.3698667,-0.005156449,-0.6012991,-0.35769972,0.53652877,2.767524,-0.2714713,0.46679255,2.603372,-0.3475512,-0.7579937,1.0418053,-0.7639928,1.8231717,1.9036579,0.3005343,0.31301418,1.2583485,1.3063905,1.09152,1.1338968,1.069712,1.11134,0.4637541,0.4831969,0.24661532,0.2575897,0.45154992,0.47263798,0.054255698,0.056307364,0.16238776,0.16501299,-0.23777404,-0.26854932,-0.1678815,-0.19129117,0.8505898,0.8834286,0.78810585,0.82711416,-0.32497722,-0.38477746,1.0750778,1.1149542,2.1764283,2.2973025,2.1538026,2.269618,-0.4326163,-0.4479552,-0.5127639,-0.5224538
1.8832164,2.6772902,4.003007,1.9712716,2.143349,2.2616515,1.8626857,2.8639128,3.9184961,1.9073303,2.7603998,3.9823883,1.8093536,1.6874181,1.3647356,1.5870986,2.7743595,2.673371,-0.1308594,-0.081677124,2.1117997,2.0066917,1.9163948,1.8163009,1.8928528,1.7931001,0.12507078,0.16521066,-0.18074058,-0.1279118,1.3550694,1.2542524,0.6674002,0.58849394,1.0076247,0.92316103,0.730237,0.63704014,0.7931761,0.69209045,1.6077914,1.5148108,1.8821847,1.7611341,-0.32497722,-0.37450373,1.8353671,1.7354923,3.28333,3.1989737,3.2463598,3.159833,-0.4069931,-0.42316836,-0.229845,-0.2555786
-0.14659771,-0.80919695,-0.058431387,-0.03341135,0.8542457,-0.18378547,0.75249296,-0.8179757,-0.06342101,0.70595735,-0.81637704,-0.0675478,0.61512375,0.027442679,1.9930531,-0.09225239,0.7429185,0.7024149,-2.1892238,-2.149054,1.2605212,1.2155437,1.4225007,1.3783245,1.4333307,1.3892992,-2.1968303,-2.1579893,-2.08128,-2.0408847,1.4327477,1.3968672,1.6833547,1.6436819,1.6709552,1.6424396,2.1162622,2.1303358,1.1961267,1.1879998,1.6077914,1.5637139,0.24106641,0.20517021,-0.14567396,-0.18914647,1.6565218,1.6067225,0.15860988,0.118452676,0.17455168,0.1341183,3.1446786,3.1241312,2.2256985,2.1537206
0.530007,-0.06483798,-0.47785357,0.6348163,-0.005156449,0.47230738,-0.16178335,0.09011944,-0.48233584,0.2949896,0.0590894,-0.4791368,0.1691614,0.6597252,-0.63370246,0.579488,-0.65133166,-0.69511765,0.5988122,0.62317413,-0.66495895,-0.70376,-0.6656494,-0.70341796,-0.6658082,-0.70350933,0.5789763,0.6023432,0.6023028,0.6280673,-0.6522975,-0.6876826,-0.63230735,-0.66235024,-0.6485578,-0.69114465,-0.59071505,-0.6450731,-0.60785794,-0.65642154,-0.6638135,-0.7000882,-0.5990299,-0.62577856,-0.32497722,-0.3849645,-0.6594294,-0.6924485,-0.61566925,-0.6657266,-0.6166105,-0.6660638,-0.4326163,-0.4479557,-0.58649915,-0.5987238
0.530007,-0.40525305,0.48947176,0.6348163,-0.005156449,0.47230738,1.470853,-0.3892184,0.50215137,1.4875737,-0.3933172,0.5050453,1.4081186,0.6830815,2.5727332,0.579488,2.9638164,3.0939808,-1.6395048,-1.7040284,2.6497693,2.7511744,2.540303,2.6386027,2.5166576,2.6142044,-1.4601068,-1.5179098,-1.6167625,-1.6796246,1.5063375,1.5690075,1.7885219,1.8584552,1.7797242,1.8634077,1.3336296,1.4180098,1.5228564,1.6215506,2.364993,2.4561017,4.06383,4.196801,-0.32497722,-0.3849645,2.5802648,2.6705856,2.8899796,3.0468664,2.9463105,3.1020157,0.013215263,0.017536474,2.230187,2.2839093
-1.4998071,-0.82997674,-0.48864573,-1.3698667,-1.2942597,-1.4959712,-1.4678924,-0.8295288,-0.49493605,-1.3219771,-0.8274765,-0.4959013,-1.3030789,-1.2528894,-0.63370246,-1.4357332,-0.65133166,-0.69511765,0.5988122,0.62317413,-0.66495895,-0.70376,-0.6656494,-0.70341796,-0.6658082,-0.70350933,0.5789763,0.6023432,0.6023028,0.6280673,-0.6522975,-0.6876826,-0.63230735,-0.66235024,-0.6485578,-0.69114465,-0.59071505,-0.6450731,-0.60785794,-0.65642154,-0.6638135,-0.7000882,-0.5990299,-0.62577856,-0.32497722,-0.3849645,-0.6594294,-0.6924485,-0.61566925,-0.6657266,-0.6166105,-0.6660638,-0.4326163,-0.4479557,-0.58649915,-0.5987238
0.530007,-0.6457727,-0.48604757,0.6348163,-0.005156449,0.47230738,0.75249296,-0.6187854,-0.4790758,0.6185963,-0.61337966,-0.4871976,0.5794568,1.0496039,-0.6057231,0.579488,-0.65133166,-0.6653368,0.5988122,0.60273594,-0.66495895,-0.670386,-0.6656494,-0.6665039,-0.6658082,-0.6665247,0.5789763,0.583599,0.6023028,0.6049261,-0.6522975,-0.658626,-0.63230735,-0.6298193,-0.6485578,-0.63895,-0.59071505,-0.5810103,-0.60785794,-0.6032784,-0.6638135,-0.6597544,-0.5990299,-0.55726296,-0.32497722,-0.33960935,-0.6594294,-0.65663284,-0.61566925,-0.61977726,-0.6166105,-0.62118423,-0.4326163,-0.4447652,-0.58649915,-0.5874786
-0.82320243,0.4635531,-0.47040066,-0.701639,-0.8645586,-0.8398783,-0.7495324,0.52732587,-0.4763456,-0.86338085,0.5567865,-0.42130443,-0.77177083,-0.7268414,-0.63370246,-0.7639928,-0.65133166,-0.69511765,0.5988122,0.62317413,-0.66495895,-0.70376,-0.6656494,-0.70341796,-0.6658082,-0.70350933,0.5789763,0.6023432,0.6023028,0.6280673,-0.6522975,-0.6876826,-0.63230735,-0.66235024,-0.6485578,-0.69114465,-0.59071505,-0.6450731,-0.60785794,-0.65642154,-0.6638135,-0.7000882,-0.5990299,-0.62577856,-0.32497722,-0.3849645,-0.6594294,-0.6924485,-0.61566925,-0.6657266,-0.6166105,-0.6660638,-0.4326163,-0.4479557,-0.58649915,-0.5987238
1.2066118,0.7200985,-0.46678212,1.303044,0.42454463,1.1284002,0.9484093,0.8701914,-0.4638622,0.9027409,0.84012914,-0.46153712,0.9818312,1.315811,-0.6255851,1.2512283,-0.65133166,-0.6822625,0.5988122,0.6123794,-0.66495895,-0.69116914,-0.6656494,-0.6912296,-0.6658082,-0.69126236,0.5789763,0.59195167,0.6023028,0.6172189,-0.6522975,-0.6705693,-0.63230735,-0.6507062,-0.6485578,-0.67819625,-0.59071505,-0.6310519,-0.60785794,-0.6411515,-0.6638135,-0.6883866,-0.5990299,-0.60969657,-0.32497722,-0.3849645,-0.6594294,-0.68152964,-0.61566925,-0.65298104,-0.6166105,-0.6534232,-0.4326163,-0.4432613,-0.58649915,-0.5883014
0.530007,-0.7024735,-0.48684734,0.6348163,-0.005156449,0.47230738,0.09943845,-0.6999937,-0.4931613,0.43238574,-0.6863337,-0.49837518,0.4218002,0.82928455,-0.63370246,0.579488,-0.65133166,-0.69511765,0.5988122,0.62317413,-0.66495895,-0.70376,-0.6656494,-0.70341796,-0.6658082,-0.70350933,0.5789763,0.6023432,0.6023028,0.6280673,-0.6522975,-0.6876826,-0.63230735,-0.66235024,-0.6485578,-0.69114465,-0.59071505,-0.6450731,-0.60785794,-0.65642154,-0.6638135,-0.7000882,-0.5990299,-0.62577856,-0.32497722,-0.3849645,-0.6594294,-0.6924485,-0.61566925,-0.6657266,-0.6166105,-0.6660638,-0.4326163,-0.4479557,-0.58649915,-0.5987238
1.2066118,-0.67366856,0.2306041,1.303044,2.57305,1.1284002,2.646351,-0.6519329,0.27858892,2.5136995,-0.65330976,0.2769892,2.5609078,1.3388448,3.813843,1.2512283,1.6724187,1.8428885,-4.047914,-4.4110446,2.5441747,2.7817004,2.814601,3.0770044,2.8327565,3.097008,-4.047368,-4.410264,-3.8703346,-4.2186227,2.8227775,3.0979154,3.2271295,3.525379,3.2172973,3.5466397,3.920914,4.395102,2.3987832,2.6931946,3.1221948,3.4109223,0.80113053,0.8832114,-0.026138432,-0.029225847,3.200489,3.482759,0.67479604,0.75852334,0.7019932,0.78724164,5.529542,6.0385456,4.1004963,4.399546
-1.4998071,-1.0088116,-0.4833143,-1.3698667,-1.2942597,-1.4959712,-1.8597251,-1.0066963,-0.45481473,-1.8114464,-1.002635,-0.46318305,-1.8240421,-1.904778,-0.63370246,-2.1074736,-0.11577451,-0.077641115,-0.25164962,-0.2929388,0.009241536,0.027923232,0.04057446,0.045893364,0.042297836,0.047344122,-0.2904273,-0.3383814,-0.25240898,-0.29180625,-0.018607348,0.00014065449,0.15743858,0.17283806,0.070496656,0.030067516,-0.030789733,-0.14247559,-0.15424085,-0.20601396,0.09338818,0.08784711,0.6057593,0.5895244,-0.14567396,-0.22249092,0.07569603,0.06941591,-0.2733854,-0.230008,-0.26543134,-0.21814339,0.5717482,0.38733447,0.39305747,0.4577866
-0.82320243,-0.5949627,-0.48533088,-0.701639,-0.8645586,-0.8398783,-1.0760597,-0.45942828,-0.48986524,-0.7973783,-0.545919,-0.49622872,-0.91235477,-0.61895573,-0.63370246,-0.7639928,-0.65133166,-0.69511765,0.5988122,0.62317413,-0.66495895,-0.70376,-0.6656494,-0.70341796,-0.6658082,-0.70350933,0.5789763,0.6023432,0.6023028,0.6280673,-0.6522975,-0.6876826,-0.63230735,-0.66235024,-0.6485578,-0.69114465,-0.59071505,-0.6450731,-0.60785794,-0.65642154,-0.6638135,-0.7000882,-0.5990299,-0.62577856,-0.32497722,-0.3849645,-0.6594294,-0.6924485,-0.61566925,-0.6657266,-0.6166105,-0.6660638,-0.4326163,-0.4479557,-0.58649915,-0.5987238
-0.14659771,-0.4772221,-0.4836702,-0.03341135,-0.43485752,-0.18378547,-0.0964779,-0.44818032,-0.4747227,-0.076428704,-0.4413136,-0.4763773,-0.0725927,0.24419868,-0.63370246,-0.09225239,-0.65133166,-0.66426015,0.5988122,0.6011613,-0.66495895,-0.6750834,-0.6656494,-0.6744852,-0.6658082,-0.67456716,0.5789763,0.5822976,0.6023028,0.6052556,-0.6522975,-0.6580701,-0.63230735,-0.63088447,-0.6485578,-0.65616864,-0.59071505,-0.6010866,-0.60785794,-0.61063856,-0.6638135,-0.67161417,-0.5990299,-0.61459774,-0.32497722,-0.36772352,-0.6594294,-0.6658458,-0.61566925,-0.6312311,-0.6166105,-0.63155633,-0.4326163,-0.4449395,-0.58649915,-0.57744735
-0.82320243,-0.61773294,-0.48565203,-0.701639,-0.8645586,-0.8398783,-0.8148379,-0.6572176,-0.48392153,-0.87498,-0.6627129,-0.4869006,-0.87852687,-0.71678686,-0.63370246,-0.7639928,-0.65133166,-0.6513483,0.5988122,0.585705,-0.66495895,-0.66422176,-0.6656494,-0.6635954,-0.6658082,-0.6636124,0.5789763,0.5677359,0.6023028,0.5911206,-0.6522975,-0.64187706,-0.63230735,-0.61806077,-0.6485578,-0.64355403,-0.59071505,-0.5765034,-0.60785794,-0.5900503,-0.6638135,-0.661118,-0.5990299,-0.5798714,-0.32497722,-0.37148085,-0.6594294,-0.6561693,-0.61566925,-0.61468923,-0.6166105,-0.61581403,-0.4326163,-0.44270462,-0.58649915,-0.574255
-0.14659771,-0.12829977,-0.47874865,-0.03341135,-0.43485752,-0.18378547,-0.29239425,-0.15087858,-0.48563778,-0.3267003,-0.1467348,-0.4806689,-0.31286505,-0.1566666,-0.63370246,-0.09225239,-0.65133166,-0.69511765,0.5988122,0.62317413,-0.66495895,-0.70376,-0.6656494,-0.70341796,-0.6658082,-0.70350933,0.5789763,0.6023432,0.6023028,0.6280673,-0.6522975,-0.6876826,-0.63230735,-0.66235024,-0.6485578,-0.69114465,-0.59071505,-0.6450731,-0.60785794,-0.65642154,-0.6638135,-0.7000882,-0.5990299,-0.62577856,-0.32497722,-0.3849645,-0.6594294,-0.6924485,-0.61566925,-0.6657266,-0.6166105,-0.6660638,-0.4326163,-0.4479557,-0.58649915,-0.5987238
-1.4998071,-0.76664054,-0.48775238,-1.3698667,-1.2942597,-1.4959712,-1.0760597,-0.920102,-0.49617705,-1.4973571,-0.85209066,-0.50065297,-1.3373321,-1.4990503,-0.63370246,-1.4357332,-0.65133166,-0.69511765,0.5988122,0.62317413,-0.66495895,-0.70376,-0.6656494,-0.70341796,-0.6658082,-0.70350933,0.5789763,0.6023432,0.6023028,0.6280673,-0.6522975,-0.6876826,-0.63230735,-0.66235024,-0.6485578,-0.69114465,-0.59071505,-0.6450731,-0.60785794,-0.65642154,-0.6638135,-0.7000882,-0.5990299,-0.62577856,-0.32497722,-0.3849645,-0.6594294,-0.6924485,-0.61566925,-0.6657266,-0.6166105,-0.6660638,-0.4326163,-0.4479557,-0.58649915,-0.5987238
-0.14659771,-0.016285889,-0.47716874,-0.03341135,-0.43485752,-0.18378547,-0.03117245,0.034350473,-0.47886303,-0.17454419,0.014816547,-0.47918063,-0.17228301,0.07787467,-0.6170147,-0.09225239,-0.65133166,-0.6673327,0.5988122,0.6031701,-0.66495895,-0.6788905,-0.6656494,-0.6785626,-0.6658082,-0.67865354,0.5789763,0.5843009,0.6023028,0.6080375,-0.6522975,-0.66201305,-0.63230735,-0.63645935,-0.6485578,-0.6618014,-0.59071505,-0.6050567,-0.60785794,-0.618798,-0.6638135,-0.67603195,-0.5990299,-0.6163324,-0.32497722,-0.36623678,-0.6594294,-0.6698548,-0.61566925,-0.63426584,-0.6166105,-0.6348712,-0.4326163,-0.44646707,-0.58649915,-0.5837693
-0.82320243,-0.43087733,0.7002309,-0.701639,-0.005156449,-0.8398783,-0.35769972,-0.7982428,-0.09022543,-0.8143416,-0.7969612,-0.08970776,-0.8009833,-1.2219132,0.573031,-0.7639928,0.5474377,0.2270388,-1.0577395,-0.6409315,0.7538387,0.38159764,0.7856439,0.40695342,0.78916025,0.40973273,-1.1039656,-0.6820235,-1.0646505,-0.64425457,0.75408584,0.39138418,0.9551217,0.5508492,0.8377738,0.4564542,0.3997363,0.13426024,0.6145419,0.30273232,0.8505898,0.4581422,0.599247,0.28382072,-0.08590619,-0.18459153,0.82647085,0.43963715,0.27040422,0.022981642,0.27142873,0.023228085,1.120217,0.7420247,1.1969318,0.74088126
-0.82320243,0.46156058,-0.47042874,-0.701639,-0.8645586,-0.8398783,-0.55361605,0.69111717,-0.36174014,-0.603189,0.68754655,-0.34208885,-0.53855145,-0.44406715,-0.578306,-0.7639928,-0.65133166,-0.60251206,0.5988122,0.61227006,-0.66495895,-0.6329692,-0.6656494,-0.6390946,-0.6658082,-0.64000803,0.5789763,0.59803855,0.6023028,0.6151682,-0.6522975,-0.6483358,-0.63230735,-0.637996,-0.6485578,-0.66177833,-0.59071505,-0.63046163,-0.60785794,-0.6371659,-0.6638135,-0.64505684,-0.5990299,-0.5825604,-0.32497722,-0.3849645,-0.6594294,-0.6300004,-0.61566925,-0.5601164,-0.6166105,-0.5613612,-0.4326163,-0.4479557,-0.58649915,-0.5965614
1.2066118,1.7042936,-0.24886028,1.303044,0.42454463,1.1284002,0.88310385,1.3647113,-0.22971343,0.8101506,1.3374996,-0.22741924,0.85351795,0.8120594,0.10129807,1.2512283,-0.063814744,0.22162214,0.01458189,-0.0922539,0.0444399,0.32747582,0.048237856,0.3173171,0.054764085,0.32344237,-0.056491446,-0.16112788,-0.09580026,-0.23210941,0.31254685,0.5786771,0.28840142,0.48778972,0.21677224,0.47952032,-0.15681769,0.036096625,0.012005548,0.20516995,0.09338818,0.3514836,0.13035597,0.33647332,0.9301457,1.2758712,-0.0049215024,0.24358755,0.004030129,0.3166704,0.010399031,0.32691917,-0.2956509,-0.28635755,0.08593414,0.1812336
-0.14659771,-0.5618188,-0.14868625,-0.03341135,0.42454463,-0.18378547,0.23004936,-0.56368816,-0.17013791,0.040359125,-0.56874514,-0.17191926,0.06525769,-0.051619835,0.27382773,-0.42812258,-0.004185033,0.035440437,-0.1653709,-0.23490885,0.07073001,0.12296383,0.077966645,0.1325178,0.07821536,0.13295406,-0.17869677,-0.2487312,-0.17543179,-0.245406,0.022275899,0.07362935,0.2169672,0.29157224,0.032990072,0.08329167,-0.14280513,-0.12123646,0.036456157,0.08684162,0.09338818,0.15108502,0.00010852704,0.03414386,-0.26520947,-0.31133834,0.10737913,0.1658599,-0.04565625,-0.016113367,-0.050149105,-0.021429993,0.07322438,0.124240294,0.20054437,0.27143264
-0.82320243,-0.8490505,-0.48891476,-0.701639,-0.8645586,-0.8398783,-0.88014334,-0.87269104,-0.49552742,-0.94289565,-0.864109,-0.500871,-0.9215445,-0.82204264,-0.63370246,-0.7639928,-0.65133166,-0.69511765,0.5988122,0.62317413,-0.66495895,-0.70376,-0.6656494,-0.70341796,-0.6658082,-0.70350933,0.5789763,0.6023432,0.6023028,0.6280673,-0.6522975,-0.6876826,-0.63230735,-0.66235024,-0.6485578,-0.69114465,-0.59071505,-0.6450731,-0.60785794,-0.65642154,-0.6638135,-0.7000882,-0.5990299,-0.62577856,-0.32497722,-0.3849645,-0.6594294,-0.6924485,-0.61566925,-0.6657266,-0.6166105,-0.6660638,-0.4326163,-0.4479557,-0.58649915,-0.5987238
1.2066118,2.2101445,0.6630184,1.303044,1.7136478,1.1284002,1.2749366,2.1954308,0.27817786,0.97918475,2.2569957,0.5322052,1.098266,0.9707175,0.36271465,0.9153582,0.782487,0.81733036,-0.80383354,-0.8843078,0.8242354,0.87520474,0.83505976,0.88883376,0.83606285,0.8900781,-0.7932149,-0.8792281,-0.846991,-0.922484,0.7949691,0.84370196,1.0463989,1.083166,1.0188769,1.0585285,1.0705944,1.0577435,1.1328002,1.1465019,0.8505898,0.90997577,0.29967773,0.36778608,0.7508424,0.71207637,0.7768082,0.84011066,0.7286228,0.74289167,0.72621244,0.73849285,0.44250444,0.5698258,0.87730557,0.9443698
-0.82320243,-0.9556146,-0.49041787,-0.701639,-0.8645586,-0.8398783,-0.684227,-0.9593604,-0.4835034,-0.83409625,-0.9470612,-0.4664625,-0.73352456,-0.7515713,-0.57310694,-0.7639928,-0.65133166,-0.59444237,0.5988122,0.6028915,-0.66495895,-0.6202908,-0.6656494,-0.6260003,-0.6658082,-0.6267708,0.5789763,0.5885679,0.6023028,0.6060376,-0.6522975,-0.6293185,-0.63230735,-0.63727397,-0.6485578,-0.6528405,-0.59071505,-0.6257194,-0.60785794,-0.63429445,-0.6638135,-0.63127106,-0.5990299,-0.55275726,-0.32497722,-0.3849645,-0.6594294,-0.6145725,-0.61566925,-0.5558342,-0.6166105,-0.5566434,-0.4326163,-0.4478162,-0.58649915,-0.579691
1.2066118,-0.01106538,-0.47709507,-0.701639,0.42454463,1.1284002,0.5565766,0.08136794,-0.4824557,0.6241484,0.06809486,-0.48778343,0.7316826,0.866358,-0.63370246,1.2512283,-0.65133166,-0.69511765,0.5988122,0.62317413,-0.66495895,-0.70376,-0.6656494,-0.70341796,-0.6658082,-0.70350933,0.5789763,0.6023432,0.6023028,0.6280673,-0.6522975,-0.6876826,-0.63230735,-0.66235024,-0.6485578,-0.69114465,-0.59071505,-0.6450731,-0.60785794,-0.65642154,-0.6638135,-0.7000882,-0.5990299,-0.62577856,-0.32497722,-0.3849645,-0.6594294,-0.6924485,-0.61566925,-0.6657266,-0.6166105,-0.6660638,-0.4326163,-0.4479557,-0.58649915,-0.5987238
-0.82320243,-0.6275254,-0.4857902,-0.701639,-0.8645586,-0.8398783,-0.55361605,-0.65838027,-0.4925911,-0.81874603,-0.64894634,-0.49784952,-0.77924275,-0.6789589,-0.63370246,-0.7639928,-0.65133166,-0.69511765,0.5988122,0.62317413,-0.66495895,-0.70376,-0.6656494,-0.70341796,-0.6658082,-0.70350933,0.5789763,0.6023432,0.6023028,0.6280673,-0.6522975,-0.6876826,-0.63230735,-0.66235024,-0.6485578,-0.69114465,-0.59071505,-0.6450731,-0.60785794,-0.65642154,-0.6638135,-0.7000882,-0.5990299,-0.62577856,-0.32497722,-0.3849645,-0.6594294,-0.6924485,-0.61566925,-0.6657266,-0.6166105,-0.6660638,-0.4326163,-0.4479557,-0.58649915,-0.5987238
-0.82320243,-1.0117046,-0.49120897,-0.701639,-0.8645586,-0.8398783,-0.88014334,-0.9709304,-0.38183442,-0.8952705,-0.9451166,-0.3403518,-0.75245893,-0.8581002,-0.5184413,-0.7639928,-0.65133166,-0.37330678,0.5988122,0.43874016,-0.66495895,-0.4218676,-0.6656494,-0.4328944,-0.6658082,-0.4338445,0.5789763,0.4437492,0.6023028,0.44589314,-0.6522975,-0.41649252,-0.63230735,-0.42075595,-0.6485578,-0.39164993,-0.59071505,-0.1855574,-0.60785794,-0.26363894,-0.6638135,-0.45212057,-0.5990299,-0.529403,-0.32497722,-0.29938686,-0.6594294,-0.4570865,-0.61566925,-0.29932186,-0.6166105,-0.30308467,-0.4326163,-0.43426943,-0.58649915,-0.4862606
0.530007,-0.6411077,0.30709603,0.6348163,1.7136478,0.47230738,1.1443256,-0.8035063,-0.03619823,0.7309449,-0.79737526,-0.029886676,0.7230666,0.03290145,1.9664497,0.579488,1.2076685,0.81906587,-3.118569,-2.38045,1.9023478,1.3757466,2.1185505,1.5520862,2.1330435,1.5639843,-3.1220992,-2.3883922,-2.9758074,-2.2636602,2.1277626,1.5708632,2.4552422,1.8361647,2.4441264,1.8372226,3.018588,2.3619976,1.7974551,1.3419523,2.364993,1.7526718,0.52109843,0.27452892,-0.08590619,-0.1728017,2.4285054,1.7986326,0.41670296,0.18390763,0.43827245,0.20090893,4.33711,3.4222908,3.1630979,2.3834655
-1.4998071,-0.7557529,-0.4875988,-1.3698667,-1.2942597,-1.4959712,-1.271976,-0.68175524,-0.4584938,-1.2829492,-0.6857818,-0.46736902,-1.2592065,-1.234944,-0.59921384,-1.4357332,-0.65133166,-0.654657,0.5988122,0.59265184,-0.66495895,-0.6663354,-0.6656494,-0.6655229,-0.6658082,-0.6655598,0.5789763,0.57472026,0.6023028,0.5970205,-0.6522975,-0.64648026,-0.63230735,-0.62085164,-0.6485578,-0.6454621,-0.59071505,-0.5837045,-0.60785794,-0.5973791,-0.6638135,-0.6628004,-0.5990299,-0.59649503,-0.32497722,-0.3656122,-0.6594294,-0.65744066,-0.61566925,-0.61931014,-0.6166105,-0.62040424,-0.4326163,-0.44464797,-0.58649915,-0.57231116
0.530007,-0.82900757,-0.09681051,-0.03341135,1.7136478,0.47230738,1.9932965,-0.77604586,-0.15035906,0.42835554,-0.8008304,-0.12152547,0.7509008,0.44023883,0.2896484,0.2436178,3.7185798,0.847673,-0.3280679,0.30259228,2.9965384,0.57987183,2.7337382,0.48809248,2.7037745,0.47759825,-0.063474566,0.38136843,-0.39574566,0.28192955,1.8988163,0.2095481,0.46301866,-0.27791193,1.0403091,-0.09604715,0.24012178,-0.3460118,0.34746957,-0.31381288,2.364993,0.36053228,2.5790088,0.48516157,-0.32497722,-0.384939,2.7780795,0.50697374,4.0714107,1.0098873,4.060396,1.003262,-0.42544413,-0.44543236,0.35667068,-0.28353012
-1.4998071,-0.8754225,-0.25535598,-1.3698667,-0.8645586,-1.4959712,-1.271976,-0.9082418,-0.28533202,-1.3000034,-0.8874848,-0.2588776,-1.2523018,-1.5503415,0.06029954,-1.4357332,-0.051946986,-0.17614095,-0.22946364,-0.08824682,0.0444399,-0.09293592,0.059997234,-0.078516535,0.061676018,-0.076992214,-0.26249468,-0.12048044,-0.23117387,-0.0879776,0.050894186,-0.08039899,0.16140714,0.020421373,0.094608,-0.045292042,-0.095489375,-0.20647517,0.0033419628,-0.116623126,0.09338818,-0.048252326,0.00010852704,-0.11386883,-0.20544171,-0.2721974,0.08352075,-0.055326615,-0.1726325,-0.27813125,-0.17259088,-0.27813995,0.34380034,0.22174864,0.30521634,0.15518716
1.8832164,1.9345479,0.90949035,1.9712716,1.7136478,1.7844931,1.2749366,1.6829946,-0.3408716,0.7885661,1.6957122,-0.36993253,0.7123022,1.1629678,-0.4563487,1.5870986,0.4849251,-0.49249232,-1.0207628,0.3357905,0.71429485,-0.45922303,0.7795661,-0.4466039,0.78323567,-0.4459838,-1.0131844,0.32077873,-0.9797103,0.3480036,0.73364425,-0.44064555,0.8578917,-0.39809066,0.7306121,-0.446165,0.7256619,-0.39742178,0.42900407,-0.4738084,0.8505898,-0.4310303,0.28014058,-0.48129168,-0.26520947,-0.37382096,0.9073695,-0.41410354,0.21243677,-0.5161429,0.22433572,-0.5133275,1.1545162,-0.17721437,1.3150685,-0.25721267
0.530007,-0.82853943,-0.09580429,-0.701639,0.42454463,0.47230738,-0.6189215,-0.8855617,-0.20187905,-1.0745949,-0.9078972,-0.26048103,-1.292489,-1.4273189,-0.09692939,0.2436178,1.3165545,0.7490706,-3.2368941,-2.066226,2.1028914,1.2812184,2.1307065,1.3001772,2.151064,1.314046,-3.5725129,-2.2996943,-3.4589052,-2.2119513,2.5406833,1.5813897,3.266815,2.046846,2.9142976,1.8368114,3.093157,2.032899,2.38241,1.493315,2.364993,1.4600567,0.00010852704,-0.15549682,8.998793,6.537533,1.7939149,1.0745788,0.948071,0.5030731,0.91189337,0.4751275,2.7500644,1.8136989,2.6067176,1.6039486
1.2066118,1.5535762,-0.45502603,-1.3698667,0.42454463,1.1284002,0.88310385,1.7157973,-0.46006218,0.9058801,1.7189457,-0.43699357,1.0077267,1.3041811,-0.63370246,1.2512283,-0.65133166,-0.69511765,0.5988122,0.62317413,-0.66495895,-0.70376,-0.6656494,-0.70341796,-0.6658082,-0.70350933,0.5789763,0.6023432,0.6023028,0.6280673,-0.6522975,-0.6876826,-0.63230735,-0.66235024,-0.6485578,-0.69114465,-0.59071505,-0.6450731,-0.60785794,-0.65642154,-0.6638135,-0.7000882,-0.5990299,-0.62577856,-0.32497722,-0.3849645,-0.6594294,-0.6924485,-0.61566925,-0.6657266,-0.6166105,-0.6660638,-0.4326163,-0.4479557,-0.58649915,-0.5987238
-1.4998071,-0.86068034,-0.24711771,-1.3698667,-1.2942597,-1.4959712,-0.88014334,-0.8676762,-0.24720529,-1.0751573,-0.86072767,-0.24541728,-1.0803291,-1.3262992,0.21124445,-1.4357332,0.2524553,0.25238,0.039232958,0.041263245,0.16372314,0.1601682,0.1358387,0.13227332,0.12980825,0.12610406,0.06920547,0.072185,0.04753649,0.051034987,-0.11263875,-0.12334894,-0.027100055,-0.03201623,-0.041487265,-0.052354477,-0.10962886,-0.12917088,-0.075179346,-0.086765915,0.09338818,0.08913051,0.566685,0.5800943,-0.32497722,-0.3849645,0.1504942,0.14848918,0.26074296,0.26265618,0.27411973,0.27619064,-0.3211584,-0.3315668,0.117672354,0.1220523
1.2066118,0.8978592,-0.46427482,1.303044,0.42454463,1.1284002,0.88310385,0.8428006,-0.46967795,0.8912289,0.6862382,-0.4759033,1.0097325,1.2938704,-0.604807,1.2512283,-0.65133166,-0.57538325,0.5988122,0.4930564,-0.66495895,-0.5803987,-0.6656494,-0.5748983,-0.6658082,-0.574444,0.5789763,0.47374147,0.6023028,0.49364853,-0.6522975,-0.54993016,-0.63230735,-0.5092947,-0.6485578,-0.52653235,-0.59071505,-0.42816207,-0.60785794,-0.48289117,-0.6638135,-0.565597,-0.5990299,-0.47458628,-0.32497722,-0.006640479,-0.6594294,-0.5766567,-0.61566925,-0.5436533,-0.6166105,-0.54585373,-0.4326163,-0.3746018,-0.58649915,-0.48666674
-0.82320243,-1.0113561,-0.48878393,-0.701639,-0.8645586,-0.8398783,-0.88014334,-0.7381831,-0.49310365,-0.90603364,-0.83326644,-0.49948597,-0.9012974,-0.8168276,-0.54789335,-1.4357332,0.65431094,-0.3733195,-0.9492749,0.24467576,0.69865113,-0.3695397,0.76714605,-0.35219124,0.7743489,-0.35045937,-0.9573192,0.22669183,-0.99032784,0.23859297,0.91761875,-0.30175015,1.1694245,-0.2211677,1.2256988,-0.22749092,1.8100241,-0.039836213,1.3510785,-0.16394489,0.8505898,-0.3289931,1.1983854,-0.18862738,3.8587656,0.7385209,0.6290814,-0.37791422,0.6872176,-0.34126556,0.6643188,-0.3475073,0.45447746,-0.2301472,0.78144974,-0.26950806
-1.4998071,-0.8589277,-0.48905408,-1.3698667,-1.2942597,-1.4959712,-1.4025869,-0.8612678,-0.49537092,-1.4269692,-0.8607646,-0.50082403,-1.4051483,-1.4032861,-0.63370246,-1.4357332,-0.65133166,-0.69511765,0.5988122,0.62317413,-0.66495895,-0.70376,-0.6656494,-0.70341796,-0.6658082,-0.70350933,0.5789763,0.6023432,0.6023028,0.6280673,-0.6522975,-0.6876826,-0.63230735,-0.66235024,-0.6485578,-0.69114465,-0.59071505,-0.6450731,-0.60785794,-0.65642154,-0.6638135,-0.7000882,-0.5990299,-0.62577856,-0.32497722,-0.3849645,-0.6594294,-0.6924485,-0.61566925,-0.6657266,-0.6166105,-0.6660638,-0.4326163,-0.4479557,-0.58649915,-0.5987238
-0.14659771,-0.44951656,-0.4832794,-0.701639,-0.43485752,-0.18378547,-0.42300516,-0.35688105,-0.48846024,-0.21911043,-0.34895152,-0.4732261,-0.3293278,0.011959473,-0.63370246,-0.09225239,-0.65133166,-0.69511765,0.5988122,0.62317413,-0.66495895,-0.70376,-0.6656494,-0.70341796,-0.6658082,-0.70350933,0.5789763,0.6023432,0.6023028,0.6280673,-0.6522975,-0.6876826,-0.63230735,-0.66235024,-0.6485578,-0.69114465,-0.59071505,-0.6450731,-0.60785794,-0.65642154,-0.6638135,-0.7000882,-0.5990299,-0.62577856,-0.32497722,-0.3849645,-0.6594294,-0.6924485,-0.61566925,-0.6657266,-0.6166105,-0.6660638,-0.4326163,-0.4479557,-0.58649915,-0.5987238
-0.82320243,-0.29439178,1.0523906,-0.701639,-0.005156449,-0.4820095,-0.03117245,-0.25836596,1.1077403,-0.3212127,-0.28034502,1.0822355,-0.29949355,-0.67884284,0.84210354,-0.7639928,0.5233026,0.5749263,-0.6411365,-0.7098269,0.7521005,0.82457006,0.8020278,0.8813214,0.799775,0.87915844,-0.6151444,-0.6807401,-0.6426035,-0.7094755,0.48425648,0.5455077,0.65351015,0.71644896,0.75445557,0.84373444,0.5206549,0.65772486,0.6661035,0.7769588,0.8505898,0.9358587,0.27362823,0.27923447,-0.32497722,-0.38181373,0.9686557,1.0587546,0.4125624,0.46140316,0.46652827,0.5173649,0.16195108,0.19725202,1.3609127,1.4586042
1.2066118,-0.5347063,0.53581464,1.303044,0.42454463,1.1284002,1.470853,-0.5133045,0.57541466,1.5396824,-0.50885653,0.592993,1.5555586,0.4613793,2.6946435,1.2512283,2.2862532,2.4443924,-2.3223395,-2.499917,2.882035,3.0778978,2.903787,3.1068983,2.9370532,3.1428032,-2.598362,-2.793932,-2.8882127,-3.0995662,4.171924,4.4660726,3.971237,4.2454543,3.6780925,3.9892945,1.5787715,1.7731568,2.4914591,2.7885427,3.1221948,3.3445551,3.0478992,3.1746044,5.9506373,7.202595,2.61311,2.7866035,2.4828277,2.681009,2.5184371,2.7164023,0.2522106,0.29700997,2.7756672,2.9378593
1.2066118,2.8248725,0.051921252,1.303044,0.8542457,1.3073347,1.0790203,2.618598,-0.0032628186,1.4506433,2.7109535,0.21456152,1.3811603,1.588685,0.35169396,1.2512283,0.17677514,0.4412802,-0.120998986,-0.32379454,0.14786217,0.39445814,0.1250042,0.362361,0.12585856,0.36332402,-0.10537356,-0.29536176,-0.11438096,-0.31577328,0.27575198,0.5563773,0.15743858,0.38290873,0.26847768,0.529287,0.6240654,0.98290795,0.5226296,0.85763067,0.09338818,0.31658122,-0.5990299,-0.5595411,0.03362931,0.12537055,0.027499096,0.23369221,0.21243677,0.48965773,0.2202992,0.49761692,-0.18248676,-0.11909944,0.044257693,0.20893863
1.2066118,-0.35770625,0.6817057,1.303044,4.721555,1.1284002,2.1892128,-0.3149055,0.837171,2.6216865,-0.31796792,0.80239356,2.3913412,1.54549,3.8627274,1.2512283,2.5844016,2.7154596,-3.2221034,-3.3735301,3.0134857,3.152492,3.0524309,3.1950562,3.0543096,3.1973255,-3.2093887,-3.3608415,-3.2863703,-3.4403908,2.7205696,2.8594394,3.6140654,3.785352,2.7591813,2.9155216,1.6488343,1.7739713,2.6137125,2.8080993,3.1221948,3.2683394,2.3966622,2.484989,-0.026138432,-0.041697063,3.174613,3.3107119,2.2343955,2.369224,2.2156966,2.345818,2.0965872,2.2100344,3.3487184,3.4532213
1.2066118,1.2001641,-0.2260801,1.303044,0.8542457,1.1284002,1.7320747,1.2199459,-0.14382811,1.1695392,1.2456708,-0.05504236,1.3108537,1.2012666,0.4338517,1.2512283,-0.051946986,0.1401271,-0.22946364,-0.4132814,0.0444399,0.24138966,0.059997234,0.25933447,0.061676018,0.26090583,-0.26249468,-0.4393917,-0.23117387,-0.41319445,0.050894186,0.2298262,0.16140714,0.34730354,0.094608,0.29409248,-0.095489375,0.054995596,0.0033419628,0.18333416,0.09338818,0.29351276,0.00010852704,0.18574847,-0.20544171,-0.22866186,0.08352075,0.28291678,-0.1726325,0.0036796532,-0.17259088,0.0050004036,0.34380034,0.49098152,0.30521634,0.48949096
1.2066118,0.2271153,-0.4737356,1.303044,0.42454463,1.1284002,0.23004936,0.025918243,-0.48321545,0.5048302,0.072667025,-0.45954743,0.34203726,0.84556615,-0.63370246,1.2512283,-0.65133166,-0.69511765,0.5988122,0.62317413,-0.66495895,-0.70376,-0.6656494,-0.70341796,-0.6658082,-0.70350933,0.5789763,0.6023432,0.6023028,0.6280673,-0.6522975,-0.6876826,-0.63230735,-0.66235024,-0.6485578,-0.69114465,-0.59071505,-0.6450731,-0.60785794,-0.65642154,-0.6638135,-0.7000882,-0.5990299,-0.62577856,-0.32497722,-0.3849645,-0.6594294,-0.6924485,-0.61566925,-0.6657266,-0.6166105,-0.6660638,-0.4326163,-0.4479557,-0.58649915,-0.5987238
-1.4998071,-0.35353205,0.92526376,-1.3698667,-0.8645586,-1.4959712,-0.7495324,-0.48567423,0.63310814,-1.0039366,-0.5295708,0.54898953,-1.0466025,-1.2410007,0.2594572,-1.4357332,-0.06644476,-0.07918831,-0.50802076,-0.5315663,0.005765159,-0.0014211922,0.028682929,0.023542589,0.036373302,0.031724762,-0.5872117,-0.61440396,-0.5045755,-0.5271804,0.3248119,0.33960742,0.30427572,0.317677,0.2438305,0.25176734,0.2699827,0.28483522,0.22156711,0.2350609,0.09338818,0.09213778,0.37131387,0.37894115,0.9899134,1.1227598,-0.040230025,-0.047005024,-0.2195585,-0.24411142,-0.22910248,-0.25405738,1.0160758,1.0684459,0.020534195,0.025713833
0.530007,-0.4642217,0.5701683,0.6348163,1.7136478,0.47230738,1.2096311,-0.4681199,0.5070785,1.4542308,-0.47554028,0.4941917,1.4468378,0.5823341,2.7206583,0.579488,1.7462071,1.6977925,-2.714291,-2.6570623,2.1726365,2.1126423,2.236937,2.1778924,2.2441287,2.1852505,-2.7869074,-2.730469,-2.7316039,-2.6734893,2.1604693,2.1123953,2.5425506,2.4857898,2.3241053,2.2867677,1.3901876,1.3772246,1.8369416,1.8324937,2.364993,2.3054123,1.7975237,1.734547,0.15316483,0.13498473,2.312371,2.2452083,1.1564777,1.1214073,1.1594679,1.1225846,2.6730504,2.6399333,2.980363,2.8774269
-0.14659771,0.65043855,-0.46776465,-0.03341135,-0.43485752,-0.18378547,-0.0964779,0.72198004,-0.34456506,-0.050036278,0.73696464,-0.30961215,-0.015179607,0.23401615,-0.5729015,-0.09225239,-0.65133166,-0.5632497,0.5988122,0.60762525,-0.66495895,-0.60298985,-0.6656494,-0.6117513,-0.6658082,-0.6130346,0.5789763,0.5962876,0.6023028,0.6097994,-0.6522975,-0.6328407,-0.63230735,-0.62809247,-0.6485578,-0.6488006,-0.59071505,-0.6247765,-0.60785794,-0.629635,-0.6638135,-0.6216151,-0.5990299,-0.56399745,-0.32497722,-0.3849645,-0.6594294,-0.6032825,-0.61566925,-0.51569575,-0.6166105,-0.51727974,-0.4326163,-0.4479557,-0.58649915,-0.59510225
1.2066118,-0.26836312,-0.48072425,1.303044,0.42454463,1.1284002,0.6218821,-0.2812717,-0.4874243,0.37610856,-0.32937598,-0.49336314,0.41186625,0.61942023,-0.63370246,1.2512283,-0.65133166,-0.69511765,0.5988122,0.62317413,-0.66495895,-0.70376,-0.6656494,-0.70341796,-0.6658082,-0.70350933,0.5789763,0.6023432,0.6023028,0.6280673,-0.6522975,-0.6876826,-0.63230735,-0.66235024,-0.6485578,-0.69114465,-0.59071505,-0.6450731,-0.60785794,-0.65642154,-0.6638135,-0.7000882,-0.5990299,-0.62577856,-0.32497722,-0.3849645,-0.6594294,-0.6924485,-0.61566925,-0.6657266,-0.6166105,-0.6660638,-0.4326163,-0.4479557,-0.58649915,-0.5987238
0.530007,0.23734947,-0.47359124,0.6348163,-0.005156449,0.47230738,0.49127117,0.3541287,-0.47740644,0.27175546,0.34267512,-0.48219228,0.30440778,0.53856266,-0.6294668,0.579488,-0.65133166,-0.6891126,0.5988122,0.6223188,-0.66495895,-0.6991689,-0.6656494,-0.6985704,-0.6658082,-0.6987131,0.5789763,0.6023865,0.6023028,0.6270639,-0.6522975,-0.68569607,-0.63230735,-0.6585701,-0.6485578,-0.68538904,-0.59071505,-0.640194,-0.60785794,-0.64929414,-0.6638135,-0.6953861,-0.5990299,-0.6183931,-0.32497722,-0.3821174,-0.6594294,-0.6877161,-0.61566925,-0.656311,-0.6166105,-0.65676993,-0.4326163,-0.44795516,-0.58649915,-0.59870917
-1.4998071,-0.9447252,-0.34784925,-1.3698667,-0.8645586,-1.4959712,-0.8148379,-0.9465173,-0.32955062,-1.0034077,-0.9464744,-0.3443215,-0.980485,-1.261396,0.25175962,-1.4357332,-0.18658161,-0.15679742,-0.33053306,-0.44466984,-0.023132248,0.035542976,0.030400606,0.09845546,0.03390473,0.10262655,-0.34629261,-0.46091852,-0.29222474,-0.3999953,0.042717546,0.115272164,0.13958001,0.22591798,0.12461326,0.20773652,0.31161073,0.423996,-0.006529679,0.054037303,0.09338818,0.17191328,-0.3189978,-0.30570257,-0.26520947,-0.3095367,0.11255435,0.19317679,-0.3575762,-0.36366594,-0.35288978,-0.35783896,0.75981534,0.92798847,0.35090008,0.46149954
1.8832164,1.4525031,-0.21449056,1.9712716,0.8542457,1.7844931,1.6667693,1.0409875,-0.20470701,1.6696453,1.2805667,-0.1897326,1.7505097,1.8741566,0.18024428,1.9229687,0.2524553,0.31603375,0.039232958,0.0021319364,0.16372314,0.21822007,0.1358387,0.18843094,0.12980825,0.18185282,0.06920547,0.036526185,0.04753649,0.012231759,-0.11263875,-0.08547679,-0.027100055,0.0103524495,-0.041487265,-0.009442453,-0.10962886,-0.09452641,-0.075179346,-0.04853647,0.09338818,0.1421716,0.566685,0.6611855,-0.32497722,-0.3849645,0.1504942,0.20501095,0.26074296,0.325003,0.27411973,0.33947393,-0.3211584,-0.32373127,0.117672354,0.17054848
-0.82320243,-0.78470075,-0.0015694228,-0.701639,-0.005156449,-0.8398783,-0.35769972,-0.7448518,-0.17188524,-0.61555403,-0.7538932,-0.19973041,-0.6102239,-0.84252805,0.2483369,-1.0998629,0.32584178,-0.03103839,-1.506389,-0.7960509,0.5452559,0.114128694,0.6595939,0.19233444,0.67363167,0.20188664,-1.6346859,-0.8901439,-1.4893522,-0.78233445,0.90126544,0.36537656,1.0622731,0.4817903,1.300176,0.63810414,1.4770534,0.792306,1.3006836,0.6665667,0.8505898,0.32314417,1.2244349,0.5970614,4.8150496,3.4209313,0.5712313,0.13588887,0.057857014,-0.20323975,0.034618262,-0.21949959,2.3961122,1.4671184,0.67693806,0.23968032
-1.4998071,-0.9639799,-0.38694474,-1.3698667,-0.8645586,-1.4959712,-1.9250306,-0.97557455,-0.38983074,-1.9581951,-0.97017395,-0.39372894,-1.9499478,-2.0046577,-0.63370246,-2.1074736,0.064877145,0.0653763,0.13044193,0.12982446,0.05204445,0.05335311,0.074663445,0.07841774,0.07574684,0.07967969,0.14602028,0.1462529,0.09000665,0.08833082,0.083600745,0.091697805,0.08401996,0.09332736,0.2850878,0.30390242,0.6027172,0.6511359,0.47077322,0.51182675,0.09338818,0.09928965,0.29316533,0.30906725,0.5117713,0.5830777,0.02120367,0.023348369,0.26626366,0.28048494,0.248555,0.26088846,-0.33466408,-0.34434217,-0.18047449,-0.17774521
1.2066118,4.940808,-0.40724954,1.303044,0.42454463,1.1284002,0.9484093,5.1882715,-0.17101039,1.2285626,5.2337604,-0.09143534,1.1802498,1.7506323,-0.51750505,1.2512283,-0.65133166,-0.47064406,0.5988122,0.5967211,-0.66495895,-0.532199,-0.6656494,-0.54742795,-0.6658082,-0.54953325,0.5789763,0.59198296,0.6023028,0.59690034,-0.6522975,-0.59349394,-0.63230735,-0.6037382,-0.6485578,-0.61943424,-0.59071505,-0.610165,-0.60785794,-0.61037934,-0.6638135,-0.56658375,-0.5990299,-0.5207794,-0.32497722,-0.3849645,-0.6594294,-0.5408345,-0.61566925,-0.41008556,-0.6166105,-0.41257718,-0.4326163,-0.4479557,-0.58649915,-0.5929398
1.2066118,0.04410316,-0.47631696,1.303044,0.42454463,1.1284002,0.6218821,0.25715014,-0.4794937,0.6892006,0.21307084,-0.4853967,0.65257114,0.9995724,-0.5631022,1.2512283,-0.65133166,-0.43035528,0.5988122,0.31176114,-0.66495895,-0.42877716,-0.6656494,-0.414443,-0.6658082,-0.41303426,0.5789763,0.29327264,0.6023028,0.3076237,-0.6522975,-0.3701532,-0.63230735,-0.2993633,-0.6485578,-0.30966935,-0.59071505,-0.14710896,-0.60785794,-0.25123185,-0.6638135,-0.39476633,-0.5990299,-0.26610845,-0.32497722,0.5393933,-0.6594294,-0.4336626,-0.61566925,-0.3987733,-0.6166105,-0.4039685,-0.4326163,-0.26875177,-0.58649915,-0.3278586
0.530007,0.8970542,-0.46428618,0.6348163,-0.005156449,0.47230738,0.4259657,0.6099685,-0.4707664,0.4319965,0.7828707,-0.45664215,0.45573112,0.73916227,-0.55287486,0.579488,-0.65133166,-0.21395105,0.5988122,0.5539129,-0.66495895,-0.2763786,-0.6656494,-0.31119773,-0.6658082,-0.31475055,0.5789763,0.5573086,0.6023028,0.53268266,-0.6522975,-0.3961032,-0.63230735,-0.5012481,-0.6485578,-0.38363096,-0.59071505,-0.3270474,-0.60785794,-0.43196166,-0.6638135,-0.35053656,-0.5990299,-0.35126328,-0.32497722,-0.3849645,-0.6594294,-0.32584742,-0.61566925,-0.14318587,-0.6166105,-0.13780144,-0.4326163,-0.44794235,-0.58649915,-0.58229935
0.530007,0.8600225,3.5339005,-0.03341135,1.7136478,0.47230738,1.2096311,0.62340957,2.9489365,1.060873,0.5904533,2.9454033,0.99772155,0.34710515,2.2097127,0.579488,1.6934682,1.5209891,-3.806334,-3.5305076,2.026411,1.8265477,2.1157758,1.9146274,2.1482253,1.9446795,-4.064826,-3.775973,-3.8066297,-3.5273046,3.3379064,3.033156,3.1001348,2.8533285,2.922335,2.7043142,2.8116004,2.6735198,2.6915832,2.540367,2.364993,2.1527176,3.3539813,3.0350516,4.994353,5.1108503,1.8209596,1.6323253,0.9618728,0.8447571,0.93207604,0.81093735,5.3585663,5.0333686,1.8531755,1.6503372
-0.14659771,-1.002573,-0.4910802,-0.03341135,-0.43485752,-0.18378547,-1.1413652,-1.0167724,-0.49750155,-1.1739624,-1.0107632,-0.5029105,-1.1583028,-1.4088006,-0.63370246,-0.09225239,-0.65133166,-0.69511765,0.5988122,0.62317413,-0.66495895,-0.70376,-0.6656494,-0.70341796,-0.6658082,-0.70350933,0.5789763,0.6023432,0.6023028,0.6280673,-0.6522975,-0.6876826,-0.63230735,-0.66235024,-0.6485578,-0.69114465,-0.59071505,-0.6450731,-0.60785794,-0.65642154,-0.6638135,-0.7000882,-0.5990299,-0.62577856,-0.32497722,-0.3849645,-0.6594294,-0.6924485,-0.61566925,-0.6657266,-0.6166105,-0.6660638,-0.4326163,-0.4479557,-0.58649915,-0.5987238
0.530007,-0.16867773,-0.20779048,0.6348163,0.8542457,0.47230738,0.4259657,-0.23279135,-0.09108912,0.72589326,-0.23507431,-0.11109549,0.70158863,0.62916017,0.56781906,0.579488,-0.004185033,0.10219866,-0.1653709,-0.41930503,0.07073001,0.20936586,0.077966645,0.2312976,0.07821536,0.2333033,-0.17869677,-0.4457131,-0.17543179,-0.42739818,0.022275899,0.20293647,0.2169672,0.42456388,0.032990072,0.25774997,-0.14280513,0.085172705,0.036456157,0.26235512,0.09338818,0.27012703,0.00010852704,0.20029855,-0.26520947,0.31883484,0.10737913,0.2520672,-0.04565625,0.022050701,-0.050149105,0.014390358,0.07322438,0.40826163,0.20054437,0.35817593
-1.4998071,-0.6028141,0.38941118,-1.3698667,-0.43485752,-1.4959712,-1.271976,-0.9075282,-0.24774636,-1.5659244,-0.7574923,0.06132668,-1.505609,-1.5691497,-0.5280757,-1.7716033,0.18310227,0.055671923,0.024442354,0.10778662,0.11483655,-0.004599916,0.10941311,-0.0077740545,0.108578674,-0.008417177,0.048256006,0.12567084,-0.013514381,0.077058494,0.09177743,-0.017457675,0.25268432,0.12372253,0.27571112,0.14864743,0.5753687,0.44261888,0.5216004,0.39006847,0.09338818,-0.020010581,-0.29946068,-0.3661805,0.6313069,0.5554996,0.033858046,-0.072957635,0.28558615,0.15768813,0.28219283,0.15326849,-0.33391213,-0.3600563,-0.014409894,-0.10332893
1.2066118,1.956948,-0.4493365,-0.03341135,0.42454463,1.1284002,1.0790203,2.224602,-0.37031823,1.2174988,2.2382455,-0.316648,1.2276556,1.7333148,-0.6028464,1.2512283,-0.65133166,-0.6389793,0.5988122,0.616564,-0.66495895,-0.660846,-0.6656494,-0.66442454,-0.6658082,-0.66501427,0.5789763,0.5997337,0.6023028,0.6202478,-0.6522975,-0.6638303,-0.63230735,-0.6475865,-0.6485578,-0.6733425,-0.59071505,-0.6362155,-0.60785794,-0.64474857,-0.6638135,-0.66672766,-0.5990299,-0.59957933,-0.32497722,-0.3849645,-0.6594294,-0.6545919,-0.61566925,-0.6017048,-0.6166105,-0.6025921,-0.4326163,-0.4479557,-0.58649915,-0.59741294
-0.82320243,-0.9962994,-0.4909917,-0.701639,-0.8645586,-0.8398783,-1.0760597,-1.002316,-0.4807051,-1.0697634,-0.9957819,-0.48334217,-1.0657879,-1.0796369,-0.60040754,-0.7639928,-0.65133166,-0.6691412,0.5988122,0.5716457,-0.66495895,-0.6680852,-0.6656494,-0.6647238,-0.6658082,-0.6646095,0.5789763,0.5510358,0.6023028,0.5784584,-0.6522975,-0.64893633,-0.63230735,-0.61948717,-0.6485578,-0.64776945,-0.59071505,-0.5934855,-0.60785794,-0.62213856,-0.6638135,-0.65801007,-0.5990299,-0.6103334,-0.32497722,-0.38132474,-0.6594294,-0.6497129,-0.61566925,-0.65115076,-0.6166105,-0.65119046,-0.4326163,-0.38155997,-0.58649915,-0.5475631
-0.82320243,0.834571,3.4791903,-0.701639,-0.005156449,-0.3627199,-0.55361605,0.78913903,3.2949884,-0.5041162,0.837076,3.4730792,-0.51724684,-0.9749464,0.83564645,-0.7639928,1.7639898,1.698071,0.3029994,0.33250862,1.2340137,1.1670573,1.0792322,1.0156106,1.05848,0.9953239,0.4672457,0.49247608,0.24661532,0.27851692,0.47607982,0.42760563,0.07012997,0.028644402,0.17283599,0.12559886,-0.27566314,-0.3246924,-0.24440144,-0.28725785,0.8505898,0.79112226,0.97696465,0.9104591,-0.32497722,-0.38410586,1.0844871,1.0179054,2.1087995,2.0620866,2.0851815,2.035175,-0.4326163,-0.44795248,-0.49961984,-0.5148831
0.530007,3.0613744,-0.4337587,0.6348163,-0.005156449,0.47230738,-0.03117245,2.8758252,-0.44416845,0.16265503,2.9017625,-0.39341953,0.11279456,0.5031142,-0.63370246,0.579488,-0.65133166,-0.69511765,0.5988122,0.62317413,-0.66495895,-0.70376,-0.6656494,-0.70341796,-0.6658082,-0.70350933,0.5789763,0.6023432,0.6023028,0.6280673,-0.6522975,-0.6876826,-0.63230735,-0.66235024,-0.6485578,-0.69114465,-0.59071505,-0.6450731,-0.60785794,-0.65642154,-0.6638135,-0.7000882,-0.5990299,-0.62577856,-0.32497722,-0.3849645,-0.6594294,-0.6924485,-0.61566925,-0.6657266,-0.6166105,-0.6660638,-0.4326163,-0.4479557,-0.58649915,-0.5987238
1.2066118,1.0428725,-0.22026834,1.303044,0.42454463,1.1284002,1.2749366,1.2226663,-0.09176726,1.1560296,1.2199252,-0.058023833,1.2219337,1.3152324,0.20713934,1.2512283,0.2524553,0.3765729,0.039232958,0.030855056,0.16372314,0.25382274,0.1358387,0.21702126,0.12980825,0.20971853,0.06920547,0.07089633,0.04753649,0.0378518,-0.11263875,-0.07245255,-0.027100055,-0.0030489247,-0.041487265,-0.015099518,-0.10962886,-0.11281065,-0.075179346,-0.064048454,0.09338818,0.16100258,0.566685,0.631199,-0.32497722,-0.3849645,0.1504942,0.23055767,0.26074296,0.40538248,0.27411973,0.4175414,-0.3211584,-0.33268076,0.117672354,0.11908492
-0.14659771,0.8225643,0.30140412,-0.03341135,-0.005156449,-0.004851055,-0.22708881,1.0630178,0.34385842,-0.051865008,0.97196907,0.28564662,-0.103580505,-0.094225086,0.086315945,-0.09225239,-0.09713202,-0.13985786,-0.027324898,0.05566039,0.024233395,-0.04121068,0.059072345,-0.014691749,0.05834346,-0.015739454,-0.021575639,0.059833918,-0.018823119,0.06127614,-0.08810883,-0.15407468,-0.011225733,-0.08273006,0.06433486,-0.027211178,0.102992296,-0.017065654,0.08638962,-0.016942235,0.09338818,0.010968408,-0.20828742,-0.24890637,-0.32497722,-0.38319823,0.1572219,0.071324155,-0.120185785,-0.1582157,-0.10262415,-0.13966726,-0.10206008,-0.16085665,0.3682119,0.2588419
1.2066118,0.13099594,-0.47509134,1.303044,0.42454463,1.1284002,0.5565766,0.14319982,-0.48160854,0.88564855,0.13975394,-0.4747039,0.8479328,1.3415132,-0.63370246,1.2512283,-0.65133166,-0.69511765,0.5988122,0.62317413,-0.66495895,-0.70376,-0.6656494,-0.70341796,-0.6658082,-0.70350933,0.5789763,0.6023432,0.6023028,0.6280673,-0.6522975,-0.6876826,-0.63230735,-0.66235024,-0.6485578,-0.69114465,-0.59071505,-0.6450731,-0.60785794,-0.65642154,-0.6638135,-0.7000882,-0.5990299,-0.62577856,-0.32497722,-0.3849645,-0.6594294,-0.6924485,-0.61566925,-0.6657266,-0.6166105,-0.6660638,-0.4326163,-0.4479557,-0.58649915,-0.5987238
-0.82320243,-0.83043796,-0.48865223,-0.701639,-0.8645586,-0.8398783,-0.94544876,-0.8262724,-0.47146115,-0.7012527,-0.8198733,-0.4850607,-0.8151717,-0.5974835,-0.43739423,-0.7639928,-0.65133166,-0.38712054,0.5988122,0.55836934,-0.66495895,-0.4471248,-0.6656494,-0.4651208,-0.6658082,-0.46728903,0.5789763,0.5574206,0.6023028,0.55827135,-0.6522975,-0.50834167,-0.63230735,-0.5856518,-0.6485578,-0.57167023,-0.59071505,-0.5851753,-0.60785794,-0.5877412,-0.6638135,-0.4878468,-0.5990299,-0.4047455,-0.32497722,-0.3849645,-0.6594294,-0.45248863,-0.61566925,-0.3319368,-0.6166105,-0.333447,-0.4326163,-0.44745213,-0.58649915,-0.53381324
-0.14659771,0.7714406,-0.46605796,-1.3698667,-0.43485752,-0.18378547,-0.0964779,0.25772476,-0.47791582,-0.28874907,0.5875428,-0.47864738,-0.24995926,-0.056751207,-0.63370246,-0.09225239,-0.65133166,-0.6774255,0.5988122,0.6190331,-0.66495895,-0.68693304,-0.6656494,-0.6874754,-0.6658082,-0.6876729,0.5789763,0.59906924,0.6023028,0.62298495,-0.6522975,-0.6755581,-0.63230735,-0.6553629,-0.6485578,-0.6779499,-0.59071505,-0.6246877,-0.60785794,-0.6444525,-0.6638135,-0.6852642,-0.5990299,-0.619578,-0.32497722,-0.3849645,-0.6594294,-0.6770847,-0.61566925,-0.64579064,-0.6166105,-0.6459333,-0.4326163,-0.4479421,-0.58649915,-0.59686226
0.530007,-0.09750091,-0.47831428,0.6348163,-0.005156449,0.47230738,0.4259657,-0.11537458,-0.46714237,0.12107699,-0.11620212,-0.485301,0.24545,0.38720307,-0.63310814,0.579488,-0.65133166,-0.63942933,0.5988122,0.57080114,-0.66495895,-0.6415064,-0.6656494,-0.643904,-0.6658082,-0.6439408,0.5789763,0.5442773,0.6023028,0.56570745,-0.6522975,-0.6310313,-0.63230735,-0.5834168,-0.6485578,-0.6291787,-0.59071505,-0.6027674,-0.60785794,-0.624458,-0.6638135,-0.63949853,-0.5990299,-0.56144714,-0.32497722,-0.19060339,-0.6594294,-0.6420503,-0.61566925,-0.6115116,-0.6166105,-0.6121622,-0.4326163,-0.43190777,-0.58649915,-0.5430809
-0.82320243,-0.3878982,0.46690622,-0.701639,-0.43485752,-0.8398783,-0.8148379,-0.67355514,-0.41592762,-1.0517232,-0.6835668,-0.40107995,-1.0801486,-1.0264688,-0.3743723,-0.7639928,-0.051946986,-0.5100882,-0.22946364,0.36953306,0.0444399,-0.48598447,0.059997234,-0.48062345,0.061676018,-0.48013884,-0.26249468,0.3446367,-0.23117387,0.37277764,0.050894186,-0.47116935,0.16140714,-0.41892338,0.094608,-0.4608805,-0.095489375,-0.4887009,0.0033419628,-0.4639686,0.09338818,-0.46769083,0.00010852704,-0.44326863,-0.20544171,-0.34475994,0.08352075,-0.46529704,-0.1726325,-0.52753824,-0.17259088,-0.5277583,0.34380034,-0.2091877,0.30521634,-0.32993388
0.530007,1.098248,1.1881152,0.6348163,0.42454463,0.47230738,1.4055475,0.98412365,0.84976846,1.0125728,1.0090629,0.9233903,1.0032619,0.7443949,1.1257,0.579488,0.8373422,1.0134809,-1.0676001,-1.1988893,0.83444726,0.9942129,0.830171,0.9863976,0.8319897,0.98751235,-1.0969825,-1.2215844,-1.0593418,-1.1888766,0.8644706,0.9872513,0.909483,1.0419623,0.8509009,0.9859093,0.75106883,0.87731963,0.75424564,0.88958365,0.8505898,1.0009301,1.5370289,1.7681489,0.9899134,1.1154679,0.76969355,0.92230254,0.6568537,0.8273776,0.6616278,0.83352566,1.1275337,1.19554,0.72470564,0.8562852
0.530007,-0.14785144,-0.011267853,0.6348163,0.42454463,0.47230738,0.1647439,-0.25203565,0.09133568,0.28277823,-0.23004895,0.07853035,0.30185804,0.24054004,0.20216581,0.579488,-0.05498917,0.1728141,-0.43899772,-0.55203795,0.014021544,0.21380652,0.0413672,0.23621869,0.05032067,0.24471347,-0.48595583,-0.58341074,-0.446179,-0.5621477,0.44746158,0.6396176,0.42134863,0.56755674,0.30009043,0.47317195,0.47956836,0.68603194,0.3572262,0.5559395,0.09338818,0.27734917,0.31270248,0.47885934,1.2887521,1.4893379,-0.02429836,0.16376553,-0.12294616,0.12893675,-0.13222547,0.11689578,0.5340943,0.5530012,0.08785769,0.18504533
0.530007,3.4373546,-0.42845553,0.6348163,-0.005156449,0.47230738,0.09943845,3.832083,-0.08487343,0.18979746,3.7664201,-0.103901505,0.2109261,0.43405354,-0.5950821,0.579488,-0.65133166,-0.60336417,0.5988122,0.6135896,-0.66495895,-0.63297445,-0.6656494,-0.63876224,-0.6658082,-0.6396487,0.5789763,0.59952533,0.6023028,0.6161864,-0.6522975,-0.6475754,-0.63230735,-0.63683724,-0.6485578,-0.6618335,-0.59071505,-0.63136846,-0.60785794,-0.6409464,-0.6638135,-0.64441496,-0.5990299,-0.57397723,-0.32497722,-0.3849645,-0.6594294,-0.62892675,-0.61566925,-0.5606379,-0.6166105,-0.5619472,-0.4326163,-0.4479557,-0.58649915,-0.5967214
-1.4998071,-0.8815328,-0.27325904,-1.3698667,-0.43485752,-1.4959712,-0.94544876,-0.8760225,-0.22148512,-0.9532703,-0.86393416,-0.2072871,-0.9213002,-1.221151,0.33469564,-1.4357332,-0.004185033,0.050191868,-0.1653709,-0.2498793,0.07073001,0.13882104,0.077966645,0.14836086,0.07821536,0.14878143,-0.17869677,-0.26335558,-0.17543179,-0.26066294,0.022275899,0.08720517,0.2169672,0.3093919,0.032990072,0.09669132,-0.14280513,-0.11742324,0.036456157,0.10047707,0.09338818,0.16693357,0.00010852704,0.05512431,-0.26520947,-0.30996746,0.10737913,0.18221617,-0.04565625,-0.0024184568,-0.050149105,-0.0077902526,0.07322438,0.1323994,0.20054437,0.28635973
1.8832164,0.62668467,1.9719408,1.9712716,2.143349,2.0230722,1.7320747,0.64054084,1.8612019,2.1196318,0.71240157,2.0938928,2.0979767,1.7087309,1.8187131,1.9229687,1.7550985,1.8377712,-1.2056459,-1.2397789,1.703325,1.7588427,1.6580846,1.71015,1.6513044,1.7033734,-1.1598309,-1.1831838,-1.2424943,-1.2727262,1.3182746,1.3926765,1.3063405,1.3643504,1.2484705,1.3469237,0.55726224,0.7765682,0.79627,0.9785821,1.6077914,1.6499704,1.3872442,1.3376683,-0.08590619,-0.0784916,1.6984291,1.7234788,1.6326386,1.758746,1.6223247,1.7440692,1.120217,1.077828,1.2403715,1.2170609
0.530007,0.618438,-0.22499715,0.6348163,0.42454463,0.47230738,0.81779844,0.06695185,-0.29232484,0.54635286,0.45084327,-0.32834584,0.6324523,0.7007684,-0.12047375,0.579488,-0.16274494,-0.22365008,-0.45378843,-0.28758624,-0.059851523,-0.14074315,-0.0030277472,-0.092312954,0.0039117406,-0.086503,-0.52785486,-0.34977874,-0.44352466,-0.28072035,0.12448399,0.018613726,0.21498287,0.103316285,0.32580915,0.19348529,0.44316924,0.33885062,0.34641287,0.2292114,0.09338818,-0.011551935,0.31270248,0.18426497,2.2450361,2.068447,-0.04409903,-0.12881011,-0.2789061,-0.3092701,-0.29099613,-0.31992298,0.98174787,0.7156018,0.04521944,-0.039706517
-0.14659771,-0.25669515,-0.24662891,-0.03341135,-0.005156449,-0.18378547,0.1647439,-0.27650455,-0.18237397,0.22949244,-0.25870305,-0.18402712,0.22918765,0.17922336,0.33980033,-0.09225239,-0.051946986,0.022596827,-0.22946364,-0.36067948,0.0444399,0.14097403,0.059997234,0.16078417,0.061676018,0.16292723,-0.26249468,-0.3972797,-0.23117387,-0.36218095,0.050894186,0.15215518,0.16140714,0.28188312,0.094608,0.20203176,-0.095489375,-0.038517825,0.0033419628,0.09008807,0.09338818,0.20136268,0.00010852704,0.08216275,-0.20544171,-0.22901419,0.08352075,0.1886539,-0.1726325,-0.12970486,-0.17259088,-0.12958778,0.34380034,0.47820637,0.30521634,0.44389102
-0.14659771,-0.5174899,-0.48423818,-0.03341135,-0.43485752,-0.18378547,-0.42300516,-0.5468802,-0.49106345,-0.36909434,-0.56090534,-0.4966137,-0.3372305,-0.17848778,-0.63370246,-0.09225239,-0.65133166,-0.69511765,0.5988122,0.62317413,-0.66495895,-0.70376,-0.6656494,-0.70341796,-0.6658082,-0.70350933,0.5789763,0.6023432,0.6023028,0.6280673,-0.6522975,-0.6876826,-0.63230735,-0.66235024,-0.6485578,-0.69114465,-0.59071505,-0.6450731,-0.60785794,-0.65642154,-0.6638135,-0.7000882,-0.5990299,-0.62577856,-0.32497722,-0.3849645,-0.6594294,-0.6924485,-0.61566925,-0.6657266,-0.6166105,-0.6660638,-0.4326163,-0.4479557,-0.58649915,-0.5987238
0.530007,-0.039034817,-0.4774896,0.6348163,-0.005156449,0.47230738,0.23004936,0.022099977,-0.43543646,0.072121724,0.023890162,-0.43533903,0.203934,0.17283727,-0.53769,0.579488,-0.65133166,-0.53502536,0.5988122,0.5654179,-0.66495895,-0.57282215,-0.6656494,-0.5758678,-0.6658082,-0.5765593,0.5789763,0.56222075,0.6023028,0.57322377,-0.6522975,-0.56786686,-0.63230735,-0.57837486,-0.6485578,-0.5530924,-0.59071505,-0.48734745,-0.60785794,-0.4823808,-0.6638135,-0.5839249,-0.5990299,-0.5181448,-0.32497722,-0.3571416,-0.6594294,-0.5772615,-0.61566925,-0.46568567,-0.6166105,-0.4680963,-0.4326163,-0.44698778,-0.58649915,-0.5795988
-1.4998071,-0.5796212,-0.4851145,-1.3698667,-1.2942597,-1.4959712,-1.4678924,-0.58785594,-0.49162486,-1.4323106,-0.58549553,-0.49695945,-1.4538463,-1.398999,-0.63370246,-1.4357332,-0.65133166,-0.69511765,0.5988122,0.62317413,-0.66495895,-0.70376,-0.6656494,-0.70341796,-0.6658082,-0.70350933,0.5789763,0.6023432,0.6023028,0.6280673,-0.6522975,-0.6876826,-0.63230735,-0.66235024,-0.6485578,-0.69114465,-0.59071505,-0.6450731,-0.60785794,-0.65642154,-0.6638135,-0.7000882,-0.5990299,-0.62577856,-0.32497722,-0.3849645,-0.6594294,-0.6924485,-0.61566925,-0.6657266,-0.6166105,-0.6660638,-0.4326163,-0.4479557,-0.58649915,-0.5987238
0.530007,-0.82121515,-0.0800601,0.6348163,-0.005156449,0.47230738,0.9484093,-0.79332846,-0.009290942,0.9745773,-0.79096925,-0.010300893,0.96307045,0.23702636,2.1138253,0.2436178,3.2780278,3.123772,-1.1267625,-1.040158,2.756668,2.6034148,2.6428342,2.4948416,2.6321864,2.484811,-0.76179075,-0.69024575,-1.0858856,-0.99983305,2.7328343,2.5959363,1.7885219,1.6759719,2.8824172,2.7536888,3.8105881,3.7318594,4.0980577,4.0096636,2.364993,2.2267728,2.9958005,2.8193128,0.39223585,0.3682769,2.3122113,2.1681,4.110056,3.974673,4.04425,3.9046404,-0.3511774,-0.368966,0.339359,0.28066394
-0.14659771,-0.2571088,-0.48056552,-0.03341135,-0.43485752,-0.18378547,-0.29239425,-0.34800762,-0.4882235,-0.5011468,-0.30445158,-0.48723257,-0.4599144,-0.333953,-0.6161761,-0.09225239,-0.65133166,-0.6293912,0.5988122,0.5458668,-0.66495895,-0.6354964,-0.6656494,-0.6316808,-0.6658082,-0.6313998,0.5789763,0.52561736,0.6023028,0.5485181,-0.6522975,-0.6088569,-0.63230735,-0.5722399,-0.6485578,-0.59644455,-0.59071505,-0.521455,-0.60785794,-0.5558344,-0.6638135,-0.624293,-0.5990299,-0.5364915,-0.32497722,-0.15549548,-0.6594294,-0.6282057,-0.61566925,-0.59945625,-0.6166105,-0.6009995,-0.4326163,-0.40346888,-0.58649915,-0.5314824
0.530007,0.5063225,0.019261139,0.6348163,0.42454463,0.6512418,0.6871875,0.26681536,-0.14060485,0.25326285,0.22515458,-0.15879811,0.32614923,0.2400586,0.08346093,0.579488,0.15669882,0.111374654,-0.23439386,0.0235139,0.14090942,0.070010774,0.11998333,0.038979396,0.12351344,0.03940826,-0.22757888,0.034443136,-0.22055633,0.021811657,0.43928495,0.19591251,0.24077861,0.015312648,0.2743716,0.11140109,0.5690082,0.35695088,0.46875432,0.2380819,0.09338818,0.0007706678,-0.0064038453,-0.17774479,0.03362931,-0.10832014,0.022242233,-0.037537675,0.19035394,0.16552229,0.17993377,0.16345206,-0.13277319,-0.24473858,0.07246943,-0.1398538
-0.14659771,-0.023465075,-0.47727,-0.03341135,-0.43485752,-0.18378547,-0.03117245,0.18623713,-0.40435454,-0.11715914,0.1256812,-0.42855644,-0.15841183,0.18322603,-0.63370246,-0.09225239,-0.65133166,-0.6376505,0.5988122,0.55449706,-0.66495895,-0.6426224,-0.6656494,-0.6398939,-0.6658082,-0.63971287,0.5789763,0.5331009,0.6023028,0.5574236,-0.6522975,-0.6207254,-0.63230735,-0.58808565,-0.6485578,-0.6078226,-0.59071505,-0.5472624,-0.60785794,-0.5743827,-0.6638135,-0.6330019,-0.5990299,-0.5443395,-0.32497722,-0.17972381,-0.6594294,-0.6365277,-0.61566925,-0.6098243,-0.6166105,-0.6108822,-0.4326163,-0.40258068,-0.58649915,-0.5403786
-0.82320243,-0.8490612,-0.4889149,-0.701639,-0.8645586,-0.8398783,-0.8148379,-0.8481971,-0.4951918,-0.797403,-0.84413135,-0.50059056,-0.80730325,-0.65812045,-0.63370246,-0.7639928,-0.65133166,-0.69511765,0.5988122,0.62317413,-0.66495895,-0.70376,-0.6656494,-0.70341796,-0.6658082,-0.70350933,0.5789763,0.6023432,0.6023028,0.6280673,-0.6522975,-0.6876826,-0.63230735,-0.66235024,-0.6485578,-0.69114465,-0.59071505,-0.6450731,-0.60785794,-0.65642154,-0.6638135,-0.7000882,-0.5990299,-0.62577856,-0.32497722,-0.3849645,-0.6594294,-0.6924485,-0.61566925,-0.6657266,-0.6166105,-0.6660638,-0.4326163,-0.4479557,-0.58649915,-0.5987238
-0.82320243,0.19913736,-0.47413018,-0.701639,-0.8645586,-0.8398783,-0.8148379,0.39366737,-0.38788068,-0.8044145,0.33282256,-0.42448825,-0.9028749,-0.78334963,-0.32816377,-0.7639928,-0.65133166,-0.19072203,0.5988122,0.51948285,-0.66495895,-0.28460774,-0.6656494,-0.31445268,-0.6658082,-0.3179459,0.5789763,0.53123504,0.6023028,0.5158892,-0.6522975,-0.39467862,-0.63230735,-0.5367283,-0.6485578,-0.49751237,-0.59071505,-0.5475902,-0.60785794,-0.5448195,-0.6638135,-0.3540201,-0.5990299,-0.26171058,-0.32497722,-0.3849645,-0.6594294,-0.30099088,-0.61566925,-0.11696256,-0.6166105,-0.11946062,-0.4326163,-0.44719896,-0.58649915,-0.4983366
-1.4998071,-0.85470504,-0.15204948,-1.3698667,-0.8645586,-1.4959712,-1.8597251,-0.8654823,-0.15995206,-1.8891538,-0.86743647,-0.17391093,-1.8808508,-2.002056,-0.63370246,-1.7716033,-0.15608147,-0.17423022,0.046628308,0.04146561,-0.059199728,-0.07132108,0.008863737,-0.0011174534,0.012304843,0.002503084,0.02730651,0.020380303,-0.00024245924,-0.0046872157,-0.034960628,-0.04287051,0.08600424,0.08571017,0.30678794,0.3026772,0.5598025,0.56378126,0.29095733,0.28753766,0.09338818,0.086381115,0.599247,0.6084544,2.005965,2.2024844,-0.02713239,-0.035453483,0.01507154,-0.004771564,-0.00036507816,-0.020505335,-0.0790397,-0.07126642,-0.15787302,-0.14447749
-0.82320243,-0.4236849,-0.48291504,-0.701639,-0.8645586,-0.8398783,-0.94544876,-0.43729892,-0.48956206,-0.9222932,-0.41300267,-0.49087247,-0.82530934,-0.8080177,-0.63370246,-0.7639928,-0.65133166,-0.69511765,0.5988122,0.62317413,-0.66495895,-0.70376,-0.6656494,-0.70341796,-0.6658082,-0.70350933,0.5789763,0.6023432,0.6023028,0.6280673,-0.6522975,-0.6876826,-0.63230735,-0.66235024,-0.6485578,-0.69114465,-0.59071505,-0.6450731,-0.60785794,-0.65642154,-0.6638135,-0.7000882,-0.5990299,-0.62577856,-0.32497722,-0.3849645,-0.6594294,-0.6924485,-0.61566925,-0.6657266,-0.6166105,-0.6660638,-0.4326163,-0.4479557,-0.58649915,-0.5987238
-1.4998071,-0.9941947,-0.45176494,-1.3698667,-1.2942597,-1.4959712,-1.271976,-1.0002576,-0.44128257,-1.3669657,-0.9942156,-0.44507536,-1.3635547,-1.4299611,-0.26597837,-1.7716033,0.27684835,0.06093643,0.25369728,0.3462554,0.11288109,-0.074058875,0.12553273,-0.06243575,0.12647574,-0.061658487,0.34504035,0.4155272,0.2837767,0.37215924,0.27575198,0.061921373,-0.21560726,-0.32480642,0.30598426,0.089917116,0.5474568,0.30410346,0.77145255,0.49451938,0.09338818,-0.08659784,0.00010852704,-0.1439829,0.21293257,0.095535204,0.07725772,-0.09808899,0.58922493,0.32786778,0.57416934,0.31476998,-0.4283072,-0.44454217,-0.41354194,-0.46371788
1.2066118,0.7531996,0.8008653,1.303044,1.2839468,1.1284002,0.5565766,0.3465602,0.43475822,0.47687006,0.35977426,0.48742616,0.52956843,0.53504896,-0.030296898,0.579488,0.69880813,0.5815032,-0.7668569,-0.6939797,0.85226375,0.73733705,0.82224333,0.71289074,0.82409036,0.7155281,-0.8560633,-0.78614664,-0.88149816,-0.8093757,0.81541073,0.7416988,0.9789331,0.9175595,0.82973665,0.75416636,0.33823037,0.25748754,0.37319863,0.32757843,0.8505898,0.7468965,0.82718,0.66616035,1.2887521,1.5247346,0.7284669,0.6230832,0.5906052,0.4769703,0.5862791,0.47418976,0.46225688,0.40983644,0.8099821,0.76281875
-0.14659771,-0.058018368,1.560495,-1.3698667,0.8542457,-0.18378547,-0.684227,-0.12866952,1.3785539,-0.82990664,-0.31565994,0.9987492,-0.93349236,-1.2601186,0.22999947,-0.09225239,1.1522241,1.2052666,-1.6814116,-1.5961376,1.42,1.4068094,1.5126119,1.4632614,1.5109669,1.4609604,-1.6451607,-1.567183,-1.6486152,-1.5769581,1.0320917,1.0328456,1.5464388,1.5358193,1.3293777,1.2274343,1.2094282,1.0924468,0.9722403,0.9304181,1.6077914,1.5227532,1.0746503,0.99822485,-0.26520947,-0.32715544,1.6732236,1.5733433,0.73138326,0.8545298,0.766578,0.86965436,1.5806822,1.251208,2.5126252,2.2713342
0.530007,0.47422612,-0.4702501,0.6348163,-0.005156449,0.47230738,0.2953548,0.53259224,-0.46395764,0.3454071,0.5126317,-0.4676545,0.3240211,0.6428815,-0.62708485,0.579488,-0.65133166,-0.67677647,0.5988122,0.612623,-0.66495895,-0.6875334,-0.6656494,-0.68785125,-0.6658082,-0.6880031,0.5789763,0.5931912,0.6023028,0.61755455,-0.6522975,-0.6727235,-0.63230735,-0.64818597,-0.6485578,-0.6736289,-0.59071505,-0.6192288,-0.60785794,-0.63268095,-0.6638135,-0.6857787,-0.5990299,-0.62577856,-0.32497722,-0.3812512,-0.6594294,-0.6788925,-0.61566925,-0.6453957,-0.6166105,-0.6458835,-0.4326163,-0.44704613,-0.58649915,-0.59124154
-0.14659771,-0.7567934,-0.4876135,-0.03341135,-0.43485752,-0.18378547,-0.684227,-0.75327325,0.004774076,1.1102093,-0.7275547,-0.13338289,0.543295,0.6065789,1.9902047,-0.09225239,-0.65133166,1.7789613,0.5988122,-1.1059555,-0.66495895,1.5106709,-0.6656494,1.499328,-0.6658082,1.4964497,0.5789763,-0.94925356,0.6023028,-1.1006858,-0.6522975,1.4949629,-0.63230735,1.5757886,-0.6485578,1.9079025,-0.59071505,2.914652,-0.60785794,2.7690291,-0.6638135,1.4207361,-0.5990299,-0.24559674,-0.32497722,1.6329907,-0.6594294,1.2918988,-0.61566925,2.1471648,-0.6166105,2.1221528,-0.4326163,-0.32231662,-0.58649915,0.65927213
-1.4998071,-0.6534406,0.2805853,-1.3698667,-0.8645586,-1.3170367,-1.0760597,-0.59486985,0.40510175,-1.060738,-0.6128051,0.3709008,-1.0012742,-1.2427664,0.13893549,-1.4357332,-0.030897046,0.03274797,-0.0149993645,-0.11145821,0.062908135,0.15560474,0.07730602,0.17943728,0.075623386,0.17782141,-0.014592451,-0.10684257,-0.021477513,-0.1147004,-0.07993219,-0.00406938,0.03242852,0.119552724,0.041563,0.14691825,-0.17305246,-0.05767307,-0.028144052,0.08458676,0.09338818,0.20422189,-0.11711421,-0.078191034,-0.32497722,-0.3849645,0.15200447,0.27428284,-0.08292105,-0.029017843,-0.047458094,0.009149952,-0.16860512,-0.1146007,0.40620154,0.5558957
1.2066118,-0.67366856,0.23289806,1.303044,2.57305,1.1284002,2.1892128,-0.67282397,0.2364523,2.357962,-0.66835374,0.24586903,2.3713174,1.2280087,3.695944,1.2512283,1.6724187,1.6960831,-4.047914,-4.120153,2.5441747,2.5801997,2.8146005,2.858477,2.8327565,2.8773193,-4.047368,-4.1206307,-3.8703346,-3.9385526,2.8227775,2.879016,3.2271295,3.2833078,3.2172973,3.3016562,3.920914,4.103697,2.3987832,2.4994137,3.1221948,3.1733139,0.80113053,0.7959882,-0.026138432,-0.049916714,3.200489,3.2414703,0.67479604,0.67601687,0.7019932,0.70306045,5.529542,5.663943,4.100497,4.1107535
1.8832164,0.8048087,-0.22148493,1.9712716,0.8542457,1.7844931,1.2749366,0.84448487,-0.270022,1.2102271,0.8638849,-0.26322508,1.254284,1.3905941,0.03131169,1.9229687,0.2524553,0.25898653,0.039232958,-0.06521639,0.16372314,0.18930244,0.1358387,0.17626995,0.12980825,0.1722588,0.06920547,-0.042276096,0.04753649,-0.06256223,-0.11263875,-0.009463286,-0.027100055,0.10096612,-0.041487265,0.091763645,-0.10962886,0.117864504,-0.075179346,0.086451516,0.09338818,0.15299101,0.566685,0.6041892,-0.32497722,0.25107735,0.1504942,0.17074962,0.26074296,0.27429482,0.27411973,0.2819196,-0.3211584,-0.22981293,0.117672354,0.17492665
1.2066118,1.5348548,-0.45529005,-0.701639,0.42454463,1.1284002,0.88310385,2.42449,0.20062272,0.9341071,1.9929546,-0.36830175,0.82794946,1.3252133,-0.5372106,1.2512283,-0.65133166,-0.32365537,0.5988122,0.31197318,-0.66495895,-0.2494008,-0.6656494,-0.25595343,-0.6658082,-0.25632495,0.5789763,0.29120678,0.6023028,0.29228482,-0.6522975,-0.2758488,-0.63230735,-0.28916427,-0.6485578,-0.2050353,-0.59071505,-0.18887243,-0.60785794,-0.2341397,-0.6638135,-0.25374737,-0.5990299,-0.45014086,-0.32497722,0.025827605,-0.6594294,-0.25655904,-0.61566925,-0.32298514,-0.6166105,-0.3161042,-0.4326163,-0.35350215,-0.58649915,-0.06254176
-0.14659771,-0.98503006,-0.49083278,-0.03341135,-0.43485752,-0.18378547,-1.1413652,-0.9981899,-0.49724692,-1.1679374,-0.992163,-0.50266886,-1.1528354,-1.4042317,-0.63370246,-0.09225239,-0.65133166,-0.69511765,0.5988122,0.62317413,-0.66495895,-0.70376,-0.6656494,-0.70341796,-0.6658082,-0.70350933,0.5789763,0.6023432,0.6023028,0.6280673,-0.6522975,-0.6876826,-0.63230735,-0.66235024,-0.6485578,-0.69114465,-0.59071505,-0.6450731,-0.60785794,-0.65642154,-0.6638135,-0.7000882,-0.5990299,-0.62577856,-0.32497722,-0.3849645,-0.6594294,-0.6924485,-0.61566925,-0.6657266,-0.6166105,-0.6660638,-0.4326163,-0.4479557,-0.58649915,-0.5987238
-0.14659771,0.06465709,1.824196,-0.03341135,0.8542457,0.35301778,0.36066025,0.13788272,1.9351298,0.699699,0.12794231,1.9558103,0.6244662,0.20851488,1.7412661,-0.42812258,1.2099721,1.2826979,-1.2426225,-1.3624974,1.5186423,1.6260834,1.5632169,1.6872642,1.5584866,1.6829222,-1.2017298,-1.3151969,-1.2690382,-1.3815907,1.0647984,1.1626884,1.3619002,1.4586004,1.4218044,1.5729079,0.6622727,0.90633696,1.1312838,1.3325682,1.6077914,1.7462177,0.8467172,0.8675162,-0.32497722,-0.3849645,1.7748721,1.9220287,0.9825753,1.0616885,1.0908467,1.1679119,0.35941717,0.44499543,2.391603,2.5296497
-1.4998071,-0.7089356,-0.48693845,-1.3698667,-1.2942597,-1.4959712,-1.5331979,-0.8122251,-0.494699,-1.437077,-0.76164275,-0.49943247,-1.4532634,-1.3992529,-0.63370246,-1.4357332,-0.65133166,-0.69511765,0.5988122,0.62317413,-0.66495895,-0.70376,-0.6656494,-0.70341796,-0.6658082,-0.70350933,0.5789763,0.6023432,0.6023028,0.6280673,-0.6522975,-0.6876826,-0.63230735,-0.66235024,-0.6485578,-0.69114465,-0.59071505,-0.6450731,-0.60785794,-0.65642154,-0.6638135,-0.7000882,-0.5990299,-0.62577856,-0.32497722,-0.3849645,-0.6594294,-0.6924485,-0.61566925,-0.6657266,-0.6166105,-0.6660638,-0.4326163,-0.4479557,-0.58649915,-0.5987238
-1.4998071,-0.9837943,-0.42953745,-1.3698667,-0.8645586,-1.4959712,-1.4025869,-1.015998,-0.47423717,-1.7771047,-1.0075344,-0.47366568,-1.8024206,-1.8364841,-0.46691242,-2.1074736,0.39204398,-0.31814933,0.29313898,0.5035601,0.17980143,-0.39627004,0.16081087,-0.40302402,0.156839,-0.40440696,0.38693932,0.52311975,0.31032053,0.51220876,0.11221903,-0.40399233,-0.16401581,-0.47714955,0.29124957,-0.34957483,0.6123685,-0.20261922,0.6758643,-0.18475825,0.09338818,-0.42491174,-0.5990299,-0.58261883,0.03362931,-0.25819156,0.07766582,-0.4249496,0.651333,-0.20331703,0.65086365,-0.20620562,-0.4290013,-0.44595212,-0.46146983,-0.5471594
-1.4998071,-0.8722549,-0.48924205,-1.3698667,-1.2942597,-1.4959712,-1.4025869,-0.8675762,-0.49545735,-1.2888485,-0.8594707,-0.50003666,-1.3039546,-1.2044542,-0.63370246,-1.4357332,-0.65133166,-0.69511765,0.5988122,0.62317413,-0.66495895,-0.70376,-0.6656494,-0.70341796,-0.6658082,-0.70350933,0.5789763,0.6023432,0.6023028,0.6280673,-0.6522975,-0.6876826,-0.63230735,-0.66235024,-0.6485578,-0.69114465,-0.59071505,-0.6450731,-0.60785794,-0.65642154,-0.6638135,-0.7000882,-0.5990299,-0.62577856,-0.32497722,-0.3849645,-0.6594294,-0.6924485,-0.61566925,-0.6657266,-0.6166105,-0.6660638,-0.4326163,-0.4479557,-0.58649915,-0.5987238
1.2066118,2.5659661,3.4729984,1.303044,1.2839468,1.6055586,1.0137148,2.8996487,3.9339664,1.1836561,2.816326,3.9863343,1.162445,0.89006644,0.93816626,1.2512283,1.409365,1.687624,-0.00020871371,-0.06851738,1.0793147,1.3033203,0.99652016,1.2099192,0.98257196,1.1941276,0.14252868,0.09697126,-0.016168725,-0.085648715,0.5496697,0.70186526,0.22688857,0.32767096,0.30223364,0.4148423,-0.1381299,-0.1076651,-0.10775991,-0.064018585,0.8505898,1.0431503,0.91184086,1.0960503,-0.32497722,-0.3849645,1.0705478,1.2910627,1.5691504,1.8847136,1.5671586,1.8797636,-0.38886026,-0.3969299,0.30217078,0.41574714
-0.14659771,0.2759794,-0.47304636,-0.03341135,-0.43485752,-0.18378547,-0.35769972,0.10913924,-0.45578238,-0.32862186,0.11932899,-0.45276392,-0.2980412,-0.120829545,-0.63370246,-0.09225239,-0.65133166,-0.67676693,0.5988122,0.60066193,-0.66495895,-0.6845478,-0.6656494,-0.68350935,-0.6658082,-0.6835073,0.5789763,0.57970273,0.6023028,0.6049932,-0.6522975,-0.6659072,-0.63230735,-0.6376768,-0.6485578,-0.6652906,-0.59071505,-0.61424464,-0.60785794,-0.6304176,-0.6638135,-0.6791499,-0.5990299,-0.6007557,-0.32497722,-0.32157418,-0.6594294,-0.67496157,-0.61566925,-0.6478074,-0.6166105,-0.64835423,-0.4326163,-0.43443313,-0.58649915,-0.5803357
-0.82320243,-0.14675663,-0.47900897,-0.701639,-0.8645586,-0.8398783,-1.0107542,-0.19397369,-0.48622823,-0.94678533,-0.19374198,-0.49145946,-0.9681563,-0.8466177,-0.63370246,-0.7639928,-0.65133166,-0.69511765,0.5988122,0.62317413,-0.66495895,-0.70376,-0.6656494,-0.70341796,-0.6658082,-0.70350933,0.5789763,0.6023432,0.6023028,0.6280673,-0.6522975,-0.6876826,-0.63230735,-0.66235024,-0.6485578,-0.69114465,-0.59071505,-0.6450731,-0.60785794,-0.65642154,-0.6638135,-0.7000882,-0.5990299,-0.62577856,-0.32497722,-0.3849645,-0.6594294,-0.6924485,-0.61566925,-0.6657266,-0.6166105,-0.6660638,-0.4326163,-0.4479557,-0.58649915,-0.5987238
1.2066118,0.8229928,-0.32062188,1.303044,0.8542457,1.1284002,0.6871875,0.70501703,-0.3381848,0.89913,0.7394926,-0.32195422,0.93442667,0.94425064,0.16512315,1.2512283,-0.18658161,-0.24676667,-0.33053306,-0.26620132,-0.023132248,-0.088016465,0.030400606,-0.03556135,0.03390473,-0.03210269,-0.34629261,-0.283216,-0.29222474,-0.22817546,0.042717546,-0.018925386,0.13958001,0.07746203,0.12461326,0.05750691,0.31161073,0.24532288,-0.006529679,-0.06470141,0.09338818,0.026176056,-0.3189978,-0.35919678,-0.26520947,-0.32214293,0.11255435,0.04516263,-0.3575762,-0.41414922,-0.35288978,-0.40935245,0.75981534,0.69802743,0.35090008,0.2843048
1.2066118,-0.25344396,0.7335742,1.303044,0.42454463,1.1284002,2.1239073,-0.2540038,0.71426755,2.0093677,-0.25345278,0.729499,2.0683868,0.98477334,3.242633,1.2512283,3.867603,3.8970318,-2.199084,-2.1972568,3.4784515,3.483406,3.341791,3.3469043,3.3122737,3.3173537,-1.9698776,-1.9672784,-2.1715288,-2.168718,2.0459962,2.0472763,2.3937292,2.3927119,2.3867946,2.4048119,1.8147157,1.8552513,2.055535,2.104329,3.1221948,3.1250203,5.2295446,5.218901,-0.32497722,-0.3849645,3.3901885,3.383343,3.766392,3.833698,3.8370407,3.900608,0.12467314,0.11619484,2.9343584,2.894861
-1.4998071,-0.83406407,-0.4887034,-1.3698667,-1.2942597,-1.4959712,-1.4025869,-0.83648753,-0.49503142,-1.2953639,-0.8194654,-0.4937074,-1.3045186,-1.2011179,-0.63370246,-1.4357332,-0.65133166,-0.69511765,0.5988122,0.62317413,-0.66495895,-0.70376,-0.6656494,-0.70341796,-0.6658082,-0.70350933,0.5789763,0.6023432,0.6023028,0.6280673,-0.6522975,-0.6876826,-0.63230735,-0.66235024,-0.6485578,-0.69114465,-0.59071505,-0.6450731,-0.60785794,-0.65642154,-0.6638135,-0.7000882,-0.5990299,-0.62577856,-0.32497722,-0.3849645,-0.6594294,-0.6924485,-0.61566925,-0.6657266,-0.6166105,-0.6660638,-0.4326163,-0.4479557,-0.58649915,-0.5987238
-0.14659771,-0.60400987,-0.4854585,-0.03341135,-0.43485752,-0.18378547,-0.6189215,-0.5435447,-0.4910178,-0.46887803,-0.59830326,-0.49713928,-0.5330772,-0.31413722,-0.63370246,-0.09225239,-0.65133166,-0.69511765,0.5988122,0.62317413,-0.66495895,-0.70376,-0.6656494,-0.70341796,-0.6658082,-0.70350933,0.5789763,0.6023432,0.6023028,0.6280673,-0.6522975,-0.6876826,-0.63230735,-0.66235024,-0.6485578,-0.69114465,-0.59071505,-0.6450731,-0.60785794,-0.65642154,-0.6638135,-0.7000882,-0.5990299,-0.62577856,-0.32497722,-0.3849645,-0.6594294,-0.6924485,-0.61566925,-0.6657266,-0.6166105,-0.6660638,-0.4326163,-0.4479557,-0.58649915,-0.5987238
-0.14659771,-0.16694887,-0.47929382,-0.03341135,-0.43485752,-0.18378547,-0.16178335,-0.2302911,-0.3874454,-0.43807417,-0.21912266,-0.4105284,-0.31402487,-0.28209138,-0.54160976,-0.09225239,-0.65133166,-0.5806348,0.5988122,0.53616035,-0.66495895,-0.59737104,-0.6656494,-0.5953842,-0.6658082,-0.5953027,0.5789763,0.5235098,0.6023028,0.53944355,-0.6522975,-0.5700403,-0.63230735,-0.543854,-0.6485578,-0.56037664,-0.59071505,-0.4670443,-0.60785794,-0.48764083,-0.6638135,-0.5934381,-0.5990299,-0.54695326,-0.32497722,-0.3187514,-0.6594294,-0.59234774,-0.61566925,-0.53496754,-0.6166105,-0.5371223,-0.4326163,-0.43757764,-0.58649915,-0.5216541
0.530007,0.15578644,-0.47474167,0.6348163,-0.005156449,0.47230738,0.36066025,0.077814266,-0.48250443,0.6748455,0.16058718,-0.46591917,0.57757556,1.1616292,-0.63370246,0.579488,-0.65133166,-0.69511765,0.5988122,0.62317413,-0.66495895,-0.70376,-0.6656494,-0.70341796,-0.6658082,-0.70350933,0.5789763,0.6023432,0.6023028,0.6280673,-0.6522975,-0.6876826,-0.63230735,-0.66235024,-0.6485578,-0.69114465,-0.59071505,-0.6450731,-0.60785794,-0.65642154,-0.6638135,-0.7000882,-0.5990299,-0.62577856,-0.32497722,-0.3849645,-0.6594294,-0.6924485,-0.61566925,-0.6657266,-0.6166105,-0.6660638,-0.4326163,-0.4479557,-0.58649915,-0.5987238
-0.14659771,2.0695558,-0.44774815,-0.03341135,-0.43485752,-0.18378547,-0.42300516,1.0660686,-0.46241286,-0.4163449,1.4068359,-0.46346727,-0.3921563,-0.2701723,-0.51462704,-0.09225239,-0.65133166,0.013738389,0.5988122,0.52113825,-0.66495895,-0.07414049,-0.6656494,-0.12559798,-0.6658082,-0.13078873,0.5789763,0.5359981,0.6023028,0.4875464,-0.6522975,-0.25812694,-0.63230735,-0.42501414,-0.6485578,-0.23811458,-0.59071505,-0.17655674,-0.60785794,-0.32574663,-0.6638135,-0.1851277,-0.5990299,-0.22136188,-0.32497722,-0.3849645,-0.6594294,-0.15237072,-0.61566925,0.10408192,-0.6166105,0.11217377,-0.4326163,-0.447936,-0.58649915,-0.5745272
0.530007,0.06894422,-0.47596654,0.6348163,-0.005156449,0.47230738,-0.22708881,-0.19804062,-0.32501027,0.43565878,-0.16374739,-0.36250293,0.22767872,0.47814062,0.29208416,0.579488,-0.65133166,0.10501844,0.5988122,0.063960314,-0.66495895,0.012403892,-0.6656494,0.008966988,-0.6658082,0.007974304,0.5789763,0.10054496,0.6023028,0.06897532,-0.6522975,0.01820157,-0.63230735,0.061480917,-0.6485578,0.14940709,-0.59071505,0.50616926,-0.60785794,0.45139536,-0.6638135,-0.014197412,-0.5990299,-0.50282484,-0.32497722,0.26765773,-0.6594294,-0.050695408,-0.61566925,0.24398403,-0.6166105,0.23566675,-0.4326163,-0.40732306,-0.58649915,-0.19187832
1.8832164,1.1543959,-0.4606564,1.9712716,0.8542457,1.7844931,0.9484093,0.6274025,-0.47231165,1.3143334,0.70620465,-0.47508666,1.199069,1.8503003,-0.5853052,1.9229687,-0.65133166,-0.40700883,0.5988122,0.5817025,-0.66495895,-0.44785625,-0.6656494,-0.4685677,-0.6658082,-0.47073168,0.5789763,0.57537776,0.6023028,0.5709537,-0.6522975,-0.5130932,-0.63230735,-0.5658869,-0.6485578,-0.5070142,-0.59071505,-0.45464838,-0.60785794,-0.52202135,-0.6638135,-0.49078667,-0.5990299,-0.46140662,-0.32497722,-0.3849645,-0.6594294,-0.4729382,-0.61566925,-0.35284415,-0.6166105,-0.34975535,-0.4326163,-0.44794768,-0.58649915,-0.5888893
0.530007,0.23734947,-0.47359124,0.6348163,-0.005156449,0.47230738,0.034133,0.2554325,-0.48007083,0.03963977,0.26042098,-0.48508325,0.04113433,0.2239347,-0.63370246,0.579488,-0.65133166,-0.69511765,0.5988122,0.62317413,-0.66495895,-0.70376,-0.6656494,-0.70341796,-0.6658082,-0.70350933,0.5789763,0.6023432,0.6023028,0.6280673,-0.6522975,-0.6876826,-0.63230735,-0.66235024,-0.6485578,-0.69114465,-0.59071505,-0.6450731,-0.60785794,-0.65642154,-0.6638135,-0.7000882,-0.5990299,-0.62577856,-0.32497722,-0.3849645,-0.6594294,-0.6924485,-0.61566925,-0.6657266,-0.6166105,-0.6660638,-0.4326163,-0.4479557,-0.58649915,-0.5987238
-1.4998071,-0.96274084,-0.49051833,-1.3698667,-1.2942597,-1.4959712,-1.4678924,-0.96137196,-0.49674243,-1.3374766,-0.9623637,-0.50153613,-1.3860502,-1.270297,-0.63370246,-1.4357332,-0.65133166,-0.69511765,0.5988122,0.62317413,-0.66495895,-0.70376,-0.6656494,-0.70341796,-0.6658082,-0.70350933,0.5789763,0.6023432,0.6023028,0.6280673,-0.6522975,-0.6876826,-0.63230735,-0.66235024,-0.6485578,-0.69114465,-0.59071505,-0.6450731,-0.60785794,-0.65642154,-0.6638135,-0.7000882,-0.5990299,-0.62577856,-0.32497722,-0.3849645,-0.6594294,-0.6924485,-0.61566925,-0.6657266,-0.6166105,-0.6660638,-0.4326163,-0.4479557,-0.58649915,-0.5987238
-0.14659771,-0.44866785,-0.48326743,-0.03341135,-0.43485752,-0.18378547,-0.16178335,-0.272753,-0.48528776,-0.13418531,-0.3614213,-0.49142057,-0.12799947,0.14216521,-0.6311122,-0.09225239,-0.65133166,-0.6821148,0.5988122,0.6137134,-0.66495895,-0.69132394,-0.6656494,-0.6915112,-0.6658082,-0.69160604,0.5789763,0.59342605,0.6023028,0.6188576,-0.6522975,-0.6743336,-0.63230735,-0.6535792,-0.6485578,-0.6794331,-0.59071505,-0.63440865,-0.60785794,-0.64343584,-0.6638135,-0.68888605,-0.5990299,-0.6099048,-0.32497722,-0.3849645,-0.6594294,-0.68148845,-0.61566925,-0.6530892,-0.6166105,-0.653195,-0.4326163,-0.44484162,-0.58649915,-0.5885576
-0.82320243,-0.653879,-0.4861619,-0.701639,-0.8645586,-0.8398783,-0.94544876,-0.56847703,-0.49135935,-0.6784619,-0.5830295,-0.4778031,-0.76298106,-0.50919914,-0.63370246,-0.7639928,-0.65133166,-0.69511765,0.5988122,0.62317413,-0.66495895,-0.70376,-0.6656494,-0.70341796,-0.6658082,-0.70350933,0.5789763,0.6023432,0.6023028,0.6280673,-0.6522975,-0.6876826,-0.63230735,-0.66235024,-0.6485578,-0.69114465,-0.59071505,-0.6450731,-0.60785794,-0.65642154,-0.6638135,-0.7000882,-0.5990299,-0.62577856,-0.32497722,-0.3849645,-0.6594294,-0.6924485,-0.61566925,-0.6657266,-0.6166105,-0.6660638,-0.4326163,-0.4479557,-0.58649915,-0.5987238
-1.4998071,-0.82907695,-0.48863304,-1.3698667,-1.2942597,-1.4959712,-1.4678924,-0.85921854,-0.49534282,-1.3958668,-0.8522456,-0.50070447,-1.4133693,-1.3531438,-0.63370246,-1.4357332,-0.65133166,-0.69511765,0.5988122,0.62317413,-0.66495895,-0.70376,-0.6656494,-0.70341796,-0.6658082,-0.70350933,0.5789763,0.6023432,0.6023028,0.6280673,-0.6522975,-0.6876826,-0.63230735,-0.66235024,-0.6485578,-0.69114465,-0.59071505,-0.6450731,-0.60785794,-0.65642154,-0.6638135,-0.7000882,-0.5990299,-0.62577856,-0.32497722,-0.3849645,-0.6594294,-0.6924485,-0.61566925,-0.6657266,-0.6166105,-0.6660638,-0.4326163,-0.4479557,-0.58649915,-0.5987238
0.530007,2.180992,6.373434,-0.701639,1.7136478,0.9494658,1.4055475,1.9271108,5.1679773,1.0217073,1.8416723,5.0512557,0.9434274,0.27425054,2.1444318,0.579488,4.297675,3.9370768,0.0022563555,0.07012167,3.181656,2.881479,2.8486893,2.5748875,2.8052323,2.5347414,0.34853193,0.3906307,-0.10907218,-0.03257528,1.5553973,1.38222,0.74081874,0.6206111,0.97333324,0.8393155,0.11516694,0.01990848,0.2720949,0.16147569,2.364993,2.126597,2.1752415,1.988882,-0.32497722,-0.3849645,2.8095849,2.5354376,4.9685264,4.6142645,4.9242163,4.565118,-0.4326163,-0.4479557,-0.43902868,-0.4594197
-0.82320243,-0.70360565,0.17275126,-1.3698667,-0.005156449,-0.8398783,-1.271976,-0.85083395,-0.18612656,-1.5374452,-0.9118717,-0.35053027,-1.6463215,-1.5359857,-0.63370246,-1.0998629,1.0608703,0.1839116,-0.77178717,-0.10061167,0.8972394,0.09767101,0.8945174,0.09905765,0.8972832,0.10066211,-0.67799276,-0.066166855,-0.7620508,-0.091465466,1.1547415,0.24429901,1.0622731,0.21523589,1.1865847,0.266719,1.9971105,0.72148985,1.8170996,0.6275487,0.8505898,0.0820843,0.7815934,0.1075235,0.15316483,-0.046488352,0.7613736,0.035408206,1.3331403,0.34046772,1.3047836,0.32453358,-0.2396617,-0.30993685,0.41437653,-0.09139409
1.2066118,0.8850869,-0.46445498,1.303044,0.42454463,1.1284002,0.75249296,0.61881787,-0.47046104,0.63232195,0.7455673,-0.45588246,0.7733283,0.8625677,-0.52397937,1.2512283,-0.65133166,-0.10558826,0.5988122,0.42645684,-0.66495895,-0.16383278,-0.6656494,-0.19292518,-0.6658082,-0.19586399,0.5789763,0.43081126,0.6023028,0.40153056,-0.6522975,-0.26614377,-0.63230735,-0.35268372,-0.6485578,-0.22749953,-0.59071505,-0.12323912,-0.60785794,-0.2661244,-0.6638135,-0.22557351,-0.5990299,-0.20405641,-0.32497722,-0.006640479,-0.6594294,-0.21993074,-0.61566925,-0.03392634,-0.6166105,-0.030530237,-0.4326163,-0.37459716,-0.58649915,-0.47143877
1.2066118,0.4165445,0.7207964,1.303044,2.143349,1.1284002,1.0137148,0.43547332,0.915734,1.5757263,0.44146428,1.0048301,1.5234084,1.0429894,1.7514541,1.2512283,1.1800866,1.2103019,-2.1004798,-2.151259,1.450853,1.4894809,1.4979457,1.5397018,1.5078812,1.5498997,-2.1863554,-2.2389288,-2.1157866,-2.1661704,1.702577,1.74397,1.9472648,1.9923972,1.6685442,1.7263832,1.2131183,1.2527508,1.477081,1.5395863,1.6077914,1.653214,1.5695907,1.578633,1.1692166,1.2217928,1.4695287,1.5118226,0.7934911,0.81020296,0.7813785,0.7973597,2.2983332,2.3600726,1.6992933,1.7566948
1.2066118,2.408252,1.7528067,1.303044,1.7136478,1.3669795,0.75249296,1.953838,1.5395416,1.0869427,2.2339373,1.677286,1.1013197,0.9010584,0.81473607,1.2512283,1.2034757,1.0804948,-0.3132773,-0.21018806,1.0202162,0.8871778,0.95040745,0.81883246,0.9403596,0.8090414,-0.23456207,-0.1359627,-0.35327557,-0.24627858,0.5864646,0.4702561,0.56818587,0.44392318,0.4436869,0.33391878,0.014720799,-0.06572815,0.21818437,0.1323817,0.8505898,0.72060615,0.78810585,0.6501494,-0.26520947,-0.32506403,0.97933745,0.8414714,1.3165781,1.2109106,1.3007468,1.1937329,0.07322438,0.010382241,0.24398406,0.14086838
0.530007,1.1433164,0.0069439346,0.6348163,0.42454463,0.47230738,0.49127117,1.2797613,0.025575748,0.42905596,1.216353,0.012001934,0.34907666,0.541201,-0.0060642627,0.579488,-0.05498917,-0.050579567,-0.43899772,-0.48929614,0.014021544,0.025967773,0.0413672,0.05654055,0.05032067,0.066281155,-0.48595583,-0.53928775,-0.446179,-0.49610814,0.44746158,0.49761936,0.42134863,0.4689418,0.30009043,0.33785233,0.47956836,0.53803277,0.3572262,0.4074819,0.09338818,0.11349681,0.31270248,0.34651697,1.2887521,1.5144862,-0.02429836,-0.012616114,-0.12294616,-0.12754397,-0.13222547,-0.13772276,0.5340943,0.59239477,0.08785769,0.112929516
1.2066118,-0.17203417,-0.47936553,1.303044,0.42454463,1.1284002,0.49127117,-0.011887144,-0.48373345,0.8987298,-0.079939045,-0.4796714,0.7390887,1.3279501,-0.63370246,1.2512283,-0.65133166,-0.69511765,0.5988122,0.62317413,-0.66495895,-0.70376,-0.6656494,-0.70341796,-0.6658082,-0.70350933,0.5789763,0.6023432,0.6023028,0.6280673,-0.6522975,-0.6876826,-0.63230735,-0.66235024,-0.6485578,-0.69114465,-0.59071505,-0.6450731,-0.60785794,-0.65642154,-0.6638135,-0.7000882,-0.5990299,-0.62577856,-0.32497722,-0.3849645,-0.6594294,-0.6924485,-0.61566925,-0.6657266,-0.6166105,-0.6660638,-0.4326163,-0.4479557,-0.58649915,-0.5987238
-0.82320243,-0.5867798,0.42387822,-0.701639,0.42454463,-0.8398783,-0.35769972,-0.49925867,0.60474306,-0.6992823,-0.59528244,0.40839237,-0.92793983,-0.9172142,0.50022495,-1.4357332,1.369407,1.1555631,-0.2689054,-0.16024685,1.090613,0.89065725,1.0086759,0.8160068,1.0029374,0.8105239,-0.10537356,-0.015637362,-0.25240898,-0.14067888,1.1056818,0.8925471,0.562233,0.39959225,1.02102,0.8263684,1.4210851,1.1938508,1.4672973,1.2195188,0.8505898,0.6719541,1.2114102,1.001522,-0.32497722,-0.3849645,0.8423304,0.66620266,1.7333915,1.4947628,1.7057467,1.4705051,-0.38136995,-0.40090263,-0.046949554,-0.10970133
-1.4998071,-0.8727551,-0.4892491,-1.3698667,-1.2942597,-1.4959712,-1.5331979,-0.9096416,-0.49603367,-1.5472372,-0.8960933,-0.49978286,-1.4958049,-1.5398831,-0.63370246,-1.4357332,-0.65133166,-0.69511765,0.5988122,0.62317413,-0.66495895,-0.70376,-0.6656494,-0.70341796,-0.6658082,-0.70350933,0.5789763,0.6023432,0.6023028,0.6280673,-0.6522975,-0.6876826,-0.63230735,-0.66235024,-0.6485578,-0.69114465,-0.59071505,-0.6450731,-0.60785794,-0.65642154,-0.6638135,-0.7000882,-0.5990299,-0.62577856,-0.32497722,-0.3849645,-0.6594294,-0.6924485,-0.61566925,-0.6657266,-0.6166105,-0.6660638,-0.4326163,-0.4479557,-0.58649915,-0.5987238
1.2066118,-0.022873748,-0.47726163,-0.03341135,0.42454463,1.1284002,0.88310385,0.28967196,-0.4266749,0.9447599,0.27100536,-0.4561915,1.0081782,1.3397219,-0.63370246,1.2512283,-0.65133166,-0.65817803,0.5988122,0.5778577,-0.66495895,-0.66508627,-0.6656494,-0.6633424,-0.6658082,-0.6632457,0.5789763,0.5567685,0.6023028,0.5816198,-0.6522975,-0.64384925,-0.63230735,-0.6126832,-0.6485578,-0.6391011,-0.59071505,-0.58301616,-0.60785794,-0.6040762,-0.6638135,-0.65794,-0.5990299,-0.5754082,-0.32497722,-0.25736135,-0.6594294,-0.6572477,-0.61566925,-0.6296557,-0.6166105,-0.63041484,-0.4326163,-0.4207351,-0.58649915,-0.561709
-0.82320243,0.26671317,-0.24401914,-0.701639,-0.43485752,-0.6012991,-0.7495324,0.43864772,-0.12817779,-0.37352052,0.43465513,-0.14006169,-0.569865,-0.5190121,0.32203385,-1.0998629,0.39414793,0.6083092,0.1624883,0.10018427,0.21760702,0.3862737,0.1727024,0.33036435,0.16868806,0.32525384,0.2298182,0.18644875,0.17494692,0.11434798,0.16536723,0.3092761,-0.07075436,0.018076848,0.06031629,0.17552678,0.0371824,0.13004372,0.22701079,0.3712104,0.09338818,0.2314371,0.31270248,0.47373733,-0.32497722,-0.3849645,0.12725027,0.27495766,0.5326377,0.7824698,0.5311129,0.7789515,-0.39996552,-0.40912557,-0.2330509,-0.18546906
-0.14659771,-0.8708993,-0.48922297,-0.03341135,-0.43485752,-0.18378547,-0.6189215,-0.89359975,-0.49581394,-0.29251885,-0.88128656,-0.50111216,-0.43010136,-0.004177959,-0.63370246,-0.09225239,-0.65133166,-0.69511765,0.5988122,0.62317413,-0.66495895,-0.70376,-0.6656494,-0.70341796,-0.6658082,-0.70350933,0.5789763,0.6023432,0.6023028,0.6280673,-0.6522975,-0.6876826,-0.63230735,-0.66235024,-0.6485578,-0.69114465,-0.59071505,-0.6450731,-0.60785794,-0.65642154,-0.6638135,-0.7000882,-0.5990299,-0.62577856,-0.32497722,-0.3849645,-0.6594294,-0.6924485,-0.61566925,-0.6657266,-0.6166105,-0.6660638,-0.4326163,-0.4479557,-0.58649915,-0.5987238
-0.82320243,-0.2760391,-0.48083252,-0.701639,-0.8645586,-0.8398783,-1.0107542,-0.22375715,-0.4866363,-0.82701474,-0.215256,-0.4917615,-0.91264737,-0.69555664,-0.63370246,-0.7639928,-0.65133166,-0.69511765,0.5988122,0.62317413,-0.66495895,-0.70376,-0.6656494,-0.70341796,-0.6658082,-0.70350933,0.5789763,0.6023432,0.6023028,0.6280673,-0.6522975,-0.6876826,-0.63230735,-0.66235024,-0.6485578,-0.69114465,-0.59071505,-0.6450731,-0.60785794,-0.65642154,-0.6638135,-0.7000882,-0.5990299,-0.62577856,-0.32497722,-0.3849645,-0.6594294,-0.6924485,-0.61566925,-0.6657266,-0.6166105,-0.6660638,-0.4326163,-0.4479557,-0.58649915,-0.5987238
0.530007,-0.530824,-0.48442626,0.6348163,-0.005156449,0.47230738,0.1647439,-0.50688916,-0.4905155,0.25588512,-0.499933,-0.49159765,0.32629645,0.5448169,-0.63370246,0.579488,-0.65133166,-0.69511765,0.5988122,0.62317413,-0.66495895,-0.70376,-0.6656494,-0.70341796,-0.6658082,-0.70350933,0.5789763,0.6023432,0.6023028,0.6280673,-0.6522975,-0.6876826,-0.63230735,-0.66235024,-0.6485578,-0.69114465,-0.59071505,-0.6450731,-0.60785794,-0.65642154,-0.6638135,-0.7000882,-0.5990299,-0.62577856,-0.32497722,-0.3849645,-0.6594294,-0.6924485,-0.61566925,-0.6657266,-0.6166105,-0.6660638,-0.4326163,-0.4479557,-0.58649915,-0.5987238
-0.82320243,-0.29439178,1.0523906,-0.701639,-0.005156449,-0.4820095,0.034133,-0.24996994,1.1252717,-0.3006512,-0.2692716,1.1059281,-0.2074565,-0.6275588,0.8167768,-0.7639928,0.58953756,0.630692,-0.62881094,-0.7124287,0.79077524,0.8619742,0.8202614,0.9048607,0.81705505,0.9020014,-0.60816115,-0.6868369,-0.64525783,-0.7225284,0.4924331,0.5586732,0.69716436,0.7591279,0.7316838,0.8367224,0.2446101,0.44650418,0.5515698,0.6987584,0.8505898,0.94704264,0.36480144,0.3598549,-0.32497722,-0.383282,0.9634383,1.0676731,0.44982713,0.49500445,0.5216943,0.56446564,0.09540604,0.156712,1.3989023,1.5015368
-0.14659771,0.6030973,-0.4684324,-0.03341135,-0.43485752,-0.18378547,-0.22708881,0.6476482,-0.47469702,-0.25685772,0.6431226,-0.44758946,-0.2582588,-0.019388651,-0.63370246,-0.09225239,-0.65133166,-0.69511765,0.5988122,0.62317413,-0.66495895,-0.70376,-0.6656494,-0.70341796,-0.6658082,-0.70350933,0.5789763,0.6023432,0.6023028,0.6280673,-0.6522975,-0.6876826,-0.63230735,-0.66235024,-0.6485578,-0.69114465,-0.59071505,-0.6450731,-0.60785794,-0.65642154,-0.6638135,-0.7000882,-0.5990299,-0.62577856,-0.32497722,-0.3849645,-0.6594294,-0.6924485,-0.61566925,-0.6657266,-0.6166105,-0.6660638,-0.4326163,-0.4479557,-0.58649915,-0.5987238
0.530007,-0.12607226,-0.47871727,0.6348163,-0.005156449,0.47230738,0.23004936,-0.066299,-0.48447895,0.2481639,-0.093234874,-0.4878143,0.27507308,0.504972,-0.63370246,0.579488,-0.65133166,-0.69511765,0.5988122,0.62317413,-0.66495895,-0.70376,-0.6656494,-0.70341796,-0.6658082,-0.70350933,0.5789763,0.6023432,0.6023028,0.6280673,-0.6522975,-0.6876826,-0.63230735,-0.66235024,-0.6485578,-0.69114465,-0.59071505,-0.6450731,-0.60785794,-0.65642154,-0.6638135,-0.7000882,-0.5990299,-0.62577856,-0.32497722,-0.3849645,-0.6594294,-0.6924485,-0.61566925,-0.6657266,-0.6166105,-0.6660638,-0.4326163,-0.4479557,-0.58649915,-0.5987238
-1.4998071,-0.8589277,-0.48905408,-1.3698667,-1.2942597,-1.4959712,-1.4025869,-0.84677786,-0.49517238,-1.4020692,-0.8471947,-0.49936193,-1.3978064,-1.3834243,-0.63370246,-1.4357332,-0.65133166,-0.69511765,0.5988122,0.62317413,-0.66495895,-0.70376,-0.6656494,-0.70341796,-0.6658082,-0.70350933,0.5789763,0.6023432,0.6023028,0.6280673,-0.6522975,-0.6876826,-0.63230735,-0.66235024,-0.6485578,-0.69114465,-0.59071505,-0.6450731,-0.60785794,-0.65642154,-0.6638135,-0.7000882,-0.5990299,-0.62577856,-0.32497722,-0.3849645,-0.6594294,-0.6924485,-0.61566925,-0.6657266,-0.6166105,-0.6660638,-0.4326163,-0.4479557,-0.58649915,-0.5987238
1.2066118,0.13100095,-0.47509128,1.303044,0.42454463,1.1284002,0.36066025,0.18188715,-0.4810785,0.8899619,0.16294767,-0.47586033,0.8444272,1.316133,-0.63370246,1.2512283,-0.65133166,-0.69511765,0.5988122,0.62317413,-0.66495895,-0.70376,-0.6656494,-0.70341796,-0.6658082,-0.70350933,0.5789763,0.6023432,0.6023028,0.6280673,-0.6522975,-0.6876826,-0.63230735,-0.66235024,-0.6485578,-0.69114465,-0.59071505,-0.6450731,-0.60785794,-0.65642154,-0.6638135,-0.7000882,-0.5990299,-0.62577856,-0.32497722,-0.3849645,-0.6594294,-0.6924485,-0.61566925,-0.6657266,-0.6166105,-0.6660638,-0.4326163,-0.4479557,-0.58649915,-0.5987238
-0.82320243,-0.8769611,-0.22130063,-0.701639,-0.005156449,-0.8398783,-0.0964779,-0.87310725,-0.1761998,-0.27022505,-0.872395,-0.18951558,-0.1790216,-0.75263464,1.0076476,-0.7639928,0.27816844,0.35920978,-1.2598783,-1.4682524,0.6186944,0.7442026,0.7264506,0.86709183,0.73361766,0.87534875,-1.2715614,-1.480109,-1.1867523,-1.3854455,0.7377326,0.8849452,0.9114673,1.0773684,0.89778435,1.0693599,1.2139364,1.448753,0.59479856,0.7350483,0.8505898,1.0077714,-0.038965706,0.0011065049,-0.20544171,-0.23723532,0.88453805,1.0420939,-0.09948313,-0.07412541,-0.089169025,-0.062389817,1.9522469,2.246901,1.2882993,1.4777776
-0.14659771,-0.6012886,0.2163722,-0.03341135,0.8542457,-0.18378547,1.0137148,-0.56087554,0.29806522,0.9131253,-0.5678797,0.29845697,0.93019587,0.16574304,2.2159307,-0.09225239,1.1468223,1.2931567,-1.8860153,-2.1023817,1.4632375,1.636395,1.5112906,1.6906692,1.5166445,1.6967676,-1.9454366,-2.166898,-1.8981272,-2.1152036,1.4572774,1.6389085,1.7488362,1.9534463,1.5809394,1.7832096,0.89496195,1.0352584,1.2257416,1.4116237,1.6077914,1.7971885,1.1983854,1.3354212,0.03362931,0.047062512,1.569421,1.7484573,0.713441,0.81920695,0.7154484,0.82012814,1.8966335,2.1177778,2.0886474,2.2896175
-1.4998071,-0.9169318,-0.28581095,-1.3698667,-1.2942597,-1.4959712,-1.2066705,-0.9168044,-0.2671154,-1.2271682,-0.914405,-0.27440515,-1.2101091,-1.4928145,0.05700546,-1.4357332,-0.063814744,-0.021210112,0.01458189,-0.047275923,0.0444399,0.108063124,0.048237856,0.114681825,0.054764085,0.12233366,-0.056491446,-0.12675434,-0.09580026,-0.17231163,0.31254685,0.41929042,0.28840142,0.39198178,0.21677224,0.31430078,-0.15681769,-0.12563884,0.012005548,0.08450363,0.09338818,0.16845733,0.13035597,0.19030568,0.9301457,1.247621,-0.0049215024,0.054498512,0.004030129,0.053188834,0.010399031,0.060556818,-0.2956509,-0.28913563,0.08593414,0.16007328
0.530007,0.27127984,-0.47311264,-1.3698667,-0.005156449,0.47230738,0.36066025,1.3217746,0.1855143,0.30184454,1.0897926,-0.403863,0.31070873,0.59242016,-0.5372106,0.579488,-0.65133166,-0.32365537,0.5988122,0.31197318,-0.66495895,-0.2494008,-0.6656494,-0.25595343,-0.6658082,-0.25632495,0.5789763,0.29120678,0.6023028,0.29228482,-0.6522975,-0.2758488,-0.63230735,-0.28916427,-0.6485578,-0.2050353,-0.59071505,-0.18887243,-0.60785794,-0.2341397,-0.6638135,-0.25374737,-0.5990299,-0.45014086,-0.32497722,0.025827605,-0.6594294,-0.25655904,-0.61566925,-0.32298514,-0.6166105,-0.3161042,-0.4326163,-0.35350215,-0.58649915,-0.06254176
-1.4998071,-0.96274084,-0.49051833,-1.3698667,-1.2942597,-1.4959712,-1.4678924,-0.9872555,-0.49673206,-1.5914769,-0.9796472,-0.50197417,-1.5491011,-1.5825514,-0.63202375,-1.4357332,-0.65133166,-0.6926659,0.5988122,0.6221307,-0.66495895,-0.70165354,-0.6656494,-0.7014189,-0.6658082,-0.70151633,0.5789763,0.60148305,0.6023028,0.62701964,-0.6522975,-0.6855592,-0.63230735,-0.66092443,-0.6485578,-0.6894041,-0.59071505,-0.64348227,-0.60785794,-0.6543646,-0.6638135,-0.6982733,-0.5990299,-0.62364054,-0.32497722,-0.3849645,-0.6594294,-0.6905828,-0.61566925,-0.6630875,-0.6166105,-0.6634093,-0.4326163,-0.4478409,-0.58649915,-0.59767747
-0.14659771,0.37790418,2.4387739,-0.03341135,0.8542457,0.05479375,0.49127117,0.6947924,3.0417414,0.6134818,0.67710626,3.077716,0.7009323,-0.22045058,1.9955611,-0.09225239,1.385976,1.7183427,-1.7874112,-2.215111,1.5099515,1.8669648,1.5440584,1.909936,1.5500935,1.9176186,-1.8092649,-2.2429113,-1.77868,-2.2053454,1.665782,2.0704067,1.6059675,1.9998347,1.5270907,1.9196546,1.0602674,1.3783078,1.1511368,1.4957281,1.6077914,1.9888505,1.6933258,2.0646427,1.1094489,1.4926287,1.5607389,1.9191462,1.0460635,1.3147413,1.0477905,1.3143753,1.8362485,2.2831712,1.75748,2.1261632
-0.82320243,-1.0032779,-0.4714192,-0.701639,-0.8645586,-0.8398783,-0.88014334,0.9986031,-0.4665603,-0.90955967,0.5127757,-0.47387776,-0.88337684,-0.83991605,-0.57320607,-1.4357332,1.421243,-0.3349827,0.2980692,0.5713347,1.1862134,-0.38388124,1.0329875,-0.409856,1.0177488,-0.4125381,0.38344774,0.56863654,0.18821885,0.5566755,0.6069062,-0.46944648,0.0661614,-0.5417714,0.6711375,-0.4609823,0.7485166,-0.40704292,0.34000874,-0.48842183,0.8505898,-0.43846205,0.599247,-0.42031428,-0.32497722,-0.3849645,0.9349356,-0.41806147,1.6119359,-0.27462468,1.638471,-0.27067944,-0.43255845,-0.4479457,-0.5140463,-0.5864307
1.2066118,1.056377,0.027019577,1.303044,0.8542457,1.3073347,1.0790203,0.64302945,0.07438149,1.1449997,0.65469533,0.051323347,1.1862639,1.0804623,0.5176052,1.2512283,0.15669882,0.5208342,-0.23439386,-0.36355653,0.14090942,0.47199476,0.11998333,0.42826048,0.12351344,0.43027785,-0.22757888,-0.33937818,-0.22055633,-0.36293763,0.43928495,0.73162484,0.24077861,0.42713642,0.2743716,0.5558558,0.5690082,0.9082671,0.46875432,0.7397674,0.09338818,0.37312996,-0.0064038453,0.19282964,0.03362931,0.063406266,0.022242233,0.30197993,0.19035394,0.58238643,0.17993377,0.5737517,-0.13277319,-0.10659457,0.07246943,0.14871748
-0.82320243,-0.99231756,-0.447859,-0.701639,-0.8645586,-0.8398783,-1.271976,-0.99576384,-0.44170815,-1.2709804,-0.9875208,-0.44368967,-1.2574782,-1.3747522,-0.26604268,-1.4357332,1.4544717,1.6066668,-0.22946364,-0.27493945,1.0719275,1.184239,1.0089401,1.1171184,1.000469,1.1080859,-0.035541948,-0.06405315,-0.17277744,-0.21254955,0.94214875,1.0506479,0.42333296,0.48403805,0.9974445,1.1147099,1.1899824,1.345867,1.2457786,1.4102789,0.8505898,0.94569594,1.1983854,1.31296,-0.32497722,-0.3849645,0.881519,0.9757804,1.8879714,2.0994027,1.8779724,2.0852928,-0.4134712,-0.42710838,-0.25661412,-0.2466279
-0.14659771,-0.17258132,1.3142325,-1.3698667,0.8542457,-0.18378547,-0.8148379,-0.29674312,1.0276067,-0.94637054,-0.37801653,0.87325627,-1.0158006,-1.3553504,0.4486363,-0.42812258,2.0340304,1.8131183,-1.0256932,-0.85972774,1.8554167,1.627846,1.7673545,1.5483828,1.7736217,1.5537162,-0.8560633,-0.7013236,-1.0354524,-0.865959,2.6592448,2.3474243,1.4869105,1.2834395,2.0387874,1.8159786,2.6945996,2.4834313,2.9916427,2.7554297,1.6077914,1.4000652,1.7519372,1.5542599,-0.32497722,-0.34928557,1.5038295,1.3023187,2.3627517,2.1596713,2.3421748,2.1355505,-0.14037913,-0.18644184,0.84236145,0.6655516
-0.14659771,-0.61961955,0.2409812,-0.03341135,2.143349,-0.18378547,0.49127117,-0.6176869,0.24144092,0.6802167,-0.60887533,0.27530023,0.670047,0.03550328,1.9375148,-0.09225239,1.2901082,1.2864059,-1.6937371,-1.6979767,1.5421079,1.5363755,1.5651988,1.561171,1.5662626,1.5624408,-1.6940429,-1.6992539,-1.7309009,-1.7347629,1.3714226,1.3724794,1.9155163,1.9211802,1.3960856,1.403442,0.7530147,0.7577678,1.3250842,1.3559133,1.6077914,1.6050266,1.1983854,1.1845095,-0.14567396,-0.18557297,1.6409962,1.632986,1.0943698,1.0977832,1.0827738,1.0840607,1.0849056,1.0950103,1.7746315,1.7544111
1.2066118,4.9404383,-0.40725473,1.303044,0.42454463,1.1284002,0.6218821,5.168505,-0.4127561,0.88678277,5.2365,-0.19179368,0.861707,1.3004599,-0.63370246,1.2512283,-0.65133166,-0.69511765,0.5988122,0.62317413,-0.66495895,-0.70376,-0.6656494,-0.70341796,-0.6658082,-0.70350933,0.5789763,0.6023432,0.6023028,0.6280673,-0.6522975,-0.6876826,-0.63230735,-0.66235024,-0.6485578,-0.69114465,-0.59071505,-0.6450731,-0.60785794,-0.65642154,-0.6638135,-0.7000882,-0.5990299,-0.62577856,-0.32497722,-0.3849645,-0.6594294,-0.6924485,-0.61566925,-0.6657266,-0.6166105,-0.6660638,-0.4326163,-0.4479557,-0.58649915,-0.5987238
-0.14659771,-0.7673526,-0.48776242,-0.03341135,-0.43485752,-0.18378547,-0.22708881,-0.78368366,-0.49430794,-0.3462089,-0.77511513,-0.49961537,-0.34872907,-0.122844785,-0.63370246,-0.09225239,-0.65133166,-0.69511765,0.5988122,0.62317413,-0.66495895,-0.70376,-0.6656494,-0.70341796,-0.6658082,-0.70350933,0.5789763,0.6023432,0.6023028,0.6280673,-0.6522975,-0.6876826,-0.63230735,-0.66235024,-0.6485578,-0.69114465,-0.59071505,-0.6450731,-0.60785794,-0.65642154,-0.6638135,-0.7000882,-0.5990299,-0.62577856,-0.32497722,-0.3849645,-0.6594294,-0.6924485,-0.61566925,-0.6657266,-0.6166105,-0.6660638,-0.4326163,-0.4479557,-0.58649915,-0.5987238
-0.82320243,-0.8539325,-0.48898366,-0.701639,-0.8645586,-0.8398783,-0.94544876,-0.8621676,-0.49538323,-0.7080666,-0.85271084,-0.50071096,-0.767481,-0.49933645,-0.63370246,-0.7639928,-0.65133166,-0.69511765,0.5988122,0.62317413,-0.66495895,-0.70376,-0.6656494,-0.70341796,-0.6658082,-0.70350933,0.5789763,0.6023432,0.6023028,0.6280673,-0.6522975,-0.6876826,-0.63230735,-0.66235024,-0.6485578,-0.69114465,-0.59071505,-0.6450731,-0.60785794,-0.65642154,-0.6638135,-0.7000882,-0.5990299,-0.62577856,-0.32497722,-0.3849645,-0.6594294,-0.6924485,-0.61566925,-0.6657266,-0.6166105,-0.6660638,-0.4326163,-0.4479557,-0.58649915,-0.5987238
1.2066118,0.38189986,-0.47155237,-0.701639,0.42454463,1.1284002,0.88310385,0.55352724,-0.3493,0.9455239,0.5160945,-0.41059077,0.8756406,1.3189266,-0.5725163,1.2512283,-0.65133166,-0.3118858,0.5988122,0.57832223,-0.66495895,-0.40934205,-0.6656494,-0.3881032,-0.6658082,-0.389933,0.5789763,0.6176211,0.6023028,0.5737711,-0.6522975,-0.46982875,-0.63230735,-0.42996776,-0.6485578,-0.30549765,-0.59071505,-0.16100088,-0.60785794,-0.0027756116,-0.6638135,-0.39027336,-0.5990299,-0.25735638,-0.32497722,0.31219637,-0.6594294,-0.3978413,-0.61566925,-0.03734505,-0.6166105,-0.049317356,-0.4326163,-0.44795206,-0.58649915,-0.59755915
1.2066118,1.8105283,1.5208733,1.303044,0.8542457,1.3669795,0.6218821,1.8912427,1.7072687,0.9710676,1.9636906,1.862868,0.8487175,1.0549533,0.11752808,1.2512283,0.5563291,0.6890665,0.45090583,0.45532656,0.2845274,0.37811074,0.20679139,0.2904701,0.1963359,0.27869657,0.523111,0.53895396,0.42445907,0.42612994,-0.08810883,-0.042783022,-0.28108868,-0.2630997,-0.23786089,-0.21972969,-0.43318906,-0.46095887,-0.4261297,-0.44415864,0.09338818,0.161895,0.18896736,0.26103953,-0.32497722,-0.3849645,0.21252887,0.29629165,0.74656516,0.9117799,0.7342855,0.8960093,-0.4326163,-0.4479557,-0.54305947,-0.5503755
-1.4998071,-0.9859106,-0.4340867,-1.3698667,-1.2942597,-1.4959712,-1.4678924,-0.9779898,-0.39487392,-1.7289792,-0.9821077,-0.41926244,-1.7120963,-1.7439564,-0.5255141,-2.1074736,0.36721593,0.03857285,0.22904621,0.3584678,0.18653688,-0.09564614,0.16186792,-0.11310048,0.15757953,-0.116068244,0.31361613,0.41249505,0.24130653,0.37027812,0.09586575,-0.14634566,-0.08067578,-0.27145958,0.2850878,-0.024992442,0.64771616,0.24543473,0.71716726,0.2855093,0.09338818,-0.16103117,-0.5990299,-0.62577856,-0.08590619,-0.18338275,0.07741898,-0.16866225,0.60164666,0.2155596,0.59300655,0.20930421,-0.42532843,-0.442456,-0.409214,-0.47269416
-0.82320243,0.47186118,-0.47028348,-0.701639,-0.8645586,-0.8398783,-0.94544876,0.51904535,-0.47645903,-0.8781151,0.5625276,-0.4084324,-0.9076792,-0.7574426,-0.63370246,-0.7639928,-0.65133166,-0.69511765,0.5988122,0.62317413,-0.66495895,-0.70376,-0.6656494,-0.70341796,-0.6658082,-0.70350933,0.5789763,0.6023432,0.6023028,0.6280673,-0.6522975,-0.6876826,-0.63230735,-0.66235024,-0.6485578,-0.69114465,-0.59071505,-0.6450731,-0.60785794,-0.65642154,-0.6638135,-0.7000882,-0.5990299,-0.62577856,-0.32497722,-0.3849645,-0.6594294,-0.6924485,-0.61566925,-0.6657266,-0.6166105,-0.6660638,-0.4326163,-0.4479557,-0.58649915,-0.5987238
-0.14659771,2.550056,-0.4409708,-0.03341135,-0.43485752,-0.18378547,-0.22708881,2.8798444,-0.1520044,-0.24298847,2.7299814,-0.3477049,-0.21401313,-0.04705939,-0.60111564,-0.09225239,-0.65133166,-0.61769843,0.5988122,0.6150869,-0.66495895,-0.64403296,-0.6656494,-0.64886314,-0.6658082,-0.64962536,0.5789763,0.5999656,0.6023028,0.61804247,-0.6522975,-0.6538412,-0.63230735,-0.640823,-0.6485578,-0.66641265,-0.59071505,-0.6335095,-0.60785794,-0.643364,-0.6638135,-0.65311253,-0.5990299,-0.58206993,-0.32497722,-0.3849645,-0.6594294,-0.6388505,-0.61566925,-0.57705545,-0.6166105,-0.5782129,-0.4326163,-0.4479557,-0.58649915,-0.5970342
-0.82320243,-0.42366898,-0.48291484,-0.701639,-0.8645586,-0.8398783,-0.4883106,-0.46176556,-0.39061683,-0.8858661,-0.45489457,-0.4203115,-0.7799638,-0.806877,-0.54160976,-0.7639928,-0.65133166,-0.5806348,0.5988122,0.53616035,-0.66495895,-0.59737104,-0.6656494,-0.5953842,-0.6658082,-0.5953027,0.5789763,0.5235098,0.6023028,0.53944355,-0.6522975,-0.5700403,-0.63230735,-0.543854,-0.6485578,-0.56037664,-0.59071505,-0.4670443,-0.60785794,-0.48764083,-0.6638135,-0.5934381,-0.5990299,-0.54695326,-0.32497722,-0.3187514,-0.6594294,-0.59234774,-0.61566925,-0.53496754,-0.6166105,-0.5371223,-0.4326163,-0.43757764,-0.58649915,-0.5216541
-0.82320243,-0.9403385,-0.4902024,-0.701639,-0.8645586,-0.8398783,-1.0760597,-0.90826887,-0.40246692,-0.9023571,-0.9007354,-0.3984747,-0.86805815,-0.9345796,-0.45029223,-0.7639928,-0.65133166,-0.38667938,0.5988122,0.50920236,-0.66495895,-0.4508376,-0.6656494,-0.45780015,-0.6658082,-0.45899042,0.5789763,0.5218717,0.6023028,0.52023804,-0.6522975,-0.4518169,-0.63230735,-0.5018085,-0.6485578,-0.42638236,-0.59071505,-0.3393094,-0.60785794,-0.32253897,-0.6638135,-0.4769822,-0.5990299,-0.42456427,-0.32497722,-0.33508116,-0.6594294,-0.47134286,-0.61566925,-0.28414616,-0.6166105,-0.28840354,-0.4326163,-0.44601712,-0.58649915,-0.5604646
-1.4998071,-0.66857255,0.24805792,-1.3698667,-0.8645586,-1.4959712,-1.0760597,-0.5400697,0.5195275,-1.1107404,-0.53395945,0.53959966,-0.9847748,-1.3449377,0.09681089,-1.4357332,-0.06644476,0.039764207,-0.50802076,-0.756375,0.005765159,0.13429591,0.028682929,0.1642572,0.036373302,0.17402093,-0.5872117,-0.8513248,-0.5045755,-0.75184053,0.3248119,0.5368333,0.30427572,0.5067746,0.2438305,0.43425038,0.2699827,0.46108574,0.22156711,0.40656778,0.09338818,0.24580403,0.37131387,0.5773036,0.9899134,1.4150604,-0.040230025,0.0780944,-0.2195585,-0.16285299,-0.22910248,-0.17478453,1.0160758,1.3653365,0.020534195,0.1460248
-1.4998071,-0.9208114,-0.48992693,-1.3698667,-1.2942597,-1.4959712,-1.4025869,-0.9330229,-0.49635404,-1.3457999,-0.925824,-0.49881548,-1.3674015,-1.2698109,-0.63370246,-1.4357332,-0.65133166,-0.69511765,0.5988122,0.62317413,-0.66495895,-0.70376,-0.6656494,-0.70341796,-0.6658082,-0.70350933,0.5789763,0.6023432,0.6023028,0.6280673,-0.6522975,-0.6876826,-0.63230735,-0.66235024,-0.6485578,-0.69114465,-0.59071505,-0.6450731,-0.60785794,-0.65642154,-0.6638135,-0.7000882,-0.5990299,-0.62577856,-0.32497722,-0.3849645,-0.6594294,-0.6924485,-0.61566925,-0.6657266,-0.6166105,-0.6660638,-0.4326163,-0.4479557,-0.58649915,-0.5987238
0.530007,0.5481559,-0.22510499,0.6348163,-0.005156449,0.47230738,0.6871875,0.47295177,-0.22095208,0.7465295,0.52085483,-0.19668631,0.7197706,0.80867654,0.19273673,0.579488,0.2524553,0.28536326,0.039232958,0.020969464,0.16372314,0.1902543,0.1358387,0.16137917,0.12980825,0.15499778,0.06920547,0.053688645,0.04753649,0.03091144,-0.11263875,-0.10374309,-0.027100055,-0.010052054,-0.041487265,-0.030119924,-0.10962886,-0.11122572,-0.075179346,-0.066975035,0.09338818,0.116624095,0.566685,0.62214905,-0.32497722,-0.3849645,0.1504942,0.17778899,0.26074296,0.2949519,0.27411973,0.30897376,-0.3211584,-0.3274993,0.117672354,0.14721465
-0.14659771,-0.15716644,-0.47915584,-0.03341135,-0.43485752,-0.18378547,-0.55361605,-0.10920957,-0.48506686,-0.44410253,-0.12812997,-0.49053833,-0.4469079,-0.31728446,-0.63370246,-0.09225239,-0.65133166,-0.69511765,0.5988122,0.62317413,-0.66495895,-0.70376,-0.6656494,-0.70341796,-0.6658082,-0.70350933,0.5789763,0.6023432,0.6023028,0.6280673,-0.6522975,-0.6876826,-0.63230735,-0.66235024,-0.6485578,-0.69114465,-0.59071505,-0.6450731,-0.60785794,-0.65642154,-0.6638135,-0.7000882,-0.5990299,-0.62577856,-0.32497722,-0.3849645,-0.6594294,-0.6924485,-0.61566925,-0.6657266,-0.6166105,-0.6660638,-0.4326163,-0.4479557,-0.58649915,-0.5987238
-1.4998071,-0.6188957,-0.48566848,-1.3698667,-1.2942597,-1.4959712,-1.5331979,-0.80998325,-0.48513702,-1.6279714,-0.8131356,-0.48767498,-1.6051034,-1.6613997,-0.5610653,-1.4357332,-0.65133166,-0.6064473,0.5988122,0.5971416,-0.66495895,-0.63329256,-0.6656494,-0.6348032,-0.6658082,-0.6353769,0.5789763,0.586335,0.6023028,0.60372466,-0.6522975,-0.6324945,-0.63230735,-0.6226545,-0.6485578,-0.6235304,-0.59071505,-0.57635957,-0.60785794,-0.5849282,-0.6638135,-0.6379617,-0.5990299,-0.5531236,-0.32497722,-0.3849645,-0.6594294,-0.62827975,-0.61566925,-0.5575483,-0.6166105,-0.5572734,-0.4326163,-0.4476823,-0.58649915,-0.59071547
-0.82320243,-0.61793435,-0.48565492,-0.701639,-0.8645586,-0.8398783,-0.684227,-0.5982232,-0.47728008,-0.57685155,-0.59394723,-0.4759057,-0.62708724,-0.33322087,-0.63370246,-0.7639928,-0.65133166,-0.6495543,0.5988122,0.5869931,-0.66495895,-0.66241914,-0.6656494,-0.66212505,-0.6658082,-0.6621368,0.5789763,0.5691587,0.6023028,0.5920432,-0.6522975,-0.6397199,-0.63230735,-0.6175488,-0.6485578,-0.6421288,-0.59071505,-0.57463354,-0.60785794,-0.59059954,-0.6638135,-0.66002125,-0.5990299,-0.5895242,-0.32497722,-0.37110138,-0.6594294,-0.65500164,-0.61566925,-0.61332715,-0.6166105,-0.61447215,-0.4326163,-0.44284052,-0.58649915,-0.5727167
-0.82320243,-0.95628536,-0.37040478,-1.3698667,-0.8645586,-0.8398783,-1.6638087,-0.87606007,-0.18203908,-1.6911631,-0.8687915,-0.17683254,-1.6924273,-1.8947215,-0.6257966,-1.0998629,0.6020275,0.6127816,-1.3017851,-1.2487533,0.816848,0.8117633,0.7870973,0.7774801,0.7958254,0.78513515,-1.4601068,-1.4039907,-1.385831,-1.3354961,1.1015934,1.0427272,1.228953,1.1970494,0.82036006,0.7971292,0.38536307,0.41596386,0.3606234,0.33253568,0.8505898,0.8343733,1.4002689,1.3377223,2.4841073,2.916036,0.64597774,0.6245064,0.34907427,0.36540934,0.3615782,0.382311,1.0272102,0.95152843,1.2523935,1.2135127
-1.4998071,-0.9447252,-0.34555534,-1.3698667,-0.8645586,-1.4959712,-1.3372815,-0.96167696,-0.36102042,-1.1855794,-0.95445585,-0.36171722,-1.2013019,-1.4528251,0.16512315,-1.4357332,-0.18658161,-0.24676667,-0.33053306,-0.26620132,-0.023132248,-0.088016465,0.030400606,-0.03556135,0.03390473,-0.03210269,-0.34629261,-0.283216,-0.29222474,-0.22817546,0.042717546,-0.018925386,0.13958001,0.07746203,0.12461326,0.05750691,0.31161073,0.24532288,-0.006529679,-0.06470141,0.09338818,0.026176056,-0.3189978,-0.35919678,-0.26520947,-0.32214293,0.11255435,0.04516263,-0.3575762,-0.41414922,-0.35288978,-0.40935245,0.75981534,0.69802743,0.35090008,0.2843048
-1.4998071,-0.8830516,-0.48939434,-1.3698667,-1.2942597,-1.4959712,-1.271976,-0.9098664,-0.49472108,-1.3895084,-0.9072859,-0.49969947,-1.3815194,-1.356324,-0.6284595,-1.4357332,-0.65133166,-0.68757504,0.5988122,0.6183112,-0.66495895,-0.69669825,-0.6656494,-0.69669336,-0.6658082,-0.6968135,0.5789763,0.597847,0.6023028,0.6233339,-0.6522975,-0.6815755,-0.63230735,-0.6577738,-0.6485578,-0.68520445,-0.59071505,-0.6396445,-0.60785794,-0.65037185,-0.6638135,-0.6938243,-0.5990299,-0.616849,-0.32497722,-0.3849645,-0.6594294,-0.6861259,-0.61566925,-0.6583469,-0.6166105,-0.6585969,-0.4326163,-0.44659367,-0.58649915,-0.5929936
1.2066118,-0.22914599,-0.48017105,0.6348163,0.42454463,1.1284002,0.9484093,-0.122193165,-0.4724385,0.9432497,-0.13449925,-0.47274536,0.9087888,1.3905582,-0.63370246,1.2512283,-0.65133166,-0.6746092,0.5988122,0.6160389,-0.66495895,-0.6870347,-0.6656494,-0.6865659,-0.6658082,-0.6867174,0.5789763,0.59758246,0.6023028,0.62149626,-0.6522975,-0.672508,-0.63230735,-0.65330505,-0.6485578,-0.67035276,-0.59071505,-0.6175248,-0.60785794,-0.62372166,-0.6638135,-0.6841705,-0.5990299,-0.62577856,-0.32497722,-0.36981887,-0.6594294,-0.6772484,-0.61566925,-0.6390713,-0.6166105,-0.639568,-0.4326163,-0.44788018,-0.58649915,-0.59621525
-1.4998071,-0.83421683,-0.10800824,-1.3698667,-0.8645586,-1.4959712,-1.4678924,-0.85895747,-0.1463278,-1.4852111,-0.8423043,-0.12013783,-1.4634885,-1.735097,-0.14198221,-1.7716033,0.18604837,0.09333387,-0.00267383,0.06136685,0.15285946,0.062000073,0.1316106,0.043196633,0.13240021,0.044033017,0.030798104,0.09027814,-0.00024245924,0.06514731,0.28801692,0.19539955,0.09592571,0.018876573,0.2599048,0.16740398,0.5766686,0.47923988,0.54088444,0.44684675,0.09338818,0.008752112,-0.01942859,-0.087253705,-0.20544171,-0.26233566,0.051486794,-0.029482188,0.28144562,0.18776073,0.28488386,0.1904168,-0.27118456,-0.29653424,-0.03685108,-0.093378045
-0.14659771,-0.84816474,-0.48890227,-0.701639,-0.43485752,-0.18378547,-0.35769972,-0.85027015,-0.49409202,-0.2303783,-0.84457076,-0.498716,-0.25227046,0.023380296,-0.6214104,-0.09225239,-0.65133166,-0.6719168,0.5988122,0.6125835,-0.66495895,-0.68351394,-0.6656494,-0.68406117,-0.6658082,-0.684175,0.5789763,0.5935377,0.6023028,0.6174049,-0.6522975,-0.66512746,-0.63230735,-0.6477802,-0.6485578,-0.67317,-0.59071505,-0.6276731,-0.60785794,-0.6336663,-0.6638135,-0.6823686,-0.5990299,-0.6047535,-0.32497722,-0.3849645,-0.6594294,-0.6744695,-0.61566925,-0.6402225,-0.6166105,-0.6407548,-0.4326163,-0.4466822,-0.58649915,-0.5884416
-0.82320243,-1.0084282,-0.48249003,-0.701639,-0.8645586,-0.8398783,-0.94544876,-1.0225724,-0.4879648,-0.88301235,-1.0168608,-0.49362063,-0.9172114,-1.3527755,0.55543196,-1.0998629,0.8591053,1.0245236,-1.0133677,-1.1976088,0.8524809,1.0142679,0.8514436,1.0144572,0.8642044,1.029087,-0.9992182,-1.1802276,-1.0168717,-1.2010161,1.6616936,1.939998,1.1218017,1.321737,1.1780118,1.3961174,1.6180177,1.9270966,1.5199754,1.8146137,0.8505898,1.014111,1.1983854,1.3935533,0.39223585,0.50470084,0.6857144,0.82433856,0.89148366,1.0680343,0.86614597,1.037299,0.35082793,0.4406098,0.72470564,0.8589397
-1.4998071,-0.8815328,-0.2658705,-1.3698667,-0.43485752,-1.4959712,-1.0107542,-0.879387,-0.25196144,-1.0917237,-0.87855995,-0.25571474,-1.0059304,-1.3247472,0.13544086,-1.4357332,-0.004185033,0.033605643,-0.1653709,-0.23045014,0.07073001,0.12007007,0.077966645,0.12940514,0.07821536,0.12981427,-0.17869677,-0.24409008,-0.17543179,-0.24088493,0.022275899,0.06996062,0.2169672,0.28776646,0.032990072,0.07915867,-0.14280513,-0.1291657,0.036456157,0.08363286,0.09338818,0.14763862,0.00010852704,0.03997128,-0.26520947,-0.31163645,0.10737913,0.16275108,-0.04565625,-0.017179878,-0.050149105,-0.022439713,0.07322438,0.11948401,0.20054437,0.2666628
1.2066118,0.9355116,-0.46374375,1.303044,0.42454463,1.1284002,1.0137148,1.1791093,-0.40775657,1.1918722,1.2518272,-0.3630387,1.2236882,1.6697379,-0.5693723,1.2512283,-0.65133166,-0.51625025,0.5988122,0.5206598,-0.66495895,-0.5470672,-0.6656494,-0.5530451,-0.6658082,-0.5536147,0.5789763,0.51418525,0.6023028,0.5268018,-0.6522975,-0.53699046,-0.63230735,-0.5280372,-0.6485578,-0.5246455,-0.59071505,-0.38969472,-0.60785794,-0.43799958,-0.6638135,-0.56225,-0.5990299,-0.5726472,-0.32497722,-0.3374915,-0.6594294,-0.5616195,-0.61566925,-0.46211708,-0.6166105,-0.4643547,-0.4326163,-0.44033837,-0.58649915,-0.53612995
0.530007,-0.6094419,-0.48553512,0.6348163,-0.005156449,0.47230738,0.034133,-0.55586004,-0.49014795,0.28836644,-0.5686247,-0.4946344,0.13412179,0.6260541,-0.62922835,0.579488,-0.65133166,-0.68916404,0.5988122,0.6193357,-0.66495895,-0.6981859,-0.6656494,-0.69811004,-0.6658082,-0.6982241,0.5789763,0.5987942,0.6023028,0.62433106,-0.6522975,-0.682862,-0.63230735,-0.65873796,-0.6485578,-0.68645585,-0.59071505,-0.64078814,-0.60785794,-0.65164626,-0.6638135,-0.6951439,-0.5990299,-0.6187301,-0.32497722,-0.3849645,-0.6594294,-0.6874578,-0.61566925,-0.6599015,-0.6166105,-0.6601699,-0.4326163,-0.4468806,-0.58649915,-0.5942008
-0.14659771,-0.6491695,-0.48609546,-0.03341135,-0.43485752,-0.18378547,0.034133,-0.5909757,-0.48766047,-0.017155278,-0.6036937,-0.4941812,-0.05945857,0.252077,-0.600129,-0.09225239,-0.65133166,-0.64244264,0.5988122,0.61209095,-0.66495895,-0.65986913,-0.6656494,-0.66266334,-0.6658082,-0.6631099,0.5789763,0.59466034,0.6023028,0.6161305,-0.6522975,-0.6570109,-0.63230735,-0.649233,-0.6485578,-0.67071164,-0.59071505,-0.6348291,-0.60785794,-0.6446755,-0.6638135,-0.66378975,-0.5990299,-0.58797646,-0.32497722,-0.3849645,-0.6594294,-0.6514095,-0.61566925,-0.60864043,-0.6166105,-0.6091782,-0.4326163,-0.4478696,-0.58649915,-0.5876225
0.530007,-0.6856416,-0.4866099,0.6348163,-0.005156449,0.47230738,0.49127117,-0.67758644,-0.4928543,0.3258676,-0.67704123,-0.4982447,0.33007056,0.65099084,-0.63370246,0.579488,-0.65133166,-0.69511765,0.5988122,0.62317413,-0.66495895,-0.70376,-0.6656494,-0.70341796,-0.6658082,-0.70350933,0.5789763,0.6023432,0.6023028,0.6280673,-0.6522975,-0.6876826,-0.63230735,-0.66235024,-0.6485578,-0.69114465,-0.59071505,-0.6450731,-0.60785794,-0.65642154,-0.6638135,-0.7000882,-0.5990299,-0.62577856,-0.32497722,-0.3849645,-0.6594294,-0.6924485,-0.61566925,-0.6657266,-0.6166105,-0.6660638,-0.4326163,-0.4479557,-0.58649915,-0.5987238
1.2066118,0.30815327,-0.47259253,1.303044,0.42454463,1.1284002,1.0137148,0.53132486,-0.44340333,1.0509125,0.48131576,-0.4580846,1.0310838,1.5077463,-0.6188019,1.2512283,-0.65133166,-0.6647867,0.5988122,0.5914004,-0.66495895,-0.6728489,-0.6656494,-0.67115784,-0.6658082,-0.6711111,0.5789763,0.5711475,0.6023028,0.59490836,-0.6522975,-0.65333444,-0.63230735,-0.6226026,-0.6485578,-0.6491217,-0.59071505,-0.5900223,-0.60785794,-0.61122876,-0.6638135,-0.6663578,-0.5990299,-0.586044,-0.32497722,-0.2945168,-0.6594294,-0.6635733,-0.61566925,-0.6350478,-0.6166105,-0.6358314,-0.4326163,-0.43064302,-0.58649915,-0.5685756
-0.14659771,-0.4921335,-0.48388046,-0.03341135,-0.43485752,-0.18378547,-0.42300516,-0.34183756,-0.48770052,-0.41310394,-0.3657096,-0.4935225,-0.41017514,-0.2632354,-0.5631022,-0.09225239,-0.65133166,-0.43035528,0.5988122,0.31176114,-0.66495895,-0.42877716,-0.6656494,-0.414443,-0.6658082,-0.41303426,0.5789763,0.29327264,0.6023028,0.3076237,-0.6522975,-0.3701532,-0.63230735,-0.2993633,-0.6485578,-0.30966935,-0.59071505,-0.14710896,-0.60785794,-0.25123185,-0.6638135,-0.39476633,-0.5990299,-0.26610845,-0.32497722,0.5393933,-0.6594294,-0.4336626,-0.61566925,-0.3987733,-0.6166105,-0.4039685,-0.4326163,-0.26875177,-0.58649915,-0.3278586
-1.4998071,-0.9307617,-0.4900673,-1.3698667,-1.2942597,-1.4959712,-1.5331979,-0.95709,-0.4966838,-1.5346591,-0.9488199,-0.5020603,-1.4957976,-1.5244794,-0.63370246,-1.4357332,-0.65133166,-0.69511765,0.5988122,0.62317413,-0.66495895,-0.70376,-0.6656494,-0.70341796,-0.6658082,-0.70350933,0.5789763,0.6023432,0.6023028,0.6280673,-0.6522975,-0.6876826,-0.63230735,-0.66235024,-0.6485578,-0.69114465,-0.59071505,-0.6450731,-0.60785794,-0.65642154,-0.6638135,-0.7000882,-0.5990299,-0.62577856,-0.32497722,-0.3849645,-0.6594294,-0.6924485,-0.61566925,-0.6657266,-0.6166105,-0.6660638,-0.4326163,-0.4479557,-0.58649915,-0.5987238
-0.14659771,-0.47723663,-0.48367035,-0.03341135,-0.43485752,-0.18378547,-0.16178335,-0.4524757,-0.47478157,-0.010094011,-0.44346085,-0.4709505,0.015379857,0.33912456,-0.63370246,-0.09225239,-0.65133166,-0.66426015,0.5988122,0.6011613,-0.66495895,-0.6750834,-0.6656494,-0.6744852,-0.6658082,-0.67456716,0.5789763,0.5822976,0.6023028,0.6052556,-0.6522975,-0.6580701,-0.63230735,-0.63088447,-0.6485578,-0.65616864,-0.59071505,-0.6010866,-0.60785794,-0.61063856,-0.6638135,-0.67161417,-0.5990299,-0.61459774,-0.32497722,-0.36772352,-0.6594294,-0.6658458,-0.61566925,-0.6312311,-0.6166105,-0.63155633,-0.4326163,-0.4449395,-0.58649915,-0.57744735
0.530007,-0.29942003,1.0415821,0.6348163,1.7136478,0.47230738,0.09943845,-0.28250325,1.0573404,0.07735133,-0.27968347,1.0836508,0.09334663,-0.81135243,1.543072,0.2436178,2.6981883,2.7963536,-1.807132,-1.8666562,2.6063147,2.6875114,2.5233905,2.6031604,2.5270255,2.6072032,-1.6137364,-1.6675087,-1.8078784,-1.8667221,3.1089602,3.2241116,2.2806249,2.3556938,2.9852924,3.1113892,4.0788198,4.333867,3.9871113,4.2290072,2.364993,2.4394648,1.7193753,1.7609369,0.15316483,0.16195801,2.1842353,2.2436593,2.9727902,3.1129937,2.9893668,3.1258965,0.21311064,0.22625643,1.6120932,1.6398697
-0.14659771,0.73036844,-0.46663728,-0.03341135,-0.43485752,-0.18378547,-0.4883106,0.4001731,-0.47808772,-0.4061363,0.3626497,-0.48209557,-0.39376733,-0.19047256,-0.63370246,-0.09225239,-0.65133166,-0.69511765,0.5988122,0.62317413,-0.66495895,-0.70376,-0.6656494,-0.70341796,-0.6658082,-0.70350933,0.5789763,0.6023432,0.6023028,0.6280673,-0.6522975,-0.6876826,-0.63230735,-0.66235024,-0.6485578,-0.69114465,-0.59071505,-0.6450731,-0.60785794,-0.65642154,-0.6638135,-0.7000882,-0.5990299,-0.62577856,-0.32497722,-0.3849645,-0.6594294,-0.6924485,-0.61566925,-0.6657266,-0.6166105,-0.6660638,-0.4326163,-0.4479557,-0.58649915,-0.5987238
-0.82320243,-0.7053752,-0.48688823,-0.701639,-0.8645586,-0.8398783,-1.0760597,-0.7399767,-0.49370912,-1.0608195,-0.74152356,-0.49802408,-1.0714566,-0.99736726,-0.63370246,-0.7639928,-0.65133166,-0.69511765,0.5988122,0.62317413,-0.66495895,-0.70376,-0.6656494,-0.70341796,-0.6658082,-0.70350933,0.5789763,0.6023432,0.6023028,0.6280673,-0.6522975,-0.6876826,-0.63230735,-0.66235024,-0.6485578,-0.69114465,-0.59071505,-0.6450731,-0.60785794,-0.65642154,-0.6638135,-0.7000882,-0.5990299,-0.62577856,-0.32497722,-0.3849645,-0.6594294,-0.6924485,-0.61566925,-0.6657266,-0.6166105,-0.6660638,-0.4326163,-0.4479557,-0.58649915,-0.5987238
0.530007,1.4721947,-0.4561739,-0.03341135,-0.005156449,0.47230738,0.23004936,1.6902198,-0.46041262,0.34431008,1.677009,-0.3558622,0.3595052,0.7109739,-0.63370246,0.579488,-0.65133166,-0.69511765,0.5988122,0.62317413,-0.66495895,-0.70376,-0.6656494,-0.70341796,-0.6658082,-0.70350933,0.5789763,0.6023432,0.6023028,0.6280673,-0.6522975,-0.6876826,-0.63230735,-0.66235024,-0.6485578,-0.69114465,-0.59071505,-0.6450731,-0.60785794,-0.65642154,-0.6638135,-0.7000882,-0.5990299,-0.62577856,-0.32497722,-0.3849645,-0.6594294,-0.6924485,-0.61566925,-0.6657266,-0.6166105,-0.6660638,-0.4326163,-0.4479557,-0.58649915,-0.5987238
-0.14659771,-0.6800367,-0.48653087,-0.03341135,-0.43485752,-0.18378547,-0.22708881,-0.6730267,-0.4722529,-0.314883,-0.6731101,-0.48156604,-0.23517953,-0.12305951,-0.6009276,-0.09225239,-0.65133166,-0.6498126,0.5988122,0.5910991,-0.66495895,-0.658374,-0.6656494,-0.6569771,-0.6658082,-0.65693444,0.5789763,0.5721254,0.6023028,0.59302604,-0.6522975,-0.63752323,-0.63230735,-0.6138511,-0.6485578,-0.6314049,-0.59071505,-0.5679663,-0.60785794,-0.5865213,-0.6638135,-0.6528415,-0.5990299,-0.57012177,-0.32497722,-0.32366216,-0.6594294,-0.6504087,-0.61566925,-0.61295205,-0.6166105,-0.6140034,-0.4326163,-0.43941787,-0.58649915,-0.5664062
-1.4998071,-0.66759485,0.2501595,-1.3698667,-0.8645586,-1.4959712,-1.0760597,-0.48284325,0.6390194,-1.0262414,-0.49359298,0.62596804,-0.96225506,-1.2926092,0.2537967,-1.4357332,-0.06644476,-0.028932981,-0.50802076,-0.6274138,0.005765159,0.055953935,0.028682929,0.083146356,0.036373302,0.091988936,-0.5872117,-0.715435,-0.5045755,-0.62284595,0.3248119,0.42236492,0.30427572,0.39748415,0.2438305,0.3290477,0.2699827,0.35768127,0.22156711,0.30719885,0.09338818,0.1573814,0.37131387,0.46483865,0.9899134,1.246793,-0.040230025,0.0060635987,-0.2195585,-0.20986193,-0.22910248,-0.22070962,1.0160758,1.1958289,0.020534195,0.076405205
1.2066118,-0.02598273,-0.47730547,1.303044,0.42454463,1.1284002,1.470853,0.026568562,-0.44099382,1.3502364,0.026912216,-0.43626073,1.3745517,1.952264,-0.63370246,1.2512283,-0.65133166,-0.5692343,0.5988122,0.5227527,-0.66495895,-0.5895721,-0.6656494,-0.58930665,-0.6658082,-0.5891785,0.5789763,0.5101975,0.6023028,0.5281426,-0.6522975,-0.5552158,-0.63230735,-0.53835976,-0.6485578,-0.5556373,-0.59071505,-0.450308,-0.60785794,-0.47403482,-0.6638135,-0.5893088,-0.5990299,-0.5237361,-0.32497722,-0.34663498,-0.6594294,-0.5889376,-0.61566925,-0.5208375,-0.6166105,-0.52340853,-0.4326163,-0.43376616,-0.58649915,-0.526958
-0.14659771,-0.76735127,-0.48776242,-0.03341135,-0.43485752,-0.18378547,-0.42300516,-0.75531363,-0.49391922,-0.28837508,-0.7623037,-0.4994417,-0.27198833,-0.1011475,-0.63370246,-0.09225239,-0.65133166,-0.69511765,0.5988122,0.62317413,-0.66495895,-0.70376,-0.6656494,-0.70341796,-0.6658082,-0.70350933,0.5789763,0.6023432,0.6023028,0.6280673,-0.6522975,-0.6876826,-0.63230735,-0.66235024,-0.6485578,-0.69114465,-0.59071505,-0.6450731,-0.60785794,-0.65642154,-0.6638135,-0.7000882,-0.5990299,-0.62577856,-0.32497722,-0.3849645,-0.6594294,-0.6924485,-0.61566925,-0.6657266,-0.6166105,-0.6660638,-0.4326163,-0.4479557,-0.58649915,-0.5987238
0.530007,2.050713,3.4907098,0.6348163,0.8542457,0.9494658,0.75249296,2.1443322,3.3832955,0.7700438,2.0788288,3.4743311,0.8421658,0.12187263,1.5875117,0.579488,1.9654588,1.9485368,-0.92462385,-1.0531093,1.7680725,1.7875328,1.7117286,1.7463744,1.6996881,1.7357823,-0.79670644,-0.9322171,-0.9398945,-1.0614734,1.2201546,1.2808363,1.1138644,1.2127186,1.0049459,1.082385,0.24007043,0.27768114,0.2178924,0.2517212,1.6077914,1.6605886,1.8170611,1.8697591,-0.20544171,-0.2367259,1.8257864,1.8687135,1.9072936,1.8555118,1.9210289,1.8717021,0.6283158,0.7499252,1.3346243,1.5220553
0.530007,-0.32889476,0.22891618,0.6348163,0.8542457,0.47230738,0.49127117,-0.2796338,0.29297712,0.53098243,-0.3634535,0.08484031,0.39340714,0.31154737,0.6692873,-0.09225239,0.7282513,0.7120789,-1.0133677,-1.1116838,0.78121513,0.7825919,0.80757713,0.82108736,0.81693166,0.83154196,-1.0271509,-1.1384903,-1.0089085,-1.1048172,1.248773,1.2688024,0.94321585,0.99752384,1.2211444,1.2904012,1.5485861,1.6491623,1.5333548,1.6153173,0.8505898,0.8829073,1.1332617,1.1835048,2.2450361,2.8555784,0.67401004,0.68516505,0.6996392,0.66255003,0.680465,0.64061755,1.0903138,1.2844219,0.5477411,0.5794017
1.2066118,4.3082614,-0.41617152,1.303044,0.42454463,1.1284002,0.4259657,2.47641,-0.4359799,0.36708778,2.6337557,-0.43991446,0.40190765,0.5863481,-0.3854021,1.2512283,-0.65133166,0.7830138,0.5988122,0.41040537,-0.66495895,0.6091447,-0.6656494,0.5014724,-0.6658082,0.4907477,0.5789763,0.46399805,0.6023028,0.3350482,-0.6522975,0.20804194,-0.63230735,-0.16744865,-0.6485578,0.25352955,-0.59071505,0.3318937,-0.60785794,0.033113327,-0.6638135,0.37372544,-0.5990299,0.2175253,-0.32497722,-0.3849645,-0.6594294,0.43374068,-0.61566925,0.9395051,-0.6166105,0.9567445,-0.4326163,-0.44791463,-0.58649915,-0.5482682
-0.14659771,0.97087175,-0.463245,-1.3698667,-0.43485752,-0.18378547,-0.29239425,0.7447335,-0.45551696,-0.48707843,0.7220375,-0.46478695,-0.3817649,-0.38397592,-0.59163547,-0.09225239,-0.65133166,-0.45079473,0.5988122,0.5825461,-0.66495895,-0.48358244,-0.6656494,-0.50062734,-0.6658082,-0.5023975,0.5789763,0.57351905,0.6023028,0.5738852,-0.6522975,-0.53379035,-0.63230735,-0.5753283,-0.6485578,-0.5287459,-0.59071505,-0.46527714,-0.60785794,-0.5339633,-0.6638135,-0.5181629,-0.5990299,-0.4939812,-0.32497722,-0.38130498,-0.6594294,-0.50288475,-0.61566925,-0.4018145,-0.6166105,-0.39921534,-0.4326163,-0.44659686,-0.58649915,-0.57865
-0.82320243,-0.91895276,-0.48990074,-0.701639,-0.8645586,-0.8398783,-1.2066705,-0.9274331,-0.49627748,-1.0482136,-0.92676,-0.5017506,-1.1218317,-1.0171638,-0.63370246,-0.7639928,-0.65133166,-0.69511765,0.5988122,0.62317413,-0.66495895,-0.70376,-0.6656494,-0.70341796,-0.6658082,-0.70350933,0.5789763,0.6023432,0.6023028,0.6280673,-0.6522975,-0.6876826,-0.63230735,-0.66235024,-0.6485578,-0.69114465,-0.59071505,-0.6450731,-0.60785794,-0.65642154,-0.6638135,-0.7000882,-0.5990299,-0.62577856,-0.32497722,-0.3849645,-0.6594294,-0.6924485,-0.61566925,-0.6657266,-0.6166105,-0.6660638,-0.4326163,-0.4479557,-0.58649915,-0.5987238
-0.14659771,0.032274332,-0.4764838,-0.701639,-0.43485752,-0.18378547,-0.6189215,-0.20785454,-0.48641843,-0.17187385,-0.13009775,-0.451657,-0.30906704,0.13013539,-0.63370246,-0.09225239,-0.65133166,-0.69511765,0.5988122,0.62317413,-0.66495895,-0.70376,-0.6656494,-0.70341796,-0.6658082,-0.70350933,0.5789763,0.6023432,0.6023028,0.6280673,-0.6522975,-0.6876826,-0.63230735,-0.66235024,-0.6485578,-0.69114465,-0.59071505,-0.6450731,-0.60785794,-0.65642154,-0.6638135,-0.7000882,-0.5990299,-0.62577856,-0.32497722,-0.3849645,-0.6594294,-0.6924485,-0.61566925,-0.6657266,-0.6166105,-0.6660638,-0.4326163,-0.4479557,-0.58649915,-0.5987238
0.530007,-0.06188435,-0.47781187,0.6348163,-0.005156449,0.47230738,0.36066025,0.06412301,-0.48269203,0.074765466,0.058203533,-0.48136157,0.21984239,0.28728265,-0.63370246,0.579488,-0.65133166,-0.69511765,0.5988122,0.62317413,-0.66495895,-0.70376,-0.6656494,-0.70341796,-0.6658082,-0.70350933,0.5789763,0.6023432,0.6023028,0.6280673,-0.6522975,-0.6876826,-0.63230735,-0.66235024,-0.6485578,-0.69114465,-0.59071505,-0.6450731,-0.60785794,-0.65642154,-0.6638135,-0.7000882,-0.5990299,-0.62577856,-0.32497722,-0.3849645,-0.6594294,-0.6924485,-0.61566925,-0.6657266,-0.6166105,-0.6660638,-0.4326163,-0.4479557,-0.58649915,-0.5987238
1.2066118,1.2834169,1.7363846,1.303044,0.8542457,1.3669795,0.6871875,1.7424158,2.0140479,0.7682677,1.6741819,1.922196,0.71644706,0.72147304,0.13830979,1.2512283,0.74934673,0.6188303,-0.55485773,-0.469027,0.7714379,0.63198996,0.816694,0.6685424,0.81964713,0.67088085,-0.5069053,-0.43142945,-0.5576632,-0.47794613,0.8522055,0.69769126,0.5820758,0.54174566,0.8731372,0.7286637,1.0872576,0.92771345,0.7446232,0.63241136,0.8505898,0.6956294,0.12384364,0.03628031,2.4243395,2.4309127,0.81209505,0.655818,0.7065401,0.5941791,0.7127573,0.59441966,0.29614013,0.17044707,0.97780997,0.81708455
0.530007,0.31185037,1.508094,0.6348163,0.42454463,0.7108866,0.49127117,0.13776699,1.1525159,0.38285765,0.2042466,1.3133295,0.45639327,0.1967825,0.66014653,0.579488,1.1298844,1.2384747,-0.19741726,-0.19919889,0.9076686,0.97336113,0.9152614,0.9875188,0.9127117,0.9860479,-0.03554188,-0.016219368,-0.15685113,-0.1512747,0.9135304,1.060007,0.29237,0.30353227,0.84607875,1.0245419,0.8425159,1.1439134,1.0898223,1.4745305,0.8505898,0.91893953,0.72298205,0.74658996,0.21293257,0.39131203,0.9352767,0.9761795,1.4118103,1.6329275,1.4070425,1.619367,-0.38455114,-0.40615883,0.43168834,0.30738732
1.8832164,1.7169843,-0.45272115,1.9712716,0.8542457,1.7844931,1.4055475,1.3396662,-0.44324595,1.61149,1.5910958,-0.4412214,1.618123,2.148337,-0.54376376,1.9229687,-0.65133166,-0.1906967,0.5988122,0.536017,-0.66495895,-0.25361598,-0.6656494,-0.28824186,-0.6658082,-0.2917728,0.5789763,0.54007983,0.6023028,0.5136631,-0.6522975,-0.37353525,-0.63230735,-0.4777541,-0.6485578,-0.35675222,-0.59071505,-0.293097,-0.60785794,-0.40463525,-0.6638135,-0.32743466,-0.5990299,-0.32608995,-0.32497722,-0.33695334,-0.6594294,-0.30506924,-0.61566925,-0.119131766,-0.6166105,-0.113899134,-0.4326163,-0.43875226,-0.58649915,-0.56605196
-0.82320243,-1.0116953,-0.49120888,-0.701639,-0.8645586,-0.8398783,-0.8148379,-0.96731126,-0.3742517,-0.76849806,-0.93327916,-0.3148961,-0.68973815,-0.7014497,-0.5013096,-0.7639928,-0.65133166,-0.32522473,0.5988122,0.4111848,-0.66495895,-0.3797541,-0.6656494,-0.3924792,-0.6658082,-0.39355725,0.5789763,0.42005652,0.6023028,0.4186778,-0.6522975,-0.3759605,-0.63230735,-0.38466966,-0.6485578,-0.34691405,-0.59071505,-0.1168915,-0.60785794,-0.20498906,-0.6638135,-0.4150762,-0.5990299,-0.5148568,-0.32497722,-0.2865696,-0.6594294,-0.42192462,-0.61566925,-0.2445623,-0.6166105,-0.24883805,-0.4326163,-0.43222797,-0.58649915,-0.46948597
0.530007,0.89805627,-0.24261676,0.6348163,0.8542457,0.47230738,0.2953548,0.8478962,-0.25290468,0.7388404,0.9589897,-0.09271598,0.5663751,0.81233615,0.22945063,0.579488,-0.004185033,-0.035812795,-0.1653709,-0.14257725,0.07073001,0.03817234,0.077966645,0.046464253,0.07821536,0.046815917,-0.17869677,-0.1560201,-0.17543179,-0.15125993,0.022275899,-0.0038947102,0.2169672,0.19185573,0.032990072,0.0057651857,-0.14280513,-0.16767618,0.036456157,0.018051937,0.09338818,0.06256321,0.00010852704,-0.031779006,-0.26520947,-0.31029394,0.10737913,0.076050326,-0.04565625,-0.0754413,-0.050149105,-0.080274224,0.07322438,0.054898653,0.20054437,0.17479558
-0.14659771,-0.9773074,-0.4155934,-0.03341135,-0.43485752,-0.18378547,0.09943845,-0.9855974,-0.41075894,0.14387695,-0.9740756,-0.40207702,0.20146132,-0.5025174,1.434003,-0.42812258,1.0169495,0.9805499,-2.174433,-2.135313,1.4013146,1.3594124,1.4799763,1.4390733,1.4855406,1.444785,-2.2387292,-2.200508,-2.1688743,-2.1292067,1.3591578,1.3256254,2.0286205,1.989087,1.459579,1.4319263,0.54388607,0.5200492,0.369099,0.34313685,1.6077914,1.5670867,2.1166303,2.0648377,0.03362931,0.005926691,1.6062863,1.5601938,0.39876065,0.36508214,0.44500005,0.41099423,2.6189117,2.5977437,2.5108616,2.4378328
0.530007,3.244128,-0.43118098,0.6348163,-0.005156449,0.47230738,-0.0964779,1.5741372,-0.44596443,0.0043298756,2.1237116,-0.44821417,-0.018968979,0.19342016,-0.34217882,0.579488,-0.65133166,1.0403221,0.5988122,0.37336728,-0.66495895,0.8376909,-0.6656494,0.7112157,-0.6658082,0.69864005,0.5789763,0.4399154,0.6023028,0.28404045,-0.6522975,0.36396682,-0.63230735,-0.081297904,-0.6485578,0.4179753,-0.59071505,0.50196075,-0.60785794,0.15314525,-0.6638135,0.56065136,-0.5990299,0.36432478,-0.32497722,-0.3849645,-0.6594294,0.6297839,-0.61566925,1.2189384,-0.6166105,1.2392375,-0.4326163,-0.44790748,-0.58649915,-0.53948504
-0.14659771,-0.85104144,-0.48894286,-0.03341135,-0.43485752,-0.18378547,-0.35769972,-0.8514786,-0.49523678,-0.0937019,-0.84157205,-0.5005546,-0.17327484,0.2078249,-0.63370246,-0.09225239,-0.65133166,-0.69511765,0.5988122,0.62317413,-0.66495895,-0.70376,-0.6656494,-0.70341796,-0.6658082,-0.70350933,0.5789763,0.6023432,0.6023028,0.6280673,-0.6522975,-0.6876826,-0.63230735,-0.66235024,-0.6485578,-0.69114465,-0.59071505,-0.6450731,-0.60785794,-0.65642154,-0.6638135,-0.7000882,-0.5990299,-0.62577856,-0.32497722,-0.3849645,-0.6594294,-0.6924485,-0.61566925,-0.6657266,-0.6166105,-0.6660638,-0.4326163,-0.4479557,-0.58649915,-0.5987238
0.530007,-0.40525305,0.49161306,0.6348163,-0.005156449,0.47230738,1.6667693,-0.38090008,0.5140298,1.3008543,-0.3827597,0.5222235,1.4584286,0.45221648,2.5064657,0.579488,2.9638164,3.1433601,-1.6395048,-1.7343924,2.6497693,2.7962103,2.540303,2.6821704,2.5166576,2.6574543,-1.4601068,-1.5455806,-1.6167625,-1.7097342,1.5063375,1.5983785,1.7885219,1.8913273,1.7797242,1.8966964,1.3336296,1.4448824,1.5228564,1.6511981,2.364993,2.4972527,4.06383,4.2597246,-0.32497722,-0.3849645,2.5802648,2.7144372,2.8899796,3.0952268,2.9463105,3.1511037,0.013215263,0.023618251,2.230187,2.3215456
0.530007,-0.21552536,1.2219206,-0.03341135,1.7136478,1.0091107,1.2096311,-0.14957987,1.3348917,1.2370155,-0.21153496,1.2294618,1.3089296,0.31921658,2.5913453,0.579488,2.6008666,2.6608782,-2.6206172,-2.6540062,2.5654674,2.6093745,2.4819024,2.5249364,2.4938235,2.5370371,-2.525039,-2.5558462,-2.5829585,-2.6158118,3.5504994,3.6119604,2.7766964,2.8179026,3.037266,3.1218302,4.1032352,4.3116584,3.7524664,3.9356296,2.364993,2.4046483,1.1788481,1.1052426,1.1094489,1.2259468,2.0725138,2.0981917,2.630506,2.7192955,2.6099322,2.696362,0.7170425,0.72591835,2.0211635,2.0225377
1.2066118,-0.6126037,-0.4855797,1.303044,0.42454463,1.1284002,1.2749366,-0.6030529,-0.49183306,1.072934,-0.5997938,-0.4971583,1.044568,1.588772,-0.63370246,1.2512283,-0.65133166,-0.69511765,0.5988122,0.62317413,-0.66495895,-0.70376,-0.6656494,-0.70341796,-0.6658082,-0.70350933,0.5789763,0.6023432,0.6023028,0.6280673,-0.6522975,-0.6876826,-0.63230735,-0.66235024,-0.6485578,-0.69114465,-0.59071505,-0.6450731,-0.60785794,-0.65642154,-0.6638135,-0.7000882,-0.5990299,-0.62577856,-0.32497722,-0.3849645,-0.6594294,-0.6924485,-0.61566925,-0.6657266,-0.6166105,-0.6660638,-0.4326163,-0.4479557,-0.58649915,-0.5987238
-0.14659771,0.14500031,-0.32886124,-0.03341135,-0.005156449,-0.18378547,-0.35769972,0.39088696,-0.09559189,-0.23277068,0.33130395,-0.13929613,-0.2811612,-0.28679773,-0.022338826,-0.42812258,0.26946416,0.19669674,0.056488726,0.1063846,0.15372857,0.0854555,0.13887763,0.07293224,0.13980588,0.07343918,0.114596024,0.16091914,0.05549962,0.10796732,0.3452535,0.24293417,0.14751716,0.078143224,0.27946174,0.21670456,0.818155,0.76119465,0.62289584,0.5768488,0.09338818,0.031053457,0.00010852704,-0.1145906,0.09339705,0.12414426,0.05837031,-0.0026839178,0.45810825,0.37901786,0.44365448,0.36749962,-0.3929958,-0.4070027,-0.20275533,-0.23102386
0.530007,-0.5569222,0.0016434122,0.6348163,0.8542457,0.47230738,0.36066025,-0.5742687,0.038016774,0.6337765,-0.5552289,-0.058382757,0.4478162,0.43638074,0.75137484,0.579488,0.32584178,0.39721543,-1.506389,-1.711286,0.5452559,0.6415717,0.6595939,0.76999044,0.67363167,0.78576165,-1.6346859,-1.8526245,-1.4893522,-1.6918795,0.90126544,1.0444769,1.0622731,1.2196279,1.300176,1.4953148,1.4770534,1.7192484,1.3006836,1.5197401,0.8505898,0.98300993,1.2244349,1.3856508,4.8150496,5.875291,0.5712313,0.67007,0.057857014,0.09501041,0.034618262,0.06848235,2.3961122,2.7021184,0.67693806,0.7803535
1.2066118,-0.25344396,0.731433,1.303044,0.42454463,1.1284002,2.5157402,-0.19423202,0.80762166,2.57587,-0.18855703,0.8337586,2.537175,1.5369458,3.6234434,0.9153582,3.867603,4.251997,-2.1990843,-2.41531,3.4784515,3.807079,3.341791,3.660003,3.3122737,3.6281745,-1.9698776,-2.1659484,-2.1715288,-2.3849428,2.0459962,2.2586434,2.3937292,2.6288857,2.3867948,2.644122,1.814716,2.0485075,2.055535,2.31769,3.1221948,3.4207156,5.2295446,5.6707654,-0.32497722,-0.3849645,3.3901887,3.698422,3.766392,4.1814737,3.8370407,4.253586,0.12467314,0.1598193,2.9343584,3.1649835
-0.14659771,-0.80919695,-0.05422585,-0.03341135,0.8542457,-0.18378547,0.6871875,-0.81055325,-0.053955723,0.63738304,-0.8018123,-0.039785586,0.6229995,-0.05177523,1.9258852,-0.42812258,0.7429185,0.787192,-2.1892238,-2.3172228,1.2605212,1.3319726,1.4225007,1.5046073,1.4333307,1.516253,-2.1968303,-2.3254368,-2.08128,-2.2027888,1.4327477,1.5233206,1.6833547,1.7835705,1.6709552,1.7839998,2.1162622,2.2986982,1.1961267,1.2998862,1.6077914,1.7010409,0.24106641,0.25557733,-0.14567396,-0.17726776,1.6565218,1.7461947,0.15860988,0.16602261,0.17455168,0.18265904,3.1446786,3.3408213,2.2256985,2.3206892
-0.82320243,-0.7053679,-0.4868881,-0.701639,-0.8645586,-0.8398783,-0.8148379,-0.66697854,-0.49270895,-0.86293,-0.67192316,-0.49081588,-0.8158134,-0.7872155,-0.63370246,-0.7639928,-0.65133166,-0.69511765,0.5988122,0.62317413,-0.66495895,-0.70376,-0.6656494,-0.70341796,-0.6658082,-0.70350933,0.5789763,0.6023432,0.6023028,0.6280673,-0.6522975,-0.6876826,-0.63230735,-0.66235024,-0.6485578,-0.69114465,-0.59071505,-0.6450731,-0.60785794,-0.65642154,-0.6638135,-0.7000882,-0.5990299,-0.62577856,-0.32497722,-0.3849645,-0.6594294,-0.6924485,-0.61566925,-0.6657266,-0.6166105,-0.6660638,-0.4326163,-0.4479557,-0.58649915,-0.5987238
0.530007,-0.6271728,-0.48578522,-0.701639,-0.005156449,0.47230738,0.034133,-0.5704664,-0.49138662,0.52004975,-0.5842777,-0.4941834,0.30843058,0.94435245,-0.63370246,0.579488,-0.65133166,-0.69511765,0.5988122,0.62317413,-0.66495895,-0.70376,-0.6656494,-0.70341796,-0.6658082,-0.70350933,0.5789763,0.6023432,0.6023028,0.6280673,-0.6522975,-0.6876826,-0.63230735,-0.66235024,-0.6485578,-0.69114465,-0.59071505,-0.6450731,-0.60785794,-0.65642154,-0.6638135,-0.7000882,-0.5990299,-0.62577856,-0.32497722,-0.3849645,-0.6594294,-0.6924485,-0.61566925,-0.6657266,-0.6166105,-0.6660638,-0.4326163,-0.4479557,-0.58649915,-0.5987238
-0.14659771,-0.6012886,0.45223626,-0.03341135,0.8542457,-0.18378547,0.1647439,-0.6479198,0.19990578,0.44883615,-0.63282555,0.2445587,0.40166658,-0.13173375,1.6598601,-0.09225239,1.1468223,0.9594843,-1.8860153,-1.6449786,1.4632375,1.2436699,1.5112906,1.2888933,1.5166445,1.2939527,-1.9454366,-1.7021637,-1.8981272,-1.6548275,1.4572774,1.2484597,1.7488362,1.514463,1.5809394,1.3679631,0.89496195,0.75326496,1.2257416,1.064564,1.6077914,1.3780954,1.1983854,1.0062925,0.03362931,-0.025440354,1.569421,1.3388242,0.713441,0.5700052,0.7154484,0.57071537,1.8966335,1.6871964,2.0886474,1.8048956
-0.14659771,-0.55181354,-0.48472226,-0.03341135,-0.43485752,-0.18378547,-0.42300516,-0.5605341,-0.47529128,-0.49120247,-0.56448996,-0.47468504,-0.45756504,-0.37059194,-0.59851354,-0.09225239,-0.65133166,-0.662196,0.5988122,0.55281615,-0.66495895,-0.66321325,-0.6656494,-0.65901107,-0.6658082,-0.6586244,0.5789763,0.5283532,0.6023028,0.55814666,-0.6522975,-0.6354773,-0.63230735,-0.6056295,-0.6485578,-0.6252472,-0.59071505,-0.5738151,-0.60785794,-0.59083444,-0.6638135,-0.6493615,-0.5990299,-0.5651563,-0.32497722,-0.19628738,-0.6594294,-0.6513837,-0.61566925,-0.6427988,-0.6166105,-0.6439253,-0.4326163,-0.353016,-0.58649915,-0.55715996
-1.4998071,-0.62242913,-0.48571828,-1.3698667,-1.2942597,-1.4959712,-1.271976,-0.6726318,-0.49278638,-1.3034047,-0.65806776,-0.49422565,-1.3323289,-1.1975526,-0.63370246,-1.4357332,-0.65133166,-0.69511765,0.5988122,0.62317413,-0.66495895,-0.70376,-0.6656494,-0.70341796,-0.6658082,-0.70350933,0.5789763,0.6023432,0.6023028,0.6280673,-0.6522975,-0.6876826,-0.63230735,-0.66235024,-0.6485578,-0.69114465,-0.59071505,-0.6450731,-0.60785794,-0.65642154,-0.6638135,-0.7000882,-0.5990299,-0.62577856,-0.32497722,-0.3849645,-0.6594294,-0.6924485,-0.61566925,-0.6657266,-0.6166105,-0.6660638,-0.4326163,-0.4479557,-0.58649915,-0.5987238
-0.82320243,-0.61793435,-0.48565492,-0.701639,-0.8645586,-0.8398783,-0.55361605,-0.59349173,-0.46544307,-0.6094438,-0.5939162,-0.47433624,-0.59402347,-0.38101566,-0.63370246,-0.7639928,-0.65133166,-0.6222171,0.5988122,0.5652852,-0.66495895,-0.63761526,-0.6656494,-0.63734996,-0.6658082,-0.637314,0.5789763,0.54924846,0.6023028,0.5704295,-0.6522975,-0.6109431,-0.63230735,-0.59066874,-0.6485578,-0.61272025,-0.59071505,-0.532371,-0.60785794,-0.5511075,-0.6638135,-0.63598174,-0.5990299,-0.56777227,-0.32497722,-0.36278376,-0.6594294,-0.6325342,-0.61566925,-0.5818884,-0.6166105,-0.5835181,-0.4326163,-0.43977147,-0.58649915,-0.5571129
0.530007,-0.80369735,-0.042404123,-0.03341135,-0.005156449,0.47230738,1.0790203,-0.82263696,-0.07048877,0.5789339,-0.81439674,-0.060426522,0.56288373,-0.07033493,1.775855,0.579488,3.3273754,2.6359868,-1.0355537,-0.80255413,2.7451525,2.1695223,2.641777,2.077358,2.630335,2.0685349,-0.6535518,-0.49751592,-0.9929822,-0.7671275,2.6755977,2.1606805,1.719072,1.3577077,2.9255497,2.3142724,3.83811,3.1697574,4.176327,3.4186358,2.364993,1.8449532,2.3966622,2.235284,0.4520036,0.2775121,2.3119843,1.7946196,4.192867,3.3862674,4.1397815,3.3281796,-0.36644718,-0.38223714,0.23516789,0.14607003
1.8832164,1.6300226,0.72139037,1.9712716,1.2839468,1.7844931,1.9932965,1.9906133,0.9130106,1.8594549,1.747956,0.60840297,1.790136,2.0617034,0.24989142,1.9229687,-0.06644476,-0.02657872,-0.50802076,-0.55747926,0.005765159,0.043420732,0.028682929,0.06609951,0.036373302,0.07408047,-0.5872117,-0.6384467,-0.5045755,-0.5541349,0.3248119,0.37679255,0.30427572,0.34749278,0.2438305,0.28255787,0.2699827,0.3085426,0.22156711,0.25874218,0.09338818,0.13189219,0.37131387,0.4207827,0.9899134,1.1509532,-0.040230025,-0.0064879353,-0.2195585,-0.18916392,-0.22910248,-0.19972599,1.0160758,1.0967722,0.020534195,0.038321402
-0.14659771,-0.16023843,-0.47919914,-0.03341135,-0.43485752,-0.18378547,-0.22708881,-0.23024401,-0.48672518,-0.30156735,-0.20034856,-0.48763964,-0.262528,-0.0959912,-0.63370246,-0.09225239,-0.65133166,-0.69511765,0.5988122,0.62317413,-0.66495895,-0.70376,-0.6656494,-0.70341796,-0.6658082,-0.70350933,0.5789763,0.6023432,0.6023028,0.6280673,-0.6522975,-0.6876826,-0.63230735,-0.66235024,-0.6485578,-0.69114465,-0.59071505,-0.6450731,-0.60785794,-0.65642154,-0.6638135,-0.7000882,-0.5990299,-0.62577856,-0.32497722,-0.3849645,-0.6594294,-0.6924485,-0.61566925,-0.6657266,-0.6166105,-0.6660638,-0.4326163,-0.4479557,-0.58649915,-0.5987238
-0.82320243,-0.7321677,-0.48726615,-0.701639,-0.8645586,-0.8398783,-1.0760597,-0.7432075,-0.49375337,-0.9257501,-0.7227509,-0.49888644,-0.9590772,-0.81244034,-0.63370246,-0.7639928,-0.65133166,-0.69511765,0.5988122,0.62317413,-0.66495895,-0.70376,-0.6656494,-0.70341796,-0.6658082,-0.70350933,0.5789763,0.6023432,0.6023028,0.6280673,-0.6522975,-0.6876826,-0.63230735,-0.66235024,-0.6485578,-0.69114465,-0.59071505,-0.6450731,-0.60785794,-0.65642154,-0.6638135,-0.7000882,-0.5990299,-0.62577856,-0.32497722,-0.3849645,-0.6594294,-0.6924485,-0.61566925,-0.6657266,-0.6166105,-0.6660638,-0.4326163,-0.4479557,-0.58649915,-0.5987238
0.530007,-0.41818294,-0.48283744,0.6348163,-0.005156449,0.47230738,0.034133,-0.43697533,-0.48955762,0.0033479638,-0.42932397,-0.4947669,-0.0128708165,0.2553211,-0.63370246,0.579488,-0.65133166,-0.69511765,0.5988122,0.62317413,-0.66495895,-0.70376,-0.6656494,-0.70341796,-0.6658082,-0.70350933,0.5789763,0.6023432,0.6023028,0.6280673,-0.6522975,-0.6876826,-0.63230735,-0.66235024,-0.6485578,-0.69114465,-0.59071505,-0.6450731,-0.60785794,-0.65642154,-0.6638135,-0.7000882,-0.5990299,-0.62577856,-0.32497722,-0.3849645,-0.6594294,-0.6924485,-0.61566925,-0.6657266,-0.6166105,-0.6660638,-0.4326163,-0.4479557,-0.58649915,-0.5987238
-1.4998071,-0.9208129,-0.489927,-1.3698667,-1.2942597,-1.4959712,-1.4678924,-0.9259071,-0.49625656,-1.4250065,-0.9275472,-0.5017617,-1.4111547,-1.4049383,-0.63370246,-1.4357332,-0.65133166,-0.69511765,0.5988122,0.62317413,-0.66495895,-0.70376,-0.6656494,-0.70341796,-0.6658082,-0.70350933,0.5789763,0.6023432,0.6023028,0.6280673,-0.6522975,-0.6876826,-0.63230735,-0.66235024,-0.6485578,-0.69114465,-0.59071505,-0.6450731,-0.60785794,-0.65642154,-0.6638135,-0.7000882,-0.5990299,-0.62577856,-0.32497722,-0.3849645,-0.6594294,-0.6924485,-0.61566925,-0.6657266,-0.6166105,-0.6660638,-0.4326163,-0.4479557,-0.58649915,-0.5987238
-0.82320243,-0.73185533,-0.48726174,-0.701639,-0.8645586,-0.8398783,-1.1413652,-0.78177047,-0.4942817,-1.0812987,-0.77327305,-0.49915895,-1.1051277,-1.0068598,-0.63370246,-0.7639928,-0.65133166,-0.69511765,0.5988122,0.62317413,-0.66495895,-0.70376,-0.6656494,-0.70341796,-0.6658082,-0.70350933,0.5789763,0.6023432,0.6023028,0.6280673,-0.6522975,-0.6876826,-0.63230735,-0.66235024,-0.6485578,-0.69114465,-0.59071505,-0.6450731,-0.60785794,-0.65642154,-0.6638135,-0.7000882,-0.5990299,-0.62577856,-0.32497722,-0.3849645,-0.6594294,-0.6924485,-0.61566925,-0.6657266,-0.6166105,-0.6660638,-0.4326163,-0.4479557,-0.58649915,-0.5987238
-0.14659771,1.1165941,-0.45955062,-0.03341135,-0.43485752,-0.18378547,-0.35769972,0.64820945,-0.46782762,-0.41775107,0.749256,-0.47471812,-0.4225628,-0.26801944,-0.5087525,-0.42812258,0.0014896361,-0.034466136,-0.17523131,0.36090165,0.016846085,-0.09203613,0.050748322,-0.11944009,0.05427036,-0.12220064,-0.18917148,0.3666389,-0.1940125,0.333188,0.13266063,-0.19093655,0.2685586,-0.27368814,0.28857052,-0.13866442,0.6096546,-0.0064848005,0.37161028,-0.17460105,0.09338818,-0.15019439,0.29967773,-0.12453919,1.7668941,0.1769877,-0.015173965,-0.1531958,0.035774194,0.039688285,0.023854153,0.042329453,0.01093058,-0.3389885,0.09747529,-0.41618934
1.2066118,0.13728535,0.2917384,1.303044,0.8542457,1.3073347,0.5565766,0.19068167,0.57629716,1.4597095,0.17076114,0.52858746,1.3244908,1.4179058,0.88384306,1.2512283,-0.030897046,0.82870895,-0.0149993645,-0.667754,0.062908135,0.8680316,0.07730602,0.888105,0.075623386,0.8855925,-0.014592451,-0.6060224,-0.021477513,-0.670875,-0.07993219,0.69813156,0.03242852,0.839607,0.041563,0.98308414,-0.17305246,1.0875622,-0.028144052,1.1866229,0.09338818,0.88653374,-0.11711421,0.04412115,-0.32497722,0.2642523,0.15200447,0.9126872,-0.08292105,0.8759459,-0.047458094,0.9061752,-0.16860512,-0.0741801,0.40620154,0.96061826
-0.14659771,1.3169465,-0.45836365,-0.03341135,-0.43485752,-0.18378547,-0.03117245,1.7800773,-0.44686565,-0.13611123,1.6748817,-0.45096377,-0.07895964,0.093502246,-0.62708485,-0.09225239,-0.65133166,-0.67677647,0.5988122,0.612623,-0.66495895,-0.6875334,-0.6656494,-0.68785125,-0.6658082,-0.6880031,0.5789763,0.5931912,0.6023028,0.61755455,-0.6522975,-0.6727235,-0.63230735,-0.64818597,-0.6485578,-0.6736289,-0.59071505,-0.6192288,-0.60785794,-0.63268095,-0.6638135,-0.6857787,-0.5990299,-0.62577856,-0.32497722,-0.3812512,-0.6594294,-0.6788925,-0.61566925,-0.6453957,-0.6166105,-0.6458835,-0.4326163,-0.44704613,-0.58649915,-0.59124154
1.2066118,-0.32400474,-0.4815091,1.303044,0.42454463,1.1284002,0.5565766,-0.3559537,-0.38098833,0.645781,-0.36343473,-0.39728358,0.6844106,0.8560802,-0.37151587,1.2512283,-0.65133166,-0.47343194,0.5988122,0.14940244,-0.66495895,-0.430729,-0.6656494,-0.40439412,-0.6658082,-0.40126625,0.5789763,0.10411487,0.6023028,0.15724102,-0.6522975,-0.33614603,-0.63230735,-0.28040844,-0.6485578,-0.24740922,-0.59071505,-0.16524114,-0.60785794,-0.21477605,-0.6638135,-0.3585085,-0.5990299,-0.21756497,-0.32497722,0.8855357,-0.6594294,-0.4159294,-0.61566925,-0.5113373,-0.6166105,-0.5169898,-0.4326163,0.19134237,-0.58649915,-0.31884423
1.2066118,1.0236318,3.8855917,1.303044,2.57305,1.1284002,1.927991,1.333781,4.4322305,2.490276,1.4410796,4.7654114,2.5605958,1.3900274,3.6519463,1.2512283,2.2731028,2.471103,-4.935353,-5.31813,2.6886616,2.9069731,2.8060124,3.0345917,2.8450997,3.077004,-5.2519636,-5.6581903,-4.9320884,-5.3150983,4.2332497,4.5910006,4.0506077,4.374405,3.8133836,4.157074,3.7127736,4.1226473,3.539267,3.9234035,3.1221948,3.3744824,4.252689,4.555217,6.249476,7.3706603,2.4365675,2.6269553,1.3648843,1.500784,1.3209296,1.4507539,6.8108444,7.360436,2.4486675,2.6104174
1.2066118,1.6137769,1.518098,1.303044,0.8542457,1.3669795,0.49127117,1.2718902,1.186693,1.0838265,1.5225265,1.3516039,0.954246,1.2838303,0.011833258,1.2512283,0.5563291,0.3449144,0.45090583,0.49663457,0.2845274,0.10943578,0.20679139,0.043977037,0.1963359,0.035109464,0.523111,0.5544749,0.42445907,0.4759603,-0.08810883,-0.2028851,-0.28108868,-0.3617096,-0.23786089,-0.33544627,-0.43318906,-0.5050825,-0.4261297,-0.4952603,0.09338818,-0.051580712,0.18896736,0.043559123,-0.32497722,-0.38429293,0.21252887,0.051336404,0.74656516,0.5198324,0.7342855,0.50802237,-0.4326163,-0.447953,-0.54305947,-0.56213945
-1.4998071,-0.6195799,0.35337168,-1.3698667,-0.8645586,-1.4959712,-1.5985032,-0.7469475,0.08755505,-1.6879581,-0.76803577,0.03873049,-1.7092426,-1.649723,-0.6260012,-2.1074736,0.11786363,-0.08015448,0.039232958,0.17930616,0.15438037,-0.04376871,0.10069267,-0.080513716,0.10030898,-0.080459364,-0.042525068,0.111637324,-0.08518273,0.089755535,0.09995407,-0.06596593,0.27252716,0.02150133,0.08576716,-0.08231828,-0.19085634,-0.27663392,-0.2919583,-0.34431913,0.09338818,-0.080890395,0.006620935,0.023636272,1.2887521,1.0084242,-0.017500648,-0.16795132,0.12548564,-0.038097225,0.12611322,-0.041864812,-0.28214526,-0.34621358,0.019251825,-0.17733726
-1.4998071,-0.83244336,-0.4886805,-1.3698667,-1.2942597,-1.4959712,-1.4678924,-0.7934092,-0.49444118,-1.4445641,-0.79188615,-0.49774125,-1.4275386,-1.3916078,-0.63370246,-1.4357332,-0.65133166,-0.69511765,0.5988122,0.62317413,-0.66495895,-0.70376,-0.6656494,-0.70341796,-0.6658082,-0.70350933,0.5789763,0.6023432,0.6023028,0.6280673,-0.6522975,-0.6876826,-0.63230735,-0.66235024,-0.6485578,-0.69114465,-0.59071505,-0.6450731,-0.60785794,-0.65642154,-0.6638135,-0.7000882,-0.5990299,-0.62577856,-0.32497722,-0.3849645,-0.6594294,-0.6924485,-0.61566925,-0.6657266,-0.6166105,-0.6660638,-0.4326163,-0.4479557,-0.58649915,-0.5987238
0.530007,-0.8871492,-0.40409788,0.6348163,0.42454463,0.47230738,0.6871875,-0.8557154,-0.38459578,0.4285868,-0.8403546,-0.34115842,0.50547224,0.63189787,-0.33447906,0.579488,0.44114617,-0.19283773,0.3670922,0.52088976,0.2504154,-0.28681654,0.18419752,-0.3165968,0.17658745,-0.32007602,0.41836354,0.5325144,0.35279068,0.51720697,-0.014519027,-0.39618525,-0.35847583,-0.5372489,-0.22634104,-0.49913287,-0.38300586,-0.5482422,-0.36902604,-0.5456359,0.09338818,-0.35607463,0.19547977,-0.26240402,-0.32497722,-0.3849645,0.19994783,-0.3032374,0.5561008,-0.118415326,0.55264115,-0.12100005,-0.43082324,-0.4472292,-0.3507067,-0.50111645
-0.14659771,-0.8510296,-0.4889427,-0.03341135,-0.43485752,-0.18378547,0.1647439,-0.8398966,-0.49507812,-0.14434661,-0.84071666,-0.5005426,-0.09549294,0.09156527,-0.63370246,-0.09225239,-0.65133166,-0.69511765,0.5988122,0.62317413,-0.66495895,-0.70376,-0.6656494,-0.70341796,-0.6658082,-0.70350933,0.5789763,0.6023432,0.6023028,0.6280673,-0.6522975,-0.6876826,-0.63230735,-0.66235024,-0.6485578,-0.69114465,-0.59071505,-0.6450731,-0.60785794,-0.65642154,-0.6638135,-0.7000882,-0.5990299,-0.62577856,-0.32497722,-0.3849645,-0.6594294,-0.6924485,-0.61566925,-0.6657266,-0.6166105,-0.6660638,-0.4326163,-0.4479557,-0.58649915,-0.5987238
-0.14659771,-0.28318682,-0.48093334,-1.3698667,-0.43485752,-0.18378547,-0.35769972,-0.26446423,-0.48719403,-0.39734983,-0.27797416,-0.49264202,-0.33574343,-0.25391445,-0.63370246,-0.09225239,-0.65133166,-0.69511765,0.5988122,0.62317413,-0.66495895,-0.70376,-0.6656494,-0.70341796,-0.6658082,-0.70350933,0.5789763,0.6023432,0.6023028,0.6280673,-0.6522975,-0.6876826,-0.63230735,-0.66235024,-0.6485578,-0.69114465,-0.59071505,-0.6450731,-0.60785794,-0.65642154,-0.6638135,-0.7000882,-0.5990299,-0.62577856,-0.32497722,-0.3849645,-0.6594294,-0.6924485,-0.61566925,-0.6657266,-0.6166105,-0.6660638,-0.4326163,-0.4479557,-0.58649915,-0.5987238
1.2066118,0.13111606,-0.47508964,1.303044,0.42454463,1.1284002,0.81779844,0.15698645,-0.47300866,0.86028653,0.17249821,-0.48033196,0.9148716,1.2882516,-0.63370246,1.2512283,-0.65133166,-0.67013204,0.5988122,0.5996625,-0.66495895,-0.67588186,-0.6656494,-0.6767803,-0.6658082,-0.6768471,0.5789763,0.5762729,0.6023028,0.60008925,-0.6522975,-0.6622791,-0.63230735,-0.626997,-0.6485578,-0.6634415,-0.59071505,-0.62627614,-0.60785794,-0.64236766,-0.6638135,-0.67297864,-0.5990299,-0.59708315,-0.32497722,-0.2982007,-0.6594294,-0.6698986,-0.61566925,-0.6414713,-0.6166105,-0.64196116,-0.4326163,-0.44069034,-0.58649915,-0.57370424
-0.14659771,0.15778098,-0.47471353,-0.03341135,-0.43485752,-0.18378547,-0.03117245,0.26085174,-0.4799966,0.09457098,0.2491181,-0.48239928,0.08299491,0.46527603,-0.63370246,-0.09225239,-0.65133166,-0.69511765,0.5988122,0.62317413,-0.66495895,-0.70376,-0.6656494,-0.70341796,-0.6658082,-0.70350933,0.5789763,0.6023432,0.6023028,0.6280673,-0.6522975,-0.6876826,-0.63230735,-0.66235024,-0.6485578,-0.69114465,-0.59071505,-0.6450731,-0.60785794,-0.65642154,-0.6638135,-0.7000882,-0.5990299,-0.62577856,-0.32497722,-0.3849645,-0.6594294,-0.6924485,-0.61566925,-0.6657266,-0.6166105,-0.6660638,-0.4326163,-0.4479557,-0.58649915,-0.5987238
0.530007,-0.47337982,-0.48361596,0.6348163,-0.005156449,0.47230738,0.4259657,-0.4615456,-0.44610322,0.15134999,-0.459763,-0.45377555,0.22930361,0.36163804,-0.55564845,0.579488,-0.65133166,-0.58722275,0.5988122,0.5467869,-0.66495895,-0.5956724,-0.6656494,-0.5928183,-0.6658082,-0.5925902,0.5789763,0.5303789,0.6023028,0.54461586,-0.6522975,-0.5682271,-0.63230735,-0.5468485,-0.6485578,-0.5488733,-0.59071505,-0.46144187,-0.60785794,-0.48995295,-0.6638135,-0.5875693,-0.5990299,-0.49323094,-0.32497722,-0.23897189,-0.6594294,-0.5923299,-0.61566925,-0.5400432,-0.6166105,-0.5420811,-0.4326163,-0.42762277,-0.58649915,-0.5217587
0.530007,-0.82018214,-0.48850757,0.6348163,-0.005156449,0.47230738,-0.0964779,-0.8119688,-0.49469545,0.18594538,-0.8136689,-0.5001629,0.13008207,0.3987107,-0.63370246,0.579488,-0.65133166,-0.69511765,0.5988122,0.62317413,-0.66495895,-0.70376,-0.6656494,-0.70341796,-0.6658082,-0.70350933,0.5789763,0.6023432,0.6023028,0.6280673,-0.6522975,-0.6876826,-0.63230735,-0.66235024,-0.6485578,-0.69114465,-0.59071505,-0.6450731,-0.60785794,-0.65642154,-0.6638135,-0.7000882,-0.5990299,-0.62577856,-0.32497722,-0.3849645,-0.6594294,-0.6924485,-0.61566925,-0.6657266,-0.6166105,-0.6660638,-0.4326163,-0.4479557,-0.58649915,-0.5987238
-1.4998071,-0.9644399,-0.49054235,-1.3698667,-1.2942597,-1.4959712,-1.4678924,-0.9903691,-0.49713978,-1.5567456,-0.98279077,-0.50253725,-1.5495225,-1.5404798,-0.63370246,-1.4357332,-0.65133166,-0.69511765,0.5988122,0.62317413,-0.66495895,-0.70376,-0.6656494,-0.70341796,-0.6658082,-0.70350933,0.5789763,0.6023432,0.6023028,0.6280673,-0.6522975,-0.6876826,-0.63230735,-0.66235024,-0.6485578,-0.69114465,-0.59071505,-0.6450731,-0.60785794,-0.65642154,-0.6638135,-0.7000882,-0.5990299,-0.62577856,-0.32497722,-0.3849645,-0.6594294,-0.6924485,-0.61566925,-0.6657266,-0.6166105,-0.6660638,-0.4326163,-0.4479557,-0.58649915,-0.5987238
-0.82320243,-0.7505762,0.12017908,-0.701639,0.8542457,-0.8398783,-0.03117245,-0.7139156,0.16980164,0.029312206,-0.7263181,0.11164889,-0.081197865,-0.43213966,1.341279,-1.0998629,0.6429616,0.7220212,-0.929554,-1.0407314,0.80641896,0.8997065,0.8215827,0.9178663,0.822239,0.9187915,-0.9363698,-1.0479143,-0.9531664,-1.0656862,0.6968493,0.78865016,1.0662417,1.1877004,0.7145379,0.81053334,0.3051048,0.36932558,0.6807702,0.78500926,0.8505898,0.9506758,0.599247,0.65631163,-0.20544171,-0.24217407,0.87418765,0.97224987,0.5243567,0.59454405,0.5163123,0.58455926,0.579065,0.6611181,0.9875879,1.0885279
-0.82320243,-0.78476113,-0.48800796,-0.701639,-0.8645586,-0.8398783,-0.88014334,-0.80740786,-0.47929084,-0.8639114,-0.8019682,-0.47714797,-0.8540199,-0.77995366,-0.59986824,-0.7639928,-0.65133166,-0.66346335,0.5988122,0.55552477,-0.66495895,-0.6647742,-0.6656494,-0.66072065,-0.6658082,-0.6603524,0.5789763,0.5312017,0.6023028,0.56083846,-0.6522975,-0.6374871,-0.63230735,-0.6078132,-0.6485578,-0.62778413,-0.59071505,-0.5765584,-0.60785794,-0.5933594,-0.6638135,-0.6513144,-0.5990299,-0.56749016,-0.32497722,-0.20355108,-0.6594294,-0.6529646,-0.61566925,-0.64368147,-0.6166105,-0.64477766,-0.4326163,-0.35667098,-0.58649915,-0.5587601
1.2066118,0.95639086,-0.46344924,1.303044,0.42454463,1.1284002,0.6871875,1.1000214,-0.468499,0.5429961,1.0961552,-0.47335005,0.57247233,0.808422,-0.63370246,1.2512283,-0.65133166,-0.69511765,0.5988122,0.62317413,-0.66495895,-0.70376,-0.6656494,-0.70341796,-0.6658082,-0.70350933,0.5789763,0.6023432,0.6023028,0.6280673,-0.6522975,-0.6876826,-0.63230735,-0.66235024,-0.6485578,-0.69114465,-0.59071505,-0.6450731,-0.60785794,-0.65642154,-0.6638135,-0.7000882,-0.5990299,-0.62577856,-0.32497722,-0.3849645,-0.6594294,-0.6924485,-0.61566925,-0.6657266,-0.6166105,-0.6660638,-0.4326163,-0.4479557,-0.58649915,-0.5987238
-0.14659771,-0.41902086,-0.24088818,-0.03341135,-0.43485752,-0.18378547,-0.29239425,-0.59244996,-0.23491262,-0.22997913,-0.6069371,-0.24659644,-0.20133646,-0.40515447,0.23547761,-0.09225239,0.2524553,0.33808488,0.039232958,0.017016415,0.16372314,0.22794336,0.1358387,0.19828682,0.12980825,0.19165371,0.06920547,0.057796475,0.04753649,0.028463071,-0.11263875,-0.06996465,-0.027100055,0.0057276324,-0.041487265,0.013258254,-0.10962886,-0.06208534,-0.075179346,-0.017093366,0.09338818,0.14880641,0.566685,0.6490496,-0.32497722,-0.3849645,0.1504942,0.21005104,0.26074296,0.3679077,0.27411973,0.38201508,-0.3211584,-0.33164233,0.117672354,0.12787373
1.2066118,0.49792433,-0.46991584,1.303044,0.42454463,1.1284002,0.9484093,0.6156552,-0.4751354,0.9419085,0.5864483,-0.48050603,0.9342967,1.366216,-0.63370246,1.2512283,-0.65133166,-0.69511765,0.5988122,0.62317413,-0.66495895,-0.70376,-0.6656494,-0.70341796,-0.6658082,-0.70350933,0.5789763,0.6023432,0.6023028,0.6280673,-0.6522975,-0.6876826,-0.63230735,-0.66235024,-0.6485578,-0.69114465,-0.59071505,-0.6450731,-0.60785794,-0.65642154,-0.6638135,-0.7000882,-0.5990299,-0.62577856,-0.32497722,-0.3849645,-0.6594294,-0.6924485,-0.61566925,-0.6657266,-0.6166105,-0.6660638,-0.4326163,-0.4479557,-0.58649915,-0.5987238
1.8832164,0.74578846,2.3511372,1.9712716,3.002751,2.0230722,1.8626857,0.7529007,2.1525989,1.7556813,0.65432066,2.005129,1.6703186,1.2231812,1.7891757,1.9229687,2.1998913,1.5340589,-1.7257836,-1.5560604,2.2024028,1.6633357,2.317139,1.7459959,2.3148532,1.7456772,-1.5369215,-1.4610215,-1.704357,-1.5188956,1.9274349,1.4678617,2.0127463,1.5439414,2.3409834,1.6424986,2.253246,1.4316064,2.45241,1.4303032,2.364993,1.800661,1.9017217,1.2697757,1.4082875,0.29267436,2.4363384,1.9058048,2.417959,1.3870125,2.408105,1.3943245,1.579988,1.4905401,2.09025,2.0368936
1.2066118,-0.26672092,-0.4807011,1.303044,0.42454463,1.1284002,0.49127117,-0.2524155,-0.45061263,0.822852,-0.23115604,-0.4379245,0.8177333,1.192694,-0.5580987,1.2512283,-0.65133166,-0.59060955,0.5988122,0.54918474,-0.66495895,-0.59906536,-0.6656494,-0.59629005,-0.6658082,-0.5960721,0.5789763,0.5326379,0.6023028,0.5472354,-0.6522975,-0.57197684,-0.63230735,-0.5504741,-0.6485578,-0.5533393,-0.59071505,-0.46720615,-0.60785794,-0.49517846,-0.6638135,-0.59110135,-0.5990299,-0.49739167,-0.32497722,-0.24355468,-0.6594294,-0.5954727,-0.61566925,-0.5439884,-0.6166105,-0.545973,-0.4326163,-0.42826098,-0.58649915,-0.52417463
-0.82320243,-0.9925205,-0.4482952,-1.3698667,-0.8645586,-0.8398783,-1.7944196,-1.0059532,-0.45326304,-1.8248087,-1.0002427,-0.45806432,-1.8166287,-2.0046577,-0.63370246,-1.4357332,0.73500836,0.77694356,-1.0873208,-1.1528847,0.8757293,0.9231156,0.82409316,0.86988163,0.831743,0.87812054,-1.2156962,-1.2882247,-1.149591,-1.2176638,1.1833597,1.2564385,0.9174203,0.9725092,0.8782273,0.93604994,0.48429346,0.5225137,0.4564532,0.49631697,0.8505898,0.8986675,1.7324001,1.8171034,0.87037784,0.99795294,0.6597123,0.69484454,0.41532272,0.440408,0.42885384,0.45406356,1.2471184,1.328862,1.0771922,1.1262414
-0.14659771,-0.55164814,-0.2060774,-0.03341135,-0.005156449,-0.18378547,-0.42300516,-0.45473745,-0.15375267,-0.30527785,-0.4315936,-0.14005114,-0.30815008,-0.5958695,0.25022167,-0.09225239,0.8263849,0.89734614,-1.0749953,-1.0781622,0.8548709,0.90900826,0.8297746,0.8836131,0.82989144,0.88299143,-1.1458646,-1.1353077,-1.093849,-1.0873629,0.7336442,0.75601923,0.9134517,0.89395285,0.78955096,0.83118194,0.4372186,0.51378536,0.50086427,0.5692639,0.8505898,0.8975436,1.5435412,1.6863362,1.8266618,2.0060513,0.7578148,0.81336665,0.55886114,0.64438,0.57820594,0.6628334,1.435966,1.3972687,0.76477927,0.78967553
-0.82320243,-0.55448765,0.493293,-0.701639,-0.005156449,-0.4820095,-0.03117245,-0.69967663,0.18625945,0.034287278,-0.6275186,0.3394196,0.0853262,-0.47559822,1.2575324,-0.7639928,1.004882,1.4165536,-0.8408102,-1.2104453,0.9606833,1.3586819,0.91565776,1.3032274,0.91752535,1.3060768,-0.7897234,-1.1425183,-0.83106476,-1.1973275,1.2038014,1.6910151,0.94718456,1.3484534,1.185513,1.658738,1.8388457,2.520883,1.6531172,2.2813537,0.8505898,1.2214226,-0.5990299,-0.5681294,0.39223585,0.61229503,0.71442753,1.043555,1.0405427,1.4677199,1.057209,1.4853189,0.06764278,0.19292752,0.67501456,0.97601974
-1.4998071,-0.6804216,-0.4865363,-1.3698667,-1.2942597,-1.4959712,-1.271976,-0.664801,-0.49046445,-1.3441527,-0.6692715,-0.49392667,-1.3469069,-1.2868023,-0.6249796,-1.4357332,-0.65133166,-0.68059415,0.5988122,0.6127178,-0.66495895,-0.6907605,-0.6656494,-0.69042575,-0.6658082,-0.69051695,0.5789763,0.59291226,0.6023028,0.61759746,-0.6522975,-0.67426485,-0.63230735,-0.64881676,-0.6485578,-0.67580664,-0.59071505,-0.62415606,-0.60785794,-0.6367553,-0.6638135,-0.68751377,-0.5990299,-0.6208409,-0.32497722,-0.37517533,-0.6594294,-0.68063855,-0.61566925,-0.64928174,-0.6166105,-0.64975905,-0.4326163,-0.4471776,-0.58649915,-0.5909069
-0.14659771,0.28611335,-0.4729034,-0.03341135,-0.43485752,-0.18378547,-0.22708881,0.36660814,-0.4785476,-0.513266,0.36216536,-0.48365486,-0.3977033,-0.42579803,-0.63370246,-0.09225239,-0.65133166,-0.69511765,0.5988122,0.62317413,-0.66495895,-0.70376,-0.6656494,-0.70341796,-0.6658082,-0.70350933,0.5789763,0.6023432,0.6023028,0.6280673,-0.6522975,-0.6876826,-0.63230735,-0.66235024,-0.6485578,-0.69114465,-0.59071505,-0.6450731,-0.60785794,-0.65642154,-0.6638135,-0.7000882,-0.5990299,-0.62577856,-0.32497722,-0.3849645,-0.6594294,-0.6924485,-0.61566925,-0.6657266,-0.6166105,-0.6660638,-0.4326163,-0.4479557,-0.58649915,-0.5987238
-0.82320243,0.41070732,0.295595,-0.701639,-0.43485752,-0.6609439,-0.6189215,0.10395534,0.32148418,-0.603903,-0.037279528,0.3201448,-0.67590445,-0.7278613,0.16684557,-0.7639928,-0.030897046,-0.029159414,-0.0149993645,-0.041538857,0.062908135,0.07877572,0.07730602,0.09849794,0.075623386,0.09693563,-0.014592451,-0.03980355,-0.021477513,-0.045417037,-0.07993219,-0.067295976,0.03242852,0.050436743,0.041563,0.06631712,-0.17305246,-0.13921282,-0.028144052,0.0042341715,0.09338818,0.11956872,-0.11711421,-0.12099052,-0.32497722,-0.3849645,0.15200447,0.18330044,-0.08292105,-0.08507979,-0.047458094,-0.048822742,-0.16860512,-0.15204036,0.40620154,0.45129925
1.2066118,0.7827547,3.3678064,1.303044,2.57305,2.0230722,1.7320747,0.88755655,3.50049,2.313285,0.86780673,3.5388315,2.1935112,1.4977336,3.243945,0.9153582,2.3183718,2.4736996,-2.494897,-2.658244,2.897027,3.0825443,3.0126605,3.2096858,3.00679,3.2038748,-2.4028337,-2.5596788,-2.51129,-2.6733885,2.1931758,2.3508515,2.6040635,2.7673352,2.8475897,3.0703015,2.0496871,2.3275347,2.5197787,2.785124,3.1221948,3.3283393,1.628202,1.6908288,-0.32497722,-0.38173,3.4081748,3.618443,1.9735422,2.1306646,2.1188195,2.2811644,1.0205296,1.1059896,4.3010244,4.498109
1.8832164,1.9756953,-0.44907206,1.9712716,0.8542457,1.7844931,1.0137148,1.7455019,-0.45965517,1.1595211,1.6150025,-0.46496072,1.1237015,1.5964527,-0.63370246,1.9229687,-0.65133166,-0.69511765,0.5988122,0.62317413,-0.66495895,-0.70376,-0.6656494,-0.70341796,-0.6658082,-0.70350933,0.5789763,0.6023432,0.6023028,0.6280673,-0.6522975,-0.6876826,-0.63230735,-0.66235024,-0.6485578,-0.69114465,-0.59071505,-0.6450731,-0.60785794,-0.65642154,-0.6638135,-0.7000882,-0.5990299,-0.62577856,-0.32497722,-0.3849645,-0.6594294,-0.6924485,-0.61566925,-0.6657266,-0.6166105,-0.6660638,-0.4326163,-0.4479557,-0.58649915,-0.5987238
-0.14659771,-0.61961955,0.1829814,-0.03341135,2.143349,-0.18378547,0.6218821,-0.60443854,0.20747586,0.69056195,-0.59372234,0.23483257,0.73315114,0.057603534,1.8242676,-0.09225239,1.2901082,1.3890377,-1.6937371,-1.8181992,1.5421079,1.6524017,1.5651988,1.6784638,1.5662626,1.6798041,-1.6940429,-1.818464,-1.7309009,-1.8571444,1.3714226,1.479184,1.9155163,2.0549924,1.3960856,1.5119299,0.7530147,0.8304268,1.3250842,1.4601411,1.6077914,1.7244183,1.1983854,1.2782723,-0.14567396,-0.1752456,1.6409962,1.7534305,1.0943698,1.189123,1.0827738,1.174707,1.0849056,1.1749272,1.7746315,1.87629
-1.4998071,-0.9452118,-0.34660125,-1.3698667,-0.8645586,-1.4959712,-1.4678924,-0.85406154,-0.15801655,-1.7255194,-0.8740423,-0.22194861,-1.758639,-1.703972,-0.60974294,-1.7716033,0.083337575,-0.15302701,-0.034720246,0.12314823,0.0720336,-0.15412942,0.08351605,-0.1429823,0.08611474,-0.14073369,-0.02855876,0.11865834,-0.05598449,0.11142648,0.21442707,-0.03527398,0.17331284,-0.05437408,0.2727642,0.0163381,0.63077134,0.30130127,0.46208757,0.17113279,0.09338818,-0.13034444,0.29316533,-0.12102854,0.6313069,0.46727175,0.013158928,-0.19116035,0.2041557,-0.06767021,0.18666136,-0.07939592,-0.26554513,-0.29030198,-0.0038304874,-0.14796986
-0.14659771,-0.61961955,0.18482855,-0.03341135,2.143349,-0.18378547,0.2953548,-0.6207115,0.18134779,0.6019971,-0.6062735,0.20986234,0.5934499,-0.021867944,1.7669349,-0.09225239,1.2901082,1.308816,-1.6937371,-1.7242278,1.5421079,1.56171,1.5651988,1.5867822,1.5662626,1.5880673,-1.6940429,-1.725284,-1.7309009,-1.7614853,1.3714226,1.3957787,1.9155163,1.9503987,1.3960856,1.4271309,0.7530147,0.773633,1.3250842,1.3786716,1.6077914,1.6310961,1.1983854,1.2049829,-0.14567396,-0.18331794,1.6409962,1.6592855,1.0943698,1.1177275,1.0827738,1.1038536,1.0849056,1.1124603,1.7746315,1.7810239
-0.14659771,-0.33781648,-0.48170388,-0.03341135,-0.43485752,-0.18378547,-0.29239425,-0.2797695,-0.48740372,-0.28818426,-0.2936618,-0.49286225,-0.2845549,-0.10508155,-0.63370246,-0.09225239,-0.65133166,-0.69511765,0.5988122,0.62317413,-0.66495895,-0.70376,-0.6656494,-0.70341796,-0.6658082,-0.70350933,0.5789763,0.6023432,0.6023028,0.6280673,-0.6522975,-0.6876826,-0.63230735,-0.66235024,-0.6485578,-0.69114465,-0.59071505,-0.6450731,-0.60785794,-0.65642154,-0.6638135,-0.7000882,-0.5990299,-0.62577856,-0.32497722,-0.3849645,-0.6594294,-0.6924485,-0.61566925,-0.6657266,-0.6166105,-0.6660638,-0.4326163,-0.4479557,-0.58649915,-0.5987238
-0.82320243,-0.776636,0.01576658,-0.701639,-0.005156449,-0.8398783,-0.29239425,-0.93783003,-0.31286502,-0.8647104,-0.93484026,-0.3199359,-0.8472165,-1.1449511,0.36825174,-0.7639928,0.27816844,-0.099950604,-1.2598783,-0.5574345,0.6186944,0.113613725,0.7264506,0.18313362,0.73361766,0.18775478,-1.2715614,-0.5731994,-1.1867523,-0.5085591,0.7377326,0.20006453,0.9114673,0.3197194,0.89778435,0.30265877,1.2139364,0.5368902,0.59479856,0.12906203,0.8505898,0.26399702,-0.038965706,-0.27190244,-0.20544171,-0.30157152,0.88453805,0.28669927,-0.09948313,-0.3317682,-0.089169025,-0.32529032,1.9522469,1.0732888,1.2882993,0.5734595
-1.4998071,-0.8815328,-0.2658705,-1.3698667,-0.43485752,-1.4959712,-1.0107542,-0.88305306,-0.2568333,-1.07573,-0.8733829,-0.2484956,-1.0479304,-1.3308889,0.20069396,-1.4357332,-0.004185033,0.01553306,-0.1653709,-0.20928006,0.07073001,0.099638715,0.077966645,0.10875096,0.07821536,0.10914771,-0.17869677,-0.22309834,-0.17543179,-0.21933465,0.022275899,0.05117088,0.2169672,0.26420334,0.032990072,0.06005492,-0.14280513,-0.14196034,0.036456157,0.06527934,0.09338818,0.1266148,0.00010852704,0.023460554,-0.26520947,-0.31345502,0.10737913,0.14154196,-0.04565625,-0.03326401,-0.050149105,-0.038401693,0.07322438,0.10541134,0.20054437,0.24520099
1.2066118,1.2884233,-0.45876595,-0.03341135,0.42454463,1.1284002,0.6218821,1.3073404,-0.4154395,0.5742975,1.37302,-0.4009354,0.62684405,0.81953746,-0.59851354,1.2512283,-0.65133166,-0.639553,0.5988122,0.5116382,-0.66495895,-0.6370586,-0.6656494,-0.6319122,-0.6658082,-0.6311984,0.5789763,0.48557785,0.6023028,0.5169578,-0.6522975,-0.5945935,-0.63230735,-0.5677016,-0.6485578,-0.5885863,-0.59071505,-0.53651994,-0.60785794,-0.55325294,-0.6638135,-0.62021905,-0.5990299,-0.52883625,-0.32497722,-0.13074632,-0.6594294,-0.62732434,-0.61566925,-0.6252002,-0.6166105,-0.62668705,-0.4326163,-0.3079897,-0.58649915,-0.5328574
-0.82320243,-0.5386097,-0.48453605,-0.701639,-0.8645586,-0.8398783,-1.0107542,-0.62378067,-0.48343152,-1.1958206,-0.5968353,-0.49065802,-1.2171608,-1.1685729,-0.6225638,-0.7639928,-0.65133166,-0.63920355,0.5988122,0.5824915,-0.66495895,-0.650283,-0.6656494,-0.6522174,-0.6658082,-0.6523233,0.5789763,0.56399816,0.6023028,0.58846444,-0.6522975,-0.6302798,-0.63230735,-0.6246335,-0.6485578,-0.6407833,-0.59071505,-0.5992144,-0.60785794,-0.60058117,-0.6638135,-0.65191716,-0.5990299,-0.5575193,-0.32497722,-0.3849645,-0.6594294,-0.6453185,-0.61566925,-0.6113842,-0.6166105,-0.61072624,-0.4326163,-0.43456477,-0.58649915,-0.5550076
-0.14659771,-0.07511025,-0.47799844,-0.03341135,-0.43485752,-0.18378547,-0.42300516,-0.03370961,-0.48403242,-0.47260937,-0.041324295,-0.4893196,-0.42207864,-0.37039945,-0.63370246,-0.09225239,-0.65133166,-0.69511765,0.5988122,0.62317413,-0.66495895,-0.70376,-0.6656494,-0.70341796,-0.6658082,-0.70350933,0.5789763,0.6023432,0.6023028,0.6280673,-0.6522975,-0.6876826,-0.63230735,-0.66235024,-0.6485578,-0.69114465,-0.59071505,-0.6450731,-0.60785794,-0.65642154,-0.6638135,-0.7000882,-0.5990299,-0.62577856,-0.32497722,-0.3849645,-0.6594294,-0.6924485,-0.61566925,-0.6657266,-0.6166105,-0.6660638,-0.4326163,-0.4479557,-0.58649915,-0.5987238
0.530007,0.6019168,2.8989978,0.6348163,1.2839468,0.7108866,0.75249296,0.056794226,1.6036922,0.25616089,0.07454594,1.7063769,0.32603174,-0.2702811,1.3458782,0.2436178,2.655221,1.5963886,-1.7208534,-0.8137842,2.4863799,1.4151592,2.460894,1.382876,2.4505002,1.3729811,-1.53343,-0.68399686,-1.6990484,-0.79292893,1.992848,0.9659831,1.9988563,0.96240985,2.0237849,1.0148889,1.8348217,0.8605835,1.8707976,0.88836074,2.364993,1.2973319,2.025457,1.4446677,0.3324681,-0.04600074,2.5145226,1.4289144,2.6415474,1.6225648,2.665098,1.6431601,0.16206673,-0.18387657,2.3843899,1.2908622
-0.14659771,-0.39243034,-0.48247424,-0.701639,-0.43485752,-0.18378547,-0.29239425,-0.30311492,-0.4877236,-0.19803691,-0.32478812,-0.49243712,-0.17243075,0.008321902,-0.63370246,-0.09225239,-0.65133166,-0.69511765,0.5988122,0.62317413,-0.66495895,-0.70376,-0.6656494,-0.70341796,-0.6658082,-0.70350933,0.5789763,0.6023432,0.6023028,0.6280673,-0.6522975,-0.6876826,-0.63230735,-0.66235024,-0.6485578,-0.69114465,-0.59071505,-0.6450731,-0.60785794,-0.65642154,-0.6638135,-0.7000882,-0.5990299,-0.62577856,-0.32497722,-0.3849645,-0.6594294,-0.6924485,-0.61566925,-0.6657266,-0.6166105,-0.6660638,-0.4326163,-0.4479557,-0.58649915,-0.5987238
-0.14659771,1.3536197,1.4835165,-0.03341135,-0.005156449,0.05479375,-0.4883106,1.2611579,1.1771637,-0.30565286,1.3009094,1.3665228,-0.3407918,-0.4156931,0.020456959,-0.09225239,0.20170431,0.047722097,0.1476977,0.23380427,0.1298285,-0.01573862,0.12407932,-0.019758908,0.12042774,-0.022846907,0.19839399,0.273835,0.16167499,0.2476202,-0.014519027,-0.13427456,-0.12433008,-0.22299373,-0.10846324,-0.21918027,-0.29565588,-0.38189068,-0.28948817,-0.37289715,0.09338818,-0.044909183,0.12384364,-0.0033006934,-0.32497722,-0.3849645,0.19858955,0.04704903,0.2069161,0.05823375,0.21626268,0.06586913,-0.38886026,-0.410011,0.2587311,0.11867164
-1.4998071,-0.8589296,-0.48905408,-1.3698667,-1.2942597,-1.4959712,-1.3372815,-0.8474088,-0.49518102,-1.4190558,-0.8460093,-0.49453154,-1.3679549,-1.4084488,-0.63370246,-1.4357332,-0.65133166,-0.69511765,0.5988122,0.62317413,-0.66495895,-0.70376,-0.6656494,-0.70341796,-0.6658082,-0.70350933,0.5789763,0.6023432,0.6023028,0.6280673,-0.6522975,-0.6876826,-0.63230735,-0.66235024,-0.6485578,-0.69114465,-0.59071505,-0.6450731,-0.60785794,-0.65642154,-0.6638135,-0.7000882,-0.5990299,-0.62577856,-0.32497722,-0.3849645,-0.6594294,-0.6924485,-0.61566925,-0.6657266,-0.6166105,-0.6660638,-0.4326163,-0.4479557,-0.58649915,-0.5987238
1.2066118,0.26104328,-0.47325704,-1.3698667,0.42454463,1.1284002,0.81779844,0.28620386,-0.47964925,0.67582375,0.26708552,-0.4849896,0.7782523,0.96713805,-0.63370246,1.2512283,-0.65133166,-0.69511765,0.5988122,0.62317413,-0.66495895,-0.70376,-0.6656494,-0.70341796,-0.6658082,-0.70350933,0.5789763,0.6023432,0.6023028,0.6280673,-0.6522975,-0.6876826,-0.63230735,-0.66235024,-0.6485578,-0.69114465,-0.59071505,-0.6450731,-0.60785794,-0.65642154,-0.6638135,-0.7000882,-0.5990299,-0.62577856,-0.32497722,-0.3849645,-0.6594294,-0.6924485,-0.61566925,-0.6657266,-0.6166105,-0.6660638,-0.4326163,-0.4479557,-0.58649915,-0.5987238
-0.82320243,-0.82136416,-0.08038034,-0.701639,-0.8645586,-0.8398783,-0.6189215,-0.82805675,-0.0818056,-0.5784517,-0.8194934,-0.07133143,-0.57709867,-1.0328135,0.6937705,-0.7639928,0.5237022,0.5245228,-0.56964844,-0.58828294,0.7538387,0.7640279,0.7621251,0.7748614,0.7753364,0.78872657,-0.69195914,-0.71544415,-0.79390335,-0.8182015,1.2773912,1.3132833,1.2091103,1.2419617,1.0821022,1.1221075,0.27707967,0.28773928,0.631869,0.67169863,0.8505898,0.8685944,0.85974187,0.8560444,2.1852684,2.532718,0.6495864,0.6570881,0.62372947,0.63325584,0.63740855,0.646581,-0.15868554,-0.15642427,0.7583674,0.7725748
0.530007,0.08553262,-0.4757326,0.6348163,-0.005156449,0.47230738,0.6871875,0.24158487,-0.47847933,0.9247256,0.18578626,-0.47878546,0.70310724,1.5114996,-0.6314181,0.579488,-0.65133166,-0.6836506,0.5988122,0.61483085,-0.66495895,-0.6927928,-0.6656494,-0.6929176,-0.6658082,-0.693012,0.5789763,0.5944793,0.6023028,0.6199454,-0.6522975,-0.6759103,-0.63230735,-0.65461516,-0.6485578,-0.6808164,-0.59071505,-0.6356683,-0.60785794,-0.64496964,-0.6638135,-0.6902091,-0.5990299,-0.6117797,-0.32497722,-0.3849645,-0.6594294,-0.68278295,-0.61566925,-0.65458184,-0.6166105,-0.65471494,-0.4326163,-0.44520944,-0.58649915,-0.5897584
-0.14659771,-0.55706215,0.24751073,-0.03341135,-0.43485752,-0.18378547,0.5565766,-0.541311,0.26252183,0.49030772,-0.54790753,0.2573562,0.5104631,-0.14769433,1.7262528,-0.09225239,2.0600293,2.1906662,-1.0799257,-1.1492542,1.8210874,1.9275324,1.7388148,1.8418816,1.7210413,1.8232771,-0.95033616,-1.0124751,-1.0619961,-1.1295017,0.9666787,1.0309876,1.1833146,1.2575152,1.1726538,1.2544051,0.85254353,0.9261642,0.99017775,1.0784569,1.6077914,1.7036862,2.898115,3.0471635,-0.32497722,-0.3849645,1.7703414,1.8688631,2.0135674,2.161774,2.0555801,2.2036989,-0.09824261,-0.093424365,1.5260154,1.5967469
-1.4998071,-1.0007621,-0.46601117,-1.3698667,-1.2942597,-1.4959712,-1.0760597,-1.0080479,-0.45763692,-1.1635797,-1.0033327,-0.46467578,-1.1511294,-1.4314146,0.15250792,-1.4357332,-0.09523793,-0.061279092,-0.32560283,-0.41819158,0.02379888,0.07633741,0.04955917,0.10657759,0.05130807,0.108669035,-0.36025894,-0.45571512,-0.32142293,-0.41294503,0.018187579,0.07307659,0.25466856,0.33888477,0.0541545,0.11095397,-0.21251465,-0.20460024,-0.28220564,-0.278921,0.09338818,0.1569245,0.30619013,0.39152712,-0.20544171,-0.23778208,0.09580917,0.15906733,-0.27752593,-0.27525455,-0.2627403,-0.25816682,0.5845598,0.7007677,0.44595444,0.54933614
0.530007,0.77629113,-0.46598953,0.6348163,-0.005156449,0.47230738,0.2953548,1.0960318,-0.31362686,0.16962585,0.9622067,-0.42131767,0.23768692,0.3777865,-0.6164193,0.579488,-0.65133166,-0.65405655,0.5988122,0.6188849,-0.66495895,-0.67208236,-0.6656494,-0.67448354,-0.6658082,-0.6749307,0.5789763,0.60108215,0.6023028,0.6227504,-0.6522975,-0.66973406,-0.63230735,-0.6509328,-0.6485578,-0.6780275,-0.59071505,-0.63894004,-0.60785794,-0.64949614,-0.6638135,-0.6751736,-0.5990299,-0.60259664,-0.32497722,-0.3849645,-0.6594294,-0.66402155,-0.61566925,-0.61869776,-0.6166105,-0.61947006,-0.4326163,-0.4479557,-0.58649915,-0.59782773
-0.14659771,-0.8708993,-0.48922297,-0.03341135,-0.43485752,-0.18378547,-0.55361605,-0.883817,-0.49567986,-0.31472412,-0.8753509,-0.50102884,-0.36932522,-0.07745933,-0.63370246,-0.09225239,-0.65133166,-0.69511765,0.5988122,0.62317413,-0.66495895,-0.70376,-0.6656494,-0.70341796,-0.6658082,-0.70350933,0.5789763,0.6023432,0.6023028,0.6280673,-0.6522975,-0.6876826,-0.63230735,-0.66235024,-0.6485578,-0.69114465,-0.59071505,-0.6450731,-0.60785794,-0.65642154,-0.6638135,-0.7000882,-0.5990299,-0.62577856,-0.32497722,-0.3849645,-0.6594294,-0.6924485,-0.61566925,-0.6657266,-0.6166105,-0.6660638,-0.4326163,-0.4479557,-0.58649915,-0.5987238
1.2066118,2.6965275,-0.19694375,1.303044,0.42454463,1.1284002,1.0790203,2.8871002,-0.20154455,1.3551781,2.8264713,-0.11885604,1.3500756,1.5835062,0.18415247,1.2512283,0.2524553,0.23154625,0.039232958,0.054023515,0.16372314,0.14118329,0.1358387,0.11391191,0.12980825,0.10787579,0.06920547,0.08380339,0.04753649,0.06368829,-0.11263875,-0.13579457,-0.027100055,-0.045855645,-0.041487265,-0.066402495,-0.10962886,-0.1405277,-0.075179346,-0.09932884,0.09338818,0.07179607,0.566685,0.5536524,-0.32497722,-0.3849645,0.1504942,0.13002306,0.26074296,0.24222186,0.27411973,0.25545555,-0.3211584,-0.33411092,0.117672354,0.10627137
1.8832164,0.8683544,0.41016182,1.9712716,1.7136478,1.7844931,1.6014638,0.6740352,-0.22607712,1.2743665,0.82657677,0.08370786,1.3883225,1.6925483,-0.5280757,1.5870986,0.18310227,0.055671923,0.024442354,0.10778662,0.11483655,-0.004599916,0.10941311,-0.0077740545,0.108578674,-0.008417177,0.048256006,0.12567084,-0.013514381,0.077058494,0.09177743,-0.017457675,0.25268432,0.12372253,0.27571112,0.14864743,0.5753687,0.44261888,0.5216004,0.39006847,0.09338818,-0.020010581,-0.29946068,-0.3661805,0.6313069,0.5554996,0.033858046,-0.072957635,0.28558615,0.15768813,0.28219283,0.15326849,-0.33391213,-0.3600563,-0.014409894,-0.10332893
-0.14659771,-0.8770652,-0.20011435,-0.03341135,-0.43485752,-0.18378547,0.23004936,-0.8417605,-0.1104198,0.32548037,-0.83964735,-0.114453115,0.3196868,-0.22451141,1.4773908,-0.42812258,2.295688,2.1993122,-0.6953689,-0.6374231,1.9012613,1.8028568,1.8157132,1.72065,1.8076878,1.7130313,-0.426599,-0.37728158,-0.66383845,-0.6057259,1.8865515,1.8014642,1.1833146,1.110069,1.9996734,1.9198624,2.710262,2.672611,2.921579,2.8803089,1.6077914,1.5182852,2.0970929,1.9847126,0.21293257,0.18470575,1.5693011,1.4756464,2.9286246,2.8512971,2.8790345,2.7981915,-0.37153712,-0.38806254,0.10789444,0.06791219
0.530007,-0.54877025,-0.48467934,-0.701639,-0.005156449,0.47230738,0.36066025,-0.47799703,-0.44891894,0.4222916,-0.49104923,-0.45164824,0.30736357,0.78231466,-0.5428149,0.579488,-0.65133166,-0.54333895,0.5988122,0.56473035,-0.66495895,-0.57675743,-0.6656494,-0.57495517,-0.6658082,-0.5749713,0.5789763,0.56129336,0.6023028,0.573503,-0.6522975,-0.54203475,-0.63230735,-0.58965695,-0.6485578,-0.53631294,-0.59071505,-0.45403194,-0.60785794,-0.4308656,-0.6638135,-0.57764983,-0.5990299,-0.55050915,-0.32497722,-0.2873462,-0.6594294,-0.57379264,-0.61566925,-0.47082934,-0.6166105,-0.47319192,-0.4326163,-0.44701535,-0.58649915,-0.56749135
-0.82320243,0.54046786,-0.46931577,-0.701639,-0.8645586,-0.8398783,-0.684227,0.60588944,-0.4629534,-0.80600977,0.6070056,-0.4654104,-0.7911604,-0.6567654,-0.62708485,-0.7639928,-0.65133166,-0.67677647,0.5988122,0.612623,-0.66495895,-0.6875334,-0.6656494,-0.68785125,-0.6658082,-0.6880031,0.5789763,0.5931912,0.6023028,0.61755455,-0.6522975,-0.6727235,-0.63230735,-0.64818597,-0.6485578,-0.6736289,-0.59071505,-0.6192288,-0.60785794,-0.63268095,-0.6638135,-0.6857787,-0.5990299,-0.62577856,-0.32497722,-0.3812512,-0.6594294,-0.6788925,-0.61566925,-0.6453957,-0.6166105,-0.6458835,-0.4326163,-0.44704613,-0.58649915,-0.59124154
-0.82320243,-0.65409005,-0.4861649,-0.701639,-0.8645586,-0.8398783,-1.0107542,-0.7470736,-0.49344248,-0.94525534,-0.67022824,-0.4868142,-0.9893198,-0.8056213,-0.5851231,-0.7639928,-0.65133166,-0.5129372,0.5988122,0.40889382,-0.66495895,-0.51454693,-0.6656494,-0.50457704,-0.6658082,-0.5036362,0.5789763,0.3896747,0.6023028,0.40757313,-0.6522975,-0.46919367,-0.63230735,-0.4125824,-0.6485578,-0.4286551,-0.59071505,-0.3024287,-0.60785794,-0.37761438,-0.6638135,-0.48999912,-0.5990299,-0.37829295,-0.32497722,0.25107735,-0.6594294,-0.5143804,-0.61566925,-0.4820386,-0.6166105,-0.48571852,-0.4326163,-0.3246472,-0.58649915,-0.412344
-0.82320243,-0.39587444,-0.4825228,-0.701639,-0.8645586,-0.8398783,-0.88014334,-0.42576456,-0.48940402,-1.0518409,-0.42383608,-0.4946882,-0.95495754,-0.9995024,-0.63370246,-0.7639928,-0.65133166,-0.69511765,0.5988122,0.62317413,-0.66495895,-0.70376,-0.6656494,-0.70341796,-0.6658082,-0.70350933,0.5789763,0.6023432,0.6023028,0.6280673,-0.6522975,-0.6876826,-0.63230735,-0.66235024,-0.6485578,-0.69114465,-0.59071505,-0.6450731,-0.60785794,-0.65642154,-0.6638135,-0.7000882,-0.5990299,-0.62577856,-0.32497722,-0.3849645,-0.6594294,-0.6924485,-0.61566925,-0.6657266,-0.6166105,-0.6660638,-0.4326163,-0.4479557,-0.58649915,-0.5987238
-0.82320243,-0.1862622,-0.47956622,-0.701639,-0.8645586,-0.8398783,-1.0107542,-0.024411688,-0.48390505,-0.7494945,-0.08758568,-0.48875263,-0.79106057,-0.5815318,-0.63370246,-0.7639928,-0.65133166,-0.69511765,0.5988122,0.62317413,-0.66495895,-0.70376,-0.6656494,-0.70341796,-0.6658082,-0.70350933,0.5789763,0.6023432,0.6023028,0.6280673,-0.6522975,-0.6876826,-0.63230735,-0.66235024,-0.6485578,-0.69114465,-0.59071505,-0.6450731,-0.60785794,-0.65642154,-0.6638135,-0.7000882,-0.5990299,-0.62577856,-0.32497722,-0.3849645,-0.6594294,-0.6924485,-0.61566925,-0.6657266,-0.6166105,-0.6660638,-0.4326163,-0.4479557,-0.58649915,-0.5987238
1.2066118,4.087344,-0.41928753,1.303044,0.42454463,1.1284002,0.6218821,2.4492598,-0.44788924,0.84707683,3.0972233,-0.43918672,0.78390914,1.2947876,-0.63370246,1.2512283,-0.65133166,-0.6774255,0.5988122,0.6190331,-0.66495895,-0.68693304,-0.6656494,-0.6874754,-0.6658082,-0.6876729,0.5789763,0.59906924,0.6023028,0.62298495,-0.6522975,-0.6755581,-0.63230735,-0.6553629,-0.6485578,-0.6779499,-0.59071505,-0.6246877,-0.60785794,-0.6444525,-0.6638135,-0.6852642,-0.5990299,-0.619578,-0.32497722,-0.3849645,-0.6594294,-0.6770847,-0.61566925,-0.64579064,-0.6166105,-0.6459333,-0.4326163,-0.4479421,-0.58649915,-0.59686226
-1.4998071,-0.6624675,0.26118138,-1.3698667,-0.8645586,-1.4959712,-1.4678924,-0.89125776,-0.21377274,-1.7669771,-0.8840218,-0.20939706,-1.7438991,-1.8388282,-0.5664398,-1.4357332,0.5083041,0.0789365,0.37941775,0.48167497,0.28713465,-0.06599829,0.20150624,-0.11743583,0.19238621,-0.12330026,0.42534673,0.50701284,0.35809946,0.4688727,-0.047225587,-0.2765285,-0.36046013,-0.47561663,-0.2651871,-0.40932292,-0.46811292,-0.5441081,-0.39310738,-0.4924464,0.09338818,-0.18370552,0.24757874,-0.065619364,-0.32497722,-0.3849645,0.20399332,-0.106448464,0.62234926,0.18326615,0.60915273,0.17497098,-0.4315173,-0.4472102,-0.4015199,-0.4793687
1.2066118,-0.41223717,-0.48275357,1.303044,0.42454463,1.1284002,0.6218821,-0.33848733,-0.47286606,0.6083844,-0.33771574,-0.46900794,0.61204994,0.8951864,-0.59986824,1.2512283,-0.65133166,-0.66346335,0.5988122,0.55552477,-0.66495895,-0.6647742,-0.6656494,-0.66072065,-0.6658082,-0.6603524,0.5789763,0.5312017,0.6023028,0.56083846,-0.6522975,-0.6374871,-0.63230735,-0.6078132,-0.6485578,-0.62778413,-0.59071505,-0.5765584,-0.60785794,-0.5933594,-0.6638135,-0.6513144,-0.5990299,-0.56749016,-0.32497722,-0.20355108,-0.6594294,-0.6529646,-0.61566925,-0.64368147,-0.6166105,-0.64477766,-0.4326163,-0.35667098,-0.58649915,-0.5587601
-1.4998071,-0.8815328,-0.2658705,-1.3698667,-0.43485752,-1.4959712,-0.88014334,-0.8763796,-0.24323535,-1.0363002,-0.8699617,-0.23200664,-0.9451094,-1.2763168,0.19272801,-1.4357332,-0.004185033,0.048431415,-0.1653709,-0.24781705,0.07073001,0.13683084,0.077966645,0.14634898,0.07821536,0.14676827,-0.17869677,-0.2613108,-0.17543179,-0.25856373,0.022275899,0.08537491,0.2169672,0.3070966,0.032990072,0.09483041,-0.14280513,-0.11866958,0.036456157,0.09868921,0.09338818,0.16488557,0.00010852704,0.05351591,-0.26520947,-0.3101446,0.10737913,0.18015017,-0.04565625,-0.0039852243,-0.050149105,-0.009345179,0.07322438,0.13102856,0.20054437,0.28426906
-0.82320243,-0.829999,-0.09894177,-1.3698667,-0.005156449,-0.8398783,-0.8148379,-0.84040296,-0.107585065,-1.0012534,-0.88801825,-0.21794775,-1.1572727,-1.0190217,-0.06964074,-1.4357332,1.3729575,1.2073718,-0.21960326,-0.12222572,1.0541109,0.8985911,0.99519885,0.8465016,0.9878793,0.83957237,-0.039033543,0.044558242,-0.1966669,-0.10084166,0.9462371,0.7896694,0.54040575,0.42219076,1.1820303,1.0368588,1.8026983,1.6587477,1.873203,1.734603,0.8505898,0.7135042,-0.28643593,-0.33392692,0.09339705,0.042523988,0.81877565,0.6819338,1.7582346,1.5976743,1.7595671,1.5928464,-0.40820777,-0.42638725,-0.15210244,-0.2135606
-0.82320243,-0.28776613,-0.48099795,-0.701639,-0.8645586,-0.8398783,-0.22708881,-0.037102193,-0.43404853,-0.7654287,-0.10944769,-0.46921042,-0.6836847,-0.6536936,-0.63370246,-0.7639928,-0.65133166,-0.65623933,0.5988122,0.5773014,-0.66495895,-0.662084,-0.6656494,-0.66006076,-0.6658082,-0.65997446,0.5789763,0.55603516,0.6023028,0.5807971,-0.6522975,-0.64278334,-0.63230735,-0.61307925,-0.6485578,-0.6340121,-0.59071505,-0.57849085,-0.60785794,-0.60072404,-0.6638135,-0.6542119,-0.5990299,-0.569687,-0.32497722,-0.24393664,-0.6594294,-0.65424156,-0.61566925,-0.627976,-0.6166105,-0.6288216,-0.4326163,-0.4162787,-0.58649915,-0.5590053
0.530007,0.76592195,-0.46613577,0.6348163,-0.005156449,0.47230738,0.5565766,0.63822126,-0.4748262,0.41439965,0.5377985,-0.47822523,0.43792117,0.73956233,-0.63370246,0.579488,-0.65133166,-0.69511765,0.5988122,0.62317413,-0.66495895,-0.70376,-0.6656494,-0.70341796,-0.6658082,-0.70350933,0.5789763,0.6023432,0.6023028,0.6280673,-0.6522975,-0.6876826,-0.63230735,-0.66235024,-0.6485578,-0.69114465,-0.59071505,-0.6450731,-0.60785794,-0.65642154,-0.6638135,-0.7000882,-0.5990299,-0.62577856,-0.32497722,-0.3849645,-0.6594294,-0.6924485,-0.61566925,-0.6657266,-0.6166105,-0.6660638,-0.4326163,-0.4479557,-0.58649915,-0.5987238
0.530007,-0.7972386,-0.48818395,0.6348163,-0.005156449,0.47230738,0.49127117,-0.8001258,-0.4945332,0.3392681,-0.79763603,-0.4999378,0.31468576,0.683371,-0.63370246,0.579488,-0.65133166,-0.69511765,0.5988122,0.62317413,-0.66495895,-0.70376,-0.6656494,-0.70341796,-0.6658082,-0.70350933,0.5789763,0.6023432,0.6023028,0.6280673,-0.6522975,-0.6876826,-0.63230735,-0.66235024,-0.6485578,-0.69114465,-0.59071505,-0.6450731,-0.60785794,-0.65642154,-0.6638135,-0.7000882,-0.5990299,-0.62577856,-0.32497722,-0.3849645,-0.6594294,-0.6924485,-0.61566925,-0.6657266,-0.6166105,-0.6660638,-0.4326163,-0.4479557,-0.58649915,-0.5987238
1.8832164,0.8805439,-0.02461509,1.9712716,1.2839468,1.7844931,1.340242,0.6661195,0.021140317,1.4662106,0.5995199,0.021475585,1.3777483,1.38621,0.6658976,1.5870986,0.53557,0.533399,-0.813694,-0.80305105,0.7538387,0.7612354,0.7738845,0.78261745,0.7822483,0.79209375,-0.89796245,-0.8955807,-0.92927694,-0.9355033,1.0157385,1.0737906,1.0821159,1.1258763,0.959938,1.0073513,0.338408,0.34116337,0.62320536,0.66054803,0.8505898,0.86543,0.7294944,0.74051976,1.0496812,1.3948965,0.7380287,0.73379534,0.4470669,0.4710032,0.45441866,0.47883093,0.4807657,0.41444406,0.97764975,0.9622277
-0.14659771,-0.07511025,-0.47799844,-0.03341135,-0.43485752,-0.18378547,-0.42300516,-0.08174075,-0.48469052,-0.42823368,-0.071728356,-0.48937264,-0.3747008,-0.2562569,-0.63370246,-0.09225239,-0.65133166,-0.69511765,0.5988122,0.62317413,-0.66495895,-0.70376,-0.6656494,-0.70341796,-0.6658082,-0.70350933,0.5789763,0.6023432,0.6023028,0.6280673,-0.6522975,-0.6876826,-0.63230735,-0.66235024,-0.6485578,-0.69114465,-0.59071505,-0.6450731,-0.60785794,-0.65642154,-0.6638135,-0.7000882,-0.5990299,-0.62577856,-0.32497722,-0.3849645,-0.6594294,-0.6924485,-0.61566925,-0.6657266,-0.6166105,-0.6660638,-0.4326163,-0.4479557,-0.58649915,-0.5987238
1.2066118,0.7880178,-0.16809405,1.303044,0.8542457,1.1284002,0.6871875,0.9031739,-0.16259544,0.83762383,0.98477566,-0.028221704,0.784997,0.8877012,0.01044506,1.2512283,-0.051946986,-0.09928547,-0.22946364,-0.18616538,0.0444399,-0.006459583,0.059997234,0.010604976,0.061676018,0.012424569,-0.26249468,-0.21977054,-0.23117387,-0.18794534,0.050894186,0.008893494,0.16140714,0.12103609,0.094608,0.05908604,-0.095489375,-0.1088003,0.0033419628,-0.022898097,0.09338818,0.045349114,0.00010852704,-0.019855797,-0.20544171,-0.12179535,0.08352075,0.029359145,-0.1726325,-0.21219376,-0.17259088,-0.2127051,0.34380034,0.30282113,0.30521634,0.25046432
1.2066118,-0.6300968,-0.48582646,0.6348163,0.42454463,1.1284002,0.6218821,-0.60165936,-0.47963944,0.5456947,-0.6054076,-0.47815034,0.538188,0.7595636,-0.62668806,1.2512283,-0.65133166,-0.6768407,0.5988122,0.58159226,-0.66495895,-0.67807627,-0.6656494,-0.6762746,-0.6658082,-0.67610884,0.5789763,0.55809677,0.6023028,0.5848747,-0.6522975,-0.6561349,-0.63230735,-0.62032837,-0.6485578,-0.65834695,-0.59071505,-0.6145184,-0.60785794,-0.63020694,-0.6638135,-0.6697533,-0.5990299,-0.5908208,-0.32497722,-0.2721344,-0.6594294,-0.6664066,-0.61566925,-0.65353286,-0.6166105,-0.653919,-0.4326163,-0.40696928,-0.58649915,-0.5611978
1.2066118,-0.25344396,0.731433,1.303044,0.42454463,1.1284002,2.3198237,-0.2396409,0.73713803,2.1042616,-0.2369825,0.7558745,2.146201,1.0602384,3.3022707,0.9153582,3.867603,3.9823344,-2.199084,-2.249649,3.4784515,3.561186,3.341791,3.4221427,3.3122737,3.392045,-1.9698776,-2.0150115,-2.1715288,-2.220671,2.0459962,2.0980794,2.3937292,2.4494627,2.3867946,2.4623215,1.8147157,1.9016963,2.055535,2.1556118,3.1221948,3.1960747,5.2295446,5.3274727,-0.32497722,-0.3849645,3.3901885,3.4590547,3.766392,3.917278,3.8370407,3.9854372,0.12467314,0.12667471,2.9343584,2.9597585
1.2066118,1.8900703,-0.4502798,-1.3698667,0.42454463,1.1284002,0.4259657,1.6523854,-0.27354008,0.7685394,1.7500442,-0.25913987,0.69627583,1.1015013,-0.52549094,1.2512283,-0.65133166,-0.116839565,0.5988122,0.46966842,-0.66495895,-0.15629421,-0.6656494,-0.19276555,-0.6658082,-0.19636649,0.5789763,0.4728475,0.6023028,0.4419498,-0.6522975,-0.28641266,-0.63230735,-0.40077028,-0.6485578,-0.25385562,-0.59071505,-0.2074198,-0.60785794,-0.3193632,-0.6638135,-0.23211029,-0.5990299,-0.3047611,-0.32497722,-0.27228242,-0.6594294,-0.21043392,-0.61566925,-0.0545591,-0.6166105,-0.047247324,-0.4326163,-0.42203698,-0.58649915,-0.4357254
0.530007,0.795867,2.4716122,0.6348163,1.2839468,1.1284002,1.0790203,1.0868857,2.8330696,1.0958822,1.0372765,2.8168218,1.0145754,0.4703127,1.8507192,0.2436178,1.8676186,2.2449472,-0.90243787,-1.1340306,1.7402614,2.0967588,1.7053865,2.0626945,1.6963557,2.052675,-0.74433285,-0.9472174,-0.88946116,-1.1151342,1.375511,1.688594,1.1019588,1.3560805,1.2905315,1.6089777,0.7499042,1.0499755,1.1250944,1.4678767,1.6077914,1.9539477,1.5174916,1.8020003,-0.32497722,-0.3849645,1.796703,2.1650844,1.8879714,2.2953072,1.9331385,2.3412998,-0.09219833,-0.026464082,1.60488,1.9014084
1.8832164,0.67480624,0.2670061,1.9712716,1.2839468,1.7844931,1.2749366,0.75689423,0.53729737,1.6180694,0.7183307,0.573078,1.6191641,1.8166991,0.09681089,1.9229687,-0.06644476,0.039764207,-0.50802076,-0.756375,0.005765159,0.13429591,0.028682929,0.1642572,0.036373302,0.17402093,-0.5872117,-0.8513248,-0.5045755,-0.75184053,0.3248119,0.5368333,0.30427572,0.5067746,0.2438305,0.43425038,0.2699827,0.46108574,0.22156711,0.40656778,0.09338818,0.24580403,0.37131387,0.5773036,0.9899134,1.4150604,-0.040230025,0.0780944,-0.2195585,-0.16285299,-0.22910248,-0.17478453,1.0160758,1.3653365,0.020534195,0.1460248
0.530007,-0.4886629,0.40094247,0.6348163,3.4324522,0.47230738,1.2096311,-0.46464047,0.4846876,1.7902323,-0.44256127,0.5481104,1.716559,0.8785714,3.0578663,0.579488,1.9372549,2.0408895,-2.4579203,-2.5817764,2.2777967,2.3893275,2.3088148,2.4234343,2.310286,2.425222,-2.4517157,-2.5756085,-2.5086355,-2.634432,2.045996,2.1569052,2.7647908,2.9048834,2.0776336,2.2009754,1.2009246,1.2919122,1.9693984,2.1221285,2.364993,2.4827201,1.7975237,1.8737936,-0.08590619,-0.1096528,2.4078047,2.5184166,1.6643827,1.7692558,1.649235,1.7504367,1.5907464,1.6825088,2.561675,2.6503887
1.2066118,3.2152438,1.7764331,1.303044,1.2839468,1.3669795,1.2096311,3.4471486,2.1831055,1.2894171,3.504362,2.1523433,1.3081183,1.17192,0.7550044,0.9153582,1.1557138,1.4031376,-0.37737006,-0.3090626,0.9939263,1.1486481,0.9324381,1.0640686,0.92382014,1.0524592,-0.31836,-0.22498566,-0.4090176,-0.3470875,0.6150828,0.6655284,0.5126258,0.49798283,0.5053048,0.5115443,0.062036548,0.022353247,0.1850702,0.15182193,0.8505898,0.94671136,0.78810585,0.8840644,-0.20544171,-0.26593924,0.955479,1.0798647,1.1896019,1.5119418,1.1783051,1.4948165,0.34380034,0.25285238,0.34865597,0.24351145
-0.82320243,-0.930574,-0.49006462,-1.3698667,-0.8645586,-0.8398783,-1.2066705,-0.9390086,-0.4964361,-1.1384698,-0.94403094,-0.5019931,-1.1955651,-1.2015885,-0.63370246,-0.7639928,-0.65133166,-0.69511765,0.5988122,0.62317413,-0.66495895,-0.70376,-0.6656494,-0.70341796,-0.6658082,-0.70350933,0.5789763,0.6023432,0.6023028,0.6280673,-0.6522975,-0.6876826,-0.63230735,-0.66235024,-0.6485578,-0.69114465,-0.59071505,-0.6450731,-0.60785794,-0.65642154,-0.6638135,-0.7000882,-0.5990299,-0.62577856,-0.32497722,-0.3849645,-0.6594294,-0.6924485,-0.61566925,-0.6657266,-0.6166105,-0.6660638,-0.4326163,-0.4479557,-0.58649915,-0.5987238
-0.82320243,-0.4661579,-0.48351413,-0.701639,-0.8645586,-0.8398783,-0.88014334,-0.41926056,-0.4893149,-0.8560224,-0.41973284,-0.49463224,-0.8770517,-0.74030834,-0.63370246,-0.7639928,-0.65133166,-0.69511765,0.5988122,0.62317413,-0.66495895,-0.70376,-0.6656494,-0.70341796,-0.6658082,-0.70350933,0.5789763,0.6023432,0.6023028,0.6280673,-0.6522975,-0.6876826,-0.63230735,-0.66235024,-0.6485578,-0.69114465,-0.59071505,-0.6450731,-0.60785794,-0.65642154,-0.6638135,-0.7000882,-0.5990299,-0.62577856,-0.32497722,-0.3849645,-0.6594294,-0.6924485,-0.61566925,-0.6657266,-0.6166105,-0.6660638,-0.4326163,-0.4479557,-0.58649915,-0.5987238
0.530007,1.8627867,0.017092006,0.6348163,0.42454463,0.47230738,0.49127117,2.1261861,0.013974181,0.36998022,2.061416,0.05169169,0.49211156,0.3868753,0.020718204,0.579488,-0.05498917,-0.081861764,-0.43899772,-0.4355265,0.014021544,-0.009396795,0.0413672,0.019717548,0.05032067,0.028984925,-0.48595583,-0.4841297,-0.446179,-0.44175437,0.44746158,0.4403435,0.42134863,0.414149,0.30009043,0.28802204,0.47956836,0.48073903,0.3572262,0.35589707,0.09338818,0.07409184,0.31270248,0.299425,1.2887521,1.4231249,-0.02429836,-0.045559205,-0.12294616,-0.15375546,-0.13222547,-0.16344492,0.5340943,0.54239386,0.08785769,0.0784299
1.8832164,1.0596554,-0.12426651,1.9712716,1.2839468,1.7844931,1.0137148,1.1723108,-0.08515666,0.7702875,1.093804,-0.025905576,0.83991694,1.0462512,-0.56336474,1.2512283,0.4967398,0.032630034,-0.72741526,-0.1875211,0.62260526,0.14282936,0.7252615,0.22145765,0.73238343,0.22581184,-0.7408412,-0.20613694,-0.7965578,-0.23935546,0.74999744,0.18363537,0.9868702,0.3452526,1.2439162,0.5718562,1.7601721,0.90612805,1.2704254,0.56718683,0.8505898,0.31881922,1.4979546,0.87443805,4.0978365,2.7640178,0.61712307,0.16926508,0.6665149,0.19844247,0.6400996,0.18027629,0.36450714,0.054397292,0.52610147,0.078897506
0.530007,-0.5172883,-0.4842353,0.6348163,-0.005156449,0.47230738,0.36066025,-0.4800754,-0.42432138,0.30509543,-0.49028343,-0.39873832,0.40166888,0.49192727,-0.47282955,0.579488,-0.65133166,-0.55930626,0.5988122,0.3329272,-0.66495895,-0.53649294,-0.6656494,-0.5202269,-0.6658082,-0.5183461,0.5789763,0.29711342,0.6023028,0.33962482,-0.6522975,-0.47232065,-0.63230735,-0.4283611,-0.6485578,-0.4192989,-0.59071505,-0.35111347,-0.60785794,-0.3858561,-0.6638135,-0.4908261,-0.5990299,-0.3756945,-0.32497722,0.39338246,-0.6594294,-0.5230445,-0.61566925,-0.57114303,-0.6166105,-0.57473654,-0.4326163,-0.056302283,-0.58649915,-0.42726108
-0.82320243,-0.5382035,-0.48453027,-0.701639,-0.8645586,-0.8398783,-0.22708881,-0.37291944,-0.42152548,-0.7758548,-0.44187066,-0.46931165,-0.6579719,-0.640004,-0.63370246,-0.7639928,-0.65133166,-0.64607507,0.5988122,0.56374645,-0.66495895,-0.65077037,-0.6656494,-0.64799786,-0.6658082,-0.6478589,0.5789763,0.5420597,0.6023028,0.56730694,-0.6522975,-0.63162476,-0.63230735,-0.6026704,-0.6485578,-0.6172156,-0.59071505,-0.55984706,-0.60785794,-0.5830459,-0.6638135,-0.6410062,-0.5990299,-0.5541307,-0.32497722,-0.19481839,-0.6594294,-0.64341956,-0.61566925,-0.61868036,-0.6166105,-0.6196766,-0.4326163,-0.404451,-0.58649915,-0.5469907
-0.14659771,-0.10616114,-0.47843638,-0.03341135,-0.43485752,-0.18378547,-0.16178335,-0.04941236,-0.48424757,-0.22096956,-0.07261278,-0.48975888,-0.22325872,0.018569952,-0.63370246,-0.09225239,-0.65133166,-0.69511765,0.5988122,0.62317413,-0.66495895,-0.70376,-0.6656494,-0.70341796,-0.6658082,-0.70350933,0.5789763,0.6023432,0.6023028,0.6280673,-0.6522975,-0.6876826,-0.63230735,-0.66235024,-0.6485578,-0.69114465,-0.59071505,-0.6450731,-0.60785794,-0.65642154,-0.6638135,-0.7000882,-0.5990299,-0.62577856,-0.32497722,-0.3849645,-0.6594294,-0.6924485,-0.61566925,-0.6657266,-0.6166105,-0.6660638,-0.4326163,-0.4479557,-0.58649915,-0.5987238
-0.82320243,0.0039401273,1.6936798,-0.701639,-0.005156449,-0.3627199,-0.684227,0.14138679,1.9424462,-0.33005524,0.08932452,1.8731834,-0.5421604,-0.8734392,1.0963261,-1.0998629,1.2471839,1.5257113,-0.28862622,-0.40392557,1.0123944,1.24539,0.96243113,1.187785,0.95492405,1.1792555,-0.15076408,-0.24185136,-0.2656809,-0.37678954,0.8031457,1.0114162,0.4372229,0.5792831,0.60041076,0.77639884,0.33224156,0.46562883,0.5453806,0.7301538,0.8505898,1.0572537,1.0355761,1.2616292,-0.32497722,-0.3849645,0.9852691,1.2069502,1.3552231,1.6670067,1.363986,1.674588,-0.3562095,-0.35937816,0.61217934,0.7551382
1.2066118,0.07498399,-0.47588137,-0.701639,0.42454463,1.1284002,0.88310385,0.18012767,-0.45146,0.9726567,0.19853826,-0.44448858,1.0062605,1.4324198,-0.6187647,1.2512283,-0.65133166,-0.6684752,0.5988122,0.59936315,-0.66495895,-0.6763345,-0.6656494,-0.67604774,-0.6658082,-0.67623144,0.5789763,0.5790229,0.6023028,0.60417145,-0.6522975,-0.6675525,-0.63230735,-0.63927853,-0.6485578,-0.66920704,-0.59071505,-0.6221574,-0.60785794,-0.6367969,-0.6638135,-0.67271423,-0.5990299,-0.5970811,-0.32497722,-0.3849645,-0.6594294,-0.6649595,-0.61566925,-0.6422561,-0.6166105,-0.6420159,-0.4326163,-0.43777487,-0.58649915,-0.5642595
-0.82320243,-0.09655233,-0.47830087,-0.701639,-0.8645586,-0.8398783,-0.8148379,0.19486648,-0.28963426,-0.8926027,0.06636867,-0.43766838,-0.8357454,-0.7900988,-0.6123653,-0.7639928,-0.65133166,-0.6444253,0.5988122,0.61787885,-0.66495895,-0.66465205,-0.6656494,-0.6676967,-0.6658082,-0.6682273,0.5789763,0.6007864,0.6023028,0.6215033,-0.6522975,-0.665524,-0.63230735,-0.6482547,-0.6485578,-0.6749507,-0.59071505,-0.63750154,-0.60785794,-0.6478718,-0.6638135,-0.66932964,-0.5990299,-0.59715915,-0.32497722,-0.3849645,-0.6594294,-0.6573537,-0.61566925,-0.60766673,-0.6166105,-0.608541,-0.4326163,-0.4479557,-0.58649915,-0.5976175
-1.4998071,-0.9273609,-0.3082293,-1.3698667,-0.8645586,-1.4959712,-0.94544876,-0.93288946,-0.38592258,-1.1636031,-0.925954,-0.36063865,-1.0900278,-1.2986323,-0.09579887,-1.4357332,0.22689144,-0.16187713,-0.019929597,0.25049323,0.125483,-0.22648169,0.12051186,-0.22865804,0.11931689,-0.22935006,0.02381495,0.26792613,-0.016168725,0.25546756,0.12448399,-0.21725504,0.16736004,-0.17996207,0.27062097,-0.13096958,0.6446253,0.12215778,0.5842153,0.08186896,0.09338818,-0.24298497,-0.46227002,-0.5438376,0.3324681,0.049967285,0.051765054,-0.2647603,0.37253726,-0.059461493,0.3642692,-0.06511687,-0.38784805,-0.4208766,-0.12918039,-0.32758683
-0.14659771,-0.48129964,-0.4837277,-0.03341135,-0.43485752,-0.18378547,-0.29239425,-0.45163924,-0.48829165,-0.21398284,-0.4406447,-0.48548052,-0.15310806,0.05345167,-0.63370246,-0.09225239,-0.65133166,-0.68769825,0.5988122,0.61682266,-0.66495895,-0.69705784,-0.6656494,-0.69666755,-0.6658082,-0.69674635,0.5789763,0.59647685,0.6023028,0.6218044,-0.6522975,-0.67991805,-0.63230735,-0.6548427,-0.6485578,-0.68307745,-0.59071505,-0.6334497,-0.60785794,-0.6451708,-0.6638135,-0.6934823,-0.5990299,-0.61799675,-0.32497722,-0.38267887,-0.6594294,-0.6862987,-0.61566925,-0.65707517,-0.6166105,-0.65754586,-0.4326163,-0.44706556,-0.58649915,-0.59457606
0.530007,0.33578157,-0.47220287,-0.03341135,-0.005156449,0.47230738,0.23004936,0.3099234,-0.43187946,0.40607166,0.3712662,-0.38533562,0.33148262,0.7567747,-0.629196,0.579488,-0.65133166,-0.6580074,0.5988122,0.5770809,-0.66495895,-0.6626611,-0.6656494,-0.6600406,-0.6658082,-0.6599574,0.5789763,0.5551752,0.6023028,0.5812439,-0.6522975,-0.6461975,-0.63230735,-0.6203464,-0.6485578,-0.63196564,-0.59071505,-0.5786714,-0.60785794,-0.59736484,-0.6638135,-0.6532404,-0.5990299,-0.56897235,-0.32497722,-0.22507226,-0.6594294,-0.6538102,-0.61566925,-0.63080215,-0.6166105,-0.6316823,-0.4326163,-0.40942734,-0.58649915,-0.5575429
-0.14659771,0.48906925,-0.0045772335,-0.03341135,0.42454463,-0.18378547,0.5565766,0.39686295,0.03881033,0.3835499,0.4203,0.055527855,0.48191875,0.05028201,1.0066748,-0.09225239,0.89960194,1.0595828,-0.7249502,-0.8688593,0.8994121,1.0588111,0.87945485,1.0381979,0.87383175,1.0321305,-0.6884676,-0.8271279,-0.7301981,-0.8743993,0.56193465,0.68758076,0.8221745,0.9797994,0.6400606,0.7765326,0.338281,0.4318771,0.5691347,0.70657426,0.8505898,1.0071454,1.1658233,1.34048,-0.26520947,-0.3101446,0.9173027,1.0776097,0.8307559,0.98674434,0.8405811,0.9961926,0.18468225,0.255253,0.9047159,1.0535414
-1.4998071,-0.8754225,-0.25535598,-1.3698667,-0.8645586,-1.4959712,-1.0107542,-0.87716657,-0.18741667,-1.1034508,-0.87494504,-0.22446884,-1.048976,-1.3539749,0.16810526,-1.4357332,-0.051946986,-0.040578548,-0.22946364,-0.2740776,0.0444399,0.06661806,0.059997234,0.08471456,0.061676018,0.08666083,-0.26249468,-0.30928993,-0.23117387,-0.27501637,0.050894186,0.078230225,0.16140714,0.19876887,0.094608,0.12341174,-0.095489375,-0.091908626,0.0033419628,0.024378099,0.09338818,0.1220143,0.00010852704,0.01984764,-0.20544171,-0.2427414,0.08352075,0.11109663,-0.1726325,-0.17688712,-0.17259088,-0.17681,0.34380034,0.39668277,0.30521634,0.3521169
1.2066118,-0.14023216,-0.47891697,0.6348163,0.42454463,1.1284002,0.2953548,-0.029768808,-0.48397842,0.99020976,-0.003254678,-0.46635985,0.9288357,1.4300286,-0.63370246,1.2512283,-0.65133166,-0.69511765,0.5988122,0.62317413,-0.66495895,-0.70376,-0.6656494,-0.70341796,-0.6658082,-0.70350933,0.5789763,0.6023432,0.6023028,0.6280673,-0.6522975,-0.6876826,-0.63230735,-0.66235024,-0.6485578,-0.69114465,-0.59071505,-0.6450731,-0.60785794,-0.65642154,-0.6638135,-0.7000882,-0.5990299,-0.62577856,-0.32497722,-0.3849645,-0.6594294,-0.6924485,-0.61566925,-0.6657266,-0.6166105,-0.6660638,-0.4326163,-0.4479557,-0.58649915,-0.5987238
-0.82320243,-0.77162814,-0.48782274,-0.701639,-0.8645586,-0.8398783,-0.88014334,-0.7522652,-0.48520744,-0.75253063,-0.7460898,-0.47680506,-0.7391069,-0.6199573,-0.61227506,-0.7639928,-0.65133166,-0.66549826,0.5988122,0.60220426,-0.66495895,-0.67408776,-0.6656494,-0.67305607,-0.6658082,-0.67305976,0.5789763,0.58258754,0.6023028,0.60515815,-0.6522975,-0.6548896,-0.63230735,-0.6306426,-0.6485578,-0.6520883,-0.59071505,-0.59466255,-0.60785794,-0.6107225,-0.6638135,-0.66919947,-0.5990299,-0.58939147,-0.32497722,-0.3448865,-0.6594294,-0.6649639,-0.61566925,-0.6312239,-0.6166105,-0.632028,-0.4326163,-0.4423739,-0.58649915,-0.5775953
-1.4998071,-0.7838474,-0.4879951,-1.3698667,-1.2942597,-1.4959712,-1.5331979,-0.7936099,-0.49444392,-1.3744296,-0.7901152,-0.49617136,-1.3790681,-1.3121737,-0.63370246,-1.4357332,-0.65133166,-0.69511765,0.5988122,0.62317413,-0.66495895,-0.70376,-0.6656494,-0.70341796,-0.6658082,-0.70350933,0.5789763,0.6023432,0.6023028,0.6280673,-0.6522975,-0.6876826,-0.63230735,-0.66235024,-0.6485578,-0.69114465,-0.59071505,-0.6450731,-0.60785794,-0.65642154,-0.6638135,-0.7000882,-0.5990299,-0.62577856,-0.32497722,-0.3849645,-0.6594294,-0.6924485,-0.61566925,-0.6657266,-0.6166105,-0.6660638,-0.4326163,-0.4479557,-0.58649915,-0.5987238
-0.82320243,-0.6318578,-0.48585132,-1.3698667,-0.8645586,-0.8398783,-0.94544876,-0.6540832,-0.48684642,-0.9290955,-0.6434022,-0.4791517,-0.95097154,-0.83886814,-0.5860662,-0.7639928,-0.65133166,-0.62037885,0.5988122,0.6074486,-0.66495895,-0.64148474,-0.6656494,-0.6455926,-0.6658082,-0.64618796,0.5789763,0.5914422,0.6023028,0.61113054,-0.6522975,-0.6441636,-0.63230735,-0.64373857,-0.6485578,-0.6621529,-0.59071505,-0.6305382,-0.60785794,-0.63975555,-0.6638135,-0.64858556,-0.5990299,-0.5721425,-0.32497722,-0.3849645,-0.6594294,-0.6342197,-0.61566925,-0.58472896,-0.6166105,-0.58535075,-0.4326163,-0.4478335,-0.58649915,-0.5829726
1.2066118,2.8525858,-0.43670365,1.303044,0.42454463,1.1284002,0.2953548,2.6452832,-0.44732714,0.65389323,2.382247,-0.3525013,0.6369471,1.0423181,-0.63370246,1.2512283,-0.65133166,-0.69511765,0.5988122,0.62317413,-0.66495895,-0.70376,-0.6656494,-0.70341796,-0.6658082,-0.70350933,0.5789763,0.6023432,0.6023028,0.6280673,-0.6522975,-0.6876826,-0.63230735,-0.66235024,-0.6485578,-0.69114465,-0.59071505,-0.6450731,-0.60785794,-0.65642154,-0.6638135,-0.7000882,-0.5990299,-0.62577856,-0.32497722,-0.3849645,-0.6594294,-0.6924485,-0.61566925,-0.6657266,-0.6166105,-0.6660638,-0.4326163,-0.4479557,-0.58649915,-0.5987238
1.2066118,-0.037776582,-0.47747186,1.303044,0.42454463,1.1284002,0.9484093,0.15702453,-0.44665346,0.9699701,0.13273662,-0.43049344,0.93727446,1.425143,-0.58296204,1.2512283,-0.65133166,-0.60029906,0.5988122,0.5491956,-0.66495895,-0.6120495,-0.6656494,-0.6151496,-0.6658082,-0.615051,0.5789763,0.5318641,0.6023028,0.5548751,-0.6522975,-0.5767853,-0.63230735,-0.58810115,-0.6485578,-0.60100085,-0.59071505,-0.5552682,-0.60785794,-0.5533107,-0.6638135,-0.61623114,-0.5990299,-0.5086802,-0.32497722,-0.3849645,-0.6594294,-0.61223763,-0.61566925,-0.57270193,-0.6166105,-0.5725068,-0.4326163,-0.41965503,-0.58649915,-0.5233038
1.2066118,-0.10747568,-0.47845495,1.303044,0.42454463,1.1284002,0.88310385,-0.056606088,-0.46784353,0.7307047,-0.090350725,-0.47367328,0.62733227,1.1557243,-0.6125389,1.2512283,-0.65133166,-0.58888054,0.5988122,0.5458769,-0.66495895,-0.60215324,-0.6656494,-0.6061365,-0.6658082,-0.6062555,0.5789763,0.5294874,0.6023028,0.55282164,-0.6522975,-0.5786168,-0.63230735,-0.5906881,-0.6485578,-0.5954577,-0.59071505,-0.5579412,-0.60785794,-0.55032444,-0.6638135,-0.6085629,-0.5990299,-0.49608546,-0.32497722,-0.3849645,-0.6594294,-0.6029011,-0.61566925,-0.5624756,-0.6166105,-0.560922,-0.4326163,-0.42251283,-0.58649915,-0.5156626
-1.4998071,-0.69986063,-0.48681045,-1.3698667,-1.2942597,-1.4959712,-1.3372815,-0.7581941,-0.4939587,-1.3961754,-0.7274684,-0.49893188,-1.3668044,-1.3603462,-0.63370246,-1.4357332,-0.65133166,-0.69511765,0.5988122,0.62317413,-0.66495895,-0.70376,-0.6656494,-0.70341796,-0.6658082,-0.70350933,0.5789763,0.6023432,0.6023028,0.6280673,-0.6522975,-0.6876826,-0.63230735,-0.66235024,-0.6485578,-0.69114465,-0.59071505,-0.6450731,-0.60785794,-0.65642154,-0.6638135,-0.7000882,-0.5990299,-0.62577856,-0.32497722,-0.3849645,-0.6594294,-0.6924485,-0.61566925,-0.6657266,-0.6166105,-0.6660638,-0.4326163,-0.4479557,-0.58649915,-0.5987238
-1.4998071,-0.1250708,-0.47870314,-1.3698667,-1.2942597,-1.4959712,-1.5331979,-0.064256005,-0.48445094,-1.4371018,-0.08325397,-0.38939017,-1.4191352,-1.3660883,-0.63370246,-1.4357332,-0.65133166,-0.69511765,0.5988122,0.62317413,-0.66495895,-0.70376,-0.6656494,-0.70341796,-0.6658082,-0.70350933,0.5789763,0.6023432,0.6023028,0.6280673,-0.6522975,-0.6876826,-0.63230735,-0.66235024,-0.6485578,-0.69114465,-0.59071505,-0.6450731,-0.60785794,-0.65642154,-0.6638135,-0.7000882,-0.5990299,-0.62577856,-0.32497722,-0.3849645,-0.6594294,-0.6924485,-0.61566925,-0.6657266,-0.6166105,-0.6660638,-0.4326163,-0.4479557,-0.58649915,-0.5987238
-1.4998071,-0.9659092,-0.391092,-1.3698667,-0.8645586,-1.4959712,-1.4025869,-0.9854542,-0.41530108,-1.7035449,-0.9783498,-0.41851923,-1.8065664,-1.7671789,-0.4551983,-2.1074736,0.40102378,-0.31452924,0.20439513,0.4845235,0.19979058,-0.3932362,0.17098473,-0.40198538,0.16683662,-0.40349412,0.29615822,0.50487506,0.230689,0.4971859,0.14901395,-0.40132576,-0.09456577,-0.4668754,0.21516486,-0.36893907,0.36465955,-0.27720043,0.41052824,-0.2617959,0.09338818,-0.42667925,0.29967773,-0.34974805,-0.26520947,-0.32601842,0.100759074,-0.42072335,0.66099423,-0.19620581,0.6495182,-0.19947134,-0.42550194,-0.44570607,-0.4516919,-0.5536174
1.2066118,0.45099905,1.3048655,1.303044,1.2839468,1.4862691,1.2096311,0.39275047,1.1594237,1.7216567,0.43472013,1.2554358,1.6506468,1.3853719,1.6511569,0.9153582,1.4270896,1.3451464,-1.2007158,-1.1025945,1.5807827,1.4733888,1.6035157,1.4923724,1.5953915,1.4843713,-1.1249151,-1.0297881,-1.1973699,-1.0983219,1.0239152,0.9346683,1.2587175,1.1570386,1.3615261,1.2616622,1.0017409,0.9460285,1.198782,1.1277808,1.6077914,1.4920489,1.4393431,1.3645444,-0.32497722,-0.38319823,1.7785792,1.6501245,1.2889746,1.2286406,1.3572584,1.2927636,0.27340895,0.21798427,2.0650842,1.8949201
-1.4998071,-0.8986186,-0.48961392,-1.3698667,-1.2942597,-1.4959712,-1.4678924,-0.9285764,-0.49629313,-1.4503556,-0.9233215,-0.50170237,-1.4316425,-1.4431791,-0.63370246,-1.4357332,-0.65133166,-0.69511765,0.5988122,0.62317413,-0.66495895,-0.70376,-0.6656494,-0.70341796,-0.6658082,-0.70350933,0.5789763,0.6023432,0.6023028,0.6280673,-0.6522975,-0.6876826,-0.63230735,-0.66235024,-0.6485578,-0.69114465,-0.59071505,-0.6450731,-0.60785794,-0.65642154,-0.6638135,-0.7000882,-0.5990299,-0.62577856,-0.32497722,-0.3849645,-0.6594294,-0.6924485,-0.61566925,-0.6657266,-0.6166105,-0.6660638,-0.4326163,-0.4479557,-0.58649915,-0.5987238
1.2066118,0.69742227,-0.46710196,-0.03341135,0.42454463,1.1284002,0.4259657,0.61251223,-0.45023924,0.7542454,0.5868219,-0.41850063,0.74677986,1.0810313,-0.629196,1.2512283,-0.65133166,-0.6775143,0.5988122,0.59926337,-0.66495895,-0.68401694,-0.6656494,-0.6823341,-0.6658082,-0.6823308,0.5789763,0.5776509,0.6023028,0.60422236,-0.6522975,-0.66816044,-0.63230735,-0.64369357,-0.6485578,-0.66171056,-0.59071505,-0.6126592,-0.60785794,-0.62558764,-0.6638135,-0.6769524,-0.5990299,-0.59852445,-0.32497722,-0.2989113,-0.6594294,-0.6735106,-0.61566925,-0.6496456,-0.6166105,-0.65024126,-0.4326163,-0.42670685,-0.58649915,-0.57781976
-1.4998071,-0.9644402,-0.38793442,-1.3698667,-1.2942597,-1.4959712,-1.7944196,-0.9246399,-0.2834765,-1.7684788,-0.9448119,-0.33946395,-1.756877,-1.7663124,-0.58818996,-2.1074736,0.28008017,0.1145447,0.37941775,0.43268985,0.08659098,-0.050891783,0.11681229,-0.0316134,0.11363921,-0.03334041,0.48819515,0.51906216,0.36871698,0.4292821,-0.014519027,-0.063808,-0.037021477,-0.18823232,0.30678794,0.1266222,0.39821824,0.25076303,0.76130736,0.51861256,0.09338818,-0.056455374,0.35177672,0.15626861,0.2727003,0.120699264,0.079096995,-0.06793347,0.75208586,0.4993747,0.7383221,0.48606834,-0.4317776,-0.4469328,-0.56630206,-0.57081634
-0.82320243,-0.6346997,-0.4858914,-0.701639,-0.8645586,-0.8398783,-0.88014334,-0.6337023,-0.49225298,-0.78957033,-0.6281253,-0.49755794,-0.8284442,-0.627903,-0.63370246,-0.7639928,-0.65133166,-0.69511765,0.5988122,0.62317413,-0.66495895,-0.70376,-0.6656494,-0.70341796,-0.6658082,-0.70350933,0.5789763,0.6023432,0.6023028,0.6280673,-0.6522975,-0.6876826,-0.63230735,-0.66235024,-0.6485578,-0.69114465,-0.59071505,-0.6450731,-0.60785794,-0.65642154,-0.6638135,-0.7000882,-0.5990299,-0.62577856,-0.32497722,-0.3849645,-0.6594294,-0.6924485,-0.61566925,-0.6657266,-0.6166105,-0.6660638,-0.4326163,-0.4479557,-0.58649915,-0.5987238
1.2066118,-0.67366856,0.23060416,1.303044,2.57305,1.1284002,2.5157402,-0.6469139,0.29254547,2.7473147,-0.6493987,0.28646496,2.6899295,1.5330881,4.0335217,1.2512283,1.6724187,1.8655983,-4.047914,-4.4564137,2.5441747,2.8130038,2.8146005,3.1109846,2.8327565,3.1311693,-4.047368,-4.4554477,-3.8703346,-4.2622857,2.8227775,3.1318638,3.2271295,3.5630207,3.2172973,3.584711,3.920914,4.4403434,2.3987832,2.723135,3.1221948,3.4479043,0.80113053,0.8967792,-0.026138432,-0.026164735,3.200489,3.5203507,0.67479604,0.7711348,0.7019932,0.8001197,5.529542,6.0972233,4.100497,4.4446144
1.2066118,-0.2667652,-0.48070168,1.303044,0.42454463,1.1284002,0.2953548,-0.21142846,-0.47779736,0.87974054,-0.21575968,-0.43938345,0.8233469,1.2515063,-0.61227506,1.2512283,-0.65133166,-0.66549826,0.5988122,0.60220426,-0.66495895,-0.67408776,-0.6656494,-0.67305607,-0.6658082,-0.67305976,0.5789763,0.58258754,0.6023028,0.60515815,-0.6522975,-0.6548896,-0.63230735,-0.6306426,-0.6485578,-0.6520883,-0.59071505,-0.59466255,-0.60785794,-0.6107225,-0.6638135,-0.66919947,-0.5990299,-0.58939147,-0.32497722,-0.3448865,-0.6594294,-0.6649639,-0.61566925,-0.6312239,-0.6166105,-0.632028,-0.4326163,-0.4423739,-0.58649915,-0.5775953
-0.14659771,-0.18305525,0.62446696,-0.03341135,0.8542457,0.05479375,0.034133,-0.45806244,-0.009432,-0.41090375,-0.3039686,0.3105184,-0.20922785,-0.48977345,0.14625221,-0.42812258,1.2285819,1.1390253,-0.41188157,-0.34072256,0.9974024,0.9049414,0.94776493,0.8562957,0.94307506,0.85172796,-0.3009021,-0.23332779,-0.4408703,-0.3623797,0.9094422,0.8279301,0.81423736,0.7019879,0.98458517,0.8859874,1.2032661,1.1082015,1.3564692,1.2724985,0.8505898,0.7601304,0.6122716,0.56601596,0.6313069,0.5554996,0.8205377,0.7344259,1.4338931,1.3598698,1.4299161,1.3531168,-0.3012614,-0.32629532,0.33903837,0.25474668
-0.14659771,-0.29147664,-0.48105025,-0.03341135,-0.43485752,-0.18378547,-0.55361605,-0.43584266,-0.48885655,-0.19112867,-0.4098284,-0.4939271,-0.33163163,0.09395489,-0.5104592,-0.09225239,-0.65133166,-0.23293537,0.5988122,0.07955618,-0.66495895,-0.22373636,-0.6656494,-0.19896895,-0.6658082,-0.19644164,0.5789763,0.06281428,0.6023028,0.06868509,-0.6522975,-0.13338743,-0.63230735,-0.028702194,-0.6485578,-0.025222411,-0.59071505,0.22419782,-0.60785794,0.05089762,-0.6638135,-0.1671032,-0.5990299,0.0020794256,-0.32497722,1.2286404,-0.6594294,-0.24069896,-0.61566925,-0.19971977,-0.6166105,-0.20853728,-0.4326163,-0.13512845,-0.58649915,-0.125888
-0.14659771,-0.47235122,-0.48360145,-0.03341135,-0.43485752,-0.18378547,-0.22708881,-0.17511958,-0.4859699,-0.32860547,-0.2543594,-0.48934478,-0.22831877,-0.13669524,-0.63370246,-0.09225239,-0.65133166,-0.69511765,0.5988122,0.62317413,-0.66495895,-0.70376,-0.6656494,-0.70341796,-0.6658082,-0.70350933,0.5789763,0.6023432,0.6023028,0.6280673,-0.6522975,-0.6876826,-0.63230735,-0.66235024,-0.6485578,-0.69114465,-0.59071505,-0.6450731,-0.60785794,-0.65642154,-0.6638135,-0.7000882,-0.5990299,-0.62577856,-0.32497722,-0.3849645,-0.6594294,-0.6924485,-0.61566925,-0.6657266,-0.6166105,-0.6660638,-0.4326163,-0.4479557,-0.58649915,-0.5987238
-1.4998071,-0.79344875,-0.020373916,-1.3698667,-0.8645586,-1.4959712,-1.1413652,-0.8144185,-0.05332804,-1.3105038,-0.8089634,-0.04880137,-1.290827,-1.5598598,0.029185504,-1.7716033,-0.05498917,-0.113222234,-0.43899772,-0.3803287,0.014021544,-0.045152664,0.0413672,-0.01755104,0.05032067,-0.008781232,-0.48595583,-0.42738467,-0.446179,-0.3860636,0.44746158,0.38146496,0.42134863,0.35856026,0.30009043,0.23742211,0.47956836,0.4225633,0.3572262,0.3038877,0.09338818,0.034114424,0.31270248,0.25164905,1.2887521,1.3267442,-0.02429836,-0.07888612,-0.12294616,-0.17950448,-0.13222547,-0.18877111,0.5340943,0.4894193,0.08785769,0.04361235
0.530007,-0.039034817,-0.4774896,0.6348163,-0.005156449,0.47230738,0.1647439,0.060706925,-0.4362196,0.11200013,0.055112924,-0.43617898,0.2487809,0.2390762,-0.5419257,0.579488,-0.65133166,-0.5410304,0.5988122,0.56627315,-0.66495895,-0.5774133,-0.6656494,-0.58071536,-0.6658082,-0.5813555,0.5789763,0.5621774,0.6023028,0.5742272,-0.6522975,-0.5698535,-0.63230735,-0.5821549,-0.6485578,-0.558848,-0.59071505,-0.4922266,-0.60785794,-0.4895082,-0.6638135,-0.588627,-0.5990299,-0.52553016,-0.32497722,-0.3599887,-0.6594294,-0.5819939,-0.61566925,-0.47510126,-0.6166105,-0.47739005,-0.4326163,-0.4469883,-0.58649915,-0.57961345
-0.14659771,-0.32544166,0.9856463,-0.03341135,0.8542457,0.35301778,0.81779844,-0.2698025,1.0838603,0.8838832,-0.30353475,1.0326182,0.73458505,-0.02607818,2.485308,-0.09225239,1.7727598,1.9724612,-1.900806,-2.0942926,1.7526462,1.9408239,1.6912489,1.8749721,1.7021569,1.8868985,-1.8406892,-2.027415,-1.8662747,-2.0567272,2.6224499,2.8906598,1.9869506,2.19248,2.1202304,2.364601,2.8884547,3.2733896,2.6219788,2.9713008,1.6077914,1.7836744,1.1788481,1.2543449,0.7508424,0.90410256,1.3855853,1.5354505,1.8024002,2.0230942,1.7730223,1.9890773,0.46691298,0.5333671,1.3904066,1.5218594
1.2066118,-0.2446755,-0.48039016,1.303044,0.42454463,1.1284002,0.6871875,-0.19369811,-0.48622444,0.6975861,-0.20935856,-0.48432174,0.71054256,0.99693847,-0.63370246,1.2512283,-0.65133166,-0.69511765,0.5988122,0.62317413,-0.66495895,-0.70376,-0.6656494,-0.70341796,-0.6658082,-0.70350933,0.5789763,0.6023432,0.6023028,0.6280673,-0.6522975,-0.6876826,-0.63230735,-0.66235024,-0.6485578,-0.69114465,-0.59071505,-0.6450731,-0.60785794,-0.65642154,-0.6638135,-0.7000882,-0.5990299,-0.62577856,-0.32497722,-0.3849645,-0.6594294,-0.6924485,-0.61566925,-0.6657266,-0.6166105,-0.6660638,-0.4326163,-0.4479557,-0.58649915,-0.5987238
-0.14659771,0.16832472,-0.47456482,-0.03341135,-0.43485752,-0.18378547,-0.55361605,-0.003001988,-0.45715326,-0.5237209,-0.12980092,-0.44653565,-0.5190505,-0.4905644,-0.40157625,-0.09225239,-0.65133166,-0.37176225,0.5988122,0.52824104,-0.66495895,-0.44678527,-0.6656494,-0.45319945,-0.6658082,-0.45504987,0.5789763,0.54396594,0.6023028,0.5392967,-0.6522975,-0.48642722,-0.63230735,-0.5175911,-0.6485578,-0.44457483,-0.59071505,-0.3944945,-0.60785794,-0.3957059,-0.6638135,-0.4735305,-0.5990299,-0.36082685,-0.32497722,-0.3849645,-0.6594294,-0.45844352,-0.61566925,-0.2712312,-0.6166105,-0.26933625,-0.4326163,-0.4469586,-0.58649915,-0.56951976
1.8832164,1.7396265,0.9779428,1.9712716,2.143349,1.9634275,2.3198237,1.8827617,0.54402703,1.4542934,1.7343388,0.500752,1.4076358,1.5998782,0.437698,1.5870986,0.6162497,0.27338323,-0.77918255,-0.39741424,0.7985971,0.4206302,0.820922,0.44558337,0.8196469,0.44461808,-0.7722655,-0.39382514,-0.7992121,-0.40833515,0.5946412,0.26906028,0.8817031,0.43930638,0.7231109,0.4128901,0.27485743,0.15239607,0.61617005,0.33752048,0.8505898,0.4750098,0.48202416,0.15347846,-0.26520947,-0.2384118,0.9188129,0.5312574,0.48709187,0.18844585,0.51900333,0.22203176,0.3372355,0.091751106,1.1932452,0.8080528
-0.14659771,1.4509217,-0.45647395,-0.03341135,-0.43485752,-0.18378547,-0.4883106,0.7475654,-0.4666808,-0.50614893,0.9861511,-0.4705022,-0.5089457,-0.36730632,-0.512867,-0.09225239,-0.65133166,0.024215741,0.5988122,0.51963013,-0.66495895,-0.06483432,-0.6656494,-0.11705747,-0.6658082,-0.12232362,0.5789763,0.5350175,0.6023028,0.48546943,-0.6522975,-0.25177786,-0.63230735,-0.42150617,-0.6485578,-0.23141849,-0.59071505,-0.16963176,-0.60785794,-0.32085904,-0.6638135,-0.17751634,-0.5990299,-0.21538436,-0.32497722,-0.3849645,-0.6594294,-0.14438803,-0.61566925,0.11546017,-0.6166105,0.123676635,-0.4326163,-0.4479357,-0.58649915,-0.5741696
-0.82320243,-0.7383556,-0.019491889,-0.701639,-0.005156449,-0.8398783,0.09943845,-0.7466128,-0.018257925,-0.19667135,-0.73319364,0.012784046,-0.11788092,-0.6656234,1.094779,-0.7639928,0.5474377,0.5289664,-1.0577395,-1.0548104,0.7538387,0.7370186,0.7856439,0.77052605,0.78916025,0.774245,-1.1039656,-1.102595,-1.0646505,-1.0610039,0.75408584,0.7446601,0.9551217,0.94886386,0.8377738,0.83218586,0.3997363,0.38884804,0.6145419,0.615925,0.8505898,0.83737874,0.599247,0.5819027,-0.08590619,-0.11834007,0.82647085,0.81021565,0.27040422,0.24837343,0.27142873,0.24880049,1.120217,1.1318659,1.1969318,1.1797122
-0.82320243,-0.6556628,-0.48618707,-0.701639,-0.8645586,-0.8398783,-0.42300516,-0.61136436,-0.45941442,-0.5840468,-0.6092785,-0.47918978,-0.555959,-0.34388486,-0.63370246,-0.7639928,-0.65133166,-0.6281411,0.5988122,0.57539505,-0.66495895,-0.64151716,-0.6656494,-0.6406191,-0.6658082,-0.6406901,0.5789763,0.55883414,0.6023028,0.57855433,-0.6522975,-0.6234083,-0.63230735,-0.5940534,-0.6485578,-0.6152289,-0.59071505,-0.54959995,-0.60785794,-0.5570491,-0.6638135,-0.638285,-0.5990299,-0.6015104,-0.32497722,-0.3475428,-0.6594294,-0.63470703,-0.61566925,-0.59085375,-0.6166105,-0.59116495,-0.4326163,-0.44140896,-0.58649915,-0.5525429
0.530007,0.08658476,-0.47571775,0.6348163,-0.005156449,0.47230738,0.09943845,-0.0072549316,-0.47498444,0.058900833,0.016220327,-0.4809635,0.03957327,0.34318385,-0.6225638,0.579488,-0.65133166,-0.63920355,0.5988122,0.5824915,-0.66495895,-0.650283,-0.6656494,-0.6522174,-0.6658082,-0.6523233,0.5789763,0.56399816,0.6023028,0.58846444,-0.6522975,-0.6302798,-0.63230735,-0.6246335,-0.6485578,-0.6407833,-0.59071505,-0.5992144,-0.60785794,-0.60058117,-0.6638135,-0.65191716,-0.5990299,-0.5575193,-0.32497722,-0.3849645,-0.6594294,-0.6453185,-0.61566925,-0.6113842,-0.6166105,-0.61072624,-0.4326163,-0.43456477,-0.58649915,-0.5550076
-0.14659771,-0.60400736,-0.4854585,-0.03341135,-0.43485752,-0.18378547,-0.4883106,-0.56109184,-0.4912582,-0.3215848,-0.5762039,-0.496829,-0.34530333,-0.10706955,-0.63370246,-0.09225239,-0.65133166,-0.69511765,0.5988122,0.62317413,-0.66495895,-0.70376,-0.6656494,-0.70341796,-0.6658082,-0.70350933,0.5789763,0.6023432,0.6023028,0.6280673,-0.6522975,-0.6876826,-0.63230735,-0.66235024,-0.6485578,-0.69114465,-0.59071505,-0.6450731,-0.60785794,-0.65642154,-0.6638135,-0.7000882,-0.5990299,-0.62577856,-0.32497722,-0.3849645,-0.6594294,-0.6924485,-0.61566925,-0.6657266,-0.6166105,-0.6660638,-0.4326163,-0.4479557,-0.58649915,-0.5987238
1.2066118,-0.16495948,-0.47926575,1.303044,0.42454463,1.1284002,0.9484093,-0.13123955,-0.4604257,0.9666393,-0.13884598,-0.45181316,0.94732356,1.4805062,-0.61887825,1.2512283,-0.65133166,-0.6232885,0.5988122,0.57146895,-0.66495895,-0.63707954,-0.6656494,-0.63619435,-0.6658082,-0.6362698,0.5789763,0.5552167,0.6023028,0.57441133,-0.6522975,-0.6192441,-0.63230735,-0.5880329,-0.6485578,-0.60984427,-0.59071505,-0.54250294,-0.60785794,-0.55032074,-0.6638135,-0.63398415,-0.5990299,-0.59982157,-0.32497722,-0.34124357,-0.6594294,-0.63075626,-0.61566925,-0.58524776,-0.6166105,-0.5857474,-0.4326163,-0.4410024,-0.58649915,-0.5497882
-1.4998071,-0.90146905,-0.2525725,-1.3698667,-0.8645586,-1.4959712,-1.9250306,-0.90903795,-0.25089878,-1.9581951,-0.9043161,-0.252819,-1.9499478,-2.0046577,-0.63370246,-2.1074736,0.30556315,0.32094458,0.23397641,0.2388807,0.13113208,0.13686496,0.1347817,0.14190792,0.13573283,0.14303353,0.32409087,0.3338384,0.25457844,0.26171765,0.31663516,0.3385016,-0.11639294,-0.11809491,0.32045105,0.34159136,0.65793806,0.7111123,0.8607696,0.9342257,0.09338818,0.09928965,-0.29946068,-0.3118887,0.21293257,0.23734836,0.071405746,0.076144055,0.5988862,0.63735026,0.58358794,0.6198482,-0.42547303,-0.4403996,-0.42219782,-0.42837125
-0.82320243,-0.6538882,-0.486162,-0.701639,-0.8645586,-0.8398783,-0.684227,-0.6682403,-0.47652265,-0.9442041,-0.66599554,-0.48036963,-0.9164704,-0.8403684,-0.6117787,-0.7639928,-0.65133166,-0.66836363,0.5988122,0.6007082,-0.66495895,-0.67755604,-0.6656494,-0.6780517,-0.6658082,-0.678021,0.5789763,0.58071643,0.6023028,0.60548985,-0.6522975,-0.6520666,-0.63230735,-0.63811666,-0.6485578,-0.6641966,-0.59071505,-0.6158923,-0.60785794,-0.6246418,-0.6638135,-0.67573494,-0.5990299,-0.59230894,-0.32497722,-0.3849645,-0.6594294,-0.6697242,-0.61566925,-0.63920075,-0.6166105,-0.6397564,-0.4326163,-0.43818578,-0.58649915,-0.57703286
-0.82320243,-0.78171754,-0.48796502,-0.701639,-0.8645586,-0.8398783,-1.2066705,-0.82518965,-0.4948766,-1.2990944,-0.8164654,-0.49882466,-1.2599946,-1.3723001,-0.63370246,-0.7639928,-0.65133166,-0.69511765,0.5988122,0.62317413,-0.66495895,-0.70376,-0.6656494,-0.70341796,-0.6658082,-0.70350933,0.5789763,0.6023432,0.6023028,0.6280673,-0.6522975,-0.6876826,-0.63230735,-0.66235024,-0.6485578,-0.69114465,-0.59071505,-0.6450731,-0.60785794,-0.65642154,-0.6638135,-0.7000882,-0.5990299,-0.62577856,-0.32497722,-0.3849645,-0.6594294,-0.6924485,-0.61566925,-0.6657266,-0.6166105,-0.6660638,-0.4326163,-0.4479557,-0.58649915,-0.5987238
-0.82320243,-0.38756996,-0.48240566,-0.701639,-0.8645586,-0.8398783,-0.94544876,-0.36693493,-0.48859802,-0.9407446,-0.3719102,-0.49396083,-0.8942513,-0.8611361,-0.63370246,-0.7639928,-0.65133166,-0.69511765,0.5988122,0.62317413,-0.66495895,-0.70376,-0.6656494,-0.70341796,-0.6658082,-0.70350933,0.5789763,0.6023432,0.6023028,0.6280673,-0.6522975,-0.6876826,-0.63230735,-0.66235024,-0.6485578,-0.69114465,-0.59071505,-0.6450731,-0.60785794,-0.65642154,-0.6638135,-0.7000882,-0.5990299,-0.62577856,-0.32497722,-0.3849645,-0.6594294,-0.6924485,-0.61566925,-0.6657266,-0.6166105,-0.6660638,-0.4326163,-0.4479557,-0.58649915,-0.5987238
1.8832164,2.7872174,1.5346493,1.9712716,1.2839468,2.0230722,1.9932965,2.8003368,1.919968,1.8748322,2.763453,1.9878114,2.0009065,2.0436804,0.32030854,1.9229687,0.5563291,0.94777036,0.45090583,0.18625513,0.2845274,0.6316724,0.20679139,0.5486282,0.1963359,0.5373441,0.523111,0.2674662,0.42445907,0.1550755,-0.08810883,0.20588975,-0.28108868,-0.016957164,-0.23786089,0.0665738,-0.43318906,-0.17175664,-0.4261297,-0.17277402,0.09338818,0.4288973,0.18896736,0.5478215,-0.32497722,0.2976817,0.21252887,0.53891075,0.74656516,1.1552155,0.7342855,1.1353061,-0.4326163,-0.11942624,-0.54305947,-0.39094642
-0.14659771,-0.15713346,-0.47915536,-0.03341135,-0.43485752,-0.18378547,-0.22708881,-0.16975753,-0.48589644,-0.17173226,-0.16895224,-0.4911114,-0.25565284,0.13699384,-0.63370246,-0.09225239,-0.65133166,-0.69511765,0.5988122,0.62317413,-0.66495895,-0.70376,-0.6656494,-0.70341796,-0.6658082,-0.70350933,0.5789763,0.6023432,0.6023028,0.6280673,-0.6522975,-0.6876826,-0.63230735,-0.66235024,-0.6485578,-0.69114465,-0.59071505,-0.6450731,-0.60785794,-0.65642154,-0.6638135,-0.7000882,-0.5990299,-0.62577856,-0.32497722,-0.3849645,-0.6594294,-0.6924485,-0.61566925,-0.6657266,-0.6166105,-0.6660638,-0.4326163,-0.4479557,-0.58649915,-0.5987238
0.530007,0.2130973,-0.4739333,0.6348163,-0.005156449,0.47230738,0.034133,0.3828025,-0.40073133,0.28100112,0.34713575,-0.38458222,0.27594247,0.5114972,-0.506272,0.579488,-0.65133166,-0.57139707,0.5988122,0.37568957,-0.66495895,-0.55481696,-0.6656494,-0.5414427,-0.6658082,-0.5399128,0.5789763,0.3431304,0.6023028,0.38141042,-0.6522975,-0.49891287,-0.63230735,-0.4562255,-0.6485578,-0.45451918,-0.59071505,-0.38629034,-0.60785794,-0.42063534,-0.6638135,-0.5168884,-0.5990299,-0.4068409,-0.32497722,0.28176707,-0.6594294,-0.54359895,-0.61566925,-0.5743577,-0.6166105,-0.577428,-0.4326163,-0.13107859,-0.58649915,-0.44736773
-0.14659771,-0.7673335,-0.48776215,-0.03341135,-0.43485752,-0.18378547,-0.29239425,-0.7712414,-0.49413747,-0.3448222,-0.7649533,-0.4994789,-0.28887433,-0.14974882,-0.63370246,-0.09225239,-0.65133166,-0.69511765,0.5988122,0.62317413,-0.66495895,-0.70376,-0.6656494,-0.70341796,-0.6658082,-0.70350933,0.5789763,0.6023432,0.6023028,0.6280673,-0.6522975,-0.6876826,-0.63230735,-0.66235024,-0.6485578,-0.69114465,-0.59071505,-0.6450731,-0.60785794,-0.65642154,-0.6638135,-0.7000882,-0.5990299,-0.62577856,-0.32497722,-0.3849645,-0.6594294,-0.6924485,-0.61566925,-0.6657266,-0.6166105,-0.6660638,-0.4326163,-0.4479557,-0.58649915,-0.5987238
1.2066118,-0.84720814,-0.40353808,1.303044,0.8542457,1.1284002,1.340242,-0.8659353,-0.3874729,1.3003846,-0.8520944,-0.42271015,1.0543889,1.6346502,0.1882075,1.2512283,0.44114617,0.59308594,0.3670922,0.35317683,0.2504154,0.36912882,0.18419752,0.29270127,0.17658745,0.2839238,0.41836354,0.41550222,0.35279068,0.33704144,-0.014519027,0.06213615,-0.35847583,-0.34144217,-0.22634104,-0.19231845,-0.38300586,-0.39479467,-0.36902604,-0.36952806,0.09338818,0.18695517,0.19547977,0.29974577,-0.32497722,-0.38495198,0.19994783,0.31050828,0.5561008,0.7313228,0.55264115,0.7259684,-0.43082324,-0.44582313,-0.3507067,-0.32986295
-0.14659771,-0.72580653,0.12502871,-0.03341135,-0.43485752,-0.18378547,0.09943845,-0.71765304,0.14872351,0.15257514,-0.7126176,0.15734103,0.16274016,-0.52097034,1.3844787,-0.09225239,1.111219,1.1984303,-1.1538788,-1.258733,1.4632375,1.5758512,1.4760123,1.5929614,1.4959087,1.6145697,-1.3274269,-1.4445418,-1.4920063,-1.6185806,2.2422357,2.4202564,2.1298192,2.2962937,1.9474322,2.1275532,0.71097696,0.8071736,1.2517323,1.4126238,1.6077914,1.7371398,1.5891277,1.6721284,3.4403913,4.165303,1.3040942,1.4040351,1.2434288,1.3521713,1.264418,1.3732017,-0.021720171,0.0023957659,1.4308007,1.531372
-0.82320243,-0.009421731,1.6649574,-0.701639,-0.005156449,-0.8398783,-0.16178335,-0.19413432,1.2418596,-0.37156242,-0.20816545,1.2366713,-0.44738546,-0.75327045,0.8523325,-1.0998629,0.51844215,0.38298878,-1.6148537,-1.3990716,0.67648923,0.5256338,0.72301525,0.5692107,0.73855484,0.5835907,-1.7533996,-1.528511,-1.6114539,-1.3949276,1.3019212,1.1097265,1.2408588,1.0529989,1.1362187,0.95951957,1.1306803,0.9808625,1.0509921,0.90367967,0.8505898,0.6869741,1.3416576,1.1351256,2.304804,2.2546558,0.5789693,0.437564,0.17655219,0.07218051,0.15840556,0.05494632,2.4647682,2.2085278,0.6275675,0.4941128
0.530007,2.8060431,2.9419858,0.6348163,0.8542457,0.7108866,1.2096311,2.8457372,2.9837785,1.0672718,2.6488168,2.9413455,1.0831784,0.7955064,1.0858091,0.579488,1.141216,1.4643451,-0.6559272,-0.74860036,0.95525146,1.2111851,0.9011238,1.139391,0.8985174,1.1348908,-0.64307696,-0.71858054,-0.68241924,-0.78174686,0.88900054,1.0770684,0.65549433,0.7819682,0.65452737,0.79911315,0.4275086,0.52216715,0.4032953,0.5023303,0.8505898,1.064219,1.159311,1.369346,0.9899134,1.1638237,0.83172816,1.0593174,1.1426759,1.5073112,1.1217935,1.480468,1.0160758,1.1108828,0.06397388,0.094858855
-1.4998071,-0.94039005,-0.4902031,-1.3698667,-1.2942597,-1.4959712,-1.3372815,-0.797624,-0.49449894,-1.3836286,-0.86090064,-0.500826,-1.3475798,-1.3350303,-0.63370246,-1.4357332,-0.65133166,-0.69511765,0.5988122,0.62317413,-0.66495895,-0.70376,-0.6656494,-0.70341796,-0.6658082,-0.70350933,0.5789763,0.6023432,0.6023028,0.6280673,-0.6522975,-0.6876826,-0.63230735,-0.66235024,-0.6485578,-0.69114465,-0.59071505,-0.6450731,-0.60785794,-0.65642154,-0.6638135,-0.7000882,-0.5990299,-0.62577856,-0.32497722,-0.3849645,-0.6594294,-0.6924485,-0.61566925,-0.6657266,-0.6166105,-0.6660638,-0.4326163,-0.4479557,-0.58649915,-0.5987238
-0.14659771,0.8778614,-0.4645569,-0.03341135,-0.43485752,-0.18378547,-0.29239425,0.77987045,-0.46843857,-0.067731045,0.88986194,-0.47125104,-0.2359153,0.18734194,-0.55287486,-0.09225239,-0.65133166,-0.21395105,0.5988122,0.5539129,-0.66495895,-0.2763786,-0.6656494,-0.31119773,-0.6658082,-0.31475055,0.5789763,0.5573086,0.6023028,0.53268266,-0.6522975,-0.3961032,-0.63230735,-0.5012481,-0.6485578,-0.38363096,-0.59071505,-0.3270474,-0.60785794,-0.43196166,-0.6638135,-0.35053656,-0.5990299,-0.35126328,-0.32497722,-0.3849645,-0.6594294,-0.32584742,-0.61566925,-0.14318587,-0.6166105,-0.13780144,-0.4326163,-0.44794235,-0.58649915,-0.58229935
-0.82320243,-0.7142116,-0.4870129,-0.701639,-0.8645586,-0.8398783,-1.0107542,-0.72582865,-0.49351525,-0.9655477,-0.7191281,-0.4961111,-0.9466075,-0.88276637,-0.63370246,-0.7639928,-0.65133166,-0.69511765,0.5988122,0.62317413,-0.66495895,-0.70376,-0.6656494,-0.70341796,-0.6658082,-0.70350933,0.5789763,0.6023432,0.6023028,0.6280673,-0.6522975,-0.6876826,-0.63230735,-0.66235024,-0.6485578,-0.69114465,-0.59071505,-0.6450731,-0.60785794,-0.65642154,-0.6638135,-0.7000882,-0.5990299,-0.62577856,-0.32497722,-0.3849645,-0.6594294,-0.6924485,-0.61566925,-0.6657266,-0.6166105,-0.6660638,-0.4326163,-0.4479557,-0.58649915,-0.5987238
-0.14659771,0.03292247,-0.47647464,-0.03341135,-0.43485752,-0.18378547,-0.0964779,-0.11533375,-0.46264517,-0.27541268,-0.082943834,-0.44747442,-0.24665393,-0.05485057,-0.63370246,-0.09225239,-0.65133166,-0.6756107,0.5988122,0.6009916,-0.66495895,-0.68240416,-0.6656494,-0.68112445,-0.6658082,-0.68113595,0.5789763,0.5798675,0.6023028,0.60508883,-0.6522975,-0.66571975,-0.63230735,-0.6390031,-0.6485578,-0.6613997,-0.59071505,-0.6110853,-0.60785794,-0.6281988,-0.6638135,-0.67637616,-0.5990299,-0.59622633,-0.32497722,-0.3111255,-0.6594294,-0.672748,-0.61566925,-0.6468831,-0.6166105,-0.6475048,-0.4326163,-0.43067622,-0.58649915,-0.578447
1.8832164,1.7012833,1.5192362,1.9712716,1.2839468,2.0230722,1.2749366,1.448069,1.3488826,1.3376633,1.4175626,1.5046227,1.3230424,1.447002,0.13720892,1.9229687,0.5563291,0.47064894,0.45090583,0.48190695,0.2845274,0.20728953,0.20679139,0.1334424,0.1963359,0.1235132,0.523111,0.54899645,0.42445907,0.45808747,-0.08810883,-0.1445699,-0.28108868,-0.3263033,-0.23786089,-0.29442874,-0.43318906,-0.49017856,-0.4261297,-0.47771093,0.09338818,0.025616573,0.18896736,0.11979635,-0.32497722,-0.3849645,0.21252887,0.13994826,0.74656516,0.662829,0.7342855,0.64944583,-0.4326163,-0.4479557,-0.54305947,-0.558084
-1.4998071,-0.83406216,-0.48870334,-1.3698667,-1.2942597,-1.4959712,-1.1413652,-0.8117444,-0.479704,-1.2520236,-0.805356,-0.49120307,-1.223945,-1.153965,-0.63370246,-1.4357332,-0.65133166,-0.66426015,0.5988122,0.6011613,-0.66495895,-0.6750834,-0.6656494,-0.6744852,-0.6658082,-0.67456716,0.5789763,0.5822976,0.6023028,0.6052556,-0.6522975,-0.6580701,-0.63230735,-0.63088447,-0.6485578,-0.65616864,-0.59071505,-0.6010866,-0.60785794,-0.61063856,-0.6638135,-0.67161417,-0.5990299,-0.61459774,-0.32497722,-0.36772352,-0.6594294,-0.6658458,-0.61566925,-0.6312311,-0.6166105,-0.63155633,-0.4326163,-0.4449395,-0.58649915,-0.57744735
-1.4998071,-0.7834735,0.0010687234,-1.3698667,-0.8645586,-1.3170367,-0.94544876,-0.7637627,0.052444056,-0.97114116,-0.7734619,0.027157962,-1.005606,-1.3286155,0.46920797,-1.4357332,0.15669882,0.23272541,-0.23439386,-0.3220848,0.14090942,0.21609098,0.11998333,0.19341022,0.12351344,0.19750018,-0.22757888,-0.31241274,-0.22055633,-0.30582404,0.43928495,0.55703545,0.24077861,0.3306731,0.2743716,0.37172538,0.5690082,0.7178424,0.46875432,0.60536736,0.09338818,0.16382845,-0.0064038453,0.028457731,0.03362931,0.063406266,0.022242233,0.08246963,0.19035394,0.26950398,0.17993377,0.25744325,-0.13277319,-0.10660257,0.07246943,0.13888295
0.530007,1.5744485,1.5425868,0.6348163,0.42454463,0.7108866,0.6218821,1.6034973,1.7426895,0.7380929,1.7133042,1.9004024,0.68938315,0.4371948,0.89710665,0.579488,1.1124228,1.3302789,-0.47350925,-0.59821105,0.9732852,1.1672921,0.92200005,1.1099004,0.9134522,1.1003355,-0.41612422,-0.53147286,-0.49926668,-0.6270472,0.58237624,0.7268486,0.60588723,0.74983025,0.46485132,0.5917272,-0.054988727,-0.015354935,-0.10047739,-0.06225002,0.8505898,1.0288936,1.0941874,1.2901924,-0.20544171,-0.23605104,0.9677675,1.1577294,1.0847085,1.3067789,1.0881557,1.308638,0.5845598,0.71422434,0.48939407,0.6110556
-0.82320243,-0.6705205,-0.4863966,-0.701639,-0.8645586,-0.8398783,-0.94544876,-0.65346235,-0.33209127,-0.49418676,-0.63947475,-0.36916873,-0.5819033,-0.5897066,0.11120504,-0.7639928,-0.65133166,0.10084329,0.5988122,0.06687838,-0.66495895,0.008666923,-0.6656494,0.0052497373,-0.6658082,0.0042617475,0.5789763,0.103163354,0.6023028,0.07189266,-0.6522975,0.01451828,-0.63230735,0.057704035,-0.6485578,0.14502107,-0.59071505,0.50016207,-0.60785794,0.44561473,-0.6638135,-0.017776385,-0.5990299,-0.50346637,-0.32497722,0.2642523,-0.6594294,-0.05404407,-0.61566925,0.23923708,-0.6166105,0.2309615,-0.4326163,-0.40753508,-0.58649915,-0.19400127
1.2066118,-0.51806283,-0.48424625,1.303044,0.42454463,1.1284002,0.6871875,-0.52245545,-0.49072883,0.70498854,-0.5254416,-0.49611634,0.733901,1.0697535,-0.63370246,1.2512283,-0.65133166,-0.69511765,0.5988122,0.62317413,-0.66495895,-0.70376,-0.6656494,-0.70341796,-0.6658082,-0.70350933,0.5789763,0.6023432,0.6023028,0.6280673,-0.6522975,-0.6876826,-0.63230735,-0.66235024,-0.6485578,-0.69114465,-0.59071505,-0.6450731,-0.60785794,-0.65642154,-0.6638135,-0.7000882,-0.5990299,-0.62577856,-0.32497722,-0.3849645,-0.6594294,-0.6924485,-0.61566925,-0.6657266,-0.6166105,-0.6660638,-0.4326163,-0.4479557,-0.58649915,-0.5987238
-0.14659771,-0.8510178,-0.48894253,-0.03341135,-0.43485752,-0.18378547,-0.22708881,-0.8360135,-0.49502492,-0.08864402,-0.83312863,-0.5004361,-0.0754257,0.16115476,-0.63370246,-0.09225239,-0.65133166,-0.69511765,0.5988122,0.62317413,-0.66495895,-0.70376,-0.6656494,-0.70341796,-0.6658082,-0.70350933,0.5789763,0.6023432,0.6023028,0.6280673,-0.6522975,-0.6876826,-0.63230735,-0.66235024,-0.6485578,-0.69114465,-0.59071505,-0.6450731,-0.60785794,-0.65642154,-0.6638135,-0.7000882,-0.5990299,-0.62577856,-0.32497722,-0.3849645,-0.6594294,-0.6924485,-0.61566925,-0.6657266,-0.6166105,-0.6660638,-0.4326163,-0.4479557,-0.58649915,-0.5987238
0.530007,0.1279504,-0.4751343,0.6348163,-0.005156449,0.47230738,-0.0964779,0.12786163,-0.4818187,0.022361102,0.116627954,-0.48710203,0.013357393,0.23313348,-0.63370246,0.579488,-0.65133166,-0.69511765,0.5988122,0.62317413,-0.66495895,-0.70376,-0.6656494,-0.70341796,-0.6658082,-0.70350933,0.5789763,0.6023432,0.6023028,0.6280673,-0.6522975,-0.6876826,-0.63230735,-0.66235024,-0.6485578,-0.69114465,-0.59071505,-0.6450731,-0.60785794,-0.65642154,-0.6638135,-0.7000882,-0.5990299,-0.62577856,-0.32497722,-0.3849645,-0.6594294,-0.6924485,-0.61566925,-0.6657266,-0.6166105,-0.6660638,-0.4326163,-0.4479557,-0.58649915,-0.5987238
-0.14659771,-0.07162517,1.4724734,-0.03341135,0.8542457,-0.004851055,-0.0964779,-0.050930835,1.4846299,-0.08741876,-0.16111544,1.2842493,-0.089141764,-0.63550365,1.1116655,-0.42812258,1.4056225,1.5532011,-1.3609477,-1.5731388,1.5718745,1.7544355,1.596513,1.787849,1.5992178,1.7903011,-1.2994941,-1.5156485,-1.3592874,-1.5729953,1.678047,1.7989634,1.4452404,1.6466744,1.7041752,1.8978814,1.6726989,1.7903425,1.9232063,2.074611,1.6077914,1.8114982,1.1006998,1.2315233,-0.20544171,-0.20363198,1.6272129,1.8343786,1.3441815,1.4536479,1.3572584,1.4712924,0.74946195,0.9404903,1.6837448,1.9455866
-0.82320243,-0.7505762,0.0721538,-0.701639,0.8542457,-0.8398783,0.09943845,-0.74102956,0.0853894,-0.19006726,-0.7477004,0.055683568,-0.18267974,-0.6058975,1.1078639,-0.7639928,0.6429616,0.59594214,-0.929554,-0.8923733,0.80641896,0.75693494,0.8215827,0.7734819,0.822239,0.77431315,-0.9363698,-0.9007425,-0.9531664,-0.91466945,0.6968493,0.6570572,1.0662417,1.0229074,0.7145379,0.6766245,0.3051048,0.27814502,0.6807702,0.65657973,0.8505898,0.80362695,0.599247,0.5433024,-0.20544171,-0.25489372,0.87418765,0.8240118,0.5243567,0.4825007,0.5163123,0.4733805,0.579065,0.5619789,0.9875879,0.9380533
-1.4998071,-0.74978995,-0.4875147,-1.3698667,-1.2942597,-1.4959712,-1.4678924,-0.76549923,-0.4940588,-1.474191,-0.77612305,-0.49963576,-1.5087744,-1.4432681,-0.63370246,-1.4357332,-0.65133166,-0.69511765,0.5988122,0.62317413,-0.66495895,-0.70376,-0.6656494,-0.70341796,-0.6658082,-0.70350933,0.5789763,0.6023432,0.6023028,0.6280673,-0.6522975,-0.6876826,-0.63230735,-0.66235024,-0.6485578,-0.69114465,-0.59071505,-0.6450731,-0.60785794,-0.65642154,-0.6638135,-0.7000882,-0.5990299,-0.62577856,-0.32497722,-0.3849645,-0.6594294,-0.6924485,-0.61566925,-0.6657266,-0.6166105,-0.6660638,-0.4326163,-0.4479557,-0.58649915,-0.5987238
1.2066118,-0.17791113,1.2370178,1.303044,4.721555,1.1284002,2.058602,-0.39885402,0.74122,1.9226669,-0.4401131,0.63560826,1.7050058,1.0716388,3.2087607,0.9153582,2.5844016,2.1046438,-3.2221034,-2.6725073,3.0134857,2.4670987,3.0524309,2.5033548,3.0543096,2.505366,-3.2093887,-2.6671042,-3.2863703,-2.7266695,2.7205696,2.2354286,3.6140654,2.9978302,2.7591813,2.2836113,1.6488343,1.383124,2.6137125,2.1962235,3.1221948,2.5660033,2.3966622,1.8798926,-0.026138432,-0.10244883,3.174613,2.5998769,2.2343955,1.8220595,2.2156966,1.8025006,2.0965872,1.7552778,3.3487184,2.744105
0.530007,0.71897614,-0.46679795,0.6348163,-0.005156449,0.47230738,-0.03117245,0.82285917,-0.47229645,0.12426213,0.7796957,-0.47779295,0.08111713,0.33872488,-0.63370246,0.579488,-0.65133166,-0.69511765,0.5988122,0.62317413,-0.66495895,-0.70376,-0.6656494,-0.70341796,-0.6658082,-0.70350933,0.5789763,0.6023432,0.6023028,0.6280673,-0.6522975,-0.6876826,-0.63230735,-0.66235024,-0.6485578,-0.69114465,-0.59071505,-0.6450731,-0.60785794,-0.65642154,-0.6638135,-0.7000882,-0.5990299,-0.62577856,-0.32497722,-0.3849645,-0.6594294,-0.6924485,-0.61566925,-0.6657266,-0.6166105,-0.6660638,-0.4326163,-0.4479557,-0.58649915,-0.5987238
1.2066118,-0.9559496,-0.3696829,1.303044,0.42454463,1.1284002,1.7320747,-0.94113755,-0.3179244,1.7580365,-0.9349951,-0.31845984,1.758202,0.70153725,3.0386844,0.9153582,2.129137,2.2347858,-4.023263,-4.191616,2.77883,2.9023829,2.9103932,3.0409853,2.9197733,3.05099,-4.1171994,-4.289648,-4.016326,-4.185025,2.7001278,2.8293478,3.802572,3.9667423,2.8650036,3.0170448,1.3002868,1.3911362,1.0204036,1.088935,3.1221948,3.2617245,3.9270701,4.076806,0.27270037,0.2957385,3.1167636,3.2439673,1.0750473,1.138938,1.1527404,1.2191849,4.653264,4.863733,4.5757685,4.7083974
0.530007,-0.2572178,-0.48056704,-0.701639,-0.005156449,0.47230738,0.4259657,-0.19951548,-0.4495189,0.50597227,-0.20145874,-0.4691222,0.37460902,0.9278865,-0.63370246,0.579488,-0.65133166,-0.6541831,0.5988122,0.60432994,-0.66495895,-0.6688154,-0.6656494,-0.66869813,-0.6658082,-0.6688645,0.5789763,0.58754945,0.6023028,0.6097485,-0.6522975,-0.653301,-0.63230735,-0.63656634,-0.6485578,-0.65062284,-0.59071505,-0.591068,-0.60785794,-0.599423,-0.6638135,-0.6673275,-0.5990299,-0.62577856,-0.32497722,-0.3555599,-0.6594294,-0.6607838,-0.61566925,-0.61724484,-0.6166105,-0.61763114,-0.4326163,-0.44732916,-0.58649915,-0.5859554
0.530007,1.5490158,-0.45509034,0.6348163,-0.005156449,0.47230738,0.09943845,1.3316147,-0.4653259,0.0068036723,1.3382084,-0.44173378,0.05236157,0.25703967,-0.63370246,0.579488,-0.65133166,-0.69511765,0.5988122,0.62317413,-0.66495895,-0.70376,-0.6656494,-0.70341796,-0.6658082,-0.70350933,0.5789763,0.6023432,0.6023028,0.6280673,-0.6522975,-0.6876826,-0.63230735,-0.66235024,-0.6485578,-0.69114465,-0.59071505,-0.6450731,-0.60785794,-0.65642154,-0.6638135,-0.7000882,-0.5990299,-0.62577856,-0.32497722,-0.3849645,-0.6594294,-0.6924485,-0.61566925,-0.6657266,-0.6166105,-0.6660638,-0.4326163,-0.4479557,-0.58649915,-0.5987238
-0.14659771,0.4500265,-0.11872864,-0.03341135,-0.005156449,-0.18378547,-0.16178335,0.5115444,-0.28160855,-0.17375842,0.54757583,-0.2241078,-0.104898475,-0.1452336,-0.0961576,-0.09225239,-0.051946986,-0.26855853,-0.22946364,0.038440622,0.0444399,-0.20170939,0.059997234,-0.18979686,0.061676018,-0.18856032,-0.26249468,0.008237542,-0.23117387,0.039533243,0.050894186,-0.18854201,0.16140714,-0.10116425,0.094608,-0.16030326,-0.095489375,-0.28457922,0.0033419628,-0.21274859,0.09338818,-0.16432907,0.00010852704,-0.20502795,-0.20544171,-0.29227856,0.08352075,-0.16878307,-0.1726325,-0.34715292,-0.17259088,-0.3472201,0.34380034,0.10249002,0.30521634,0.020933224
1.2066118,-0.22738434,-0.48014626,-0.03341135,0.42454463,1.1284002,0.6871875,-0.10588965,-0.48502135,0.8303771,-0.08802608,-0.48997527,0.82651633,1.1683589,-0.63370246,1.2512283,-0.65133166,-0.69511765,0.5988122,0.62317413,-0.66495895,-0.70376,-0.6656494,-0.70341796,-0.6658082,-0.70350933,0.5789763,0.6023432,0.6023028,0.6280673,-0.6522975,-0.6876826,-0.63230735,-0.66235024,-0.6485578,-0.69114465,-0.59071505,-0.6450731,-0.60785794,-0.65642154,-0.6638135,-0.7000882,-0.5990299,-0.62577856,-0.32497722,-0.3849645,-0.6594294,-0.6924485,-0.61566925,-0.6657266,-0.6166105,-0.6660638,-0.4326163,-0.4479557,-0.58649915,-0.5987238
0.530007,-0.3433727,-0.48178223,0.6348163,-0.005156449,0.47230738,0.034133,-0.43952152,-0.48070166,-0.068609916,-0.44484043,-0.46981508,-0.058075506,0.22833376,-0.61887825,0.579488,-0.65133166,-0.65633583,0.5988122,0.5950439,-0.66495895,-0.6677912,-0.6656494,-0.6671803,-0.6658082,-0.66726583,0.5789763,0.57668483,0.6023028,0.5988419,-0.6522975,-0.6509581,-0.63230735,-0.6217317,-0.6485578,-0.6473024,-0.59071505,-0.589611,-0.60785794,-0.5993528,-0.6638135,-0.66447896,-0.5990299,-0.6117959,-0.32497722,-0.35970804,-0.6594294,-0.65924686,-0.61566925,-0.6221913,-0.6166105,-0.62270373,-0.4326163,-0.44423267,-0.58649915,-0.57257456
-0.82320243,-1.0102794,-0.48646942,-0.701639,-0.8645586,-0.8398783,-0.7495324,-0.9907335,-0.42325014,-0.7179728,-0.962305,-0.3802609,-0.695235,-0.5388562,-0.25436345,-1.4357332,0.6459203,0.7446809,-0.61402035,-0.6999586,0.86030275,0.9735981,0.8094269,0.9172302,0.8103898,0.9184086,-0.76179075,-0.8606098,-0.8629173,-0.97129434,0.68867266,0.7945323,1.2964189,1.4444659,0.9133227,1.0348758,0.5986229,0.68304217,0.47510844,0.5465429,0.8505898,0.96105343,1.1332616,1.2475526,4.3369074,5.1552954,0.6046573,0.6896599,0.7203418,0.8299221,0.7289035,0.8376828,-0.13930911,-0.12631503,0.67116755,0.75129503
-0.82320243,-0.29439178,1.0523906,-0.701639,-0.005156449,-0.4820095,-0.4883106,-0.2691384,1.0852468,-0.32404777,-0.27034295,1.1036357,-0.2888658,-0.6641546,0.8436502,-0.7639928,0.5233026,0.55164963,-0.6411365,-0.67517394,0.7521005,0.79010475,0.8020278,0.842543,0.799775,0.8402861,-0.6151444,-0.6482353,-0.6426035,-0.6767836,0.48425648,0.5136457,0.65351015,0.6890632,0.75445557,0.799237,0.5206549,0.56490386,0.6661035,0.71793383,0.8505898,0.89321744,0.27362823,0.2781544,-0.32497722,-0.38319823,0.9686557,1.0128844,0.4125624,0.43685067,0.46652827,0.4942894,0.16195108,0.17249838,1.3609127,1.412668
1.2066118,1.8275247,0.62188774,1.303044,1.2839468,1.1284002,0.6871875,1.4003619,0.45880684,0.8713859,1.5932072,0.39627,0.821901,0.89217913,0.25804,0.9153582,0.7167881,0.67590415,-0.83588004,-0.8858112,0.8151099,0.7954191,0.8421946,0.8333102,0.84729487,0.8385077,-0.7827402,-0.8365386,-0.7992122,-0.84210676,1.1056818,1.0593847,0.80233157,0.81540096,1.0212879,1.0236821,1.3860918,1.4251386,1.2190871,1.1907262,0.8505898,0.85418904,0.39085102,0.35374296,-0.26520947,-0.29073626,0.83959514,0.8467439,0.6637546,0.5984953,0.66297334,0.5967587,0.8349207,0.9749928,0.7747174,0.81072176
0.530007,-0.51724476,0.24542192,0.6348163,1.2839468,0.47230738,0.81779844,-0.47635394,0.1056704,0.69280005,-0.48609108,0.032858465,0.5985753,0.3787476,0.9806292,0.2436178,0.81442857,0.5339954,-2.5589898,-2.0036027,1.1503633,0.8100315,1.3222157,0.95448786,1.3433517,0.9722454,-2.741517,-2.1600306,-2.5351796,-1.982379,1.678047,1.2613748,1.9095632,1.4552857,2.274543,1.7690991,2.5109377,2.0153043,2.2549546,1.7922348,1.6077914,1.1937642,2.1361673,1.6375183,7.3850636,6.6591883,1.1865617,0.84068215,0.39462012,0.19026844,0.36023262,0.16046079,3.8104763,3.0965645,1.3086568,0.9530388
0.530007,-0.09728168,-0.47831115,-1.3698667,-0.005156449,0.47230738,0.4259657,-0.061535258,-0.48441368,0.3576195,-0.06561444,-0.48966062,0.3828863,0.69782716,-0.63370246,0.579488,-0.65133166,-0.69511765,0.5988122,0.62317413,-0.66495895,-0.70376,-0.6656494,-0.70341796,-0.6658082,-0.70350933,0.5789763,0.6023432,0.6023028,0.6280673,-0.6522975,-0.6876826,-0.63230735,-0.66235024,-0.6485578,-0.69114465,-0.59071505,-0.6450731,-0.60785794,-0.65642154,-0.6638135,-0.7000882,-0.5990299,-0.62577856,-0.32497722,-0.3849645,-0.6594294,-0.6924485,-0.61566925,-0.6657266,-0.6166105,-0.6660638,-0.4326163,-0.4479557,-0.58649915,-0.5987238
1.2066118,-0.019676547,1.4078231,1.303044,2.57305,1.1284002,2.646351,-0.3483558,0.68973386,2.2058103,-0.3503445,0.7076052,2.2393785,1.1465992,3.4740715,1.2512283,2.3455915,2.2132785,-3.5425673,-3.3636987,2.882035,2.7193584,2.9625835,2.798591,2.971613,2.8075538,-3.6283784,-3.4484313,-3.5650804,-3.3847187,2.863661,2.7155945,3.336265,3.1639693,3.0672708,2.9282768,1.8854132,1.8128725,2.4481416,2.3686614,3.1221948,2.9528637,2.3966622,2.2430139,0.27270037,0.24699342,3.055321,2.878045,1.5995144,1.5063957,1.6034877,1.5078993,3.4494672,3.3051333,3.872078,3.6262672
-0.82320243,-0.7383556,0.09844015,-0.701639,-0.005156449,-0.8398783,-0.6189215,-0.7852696,-0.043136764,-0.66564924,-0.7880648,-0.059567593,-0.68089813,-1.0723418,0.69307405,-0.7639928,0.5474377,0.26012832,-1.0577395,-0.6862911,0.7538387,0.42054328,0.7856439,0.4467966,0.78916025,0.44967893,-1.1039656,-0.72811025,-1.0646505,-0.6899089,0.75408584,0.43010405,0.9551217,0.59438217,0.8377738,0.49763337,0.3997363,0.16222484,0.6145419,0.33714953,0.8505898,0.4997027,0.599247,0.3164597,-0.08590619,-0.17740159,0.82647085,0.48025942,0.27040422,0.047694396,0.27142873,0.04796183,1.120217,0.78472465,1.1969318,0.78894997
-0.14659771,0.2861116,-0.47290343,-0.03341135,-0.43485752,-0.18378547,-0.0964779,0.41122738,-0.47793627,-0.32202226,0.41127944,-0.48296532,-0.30080733,-0.16682497,-0.63370246,-0.09225239,-0.65133166,-0.69511765,0.5988122,0.62317413,-0.66495895,-0.70376,-0.6656494,-0.70341796,-0.6658082,-0.70350933,0.5789763,0.6023432,0.6023028,0.6280673,-0.6522975,-0.6876826,-0.63230735,-0.66235024,-0.6485578,-0.69114465,-0.59071505,-0.6450731,-0.60785794,-0.65642154,-0.6638135,-0.7000882,-0.5990299,-0.62577856,-0.32497722,-0.3849645,-0.6594294,-0.6924485,-0.61566925,-0.6657266,-0.6166105,-0.6660638,-0.4326163,-0.4479557,-0.58649915,-0.5987238
1.2066118,-0.3298929,-0.48159212,-0.03341135,0.42454463,1.1284002,0.49127117,-0.3959254,-0.48330936,0.7939831,-0.35402882,-0.4687027,0.7103213,1.1891544,-0.5860662,1.2512283,-0.65133166,-0.62037885,0.5988122,0.6074486,-0.66495895,-0.64148474,-0.6656494,-0.6455926,-0.6658082,-0.64618796,0.5789763,0.5914422,0.6023028,0.61113054,-0.6522975,-0.6441636,-0.63230735,-0.64373857,-0.6485578,-0.6621529,-0.59071505,-0.6305382,-0.60785794,-0.63975555,-0.6638135,-0.64858556,-0.5990299,-0.5721425,-0.32497722,-0.3849645,-0.6594294,-0.6342197,-0.61566925,-0.58472896,-0.6166105,-0.58535075,-0.4326163,-0.4478335,-0.58649915,-0.5829726
-0.82320243,0.9827492,-0.46307746,-0.701639,-0.8645586,-0.8398783,-0.55361605,1.1903875,-0.32136598,-0.61077553,1.223228,-0.32914135,-0.5579095,-0.46212813,-0.5652993,-0.7639928,-0.65133166,-0.54814523,0.5988122,0.60584515,-0.66495895,-0.591446,-0.6656494,-0.60125464,-0.6658082,-0.6026736,0.5789763,0.59559083,0.6023028,0.6077027,-0.6522975,-0.6265088,-0.63230735,-0.62415063,-0.6485578,-0.6439727,-0.59071505,-0.6224301,-0.60785794,-0.62653995,-0.6638135,-0.6126313,-0.5990299,-0.5569311,-0.32497722,-0.3849645,-0.6594294,-0.5930795,-0.61566925,-0.49849582,-0.6166105,-0.5002246,-0.4326163,-0.4479557,-0.58649915,-0.5947104
-0.82320243,-0.7657375,0.039193828,-1.3698667,-0.43485752,-0.8398783,-1.1413652,-0.88714767,-0.20656681,-1.4020401,-0.9433397,-0.33954176,-1.5722122,-1.5312482,-0.31462428,-1.0998629,1.2335789,0.5479151,-0.42174205,-0.04863907,1.0302109,0.40913445,0.9677162,0.36857718,0.9688714,0.36937857,-0.3009021,0.020780502,-0.40105447,-0.034014877,1.4409242,0.6820765,0.59795004,0.1486193,0.93743396,0.35671,0.98041385,0.4091774,1.3924731,0.6773759,0.8505898,0.29390553,1.2765338,0.59939206,-0.32497722,-0.37985557,0.8608759,0.30050513,1.4269922,0.69089246,1.4204977,0.68464535,-0.2817693,-0.33535418,0.37270012,0.024819484
-0.82320243,-0.4422851,-0.4831774,-0.701639,-0.8645586,-0.8398783,-0.88014334,-0.43992758,-0.4895981,-0.9181096,-0.448306,-0.4950334,-0.915025,-0.8166,-0.63370246,-0.7639928,-0.65133166,-0.69511765,0.5988122,0.62317413,-0.66495895,-0.70376,-0.6656494,-0.70341796,-0.6658082,-0.70350933,0.5789763,0.6023432,0.6023028,0.6280673,-0.6522975,-0.6876826,-0.63230735,-0.66235024,-0.6485578,-0.69114465,-0.59071505,-0.6450731,-0.60785794,-0.65642154,-0.6638135,-0.7000882,-0.5990299,-0.62577856,-0.32497722,-0.3849645,-0.6594294,-0.6924485,-0.61566925,-0.6657266,-0.6166105,-0.6660638,-0.4326163,-0.4479557,-0.58649915,-0.5987238
1.2066118,-0.44292396,-0.4831864,1.303044,0.42454463,1.1284002,0.6871875,-0.48402503,-0.49020225,0.7116109,-0.47970223,-0.49027568,0.7010902,1.0153472,-0.63370246,1.2512283,-0.65133166,-0.69511765,0.5988122,0.62317413,-0.66495895,-0.70376,-0.6656494,-0.70341796,-0.6658082,-0.70350933,0.5789763,0.6023432,0.6023028,0.6280673,-0.6522975,-0.6876826,-0.63230735,-0.66235024,-0.6485578,-0.69114465,-0.59071505,-0.6450731,-0.60785794,-0.65642154,-0.6638135,-0.7000882,-0.5990299,-0.62577856,-0.32497722,-0.3849645,-0.6594294,-0.6924485,-0.61566925,-0.6657266,-0.6166105,-0.6660638,-0.4326163,-0.4479557,-0.58649915,-0.5987238
-0.14659771,-0.5239499,-0.48432928,-0.03341135,-0.43485752,-0.18378547,-0.4883106,-0.51831186,-0.490672,-0.24634764,-0.48475903,-0.48352274,-0.22314416,-0.054895796,-0.63370246,-0.09225239,-0.65133166,-0.69511765,0.5988122,0.62317413,-0.66495895,-0.70376,-0.6656494,-0.70341796,-0.6658082,-0.70350933,0.5789763,0.6023432,0.6023028,0.6280673,-0.6522975,-0.6876826,-0.63230735,-0.66235024,-0.6485578,-0.69114465,-0.59071505,-0.6450731,-0.60785794,-0.65642154,-0.6638135,-0.7000882,-0.5990299,-0.62577856,-0.32497722,-0.3849645,-0.6594294,-0.6924485,-0.61566925,-0.6657266,-0.6166105,-0.6660638,-0.4326163,-0.4479557,-0.58649915,-0.5987238
0.530007,2.3239443,3.4692535,0.6348163,0.8542457,0.9494658,0.88310385,2.680863,3.8291323,0.7922732,2.5600224,3.8029642,0.8326019,0.44170633,0.96491486,0.579488,1.409365,1.6332127,-0.00020871371,-0.052528676,1.0793147,1.2574049,0.99652016,1.1661336,0.98257196,1.1506995,0.14252868,0.10871171,-0.016168725,-0.069170274,0.5496697,0.67001873,0.22688857,0.30494007,0.30223364,0.38961264,-0.1381299,-0.11966244,-0.10775991,-0.077180885,0.8505898,1.0032337,0.91184086,1.0565785,-0.32497722,-0.38477746,1.0705478,1.2455966,1.5691504,1.8266779,1.5671586,1.8218068,-0.38886026,-0.39812428,0.30217078,0.39203116
0.530007,-0.029093713,-0.47734937,0.6348163,-0.005156449,0.47230738,0.4259657,-0.019401804,-0.48383638,0.55429643,-0.03342948,-0.48636678,0.6147087,0.9924103,-0.63370246,0.579488,-0.65133166,-0.69511765,0.5988122,0.62317413,-0.66495895,-0.70376,-0.6656494,-0.70341796,-0.6658082,-0.70350933,0.5789763,0.6023432,0.6023028,0.6280673,-0.6522975,-0.6876826,-0.63230735,-0.66235024,-0.6485578,-0.69114465,-0.59071505,-0.6450731,-0.60785794,-0.65642154,-0.6638135,-0.7000882,-0.5990299,-0.62577856,-0.32497722,-0.3849645,-0.6594294,-0.6924485,-0.61566925,-0.6657266,-0.6166105,-0.6660638,-0.4326163,-0.4479557,-0.58649915,-0.5987238
0.530007,1.5302298,-0.4553553,-1.3698667,-0.005156449,0.47230738,0.09943845,1.0693256,-0.31212097,0.029070513,1.1398033,-0.2532679,0.10944218,0.33145013,-0.5622334,0.579488,-0.65133166,-0.32518944,0.5988122,0.510724,-0.66495895,-0.34668154,-0.6656494,-0.36878502,-0.6658082,-0.37098956,0.5789763,0.50421673,0.6023028,0.49450856,-0.6522975,-0.4206756,-0.63230735,-0.48123127,-0.6485578,-0.3976746,-0.59071505,-0.35385853,-0.60785794,-0.42715374,-0.6638135,-0.39100894,-0.5990299,-0.42222714,-0.32497722,-0.29002643,-0.6594294,-0.37569886,-0.61566925,-0.27817348,-0.6166105,-0.27346078,-0.4326163,-0.42612165,-0.58649915,-0.46539637
-1.4998071,-0.8037767,-0.48827618,-1.3698667,-1.2942597,-1.4959712,-1.4025869,-0.73820245,-0.49368477,-1.3480672,-0.77727413,-0.4995864,-1.3872696,-1.2762687,-0.63370246,-1.4357332,-0.65133166,-0.69511765,0.5988122,0.62317413,-0.66495895,-0.70376,-0.6656494,-0.70341796,-0.6658082,-0.70350933,0.5789763,0.6023432,0.6023028,0.6280673,-0.6522975,-0.6876826,-0.63230735,-0.66235024,-0.6485578,-0.69114465,-0.59071505,-0.6450731,-0.60785794,-0.65642154,-0.6638135,-0.7000882,-0.5990299,-0.62577856,-0.32497722,-0.3849645,-0.6594294,-0.6924485,-0.61566925,-0.6657266,-0.6166105,-0.6660638,-0.4326163,-0.4479557,-0.58649915,-0.5987238
-0.82320243,-0.8682907,-0.48918614,-0.701639,-0.8645586,-0.8398783,-1.0107542,-0.78109944,-0.49427253,-0.90749186,-0.769178,-0.49938318,-0.8606557,-0.7930177,-0.63370246,-0.7639928,-0.65133166,-0.69511765,0.5988122,0.62317413,-0.66495895,-0.70376,-0.6656494,-0.70341796,-0.6658082,-0.70350933,0.5789763,0.6023432,0.6023028,0.6280673,-0.6522975,-0.6876826,-0.63230735,-0.66235024,-0.6485578,-0.69114465,-0.59071505,-0.6450731,-0.60785794,-0.65642154,-0.6638135,-0.7000882,-0.5990299,-0.62577856,-0.32497722,-0.3849645,-0.6594294,-0.6924485,-0.61566925,-0.6657266,-0.6166105,-0.6660638,-0.4326163,-0.4479557,-0.58649915,-0.5987238
1.2066118,-0.24468282,-0.48039025,1.303044,0.42454463,1.1284002,0.5565766,-0.26885796,-0.48725423,0.53782696,-0.2572288,-0.49235076,0.5461636,0.84740824,-0.63370246,1.2512283,-0.65133166,-0.69511765,0.5988122,0.62317413,-0.66495895,-0.70376,-0.6656494,-0.70341796,-0.6658082,-0.70350933,0.5789763,0.6023432,0.6023028,0.6280673,-0.6522975,-0.6876826,-0.63230735,-0.66235024,-0.6485578,-0.69114465,-0.59071505,-0.6450731,-0.60785794,-0.65642154,-0.6638135,-0.7000882,-0.5990299,-0.62577856,-0.32497722,-0.3849645,-0.6594294,-0.6924485,-0.61566925,-0.6657266,-0.6166105,-0.6660638,-0.4326163,-0.4479557,-0.58649915,-0.5987238
-0.82320243,-0.35210526,-0.4819054,-0.701639,-0.8645586,-0.8398783,-0.6189215,-0.47709155,-0.48999208,-0.85348934,-0.4239056,-0.49462044,-0.7502323,-0.76019275,-0.6161761,-0.7639928,-0.65133166,-0.6293912,0.5988122,0.5458668,-0.66495895,-0.6354964,-0.6656494,-0.6316808,-0.6658082,-0.6313998,0.5789763,0.52561736,0.6023028,0.5485181,-0.6522975,-0.6088569,-0.63230735,-0.5722399,-0.6485578,-0.59644455,-0.59071505,-0.521455,-0.60785794,-0.5558344,-0.6638135,-0.624293,-0.5990299,-0.5364915,-0.32497722,-0.15549548,-0.6594294,-0.6282057,-0.61566925,-0.59945625,-0.6166105,-0.6009995,-0.4326163,-0.40346888,-0.58649915,-0.5314824
-0.82320243,0.86524814,0.94245446,-0.701639,-0.43485752,-0.8398783,-0.0964779,0.83589923,0.6512152,-0.44986957,0.7253434,0.5784016,-0.43488106,-0.6103144,0.2594572,-0.7639928,-0.06644476,-0.07918831,-0.50802076,-0.5315663,0.005765159,-0.0014211922,0.028682929,0.023542589,0.036373302,0.031724762,-0.5872117,-0.61440396,-0.5045755,-0.5271804,0.3248119,0.33960742,0.30427572,0.317677,0.2438305,0.25176734,0.2699827,0.28483522,0.22156711,0.2350609,0.09338818,0.09213778,0.37131387,0.37894115,0.9899134,1.1227598,-0.040230025,-0.047005024,-0.2195585,-0.24411142,-0.22910248,-0.25405738,1.0160758,1.0684459,0.020534195,0.025713833
0.530007,0.14822203,0.2595787,0.6348163,0.42454463,0.47230738,0.36066025,0.04211181,0.21176447,0.57919014,0.043626662,0.23061965,0.50347716,0.75900894,-0.07124127,0.2436178,-0.06644476,-0.23003049,-0.50802076,-0.24990575,0.005765159,-0.17337678,0.028682929,-0.15428954,0.036373302,-0.14814378,-0.5872117,-0.31764442,-0.5045755,-0.24523957,0.3248119,0.08728089,0.30427572,0.07755765,0.2438305,0.02108776,0.2699827,0.054985296,0.22156711,0.016315991,0.09338818,-0.10145826,0.37131387,0.13562007,0.9899134,0.7542233,-0.040230025,-0.20479247,-0.2195585,-0.34747133,-0.22910248,-0.3551462,1.0160758,0.6996287,0.020534195,-0.12739229
0.530007,-0.4642217,0.45223626,0.6348163,1.7136478,0.47230738,2.3198237,-0.39253977,0.6056788,1.9683973,-0.3844677,0.6468235,2.0877364,0.99274737,3.1836255,0.579488,1.7462071,2.0735507,-2.714291,-3.172157,2.1726365,2.5549016,2.236937,2.6303442,2.2441287,2.6388717,-2.7869074,-3.2538202,-2.7316039,-3.1919322,2.1604693,2.552091,2.5425506,2.9801412,2.3241053,2.7543886,1.3901876,1.6947856,1.8369416,2.2233276,2.364993,2.7773652,1.7975237,2.1051884,0.15316483,0.21663226,2.312371,2.7065082,1.1564777,1.4020406,1.1594679,1.4034556,2.6730504,3.1248238,2.980363,3.4232862
1.2066118,-0.12040801,-0.47863734,1.303044,0.42454463,1.1284002,0.81779844,-0.15391752,-0.46962732,0.82948256,-0.15227701,-0.46745655,0.82509816,1.3071408,-0.63370246,1.2512283,-0.65133166,-0.6620703,0.5988122,0.5995992,-0.66495895,-0.6730484,-0.6656494,-0.67243195,-0.6658082,-0.67251325,0.5789763,0.5808751,0.6023028,0.60363674,-0.6522975,-0.65596867,-0.63230735,-0.62865144,-0.6485578,-0.6536865,-0.59071505,-0.59796506,-0.60785794,-0.6073895,-0.6638135,-0.66959345,-0.5990299,-0.6138042,-0.32497722,-0.3665,-0.6594294,-0.6639579,-0.61566925,-0.62878305,-0.6166105,-0.6291075,-0.4326163,-0.44472542,-0.58649915,-0.57593745
-0.14659771,-0.5608037,-0.48484907,-0.03341135,-0.43485752,-0.18378547,-0.55361605,-0.56723315,-0.49134228,-0.29413602,-0.5503373,-0.49646583,-0.32352525,-0.084958084,-0.63370246,-0.09225239,-0.65133166,-0.69511765,0.5988122,0.62317413,-0.66495895,-0.70376,-0.6656494,-0.70341796,-0.6658082,-0.70350933,0.5789763,0.6023432,0.6023028,0.6280673,-0.6522975,-0.6876826,-0.63230735,-0.66235024,-0.6485578,-0.69114465,-0.59071505,-0.6450731,-0.60785794,-0.65642154,-0.6638135,-0.7000882,-0.5990299,-0.62577856,-0.32497722,-0.3849645,-0.6594294,-0.6924485,-0.61566925,-0.6657266,-0.6166105,-0.6660638,-0.4326163,-0.4479557,-0.58649915,-0.5987238
0.530007,0.24045007,-0.4735475,0.6348163,-0.005156449,0.47230738,0.09943845,0.14297698,-0.47935486,0.13317211,0.116556235,-0.45883292,0.10937022,0.44648653,-0.62481385,0.579488,-0.65133166,-0.6803181,0.5988122,0.6125191,-0.66495895,-0.69051343,-0.6656494,-0.6901789,-0.6658082,-0.69027,0.5789763,0.592733,0.6023028,0.6173985,-0.6522975,-0.67400986,-0.63230735,-0.64855963,-0.6485578,-0.6755151,-0.59071505,-0.62375855,-0.60785794,-0.63638157,-0.6638135,-0.6872747,-0.5990299,-0.6207471,-0.32497722,-0.37498927,-0.6594294,-0.6804141,-0.61566925,-0.64896923,-0.6166105,-0.64944917,-0.4326163,-0.44716278,-0.58649915,-0.5907584
-1.4998071,-0.95867866,-0.49046108,-1.3698667,-1.2942597,-1.4959712,-1.4678924,-0.9640236,-0.49677882,-1.3299644,-0.9565929,-0.50216943,-1.3028083,-1.2737184,-0.63370246,-1.4357332,-0.65133166,-0.69511765,0.5988122,0.62317413,-0.66495895,-0.70376,-0.6656494,-0.70341796,-0.6658082,-0.70350933,0.5789763,0.6023432,0.6023028,0.6280673,-0.6522975,-0.6876826,-0.63230735,-0.66235024,-0.6485578,-0.69114465,-0.59071505,-0.6450731,-0.60785794,-0.65642154,-0.6638135,-0.7000882,-0.5990299,-0.62577856,-0.32497722,-0.3849645,-0.6594294,-0.6924485,-0.61566925,-0.6657266,-0.6166105,-0.6660638,-0.4326163,-0.4479557,-0.58649915,-0.5987238
0.530007,1.3356843,1.5139834,0.6348163,0.42454463,0.7108866,0.23004936,0.9174619,1.6465721,0.31767544,0.96195436,1.6996051,0.29938993,0.21886982,0.23850802,0.579488,0.5563291,0.94614774,0.45090583,0.41757658,0.2845274,0.60976505,0.20679139,0.5030657,0.1963359,0.48948294,0.523111,0.5133789,0.42445907,0.37351033,-0.08810883,0.11739747,-0.28108868,-0.17553294,-0.23786089,-0.045969073,-0.43318906,-0.2742583,-0.4261297,-0.31401893,0.09338818,0.3519164,0.18896736,0.40549344,-0.32497722,-0.38477746,0.21252887,0.49363062,0.74656516,1.1894104,0.7342855,1.1773976,-0.4326163,-0.44794717,-0.54305947,-0.54163295
-1.4998071,-1.010454,-0.48684484,-1.3698667,-1.2942597,-1.4959712,-1.4025869,-1.0251391,-0.49332428,-1.4956039,-1.0191518,-0.49852237,-1.4418919,-1.7137898,-0.10311414,-1.4357332,0.10388681,0.072181314,-0.20727773,-0.18925391,0.093760975,0.062819086,0.09289712,0.063092925,0.09919812,0.06957013,-0.21012098,-0.19303471,-0.20728442,-0.18806434,0.50469804,0.48478082,0.24474718,0.22294377,0.26472706,0.24018566,0.5136514,0.50262153,0.45605874,0.4461472,0.09338818,0.06478245,0.29967773,0.27524146,0.03362931,0.01200159,0.013142537,-0.01566249,0.13790722,0.107872464,0.12476771,0.09397177,-0.04089417,-0.051480334,0.06910325,0.05168141
0.530007,0.08633499,-0.47572124,0.6348163,-0.005156449,0.47230738,-0.35769972,0.009119578,-0.47305664,-0.32320666,-0.05412449,-0.47100514,-0.39716318,-0.25432226,-0.5357514,0.579488,-0.65133166,-0.5073653,0.5988122,0.56213135,-0.66495895,-0.5529865,-0.6656494,-0.55708313,-0.6658082,-0.5581005,0.5789763,0.56176704,0.6023028,0.57096565,-0.6522975,-0.56268495,-0.63230735,-0.57521033,-0.6485578,-0.5466277,-0.59071505,-0.4940595,-0.60785794,-0.49942607,-0.6638135,-0.56766015,-0.5990299,-0.4705342,-0.32497722,-0.3849645,-0.6594294,-0.5565103,-0.61566925,-0.4378144,-0.6166105,-0.43764547,-0.4326163,-0.44701058,-0.58649915,-0.57792646
-0.82320243,-0.446206,-0.4832327,-0.701639,-0.8645586,-0.8398783,-1.0760597,-0.3995979,-0.4890455,-0.8666274,-0.41173026,-0.4945199,-0.9558602,-0.7318645,-0.63370246,-0.7639928,-0.65133166,-0.69511765,0.5988122,0.62317413,-0.66495895,-0.70376,-0.6656494,-0.70341796,-0.6658082,-0.70350933,0.5789763,0.6023432,0.6023028,0.6280673,-0.6522975,-0.6876826,-0.63230735,-0.66235024,-0.6485578,-0.69114465,-0.59071505,-0.6450731,-0.60785794,-0.65642154,-0.6638135,-0.7000882,-0.5990299,-0.62577856,-0.32497722,-0.3849645,-0.6594294,-0.6924485,-0.61566925,-0.6657266,-0.6166105,-0.6660638,-0.4326163,-0.4479557,-0.58649915,-0.5987238
-0.82320243,0.06710386,-0.47599253,-0.701639,-0.8645586,-0.8398783,-0.94544876,0.22065173,-0.4805474,-0.86258566,0.15313098,-0.48658955,-0.8369825,-0.7459143,-0.63370246,-0.7639928,-0.65133166,-0.69511765,0.5988122,0.62317413,-0.66495895,-0.70376,-0.6656494,-0.70341796,-0.6658082,-0.70350933,0.5789763,0.6023432,0.6023028,0.6280673,-0.6522975,-0.6876826,-0.63230735,-0.66235024,-0.6485578,-0.69114465,-0.59071505,-0.6450731,-0.60785794,-0.65642154,-0.6638135,-0.7000882,-0.5990299,-0.62577856,-0.32497722,-0.3849645,-0.6594294,-0.6924485,-0.61566925,-0.6657266,-0.6166105,-0.6660638,-0.4326163,-0.4479557,-0.58649915,-0.5987238
1.2066118,0.9135644,3.6489933,1.303044,2.57305,1.1284002,1.9932965,1.2035137,4.1602254,2.1287587,1.1820008,4.2110834,2.2036238,1.2084655,3.0931027,0.9153582,2.2731028,2.318186,-4.935353,-5.0311255,2.6886616,2.7325926,2.8060124,2.854055,2.8450997,2.8944166,-5.2519636,-5.355769,-4.9320884,-5.028011,4.2332497,4.3361883,4.0506077,4.131112,3.8133836,3.9229105,3.7127736,3.892316,3.5392675,3.7021742,3.1221948,3.1776814,4.252689,4.3050795,6.249476,6.996176,2.4365675,2.4666352,1.3648843,1.3961326,1.3209296,1.3485128,6.8108444,6.983275,2.4486675,2.4554396
-0.82320243,-0.6559652,0.27515844,-0.701639,-0.005156449,-0.8398783,-0.94544876,-0.63856906,0.31385532,-0.89909214,-0.63418925,0.32514688,-0.8813719,-1.3820286,0.5020697,-1.0998629,1.0234284,1.1260427,-0.6041599,-0.6744847,0.97067785,1.0649878,0.92887056,1.0211077,0.9306087,1.0231591,-0.51738006,-0.58042127,-0.60278773,-0.6721617,1.2283313,1.3520551,0.8241588,0.9111431,1.1683673,1.2919257,1.7440522,1.9518576,1.6896267,1.8919005,0.8505898,0.9371866,0.5601727,0.6181027,-0.08590619,-0.10171722,0.76240295,0.8388669,1.1785605,1.3056527,1.1863782,1.3122294,-0.10975283,-0.09820342,0.512797,0.56852067
-1.4998071,-1.0033363,-0.49109095,-1.3698667,-1.2942597,-1.4959712,-1.6638087,-1.0186466,-0.49752718,-1.7241933,-1.0119666,-0.50294685,-1.6938624,-1.8268803,-0.63370246,-1.4357332,-0.65133166,-0.69511765,0.5988122,0.62317413,-0.66495895,-0.70376,-0.6656494,-0.70341796,-0.6658082,-0.70350933,0.5789763,0.6023432,0.6023028,0.6280673,-0.6522975,-0.6876826,-0.63230735,-0.66235024,-0.6485578,-0.69114465,-0.59071505,-0.6450731,-0.60785794,-0.65642154,-0.6638135,-0.7000882,-0.5990299,-0.62577856,-0.32497722,-0.3849645,-0.6594294,-0.6924485,-0.61566925,-0.6657266,-0.6166105,-0.6660638,-0.4326163,-0.4479557,-0.58649915,-0.5987238
-0.82320243,-0.03331577,-0.47740895,-0.701639,-0.8645586,-0.8398783,-0.7495324,0.26539925,-0.28866786,-0.8980452,0.13592716,-0.43705568,-0.82145613,-0.80008405,-0.6123653,-0.7639928,-0.65133166,-0.6444253,0.5988122,0.61787885,-0.66495895,-0.66465205,-0.6656494,-0.6676967,-0.6658082,-0.6682273,0.5789763,0.6007864,0.6023028,0.6215033,-0.6522975,-0.665524,-0.63230735,-0.6482547,-0.6485578,-0.6749507,-0.59071505,-0.63750154,-0.60785794,-0.6478718,-0.6638135,-0.66932964,-0.5990299,-0.59715915,-0.32497722,-0.3849645,-0.6594294,-0.6573537,-0.61566925,-0.60766673,-0.6166105,-0.608541,-0.4326163,-0.4479557,-0.58649915,-0.5976175
1.2066118,1.1518444,-0.46069238,1.303044,0.42454463,1.1284002,0.6218821,1.200266,-0.46712556,0.68842924,1.1759806,-0.47222933,0.660912,0.9968324,-0.63370246,1.2512283,-0.65133166,-0.69511765,0.5988122,0.62317413,-0.66495895,-0.70376,-0.6656494,-0.70341796,-0.6658082,-0.70350933,0.5789763,0.6023432,0.6023028,0.6280673,-0.6522975,-0.6876826,-0.63230735,-0.66235024,-0.6485578,-0.69114465,-0.59071505,-0.6450731,-0.60785794,-0.65642154,-0.6638135,-0.7000882,-0.5990299,-0.62577856,-0.32497722,-0.3849645,-0.6594294,-0.6924485,-0.61566925,-0.6657266,-0.6166105,-0.6660638,-0.4326163,-0.4479557,-0.58649915,-0.5987238
1.2066118,-0.24468464,-0.48039025,1.303044,0.42454463,1.1284002,0.49127117,-0.200359,-0.4863157,0.7322274,-0.22122517,-0.4894478,0.64399105,1.0578325,-0.63370246,1.2512283,-0.65133166,-0.69511765,0.5988122,0.62317413,-0.66495895,-0.70376,-0.6656494,-0.70341796,-0.6658082,-0.70350933,0.5789763,0.6023432,0.6023028,0.6280673,-0.6522975,-0.6876826,-0.63230735,-0.66235024,-0.6485578,-0.69114465,-0.59071505,-0.6450731,-0.60785794,-0.65642154,-0.6638135,-0.7000882,-0.5990299,-0.62577856,-0.32497722,-0.3849645,-0.6594294,-0.6924485,-0.61566925,-0.6657266,-0.6166105,-0.6660638,-0.4326163,-0.4479557,-0.58649915,-0.5987238
-0.82320243,0.5187394,-0.46962225,-0.701639,-0.8645586,-0.8398783,-1.0107542,0.4612142,-0.4772514,-0.8237033,0.58285844,-0.34064758,-0.8565976,-0.6992268,-0.63370246,-0.7639928,-0.65133166,-0.69511765,0.5988122,0.62317413,-0.66495895,-0.70376,-0.6656494,-0.70341796,-0.6658082,-0.70350933,0.5789763,0.6023432,0.6023028,0.6280673,-0.6522975,-0.6876826,-0.63230735,-0.66235024,-0.6485578,-0.69114465,-0.59071505,-0.6450731,-0.60785794,-0.65642154,-0.6638135,-0.7000882,-0.5990299,-0.62577856,-0.32497722,-0.3849645,-0.6594294,-0.6924485,-0.61566925,-0.6657266,-0.6166105,-0.6660638,-0.4326163,-0.4479557,-0.58649915,-0.5987238
-1.4998071,-0.9627359,-0.49051827,-1.3698667,-1.2942597,-1.4959712,-1.4678924,-0.96464527,-0.49678728,-1.3258911,-0.95967007,-0.50221264,-1.3480066,-1.2500086,-0.63370246,-1.4357332,-0.65133166,-0.69511765,0.5988122,0.62317413,-0.66495895,-0.70376,-0.6656494,-0.70341796,-0.6658082,-0.70350933,0.5789763,0.6023432,0.6023028,0.6280673,-0.6522975,-0.6876826,-0.63230735,-0.66235024,-0.6485578,-0.69114465,-0.59071505,-0.6450731,-0.60785794,-0.65642154,-0.6638135,-0.7000882,-0.5990299,-0.62577856,-0.32497722,-0.3849645,-0.6594294,-0.6924485,-0.61566925,-0.6657266,-0.6166105,-0.6660638,-0.4326163,-0.4479557,-0.58649915,-0.5987238
1.2066118,0.49805233,-0.46991405,1.303044,0.42454463,1.1284002,0.75249296,0.5352722,-0.47623673,0.8621992,0.57088506,-0.4807238,0.8512533,1.2957401,-0.63370246,1.2512283,-0.65133166,-0.69511765,0.5988122,0.62317413,-0.66495895,-0.70376,-0.6656494,-0.70341796,-0.6658082,-0.70350933,0.5789763,0.6023432,0.6023028,0.6280673,-0.6522975,-0.6876826,-0.63230735,-0.66235024,-0.6485578,-0.69114465,-0.59071505,-0.6450731,-0.60785794,-0.65642154,-0.6638135,-0.7000882,-0.5990299,-0.62577856,-0.32497722,-0.3849645,-0.6594294,-0.6924485,-0.61566925,-0.6657266,-0.6166105,-0.6660638,-0.4326163,-0.4479557,-0.58649915,-0.5987238
-1.4998071,-0.08891415,1.4940819,-1.3698667,-0.8645586,-1.2573919,-1.0760597,0.016455092,1.6815819,-1.1673799,0.0062694163,1.6954778,-1.1362811,-1.4296257,0.11752808,-1.4357332,0.5563291,0.6890665,0.45090583,0.45532656,0.2845274,0.37811074,0.20679139,0.2904701,0.1963359,0.27869657,0.523111,0.53895396,0.42445907,0.42612994,-0.08810883,-0.042783022,-0.28108868,-0.2630997,-0.23786089,-0.21972969,-0.43318906,-0.46095887,-0.4261297,-0.44415864,0.09338818,0.161895,0.18896736,0.26103953,-0.32497722,-0.3849645,0.21252887,0.29629165,0.74656516,0.9117799,0.7342855,0.8960093,-0.4326163,-0.4479557,-0.54305947,-0.5503755
-1.4998071,-0.87861335,-0.48933175,-1.3698667,-1.2942597,-1.4959712,-1.4025869,-0.88994586,-0.48687297,-1.4853477,-0.88772005,-0.4887563,-1.4909203,-1.4392096,-0.61887825,-1.4357332,-0.65133166,-0.65633583,0.5988122,0.5950439,-0.66495895,-0.6677912,-0.6656494,-0.6671803,-0.6658082,-0.66726583,0.5789763,0.57668483,0.6023028,0.5988419,-0.6522975,-0.6509581,-0.63230735,-0.6217317,-0.6485578,-0.6473024,-0.59071505,-0.589611,-0.60785794,-0.5993528,-0.6638135,-0.66447896,-0.5990299,-0.6117959,-0.32497722,-0.35970804,-0.6594294,-0.65924686,-0.61566925,-0.6221913,-0.6166105,-0.62270373,-0.4326163,-0.44423267,-0.58649915,-0.57257456
-0.14659771,-0.6012886,0.2163722,-0.03341135,0.8542457,-0.18378547,0.88310385,-0.55897856,0.3173137,0.99325436,-0.5541348,0.3358245,0.991208,0.2250779,2.30329,-0.09225239,1.1468223,1.34748,-1.8860153,-2.1768486,1.4632375,1.7003325,1.5112906,1.7560802,1.5166445,1.7623475,-1.9454366,-2.242559,-1.8981272,-2.1901548,1.4572774,1.7024751,1.7488362,2.0249145,1.5809394,1.8508134,0.89496195,1.0811682,1.2257416,1.4681264,1.6077914,1.8654189,1.1983854,1.3890048,0.03362931,0.05886627,1.569421,1.8151473,0.713441,0.85977805,0.7154484,0.86073357,1.8966335,2.1878786,2.0886474,2.3685324
1.2066118,4.5625463,-0.41258487,1.303044,0.42454463,1.1284002,1.1443256,5.131311,-0.08901807,1.3527116,5.102234,0.0979741,1.3940798,1.9246196,-0.48664898,1.2512283,-0.65133166,-0.41450572,0.5988122,0.59011096,-0.66495895,-0.48928493,-0.6656494,-0.50843453,-0.6658082,-0.5110382,0.5789763,0.58937347,0.6023028,0.5890808,-0.6522975,-0.56964153,-0.63230735,-0.5889744,-0.6485578,-0.6016321,-0.59071505,-0.6013074,-0.60785794,-0.59870636,-0.6638135,-0.5332232,-0.5990299,-0.49458015,-0.32497722,-0.3849645,-0.6594294,-0.5029779,-0.61566925,-0.3460638,-0.6166105,-0.34910554,-0.4326163,-0.4479557,-0.58649915,-0.5916289
0.530007,-0.67198426,0.2407242,0.6348163,1.7136478,0.47230738,2.776962,-0.61693025,0.0182002,1.3717514,-0.610385,0.16233161,1.87225,0.9654634,1.6618695,0.579488,2.8615608,1.4996442,-1.876155,-0.91300577,2.4968088,1.2615838,2.4789956,1.2516091,2.4746923,1.2490295,-1.6416689,-0.776769,-1.8715833,-0.90874296,2.4548285,1.2467792,2.5663621,1.3295503,3.0281572,1.616856,4.3506465,2.5142183,4.1604347,2.3848157,2.364993,1.1826143,-0.051990453,-0.3028248,2.304804,1.4066226,2.1853483,1.0687606,3.3371568,1.8276845,3.3069081,1.8065747,-0.25354332,-0.3349509,1.242776,0.5214092
-1.4998071,-0.66857255,0.24805792,-1.3698667,-0.8645586,-1.4959712,-1.271976,-0.69228065,0.20170249,-1.3428276,-0.6901016,0.20551626,-1.3186704,-1.5295721,-0.07124127,-1.7716033,-0.06644476,-0.23003049,-0.50802076,-0.24990575,0.005765159,-0.17337678,0.028682929,-0.15428954,0.036373302,-0.14814378,-0.5872117,-0.31764442,-0.5045755,-0.24523957,0.3248119,0.08728089,0.30427572,0.07755765,0.2438305,0.02108776,0.2699827,0.054985296,0.22156711,0.016315991,0.09338818,-0.10145826,0.37131387,0.13562007,0.9899134,0.7542233,-0.040230025,-0.20479247,-0.2195585,-0.34747133,-0.22910248,-0.3551462,1.0160758,0.6996287,0.020534195,-0.12739229
0.530007,-0.38005754,-0.4822997,0.6348163,-0.005156449,0.47230738,0.4259657,-0.408996,-0.48917428,0.2897367,-0.38664845,-0.49416775,0.3322353,0.5809537,-0.63370246,0.579488,-0.65133166,-0.69511765,0.5988122,0.62317413,-0.66495895,-0.70376,-0.6656494,-0.70341796,-0.6658082,-0.70350933,0.5789763,0.6023432,0.6023028,0.6280673,-0.6522975,-0.6876826,-0.63230735,-0.66235024,-0.6485578,-0.69114465,-0.59071505,-0.6450731,-0.60785794,-0.65642154,-0.6638135,-0.7000882,-0.5990299,-0.62577856,-0.32497722,-0.3849645,-0.6594294,-0.6924485,-0.61566925,-0.6657266,-0.6166105,-0.6660638,-0.4326163,-0.4479557,-0.58649915,-0.5987238
-1.4998071,-0.7837373,-0.48799354,-1.3698667,-1.2942597,-1.4959712,-1.4678924,-0.78643245,-0.49434558,-1.3670444,-0.793606,-0.49548185,-1.3949432,-1.3069563,-0.63370246,-1.4357332,-0.65133166,-0.69511765,0.5988122,0.62317413,-0.66495895,-0.70376,-0.6656494,-0.70341796,-0.6658082,-0.70350933,0.5789763,0.6023432,0.6023028,0.6280673,-0.6522975,-0.6876826,-0.63230735,-0.66235024,-0.6485578,-0.69114465,-0.59071505,-0.6450731,-0.60785794,-0.65642154,-0.6638135,-0.7000882,-0.5990299,-0.62577856,-0.32497722,-0.3849645,-0.6594294,-0.6924485,-0.61566925,-0.6657266,-0.6166105,-0.6660638,-0.4326163,-0.4479557,-0.58649915,-0.5987238
-1.4998071,-0.9941947,-0.45176494,-1.3698667,-1.2942597,-1.4959712,-1.0760597,-0.9953105,-0.4308842,-1.0094354,-0.9831834,-0.4214249,-1.0147066,-1.1053575,0.02285779,-1.4357332,0.27684835,0.5306515,0.25369728,0.17222883,0.11288109,0.31754118,0.12553273,0.33578134,0.12647574,0.3371573,0.34504035,0.29718897,0.2837767,0.21161193,0.27575198,0.53210557,-0.21560726,-0.11543028,0.30598426,0.5745012,0.5474568,0.89291495,0.77145255,1.2045388,0.09338818,0.29427114,0.00010852704,0.15512712,0.21293257,0.39088476,0.07725772,0.27113512,0.58922493,0.943195,0.57416934,0.9219688,-0.4283072,-0.44233668,-0.41354194,-0.37723175
-1.4998071,-0.8985649,-0.48961318,-1.3698667,-1.2942597,-1.4959712,-1.3372815,-0.90391654,-0.49595526,-1.4161719,-0.9041091,-0.49886164,-1.3768368,-1.3952849,-0.63370246,-1.4357332,-0.65133166,-0.69511765,0.5988122,0.62317413,-0.66495895,-0.70376,-0.6656494,-0.70341796,-0.6658082,-0.70350933,0.5789763,0.6023432,0.6023028,0.6280673,-0.6522975,-0.6876826,-0.63230735,-0.66235024,-0.6485578,-0.69114465,-0.59071505,-0.6450731,-0.60785794,-0.65642154,-0.6638135,-0.7000882,-0.5990299,-0.62577856,-0.32497722,-0.3849645,-0.6594294,-0.6924485,-0.61566925,-0.6657266,-0.6166105,-0.6660638,-0.4326163,-0.4479557,-0.58649915,-0.5987238
0.530007,-0.0065038945,-0.47703075,-0.03341135,-0.005156449,0.47230738,0.36066025,0.14445691,-0.45126164,0.40504688,0.12501688,-0.45664513,0.3913474,0.7689358,-0.61842424,0.579488,-0.65133166,-0.66787916,0.5988122,0.5988275,-0.66495895,-0.67572033,-0.6656494,-0.6754349,-0.6658082,-0.6756206,0.5789763,0.5784977,0.6023028,0.60363364,-0.6522975,-0.66709715,-0.63230735,-0.6387588,-0.6485578,-0.668716,-0.59071505,-0.6216435,-0.60785794,-0.63635534,-0.6638135,-0.6721012,-0.5990299,-0.59644705,-0.32497722,-0.3849645,-0.6594294,-0.664345,-0.61566925,-0.6417314,-0.6166105,-0.641478,-0.4326163,-0.43754628,-0.58649915,-0.56348765
0.530007,-0.70219433,-0.48684338,0.6348163,-0.005156449,0.47230738,0.5565766,-0.67686033,-0.4928443,0.43323702,-0.6777866,-0.4982552,0.52656734,0.77968055,-0.63370246,0.579488,-0.65133166,-0.69511765,0.5988122,0.62317413,-0.66495895,-0.70376,-0.6656494,-0.70341796,-0.6658082,-0.70350933,0.5789763,0.6023432,0.6023028,0.6280673,-0.6522975,-0.6876826,-0.63230735,-0.66235024,-0.6485578,-0.69114465,-0.59071505,-0.6450731,-0.60785794,-0.65642154,-0.6638135,-0.7000882,-0.5990299,-0.62577856,-0.32497722,-0.3849645,-0.6594294,-0.6924485,-0.61566925,-0.6657266,-0.6166105,-0.6660638,-0.4326163,-0.4479557,-0.58649915,-0.5987238
0.530007,0.6123925,-0.074404314,0.6348163,0.42454463,0.47230738,0.36066025,0.5854154,-0.292361,-0.18056336,0.49764314,-0.40181482,-0.18768461,-0.025110854,-0.5137748,0.579488,0.38636425,-0.44393235,0.21179046,0.54098684,0.19175148,-0.49992114,0.16688874,-0.50735027,0.16301039,-0.508534,0.30663297,0.5453876,0.23599777,0.548676,0.14492564,-0.5084384,-0.08464435,-0.54096687,0.24811703,-0.49948245,0.43000698,-0.4300449,0.5172655,-0.42626724,0.09338818,-0.5232822,0.03918276,-0.45552203,-0.14567396,-0.35931164,0.09217616,-0.51331294,0.6582339,-0.36060637,0.6454816,-0.36371374,-0.4261671,-0.44625926,-0.4548978,-0.56980324
1.2066118,2.163593,-0.27388835,1.303044,1.2839468,1.1284002,0.6871875,2.223003,-0.14550726,0.75847024,2.368884,-0.15350474,0.7560959,0.9948567,-0.22815044,0.579488,0.6155111,0.40313247,0.4484407,0.48125276,0.30886203,0.19534087,0.21907929,0.11742524,0.20756789,0.10839484,0.5196194,0.52862436,0.42445907,0.44672903,-0.11263875,-0.13391325,-0.29696295,-0.33896208,-0.24830917,-0.18794642,-0.3953,-0.22968297,-0.34960976,-0.3036505,0.09338818,0.016168728,0.00010852704,-0.063276626,-0.32497722,-0.3849645,0.20311958,0.09027935,0.81419384,0.5605542,0.80290675,0.55989087,-0.4326163,-0.44794235,-0.5562036,-0.5678897
-0.14659771,-0.017768176,-0.47718963,-1.3698667,-0.43485752,-0.18378547,-0.22708881,0.023628043,-0.46888515,-0.28140336,0.016736263,-0.46843225,-0.29017168,-0.06665755,-0.63370246,-0.09225239,-0.65133166,-0.67211825,0.5988122,0.61517227,-0.66495895,-0.6850032,-0.6656494,-0.684519,-0.6658082,-0.6846778,0.5789763,0.5970043,0.6023028,0.62069815,-0.6522975,-0.6706649,-0.63230735,-0.6522064,-0.6485578,-0.66782737,-0.59071505,-0.6141787,-0.60785794,-0.6197499,-0.6638135,-0.68223715,-0.5990299,-0.62577856,-0.32497722,-0.3679793,-0.6594294,-0.6754023,-0.61566925,-0.6358337,-0.6166105,-0.6363498,-0.4326163,-0.447871,-0.58649915,-0.59591055
-1.4998071,-0.62237793,-0.48571756,-1.3698667,-1.2942597,-1.4959712,-1.2066705,-0.5636013,-0.49129254,-1.2961661,-0.56526685,-0.4959041,-1.2463266,-1.2328659,-0.63370246,-1.4357332,-0.65133166,-0.69511765,0.5988122,0.62317413,-0.66495895,-0.70376,-0.6656494,-0.70341796,-0.6658082,-0.70350933,0.5789763,0.6023432,0.6023028,0.6280673,-0.6522975,-0.6876826,-0.63230735,-0.66235024,-0.6485578,-0.69114465,-0.59071505,-0.6450731,-0.60785794,-0.65642154,-0.6638135,-0.7000882,-0.5990299,-0.62577856,-0.32497722,-0.3849645,-0.6594294,-0.6924485,-0.61566925,-0.6657266,-0.6166105,-0.6660638,-0.4326163,-0.4479557,-0.58649915,-0.5987238
0.530007,-0.47763962,-0.48367608,0.6348163,-0.005156449,0.47230738,0.2953548,-0.46199733,-0.45476937,0.19389276,-0.4567421,-0.4294566,0.26633555,0.4116458,-0.55622745,0.579488,-0.65133166,-0.6226344,0.5988122,0.4682678,-0.66495895,-0.6144887,-0.6656494,-0.60564786,-0.6658082,-0.60468674,0.5789763,0.43944043,0.6023028,0.47412398,-0.6522975,-0.57274276,-0.63230735,-0.537469,-0.6485578,-0.54605913,-0.59071505,-0.48818526,-0.60785794,-0.51201934,-0.6638135,-0.5884039,-0.5990299,-0.49230734,-0.32497722,0.030443434,-0.6594294,-0.6020367,-0.61566925,-0.61524683,-0.6166105,-0.6173219,-0.4326163,-0.23892818,-0.58649915,-0.5072133
-0.14659771,-1.0064018,-0.4781341,-0.03341135,-0.43485752,-0.18378547,-0.4883106,-1.0206697,-0.48399207,-0.42599574,-1.0148718,-0.48936495,-0.46135098,-1.0850599,1.0437869,-0.7639928,1.6143239,1.7307475,-1.8194577,-1.9453697,1.6112008,1.7198291,1.6099901,1.7199558,1.6292108,1.7406312,-1.7883154,-1.9122953,-1.8264589,-1.9521859,2.818689,3.0191364,1.9988563,2.136564,2.0912967,2.2533162,2.7223842,2.9834378,2.583892,2.829421,1.6077914,1.7180998,2.0970929,2.2228544,0.7508424,0.87006956,1.3582864,1.4472542,1.6450602,1.7800567,1.6075242,1.7368376,0.7425501,0.8055267,1.3803082,1.4575745
1.2066118,-0.12851539,-0.47875172,-0.03341135,0.42454463,1.1284002,0.5565766,-0.16216502,-0.4857924,0.67053145,-0.17090444,-0.49113885,0.6541988,1.0498233,-0.63370246,1.2512283,-0.65133166,-0.69511765,0.5988122,0.62317413,-0.66495895,-0.70376,-0.6656494,-0.70341796,-0.6658082,-0.70350933,0.5789763,0.6023432,0.6023028,0.6280673,-0.6522975,-0.6876826,-0.63230735,-0.66235024,-0.6485578,-0.69114465,-0.59071505,-0.6450731,-0.60785794,-0.65642154,-0.6638135,-0.7000882,-0.5990299,-0.62577856,-0.32497722,-0.3849645,-0.6594294,-0.6924485,-0.61566925,-0.6657266,-0.6166105,-0.6660638,-0.4326163,-0.4479557,-0.58649915,-0.5987238
-0.14659771,-0.15716825,-0.47915584,-0.03341135,-0.43485752,-0.18378547,-0.42300516,-0.07440164,-0.48458996,-0.40339804,-0.10070452,-0.49015328,-0.3839585,-0.27877155,-0.63370246,-0.09225239,-0.65133166,-0.69511765,0.5988122,0.62317413,-0.66495895,-0.70376,-0.6656494,-0.70341796,-0.6658082,-0.70350933,0.5789763,0.6023432,0.6023028,0.6280673,-0.6522975,-0.6876826,-0.63230735,-0.66235024,-0.6485578,-0.69114465,-0.59071505,-0.6450731,-0.60785794,-0.65642154,-0.6638135,-0.7000882,-0.5990299,-0.62577856,-0.32497722,-0.3849645,-0.6594294,-0.6924485,-0.61566925,-0.6657266,-0.6166105,-0.6660638,-0.4326163,-0.4479557,-0.58649915,-0.5987238
-1.4998071,-0.8723214,-0.489243,-1.3698667,-1.2942597,-1.4959712,-1.4678924,-0.8401232,-0.49508122,-1.4915458,-0.87714815,-0.5010541,-1.4670327,-1.4994912,-0.63370246,-1.4357332,-0.65133166,-0.69511765,0.5988122,0.62317413,-0.66495895,-0.70376,-0.6656494,-0.70341796,-0.6658082,-0.70350933,0.5789763,0.6023432,0.6023028,0.6280673,-0.6522975,-0.6876826,-0.63230735,-0.66235024,-0.6485578,-0.69114465,-0.59071505,-0.6450731,-0.60785794,-0.65642154,-0.6638135,-0.7000882,-0.5990299,-0.62577856,-0.32497722,-0.3849645,-0.6594294,-0.6924485,-0.61566925,-0.6657266,-0.6166105,-0.6660638,-0.4326163,-0.4479557,-0.58649915,-0.5987238
-1.4998071,-0.86068034,-0.24711771,-1.3698667,-1.2942597,-1.4959712,-0.8148379,-0.8427387,-0.20859349,-1.0840422,-0.84261054,-0.21621518,-0.98762256,-1.3391442,0.20212623,-1.4357332,0.2524553,0.4004617,0.039232958,-0.04972319,0.16372314,0.2952025,0.1358387,0.26289758,0.12980825,0.25577784,0.06920547,-0.0107178055,0.04753649,-0.03918861,-0.11263875,-0.03519449,-0.027100055,0.06652107,-0.041487265,0.047477607,-0.10962886,-0.04855748,-0.075179346,0.0022199622,0.09338818,0.21249774,0.566685,0.76864296,-0.32497722,-0.3849645,0.1504942,0.27994585,0.26074296,0.40772578,0.27411973,0.42343313,-0.3211584,-0.31335893,0.117672354,0.23478028
-0.14659771,-0.72581154,0.12501799,-0.03341135,-0.43485752,-0.18378547,0.034133,-0.74195284,0.09798418,-0.005245385,-0.7324922,0.11450014,0.025217677,-0.63843125,1.2509063,-0.09225239,1.111219,1.0483601,-1.1538788,-1.1116189,1.4632375,1.3964313,1.4760123,1.4125342,1.4959087,1.4324065,-1.3274269,-1.2841709,-1.4920063,-1.4421328,2.2422357,2.173237,2.1298192,2.0618682,1.9474322,1.9073919,0.71097696,0.6981663,1.2517323,1.2552603,1.6077914,1.5458258,1.5891277,1.4830892,3.4403913,3.8270636,1.3040942,1.2396076,1.2434288,1.1918111,1.264418,1.2112652,-0.021720171,-0.03176063,1.4308007,1.3665427
1.2066118,-0.5180763,-0.4842464,1.303044,0.42454463,1.1284002,0.6218821,-0.52038,-0.4907004,0.6988734,-0.5317487,-0.49620488,0.68640494,1.0564535,-0.63370246,1.2512283,-0.65133166,-0.69511765,0.5988122,0.62317413,-0.66495895,-0.70376,-0.6656494,-0.70341796,-0.6658082,-0.70350933,0.5789763,0.6023432,0.6023028,0.6280673,-0.6522975,-0.6876826,-0.63230735,-0.66235024,-0.6485578,-0.69114465,-0.59071505,-0.6450731,-0.60785794,-0.65642154,-0.6638135,-0.7000882,-0.5990299,-0.62577856,-0.32497722,-0.3849645,-0.6594294,-0.6924485,-0.61566925,-0.6657266,-0.6166105,-0.6660638,-0.4326163,-0.4479557,-0.58649915,-0.5987238
-1.4998071,-1.0091836,-0.49117342,-1.3698667,-1.2942597,-1.4959712,-1.6638087,-1.0236889,-0.49759626,-1.6978648,-1.0175502,-0.50301415,-1.6708305,-1.8068029,-0.63370246,-1.4357332,-0.65133166,-0.69511765,0.5988122,0.62317413,-0.66495895,-0.70376,-0.6656494,-0.70341796,-0.6658082,-0.70350933,0.5789763,0.6023432,0.6023028,0.6280673,-0.6522975,-0.6876826,-0.63230735,-0.66235024,-0.6485578,-0.69114465,-0.59071505,-0.6450731,-0.60785794,-0.65642154,-0.6638135,-0.7000882,-0.5990299,-0.62577856,-0.32497722,-0.3849645,-0.6594294,-0.6924485,-0.61566925,-0.6657266,-0.6166105,-0.6660638,-0.4326163,-0.4479557,-0.58649915,-0.5987238
1.2066118,1.5640132,4.2063193,1.303044,1.7136478,1.6055586,1.2749366,1.644525,4.143907,0.9851416,1.5228851,4.0070734,1.0061196,0.6179987,1.0000286,1.2512283,2.569001,2.4142435,-0.21960317,-0.19449016,2.0314085,1.9007384,1.8636757,1.7574261,1.8407662,1.7361478,-0.011100857,0.013607424,-0.2603721,-0.22906038,1.1547415,1.084002,0.49873576,0.49381682,0.6856043,0.67417103,-0.015527782,-0.017975487,0.10699063,0.08718924,1.6077914,1.524366,1.7584494,1.6252834,-0.32497722,-0.3849645,1.9339702,1.8372102,2.8071687,2.6838763,2.792922,2.6711066,-0.38776127,-0.39746276,0.48714995,0.5103791
-1.4998071,-0.6804216,-0.4865363,-1.3698667,-1.2942597,-1.4959712,-1.5331979,-0.89897513,-0.49588758,-1.7309344,-0.8920822,-0.49934417,-1.718433,-1.7373036,-0.63370246,-1.4357332,-0.65133166,-0.69511765,0.5988122,0.62317413,-0.66495895,-0.70376,-0.6656494,-0.70341796,-0.6658082,-0.70350933,0.5789763,0.6023432,0.6023028,0.6280673,-0.6522975,-0.6876826,-0.63230735,-0.66235024,-0.6485578,-0.69114465,-0.59071505,-0.6450731,-0.60785794,-0.65642154,-0.6638135,-0.7000882,-0.5990299,-0.62577856,-0.32497722,-0.3849645,-0.6594294,-0.6924485,-0.61566925,-0.6657266,-0.6166105,-0.6660638,-0.4326163,-0.4479557,-0.58649915,-0.5987238
-1.4998071,-0.9447252,-0.34555534,-1.3698667,-0.8645586,-1.4959712,-1.2066705,-0.9570124,-0.35738325,-1.0778879,-0.94944054,-0.35137367,-1.0960891,-1.3318279,0.24317369,-1.4357332,-0.18658161,-0.21485265,-0.33053306,-0.32950786,-0.023132248,-0.044187278,0.030400606,0.01197724,0.03390473,0.015688632,-0.34629261,-0.34625086,-0.29222474,-0.28912365,0.042717546,0.02867731,0.13958001,0.13012247,0.12461326,0.11079655,0.31161073,0.30870202,-0.006529679,-0.02258226,0.09338818,0.07787218,-0.3189978,-0.34022123,-0.26520947,-0.3176712,0.11255435,0.09766647,-0.3575762,-0.39624172,-0.35288978,-0.39107952,0.75981534,0.7795994,0.35090008,0.3471595
-1.4998071,-0.86068034,-0.24711771,-1.3698667,-1.2942597,-1.4959712,-1.271976,-0.8698063,-0.25092542,-1.0173044,-0.8619007,-0.24722144,-1.0749153,-1.2771636,0.28682795,-1.4357332,0.2524553,0.23970488,0.039232958,0.049012545,0.16372314,0.14862248,0.1358387,0.12110794,0.12980825,0.11501944,0.06920547,0.07923801,0.04753649,0.058719333,-0.11263875,-0.1309355,-0.027100055,-0.04042781,-0.041487265,-0.06090205,-0.10962886,-0.13608551,-0.075179346,-0.09442394,0.09338818,0.07859202,0.566685,0.56403655,-0.32497722,-0.3849645,0.1504942,0.13726436,0.26074296,0.25021577,0.27411973,0.26356885,-0.3211584,-0.33310863,0.117672354,0.11247835
-1.4998071,-0.8723155,-0.4892429,-1.3698667,-1.2942597,-1.4959712,-1.271976,-0.85918015,-0.4953423,-1.392304,-0.8625376,-0.500849,-1.3829752,-1.3675209,-0.63370246,-1.4357332,-0.65133166,-0.69511765,0.5988122,0.62317413,-0.66495895,-0.70376,-0.6656494,-0.70341796,-0.6658082,-0.70350933,0.5789763,0.6023432,0.6023028,0.6280673,-0.6522975,-0.6876826,-0.63230735,-0.66235024,-0.6485578,-0.69114465,-0.59071505,-0.6450731,-0.60785794,-0.65642154,-0.6638135,-0.7000882,-0.5990299,-0.62577856,-0.32497722,-0.3849645,-0.6594294,-0.6924485,-0.61566925,-0.6657266,-0.6166105,-0.6660638,-0.4326163,-0.4479557,-0.58649915,-0.5987238
0.530007,-0.7911847,-0.015507108,0.6348163,-0.005156449,0.47230738,1.470853,-0.7585547,0.06331858,1.4553723,-0.7412693,0.096037686,1.4741626,0.67065316,2.52376,0.579488,3.2780278,3.8577635,-1.1267625,-1.3605088,2.756668,3.239427,2.6428342,3.1098452,2.6321864,3.0979128,-0.76179075,-0.9394361,-1.0858856,-1.3134222,2.7328343,3.2280211,1.7885219,2.1261573,2.8824172,3.4158614,3.8105881,4.5735297,4.0980577,4.906511,2.364993,2.7895875,2.9958005,3.4850702,0.39223585,0.5117095,2.3122113,2.7181509,4.110056,4.8663664,4.04425,4.782895,-0.3511774,-0.35365927,0.339359,0.4505149
-1.4998071,-0.7206349,-0.48710346,-1.3698667,-1.2942597,-1.4959712,-1.271976,-0.5550289,-0.4645411,-1.3636072,-0.60847867,-0.48512354,-1.3188071,-1.3285023,-0.63370246,-1.4357332,-0.65133166,-0.67652875,0.5988122,0.6003698,-0.66495895,-0.6842985,-0.6656494,-0.683251,-0.6658082,-0.6832478,0.5789763,0.57940894,0.6023028,0.60469383,-0.6522975,-0.6656247,-0.63230735,-0.63735664,-0.6485578,-0.66495514,-0.59071505,-0.61384463,-0.60785794,-0.63008016,-0.6638135,-0.67887825,-0.5990299,-0.600431,-0.32497722,-0.32075167,-0.6594294,-0.67473465,-0.61566925,-0.6475749,-0.6166105,-0.6481244,-0.4326163,-0.43425766,-0.58649915,-0.58009714
1.2066118,0.5700986,-0.46889785,1.303044,0.42454463,1.1284002,0.88310385,0.6080173,-0.4246834,1.0105191,0.5685924,-0.42073718,0.9976786,1.4681422,-0.6304703,1.2512283,-0.65133166,-0.65397906,0.5988122,0.5741905,-0.66495895,-0.657573,-0.6656494,-0.6543637,-0.6658082,-0.6542198,0.5789763,0.55249375,0.6023028,0.57749546,-0.6522975,-0.6388896,-0.63230735,-0.6135309,-0.6485578,-0.6239455,-0.59071505,-0.5691863,-0.60785794,-0.5920945,-0.6638135,-0.64693385,-0.5990299,-0.5559413,-0.32497722,-0.21229145,-0.6594294,-0.6484159,-0.61566925,-0.6245319,-0.6166105,-0.6256051,-0.4326163,-0.40881407,-0.58649915,-0.55503184
-0.14659771,-0.7673576,-0.48776248,-0.03341135,-0.43485752,-0.18378547,-0.35769972,-0.7763433,-0.49420735,-0.29390603,-0.76704,-0.499502,-0.30517456,-0.060483478,-0.63370246,-0.09225239,-0.65133166,-0.69511765,0.5988122,0.62317413,-0.66495895,-0.70376,-0.6656494,-0.70341796,-0.6658082,-0.70350933,0.5789763,0.6023432,0.6023028,0.6280673,-0.6522975,-0.6876826,-0.63230735,-0.66235024,-0.6485578,-0.69114465,-0.59071505,-0.6450731,-0.60785794,-0.65642154,-0.6638135,-0.7000882,-0.5990299,-0.62577856,-0.32497722,-0.3849645,-0.6594294,-0.6924485,-0.61566925,-0.6657266,-0.6166105,-0.6660638,-0.4326163,-0.4479557,-0.58649915,-0.5987238
1.2066118,0.4307522,-0.4708633,1.303044,0.42454463,1.1284002,1.0790203,0.36767328,-0.4195185,1.2043469,0.36892495,-0.40249243,1.1550235,1.8369958,-0.59954184,1.2512283,-0.65133166,-0.63967466,0.5988122,0.5749122,-0.66495895,-0.6469387,-0.6656494,-0.6467034,-0.6658082,-0.6469992,0.5789763,0.5553014,0.6023028,0.57953405,-0.6522975,-0.6465772,-0.63230735,-0.6148801,-0.6485578,-0.6460482,-0.59071505,-0.5968633,-0.60785794,-0.61573154,-0.6638135,-0.6434534,-0.5990299,-0.5699476,-0.32497722,-0.3849645,-0.6594294,-0.63528013,-0.61566925,-0.61627716,-0.6166105,-0.6160038,-0.4326163,-0.42767638,-0.58649915,-0.52779406
0.530007,0.2801294,-0.47298783,0.6348163,-0.005156449,0.47230738,0.49127117,0.66163397,-0.41934738,0.49983194,0.63642013,-0.40355942,0.45847818,0.90249866,-0.6304703,0.579488,-0.65133166,-0.6450994,0.5988122,0.5661804,-0.66495895,-0.6480461,-0.6656494,-0.6446827,-0.6658082,-0.6445139,0.5789763,0.5446301,0.6023028,0.56862164,-0.6522975,-0.6285937,-0.63230735,-0.6010667,-0.6485578,-0.61176234,-0.59071505,-0.5546916,-0.60785794,-0.58235526,-0.6638135,-0.63702905,-0.5990299,-0.5426541,-0.32497722,-0.18980826,-0.6594294,-0.6400305,-0.61566925,-0.6154075,-0.6166105,-0.6166078,-0.4326163,-0.40390107,-0.58649915,-0.54731685
-0.14659771,-0.6080231,-0.48551512,-0.701639,-0.43485752,-0.18378547,0.23004936,-0.60233915,-0.47919065,-0.17093073,-0.5921128,-0.47371638,-0.095942385,0.057115138,-0.6014912,-0.09225239,-0.65133166,-0.64520013,0.5988122,0.60476243,-0.66495895,-0.6621599,-0.6656494,-0.66109836,-0.6658082,-0.66112864,0.5789763,0.58986163,0.6023028,0.6110704,-0.6522975,-0.63790125,-0.63230735,-0.64008576,-0.6485578,-0.63961935,-0.59071505,-0.58246225,-0.60785794,-0.5807577,-0.6638135,-0.65960115,-0.5990299,-0.59398264,-0.32497722,-0.35344544,-0.6594294,-0.653209,-0.61566925,-0.60025305,-0.6166105,-0.6014457,-0.4326163,-0.44772485,-0.58649915,-0.5896412
-1.4998071,-0.6534406,0.2805853,-1.3698667,-0.8645586,-1.3170367,-1.0107542,-0.6304021,0.33090842,-1.1711136,-0.6286343,0.3370325,-1.0844727,-1.3733972,0.039484296,-1.7716033,-0.09713202,-0.049509097,-0.027324898,-0.059326835,0.024233395,0.075514555,0.059072345,0.10589539,0.05834346,0.10479909,-0.021575639,-0.05432853,-0.018823119,-0.055883877,-0.08810883,-0.05761647,-0.011225733,0.04035774,0.06433486,0.09498217,0.102992296,0.036258567,0.08638962,0.08301764,0.09338818,0.136476,-0.20828742,-0.16752735,-0.32497722,-0.3834506,0.1572219,0.203394,-0.120185785,-0.091596246,-0.10262415,-0.0641697,-0.10206008,-0.11402855,0.3682119,0.45132858
-0.14659771,0.3197997,-0.29064444,-0.03341135,-0.005156449,-0.18378547,-0.03117245,0.21064116,-0.36610022,-0.11262549,0.2596856,-0.2977121,0.071819924,-0.045726784,-0.14718342,-0.09225239,0.22689144,-0.24408995,-0.019929597,0.30720684,0.125483,-0.29974627,0.12051186,-0.30151,0.11931689,-0.30211547,0.02381495,0.31859604,-0.016168725,0.31180838,0.12448399,-0.29046598,0.16736004,-0.25201136,0.27062097,-0.21646236,0.6446253,0.0043487204,0.5842153,-0.03101235,0.09338818,-0.3129849,-0.46227002,-0.5617078,0.3324681,-0.016433759,0.051765054,-0.3303792,0.37253726,-0.15357669,0.3642692,-0.15799803,-0.38784805,-0.42448425,-0.12918039,-0.36793944
1.2066118,-0.12040895,-0.4786374,1.303044,0.42454463,1.1284002,1.2096311,0.0003978498,-0.45103258,1.3588964,0.0044210227,-0.4575947,1.4091076,1.9552814,-0.63370246,1.2512283,-0.65133166,-0.6281411,0.5988122,0.57539505,-0.66495895,-0.64151716,-0.6656494,-0.6406191,-0.6658082,-0.6406901,0.5789763,0.55883414,0.6023028,0.57855433,-0.6522975,-0.6234083,-0.63230735,-0.5940534,-0.6485578,-0.6152289,-0.59071505,-0.54959995,-0.60785794,-0.5570491,-0.6638135,-0.638285,-0.5990299,-0.6015104,-0.32497722,-0.3475428,-0.6594294,-0.63470703,-0.61566925,-0.59085375,-0.6166105,-0.59116495,-0.4326163,-0.44140896,-0.58649915,-0.5525429
1.2066118,0.02628906,-0.47656822,1.303044,0.42454463,1.1284002,0.5565766,0.24117076,-0.48026624,0.8976325,0.22724245,-0.4488095,0.86411,1.3530616,-0.63370246,1.2512283,-0.65133166,-0.69511765,0.5988122,0.62317413,-0.66495895,-0.70376,-0.6656494,-0.70341796,-0.6658082,-0.70350933,0.5789763,0.6023432,0.6023028,0.6280673,-0.6522975,-0.6876826,-0.63230735,-0.66235024,-0.6485578,-0.69114465,-0.59071505,-0.6450731,-0.60785794,-0.65642154,-0.6638135,-0.7000882,-0.5990299,-0.62577856,-0.32497722,-0.3849645,-0.6594294,-0.6924485,-0.61566925,-0.6657266,-0.6166105,-0.6660638,-0.4326163,-0.4479557,-0.58649915,-0.5987238
-0.82320243,-0.7390445,-0.25343236,-0.701639,-0.43485752,-0.8398783,-0.55361605,-0.6935831,-0.16459005,-0.56604695,-0.7109139,-0.19608523,-0.5079428,-0.8099941,0.23980464,-0.7639928,-0.051946986,0.025479602,-0.22946364,-0.36463124,0.0444399,0.144367,0.059997234,0.1642554,0.061676018,0.16640726,-0.26249468,-0.40129477,-0.23117387,-0.36615843,0.050894186,0.15552847,0.16140714,0.28567562,0.094608,0.20561929,-0.095489375,-0.03608156,0.0033419628,0.09308656,0.09338818,0.20498341,0.00010852704,0.08500619,-0.20544171,-0.2283878,0.08352075,0.19219291,-0.1726325,-0.12755187,-0.17259088,-0.127433,0.34380034,0.48192644,0.30521634,0.44807872
-0.14659771,-0.14444251,-0.47897634,-0.03341135,-0.43485752,-0.18378547,0.09943845,-0.30136636,-0.48740035,-0.2680255,-0.23640037,-0.49176943,-0.100578405,-0.09330241,-0.5872807,-0.09225239,-0.65133166,-0.52102846,0.5988122,0.41841075,-0.66495895,-0.5229506,-0.6656494,-0.51340824,-0.6658082,-0.5125132,0.5789763,0.39912,0.6023028,0.41736603,-0.6522975,-0.47889748,-0.63230735,-0.42367542,-0.6485578,-0.4403132,-0.59071505,-0.3176467,-0.60785794,-0.38999715,-0.6638135,-0.49932992,-0.5990299,-0.38928467,-0.32497722,0.22282852,-0.6594294,-0.522289,-0.61566925,-0.4901968,-0.6166105,-0.49372828,-0.4326163,-0.33012375,-0.58649915,-0.4206218
-0.14659771,0.6164974,-0.46824342,-0.03341135,-0.43485752,-0.18378547,-0.22708881,0.6358496,-0.4625429,-0.32130212,0.6838259,-0.46597,-0.29747212,-0.11426255,-0.62708485,-0.09225239,-0.65133166,-0.67677647,0.5988122,0.612623,-0.66495895,-0.6875334,-0.6656494,-0.68785125,-0.6658082,-0.6880031,0.5789763,0.5931912,0.6023028,0.61755455,-0.6522975,-0.6727235,-0.63230735,-0.64818597,-0.6485578,-0.6736289,-0.59071505,-0.6192288,-0.60785794,-0.63268095,-0.6638135,-0.6857787,-0.5990299,-0.62577856,-0.32497722,-0.3812512,-0.6594294,-0.6788925,-0.61566925,-0.6453957,-0.6166105,-0.6458835,-0.4326163,-0.44704613,-0.58649915,-0.59124154
0.530007,-0.4886629,0.4101781,0.6348163,3.4324522,0.47230738,1.9932965,-0.42999172,0.5120632,1.5121726,-0.44500318,0.5027952,1.6524397,0.6015853,2.6520262,0.579488,1.9372549,2.2490196,-2.4579203,-2.8255801,2.2777967,2.6246214,2.3088148,2.6612966,2.310286,2.663227,-2.4517157,-2.8173583,-2.5086355,-2.8826134,2.045996,2.3732955,2.7647908,3.176246,2.0776336,2.4209814,1.2009246,1.4392606,1.9693984,2.3334951,2.364993,2.724839,1.7975237,2.063938,-0.08590619,-0.08870959,2.4078047,2.76267,1.6643827,1.9544867,1.649235,1.9342619,1.5907464,1.8445752,2.561675,2.8975515
-1.4998071,-0.058887742,-0.4777696,-1.3698667,-1.2942597,-1.4959712,-1.5331979,-0.29511836,-0.487614,-1.5374194,-0.37404317,-0.49295196,-1.5574925,-1.5113167,-0.63370246,-1.4357332,-0.65133166,-0.69511765,0.5988122,0.62317413,-0.66495895,-0.70376,-0.6656494,-0.70341796,-0.6658082,-0.70350933,0.5789763,0.6023432,0.6023028,0.6280673,-0.6522975,-0.6876826,-0.63230735,-0.66235024,-0.6485578,-0.69114465,-0.59071505,-0.6450731,-0.60785794,-0.65642154,-0.6638135,-0.7000882,-0.5990299,-0.62577856,-0.32497722,-0.3849645,-0.6594294,-0.6924485,-0.61566925,-0.6657266,-0.6166105,-0.6660638,-0.4326163,-0.4479557,-0.58649915,-0.5987238
0.530007,1.765999,1.5200529,0.6348163,0.42454463,0.7108866,0.4259657,1.7585945,1.7019165,0.2828324,1.720117,1.7496186,0.29455495,0.23603024,0.21755981,0.579488,0.5563291,0.7040601,0.45090583,0.4192401,0.2845274,0.40096378,0.20679139,0.3152427,0.1963359,0.30355495,0.523111,0.50158274,0.42445907,0.3906202,-0.08810883,-0.023580456,-0.28108868,-0.23296283,-0.23786089,-0.19266096,-0.43318906,-0.42484185,-0.4261297,-0.41491646,0.09338818,0.18957466,0.18896736,0.2886111,-0.32497722,-0.38477746,0.21252887,0.3216304,0.74656516,0.91757196,0.7342855,0.902652,-0.4326163,-0.4311551,-0.54305947,-0.492639
1.8832164,1.4423414,0.27142954,1.9712716,0.8542457,1.7844931,1.9932965,1.5331907,0.3218852,2.2448869,1.5644944,0.30029392,2.193421,1.8110572,1.801381,1.9229687,2.0600293,2.3054967,-1.0799257,-1.2197827,1.8210874,2.0322363,1.7388148,1.943164,1.7210413,1.923823,-0.95033616,-1.0767316,-1.0619961,-1.1994385,0.9666787,1.0993768,1.1833146,1.3339102,1.1726538,1.331822,0.85254353,0.98868656,0.99017775,1.1474909,1.6077914,1.7993369,2.898115,3.1933165,-0.32497722,-0.3849645,1.7703414,1.9707824,2.0135674,2.2742856,2.0555801,2.317892,-0.09824261,-0.07931692,1.5260154,1.6841091
1.8832164,3.8939903,-0.42201477,1.9712716,0.8542457,1.7844931,1.927991,3.900139,-0.27809703,1.5550172,4.072197,-0.37328333,1.7194451,2.0412261,-0.6183988,1.9229687,-0.65133166,-0.60807264,0.5988122,0.600649,-0.66495895,-0.63088226,-0.6656494,-0.6340921,-0.6658082,-0.63467306,0.5789763,0.5866607,0.6023028,0.6042115,-0.6522975,-0.6323727,-0.63230735,-0.6256321,-0.6485578,-0.6340798,-0.59071505,-0.5772173,-0.60785794,-0.592732,-0.6638135,-0.63709587,-0.5990299,-0.5990513,-0.32497722,-0.3623818,-0.6594294,-0.6266205,-0.61566925,-0.56497574,-0.6166105,-0.56550384,-0.4326163,-0.44755542,-0.58649915,-0.5865156
1.2066118,-0.17791113,1.183451,1.303044,4.721555,1.1284002,2.1239073,-0.3903606,0.67655927,1.9917078,-0.40012863,0.6660345,1.8988191,1.085838,3.1515324,0.579488,2.5844016,2.2786684,-3.2221034,-2.8739007,3.0134857,2.6629627,3.0524309,2.7011585,3.0543096,2.7032611,-3.2093887,-2.8665664,-3.2863703,-2.9316983,2.7205696,2.4144852,3.6140654,3.2232203,2.7591813,2.4652307,1.6488343,1.4992684,2.6137125,2.3715222,3.1221948,2.7670505,2.3966622,2.0468667,-0.026138432,-0.085058376,3.174613,2.803088,2.2343955,1.9775405,2.2156966,1.9568534,2.0965872,1.8872442,3.3487184,2.9480076
0.530007,-0.93931043,-0.33339965,0.6348163,-0.005156449,0.47230738,1.1443256,-0.9111404,-0.254786,1.2039418,-0.8880416,-0.21752033,1.2206874,0.99219054,1.4791408,-0.09225239,3.0613885,3.3280191,-0.7816476,-0.85628766,2.4464011,2.6481698,2.4990792,2.7073736,2.5033276,2.7120805,-0.35676733,-0.3985253,-0.6718017,-0.738323,3.0599003,3.3144698,1.0344931,1.1328132,3.1696105,3.4630744,3.9619722,4.4030743,4.9093843,5.4530177,2.364993,2.563614,1.7975237,1.9373224,1.8266618,2.1624346,2.287319,2.470171,4.203908,4.615561,4.146509,4.5467243,-0.41537994,-0.42953897,0.10532971,0.12745291
0.530007,0.14278454,-0.0071685007,0.6348163,0.42454463,0.47230738,0.49127117,0.16004696,0.010234434,0.5625021,0.17928348,-0.0137969125,0.465766,0.7526793,-0.0060642627,0.579488,-0.05498917,-0.050579567,-0.43899772,-0.48929614,0.014021544,0.025967773,0.0413672,0.05654055,0.05032067,0.066281155,-0.48595583,-0.53928775,-0.446179,-0.49610814,0.44746158,0.49761936,0.42134863,0.4689418,0.30009043,0.33785233,0.47956836,0.53803277,0.3572262,0.4074819,0.09338818,0.11349681,0.31270248,0.34651697,1.2887521,1.5144862,-0.02429836,-0.012616114,-0.12294616,-0.12754397,-0.13222547,-0.13772276,0.5340943,0.59239477,0.08785769,0.112929516
0.530007,0.060088664,-0.47609147,0.6348163,-0.005156449,0.47230738,-0.16178335,-0.012122432,-0.48373666,0.13300228,0.027913965,-0.48834753,0.040782653,0.41411677,-0.63370246,0.579488,-0.65133166,-0.69511765,0.5988122,0.62317413,-0.66495895,-0.70376,-0.6656494,-0.70341796,-0.6658082,-0.70350933,0.5789763,0.6023432,0.6023028,0.6280673,-0.6522975,-0.6876826,-0.63230735,-0.66235024,-0.6485578,-0.69114465,-0.59071505,-0.6450731,-0.60785794,-0.65642154,-0.6638135,-0.7000882,-0.5990299,-0.62577856,-0.32497722,-0.3849645,-0.6594294,-0.6924485,-0.61566925,-0.6657266,-0.6166105,-0.6660638,-0.4326163,-0.4479557,-0.58649915,-0.5987238
0.530007,2.5432022,-0.44106746,0.6348163,-0.005156449,0.47230738,0.49127117,2.8014848,-0.24104878,0.85443604,2.815514,-0.18144482,0.5813978,1.1691227,0.04473406,0.579488,-0.65133166,0.40244538,0.5988122,0.40443617,-0.66495895,0.20166498,-0.6656494,0.13540621,-0.6658082,0.1276113,0.5789763,0.45543715,0.6023028,0.39096093,-0.6522975,-0.07053449,-0.63230735,-0.38761204,-0.6485578,-0.27420014,-0.59071505,-0.4369727,-0.60785794,-0.41429442,-0.6638135,0.04384705,-0.5990299,0.12903006,-0.32497722,-0.3849645,-0.6594294,0.14908819,-0.61566925,0.5308696,-0.6166105,0.52560765,-0.4326163,-0.44637677,-0.58649915,-0.39158142
0.530007,-0.30173802,-0.481195,0.6348163,-0.005156449,0.47230738,0.09943845,-0.30125502,-0.47149453,0.08760843,-0.32083243,-0.47437072,0.13422923,0.3415907,-0.6117787,0.579488,-0.65133166,-0.66836363,0.5988122,0.6007082,-0.66495895,-0.67755604,-0.6656494,-0.6780517,-0.6658082,-0.678021,0.5789763,0.58071643,0.6023028,0.60548985,-0.6522975,-0.6520666,-0.63230735,-0.63811666,-0.6485578,-0.6641966,-0.59071505,-0.6158923,-0.60785794,-0.6246418,-0.6638135,-0.67573494,-0.5990299,-0.59230894,-0.32497722,-0.3849645,-0.6594294,-0.6697242,-0.61566925,-0.63920075,-0.6166105,-0.6397564,-0.4326163,-0.43818578,-0.58649915,-0.57703286
-0.82320243,-0.9163176,-0.48986357,-0.701639,-0.8645586,-0.8398783,-0.6189215,-0.91919845,-0.49616465,-0.7413769,-0.9129829,-0.5015572,-0.7120567,-0.58436614,-0.63370246,-0.7639928,-0.65133166,-0.69511765,0.5988122,0.62317413,-0.66495895,-0.70376,-0.6656494,-0.70341796,-0.6658082,-0.70350933,0.5789763,0.6023432,0.6023028,0.6280673,-0.6522975,-0.6876826,-0.63230735,-0.66235024,-0.6485578,-0.69114465,-0.59071505,-0.6450731,-0.60785794,-0.65642154,-0.6638135,-0.7000882,-0.5990299,-0.62577856,-0.32497722,-0.3849645,-0.6594294,-0.6924485,-0.61566925,-0.6657266,-0.6166105,-0.6660638,-0.4326163,-0.4479557,-0.58649915,-0.5987238
-0.14659771,-0.1572031,-0.47915635,-0.03341135,-0.43485752,-0.18378547,-0.22708881,-0.15052588,-0.48563296,-0.31255588,-0.13702112,-0.49066314,-0.26177084,-0.089824475,-0.63370246,-0.09225239,-0.65133166,-0.69511765,0.5988122,0.62317413,-0.66495895,-0.70376,-0.6656494,-0.70341796,-0.6658082,-0.70350933,0.5789763,0.6023432,0.6023028,0.6280673,-0.6522975,-0.6876826,-0.63230735,-0.66235024,-0.6485578,-0.69114465,-0.59071505,-0.6450731,-0.60785794,-0.65642154,-0.6638135,-0.7000882,-0.5990299,-0.62577856,-0.32497722,-0.3849645,-0.6594294,-0.6924485,-0.61566925,-0.6657266,-0.6166105,-0.6660638,-0.4326163,-0.4479557,-0.58649915,-0.5987238
-1.4998071,-0.8633653,-0.48911667,-1.3698667,-1.2942597,-1.4959712,-1.4678924,-0.86297375,-0.4953943,-1.493415,-0.8704427,-0.50096,-1.4672536,-1.5081711,-0.63370246,-1.4357332,-0.65133166,-0.69511765,0.5988122,0.62317413,-0.66495895,-0.70376,-0.6656494,-0.70341796,-0.6658082,-0.70350933,0.5789763,0.6023432,0.6023028,0.6280673,-0.6522975,-0.6876826,-0.63230735,-0.66235024,-0.6485578,-0.69114465,-0.59071505,-0.6450731,-0.60785794,-0.65642154,-0.6638135,-0.7000882,-0.5990299,-0.62577856,-0.32497722,-0.3849645,-0.6594294,-0.6924485,-0.61566925,-0.6657266,-0.6166105,-0.6660638,-0.4326163,-0.4479557,-0.58649915,-0.5987238
-0.14659771,-0.6225941,-0.4857206,-0.03341135,-0.43485752,-0.18378547,-0.42300516,-0.58718187,-0.49161565,-0.4188575,-0.6066732,-0.4972568,-0.36556712,-0.30868307,-0.63370246,-0.09225239,-0.65133166,-0.69511765,0.5988122,0.62317413,-0.66495895,-0.70376,-0.6656494,-0.70341796,-0.6658082,-0.70350933,0.5789763,0.6023432,0.6023028,0.6280673,-0.6522975,-0.6876826,-0.63230735,-0.66235024,-0.6485578,-0.69114465,-0.59071505,-0.6450731,-0.60785794,-0.65642154,-0.6638135,-0.7000882,-0.5990299,-0.62577856,-0.32497722,-0.3849645,-0.6594294,-0.6924485,-0.61566925,-0.6657266,-0.6166105,-0.6660638,-0.4326163,-0.4479557,-0.58649915,-0.5987238
1.2066118,-0.13614443,-0.4788593,1.303044,0.42454463,1.1284002,0.9484093,-0.10814735,-0.44941813,0.68799746,-0.07719793,-0.44622096,0.74692833,1.0517875,-0.58184826,1.2512283,-0.65133166,-0.5947081,0.5988122,0.54512763,-0.66495895,-0.6067022,-0.6656494,-0.61002994,-0.6658082,-0.6099327,0.5789763,0.5280299,0.6023028,0.55091506,-0.6522975,-0.57104546,-0.63230735,-0.5843297,-0.6485578,-0.595965,-0.59071505,-0.5506827,-0.60785794,-0.5477271,-0.6638135,-0.6114144,-0.5990299,-0.50185484,-0.32497722,-0.3849645,-0.6594294,-0.607525,-0.61566925,-0.56726813,-0.6166105,-0.56697345,-0.4326163,-0.41831604,-0.58649915,-0.51893246
-0.14659771,-0.84815335,-0.4889021,-0.701639,-0.43485752,-0.18378547,-0.42300516,-0.87154293,-0.4951467,-0.5765096,-0.8678504,-0.5002998,-0.55149233,-0.39677072,-0.63202375,-0.09225239,-0.65133166,-0.6926659,0.5988122,0.6221307,-0.66495895,-0.70165354,-0.6656494,-0.7014189,-0.6658082,-0.70151633,0.5789763,0.60148305,0.6023028,0.62701964,-0.6522975,-0.6855592,-0.63230735,-0.66092443,-0.6485578,-0.6894041,-0.59071505,-0.64348227,-0.60785794,-0.6543646,-0.6638135,-0.6982733,-0.5990299,-0.62364054,-0.32497722,-0.3849645,-0.6594294,-0.6905828,-0.61566925,-0.6630875,-0.6166105,-0.6634093,-0.4326163,-0.4478409,-0.58649915,-0.59767747
-1.4998071,-0.9903665,-0.4436651,-1.3698667,-0.8645586,-1.4959712,-1.7944196,-0.8646819,-0.15828083,-1.7681078,-0.90639037,-0.26290888,-1.783348,-1.8329779,-0.5423235,-2.1074736,0.2416471,0.1539273,0.061418958,0.012999626,0.1276557,0.061850242,0.12289017,0.06387854,0.12252599,0.06454865,0.111104466,0.054777805,0.05549962,0.011843123,0.17354387,0.15721276,0.12370569,0.16516307,0.26767397,0.21533476,0.6250219,0.62420565,0.5385482,0.50106305,0.09338818,0.043913104,-0.29946068,-0.17770374,0.3324681,0.16276374,0.057405468,0.009344384,0.38633907,0.29979938,0.3831064,0.29148814,-0.3969,-0.40290356,-0.14168331,-0.12362679
-0.14659771,-0.76735634,-0.48776248,-0.03341135,-0.43485752,-0.18378547,-0.29239425,-0.7559908,-0.49392852,-0.1631066,-0.7503361,-0.49927375,-0.17623793,0.090749085,-0.63370246,-0.09225239,-0.65133166,-0.69511765,0.5988122,0.62317413,-0.66495895,-0.70376,-0.6656494,-0.70341796,-0.6658082,-0.70350933,0.5789763,0.6023432,0.6023028,0.6280673,-0.6522975,-0.6876826,-0.63230735,-0.66235024,-0.6485578,-0.69114465,-0.59071505,-0.6450731,-0.60785794,-0.65642154,-0.6638135,-0.7000882,-0.5990299,-0.62577856,-0.32497722,-0.3849645,-0.6594294,-0.6924485,-0.61566925,-0.6657266,-0.6166105,-0.6660638,-0.4326163,-0.4479557,-0.58649915,-0.5987238
-0.82320243,-0.56152517,0.47816515,-1.3698667,0.8542457,-0.8398783,-1.1413652,-0.86240166,-0.19078518,-1.6033881,-0.94205844,-0.39031217,-1.7239164,-1.6272303,-0.6123142,-0.7639928,1.1605185,-0.07239837,0.5051382,0.58697575,0.73254585,-0.22452426,0.8550111,-0.18220405,0.8433452,-0.18621065,0.7849795,0.66749597,0.44038534,0.5681327,0.15719059,-0.41008204,0.48087725,-0.27760392,1.2243594,-0.04288988,1.686091,0.15888782,2.9997883,0.6164178,0.8505898,-0.180965,1.4198061,0.058131117,2.8427136,0.7929348,0.7858506,-0.19915837,2.4621248,0.39987472,2.4054139,0.37890953,-0.4326163,-0.44715863,-0.5840947,-0.5916643
-0.14659771,0.96771723,0.94431293,-0.03341135,-0.005156449,-0.18378547,0.5565766,0.94992226,0.6918898,0.32771286,0.91776145,0.71067417,0.26898977,0.28695235,0.35067216,-0.09225239,-0.06644476,0.049769554,-0.50802076,-0.5415407,0.005765159,0.09602047,0.028682929,0.11174887,0.036373302,0.11869992,-0.5872117,-0.61457884,-0.5045755,-0.5398887,0.3248119,0.38960496,0.30427572,0.34734875,0.2438305,0.28963095,0.2699827,0.3011007,0.22156711,0.25772882,0.09338818,0.16681716,0.37131387,0.43550816,0.9899134,1.1154679,-0.040230025,0.039074007,-0.2195585,-0.096043915,-0.22910248,-0.10718715,1.0160758,1.0609431,0.020534195,0.026402712
0.530007,0.3750561,-0.09322697,0.6348163,0.8542457,0.47230738,-0.0964779,0.32535508,0.18140343,0.11194213,0.21535277,0.12979992,0.08840815,-0.09438009,0.545515,-0.09225239,1.1383382,1.1607833,-0.5252765,-0.5341782,0.98002064,0.9971844,0.9406299,0.9577456,0.94542,0.9625761,-0.4126327,-0.4197038,-0.5364281,-0.54371685,1.5267789,1.5516773,0.8995617,0.9061744,1.1750648,1.2142392,1.907798,1.998136,1.8021646,1.9114769,0.8505898,0.86646146,0.89881617,0.8677282,0.09339705,0.12414426,0.77237964,0.78205806,1.4049095,1.4400979,1.3855141,1.42174,-0.2585754,-0.2580681,0.3242913,0.34098145
0.530007,0.11558456,-0.47530872,0.6348163,-0.005156449,0.47230738,0.2953548,0.22362661,-0.4727209,0.3145759,0.25244892,-0.4705592,0.46120995,0.6247917,-0.6255851,0.579488,-0.65133166,-0.6822625,0.5988122,0.6123794,-0.66495895,-0.69116914,-0.6656494,-0.6912296,-0.6658082,-0.69126236,0.5789763,0.59195167,0.6023028,0.6172189,-0.6522975,-0.6705693,-0.63230735,-0.6507062,-0.6485578,-0.67819625,-0.59071505,-0.6310519,-0.60785794,-0.6411515,-0.6638135,-0.6883866,-0.5990299,-0.60969657,-0.32497722,-0.3849645,-0.6594294,-0.68152964,-0.61566925,-0.65298104,-0.6166105,-0.6534232,-0.4326163,-0.4432613,-0.58649915,-0.5883014
0.530007,-0.09645078,1.4778812,0.6348163,1.7136478,1.188045,2.1239073,-0.36316627,0.88891155,1.6700529,-0.26448485,1.1161698,1.7872094,0.7431232,2.9058166,0.579488,2.641019,2.9984758,-2.3938272,-2.6676512,2.579373,2.9118915,2.491944,2.815532,2.4985137,2.822314,-2.2806282,-2.5383198,-2.3706076,-2.6437294,3.223433,3.592458,2.6100163,2.9203775,3.025478,3.437291,4.21335,4.875738,3.8602169,4.4647527,2.364993,2.6726418,-0.0064038453,-0.1483727,1.1094489,1.3654743,2.0830274,2.3513205,2.6746721,3.0646493,2.6906629,3.0839462,0.6176154,0.7088146,1.9647402,2.1830657
-0.14659771,-0.2873423,-0.48099196,-0.701639,-0.43485752,-0.18378547,-0.0964779,-0.22443031,-0.48664552,-0.041155953,-0.22371803,-0.4914013,-0.13582538,0.2674972,-0.63370246,-0.09225239,-0.65133166,-0.69511765,0.5988122,0.62317413,-0.66495895,-0.70376,-0.6656494,-0.70341796,-0.6658082,-0.70350933,0.5789763,0.6023432,0.6023028,0.6280673,-0.6522975,-0.6876826,-0.63230735,-0.66235024,-0.6485578,-0.69114465,-0.59071505,-0.6450731,-0.60785794,-0.65642154,-0.6638135,-0.7000882,-0.5990299,-0.62577856,-0.32497722,-0.3849645,-0.6594294,-0.6924485,-0.61566925,-0.6657266,-0.6166105,-0.6660638,-0.4326163,-0.4479557,-0.58649915,-0.5987238
-0.14659771,2.597013,-0.44030845,-0.03341135,-0.43485752,-0.18378547,-0.29239425,2.4980774,-0.30344912,-0.15623997,2.5427732,-0.28396654,-0.15118463,0.10093355,-0.5652993,-0.09225239,-0.65133166,-0.54814523,0.5988122,0.60584515,-0.66495895,-0.591446,-0.6656494,-0.60125464,-0.6658082,-0.6026736,0.5789763,0.59559083,0.6023028,0.6077027,-0.6522975,-0.6265088,-0.63230735,-0.62415063,-0.6485578,-0.6439727,-0.59071505,-0.6224301,-0.60785794,-0.62653995,-0.6638135,-0.6126313,-0.5990299,-0.5569311,-0.32497722,-0.3849645,-0.6594294,-0.5930795,-0.61566925,-0.49849582,-0.6166105,-0.5002246,-0.4326163,-0.4479557,-0.58649915,-0.5947104
-0.14659771,-0.09160117,-0.478231,-0.03341135,-0.43485752,-0.18378547,-0.22708881,-0.06473344,-0.4844575,-0.21935084,-0.039243013,-0.46923715,-0.15509734,0.028076805,-0.63370246,-0.09225239,-0.65133166,-0.69511765,0.5988122,0.62317413,-0.66495895,-0.70376,-0.6656494,-0.70341796,-0.6658082,-0.70350933,0.5789763,0.6023432,0.6023028,0.6280673,-0.6522975,-0.6876826,-0.63230735,-0.66235024,-0.6485578,-0.69114465,-0.59071505,-0.6450731,-0.60785794,-0.65642154,-0.6638135,-0.7000882,-0.5990299,-0.62577856,-0.32497722,-0.3849645,-0.6594294,-0.6924485,-0.61566925,-0.6657266,-0.6166105,-0.6660638,-0.4326163,-0.4479557,-0.58649915,-0.5987238
-0.14659771,-0.80919695,-0.05785794,-0.03341135,0.8542457,-0.18378547,1.0790203,-0.79454505,-0.014977968,0.79819876,-0.7942338,-0.020866953,0.899043,0.09549932,1.9908594,-0.09225239,0.7429185,0.8829667,-2.1892238,-2.507207,1.2605212,1.4635049,1.4225007,1.6472715,1.4333307,1.659676,-2.1968303,-2.5146058,-2.08128,-2.3856952,1.4327477,1.6661772,1.6833547,1.9416053,1.6709552,1.9439231,2.1162622,2.4889,1.1961267,1.4262865,1.6077914,1.8561819,0.24106641,0.3125233,-0.14567396,-0.16384812,1.6565218,1.9037597,0.15860988,0.21976341,0.17455168,0.23749639,3.1446786,3.5856209,2.2256985,2.5093176
1.8832164,1.263826,0.6053582,1.9712716,1.7136478,1.9634275,1.2096311,0.80603796,0.50251645,1.6941383,1.1253414,0.57504636,1.7197673,1.6180261,0.82975394,1.5870986,0.5684877,0.5115543,-0.84327525,-0.8039261,0.772307,0.7080708,0.8029526,0.7448959,0.8031076,0.7456553,-0.8560633,-0.8163958,-0.8549543,-0.81363034,0.6232594,0.58919114,0.82614297,0.78813607,0.7847288,0.7651813,0.32217318,0.4063851,0.58305585,0.60931736,0.8505898,0.7976067,0.48202416,0.45425886,-0.20544171,-0.03335418,0.8949545,0.82739204,0.36011568,0.3263854,0.39656147,0.35663816,0.60781157,0.57931167,1.2979171,1.2017182
-0.82320243,-0.7322248,-0.48726693,-0.701639,-0.8645586,-0.8398783,-1.0760597,-0.732304,-0.49360394,-0.9545755,-0.7320886,-0.4990175,-0.93666285,-0.8804651,-0.63370246,-0.7639928,-0.65133166,-0.69511765,0.5988122,0.62317413,-0.66495895,-0.70376,-0.6656494,-0.70341796,-0.6658082,-0.70350933,0.5789763,0.6023432,0.6023028,0.6280673,-0.6522975,-0.6876826,-0.63230735,-0.66235024,-0.6485578,-0.69114465,-0.59071505,-0.6450731,-0.60785794,-0.65642154,-0.6638135,-0.7000882,-0.5990299,-0.62577856,-0.32497722,-0.3849645,-0.6594294,-0.6924485,-0.61566925,-0.6657266,-0.6166105,-0.6660638,-0.4326163,-0.4479557,-0.58649915,-0.5987238
1.2066118,0.9422209,-0.18399401,1.303044,1.2839468,1.1284002,0.6871875,0.8940616,-0.19317727,1.1887946,0.8923204,-0.13769798,1.0855825,1.2739993,0.38341078,1.2512283,-0.004185033,0.035405166,-0.1653709,-0.23255827,0.07073001,0.122104466,0.077966645,0.13146178,0.07821536,0.1318723,-0.17869677,-0.24618043,-0.17543179,-0.24303086,0.022275899,0.07183171,0.2169672,0.29011285,0.032990072,0.08106096,-0.14280513,-0.12789163,0.036456157,0.0854604,0.09338818,0.14973216,0.00010852704,0.041615453,-0.26520947,-0.31145537,0.10737913,0.16486315,-0.04565625,-0.015578291,-0.050149105,-0.020850193,0.07322438,0.12088533,0.20054437,0.2687999
-0.14659771,-0.668381,-0.48636645,-0.701639,-0.43485752,-0.18378547,-0.4883106,-0.70446074,-0.4928379,-0.27327776,-0.70492935,-0.49720648,-0.33192813,-0.02386483,-0.6184253,-0.09225239,-0.65133166,-0.67479634,0.5988122,0.61061966,-0.66495895,-0.685215,-0.6656494,-0.68566024,-0.6658082,-0.68574566,0.5789763,0.5909433,0.6023028,0.6155859,-0.6522975,-0.66612124,-0.63230735,-0.64786065,-0.6485578,-0.6734222,-0.59071505,-0.6266189,-0.60785794,-0.6345712,-0.6638135,-0.6835711,-0.5990299,-0.6058983,-0.32497722,-0.3849645,-0.6594294,-0.67634636,-0.61566925,-0.6444315,-0.6166105,-0.64470637,-0.4326163,-0.44527623,-0.58649915,-0.5864162
-0.82320243,0.3880604,-0.47146547,-0.701639,-0.8645586,-0.8398783,-0.8148379,0.48875389,-0.47687405,-0.84265614,0.49753386,-0.4719788,-0.81022024,-0.7192479,-0.63370246,-0.7639928,-0.65133166,-0.69511765,0.5988122,0.62317413,-0.66495895,-0.70376,-0.6656494,-0.70341796,-0.6658082,-0.70350933,0.5789763,0.6023432,0.6023028,0.6280673,-0.6522975,-0.6876826,-0.63230735,-0.66235024,-0.6485578,-0.69114465,-0.59071505,-0.6450731,-0.60785794,-0.65642154,-0.6638135,-0.7000882,-0.5990299,-0.62577856,-0.32497722,-0.3849645,-0.6594294,-0.6924485,-0.61566925,-0.6657266,-0.6166105,-0.6660638,-0.4326163,-0.4479557,-0.58649915,-0.5987238
-0.14659771,-0.3221565,-0.299693,-0.03341135,-0.005156449,-0.18378547,0.1647439,-0.3897502,-0.38904878,0.09209235,-0.3668271,-0.2883311,0.3616768,0.18984695,-0.14042778,-0.09225239,0.22689144,-0.22319561,-0.019929597,0.2931703,0.125483,-0.28129506,0.12051186,-0.28317896,0.11931689,-0.28380308,0.02381495,0.30617058,-0.016168725,0.2980644,0.12448399,-0.27147806,0.16736004,-0.23494977,0.27062097,-0.19520861,0.6446253,0.03404599,0.5842153,-0.0028449679,0.09338818,-0.2954498,-0.46227002,-0.5543244,0.3324681,4.720669e-05,0.051765054,-0.31387433,0.37253726,-0.12932612,0.3642692,-0.13428754,-0.38784805,-0.42387515,-0.12918039,-0.3584473
-1.4998071,-0.9136122,-0.48982537,-1.3698667,-1.2942597,-1.4959712,-1.4025869,-0.9224679,-0.49620944,-1.4444603,-0.9205336,-0.5016632,-1.4204112,-1.4258019,-0.63370246,-1.4357332,-0.65133166,-0.69511765,0.5988122,0.62317413,-0.66495895,-0.70376,-0.6656494,-0.70341796,-0.6658082,-0.70350933,0.5789763,0.6023432,0.6023028,0.6280673,-0.6522975,-0.6876826,-0.63230735,-0.66235024,-0.6485578,-0.69114465,-0.59071505,-0.6450731,-0.60785794,-0.65642154,-0.6638135,-0.7000882,-0.5990299,-0.62577856,-0.32497722,-0.3849645,-0.6594294,-0.6924485,-0.61566925,-0.6657266,-0.6166105,-0.6660638,-0.4326163,-0.4479557,-0.58649915,-0.5987238
-0.14659771,0.55440664,-0.4691192,-1.3698667,-0.43485752,-0.18378547,-0.16178335,0.67888665,-0.47426903,-0.17303385,0.6951289,-0.47138694,-0.16441107,0.06900387,-0.63370246,-0.09225239,-0.65133166,-0.69511765,0.5988122,0.62317413,-0.66495895,-0.70376,-0.6656494,-0.70341796,-0.6658082,-0.70350933,0.5789763,0.6023432,0.6023028,0.6280673,-0.6522975,-0.6876826,-0.63230735,-0.66235024,-0.6485578,-0.69114465,-0.59071505,-0.6450731,-0.60785794,-0.65642154,-0.6638135,-0.7000882,-0.5990299,-0.62577856,-0.32497722,-0.3849645,-0.6594294,-0.6924485,-0.61566925,-0.6657266,-0.6166105,-0.6660638,-0.4326163,-0.4479557,-0.58649915,-0.5987238
0.530007,-0.13998677,-0.47891352,-0.03341135,-0.005156449,0.47230738,0.4259657,-0.04249454,-0.4841528,0.35416353,-0.027702171,-0.48912835,0.38133743,0.6538132,-0.63370246,0.579488,-0.65133166,-0.69511765,0.5988122,0.62317413,-0.66495895,-0.70376,-0.6656494,-0.70341796,-0.6658082,-0.70350933,0.5789763,0.6023432,0.6023028,0.6280673,-0.6522975,-0.6876826,-0.63230735,-0.66235024,-0.6485578,-0.69114465,-0.59071505,-0.6450731,-0.60785794,-0.65642154,-0.6638135,-0.7000882,-0.5990299,-0.62577856,-0.32497722,-0.3849645,-0.6594294,-0.6924485,-0.61566925,-0.6657266,-0.6166105,-0.6660638,-0.4326163,-0.4479557,-0.58649915,-0.5987238
-0.14659771,-0.32636318,-0.48154235,-0.03341135,-0.43485752,-0.18378547,-0.03117245,-0.30049774,-0.47808978,-0.23898093,-0.30290425,-0.48525262,-0.16896026,-0.0021866783,-0.63310814,-0.09225239,-0.65133166,-0.664415,0.5988122,0.5943127,-0.66495895,-0.66938454,-0.6656494,-0.67054164,-0.6658082,-0.67060304,0.5789763,0.57034767,0.6023028,0.5936855,-0.6522975,-0.6564348,-0.63230735,-0.61877,-0.6485578,-0.6568819,-0.59071505,-0.6215644,-0.60785794,-0.63851184,-0.6638135,-0.6666081,-0.5990299,-0.5901425,-0.32497722,-0.2773672,-0.6594294,-0.66460025,-0.61566925,-0.6357668,-0.6166105,-0.6362648,-0.4326163,-0.43917307,-0.58649915,-0.5681006
1.2066118,-0.31184113,-0.4813375,1.303044,0.42454463,1.1284002,1.0137148,-0.28951186,-0.47331476,0.84678936,-0.29168773,-0.48354778,0.8698133,1.2636663,-0.63370246,1.2512283,-0.65133166,-0.65825856,0.5988122,0.6068797,-0.66495895,-0.6724791,-0.6656494,-0.6724035,-0.6658082,-0.6725713,0.5789763,0.58972883,0.6023028,0.61235446,-0.6522975,-0.6571936,-0.63230735,-0.6404312,-0.6485578,-0.6551117,-0.59071505,-0.5981096,-0.60785794,-0.6054939,-0.6638135,-0.67092323,-0.5990299,-0.62577856,-0.32497722,-0.35973692,-0.6594294,-0.66419303,-0.61566925,-0.6219662,-0.6166105,-0.6223036,-0.4326163,-0.44752374,-0.58649915,-0.5880518
1.8832164,1.1089276,1.480065,1.9712716,1.2839468,2.0230722,1.7320747,1.0794845,1.2016232,1.8033231,1.1684378,1.3571362,1.8543508,2.1242614,0.061172433,1.9229687,0.20170431,0.09221764,0.1476977,0.19644034,0.1298285,0.0278421,0.12407932,0.022428595,0.12042774,0.019543609,0.19839399,0.23786676,0.16167499,0.21007079,-0.014519027,-0.075040184,-0.12433008,-0.18268993,-0.10846324,-0.174362,-0.29565588,-0.33335906,-0.28948817,-0.32004306,0.09338818,-0.004406478,0.12384364,0.05236379,-0.32497722,-0.3849645,0.19858955,0.08484248,0.2069161,0.10234983,0.21626268,0.1096219,-0.38886026,-0.39376226,0.2587311,0.15474667
1.2066118,-0.51809436,-0.4842467,1.303044,0.42454463,1.1284002,0.88310385,-0.48511696,-0.4902172,0.9744666,-0.49141717,-0.49563867,0.949723,1.4072665,-0.63370246,1.2512283,-0.65133166,-0.69511765,0.5988122,0.62317413,-0.66495895,-0.70376,-0.6656494,-0.70341796,-0.6658082,-0.70350933,0.5789763,0.6023432,0.6023028,0.6280673,-0.6522975,-0.6876826,-0.63230735,-0.66235024,-0.6485578,-0.69114465,-0.59071505,-0.6450731,-0.60785794,-0.65642154,-0.6638135,-0.7000882,-0.5990299,-0.62577856,-0.32497722,-0.3849645,-0.6594294,-0.6924485,-0.61566925,-0.6657266,-0.6166105,-0.6660638,-0.4326163,-0.4479557,-0.58649915,-0.5987238
-0.14659771,0.06465709,1.824196,-0.03341135,0.8542457,0.35301778,0.2953548,0.13888048,1.9372132,0.54684365,0.12928835,1.9586905,0.5519863,0.008987918,1.6392314,-0.7639928,1.0775023,1.2065825,-1.2672735,-1.3776836,1.4412929,1.5854181,1.5267495,1.6711223,1.5239269,1.6679429,-1.2156962,-1.323625,-1.2637296,-1.3790046,1.0484451,1.1592026,1.2745919,1.4058423,1.4673481,1.608585,1.2143621,1.293029,1.360351,1.4895519,1.6077914,1.7519408,0.6643708,0.740359,-0.32497722,-0.38198236,1.785307,1.9332037,0.9080458,1.0215707,0.98051465,1.1054642,0.49250734,0.52354723,2.3156238,2.4867463
-0.82320243,-0.6857914,-0.34057948,-0.701639,-0.43485752,-0.8398783,-1.2066705,-0.53530824,-0.10828183,-0.84465885,-0.5801919,-0.15559042,-0.9923033,-0.96624774,-0.022338826,-1.0998629,0.26946416,0.19669674,0.056488726,0.1063846,0.15372857,0.0854555,0.13887763,0.07293224,0.13980588,0.07343918,0.114596024,0.16091914,0.05549962,0.10796732,0.3452535,0.24293417,0.14751716,0.078143224,0.27946174,0.21670456,0.818155,0.76119465,0.62289584,0.5768488,0.09338818,0.031053457,0.00010852704,-0.1145906,0.09339705,0.12414426,0.05837031,-0.0026839178,0.45810825,0.37901786,0.44365448,0.36749962,-0.3929958,-0.4070027,-0.20275533,-0.23102386
-0.14659771,0.36525425,-0.47178715,-0.03341135,-0.43485752,-0.18378547,-0.0964779,0.04715033,-0.46921325,0.117372595,0.2582287,-0.46661988,0.029549949,0.4261039,-0.51882374,-0.09225239,-0.65133166,-0.51487905,0.5988122,0.5852507,-0.66495895,-0.5535782,-0.6656494,-0.56396747,-0.6658082,-0.56527424,0.5789763,0.5760547,0.6023028,0.587223,-0.6522975,-0.5827331,-0.63230735,-0.6174667,-0.6485578,-0.62122875,-0.59071505,-0.6100211,-0.60785794,-0.61623013,-0.6638135,-0.5758855,-0.5990299,-0.49643093,-0.32497722,-0.3849645,-0.6594294,-0.552025,-0.61566925,-0.47039422,-0.6166105,-0.47141787,-0.4326163,-0.447661,-0.58649915,-0.56073844
1.2066118,1.5185211,4.949398,0.6348163,2.57305,1.1284002,2.4504347,1.0664853,3.8741033,1.9077783,1.0289469,3.8836083,1.7912112,1.0436782,2.9772356,1.2512283,2.2783551,2.1250079,-4.913167,-4.6619043,2.6971352,2.5151818,2.8101082,2.6272755,2.850407,2.6654325,-5.231014,-4.9680333,-4.913508,-4.659354,4.315016,4.04014,4.036718,3.8150353,3.814723,3.6287758,3.6722982,3.589628,3.521008,3.4157882,3.1221948,2.9291408,4.3243246,4.0149646,6.3092437,6.587261,2.4401588,2.2649086,1.3579835,1.2585995,1.3195843,1.2153583,6.8072586,6.5170074,2.460209,2.262841
0.530007,-0.4886629,0.5154643,0.6348163,3.4324522,0.47230738,2.3851292,-0.39487478,0.6454555,1.8266405,-0.4020552,0.64786136,1.992422,0.8886681,2.9676836,0.2436178,1.9372549,2.3625941,-2.4579203,-2.9609296,2.2777967,2.7538378,2.3088148,2.7921107,2.310286,2.7941456,-2.4517157,-2.951788,-2.5086355,-3.020376,2.045996,2.493138,2.7647908,3.3257384,2.0776336,2.5432298,1.2009246,1.5262969,1.9693984,2.4501808,2.364993,2.8582726,1.7975237,2.1601942,-0.08590619,-0.07716765,2.4078047,2.8969116,1.6643827,2.0549989,1.649235,2.033962,1.5907464,1.9363403,2.561675,3.0350163
1.2066118,4.3083224,-0.4161707,1.303044,0.42454463,1.1284002,0.75249296,2.8184357,-0.44066992,0.8125831,3.0263903,-0.4397726,0.79316366,1.214376,-0.63370246,1.2512283,-0.65133166,-0.6660539,0.5988122,0.6163714,-0.66495895,-0.67611754,-0.6656494,-0.6772283,-0.6658082,-0.6774941,0.5789763,0.5969648,0.6023028,0.61971825,-0.6522975,-0.667765,-0.63230735,-0.65087175,-0.6485578,-0.66946894,-0.59071505,-0.6115849,-0.60785794,-0.6367594,-0.6638135,-0.6757361,-0.5990299,-0.61559266,-0.32497722,-0.3849645,-0.6594294,-0.6672096,-0.61566925,-0.6329769,-0.6166105,-0.6329944,-0.4326163,-0.44793335,-0.58649915,-0.5956658
-0.14659771,0.7008735,0.022005241,-0.03341135,-0.005156449,-0.004851055,-0.03117245,0.8236474,0.02744755,-0.03752279,0.83752763,0.057778835,-0.021342866,-0.0578057,0.076462656,-0.09225239,0.15669882,0.055625115,-0.23439386,-0.0601868,0.14090942,0.019592036,0.11998333,-0.002831986,0.12351344,-0.0007354699,-0.22757888,-0.052870847,-0.22055633,-0.049054038,0.43928495,0.2376122,0.24077861,0.067659765,0.2743716,0.09199456,0.5690082,0.33435303,0.46875432,0.25611752,0.09338818,-0.032086067,-0.0064038453,-0.106072634,0.03362931,-0.06727389,0.022242233,-0.08006099,0.19035394,0.10332033,0.17993377,0.093375266,-0.13277319,-0.2050741,0.07246943,-0.072961725
0.530007,-0.2838847,-0.48094314,0.6348163,-0.005156449,0.47230738,0.4259657,-0.29824445,-0.46685815,0.27662596,-0.2896253,-0.46326044,0.3424164,0.63693494,-0.63370246,0.579488,-0.65133166,-0.6176295,0.5988122,0.55966365,-0.66495895,-0.63358045,-0.6656494,-0.63307905,-0.6658082,-0.6330366,0.5789763,0.5439166,0.6023028,0.56509495,-0.6522975,-0.60631,-0.63230735,-0.5852448,-0.6485578,-0.607417,-0.59071505,-0.5246198,-0.60785794,-0.5421893,-0.6638135,-0.63159686,-0.5990299,-0.5560402,-0.32497722,-0.36126658,-0.6594294,-0.62854016,-0.61566925,-0.57610124,-0.6166105,-0.5778208,-0.4326163,-0.43901044,-0.58649915,-0.5548695
-0.82320243,-0.9610791,-0.4904949,-0.701639,-0.8645586,-0.8398783,-1.0107542,-0.8623728,-0.49538603,-1.1327014,-0.86132985,-0.49920982,-1.0770036,-1.1088808,-0.63370246,-0.7639928,-0.65133166,-0.69511765,0.5988122,0.62317413,-0.66495895,-0.70376,-0.6656494,-0.70341796,-0.6658082,-0.70350933,0.5789763,0.6023432,0.6023028,0.6280673,-0.6522975,-0.6876826,-0.63230735,-0.66235024,-0.6485578,-0.69114465,-0.59071505,-0.6450731,-0.60785794,-0.65642154,-0.6638135,-0.7000882,-0.5990299,-0.62577856,-0.32497722,-0.3849645,-0.6594294,-0.6924485,-0.61566925,-0.6657266,-0.6166105,-0.6660638,-0.4326163,-0.4479557,-0.58649915,-0.5987238
-0.82320243,-0.7142116,-0.4870129,-0.701639,-0.8645586,-0.8398783,-0.7495324,-0.68821424,-0.46379095,-0.78296316,-0.68924165,-0.4616588,-0.7565738,-0.6788336,-0.57950014,-0.7639928,-0.65133166,-0.6201931,0.5988122,0.5701293,-0.66495895,-0.62870175,-0.6656494,-0.6266153,-0.6658082,-0.6264848,0.5789763,0.5523697,0.6023028,0.5701169,-0.6522975,-0.6047302,-0.63230735,-0.58214337,-0.6485578,-0.5923485,-0.59071505,-0.5175557,-0.60785794,-0.5408223,-0.6638135,-0.6219528,-0.5990299,-0.53373474,-0.32497722,-0.2835842,-0.6594294,-0.6229241,-0.61566925,-0.5784494,-0.6166105,-0.5799676,-0.4326163,-0.43383607,-0.58649915,-0.54527766
-0.82320243,-0.739862,-0.4873747,-0.701639,-0.8645586,-0.8398783,-0.8148379,-0.7425746,-0.49374467,-0.8702027,-0.7337353,-0.48988044,-0.89402026,-0.7425385,-0.63370246,-0.7639928,-0.65133166,-0.69511765,0.5988122,0.62317413,-0.66495895,-0.70376,-0.6656494,-0.70341796,-0.6658082,-0.70350933,0.5789763,0.6023432,0.6023028,0.6280673,-0.6522975,-0.6876826,-0.63230735,-0.66235024,-0.6485578,-0.69114465,-0.59071505,-0.6450731,-0.60785794,-0.65642154,-0.6638135,-0.7000882,-0.5990299,-0.62577856,-0.32497722,-0.3849645,-0.6594294,-0.6924485,-0.61566925,-0.6657266,-0.6166105,-0.6660638,-0.4326163,-0.4479557,-0.58649915,-0.5987238
0.530007,-0.645752,-0.4860473,0.6348163,-0.005156449,0.47230738,0.6218821,-0.63041127,-0.47701603,0.40984768,-0.63004786,-0.485931,0.45142835,0.7569191,-0.6009371,0.579488,-0.65133166,-0.66024274,0.5988122,0.5992399,-0.66495895,-0.6646773,-0.6656494,-0.6601897,-0.6658082,-0.6601984,0.5789763,0.5803927,0.6023028,0.6009678,-0.6522975,-0.65365577,-0.63230735,-0.6242548,-0.6485578,-0.630022,-0.59071505,-0.57005215,-0.60785794,-0.59418815,-0.6638135,-0.6528553,-0.5990299,-0.5455432,-0.32497722,-0.33185127,-0.6594294,-0.6505065,-0.61566925,-0.6119175,-0.6166105,-0.61350745,-0.4326163,-0.44421944,-0.58649915,-0.585555
-0.82320243,0.30518305,-0.47263446,-0.701639,-0.8645586,-0.8398783,-1.0760597,0.18509659,-0.48103455,-0.90655327,0.19680133,-0.48597646,-0.958936,-0.79253596,-0.63370246,-0.7639928,-0.65133166,-0.69511765,0.5988122,0.62317413,-0.66495895,-0.70376,-0.6656494,-0.70341796,-0.6658082,-0.70350933,0.5789763,0.6023432,0.6023028,0.6280673,-0.6522975,-0.6876826,-0.63230735,-0.66235024,-0.6485578,-0.69114465,-0.59071505,-0.6450731,-0.60785794,-0.65642154,-0.6638135,-0.7000882,-0.5990299,-0.62577856,-0.32497722,-0.3849645,-0.6594294,-0.6924485,-0.61566925,-0.6657266,-0.6166105,-0.6660638,-0.4326163,-0.4479557,-0.58649915,-0.5987238
-0.82320243,-0.7847243,-0.48800746,-0.701639,-0.8645586,-0.8398783,-0.8148379,-0.80893826,-0.4946539,-0.904626,-0.81170154,-0.49947885,-0.92262536,-0.80654633,-0.63370246,-0.7639928,-0.65133166,-0.69511765,0.5988122,0.62317413,-0.66495895,-0.70376,-0.6656494,-0.70341796,-0.6658082,-0.70350933,0.5789763,0.6023432,0.6023028,0.6280673,-0.6522975,-0.6876826,-0.63230735,-0.66235024,-0.6485578,-0.69114465,-0.59071505,-0.6450731,-0.60785794,-0.65642154,-0.6638135,-0.7000882,-0.5990299,-0.62577856,-0.32497722,-0.3849645,-0.6594294,-0.6924485,-0.61566925,-0.6657266,-0.6166105,-0.6660638,-0.4326163,-0.4479557,-0.58649915,-0.5987238
-0.82320243,-0.99113154,-0.44530958,-0.701639,-0.8645586,-0.8398783,-0.42300516,-0.9886218,-0.4170741,-0.36990362,-0.9850074,-0.42546672,-0.41430932,-0.8399831,0.9619308,-0.7639928,0.4608558,0.547988,-1.2500179,-1.4186152,0.7125567,0.8260959,0.7647677,0.8850466,0.76842433,0.88923275,-1.2994941,-1.4721524,-1.2451487,-1.4130508,0.68867266,0.80413747,1.1416445,1.3008332,0.75686675,0.8816738,0.16568573,0.21873084,0.04344666,0.083832905,0.8505898,0.9805437,1.2114102,1.3691459,-0.08590619,-0.0964991,0.8510477,0.97741514,0.06061735,0.10025104,0.091129884,0.13406955,1.601736,1.8039846,1.4784081,1.6526862
-0.82320243,-0.84906226,-0.4889149,-0.701639,-0.8645586,-0.8398783,-0.684227,-0.85575813,-0.4952954,-0.7730788,-0.849034,-0.5006594,-0.7886469,-0.6035514,-0.63370246,-0.7639928,-0.65133166,-0.69511765,0.5988122,0.62317413,-0.66495895,-0.70376,-0.6656494,-0.70341796,-0.6658082,-0.70350933,0.5789763,0.6023432,0.6023028,0.6280673,-0.6522975,-0.6876826,-0.63230735,-0.66235024,-0.6485578,-0.69114465,-0.59071505,-0.6450731,-0.60785794,-0.65642154,-0.6638135,-0.7000882,-0.5990299,-0.62577856,-0.32497722,-0.3849645,-0.6594294,-0.6924485,-0.61566925,-0.6657266,-0.6166105,-0.6660638,-0.4326163,-0.4479557,-0.58649915,-0.5987238
-1.4998071,-0.23601077,-0.48026794,-1.3698667,-1.2942597,-1.4959712,-1.2066705,-0.1656884,-0.47352487,-1.3983625,-0.19173887,-0.47826356,-1.3519953,-1.3675365,-0.62708485,-1.4357332,-0.65133166,-0.67677647,0.5988122,0.612623,-0.66495895,-0.6875334,-0.6656494,-0.68785125,-0.6658082,-0.6880031,0.5789763,0.5931912,0.6023028,0.61755455,-0.6522975,-0.6727235,-0.63230735,-0.64818597,-0.6485578,-0.6736289,-0.59071505,-0.6192288,-0.60785794,-0.63268095,-0.6638135,-0.6857787,-0.5990299,-0.62577856,-0.32497722,-0.3812512,-0.6594294,-0.6788925,-0.61566925,-0.6453957,-0.6166105,-0.6458835,-0.4326163,-0.44704613,-0.58649915,-0.59124154
0.530007,0.73814857,0.26789957,0.6348163,0.42454463,0.47230738,0.034133,0.30255112,0.21984528,0.34066838,0.5183692,0.23279357,0.21188298,0.43879026,0.010788144,0.2436178,-0.06644476,0.25829032,-0.50802076,-0.3201967,0.005765159,0.26035926,0.028682929,0.24376242,0.036373302,0.24639535,-0.5872117,-0.36334863,-0.5045755,-0.34204248,0.3248119,0.38319567,0.30427572,0.24105515,0.2438305,0.33317375,0.2699827,0.37773952,0.22156711,0.24411316,0.09338818,0.25329062,0.37131387,0.41421694,0.9899134,0.7542233,-0.040230025,0.16725944,-0.2195585,0.18283884,-0.22910248,0.18097043,1.0160758,0.69964224,0.020534195,-0.1107236
-0.82320243,-0.9069501,-0.26435462,-1.3698667,-0.005156449,-0.8398783,-1.4025869,-0.6048237,0.38431743,-1.12867,-0.6129465,0.36514693,-1.2137315,-1.4410424,0.098065734,-1.0998629,1.2359711,1.0585164,-0.4562535,-0.33451036,0.9813244,0.8219151,0.9517288,0.79937226,0.94887614,0.79822993,-0.30439362,-0.19852729,-0.43556145,-0.3192404,1.0607101,0.97491354,0.78844154,0.6493591,1.2235554,1.0685757,2.169375,1.9990846,1.9633512,1.8133487,0.8505898,0.7118742,0.00010852704,-0.025549747,0.69107455,0.6858499,0.7857559,0.64824235,1.5801921,1.4045397,1.5725406,1.3898647,-0.37590405,-0.38719207,0.084170945,0.031670325
0.530007,-0.40525305,0.4851893,0.6348163,-0.005156449,0.47230738,1.1443256,-0.3731182,0.527911,1.4364222,-0.37242213,0.5384035,1.4071612,0.5811058,2.6587443,0.2436178,2.9638164,3.1895773,-1.6395048,-1.7627786,2.6497693,2.8383515,2.540303,2.722934,2.5166576,2.6979218,-1.4601068,-1.5714426,-1.6167625,-1.7378823,1.5063375,1.6259036,1.7885219,1.9220746,1.7797242,1.9278551,1.3336296,1.4700463,1.5228564,1.6789832,2.364993,2.5357504,4.06383,4.318548,-0.32497722,-0.3849645,2.5802648,2.7554584,2.8899796,3.1405106,2.9463105,3.1970642,0.013215263,0.029296301,2.230187,2.3567076
-0.14659771,-0.8682478,-0.48918557,-0.03341135,-0.43485752,-0.18378547,-0.8148379,-0.891497,-0.4957851,-0.6873253,-0.87936455,-0.50108504,-0.6834504,-0.61202365,-0.63370246,-0.09225239,-0.65133166,-0.69511765,0.5988122,0.62317413,-0.66495895,-0.70376,-0.6656494,-0.70341796,-0.6658082,-0.70350933,0.5789763,0.6023432,0.6023028,0.6280673,-0.6522975,-0.6876826,-0.63230735,-0.66235024,-0.6485578,-0.69114465,-0.59071505,-0.6450731,-0.60785794,-0.65642154,-0.6638135,-0.7000882,-0.5990299,-0.62577856,-0.32497722,-0.3849645,-0.6594294,-0.6924485,-0.61566925,-0.6657266,-0.6166105,-0.6660638,-0.4326163,-0.4479557,-0.58649915,-0.5987238
-1.4998071,-0.86068034,-0.24497646,-1.3698667,-1.2942597,-1.4959712,-1.2066705,-0.86548233,-0.24474683,-1.1437305,-0.8678021,-0.2563918,-1.1865674,-1.4100842,0.16900931,-1.4357332,0.2524553,0.2653852,0.039232958,0.03323992,0.16372314,0.17203808,0.1358387,0.14375824,0.12980825,0.13750502,0.06920547,0.0648679,0.04753649,0.043078925,-0.11263875,-0.11564127,-0.027100055,-0.023343232,-0.041487265,-0.043588858,-0.10962886,-0.12210331,-0.075179346,-0.078985505,0.09338818,0.09998291,0.566685,0.59672165,-0.32497722,-0.3849645,0.1504942,0.16005723,0.26074296,0.27537727,0.27411973,0.28910658,-0.3211584,-0.32995367,0.117672354,0.1320155
-1.4998071,-0.5295454,0.5469082,-1.3698667,-0.8645586,-1.4959712,-1.6638087,-0.7133656,0.15767601,-1.6769382,-0.699858,0.18464155,-1.6861708,-1.6459725,-0.63370246,-1.7716033,0.09942346,0.03871393,0.061418958,0.050070465,0.14286488,0.09838753,0.09659668,0.059281725,0.09660614,0.060230013,-0.014592451,-0.030072194,-0.048021358,-0.06018672,0.11221903,0.10659531,0.18521856,0.20212628,0.08657085,0.078695126,-0.15699527,-0.20026638,-0.2380013,-0.23556487,0.09338818,0.06512714,0.22804159,0.13031666,1.1692166,1.4057093,-0.014483151,-0.04313329,0.14756846,0.07176087,0.14225942,0.06865436,-0.31415975,-0.2909717,-0.08173339,-0.026060868
-0.82320243,-0.78470415,-0.24480978,-0.701639,-0.43485752,-0.8398783,-0.4883106,-0.765859,-0.31754535,-0.7061779,-0.76578784,-0.28857556,-0.60169894,-0.80070025,-0.14851749,-0.7639928,-0.16274494,-0.32936445,-0.45378843,-0.15812363,-0.059851523,-0.25340098,-0.0030277472,-0.2103005,0.0039117406,-0.2050799,-0.52785486,-0.21927251,-0.44352466,-0.14838687,0.12448399,-0.10736491,0.21498287,-0.032301404,0.32580915,0.040372685,0.44316924,0.14633578,0.34641287,0.07162052,0.09338818,-0.1369067,0.31270248,0.047220457,2.2450361,1.7063315,-0.04409903,-0.23652935,-0.2789061,-0.4110139,-0.29099613,-0.4201047,0.98174787,0.6060984,0.04521944,-0.13729285
0.530007,-0.7414327,0.070028834,0.6348163,1.7136478,0.47230738,1.6667693,-0.72794944,0.12016525,1.4514266,-0.72564286,0.119404495,1.559472,0.55081415,2.670464,0.2436178,1.2076685,1.352351,-3.118569,-3.4383056,1.9023478,2.1081343,2.1185505,2.346459,2.1330435,2.36258,-3.1220992,-3.4417088,-2.9758074,-3.2821066,2.1277626,2.3663075,2.4552422,2.7161243,2.4441264,2.7276957,3.018588,3.421067,1.7974551,2.0457659,2.364993,2.616517,0.52109843,0.59161097,-0.08590619,-0.09807941,2.4285054,2.6759741,0.41670296,0.48314276,0.43827245,0.5062507,4.33711,4.785365,3.1630979,3.4337714
0.530007,0.08729127,-0.4757078,0.6348163,-0.005156449,0.47230738,0.2953548,-0.053361155,-0.4841865,0.28691193,0.045151927,-0.48718518,0.34585056,0.5787879,-0.6161761,0.579488,-0.65133166,-0.6293912,0.5988122,0.5458668,-0.66495895,-0.6354964,-0.6656494,-0.6316808,-0.6658082,-0.6313998,0.5789763,0.52561736,0.6023028,0.5485181,-0.6522975,-0.6088569,-0.63230735,-0.5722399,-0.6485578,-0.59644455,-0.59071505,-0.521455,-0.60785794,-0.5558344,-0.6638135,-0.624293,-0.5990299,-0.5364915,-0.32497722,-0.15549548,-0.6594294,-0.6282057,-0.61566925,-0.59945625,-0.6166105,-0.6009995,-0.4326163,-0.40346888,-0.58649915,-0.5314824
1.2066118,1.0368538,0.11790721,1.303044,1.2839468,1.1284002,0.5565766,1.0965958,0.14813755,0.70858085,1.1224658,0.13606925,0.6336088,0.9003725,-0.058569804,0.579488,0.54279727,0.3057218,-1.1070416,-0.8160853,0.6643219,0.40286568,0.73794574,0.4627074,0.7480588,0.47120896,-1.1598309,-0.86533207,-1.1203927,-0.8223619,0.9748553,0.6815248,1.0067132,0.7164277,1.2661523,0.9044275,1.6784691,1.2748775,1.4311508,1.0628413,0.8505898,0.5549836,0.91184086,0.6127535,3.2610881,2.9273179,0.6246954,0.36623198,0.495373,0.26362622,0.4719103,0.24132107,1.1891336,0.91769207,0.647444,0.42602775
1.8832164,1.1539298,-0.46066296,1.9712716,0.8542457,1.7844931,0.6871875,0.76883924,-0.4730366,1.1003283,0.68042666,-0.46676156,1.0787848,1.5269691,-0.63370246,1.9229687,-0.65133166,-0.69511765,0.5988122,0.62317413,-0.66495895,-0.70376,-0.6656494,-0.70341796,-0.6658082,-0.70350933,0.5789763,0.6023432,0.6023028,0.6280673,-0.6522975,-0.6876826,-0.63230735,-0.66235024,-0.6485578,-0.69114465,-0.59071505,-0.6450731,-0.60785794,-0.65642154,-0.6638135,-0.7000882,-0.5990299,-0.62577856,-0.32497722,-0.3849645,-0.6594294,-0.6924485,-0.61566925,-0.6657266,-0.6166105,-0.6660638,-0.4326163,-0.4479557,-0.58649915,-0.5987238
-1.4998071,-0.8589277,-0.48905408,-1.3698667,-1.2942597,-1.4959712,-1.5331979,-0.90007716,-0.49590263,-1.5777533,-0.8889823,-0.5012202,-1.5361086,-1.5842618,-0.63370246,-1.4357332,-0.65133166,-0.69511765,0.5988122,0.62317413,-0.66495895,-0.70376,-0.6656494,-0.70341796,-0.6658082,-0.70350933,0.5789763,0.6023432,0.6023028,0.6280673,-0.6522975,-0.6876826,-0.63230735,-0.66235024,-0.6485578,-0.69114465,-0.59071505,-0.6450731,-0.60785794,-0.65642154,-0.6638135,-0.7000882,-0.5990299,-0.62577856,-0.32497722,-0.3849645,-0.6594294,-0.6924485,-0.61566925,-0.6657266,-0.6166105,-0.6660638,-0.4326163,-0.4479557,-0.58649915,-0.5987238
0.530007,0.97850484,0.59234786,0.6348163,0.42454463,0.47230738,-0.03117245,0.83438987,0.040730193,0.06582243,0.7370183,-0.109146185,-0.15590736,0.10396889,0.115490295,0.2436178,0.25336316,0.8566971,0.004721472,0.04988405,0.1341739,0.61347264,0.12883593,0.5523391,0.12758654,0.54535437,0.062222317,0.14253408,0.018338252,0.047051594,0.14901395,0.41030446,0.1415643,0.058892444,0.28857052,0.2841288,0.8135053,0.43723315,0.6731807,0.41204017,0.09338818,0.44800258,-0.5990299,0.06928627,0.2727003,0.03458653,0.05999704,0.51817685,0.41532272,1.06102,0.41270766,1.055158,-0.39421046,-0.42535323,-0.1825583,-0.15517433
1.2066118,-0.35770625,0.6336805,1.303044,4.721555,1.1284002,1.927991,-0.37163195,0.66222596,2.107139,-0.37208244,0.6718044,2.0502317,1.0983694,3.2898438,1.2512283,2.5844016,2.5035877,-3.2221034,-3.1237805,3.0134857,2.9124134,3.0524309,2.9522307,3.0543096,2.954336,-3.209389,-3.1130464,-3.2863703,-3.1861684,2.7205696,2.6379662,3.6140654,3.5081542,2.7591813,2.6900756,1.6488343,1.6194849,2.6137123,2.5920217,3.1221948,3.0209796,2.3966622,2.2965076,-0.026138432,-0.06309359,3.174613,3.0614204,2.2343955,2.181047,2.2156966,2.1591022,2.096587,2.0428014,3.3487184,3.199861
0.530007,-0.87561435,-0.3185845,0.6348163,0.8542457,0.47230738,1.340242,-0.8770795,-0.4003569,0.5234597,-0.86928093,-0.3793093,0.44180793,0.8065415,-0.25346154,0.579488,1.5336239,-0.0793817,0.13537216,0.49654067,1.1657897,-0.19206522,1.0340445,-0.22857367,1.0189831,-0.2328172,0.25775084,0.51547366,0.10327857,0.4910625,0.6232594,-0.3299639,-0.08464435,-0.50889003,0.19587567,-0.45473036,-0.17529663,-0.5260412,-0.13019417,-0.52015245,0.8505898,-0.27760473,0.98998946,-0.18124294,-0.32497722,-0.38495198,1.059325,-0.21457398,1.7278708,0.004175752,1.7218927,0.0011983691,-0.4290302,-0.44697484,-0.11491424,-0.47612855
1.2066118,-0.35770625,0.7482023,1.303044,4.721555,1.1284002,2.9728782,-0.27639338,0.82181704,2.433043,-0.29654437,0.8061181,2.532447,1.301553,3.5675223,0.9153582,2.5844016,2.946679,-3.2221034,-3.6451256,3.0134857,3.4141536,3.0524309,3.4596348,3.0543096,3.46207,-3.2093887,-3.63022,-3.2863703,-3.716858,2.7205696,3.1004028,3.6140654,4.087275,2.7591813,3.160642,1.6488343,1.9398065,2.6137125,3.0433483,3.1221948,3.5377414,2.3966622,2.6938045,-0.026138432,-0.018393831,3.174613,3.5823703,2.2343955,2.5748212,2.2156966,2.549839,2.0965872,2.391154,3.3487184,3.7286398
-0.14659771,-0.55740714,-0.48480117,-0.03341135,-0.43485752,-0.18378547,-0.55361605,-0.5406326,-0.49097782,-0.22109167,-0.5296188,-0.4797717,-0.2607593,0.04053956,-0.63370246,-0.09225239,-0.65133166,-0.69511765,0.5988122,0.62317413,-0.66495895,-0.70376,-0.6656494,-0.70341796,-0.6658082,-0.70350933,0.5789763,0.6023432,0.6023028,0.6280673,-0.6522975,-0.6876826,-0.63230735,-0.66235024,-0.6485578,-0.69114465,-0.59071505,-0.6450731,-0.60785794,-0.65642154,-0.6638135,-0.7000882,-0.5990299,-0.62577856,-0.32497722,-0.3849645,-0.6594294,-0.6924485,-0.61566925,-0.6657266,-0.6166105,-0.6660638,-0.4326163,-0.4479557,-0.58649915,-0.5987238
1.2066118,-0.17791113,1.1188017,1.303044,4.721555,1.1284002,2.5157402,-0.3329638,0.87986207,2.4107583,-0.361423,0.7896364,2.273613,1.4525571,3.6533296,0.9153582,2.5844016,2.4829369,-3.2221034,-3.1124341,3.0134857,2.8936265,3.0524309,2.934279,3.0543096,2.9365144,-3.2093887,-3.1030202,-3.2863703,-3.1745207,2.7205696,2.626291,3.6140654,3.489091,2.7591813,2.6804461,1.6488343,1.6417422,2.6137125,2.5785325,3.1221948,3.0042531,2.3966622,2.2359054,-0.026138432,-0.06454041,3.174613,3.0425007,2.2343955,2.1595175,2.2156966,2.137465,2.0965872,2.0452292,3.3487184,3.1897478
0.530007,1.1380315,3.4526007,0.6348163,0.8542457,0.9494658,0.4259657,1.3324432,3.9235194,0.2938628,1.1950678,3.7653666,0.34771293,-0.1458225,0.8656021,0.579488,1.409365,1.703654,-0.00020871371,-0.061040476,1.0793147,1.3124723,0.99652016,1.2167114,0.98257196,1.2006809,0.14252868,0.1055118,-0.016168725,-0.07942482,0.5496697,0.70279354,0.22688857,0.32522824,0.30223364,0.41344115,-0.1381299,-0.11067676,-0.10775991,-0.06686979,0.8505898,1.0470878,0.91184086,1.1018965,-0.32497722,-0.3849645,1.0705478,1.2959588,1.5691504,1.9068519,1.5671586,1.9012145,-0.38886026,-0.3981248,0.30217078,0.3945088
-0.82320243,0.18874565,-0.122413956,-0.701639,-0.43485752,-0.8398783,-0.6189215,0.05992561,-0.208614,-0.5812063,-0.08140308,-0.21021445,-0.5850702,-0.77044034,0.1884951,-0.7639928,-0.051946986,-0.048882183,-0.22946364,-0.24976827,0.0444399,0.05427627,0.059997234,0.071270674,0.061676018,0.07308741,-0.26249468,-0.28399095,-0.23117387,-0.2511366,0.050894186,0.063000105,0.16140714,0.17737505,0.094608,0.107407324,-0.095489375,-0.095433794,0.0033419628,0.011606588,0.09338818,0.10683029,0.00010852704,0.0044257203,-0.20544171,-0.2470166,0.08352075,0.096817404,-0.1726325,-0.17876768,-0.17259088,-0.17857799,0.34380034,0.37130204,0.30521634,0.3247315
-1.4998071,-1.0124892,-0.49122006,-1.3698667,-1.2942597,-1.4959712,-1.6638087,-1.0160991,-0.4974923,-1.6055218,-0.9705297,-0.5023624,-1.6467537,-1.6411477,-0.63370246,-1.4357332,-0.65133166,-0.69511765,0.5988122,0.62317413,-0.66495895,-0.70376,-0.6656494,-0.70341796,-0.6658082,-0.70350933,0.5789763,0.6023432,0.6023028,0.6280673,-0.6522975,-0.6876826,-0.63230735,-0.66235024,-0.6485578,-0.69114465,-0.59071505,-0.6450731,-0.60785794,-0.65642154,-0.6638135,-0.7000882,-0.5990299,-0.62577856,-0.32497722,-0.3849645,-0.6594294,-0.6924485,-0.61566925,-0.6657266,-0.6166105,-0.6660638,-0.4326163,-0.4479557,-0.58649915,-0.5987238
-0.82320243,-1.012489,-0.49122006,-0.701639,-0.8645586,-0.8398783,-1.271976,-0.96696,-0.49681905,-1.2620628,-0.90665156,-0.5014656,-1.2316649,-1.3319553,-0.63370246,-0.7639928,-0.65133166,-0.69511765,0.5988122,0.62317413,-0.66495895,-0.70376,-0.6656494,-0.70341796,-0.6658082,-0.70350933,0.5789763,0.6023432,0.6023028,0.6280673,-0.6522975,-0.6876826,-0.63230735,-0.66235024,-0.6485578,-0.69114465,-0.59071505,-0.6450731,-0.60785794,-0.65642154,-0.6638135,-0.7000882,-0.5990299,-0.62577856,-0.32497722,-0.3849645,-0.6594294,-0.6924485,-0.61566925,-0.6657266,-0.6166105,-0.6660638,-0.4326163,-0.4479557,-0.58649915,-0.5987238
-0.82320243,-0.75090367,-0.4875304,-1.3698667,-0.8645586,-0.8398783,-0.684227,-0.74592614,-0.4937906,-0.92605376,-0.74455124,-0.4920668,-0.89462215,-0.8345856,-0.63370246,-0.7639928,-0.65133166,-0.69511765,0.5988122,0.62317413,-0.66495895,-0.70376,-0.6656494,-0.70341796,-0.6658082,-0.70350933,0.5789763,0.6023432,0.6023028,0.6280673,-0.6522975,-0.6876826,-0.63230735,-0.66235024,-0.6485578,-0.69114465,-0.59071505,-0.6450731,-0.60785794,-0.65642154,-0.6638135,-0.7000882,-0.5990299,-0.62577856,-0.32497722,-0.3849645,-0.6594294,-0.6924485,-0.61566925,-0.6657266,-0.6166105,-0.6660638,-0.4326163,-0.4479557,-0.58649915,-0.5987238
0.530007,-1.0124884,-0.49122006,0.6348163,-0.005156449,0.47230738,-0.16178335,-1.0250375,-0.49311662,-0.14108871,-1.0177088,-0.49543995,-0.12280492,-0.05986926,-0.6298011,0.579488,-0.65133166,-0.67027754,0.5988122,0.59474844,-0.66495895,-0.6766661,-0.6656494,-0.6755002,-0.6658082,-0.67547524,0.5789763,0.5739831,0.6023028,0.59907967,-0.6522975,-0.6576044,-0.63230735,-0.6323539,-0.6485578,-0.65380216,-0.59071505,-0.5884896,-0.60785794,-0.6123282,-0.6638135,-0.6710149,-0.5990299,-0.62577856,-0.32497722,-0.31454918,-0.6594294,-0.6681242,-0.61566925,-0.640953,-0.6166105,-0.64157844,-0.4326163,-0.43214437,-0.58649915,-0.57165
0.530007,-0.38002163,-0.48229918,0.6348163,-0.005156449,0.47230738,-0.03117245,-0.45502356,-0.4898049,0.030033853,-0.43110317,-0.49479136,0.029466797,0.26831418,-0.63370246,0.579488,-0.65133166,-0.69511765,0.5988122,0.62317413,-0.66495895,-0.70376,-0.6656494,-0.70341796,-0.6658082,-0.70350933,0.5789763,0.6023432,0.6023028,0.6280673,-0.6522975,-0.6876826,-0.63230735,-0.66235024,-0.6485578,-0.69114465,-0.59071505,-0.6450731,-0.60785794,-0.65642154,-0.6638135,-0.7000882,-0.5990299,-0.62577856,-0.32497722,-0.3849645,-0.6594294,-0.6924485,-0.61566925,-0.6657266,-0.6166105,-0.6660638,-0.4326163,-0.4479557,-0.58649915,-0.5987238
0.530007,0.5699727,2.910414,0.6348163,1.7136478,0.47230738,1.2749366,0.8005047,3.3187203,1.3608791,0.79493266,3.3829095,1.4145294,0.56727165,2.4799342,0.2436178,1.688216,1.664685,-3.8285198,-3.8043463,2.0179374,1.9873421,2.11168,2.0824656,2.1429179,2.1140633,-4.085776,-4.0630794,-3.8252103,-3.8009136,3.25614,3.2472742,3.1140249,3.091456,2.9209952,2.9221408,2.8520758,2.9086528,2.7098422,2.7568994,2.364993,2.336537,3.282345,3.2352257,4.934585,5.395485,1.817368,1.7814218,0.9687736,0.9489471,0.9334216,0.91163766,5.362152,5.3707848,1.8416343,1.793164
-0.14659771,0.3617367,-0.47183675,-0.03341135,-0.43485752,-0.18378547,-0.16178335,0.55662066,-0.47594422,-0.2572218,0.59282756,-0.47943196,-0.21125476,-0.07251485,-0.63370246,-0.09225239,-0.65133166,-0.69511765,0.5988122,0.62317413,-0.66495895,-0.70376,-0.6656494,-0.70341796,-0.6658082,-0.70350933,0.5789763,0.6023432,0.6023028,0.6280673,-0.6522975,-0.6876826,-0.63230735,-0.66235024,-0.6485578,-0.69114465,-0.59071505,-0.6450731,-0.60785794,-0.65642154,-0.6638135,-0.7000882,-0.5990299,-0.62577856,-0.32497722,-0.3849645,-0.6594294,-0.6924485,-0.61566925,-0.6657266,-0.6166105,-0.6660638,-0.4326163,-0.4479557,-0.58649915,-0.5987238
-0.82320243,-0.49791133,-0.48396197,-0.701639,-0.8645586,-0.8398783,-0.7495324,-0.50346243,-0.49046856,-0.8580979,-0.49964756,-0.4957542,-0.8065808,-0.7547606,-0.63370246,-0.7639928,-0.65133166,-0.69511765,0.5988122,0.62317413,-0.66495895,-0.70376,-0.6656494,-0.70341796,-0.6658082,-0.70350933,0.5789763,0.6023432,0.6023028,0.6280673,-0.6522975,-0.6876826,-0.63230735,-0.66235024,-0.6485578,-0.69114465,-0.59071505,-0.6450731,-0.60785794,-0.65642154,-0.6638135,-0.7000882,-0.5990299,-0.62577856,-0.32497722,-0.3849645,-0.6594294,-0.6924485,-0.61566925,-0.6657266,-0.6166105,-0.6660638,-0.4326163,-0.4479557,-0.58649915,-0.5987238
0.530007,0.33344355,1.6124977,0.6348163,0.8542457,0.7108866,0.75249296,0.2239616,1.3355396,0.4954662,0.26351422,1.4714562,0.5536455,0.111385696,0.9148796,0.579488,0.6664544,0.6188844,-0.7816476,-0.8731359,0.7716552,0.76223224,0.8201293,0.8204551,0.8201407,0.8217164,-0.72687495,-0.8310149,-0.7328526,-0.82342434,0.680496,0.70580256,0.6475572,0.7135915,0.6647077,0.72052294,0.60666984,0.72157806,0.31184015,0.36198428,0.8505898,0.86692834,0.40387568,0.35014194,-0.26520947,-0.22167206,0.9705733,0.9681498,0.46500915,0.388958,0.47998345,0.402695,0.8035714,0.99327993,1.1961304,1.2193881
1.2066118,3.015691,-0.4344031,1.303044,0.42454463,1.1284002,1.0790203,2.9131017,-0.29482067,0.83284056,3.0661495,-0.37545753,0.93661916,1.2118344,-0.54576164,1.2512283,-0.65133166,-0.552397,0.5988122,0.58920264,-0.66495895,-0.5884161,-0.6656494,-0.59324014,-0.6658082,-0.5942351,0.5789763,0.5819444,0.6023028,0.5939344,-0.6522975,-0.60447705,-0.63230735,-0.6055573,-0.6485578,-0.5987208,-0.59071505,-0.55054355,-0.60785794,-0.566827,-0.6638135,-0.60107666,-0.5990299,-0.5263964,-0.32497722,-0.3849645,-0.6594294,-0.58774495,-0.61566925,-0.49597,-0.6166105,-0.49588576,-0.4326163,-0.4476687,-0.58649915,-0.58806044
-0.82320243,-0.3872355,-0.48240092,-0.701639,-0.8645586,-0.8398783,-0.7495324,-0.46130604,-0.489891,-0.95305115,-0.44178465,-0.49494183,-0.8967154,-0.88759893,-0.63370246,-0.7639928,-0.65133166,-0.69511765,0.5988122,0.62317413,-0.66495895,-0.70376,-0.6656494,-0.70341796,-0.6658082,-0.70350933,0.5789763,0.6023432,0.6023028,0.6280673,-0.6522975,-0.6876826,-0.63230735,-0.66235024,-0.6485578,-0.69114465,-0.59071505,-0.6450731,-0.60785794,-0.65642154,-0.6638135,-0.7000882,-0.5990299,-0.62577856,-0.32497722,-0.3849645,-0.6594294,-0.6924485,-0.61566925,-0.6657266,-0.6166105,-0.6660638,-0.4326163,-0.4479557,-0.58649915,-0.5987238
0.530007,-0.41124052,-0.4827395,0.6348163,-0.005156449,0.47230738,-0.0964779,-0.3816099,-0.48879907,0.06983009,-0.4251046,-0.49470764,0.00868387,0.285026,-0.63370246,0.579488,-0.65133166,-0.69511765,0.5988122,0.62317413,-0.66495895,-0.70376,-0.6656494,-0.70341796,-0.6658082,-0.70350933,0.5789763,0.6023432,0.6023028,0.6280673,-0.6522975,-0.6876826,-0.63230735,-0.66235024,-0.6485578,-0.69114465,-0.59071505,-0.6450731,-0.60785794,-0.65642154,-0.6638135,-0.7000882,-0.5990299,-0.62577856,-0.32497722,-0.3849645,-0.6594294,-0.6924485,-0.61566925,-0.6657266,-0.6166105,-0.6660638,-0.4326163,-0.4479557,-0.58649915,-0.5987238
1.2066118,4.9876237,-0.40658918,1.303044,0.42454463,1.1284002,1.1443256,5.239189,-0.05400647,1.2501692,5.193502,-0.012618532,1.3117007,1.7256612,-0.47364223,1.2512283,-0.65133166,-0.3601389,0.5988122,0.5836861,-0.66495895,-0.4477617,-0.6656494,-0.47059458,-0.6658082,-0.47370374,0.5789763,0.58692575,0.6023028,0.58161527,-0.6522975,-0.5478145,-0.63230735,-0.5751291,-0.6485578,-0.58382654,-0.59071505,-0.59327585,-0.60785794,-0.58808047,-0.6638135,-0.50079775,-0.5990299,-0.4689508,-0.32497722,-0.3849645,-0.6594294,-0.46605694,-0.61566925,-0.2844432,-0.6166105,-0.28796887,-0.4326163,-0.4479557,-0.58649915,-0.5897779
-0.82320243,-0.8291348,-0.48863387,-0.701639,-0.8645586,-0.8398783,-0.88014334,-0.8373224,-0.49504286,-0.7231878,-0.82817125,-0.49668866,-0.7650409,-0.5225959,-0.63370246,-0.7639928,-0.65133166,-0.69511765,0.5988122,0.62317413,-0.66495895,-0.70376,-0.6656494,-0.70341796,-0.6658082,-0.70350933,0.5789763,0.6023432,0.6023028,0.6280673,-0.6522975,-0.6876826,-0.63230735,-0.66235024,-0.6485578,-0.69114465,-0.59071505,-0.6450731,-0.60785794,-0.65642154,-0.6638135,-0.7000882,-0.5990299,-0.62577856,-0.32497722,-0.3849645,-0.6594294,-0.6924485,-0.61566925,-0.6657266,-0.6166105,-0.6660638,-0.4326163,-0.4479557,-0.58649915,-0.5987238
-0.14659771,0.15927196,1.6996506,-0.03341135,0.42454463,-0.004851055,0.49127117,0.018026644,1.3731245,0.3417807,0.0027172526,1.3702853,0.27658963,0.039495114,0.9630581,-0.42812258,0.48775494,0.56351006,-1.1341579,-1.2084929,0.6949575,0.774525,0.7534046,0.8293956,0.760525,0.83653355,-1.1877637,-1.2651948,-1.1257014,-1.2055719,0.88900054,0.96482915,0.9253573,1.0157989,0.95672303,1.0334136,0.96369,0.9621357,0.91581464,0.9703812,0.8505898,0.9249083,0.76205635,0.83197826,0.9899134,1.1169819,0.7764212,0.8457507,0.2759249,0.32805565,0.28488392,0.34592283,1.3466321,1.3948704,0.97524524,1.0728337
1.2066118,0.413091,-0.47111243,1.303044,0.42454463,1.1284002,1.0137148,0.50492305,-0.47665253,0.9181515,0.4755629,-0.4820628,0.8783991,1.3406171,-0.63370246,1.2512283,-0.65133166,-0.69511765,0.5988122,0.62317413,-0.66495895,-0.70376,-0.6656494,-0.70341796,-0.6658082,-0.70350933,0.5789763,0.6023432,0.6023028,0.6280673,-0.6522975,-0.6876826,-0.63230735,-0.66235024,-0.6485578,-0.69114465,-0.59071505,-0.6450731,-0.60785794,-0.65642154,-0.6638135,-0.7000882,-0.5990299,-0.62577856,-0.32497722,-0.3849645,-0.6594294,-0.6924485,-0.61566925,-0.6657266,-0.6166105,-0.6660638,-0.4326163,-0.4479557,-0.58649915,-0.5987238
-0.82320243,-0.97589993,-0.41230983,-0.701639,-0.8645586,-0.8398783,-0.35769972,-0.96819144,-0.37413356,-0.21248662,-0.9505285,-0.35142592,-0.21041957,-0.33722085,0.544991,-0.7639928,1.2050283,1.5003055,-0.091417685,-0.18542086,0.8907211,1.1256286,0.9167148,1.1578445,0.9187597,1.160409,0.111104466,0.054733258,-0.034749437,-0.11855556,1.2038014,1.4991164,0.20109282,0.31706083,1.2605262,1.5753883,1.6856285,2.109139,2.150763,2.6743205,0.8505898,1.0807385,0.599247,0.7727677,0.7508424,1.0031468,0.8139448,1.0333693,1.7941191,2.215028,1.7649492,2.1771843,-0.42399812,-0.43785217,-0.24058473,-0.20080076
0.530007,-0.09772616,-0.47831744,0.6348163,-0.005156449,0.47230738,0.49127117,-0.017865214,-0.48381534,0.5475392,-0.02556282,-0.47867918,0.45127603,0.96191937,-0.63370246,0.579488,-0.65133166,-0.69511765,0.5988122,0.62317413,-0.66495895,-0.70376,-0.6656494,-0.70341796,-0.6658082,-0.70350933,0.5789763,0.6023432,0.6023028,0.6280673,-0.6522975,-0.6876826,-0.63230735,-0.66235024,-0.6485578,-0.69114465,-0.59071505,-0.6450731,-0.60785794,-0.65642154,-0.6638135,-0.7000882,-0.5990299,-0.62577856,-0.32497722,-0.3849645,-0.6594294,-0.6924485,-0.61566925,-0.6657266,-0.6166105,-0.6660638,-0.4326163,-0.4479557,-0.58649915,-0.5987238
1.2066118,1.6424243,0.035264313,1.303044,0.8542457,1.3073347,1.1443256,1.871732,-0.14016654,1.3437811,1.8174201,0.04090512,1.4059536,1.4837624,0.3029922,1.2512283,0.17677514,0.33629414,-0.120998986,-0.27008682,0.14786217,0.30337784,0.1250042,0.2764418,0.12585856,0.2777383,-0.10537356,-0.24742287,-0.11438096,-0.26130655,0.27575198,0.47080746,0.15743858,0.31795788,0.26847768,0.45610857,0.6240654,0.9017593,0.5226296,0.7789743,0.09338818,0.23811357,-0.5990299,-0.60816765,0.03362931,0.10196,0.027499096,0.15527086,0.21243677,0.37635767,0.2202992,0.3851098,-0.18248676,-0.13592876,0.044257693,0.16966817
1.8832164,2.4794912,2.9397397,1.9712716,1.7136478,2.0230722,1.9932965,2.6528165,2.9035096,2.1978986,2.5873654,2.8799367,2.14339,2.1498246,1.2201059,1.5870986,1.7898419,2.0802617,-1.2623434,-1.3966062,1.7178823,1.9682565,1.6386619,1.8751446,1.6366166,1.8721696,-1.3134606,-1.4436536,-1.4150294,-1.5652678,1.5594857,1.7710322,1.6198577,1.8065393,1.4354677,1.6242812,1.0221776,1.1585243,0.9447785,1.0768791,1.6077914,1.8302323,2.025457,2.2588222,3.3208559,3.9340146,1.4637715,1.6780494,1.8106815,2.136708,1.7945504,2.1146965,1.1627294,1.271695,0.69280726,0.76651454
-1.4998071,0.15939784,-0.4746907,-1.3698667,-1.2942597,-1.4959712,-1.2066705,0.3066074,-0.36700836,-1.2150772,0.3185816,-0.3472689,-1.206192,-1.1314158,-0.578306,-1.4357332,-0.65133166,-0.60251206,0.5988122,0.61227006,-0.66495895,-0.6329692,-0.6656494,-0.6390946,-0.6658082,-0.64000803,0.5789763,0.59803855,0.6023028,0.6151682,-0.6522975,-0.6483358,-0.63230735,-0.637996,-0.6485578,-0.66177833,-0.59071505,-0.63046163,-0.60785794,-0.6371659,-0.6638135,-0.64505684,-0.5990299,-0.5825604,-0.32497722,-0.3849645,-0.6594294,-0.6300004,-0.61566925,-0.5601164,-0.6166105,-0.5613612,-0.4326163,-0.4479557,-0.58649915,-0.5965614
-0.14659771,-0.4684434,-0.48354635,-1.3698667,-0.43485752,-0.18378547,-0.22708881,-0.40413934,-0.48823735,-0.20862691,-0.44071355,-0.49187094,-0.19840848,0.0031563237,-0.6304083,-0.09225239,-0.65133166,-0.6773578,0.5988122,0.620629,-0.66495895,-0.6899319,-0.6656494,-0.68879074,-0.6658082,-0.6889478,0.5789763,0.60247433,0.6023028,0.6251766,-0.6522975,-0.67610794,-0.63230735,-0.65186745,-0.6485578,-0.67321813,-0.59071505,-0.6226072,-0.60785794,-0.6275078,-0.6638135,-0.68584216,-0.5990299,-0.6098479,-0.32497722,-0.35292524,-0.6594294,-0.6788847,-0.61566925,-0.63756907,-0.6166105,-0.63818854,-0.4326163,-0.4479557,-0.58649915,-0.5986468
1.2066118,1.5584302,1.4865122,1.303044,0.8542457,1.3669795,0.6871875,1.3568912,1.7479016,1.1482387,1.5703697,1.7815179,1.0915385,1.2249336,0.18693556,1.2512283,0.20170431,0.30343977,0.1476977,0.099330194,0.1298285,0.22144964,0.12407932,0.21603128,0.12042774,0.21192175,0.19839399,0.1603605,0.16167499,0.1162886,-0.014519027,0.05696569,-0.12433008,-0.07157954,-0.10846324,-0.0565726,-0.29565588,-0.2917793,-0.28948817,-0.27628148,0.09338818,0.18116704,0.12384364,0.20923215,-0.32497722,-0.3849645,0.19858955,0.3023227,0.2069161,0.30720717,0.21626268,0.31769055,-0.38886026,-0.3969299,0.2587311,0.36739883
-0.82320243,0.19685565,-0.4741624,-0.701639,-0.8645586,-0.8398783,-0.8148379,0.4296546,-0.4776838,-0.8226841,0.39775383,-0.4820617,-0.80494523,-0.72033215,-0.63370246,-0.7639928,-0.65133166,-0.69511765,0.5988122,0.62317413,-0.66495895,-0.70376,-0.6656494,-0.70341796,-0.6658082,-0.70350933,0.5789763,0.6023432,0.6023028,0.6280673,-0.6522975,-0.6876826,-0.63230735,-0.66235024,-0.6485578,-0.69114465,-0.59071505,-0.6450731,-0.60785794,-0.65642154,-0.6638135,-0.7000882,-0.5990299,-0.62577856,-0.32497722,-0.3849645,-0.6594294,-0.6924485,-0.61566925,-0.6657266,-0.6166105,-0.6660638,-0.4326163,-0.4479557,-0.58649915,-0.5987238
-1.4998071,-0.9447252,-0.34555534,-1.3698667,-0.8645586,-1.4959712,-1.271976,-0.9703368,-0.37901777,-1.3515469,-0.9682183,-0.39020044,-1.3471334,-1.5709085,-0.019897934,-1.4357332,-0.18658161,-0.3262724,-0.33053306,-0.10848919,-0.023132248,-0.1972057,0.030400606,-0.15399183,0.03390473,-0.15116264,-0.34629261,-0.12618054,-0.29222474,-0.07633866,0.042717546,-0.13751556,0.13958001,-0.053728223,0.12461326,-0.075250834,0.31161073,0.08742971,-0.006529679,-0.16963062,0.09338818,-0.10261176,-0.3189978,-0.40646946,-0.26520947,-0.33328304,0.11255435,-0.08563734,-0.3575762,-0.45876125,-0.35288978,-0.45487487,0.75981534,0.49481118,0.35090008,0.12771808
0.530007,0.092695355,-0.47563156,-0.03341135,-0.005156449,0.47230738,0.23004936,0.13950063,-0.4691273,0.5988062,0.15372846,-0.45701787,0.5540544,1.0288595,-0.626991,0.579488,-0.65133166,-0.68569577,0.5988122,0.61472034,-0.66495895,-0.6940412,-0.6656494,-0.69373065,-0.6658082,-0.69384885,0.5789763,0.594063,0.6023028,0.6195378,-0.6522975,-0.68018866,-0.63230735,-0.65391356,-0.6485578,-0.68348676,-0.59071505,-0.63670456,-0.60785794,-0.6492341,-0.6638135,-0.69041324,-0.5990299,-0.6174371,-0.32497722,-0.3849645,-0.6594294,-0.6827902,-0.61566925,-0.65732116,-0.6166105,-0.6575666,-0.4326163,-0.44447643,-0.58649915,-0.58662254
-0.82320243,-0.7442311,-0.48743632,-0.701639,-0.8645586,-0.8398783,-0.8148379,-0.71294093,-0.49333864,-0.76139486,-0.7001073,-0.4985685,-0.7509071,-0.6193322,-0.63370246,-0.7639928,-0.65133166,-0.69511765,0.5988122,0.62317413,-0.66495895,-0.70376,-0.6656494,-0.70341796,-0.6658082,-0.70350933,0.5789763,0.6023432,0.6023028,0.6280673,-0.6522975,-0.6876826,-0.63230735,-0.66235024,-0.6485578,-0.69114465,-0.59071505,-0.6450731,-0.60785794,-0.65642154,-0.6638135,-0.7000882,-0.5990299,-0.62577856,-0.32497722,-0.3849645,-0.6594294,-0.6924485,-0.61566925,-0.6657266,-0.6166105,-0.6660638,-0.4326163,-0.4479557,-0.58649915,-0.5987238
-0.82320243,-0.7444658,0.033792883,-0.701639,0.42454463,-0.8398783,-0.4883106,-0.75172275,0.008357903,-0.5047414,-0.7397421,0.027250595,-0.43381318,-0.93617225,0.77958846,-0.7639928,0.59519964,0.59055954,-0.99364674,-0.99391687,0.78012884,0.7756946,0.80361325,0.80007094,0.8056997,0.8022133,-1.0201678,-1.0198958,-1.0089085,-1.0096273,0.7254675,0.7216374,1.0106819,1.0218819,0.7761558,0.7722568,0.35242054,0.34052488,0.64765596,0.66145885,0.8505898,0.84719956,0.599247,0.5898025,-0.14567396,-0.18949518,0.8503292,0.8463518,0.39738047,0.39860234,0.39387056,0.3936768,0.849641,0.8385838,1.0922599,1.0761324
1.8832164,1.1706451,-0.46042722,1.9712716,0.8542457,1.7844931,1.4055475,0.9445976,-0.41695544,1.5840583,1.1314757,-0.38951117,1.6457357,2.038593,-0.49963233,1.9229687,-0.65133166,-0.5843821,0.5988122,0.3865176,-0.66495895,-0.5673767,-0.6656494,-0.5540508,-0.6658082,-0.5525341,0.5789763,0.3534702,0.6023028,0.39288205,-0.6522975,-0.5120845,-0.63230735,-0.47156426,-0.6485578,-0.46949172,-0.59071505,-0.40538937,-0.60785794,-0.43581256,-0.6638135,-0.52946365,-0.5990299,-0.4218693,-0.32497722,0.2496706,-0.6594294,-0.55432284,-0.61566925,-0.58860666,-0.6166105,-0.5915989,-0.4326163,-0.12861612,-0.58649915,-0.4589195
1.2066118,-0.72534996,0.12601012,0.6348163,0.8542457,1.1284002,0.75249296,-0.48735228,0.6296042,0.5299627,-0.6529001,0.2851131,0.42870763,-0.06436148,1.569919,0.579488,4.2880883,3.0020363,-1.4644821,-0.96271914,3.6044703,2.497262,3.4683697,2.3925996,3.4568083,2.3840256,-0.9957266,-0.6261734,-1.4309556,-0.93301934,3.6895022,2.5656822,2.3917449,1.6204648,3.81258,2.6572804,5.0055704,3.6387415,5.3405294,3.8797886,3.1221948,2.1339655,3.282345,2.5499618,0.4520036,0.21904962,3.0476193,2.0735614,5.3190904,3.817382,5.248485,3.7544026,-0.3326975,-0.36806777,0.55735886,0.2731442
1.8832164,1.0968496,-0.3180973,1.9712716,1.2839468,1.7844931,2.3198237,1.2730612,-0.12948063,2.1037192,1.2372078,-0.12351678,2.1856265,2.3394773,0.31022635,1.9229687,-0.18658161,0.013075089,-0.33053306,-0.4586061,-0.023132248,0.16325064,0.030400606,0.21382566,0.03390473,0.21642597,-0.34629261,-0.46298185,-0.29222474,-0.41887772,0.042717546,0.18254822,0.13958001,0.2710558,0.12461326,0.26201478,0.31161073,0.45301107,-0.006529679,0.10072846,0.09338818,0.26982984,-0.3189978,-0.21360129,-0.26520947,-0.30383933,0.11255435,0.30171746,-0.3575762,-0.16648786,-0.35288978,-0.16167822,0.75981534,0.89028215,0.35090008,0.47292513
0.530007,-0.6411077,0.30289045,0.6348163,1.7136478,0.47230738,1.2749366,-0.7939706,-0.015058177,0.8142973,-0.7907086,-0.016172595,0.8218235,0.036495924,2.1292434,0.2436178,1.2076685,0.88430685,-3.118569,-2.5098655,1.9023478,1.4653456,2.1185505,1.6492679,2.1330435,1.6616827,-3.1220992,-2.5172527,-2.9758074,-2.3882546,2.1277626,1.6681759,2.4552422,1.9438173,2.4441264,1.9461612,3.018588,2.4915617,1.7974551,1.4280555,2.364993,1.8583528,0.52109843,0.3133201,-0.08590619,-0.16366033,2.4285054,1.9059645,0.41670296,0.22051539,0.43827245,0.23826377,4.33711,3.5890462,3.1630979,2.5119576
-0.82320243,-0.71412295,-0.48701164,-0.701639,-0.8645586,-0.8398783,-1.0107542,-0.7056451,-0.4845687,-0.77589023,-0.6915203,-0.47670767,-0.8106439,-0.63303626,-0.61227506,-0.7639928,-0.65133166,-0.66549826,0.5988122,0.60220426,-0.66495895,-0.67408776,-0.6656494,-0.67305607,-0.6658082,-0.67305976,0.5789763,0.58258754,0.6023028,0.60515815,-0.6522975,-0.6548896,-0.63230735,-0.6306426,-0.6485578,-0.6520883,-0.59071505,-0.59466255,-0.60785794,-0.6107225,-0.6638135,-0.66919947,-0.5990299,-0.58939147,-0.32497722,-0.3448865,-0.6594294,-0.6649639,-0.61566925,-0.6312239,-0.6166105,-0.632028,-0.4326163,-0.4423739,-0.58649915,-0.5775953
-0.14659771,-0.5914561,-0.4852814,-0.03341135,-0.43485752,-0.18378547,-0.42300516,-0.58623934,-0.37483305,-0.27515662,-0.59033513,-0.36339876,-0.28804344,-0.19177039,-0.3529023,-0.09225239,-0.65133166,-0.45420936,0.5988122,0.10832125,-0.66495895,-0.4070542,-0.6656494,-0.37846547,-0.6658082,-0.37505844,0.5789763,0.060913045,0.6023028,0.11641523,-0.6522975,-0.3056639,-0.63230735,-0.2472899,-0.6485578,-0.20893252,-0.59071505,-0.12363441,-0.60785794,-0.17648053,-0.6638135,-0.32888976,-0.5990299,-0.18216838,-0.32497722,0.9957019,-0.6594294,-0.39195216,-0.61566925,-0.49795002,-0.6166105,-0.5040635,-0.4326163,0.24677649,-0.58649915,-0.2945756
-1.4998071,-0.83408993,-0.48870373,-1.3698667,-1.2942597,-1.4959712,-1.2066705,-0.82682806,-0.47735494,-1.2902182,-0.8252033,-0.49106434,-1.2819618,-1.1945776,-0.63370246,-1.4357332,-0.65133166,-0.6589986,0.5988122,0.5974079,-0.66495895,-0.6701938,-0.6656494,-0.66955185,-0.6658082,-0.66963226,0.5789763,0.5788797,0.6023028,0.601366,-0.6522975,-0.65302086,-0.63230735,-0.62551916,-0.6485578,-0.65020484,-0.59071505,-0.59358644,-0.60785794,-0.6028321,-0.6638135,-0.666759,-0.5990299,-0.6126912,-0.32497722,-0.36478376,-0.6594294,-0.6613098,-0.61566925,-0.6253492,-0.6166105,-0.6256724,-0.4326163,-0.44442517,-0.58649915,-0.57381946
0.530007,2.7268977,7.5469046,-0.03341135,1.7136478,1.188045,0.9484093,2.3596444,6.5742917,0.82438207,2.3611503,6.734003,0.77196074,-0.09839473,2.198102,0.579488,2.7360017,2.7339485,-1.1735994,-1.1420225,2.5083244,2.481445,2.4889052,2.461071,2.4758031,2.4478774,-0.9154201,-0.88228744,-1.1469365,-1.1163161,1.9356114,1.9120203,1.4511932,1.4355525,1.4828867,1.4665643,0.63900214,0.6344935,0.7044343,0.71188927,2.364993,2.3333662,2.4552734,2.3868291,-0.32497722,-0.3845372,2.7675412,2.7279177,2.6939948,2.7255454,2.735065,2.7664814,-0.2656319,-0.2847355,2.660416,2.5545626
0.530007,3.4375057,-0.42845342,0.6348163,-0.005156449,0.47230738,0.23004936,3.8502133,-0.2395518,0.18977329,3.7238734,-0.3040213,0.23924619,0.46970275,-0.6123653,0.579488,-0.65133166,-0.6444253,0.5988122,0.61787885,-0.66495895,-0.66465205,-0.6656494,-0.6676967,-0.6658082,-0.6682273,0.5789763,0.6007864,0.6023028,0.6215033,-0.6522975,-0.665524,-0.63230735,-0.6482547,-0.6485578,-0.6749507,-0.59071505,-0.63750154,-0.60785794,-0.6478718,-0.6638135,-0.66932964,-0.5990299,-0.59715915,-0.32497722,-0.3849645,-0.6594294,-0.6573537,-0.61566925,-0.60766673,-0.6166105,-0.608541,-0.4326163,-0.4479557,-0.58649915,-0.5976175
-0.82320243,-0.90486795,-0.48970208,-0.701639,-0.8645586,-0.8398783,-0.7495324,-0.9023458,-0.49593374,-0.65114737,-0.8946786,-0.50130016,-0.6785573,-0.4605573,-0.63370246,-0.7639928,-0.65133166,-0.69511765,0.5988122,0.62317413,-0.66495895,-0.70376,-0.6656494,-0.70341796,-0.6658082,-0.70350933,0.5789763,0.6023432,0.6023028,0.6280673,-0.6522975,-0.6876826,-0.63230735,-0.66235024,-0.6485578,-0.69114465,-0.59071505,-0.6450731,-0.60785794,-0.65642154,-0.6638135,-0.7000882,-0.5990299,-0.62577856,-0.32497722,-0.3849645,-0.6594294,-0.6924485,-0.61566925,-0.6657266,-0.6166105,-0.6660638,-0.4326163,-0.4479557,-0.58649915,-0.5987238
-1.4998071,0.051687848,-0.47620997,-1.3698667,-1.2942597,-1.4959712,-1.3372815,-0.2961209,-0.48762777,-1.2933879,-0.07226203,-0.48839152,-1.3132535,-1.2177553,-0.63370246,-1.4357332,-0.65133166,-0.69511765,0.5988122,0.62317413,-0.66495895,-0.70376,-0.6656494,-0.70341796,-0.6658082,-0.70350933,0.5789763,0.6023432,0.6023028,0.6280673,-0.6522975,-0.6876826,-0.63230735,-0.66235024,-0.6485578,-0.69114465,-0.59071505,-0.6450731,-0.60785794,-0.65642154,-0.6638135,-0.7000882,-0.5990299,-0.62577856,-0.32497722,-0.3849645,-0.6594294,-0.6924485,-0.61566925,-0.6657266,-0.6166105,-0.6660638,-0.4326163,-0.4479557,-0.58649915,-0.5987238
-0.82320243,-0.8490695,-0.48891503,-0.701639,-0.8645586,-0.8398783,-0.7495324,-0.8452256,-0.49515113,-0.7191775,-0.83967155,-0.500528,-0.7553953,-0.5461898,-0.63370246,-0.7639928,-0.65133166,-0.69511765,0.5988122,0.62317413,-0.66495895,-0.70376,-0.6656494,-0.70341796,-0.6658082,-0.70350933,0.5789763,0.6023432,0.6023028,0.6280673,-0.6522975,-0.6876826,-0.63230735,-0.66235024,-0.6485578,-0.69114465,-0.59071505,-0.6450731,-0.60785794,-0.65642154,-0.6638135,-0.7000882,-0.5990299,-0.62577856,-0.32497722,-0.3849645,-0.6594294,-0.6924485,-0.61566925,-0.6657266,-0.6166105,-0.6660638,-0.4326163,-0.4479557,-0.58649915,-0.5987238
-0.14659771,1.1363091,-0.4609115,-0.03341135,-0.43485752,-0.18378547,-0.22708881,0.8993988,-0.30939358,-0.43514293,0.88856125,-0.3134906,-0.3541161,-0.29257405,-0.53011036,-0.09225239,-0.65133166,-0.51522356,0.5988122,0.5354871,-0.66495895,-0.5508992,-0.6656494,-0.55684775,-0.6658082,-0.5577886,0.5789763,0.52160084,0.6023028,0.5377821,-0.6522975,-0.5743034,-0.63230735,-0.5674299,-0.6485578,-0.5780753,-0.59071505,-0.551172,-0.60785794,-0.5609529,-0.6638135,-0.56190467,-0.5990299,-0.49630883,-0.32497722,-0.19628738,-0.6594294,-0.5520147,-0.61566925,-0.47556806,-0.6166105,-0.47808614,-0.4326163,-0.353016,-0.58649915,-0.55314654
-0.14659771,0.7377912,-0.46653256,-0.03341135,-0.43485752,-0.18378547,-0.03117245,0.9459964,-0.4691424,-0.108362265,0.9246063,-0.4615455,-0.06641088,0.15658987,-0.63370246,-0.09225239,-0.65133166,-0.68769825,0.5988122,0.61682266,-0.66495895,-0.69705784,-0.6656494,-0.69666755,-0.6658082,-0.69674635,0.5789763,0.59647685,0.6023028,0.6218044,-0.6522975,-0.67991805,-0.63230735,-0.6548427,-0.6485578,-0.68307745,-0.59071505,-0.6334497,-0.60785794,-0.6451708,-0.6638135,-0.6934823,-0.5990299,-0.61799675,-0.32497722,-0.38267887,-0.6594294,-0.6862987,-0.61566925,-0.65707517,-0.6166105,-0.65754586,-0.4326163,-0.44706556,-0.58649915,-0.59457606
-1.4998071,-0.9169218,-0.28578943,-1.3698667,-1.2942597,-1.4959712,-1.3372815,-0.94436944,-0.32467276,-1.3689123,-0.93384176,-0.31599212,-1.3564018,-1.5920287,-0.053771842,-1.4357332,-0.063814744,-0.18578239,0.01458189,0.11784001,0.0444399,-0.09139276,0.048237856,-0.08707599,0.054764085,-0.08136535,-0.056491446,0.052467562,-0.09580026,0.024850447,0.31254685,0.1468181,0.28840142,0.1311687,0.21677224,0.063229814,-0.15681769,-0.25876853,0.012005548,-0.10775749,0.09338818,-0.046385467,0.13035597,-0.00501656,0.9301457,0.81802106,-0.0049215024,-0.12988047,0.004030129,-0.1244222,0.010399031,-0.11919677,-0.2956509,-0.3236031,0.08593414,-0.026669692
-1.4998071,0.2062907,-0.47402933,-1.3698667,-1.2942597,-1.4959712,-1.271976,0.2943653,-0.4795374,-1.404128,0.23363341,-0.4736655,-1.3382264,-1.3739715,-0.63370246,-1.4357332,-0.65133166,-0.69511765,0.5988122,0.62317413,-0.66495895,-0.70376,-0.6656494,-0.70341796,-0.6658082,-0.70350933,0.5789763,0.6023432,0.6023028,0.6280673,-0.6522975,-0.6876826,-0.63230735,-0.66235024,-0.6485578,-0.69114465,-0.59071505,-0.6450731,-0.60785794,-0.65642154,-0.6638135,-0.7000882,-0.5990299,-0.62577856,-0.32497722,-0.3849645,-0.6594294,-0.6924485,-0.61566925,-0.6657266,-0.6166105,-0.6660638,-0.4326163,-0.4479557,-0.58649915,-0.5987238
-0.14659771,-0.80919695,-0.05422585,-0.03341135,0.8542457,-0.18378547,0.23004936,-0.8177199,-0.06304855,0.60343784,-0.8067611,-0.048323337,0.56810164,-0.13215044,1.9764845,-0.09225239,0.7429185,0.7381596,-2.1892238,-2.2199595,1.2605212,1.2646339,1.4225007,1.4315695,1.4333307,1.442827,-2.1968303,-2.2285905,-2.08128,-2.1091485,1.4327477,1.4501839,1.6833547,1.7026634,1.6709552,1.702126,2.1162622,2.2013228,1.1961267,1.2351748,1.6077914,1.6216154,0.24106641,0.22642344,-0.14567396,-0.18413801,1.6565218,1.6655284,0.15860988,0.13850963,0.17455168,0.15458462,3.1446786,3.2154949,2.2256985,2.2241201
1.8832164,0.98674476,-0.06445359,1.9712716,1.2839468,1.7844931,1.5361583,1.2669712,0.50928724,1.4571,1.1619387,0.31669933,1.4631233,1.4797149,0.25095993,1.9229687,0.3610608,0.347348,-1.0330884,-1.0404007,0.6184771,0.5976292,0.72301525,0.69743884,0.73312396,0.7066782,-1.0515919,-1.0568732,-1.0115631,-1.0171239,0.9094421,0.85914683,0.8459859,0.88586974,1.1062137,1.0576333,1.6945243,1.6312984,1.0275817,0.9899238,0.8505898,0.81715024,-0.3189978,-0.3198407,2.4841073,2.4138162,0.7260599,0.71010655,0.14204773,0.124601714,0.14360486,0.12269923,1.4448156,1.393256,1.069979,1.0518777
-0.14659771,-0.55706215,0.24322821,-0.03341135,-0.43485752,-0.18378547,0.6218821,-0.53264564,0.2771019,0.61837167,-0.5283163,0.28839725,0.6392992,-0.0076268963,1.8010337,-0.42812258,2.0600293,2.2421303,-1.0799257,-1.1808631,1.8210874,1.9744582,1.7388148,1.8872736,1.7210413,1.8683391,-0.95033616,-1.0412732,-1.0619961,-1.1608455,0.9666787,1.0616376,1.1833146,1.2917536,1.1726538,1.2891014,0.85254353,0.9541851,0.99017775,1.109396,1.6077914,1.7465545,2.898115,3.1126652,-0.32497722,-0.3849645,1.7703414,1.9145405,2.0135674,2.2121987,2.0555801,2.254877,-0.09824261,-0.08710178,1.5260154,1.6359005
0.530007,2.6817815,7.4499226,0.6348163,1.7136478,1.4266243,1.0790203,2.9311347,7.767594,1.0417302,2.8368535,7.751822,1.11064,0.1579306,2.2488842,0.579488,4.1793113,4.514463,0.007186588,-0.00929589,3.1329863,3.3687012,2.8241138,3.038524,2.7827682,2.9944623,0.35551512,0.3633911,-0.10907218,-0.13265108,1.6044571,1.7398182,0.7725673,0.84164625,0.99422973,1.085662,0.03938874,0.050097436,0.11905505,0.14433543,2.364993,2.5458543,2.5529592,2.7194076,-0.32497722,-0.38429293,2.8284035,3.0308173,4.833268,5.271819,4.7869735,5.213684,-0.4326163,-0.447953,-0.41274047,-0.41622767
1.8832164,2.101482,1.5249771,1.9712716,1.2839468,2.0230722,1.2096311,2.1159177,1.2598693,1.3072155,2.1356559,1.3572633,1.3084383,1.4902282,0.022971977,1.9229687,0.5563291,0.43776822,0.45090583,0.4106355,0.2845274,0.20158656,0.20679139,0.13525313,0.1963359,0.12655915,0.523111,0.47055516,0.42445907,0.38991,-0.08810883,-0.101648815,-0.28108868,-0.2743257,-0.23786089,-0.2330413,-0.43318906,-0.39716688,-0.4261297,-0.3870746,0.09338818,0.038738497,0.18896736,0.1621886,-0.32497722,-0.25668976,0.21252887,0.13366726,0.74656516,0.61024565,0.7342855,0.59900886,-0.4326163,-0.40734142,-0.54305947,-0.48140833
-1.4998071,-0.8754225,-0.25342265,-1.3698667,-0.8645586,-1.4959712,-1.271976,-0.90279055,-0.2333798,-1.3919423,-0.8867891,-0.23377001,-1.3707403,-1.6478336,-0.030296898,-1.7716033,-0.051946986,-0.15232834,-0.22946364,-0.12087604,0.0444399,-0.06481056,0.059997234,-0.049809,0.061676018,-0.048211273,-0.26249468,-0.15373123,-0.23117387,-0.121121705,0.050894186,-0.052579027,0.16140714,0.05308296,0.094608,-0.015673392,-0.095489375,-0.18731914,0.0033419628,-0.09327822,0.09338818,-0.018318905,0.00010852704,-0.089934744,-0.20544171,-0.26593924,0.08352075,-0.026232025,-0.1726325,-0.2605171,-0.17259088,-0.26052836,0.34380034,0.25285238,0.30521634,0.19015586
-1.4998071,-0.98404163,-0.49081883,-1.3698667,-1.2942597,-1.4959712,-1.271976,-0.99591637,-0.49721575,-1.323105,-0.9883525,-0.498633,-1.2997937,-1.2491645,-0.63370246,-1.4357332,-0.65133166,-0.69511765,0.5988122,0.62317413,-0.66495895,-0.70376,-0.6656494,-0.70341796,-0.6658082,-0.70350933,0.5789763,0.6023432,0.6023028,0.6280673,-0.6522975,-0.6876826,-0.63230735,-0.66235024,-0.6485578,-0.69114465,-0.59071505,-0.6450731,-0.60785794,-0.65642154,-0.6638135,-0.7000882,-0.5990299,-0.62577856,-0.32497722,-0.3849645,-0.6594294,-0.6924485,-0.61566925,-0.6657266,-0.6166105,-0.6660638,-0.4326163,-0.4479557,-0.58649915,-0.5987238
0.530007,-0.16618454,-0.47928303,-0.701639,-0.005156449,0.47230738,0.2953548,-0.2606568,-0.4852882,-0.021501817,-0.29764837,-0.4885491,0.02975236,0.2057426,-0.626687,0.579488,-0.65133166,-0.6572948,0.5988122,0.61775386,-0.66495895,-0.67431056,-0.6656494,-0.67226666,-0.6658082,-0.67249787,0.5789763,0.60262245,0.6023028,0.6219111,-0.6522975,-0.6630322,-0.63230735,-0.6400252,-0.6485578,-0.6529669,-0.59071505,-0.597228,-0.60785794,-0.5948446,-0.6638135,-0.6697487,-0.5990299,-0.5918514,-0.32497722,-0.31673124,-0.6594294,-0.6635618,-0.61566925,-0.60576016,-0.6166105,-0.6066985,-0.4326163,-0.4479557,-0.58649915,-0.59855986
0.530007,-0.53085893,-0.4844267,0.6348163,-0.005156449,0.47230738,-0.0964779,-0.5009092,-0.49043357,0.26035872,-0.50387335,-0.4724887,0.25374407,0.5268457,-0.63370246,0.579488,-0.65133166,-0.69511765,0.5988122,0.62317413,-0.66495895,-0.70376,-0.6656494,-0.70341796,-0.6658082,-0.70350933,0.5789763,0.6023432,0.6023028,0.6280673,-0.6522975,-0.6876826,-0.63230735,-0.66235024,-0.6485578,-0.69114465,-0.59071505,-0.6450731,-0.60785794,-0.65642154,-0.6638135,-0.7000882,-0.5990299,-0.62577856,-0.32497722,-0.3849645,-0.6594294,-0.6924485,-0.61566925,-0.6657266,-0.6166105,-0.6660638,-0.4326163,-0.4479557,-0.58649915,-0.5987238
-0.14659771,-0.19879949,-0.47974306,-0.03341135,-0.43485752,-0.18378547,0.1647439,-0.14347634,-0.4483204,-0.032187086,-0.16544747,-0.46439293,0.00072814815,0.2739038,-0.61707026,-0.09225239,-0.65133166,-0.6283749,0.5988122,0.5700855,-0.66495895,-0.64078605,-0.6656494,-0.6394355,-0.6658082,-0.6394423,0.5789763,0.5528895,0.6023028,0.5732949,-0.6522975,-0.6213705,-0.63230735,-0.590887,-0.6485578,-0.61256033,-0.59071505,-0.54344755,-0.60785794,-0.5591768,-0.6638135,-0.6362799,-0.5990299,-0.5866619,-0.32497722,-0.30698344,-0.6594294,-0.6341723,-0.61566925,-0.59261954,-0.6166105,-0.5933199,-0.4326163,-0.4344572,-0.58649915,-0.5499994
-1.4998071,-0.95202893,-0.36125517,-1.3698667,-0.8645586,-1.4959712,-1.5331979,-0.9955146,-0.45189238,-1.7703116,-0.99772245,-0.48245248,-1.8453093,-1.778079,-0.6244403,-1.4357332,0.28898922,-0.180273,0.07374449,0.34006044,0.15307678,-0.26169586,0.13980253,-0.27072665,0.13844825,-0.2722288,0.13903709,0.36521062,0.07938907,0.35086018,0.18989715,-0.27345866,0.10783142,-0.2842767,0.27142468,-0.19847946,0.8021569,0.09216194,0.68737155,0.037017886,0.09338818,-0.29697555,-0.29946068,-0.5258068,0.09339705,-0.13099703,0.061946593,-0.30729064,0.49123242,-0.06143426,0.47863787,-0.06765944,-0.4009199,-0.43374908,-0.26879644,-0.4352513
0.530007,0.089803234,-0.47567233,0.6348163,-0.005156449,0.47230738,0.09943845,0.13454716,-0.48172712,0.33098972,0.1882347,-0.4556459,0.3611738,0.6928524,-0.63370246,0.579488,-0.65133166,-0.69511765,0.5988122,0.62317413,-0.66495895,-0.70376,-0.6656494,-0.70341796,-0.6658082,-0.70350933,0.5789763,0.6023432,0.6023028,0.6280673,-0.6522975,-0.6876826,-0.63230735,-0.66235024,-0.6485578,-0.69114465,-0.59071505,-0.6450731,-0.60785794,-0.65642154,-0.6638135,-0.7000882,-0.5990299,-0.62577856,-0.32497722,-0.3849645,-0.6594294,-0.6924485,-0.61566925,-0.6657266,-0.6166105,-0.6660638,-0.4326163,-0.4479557,-0.58649915,-0.5987238
0.530007,-0.773793,-0.48785326,-0.701639,-0.005156449,0.47230738,0.1647439,-0.7945107,-0.49445626,0.048907444,-0.7946774,-0.4993254,0.06739102,0.31942126,-0.63370246,0.579488,-0.65133166,-0.69511765,0.5988122,0.62317413,-0.66495895,-0.70376,-0.6656494,-0.70341796,-0.6658082,-0.70350933,0.5789763,0.6023432,0.6023028,0.6280673,-0.6522975,-0.6876826,-0.63230735,-0.66235024,-0.6485578,-0.69114465,-0.59071505,-0.6450731,-0.60785794,-0.65642154,-0.6638135,-0.7000882,-0.5990299,-0.62577856,-0.32497722,-0.3849645,-0.6594294,-0.6924485,-0.61566925,-0.6657266,-0.6166105,-0.6660638,-0.4326163,-0.4479557,-0.58649915,-0.5987238
-0.82320243,-0.4990169,-0.48397756,-0.701639,-0.8645586,-0.8398783,-0.7495324,-0.39646885,-0.45458502,-0.6834207,-0.3901318,-0.44197798,-0.6602918,-0.5273912,-0.59921384,-0.7639928,-0.65133166,-0.654657,0.5988122,0.59265184,-0.66495895,-0.6663354,-0.6656494,-0.6655229,-0.6658082,-0.6655598,0.5789763,0.57472026,0.6023028,0.5970205,-0.6522975,-0.64648026,-0.63230735,-0.62085164,-0.6485578,-0.6454621,-0.59071505,-0.5837045,-0.60785794,-0.5973791,-0.6638135,-0.6628004,-0.5990299,-0.59649503,-0.32497722,-0.3656122,-0.6594294,-0.65744066,-0.61566925,-0.61931014,-0.6166105,-0.62040424,-0.4326163,-0.44464797,-0.58649915,-0.57231116
-0.82320243,-0.9555456,-0.49041685,-0.701639,-0.8645586,-0.8398783,-0.684227,-0.9594805,-0.46275714,-0.5222423,-0.95425886,-0.47698978,-0.6125421,-0.39212918,-0.34917703,-0.7639928,-0.65133166,-0.24871239,0.5988122,0.5292473,-0.66495895,-0.33179775,-0.6656494,-0.35803452,-0.6658082,-0.36113602,0.5789763,0.53723323,0.6023028,0.5269063,-0.6522975,-0.4277492,-0.63230735,-0.551185,-0.6485578,-0.51798064,-0.59071505,-0.5582583,-0.60785794,-0.5568775,-0.6638135,-0.39246953,-0.5990299,-0.30541736,-0.32497722,-0.3849645,-0.6594294,-0.34465522,-0.61566925,-0.18193792,-0.6166105,-0.1839753,-0.4326163,-0.4472258,-0.58649915,-0.5046437
1.8832164,1.8782811,2.4356787,1.9712716,3.002751,2.2020068,2.776962,2.0683844,2.632735,2.650471,2.09832,2.7919815,2.7653742,1.817344,2.8596935,1.9229687,2.2763424,2.597976,-2.1645725,-2.4418037,2.3877373,2.695219,2.3839955,2.689771,2.3836024,2.69002,-2.0851,-2.3493886,-2.1662202,-2.4384608,2.2912955,2.6467147,2.3084047,2.5876453,2.2332857,2.5615594,1.8622601,2.2230966,2.0965133,2.4453855,2.364993,2.6635277,1.3221204,1.541156,0.21293257,0.30391157,2.3952765,2.6811888,2.0480719,2.3683717,2.0636532,2.381606,1.1435266,1.282067,2.568247,2.841746
0.530007,0.65492237,0.29903957,0.6348163,0.42454463,0.6512418,0.75249296,0.7301942,0.22538623,0.5645066,0.71762997,0.26898754,0.62112284,0.63463616,0.08155456,0.579488,-0.09713202,-0.15475468,-0.027324898,0.036976196,0.024233395,-0.04738823,0.059072345,-0.017485887,0.05834346,-0.018120706,-0.021575639,0.03887736,-0.018823119,0.042521786,-0.08810883,-0.14566375,-0.011225733,-0.06471555,0.06433486,-0.009091736,0.102992296,0.016456136,0.08638962,0.008902648,0.09338818,0.012774091,-0.20828742,-0.2413181,-0.32497722,-0.31920007,0.1572219,0.066584244,-0.120185785,-0.17815062,-0.10262415,-0.15953282,-0.10206008,-0.1486067,0.3682119,0.27938038
-0.82320243,-0.84202635,-0.4888157,-0.701639,-0.8645586,-0.8398783,-1.0760597,-0.8444236,-0.17343399,0.006021603,-0.8271784,-0.2686039,-0.2859336,-0.34481448,1.0369918,-0.7639928,-0.65133166,0.9009794,0.5988122,-0.49233544,-0.66495895,0.72483087,-0.6656494,0.7176347,-0.6658082,0.7157455,0.5789763,-0.39863497,0.6023028,-0.48719925,-0.6522975,0.72040254,-0.63230735,0.78153515,-0.6485578,0.9855728,-0.59071505,1.6514046,-0.60785794,1.5534316,-0.6638135,0.6681145,-0.5990299,-0.38051268,-0.32497722,0.9168745,-0.6594294,0.58770907,-0.61566925,1.1489477,-0.6166105,1.1326921,-0.4326163,-0.36690244,-0.58649915,0.21284424
0.530007,-0.9676769,-0.39489177,0.6348163,-0.005156449,0.47230738,1.0137148,-0.95864964,-0.35449064,1.1210285,-0.95141464,-0.35359135,1.0900073,0.23954816,2.4369946,0.579488,1.5730433,1.7206025,-3.098848,-3.3484507,2.0900724,2.2698011,2.195185,2.3842313,2.202657,2.3924754,-3.1779644,-3.4330106,-3.0926,-3.342064,2.0296428,2.2128267,2.9155962,3.1558487,2.1622913,2.3671281,0.9220865,1.0340084,0.6947512,0.78316236,2.364993,2.5669434,3.02185,3.2518969,0.15316483,0.17687024,2.3615248,2.5536454,0.7369039,0.82174194,0.79887027,0.8879078,3.6360881,3.9344816,3.5433152,3.7774966
0.530007,-0.45200306,-0.48331448,0.6348163,-0.005156449,0.47230738,0.1647439,-0.43739688,-0.46386296,0.27656618,-0.44115487,-0.47952425,0.26557675,0.6064016,-0.63370246,0.579488,-0.65133166,-0.628512,0.5988122,0.59372956,-0.66495895,-0.64723444,-0.6656494,-0.6473738,-0.6658082,-0.6476032,0.5789763,0.5795486,0.6023028,0.5996737,-0.6522975,-0.63258797,-0.63230735,-0.62274194,-0.6485578,-0.6260318,-0.59071505,-0.56020856,-0.60785794,-0.56439364,-0.6638135,-0.6473862,-0.5990299,-0.62577856,-0.32497722,-0.33937743,-0.6594294,-0.6413899,-0.61566925,-0.58665,-0.6166105,-0.58698773,-0.4326163,-0.44717517,-0.58649915,-0.5794391
-0.82320243,0.18788472,-0.4742889,-0.701639,-0.8645586,-0.8398783,-0.55361605,0.3643232,-0.34433976,-0.6092401,0.36789477,-0.34243312,-0.54687893,-0.49971738,-0.45394138,-0.7639928,-0.65133166,-0.38968632,0.5988122,0.565638,-0.66495895,-0.45383325,-0.6656494,-0.472352,-0.6658082,-0.47462314,0.5789763,0.56491464,0.6023028,0.5650859,-0.6522975,-0.5191078,-0.63230735,-0.5854969,-0.6485578,-0.57790965,-0.59071505,-0.5881161,-0.60785794,-0.5897059,-0.6638135,-0.49588668,-0.5990299,-0.4193654,-0.32497722,-0.3849645,-0.6594294,-0.4613181,-0.61566925,-0.3302014,-0.6166105,-0.3321885,-0.4326163,-0.44759068,-0.58649915,-0.54858005
-0.14659771,0.54086494,-0.4693102,-0.03341135,-0.43485752,-0.18378547,-0.03117245,0.86210537,-0.3984618,-0.14475393,0.83902514,-0.3661046,-0.018629888,0.026659928,-0.5620441,-0.09225239,-0.65133166,-0.4959399,0.5988122,0.50897574,-0.66495895,-0.52909833,-0.6656494,-0.5358071,-0.6658082,-0.5364436,0.5789763,0.50405055,0.6023028,0.5151603,-0.6522975,-0.52042514,-0.63230735,-0.51235205,-0.6485578,-0.5052492,-0.59071505,-0.36107552,-0.60785794,-0.41171,-0.6638135,-0.54640406,-0.5990299,-0.5726472,-0.32497722,-0.3333795,-0.6594294,-0.54660803,-0.61566925,-0.43960327,-0.6166105,-0.4420077,-0.4326163,-0.4393311,-0.58649915,-0.52784425
1.2066118,-0.3991492,-0.48256895,-0.701639,0.42454463,1.1284002,0.6871875,-0.40611428,-0.48788357,1.0225947,-0.4096844,-0.49067232,0.82326144,1.5275965,-0.5856452,1.2512283,-0.65133166,-0.628154,0.5988122,0.581804,-0.66495895,-0.64264953,-0.6656494,-0.6449018,-0.6658082,-0.6449735,0.5789763,0.56477755,0.6023028,0.58693826,-0.6522975,-0.61663264,-0.63230735,-0.61460346,-0.6485578,-0.6327449,-0.59071505,-0.584262,-0.60785794,-0.5844192,-0.6638135,-0.64566016,-0.5990299,-0.56026834,-0.32497722,-0.3849645,-0.6594294,-0.63938785,-0.61566925,-0.5955541,-0.6166105,-0.59568596,-0.4326163,-0.43912625,-0.58649915,-0.5581671
-0.82320243,-0.5744081,0.45047224,-0.701639,-0.005156449,-0.8398783,-0.55361605,-0.56440103,0.46872225,-0.5613721,-0.57163763,0.45898294,-0.62510574,-0.8848562,0.64835656,-0.7639928,0.54135334,0.5626762,-1.4768076,-1.5479969,0.69300205,0.7203311,0.74838376,0.77967596,0.7664496,0.79877555,-1.5508878,-1.6257606,-1.4946609,-1.5659301,1.5472207,1.6256455,1.4750047,1.5454412,1.2487385,1.3170192,1.5498517,1.6638451,1.3223103,1.4198003,0.8505898,0.88767684,1.2244349,1.2717206,2.9024813,3.322576,0.61083263,0.6342731,0.3697769,0.38442713,0.3521596,0.364896,1.5008048,1.5827441,0.76221454,0.7900832
0.530007,-0.6360015,-0.48590976,-0.701639,-0.005156449,0.47230738,0.034133,-0.60342145,-0.39412335,-0.024565347,-0.60103124,-0.3743442,0.02166263,0.053896967,-0.5773424,0.579488,-0.65133166,-0.5482645,0.5988122,0.289068,-0.66495895,-0.4973933,-0.6656494,-0.4853237,-0.6658082,-0.4833492,0.5789763,0.24682719,0.6023028,0.2810192,-0.6522975,-0.43419954,-0.63230735,-0.32470882,-0.6485578,-0.42761838,-0.59071505,-0.39956915,-0.60785794,-0.4457901,-0.6638135,-0.45635042,-0.5990299,-0.34489653,-0.32497722,0.52161413,-0.6594294,-0.48320442,-0.61566925,-0.56775105,-0.6166105,-0.5684816,-0.4326163,-0.118633874,-0.58649915,-0.29720625
-1.4998071,-0.95867866,-0.49046108,-1.3698667,-1.2942597,-1.4959712,-1.1413652,-0.9683767,-0.49683845,-1.3334513,-0.9630294,-0.5022598,-1.3505,-1.2627946,-0.63370246,-1.4357332,-0.65133166,-0.69511765,0.5988122,0.62317413,-0.66495895,-0.70376,-0.6656494,-0.70341796,-0.6658082,-0.70350933,0.5789763,0.6023432,0.6023028,0.6280673,-0.6522975,-0.6876826,-0.63230735,-0.66235024,-0.6485578,-0.69114465,-0.59071505,-0.6450731,-0.60785794,-0.65642154,-0.6638135,-0.7000882,-0.5990299,-0.62577856,-0.32497722,-0.3849645,-0.6594294,-0.6924485,-0.61566925,-0.6657266,-0.6166105,-0.6660638,-0.4326163,-0.4479557,-0.58649915,-0.5987238
-0.82320243,-0.9163864,-0.48986453,-0.701639,-0.8645586,-0.8398783,-0.94544876,-0.93709373,-0.4964098,-1.0325415,-0.933656,-0.50184745,-1.011159,-0.95503193,-0.63370246,-0.7639928,-0.65133166,-0.69511765,0.5988122,0.62317413,-0.66495895,-0.70376,-0.6656494,-0.70341796,-0.6658082,-0.70350933,0.5789763,0.6023432,0.6023028,0.6280673,-0.6522975,-0.6876826,-0.63230735,-0.66235024,-0.6485578,-0.69114465,-0.59071505,-0.6450731,-0.60785794,-0.65642154,-0.6638135,-0.7000882,-0.5990299,-0.62577856,-0.32497722,-0.3849645,-0.6594294,-0.6924485,-0.61566925,-0.6657266,-0.6166105,-0.6660638,-0.4326163,-0.4479557,-0.58649915,-0.5987238
0.530007,-0.7693858,0.03135146,0.6348163,0.42454463,0.47230738,0.6218821,-0.45025057,0.70707476,0.8535476,-0.6181128,0.35954434,0.8232859,0.30358842,1.7667608,-0.09225239,3.2564013,3.4046247,-1.1242975,-1.1639038,2.7605789,2.8579843,2.642306,2.7392373,2.6341612,2.7297082,-0.768774,-0.79095984,-1.1018121,-1.1303136,2.9004555,2.930271,1.8559875,1.8880728,2.8867037,3.0201955,3.877723,4.1046786,4.085781,4.3673153,2.364993,2.450973,2.982776,3.0604014,0.21293257,0.28749496,2.304936,2.383627,4.0548487,4.301849,3.9877386,4.228579,-0.33778742,-0.3563085,0.43008536,0.3896712
0.530007,-0.5172265,-0.48423445,0.6348163,-0.005156449,0.47230738,-0.0964779,-0.5279675,-0.39533216,0.22393705,-0.53805166,-0.40762323,0.18521549,0.37565237,-0.39986163,0.579488,-0.65133166,-0.49814308,0.5988122,0.20221342,-0.66495895,-0.46116355,-0.6656494,-0.43772608,-0.6658082,-0.434957,0.5789763,0.15965204,0.6023028,0.20972368,-0.6522975,-0.37533155,-0.63230735,-0.3229832,-0.6485578,-0.2968721,-0.59071505,-0.21872762,-0.60785794,-0.26400593,-0.6638135,-0.39658412,-0.5990299,-0.26306823,-0.32497722,0.74391395,-0.6594294,-0.44675282,-0.61566925,-0.5285469,-0.6166105,-0.53360695,-0.4326163,0.120080315,-0.58649915,-0.3500422
1.2066118,2.3559701,1.5283743,1.303044,0.8542457,1.3669795,0.6218821,1.7772979,1.6646192,1.0203421,2.0864186,1.7302134,0.8683502,1.0321331,0.35240948,1.2512283,0.5563291,1.6242032,0.45090583,0.31997427,0.2845274,1.212027,0.20679139,1.0557786,0.1963359,1.0373182,0.523111,0.4499166,0.42445907,0.23909524,-0.08810883,0.5282884,-0.28108868,0.05149065,-0.23786089,0.38737625,-0.43318906,0.17390051,-0.4261297,0.0022878014,0.09338818,0.84450114,0.18896736,0.7923378,-0.32497722,-0.38477746,0.21252887,1.0102414,0.74656516,1.9257698,0.7342855,1.9218199,-0.4326163,-0.4479283,-0.54305947,-0.5184877
1.2066118,-0.76373166,-0.48771137,1.303044,0.42454463,1.1284002,0.49127117,-0.74962753,-0.4934763,0.7616817,-0.74324685,-0.49855044,0.6937403,1.2336817,-0.63202375,1.2512283,-0.65133166,-0.6926659,0.5988122,0.6221307,-0.66495895,-0.70165354,-0.6656494,-0.7014189,-0.6658082,-0.70151633,0.5789763,0.60148305,0.6023028,0.62701964,-0.6522975,-0.6855592,-0.63230735,-0.66092443,-0.6485578,-0.6894041,-0.59071505,-0.64348227,-0.60785794,-0.6543646,-0.6638135,-0.6982733,-0.5990299,-0.62364054,-0.32497722,-0.3849645,-0.6594294,-0.6905828,-0.61566925,-0.6630875,-0.6166105,-0.6634093,-0.4326163,-0.4478409,-0.58649915,-0.59767747
-0.14659771,0.33560452,2.40662,-0.03341135,0.8542457,-0.18378547,0.81779844,0.5539386,2.8038774,0.84873945,0.5453268,2.8488507,0.9362102,0.14389789,2.0540125,-0.09225239,1.1033291,1.2881559,-2.721687,-3.0983982,1.3472133,1.5578917,1.4173476,1.6379657,1.4407364,1.664485,-2.9195876,-3.3191435,-2.7183323,-3.0946798,2.2790306,2.6179802,2.1774418,2.492987,2.028607,2.3457122,1.9913781,2.3429887,1.8804172,2.2128918,1.6077914,1.8520942,2.3120015,2.6174333,3.6196947,4.4719424,1.1981686,1.3866911,0.57266295,0.69155085,0.5459136,0.66003203,3.9134603,4.442314,1.234601,1.411416
-0.14659771,-0.58977246,-0.30347383,-0.03341135,-0.005156449,-0.18378547,0.36066025,-0.56178015,-0.35990554,0.08740719,-0.58033675,-0.3130662,0.16799104,0.23738275,-0.14718342,-0.09225239,0.22689144,-0.19121502,-0.019929597,0.27585718,0.125483,-0.2538202,0.12051186,-0.2557018,0.11931689,-0.25634414,0.02381495,0.2918617,-0.016168725,0.28121907,0.12448399,-0.24250358,0.16736004,-0.21253107,0.27062097,-0.16265893,0.6446253,0.07735277,0.5842153,0.04463894,0.09338818,-0.2692383,-0.46227002,-0.5415029,0.3324681,0.012505128,0.051765054,-0.28864637,0.37253726,-0.0912098,0.3642692,-0.09597805,-0.38784805,-0.42177925,-0.12918039,-0.34743854
-0.14659771,-0.47235122,-0.48360145,-0.03341135,-0.43485752,-0.18378547,-0.29239425,-0.18138447,-0.48605576,-0.3741549,-0.26774547,-0.4903826,-0.28512946,-0.19454326,-0.63370246,-0.09225239,-0.65133166,-0.69511765,0.5988122,0.62317413,-0.66495895,-0.70376,-0.6656494,-0.70341796,-0.6658082,-0.70350933,0.5789763,0.6023432,0.6023028,0.6280673,-0.6522975,-0.6876826,-0.63230735,-0.66235024,-0.6485578,-0.69114465,-0.59071505,-0.6450731,-0.60785794,-0.65642154,-0.6638135,-0.7000882,-0.5990299,-0.62577856,-0.32497722,-0.3849645,-0.6594294,-0.6924485,-0.61566925,-0.6657266,-0.6166105,-0.6660638,-0.4326163,-0.4479557,-0.58649915,-0.5987238
-0.14659771,-0.77795386,-0.48791194,-0.03341135,-0.43485752,-0.18378547,-0.03117245,-0.7679153,-0.4940919,-0.22456469,-0.772515,-0.4995851,-0.18987656,-0.0035925384,-0.63370246,-0.09225239,-0.65133166,-0.69511765,0.5988122,0.62317413,-0.66495895,-0.70376,-0.6656494,-0.70341796,-0.6658082,-0.70350933,0.5789763,0.6023432,0.6023028,0.6280673,-0.6522975,-0.6876826,-0.63230735,-0.66235024,-0.6485578,-0.69114465,-0.59071505,-0.6450731,-0.60785794,-0.65642154,-0.6638135,-0.7000882,-0.5990299,-0.62577856,-0.32497722,-0.3849645,-0.6594294,-0.6924485,-0.61566925,-0.6657266,-0.6166105,-0.6660638,-0.4326163,-0.4479557,-0.58649915,-0.5987238
1.2066118,0.14576401,-0.47488302,-0.03341135,0.42454463,1.1284002,0.4259657,0.16786611,-0.4812706,0.5805395,0.16603552,-0.48499432,0.6186761,0.88165313,-0.63370246,1.2512283,-0.65133166,-0.69511765,0.5988122,0.62317413,-0.66495895,-0.70376,-0.6656494,-0.70341796,-0.6658082,-0.70350933,0.5789763,0.6023432,0.6023028,0.6280673,-0.6522975,-0.6876826,-0.63230735,-0.66235024,-0.6485578,-0.69114465,-0.59071505,-0.6450731,-0.60785794,-0.65642154,-0.6638135,-0.7000882,-0.5990299,-0.62577856,-0.32497722,-0.3849645,-0.6594294,-0.6924485,-0.61566925,-0.6657266,-0.6166105,-0.6660638,-0.4326163,-0.4479557,-0.58649915,-0.5987238
-0.82320243,-0.776636,0.01576658,-0.701639,-0.005156449,-0.8398783,-0.42300516,-0.940252,-0.31781143,-0.8735963,-0.93760604,-0.32588217,-0.8899547,-1.1871516,0.44288316,-0.7639928,0.27816844,-0.12969013,-1.2598783,-0.49844128,0.6186944,0.072770886,0.7264506,0.13883395,0.73361766,0.14321971,-1.2715614,-0.51445943,-1.1867523,-0.45176366,0.7377326,0.15570515,0.9114673,0.27064696,0.89778435,0.25300005,1.2139364,0.47782925,0.59479856,0.08981272,0.8505898,0.21582325,-0.038965706,-0.28958505,-0.20544171,-0.3057385,0.88453805,0.23777282,-0.09948313,-0.34845558,-0.089169025,-0.3423182,1.9522469,0.9972745,1.2882993,0.51488733
-1.4998071,-0.79367405,-0.020858321,-1.3698667,-0.8645586,-1.4959712,-1.4025869,-0.7837418,0.010726605,-1.4402695,-0.85905755,-0.1559833,-1.5210022,-1.6893991,-0.063004896,-2.1074736,0.23966454,0.13962565,0.039232958,0.10221933,0.17610775,0.07998682,0.1449555,0.05218353,0.14721163,0.0544201,0.07968022,0.13726284,0.03691896,0.10149011,0.4719915,0.3650397,0.09592571,0.01652097,0.2467775,0.15133904,0.5147019,0.4145407,0.57908404,0.47839844,0.09338818,0.0056811953,0.22152926,0.13526624,-0.32497722,-0.3849645,0.05867969,-0.02577786,0.362876,0.26039025,0.3548506,0.2521392,-0.3240504,-0.34591457,-0.083977506,-0.13810465
1.2066118,1.7005874,1.7634783,1.303044,0.8542457,1.3669795,1.2096311,1.870561,1.9636642,1.3516631,1.8481926,1.9612414,1.3360888,1.1086371,0.9540569,1.2512283,1.4601159,1.6471298,-0.10867345,-0.14447571,1.1132094,1.2549607,1.0082796,1.139827,0.9919524,1.1219493,0.013340168,-0.008807131,-0.13030723,-0.16806464,0.45154992,0.5307949,0.32411855,0.3834112,0.36920968,0.4346999,0.047897097,0.070464246,0.1065489,0.14204425,0.8505898,0.96551865,1.3546823,1.498961,-0.32497722,-0.3849645,1.0224525,1.1515986,1.6229775,1.8470036,1.6250159,1.8460014,-0.3211584,-0.3274993,0.16111204,0.19504414
-0.14659771,-0.6414763,-0.48598698,-0.701639,-0.43485752,-0.18378547,-0.35769972,-0.57307965,-0.4914224,-0.40587476,-0.528215,-0.49615255,-0.39023605,-0.25578997,-0.63370246,-0.09225239,-0.65133166,-0.69511765,0.5988122,0.62317413,-0.66495895,-0.70376,-0.6656494,-0.70341796,-0.6658082,-0.70350933,0.5789763,0.6023432,0.6023028,0.6280673,-0.6522975,-0.6876826,-0.63230735,-0.66235024,-0.6485578,-0.69114465,-0.59071505,-0.6450731,-0.60785794,-0.65642154,-0.6638135,-0.7000882,-0.5990299,-0.62577856,-0.32497722,-0.3849645,-0.6594294,-0.6924485,-0.61566925,-0.6657266,-0.6166105,-0.6660638,-0.4326163,-0.4479557,-0.58649915,-0.5987238
0.530007,-0.47008276,-0.1773995,0.6348163,0.42454463,0.47230738,-0.94544876,-0.4754335,-0.1880687,-0.7832255,-0.45986304,-0.17557275,-0.78759885,-0.7122366,-0.63370246,-0.42812258,0.9501077,1.057633,-0.7397408,-0.7285757,0.8576956,0.94221175,0.86082476,0.93485063,0.86914164,0.942731,-0.69545066,-0.6740232,-0.7461245,-0.7294145,1.3877759,1.481932,0.8559074,0.8240534,1.1600622,1.216726,1.3791014,1.469464,1.5909894,1.7130629,0.8505898,0.90934545,0.8923038,0.8560654,0.9899134,0.85067236,0.72240794,0.78222215,1.073667,1.2122693,1.051827,1.1911588,0.6895107,0.5503632,0.28181338,0.35708323
-0.14659771,-0.4812264,-0.48372668,-0.03341135,-0.43485752,-0.18378547,-0.22708881,-0.4589228,-0.48604962,-0.17422451,-0.461758,-0.4798975,-0.17520742,0.090883024,-0.63370246,-0.09225239,-0.65133166,-0.6758536,0.5988122,0.60668296,-0.66495895,-0.68635815,-0.6656494,-0.685891,-0.6658082,-0.6859497,0.5789763,0.58711165,0.6023028,0.6118061,-0.6522975,-0.6675224,-0.63230735,-0.64285725,-0.6485578,-0.67019874,-0.59071505,-0.61489373,-0.60785794,-0.6272098,-0.6638135,-0.6829364,-0.5990299,-0.6055736,-0.32497722,-0.37903,-0.6594294,-0.67648107,-0.61566925,-0.6432637,-0.6166105,-0.64394754,-0.4326163,-0.44564456,-0.58649915,-0.58795446
0.530007,-0.05862402,-0.4777659,0.6348163,-0.005156449,0.47230738,0.5565766,0.13547166,-0.4796946,0.6462926,0.046309374,-0.4855004,0.657677,1.1159896,-0.6311122,0.579488,-0.65133166,-0.6821148,0.5988122,0.6137134,-0.66495895,-0.69132394,-0.6656494,-0.6915112,-0.6658082,-0.69160604,0.5789763,0.59342605,0.6023028,0.6188576,-0.6522975,-0.6743336,-0.63230735,-0.6535792,-0.6485578,-0.6794331,-0.59071505,-0.63440865,-0.60785794,-0.64343584,-0.6638135,-0.68888605,-0.5990299,-0.6099048,-0.32497722,-0.3849645,-0.6594294,-0.68148845,-0.61566925,-0.6530892,-0.6166105,-0.653195,-0.4326163,-0.44484162,-0.58649915,-0.5885576
0.530007,-0.29883695,-0.48115405,0.6348163,-0.005156449,0.47230738,0.2953548,-0.3500267,-0.48197407,0.23922582,-0.3418741,-0.46609408,0.3021436,0.5857152,-0.62305754,0.579488,-0.65133166,-0.6671912,0.5988122,0.6029165,-0.66495895,-0.6778594,-0.6656494,-0.67732394,-0.6658082,-0.67741114,0.5789763,0.58386546,0.6023028,0.6070207,-0.6522975,-0.66123915,-0.63230735,-0.633098,-0.6485578,-0.6595746,-0.59071505,-0.60513484,-0.60785794,-0.61532825,-0.6638135,-0.6744469,-0.5990299,-0.61570996,-0.32497722,-0.36676687,-0.6594294,-0.668541,-0.61566925,-0.6343767,-0.6166105,-0.63484067,-0.4326163,-0.44527498,-0.58649915,-0.57989573
-0.14659771,-0.15713346,-0.47915536,-0.03341135,-0.43485752,-0.18378547,-0.35769972,-0.12886252,-0.48533612,-0.5197392,-0.13558821,-0.490643,-0.4412302,-0.41906956,-0.63370246,-0.09225239,-0.65133166,-0.69511765,0.5988122,0.62317413,-0.66495895,-0.70376,-0.6656494,-0.70341796,-0.6658082,-0.70350933,0.5789763,0.6023432,0.6023028,0.6280673,-0.6522975,-0.6876826,-0.63230735,-0.66235024,-0.6485578,-0.69114465,-0.59071505,-0.6450731,-0.60785794,-0.65642154,-0.6638135,-0.7000882,-0.5990299,-0.62577856,-0.32497722,-0.3849645,-0.6594294,-0.6924485,-0.61566925,-0.6657266,-0.6166105,-0.6660638,-0.4326163,-0.4479557,-0.58649915,-0.5987238
1.8832164,2.0130584,0.318196,1.9712716,1.2839468,1.9634275,1.4055475,1.6943238,0.21977276,1.6172721,1.8465673,0.29717514,1.6250117,1.8753023,0.15183991,1.9229687,-0.09713202,0.3049506,-0.027324898,-0.009802885,0.024233395,0.35812128,0.059072345,0.35190806,0.05834346,0.34771407,-0.021575639,0.015915878,-0.018823119,-0.02940058,-0.08810883,0.121611945,-0.011225733,0.06826235,0.06433486,0.26868773,0.102992296,0.29552954,0.08638962,0.20138541,0.09338818,0.33845907,-0.20828742,0.0050821924,-0.32497722,-0.38319823,0.1572219,0.41275412,-0.120185785,0.32268274,-0.10262415,0.34733793,-0.10206008,-0.16084328,0.3682119,0.27447286
-0.82320243,-0.6523809,-0.48614076,-0.701639,-0.8645586,-0.8398783,-1.0760597,-0.58077204,-0.49152783,-1.0156068,-0.60211414,-0.48135713,-1.0679564,-0.91632473,-0.63370246,-0.7639928,-0.65133166,-0.69511765,0.5988122,0.62317413,-0.66495895,-0.70376,-0.6656494,-0.70341796,-0.6658082,-0.70350933,0.5789763,0.6023432,0.6023028,0.6280673,-0.6522975,-0.6876826,-0.63230735,-0.66235024,-0.6485578,-0.69114465,-0.59071505,-0.6450731,-0.60785794,-0.65642154,-0.6638135,-0.7000882,-0.5990299,-0.62577856,-0.32497722,-0.3849645,-0.6594294,-0.6924485,-0.61566925,-0.6657266,-0.6166105,-0.6660638,-0.4326163,-0.4479557,-0.58649915,-0.5987238
-0.14659771,-0.62254983,-0.48571998,-0.03341135,-0.43485752,-0.18378547,-0.4883106,-0.58117414,-0.4915333,-0.2704353,-0.58906925,-0.4756474,-0.26377833,-0.09080436,-0.63370246,-0.09225239,-0.65133166,-0.69511765,0.5988122,0.62317413,-0.66495895,-0.70376,-0.6656494,-0.70341796,-0.6658082,-0.70350933,0.5789763,0.6023432,0.6023028,0.6280673,-0.6522975,-0.6876826,-0.63230735,-0.66235024,-0.6485578,-0.69114465,-0.59071505,-0.6450731,-0.60785794,-0.65642154,-0.6638135,-0.7000882,-0.5990299,-0.62577856,-0.32497722,-0.3849645,-0.6594294,-0.6924485,-0.61566925,-0.6657266,-0.6166105,-0.6660638,-0.4326163,-0.4479557,-0.58649915,-0.5987238
-0.14659771,-0.44800696,-0.48325813,-0.03341135,-0.43485752,-0.18378547,-0.16178335,-0.3372758,-0.4618988,-0.26052207,-0.3123797,-0.47157508,-0.26056325,-0.040963788,-0.63370246,-0.09225239,-0.65133166,-0.67676693,0.5988122,0.60066193,-0.66495895,-0.6845478,-0.6656494,-0.68350935,-0.6658082,-0.6835073,0.5789763,0.57970273,0.6023028,0.6049932,-0.6522975,-0.6659072,-0.63230735,-0.6376768,-0.6485578,-0.6652906,-0.59071505,-0.61424464,-0.60785794,-0.6304176,-0.6638135,-0.6791499,-0.5990299,-0.6007557,-0.32497722,-0.32157418,-0.6594294,-0.67496157,-0.61566925,-0.6478074,-0.6166105,-0.64835423,-0.4326163,-0.43443313,-0.58649915,-0.5803357
-0.14659771,-0.3913915,-0.48245955,-0.03341135,-0.43485752,-0.18378547,0.23004936,-0.54153043,-0.4899516,-0.18570851,-0.47684333,-0.49267137,-0.081411466,0.08755141,-0.62922835,-0.09225239,-0.65133166,-0.68916404,0.5988122,0.6193357,-0.66495895,-0.6981859,-0.6656494,-0.69811004,-0.6658082,-0.6982241,0.5789763,0.5987942,0.6023028,0.62433106,-0.6522975,-0.682862,-0.63230735,-0.65873796,-0.6485578,-0.68645585,-0.59071505,-0.64078814,-0.60785794,-0.65164626,-0.6638135,-0.6951439,-0.5990299,-0.6187301,-0.32497722,-0.3849645,-0.6594294,-0.6874578,-0.61566925,-0.6599015,-0.6166105,-0.6601699,-0.4326163,-0.4468806,-0.58649915,-0.5942008
1.8832164,2.1910267,-0.20407376,1.9712716,0.8542457,1.7844931,1.470853,2.1890438,-0.18094598,1.8465056,2.2257092,-0.11897254,1.8051594,2.1166084,0.20023917,1.9229687,0.2524553,0.34723106,0.039232958,-0.017029291,0.16372314,0.24666615,0.1358387,0.21594739,0.12980825,0.20916924,0.06920547,0.019068789,0.04753649,-0.0067688166,-0.11263875,-0.066896774,-0.027100055,0.031107606,-0.041487265,0.011590344,-0.10962886,-0.07754021,-0.075179346,-0.029781265,0.09338818,0.16815819,0.566685,0.7008926,-0.32497722,-0.3849645,0.1504942,0.23270047,0.26074296,0.35557026,0.27411973,0.3704981,-0.3211584,-0.31989855,0.117672354,0.19428298
-0.82320243,-0.67355716,0.23734295,-1.3698667,-0.005156449,-0.6609439,-0.22708881,-0.62490004,0.34239686,-0.26297817,-0.62736577,0.33974648,-0.24770986,-0.75524104,1.0686178,-0.7639928,0.9848057,1.0381548,-0.95420504,-1.0148569,0.9537305,1.0020984,0.910637,0.95806515,0.9151802,0.9631399,-0.9119287,-0.97092915,-0.9372402,-0.995826,1.3673344,1.4548739,1.0305246,1.0924498,1.1914071,1.2665766,1.7837886,1.9267273,1.5992419,1.7272611,0.8505898,0.8957988,-0.0064038453,0.020695621,0.39223585,0.44329718,0.7091707,0.7440384,1.0184599,1.0833422,1.0168434,1.0790498,0.11735632,0.13501504,0.7032262,0.7373574
-1.4998071,-0.59543556,-0.48533756,-1.3698667,-1.2942597,-1.4959712,-1.1413652,-0.61072654,-0.46943262,-1.239152,-0.5510035,-0.46426263,-1.2770779,-1.1402656,-0.63370246,-1.4357332,-0.65133166,-0.6756107,0.5988122,0.6009916,-0.66495895,-0.68240416,-0.6656494,-0.68112445,-0.6658082,-0.68113595,0.5789763,0.5798675,0.6023028,0.60508883,-0.6522975,-0.66571975,-0.63230735,-0.6390031,-0.6485578,-0.6613997,-0.59071505,-0.6110853,-0.60785794,-0.6281988,-0.6638135,-0.67637616,-0.5990299,-0.59622633,-0.32497722,-0.3111255,-0.6594294,-0.672748,-0.61566925,-0.6468831,-0.6166105,-0.6475048,-0.4326163,-0.43067622,-0.58649915,-0.578447
-1.4998071,-0.9036663,-0.25729576,-1.3698667,-0.8645586,-1.4959712,-1.4025869,-0.89324194,-0.21791582,-1.4105998,-0.89422214,-0.2312218,-1.3923923,-1.5868121,-0.065848626,-1.7716033,0.21754232,0.26896885,0.017047007,-0.0173886,0.16133313,0.20796886,0.13610296,0.1813954,0.13980588,0.18562753,0.051747568,0.0217203,0.010375119,-0.023616903,0.5292281,0.6210606,0.119737126,0.16568097,0.24704537,0.3063902,0.49892813,0.5918684,0.57141083,0.67820656,0.09338818,0.13531981,0.29967773,0.3565402,-0.32497722,-0.3849645,0.054580048,0.09229348,0.33113194,0.39535365,0.32524928,0.3881767,-0.2981959,-0.29902118,-0.059452515,-0.026718536
1.2066118,0.8596889,-0.4648132,1.303044,0.42454463,1.1284002,0.75249296,0.9477107,-0.41765904,0.9028984,0.91840875,-0.41672894,0.91183466,1.3100802,-0.63370246,1.2512283,-0.65133166,-0.65817803,0.5988122,0.5778577,-0.66495895,-0.66508627,-0.6656494,-0.6633424,-0.6658082,-0.6632457,0.5789763,0.5567685,0.6023028,0.5816198,-0.6522975,-0.64384925,-0.63230735,-0.6126832,-0.6485578,-0.6391011,-0.59071505,-0.58301616,-0.60785794,-0.6040762,-0.6638135,-0.65794,-0.5990299,-0.5754082,-0.32497722,-0.25736135,-0.6594294,-0.6572477,-0.61566925,-0.6296557,-0.6166105,-0.63041484,-0.4326163,-0.4207351,-0.58649915,-0.561709
-1.4998071,-0.8721724,-0.4892409,-1.3698667,-1.2942597,-1.4959712,-1.5331979,-0.9016682,-0.49592447,-1.5778801,-0.90019816,-0.500941,-1.5764582,-1.5980955,-0.63370246,-1.4357332,-0.65133166,-0.69511765,0.5988122,0.62317413,-0.66495895,-0.70376,-0.6656494,-0.70341796,-0.6658082,-0.70350933,0.5789763,0.6023432,0.6023028,0.6280673,-0.6522975,-0.6876826,-0.63230735,-0.66235024,-0.6485578,-0.69114465,-0.59071505,-0.6450731,-0.60785794,-0.65642154,-0.6638135,-0.7000882,-0.5990299,-0.62577856,-0.32497722,-0.3849645,-0.6594294,-0.6924485,-0.61566925,-0.6657266,-0.6166105,-0.6660638,-0.4326163,-0.4479557,-0.58649915,-0.5987238
1.2066118,0.8274392,-0.4652681,1.303044,0.42454463,1.1284002,1.1443256,1.0331708,-0.24102052,1.2801751,1.004938,-0.22212715,1.2016554,1.7073455,-0.33906066,1.2512283,-0.65133166,-0.347011,0.5988122,0.1701733,-0.66495895,-0.34299153,-0.6656494,-0.32853246,-0.6658082,-0.3269226,0.5789763,0.1383648,0.6023028,0.17519458,-0.6522975,-0.3003294,-0.63230735,-0.26923242,-0.6485578,-0.23358217,-0.59071505,-0.16825163,-0.60785794,-0.2080076,-0.6638135,-0.30095917,-0.5990299,-0.18108222,-0.32497722,0.7498484,-0.6594294,-0.34161937,-0.61566925,-0.3560532,-0.6166105,-0.3627067,-0.4326163,0.122391425,-0.58649915,-0.33565122
0.530007,0.19975865,-0.47412145,0.6348163,-0.005156449,0.47230738,-0.29239425,0.24059723,-0.47251493,-0.041910164,0.19116433,-0.47108355,-0.11325037,0.097569264,-0.56202996,0.579488,-0.65133166,-0.58688647,0.5988122,0.59139884,-0.66495895,-0.6177473,-0.6656494,-0.61966664,-0.6658082,-0.6203468,0.5789763,0.5828036,0.6023028,0.5983547,-0.6522975,-0.62031996,-0.63230735,-0.61389756,-0.6485578,-0.60861456,-0.59071505,-0.5612013,-0.60785794,-0.5691567,-0.6638135,-0.6242565,-0.5990299,-0.53709584,-0.32497722,-0.3849645,-0.6594294,-0.61412406,-0.61566925,-0.533684,-0.6166105,-0.53327405,-0.4326163,-0.44762197,-0.58649915,-0.58894885
-0.82320243,1.3311188,-0.45816374,-0.701639,-0.8645586,-0.8398783,-0.7495324,1.5617778,-0.46217242,-0.8069575,1.508099,-0.43995374,-0.73101753,-0.66729885,-0.63370246,-0.7639928,-0.65133166,-0.69511765,0.5988122,0.62317413,-0.66495895,-0.70376,-0.6656494,-0.70341796,-0.6658082,-0.70350933,0.5789763,0.6023432,0.6023028,0.6280673,-0.6522975,-0.6876826,-0.63230735,-0.66235024,-0.6485578,-0.69114465,-0.59071505,-0.6450731,-0.60785794,-0.65642154,-0.6638135,-0.7000882,-0.5990299,-0.62577856,-0.32497722,-0.3849645,-0.6594294,-0.6924485,-0.61566925,-0.6657266,-0.6166105,-0.6660638,-0.4326163,-0.4479557,-0.58649915,-0.5987238
-0.82320243,-0.7053697,-0.48688817,-0.701639,-0.8645586,-0.8398783,-1.0760597,-0.7222366,-0.49346602,-0.94440883,-0.71583986,-0.49104825,-0.99109006,-0.8424972,-0.63370246,-0.7639928,-0.65133166,-0.69511765,0.5988122,0.62317413,-0.66495895,-0.70376,-0.6656494,-0.70341796,-0.6658082,-0.70350933,0.5789763,0.6023432,0.6023028,0.6280673,-0.6522975,-0.6876826,-0.63230735,-0.66235024,-0.6485578,-0.69114465,-0.59071505,-0.6450731,-0.60785794,-0.65642154,-0.6638135,-0.7000882,-0.5990299,-0.62577856,-0.32497722,-0.3849645,-0.6594294,-0.6924485,-0.61566925,-0.6657266,-0.6166105,-0.6660638,-0.4326163,-0.4479557,-0.58649915,-0.5987238
1.8832164,1.3186299,0.4901911,1.9712716,1.7136478,1.9634275,2.3851292,1.4074411,0.59515697,1.8960963,1.180244,0.5599638,2.1319814,1.9414438,0.676839,1.9229687,0.847326,0.61623836,-0.6337412,-0.5326736,0.85335016,0.68537474,0.8634673,0.7078014,0.86074847,0.70569426,-0.5697538,-0.489672,-0.639949,-0.537837,0.6968493,0.51905054,0.8320959,0.655703,0.9607417,0.7727068,1.0622879,0.78924286,1.1639291,0.8862678,0.8505898,0.7167295,0.01964568,0.06382683,0.3324681,0.19099514,0.8631988,0.750053,0.90528536,0.62781173,0.9334216,0.6602779,-0.12383689,-0.055835795,0.86352026,0.8679478
0.530007,-0.4378784,-0.48311523,0.6348163,-0.005156449,0.47230738,-0.0964779,-0.44591543,-0.3822209,0.23628478,-0.4392901,-0.39841855,0.21912682,0.41704717,-0.37151587,0.579488,-0.65133166,-0.47343194,0.5988122,0.14940244,-0.66495895,-0.430729,-0.6656494,-0.40439412,-0.6658082,-0.40126625,0.5789763,0.10411487,0.6023028,0.15724102,-0.6522975,-0.33614603,-0.63230735,-0.28040844,-0.6485578,-0.24740922,-0.59071505,-0.16524114,-0.60785794,-0.21477605,-0.6638135,-0.3585085,-0.5990299,-0.21756497,-0.32497722,0.8855357,-0.6594294,-0.4159294,-0.61566925,-0.5113373,-0.6166105,-0.5169898,-0.4326163,0.19134237,-0.58649915,-0.31884423
1.2066118,1.7269689,1.236683,1.303044,1.7136478,1.3073347,1.6014638,1.6598265,0.6444231,1.2449275,1.5181614,0.5453086,1.3911891,0.84932727,1.3685585,0.9153582,1.54622,1.4371115,-1.6444349,-1.6052479,1.5888216,1.5009233,1.6155394,1.5232934,1.6189663,1.5279579,-1.5473963,-1.5251455,-1.592873,-1.5530715,1.7720785,1.7551038,1.7031976,1.6080745,1.9787769,1.8657497,2.9306114,2.7407005,2.4049966,2.2578654,1.6077914,1.5179082,-0.3189978,-0.21148191,0.69107455,0.58212817,1.5189093,1.4267675,1.5015217,1.3678563,1.5133381,1.3767638,1.0483507,1.1142092,1.3855978,1.3516283
-0.14659771,0.5621411,-0.46901008,-0.03341135,-0.43485752,-0.18378547,-0.29239425,0.0030795066,-0.37973547,-0.50354373,0.21654376,-0.42335394,-0.50828236,-0.36465713,-0.45958036,-0.09225239,-0.65133166,-0.092314005,0.5988122,0.4658693,-0.66495895,-0.16363512,-0.6656494,-0.1973323,-0.6658082,-0.20076364,0.5789763,0.4778056,0.6023028,0.44264072,-0.6522975,-0.27412555,-0.63230735,-0.3803565,-0.6485578,-0.24829069,-0.59071505,-0.14429004,-0.60785794,-0.25984362,-0.6638135,-0.23868926,-0.5990299,-0.26835644,-0.32497722,-0.3187514,-0.6594294,-0.22029589,-0.61566925,-0.0046574944,-0.6166105,-0.0010055448,-0.4326163,-0.43756405,-0.58649915,-0.5049854
-0.14659771,0.5888685,0.02038267,-0.03341135,-0.005156449,-0.004851055,0.1647439,0.4071855,-0.11633446,0.056773167,0.4561233,-0.048977576,0.10801894,-0.07931764,0.3208378,-0.09225239,0.17677514,0.3851418,-0.120998986,-0.31718436,0.14786217,0.35154408,0.1250042,0.32336763,0.12585856,0.32482895,-0.10537356,-0.29275227,-0.11438096,-0.30795383,0.27575198,0.532525,0.15743858,0.36814496,0.26847768,0.51148486,0.6240654,0.9740504,0.5226296,0.84595776,0.09338818,0.2832207,-0.5990299,-0.5857403,0.03362931,0.12537055,0.027499096,0.19583568,0.21243677,0.42563587,0.2202992,0.43414542,-0.18248676,-0.11909944,0.044257693,0.20762774
0.530007,2.4583614,6.9696636,-0.701639,1.7136478,0.9494658,0.9484093,1.7326918,5.265179,0.47872755,1.6802745,5.277195,0.39590117,-0.29611576,1.769049,0.579488,2.8534608,2.367818,-0.99857706,-0.86825764,2.5637293,2.1210291,2.5171807,2.0925236,2.5022163,2.0802426,-0.7373497,-0.6411111,-0.99032784,-0.8538126,1.931523,1.6023488,1.2646703,1.1341021,1.3944783,1.1745138,0.6836332,0.4920628,0.6858515,0.542828,2.364993,1.9695226,2.6245952,2.0842166,-0.32497722,-0.3849645,2.769357,2.3187861,2.932765,2.4094415,2.9705298,2.443743,-0.30591753,-0.3182089,2.1106076,1.982379
-1.4998071,-0.83408946,-0.48870373,-1.3698667,-1.2942597,-1.4959712,-1.1413652,-0.8202892,-0.47875738,-1.2478942,-0.8123927,-0.48879206,-1.254475,-1.1380146,-0.63370246,-1.4357332,-0.65133166,-0.6620703,0.5988122,0.5995992,-0.66495895,-0.6730484,-0.6656494,-0.67243195,-0.6658082,-0.67251325,0.5789763,0.5808751,0.6023028,0.60363674,-0.6522975,-0.65596867,-0.63230735,-0.62865144,-0.6485578,-0.6536865,-0.59071505,-0.59796506,-0.60785794,-0.6073895,-0.6638135,-0.66959345,-0.5990299,-0.6138042,-0.32497722,-0.3665,-0.6594294,-0.6639579,-0.61566925,-0.62878305,-0.6166105,-0.6291075,-0.4326163,-0.44472542,-0.58649915,-0.57593745
1.2066118,3.502946,1.8373303,1.303044,1.2839468,1.3669795,1.2096311,3.4312122,2.0389123,1.4765006,3.5598083,2.0842075,1.4980574,1.2775927,0.9858711,1.2512283,1.1557138,1.3652676,-0.37737006,-0.42238095,0.9939263,1.158413,0.9324381,1.0855505,0.92382014,1.0754263,-0.31836,-0.3497643,-0.4090176,-0.45822176,0.6150828,0.7207234,0.5126258,0.5860564,0.5053048,0.5861938,0.062036548,0.08246471,0.1850702,0.22422773,0.8505898,0.9862753,0.78810585,0.9145557,-0.20544171,-0.24659863,0.955479,1.1062347,1.1896019,1.4322833,1.1783051,1.4164819,0.34380034,0.3737753,0.34865597,0.3760632
0.530007,0.5189569,-0.46961918,0.6348163,-0.005156449,0.47230738,0.09943845,0.23886012,-0.30120385,0.69512284,0.22426917,-0.33858758,0.47911322,0.6959704,0.35831648,0.579488,-0.65133166,0.41387683,0.5988122,-0.023698928,-0.66495895,0.2872698,-0.6656494,0.26658407,-0.6658082,0.26384196,0.5789763,0.030103063,0.6023028,-0.031214198,-0.6522975,0.22686765,-0.63230735,0.20924973,-0.6485578,0.37882528,-0.59071505,0.7708618,-0.60785794,0.66694105,-0.6638135,0.22035642,-0.5990299,-0.35906523,-0.32497722,0.3311518,-0.6594294,0.18774994,-0.61566925,0.58336717,-0.6166105,0.5770206,-0.4326163,-0.40336347,-0.58649915,-0.14441043
0.530007,-0.79689753,-0.48817915,0.6348163,-0.005156449,0.47230738,-0.0964779,-0.7738777,-0.49417356,0.33597395,-0.7878468,-0.4983375,0.15631588,0.699015,-0.63370246,0.579488,-0.65133166,-0.69511765,0.5988122,0.62317413,-0.66495895,-0.70376,-0.6656494,-0.70341796,-0.6658082,-0.70350933,0.5789763,0.6023432,0.6023028,0.6280673,-0.6522975,-0.6876826,-0.63230735,-0.66235024,-0.6485578,-0.69114465,-0.59071505,-0.6450731,-0.60785794,-0.65642154,-0.6638135,-0.7000882,-0.5990299,-0.62577856,-0.32497722,-0.3849645,-0.6594294,-0.6924485,-0.61566925,-0.6657266,-0.6166105,-0.6660638,-0.4326163,-0.4479557,-0.58649915,-0.5987238
-1.4998071,-0.87298733,-0.4892524,-1.3698667,-1.2942597,-1.4959712,-1.271976,-0.86134213,-0.4953719,-1.3787125,-0.8658841,-0.5003964,-1.3172877,-1.3493491,-0.63370246,-1.4357332,-0.65133166,-0.69511765,0.5988122,0.62317413,-0.66495895,-0.70376,-0.6656494,-0.70341796,-0.6658082,-0.70350933,0.5789763,0.6023432,0.6023028,0.6280673,-0.6522975,-0.6876826,-0.63230735,-0.66235024,-0.6485578,-0.69114465,-0.59071505,-0.6450731,-0.60785794,-0.65642154,-0.6638135,-0.7000882,-0.5990299,-0.62577856,-0.32497722,-0.3849645,-0.6594294,-0.6924485,-0.61566925,-0.6657266,-0.6166105,-0.6660638,-0.4326163,-0.4479557,-0.58649915,-0.5987238
-0.82320243,-0.7505762,-0.042368118,-0.701639,0.8542457,-0.8398783,-0.42300516,-0.7626274,-0.058329634,-0.25996476,-0.75261766,-0.031625327,-0.21389668,-0.66652775,0.93032575,-0.7639928,0.6429616,0.609203,-0.929554,-0.90470326,0.80641896,0.7707896,0.8215827,0.7872281,0.822239,0.7880326,-0.9363698,-0.9126632,-0.9531664,-0.92724514,0.6968493,0.6684012,1.0662417,1.0382361,0.7145379,0.6875989,0.3051048,0.27833465,0.6807702,0.66818035,0.8505898,0.81723356,0.599247,0.56582785,-0.20544171,-0.25371674,0.87418765,0.8382486,0.5243567,0.49508852,0.5163123,0.48594034,0.579065,0.5676883,0.9875879,0.95020664
-0.14659771,0.11621849,1.8549489,-0.03341135,0.42454463,0.05479375,0.23004936,-0.03374484,1.4907728,0.43654847,0.011398394,1.6238998,0.3158992,-0.24608965,1.7574091,-0.09225239,1.5702413,1.4782344,-1.3412267,-1.3399869,1.6003373,1.5214362,1.6216174,1.5477742,1.6157571,1.5426732,-1.2366456,-1.246041,-1.2876189,-1.284286,1.2201546,1.1655535,1.2527646,1.2289495,1.2717781,1.2497385,1.0877559,1.1318438,0.8445187,0.85752416,1.6077914,1.5427208,1.5695907,1.4884644,-0.26520947,-0.3137745,1.7804968,1.6959523,1.3414214,1.2484887,1.3707136,1.2756662,0.9150292,0.9970681,1.9003019,1.8112847
-1.4998071,-0.86068034,-0.24711771,-1.3698667,-1.2942597,-1.4959712,-1.2066705,-0.88614476,-0.2762653,-1.2701771,-0.8810388,-0.27800834,-1.2391263,-1.5031315,0.03556473,-1.4357332,0.2524553,0.14266936,0.039232958,0.10861108,0.16372314,0.0601443,0.1358387,0.03552132,0.12980825,0.030055309,0.06920547,0.13353686,0.04753649,0.11781824,-0.11263875,-0.18872644,-0.027100055,-0.10498401,-0.041487265,-0.1263219,-0.10962886,-0.18891895,-0.075179346,-0.1527599,0.09338818,-0.002235865,0.566685,0.4405325,-0.32497722,-0.3849645,0.1504942,0.051139325,0.26074296,0.15514001,0.27411973,0.16707209,-0.3211584,-0.34502986,0.117672354,0.0386548
-1.4998071,-0.95867866,-0.49046108,-1.3698667,-1.2942597,-1.4959712,-1.5331979,-0.97188336,-0.4968865,-1.4278258,-0.9640456,-0.5022741,-1.3818872,-1.3945892,-0.63370246,-1.4357332,-0.65133166,-0.69511765,0.5988122,0.62317413,-0.66495895,-0.70376,-0.6656494,-0.70341796,-0.6658082,-0.70350933,0.5789763,0.6023432,0.6023028,0.6280673,-0.6522975,-0.6876826,-0.63230735,-0.66235024,-0.6485578,-0.69114465,-0.59071505,-0.6450731,-0.60785794,-0.65642154,-0.6638135,-0.7000882,-0.5990299,-0.62577856,-0.32497722,-0.3849645,-0.6594294,-0.6924485,-0.61566925,-0.6657266,-0.6166105,-0.6660638,-0.4326163,-0.4479557,-0.58649915,-0.5987238
1.2066118,1.1189572,-0.31874126,1.303044,0.8542457,1.1284002,1.2749366,1.3415854,-0.298201,1.3280787,1.2240348,-0.2940728,1.4254142,1.456879,0.25175962,1.2512283,-0.18658161,-0.15679742,-0.33053306,-0.44466984,-0.023132248,0.035542976,0.030400606,0.09845546,0.03390473,0.10262655,-0.34629261,-0.46091852,-0.29222474,-0.3999953,0.042717546,0.115272164,0.13958001,0.22591798,0.12461326,0.20773652,0.31161073,0.423996,-0.006529679,0.054037303,0.09338818,0.17191328,-0.3189978,-0.30570257,-0.26520947,-0.3095367,0.11255435,0.19317679,-0.3575762,-0.36366594,-0.35288978,-0.35783896,0.75981534,0.92798847,0.35090008,0.46149954
-1.4998071,-0.7837273,-0.4879934,-1.3698667,-1.2942597,-1.4959712,-1.2066705,-0.7648779,-0.49405026,-1.2876108,-0.7589064,-0.4963687,-1.2862303,-1.2044854,-0.63370246,-1.4357332,-0.65133166,-0.69511765,0.5988122,0.62317413,-0.66495895,-0.70376,-0.6656494,-0.70341796,-0.6658082,-0.70350933,0.5789763,0.6023432,0.6023028,0.6280673,-0.6522975,-0.6876826,-0.63230735,-0.66235024,-0.6485578,-0.69114465,-0.59071505,-0.6450731,-0.60785794,-0.65642154,-0.6638135,-0.7000882,-0.5990299,-0.62577856,-0.32497722,-0.3849645,-0.6594294,-0.6924485,-0.61566925,-0.6657266,-0.6166105,-0.6660638,-0.4326163,-0.4479557,-0.58649915,-0.5987238
-0.14659771,-0.25140753,-0.48048508,-0.03341135,-0.43485752,-0.18378547,-0.35769972,-0.11935447,-0.48520586,-0.34982464,-0.14674838,-0.4907997,-0.31364077,-0.18504491,-0.63370246,-0.09225239,-0.65133166,-0.69511765,0.5988122,0.62317413,-0.66495895,-0.70376,-0.6656494,-0.70341796,-0.6658082,-0.70350933,0.5789763,0.6023432,0.6023028,0.6280673,-0.6522975,-0.6876826,-0.63230735,-0.66235024,-0.6485578,-0.69114465,-0.59071505,-0.6450731,-0.60785794,-0.65642154,-0.6638135,-0.7000882,-0.5990299,-0.62577856,-0.32497722,-0.3849645,-0.6594294,-0.6924485,-0.61566925,-0.6657266,-0.6166105,-0.6660638,-0.4326163,-0.4479557,-0.58649915,-0.5987238
-0.14659771,-0.39258018,-0.48247632,-0.701639,-0.43485752,-0.18378547,-0.0964779,-0.2758437,-0.4745437,-0.06749571,-0.29192975,-0.4749556,-0.14210193,0.21284302,-0.63370246,-0.09225239,-0.65133166,-0.6746092,0.5988122,0.6160389,-0.66495895,-0.6870347,-0.6656494,-0.6865659,-0.6658082,-0.6867174,0.5789763,0.59758246,0.6023028,0.62149626,-0.6522975,-0.672508,-0.63230735,-0.65330505,-0.6485578,-0.67035276,-0.59071505,-0.6175248,-0.60785794,-0.62372166,-0.6638135,-0.6841705,-0.5990299,-0.62577856,-0.32497722,-0.36981887,-0.6594294,-0.6772484,-0.61566925,-0.6390713,-0.6166105,-0.639568,-0.4326163,-0.44788018,-0.58649915,-0.59621525
1.2066118,0.0953352,-0.47559434,1.303044,0.42454463,1.1284002,0.75249296,0.10599001,-0.45987904,0.6372136,0.052353285,-0.4623687,0.6137453,1.0083328,-0.6040381,1.2512283,-0.65133166,-0.62950766,0.5988122,0.5724369,-0.66495895,-0.64039356,-0.6656494,-0.6424712,-0.6658082,-0.6424506,0.5789763,0.5540696,0.6023028,0.57796884,-0.6522975,-0.61217594,-0.63230735,-0.6119064,-0.6485578,-0.62919927,-0.59071505,-0.5840239,-0.60785794,-0.58583695,-0.6638135,-0.6422597,-0.5990299,-0.54487395,-0.32497722,-0.3849645,-0.6594294,-0.6369725,-0.61566925,-0.6014369,-0.6166105,-0.601301,-0.4326163,-0.42888007,-0.58649915,-0.54665333
-1.4998071,-0.85893506,-0.4890542,-1.3698667,-1.2942597,-1.4959712,-1.5331979,-0.9003433,-0.4959063,-1.5610102,-0.89635575,-0.50132376,-1.5550297,-1.5584925,-0.63370246,-1.4357332,-0.65133166,-0.69511765,0.5988122,0.62317413,-0.66495895,-0.70376,-0.6656494,-0.70341796,-0.6658082,-0.70350933,0.5789763,0.6023432,0.6023028,0.6280673,-0.6522975,-0.6876826,-0.63230735,-0.66235024,-0.6485578,-0.69114465,-0.59071505,-0.6450731,-0.60785794,-0.65642154,-0.6638135,-0.7000882,-0.5990299,-0.62577856,-0.32497722,-0.3849645,-0.6594294,-0.6924485,-0.61566925,-0.6657266,-0.6166105,-0.6660638,-0.4326163,-0.4479557,-0.58649915,-0.5987238
1.2066118,1.795162,-0.21768773,1.303044,0.8542457,1.1284002,1.6014638,1.9947759,-0.038893487,1.5765508,2.0320048,0.016562406,1.6344122,1.7496903,0.3951968,1.2512283,-0.051946986,0.11520236,-0.22946364,-0.37158367,0.0444399,0.21176495,0.059997234,0.22510761,0.061676018,0.22642857,-0.26249468,-0.4015843,-0.23117387,-0.3750801,0.050894186,0.191502,0.16140714,0.30623728,0.094608,0.23139809,-0.095489375,-0.023906339,0.0033419628,0.109343745,0.09338818,0.25639415,0.00010852704,0.12538084,-0.20544171,-0.22901419,0.08352075,0.251102,-0.1726325,-0.024094729,-0.17259088,-0.024885273,0.34380034,0.47820637,0.30521634,0.44605345
1.2066118,4.609351,-0.4119247,1.303044,0.42454463,1.1284002,1.1443256,5.040135,-0.02714517,1.3798283,5.0476294,0.17993407,1.4259957,1.9343623,-0.4491019,1.2512283,-0.65133166,-0.3236716,0.5988122,0.57939214,-0.66495895,-0.41988492,-0.6656494,-0.44526464,-0.6658082,-0.44869748,0.5789763,0.58523065,0.6023028,0.57653576,-0.6522975,-0.53232,-0.63230735,-0.5655386,-0.6485578,-0.57226235,-0.59071505,-0.587522,-0.60785794,-0.58049774,-0.6638135,-0.47912687,-0.5990299,-0.4519319,-0.32497722,-0.3849645,-0.6594294,-0.44146547,-0.61566925,-0.24285486,-0.6166105,-0.24673799,-0.4326163,-0.4479557,-0.58649915,-0.5889263
-1.4998071,-0.8754225,-0.25535598,-1.3698667,-0.8645586,-1.4959712,-0.684227,-0.862313,-0.21221839,-0.93631697,-0.85393673,-0.19975035,-0.8740112,-1.21816,0.34593624,-1.4357332,-0.051946986,0.024218231,-0.22946364,-0.3629022,0.0444399,0.14288248,0.059997234,0.16273664,0.061676018,0.1648847,-0.26249468,-0.39953807,-0.23117387,-0.36441815,0.050894186,0.15405254,0.16140714,0.28401628,0.094608,0.20404959,-0.095489375,-0.037147474,0.0033419628,0.091774665,0.09338818,0.20339926,0.00010852704,0.0837621,-0.20544171,-0.22866186,0.08352075,0.19064452,-0.1726325,-0.12849385,-0.17259088,-0.12837581,0.34380034,0.4802987,0.30521634,0.44624642
-0.82320243,-0.39160952,-0.48246264,-0.701639,-0.8645586,-0.8398783,-0.8148379,-0.47827014,-0.49012342,-0.7722587,-0.46303466,-0.4860804,-0.6736473,-0.6518246,-0.63370246,-0.7639928,-0.65133166,-0.69511765,0.5988122,0.62317413,-0.66495895,-0.70376,-0.6656494,-0.70341796,-0.6658082,-0.70350933,0.5789763,0.6023432,0.6023028,0.6280673,-0.6522975,-0.6876826,-0.63230735,-0.66235024,-0.6485578,-0.69114465,-0.59071505,-0.6450731,-0.60785794,-0.65642154,-0.6638135,-0.7000882,-0.5990299,-0.62577856,-0.32497722,-0.3849645,-0.6594294,-0.6924485,-0.61566925,-0.6657266,-0.6166105,-0.6660638,-0.4326163,-0.4479557,-0.58649915,-0.5987238
-0.82320243,-0.7324381,-0.26376757,-0.701639,-0.005156449,-0.8398783,-0.6189215,-0.7097744,-0.25631902,-0.5465831,-0.71058685,-0.25854236,-0.512967,-0.7464716,0.19803885,-0.7639928,-0.004185033,0.009557202,-0.1653709,-0.20227998,0.07073001,0.09288306,0.077966645,0.10192147,0.07821536,0.10231406,-0.17869677,-0.2161572,-0.17543179,-0.21220893,0.022275899,0.044957876,0.2169672,0.25641203,0.032990072,0.053738106,-0.14280513,-0.146191,0.036456157,0.05921056,0.09338818,0.11966302,0.00010852704,0.018001107,-0.26520947,-0.31405634,0.10737913,0.13452896,-0.04565625,-0.038582344,-0.050149105,-0.04367973,0.07322438,0.10075816,0.20054437,0.23810445
-1.4998071,-0.72740376,-0.48719892,-1.3698667,-1.2942597,-1.4959712,-1.4678924,-0.70127904,-0.49317887,-1.4210823,-0.71439034,-0.49876904,-1.4068252,-1.4062611,-0.63370246,-1.4357332,-0.65133166,-0.69511765,0.5988122,0.62317413,-0.66495895,-0.70376,-0.6656494,-0.70341796,-0.6658082,-0.70350933,0.5789763,0.6023432,0.6023028,0.6280673,-0.6522975,-0.6876826,-0.63230735,-0.66235024,-0.6485578,-0.69114465,-0.59071505,-0.6450731,-0.60785794,-0.65642154,-0.6638135,-0.7000882,-0.5990299,-0.62577856,-0.32497722,-0.3849645,-0.6594294,-0.6924485,-0.61566925,-0.6657266,-0.6166105,-0.6660638,-0.4326163,-0.4479557,-0.58649915,-0.5987238
0.530007,0.5856286,1.7270026,0.6348163,1.2839468,0.7108866,0.6218821,0.5433267,1.5066222,0.5982816,0.5794779,1.6632545,0.54943705,0.4087618,0.6921375,0.579488,1.2034757,0.9705831,-0.3132773,-0.103714414,1.0202162,0.7724707,0.95040745,0.7047932,0.9403596,0.6952074,-0.23456207,-0.031691585,-0.35327557,-0.13804948,0.5864646,0.3752045,0.56818587,0.32551584,0.4436869,0.23403098,0.014720799,-0.13624491,0.21818437,0.029996721,0.8505898,0.607192,0.78810585,0.57652813,-0.26520947,-0.33465844,0.97933745,0.72665024,1.3165781,1.1077588,1.3007468,1.0909985,0.07322438,-0.058668684,0.24398406,0.035606854
-1.4998071,-0.8754225,-0.25535598,-1.3698667,-0.8645586,-1.4959712,-1.0760597,-0.86733854,-0.19949803,-0.9594039,-0.86272615,-0.20276289,-0.95882314,-1.2282659,0.3131189,-1.4357332,-0.051946986,0.0022949323,-0.22946364,-0.33284935,0.0444399,0.11707916,0.059997234,0.13633864,0.061676018,0.13841842,-0.26249468,-0.36900347,-0.23117387,-0.33416998,0.050894186,0.12839887,0.16140714,0.2551737,0.094608,0.17676662,-0.095489375,-0.055675365,0.0033419628,0.068971716,0.09338818,0.17586353,0.00010852704,0.062137302,-0.20544171,-0.23342553,0.08352075,0.16373035,-0.1726325,-0.14486723,-0.17259088,-0.14476301,0.34380034,0.4520082,0.30521634,0.41439882
-0.82320243,-0.47058895,-0.24161553,-0.701639,-0.8645586,-0.8398783,-0.684227,-0.53579164,-0.25110415,-0.66870487,-0.5081095,-0.23994967,-0.6007556,-0.8905333,0.18656662,-0.7639928,0.2524553,0.22262396,0.039232958,0.059503593,0.16372314,0.13304779,0.1358387,0.10604225,0.12980825,0.10006335,0.06920547,0.08879615,0.04753649,0.06912243,-0.11263875,-0.14110836,-0.027100055,-0.051791545,-0.041487265,-0.07241789,-0.10962886,-0.14538574,-0.075179346,-0.10469276,0.09338818,0.064364016,0.566685,0.54229635,-0.32497722,-0.3849645,0.1504942,0.12210397,0.26074296,0.2334797,0.27411973,0.24658267,-0.3211584,-0.33520707,0.117672354,0.09948335
-0.82320243,-0.91635805,-0.48986414,-0.701639,-0.8645586,-0.8398783,-0.8148379,-0.93325,-0.4963572,-1.0216361,-0.9292153,-0.5017851,-0.94885516,-0.95799476,-0.63370246,-0.7639928,-0.65133166,-0.69511765,0.5988122,0.62317413,-0.66495895,-0.70376,-0.6656494,-0.70341796,-0.6658082,-0.70350933,0.5789763,0.6023432,0.6023028,0.6280673,-0.6522975,-0.6876826,-0.63230735,-0.66235024,-0.6485578,-0.69114465,-0.59071505,-0.6450731,-0.60785794,-0.65642154,-0.6638135,-0.7000882,-0.5990299,-0.62577856,-0.32497722,-0.3849645,-0.6594294,-0.6924485,-0.61566925,-0.6657266,-0.6166105,-0.6660638,-0.4326163,-0.4479557,-0.58649915,-0.5987238
-1.4998071,-1.010463,-0.48686412,-1.3698667,-1.2942597,-1.4959712,-1.4678924,-1.0253055,-0.49367175,-1.5011786,-1.0192919,-0.49882194,-1.4940875,-1.736942,-0.1453476,-1.7716033,0.10388681,0.011106365,-0.20727773,-0.124586806,0.093760975,0.0018013788,0.09289712,0.0020807001,0.09919812,0.008035071,-0.21012098,-0.12972471,-0.20728442,-0.123102434,0.50469804,0.39145592,0.24474718,0.15247673,0.26472706,0.16605422,0.5136514,0.41126812,0.45605874,0.35838574,0.09338818,0.0039008253,0.29967773,0.20352261,0.03362931,-0.019595848,0.013142537,-0.06953284,0.13790722,0.04629594,0.12476771,0.033474904,-0.04089417,-0.083038725,0.06910325,-8.9126836e-05
-1.4998071,-0.8722547,-0.48924205,-1.3698667,-1.2942597,-1.4959712,-1.4025869,-0.8620758,-0.495382,-1.3543473,-0.8563435,-0.49481887,-1.3332629,-1.3115165,-0.63370246,-1.4357332,-0.65133166,-0.69511765,0.5988122,0.62317413,-0.66495895,-0.70376,-0.6656494,-0.70341796,-0.6658082,-0.70350933,0.5789763,0.6023432,0.6023028,0.6280673,-0.6522975,-0.6876826,-0.63230735,-0.66235024,-0.6485578,-0.69114465,-0.59071505,-0.6450731,-0.60785794,-0.65642154,-0.6638135,-0.7000882,-0.5990299,-0.62577856,-0.32497722,-0.3849645,-0.6594294,-0.6924485,-0.61566925,-0.6657266,-0.6166105,-0.6660638,-0.4326163,-0.4479557,-0.58649915,-0.5987238
0.530007,-0.09761103,-0.4783158,0.6348163,-0.005156449,0.47230738,0.4259657,-0.05972209,-0.47479087,0.3521697,-0.075229436,-0.47765684,0.38604426,0.6955147,-0.63310814,0.579488,-0.65133166,-0.664415,0.5988122,0.5943127,-0.66495895,-0.66938454,-0.6656494,-0.67054164,-0.6658082,-0.67060304,0.5789763,0.57034767,0.6023028,0.5936855,-0.6522975,-0.6564348,-0.63230735,-0.61877,-0.6485578,-0.6568819,-0.59071505,-0.6215644,-0.60785794,-0.63851184,-0.6638135,-0.6666081,-0.5990299,-0.5901425,-0.32497722,-0.2773672,-0.6594294,-0.66460025,-0.61566925,-0.6357668,-0.6166105,-0.6362648,-0.4326163,-0.43917307,-0.58649915,-0.5681006
1.8832164,1.0003135,-0.31945893,1.9712716,1.2839468,1.7844931,1.5361583,0.90955126,-0.30693305,1.5752698,0.95195353,-0.29009426,1.6432295,1.6940225,0.26071995,1.9229687,-0.18658161,-0.14894092,-0.33053306,-0.46025443,-0.023132248,0.046332784,0.030400606,0.110158354,0.03390473,0.11439168,-0.34629261,-0.47643626,-0.29222474,-0.41499937,0.042717546,0.12699088,0.13958001,0.23888186,0.12461326,0.22085534,0.31161073,0.43959847,-0.006529679,0.0644061,0.09338818,0.18463989,-0.3189978,-0.30103123,-0.26520947,-0.30843586,0.11255435,0.20610222,-0.3575762,-0.35925752,-0.35288978,-0.35334057,0.75981534,0.9480696,0.35090008,0.47697294
1.2066118,0.68786657,1.1844679,1.303044,0.8542457,1.1284002,1.927991,0.61338115,0.81430393,1.6854136,0.60300034,0.8057502,1.638734,1.5461928,1.1163107,1.2512283,0.8373422,0.8983824,-1.0676001,-1.1281965,0.83444726,0.88926464,0.830171,0.88487935,0.8319897,0.88673234,-1.0969825,-1.1571779,-1.0593418,-1.1187767,0.8644706,0.91870254,0.909483,0.9653891,0.8509009,0.90831167,0.75106883,0.8146515,0.75424564,0.8203886,0.8505898,0.9050565,1.5370289,1.6216549,0.9899134,1.1154679,0.76969355,0.82014555,0.6568537,0.71460384,0.6616278,0.7190662,1.1275337,1.1813997,0.72470564,0.7687196
0.530007,0.37099347,-0.10840949,0.6348163,0.42454463,0.47230738,0.1647439,-0.1362824,-0.44083682,-0.11050596,-0.011097019,-0.44013432,-0.2049837,-0.26591992,0.17186987,0.2436178,0.56863683,0.7404839,-1.136623,-0.51804316,0.73558766,0.70542806,0.78894705,0.68010426,0.7989111,0.6845608,-1.1353897,-0.49399525,-1.1018119,-0.53966093,1.199713,1.0502003,1.0166346,0.63710046,1.037898,0.8137476,1.4159772,1.1458701,1.057387,0.9371654,0.8505898,0.649444,0.57970977,0.73003376,0.09339705,0.1072536,0.78512627,0.5744755,0.39600024,0.7902382,0.38848844,0.7808743,1.1515374,0.18878776,1.0065024,0.30883646
-0.82320243,-0.8924555,-0.23319712,-0.701639,-0.005156449,-0.8398783,-0.4883106,-0.91646296,-0.26640248,-0.59238315,-0.928354,-0.30459103,-0.68763846,-0.86308914,0.44041297,-0.7639928,1.2706666,1.2313051,0.16495343,0.20560232,0.86769015,0.8235132,0.9143366,0.8747545,0.9106134,0.8709475,0.40439722,0.44425392,0.16167499,0.2000503,0.8358523,0.77917385,0.39555287,0.36929893,1.2326642,1.2069131,1.5652869,1.5793294,2.0827746,2.1282735,0.8505898,0.81506616,0.599247,0.6180964,2.065733,2.2696836,0.7923068,0.753607,2.1750479,2.1815574,2.139002,2.1407013,-0.43186435,-0.4472249,-0.53841096,-0.5534505
1.2066118,0.5629714,-0.11713555,1.303044,0.8542457,1.1284002,0.88310385,0.525911,-0.2814117,0.8821804,0.5638175,-0.27893502,0.8753695,1.1018153,-0.0961576,1.2512283,-0.051946986,-0.26855853,-0.22946364,0.038440622,0.0444399,-0.20170939,0.059997234,-0.18979686,0.061676018,-0.18856032,-0.26249468,0.008237542,-0.23117387,0.039533243,0.050894186,-0.18854201,0.16140714,-0.10116425,0.094608,-0.16030326,-0.095489375,-0.28457922,0.0033419628,-0.21274859,0.09338818,-0.16432907,0.00010852704,-0.20502795,-0.20544171,-0.29227856,0.08352075,-0.16878307,-0.1726325,-0.34715292,-0.17259088,-0.3472201,0.34380034,0.10249002,0.30521634,0.020933224
-0.82320243,-0.5472685,-0.4155698,-0.701639,-0.8645586,-0.8398783,-1.3372815,-0.5604309,-0.4343599,-1.3262835,-0.5520897,-0.4254841,-1.3447888,-1.2963152,-0.63370246,-1.0998629,-0.006787204,0.04157081,-0.374905,-0.34428227,0.061604466,0.101586826,0.060393654,0.089524776,0.067600556,0.09618813,-0.44056532,-0.40551844,-0.39840013,-0.36306491,0.41884324,0.455748,0.3399929,0.27979806,0.19105342,0.18398988,0.13044834,0.11327844,0.122361846,0.122415714,0.09338818,0.1099676,0.5927345,0.5421756,0.4520036,0.22835952,-0.008427161,0.013629533,-0.14088844,-0.0908075,-0.14837162,-0.09475312,0.68236744,0.54280704,0.11751205,0.18673065
-1.4998071,-0.4989653,-0.4839769,-1.3698667,-1.2942597,-1.4959712,-1.5331979,-0.60185087,-0.49181658,-1.3668927,-0.5800527,-0.48459035,-1.3666625,-1.304809,-0.63370246,-1.4357332,-0.65133166,-0.69511765,0.5988122,0.62317413,-0.66495895,-0.70376,-0.6656494,-0.70341796,-0.6658082,-0.70350933,0.5789763,0.6023432,0.6023028,0.6280673,-0.6522975,-0.6876826,-0.63230735,-0.66235024,-0.6485578,-0.69114465,-0.59071505,-0.6450731,-0.60785794,-0.65642154,-0.6638135,-0.7000882,-0.5990299,-0.62577856,-0.32497722,-0.3849645,-0.6594294,-0.6924485,-0.61566925,-0.6657266,-0.6166105,-0.6660638,-0.4326163,-0.4479557,-0.58649915,-0.5987238
-0.82320243,-0.85364103,-0.48897952,-0.701639,-0.8645586,-0.8398783,-0.7495324,-0.853717,-0.49526745,-0.8319897,-0.8552848,-0.50074714,-0.7645519,-0.71222675,-0.63370246,-0.7639928,-0.65133166,-0.69511765,0.5988122,0.62317413,-0.66495895,-0.70376,-0.6656494,-0.70341796,-0.6658082,-0.70350933,0.5789763,0.6023432,0.6023028,0.6280673,-0.6522975,-0.6876826,-0.63230735,-0.66235024,-0.6485578,-0.69114465,-0.59071505,-0.6450731,-0.60785794,-0.65642154,-0.6638135,-0.7000882,-0.5990299,-0.62577856,-0.32497722,-0.3849645,-0.6594294,-0.6924485,-0.61566925,-0.6657266,-0.6166105,-0.6660638,-0.4326163,-0.4479557,-0.58649915,-0.5987238
-1.4998071,-0.7103106,-0.48695788,-1.3698667,-1.2942597,-1.4959712,-1.4678924,-0.7573418,-0.49394703,-1.5129988,-0.74542195,-0.49920404,-1.4945092,-1.4983648,-0.63370246,-1.4357332,-0.65133166,-0.69511765,0.5988122,0.62317413,-0.66495895,-0.70376,-0.6656494,-0.70341796,-0.6658082,-0.70350933,0.5789763,0.6023432,0.6023028,0.6280673,-0.6522975,-0.6876826,-0.63230735,-0.66235024,-0.6485578,-0.69114465,-0.59071505,-0.6450731,-0.60785794,-0.65642154,-0.6638135,-0.7000882,-0.5990299,-0.62577856,-0.32497722,-0.3849645,-0.6594294,-0.6924485,-0.61566925,-0.6657266,-0.6166105,-0.6660638,-0.4326163,-0.4479557,-0.58649915,-0.5987238
-0.82320243,-0.3064139,-0.48126096,-0.701639,-0.8645586,-0.8398783,-1.0760597,-0.32107165,-0.48021042,-0.90085703,-0.36518735,-0.47889665,-0.9541312,-0.8312626,-0.56202996,-0.7639928,-0.65133166,-0.58688647,0.5988122,0.59139884,-0.66495895,-0.6177473,-0.6656494,-0.61966664,-0.6658082,-0.6203468,0.5789763,0.5828036,0.6023028,0.5983547,-0.6522975,-0.62031996,-0.63230735,-0.61389756,-0.6485578,-0.60861456,-0.59071505,-0.5612013,-0.60785794,-0.5691567,-0.6638135,-0.6242565,-0.5990299,-0.53709584,-0.32497722,-0.3849645,-0.6594294,-0.61412406,-0.61566925,-0.533684,-0.6166105,-0.53327405,-0.4326163,-0.44762197,-0.58649915,-0.58894885
-1.4998071,-0.10333972,1.463073,-1.3698667,-0.8645586,-1.2573919,-1.1413652,0.039572667,1.7298527,-1.1665888,0.034117002,1.755061,-1.1585332,-1.4752228,0.18693556,-1.4357332,0.20170431,0.30343977,0.1476977,0.099330194,0.1298285,0.22144964,0.12407932,0.21603128,0.12042774,0.21192175,0.19839399,0.1603605,0.16167499,0.1162886,-0.014519027,0.05696569,-0.12433008,-0.07157954,-0.10846324,-0.0565726,-0.29565588,-0.2917793,-0.28948817,-0.27628148,0.09338818,0.18116704,0.12384364,0.20923215,-0.32497722,-0.3849645,0.19858955,0.3023227,0.2069161,0.30720717,0.21626268,0.31769055,-0.38886026,-0.3969299,0.2587311,0.36739883
-0.14659771,-0.56496924,-0.48490787,-0.03341135,-0.43485752,-0.18378547,-0.22708881,-0.5729021,-0.44042158,-0.3716306,-0.5533408,-0.4479081,-0.30863312,-0.21923336,-0.534247,-0.09225239,-0.65133166,-0.5576392,0.5988122,0.52584237,-0.66495895,-0.56603605,-0.6656494,-0.56249315,-0.6658082,-0.5621775,0.5789763,0.5106471,0.6023028,0.5217345,-0.6522975,-0.5354737,-0.63230735,-0.5151792,-0.6485578,-0.5098641,-0.59071505,-0.41109225,-0.60785794,-0.44430918,-0.6638135,-0.55671793,-0.5990299,-0.45688787,-0.32497722,-0.19894236,-0.6594294,-0.5648786,-0.61566925,-0.5055822,-0.6166105,-0.5080865,-0.4326163,-0.42204767,-0.58649915,-0.5006557
1.8832164,0.95640165,1.508826,1.9712716,1.2839468,2.0230722,1.2749366,0.85016185,1.1959032,1.605182,0.8986894,1.3139358,1.5760387,1.8225468,0.011833258,1.9229687,0.5563291,0.37577194,0.45090583,0.4746218,0.2845274,0.1381123,0.20679139,0.07290978,0.1963359,0.06405162,0.523111,0.5344294,0.42445907,0.45314863,-0.08810883,-0.17327261,-0.28108868,-0.33024377,-0.23786089,-0.30047026,-0.43318906,-0.46109602,-0.4261297,-0.44947731,0.09338818,-0.023106676,0.18896736,0.05473995,-0.32497722,-0.367052,0.21252887,0.07793911,0.74656516,0.5543279,0.7342855,0.5425299,-0.4326163,-0.44493675,-0.54305947,-0.5408629
-0.14659771,-0.31334025,-0.48135862,-0.03341135,-0.43485752,-0.18378547,-0.42300516,-0.31242344,-0.48785114,-0.2441238,-0.28796187,-0.470772,-0.24960098,0.009391469,-0.63370246,-0.09225239,-0.65133166,-0.69511765,0.5988122,0.62317413,-0.66495895,-0.70376,-0.6656494,-0.70341796,-0.6658082,-0.70350933,0.5789763,0.6023432,0.6023028,0.6280673,-0.6522975,-0.6876826,-0.63230735,-0.66235024,-0.6485578,-0.69114465,-0.59071505,-0.6450731,-0.60785794,-0.65642154,-0.6638135,-0.7000882,-0.5990299,-0.62577856,-0.32497722,-0.3849645,-0.6594294,-0.6924485,-0.61566925,-0.6657266,-0.6166105,-0.6660638,-0.4326163,-0.4479557,-0.58649915,-0.5987238
1.2066118,2.0980942,-0.16780432,1.303044,0.8542457,1.1284002,0.88310385,2.1603432,-0.2844447,0.686258,2.1179507,-0.2779314,0.6358961,1.0953879,-0.63370246,0.9153582,0.20476928,-0.23231477,-0.08648746,0.24858905,0.116140224,-0.28430247,0.11443398,-0.2835854,0.11573747,-0.28287378,-0.04950826,0.25815064,-0.07987399,0.25604722,0.25122204,-0.2012101,0.21498287,-0.20401804,0.2690135,-0.19195656,0.7031977,0.0727651,0.6046208,0.02035503,0.09338818,-0.29185852,0.09128174,-0.2286042,-0.08590619,-0.24371767,0.050972123,-0.31128702,0.3587355,-0.13165708,0.3440865,-0.14022984,-0.336139,-0.3951184,-0.086061314,-0.33590308
0.530007,0.23711485,-0.47359455,0.6348163,-0.005156449,0.47230738,0.75249296,0.25204244,-0.42917934,0.32154864,0.27889767,-0.42246372,0.4607352,0.6702701,-0.5629458,0.579488,-0.65133166,-0.611013,0.5988122,0.55254954,-0.66495895,-0.6213844,-0.6656494,-0.6236759,-0.6658082,-0.62338346,0.5789763,0.53435665,0.6023028,0.5570921,-0.6522975,-0.57571894,-0.63230735,-0.5861688,-0.6485578,-0.60643,-0.59071505,-0.5533394,-0.60785794,-0.55651766,-0.6638135,-0.62353057,-0.5990299,-0.5205626,-0.32497722,-0.3849645,-0.6594294,-0.6210119,-0.61566925,-0.58233905,-0.6166105,-0.58336294,-0.4326163,-0.41724262,-0.58649915,-0.5305354
-0.82320243,-0.7001993,-0.48681524,-0.701639,-0.8645586,-0.8398783,-1.0107542,-0.7892236,-0.48549297,-1.1969311,-0.78823656,-0.4873596,-1.181773,-1.1084781,-0.61887825,-0.7639928,-0.65133166,-0.65633583,0.5988122,0.5950439,-0.66495895,-0.6677912,-0.6656494,-0.6671803,-0.6658082,-0.66726583,0.5789763,0.57668483,0.6023028,0.5988419,-0.6522975,-0.6509581,-0.63230735,-0.6217317,-0.6485578,-0.6473024,-0.59071505,-0.589611,-0.60785794,-0.5993528,-0.6638135,-0.66447896,-0.5990299,-0.6117959,-0.32497722,-0.35970804,-0.6594294,-0.65924686,-0.61566925,-0.6221913,-0.6166105,-0.62270373,-0.4326163,-0.44423267,-0.58649915,-0.57257456
1.8832164,1.2794363,2.4540856,1.9712716,2.143349,2.0230722,1.1443256,1.5748266,3.0065117,1.3009768,1.5636578,3.0659022,1.4232146,1.051081,0.91744906,1.2512283,1.7434862,2.0543838,-1.323971,-1.6645124,1.5966437,1.9001306,1.6188428,1.9290321,1.6241503,1.9359951,-1.2226793,-1.5618122,-1.2929277,-1.6299689,1.9315231,2.3076658,1.3281673,1.6418005,1.7529339,2.1015587,1.8136948,2.1705647,2.0085645,2.377355,1.6077914,1.926437,1.3937566,1.7262039,1.5278232,2.0373733,1.5486242,1.8414583,1.8175824,2.1131577,1.8039691,2.0948818,1.0669751,1.4239187,1.0300659,1.2824999
-0.14659771,0.081274524,1.4656448,-0.03341135,-0.005156449,0.05479375,-0.4883106,-0.11141366,1.0827787,-0.55972296,-0.041935217,1.2266866,-0.51404375,-0.6886054,0.0035863526,-0.09225239,0.20170431,0.012705614,0.1476977,0.25174648,0.1298285,-0.047940042,0.12407932,-0.05168051,0.12042774,-0.05461866,0.19839399,0.28893483,0.16167499,0.26518065,-0.014519027,-0.15978098,-0.12433008,-0.2433877,-0.10846324,-0.24110389,-0.29565588,-0.39407468,-0.28948817,-0.38642988,0.09338818,-0.07541985,0.12384364,-0.03431565,-0.32497722,-0.3845372,0.19858955,0.012595858,0.2069161,0.024006123,0.21626268,0.03133442,-0.38886026,-0.41177785,0.2587311,0.08589527
-0.14659771,1.7581712,5.4645457,-0.03341135,0.8542457,0.5319522,0.1647439,1.8330626,5.474759,0.27271333,1.8124275,5.5599513,0.25501472,-0.42724022,1.5969667,-0.09225239,2.9716508,3.0598373,0.155093,0.16706349,2.1835,2.2317636,1.951673,1.9940587,1.920624,1.9622755,0.41138038,0.42998034,0.06877159,0.07954089,1.0402684,1.0621437,0.42134863,0.42210752,0.58353287,0.59041876,-0.11813722,-0.14300244,-0.062673196,-0.078238636,1.6077914,1.6400169,1.7649618,1.7872711,-0.32497722,-0.38410586,1.9564455,1.9917148,3.471034,3.6141381,3.4360774,3.5722034,-0.4326163,-0.44795248,-0.45618016,-0.4670536
1.2066118,-0.67366856,0.23347156,1.303044,2.57305,1.1284002,2.646351,-0.6639563,0.2538333,2.4176877,-0.67043424,0.24092984,2.3841364,1.3181249,3.601986,1.2512283,1.6724187,1.7424355,-4.047914,-4.2121,2.5441747,2.6438577,2.814601,2.9275227,2.8327565,2.9467323,-4.047368,-4.212183,-3.8703346,-4.0270743,2.8227775,2.948155,3.2271295,3.3597925,3.2172973,3.3790545,3.920914,4.1957498,2.3987832,2.560588,3.1221948,3.2483976,0.80113053,0.8235486,-0.026138432,-0.043421958,3.200489,3.3177273,0.67479604,0.7020259,0.7019932,0.72960055,5.529542,5.782419,4.1004963,4.2020445
0.530007,-0.47349408,-0.4836176,0.6348163,-0.005156449,0.47230738,0.36066025,-0.4367234,-0.4831049,0.34940422,-0.4318647,-0.48791632,0.32240307,0.65822846,-0.61979294,0.579488,-0.65133166,-0.6803126,0.5988122,0.6130136,-0.66495895,-0.6871687,-0.6656494,-0.68506676,-0.6658082,-0.685123,0.5789763,0.59302485,0.6023028,0.616563,-0.6522975,-0.6732376,-0.63230735,-0.646178,-0.6485578,-0.6651969,-0.59071505,-0.61322534,-0.60785794,-0.6300023,-0.6638135,-0.68003696,-0.5990299,-0.5917171,-0.32497722,-0.36241692,-0.6594294,-0.67464334,-0.61566925,-0.64288366,-0.6166105,-0.64375263,-0.4326163,-0.44636962,-0.58649915,-0.59313345
-0.82320243,-1.0066314,-0.49113742,-0.701639,-0.8645586,-0.8398783,-1.4025869,-1.0205151,-0.4975528,-1.3868185,-1.0148236,-0.50298697,-1.3944438,-1.5705938,-0.63370246,-0.7639928,-0.65133166,-0.69511765,0.5988122,0.62317413,-0.66495895,-0.70376,-0.6656494,-0.70341796,-0.6658082,-0.70350933,0.5789763,0.6023432,0.6023028,0.6280673,-0.6522975,-0.6876826,-0.63230735,-0.66235024,-0.6485578,-0.69114465,-0.59071505,-0.6450731,-0.60785794,-0.65642154,-0.6638135,-0.7000882,-0.5990299,-0.62577856,-0.32497722,-0.3849645,-0.6594294,-0.6924485,-0.61566925,-0.6657266,-0.6166105,-0.6660638,-0.4326163,-0.4479557,-0.58649915,-0.5987238
0.530007,0.1279504,-0.4751343,0.6348163,-0.005156449,0.47230738,0.23004936,0.16382287,-0.48132598,0.2795993,0.16014802,-0.48649105,0.24233526,0.5999444,-0.63370246,0.579488,-0.65133166,-0.69511765,0.5988122,0.62317413,-0.66495895,-0.70376,-0.6656494,-0.70341796,-0.6658082,-0.70350933,0.5789763,0.6023432,0.6023028,0.6280673,-0.6522975,-0.6876826,-0.63230735,-0.66235024,-0.6485578,-0.69114465,-0.59071505,-0.6450731,-0.60785794,-0.65642154,-0.6638135,-0.7000882,-0.5990299,-0.62577856,-0.32497722,-0.3849645,-0.6594294,-0.6924485,-0.61566925,-0.6657266,-0.6166105,-0.6660638,-0.4326163,-0.4479557,-0.58649915,-0.5987238
1.2066118,-0.27112842,-0.48076326,1.303044,0.42454463,1.1284002,0.88310385,-0.26163945,-0.48715535,0.70561594,-0.25221148,-0.49228033,0.76269966,1.00484,-0.63370246,1.2512283,-0.65133166,-0.69511765,0.5988122,0.62317413,-0.66495895,-0.70376,-0.6656494,-0.70341796,-0.6658082,-0.70350933,0.5789763,0.6023432,0.6023028,0.6280673,-0.6522975,-0.6876826,-0.63230735,-0.66235024,-0.6485578,-0.69114465,-0.59071505,-0.6450731,-0.60785794,-0.65642154,-0.6638135,-0.7000882,-0.5990299,-0.62577856,-0.32497722,-0.3849645,-0.6594294,-0.6924485,-0.61566925,-0.6657266,-0.6166105,-0.6660638,-0.4326163,-0.4479557,-0.58649915,-0.5987238
-0.14659771,-0.38969788,-0.48243564,-0.03341135,-0.43485752,-0.18378547,-0.42300516,-0.2332853,-0.48676684,-0.4353222,-0.2913383,-0.49071383,-0.42248195,-0.24314399,-0.63370246,-0.09225239,-0.65133166,-0.69511765,0.5988122,0.62317413,-0.66495895,-0.70376,-0.6656494,-0.70341796,-0.6658082,-0.70350933,0.5789763,0.6023432,0.6023028,0.6280673,-0.6522975,-0.6876826,-0.63230735,-0.66235024,-0.6485578,-0.69114465,-0.59071505,-0.6450731,-0.60785794,-0.65642154,-0.6638135,-0.7000882,-0.5990299,-0.62577856,-0.32497722,-0.3849645,-0.6594294,-0.6924485,-0.61566925,-0.6657266,-0.6166105,-0.6660638,-0.4326163,-0.4479557,-0.58649915,-0.5987238
-0.14659771,1.2435523,1.4820063,-0.03341135,-0.005156449,0.05479375,-0.35769972,1.2580867,1.6911364,-0.15833265,1.235651,1.6374397,-0.17842606,-0.30113775,0.17144576,-0.09225239,0.20170431,0.2784228,0.1476977,0.11245408,0.1298285,0.19827026,0.12407932,0.19299619,0.12042774,0.18898752,0.19839399,0.17143357,0.16167499,0.1291103,-0.014519027,0.038309846,-0.12433008,-0.086380176,-0.10846324,-0.07247055,-0.29565588,-0.30063042,-0.28948817,-0.28580514,0.09338818,0.15908884,0.12384364,0.18831247,-0.32497722,-0.3849645,0.19858955,0.27740064,0.2069161,0.282832,0.21626268,0.29304433,-0.38886026,-0.39820823,0.2587311,0.34319445
1.2066118,-0.45582744,-0.48336843,-0.03341135,0.42454463,1.1284002,0.75249296,-0.21083502,-0.48645926,0.68206656,-0.22855197,-0.49194816,0.80251783,0.971357,-0.63370246,1.2512283,-0.65133166,-0.69511765,0.5988122,0.62317413,-0.66495895,-0.70376,-0.6656494,-0.70341796,-0.6658082,-0.70350933,0.5789763,0.6023432,0.6023028,0.6280673,-0.6522975,-0.6876826,-0.63230735,-0.66235024,-0.6485578,-0.69114465,-0.59071505,-0.6450731,-0.60785794,-0.65642154,-0.6638135,-0.7000882,-0.5990299,-0.62577856,-0.32497722,-0.3849645,-0.6594294,-0.6924485,-0.61566925,-0.6657266,-0.6166105,-0.6660638,-0.4326163,-0.4479557,-0.58649915,-0.5987238
-0.14659771,0.660465,-0.46762326,-0.03341135,-0.43485752,-0.18378547,-0.35769972,0.8384881,-0.47208232,-0.30222476,0.8254654,-0.4695571,-0.33152127,-0.08768051,-0.63370246,-0.09225239,-0.65133166,-0.69511765,0.5988122,0.62317413,-0.66495895,-0.70376,-0.6656494,-0.70341796,-0.6658082,-0.70350933,0.5789763,0.6023432,0.6023028,0.6280673,-0.6522975,-0.6876826,-0.63230735,-0.66235024,-0.6485578,-0.69114465,-0.59071505,-0.6450731,-0.60785794,-0.65642154,-0.6638135,-0.7000882,-0.5990299,-0.62577856,-0.32497722,-0.3849645,-0.6594294,-0.6924485,-0.61566925,-0.6657266,-0.6166105,-0.6660638,-0.4326163,-0.4479557,-0.58649915,-0.5987238
-0.82320243,-0.084201686,-0.23616558,-0.701639,-0.8645586,-0.8398783,-0.35769972,-0.08537648,-0.22013949,-0.47098026,-0.053167038,-0.2184267,-0.4509213,-0.5897389,0.18024428,-0.7639928,0.2524553,0.31603375,0.039232958,0.0021319364,0.16372314,0.21822007,0.1358387,0.18843094,0.12980825,0.18185282,0.06920547,0.036526185,0.04753649,0.012231759,-0.11263875,-0.08547679,-0.027100055,0.0103524495,-0.041487265,-0.009442453,-0.10962886,-0.09452641,-0.075179346,-0.04853647,0.09338818,0.1421716,0.566685,0.6611855,-0.32497722,-0.3849645,0.1504942,0.20501095,0.26074296,0.325003,0.27411973,0.33947393,-0.3211584,-0.32373127,0.117672354,0.17054848
-0.82320243,-0.67954224,-0.48652387,-0.701639,-0.8645586,-0.8398783,-0.88014334,-0.7157223,-0.4933768,-0.9345284,-0.70673656,-0.4986616,-0.9486657,-0.85682666,-0.63370246,-0.7639928,-0.65133166,-0.69511765,0.5988122,0.62317413,-0.66495895,-0.70376,-0.6656494,-0.70341796,-0.6658082,-0.70350933,0.5789763,0.6023432,0.6023028,0.6280673,-0.6522975,-0.6876826,-0.63230735,-0.66235024,-0.6485578,-0.69114465,-0.59071505,-0.6450731,-0.60785794,-0.65642154,-0.6638135,-0.7000882,-0.5990299,-0.62577856,-0.32497722,-0.3849645,-0.6594294,-0.6924485,-0.61566925,-0.6657266,-0.6166105,-0.6660638,-0.4326163,-0.4479557,-0.58649915,-0.5987238
-0.14659771,-0.24523279,-0.2464672,-0.03341135,-0.005156449,-0.18378547,0.36066025,-0.17338286,-0.22022912,0.27009237,-0.15482539,-0.20190857,0.27086768,0.21177307,0.33772615,-0.09225239,-0.051946986,-0.00031781735,-0.22946364,-0.32926774,0.0444399,0.11400406,0.059997234,0.13319266,0.061676018,0.1352643,-0.26249468,-0.36536446,-0.23117387,-0.33056515,0.050894186,0.12534153,0.16140714,0.25173634,0.094608,0.17351517,-0.095489375,-0.057883434,0.0033419628,0.06625416,0.09338818,0.1725819,0.00010852704,0.059560135,-0.20544171,-0.23399323,0.08352075,0.1605228,-0.1726325,-0.14681858,-0.17259088,-0.14671597,0.34380034,0.44863653,0.30521634,0.41060323
-0.14659771,-0.47725093,-0.4836706,-0.03341135,-0.43485752,-0.18378547,-0.22708881,-0.45369714,-0.47224262,-0.0010149855,-0.44266185,-0.47353053,-0.014982027,0.3598634,-0.63370246,-0.09225239,-0.65133166,-0.6589986,0.5988122,0.5974079,-0.66495895,-0.6701938,-0.6656494,-0.66955185,-0.6658082,-0.66963226,0.5789763,0.5788797,0.6023028,0.601366,-0.6522975,-0.65302086,-0.63230735,-0.62551916,-0.6485578,-0.65020484,-0.59071505,-0.59358644,-0.60785794,-0.6028321,-0.6638135,-0.666759,-0.5990299,-0.6126912,-0.32497722,-0.36478376,-0.6594294,-0.6613098,-0.61566925,-0.6253492,-0.6166105,-0.6256724,-0.4326163,-0.44442517,-0.58649915,-0.57381946
-0.14659771,0.970892,-0.4632447,-1.3698667,-0.43485752,-0.18378547,-0.55361605,0.8823862,-0.46931967,-0.51050144,0.6739621,-0.45677504,-0.5210043,-0.39674056,-0.63370246,-0.09225239,-0.65133166,-0.68374604,0.5988122,0.6205125,-0.66495895,-0.69294447,-0.6656494,-0.69317085,-0.6658082,-0.69333047,0.5789763,0.60023886,0.6023028,0.6248006,-0.6522975,-0.67988956,-0.63230735,-0.65785915,-0.6485578,-0.68266374,-0.59071505,-0.63197035,-0.60785794,-0.64872843,-0.6638135,-0.6905601,-0.5990299,-0.62179315,-0.32497722,-0.3849645,-0.6594294,-0.68257344,-0.61566925,-0.6529128,-0.6166105,-0.6531249,-0.4326163,-0.44794697,-0.58649915,-0.59752727
-1.4998071,-0.88435787,-0.48941278,-1.3698667,-1.2942597,-1.4959712,-1.271976,-0.85566044,-0.49529406,-1.3869175,-0.85782385,-0.5007828,-1.3615828,-1.346911,-0.63370246,-1.4357332,-0.65133166,-0.69511765,0.5988122,0.62317413,-0.66495895,-0.70376,-0.6656494,-0.70341796,-0.6658082,-0.70350933,0.5789763,0.6023432,0.6023028,0.6280673,-0.6522975,-0.6876826,-0.63230735,-0.66235024,-0.6485578,-0.69114465,-0.59071505,-0.6450731,-0.60785794,-0.65642154,-0.6638135,-0.7000882,-0.5990299,-0.62577856,-0.32497722,-0.3849645,-0.6594294,-0.6924485,-0.61566925,-0.6657266,-0.6166105,-0.6660638,-0.4326163,-0.4479557,-0.58649915,-0.5987238
-1.4998071,-0.9169418,-0.28583246,-1.3698667,-1.2942597,-1.4959712,-1.2066705,-0.91487235,-0.26308113,-1.2037277,-0.91199344,-0.26924536,-1.1989102,-1.4640623,0.062492013,-1.4357332,-0.063814744,-0.009390427,0.01458189,-0.059000906,0.0444399,0.122285895,0.048237856,0.12900853,0.054764085,0.13679571,-0.056491446,-0.1395063,-0.09580026,-0.1863144,0.31254685,0.43868703,0.28840142,0.41044313,0.21677224,0.33188012,-0.15681769,-0.116590545,0.012005548,0.0974047,0.09338818,0.18366064,0.13035597,0.20467599,0.9301457,1.2758712,-0.0049215024,0.067579,0.004030129,0.065793715,0.010399031,0.07329555,-0.2956509,-0.28636396,0.08593414,0.17334798
1.8832164,0.59975874,1.2668337,1.9712716,1.7136478,1.7844931,1.0790203,0.2858634,0.65505314,1.2128388,0.316545,0.7138162,1.2300333,1.2612867,0.337247,1.5870986,0.60506207,0.17990783,-1.1982507,-0.8692038,0.7431922,0.27964592,0.77784836,0.31183836,0.78570426,0.32135242,-1.2541035,-0.9525694,-1.1920611,-0.86266834,1.0157385,0.6647833,1.0225874,0.63954884,0.84982944,0.5525003,0.6840339,0.5808171,0.65710086,0.5081353,0.8505898,0.39113158,0.9704523,0.6586464,0.9899134,1.3470532,0.75458527,0.23625435,0.35045448,-0.025649609,0.348123,-0.03555524,1.4107767,1.368016,0.9847027,0.33298928
-0.82320243,-0.52086467,-0.4842857,-0.701639,-0.8645586,-0.8398783,-0.55361605,-0.6130307,-0.49018854,-0.58814627,-0.5496461,-0.49441862,-0.6020421,-0.36061987,-0.6314181,-0.7639928,-0.65133166,-0.6836506,0.5988122,0.61483085,-0.66495895,-0.6927928,-0.6656494,-0.6929176,-0.6658082,-0.693012,0.5789763,0.5944793,0.6023028,0.6199454,-0.6522975,-0.6759103,-0.63230735,-0.65461516,-0.6485578,-0.6808164,-0.59071505,-0.6356683,-0.60785794,-0.64496964,-0.6638135,-0.6902091,-0.5990299,-0.6117797,-0.32497722,-0.3849645,-0.6594294,-0.68278295,-0.61566925,-0.65458184,-0.6166105,-0.65471494,-0.4326163,-0.44520944,-0.58649915,-0.5897584
-0.82320243,-0.79788035,-0.029899998,-0.701639,-0.005156449,-0.3627199,-0.42300516,-0.81583905,-0.056294262,-0.80160385,-0.8022584,-0.034455262,-0.5570741,-1.1431777,0.59087825,-1.0998629,1.4396275,1.3514714,-0.27383563,-0.2241156,1.100173,1.0144674,1.0110542,0.92891145,1.0031844,0.9214055,-0.11933987,-0.07584349,-0.25240898,-0.20208022,0.9830319,0.9093255,0.49079862,0.43004727,0.7691904,0.70177436,0.66507983,0.6122882,1.0618795,1.0105978,0.8505898,0.77369016,1.2244349,1.1352658,-0.32497722,-0.3849645,0.9139299,0.83279765,1.6809447,1.6053562,1.6788363,1.6006202,-0.36731482,-0.38418362,0.12039735,0.07767306
1.2066118,2.2190518,2.369152,1.303044,1.2839468,1.1284002,1.8626857,1.6188694,1.6952746,1.6805735,1.461215,1.6288342,1.5494971,1.5223994,1.1830308,1.2512283,0.51844215,0.533831,-1.6148537,-1.6807323,0.67648923,0.69758916,0.72301525,0.7470428,0.73855484,0.76345927,-1.7533996,-1.8252704,-1.6114539,-1.6768683,1.3019212,1.3620532,1.2408588,1.2931181,1.1362187,1.1901989,1.1306803,1.2107126,1.0509921,1.1224245,0.8505898,0.88057005,1.3416576,1.3784468,2.304804,2.6231923,0.5789693,0.59535146,0.17655219,0.1755404,0.15840556,0.15603513,2.4647682,2.577345,0.6275675,0.6472189
-1.4998071,-0.92321044,-0.2993075,-1.3698667,-0.8645586,-1.4959712,-1.5985032,-0.9927138,-0.42562136,-1.7463671,-0.9927812,-0.4421009,-1.7538471,-1.8212987,-0.5368166,-2.1074736,0.278879,-0.0799405,0.049093425,0.26304597,0.18805778,-0.14300755,0.15116553,-0.16880436,0.14918643,-0.1700022,0.08666337,0.27809533,0.06346281,0.27157235,0.21033876,-0.11469257,-0.027100055,-0.25295186,0.11389707,-0.18417962,0.12520401,-0.15217648,0.26632896,-0.049376253,0.09338818,-0.20604718,0.5015613,0.013072182,-0.32497722,-0.3849645,0.10109609,-0.20136842,0.34493375,-0.027629456,0.35350507,-0.023625497,-0.3207246,-0.3727946,-0.022905493,-0.22855267
1.2066118,-0.31188798,-0.48133817,1.303044,0.42454463,1.1284002,0.6218821,-0.34848624,-0.47412276,0.5099798,-0.35561144,-0.48494482,0.52144194,0.83188754,-0.63370246,1.2512283,-0.65133166,-0.65825856,0.5988122,0.6068797,-0.66495895,-0.6724791,-0.6656494,-0.6724035,-0.6658082,-0.6725713,0.5789763,0.58972883,0.6023028,0.61235446,-0.6522975,-0.6571936,-0.63230735,-0.6404312,-0.6485578,-0.6551117,-0.59071505,-0.5981096,-0.60785794,-0.6054939,-0.6638135,-0.67092323,-0.5990299,-0.62577856,-0.32497722,-0.35973692,-0.6594294,-0.66419303,-0.61566925,-0.6219662,-0.6166105,-0.6223036,-0.4326163,-0.44752374,-0.58649915,-0.5880518
1.2066118,0.41303432,-0.4711132,1.303044,0.42454463,1.1284002,1.1443256,0.5430536,-0.47613013,0.89331025,0.5296613,-0.4813033,0.9526064,1.27912,-0.63370246,1.2512283,-0.65133166,-0.69511765,0.5988122,0.62317413,-0.66495895,-0.70376,-0.6656494,-0.70341796,-0.6658082,-0.70350933,0.5789763,0.6023432,0.6023028,0.6280673,-0.6522975,-0.6876826,-0.63230735,-0.66235024,-0.6485578,-0.69114465,-0.59071505,-0.6450731,-0.60785794,-0.65642154,-0.6638135,-0.7000882,-0.5990299,-0.62577856,-0.32497722,-0.3849645,-0.6594294,-0.6924485,-0.61566925,-0.6657266,-0.6166105,-0.6660638,-0.4326163,-0.4479557,-0.58649915,-0.5987238
1.2066118,0.9249282,-0.36706635,1.303044,0.42454463,1.1284002,0.9484093,1.0484784,-0.029988755,0.78977,1.0559982,-0.067581914,0.817628,1.0820856,-0.55739343,1.2512283,-0.0893205,0.12217691,-0.4192769,-0.3891651,0.04183256,0.1941458,0.04334914,0.17509331,0.048716094,0.17767014,-0.51039696,-0.46440375,-0.46210527,-0.43776634,0.21851549,0.2550607,0.40745857,0.41256243,0.095143825,0.14826486,-0.089138836,-0.007531914,-0.0684486,-0.04917565,0.09338818,0.19763665,0.29967773,0.36699796,1.4680555,1.6774762,-0.005829999,0.10473849,-0.18091358,0.048683412,-0.18066396,0.05451735,0.29614013,0.22681493,0.38840884,0.3762775
-0.14659771,-0.73886627,-0.48736063,-0.03341135,-0.43485752,-0.18378547,-0.42300516,-0.63748616,-0.4912663,-0.32303953,-0.6639779,-0.49585637,-0.33616605,-0.097898215,-0.62922835,-0.09225239,-0.65133166,-0.68916404,0.5988122,0.6193357,-0.66495895,-0.6981859,-0.6656494,-0.69811004,-0.6658082,-0.6982241,0.5789763,0.5987942,0.6023028,0.62433106,-0.6522975,-0.682862,-0.63230735,-0.65873796,-0.6485578,-0.68645585,-0.59071505,-0.64078814,-0.60785794,-0.65164626,-0.6638135,-0.6951439,-0.5990299,-0.6187301,-0.32497722,-0.3849645,-0.6594294,-0.6874578,-0.61566925,-0.6599015,-0.6166105,-0.6601699,-0.4326163,-0.4468806,-0.58649915,-0.5942008
0.530007,0.06400489,-0.47603625,-0.701639,-0.005156449,0.47230738,0.23004936,0.19642499,-0.45374036,0.34441414,0.19973229,-0.4545014,0.34246472,0.6705627,-0.63370246,0.579488,-0.65133166,-0.65165615,0.5988122,0.60805315,-0.66495895,-0.6683157,-0.6656494,-0.667705,-0.6658082,-0.6679238,0.5789763,0.59225434,0.6023028,0.61414194,-0.6522975,-0.6555246,-0.63230735,-0.64318174,-0.6485578,-0.6470825,-0.59071505,-0.5866928,-0.60785794,-0.58712405,-0.6638135,-0.6663555,-0.5990299,-0.62577856,-0.32497722,-0.35286793,-0.6594294,-0.66023654,-0.61566925,-0.6092387,-0.6166105,-0.609914,-0.4326163,-0.44779566,-0.58649915,-0.5934077
1.8832164,2.8253212,0.051970333,1.9712716,1.2839468,1.9634275,1.340242,2.7281346,-0.016712798,1.3235333,2.7513506,-0.014335684,1.2117107,1.5461626,0.1481481,1.9229687,0.15669882,0.025170766,-0.23439386,0.024124255,0.14090942,-0.021797493,0.11998333,-0.041720998,0.12351344,-0.04061097,-0.22757888,0.03744697,-0.22055633,0.035444558,0.43928495,0.13496302,0.24077861,-0.007574475,0.2743716,0.04917728,0.5690082,0.2818349,0.46875432,0.21348296,0.09338818,-0.07156531,-0.0064038453,-0.210688,0.03362931,-0.10832014,0.022242233,-0.111521006,0.19035394,0.086845726,0.17993377,0.0820904,-0.13277319,-0.2444716,0.07246943,-0.13842016
-0.82320243,0.07507246,1.4655575,-0.701639,-0.43485752,-0.6012991,-0.55361605,-0.055906355,1.0985277,-0.65745515,0.0014738501,1.2350973,-0.6257119,-0.75833666,0.0035863526,-0.7639928,0.20170431,0.043563135,0.1476977,0.22973368,0.1298285,-0.01926344,0.12407932,-0.02274776,0.12042774,-0.025676504,0.19839399,0.2688893,0.16167499,0.24236897,-0.014519027,-0.13016848,-0.12433008,-0.21192186,-0.10846324,-0.20612784,-0.29565588,-0.3500882,-0.28948817,-0.3406469,0.09338818,-0.04694575,0.12384364,-0.023134826,-0.32497722,-0.36729625,0.19858955,0.039198563,0.2069161,0.058501646,0.21626268,0.065841936,-0.38886026,-0.40876165,0.2587311,0.10717177
1.2066118,-0.6039148,-0.48545718,1.303044,0.42454463,1.1284002,0.4259657,-0.6102816,-0.4919321,0.6852381,-0.6059503,-0.49724042,0.6912844,1.0403135,-0.63370246,1.2512283,-0.65133166,-0.69511765,0.5988122,0.62317413,-0.66495895,-0.70376,-0.6656494,-0.70341796,-0.6658082,-0.70350933,0.5789763,0.6023432,0.6023028,0.6280673,-0.6522975,-0.6876826,-0.63230735,-0.66235024,-0.6485578,-0.69114465,-0.59071505,-0.6450731,-0.60785794,-0.65642154,-0.6638135,-0.7000882,-0.5990299,-0.62577856,-0.32497722,-0.3849645,-0.6594294,-0.6924485,-0.61566925,-0.6657266,-0.6166105,-0.6660638,-0.4326163,-0.4479557,-0.58649915,-0.5987238
0.530007,0.23734947,-0.47359124,0.6348163,-0.005156449,0.47230738,0.034133,0.26674357,-0.4799159,0.039801832,0.2699052,-0.48494855,0.023709888,0.19531402,-0.63370246,0.579488,-0.65133166,-0.69511765,0.5988122,0.62317413,-0.66495895,-0.70376,-0.6656494,-0.70341796,-0.6658082,-0.70350933,0.5789763,0.6023432,0.6023028,0.6280673,-0.6522975,-0.6876826,-0.63230735,-0.66235024,-0.6485578,-0.69114465,-0.59071505,-0.6450731,-0.60785794,-0.65642154,-0.6638135,-0.7000882,-0.5990299,-0.62577856,-0.32497722,-0.3849645,-0.6594294,-0.6924485,-0.61566925,-0.6657266,-0.6166105,-0.6660638,-0.4326163,-0.4479557,-0.58649915,-0.5987238
-1.4998071,-0.92868906,-0.4900381,-1.3698667,-1.2942597,-1.4959712,-1.4678924,-0.92129546,-0.49015757,-1.6034485,-0.9276789,-0.49525723,-1.6507998,-1.6133667,-0.62596196,-1.4357332,-0.65133166,-0.6562616,0.5988122,0.5949028,-0.66495895,-0.66659755,-0.6656494,-0.66783744,-0.6658082,-0.6679389,0.5789763,0.5756963,0.6023028,0.6005463,-0.6522975,-0.647792,-0.63230735,-0.63614,-0.6485578,-0.6561473,-0.59071505,-0.6132048,-0.60785794,-0.6176167,-0.6638135,-0.6666129,-0.5990299,-0.5783435,-0.32497722,-0.3849645,-0.6594294,-0.6596967,-0.61566925,-0.62796277,-0.6166105,-0.62760836,-0.4326163,-0.43865,-0.58649915,-0.5683443
-0.82320243,-0.6845963,0.0024633955,-0.701639,-0.43485752,-0.6609439,-0.55361605,-0.66868573,0.033701524,-0.54064167,-0.6770544,0.019287152,-0.5488653,-0.8002287,0.34523693,-0.7639928,0.15669882,0.1981348,-0.23439386,-0.29053572,0.14090942,0.18215898,0.11998333,0.1603759,0.12351344,0.16438642,-0.22757888,-0.2822254,-0.22055633,-0.27449363,0.43928495,0.5159075,0.24077861,0.29654777,0.2743716,0.3329036,0.5690082,0.66628695,0.46875432,0.5575595,0.09338818,0.1321401,-0.0064038453,0.020695621,0.03362931,0.04696004,0.022242233,0.05390117,0.19035394,0.23458031,0.17993377,0.22243828,-0.13277319,-0.11774845,0.07246943,0.112592295
1.2066118,1.754185,0.015665084,1.303044,1.2839468,1.1284002,1.470853,1.537654,0.11138613,1.6029499,1.5683447,0.18547703,1.5887434,1.4369462,1.1395339,1.2512283,0.5474377,0.65422124,-1.0577395,-1.2265196,0.7538387,0.88438207,0.7856439,0.92132515,0.78916025,0.9254344,-1.1039656,-1.2769973,-1.0646505,-1.2336487,0.75408584,0.8912542,0.9551217,1.1128553,0.8377738,0.9880715,0.3997363,0.49528104,0.6145419,0.74705374,0.8505898,0.99468446,0.599247,0.7051861,-0.08590619,-0.09177014,0.82647085,0.964068,0.27040422,0.34202093,0.27142873,0.34253776,1.120217,1.293275,1.1969318,1.3614439
1.2066118,0.45182633,-0.47056606,1.303044,0.42454463,1.1284002,1.7320747,0.5371136,-0.4340369,1.4204994,0.5691315,-0.42093155,1.4034202,2.0697997,-0.61205316,1.2512283,-0.65133166,-0.6590533,0.5988122,0.5909093,-0.66495895,-0.6666157,-0.6656494,-0.6663605,-0.6658082,-0.66657096,0.5789763,0.57074267,0.6023028,0.595642,-0.6522975,-0.6600585,-0.63230735,-0.63084185,-0.6485578,-0.66154915,-0.59071505,-0.6137888,-0.60785794,-0.62960947,-0.6638135,-0.66303927,-0.5990299,-0.5887397,-0.32497722,-0.3849645,-0.6594294,-0.65530115,-0.61566925,-0.63385063,-0.6166105,-0.6335187,-0.4326163,-0.4342956,-0.58649915,-0.55215824
0.530007,3.1336744,-0.43273893,0.6348163,-0.005156449,0.47230738,0.09943845,1.8006806,-0.44790092,0.12282877,2.2715445,-0.44809872,0.15423861,0.32934847,-0.4337994,0.579488,-0.65133166,0.49490505,0.5988122,0.451877,-0.66495895,0.353241,-0.6656494,0.2666222,-0.6658082,0.25797004,0.5789763,0.4909635,0.6023028,0.3921618,-0.6522975,0.033452544,-0.63230735,-0.26391202,-0.6485578,0.069399126,-0.59071505,0.14146891,-0.60785794,-0.10128675,-0.6638135,0.16442393,-0.5990299,0.0531534,-0.32497722,-0.3849645,-0.6594294,0.21423039,-0.61566925,0.6266227,-0.6166105,0.6404362,-0.4326163,-0.44792262,-0.58649915,-0.55810267
0.530007,0.93507785,-0.46374986,0.6348163,-0.005156449,0.47230738,0.5565766,1.1680541,-0.46756688,0.6175031,1.1915042,-0.45625293,0.62077546,1.0700802,-0.63370246,0.579488,-0.65133166,-0.69511765,0.5988122,0.62317413,-0.66495895,-0.70376,-0.6656494,-0.70341796,-0.6658082,-0.70350933,0.5789763,0.6023432,0.6023028,0.6280673,-0.6522975,-0.6876826,-0.63230735,-0.66235024,-0.6485578,-0.69114465,-0.59071505,-0.6450731,-0.60785794,-0.65642154,-0.6638135,-0.7000882,-0.5990299,-0.62577856,-0.32497722,-0.3849645,-0.6594294,-0.6924485,-0.61566925,-0.6657266,-0.6166105,-0.6660638,-0.4326163,-0.4479557,-0.58649915,-0.5987238
-0.14659771,-0.15720129,-0.47915635,-0.03341135,-0.43485752,-0.18378547,-0.29239425,-0.07012905,-0.4845314,-0.1312547,-0.09089441,-0.49001554,-0.19246799,0.13194577,-0.63370246,-0.09225239,-0.65133166,-0.69511765,0.5988122,0.62317413,-0.66495895,-0.70376,-0.6656494,-0.70341796,-0.6658082,-0.70350933,0.5789763,0.6023432,0.6023028,0.6280673,-0.6522975,-0.6876826,-0.63230735,-0.66235024,-0.6485578,-0.69114465,-0.59071505,-0.6450731,-0.60785794,-0.65642154,-0.6638135,-0.7000882,-0.5990299,-0.62577856,-0.32497722,-0.3849645,-0.6594294,-0.6924485,-0.61566925,-0.6657266,-0.6166105,-0.6660638,-0.4326163,-0.4479557,-0.58649915,-0.5987238
0.530007,0.071156986,-0.47593537,0.6348163,-0.005156449,0.47230738,0.6218821,0.2525647,-0.45046753,0.64617914,0.20709068,-0.45174545,0.58316505,1.125669,-0.6187647,0.579488,-0.65133166,-0.6684752,0.5988122,0.59936315,-0.66495895,-0.6763345,-0.6656494,-0.67604774,-0.6658082,-0.67623144,0.5789763,0.5790229,0.6023028,0.60417145,-0.6522975,-0.6675525,-0.63230735,-0.63927853,-0.6485578,-0.66920704,-0.59071505,-0.6221574,-0.60785794,-0.6367969,-0.6638135,-0.67271423,-0.5990299,-0.5970811,-0.32497722,-0.3849645,-0.6594294,-0.6649595,-0.61566925,-0.6422561,-0.6166105,-0.6420159,-0.4326163,-0.43777487,-0.58649915,-0.5642595
1.2066118,-0.42091796,-0.48287603,1.303044,0.42454463,1.1284002,0.81779844,-0.44463757,-0.48966262,0.7856567,-0.39203522,-0.4935718,0.82953674,1.1458911,-0.63370246,1.2512283,-0.65133166,-0.69511765,0.5988122,0.62317413,-0.66495895,-0.70376,-0.6656494,-0.70341796,-0.6658082,-0.70350933,0.5789763,0.6023432,0.6023028,0.6280673,-0.6522975,-0.6876826,-0.63230735,-0.66235024,-0.6485578,-0.69114465,-0.59071505,-0.6450731,-0.60785794,-0.65642154,-0.6638135,-0.7000882,-0.5990299,-0.62577856,-0.32497722,-0.3849645,-0.6594294,-0.6924485,-0.61566925,-0.6657266,-0.6166105,-0.6660638,-0.4326163,-0.4479557,-0.58649915,-0.5987238
1.2066118,2.6085536,1.9690374,1.303044,1.2839468,1.3669795,1.4055475,2.88005,2.2647195,1.2883618,2.862311,2.3788207,1.3176198,1.0704516,0.87689006,0.9153582,0.79804677,0.98355657,-0.8901123,-0.9020705,0.808809,0.94965196,0.8310959,0.9625836,0.8365567,0.96627885,-0.86653817,-0.86053014,-0.88680685,-0.8988657,1.08524,1.1558639,0.92932594,0.96368253,0.8401849,0.8929561,0.77462757,0.78424925,0.6755959,0.6980054,0.8505898,0.9641484,1.0355761,1.1203048,1.2887521,1.3267442,0.83372056,0.9715319,0.6996392,0.9106767,0.70064765,0.9106193,0.5778504,0.5387257,0.9330879,0.9808027
-0.14659771,-0.14094692,-0.47892708,-0.03341135,-0.43485752,-0.18378547,-0.29239425,-0.08514372,-0.48473713,-0.22000316,-0.09324753,-0.4539411,-0.20942111,-0.010484808,-0.63370246,-0.09225239,-0.65133166,-0.69511765,0.5988122,0.62317413,-0.66495895,-0.70376,-0.6656494,-0.70341796,-0.6658082,-0.70350933,0.5789763,0.6023432,0.6023028,0.6280673,-0.6522975,-0.6876826,-0.63230735,-0.66235024,-0.6485578,-0.69114465,-0.59071505,-0.6450731,-0.60785794,-0.65642154,-0.6638135,-0.7000882,-0.5990299,-0.62577856,-0.32497722,-0.3849645,-0.6594294,-0.6924485,-0.61566925,-0.6657266,-0.6166105,-0.6660638,-0.4326163,-0.4479557,-0.58649915,-0.5987238
-0.82320243,-0.4422851,-0.4831774,-0.701639,-0.8645586,-0.8398783,-0.94544876,-0.41947493,-0.48931786,-0.91264147,-0.4110588,-0.49451047,-0.8937669,-0.82196707,-0.63370246,-0.7639928,-0.65133166,-0.69511765,0.5988122,0.62317413,-0.66495895,-0.70376,-0.6656494,-0.70341796,-0.6658082,-0.70350933,0.5789763,0.6023432,0.6023028,0.6280673,-0.6522975,-0.6876826,-0.63230735,-0.66235024,-0.6485578,-0.69114465,-0.59071505,-0.6450731,-0.60785794,-0.65642154,-0.6638135,-0.7000882,-0.5990299,-0.62577856,-0.32497722,-0.3849645,-0.6594294,-0.6924485,-0.61566925,-0.6657266,-0.6166105,-0.6660638,-0.4326163,-0.4479557,-0.58649915,-0.5987238
-0.82320243,-0.6602563,-0.48625186,-0.701639,-0.8645586,-0.8398783,-0.8148379,-0.692585,-0.4930598,-0.9550179,-0.6848362,-0.4983525,-0.90034014,-0.8456268,-0.63370246,-0.7639928,-0.65133166,-0.69511765,0.5988122,0.62317413,-0.66495895,-0.70376,-0.6656494,-0.70341796,-0.6658082,-0.70350933,0.5789763,0.6023432,0.6023028,0.6280673,-0.6522975,-0.6876826,-0.63230735,-0.66235024,-0.6485578,-0.69114465,-0.59071505,-0.6450731,-0.60785794,-0.65642154,-0.6638135,-0.7000882,-0.5990299,-0.62577856,-0.32497722,-0.3849645,-0.6594294,-0.6924485,-0.61566925,-0.6657266,-0.6166105,-0.6660638,-0.4326163,-0.4479557,-0.58649915,-0.5987238
-0.14659771,0.7519736,0.26809454,-0.03341135,-0.005156449,-0.18378547,-0.0964779,0.6237742,0.38200188,-0.115582034,0.5658124,0.49476042,0.022470878,-0.24332277,0.14410628,-0.09225239,-0.06644476,-0.11766781,-0.50802076,-0.44132033,0.005765159,-0.04732793,0.028682929,-0.024857791,0.036373302,-0.017396376,-0.5872117,-0.5187056,-0.5045755,-0.4374016,0.3248119,0.26525223,0.30427572,0.24213755,0.2438305,0.1840512,0.2699827,0.21881545,0.22156711,0.16940618,0.09338818,0.037882607,0.37131387,0.30655864,0.9899134,1.0029547,-0.040230025,-0.089076556,-0.2195585,-0.2658258,-0.22910248,-0.2748204,1.0160758,0.94839746,0.020534195,-0.023693701
0.530007,0.23734947,-0.47359124,0.6348163,-0.005156449,0.47230738,0.09943845,0.33028445,-0.4790453,0.22209789,0.29433107,-0.48367804,0.19554332,0.48077315,-0.63370246,0.579488,-0.65133166,-0.69511765,0.5988122,0.62317413,-0.66495895,-0.70376,-0.6656494,-0.70341796,-0.6658082,-0.70350933,0.5789763,0.6023432,0.6023028,0.6280673,-0.6522975,-0.6876826,-0.63230735,-0.66235024,-0.6485578,-0.69114465,-0.59071505,-0.6450731,-0.60785794,-0.65642154,-0.6638135,-0.7000882,-0.5990299,-0.62577856,-0.32497722,-0.3849645,-0.6594294,-0.6924485,-0.61566925,-0.6657266,-0.6166105,-0.6660638,-0.4326163,-0.4479557,-0.58649915,-0.5987238
0.530007,1.0313398,-0.4623921,-0.701639,-0.005156449,0.47230738,0.49127117,1.1149275,-0.32239988,0.45494872,1.1050196,-0.32778233,0.5167888,0.75735474,-0.5652993,0.579488,-0.65133166,-0.54814523,0.5988122,0.60584515,-0.66495895,-0.591446,-0.6656494,-0.60125464,-0.6658082,-0.6026736,0.5789763,0.59559083,0.6023028,0.6077027,-0.6522975,-0.6265088,-0.63230735,-0.62415063,-0.6485578,-0.6439727,-0.59071505,-0.6224301,-0.60785794,-0.62653995,-0.6638135,-0.6126313,-0.5990299,-0.5569311,-0.32497722,-0.3849645,-0.6594294,-0.5930795,-0.61566925,-0.49849582,-0.6166105,-0.5002246,-0.4326163,-0.4479557,-0.58649915,-0.5947104
0.530007,0.29838008,-0.4727304,-0.701639,-0.005156449,0.47230738,0.1647439,0.42587978,-0.46402422,0.48584425,0.3932157,-0.36556906,0.4807722,0.81856126,-0.51882374,0.579488,-0.65133166,-0.51487905,0.5988122,0.5852507,-0.66495895,-0.5535782,-0.6656494,-0.56396747,-0.6658082,-0.56527424,0.5789763,0.5760547,0.6023028,0.587223,-0.6522975,-0.5827331,-0.63230735,-0.6174667,-0.6485578,-0.62122875,-0.59071505,-0.6100211,-0.60785794,-0.61623013,-0.6638135,-0.5758855,-0.5990299,-0.49643093,-0.32497722,-0.3849645,-0.6594294,-0.552025,-0.61566925,-0.47039422,-0.6166105,-0.47141787,-0.4326163,-0.447661,-0.58649915,-0.56073844
-1.4998071,-0.72063434,-0.48710346,-1.3698667,-1.2942597,-1.4959712,-1.271976,-0.5415904,-0.45833853,-1.3374842,-0.5932473,-0.47400025,-1.3065478,-1.277176,-0.6304703,-1.4357332,-0.65133166,-0.66460633,0.5988122,0.58836293,-0.66495895,-0.66940194,-0.6656494,-0.66697615,-0.6658082,-0.66688734,0.5789763,0.5671058,0.6023028,0.5916001,-0.6522975,-0.65055656,-0.63230735,-0.6244139,-0.6485578,-0.6415072,-0.59071505,-0.5886794,-0.60785794,-0.610578,-0.6638135,-0.66074115,-0.5990299,-0.57220626,-0.32497722,-0.2636473,-0.6594294,-0.6597309,-0.61566925,-0.63425106,-0.6166105,-0.6351667,-0.4326163,-0.42118058,-0.58649915,-0.56759375
1.2066118,-0.747144,-0.48747736,1.303044,0.42454463,1.1284002,0.49127117,-0.7166025,-0.49338886,0.9709949,-0.7306098,-0.49821877,0.6904728,1.4718016,-0.63370246,1.2512283,-0.65133166,-0.69511765,0.5988122,0.62317413,-0.66495895,-0.70376,-0.6656494,-0.70341796,-0.6658082,-0.70350933,0.5789763,0.6023432,0.6023028,0.6280673,-0.6522975,-0.6876826,-0.63230735,-0.66235024,-0.6485578,-0.69114465,-0.59071505,-0.6450731,-0.60785794,-0.65642154,-0.6638135,-0.7000882,-0.5990299,-0.62577856,-0.32497722,-0.3849645,-0.6594294,-0.6924485,-0.61566925,-0.6657266,-0.6166105,-0.6660638,-0.4326163,-0.4479557,-0.58649915,-0.5987238
1.2066118,0.45130113,2.1600795,1.303044,1.7136478,1.3073347,1.6667693,0.37771502,1.9359256,1.9665924,0.418357,2.0487578,2.0798044,1.4918964,1.9731205,1.2512283,1.3465489,1.7030636,-2.3346648,-2.8352072,1.4893104,1.862084,1.5136689,1.8901445,1.5302216,1.9097927,-2.4377494,-2.9504066,-2.3281376,-2.827165,2.2299707,2.749669,2.0306048,2.4919136,2.0532541,2.5490406,2.345461,2.9580684,2.1814797,2.7554533,1.6077914,1.9971961,1.3416576,1.6306174,2.6634104,3.4507728,1.2658978,1.5883255,1.0046582,1.3114169,0.9953153,1.2987182,2.7148976,3.2361932,1.2583245,1.5549064
-0.82320243,-0.4041839,-0.48264,-0.701639,-0.8645586,-0.8398783,-0.7495324,-0.5669017,-0.4448552,-0.8468967,-0.5275102,-0.4564257,-0.8603338,-0.65286016,-0.6062534,-0.7639928,-0.65133166,-0.6490965,0.5988122,0.583366,-0.66495895,-0.6566575,-0.6656494,-0.65639067,-0.6658082,-0.6566597,0.5789763,0.5635816,0.6023028,0.5880636,-0.6522975,-0.65407115,-0.63230735,-0.62331676,-0.6485578,-0.6537061,-0.59071505,-0.60523194,-0.60785794,-0.6229189,-0.6638135,-0.65312845,-0.5990299,-0.578289,-0.32497722,-0.3849645,-0.6594294,-0.6449384,-0.61566925,-0.6246826,-0.6166105,-0.624501,-0.4326163,-0.43115565,-0.58649915,-0.53989536
-1.4998071,-0.8633653,-0.48911667,-1.3698667,-1.2942597,-1.4959712,-1.4025869,-0.8618824,-0.49537933,-1.3833802,-0.8565873,-0.49821153,-1.3650032,-1.3423702,-0.63370246,-1.4357332,-0.65133166,-0.69511765,0.5988122,0.62317413,-0.66495895,-0.70376,-0.6656494,-0.70341796,-0.6658082,-0.70350933,0.5789763,0.6023432,0.6023028,0.6280673,-0.6522975,-0.6876826,-0.63230735,-0.66235024,-0.6485578,-0.69114465,-0.59071505,-0.6450731,-0.60785794,-0.65642154,-0.6638135,-0.7000882,-0.5990299,-0.62577856,-0.32497722,-0.3849645,-0.6594294,-0.6924485,-0.61566925,-0.6657266,-0.6166105,-0.6660638,-0.4326163,-0.4479557,-0.58649915,-0.5987238
-1.4998071,-0.9447252,-0.34555534,-1.3698667,-0.8645586,-1.4959712,-1.0760597,-0.971965,-0.38342813,-1.2377412,-0.96680987,-0.38720396,-1.2690248,-1.4358399,0.05472657,-1.4357332,-0.18658161,-0.33688658,-0.33053306,-0.0874343,-0.023132248,-0.21178272,0.030400606,-0.16980252,0.03390473,-0.1670574,-0.34629261,-0.10521603,-0.29222474,-0.05606822,0.042717546,-0.15334757,0.13958001,-0.07124241,0.12461326,-0.092974216,0.31161073,0.066350676,-0.006529679,-0.18363889,0.09338818,-0.11980522,-0.3189978,-0.4127805,-0.26520947,-0.33477023,0.11255435,-0.10309937,-0.3575762,-0.46471703,-0.35288978,-0.46095216,0.75981534,0.4676815,0.35090008,0.10681343
0.530007,0.755235,1.9735527,0.6348163,0.8542457,0.7108866,0.75249296,0.7988189,2.1338959,0.88082284,0.8662197,2.167182,0.7801457,0.7460547,0.817749,0.579488,1.1526716,1.302577,-0.5869041,-0.653422,0.9635078,1.0835892,0.913808,1.0281739,0.9124648,1.0264957,-0.54182106,-0.60128653,-0.6240228,-0.69355154,1.0116503,1.1281099,0.7725673,0.8592957,0.7107873,0.7988976,0.63709426,0.71842295,0.53895444,0.61548436,0.8505898,0.9561998,1.1006998,1.213417,1.2887521,1.5146734,0.84765977,0.9539527,1.2392882,1.4147103,1.2186704,1.3894302,0.5340943,0.59239525,0.13129738,0.1601858
-0.82320243,0.2034878,-0.22996649,-0.701639,-0.8645586,-0.8398783,-0.35769972,0.079483785,-0.22418185,-0.5242144,-0.05809609,-0.22709192,-0.51521724,-0.6910737,0.19273673,-0.7639928,0.2524553,0.2967348,0.039232958,0.018307848,0.16372314,0.20106985,0.1358387,0.17162634,0.12980825,0.1651767,0.06920547,0.05158424,0.04753649,0.027644727,-0.11263875,-0.095949955,-0.027100055,-0.00556094,-0.041487265,-0.021638986,-0.10962886,-0.098122984,-0.075179346,-0.059281953,0.09338818,0.12615222,0.566685,0.62613446,-0.32497722,-0.3849645,0.1504942,0.18766399,0.26074296,0.30776575,0.27411973,0.32191265,-0.3211584,-0.32749054,0.117672354,0.14841118
-1.4998071,-0.9586668,-0.4904609,-1.3698667,-1.2942597,-1.4959712,-1.4678924,-0.9689741,-0.49684662,-1.3529209,-0.9627728,-0.5022562,-1.3987336,-1.2901603,-0.63370246,-1.4357332,-0.65133166,-0.69511765,0.5988122,0.62317413,-0.66495895,-0.70376,-0.6656494,-0.70341796,-0.6658082,-0.70350933,0.5789763,0.6023432,0.6023028,0.6280673,-0.6522975,-0.6876826,-0.63230735,-0.66235024,-0.6485578,-0.69114465,-0.59071505,-0.6450731,-0.60785794,-0.65642154,-0.6638135,-0.7000882,-0.5990299,-0.62577856,-0.32497722,-0.3849645,-0.6594294,-0.6924485,-0.61566925,-0.6657266,-0.6166105,-0.6660638,-0.4326163,-0.4479557,-0.58649915,-0.5987238
-1.4998071,-0.72737074,-0.48719847,-1.3698667,-1.2942597,-1.4959712,-1.5331979,-0.7169428,-0.49339348,-1.489656,-0.738352,-0.49910548,-1.5030891,-1.4999748,-0.63370246,-1.4357332,-0.65133166,-0.69511765,0.5988122,0.62317413,-0.66495895,-0.70376,-0.6656494,-0.70341796,-0.6658082,-0.70350933,0.5789763,0.6023432,0.6023028,0.6280673,-0.6522975,-0.6876826,-0.63230735,-0.66235024,-0.6485578,-0.69114465,-0.59071505,-0.6450731,-0.60785794,-0.65642154,-0.6638135,-0.7000882,-0.5990299,-0.62577856,-0.32497722,-0.3849645,-0.6594294,-0.6924485,-0.61566925,-0.6657266,-0.6166105,-0.6660638,-0.4326163,-0.4479557,-0.58649915,-0.5987238
-0.82320243,0.19685401,2.1083643,-0.701639,-0.005156449,-0.8398783,0.2953548,0.08178517,1.8179948,0.025240052,-0.029305946,1.6193606,-0.12761053,-0.38268787,1.172223,-0.7639928,0.51844215,0.56424785,-1.6148537,-1.7387611,0.67648923,0.7323932,0.72301525,0.7831925,0.73855484,0.8000259,-1.7533996,-1.8865016,-1.6114539,-1.7347686,1.3019212,1.4131894,1.2408588,1.3409061,1.1362187,1.2369776,1.1306803,1.25256,1.0509921,1.1653063,0.8505898,0.9201679,1.3416576,1.4333036,2.304804,2.6997414,0.5789693,0.6275971,0.17655219,0.19599283,0.15840556,0.17600961,2.4647682,2.6556017,0.6275675,0.67791516
-0.82320243,-0.40568277,-0.48266113,-0.701639,-0.8645586,-0.8398783,-0.7495324,-0.38986158,-0.47145495,-0.7663536,-0.4021475,-0.48118544,-0.7643627,-0.6168918,-0.62579316,-0.7639928,-0.65133166,-0.6790175,0.5988122,0.6063081,-0.66495895,-0.6873519,-0.6656494,-0.6862938,-0.6658082,-0.68631184,0.5789763,0.585784,0.6023028,0.610466,-0.6522975,-0.66945004,-0.63230735,-0.64125156,-0.6485578,-0.66883814,-0.59071505,-0.6158512,-0.60785794,-0.63243246,-0.6638135,-0.6821835,-0.5990299,-0.6046868,-0.32497722,-0.33695334,-0.6594294,-0.67712104,-0.61566925,-0.6494418,-0.6166105,-0.6500159,-0.4326163,-0.43876585,-0.58649915,-0.58272064
-0.82320243,-0.8144874,-0.48842725,-0.701639,-0.8645586,-0.8398783,-0.8148379,-0.814077,-0.48023754,-0.8525723,-0.8113172,-0.48232424,-0.86998755,-0.7174725,-0.63370246,-0.7639928,-0.65133166,-0.6495543,0.5988122,0.5869931,-0.66495895,-0.66241914,-0.6656494,-0.66212505,-0.6658082,-0.6621368,0.5789763,0.5691587,0.6023028,0.5920432,-0.6522975,-0.6397199,-0.63230735,-0.6175488,-0.6485578,-0.6421288,-0.59071505,-0.57463354,-0.60785794,-0.59059954,-0.6638135,-0.66002125,-0.5990299,-0.5895242,-0.32497722,-0.37110138,-0.6594294,-0.65500164,-0.61566925,-0.61332715,-0.6166105,-0.61447215,-0.4326163,-0.44284052,-0.58649915,-0.5727167
-0.82320243,-0.40832394,-0.48269838,-0.701639,-0.8645586,-0.8398783,-0.7495324,-0.35275126,-0.48840365,-0.790137,-0.37954003,-0.49406794,-0.79541004,-0.6550325,-0.63370246,-0.7639928,-0.65133166,-0.69511765,0.5988122,0.62317413,-0.66495895,-0.70376,-0.6656494,-0.70341796,-0.6658082,-0.70350933,0.5789763,0.6023432,0.6023028,0.6280673,-0.6522975,-0.6876826,-0.63230735,-0.66235024,-0.6485578,-0.69114465,-0.59071505,-0.6450731,-0.60785794,-0.65642154,-0.6638135,-0.7000882,-0.5990299,-0.62577856,-0.32497722,-0.3849645,-0.6594294,-0.6924485,-0.61566925,-0.6657266,-0.6166105,-0.6660638,-0.4326163,-0.4479557,-0.58649915,-0.5987238
-0.14659771,-0.22526725,-0.4801164,-0.03341135,-0.43485752,-0.18378547,-0.55361605,-0.30901834,-0.48780447,-0.49094704,-0.25486043,-0.48660672,-0.5150412,-0.30952787,-0.63370246,-0.09225239,-0.65133166,-0.69511765,0.5988122,0.62317413,-0.66495895,-0.70376,-0.6656494,-0.70341796,-0.6658082,-0.70350933,0.5789763,0.6023432,0.6023028,0.6280673,-0.6522975,-0.6876826,-0.63230735,-0.66235024,-0.6485578,-0.69114465,-0.59071505,-0.6450731,-0.60785794,-0.65642154,-0.6638135,-0.7000882,-0.5990299,-0.62577856,-0.32497722,-0.3849645,-0.6594294,-0.6924485,-0.61566925,-0.6657266,-0.6166105,-0.6660638,-0.4326163,-0.4479557,-0.58649915,-0.5987238
1.2066118,-0.7637267,-0.48771125,1.303044,0.42454463,1.1284002,0.49127117,-0.73285544,-0.4932465,0.89588594,-0.7437237,-0.49788395,0.6587338,1.3847128,-0.63202375,1.2512283,-0.65133166,-0.6926659,0.5988122,0.6221307,-0.66495895,-0.70165354,-0.6656494,-0.7014189,-0.6658082,-0.70151633,0.5789763,0.60148305,0.6023028,0.62701964,-0.6522975,-0.6855592,-0.63230735,-0.66092443,-0.6485578,-0.6894041,-0.59071505,-0.64348227,-0.60785794,-0.6543646,-0.6638135,-0.6982733,-0.5990299,-0.62364054,-0.32497722,-0.3849645,-0.6594294,-0.6905828,-0.61566925,-0.6630875,-0.6166105,-0.6634093,-0.4326163,-0.4478409,-0.58649915,-0.59767747
-0.82320243,-0.9098186,-0.2705206,-1.3698667,-0.005156449,-0.8398783,-1.271976,-0.79322994,-0.029713618,-1.4974403,-0.8336718,-0.12743801,-1.4987708,-1.5528121,-0.52298295,-1.0998629,1.0065283,0.5677975,-0.5277416,-0.19582875,0.8642137,0.44801825,0.8831544,0.45658672,0.8866684,0.45775628,-0.4126327,-0.115591824,-0.5497,-0.21223821,1.1629182,0.59526044,1.0007602,0.54456556,1.2350754,0.7184808,2.302103,1.5621353,1.9092758,1.2725165,0.8505898,0.42715198,-0.17572556,-0.49289748,1.2887521,0.8663899,0.7590652,0.358779,1.2917349,0.7946976,1.259036,0.7711433,-0.28174037,-0.33922347,0.39642358,0.09935006
-0.82320243,-0.40397623,0.51755476,-0.701639,-0.43485752,-0.8398783,-1.2066705,-0.8332039,-0.40208584,-1.3082248,-0.8570399,-0.48586598,-1.3262084,-1.2839783,-0.5698091,-1.0998629,0.0201751,-0.5668149,-0.091417685,0.48322117,0.072468154,-0.5612941,0.08351605,-0.5573137,0.08352277,-0.5572821,-0.08791566,0.46757677,-0.08518273,0.4899419,0.038629226,-0.5515046,0.08600424,-0.5207284,-0.042558875,-0.570268,-0.17666388,-0.5450216,-0.17232414,-0.5718972,0.09338818,-0.55142224,0.00010852704,-0.5254826,-0.32497722,-0.38423482,0.13538589,-0.5363764,-0.04565625,-0.5578466,-0.039385,-0.55588216,-0.037915416,-0.3671826,0.37766925,-0.40359128
-1.4998071,-0.9316956,-0.31754702,-1.3698667,-0.43485752,-1.4959712,-1.6638087,-0.88106203,-0.1924834,-1.6085933,-0.8847567,-0.2109695,-1.65758,-1.728772,-0.30897805,-2.1074736,0.6155111,-0.078034185,0.4484407,0.55051404,0.30886203,-0.23204057,0.21907929,-0.27479497,0.20756789,-0.28036398,0.5196194,0.57365894,0.42445907,0.5421136,-0.11263875,-0.42549267,-0.29696295,-0.5000642,-0.24830917,-0.49546012,-0.3953,-0.54770863,-0.34960976,-0.5281103,0.09338818,-0.3333829,0.00010852704,-0.33779186,-0.32497722,-0.3849645,0.20311958,-0.27632177,0.81419384,0.038013425,0.80290675,0.031628493,-0.4326163,-0.4479557,-0.5562036,-0.5843142
1.2066118,1.2627671,1.1719769,1.303044,1.7136478,1.1284002,1.340242,1.1179851,0.8264115,1.2917435,1.109194,0.86119264,1.2721657,0.9860124,1.1234528,1.2512283,0.5807019,0.67251104,-1.2722039,-1.4099392,0.7414541,0.84834504,0.772299,0.88248944,0.7803969,0.89115065,-1.3448849,-1.4850241,-1.2823101,-1.4214405,0.99938524,1.1193199,1.1535503,1.2969584,0.9253783,1.0449536,0.71789265,0.81503785,0.86588115,0.99728525,0.8505898,0.9661845,0.9704523,1.0631263,1.0496812,1.1914008,0.72657853,0.83548665,0.35045448,0.4255101,0.33735895,0.4105161,1.5219166,1.6485398,0.80757767,0.9189086
0.530007,-0.19321609,1.2698764,-1.3698667,2.143349,0.47230738,1.0137148,-0.05820701,1.488864,1.1109258,-0.04854088,1.5167127,1.1238052,0.46236885,1.9504192,0.579488,2.6234946,2.843182,-2.2262,-2.4203322,2.5648155,2.768526,2.4734464,2.6745212,2.4913552,2.6947432,-2.1444566,-2.3331213,-2.240543,-2.4346197,3.8980067,4.2637587,2.475085,2.688267,2.7337303,2.999579,3.0956995,3.4810162,3.3433034,3.7251377,2.364993,2.561033,3.458179,3.668406,-0.26520947,-0.27207756,2.1599705,2.3264952,2.6084235,2.8548272,2.5897493,2.8293471,0.80310863,0.89439106,2.138018,2.2815268
1.2066118,0.7458926,-0.38106406,1.303044,0.8542457,1.1284002,1.1443256,0.5522696,-0.4274366,0.69513404,0.5430967,-0.39212868,0.70483917,1.0738357,-0.5727389,1.2512283,0.44114617,-0.5823238,0.3670922,0.6013134,0.2504154,-0.61064357,0.18419752,-0.6171366,0.17658745,-0.61798906,0.41836354,0.5877812,0.35279068,0.6041384,-0.014519027,-0.6225395,-0.35847583,-0.63424987,-0.22634104,-0.64894766,-0.38300586,-0.62360567,-0.36902604,-0.63194036,0.09338818,-0.62352294,0.19547977,-0.543227,-0.32497722,-0.3849645,0.19994783,-0.6057353,0.5561008,-0.541852,0.55264115,-0.54280293,-0.43082324,-0.44782346,-0.3507067,-0.57949513
-0.82320243,0.24012685,-0.47355205,-0.701639,-0.8645586,-0.8398783,-1.1413652,0.004788383,-0.48350495,-1.0208445,0.027473373,-0.48835215,-1.0365138,-0.9720379,-0.63370246,-0.7639928,-0.65133166,-0.69511765,0.5988122,0.62317413,-0.66495895,-0.70376,-0.6656494,-0.70341796,-0.6658082,-0.70350933,0.5789763,0.6023432,0.6023028,0.6280673,-0.6522975,-0.6876826,-0.63230735,-0.66235024,-0.6485578,-0.69114465,-0.59071505,-0.6450731,-0.60785794,-0.65642154,-0.6638135,-0.7000882,-0.5990299,-0.62577856,-0.32497722,-0.3849645,-0.6594294,-0.6924485,-0.61566925,-0.6657266,-0.6166105,-0.6660638,-0.4326163,-0.4479557,-0.58649915,-0.5987238
-1.4998071,-1.0121237,-0.49043372,-1.3698667,-1.2942597,-1.4959712,-1.4025869,-0.8241315,-0.49446934,-1.4029455,-0.93409485,-0.50134474,-1.3885223,-1.378468,-0.5908139,-1.7716033,0.0014896361,-0.53427863,-0.17523131,0.43399552,0.016846085,-0.53671217,0.050748322,-0.52787006,0.05427036,-0.5270502,-0.18917148,0.41458762,-0.1940125,0.43340275,0.13266063,-0.49478835,0.2685586,-0.4418413,0.28857052,-0.45940426,0.6096546,-0.3425675,0.37161028,-0.41027504,0.09338818,-0.5146099,0.29967773,-0.40728447,1.7668941,0.17656867,-0.015173965,-0.53524,0.035774194,-0.5035566,0.023854153,-0.50684494,0.01093058,-0.33909205,0.09747529,-0.4341773
-1.4998071,-0.7666892,-0.48775306,-1.3698667,-1.2942597,-1.4959712,-1.0760597,-0.73463756,-0.49185467,-1.1581981,-0.7424281,-0.49712518,-1.1725085,-1.028248,-0.6314181,-1.4357332,-0.65133166,-0.6836506,0.5988122,0.61483085,-0.66495895,-0.6927928,-0.6656494,-0.6929176,-0.6658082,-0.693012,0.5789763,0.5944793,0.6023028,0.6199454,-0.6522975,-0.6759103,-0.63230735,-0.65461516,-0.6485578,-0.6808164,-0.59071505,-0.6356683,-0.60785794,-0.64496964,-0.6638135,-0.6902091,-0.5990299,-0.6117797,-0.32497722,-0.3849645,-0.6594294,-0.68278295,-0.61566925,-0.65458184,-0.6166105,-0.65471494,-0.4326163,-0.44520944,-0.58649915,-0.5897584
-0.14659771,-0.09161769,-0.4782313,-0.03341135,-0.43485752,-0.18378547,-0.35769972,-0.09165876,-0.48261172,-0.2289738,-0.0671144,-0.46367764,-0.23400116,0.030422546,-0.6249796,-0.09225239,-0.65133166,-0.68059415,0.5988122,0.6127178,-0.66495895,-0.6907605,-0.6656494,-0.69042575,-0.6658082,-0.69051695,0.5789763,0.59291226,0.6023028,0.61759746,-0.6522975,-0.67426485,-0.63230735,-0.64881676,-0.6485578,-0.67580664,-0.59071505,-0.62415606,-0.60785794,-0.6367553,-0.6638135,-0.68751377,-0.5990299,-0.6208409,-0.32497722,-0.37517533,-0.6594294,-0.68063855,-0.61566925,-0.64928174,-0.6166105,-0.64975905,-0.4326163,-0.4471776,-0.58649915,-0.5909069
0.530007,-0.48560947,-0.30200464,0.6348163,0.42454463,0.47230738,0.75249296,-0.497092,-0.33996376,0.38650772,-0.5241367,-0.32459566,0.34785914,0.4597842,0.03720602,0.579488,0.22689144,-0.016838158,-0.019929597,0.14706111,0.125483,-0.09305267,0.12051186,-0.09791901,0.11931689,-0.0987289,0.02381495,0.17314287,-0.016168725,0.15294585,0.12448399,-0.08155463,0.16736004,-0.060372613,0.27062097,0.013474646,0.6446253,0.296544,0.5842153,0.26158017,0.09338818,-0.118160225,-0.46227002,-0.46462938,0.3324681,0.12290295,0.051765054,-0.14597477,0.37253726,0.09582695,0.3642692,0.09049056,-0.38784805,-0.4026621,-0.12918039,-0.23773202
0.530007,-0.40525305,0.48947176,0.6348163,-0.005156449,0.47230738,1.6667693,-0.3498023,0.5627472,1.500091,-0.34999317,0.57467264,1.6156102,0.5535818,2.7886431,0.579488,2.9638164,3.3280528,-1.6395048,-1.8478295,2.6497693,2.964615,2.540303,2.8450713,2.5166576,2.819171,-1.4601068,-1.6489303,-1.6167625,-1.8222197,1.5063375,1.7083745,1.7885219,2.0142002,1.7797242,2.021213,1.3336296,1.5454428,1.5228564,1.7622321,2.364993,2.6510963,4.06383,4.4947963,-0.32497722,-0.3849645,2.5802648,2.8783638,2.8899796,3.2761893,2.9463105,3.3347707,0.013215263,0.046308603,2.230187,2.4620576
-0.82320243,0.8057299,3.417194,-0.701639,-0.005156449,-0.3627199,-0.6189215,0.80513304,3.3283849,-0.5788805,0.8134659,3.422563,-0.5787814,-1.0924234,0.8256052,-0.7639928,1.0547403,1.0212626,-0.30341685,-0.27691582,0.9246159,0.88629174,0.913808,0.8766552,0.90666366,0.86964995,-0.1821883,-0.1570746,-0.2789528,-0.25133678,0.6232594,0.59171796,0.38364717,0.35297635,0.4316313,0.39949393,-0.00059670024,-0.03744805,0.028881628,-0.0022807738,0.8505898,0.81426793,0.8467172,0.81079036,-0.32497722,-0.3849645,1.0566084,1.0168983,1.0295014,1.0067924,1.0491358,1.0249773,-0.34510422,-0.36026356,1.1039613,1.0605898
-0.14659771,-0.25464976,0.2669336,-0.03341135,-0.005156449,-0.18378547,-0.35769972,-0.5146553,-0.19490154,-0.5614493,-0.511481,-0.18703507,-0.49573338,-0.46863317,-0.45156103,-0.09225239,0.5083041,0.25917518,0.37941775,0.44375148,0.28713465,0.084183484,0.20150624,0.022014733,0.19238621,0.014934814,0.42534673,0.48072433,0.35809946,0.4280284,-0.047225587,-0.17157893,-0.36046013,-0.43073308,-0.2651871,-0.33940694,-0.46811292,-0.50905615,-0.39310738,-0.45225492,0.09338818,-0.05950278,0.24757874,0.06372819,-0.32497722,-0.3849645,0.20399332,0.03397498,0.62234926,0.37859854,0.60915273,0.3696169,-0.4315173,-0.44691548,-0.4015199,-0.4413833
0.530007,0.7189798,-0.4667979,0.6348163,-0.005156449,0.47230738,0.2953548,0.8897709,-0.4713797,0.18719989,0.88801587,-0.4762722,0.20933732,0.40451986,-0.63370246,0.579488,-0.65133166,-0.69511765,0.5988122,0.62317413,-0.66495895,-0.70376,-0.6656494,-0.70341796,-0.6658082,-0.70350933,0.5789763,0.6023432,0.6023028,0.6280673,-0.6522975,-0.6876826,-0.63230735,-0.66235024,-0.6485578,-0.69114465,-0.59071505,-0.6450731,-0.60785794,-0.65642154,-0.6638135,-0.7000882,-0.5990299,-0.62577856,-0.32497722,-0.3849645,-0.6594294,-0.6924485,-0.61566925,-0.6657266,-0.6166105,-0.6660638,-0.4326163,-0.4479557,-0.58649915,-0.5987238
-0.14659771,0.7845468,-0.4658731,-0.03341135,-0.43485752,-0.18378547,-0.16178335,0.87195385,-0.47162378,-0.24031432,0.8740837,-0.4483955,-0.21392375,-0.019924209,-0.63370246,-0.09225239,-0.65133166,-0.69511765,0.5988122,0.62317413,-0.66495895,-0.70376,-0.6656494,-0.70341796,-0.6658082,-0.70350933,0.5789763,0.6023432,0.6023028,0.6280673,-0.6522975,-0.6876826,-0.63230735,-0.66235024,-0.6485578,-0.69114465,-0.59071505,-0.6450731,-0.60785794,-0.65642154,-0.6638135,-0.7000882,-0.5990299,-0.62577856,-0.32497722,-0.3849645,-0.6594294,-0.6924485,-0.61566925,-0.6657266,-0.6166105,-0.6660638,-0.4326163,-0.4479557,-0.58649915,-0.5987238
0.530007,1.8355453,-0.45104888,-0.701639,-0.005156449,0.47230738,0.2953548,1.4178438,-0.46200967,0.29490232,1.3223914,-0.46677643,0.29409978,0.60929877,-0.5948964,0.579488,-0.65133166,-0.4641051,0.5988122,0.5899212,-0.66495895,-0.49857023,-0.6656494,-0.51510936,-0.6658082,-0.5168626,0.5789763,0.5807217,0.6023028,0.58227223,-0.6522975,-0.5476926,-0.63230735,-0.5850036,-0.6485578,-0.5435045,-0.59071505,-0.49238598,-0.60785794,-0.5486563,-0.6638135,-0.5322652,-0.5990299,-0.4939812,-0.32497722,-0.3849645,-0.6594294,-0.51643986,-0.61566925,-0.41484994,-0.6166105,-0.41244006,-0.4326163,-0.4479493,-0.58649915,-0.59083825
0.530007,-0.109962925,-0.47849002,0.6348163,-0.005156449,0.47230738,0.23004936,0.20368578,-0.42183456,0.48812866,0.16679041,-0.44025916,0.488933,0.86053836,-0.6304703,0.579488,-0.65133166,-0.6462556,0.5988122,0.56585073,-0.66495895,-0.6501897,-0.6656494,-0.6470676,-0.6658082,-0.6468853,0.5789763,0.5444653,0.6023028,0.5685261,-0.6522975,-0.62878114,-0.63230735,-0.59974045,-0.6485578,-0.61565316,-0.59071505,-0.5578509,-0.60785794,-0.58457404,-0.6638135,-0.6398028,-0.5990299,-0.5471835,-0.32497722,-0.20025697,-0.6594294,-0.642244,-0.61566925,-0.6163319,-0.6166105,-0.61745715,-0.4326163,-0.407658,-0.58649915,-0.54920566
-1.4998071,-0.46210304,0.69188124,-1.3698667,-0.8645586,-1.4959712,-0.684227,-0.44178218,0.7247571,-0.95859313,-0.54202616,0.52234,-1.0492724,-1.1598243,0.23260823,-1.4357332,-0.06644476,-0.06763983,-0.50802076,-0.55319005,0.005765159,0.011743117,0.028682929,0.03716511,0.036373302,0.04550187,-0.5872117,-0.6371856,-0.5045755,-0.54881805,0.3248119,0.3588439,0.30427572,0.33607525,0.2438305,0.26944068,0.2699827,0.30240962,0.22156711,0.25181678,0.09338818,0.10697749,0.37131387,0.39760083,0.9899134,1.1509532,-0.040230025,-0.03491484,-0.2195585,-0.23619275,-0.22910248,-0.24631971,1.0160758,1.0967722,0.020534195,0.03742534
-0.82320243,-0.44231993,-0.48317787,-0.701639,-0.8645586,-0.8398783,-1.0760597,-0.3934056,-0.48896068,-0.8799301,-0.3995021,-0.49434823,-0.86475855,-0.7896679,-0.63370246,-0.7639928,-0.65133166,-0.69511765,0.5988122,0.62317413,-0.66495895,-0.70376,-0.6656494,-0.70341796,-0.6658082,-0.70350933,0.5789763,0.6023432,0.6023028,0.6280673,-0.6522975,-0.6876826,-0.63230735,-0.66235024,-0.6485578,-0.69114465,-0.59071505,-0.6450731,-0.60785794,-0.65642154,-0.6638135,-0.7000882,-0.5990299,-0.62577856,-0.32497722,-0.3849645,-0.6594294,-0.6924485,-0.61566925,-0.6657266,-0.6166105,-0.6660638,-0.4326163,-0.4479557,-0.58649915,-0.5987238
-0.14659771,-0.22707652,0.52983946,-0.03341135,0.42454463,-0.004851055,0.2953548,-0.08870785,0.51928025,0.114620596,-0.134041,0.49255627,0.15404738,-0.10777325,0.5212722,-0.42812258,0.39145476,0.23417297,-1.0799254,-0.65850693,0.6293408,0.43496028,0.721694,0.5028132,0.72806334,0.5056286,-1.1284066,-0.6787699,-1.0646507,-0.6478806,0.68867266,0.3906035,0.8360644,0.5199871,1.0387017,0.66873395,1.1368766,0.71022904,1.0406604,0.6751659,0.8505898,0.5893247,0.7034449,0.3147813,2.2450361,1.0904857,0.77255213,0.5861703,0.21657734,0.116496995,0.22299026,0.13499862,1.3123041,0.6676267,0.99993044,0.8376679
-1.4998071,-1.0088267,-0.49116838,-1.3698667,-1.2942597,-1.4959712,-1.4678924,-1.0189824,-0.48902553,-1.5156411,-1.0124283,-0.49283975,-1.4405217,-1.5573865,-0.60022074,-1.4357332,-0.65133166,-0.6306648,0.5988122,0.55998135,-0.66495895,-0.62784845,-0.6656494,-0.6297296,-0.6658082,-0.62973547,0.5789763,0.5327488,0.6023028,0.5525314,-0.6522975,-0.6197542,-0.63230735,-0.5641926,-0.6485578,-0.61082745,-0.59071505,-0.58204764,-0.60785794,-0.5981836,-0.6638135,-0.6241569,-0.5990299,-0.5457391,-0.32497722,-0.12728715,-0.6594294,-0.6294333,-0.61566925,-0.5995426,-0.6166105,-0.5996299,-0.4326163,-0.4306045,-0.58649915,-0.5317879
-0.82320243,0.19685426,2.108365,-0.701639,-0.005156449,-0.8398783,0.49127117,0.099751614,1.8555098,-0.0043348367,-0.05031617,1.5744071,-0.14592703,-0.39616722,1.1257678,-0.7639928,0.51844215,0.5482896,-1.6148537,-1.7079302,0.67648923,0.71408194,0.72301525,0.7641256,0.73855484,0.78073597,-1.7533996,-1.8539327,-1.6114539,-1.7040657,1.3019212,1.386134,1.2408588,1.3161023,1.1362187,1.2123526,1.1306803,1.232318,1.0509921,1.1432992,0.8505898,0.89920354,1.3416576,1.4023206,2.304804,2.6586773,0.5789693,0.6105285,0.17655219,0.18542244,0.15840556,0.16568671,2.4647682,2.613174,0.6275675,0.66186297
-0.14659771,-0.87512475,-0.48928255,-0.03341135,-0.43485752,-0.18378547,-0.55361605,-0.84628874,-0.37687218,-0.53697085,-0.8126914,-0.34178227,-0.40194327,-0.43057746,-0.5147089,-0.09225239,-0.65133166,-0.36114854,0.5988122,0.4317794,-0.66495895,-0.41124728,-0.6656494,-0.42270136,-0.6658082,-0.42368174,0.5789763,0.43777835,0.6023028,0.4390346,-0.6522975,-0.4061547,-0.63230735,-0.41170156,-0.6485578,-0.38041753,-0.59071505,-0.1681326,-0.60785794,-0.24905035,-0.6638135,-0.44278494,-0.5990299,-0.52474385,-0.32497722,-0.29593796,-0.6594294,-0.44822067,-0.61566925,-0.2853766,-0.6166105,-0.28927708,-0.4326163,-0.43377635,-0.58649915,-0.4822104
-0.82320243,-0.9129873,-0.48981658,-0.701639,-0.8645586,-0.8398783,-1.0107542,-0.9008606,-0.4959134,-0.7082776,-0.90161264,-0.4995537,-0.81962466,-0.5055742,-0.63370246,-0.7639928,-0.65133166,-0.69511765,0.5988122,0.62317413,-0.66495895,-0.70376,-0.6656494,-0.70341796,-0.6658082,-0.70350933,0.5789763,0.6023432,0.6023028,0.6280673,-0.6522975,-0.6876826,-0.63230735,-0.66235024,-0.6485578,-0.69114465,-0.59071505,-0.6450731,-0.60785794,-0.65642154,-0.6638135,-0.7000882,-0.5990299,-0.62577856,-0.32497722,-0.3849645,-0.6594294,-0.6924485,-0.61566925,-0.6657266,-0.6166105,-0.6660638,-0.4326163,-0.4479557,-0.58649915,-0.5987238
-0.82320243,0.068144485,-0.47597784,-0.701639,-0.8645586,-0.8398783,-0.88014334,-0.0063517448,-0.4836576,-1.0136521,-0.0075529628,-0.48076087,-0.9495704,-0.9303973,-0.63370246,-0.7639928,-0.65133166,-0.69511765,0.5988122,0.62317413,-0.66495895,-0.70376,-0.6656494,-0.70341796,-0.6658082,-0.70350933,0.5789763,0.6023432,0.6023028,0.6280673,-0.6522975,-0.6876826,-0.63230735,-0.66235024,-0.6485578,-0.69114465,-0.59071505,-0.6450731,-0.60785794,-0.65642154,-0.6638135,-0.7000882,-0.5990299,-0.62577856,-0.32497722,-0.3849645,-0.6594294,-0.6924485,-0.61566925,-0.6657266,-0.6166105,-0.6660638,-0.4326163,-0.4479557,-0.58649915,-0.5987238
0.530007,-0.66676694,-0.4863437,0.6348163,-0.005156449,0.47230738,-0.03117245,-0.55174375,-0.49113008,0.3248189,-0.5612254,-0.49599642,0.2169209,0.64028376,-0.63370246,0.579488,-0.65133166,-0.69511765,0.5988122,0.62317413,-0.66495895,-0.70376,-0.6656494,-0.70341796,-0.6658082,-0.70350933,0.5789763,0.6023432,0.6023028,0.6280673,-0.6522975,-0.6876826,-0.63230735,-0.66235024,-0.6485578,-0.69114465,-0.59071505,-0.6450731,-0.60785794,-0.65642154,-0.6638135,-0.7000882,-0.5990299,-0.62577856,-0.32497722,-0.3849645,-0.6594294,-0.6924485,-0.61566925,-0.6657266,-0.6166105,-0.6660638,-0.4326163,-0.4479557,-0.58649915,-0.5987238
-1.4998071,-0.6998625,-0.4868105,-1.3698667,-1.2942597,-1.4959712,-1.2066705,-0.79095685,-0.49429238,-1.3732468,-0.747031,-0.49915695,-1.3167281,-1.337672,-0.6161761,-1.4357332,-0.65133166,-0.6293912,0.5988122,0.5458668,-0.66495895,-0.6354964,-0.6656494,-0.6316808,-0.6658082,-0.6313998,0.5789763,0.52561736,0.6023028,0.5485181,-0.6522975,-0.6088569,-0.63230735,-0.5722399,-0.6485578,-0.59644455,-0.59071505,-0.521455,-0.60785794,-0.5558344,-0.6638135,-0.624293,-0.5990299,-0.5364915,-0.32497722,-0.15549548,-0.6594294,-0.6282057,-0.61566925,-0.59945625,-0.6166105,-0.6009995,-0.4326163,-0.40346888,-0.58649915,-0.5314824
-1.4998071,0.15939784,-0.4746907,-1.3698667,-1.2942597,-1.4959712,-1.2066705,0.27610764,-0.350674,-1.2276134,0.2619831,-0.3258469,-1.2160976,-1.1524837,-0.5729015,-1.4357332,-0.65133166,-0.5632497,0.5988122,0.60762525,-0.66495895,-0.60298985,-0.6656494,-0.6117513,-0.6658082,-0.6130346,0.5789763,0.5962876,0.6023028,0.6097994,-0.6522975,-0.6328407,-0.63230735,-0.62809247,-0.6485578,-0.6488006,-0.59071505,-0.6247765,-0.60785794,-0.629635,-0.6638135,-0.6216151,-0.5990299,-0.56399745,-0.32497722,-0.3849645,-0.6594294,-0.6032825,-0.61566925,-0.51569575,-0.6166105,-0.51727974,-0.4326163,-0.4479557,-0.58649915,-0.59510225
0.530007,-0.5765435,-0.24798946,0.6348163,0.42454463,0.47230738,-0.29239425,-0.55416787,-0.23181422,-0.30231544,-0.5520523,-0.2384835,-0.33051863,-0.076084584,-0.63370246,-0.09225239,0.30556315,0.35780364,0.23397641,0.22258627,0.13113208,0.1681459,0.1347817,0.17292237,0.13573283,0.17397161,0.32409087,0.321224,0.25457844,0.24600479,0.31663516,0.36899063,-0.11639294,-0.09617591,0.32045105,0.37762442,0.65793806,0.75807583,0.8607696,0.98515326,0.09338818,0.12845461,-0.29946068,-0.3118887,0.21293257,0.26257592,0.071405746,0.10439954,0.5988862,0.6811108,0.58358794,0.6636083,-0.42547303,-0.4399677,-0.42219782,-0.41769922
1.8832164,1.5743003,0.012541657,1.9712716,1.2839468,1.7844931,1.6014638,1.3981898,0.054620456,1.8289117,1.5667655,-0.08703496,1.7363183,2.1919103,-0.05629338,1.2512283,0.23966454,0.15646696,0.039232958,0.08741404,0.17610775,0.09640783,0.1449555,0.06862122,0.14721163,0.07084361,0.07968022,0.12311628,0.03691896,0.086697705,0.4719915,0.38029823,0.09592571,0.032465253,0.2467775,0.16706409,0.5147019,0.4345326,0.57908404,0.4968365,0.09338818,0.021962129,0.22152926,0.15138945,-0.32497722,-0.38267887,0.05867969,-0.009969847,0.362876,0.27744713,0.3548506,0.2691543,-0.3240504,-0.34154516,-0.083977506,-0.12185561
0.530007,1.3774611,-0.45751008,0.6348163,-0.005156449,0.47230738,-0.03117245,0.8576316,-0.45749635,0.052103266,0.78678775,-0.4610118,0.13959758,0.2684174,-0.503131,0.579488,-0.65133166,-0.21262495,0.5988122,0.067872114,-0.66495895,-0.20576751,-0.6656494,-0.1817309,-0.6658082,-0.17927052,0.5789763,0.052679606,0.6023028,0.057043545,-0.6522975,-0.1168221,-0.63230735,-0.0130170835,-0.6485578,-0.00582601,-0.59071505,0.252817,-0.60785794,0.07718715,-0.6638135,-0.15125726,-0.5990299,0.0020794256,-0.32497722,1.2327523,-0.6594294,-0.22568752,-0.61566925,-0.17720598,-0.6166105,-0.18619028,-0.4326163,-0.1341212,-0.58649915,-0.11760229
1.2066118,1.7154297,4.239207,1.303044,1.7136478,1.6055586,1.0790203,1.8063946,4.216428,1.0295117,1.6905954,4.0681534,1.008101,0.74484795,0.9193807,1.2512283,2.9236257,2.864301,0.08360491,0.14359213,2.1861074,2.1113963,1.9463879,1.8832229,1.9166745,1.8538469,0.31361613,0.3793183,0.0024119858,0.062198713,1.0811516,1.0212752,0.34197715,0.32848865,0.55620664,0.5403705,-0.15306102,-0.17304233,-0.029650943,-0.0651136,1.6077914,1.5517462,1.8235731,1.7234105,-0.32497722,-0.3849645,1.9479098,1.8842918,3.346818,3.3577456,3.3109448,3.3185592,-0.4315173,-0.4472102,-0.31464055,-0.3818052
-0.82320243,-0.77162623,-0.4878227,-0.701639,-0.8645586,-0.8398783,-0.88014334,-0.78052336,-0.4710125,-0.9083944,-0.7691926,-0.47322702,-0.8572043,-0.81371903,-0.5884234,-0.7639928,-0.65133166,-0.6325278,0.5988122,0.5788619,-0.66495895,-0.64105844,-0.6656494,-0.6392591,-0.6658082,-0.6391652,0.5789763,0.5605967,0.6023028,0.57965714,-0.6522975,-0.6183865,-0.63230735,-0.5953477,-0.6485578,-0.6086131,-0.59071505,-0.53854865,-0.60785794,-0.5598532,-0.6638135,-0.634816,-0.5990299,-0.54888767,-0.32497722,-0.30027422,-0.6594294,-0.63436973,-0.61566925,-0.59281766,-0.6166105,-0.5941414,-0.4326163,-0.43616056,-0.58649915,-0.5540764
-1.4998071,-0.94410545,-0.34422293,-1.3698667,-0.8645586,-1.4959712,-1.5985032,-0.842754,-0.112494186,-1.3766801,-0.8607147,-0.15952884,-1.4722502,-1.5925349,-0.022338826,-1.7716033,0.26946416,0.19669674,0.056488726,0.1063846,0.15372857,0.0854555,0.13887763,0.07293224,0.13980588,0.07343918,0.114596024,0.16091914,0.05549962,0.10796732,0.3452535,0.24293417,0.14751716,0.078143224,0.27946174,0.21670456,0.818155,0.76119465,0.62289584,0.5768488,0.09338818,0.031053457,0.00010852704,-0.1145906,0.09339705,0.12414426,0.05837031,-0.0026839178,0.45810825,0.37901786,0.44365448,0.36749962,-0.3929958,-0.4070027,-0.20275533,-0.23102386
1.2066118,0.4130561,-0.4711129,1.303044,0.42454463,1.1284002,0.88310385,0.5046753,-0.47665593,0.6362209,0.4866046,-0.48190778,0.6958133,0.91231805,-0.63370246,1.2512283,-0.65133166,-0.69511765,0.5988122,0.62317413,-0.66495895,-0.70376,-0.6656494,-0.70341796,-0.6658082,-0.70350933,0.5789763,0.6023432,0.6023028,0.6280673,-0.6522975,-0.6876826,-0.63230735,-0.66235024,-0.6485578,-0.69114465,-0.59071505,-0.6450731,-0.60785794,-0.65642154,-0.6638135,-0.7000882,-0.5990299,-0.62577856,-0.32497722,-0.3849645,-0.6594294,-0.6924485,-0.61566925,-0.6657266,-0.6166105,-0.6660638,-0.4326163,-0.4479557,-0.58649915,-0.5987238
1.8832164,0.24928348,-0.47342288,1.9712716,0.8542457,1.7844931,1.6014638,0.2815506,-0.47769317,1.6649401,0.28558987,-0.4751427,1.6186022,2.2606046,-0.6311122,1.9229687,-0.65133166,-0.6821148,0.5988122,0.6137134,-0.66495895,-0.69132394,-0.6656494,-0.6915112,-0.6658082,-0.69160604,0.5789763,0.59342605,0.6023028,0.6188576,-0.6522975,-0.6743336,-0.63230735,-0.6535792,-0.6485578,-0.6794331,-0.59071505,-0.63440865,-0.60785794,-0.64343584,-0.6638135,-0.68888605,-0.5990299,-0.6099048,-0.32497722,-0.3849645,-0.6594294,-0.68148845,-0.61566925,-0.6530892,-0.6166105,-0.653195,-0.4326163,-0.44484162,-0.58649915,-0.5885576
-1.4998071,-0.76666486,-0.4877527,-1.3698667,-1.2942597,-1.4959712,-1.1413652,-0.7705698,-0.49210846,-1.2546521,-0.76554906,-0.49733353,-1.2629502,-1.1491431,-0.6311122,-1.4357332,-0.65133166,-0.6821148,0.5988122,0.6137134,-0.66495895,-0.69132394,-0.6656494,-0.6915112,-0.6658082,-0.69160604,0.5789763,0.59342605,0.6023028,0.6188576,-0.6522975,-0.6743336,-0.63230735,-0.6535792,-0.6485578,-0.6794331,-0.59071505,-0.63440865,-0.60785794,-0.64343584,-0.6638135,-0.68888605,-0.5990299,-0.6099048,-0.32497722,-0.3849645,-0.6594294,-0.68148845,-0.61566925,-0.6530892,-0.6166105,-0.653195,-0.4326163,-0.44484162,-0.58649915,-0.5885576
-0.82320243,-0.85364753,-0.48897958,-0.701639,-0.8645586,-0.8398783,-0.88014334,-0.8689431,-0.4954761,-0.77788675,-0.8606063,-0.5008218,-0.8411546,-0.5984311,-0.63370246,-0.7639928,-0.65133166,-0.69511765,0.5988122,0.62317413,-0.66495895,-0.70376,-0.6656494,-0.70341796,-0.6658082,-0.70350933,0.5789763,0.6023432,0.6023028,0.6280673,-0.6522975,-0.6876826,-0.63230735,-0.66235024,-0.6485578,-0.69114465,-0.59071505,-0.6450731,-0.60785794,-0.65642154,-0.6638135,-0.7000882,-0.5990299,-0.62577856,-0.32497722,-0.3849645,-0.6594294,-0.6924485,-0.61566925,-0.6657266,-0.6166105,-0.6660638,-0.4326163,-0.4479557,-0.58649915,-0.5987238
1.2066118,-0.5489851,0.50512093,-1.3698667,2.57305,1.1284002,2.646351,-0.5234333,0.51737803,1.9842422,-0.5289585,0.51317775,2.0947945,1.3206927,2.6339464,1.2512283,4.8110576,4.1399016,-0.559788,-0.39205256,3.9119124,3.32367,3.5835848,3.0354052,3.54617,3.002667,-0.22408728,-0.10119908,-0.64525783,-0.4659258,2.5365949,2.1243227,0.7368501,0.5410992,1.462526,1.1807753,0.44783103,0.29067722,0.5863015,0.41971162,3.1221948,2.6291175,3.3735185,2.8453162,-0.32497722,-0.384939,3.6374567,3.0717623,5.2431808,4.574875,5.229648,4.5555944,-0.42365107,-0.43999836,0.59246314,0.41501734
-0.82320243,-0.57382685,-0.4850328,-0.701639,-0.8645586,-0.8398783,-1.1413652,-0.61064076,-0.49193707,-1.0611585,-0.5954809,-0.49605772,-1.0237832,-0.9819141,-0.63370246,-0.7639928,-0.65133166,-0.69511765,0.5988122,0.62317413,-0.66495895,-0.70376,-0.6656494,-0.70341796,-0.6658082,-0.70350933,0.5789763,0.6023432,0.6023028,0.6280673,-0.6522975,-0.6876826,-0.63230735,-0.66235024,-0.6485578,-0.69114465,-0.59071505,-0.6450731,-0.60785794,-0.65642154,-0.6638135,-0.7000882,-0.5990299,-0.62577856,-0.32497722,-0.3849645,-0.6594294,-0.6924485,-0.61566925,-0.6657266,-0.6166105,-0.6660638,-0.4326163,-0.4479557,-0.58649915,-0.5987238
1.2066118,0.40897256,-0.4711705,1.303044,0.42454463,1.1284002,1.4055475,0.3637325,-0.3892428,1.2770002,0.42824835,-0.38396418,1.220291,1.9234606,-0.5842636,1.2512283,-0.65133166,-0.6124362,0.5988122,0.5505655,-0.66495895,-0.618899,-0.6656494,-0.6187203,-0.6658082,-0.6191104,0.5789763,0.53145593,0.6023028,0.55510044,-0.6522975,-0.62599164,-0.63230735,-0.5912886,-0.6485578,-0.62361956,-0.59071505,-0.57343376,-0.60785794,-0.59566534,-0.6638135,-0.6154664,-0.5990299,-0.5406161,-0.32497722,-0.3849645,-0.6594294,-0.60717666,-0.61566925,-0.59228194,-0.6166105,-0.5914181,-0.4326163,-0.4172669,-0.58649915,-0.49255785
1.2066118,1.5757633,-0.21149419,1.303044,0.8542457,1.1284002,0.5565766,0.87253004,-0.24418704,0.92055494,1.0763848,-0.3158165,0.6854155,1.0959924,0.0531888,1.2512283,-0.16274494,0.2531052,-0.45378843,-0.42998832,-0.059851523,0.29639724,-0.0030277472,0.31497902,0.0039117406,0.3180534,-0.52785486,-0.47696945,-0.44352466,-0.4454964,0.12448399,0.33751872,0.21498287,0.29351136,0.32580915,0.54150045,0.44316924,0.6731249,0.34641287,0.48759907,0.09338818,0.36329103,0.31270248,0.49968502,2.2450361,2.250774,-0.04409903,0.2532608,-0.2789061,0.18487449,-0.29099613,0.17931691,0.98174787,0.878325,0.04521944,-0.0014259153
-0.14659771,-0.61961955,0.22546534,-0.03341135,2.143349,-0.18378547,0.88310385,-0.5641803,0.44218346,1.1154635,-0.5604185,0.4081715,1.014252,0.4240229,2.408458,-0.09225239,1.2901082,1.4865931,-1.6937371,-1.934039,1.5421079,1.7632443,1.5651988,1.7906433,1.5662626,1.7920678,-1.6940429,-1.9334768,-1.7309009,-1.9750524,1.3714226,1.5818039,1.9155163,2.1831434,1.3960856,1.6165371,0.7530147,0.90398204,1.3250842,1.5601242,1.6077914,1.8387932,1.1983854,1.3623161,-0.14567396,-0.16535221,1.6409962,1.8685645,1.0943698,1.2755616,1.0827738,1.2604563,1.0849056,1.2531446,1.7746315,1.9938953
1.2066118,0.13093087,-0.47509223,1.303044,0.42454463,1.1284002,0.6218821,0.19585824,-0.4808871,0.9873751,0.19773856,-0.47753713,0.9351717,1.4525486,-0.63370246,1.2512283,-0.65133166,-0.69511765,0.5988122,0.62317413,-0.66495895,-0.70376,-0.6656494,-0.70341796,-0.6658082,-0.70350933,0.5789763,0.6023432,0.6023028,0.6280673,-0.6522975,-0.6876826,-0.63230735,-0.66235024,-0.6485578,-0.69114465,-0.59071505,-0.6450731,-0.60785794,-0.65642154,-0.6638135,-0.7000882,-0.5990299,-0.62577856,-0.32497722,-0.3849645,-0.6594294,-0.6924485,-0.61566925,-0.6657266,-0.6166105,-0.6660638,-0.4326163,-0.4479557,-0.58649915,-0.5987238
0.530007,-0.4239291,-0.4829185,0.6348163,-0.005156449,0.47230738,0.1647439,-0.43434024,-0.48113146,0.021110147,-0.47196075,-0.48521647,-0.06297687,0.25363266,-0.61624485,0.579488,-0.65133166,-0.64276546,0.5988122,0.5862015,-0.66495895,-0.6539617,-0.6656494,-0.65580493,-0.6658082,-0.6559579,0.5789763,0.56765103,0.6023028,0.59207666,-0.6522975,-0.6368641,-0.63230735,-0.6279512,-0.6485578,-0.64551836,-0.59071505,-0.6034911,-0.60785794,-0.60679173,-0.6638135,-0.6554047,-0.5990299,-0.56236553,-0.32497722,-0.3849645,-0.6594294,-0.6483833,-0.61566925,-0.614758,-0.6166105,-0.61424756,-0.4326163,-0.4362128,-0.58649915,-0.55809104
0.530007,1.7350733,5.4148955,-0.701639,1.7136478,0.9494658,1.340242,2.1647778,6.1673975,1.1125593,1.8614109,5.664757,1.1481264,0.20606594,2.2999,0.579488,2.8865104,3.225413,-0.94680965,-1.1036856,2.5765483,2.8701525,2.525108,2.8149323,2.509622,2.7980304,-0.67799276,-0.8106127,-0.9425489,-1.0952305,1.931523,2.1628664,1.228953,1.3990115,1.3800113,1.5749954,0.7526255,0.8282007,0.6940497,0.8141417,2.364993,2.6393569,2.6311073,2.888176,-0.32497722,-0.38464624,2.7712991,3.0756214,3.0003936,3.364688,3.0404963,3.4043343,-0.32428175,-0.31837568,1.9490312,2.2148852
1.8832164,1.0282109,0.13138774,1.9712716,1.2839468,1.7844931,1.4055475,0.6969932,-0.057364475,1.6176347,0.88544536,-0.050846588,1.5866379,1.6094459,0.5819982,1.9229687,0.85183996,0.58402807,-0.78904295,-0.48677754,0.873122,0.57544154,0.8614854,0.5623814,0.8572925,0.55824375,-0.7722655,-0.47017893,-0.7859402,-0.48138463,0.59055287,0.324087,0.7666145,0.46999258,0.7016785,0.42014906,0.3855968,0.19288951,0.5360206,0.31095302,0.8505898,0.5463368,1.1658233,0.8663145,-0.20544171,-0.28230336,0.8934443,0.5868392,0.70377964,0.49047104,0.7181393,0.5025303,0.45525825,0.20620878,1.0093879,0.6662773
-0.14659771,-0.34435952,-0.25263825,-0.03341135,-0.005156449,0.05479375,-0.22708881,-0.33170265,-0.2215052,0.07950431,-0.31963372,-0.23910652,-0.09834361,0.0018708721,0.2911778,-0.42812258,0.39414793,0.55217093,0.1624883,0.106794424,0.21760702,0.34335965,0.1727024,0.29137096,0.16868806,0.2867587,0.2298182,0.18905827,0.17494692,0.12216749,0.16536723,0.2854238,-0.07075436,0.0033130874,0.06031629,0.1577247,0.0371824,0.12118614,0.22701079,0.35953745,0.09338818,0.19807658,0.31270248,0.44753817,-0.32497722,-0.3849645,0.12725027,0.23710105,0.5326377,0.71844804,0.5311129,0.7154799,-0.39996552,-0.40912557,-0.2330509,-0.18677995
1.2066118,0.4296615,-0.4708787,1.303044,0.42454463,1.1284002,0.81779844,0.5297528,-0.47631234,0.9576928,0.51601756,-0.47023687,1.0730177,1.4280448,-0.63370246,1.2512283,-0.65133166,-0.69511765,0.5988122,0.62317413,-0.66495895,-0.70376,-0.6656494,-0.70341796,-0.6658082,-0.70350933,0.5789763,0.6023432,0.6023028,0.6280673,-0.6522975,-0.6876826,-0.63230735,-0.66235024,-0.6485578,-0.69114465,-0.59071505,-0.6450731,-0.60785794,-0.65642154,-0.6638135,-0.7000882,-0.5990299,-0.62577856,-0.32497722,-0.3849645,-0.6594294,-0.6924485,-0.61566925,-0.6657266,-0.6166105,-0.6660638,-0.4326163,-0.4479557,-0.58649915,-0.5987238
-0.14659771,-0.6311909,-0.48584187,-0.03341135,-0.43485752,-0.18378547,-0.03117245,-0.6195778,-0.47990575,-0.30786663,-0.6297417,-0.47891852,-0.28488317,-0.14268337,-0.6068997,-0.09225239,-0.65133166,-0.6700418,0.5988122,0.5695837,-0.66495895,-0.67287624,-0.6656494,-0.66959405,-0.6658082,-0.6693213,0.5789763,0.5459864,0.6023028,0.57481,-0.6522975,-0.64791876,-0.63230735,-0.6191471,-0.6485578,-0.6409518,-0.59071505,-0.5907972,-0.60785794,-0.6064651,-0.6638135,-0.6614506,-0.5990299,-0.5796037,-0.32497722,-0.24125263,-0.6594294,-0.66117024,-0.61566925,-0.648263,-0.6166105,-0.64920133,-0.4326163,-0.37564185,-0.58649915,-0.5670654
1.2066118,1.4659091,0.60009736,1.303044,0.8542457,1.1284002,0.4259657,1.2085285,0.2111878,0.75860226,1.2460592,0.2486649,0.65976316,0.8507269,0.13682754,0.9153582,0.6555172,0.668796,-0.86299616,-0.98895335,0.8316228,0.8744545,0.81180525,0.8652649,0.81372243,0.86840576,-0.9538277,-1.0858546,-0.97174704,-1.0986633,0.7827041,0.86432415,1.0721946,1.2005844,0.78928316,0.8778522,0.22120512,0.23805459,0.08765095,0.14080022,0.8505898,0.91811943,1.1332617,1.1424257,1.2887521,1.5532764,0.7407554,0.8043946,0.48571175,0.45888168,0.49612963,0.47322583,0.7030163,0.85715896,0.9507203,1.1162155
-1.4998071,-0.8754225,-0.25535598,-1.3698667,-0.8645586,-1.4959712,-1.1413652,-0.8912323,-0.27035546,-0.99036014,-0.87498456,-0.23500812,-1.0338868,-1.2349813,0.3001177,-1.4357332,-0.051946986,-0.101938665,-0.22946364,-0.1899644,0.0444399,-0.00560145,0.059997234,0.010830724,0.061676018,0.012585934,-0.26249468,-0.22382838,-0.23117387,-0.19035636,0.050894186,0.0064292783,0.16140714,0.11804276,0.094608,0.047050737,-0.095489375,-0.14376533,0.0033419628,-0.0394438,0.09338818,0.044945847,0.00010852704,-0.04067696,-0.20544171,-0.25607416,0.08352075,0.035767883,-0.1726325,-0.22271363,-0.17259088,-0.22267537,0.34380034,0.31750172,0.30521634,0.2629799
-0.82320243,-0.7335571,-0.48728573,-0.701639,-0.8645586,-0.8398783,-1.0760597,-0.71220344,-0.49332854,-1.0477408,-0.71116674,-0.496608,-1.0176258,-0.9450405,-0.63370246,-0.7639928,-0.65133166,-0.69511765,0.5988122,0.62317413,-0.66495895,-0.70376,-0.6656494,-0.70341796,-0.6658082,-0.70350933,0.5789763,0.6023432,0.6023028,0.6280673,-0.6522975,-0.6876826,-0.63230735,-0.66235024,-0.6485578,-0.69114465,-0.59071505,-0.6450731,-0.60785794,-0.65642154,-0.6638135,-0.7000882,-0.5990299,-0.62577856,-0.32497722,-0.3849645,-0.6594294,-0.6924485,-0.61566925,-0.6657266,-0.6166105,-0.6660638,-0.4326163,-0.4479557,-0.58649915,-0.5987238
-0.14659771,-0.11073007,0.28824016,-0.03341135,-0.005156449,-0.004851055,-0.55361605,-0.14155708,0.23860714,-0.07087916,-0.1676826,0.29018688,-0.18742205,-0.17329088,0.23975255,-0.42812258,-0.030897046,-0.0028948388,-0.0149993645,0.0050726286,0.062908135,0.070195444,0.07730602,0.08624428,0.075623386,0.08430927,-0.014592451,0.016596101,-0.021477513,0.004948636,-0.07993219,-0.0739487,0.03242852,0.01236294,0.041563,0.05991323,-0.17305246,-0.10305174,-0.028144052,0.018169008,0.09338818,0.09808225,-0.11711421,-0.09617669,-0.32497722,-0.3849645,0.15200447,0.15787289,-0.08292105,-0.023624549,-0.047458094,0.008246985,-0.16860512,-0.18394119,0.40620154,0.334782
-0.82320243,-0.62668747,-0.4857784,-1.3698667,-0.8645586,-0.8398783,-0.7495324,-0.5385578,-0.49094945,-0.81548953,-0.5232024,-0.49608487,-0.8269505,-0.6881574,-0.63370246,-0.7639928,-0.65133166,-0.69511765,0.5988122,0.62317413,-0.66495895,-0.70376,-0.6656494,-0.70341796,-0.6658082,-0.70350933,0.5789763,0.6023432,0.6023028,0.6280673,-0.6522975,-0.6876826,-0.63230735,-0.66235024,-0.6485578,-0.69114465,-0.59071505,-0.6450731,-0.60785794,-0.65642154,-0.6638135,-0.7000882,-0.5990299,-0.62577856,-0.32497722,-0.3849645,-0.6594294,-0.6924485,-0.61566925,-0.6657266,-0.6166105,-0.6660638,-0.4326163,-0.4479557,-0.58649915,-0.5987238
-0.14659771,0.60086954,0.27900058,-0.03341135,-0.005156449,-0.18378547,-0.29239425,0.5785137,-0.19363517,-0.60183936,0.5221663,-0.18879724,-0.51415944,-0.49635282,-0.5664398,-0.09225239,0.5083041,0.0789365,0.37941775,0.48167497,0.28713465,-0.06599829,0.20150624,-0.11743583,0.19238621,-0.12330026,0.42534673,0.50701284,0.35809946,0.4688727,-0.047225587,-0.2765285,-0.36046013,-0.47561663,-0.2651871,-0.40932292,-0.46811292,-0.5441081,-0.39310738,-0.4924464,0.09338818,-0.18370552,0.24757874,-0.065619364,-0.32497722,-0.3849645,0.20399332,-0.106448464,0.62234926,0.18326615,0.60915273,0.17497098,-0.4315173,-0.4472102,-0.4015199,-0.4793687
-0.14659771,-0.6012886,0.3343042,-0.03341135,0.8542457,-0.18378547,0.23004936,-0.67775095,0.11989797,0.31347814,-0.6531126,0.17627358,0.3236974,-0.25574782,1.5865053,-0.09225239,1.1468223,0.8293686,-1.8860153,-1.4666059,1.4632375,1.0905854,1.5112906,1.1322411,1.5166445,1.1368955,-1.9454366,-1.520991,-1.8981272,-1.4754763,1.4572774,1.0961772,1.7488362,1.3440763,1.5809394,1.2060285,0.89496195,0.64272404,1.2257416,0.9283794,1.6077914,1.2146846,1.1983854,0.87821436,0.03362931,-0.05306648,1.569421,1.1790047,0.713441,0.47272736,0.7154484,0.4733446,1.8966335,1.5195144,2.0886474,1.6161027
-0.14659771,0.44197407,1.5014523,-0.03341135,-0.005156449,0.05479375,-0.03117245,0.6200041,1.7526966,0.041526888,0.52595156,1.684328,0.056367084,-0.0065211877,0.09079784,-0.09225239,0.5563291,0.7284802,0.45090583,0.45053643,0.2845274,0.4089285,0.20679139,0.31879294,0.1963359,0.3066865,0.523111,0.5371445,0.42445907,0.42036936,-0.08810883,-0.024417104,-0.28108868,-0.25170818,-0.23786089,-0.20627098,-0.43318906,-0.45569733,-0.4261297,-0.43810797,0.09338818,0.18646908,0.18896736,0.28643957,-0.32497722,-0.3849645,0.21252887,0.32448232,0.74656516,0.9567016,0.7342855,0.94049716,-0.4326163,-0.4479557,-0.54305947,-0.54898983
-0.14659771,-0.7848847,-0.001964673,-0.03341135,-0.005156449,-0.18378547,0.09943845,-0.7454739,0.09063211,0.18267411,-0.7793427,0.013948656,0.0668115,-0.37357527,1.2558738,-0.09225239,1.4847014,1.5166055,-0.7865778,-0.84607804,1.5201632,1.5739019,1.5521182,1.611195,1.5635474,1.6238561,-0.77924865,-0.85044366,-1.0142171,-1.090867,2.0214663,2.1145113,1.7230402,1.829025,2.0227134,2.1341074,1.3550807,1.4262154,1.9771854,2.1069555,1.6077914,1.6789979,1.4588803,1.5148991,3.3806236,4.00441,1.3754544,1.4236585,2.019088,2.0806513,2.015215,2.0750275,-0.1583096,-0.14740269,0.7824115,0.85701454
-0.82320243,-0.58614546,-0.4852065,-0.701639,-0.8645586,-0.8398783,-1.0107542,-0.63547647,-0.49227735,-0.99654335,-0.6391809,-0.49771318,-1.0126892,-0.9324243,-0.63370246,-0.7639928,-0.65133166,-0.69511765,0.5988122,0.62317413,-0.66495895,-0.70376,-0.6656494,-0.70341796,-0.6658082,-0.70350933,0.5789763,0.6023432,0.6023028,0.6280673,-0.6522975,-0.6876826,-0.63230735,-0.66235024,-0.6485578,-0.69114465,-0.59071505,-0.6450731,-0.60785794,-0.65642154,-0.6638135,-0.7000882,-0.5990299,-0.62577856,-0.32497722,-0.3849645,-0.6594294,-0.6924485,-0.61566925,-0.6657266,-0.6166105,-0.6660638,-0.4326163,-0.4479557,-0.58649915,-0.5987238
-0.14659771,0.20851073,-0.47399798,-0.03341135,-0.43485752,-0.18378547,-0.55361605,-0.055590153,-0.43123698,-0.59173846,-0.08566135,-0.413296,-0.5558571,-0.6381766,-0.4674659,-0.09225239,-0.65133166,-0.3589734,0.5988122,0.3652409,-0.66495895,-0.36908865,-0.6656494,-0.37330106,-0.6658082,-0.37352765,0.5789763,0.34444317,0.6023028,0.35898882,-0.6522975,-0.3809808,-0.63230735,-0.40387252,-0.6485578,-0.3330685,-0.59071505,-0.2648317,-0.60785794,-0.3392114,-0.6638135,-0.37027532,-0.5990299,-0.30039105,-0.32497722,0.21755421,-0.6594294,-0.3853042,-0.61566925,-0.34163272,-0.6166105,-0.34174362,-0.4326163,-0.1447702,-0.58649915,-0.45810887
1.2066118,0.78963417,2.2409008,1.303044,1.2839468,1.3669795,1.2749366,0.99389446,2.5020323,1.4117794,1.011903,2.5768745,1.4601196,1.3245307,0.8099067,1.2512283,1.141216,1.3140668,-0.6559272,-0.6756668,0.95525146,1.0825669,0.9011238,1.0182915,0.8985174,1.0144627,-0.64307696,-0.6490846,-0.68241924,-0.7056424,0.88900054,0.97664845,0.65549433,0.7084608,0.65452737,0.7200724,0.4275086,0.4822911,0.4032953,0.45778638,0.8505898,0.95109457,1.159311,1.2554264,0.9899134,1.0740238,0.83172816,0.9426653,1.1426759,1.3558717,1.1217935,1.3299277,1.0160758,1.0142907,0.06397388,0.06301302
-1.4998071,-0.86339474,-0.48911712,-1.3698667,-1.2942597,-1.4959712,-1.5331979,-0.8803514,-0.49563238,-1.4715054,-0.8713378,-0.5009725,-1.4896846,-1.4527065,-0.63370246,-1.4357332,-0.65133166,-0.69511765,0.5988122,0.62317413,-0.66495895,-0.70376,-0.6656494,-0.70341796,-0.6658082,-0.70350933,0.5789763,0.6023432,0.6023028,0.6280673,-0.6522975,-0.6876826,-0.63230735,-0.66235024,-0.6485578,-0.69114465,-0.59071505,-0.6450731,-0.60785794,-0.65642154,-0.6638135,-0.7000882,-0.5990299,-0.62577856,-0.32497722,-0.3849645,-0.6594294,-0.6924485,-0.61566925,-0.6657266,-0.6166105,-0.6660638,-0.4326163,-0.4479557,-0.58649915,-0.5987238
-0.82320243,0.1887255,-0.23841298,-0.701639,-0.43485752,-0.8398783,-0.88014334,-0.1590395,-0.22318956,-0.9570254,-0.28301513,-0.22408521,-0.9426151,-1.1505407,-0.030296898,-1.0998629,-0.051946986,-0.15232834,-0.22946364,-0.12087604,0.0444399,-0.06481056,0.059997234,-0.049809,0.061676018,-0.048211273,-0.26249468,-0.15373123,-0.23117387,-0.121121705,0.050894186,-0.052579027,0.16140714,0.05308296,0.094608,-0.015673392,-0.095489375,-0.18731914,0.0033419628,-0.09327822,0.09338818,-0.018318905,0.00010852704,-0.089934744,-0.20544171,-0.26593924,0.08352075,-0.026232025,-0.1726325,-0.2605171,-0.17259088,-0.26052836,0.34380034,0.25285238,0.30521634,0.19015586
-0.14659771,-0.3264132,-0.48154303,-0.03341135,-0.43485752,-0.18378547,-0.22708881,-0.2672242,-0.48723182,-0.22619142,-0.26508293,-0.48751846,-0.14795992,-0.0058105267,-0.63370246,-0.09225239,-0.65133166,-0.69511765,0.5988122,0.62317413,-0.66495895,-0.70376,-0.6656494,-0.70341796,-0.6658082,-0.70350933,0.5789763,0.6023432,0.6023028,0.6280673,-0.6522975,-0.6876826,-0.63230735,-0.66235024,-0.6485578,-0.69114465,-0.59071505,-0.6450731,-0.60785794,-0.65642154,-0.6638135,-0.7000882,-0.5990299,-0.62577856,-0.32497722,-0.3849645,-0.6594294,-0.6924485,-0.61566925,-0.6657266,-0.6166105,-0.6660638,-0.4326163,-0.4479557,-0.58649915,-0.5987238
-0.14659771,-0.55141354,-0.48471662,-0.03341135,-0.43485752,-0.18378547,-0.4883106,-0.65117234,-0.49249235,-0.62430006,-0.62590265,-0.49752674,-0.64898294,-0.47650746,-0.63370246,-0.09225239,-0.65133166,-0.69511765,0.5988122,0.62317413,-0.66495895,-0.70376,-0.6656494,-0.70341796,-0.6658082,-0.70350933,0.5789763,0.6023432,0.6023028,0.6280673,-0.6522975,-0.6876826,-0.63230735,-0.66235024,-0.6485578,-0.69114465,-0.59071505,-0.6450731,-0.60785794,-0.65642154,-0.6638135,-0.7000882,-0.5990299,-0.62577856,-0.32497722,-0.3849645,-0.6594294,-0.6924485,-0.61566925,-0.6657266,-0.6166105,-0.6660638,-0.4326163,-0.4479557,-0.58649915,-0.5987238
1.2066118,-0.35770625,0.6281391,1.303044,4.721555,1.1284002,3.1687946,-0.26541403,0.7995775,2.6566873,-0.26115194,0.8417813,2.9489353,1.5548327,3.6565423,1.2512283,2.5844016,3.0603495,-3.2221034,-3.775969,3.0134857,3.5418391,3.0524309,3.5885267,3.0543096,3.591015,-3.2093887,-3.7597415,-3.2863703,-3.8500683,2.7205696,3.2168238,3.6140654,4.2340655,2.7591813,3.278605,1.6488343,2.01365,2.6137125,3.1574404,3.1221948,3.6686623,2.3966622,2.805156,-0.026138432,-0.007069226,3.174613,3.7148132,2.2343955,2.6765518,2.2156966,2.650846,2.0965872,2.4763389,3.3487184,3.861037
-1.4998071,-0.7104067,-0.48695922,-1.3698667,-1.2942597,-1.4959712,-1.4025869,-0.7189866,-0.49342152,-1.3823912,-0.7132502,-0.49875307,-1.399409,-1.3240728,-0.63370246,-1.4357332,-0.65133166,-0.69511765,0.5988122,0.62317413,-0.66495895,-0.70376,-0.6656494,-0.70341796,-0.6658082,-0.70350933,0.5789763,0.6023432,0.6023028,0.6280673,-0.6522975,-0.6876826,-0.63230735,-0.66235024,-0.6485578,-0.69114465,-0.59071505,-0.6450731,-0.60785794,-0.65642154,-0.6638135,-0.7000882,-0.5990299,-0.62577856,-0.32497722,-0.3849645,-0.6594294,-0.6924485,-0.61566925,-0.6657266,-0.6166105,-0.6660638,-0.4326163,-0.4479557,-0.58649915,-0.5987238
1.2066118,3.0335815,-0.43415073,1.303044,0.42454463,1.1284002,0.6218821,3.0231917,-0.42983356,0.7801397,2.955954,-0.42434952,0.7578039,1.1764597,-0.62708485,1.2512283,-0.65133166,-0.67677647,0.5988122,0.612623,-0.66495895,-0.6875334,-0.6656494,-0.68785125,-0.6658082,-0.6880031,0.5789763,0.5931912,0.6023028,0.61755455,-0.6522975,-0.6727235,-0.63230735,-0.64818597,-0.6485578,-0.6736289,-0.59071505,-0.6192288,-0.60785794,-0.63268095,-0.6638135,-0.6857787,-0.5990299,-0.62577856,-0.32497722,-0.3812512,-0.6594294,-0.6788925,-0.61566925,-0.6453957,-0.6166105,-0.6458835,-0.4326163,-0.44704613,-0.58649915,-0.59124154
-0.14659771,-0.85085654,-0.4889402,-0.03341135,-0.43485752,-0.18378547,-0.29239425,-0.86606294,-0.4954366,-0.30974612,-0.8563838,-0.5007626,-0.31754127,-0.0670037,-0.63370246,-0.09225239,-0.65133166,-0.69511765,0.5988122,0.62317413,-0.66495895,-0.70376,-0.6656494,-0.70341796,-0.6658082,-0.70350933,0.5789763,0.6023432,0.6023028,0.6280673,-0.6522975,-0.6876826,-0.63230735,-0.66235024,-0.6485578,-0.69114465,-0.59071505,-0.6450731,-0.60785794,-0.65642154,-0.6638135,-0.7000882,-0.5990299,-0.62577856,-0.32497722,-0.3849645,-0.6594294,-0.6924485,-0.61566925,-0.6657266,-0.6166105,-0.6660638,-0.4326163,-0.4479557,-0.58649915,-0.5987238
-1.4998071,-0.86068034,-0.24711771,-1.3698667,-1.2942597,-1.4959712,-0.88014334,-0.85695434,-0.23071098,-1.063333,-0.8519116,-0.2312798,-1.0117562,-1.30051,0.18024428,-1.4357332,0.2524553,0.31603375,0.039232958,0.0021319364,0.16372314,0.21822007,0.1358387,0.18843094,0.12980825,0.18185282,0.06920547,0.036526185,0.04753649,0.012231759,-0.11263875,-0.08547679,-0.027100055,0.0103524495,-0.041487265,-0.009442453,-0.10962886,-0.09452641,-0.075179346,-0.04853647,0.09338818,0.1421716,0.566685,0.6611855,-0.32497722,-0.3849645,0.1504942,0.20501095,0.26074296,0.325003,0.27411973,0.33947393,-0.3211584,-0.32373127,0.117672354,0.17054848
0.530007,0.16687617,0.23180448,0.6348163,0.42454463,0.47230738,-0.16178335,0.100464866,-0.09837918,-0.21386594,0.07889551,-0.039176747,-0.32647166,-0.297401,0.05941418,-0.09225239,0.8714359,0.7626007,-0.99364674,-0.84569806,0.85204643,0.7467365,0.8465549,0.73063433,0.8527257,0.7364413,-0.9957266,-0.8551032,-1.0168717,-0.8643315,1.1956248,1.0904918,1.1396604,0.92937857,1.1102321,0.9394998,1.3657887,1.1500987,1.314435,1.1188765,0.8505898,0.72648275,0.7294944,0.64985245,1.1094489,0.8040058,0.70276725,0.59065664,0.84731805,0.72838575,0.8325081,0.7172848,0.7271357,0.5793984,0.57483083,0.55131143
-0.82320243,-1.0051092,-0.49111596,-0.701639,-0.8645586,-0.8398783,-1.0760597,-0.96567416,-0.49293032,-1.0031343,-0.9171217,-0.49093127,-0.9252172,-0.9898435,-0.60188264,-0.7639928,-0.65133166,-0.66187936,0.5988122,0.60305953,-0.66495895,-0.67414653,-0.6656494,-0.67429,-0.6658082,-0.6743725,0.5789763,0.5848675,0.6023028,0.6074626,-0.6522975,-0.6542899,-0.63230735,-0.63222486,-0.6485578,-0.6575643,-0.59071505,-0.592555,-0.60785794,-0.61044604,-0.6638135,-0.67256624,-0.5990299,-0.6001707,-0.32497722,-0.37544194,-0.6594294,-0.66655266,-0.61566925,-0.6265726,-0.6166105,-0.6277468,-0.4326163,-0.4458587,-0.58649915,-0.5850424
1.8832164,2.0079439,1.7359859,1.9712716,1.7136478,2.0230722,1.470853,2.0234091,1.3122672,1.3745899,1.9755226,1.4835857,1.4665068,1.362349,0.37746692,1.5870986,0.690291,0.30491278,-0.90490294,-0.31584615,0.7349359,0.30102074,0.7867009,0.3271562,0.79014766,0.32780308,-0.9084371,-0.30418894,-0.8841525,-0.29861298,0.7622625,0.2735637,0.7229601,0.22011939,0.86590374,0.2956233,0.73822844,0.17479052,0.6647827,0.13948177,0.8505898,0.35137755,1.0355761,0.47029182,2.2450361,1.0890174,0.8139199,0.36785513,0.54367924,0.23734981,0.5418771,0.23881853,1.0255039,0.33167627,0.8904497,0.44337645
-1.4998071,-0.8754225,-0.25535598,-1.3698667,-0.8645586,-1.4959712,-1.2066705,-0.8764037,-0.2392124,-1.0344782,-0.8851794,-0.26816162,-1.0905067,-1.3171214,0.31685248,-1.4357332,-0.051946986,-0.08329922,-0.22946364,-0.21551564,0.0444399,0.016336732,0.059997234,0.03327449,0.061676018,0.035087783,-0.26249468,-0.24978913,-0.23117387,-0.21607363,0.050894186,0.028240327,0.16140714,0.14256507,0.094608,0.070247054,-0.095489375,-0.12801279,0.0033419628,-0.020056523,0.09338818,0.06835701,0.00010852704,-0.022291299,-0.20544171,-0.25202405,0.08352075,0.05865061,-0.1726325,-0.20879282,-0.17259088,-0.20874275,0.34380034,0.34155467,0.30521634,0.29005718
-0.14659771,-0.49501938,0.56737876,-0.701639,0.8542457,-0.18378547,0.1647439,-0.69866645,0.11745107,-0.2621035,-0.7076572,0.09248286,-0.26096132,-0.76486653,1.0572586,-0.09225239,1.1415018,0.6897685,-1.8219225,-1.2502655,1.4452038,0.92083764,1.5141973,0.9623446,1.5192366,0.9663706,-1.8337059,-1.2907164,-1.8105327,-1.2534143,1.4409242,0.9229844,1.7289932,1.1466042,1.4534172,1.0013424,0.8705235,0.51517427,1.042723,0.7385692,1.6077914,1.0357091,1.2048976,0.7358742,-0.08590619,-0.111140616,1.6441915,1.0205791,0.75346595,0.38146633,0.7759965,0.38658985,1.5930598,1.2651316,2.2761912,1.4369698
0.530007,-0.31082326,-0.48132315,-0.03341135,-0.005156449,0.47230738,0.23004936,-0.32964507,-0.4880871,0.15114813,-0.31261587,-0.49014273,0.19214784,0.42829597,-0.63370246,0.579488,-0.65133166,-0.69511765,0.5988122,0.62317413,-0.66495895,-0.70376,-0.6656494,-0.70341796,-0.6658082,-0.70350933,0.5789763,0.6023432,0.6023028,0.6280673,-0.6522975,-0.6876826,-0.63230735,-0.66235024,-0.6485578,-0.69114465,-0.59071505,-0.6450731,-0.60785794,-0.65642154,-0.6638135,-0.7000882,-0.5990299,-0.62577856,-0.32497722,-0.3849645,-0.6594294,-0.6924485,-0.61566925,-0.6657266,-0.6166105,-0.6660638,-0.4326163,-0.4479557,-0.58649915,-0.5987238
-0.82320243,-0.8422354,-0.12524478,-0.701639,-0.005156449,-0.8398783,0.5565766,-0.8178881,-0.25318277,-0.26111534,-0.80596054,-0.16310242,0.07210726,-0.49714485,0.51934206,-0.7639928,1.1051146,0.3991698,-0.63867146,-0.14226007,0.91592497,0.27593526,0.90667313,0.27111948,0.904442,0.26979136,-0.5313464,-0.084684715,-0.6346403,-0.13745415,0.90126544,0.27724704,0.9670275,0.329311,1.1897997,0.45904928,1.8799657,0.92980444,1.7762884,0.85931635,0.8505898,0.2383072,-0.32551017,-0.46143445,0.9899134,0.5079146,0.7629595,0.1854693,1.3607438,0.5778851,1.3451488,0.56692916,-0.3430798,-0.3919725,0.32813838,-0.04117175
0.530007,1.705163,5.3506002,-0.701639,1.7136478,0.9494658,1.6014638,2.207902,6.0491095,1.205607,1.9425973,5.4314146,1.0729526,0.38898757,2.3541281,0.579488,4.297675,4.3181343,0.0022563555,0.024373718,3.181656,3.1768084,2.8486893,2.8452148,2.8052323,2.801777,0.34853193,0.37311947,-0.10907218,-0.08718614,1.5553973,1.5530384,0.74081874,0.7267703,0.97333324,0.96626854,0.11516694,0.074728355,0.2720949,0.22839062,2.364993,2.359954,2.1752415,2.2082453,-0.32497722,-0.38477746,2.8095849,2.802028,4.9685264,5.0486674,4.9242163,4.9955354,-0.4326163,-0.4479552,-0.43902868,-0.44758043
-0.14659771,-0.33306885,-0.4816369,-0.03341135,-0.43485752,-0.18378547,-0.22708881,-0.31400785,-0.48787284,-0.2803445,-0.29793525,-0.49292225,-0.21029432,-0.10974637,-0.63370246,-0.09225239,-0.65133166,-0.69511765,0.5988122,0.62317413,-0.66495895,-0.70376,-0.6656494,-0.70341796,-0.6658082,-0.70350933,0.5789763,0.6023432,0.6023028,0.6280673,-0.6522975,-0.6876826,-0.63230735,-0.66235024,-0.6485578,-0.69114465,-0.59071505,-0.6450731,-0.60785794,-0.65642154,-0.6638135,-0.7000882,-0.5990299,-0.62577856,-0.32497722,-0.3849645,-0.6594294,-0.6924485,-0.61566925,-0.6657266,-0.6166105,-0.6660638,-0.4326163,-0.4479557,-0.58649915,-0.5987238
1.2066118,0.08275713,1.8631035,1.303044,2.57305,1.1284002,1.4055475,0.11865754,1.894986,1.3981482,0.100946434,1.8980501,1.3692472,0.46681488,2.6748075,0.579488,2.3303807,2.4217348,-4.5902376,-4.756344,2.7299435,2.8250155,2.8694336,2.9715407,2.9148364,3.018992,-4.7456846,-4.9181705,-4.640106,-4.808065,4.846498,5.044014,4.6359725,4.808263,4.094683,4.284793,4.760702,5.076091,4.2175627,4.4883585,3.1221948,3.2341824,3.9596317,4.0759716,7.7436695,8.799801,2.5162258,2.5950432,1.8479462,1.9368771,1.8053147,1.8889395,4.4009366,4.5826154,2.7852852,2.8426557
0.530007,-0.78030086,-0.48794502,0.6348163,-0.005156449,0.47230738,-0.03117245,-0.7736111,-0.49416992,0.22991425,-0.7801622,-0.49957135,0.14973445,0.5512687,-0.63370246,0.579488,-0.65133166,-0.69511765,0.5988122,0.62317413,-0.66495895,-0.70376,-0.6656494,-0.70341796,-0.6658082,-0.70350933,0.5789763,0.6023432,0.6023028,0.6280673,-0.6522975,-0.6876826,-0.63230735,-0.66235024,-0.6485578,-0.69114465,-0.59071505,-0.6450731,-0.60785794,-0.65642154,-0.6638135,-0.7000882,-0.5990299,-0.62577856,-0.32497722,-0.3849645,-0.6594294,-0.6924485,-0.61566925,-0.6657266,-0.6166105,-0.6660638,-0.4326163,-0.4479557,-0.58649915,-0.5987238
-1.4998071,-0.8986051,-0.48961374,-1.3698667,-1.2942597,-1.4959712,-1.4025869,-0.91625416,-0.4961243,-1.4310113,-0.9191802,-0.5016442,-1.4357044,-1.4039677,-0.63370246,-1.4357332,-0.65133166,-0.69511765,0.5988122,0.62317413,-0.66495895,-0.70376,-0.6656494,-0.70341796,-0.6658082,-0.70350933,0.5789763,0.6023432,0.6023028,0.6280673,-0.6522975,-0.6876826,-0.63230735,-0.66235024,-0.6485578,-0.69114465,-0.59071505,-0.6450731,-0.60785794,-0.65642154,-0.6638135,-0.7000882,-0.5990299,-0.62577856,-0.32497722,-0.3849645,-0.6594294,-0.6924485,-0.61566925,-0.6657266,-0.6166105,-0.6660638,-0.4326163,-0.4479557,-0.58649915,-0.5987238
1.2066118,2.3482997,-0.44381654,1.303044,0.42454463,1.1284002,1.0790203,3.0871396,-0.4412732,1.1139563,2.9904764,-0.4435623,1.2225468,1.5256491,-0.63370246,1.2512283,-0.65133166,-0.69511765,0.5988122,0.62317413,-0.66495895,-0.70376,-0.6656494,-0.70341796,-0.6658082,-0.70350933,0.5789763,0.6023432,0.6023028,0.6280673,-0.6522975,-0.6876826,-0.63230735,-0.66235024,-0.6485578,-0.69114465,-0.59071505,-0.6450731,-0.60785794,-0.65642154,-0.6638135,-0.7000882,-0.5990299,-0.62577856,-0.32497722,-0.3849645,-0.6594294,-0.6924485,-0.61566925,-0.6657266,-0.6166105,-0.6660638,-0.4326163,-0.4479557,-0.58649915,-0.5987238
-0.14659771,0.21198384,1.4673817,-0.03341135,-0.005156449,0.05479375,-0.35769972,0.34824723,1.6822628,-0.49211594,0.28548217,1.5873479,-0.4590592,-0.79394853,0.14110161,-0.09225239,0.20170431,0.28005633,0.1476977,0.11159719,0.1298285,0.19978374,0.12407932,0.19450025,0.12042774,0.19048493,0.19839399,0.17071058,0.16167499,0.12827307,-0.014519027,0.039528042,-0.12433008,-0.08541381,-0.10846324,-0.07143253,-0.29565588,-0.3000525,-0.28948817,-0.28518334,0.09338818,0.16053045,0.12384364,0.1896784,-0.32497722,-0.3849645,0.19858955,0.27902794,0.2069161,0.28442365,0.21626268,0.29465365,-0.38886026,-0.3981248,0.2587311,0.34477484
-0.82320243,-0.29439178,1.0523906,-0.701639,-0.005156449,-0.4820095,-0.29239425,-0.336968,0.9436151,-0.35704643,-0.31722727,1.0033219,-0.3763083,-0.7176725,0.8459214,-1.0998629,0.58953756,0.4868179,-0.62881094,-0.56412244,0.79077524,0.69055194,0.8202614,0.72791624,0.81705505,0.7253266,-0.60816115,-0.5438585,-0.64525783,-0.5731668,0.4924331,0.42143106,0.69716436,0.6034853,0.7316838,0.66718715,0.2446101,0.31725362,0.5515698,0.54507595,0.8505898,0.7650713,0.36480144,0.2531865,-0.32497722,-0.383282,0.9634383,0.8729386,0.44982713,0.36835527,0.5216943,0.43077287,0.09540604,0.087037675,1.3989023,1.2706484
-0.82320243,-0.90486795,-0.48970208,-0.701639,-0.8645586,-0.8398783,-0.4883106,-0.9023612,-0.49593392,-0.675339,-0.8975668,-0.50134075,-0.6800736,-0.4964481,-0.63370246,-0.7639928,-0.65133166,-0.69511765,0.5988122,0.62317413,-0.66495895,-0.70376,-0.6656494,-0.70341796,-0.6658082,-0.70350933,0.5789763,0.6023432,0.6023028,0.6280673,-0.6522975,-0.6876826,-0.63230735,-0.66235024,-0.6485578,-0.69114465,-0.59071505,-0.6450731,-0.60785794,-0.65642154,-0.6638135,-0.7000882,-0.5990299,-0.62577856,-0.32497722,-0.3849645,-0.6594294,-0.6924485,-0.61566925,-0.6657266,-0.6166105,-0.6660638,-0.4326163,-0.4479557,-0.58649915,-0.5987238
-0.82320243,-0.14675663,-0.47900897,-0.701639,-0.8645586,-0.8398783,-1.0107542,-0.1751937,-0.4859709,-0.9070032,-0.16780435,-0.4910953,-0.9409866,-0.8034617,-0.63370246,-0.7639928,-0.65133166,-0.69511765,0.5988122,0.62317413,-0.66495895,-0.70376,-0.6656494,-0.70341796,-0.6658082,-0.70350933,0.5789763,0.6023432,0.6023028,0.6280673,-0.6522975,-0.6876826,-0.63230735,-0.66235024,-0.6485578,-0.69114465,-0.59071505,-0.6450731,-0.60785794,-0.65642154,-0.6638135,-0.7000882,-0.5990299,-0.62577856,-0.32497722,-0.3849645,-0.6594294,-0.6924485,-0.61566925,-0.6657266,-0.6166105,-0.6660638,-0.4326163,-0.4479557,-0.58649915,-0.5987238
1.8832164,3.2947657,1.9223131,1.9712716,1.7136478,2.0230722,1.470853,3.5756295,2.283474,1.8126037,3.4993799,2.2578113,1.7051754,1.4724367,1.3811752,1.9229687,1.3937091,2.1823225,-0.15058024,-0.59610087,1.1023457,1.7666712,1.0040513,1.6581228,0.99454427,1.6462413,-0.025067165,-0.41164607,-0.17808624,-0.6263226,0.8522055,1.4371904,0.44714436,1.0574212,0.67060167,1.371819,0.7341945,1.6728947,0.7226127,1.6278709,0.8505898,1.4697045,0.7685687,0.85856885,-0.20544171,0.3759512,0.9234451,1.5198499,1.64368,2.5714293,1.6357799,2.5502791,-0.27118456,-0.27096525,0.00658861,0.29834187
-0.82320243,-0.361132,0.9089271,-1.3698667,-0.005156449,-0.8398783,-0.94544876,-0.29476854,1.0317298,-0.86966205,-0.32975754,0.9631167,-0.91580904,-1.4480804,0.6361404,-0.7639928,0.75167835,0.90447956,-0.68550843,-0.81248504,0.8140235,0.9637142,0.8304352,0.97895956,0.8255716,0.97330916,-0.6710097,-0.79496723,-0.68241924,-0.8089379,0.4311083,0.5233582,0.5800915,0.70184,0.546562,0.6633854,0.73244965,0.858796,0.47167823,0.5747172,0.8505898,0.99760056,0.8336925,1.0247955,-0.32497722,-0.3849645,0.86938125,1.0182375,0.58646464,0.7270086,0.62260795,0.76397437,0.18913592,0.23267405,1.4522802,1.6217289
0.530007,-0.51724476,0.24542192,0.6348163,1.2839468,0.47230738,0.9484093,-0.4990856,0.052645177,0.6303566,-0.4961058,0.013198112,0.6264392,0.35638472,0.8323114,0.2436178,0.81442857,0.4268254,-2.5589898,-1.774201,1.1503633,0.6779322,1.3222157,0.8096965,1.3433517,0.8258983,-2.741517,-1.9187734,-2.5351796,-1.7544171,1.678047,1.0917578,1.9095632,1.2705362,2.274543,1.5539938,2.5109377,1.7830857,2.2549546,1.5781125,1.6077914,1.0282522,2.1361673,1.4396734,7.3850636,6.0401206,1.1865617,0.706702,0.39462012,0.11562179,0.36023262,0.08839978,3.8104763,2.7868013,1.3086568,0.81740135
-1.4998071,-0.87225866,-0.4892421,-1.3698667,-1.2942597,-1.4959712,-1.3372815,-0.8720433,-0.49551857,-1.339189,-0.85960007,-0.4992019,-1.2779459,-1.2748756,-0.63370246,-1.4357332,-0.65133166,-0.69511765,0.5988122,0.62317413,-0.66495895,-0.70376,-0.6656494,-0.70341796,-0.6658082,-0.70350933,0.5789763,0.6023432,0.6023028,0.6280673,-0.6522975,-0.6876826,-0.63230735,-0.66235024,-0.6485578,-0.69114465,-0.59071505,-0.6450731,-0.60785794,-0.65642154,-0.6638135,-0.7000882,-0.5990299,-0.62577856,-0.32497722,-0.3849645,-0.6594294,-0.6924485,-0.61566925,-0.6657266,-0.6166105,-0.6660638,-0.4326163,-0.4479557,-0.58649915,-0.5987238
-1.4998071,-0.8589296,-0.48905408,-1.3698667,-1.2942597,-1.4959712,-1.4025869,-0.8621682,-0.47408575,-1.3945357,-0.8627351,-0.45279628,-1.372672,-1.374488,-0.5867431,-1.4357332,-0.65133166,-0.6511839,0.5988122,0.529282,-0.66495895,-0.6496507,-0.6656494,-0.64415735,-0.6658082,-0.6436107,0.5789763,0.50360423,0.6023028,0.5347588,-0.6522975,-0.61801505,-0.63230735,-0.586657,-0.6485578,-0.6032051,-0.59071505,-0.5499799,-0.60785794,-0.5688961,-0.6638135,-0.6323939,-0.5990299,-0.54487866,-0.32497722,-0.13317649,-0.6594294,-0.6376479,-0.61566925,-0.6351297,-0.6166105,-0.63652027,-0.4326163,-0.32125947,-0.58649915,-0.54325724
1.2066118,0.6656571,1.5769408,1.303044,1.2839468,1.1284002,1.5361583,0.40236706,0.9747665,1.1518347,0.3812129,0.9452977,0.95135194,0.9909101,0.96716946,0.9153582,0.81177837,0.6482852,-1.1267625,-1.043764,0.7962071,0.65196365,0.81484425,0.67278033,0.82149845,0.6802952,-1.1423731,-1.0754807,-1.1230471,-1.0393829,1.1015934,0.9934019,1.1039431,0.97580624,1.1630092,1.0148288,1.505323,1.3222172,1.4136403,1.2370118,0.8505898,0.71716017,0.5080737,0.5200875,1.6473587,1.694294,0.6709644,0.5377348,0.76864797,0.5790939,0.75177723,0.5619409,1.0608442,1.1137999,0.47785297,0.40369993
-0.82320243,-0.39924493,-0.4825703,-0.701639,-0.8645586,-0.8398783,-0.8148379,-0.4824272,-0.49018037,-0.91686124,-0.446175,-0.49500346,-0.8906055,-0.8267904,-0.63370246,-0.7639928,-0.65133166,-0.69511765,0.5988122,0.62317413,-0.66495895,-0.70376,-0.6656494,-0.70341796,-0.6658082,-0.70350933,0.5789763,0.6023432,0.6023028,0.6280673,-0.6522975,-0.6876826,-0.63230735,-0.66235024,-0.6485578,-0.69114465,-0.59071505,-0.6450731,-0.60785794,-0.65642154,-0.6638135,-0.7000882,-0.5990299,-0.62577856,-0.32497722,-0.3849645,-0.6594294,-0.6924485,-0.61566925,-0.6657266,-0.6166105,-0.6660638,-0.4326163,-0.4479557,-0.58649915,-0.5987238
-0.14659771,0.25864032,-0.37646428,-0.03341135,-0.43485752,-0.18378547,-0.55361605,0.3950217,-0.1998252,-0.5727291,0.38524902,-0.2061073,-0.52641094,-0.51483804,-0.6257966,-0.09225239,-0.0893205,-0.055653043,-0.4192769,-0.34982333,0.04183256,0.053155135,0.04334914,0.04399721,0.048716094,0.047892172,-0.51039696,-0.43760583,-0.46210527,-0.39459014,0.21851549,0.16427429,0.40745857,0.34289697,0.095143825,0.06611686,-0.089138836,-0.07416153,-0.0684486,-0.12484019,0.09338818,0.08170575,0.29967773,0.28696972,1.4680555,1.6602348,-0.005829999,-0.0212332,-0.18091358,-0.15304284,-0.18066396,-0.14582932,0.29614013,0.22379869,0.38840884,0.35098758
0.530007,-0.34205148,0.007294904,0.6348163,0.42454463,0.6512418,0.75249296,-0.31010482,0.010395142,0.84807515,-0.32470375,-0.010223512,0.7397953,0.84469956,0.40345758,0.579488,0.15669882,0.15136562,-0.23439386,-0.23532358,0.14090942,0.13505356,0.11998333,0.11435004,0.12351344,0.11799319,-0.22757888,-0.22809044,-0.22055633,-0.22027476,0.43928495,0.44235137,0.24077861,0.24055867,0.2743716,0.2776828,0.5690082,0.59911406,0.46875432,0.49553084,0.09338818,0.087529466,-0.0064038453,-0.04636578,0.03362931,0.023807244,0.022242233,0.0141824735,0.19035394,0.18755695,0.17993377,0.17706834,-0.13277319,-0.13819335,0.07246943,0.072936445
-0.82320243,-0.7505762,-0.0479095,-0.701639,0.8542457,-0.8398783,-0.22708881,-0.7330797,0.017449565,-0.08302719,-0.72327614,0.034860976,-0.047212277,-0.56273353,1.166437,-0.7639928,0.6429616,0.7548668,-0.929554,-1.0753335,0.80641896,0.93546414,0.8215827,0.9537003,0.822239,0.95460486,-0.9363698,-1.081856,-0.9531664,-1.100939,0.6968493,0.81984574,1.0662417,1.2281542,0.7145379,0.841574,0.3051048,0.38145888,0.6807702,0.81610906,0.8505898,0.98668486,0.599247,0.69890404,-0.20544171,-0.23905928,0.87418765,1.0091937,0.5243567,0.6247259,0.5163123,0.6145938,0.579065,0.6811132,0.9875879,1.1231879
1.2066118,-0.3118412,-0.4813375,1.303044,0.42454463,1.1284002,0.49127117,-0.2875266,-0.48751,0.80555797,-0.29452962,-0.49006265,0.74421966,1.1889759,-0.63370246,1.2512283,-0.65133166,-0.69511765,0.5988122,0.62317413,-0.66495895,-0.70376,-0.6656494,-0.70341796,-0.6658082,-0.70350933,0.5789763,0.6023432,0.6023028,0.6280673,-0.6522975,-0.6876826,-0.63230735,-0.66235024,-0.6485578,-0.69114465,-0.59071505,-0.6450731,-0.60785794,-0.65642154,-0.6638135,-0.7000882,-0.5990299,-0.62577856,-0.32497722,-0.3849645,-0.6594294,-0.6924485,-0.61566925,-0.6657266,-0.6166105,-0.6660638,-0.4326163,-0.4479557,-0.58649915,-0.5987238
-0.14659771,-0.9794042,-0.42010066,-0.03341135,-0.43485752,-0.18378547,0.2953548,-0.9757031,-0.39009926,0.41338736,-0.96713775,-0.38723257,0.3849679,-0.2759262,1.7258289,-0.09225239,1.0169495,1.1854438,-2.174433,-2.469811,1.4013146,1.6112467,1.4799763,1.7004644,1.4855406,1.7068686,-2.2387292,-2.5403032,-2.1688743,-2.4636922,1.3591578,1.5707386,2.0286205,2.3109865,1.459579,1.690189,0.54388607,0.66218287,0.369099,0.46460614,1.6077914,1.8435215,2.1166303,2.393102,0.03362931,0.05279893,1.6062863,1.8348647,0.39876065,0.49189872,0.44500005,0.5433725,2.6189117,2.9655719,2.5108616,2.8083334
1.2066118,-0.67366856,0.23576546,1.303044,2.57305,1.1284002,2.5157402,-0.6720456,0.23722775,2.4728913,-0.6670449,0.25005227,2.4315133,1.3794246,3.675988,1.2512283,1.6724187,1.7008404,-4.047914,-4.12959,2.5441747,2.586733,2.8146005,2.8655634,2.8327565,2.8844435,-4.047368,-4.130027,-3.8703346,-3.9476373,2.8227775,2.8861122,3.2271295,3.2911575,3.2172973,3.3095996,3.920914,4.113145,2.3987832,2.5056918,3.1221948,3.1810198,0.80113053,0.79881674,-0.026138432,-0.049250133,3.200489,3.2492967,0.67479604,0.6786862,0.7019932,0.70578444,5.529542,5.676102,4.100497,4.1201224
-1.4998071,-0.93674487,-0.49015167,-1.3698667,-1.2942597,-1.4959712,-1.3372815,-0.93694013,-0.49640772,-1.3669254,-0.9326492,-0.5018333,-1.3093927,-1.3284308,-0.63370246,-1.4357332,-0.65133166,-0.69511765,0.5988122,0.62317413,-0.66495895,-0.70376,-0.6656494,-0.70341796,-0.6658082,-0.70350933,0.5789763,0.6023432,0.6023028,0.6280673,-0.6522975,-0.6876826,-0.63230735,-0.66235024,-0.6485578,-0.69114465,-0.59071505,-0.6450731,-0.60785794,-0.65642154,-0.6638135,-0.7000882,-0.5990299,-0.62577856,-0.32497722,-0.3849645,-0.6594294,-0.6924485,-0.61566925,-0.6657266,-0.6166105,-0.6660638,-0.4326163,-0.4479557,-0.58649915,-0.5987238
-0.14659771,-0.48192355,-0.48373652,-0.701639,-0.43485752,-0.18378547,0.23004936,-0.4552864,-0.47512463,-0.035161953,-0.44964793,-0.47619465,-0.10046423,0.29079595,-0.63370246,-0.09225239,-0.65133166,-0.6505951,0.5988122,0.60057306,-0.66495895,-0.665176,-0.6656494,-0.6648978,-0.6658082,-0.66504365,0.5789763,0.5839914,0.6023028,0.60589284,-0.6522975,-0.64865816,-0.63230735,-0.63153833,-0.6485578,-0.6456563,-0.59071505,-0.58217245,-0.60785794,-0.5931387,-0.6638135,-0.6634359,-0.5990299,-0.62577856,-0.32497722,-0.34717056,-0.6594294,-0.65731555,-0.61566925,-0.61328423,-0.6166105,-0.6138263,-0.4326163,-0.44651338,-0.58649915,-0.5823595
-0.82320243,-0.011691681,1.4643015,-0.701639,-0.43485752,-0.6012991,-0.6189215,0.1147519,1.6754714,-0.5847156,0.07255813,1.6219683,-0.575825,-0.788676,0.17144576,-0.7639928,0.20170431,0.2784228,0.1476977,0.11245408,0.1298285,0.19827026,0.12407932,0.19299619,0.12042774,0.18898752,0.19839399,0.17143357,0.16167499,0.1291103,-0.014519027,0.038309846,-0.12433008,-0.086380176,-0.10846324,-0.07247055,-0.29565588,-0.30063042,-0.28948817,-0.28580514,0.09338818,0.15908884,0.12384364,0.18831247,-0.32497722,-0.3849645,0.19858955,0.27740064,0.2069161,0.282832,0.21626268,0.29304433,-0.38886026,-0.39820823,0.2587311,0.34319445
1.2066118,-0.2387092,-0.480306,1.303044,0.42454463,1.1284002,0.9484093,-0.20108743,-0.465349,1.0486007,-0.19375041,-0.4627937,0.93510205,1.5424247,-0.63370246,1.2512283,-0.65133166,-0.6826666,0.5988122,0.60656965,-0.66495895,-0.6899012,-0.6656494,-0.6886411,-0.6658082,-0.68866795,0.5789763,0.58522356,0.6023028,0.61154217,-0.6522975,-0.67401356,-0.63230735,-0.6495996,-0.6485578,-0.6705692,-0.59071505,-0.6222348,-0.60785794,-0.63476616,-0.6638135,-0.6839115,-0.5990299,-0.60672235,-0.32497722,-0.3247956,-0.6594294,-0.67919177,-0.61566925,-0.6543396,-0.6166105,-0.6548612,-0.4326163,-0.43346706,-0.58649915,-0.58400613
-0.82320243,-0.24449319,-0.48038754,-0.701639,-0.8645586,-0.8398783,-1.0107542,-0.25891805,-0.48711804,-0.95551443,-0.20824778,-0.49166313,-0.97133577,-0.86242133,-0.63370246,-0.7639928,-0.65133166,-0.69511765,0.5988122,0.62317413,-0.66495895,-0.70376,-0.6656494,-0.70341796,-0.6658082,-0.70350933,0.5789763,0.6023432,0.6023028,0.6280673,-0.6522975,-0.6876826,-0.63230735,-0.66235024,-0.6485578,-0.69114465,-0.59071505,-0.6450731,-0.60785794,-0.65642154,-0.6638135,-0.7000882,-0.5990299,-0.62577856,-0.32497722,-0.3849645,-0.6594294,-0.6924485,-0.61566925,-0.6657266,-0.6166105,-0.6660638,-0.4326163,-0.4479557,-0.58649915,-0.5987238
1.2066118,0.31419152,-0.47250736,1.303044,0.42454463,1.1284002,1.0137148,0.47114593,-0.47711533,0.96048504,0.4362916,-0.47318977,1.0005375,1.3608074,-0.63370246,1.2512283,-0.65133166,-0.69511765,0.5988122,0.62317413,-0.66495895,-0.70376,-0.6656494,-0.70341796,-0.6658082,-0.70350933,0.5789763,0.6023432,0.6023028,0.6280673,-0.6522975,-0.6876826,-0.63230735,-0.66235024,-0.6485578,-0.69114465,-0.59071505,-0.6450731,-0.60785794,-0.65642154,-0.6638135,-0.7000882,-0.5990299,-0.62577856,-0.32497722,-0.3849645,-0.6594294,-0.6924485,-0.61566925,-0.6657266,-0.6166105,-0.6660638,-0.4326163,-0.4479557,-0.58649915,-0.5987238
1.2066118,1.3042119,-0.45854327,1.303044,0.42454463,1.1284002,0.9484093,0.737544,-0.47080258,0.92043155,0.85772717,-0.46338058,0.9699952,1.365584,-0.5853052,1.2512283,-0.65133166,-0.40700883,0.5988122,0.5817025,-0.66495895,-0.44785625,-0.6656494,-0.4685677,-0.6658082,-0.47073168,0.5789763,0.57537776,0.6023028,0.5709537,-0.6522975,-0.5130932,-0.63230735,-0.5658869,-0.6485578,-0.5070142,-0.59071505,-0.45464838,-0.60785794,-0.52202135,-0.6638135,-0.49078667,-0.5990299,-0.46140662,-0.32497722,-0.3849645,-0.6594294,-0.4729382,-0.61566925,-0.35284415,-0.6166105,-0.34975535,-0.4326163,-0.44794768,-0.58649915,-0.5888893
1.2066118,-0.44307482,-0.48318854,1.303044,0.42454463,1.1284002,0.49127117,-0.4616291,-0.39790285,0.82153314,-0.450012,-0.34053567,0.8592439,1.0870671,-0.4151258,1.2512283,-0.65133166,-0.50532037,0.5988122,0.21755235,-0.66495895,-0.47000325,-0.6656494,-0.44740734,-0.6658082,-0.4447425,0.5789763,0.17578273,0.6023028,0.22496721,-0.6522975,-0.38671294,-0.63230735,-0.335349,-0.6485578,-0.31123853,-0.59071505,-0.23426275,-0.60785794,-0.27830473,-0.6638135,-0.40764317,-0.5990299,-0.2762846,-0.32497722,0.70277995,-0.6594294,-0.45570546,-0.61566925,-0.5335455,-0.6166105,-0.53843343,-0.4326163,0.099382296,-0.58649915,-0.35910362
1.2066118,-0.9538528,-0.3651756,1.303044,0.42454463,1.1284002,1.7973802,-0.9474609,-0.33112803,1.7403793,-0.93681514,-0.3223541,1.8098785,0.6590659,2.9997914,0.9153582,2.129137,2.2556005,-4.023263,-4.2302165,2.77883,2.9286914,2.9103932,3.068499,2.9197733,3.078602,-4.1171994,-4.3289933,-4.016326,-4.223396,2.7001278,2.8560162,3.802572,4.003252,2.8650036,3.0454812,1.300287,1.4061259,1.0204035,1.1025459,3.1221948,3.2910979,3.9270701,4.111296,0.27270037,0.30202258,3.116763,3.2731473,1.0750473,1.1505532,1.1527406,1.2315199,4.653264,4.908647,4.5757685,4.7473245
1.2066118,0.4735659,-0.47025943,1.303044,0.42454463,1.1284002,0.9484093,0.320743,-0.43269345,0.64385533,0.2627194,-0.43412983,0.70783997,1.0680225,-0.6062534,1.2512283,-0.65133166,-0.6490965,0.5988122,0.583366,-0.66495895,-0.6566575,-0.6656494,-0.65639067,-0.6658082,-0.6566597,0.5789763,0.5635816,0.6023028,0.5880636,-0.6522975,-0.65407115,-0.63230735,-0.62331676,-0.6485578,-0.6537061,-0.59071505,-0.60523194,-0.60785794,-0.6229189,-0.6638135,-0.65312845,-0.5990299,-0.578289,-0.32497722,-0.3849645,-0.6594294,-0.6449384,-0.61566925,-0.6246826,-0.6166105,-0.624501,-0.4326163,-0.43115565,-0.58649915,-0.53989536
-0.14659771,-0.38111362,-0.48231456,-0.03341135,-0.43485752,-0.18378547,0.1647439,-0.17078106,-0.45927647,-0.069826014,-0.21635313,-0.45837805,-0.0046258452,0.19845663,-0.63370246,-0.09225239,-0.65133166,-0.67652875,0.5988122,0.6003698,-0.66495895,-0.6842985,-0.6656494,-0.683251,-0.6658082,-0.6832478,0.5789763,0.57940894,0.6023028,0.60469383,-0.6522975,-0.6656247,-0.63230735,-0.63735664,-0.6485578,-0.66495514,-0.59071505,-0.61384463,-0.60785794,-0.63008016,-0.6638135,-0.67887825,-0.5990299,-0.600431,-0.32497722,-0.32075167,-0.6594294,-0.67473465,-0.61566925,-0.6475749,-0.6166105,-0.6481244,-0.4326163,-0.43425766,-0.58649915,-0.58009714
-0.14659771,1.427612,2.2513437,-0.03341135,0.42454463,0.23372817,0.23004936,1.8154774,2.7505229,0.25449017,1.6416005,2.5652957,0.35278365,-0.1349927,0.9613669,-0.09225239,0.822139,1.0473495,-0.46611387,-0.6264674,0.8576956,1.0893128,0.8670348,1.1047859,0.86185944,1.0988967,-0.39517474,-0.53901315,-0.46210527,-0.61897427,0.5578463,0.7398718,0.54040575,0.7069403,0.5816575,0.7787096,0.12200673,0.29290268,0.29022568,0.4621285,0.8505898,1.0883136,0.6057593,0.7590818,-0.32497722,-0.3849645,1.0100234,1.2725589,0.73966426,0.9665698,0.7854151,1.0148518,-0.12484908,-0.06485326,1.2514317,1.4987099
-1.4998071,-0.8342379,-0.1080534,-1.3698667,-0.8645586,-1.4959712,-1.4025869,-0.80681974,-0.037461445,-1.3720759,-0.8131658,-0.057792902,-1.3678315,-1.6515892,0.010349561,-1.4357332,0.18604837,0.33759105,-0.00267383,-0.11267744,0.15285946,0.2992277,0.1316106,0.27449307,0.13240021,0.27561682,0.030798104,-0.06835633,-0.00024245924,-0.109241664,0.28801692,0.4689727,0.09592571,0.2299163,0.2599048,0.4333768,0.5766686,0.82754457,0.54088444,0.7886321,0.09338818,0.22834629,-0.01942859,0.0795778,-0.20544171,-0.22434606,0.051486794,0.17590044,0.28144562,0.4521656,0.28488386,0.45574883,-0.27118456,-0.24962486,-0.03685108,0.06317478
0.530007,-0.64577305,-0.48604757,0.6348163,-0.005156449,0.47230738,0.36066025,-0.6387227,-0.48579818,0.42072314,-0.6321507,-0.4886894,0.429056,0.7966473,-0.6196326,0.579488,-0.65133166,-0.68014187,0.5988122,0.61289644,-0.66495895,-0.6869774,-0.6656494,-0.6848551,-0.6658082,-0.684911,0.5789763,0.5929174,0.6023028,0.6164304,-0.6522975,-0.673071,-0.63230735,-0.64599156,-0.6485578,-0.6648977,-0.59071505,-0.61285806,-0.60785794,-0.6296977,-0.6638135,-0.67980576,-0.5990299,-0.5913243,-0.32497722,-0.36215693,-0.6594294,-0.674438,-0.61566925,-0.6426202,-0.6166105,-0.6434954,-0.4326163,-0.4463513,-0.58649915,-0.59306896
1.2066118,0.13259517,1.9702344,1.303044,2.57305,2.0230722,2.5157402,-0.0059420406,1.6348155,1.9994394,-0.0046179844,1.6721833,2.0855489,0.8283986,3.46636,1.2512283,3.4088974,3.2983093,-3.4538236,-3.2968087,3.3713353,3.240671,3.267535,3.1403453,3.283145,3.1551821,-3.331594,-3.1772916,-3.4058175,-3.2511706,4.6420817,4.4576597,3.6497824,3.4949403,3.960195,3.8505914,5.262958,5.2493153,4.829078,4.8038535,3.1221948,2.9972346,1.7714742,1.5249993,1.4680552,1.5334978,2.7541857,2.62999,3.4365296,3.3619044,3.4064763,3.3318431,1.0168858,0.95760643,2.6801322,2.527118
-0.14659771,-0.54552895,-0.48463365,-0.03341135,-0.43485752,-0.18378547,-0.22708881,-0.56216884,-0.4912729,-0.116126604,-0.5338984,-0.48327896,-0.12545317,0.17523558,-0.63370246,-0.09225239,-0.65133166,-0.69511765,0.5988122,0.62317413,-0.66495895,-0.70376,-0.6656494,-0.70341796,-0.6658082,-0.70350933,0.5789763,0.6023432,0.6023028,0.6280673,-0.6522975,-0.6876826,-0.63230735,-0.66235024,-0.6485578,-0.69114465,-0.59071505,-0.6450731,-0.60785794,-0.65642154,-0.6638135,-0.7000882,-0.5990299,-0.62577856,-0.32497722,-0.3849645,-0.6594294,-0.6924485,-0.61566925,-0.6657266,-0.6166105,-0.6660638,-0.4326163,-0.4479557,-0.58649915,-0.5987238
-0.82320243,-0.3730404,-0.48220068,-1.3698667,-0.8645586,-0.8398783,-1.0107542,-0.49429446,-0.490343,-0.8244285,-0.48883915,-0.48188636,-0.9021503,-0.68686616,-0.63370246,-0.7639928,-0.65133166,-0.69511765,0.5988122,0.62317413,-0.66495895,-0.70376,-0.6656494,-0.70341796,-0.6658082,-0.70350933,0.5789763,0.6023432,0.6023028,0.6280673,-0.6522975,-0.6876826,-0.63230735,-0.66235024,-0.6485578,-0.69114465,-0.59071505,-0.6450731,-0.60785794,-0.65642154,-0.6638135,-0.7000882,-0.5990299,-0.62577856,-0.32497722,-0.3849645,-0.6594294,-0.6924485,-0.61566925,-0.6657266,-0.6166105,-0.6660638,-0.4326163,-0.4479557,-0.58649915,-0.5987238
-0.14659771,-0.2938104,1.0114943,-0.03341135,0.8542457,-0.18378547,0.49127117,-0.64430463,0.19821735,-0.041567594,-0.6723158,0.16474588,-0.031030402,-0.633019,1.3353691,-0.09225239,1.1468223,0.9144124,-1.8860153,-1.5831815,1.4632375,1.1907074,1.5112906,1.2346524,1.5166445,1.239571,-1.9454366,-1.6394625,-1.8981272,-1.5928938,1.4572774,1.1956794,1.7488362,1.4563332,1.5809394,1.3118587,0.89496195,0.7143258,1.2257416,1.0164376,1.6077914,1.3215066,1.1983854,0.9622244,0.03362931,-0.03428476,1.569421,1.2833695,0.713441,0.5361943,0.7154484,0.53686035,1.8966335,1.6293625,2.0886474,1.7397498
-0.82320243,-0.22865434,-0.48016417,-0.701639,-0.8645586,-0.8398783,-0.94544876,-0.31869248,-0.487937,-0.89090085,-0.3098341,-0.47223574,-0.884939,-0.7626906,-0.63370246,-0.7639928,-0.65133166,-0.69511765,0.5988122,0.62317413,-0.66495895,-0.70376,-0.6656494,-0.70341796,-0.6658082,-0.70350933,0.5789763,0.6023432,0.6023028,0.6280673,-0.6522975,-0.6876826,-0.63230735,-0.66235024,-0.6485578,-0.69114465,-0.59071505,-0.6450731,-0.60785794,-0.65642154,-0.6638135,-0.7000882,-0.5990299,-0.62577856,-0.32497722,-0.3849645,-0.6594294,-0.6924485,-0.61566925,-0.6657266,-0.6166105,-0.6660638,-0.4326163,-0.4479557,-0.58649915,-0.5987238
-1.4998071,-0.854668,-0.15196988,-1.3698667,-0.8645586,-1.4959712,-1.7944196,-0.8249994,-0.07542143,-1.693024,-0.8275692,-0.09842921,-1.7633114,-1.6559924,-0.58359915,-2.1074736,0.05421058,-0.10116681,-0.054441083,0.05348938,0.059214525,-0.098263696,0.075324126,-0.08612989,0.07833882,-0.0835371,-0.05299985,0.04913109,-0.0745652,0.041806653,0.19807379,0.036304086,0.15942286,0.0154002365,0.2917853,0.08998225,0.6445849,0.39417967,0.47688007,0.2522322,0.09338818,-0.071962096,0.00010852704,-0.13649386,0.69107467,0.59540427,0.009365115,-0.14129937,0.15860988,-0.019744495,0.14629593,-0.03229367,-0.22523057,-0.25569475,0.015725393,-0.087671645
-1.4998071,-0.76666486,-0.4877527,-1.3698667,-1.2942597,-1.4959712,-1.271976,-0.7642208,-0.4940413,-1.2235425,-0.7756446,-0.49919397,-1.2274221,-1.1033231,-0.63370246,-1.4357332,-0.65133166,-0.69511765,0.5988122,0.62317413,-0.66495895,-0.70376,-0.6656494,-0.70341796,-0.6658082,-0.70350933,0.5789763,0.6023432,0.6023028,0.6280673,-0.6522975,-0.6876826,-0.63230735,-0.66235024,-0.6485578,-0.69114465,-0.59071505,-0.6450731,-0.60785794,-0.65642154,-0.6638135,-0.7000882,-0.5990299,-0.62577856,-0.32497722,-0.3849645,-0.6594294,-0.6924485,-0.61566925,-0.6657266,-0.6166105,-0.6660638,-0.4326163,-0.4479557,-0.58649915,-0.5987238
1.2066118,0.7827546,3.3678064,1.303044,2.57305,2.0230722,2.3198237,0.8965097,3.5191846,2.1000156,0.8632393,3.5290587,2.227064,1.2929211,2.9926426,0.9153582,2.2521367,2.467302,-2.5072224,-2.690676,2.8583524,3.0977094,2.994427,3.2365963,2.98951,3.231262,-2.409817,-2.5879905,-2.5086358,-2.6982775,2.1849992,2.3769026,2.5604093,2.7705703,2.8703616,3.1202428,2.325732,2.5490334,2.6343126,2.8907535,3.1221948,3.3657286,1.5370289,1.6414187,-0.32497722,-0.37853357,3.413392,3.65993,1.9362774,2.1381106,2.0636532,2.2796123,1.0870748,1.1516331,4.2630353,4.520048
0.530007,0.0072113452,-0.4768373,0.6348163,-0.005156449,0.47230738,0.23004936,-0.025747288,-0.46646613,0.19689943,-0.008067647,-0.45680684,0.2553847,0.5366036,-0.62579316,0.579488,-0.65133166,-0.6790175,0.5988122,0.6063081,-0.66495895,-0.6873519,-0.6656494,-0.6862938,-0.6658082,-0.68631184,0.5789763,0.585784,0.6023028,0.610466,-0.6522975,-0.66945004,-0.63230735,-0.64125156,-0.6485578,-0.66883814,-0.59071505,-0.6158512,-0.60785794,-0.63243246,-0.6638135,-0.6821835,-0.5990299,-0.6046868,-0.32497722,-0.33695334,-0.6594294,-0.67712104,-0.61566925,-0.6494418,-0.6166105,-0.6500159,-0.4326163,-0.43876585,-0.58649915,-0.58272064
1.2066118,1.0176352,0.7210961,1.303044,1.2839468,1.1284002,0.49127117,0.8915524,0.6129129,0.6457436,0.8368305,0.4600404,0.5874297,0.51906884,0.27424374,0.9153582,0.8514227,0.85647094,-0.73481053,-0.8067258,0.8826821,0.9033139,0.87179136,0.8986566,0.8750661,0.9018547,-0.6989422,-0.77755195,-0.73816127,-0.8086968,1.1138582,1.0994328,0.8241588,0.87482464,0.9912827,1.0215163,0.97899157,0.97061753,1.2289587,1.2291603,0.8505898,0.88712144,0.70995724,0.7400139,-0.20544171,-0.21084733,0.8105616,0.84613705,0.84869814,0.8323594,0.84327215,0.8249933,0.41890574,0.53349894,0.72903365,0.7978266
-1.4998071,-0.6804216,-0.4865363,-1.3698667,-1.2942597,-1.4959712,-1.4025869,-0.70845467,-0.49327722,-1.4069892,-0.7073993,-0.49705026,-1.4127117,-1.3513303,-0.63370246,-1.4357332,-0.65133166,-0.69511765,0.5988122,0.62317413,-0.66495895,-0.70376,-0.6656494,-0.70341796,-0.6658082,-0.70350933,0.5789763,0.6023432,0.6023028,0.6280673,-0.6522975,-0.6876826,-0.63230735,-0.66235024,-0.6485578,-0.69114465,-0.59071505,-0.6450731,-0.60785794,-0.65642154,-0.6638135,-0.7000882,-0.5990299,-0.62577856,-0.32497722,-0.3849645,-0.6594294,-0.6924485,-0.61566925,-0.6657266,-0.6166105,-0.6660638,-0.4326163,-0.4479557,-0.58649915,-0.5987238
0.530007,-0.21294382,0.4452935,0.6348163,1.7136478,0.47230738,0.81779844,-0.15120031,0.5486743,0.9684029,-0.15186588,0.551106,1.0421623,0.37488875,1.7738822,0.579488,1.1915421,1.2798712,-2.0314567,-2.185034,1.4591093,1.5543332,1.5106299,1.6110953,1.5218284,1.6238934,-2.0851,-2.2417805,-2.0573902,-2.2133467,1.8252265,1.997155,2.0643377,2.2371192,1.7248039,1.8741943,1.4227039,1.619386,1.6127402,1.8097953,1.6077914,1.7153965,1.5109792,1.635827,1.4680552,1.8818009,1.4854602,1.5697018,0.8901036,0.97881794,0.87825555,0.9629851,1.8163517,1.9450061,1.7666167,1.8255042
-0.14659771,-0.2912315,-0.4810468,-0.03341135,-0.43485752,-0.18378547,-0.42300516,-0.20552132,-0.48638645,-0.4167227,-0.23102652,-0.49060544,-0.37978157,-0.23515375,-0.63370246,-0.09225239,-0.65133166,-0.69511765,0.5988122,0.62317413,-0.66495895,-0.70376,-0.6656494,-0.70341796,-0.6658082,-0.70350933,0.5789763,0.6023432,0.6023028,0.6280673,-0.6522975,-0.6876826,-0.63230735,-0.66235024,-0.6485578,-0.69114465,-0.59071505,-0.6450731,-0.60785794,-0.65642154,-0.6638135,-0.7000882,-0.5990299,-0.62577856,-0.32497722,-0.3849645,-0.6594294,-0.6924485,-0.61566925,-0.6657266,-0.6166105,-0.6660638,-0.4326163,-0.4479557,-0.58649915,-0.5987238
1.8832164,1.1521565,-0.23718557,1.9712716,1.7136478,1.7844931,1.6014638,0.78914404,-0.15536022,1.8467181,0.71220165,-0.14864066,1.7930725,2.07841,0.37260866,1.9229687,-0.004185033,0.054702736,-0.1653709,-0.25516322,0.07073001,0.14392047,0.077966645,0.15351607,0.07821536,0.15393977,-0.17869677,-0.26859504,-0.17543179,-0.26604182,0.022275899,0.09189498,0.2169672,0.31527314,0.032990072,0.101459466,-0.14280513,-0.114229776,0.036456157,0.10505794,0.09338818,0.17218104,0.00010852704,0.059245296,-0.26520947,-0.30951357,0.10737913,0.1875098,-0.04565625,0.0015960645,-0.050149105,-0.0038062083,0.07322438,0.13591185,0.20054437,0.29171646
0.530007,-0.4886629,0.4101781,0.6348163,3.4324522,0.47230738,0.88310385,-0.52143115,0.35155573,1.1326557,-0.51876014,0.36604077,1.0272843,0.28281498,2.418574,0.579488,1.9372549,1.7982448,-2.4579203,-2.297543,2.2777967,2.1150148,2.3088148,2.1461272,2.310286,2.1477485,-2.4517157,-2.2937698,-2.5086355,-2.3450956,2.045996,1.904631,2.7647908,2.588521,2.0776336,1.9444857,1.2009246,1.1201295,1.9693984,1.875711,2.364993,2.2004507,1.7975237,1.6521174,-0.08590619,-0.134069,2.4078047,2.2336593,1.6643827,1.5533078,1.649235,1.5361277,1.5907464,1.4935672,2.561675,2.3622391
-1.4998071,-0.7000297,-0.48681283,-1.3698667,-1.2942597,-1.4959712,-1.3372815,-0.68576634,-0.49296635,-1.3687278,-0.68269396,-0.49786463,-1.399419,-1.3171107,-0.63370246,-1.4357332,-0.65133166,-0.69511765,0.5988122,0.62317413,-0.66495895,-0.70376,-0.6656494,-0.70341796,-0.6658082,-0.70350933,0.5789763,0.6023432,0.6023028,0.6280673,-0.6522975,-0.6876826,-0.63230735,-0.66235024,-0.6485578,-0.69114465,-0.59071505,-0.6450731,-0.60785794,-0.65642154,-0.6638135,-0.7000882,-0.5990299,-0.62577856,-0.32497722,-0.3849645,-0.6594294,-0.6924485,-0.61566925,-0.6657266,-0.6166105,-0.6660638,-0.4326163,-0.4479557,-0.58649915,-0.5987238
-0.82320243,0.54046786,-0.46931577,-0.701639,-0.8645586,-0.8398783,-0.8148379,0.600228,-0.47534674,-0.8281148,0.5702281,-0.46915334,-0.8323377,-0.686793,-0.63370246,-0.7639928,-0.65133166,-0.69511765,0.5988122,0.62317413,-0.66495895,-0.70376,-0.6656494,-0.70341796,-0.6658082,-0.70350933,0.5789763,0.6023432,0.6023028,0.6280673,-0.6522975,-0.6876826,-0.63230735,-0.66235024,-0.6485578,-0.69114465,-0.59071505,-0.6450731,-0.60785794,-0.65642154,-0.6638135,-0.7000882,-0.5990299,-0.62577856,-0.32497722,-0.3849645,-0.6594294,-0.6924485,-0.61566925,-0.6657266,-0.6166105,-0.6660638,-0.4326163,-0.4479557,-0.58649915,-0.5987238
-0.14659771,-0.28538606,-0.48096433,-0.03341135,-0.43485752,-0.18378547,-0.88014334,-0.30653062,-0.48777038,-0.69341826,-0.29719478,-0.49291188,-0.6919591,-0.64427364,-0.63370246,-0.09225239,-0.65133166,-0.69511765,0.5988122,0.62317413,-0.66495895,-0.70376,-0.6656494,-0.70341796,-0.6658082,-0.70350933,0.5789763,0.6023432,0.6023028,0.6280673,-0.6522975,-0.6876826,-0.63230735,-0.66235024,-0.6485578,-0.69114465,-0.59071505,-0.6450731,-0.60785794,-0.65642154,-0.6638135,-0.7000882,-0.5990299,-0.62577856,-0.32497722,-0.3849645,-0.6594294,-0.6924485,-0.61566925,-0.6657266,-0.6166105,-0.6660638,-0.4326163,-0.4479557,-0.58649915,-0.5987238
-0.14659771,-0.59146166,-0.48528153,-0.03341135,-0.43485752,-0.18378547,-0.55361605,-0.6244144,-0.3966536,-0.4416314,-0.6239557,-0.41192624,-0.47040138,-0.37577492,-0.39986163,-0.09225239,-0.65133166,-0.49814308,0.5988122,0.20221342,-0.66495895,-0.46116355,-0.6656494,-0.43772608,-0.6658082,-0.434957,0.5789763,0.15965204,0.6023028,0.20972368,-0.6522975,-0.37533155,-0.63230735,-0.3229832,-0.6485578,-0.2968721,-0.59071505,-0.21872762,-0.60785794,-0.26400593,-0.6638135,-0.39658412,-0.5990299,-0.26306823,-0.32497722,0.74391395,-0.6594294,-0.44675282,-0.61566925,-0.5285469,-0.6166105,-0.53360695,-0.4326163,0.120080315,-0.58649915,-0.3500422
0.530007,-0.09757099,-0.47831523,0.6348163,-0.005156449,0.47230738,0.2953548,-0.0607598,-0.48440304,0.33846644,-0.065021314,-0.48356938,0.34536383,0.68019575,-0.63370246,0.579488,-0.65133166,-0.69511765,0.5988122,0.62317413,-0.66495895,-0.70376,-0.6656494,-0.70341796,-0.6658082,-0.70350933,0.5789763,0.6023432,0.6023028,0.6280673,-0.6522975,-0.6876826,-0.63230735,-0.66235024,-0.6485578,-0.69114465,-0.59071505,-0.6450731,-0.60785794,-0.65642154,-0.6638135,-0.7000882,-0.5990299,-0.62577856,-0.32497722,-0.3849645,-0.6594294,-0.6924485,-0.61566925,-0.6657266,-0.6166105,-0.6660638,-0.4326163,-0.4479557,-0.58649915,-0.5987238
-0.14659771,-0.7374323,-0.48734042,-0.03341135,-0.43485752,-0.18378547,0.034133,-0.71579266,-0.48685414,-0.07577435,-0.71471083,-0.49063683,-0.049151845,0.20233715,-0.6196326,-0.09225239,-0.65133166,-0.68014187,0.5988122,0.61289644,-0.66495895,-0.6869774,-0.6656494,-0.6848551,-0.6658082,-0.684911,0.5789763,0.5929174,0.6023028,0.6164304,-0.6522975,-0.673071,-0.63230735,-0.64599156,-0.6485578,-0.6648977,-0.59071505,-0.61285806,-0.60785794,-0.6296977,-0.6638135,-0.67980576,-0.5990299,-0.5913243,-0.32497722,-0.36215693,-0.6594294,-0.674438,-0.61566925,-0.6426202,-0.6166105,-0.6434954,-0.4326163,-0.4463513,-0.58649915,-0.59306896
-0.82320243,-0.7865337,-0.48803297,-1.3698667,-0.8645586,-0.8398783,-0.55361605,-0.7693582,-0.48358253,-0.71518433,-0.77724034,-0.4896938,-0.6493382,-0.6063431,-0.54548526,-0.7639928,-0.65133166,-0.5567095,0.5988122,0.5940521,-0.66495895,-0.58843297,-0.6656494,-0.5963317,-0.6658082,-0.5973564,0.5789763,0.5821558,0.6023028,0.5967023,-0.6522975,-0.6070902,-0.63230735,-0.62788343,-0.6485578,-0.6374551,-0.59071505,-0.61815614,-0.60785794,-0.6255579,-0.6638135,-0.60471094,-0.5990299,-0.52645046,-0.32497722,-0.3849645,-0.6594294,-0.58461505,-0.61566925,-0.51572776,-0.6166105,-0.5165921,-0.4326163,-0.44772938,-0.58649915,-0.56955427
-0.82320243,-0.38756996,-0.48240566,-0.701639,-0.8645586,-0.8398783,-0.8148379,-0.33847207,-0.48820803,-0.8262577,-0.34220138,-0.49308428,-0.82728183,-0.7045347,-0.63370246,-0.7639928,-0.65133166,-0.69511765,0.5988122,0.62317413,-0.66495895,-0.70376,-0.6656494,-0.70341796,-0.6658082,-0.70350933,0.5789763,0.6023432,0.6023028,0.6280673,-0.6522975,-0.6876826,-0.63230735,-0.66235024,-0.6485578,-0.69114465,-0.59071505,-0.6450731,-0.60785794,-0.65642154,-0.6638135,-0.7000882,-0.5990299,-0.62577856,-0.32497722,-0.3849645,-0.6594294,-0.6924485,-0.61566925,-0.6657266,-0.6166105,-0.6660638,-0.4326163,-0.4479557,-0.58649915,-0.5987238
-1.4998071,-0.9136032,-0.48982528,-1.3698667,-1.2942597,-1.4959712,-1.5331979,-0.94600236,-0.49653184,-1.5613716,-0.9405613,-0.50194436,-1.540035,-1.5580904,-0.63370246,-1.4357332,-0.65133166,-0.69511765,0.5988122,0.62317413,-0.66495895,-0.70376,-0.6656494,-0.70341796,-0.6658082,-0.70350933,0.5789763,0.6023432,0.6023028,0.6280673,-0.6522975,-0.6876826,-0.63230735,-0.66235024,-0.6485578,-0.69114465,-0.59071505,-0.6450731,-0.60785794,-0.65642154,-0.6638135,-0.7000882,-0.5990299,-0.62577856,-0.32497722,-0.3849645,-0.6594294,-0.6924485,-0.61566925,-0.6657266,-0.6166105,-0.6660638,-0.4326163,-0.4479557,-0.58649915,-0.5987238
1.2066118,-0.5868557,0.423715,1.303044,2.57305,1.1284002,3.7565436,-0.5226116,0.1299221,2.1663432,-0.51505816,0.3047706,2.73217,1.6714885,2.1997733,1.2512283,3.7397838,2.0328848,-2.494897,-1.2856869,3.2872508,1.7388623,3.265157,1.7263688,3.259817,1.7231888,-2.1968303,-1.1111861,-2.490055,-1.2813425,3.23161,1.7172067,3.3660297,1.8119385,3.9473362,2.1770308,5.585987,3.281449,5.352508,3.123106,3.1221948,1.6397177,0.084769405,-0.22088385,2.9622495,1.8415544,2.8965425,1.496449,4.325363,2.4339495,4.287788,2.4075217,-0.20877507,-0.3078718,1.7000947,0.7925463
-0.82320243,-0.3064139,-0.48126096,-0.701639,-0.8645586,-0.8398783,-0.8148379,-0.27084208,-0.47952223,-0.85402524,-0.32887793,-0.47833544,-0.84921986,-0.79071635,-0.56202996,-0.7639928,-0.65133166,-0.58688647,0.5988122,0.59139884,-0.66495895,-0.6177473,-0.6656494,-0.61966664,-0.6658082,-0.6203468,0.5789763,0.5828036,0.6023028,0.5983547,-0.6522975,-0.62031996,-0.63230735,-0.61389756,-0.6485578,-0.60861456,-0.59071505,-0.5612013,-0.60785794,-0.5691567,-0.6638135,-0.6242565,-0.5990299,-0.53709584,-0.32497722,-0.3849645,-0.6594294,-0.61412406,-0.61566925,-0.533684,-0.6166105,-0.53327405,-0.4326163,-0.44762197,-0.58649915,-0.58894885
-0.82320243,0.27329212,-0.22986539,-0.701639,-0.43485752,-0.8398783,-0.55361605,0.38357076,-0.12628525,-0.49830574,0.37506133,-0.16991481,-0.6157999,-0.54312944,0.031960353,-0.7639928,-0.16274494,-0.10334767,-0.45378843,-0.3752462,-0.059851523,-0.036568493,-0.0030277472,0.008593794,0.0039117406,0.013989145,-0.52785486,-0.4373208,-0.44352466,-0.3669615,0.12448399,0.096445836,0.21498287,0.16427171,0.32580915,0.2717585,0.44316924,0.3706675,0.34641287,0.28658846,0.09338818,0.08701513,0.31270248,0.28286922,2.2450361,2.250774,-0.04409903,-0.02962505,-0.2789061,-0.19540468,-0.29099613,-0.20801575,0.98174787,0.8783114,0.04521944,-0.014473011
-0.82320243,-0.69376343,-0.4867245,-0.701639,-0.8645586,-0.8398783,-0.35769972,-0.6659763,-0.4576669,-0.87841,-0.676555,-0.48985273,-0.74256605,-0.77043676,-0.63370246,-0.7639928,-0.65133166,-0.67432606,0.5988122,0.5954468,-0.66495895,-0.6806175,-0.6656494,-0.6787425,-0.6658082,-0.67872626,0.5789763,0.5737557,0.6023028,0.60047257,-0.6522975,-0.66485715,-0.63230735,-0.6410583,-0.6485578,-0.6567863,-0.59071505,-0.6069362,-0.60785794,-0.6202599,-0.6638135,-0.6730753,-0.5990299,-0.59395725,-0.32497722,-0.2844904,-0.6594294,-0.6703115,-0.61566925,-0.6467118,-0.6166105,-0.6473571,-0.4326163,-0.42376152,-0.58649915,-0.5741472
1.2066118,1.4024348,-0.45715785,1.303044,0.42454463,1.1284002,0.81779844,1.3725904,-0.4647645,0.9186293,1.3412327,-0.4611986,0.9070497,1.3431034,-0.63370246,1.2512283,-0.65133166,-0.69511765,0.5988122,0.62317413,-0.66495895,-0.70376,-0.6656494,-0.70341796,-0.6658082,-0.70350933,0.5789763,0.6023432,0.6023028,0.6280673,-0.6522975,-0.6876826,-0.63230735,-0.66235024,-0.6485578,-0.69114465,-0.59071505,-0.6450731,-0.60785794,-0.65642154,-0.6638135,-0.7000882,-0.5990299,-0.62577856,-0.32497722,-0.3849645,-0.6594294,-0.6924485,-0.61566925,-0.6657266,-0.6166105,-0.6660638,-0.4326163,-0.4479557,-0.58649915,-0.5987238
-1.4998071,-0.94039005,-0.4902031,-1.3698667,-1.2942597,-1.4959712,-1.4025869,-0.92171097,-0.49619904,-1.4117709,-0.9159059,-0.5014383,-1.380337,-1.3934435,-0.63370246,-1.4357332,-0.65133166,-0.69511765,0.5988122,0.62317413,-0.66495895,-0.70376,-0.6656494,-0.70341796,-0.6658082,-0.70350933,0.5789763,0.6023432,0.6023028,0.6280673,-0.6522975,-0.6876826,-0.63230735,-0.66235024,-0.6485578,-0.69114465,-0.59071505,-0.6450731,-0.60785794,-0.65642154,-0.6638135,-0.7000882,-0.5990299,-0.62577856,-0.32497722,-0.3849645,-0.6594294,-0.6924485,-0.61566925,-0.6657266,-0.6166105,-0.6660638,-0.4326163,-0.4479557,-0.58649915,-0.5987238
0.530007,-0.35837272,-0.4819938,-0.701639,-0.005156449,0.47230738,0.36066025,-0.41764638,-0.4378264,0.06501517,-0.39622533,-0.43800053,0.1602437,0.22419001,-0.4847975,0.579488,-0.65133166,-0.44582462,0.5988122,0.57224816,-0.66495895,-0.4967473,-0.6656494,-0.5113454,-0.6658082,-0.5131182,0.5789763,0.56752414,0.6023028,0.57290536,-0.6522975,-0.5429601,-0.63230735,-0.6002606,-0.6485578,-0.5957118,-0.59071505,-0.59697366,-0.60785794,-0.6013788,-0.6638135,-0.5292472,-0.5990299,-0.44556463,-0.32497722,-0.3849645,-0.6594294,-0.49917465,-0.61566925,-0.39422318,-0.6166105,-0.3956601,-0.4326163,-0.44759068,-0.58649915,-0.549891
-0.82320243,-0.8769611,-0.19989058,-0.701639,-0.005156449,-0.8398783,-0.42300516,-0.8801415,-0.19390005,-0.21036023,-0.8750414,-0.19374405,-0.2546451,-0.7110487,1.1142496,-1.0998629,0.27816844,0.31108248,-1.2598783,-1.3727839,0.6186944,0.6781068,0.7264506,0.79540217,0.73361766,0.80327785,-1.2715614,-1.3850503,-1.1867523,-1.2935337,0.7377326,0.81315863,0.9114673,0.99795455,0.89778435,0.9889974,1.2139364,1.353175,0.59479856,0.67153126,0.8505898,0.9298117,-0.038965706,-0.027509246,-0.20544171,-0.24397878,0.88453805,0.9629164,-0.09948313,-0.10113054,-0.089169025,-0.08994598,1.9522469,2.1238875,1.2882993,1.3829905
0.530007,0.5296214,2.214811,0.6348163,0.8542457,0.889821,0.36066025,0.72312963,2.53815,0.45483983,0.6485744,2.432248,0.3641566,-0.12947015,1.2412204,0.579488,1.5573775,1.5216876,-1.3880638,-1.3907743,1.5773062,1.5239627,1.6023266,1.5387328,1.6089687,1.5452281,-1.3134606,-1.320115,-1.3805223,-1.3838594,1.9437879,1.9170057,1.4551619,1.4994156,1.7960664,1.7638304,2.246981,2.271832,1.8212354,1.8801465,1.6077914,1.5324365,0.7164697,0.6618213,2.7829459,2.7925198,1.4937667,1.4081863,1.5125632,1.5051545,1.5093017,1.4938239,0.5959832,0.5045349,1.6367786,1.5296718
1.2066118,-0.35770625,0.8505333,1.303044,4.721555,1.1284002,2.5157402,-0.3170221,0.8631188,2.6581156,-0.31757122,0.8562322,2.5175867,1.6441997,3.8669782,1.2512283,2.5844016,2.6515558,-3.2221034,-3.3018775,3.0134857,3.081385,3.0524309,3.123433,3.0543096,3.1256936,-3.209389,-3.2900975,-3.2863703,-3.3674269,2.7205696,2.7954426,3.6140654,3.7039945,2.7591813,2.8510146,1.6488343,1.7379289,2.6137123,2.7450683,3.1221948,3.19582,2.3966622,2.416197,-0.026138432,-0.047969937,3.174613,3.237043,2.2343955,2.3115656,2.2156966,2.2885294,2.096587,2.1648905,3.3487184,3.380928
-1.4998071,-0.96442777,-0.49054217,-1.3698667,-1.2942597,-1.4959712,-1.5331979,-0.9827471,-0.49703535,-1.3550246,-0.9731532,-0.50240195,-1.4177846,-1.2642925,-0.63370246,-1.4357332,-0.65133166,-0.69511765,0.5988122,0.62317413,-0.66495895,-0.70376,-0.6656494,-0.70341796,-0.6658082,-0.70350933,0.5789763,0.6023432,0.6023028,0.6280673,-0.6522975,-0.6876826,-0.63230735,-0.66235024,-0.6485578,-0.69114465,-0.59071505,-0.6450731,-0.60785794,-0.65642154,-0.6638135,-0.7000882,-0.5990299,-0.62577856,-0.32497722,-0.3849645,-0.6594294,-0.6924485,-0.61566925,-0.6657266,-0.6166105,-0.6660638,-0.4326163,-0.4479557,-0.58649915,-0.5987238
0.530007,-0.15674348,1.171959,0.6348163,1.7136478,0.47230738,1.1443256,-0.47166935,0.49387473,0.94982535,-0.4985551,0.4373351,0.92635995,0.06380099,2.3576362,0.579488,1.7462071,1.5348241,-2.714291,-2.433044,2.1726365,1.9206607,2.236937,1.981443,2.2441287,1.9882882,-2.7869074,-2.5027864,-2.7316039,-2.448037,2.1604693,1.9214354,2.5425506,2.271165,2.3241053,2.0833194,1.3901876,1.239208,1.8369416,1.6623634,2.364993,2.1004086,1.7975237,1.5735506,0.15316483,0.09917851,2.312371,2.0449488,1.1564777,0.9999091,1.1594679,1.000994,2.6730504,2.4283211,2.980363,2.6403918
-0.82320243,-0.74424005,-0.4874364,-0.701639,-0.8645586,-0.8398783,-0.8148379,-0.72413105,-0.493492,-0.89815974,-0.7284439,-0.49896634,-0.8685293,-0.80364877,-0.63370246,-0.7639928,-0.65133166,-0.69511765,0.5988122,0.62317413,-0.66495895,-0.70376,-0.6656494,-0.70341796,-0.6658082,-0.70350933,0.5789763,0.6023432,0.6023028,0.6280673,-0.6522975,-0.6876826,-0.63230735,-0.66235024,-0.6485578,-0.69114465,-0.59071505,-0.6450731,-0.60785794,-0.65642154,-0.6638135,-0.7000882,-0.5990299,-0.62577856,-0.32497722,-0.3849645,-0.6594294,-0.6924485,-0.61566925,-0.6657266,-0.6166105,-0.6660638,-0.4326163,-0.4479557,-0.58649915,-0.5987238
1.2066118,-0.045257844,-0.47757736,-0.701639,0.42454463,1.1284002,0.75249296,0.059838902,-0.27530146,1.0196793,0.028242894,-0.32635617,0.9718695,1.4553658,-0.5381137,1.2512283,-0.65133166,-0.07350227,0.5988122,0.54958683,-0.66495895,-0.226402,-0.6656494,-0.19230872,-0.6658082,-0.1951875,0.5789763,0.6263012,0.6023028,0.5392671,-0.6522975,-0.3322101,-0.63230735,-0.2843997,-0.6485578,-0.06644804,-0.59071505,0.13967185,-0.60785794,0.39633816,-0.6638135,-0.19806626,-0.5990299,-0.029520458,-0.32497722,0.7455306,-0.6594294,-0.21506484,-0.61566925,0.3529415,-0.6166105,0.33374986,-0.4326163,-0.4479557,-0.58649915,-0.5972106
-0.14659771,0.54085755,-0.46931028,-0.03341135,-0.43485752,-0.18378547,-0.684227,0.29382467,-0.46412137,-0.4863223,0.3020723,-0.39210418,-0.5305404,-0.30373976,-0.6079537,-0.09225239,-0.65133166,-0.6228509,0.5988122,0.58175874,-0.66495895,-0.64046395,-0.6656494,-0.64267445,-0.6658082,-0.6429582,0.5789763,0.5667335,0.6023028,0.587163,-0.6522975,-0.6267636,-0.63230735,-0.60811305,-0.6485578,-0.62390727,-0.59071505,-0.5418692,-0.60785794,-0.5682715,-0.6638135,-0.644411,-0.5990299,-0.60391587,-0.32497722,-0.36570027,-0.6594294,-0.63960063,-0.61566925,-0.5834236,-0.6166105,-0.58453184,-0.4326163,-0.44488746,-0.58649915,-0.5735118
-0.82320243,0.23471625,-0.47362837,-0.701639,-0.8645586,-0.8398783,-0.8148379,0.20448947,-0.3348739,-0.738746,0.22687292,-0.34360525,-0.67793113,-0.6174997,-0.5652993,-0.7639928,-0.65133166,-0.54814523,0.5988122,0.60584515,-0.66495895,-0.591446,-0.6656494,-0.60125464,-0.6658082,-0.6026736,0.5789763,0.59559083,0.6023028,0.6077027,-0.6522975,-0.6265088,-0.63230735,-0.62415063,-0.6485578,-0.6439727,-0.59071505,-0.6224301,-0.60785794,-0.62653995,-0.6638135,-0.6126313,-0.5990299,-0.5569311,-0.32497722,-0.3849645,-0.6594294,-0.5930795,-0.61566925,-0.49849582,-0.6166105,-0.5002246,-0.4326163,-0.4479557,-0.58649915,-0.5947104
-0.82320243,-0.6639542,-0.486304,-0.701639,-0.8645586,-0.8398783,-1.0760597,-0.65460163,-0.4455106,-0.9235713,-0.65228,-0.44677326,-0.95638555,-0.89045703,-0.542069,-0.7639928,-0.65133166,-0.54076666,0.5988122,0.56610334,-0.66495895,-0.5771843,-0.6656494,-0.58050275,-0.6658082,-0.58114433,0.5789763,0.5620374,0.6023028,0.5740781,-0.6522975,-0.56964606,-0.63230735,-0.58200383,-0.6485578,-0.558679,-0.59071505,-0.49215585,-0.60785794,-0.48945227,-0.6638135,-0.5884435,-0.5990299,-0.52481264,-0.32497722,-0.36005697,-0.6594294,-0.5817975,-0.61566925,-0.4747715,-0.6166105,-0.47707725,-0.4326163,-0.4469845,-0.58649915,-0.579575
-0.82320243,-0.53863895,-0.48453644,-0.701639,-0.8645586,-0.8398783,-0.8148379,-0.522426,-0.48204288,-0.9161718,-0.5276031,-0.48813063,-0.99914414,-0.76427513,-0.6225638,-0.7639928,-0.65133166,-0.63920355,0.5988122,0.5824915,-0.66495895,-0.650283,-0.6656494,-0.6522174,-0.6658082,-0.6523233,0.5789763,0.56399816,0.6023028,0.58846444,-0.6522975,-0.6302798,-0.63230735,-0.6246335,-0.6485578,-0.6407833,-0.59071505,-0.5992144,-0.60785794,-0.60058117,-0.6638135,-0.65191716,-0.5990299,-0.5575193,-0.32497722,-0.3849645,-0.6594294,-0.6453185,-0.61566925,-0.6113842,-0.6166105,-0.61072624,-0.4326163,-0.43456477,-0.58649915,-0.5550076
1.2066118,-0.6303953,-0.4858307,0.6348163,0.42454463,1.1284002,0.034133,-0.6242558,-0.49212357,0.5668953,-0.6251125,-0.49344724,0.4392295,0.8496981,-0.63370246,1.2512283,-0.65133166,-0.69511765,0.5988122,0.62317413,-0.66495895,-0.70376,-0.6656494,-0.70341796,-0.6658082,-0.70350933,0.5789763,0.6023432,0.6023028,0.6280673,-0.6522975,-0.6876826,-0.63230735,-0.66235024,-0.6485578,-0.69114465,-0.59071505,-0.6450731,-0.60785794,-0.65642154,-0.6638135,-0.7000882,-0.5990299,-0.62577856,-0.32497722,-0.3849645,-0.6594294,-0.6924485,-0.61566925,-0.6657266,-0.6166105,-0.6660638,-0.4326163,-0.4479557,-0.58649915,-0.5987238
-0.82320243,-0.81095225,-0.4883774,-0.701639,-0.8645586,-0.8398783,-0.7495324,-0.8043693,-0.49327564,-0.84308434,-0.80191106,-0.4980602,-0.8119086,-0.7451098,-0.6284595,-0.7639928,-0.65133166,-0.68757504,0.5988122,0.6183112,-0.66495895,-0.69669825,-0.6656494,-0.69669336,-0.6658082,-0.6968135,0.5789763,0.597847,0.6023028,0.6233339,-0.6522975,-0.6815755,-0.63230735,-0.6577738,-0.6485578,-0.68520445,-0.59071505,-0.6396445,-0.60785794,-0.65037185,-0.6638135,-0.6938243,-0.5990299,-0.616849,-0.32497722,-0.3849645,-0.6594294,-0.6861259,-0.61566925,-0.6583469,-0.6166105,-0.6585969,-0.4326163,-0.44659367,-0.58649915,-0.5929936
1.8832164,1.7835932,0.087909535,1.9712716,1.2839468,1.7844931,1.4055475,1.9810194,0.25267822,1.816909,1.923669,0.27942282,1.6864973,1.6896654,0.91234225,1.9229687,0.85183996,0.9926534,-0.78904295,-0.886101,0.873122,0.99235576,0.8614854,0.97949386,0.8572925,0.9747815,-0.7722655,-0.86454386,-0.7859402,-0.8815141,0.59055287,0.6779048,0.7666145,0.8583186,0.7016785,0.81269825,0.3855968,0.5008953,0.5360206,0.64941585,0.8505898,0.96568054,1.1658233,1.3612022,-0.20544171,0.00887282,0.8934443,1.0038618,0.70377964,0.8513974,0.7181393,0.86508775,0.45525825,0.5359149,1.0093879,1.064501
-0.82320243,-0.5871933,-0.48522133,-0.701639,-0.8645586,-0.8398783,-0.88014334,-0.5607817,-0.49125394,-0.82549524,-0.5472646,-0.4964227,-0.8264207,-0.69062096,-0.63370246,-0.7639928,-0.65133166,-0.69511765,0.5988122,0.62317413,-0.66495895,-0.70376,-0.6656494,-0.70341796,-0.6658082,-0.70350933,0.5789763,0.6023432,0.6023028,0.6280673,-0.6522975,-0.6876826,-0.63230735,-0.66235024,-0.6485578,-0.69114465,-0.59071505,-0.6450731,-0.60785794,-0.65642154,-0.6638135,-0.7000882,-0.5990299,-0.62577856,-0.32497722,-0.3849645,-0.6594294,-0.6924485,-0.61566925,-0.6657266,-0.6166105,-0.6660638,-0.4326163,-0.4479557,-0.58649915,-0.5987238
-0.14659771,0.7781038,-0.46596396,-0.03341135,-0.43485752,-0.18378547,-0.0964779,0.8051077,-0.46452308,-0.101108916,0.8558921,-0.3987008,-0.14909899,0.21928631,-0.63370246,-0.09225239,-0.65133166,-0.67130375,0.5988122,0.60076505,-0.66495895,-0.67718923,-0.6656494,-0.6780295,-0.6658082,-0.6780974,0.5789763,0.57749546,0.6023028,0.6014013,-0.6522975,-0.66347045,-0.63230735,-0.62865496,-0.6485578,-0.6647406,-0.59071505,-0.6271576,-0.60785794,-0.6430267,-0.6638135,-0.67424995,-0.5990299,-0.59842885,-0.32497722,-0.30226952,-0.6594294,-0.670956,-0.61566925,-0.6426089,-0.6166105,-0.6430915,-0.4326163,-0.44103107,-0.58649915,-0.5748775
0.530007,-0.9676769,-0.39489177,0.6348163,-0.005156449,0.47230738,1.0137148,-0.95819104,-0.353533,1.0503955,-0.95071816,-0.35210106,1.0531625,0.18606287,2.3275194,0.2436178,1.5730433,1.699627,-3.098848,-3.3129768,2.0900724,2.243829,2.195185,2.357218,2.202657,2.3653839,-3.1779644,-3.3969405,-3.0926,-3.3066533,2.0296428,2.1872602,2.9155962,3.12188,2.1622913,2.3401053,0.9220865,1.0193107,0.6947512,0.7703786,2.364993,2.5383024,3.02185,3.2180119,0.15316483,0.17166723,2.3615248,2.5251868,0.7369039,0.8090946,0.79887027,0.8746495,3.6360881,3.8948238,3.5433152,3.7392347
1.8832164,2.9492848,1.7738992,1.9712716,1.7136478,2.0230722,1.2749366,3.099653,2.191171,0.99341434,3.03213,2.0248363,1.1090373,0.99573517,0.18890865,1.2512283,1.513224,2.2667701,0.08607002,-0.0073074796,1.0806184,1.7086126,1.0072225,1.5852733,0.99787706,1.5705668,0.26822555,0.22234404,0.07673473,-0.046681732,0.88082385,1.311295,0.23482572,0.46506676,0.73114794,1.147096,0.81546396,1.2246468,1.0424979,1.3839246,0.8505898,1.3603132,0.48853657,0.8980266,0.21293257,0.23734836,0.943364,1.4881029,1.9611206,2.8293478,1.934484,2.8012652,-0.42547303,-0.44038624,-0.37875813,-0.3613166
-0.14659771,-0.6280898,-0.48579815,-0.03341135,-0.43485752,-0.18378547,-0.0964779,-0.56855494,-0.49136046,-0.15136641,-0.5558963,-0.4965439,-0.15893845,0.120450534,-0.63370246,-0.09225239,-0.65133166,-0.69511765,0.5988122,0.62317413,-0.66495895,-0.70376,-0.6656494,-0.70341796,-0.6658082,-0.70350933,0.5789763,0.6023432,0.6023028,0.6280673,-0.6522975,-0.6876826,-0.63230735,-0.66235024,-0.6485578,-0.69114465,-0.59071505,-0.6450731,-0.60785794,-0.65642154,-0.6638135,-0.7000882,-0.5990299,-0.62577856,-0.32497722,-0.3849645,-0.6594294,-0.6924485,-0.61566925,-0.6657266,-0.6166105,-0.6660638,-0.4326163,-0.4479557,-0.58649915,-0.5987238
-0.14659771,-0.4209047,-0.4828758,-1.3698667,-0.43485752,-0.18378547,-0.16178335,-0.26143312,-0.45682278,-0.04916936,-0.27427343,-0.46225092,-0.12323682,0.241179,-0.61842424,-0.09225239,-0.65133166,-0.66787916,0.5988122,0.5988275,-0.66495895,-0.67572033,-0.6656494,-0.6754349,-0.6658082,-0.6756206,0.5789763,0.5784977,0.6023028,0.60363364,-0.6522975,-0.66709715,-0.63230735,-0.6387588,-0.6485578,-0.668716,-0.59071505,-0.6216435,-0.60785794,-0.63635534,-0.6638135,-0.6721012,-0.5990299,-0.59644705,-0.32497722,-0.3849645,-0.6594294,-0.664345,-0.61566925,-0.6417314,-0.6166105,-0.641478,-0.4326163,-0.43754628,-0.58649915,-0.56348765
1.2066118,0.43351194,-0.4708244,1.303044,0.42454463,1.1284002,1.2749366,0.44099966,-0.42137083,1.184264,0.43259862,-0.4244766,1.211229,1.7223222,-0.60825956,1.2512283,-0.65133166,-0.6433254,0.5988122,0.56891817,-0.66495895,-0.650977,-0.6656494,-0.6483315,-0.6658082,-0.64818704,0.5789763,0.54907435,0.6023028,0.57144606,-0.6522975,-0.6290306,-0.63230735,-0.5944783,-0.6485578,-0.61938745,-0.59071505,-0.55107003,-0.60785794,-0.5792517,-0.6638135,-0.64249116,-0.5990299,-0.55792904,-0.32497722,-0.23051865,-0.6594294,-0.64314216,-0.61566925,-0.6133404,-0.6166105,-0.61443985,-0.4326163,-0.4183931,-0.58649915,-0.5472436
0.530007,-0.13378507,-0.47882605,-1.3698667,-0.005156449,0.47230738,0.36066025,-0.019395411,-0.48273608,0.35294923,-0.03585459,-0.44837967,0.37517607,0.65570664,-0.62880486,0.579488,-0.65133166,-0.6748369,0.5988122,0.6199331,-0.66495895,-0.6879074,-0.6656494,-0.6867179,-0.6658082,-0.6868797,0.5789763,0.60209095,0.6023028,0.6245173,-0.6522975,-0.6741309,-0.63230735,-0.6507662,-0.6485578,-0.6707064,-0.59071505,-0.6195004,-0.60785794,-0.6239338,-0.6638135,-0.68385845,-0.5990299,-0.6084255,-0.32497722,-0.34915033,-0.6594294,-0.676998,-0.61566925,-0.6340488,-0.6166105,-0.6347185,-0.4326163,-0.44795334,-0.58649915,-0.59847856
-0.14659771,-0.17850447,-0.4794568,-0.03341135,-0.43485752,-0.18378547,-0.16178335,-0.23574339,-0.48668537,-0.25345585,-0.19355445,-0.4913521,-0.19871745,-0.035926156,-0.6161761,-0.09225239,-0.65133166,-0.6293912,0.5988122,0.5458668,-0.66495895,-0.6354964,-0.6656494,-0.6316808,-0.6658082,-0.6313998,0.5789763,0.52561736,0.6023028,0.5485181,-0.6522975,-0.6088569,-0.63230735,-0.5722399,-0.6485578,-0.59644455,-0.59071505,-0.521455,-0.60785794,-0.5558344,-0.6638135,-0.624293,-0.5990299,-0.5364915,-0.32497722,-0.15549548,-0.6594294,-0.6282057,-0.61566925,-0.59945625,-0.6166105,-0.6009995,-0.4326163,-0.40346888,-0.58649915,-0.5314824
-0.14659771,-0.80919695,-0.058431387,-0.03341135,0.8542457,-0.18378547,0.49127117,-0.8096242,-0.047460716,0.6720551,-0.80245113,-0.03962161,0.63005006,-0.06754119,2.037393,-0.09225239,0.7429185,0.79354805,-2.1892238,-2.3298311,1.2605212,1.3407017,1.4225007,1.5140753,1.4333307,1.5257713,-2.1968303,-2.3379908,-2.08128,-2.214927,1.4327477,1.532801,1.6833547,1.7940583,1.6709552,1.7946131,2.1162622,2.3113205,1.1961267,1.3082749,1.6077914,1.7113366,0.24106641,0.25935653,-0.14567396,-0.17637718,1.6565218,1.7566518,0.15860988,0.1695891,0.17455168,0.18629816,3.1446786,3.357067,2.2256985,2.333208
-0.14659771,-0.2029419,-0.4798015,-0.03341135,-0.43485752,-0.18378547,-0.29239425,-0.16786964,-0.46841338,-0.22813106,-0.16913542,-0.47791407,-0.21742629,-0.002051968,-0.62579316,-0.09225239,-0.65133166,-0.6790175,0.5988122,0.6063081,-0.66495895,-0.6873519,-0.6656494,-0.6862938,-0.6658082,-0.68631184,0.5789763,0.585784,0.6023028,0.610466,-0.6522975,-0.66945004,-0.63230735,-0.64125156,-0.6485578,-0.66883814,-0.59071505,-0.6158512,-0.60785794,-0.63243246,-0.6638135,-0.6821835,-0.5990299,-0.6046868,-0.32497722,-0.33695334,-0.6594294,-0.67712104,-0.61566925,-0.6494418,-0.6166105,-0.6500159,-0.4326163,-0.43876585,-0.58649915,-0.58272064
1.8832164,0.718853,0.022258839,1.9712716,1.2839468,1.9634275,1.9932965,0.7262432,0.05315107,2.1278667,0.7902921,0.068237275,2.0967703,2.3440554,0.4687917,1.9229687,0.15669882,0.21910162,-0.23439386,-0.31748238,0.14090942,0.20526966,0.11998333,0.1869892,0.12351344,0.19097862,-0.22757888,-0.3102032,-0.22055633,-0.30266622,0.43928495,0.52300197,0.24077861,0.32232392,0.2743716,0.36911404,0.5690082,0.71427673,0.46875432,0.5986502,0.09338818,0.16336401,-0.0064038453,0.033758298,0.03362931,0.17704168,0.022242233,0.08101487,0.19035394,0.25258,0.17993377,0.24074487,-0.13277319,-0.060303252,0.07246943,0.1303776
-1.4998071,-0.90517956,-0.26054853,-1.3698667,-0.8645586,-1.2573919,-1.2066705,-0.9277564,-0.28998384,-1.397407,-0.9164982,-0.27888376,-1.2941519,-1.5785944,-0.08344965,-1.7716033,0.39414793,0.26811793,0.1624883,0.2243936,0.21760702,0.104925886,0.1727024,0.06484169,0.16868806,0.061260417,0.2298182,0.28315517,0.17494692,0.237358,0.16536723,0.063937716,-0.07075436,-0.14821814,0.06031629,-0.035565607,0.0371824,-0.053294342,0.22701079,0.12816787,0.09338818,-0.0064509283,0.31270248,0.20306939,-0.32497722,-0.3849645,0.12725027,0.025414132,0.5326377,0.40317476,0.5311129,0.40077195,-0.39996552,-0.41794455,-0.2330509,-0.28040245
0.530007,0.08867402,-0.47568828,-0.03341135,-0.005156449,0.47230738,0.23004936,0.05902868,-0.43273142,0.14402376,-0.023089856,-0.4513945,0.09292846,0.46973735,-0.63370246,0.579488,-0.65133166,-0.65623933,0.5988122,0.5773014,-0.66495895,-0.662084,-0.6656494,-0.66006076,-0.6658082,-0.65997446,0.5789763,0.55603516,0.6023028,0.5807971,-0.6522975,-0.64278334,-0.63230735,-0.61307925,-0.6485578,-0.6340121,-0.59071505,-0.57849085,-0.60785794,-0.60072404,-0.6638135,-0.6542119,-0.5990299,-0.569687,-0.32497722,-0.24393664,-0.6594294,-0.65424156,-0.61566925,-0.627976,-0.6166105,-0.6288216,-0.4326163,-0.4162787,-0.58649915,-0.5590053
-1.4998071,-0.8723452,-0.48924336,-1.3698667,-1.2942597,-1.4959712,-1.5331979,-0.87798923,-0.49560001,-1.4159642,-0.86417735,-0.50087196,-1.4136453,-1.3835617,-0.63370246,-1.4357332,-0.65133166,-0.69511765,0.5988122,0.62317413,-0.66495895,-0.70376,-0.6656494,-0.70341796,-0.6658082,-0.70350933,0.5789763,0.6023432,0.6023028,0.6280673,-0.6522975,-0.6876826,-0.63230735,-0.66235024,-0.6485578,-0.69114465,-0.59071505,-0.6450731,-0.60785794,-0.65642154,-0.6638135,-0.7000882,-0.5990299,-0.62577856,-0.32497722,-0.3849645,-0.6594294,-0.6924485,-0.61566925,-0.6657266,-0.6166105,-0.6660638,-0.4326163,-0.4479557,-0.58649915,-0.5987238
0.530007,0.03320421,-0.47647068,0.6348163,-0.005156449,0.47230738,-0.03117245,0.03288288,-0.48312005,0.24460922,0.046407394,-0.4779573,0.1588389,0.5389161,-0.63370246,0.579488,-0.65133166,-0.69511765,0.5988122,0.62317413,-0.66495895,-0.70376,-0.6656494,-0.70341796,-0.6658082,-0.70350933,0.5789763,0.6023432,0.6023028,0.6280673,-0.6522975,-0.6876826,-0.63230735,-0.66235024,-0.6485578,-0.69114465,-0.59071505,-0.6450731,-0.60785794,-0.65642154,-0.6638135,-0.7000882,-0.5990299,-0.62577856,-0.32497722,-0.3849645,-0.6594294,-0.6924485,-0.61566925,-0.6657266,-0.6166105,-0.6660638,-0.4326163,-0.4479557,-0.58649915,-0.5987238
-1.4998071,-0.7104067,-0.48695922,-1.3698667,-1.2942597,-1.4959712,-1.5331979,-0.73375815,-0.4936239,-1.4636129,-0.7295067,-0.49898127,-1.4610289,-1.4381601,-0.63370246,-1.4357332,-0.65133166,-0.69511765,0.5988122,0.62317413,-0.66495895,-0.70376,-0.6656494,-0.70341796,-0.6658082,-0.70350933,0.5789763,0.6023432,0.6023028,0.6280673,-0.6522975,-0.6876826,-0.63230735,-0.66235024,-0.6485578,-0.69114465,-0.59071505,-0.6450731,-0.60785794,-0.65642154,-0.6638135,-0.7000882,-0.5990299,-0.62577856,-0.32497722,-0.3849645,-0.6594294,-0.6924485,-0.61566925,-0.6657266,-0.6166105,-0.6660638,-0.4326163,-0.4479557,-0.58649915,-0.5987238
-0.14659771,0.0060458374,-0.47685373,-0.03341135,-0.43485752,-0.18378547,-0.35769972,0.03491488,-0.475333,-0.3361561,-0.009709982,-0.47390592,-0.36009273,-0.19796784,-0.56202996,-0.09225239,-0.65133166,-0.58688647,0.5988122,0.59139884,-0.66495895,-0.6177473,-0.6656494,-0.61966664,-0.6658082,-0.6203468,0.5789763,0.5828036,0.6023028,0.5983547,-0.6522975,-0.62031996,-0.63230735,-0.61389756,-0.6485578,-0.60861456,-0.59071505,-0.5612013,-0.60785794,-0.5691567,-0.6638135,-0.6242565,-0.5990299,-0.53709584,-0.32497722,-0.3849645,-0.6594294,-0.61412406,-0.61566925,-0.533684,-0.6166105,-0.53327405,-0.4326163,-0.44762197,-0.58649915,-0.58894885
-0.82320243,-0.6178794,-0.48565415,-0.701639,-0.8645586,-0.8398783,-0.6189215,-0.5806218,-0.49005884,-0.6504799,-0.5832212,-0.4871616,-0.5870241,-0.44886765,-0.63370246,-0.7639928,-0.65133166,-0.68769825,0.5988122,0.61682266,-0.66495895,-0.69705784,-0.6656494,-0.69666755,-0.6658082,-0.69674635,0.5789763,0.59647685,0.6023028,0.6218044,-0.6522975,-0.67991805,-0.63230735,-0.6548427,-0.6485578,-0.68307745,-0.59071505,-0.6334497,-0.60785794,-0.6451708,-0.6638135,-0.6934823,-0.5990299,-0.61799675,-0.32497722,-0.38267887,-0.6594294,-0.6862987,-0.61566925,-0.65707517,-0.6166105,-0.65754586,-0.4326163,-0.44706556,-0.58649915,-0.59457606
-0.82320243,0.47190323,-0.47028288,-0.701639,-0.8645586,-0.8398783,-0.94544876,0.65019923,-0.31973532,-0.87299746,0.56391823,-0.42690942,-0.8615432,-0.7743286,-0.6164193,-0.7639928,-0.65133166,-0.65405655,0.5988122,0.6188849,-0.66495895,-0.67208236,-0.6656494,-0.67448354,-0.6658082,-0.6749307,0.5789763,0.60108215,0.6023028,0.6227504,-0.6522975,-0.66973406,-0.63230735,-0.6509328,-0.6485578,-0.6780275,-0.59071505,-0.63894004,-0.60785794,-0.64949614,-0.6638135,-0.6751736,-0.5990299,-0.60259664,-0.32497722,-0.3849645,-0.6594294,-0.66402155,-0.61566925,-0.61869776,-0.6166105,-0.61947006,-0.4326163,-0.4479557,-0.58649915,-0.59782773
0.530007,0.08980373,-0.47567233,0.6348163,-0.005156449,0.47230738,-0.03117245,-0.033901546,-0.48403507,-0.011922486,-0.03188299,-0.4268093,0.010252687,0.27979916,-0.63370246,0.579488,-0.65133166,-0.69511765,0.5988122,0.62317413,-0.66495895,-0.70376,-0.6656494,-0.70341796,-0.6658082,-0.70350933,0.5789763,0.6023432,0.6023028,0.6280673,-0.6522975,-0.6876826,-0.63230735,-0.66235024,-0.6485578,-0.69114465,-0.59071505,-0.6450731,-0.60785794,-0.65642154,-0.6638135,-0.7000882,-0.5990299,-0.62577856,-0.32497722,-0.3849645,-0.6594294,-0.6924485,-0.61566925,-0.6657266,-0.6166105,-0.6660638,-0.4326163,-0.4479557,-0.58649915,-0.5987238
-0.14659771,0.054134864,-0.47617546,-0.03341135,-0.43485752,-0.18378547,-0.16178335,0.103146724,-0.48215735,-0.10844787,0.051102303,-0.4827139,-0.20916478,0.23065457,-0.63370246,-0.09225239,-0.65133166,-0.69511765,0.5988122,0.62317413,-0.66495895,-0.70376,-0.6656494,-0.70341796,-0.6658082,-0.70350933,0.5789763,0.6023432,0.6023028,0.6280673,-0.6522975,-0.6876826,-0.63230735,-0.66235024,-0.6485578,-0.69114465,-0.59071505,-0.6450731,-0.60785794,-0.65642154,-0.6638135,-0.7000882,-0.5990299,-0.62577856,-0.32497722,-0.3849645,-0.6594294,-0.6924485,-0.61566925,-0.6657266,-0.6166105,-0.6660638,-0.4326163,-0.4479557,-0.58649915,-0.5987238
1.8832164,1.086629,-0.23810984,1.9712716,1.7136478,1.7844931,1.5361583,1.279702,-0.045396175,1.6773838,1.1563538,-0.14801516,1.603295,1.8457178,0.24079162,1.9229687,-0.004185033,0.09193653,-0.1653709,-0.24588604,0.07073001,0.16803502,0.077966645,0.1745691,0.07821536,0.17446908,-0.17869677,-0.2560354,-0.17543179,-0.25692055,0.022275899,0.09446227,0.2169672,0.30555525,0.032990072,0.10279149,-0.14280513,-0.10091926,0.036456157,0.09884534,0.09338818,0.18868384,0.00010852704,0.08601739,-0.26520947,-0.31405634,0.10737913,0.20721008,-0.04565625,0.044103935,-0.050149105,0.03914017,0.07322438,0.11755822,0.20054437,0.29772642
-0.82320243,-0.7505762,0.013784566,-0.701639,0.8542457,-0.8398783,-0.42300516,-0.76226246,-0.023838729,-0.08564905,-0.7361179,0.04015369,-0.13584127,-0.52404684,1.1782956,-0.7639928,0.6429616,0.6110027,-0.929554,-0.9068113,0.80641896,0.7728241,0.8215827,0.78928477,0.822239,0.7900905,-0.9363698,-0.91475356,-0.9531664,-0.92939115,0.6968493,0.67027223,1.0662417,1.0405827,0.7145379,0.6895012,0.3051048,0.27960867,0.6807702,0.6700079,0.8505898,0.8193271,0.599247,0.567472,-0.20544171,-0.25353566,0.87418765,0.8403606,0.5243567,0.49669003,0.5163123,0.48752984,0.579065,0.5690896,0.9875879,0.9523438
1.2066118,-0.556627,-0.48479015,0.6348163,0.42454463,1.1284002,1.1443256,-0.5104622,-0.40502423,1.0546778,-0.51120585,-0.39219344,1.1512989,1.4712968,-0.58435684,1.2512283,-0.65133166,-0.5665414,0.5988122,0.33064985,-0.66495895,-0.52307713,-0.6656494,-0.5124671,-0.6658082,-0.51074964,0.5789763,0.29107365,0.6023028,0.3242118,-0.6522975,-0.46574736,-0.63230735,-0.36673066,-0.6485578,-0.46041608,-0.59071505,-0.43012384,-0.60785794,-0.47200468,-0.6638135,-0.4866853,-0.5990299,-0.37985426,-0.32497722,0.40878406,-0.6594294,-0.50924635,-0.61566925,-0.5799448,-0.6166105,-0.5806265,-0.4326163,-0.1596203,-0.58649915,-0.33473226
-0.14659771,-0.35265097,-0.23995204,-0.03341135,-0.43485752,-0.18378547,-0.03117245,-0.22778127,-0.2098049,0.14239284,-0.24301803,-0.22371951,0.07962243,0.12784609,0.17777823,-0.09225239,0.2524553,0.276057,0.039232958,0.019237943,0.16372314,0.18490142,0.1358387,0.15704216,0.12980825,0.15079919,0.06920547,0.05048431,0.04753649,0.028909849,-0.11263875,-0.10502266,-0.027100055,-0.010896396,-0.041487265,-0.032418374,-0.10962886,-0.107883126,-0.075179346,-0.06896205,0.09338818,0.11405382,0.566685,0.60509205,-0.32497722,-0.3849645,0.1504942,0.17337134,0.26074296,0.28319988,0.27411973,0.29727256,-0.3211584,-0.32173488,0.117672354,0.15432967
1.2066118,2.2493446,0.80960643,1.303044,1.7136478,1.1284002,0.81779844,2.2176824,0.43481097,0.87042546,2.2897172,0.59881437,0.93498635,0.971719,0.19803885,0.9153582,0.7465701,0.7433888,-0.70276415,-0.7753836,0.8785538,0.8950306,0.84021276,0.86462116,0.8406298,0.86605346,-0.7722655,-0.8485726,-0.82575595,-0.9004629,0.7867924,0.83923584,1.0344931,1.1208885,0.7681187,0.8235779,0.29091462,0.29861575,0.4063128,0.48006722,0.8505898,0.88487846,0.82718,0.77409625,1.2289844,1.4766176,0.75232536,0.78384423,0.71758145,0.6989051,0.7087208,0.6910384,0.19168091,0.25774214,0.70531017,0.8107674
1.2066118,-0.44302788,0.73288494,1.303044,2.57305,1.1284002,1.9932965,-0.391257,0.36681068,1.4525455,-0.39458662,0.24223956,1.3272971,0.93959314,1.7000161,0.9153582,1.7916019,1.0719304,-4.664191,-3.152876,2.360578,1.4724519,2.6474588,1.679855,2.6827915,1.7054249,-4.955179,-3.368617,-4.6268344,-3.1245205,3.23161,2.1147287,3.6041439,2.3819861,4.223277,2.8452628,4.5787067,3.1793954,4.163496,2.8633,3.1221948,2.0222483,3.9596317,2.6275737,12.52509,9.737272,2.4172223,1.5113714,1.0681463,0.56489426,1.0114614,0.52220446,6.639204,4.6471567,2.5720937,1.6318504
0.530007,0.00027135535,-0.28628188,0.6348163,0.42454463,0.47230738,-0.22708881,-0.098023556,-0.4133631,-0.04934631,-0.06910168,-0.4034792,-0.22036494,0.20778644,-0.5368166,-0.09225239,0.278879,-0.0799405,0.049093425,0.26304597,0.18805778,-0.14300755,0.15116553,-0.16880436,0.14918643,-0.1700022,0.08666337,0.27809533,0.06346281,0.27157235,0.21033876,-0.11469257,-0.027100055,-0.25295186,0.11389707,-0.18417962,0.12520401,-0.15217648,0.26632896,-0.049376253,0.09338818,-0.20604718,0.5015613,0.013072182,-0.32497722,-0.3849645,0.10109609,-0.20136842,0.34493375,-0.027629456,0.35350507,-0.023625497,-0.3207246,-0.3727946,-0.022905493,-0.22855267
1.2066118,1.4703456,-0.45619997,-0.03341135,0.42454463,1.1284002,0.5565766,1.8245441,-0.2566404,0.78612936,1.7477493,-0.3131892,0.767941,1.1096034,-0.5230105,1.2512283,-0.65133166,-0.5042322,0.5988122,0.58838123,-0.66495895,-0.5478378,-0.6656494,-0.55922943,-0.6658082,-0.5607054,0.5789763,0.58033866,0.6023028,0.58973384,-0.6522975,-0.5838922,-0.63230735,-0.61334336,-0.6485578,-0.62056875,-0.59071505,-0.6102374,-0.60785794,-0.61661005,-0.6638135,-0.5727223,-0.5990299,-0.4965501,-0.32497722,-0.3849645,-0.6594294,-0.5481297,-0.61566925,-0.45573348,-0.6166105,-0.45714173,-0.4326163,-0.4477265,-0.58649915,-0.5680717
-0.14659771,-0.868264,-0.4891858,-0.03341135,-0.43485752,-0.18378547,-0.55361605,-0.87955713,-0.4956215,-0.5546124,-0.8744754,-0.50101644,-0.47741586,-0.45656392,-0.63370246,-0.09225239,-0.65133166,-0.69511765,0.5988122,0.62317413,-0.66495895,-0.70376,-0.6656494,-0.70341796,-0.6658082,-0.70350933,0.5789763,0.6023432,0.6023028,0.6280673,-0.6522975,-0.6876826,-0.63230735,-0.66235024,-0.6485578,-0.69114465,-0.59071505,-0.6450731,-0.60785794,-0.65642154,-0.6638135,-0.7000882,-0.5990299,-0.62577856,-0.32497722,-0.3849645,-0.6594294,-0.6924485,-0.61566925,-0.6657266,-0.6166105,-0.6660638,-0.4326163,-0.4479557,-0.58649915,-0.5987238
-0.82320243,-0.79065335,-0.48809108,-1.3698667,-0.8645586,-0.8398783,-1.1413652,-0.83503854,-0.49501154,-1.0144572,-0.82289696,-0.48703706,-1.1038839,-0.8878972,-0.63370246,-0.7639928,-0.65133166,-0.69511765,0.5988122,0.62317413,-0.66495895,-0.70376,-0.6656494,-0.70341796,-0.6658082,-0.70350933,0.5789763,0.6023432,0.6023028,0.6280673,-0.6522975,-0.6876826,-0.63230735,-0.66235024,-0.6485578,-0.69114465,-0.59071505,-0.6450731,-0.60785794,-0.65642154,-0.6638135,-0.7000882,-0.5990299,-0.62577856,-0.32497722,-0.3849645,-0.6594294,-0.6924485,-0.61566925,-0.6657266,-0.6166105,-0.6660638,-0.4326163,-0.4479557,-0.58649915,-0.5987238
-0.14659771,0.04347373,-0.4763258,-0.03341135,-0.43485752,-0.18378547,-0.6189215,-0.013449108,-0.48375484,-0.58984244,-0.045559034,-0.48937908,-0.557175,-0.45860854,-0.63370246,-0.09225239,-0.65133166,-0.69511765,0.5988122,0.62317413,-0.66495895,-0.70376,-0.6656494,-0.70341796,-0.6658082,-0.70350933,0.5789763,0.6023432,0.6023028,0.6280673,-0.6522975,-0.6876826,-0.63230735,-0.66235024,-0.6485578,-0.69114465,-0.59071505,-0.6450731,-0.60785794,-0.65642154,-0.6638135,-0.7000882,-0.5990299,-0.62577856,-0.32497722,-0.3849645,-0.6594294,-0.6924485,-0.61566925,-0.6657266,-0.6166105,-0.6660638,-0.4326163,-0.4479557,-0.58649915,-0.5987238
-0.82320243,-0.05525376,1.4637512,-0.701639,-0.43485752,-0.6012991,-0.7495324,0.08772102,1.7305123,-0.8109864,0.08266158,1.7557425,-0.7665466,-1.1267843,0.18693556,-0.7639928,0.20170431,0.30343977,0.1476977,0.099330194,0.1298285,0.22144964,0.12407932,0.21603128,0.12042774,0.21192175,0.19839399,0.1603605,0.16167499,0.1162886,-0.014519027,0.05696569,-0.12433008,-0.07157954,-0.10846324,-0.0565726,-0.29565588,-0.2917793,-0.28948817,-0.27628148,0.09338818,0.18116704,0.12384364,0.20923215,-0.32497722,-0.3849645,0.19858955,0.3023227,0.2069161,0.30720717,0.21626268,0.31769055,-0.38886026,-0.3969299,0.2587311,0.36739883
-0.14659771,0.21477574,-0.47390965,-0.701639,-0.43485752,-0.18378547,-0.29239425,0.21581787,-0.39268082,-0.35481483,0.21933842,-0.38839892,-0.2680732,-0.26408017,-0.49963233,-0.09225239,-0.65133166,-0.56173915,0.5988122,0.34533972,-0.66495895,-0.54122204,-0.6656494,-0.5269519,-0.6658082,-0.5251081,0.5789763,0.31069484,0.6023028,0.3516932,-0.6522975,-0.47120073,-0.63230735,-0.43363625,-0.6485578,-0.43283072,-0.59071505,-0.36809424,-0.60785794,-0.39823106,-0.6638135,-0.50032127,-0.5990299,-0.3855493,-0.32497722,0.31521162,-0.6594294,-0.5302635,-0.61566925,-0.571008,-0.6166105,-0.57436067,-0.4326163,-0.08358982,-0.58649915,-0.43461695
0.530007,-0.33394992,-0.27869332,0.6348163,0.42454463,0.47230738,0.09943845,-0.34436604,-0.30405906,0.0066885496,-0.43957502,-0.38271916,-0.1318711,0.11219957,-0.3614863,0.579488,0.2911236,0.11763411,0.08853509,0.17282051,0.18262593,0.020940673,0.15103343,-0.0006426968,0.15153159,-0.0005206968,0.13903709,0.2104082,0.100624174,0.18452233,0.39431334,0.16371131,-0.017178632,-0.12701406,0.14443812,0.011540542,0.1948494,0.063724265,0.39230758,0.20275728,0.09338818,-0.043081857,0.33875197,0.17706594,-0.32497722,-0.2361437,0.10072327,-0.04085325,0.4056615,0.22398476,0.4019436,0.22047271,-0.35719278,-0.30932003,-0.10689951,-0.21719511
1.2066118,0.7962902,-0.32099852,1.303044,0.8542457,1.1284002,1.0137148,0.5974164,-0.32904112,1.0225039,0.6761838,-0.30682677,1.072307,1.0557659,0.26306897,1.2512283,-0.18658161,-0.20594895,-0.33053306,-0.34716994,-0.023132248,-0.0319593,0.030400606,0.025240088,0.03390473,0.02902197,-0.34629261,-0.36383706,-0.29222474,-0.30612755,0.042717546,0.04195809,0.13958001,0.14481437,0.12461326,0.12566389,0.31161073,0.32638428,-0.006529679,-0.01083137,0.09338818,0.09229493,-0.3189978,-0.33492723,-0.26520947,-0.31642365,0.11255435,0.11231451,-0.3575762,-0.3912457,-0.35288978,-0.38598153,0.75981534,0.8023574,0.35090008,0.36469537
1.2066118,-0.020020794,0.48772898,1.303044,1.2839468,1.3073347,1.7973802,0.087077826,0.62712175,1.9656557,0.036976572,0.5910095,1.9028287,1.3897499,2.089183,1.2512283,1.6598704,1.9047794,-1.622249,-1.9046371,1.6789905,1.9388554,1.6471182,1.9076804,1.6466141,1.9079508,-1.5788206,-1.8634943,-1.6087995,-1.8947654,1.6821353,1.9663943,1.6397005,1.9300559,1.6246077,1.9147301,1.54532,1.8223194,1.6126329,1.906149,1.6077914,1.8718506,1.7584494,1.9786538,0.15316483,0.29389226,1.5751158,1.819716,1.5098028,1.7348111,1.5146835,1.7368157,0.7551013,0.9567694,1.6683565,1.9270161
1.8832164,0.3342727,0.2883762,1.9712716,1.7136478,1.7844931,1.7320747,0.21286988,0.15417558,1.995066,0.23683544,0.14603123,1.8290089,1.6182166,1.6887361,1.5870986,0.6916415,1.3334925,-0.9492749,-1.4780207,0.7673096,1.3663746,0.8165619,1.4214754,0.8190299,1.42391,-0.901454,-1.3869262,-0.9106963,-1.4335908,0.81949896,1.4261196,0.93924737,1.5693231,1.043792,1.769345,1.546951,2.5647414,1.1855434,2.1178107,0.8505898,1.4445428,-0.18223794,-0.07951337,0.39223585,0.910319,0.8237488,1.3830835,0.63063025,1.3343914,0.62798995,1.3252182,0.8045836,0.98765916,0.8082189,1.2099313
-0.14659771,0.22701369,-0.19408193,-0.03341135,0.42454463,-0.18378547,0.36066025,0.19207488,-0.091199085,0.042765375,0.17221871,-0.09931053,0.09643812,-0.11709959,0.4821211,-0.09225239,-0.004185033,0.1682292,-0.1653709,-0.33012325,0.07073001,0.24472006,0.077966645,0.25506225,0.07821536,0.2555852,-0.17869677,-0.33416587,-0.17543179,-0.3421674,0.022275899,0.20443323,0.2169672,0.42277348,0.032990072,0.2293447,-0.14280513,0.07598145,0.036456157,0.27798167,0.09338818,0.2706918,0.00010852704,0.12044069,-0.26520947,-0.24152896,0.10737913,0.27851987,-0.04565625,0.13551167,-0.050149105,0.12827154,0.07322438,0.13217299,0.20054437,0.35335195
-0.82320243,-0.55509526,-0.48476857,-0.701639,-0.8645586,-0.8398783,-1.0760597,-0.5528343,-0.491145,-0.78327876,-0.56244034,-0.4885756,-0.8240635,-0.61447227,-0.63370246,-0.7639928,-0.65133166,-0.69511765,0.5988122,0.62317413,-0.66495895,-0.70376,-0.6656494,-0.70341796,-0.6658082,-0.70350933,0.5789763,0.6023432,0.6023028,0.6280673,-0.6522975,-0.6876826,-0.63230735,-0.66235024,-0.6485578,-0.69114465,-0.59071505,-0.6450731,-0.60785794,-0.65642154,-0.6638135,-0.7000882,-0.5990299,-0.62577856,-0.32497722,-0.3849645,-0.6594294,-0.6924485,-0.61566925,-0.6657266,-0.6166105,-0.6660638,-0.4326163,-0.4479557,-0.58649915,-0.5987238
-0.82320243,0.30561876,2.342163,-0.701639,-0.005156449,-0.8398783,0.36066025,0.012472065,1.673265,-0.032671366,-0.047634646,1.5801444,-0.1753174,-0.46469894,1.1830308,-0.7639928,0.51844215,0.533831,-1.6148537,-1.6807323,0.67648923,0.69758916,0.72301525,0.7470428,0.73855484,0.76345927,-1.7533996,-1.8252704,-1.6114539,-1.6768683,1.3019212,1.3620532,1.2408588,1.2931181,1.1362187,1.1901989,1.1306803,1.2107126,1.0509921,1.1224245,0.8505898,0.88057005,1.3416576,1.3784468,2.304804,2.6231923,0.5789693,0.59535146,0.17655219,0.1755404,0.15840556,0.15603513,2.4647682,2.577345,0.6275675,0.6472189
1.2066118,0.6494715,0.93982404,1.303044,0.8542457,1.1284002,1.0137148,0.5037608,0.55666333,1.0984927,0.48986593,0.5434789,1.0376055,1.1467345,0.28987122,1.2512283,-0.06644476,-0.08209842,-0.50802076,-0.5259918,0.005765159,-0.0047496622,0.028682929,0.020082172,0.036373302,0.028225137,-0.5872117,-0.6085232,-0.5045755,-0.52162075,0.3248119,0.3347631,0.30427572,0.31309086,0.2438305,0.24728698,0.2699827,0.28080407,0.22156711,0.23094223,0.09338818,0.08834415,0.37131387,0.37372717,0.9899134,1.1154679,-0.040230025,-0.05009195,-0.2195585,-0.24607474,-0.22910248,-0.2559712,1.0160758,1.0609431,0.020534195,0.022781093
-0.14659771,-0.59294116,-0.48530236,-0.03341135,-0.43485752,-0.18378547,-0.55361605,-0.3923483,-0.4883926,-0.30209947,-0.46851748,-0.49479073,-0.42800733,-0.072385356,-0.5631022,-0.09225239,-0.65133166,-0.43035528,0.5988122,0.31176114,-0.66495895,-0.42877716,-0.6656494,-0.414443,-0.6658082,-0.41303426,0.5789763,0.29327264,0.6023028,0.3076237,-0.6522975,-0.3701532,-0.63230735,-0.2993633,-0.6485578,-0.30966935,-0.59071505,-0.14710896,-0.60785794,-0.25123185,-0.6638135,-0.39476633,-0.5990299,-0.26610845,-0.32497722,0.5393933,-0.6594294,-0.4336626,-0.61566925,-0.3987733,-0.6166105,-0.4039685,-0.4326163,-0.26875177,-0.58649915,-0.3278586
-0.14659771,0.06465709,1.824196,-0.03341135,0.8542457,0.35301778,1.0137148,0.10191015,1.8600167,0.5083482,0.095126316,1.8855971,0.555263,0.02131364,1.5178739,-0.42812258,1.1437372,1.2143931,-1.254948,-1.3250102,1.4799676,1.5644193,1.5449831,1.6332346,1.5412067,1.6294241,-1.2087132,-1.2764696,-1.2663839,-1.3371964,1.0566217,1.1255128,1.318246,1.3927197,1.4445763,1.542248,0.9383174,1.046296,1.2458173,1.3578452,1.6077914,1.6989536,0.7555439,0.77530664,-0.32497722,-0.3817681,1.7800895,1.8725333,0.94531053,1.0130728,1.0356807,1.108387,0.42596224,0.45319945,2.3536134,2.4469934
-0.14659771,-0.9576052,-0.37285477,-0.03341135,-0.43485752,-0.18378547,0.49127117,-0.93809086,-0.31114793,0.61271226,-0.91510683,-0.27552262,0.6342941,0.41749382,1.1114166,-0.42812258,2.1332083,2.571965,-0.43653265,-0.57936895,1.6685611,2.0184681,1.707897,2.0663917,1.7110437,2.0702295,-0.1228314,-0.21170922,-0.35327557,-0.48241487,2.131851,2.5648654,0.6177929,0.79526955,2.2150683,2.6820123,2.8238003,3.453898,3.5300734,4.302077,1.6077914,1.9501235,1.1983854,1.4555267,1.2887521,1.6819348,1.5506319,1.8758117,2.9990134,3.6219666,2.9557292,3.5658908,-0.41968903,-0.4329525,-0.0676275,-0.0075531285
-0.82320243,-0.55652505,-0.24068637,-0.701639,-0.8645586,-0.8398783,-0.42300516,-0.70529634,-0.19061288,-0.67321855,-0.6987591,-0.20694444,-0.7221766,-0.83039045,0.22018594,-0.7639928,0.2524553,0.33138436,0.039232958,-0.018838666,0.16372314,0.23735674,0.1358387,0.20840643,0.12980825,0.20184746,0.06920547,0.014927041,0.04753649,-0.009092262,-0.11263875,-0.07013157,-0.027100055,0.02898138,-0.041487265,0.0073186113,-0.10962886,-0.07138457,-0.075179346,-0.033472404,0.09338818,0.16358387,0.566685,0.66963863,-0.32497722,-0.3849645,0.1504942,0.22529905,0.26074296,0.33599588,0.27411973,0.35053653,-0.3211584,-0.3106992,0.117672354,0.20604315
0.530007,0.17299965,-0.4744989,0.6348163,-0.005156449,0.47230738,0.1647439,0.32311305,-0.47914356,0.44616023,0.30381054,-0.47634745,0.47478452,0.83255106,-0.63370246,0.579488,-0.65133166,-0.69511765,0.5988122,0.62317413,-0.66495895,-0.70376,-0.6656494,-0.70341796,-0.6658082,-0.70350933,0.5789763,0.6023432,0.6023028,0.6280673,-0.6522975,-0.6876826,-0.63230735,-0.66235024,-0.6485578,-0.69114465,-0.59071505,-0.6450731,-0.60785794,-0.65642154,-0.6638135,-0.7000882,-0.5990299,-0.62577856,-0.32497722,-0.3849645,-0.6594294,-0.6924485,-0.61566925,-0.6657266,-0.6166105,-0.6660638,-0.4326163,-0.4479557,-0.58649915,-0.5987238
-0.82320243,-0.4422851,-0.4831774,-0.701639,-0.8645586,-0.8398783,-1.0107542,-0.42960465,-0.48945665,-0.74260163,-0.4243054,-0.49469644,-0.8301175,-0.5568438,-0.63370246,-0.7639928,-0.65133166,-0.69511765,0.5988122,0.62317413,-0.66495895,-0.70376,-0.6656494,-0.70341796,-0.6658082,-0.70350933,0.5789763,0.6023432,0.6023028,0.6280673,-0.6522975,-0.6876826,-0.63230735,-0.66235024,-0.6485578,-0.69114465,-0.59071505,-0.6450731,-0.60785794,-0.65642154,-0.6638135,-0.7000882,-0.5990299,-0.62577856,-0.32497722,-0.3849645,-0.6594294,-0.6924485,-0.61566925,-0.6657266,-0.6166105,-0.6660638,-0.4326163,-0.4479557,-0.58649915,-0.5987238
0.530007,-0.32266554,-0.48149016,0.6348163,-0.005156449,0.47230738,0.2953548,-0.24615261,-0.4784369,0.26721823,-0.24412544,-0.478143,0.40950269,0.50800824,-0.60022074,0.579488,-0.65133166,-0.6306648,0.5988122,0.55998135,-0.66495895,-0.62784845,-0.6656494,-0.6297296,-0.6658082,-0.62973547,0.5789763,0.5327488,0.6023028,0.5525314,-0.6522975,-0.6197542,-0.63230735,-0.5641926,-0.6485578,-0.61082745,-0.59071505,-0.58204764,-0.60785794,-0.5981836,-0.6638135,-0.6241569,-0.5990299,-0.5457391,-0.32497722,-0.12728715,-0.6594294,-0.6294333,-0.61566925,-0.5995426,-0.6166105,-0.5996299,-0.4326163,-0.4306045,-0.58649915,-0.5317879
-1.4998071,-0.72740555,-0.48719898,-1.3698667,-1.2942597,-1.4959712,-1.4678924,-0.7317556,-0.49359646,-1.4501128,-0.72335374,-0.49889493,-1.4204102,-1.4300176,-0.63370246,-1.4357332,-0.65133166,-0.69511765,0.5988122,0.62317413,-0.66495895,-0.70376,-0.6656494,-0.70341796,-0.6658082,-0.70350933,0.5789763,0.6023432,0.6023028,0.6280673,-0.6522975,-0.6876826,-0.63230735,-0.66235024,-0.6485578,-0.69114465,-0.59071505,-0.6450731,-0.60785794,-0.65642154,-0.6638135,-0.7000882,-0.5990299,-0.62577856,-0.32497722,-0.3849645,-0.6594294,-0.6924485,-0.61566925,-0.6657266,-0.6166105,-0.6660638,-0.4326163,-0.4479557,-0.58649915,-0.5987238
-0.14659771,-0.49614066,-0.48393703,-0.03341135,-0.43485752,-0.18378547,-0.42300516,-0.5744618,-0.49144134,-0.37449962,-0.5483799,-0.49643835,-0.35311574,-0.19189814,-0.63370246,-0.09225239,-0.65133166,-0.69511765,0.5988122,0.62317413,-0.66495895,-0.70376,-0.6656494,-0.70341796,-0.6658082,-0.70350933,0.5789763,0.6023432,0.6023028,0.6280673,-0.6522975,-0.6876826,-0.63230735,-0.66235024,-0.6485578,-0.69114465,-0.59071505,-0.6450731,-0.60785794,-0.65642154,-0.6638135,-0.7000882,-0.5990299,-0.62577856,-0.32497722,-0.3849645,-0.6594294,-0.6924485,-0.61566925,-0.6657266,-0.6166105,-0.6660638,-0.4326163,-0.4479557,-0.58649915,-0.5987238
-0.82320243,-0.7142116,-0.4870129,-0.701639,-0.8645586,-0.8398783,-0.6189215,-0.69355327,-0.47253415,-0.866432,-0.69594675,-0.48349327,-0.8097788,-0.7846377,-0.6009276,-0.7639928,-0.65133166,-0.6498126,0.5988122,0.5910991,-0.66495895,-0.658374,-0.6656494,-0.6569771,-0.6658082,-0.65693444,0.5789763,0.5721254,0.6023028,0.59302604,-0.6522975,-0.63752323,-0.63230735,-0.6138511,-0.6485578,-0.6314049,-0.59071505,-0.5679663,-0.60785794,-0.5865213,-0.6638135,-0.6528415,-0.5990299,-0.57012177,-0.32497722,-0.32366216,-0.6594294,-0.6504087,-0.61566925,-0.61295205,-0.6166105,-0.6140034,-0.4326163,-0.43941787,-0.58649915,-0.5664062
-0.82320243,-0.78464043,-0.48800626,-0.701639,-0.8645586,-0.8398783,-1.0107542,-0.81548005,-0.44107056,-0.82768375,-0.7898584,-0.4209499,-0.78278345,-0.7970197,-0.49963233,-0.7639928,-0.65133166,-0.5843821,0.5988122,0.3865176,-0.66495895,-0.5673767,-0.6656494,-0.5540508,-0.6658082,-0.5525341,0.5789763,0.3534702,0.6023028,0.39288205,-0.6522975,-0.5120845,-0.63230735,-0.47156426,-0.6485578,-0.46949172,-0.59071505,-0.40538937,-0.60785794,-0.43581256,-0.6638135,-0.52946365,-0.5990299,-0.4218693,-0.32497722,0.2496706,-0.6594294,-0.55432284,-0.61566925,-0.58860666,-0.6166105,-0.5915989,-0.4326163,-0.12861612,-0.58649915,-0.4589195
1.2066118,0.8189768,1.9972869,1.303044,1.2839468,1.1284002,0.88310385,0.48011908,1.0841845,1.0595005,0.40045553,0.9133365,0.8873985,1.1254939,0.3910143,0.9153582,0.83825016,0.50693136,-1.1021115,-0.90166736,0.804898,0.5111567,0.8231682,0.53214186,0.8297681,0.5399425,-1.1039656,-0.9333626,-1.08854,-0.88935775,1.1261234,0.87528825,1.0781474,0.7984392,1.1809586,0.8524404,1.6742029,1.1793377,1.5026057,1.0881821,0.8505898,0.5747662,0.37131387,0.38097838,1.5875909,1.5423107,0.67919636,0.41124973,0.8114334,0.43606985,0.8002157,0.42427692,1.0544817,1.0894697,0.424475,0.26574266
-0.82320243,-0.40422896,-0.48264062,-0.701639,-0.8645586,-0.8398783,-0.94544876,-0.5710599,-0.4449122,-1.0117713,-0.5698757,-0.4599365,-0.99150324,-0.8850721,-0.6062534,-0.7639928,-0.65133166,-0.6490965,0.5988122,0.583366,-0.66495895,-0.6566575,-0.6656494,-0.65639067,-0.6658082,-0.6566597,0.5789763,0.5635816,0.6023028,0.5880636,-0.6522975,-0.65407115,-0.63230735,-0.62331676,-0.6485578,-0.6537061,-0.59071505,-0.60523194,-0.60785794,-0.6229189,-0.6638135,-0.65312845,-0.5990299,-0.578289,-0.32497722,-0.3849645,-0.6594294,-0.6449384,-0.61566925,-0.6246826,-0.6166105,-0.624501,-0.4326163,-0.43115565,-0.58649915,-0.53989536
-1.4998071,-0.7000297,-0.48681283,-1.3698667,-1.2942597,-1.4959712,-1.5331979,-0.7200797,-0.49343646,-1.4258232,-0.698362,-0.49854404,-1.4614352,-1.3829495,-0.63370246,-1.4357332,-0.65133166,-0.69511765,0.5988122,0.62317413,-0.66495895,-0.70376,-0.6656494,-0.70341796,-0.6658082,-0.70350933,0.5789763,0.6023432,0.6023028,0.6280673,-0.6522975,-0.6876826,-0.63230735,-0.66235024,-0.6485578,-0.69114465,-0.59071505,-0.6450731,-0.60785794,-0.65642154,-0.6638135,-0.7000882,-0.5990299,-0.62577856,-0.32497722,-0.3849645,-0.6594294,-0.6924485,-0.61566925,-0.6657266,-0.6166105,-0.6660638,-0.4326163,-0.4479557,-0.58649915,-0.5987238
-1.4998071,-0.7104067,-0.48695922,-1.3698667,-1.2942597,-1.4959712,-1.271976,-0.703893,-0.49321473,-1.321287,-0.6952517,-0.4985004,-1.3456749,-1.240743,-0.63370246,-1.4357332,-0.65133166,-0.69511765,0.5988122,0.62317413,-0.66495895,-0.70376,-0.6656494,-0.70341796,-0.6658082,-0.70350933,0.5789763,0.6023432,0.6023028,0.6280673,-0.6522975,-0.6876826,-0.63230735,-0.66235024,-0.6485578,-0.69114465,-0.59071505,-0.6450731,-0.60785794,-0.65642154,-0.6638135,-0.7000882,-0.5990299,-0.62577856,-0.32497722,-0.3849645,-0.6594294,-0.6924485,-0.61566925,-0.6657266,-0.6166105,-0.6660638,-0.4326163,-0.4479557,-0.58649915,-0.5987238
-0.14659771,-0.21148048,-0.06840795,-0.03341135,0.42454463,-0.18378547,0.36066025,-0.14150201,0.0798679,0.22126798,-0.1354074,-0.028191173,0.10956945,0.45809484,-0.07592284,-0.42812258,0.3590377,0.21281831,0.16495343,0.23370951,0.21282706,0.08082605,0.17151324,0.044810563,0.1685646,0.042137504,0.23680136,0.29341993,0.17494692,0.24521789,0.22669213,0.0908594,-0.03503719,-0.13517785,0.18623115,0.055576615,0.4151851,0.26270354,0.42971972,0.2680408,0.09338818,-0.02329375,0.30619013,0.1740375,-0.32497722,-0.3849645,0.09145053,-0.022675484,0.55886114,0.39252335,0.5445681,0.38052434,-0.4069931,-0.4214298,-0.31672436,-0.3485145
0.530007,0.42370585,2.5960014,0.6348163,1.7136478,1.188045,1.2096311,0.5422161,2.7794,1.4722232,0.5072867,2.7674592,1.4136893,0.82595605,2.4421625,0.579488,1.6979369,1.8897078,-1.8810852,-2.0719175,2.16916,2.3946013,2.269705,2.5037754,2.2653584,2.4992185,-1.8092649,-1.9934713,-1.8875098,-2.0799825,1.6208104,1.8044802,1.9393276,2.1410742,2.1574688,2.4017737,1.6320248,1.869385,1.940065,2.1977985,2.364993,2.6060007,1.1462864,1.2499094,-0.32497722,-0.38173,2.5967407,2.846446,1.440794,1.6206049,1.549667,1.7396433,0.7565184,0.8423087,3.3083243,3.5743778
1.2066118,-0.51806957,-0.48424628,1.303044,0.42454463,1.1284002,0.88310385,-0.50471437,-0.49048573,0.911943,-0.49463513,-0.49568382,0.93842226,1.3500441,-0.63370246,1.2512283,-0.65133166,-0.69511765,0.5988122,0.62317413,-0.66495895,-0.70376,-0.6656494,-0.70341796,-0.6658082,-0.70350933,0.5789763,0.6023432,0.6023028,0.6280673,-0.6522975,-0.6876826,-0.63230735,-0.66235024,-0.6485578,-0.69114465,-0.59071505,-0.6450731,-0.60785794,-0.65642154,-0.6638135,-0.7000882,-0.5990299,-0.62577856,-0.32497722,-0.3849645,-0.6594294,-0.6924485,-0.61566925,-0.6657266,-0.6166105,-0.6660638,-0.4326163,-0.4479557,-0.58649915,-0.5987238
0.530007,1.6353812,-0.45387217,0.6348163,-0.005156449,0.47230738,0.36066025,1.7036668,-0.43810603,0.51273406,1.7412865,-0.39987168,0.4920086,0.8472693,-0.51882374,0.579488,-0.65133166,-0.4898934,0.5988122,0.56173897,-0.66495895,-0.52570003,-0.6656494,-0.53732973,-0.6658082,-0.53861195,0.5789763,0.5499844,0.6023028,0.55924493,-0.6522975,-0.5573296,-0.63230735,-0.5821134,-0.6485578,-0.5935255,-0.59071505,-0.59122413,-0.60785794,-0.6021762,-0.6638135,-0.54877585,-0.5990299,-0.46773556,-0.32497722,-0.2982007,-0.6594294,-0.5294751,-0.61566925,-0.44613904,-0.6166105,-0.44731528,-0.4326163,-0.44039568,-0.58649915,-0.5357188
1.2066118,-0.02596346,-0.47730523,-0.03341135,0.42454463,1.1284002,0.5565766,-0.033117298,-0.4615187,0.9526107,0.027779229,-0.4456921,0.7432478,1.4285381,-0.63370246,1.2512283,-0.65133166,-0.6756107,0.5988122,0.6009916,-0.66495895,-0.68240416,-0.6656494,-0.68112445,-0.6658082,-0.68113595,0.5789763,0.5798675,0.6023028,0.60508883,-0.6522975,-0.66571975,-0.63230735,-0.6390031,-0.6485578,-0.6613997,-0.59071505,-0.6110853,-0.60785794,-0.6281988,-0.6638135,-0.67637616,-0.5990299,-0.59622633,-0.32497722,-0.3111255,-0.6594294,-0.672748,-0.61566925,-0.6468831,-0.6166105,-0.6475048,-0.4326163,-0.43067622,-0.58649915,-0.578447
-0.82320243,-0.5544576,0.4933575,-0.701639,-0.005156449,-0.4820095,0.034133,-0.5057342,0.5912218,-0.04004009,-0.52467555,0.5594633,-0.08626121,-0.67882276,1.4731416,-0.7639928,0.9647293,1.1414071,-1.0675999,-1.2483737,0.94677776,1.1169997,0.9056161,1.0717773,0.91283506,1.0799738,-1.034134,-1.2088624,-1.0434155,-1.2209496,1.5308673,1.7768362,1.1138647,1.3036215,1.1973009,1.4127655,1.7287314,2.0525005,1.5453665,1.840984,0.8505898,1.0099816,0.5862222,0.67166597,0.39223585,0.5025578,0.7039138,0.84143263,0.9963771,1.1854123,0.97647804,1.1617925,0.16706991,0.22793713,0.731438,0.86143756
-0.14659771,0.6682959,-0.4675128,-0.03341135,-0.43485752,-0.18378547,-0.29239425,0.12346263,-0.4792162,-0.33665833,0.22811124,-0.47330758,-0.29930398,-0.114380255,-0.5853052,-0.09225239,-0.65133166,-0.40700883,0.5988122,0.5817025,-0.66495895,-0.44785625,-0.6656494,-0.4685677,-0.6658082,-0.47073168,0.5789763,0.57537776,0.6023028,0.5709537,-0.6522975,-0.5130932,-0.63230735,-0.5658869,-0.6485578,-0.5070142,-0.59071505,-0.45464838,-0.60785794,-0.52202135,-0.6638135,-0.49078667,-0.5990299,-0.46140662,-0.32497722,-0.3849645,-0.6594294,-0.4729382,-0.61566925,-0.35284415,-0.6166105,-0.34975535,-0.4326163,-0.44794768,-0.58649915,-0.5888893
-1.4998071,-0.87619555,-0.48929763,-1.3698667,-1.2942597,-1.4959712,-1.4025869,-0.86159813,-0.49537548,-1.350628,-0.85910714,-0.49304777,-1.3797438,-1.2981545,-0.63370246,-1.4357332,-0.65133166,-0.69511765,0.5988122,0.62317413,-0.66495895,-0.70376,-0.6656494,-0.70341796,-0.6658082,-0.70350933,0.5789763,0.6023432,0.6023028,0.6280673,-0.6522975,-0.6876826,-0.63230735,-0.66235024,-0.6485578,-0.69114465,-0.59071505,-0.6450731,-0.60785794,-0.65642154,-0.6638135,-0.7000882,-0.5990299,-0.62577856,-0.32497722,-0.3849645,-0.6594294,-0.6924485,-0.61566925,-0.6657266,-0.6166105,-0.6660638,-0.4326163,-0.4479557,-0.58649915,-0.5987238
-0.14659771,0.55329734,-0.35135984,-0.03341135,-0.43485752,-0.18378547,0.23004936,0.7700149,-0.30079544,0.120542094,0.7347932,-0.2846103,0.23756027,0.06983803,0.2082046,-0.09225239,0.33100823,0.5566396,0.16741854,0.063254274,0.1904478,0.38371813,0.1614715,0.349555,0.15869042,0.34635153,0.2437845,0.1619975,0.18025571,0.0789988,0.19398548,0.3950577,-0.027100055,0.11783529,0.23418596,0.44735336,0.5096108,0.79962075,0.56862104,0.87667465,0.09338818,0.26625246,0.29967773,0.5129311,-0.14567396,-0.07908825,0.08348079,0.24901193,0.56576204,0.8508493,0.54860455,0.82779396,-0.41225657,-0.40887323,-0.35503462,-0.29600534
0.530007,-0.09642576,1.477935,0.6348163,1.7136478,1.188045,1.2749366,-0.09685725,1.4449795,1.3708322,-0.14217119,1.3778732,1.2773075,0.3128904,2.9542136,0.579488,2.5807903,2.5820317,-2.7340121,-2.7170708,2.5585146,2.5452173,2.4768815,2.46427,2.4914784,2.478983,-2.6472442,-2.6302302,-2.689134,-2.671877,3.7140322,3.7111683,2.8600366,2.8460004,3.0431597,3.062696,4.048178,4.1669054,3.698591,3.79858,2.364993,2.3513966,1.7714742,1.6956834,1.1094489,1.1983092,2.067257,2.0448103,2.6084235,2.637581,2.5695665,2.5955057,0.7667561,0.7582951,2.0493753,2.006785
-0.14659771,-0.9773074,-0.4155934,-0.03341135,-0.43485752,-0.18378547,0.49127117,-0.9715596,-0.38144735,0.2753155,-0.9676007,-0.38822317,0.3266639,-0.38108546,1.5337768,-0.42812258,1.0169495,1.0941164,-2.174433,-2.314895,1.4013146,1.4981009,1.4799763,1.5827618,1.4855406,1.5888228,-2.2387292,-2.3827794,-2.1688743,-2.3090835,1.3591578,1.4592296,2.0286205,2.1627085,1.459579,1.5723271,0.54388607,0.5981315,0.369099,0.40876,1.6077914,1.7187039,2.1166303,2.2455895,0.03362931,0.029999662,1.6062863,1.7108269,0.39876065,0.4369403,0.44500005,0.48573884,2.6189117,2.7921996,2.5108616,2.6416688
-0.82320243,-0.7505762,-0.04052098,-0.701639,0.8542457,-0.8398783,-0.35769972,-0.7441312,-0.02447,-0.3133171,-0.7483943,-0.032245006,-0.27342033,-0.76607114,0.9149857,-0.7639928,0.6429616,0.7003854,-0.929554,-1.0115142,0.80641896,0.87387234,0.8215827,0.8914362,0.822239,0.8923032,-0.9363698,-1.0185742,-0.9531664,-1.0359738,0.6968493,0.7632022,1.0662417,1.1571208,0.7145379,0.7839841,0.3051048,0.3428882,0.6807702,0.76078063,0.8505898,0.9233064,0.599247,0.6491306,-0.20544171,-0.2445415,0.87418765,0.9452566,0.5243567,0.57623863,0.5163123,0.5664746,0.579065,0.63868994,0.9875879,1.0584893
-0.82320243,-0.009290089,1.6652405,-0.701639,-0.005156449,-0.8398783,-0.03117245,0.009573835,1.6672134,-0.08321405,0.017639201,1.7198049,-0.051482376,-0.56815016,1.1665133,-0.7639928,0.51844215,0.6219713,-1.6148537,-1.8478103,0.67648923,0.7981777,0.72301525,0.8514015,0.73855484,0.8689867,-1.7533996,-2.0013657,-1.6114539,-1.8437666,1.3019212,1.5079327,1.2408588,1.4331529,1.1362187,1.3255198,1.1306803,1.3402344,1.0509921,1.2492715,0.8505898,0.9946246,1.3416576,1.526816,2.304804,2.840185,0.5789693,0.6881789,0.17655219,0.23568624,0.15840556,0.21467793,2.4647682,2.7985299,0.6275675,0.7362873
-0.14659771,-0.40647313,-0.014869443,-0.03341135,-0.005156449,-0.18378547,-0.22708881,-0.3762882,0.049712475,-0.10865103,-0.43140703,0.03640281,-0.055114854,-0.16108519,0.08070463,-0.09225239,-0.05498917,0.009827951,-0.43899772,-0.5938159,0.014021544,0.094419464,0.0413672,0.12783566,0.05032067,0.13850227,-0.48595583,-0.6465714,-0.446179,-0.60170656,0.44746158,0.608998,0.42134863,0.5750995,0.30009043,0.43442005,0.47956836,0.64906245,0.3572262,0.50725186,0.09338818,0.18984175,0.31270248,0.43775493,1.2887521,1.6934574,-0.02429836,0.051159028,-0.12294616,-0.07720925,-0.13222547,-0.08829695,0.5340943,0.69046384,0.08785769,0.17967308
-1.4998071,-0.8589296,-0.48905408,-1.3698667,-1.2942597,-1.4959712,-1.5331979,-0.88260317,-0.49566326,-1.4445996,-0.870672,-0.4943479,-1.4746633,-1.4036224,-0.63370246,-1.4357332,-0.65133166,-0.69511765,0.5988122,0.62317413,-0.66495895,-0.70376,-0.6656494,-0.70341796,-0.6658082,-0.70350933,0.5789763,0.6023432,0.6023028,0.6280673,-0.6522975,-0.6876826,-0.63230735,-0.66235024,-0.6485578,-0.69114465,-0.59071505,-0.6450731,-0.60785794,-0.65642154,-0.6638135,-0.7000882,-0.5990299,-0.62577856,-0.32497722,-0.3849645,-0.6594294,-0.6924485,-0.61566925,-0.6657266,-0.6166105,-0.6660638,-0.4326163,-0.4479557,-0.58649915,-0.5987238
1.2066118,-0.2385957,-0.48030436,1.303044,0.42454463,1.1284002,1.1443256,-0.19119507,-0.44808933,0.89100856,-0.21500823,-0.464873,0.85701233,1.3154756,-0.63370246,1.2512283,-0.65133166,-0.67250234,0.5988122,0.5930147,-0.66495895,-0.6785876,-0.6656494,-0.6765781,-0.6658082,-0.6765524,0.5789763,0.5712482,0.6023028,0.5980521,-0.6522975,-0.66285497,-0.63230735,-0.6391907,-0.6485578,-0.6537726,-0.59071505,-0.603591,-0.60785794,-0.61708796,-0.6638135,-0.67070585,-0.5990299,-0.591166,-0.32497722,-0.27567735,-0.6594294,-0.6683697,-0.61566925,-0.645044,-0.6166105,-0.6457162,-0.4326163,-0.42163932,-0.58649915,-0.57199156
-0.14659771,-0.09160117,-0.478231,-0.03341135,-0.43485752,-0.18378547,-0.22708881,-0.22435638,-0.4866445,-0.50774056,-0.21655148,-0.47036174,-0.4375733,-0.314241,-0.63370246,-0.09225239,-0.65133166,-0.69511765,0.5988122,0.62317413,-0.66495895,-0.70376,-0.6656494,-0.70341796,-0.6658082,-0.70350933,0.5789763,0.6023432,0.6023028,0.6280673,-0.6522975,-0.6876826,-0.63230735,-0.66235024,-0.6485578,-0.69114465,-0.59071505,-0.6450731,-0.60785794,-0.65642154,-0.6638135,-0.7000882,-0.5990299,-0.62577856,-0.32497722,-0.3849645,-0.6594294,-0.6924485,-0.61566925,-0.6657266,-0.6166105,-0.6660638,-0.4326163,-0.4479557,-0.58649915,-0.5987238
-0.82320243,-0.70887125,-0.0030153792,-0.701639,-0.8645586,-0.8398783,-0.29239425,-0.69791764,0.018711934,-0.24284676,-0.70216537,0.009006159,-0.2465606,-0.6900329,0.9767872,-0.7639928,1.1562423,1.2605659,-0.52034634,-0.5779933,0.99240524,1.079456,0.9373267,1.021521,0.92542475,1.0088835,-0.44056532,-0.49201238,-0.5072298,-0.5630298,0.42701998,0.47705305,0.57810724,0.63873464,0.5655832,0.6273462,0.3714573,0.4197478,0.45749924,0.5192983,0.8505898,0.92893976,1.7324,1.8633589,-0.32497722,-0.3849645,0.96041775,1.0433416,1.1371552,1.2504587,1.1648499,1.2787625,-0.20970051,-0.20769131,0.82184386,0.8891376
0.530007,0.14781973,-0.47485405,-0.03341135,-0.005156449,0.47230738,0.1647439,0.1554005,-0.3040653,0.21919069,0.14405097,-0.33098623,0.20134588,0.3783837,-0.31087884,0.579488,-0.65133166,-0.38866484,0.5988122,-0.0228246,-0.66495895,-0.3284743,-0.6656494,-0.2943186,-0.6658082,-0.28996193,0.5789763,-0.0763486,0.6023028,-0.014245777,-0.6522975,-0.19556364,-0.63230735,-0.13570513,-0.6485578,-0.08846159,-0.59071505,0.003729029,-0.60785794,-0.05522335,-0.6638135,-0.2350124,-0.5990299,-0.06812963,-0.32497722,1.291815,-0.6594294,-0.31537652,-0.61566925,-0.4500376,-0.6166105,-0.45749655,-0.4326163,0.41069332,-0.58649915,-0.21713026
0.530007,-1.0109177,-0.4911979,0.6348163,-0.005156449,0.47230738,0.034133,-0.93237746,-0.3029694,0.24455833,-0.86207134,-0.16402878,0.40618882,0.41531718,-0.42462993,0.579488,-0.65133166,-0.11001449,0.5988122,0.28784972,-0.66495895,-0.19125834,-0.6656494,-0.211585,-0.6658082,-0.2132359,0.5789763,0.31401062,0.6023028,0.29686484,-0.6522975,-0.19454344,-0.63230735,-0.22315124,-0.6485578,-0.1466809,-0.59071505,0.19044976,-0.60785794,0.05752165,-0.6638135,-0.24926952,-0.5990299,-0.44974992,-0.32497722,-0.22920074,-0.6594294,-0.26454383,-0.61566925,0.0005359191,-0.6166105,-0.0060361144,-0.4326163,-0.4230908,-0.58649915,-0.39440453
-0.82320243,-0.50020635,-0.48399433,-0.701639,-0.8645586,-0.8398783,-1.0760597,-0.5260256,-0.4907777,-0.8793058,-0.5019787,-0.49577346,-0.91839623,-0.74181837,-0.63370246,-0.7639928,-0.65133166,-0.69511765,0.5988122,0.62317413,-0.66495895,-0.70376,-0.6656494,-0.70341796,-0.6658082,-0.70350933,0.5789763,0.6023432,0.6023028,0.6280673,-0.6522975,-0.6876826,-0.63230735,-0.66235024,-0.6485578,-0.69114465,-0.59071505,-0.6450731,-0.60785794,-0.65642154,-0.6638135,-0.7000882,-0.5990299,-0.62577856,-0.32497722,-0.3849645,-0.6594294,-0.6924485,-0.61566925,-0.6657266,-0.6166105,-0.6660638,-0.4326163,-0.4479557,-0.58649915,-0.5987238
-0.14659771,-0.7271519,-0.48719543,-0.03341135,-0.43485752,-0.18378547,-0.35769972,-0.64937866,-0.48511627,-0.5010028,-0.65775675,-0.48968995,-0.49441388,-0.35069808,-0.620719,-0.09225239,-0.65133166,-0.6487191,0.5988122,0.59003997,-0.66495895,-0.65953577,-0.6656494,-0.66111284,-0.6658082,-0.6612431,0.5789763,0.5712001,0.6023028,0.5958129,-0.6522975,-0.6416848,-0.63230735,-0.63156354,-0.6485578,-0.6502071,-0.59071505,-0.60777617,-0.60785794,-0.61156696,-0.6638135,-0.6603491,-0.5990299,-0.56941396,-0.32497722,-0.3849645,-0.6594294,-0.6533741,-0.61566925,-0.62058306,-0.6166105,-0.6201414,-0.4326163,-0.43728796,-0.58649915,-0.5626141
1.2066118,1.2961339,-0.4586572,1.303044,0.42454463,1.1284002,0.81779844,0.87498534,-0.44047827,0.67161673,0.8512833,-0.44778022,0.7123004,1.1030658,-0.63370246,1.2512283,-0.65133166,-0.59771174,0.5988122,0.5443072,-0.66495895,-0.6154788,-0.6656494,-0.61505437,-0.6658082,-0.61497676,0.5789763,0.5298727,0.6023028,0.54974407,-0.6522975,-0.58529776,-0.63230735,-0.56587225,-0.6485578,-0.5860755,-0.59071505,-0.49398065,-0.60785794,-0.513948,-0.6638135,-0.61416334,-0.5990299,-0.5420701,-0.32497722,-0.35523462,-0.6594294,-0.61222243,-0.61566925,-0.553314,-0.6166105,-0.5553846,-0.4326163,-0.43683156,-0.58649915,-0.54341346
1.2066118,2.1739333,1.525999,1.303044,0.8542457,1.3669795,1.0790203,2.1837568,1.7409191,1.2873106,2.265363,1.7986176,1.1351969,1.5348762,0.13246588,1.2512283,0.5563291,0.71570903,0.45090583,0.43151554,0.2845274,0.40553623,0.20679139,0.31784034,0.1963359,0.3059744,0.523111,0.5156336,0.42445907,0.4022341,-0.08810883,-0.022652859,-0.28108868,-0.240028,-0.23786089,-0.1977921,-0.43318906,-0.43804318,-0.4261297,-0.42453402,0.09338818,0.18926898,0.18896736,0.28973696,-0.32497722,-0.3849645,0.21252887,0.3237807,0.74656516,0.9352504,0.7342855,0.9200573,-0.4326163,-0.43777487,-0.54305947,-0.5159112
0.530007,1.4750329,-0.45613384,-0.03341135,-0.005156449,0.47230738,0.1647439,1.8454545,-0.25635394,0.28677887,1.7343981,-0.33983856,0.30915707,0.53990936,-0.5230105,0.579488,-0.65133166,-0.5042322,0.5988122,0.58838123,-0.66495895,-0.5478378,-0.6656494,-0.55922943,-0.6658082,-0.5607054,0.5789763,0.58033866,0.6023028,0.58973384,-0.6522975,-0.5838922,-0.63230735,-0.61334336,-0.6485578,-0.62056875,-0.59071505,-0.6102374,-0.60785794,-0.61661005,-0.6638135,-0.5727223,-0.5990299,-0.4965501,-0.32497722,-0.3849645,-0.6594294,-0.5481297,-0.61566925,-0.45573348,-0.6166105,-0.45714173,-0.4326163,-0.4477265,-0.58649915,-0.5680717
-0.82320243,0.403805,-0.47124338,-1.3698667,-0.8645586,-0.8398783,-0.94544876,0.26387858,-0.47995514,-0.94570494,0.28812376,-0.48469433,-0.9918843,-0.8228539,-0.63370246,-0.7639928,-0.65133166,-0.69511765,0.5988122,0.62317413,-0.66495895,-0.70376,-0.6656494,-0.70341796,-0.6658082,-0.70350933,0.5789763,0.6023432,0.6023028,0.6280673,-0.6522975,-0.6876826,-0.63230735,-0.66235024,-0.6485578,-0.69114465,-0.59071505,-0.6450731,-0.60785794,-0.65642154,-0.6638135,-0.7000882,-0.5990299,-0.62577856,-0.32497722,-0.3849645,-0.6594294,-0.6924485,-0.61566925,-0.6657266,-0.6166105,-0.6660638,-0.4326163,-0.4479557,-0.58649915,-0.5987238
0.530007,-0.039034817,-0.4774896,0.6348163,-0.005156449,0.47230738,0.36066025,0.056432605,-0.4362782,0.13735557,0.049442302,-0.43606532,0.25623885,0.28020447,-0.5419257,0.579488,-0.65133166,-0.5410304,0.5988122,0.56627315,-0.66495895,-0.5774133,-0.6656494,-0.58071536,-0.6658082,-0.5813555,0.5789763,0.5621774,0.6023028,0.5742272,-0.6522975,-0.5698535,-0.63230735,-0.5821549,-0.6485578,-0.558848,-0.59071505,-0.4922266,-0.60785794,-0.4895082,-0.6638135,-0.588627,-0.5990299,-0.52553016,-0.32497722,-0.3599887,-0.6594294,-0.5819939,-0.61566925,-0.47510126,-0.6166105,-0.47739005,-0.4326163,-0.4469883,-0.58649915,-0.57961345
-0.14659771,-0.45016184,-0.2493577,-0.03341135,-0.005156449,-0.18378547,0.034133,-0.36590874,-0.16639698,0.06312233,-0.36603287,-0.1829068,0.09441159,-0.09881046,0.27424374,-0.09225239,-0.051946986,0.017378865,-0.22946364,-0.352908,0.0444399,0.13466148,0.059997234,0.15428273,0.061676018,0.15640387,-0.26249468,-0.38930967,-0.23117387,-0.3543809,0.050894186,0.1457881,0.16140714,0.2747969,0.094608,0.19489989,-0.095489375,-0.043216057,0.0033419628,0.084037416,0.09338818,0.1944942,0.00010852704,0.07676857,-0.20544171,-0.23054321,0.08352075,0.18205674,-0.1726325,-0.13338767,-0.17259088,-0.13326333,0.34380034,0.47016057,0.30521634,0.43601817
-0.82320243,-0.73991555,-0.48737544,-0.701639,-0.8645586,-0.8398783,-0.7495324,-0.7009277,-0.49317408,-0.74261004,-0.6994624,-0.4836816,-0.7768265,-0.5944124,-0.63370246,-0.7639928,-0.65133166,-0.69511765,0.5988122,0.62317413,-0.66495895,-0.70376,-0.6656494,-0.70341796,-0.6658082,-0.70350933,0.5789763,0.6023432,0.6023028,0.6280673,-0.6522975,-0.6876826,-0.63230735,-0.66235024,-0.6485578,-0.69114465,-0.59071505,-0.6450731,-0.60785794,-0.65642154,-0.6638135,-0.7000882,-0.5990299,-0.62577856,-0.32497722,-0.3849645,-0.6594294,-0.6924485,-0.61566925,-0.6657266,-0.6166105,-0.6660638,-0.4326163,-0.4479557,-0.58649915,-0.5987238
1.8832164,1.3317983,1.4832512,1.9712716,1.2839468,2.0230722,0.9484093,1.5056697,1.6958317,1.2232531,1.4430677,1.7428043,1.2419715,1.2395889,0.17242102,1.9229687,0.20170431,0.2855014,0.1476977,0.10435379,0.1298285,0.20599109,0.12407932,0.20095171,0.12042774,0.19697624,0.19839399,0.16335194,0.16167499,0.12084988,-0.014519027,0.04688115,-0.12433008,-0.0778323,-0.10846324,-0.0618293,-0.29565588,-0.2845061,-0.28948817,-0.27324015,0.09338818,0.1673737,0.12384364,0.18831247,-0.32497722,-0.36489862,0.19858955,0.28433222,0.2069161,0.28989157,0.21626268,0.3000218,-0.38886026,-0.3937026,0.2587311,0.35090947
-0.14659771,1.3169465,-0.45836365,-0.03341135,-0.43485752,-0.18378547,-0.29239425,1.44,-0.4638409,-0.21404211,1.533236,-0.45816588,-0.21627119,0.046244558,-0.63370246,-0.09225239,-0.65133166,-0.69511765,0.5988122,0.62317413,-0.66495895,-0.70376,-0.6656494,-0.70341796,-0.6658082,-0.70350933,0.5789763,0.6023432,0.6023028,0.6280673,-0.6522975,-0.6876826,-0.63230735,-0.66235024,-0.6485578,-0.69114465,-0.59071505,-0.6450731,-0.60785794,-0.65642154,-0.6638135,-0.7000882,-0.5990299,-0.62577856,-0.32497722,-0.3849645,-0.6594294,-0.6924485,-0.61566925,-0.6657266,-0.6166105,-0.6660638,-0.4326163,-0.4479557,-0.58649915,-0.5987238
1.2066118,0.060158115,0.85619545,1.303044,2.57305,1.1284002,1.7320747,-0.33818287,0.23028965,1.1476794,-0.13228488,0.55473775,1.3230437,0.84146553,1.1126434,0.9153582,1.4296337,1.3876545,-1.5680165,-1.5531416,1.5599244,1.5247346,1.5786759,1.5454224,1.5800865,1.5469184,-1.5508878,-1.5382432,-1.6247256,-1.6059474,1.4695425,1.433214,1.8956733,1.8671267,1.7004248,1.651219,1.5185041,1.454264,1.7771144,1.7543162,1.6077914,1.5762947,0.89881617,0.8877083,0.8106101,0.74906224,1.5436167,1.5174221,1.2986357,1.2707748,1.292674,1.2610761,0.9483451,0.93565905,1.6643491,1.6125095
0.530007,0.24213451,-0.47352374,0.6348163,-0.005156449,0.47230738,-0.16178335,0.074013114,-0.48255652,0.11212747,0.06858304,-0.48673463,0.06978271,0.38794872,-0.63370246,0.579488,-0.65133166,-0.69511765,0.5988122,0.62317413,-0.66495895,-0.70376,-0.6656494,-0.70341796,-0.6658082,-0.70350933,0.5789763,0.6023432,0.6023028,0.6280673,-0.6522975,-0.6876826,-0.63230735,-0.66235024,-0.6485578,-0.69114465,-0.59071505,-0.6450731,-0.60785794,-0.65642154,-0.6638135,-0.7000882,-0.5990299,-0.62577856,-0.32497722,-0.3849645,-0.6594294,-0.6924485,-0.61566925,-0.6657266,-0.6166105,-0.6660638,-0.4326163,-0.4479557,-0.58649915,-0.5987238
-0.82320243,-0.74034923,-0.48738152,-1.3698667,-0.8645586,-0.8398783,-1.0107542,-0.7800913,-0.4942587,-1.0560184,-0.71310943,-0.49875104,-0.9833327,-1.053883,-0.63370246,-0.7639928,-0.65133166,-0.69511765,0.5988122,0.62317413,-0.66495895,-0.70376,-0.6656494,-0.70341796,-0.6658082,-0.70350933,0.5789763,0.6023432,0.6023028,0.6280673,-0.6522975,-0.6876826,-0.63230735,-0.66235024,-0.6485578,-0.69114465,-0.59071505,-0.6450731,-0.60785794,-0.65642154,-0.6638135,-0.7000882,-0.5990299,-0.62577856,-0.32497722,-0.3849645,-0.6594294,-0.6924485,-0.61566925,-0.6657266,-0.6166105,-0.6660638,-0.4326163,-0.4479557,-0.58649915,-0.5987238
1.2066118,0.30797356,-0.4725951,1.303044,0.42454463,1.1284002,0.75249296,0.48175934,-0.4769699,0.90281236,0.3939868,-0.47127327,0.8716353,1.3274851,-0.63370246,1.2512283,-0.65133166,-0.69511765,0.5988122,0.62317413,-0.66495895,-0.70376,-0.6656494,-0.70341796,-0.6658082,-0.70350933,0.5789763,0.6023432,0.6023028,0.6280673,-0.6522975,-0.6876826,-0.63230735,-0.66235024,-0.6485578,-0.69114465,-0.59071505,-0.6450731,-0.60785794,-0.65642154,-0.6638135,-0.7000882,-0.5990299,-0.62577856,-0.32497722,-0.3849645,-0.6594294,-0.6924485,-0.61566925,-0.6657266,-0.6166105,-0.6660638,-0.4326163,-0.4479557,-0.58649915,-0.5987238
0.530007,1.6813738,-0.3085145,0.6348163,0.42454463,0.47230738,0.4259657,1.2306541,-0.32116982,0.66522336,1.4802657,-0.2676564,0.5508677,0.7517191,0.32533425,0.579488,-0.18658161,0.2693336,-0.33053306,-0.39159772,-0.023132248,0.3838706,0.030400606,0.40387058,0.03390473,0.40403634,-0.34629261,-0.38378894,-0.29222474,-0.37803057,0.042717546,0.3184252,0.13958001,0.28679785,0.12461326,0.41597894,0.31161073,0.6232456,-0.006529679,0.19975847,0.09338818,0.42592388,-0.3189978,-0.06408262,-0.26520947,-0.31825054,0.11255435,0.4629165,-0.3575762,0.13174847,-0.35288978,0.14267005,0.75981534,0.7690454,0.35090008,0.35568544
-1.4998071,-0.9671475,-0.39375386,-1.3698667,-1.2942597,-1.4959712,-1.7291142,-0.89302987,-0.21747296,-1.7760704,-0.903838,-0.25181818,-1.7884402,-1.9115188,-0.6257966,-1.4357332,-0.0893205,-0.055653043,-0.4192769,-0.34982333,0.04183256,0.053155135,0.04334914,0.04399721,0.048716094,0.047892172,-0.51039696,-0.43760583,-0.46210527,-0.39459014,0.21851549,0.16427429,0.40745857,0.34289697,0.095143825,0.06611686,-0.089138836,-0.07416153,-0.0684486,-0.12484019,0.09338818,0.08170575,0.29967773,0.28696972,1.4680555,1.6602348,-0.005829999,-0.0212332,-0.18091358,-0.15304284,-0.18066396,-0.14582932,0.29614013,0.22379869,0.38840884,0.35098758
-0.82320243,-0.732024,-0.4872641,-0.701639,-0.8645586,-0.8398783,-0.55361605,-0.7370933,-0.47944713,-0.7875051,-0.72698206,-0.4905954,-0.7311987,-0.6106003,-0.63370246,-0.7639928,-0.65133166,-0.65825856,0.5988122,0.6068797,-0.66495895,-0.6724791,-0.6656494,-0.6724035,-0.6658082,-0.6725713,0.5789763,0.58972883,0.6023028,0.61235446,-0.6522975,-0.6571936,-0.63230735,-0.6404312,-0.6485578,-0.6551117,-0.59071505,-0.5981096,-0.60785794,-0.6054939,-0.6638135,-0.67092323,-0.5990299,-0.62577856,-0.32497722,-0.35973692,-0.6594294,-0.66419303,-0.61566925,-0.6219662,-0.6166105,-0.6223036,-0.4326163,-0.44752374,-0.58649915,-0.5880518
1.2066118,1.5289103,2.2834496,1.303044,1.2839468,1.5459139,1.5361583,1.6174009,2.3952026,1.3679281,1.5937825,2.4616816,1.2820805,1.2354896,0.8679522,1.2512283,1.1767638,1.3288833,-0.16290578,-0.19981118,1.0123944,1.1263753,0.9497468,1.0597068,0.93776757,1.0470805,-0.07045776,-0.092744626,-0.19932128,-0.23484191,0.48425648,0.5822902,0.38364717,0.43926015,0.45225987,0.53812903,-0.015526538,0.15219626,0.1535842,0.27106678,0.8505898,0.9495421,0.6708831,0.7371737,-0.32497722,-0.3609142,1.0239627,1.127425,1.2793133,1.4843884,1.303438,1.4989506,-0.16860512,-0.16845834,0.44964117,0.4357847
-0.14659771,0.35562775,-0.47192293,-0.03341135,-0.43485752,-0.18378547,-0.42300516,-0.19864985,-0.42878848,-0.37594113,0.18791315,-0.41824022,-0.29803574,-0.19510974,-0.5827715,-0.09225239,-0.65133166,-0.53448194,0.5988122,0.5371134,-0.66495895,-0.5617334,-0.6656494,-0.56732464,-0.6658082,-0.56790274,0.5789763,0.52863306,0.6023028,0.5420763,-0.6522975,-0.55506015,-0.63230735,-0.5480817,-0.6485578,-0.54495424,-0.59071505,-0.42055032,-0.60785794,-0.47009185,-0.6638135,-0.57513475,-0.5990299,-0.5763337,-0.32497722,-0.34685987,-0.6594294,-0.5725517,-0.61566925,-0.48299545,-0.6166105,-0.48466322,-0.4326163,-0.44187313,-0.58649915,-0.5469929
0.530007,-0.39824638,-0.48255622,0.6348163,-0.005156449,0.47230738,0.09943845,-0.41140974,-0.2935309,0.29663795,-0.4118544,-0.26337186,0.35124546,0.41240188,-0.16193704,0.579488,-0.65133166,-0.2914448,0.5988122,-0.23952812,-0.66495895,-0.2065913,-0.6656494,-0.1589183,-0.6658082,-0.15314767,0.5789763,-0.30489275,0.6023028,-0.22927155,-0.6522975,-0.047561195,-0.63230735,0.033136714,-0.6485578,0.1168638,-0.59071505,0.22866444,-0.60785794,0.1477813,-0.6638135,-0.07809752,-0.5990299,0.11754734,-0.32497722,1.9285196,-0.6594294,-0.18892834,-0.61566925,-0.3845954,-0.6166105,-0.39461148,-0.4326163,0.7161575,-0.58649915,-0.08908438
-0.14659771,-0.35149455,-0.48189682,-0.03341135,-0.43485752,-0.18378547,-0.29239425,-0.29784957,-0.43931055,-0.3103973,-0.29245967,-0.44035447,-0.32580924,-0.1793488,-0.5378333,-0.09225239,-0.65133166,-0.5347616,0.5988122,0.565248,-0.66495895,-0.5725932,-0.6656494,-0.5756552,-0.6658082,-0.57634807,0.5789763,0.5620807,0.6023028,0.5730747,-0.6522975,-0.5676595,-0.63230735,-0.5782237,-0.6485578,-0.5529234,-0.59071505,-0.48727676,-0.60785794,-0.48232487,-0.6638135,-0.5837414,-0.5990299,-0.51742727,-0.32497722,-0.3572099,-0.6594294,-0.57706505,-0.61566925,-0.46535584,-0.6166105,-0.46778345,-0.4326163,-0.44698396,-0.58649915,-0.57956034
-1.4998071,-0.95733786,-0.37266716,-1.3698667,-1.2942597,-1.4959712,-1.0107542,-0.95479864,-0.34644955,-1.1231546,-0.9538905,-0.35888863,-1.1053154,-1.3617544,0.1469806,-1.4357332,0.33100823,0.4185017,0.16741854,0.13793916,0.1904478,0.26079756,0.1614715,0.22935088,0.15869042,0.22636849,0.2437845,0.22516862,0.18025571,0.15311344,0.19398548,0.27048025,-0.027100055,0.019905126,0.23418596,0.3134789,0.5096108,0.6316296,0.56862104,0.70437974,0.09338818,0.1535324,0.29967773,0.37978905,-0.14567396,-0.16661516,0.08348079,0.14181544,0.56576204,0.68734795,0.54860455,0.66670614,-0.41225657,-0.42485848,-0.35503462,-0.3418919
1.2066118,-0.021282969,-0.47723922,0.6348163,0.42454463,1.1284002,1.0790203,0.29168612,-0.4032509,0.9250586,0.23329197,-0.4477131,0.9961218,1.2991027,-0.63370246,1.2512283,-0.65133166,-0.63788855,0.5988122,0.5547892,-0.66495895,-0.64287174,-0.6656494,-0.6401522,-0.6658082,-0.6399724,0.5789763,0.5333947,0.6023028,0.557723,-0.6522975,-0.6210079,-0.63230735,-0.5884058,-0.6485578,-0.60815805,-0.59071505,-0.5476624,-0.60785794,-0.5747201,-0.6638135,-0.6332736,-0.5990299,-0.54466414,-0.32497722,-0.18054633,-0.6594294,-0.63675463,-0.61566925,-0.6100568,-0.6166105,-0.61111206,-0.4326163,-0.40275612,-0.58649915,-0.54061717
-0.82320243,-0.36142024,-0.48203677,-0.701639,-0.8645586,-0.8398783,-0.7495324,-0.3995552,-0.4890449,-0.82323974,-0.40706852,-0.49212307,-0.80143,-0.6809966,-0.63370246,-0.7639928,-0.65133166,-0.69511765,0.5988122,0.62317413,-0.66495895,-0.70376,-0.6656494,-0.70341796,-0.6658082,-0.70350933,0.5789763,0.6023432,0.6023028,0.6280673,-0.6522975,-0.6876826,-0.63230735,-0.66235024,-0.6485578,-0.69114465,-0.59071505,-0.6450731,-0.60785794,-0.65642154,-0.6638135,-0.7000882,-0.5990299,-0.62577856,-0.32497722,-0.3849645,-0.6594294,-0.6924485,-0.61566925,-0.6657266,-0.6166105,-0.6660638,-0.4326163,-0.4479557,-0.58649915,-0.5987238
-0.82320243,0.066071995,-0.4760071,-0.701639,-0.8645586,-0.8398783,-0.4883106,0.3386176,-0.4789311,-0.65601647,0.34282422,-0.48296267,-0.6343834,-0.48968,-0.63370246,-0.7639928,-0.65133166,-0.69511765,0.5988122,0.62317413,-0.66495895,-0.70376,-0.6656494,-0.70341796,-0.6658082,-0.70350933,0.5789763,0.6023432,0.6023028,0.6280673,-0.6522975,-0.6876826,-0.63230735,-0.66235024,-0.6485578,-0.69114465,-0.59071505,-0.6450731,-0.60785794,-0.65642154,-0.6638135,-0.7000882,-0.5990299,-0.62577856,-0.32497722,-0.3849645,-0.6594294,-0.6924485,-0.61566925,-0.6657266,-0.6166105,-0.6660638,-0.4326163,-0.4479557,-0.58649915,-0.5987238
0.530007,2.623974,7.325661,0.6348163,1.7136478,1.4266243,0.9484093,2.90448,7.711937,0.9566701,2.872908,7.8289638,0.96863705,-0.06367846,2.4028027,0.579488,2.7608123,2.9863644,-1.2056459,-1.3078095,2.5141907,2.7070496,2.4932654,2.6860766,2.4791358,2.6711638,-0.9433529,-1.0268703,-1.1602085,-1.2584869,1.8988163,2.0571415,1.3996017,1.5155779,1.5118203,1.648294,0.58952165,0.6578132,0.66562116,0.7458123,2.364993,2.5485256,2.2924643,2.454042,-0.32497722,-0.3849645,2.7726462,2.9745488,2.6746721,2.9214678,2.7148821,2.9609478,-0.2575921,-0.25984782,2.794422,2.9618616
-1.4998071,-0.8985951,-0.24639471,-1.3698667,-0.8645586,-1.4959712,-1.271976,-0.919745,-0.27325574,-1.2288873,-0.9082025,-0.34714553,-1.34965,-1.3953034,-0.028840613,-1.4357332,-0.16274494,-0.2352156,-0.45378843,-0.35969728,-0.059851523,-0.13733867,-0.0030277472,-0.08307279,0.0039117406,-0.07648554,-0.52785486,-0.43126523,-0.44352466,-0.34869367,0.12448399,0.041603897,0.21498287,0.13001387,0.32580915,0.22941454,0.44316924,0.35037085,0.34641287,0.2598019,0.09338818,0.008542064,0.31270248,0.22108816,2.2450361,2.250774,-0.04409903,-0.11879101,-0.2789061,-0.3454355,-0.29099613,-0.3567998,0.98174787,0.8783114,0.04521944,-0.018094687
0.530007,0.16513567,-0.47460976,0.6348163,-0.005156449,0.47230738,0.1647439,0.09341172,-0.34859267,0.2322742,0.08824018,-0.36290327,0.20026796,0.5253554,-0.50712115,0.579488,-0.65133166,-0.5401741,0.5988122,0.50563806,-0.66495895,-0.55994636,-0.6656494,-0.5574891,-0.6658082,-0.5573532,0.5789763,0.49588683,0.6023028,0.50839674,-0.6522975,-0.5288379,-0.63230735,-0.50235534,-0.6485578,-0.5146941,-0.59071505,-0.40567568,-0.60785794,-0.42859834,-0.6638135,-0.55615026,-0.5990299,-0.5176698,-0.32497722,-0.2993991,-0.6594294,-0.5573399,-0.61566925,-0.48855108,-0.6166105,-0.4914628,-0.4326163,-0.43426988,-0.58649915,-0.4952414
0.530007,-0.5882849,-0.48523667,0.6348163,-0.005156449,0.47230738,0.6218821,-0.5686283,-0.4571659,0.3764581,-0.5619342,-0.4666277,0.4675554,0.6748077,-0.56561655,0.579488,-0.65133166,-0.6054239,0.5988122,0.5599941,-0.66495895,-0.61214626,-0.6656494,-0.60830075,-0.6658082,-0.6081353,0.5789763,0.5430752,0.6023028,0.55864036,-0.6522975,-0.5903248,-0.63230735,-0.5660095,-0.6485578,-0.566448,-0.59071505,-0.48576888,-0.60785794,-0.5144583,-0.6638135,-0.60193884,-0.5990299,-0.4997173,-0.32497722,-0.2610851,-0.6594294,-0.60515213,-0.61566925,-0.55564815,-0.6166105,-0.55769765,-0.4326163,-0.4322567,-0.58649915,-0.5397128
-0.14659771,-0.3825812,0.8040475,-0.701639,0.8542457,-0.18378547,0.09943845,-0.6574005,0.18299043,0.016411625,-0.6834778,0.13212043,-0.040292516,-0.53394824,1.2951082,-0.09225239,1.2425789,0.8156256,-1.7800158,-1.3952546,1.5108206,1.060424,1.5432655,1.0985329,1.5467609,1.1026866,-1.8092649,-1.4417566,-1.7999151,-1.4042586,1.4695425,1.0581933,1.7905061,1.3003079,1.4566321,1.1358061,0.86631954,0.6048457,1.0898142,0.8606254,1.6077914,1.1727743,1.1983854,0.84548414,-0.08590619,-0.0893899,1.6142694,1.1484711,0.8652604,0.4802275,0.87152785,0.48188692,1.5172026,1.392138,2.1165385,1.576589
-0.14659771,-0.41498694,-0.48279238,-0.03341135,-0.43485752,-0.18378547,-0.4883106,-0.58394873,-0.4908858,-0.30772647,-0.50806016,-0.48285097,-0.3612244,-0.11335881,-0.5104592,-0.09225239,-0.65133166,-0.23293537,0.5988122,0.07955618,-0.66495895,-0.22373636,-0.6656494,-0.19896895,-0.6658082,-0.19644164,0.5789763,0.06281428,0.6023028,0.06868509,-0.6522975,-0.13338743,-0.63230735,-0.028702194,-0.6485578,-0.025222411,-0.59071505,0.22419782,-0.60785794,0.05089762,-0.6638135,-0.1671032,-0.5990299,0.0020794256,-0.32497722,1.2286404,-0.6594294,-0.24069896,-0.61566925,-0.19971977,-0.6166105,-0.20853728,-0.4326163,-0.13512845,-0.58649915,-0.125888
-0.14659771,-0.563649,0.47359985,-1.3698667,0.8542457,-0.004851055,0.4259657,-0.4786011,0.6478772,0.60217005,-0.5095316,0.5918656,0.4979772,0.032512587,1.732824,-0.42812258,1.8129125,1.7005721,-1.6740161,-1.5711527,1.7665517,1.6472261,1.7012906,1.5854875,1.706847,1.5910939,-1.5962785,-1.4982318,-1.653924,-1.5505916,2.295384,2.1740394,1.8202705,1.7084004,2.1084423,1.999609,2.998569,2.92368,2.7297294,2.6527524,1.6077914,1.4959064,-0.0064038453,-0.04636578,0.7508424,0.75475156,1.3960991,1.2869676,1.846566,1.752885,1.8537532,1.7568737,0.36748588,0.3279655,1.3339832,1.225159
-0.14659771,-0.23331761,-0.4802299,-0.03341135,-0.43485752,-0.18378547,-0.03117245,-0.13371396,-0.4854026,-0.27584276,-0.13266766,-0.48974633,-0.15805787,-0.10801774,-0.63370246,-0.09225239,-0.65133166,-0.69511765,0.5988122,0.62317413,-0.66495895,-0.70376,-0.6656494,-0.70341796,-0.6658082,-0.70350933,0.5789763,0.6023432,0.6023028,0.6280673,-0.6522975,-0.6876826,-0.63230735,-0.66235024,-0.6485578,-0.69114465,-0.59071505,-0.6450731,-0.60785794,-0.65642154,-0.6638135,-0.7000882,-0.5990299,-0.62577856,-0.32497722,-0.3849645,-0.6594294,-0.6924485,-0.61566925,-0.6657266,-0.6166105,-0.6660638,-0.4326163,-0.4479557,-0.58649915,-0.5987238
-1.4998071,-0.96440345,-0.4905418,-1.3698667,-1.2942597,-1.4959712,-1.5331979,-0.9790597,-0.49698478,-1.6025927,-0.9727363,-0.5023961,-1.5579615,-1.6562191,-0.63370246,-1.4357332,-0.65133166,-0.69511765,0.5988122,0.62317413,-0.66495895,-0.70376,-0.6656494,-0.70341796,-0.6658082,-0.70350933,0.5789763,0.6023432,0.6023028,0.6280673,-0.6522975,-0.6876826,-0.63230735,-0.66235024,-0.6485578,-0.69114465,-0.59071505,-0.6450731,-0.60785794,-0.65642154,-0.6638135,-0.7000882,-0.5990299,-0.62577856,-0.32497722,-0.3849645,-0.6594294,-0.6924485,-0.61566925,-0.6657266,-0.6166105,-0.6660638,-0.4326163,-0.4479557,-0.58649915,-0.5987238
-1.4998071,-0.95865107,-0.49046066,-1.3698667,-1.2942597,-1.4959712,-1.3372815,-0.9602629,-0.49672726,-1.3520306,-0.9570992,-0.5021765,-1.2970662,-1.3196889,-0.63370246,-1.4357332,-0.65133166,-0.69511765,0.5988122,0.62317413,-0.66495895,-0.70376,-0.6656494,-0.70341796,-0.6658082,-0.70350933,0.5789763,0.6023432,0.6023028,0.6280673,-0.6522975,-0.6876826,-0.63230735,-0.66235024,-0.6485578,-0.69114465,-0.59071505,-0.6450731,-0.60785794,-0.65642154,-0.6638135,-0.7000882,-0.5990299,-0.62577856,-0.32497722,-0.3849645,-0.6594294,-0.6924485,-0.61566925,-0.6657266,-0.6166105,-0.6660638,-0.4326163,-0.4479557,-0.58649915,-0.5987238
1.2066118,4.8937984,-0.4079126,1.303044,0.42454463,1.1284002,0.9484093,5.3555207,-0.2730116,0.9141636,5.279452,-0.29069299,0.92830676,1.3257104,-0.6183988,1.2512283,-0.65133166,-0.6587595,0.5988122,0.6193761,-0.66495895,-0.6757106,-0.6656494,-0.67779756,-0.6658082,-0.678204,0.5789763,0.6012266,0.6023028,0.6233594,-0.6522975,-0.67178977,-0.63230735,-0.6522405,-0.6485578,-0.67952985,-0.59071505,-0.63964254,-0.60785794,-0.65028936,-0.6638135,-0.67802715,-0.5990299,-0.6052518,-0.32497722,-0.3849645,-0.6594294,-0.66727746,-0.61566925,-0.62408423,-0.6166105,-0.6248067,-0.4326163,-0.4479557,-0.58649915,-0.5979304
0.530007,-0.6856301,-0.48660973,0.6348163,-0.005156449,0.47230738,0.2953548,-0.6803538,-0.4928922,0.28266907,-0.6732326,-0.4981912,0.3201669,0.5918591,-0.63370246,0.579488,-0.65133166,-0.69511765,0.5988122,0.62317413,-0.66495895,-0.70376,-0.6656494,-0.70341796,-0.6658082,-0.70350933,0.5789763,0.6023432,0.6023028,0.6280673,-0.6522975,-0.6876826,-0.63230735,-0.66235024,-0.6485578,-0.69114465,-0.59071505,-0.6450731,-0.60785794,-0.65642154,-0.6638135,-0.7000882,-0.5990299,-0.62577856,-0.32497722,-0.3849645,-0.6594294,-0.6924485,-0.61566925,-0.6657266,-0.6166105,-0.6660638,-0.4326163,-0.4479557,-0.58649915,-0.5987238
1.2066118,1.5509609,2.1320937,1.303044,1.7136478,1.3073347,1.7320747,1.9548832,2.5528235,1.6917872,1.7508969,2.1831827,1.588366,1.3132586,1.6429224,1.2512283,1.1576331,1.5197482,-1.7553648,-2.0569267,1.4134818,1.762215,1.4916034,1.8197509,1.4961556,1.8240172,-1.7883154,-2.090944,-1.7415187,-2.0565007,1.3877759,1.7174408,1.4769889,1.8441858,1.5581676,1.8350047,1.6502427,1.8704023,1.4470612,1.7296834,1.6077914,1.9177258,1.5370289,1.7118962,0.9899134,1.1524215,1.5464338,1.8473943,0.8307559,1.1941125,0.86883694,1.219702,1.6966226,1.7937263,2.049696,2.2631493
-0.14659771,-0.15717927,-0.479156,-0.03341135,-0.43485752,-0.18378547,-0.35769972,-0.19548544,-0.48624894,-0.5089657,-0.19907339,-0.4915343,-0.47746876,-0.3599388,-0.63370246,-0.09225239,-0.65133166,-0.69511765,0.5988122,0.62317413,-0.66495895,-0.70376,-0.6656494,-0.70341796,-0.6658082,-0.70350933,0.5789763,0.6023432,0.6023028,0.6280673,-0.6522975,-0.6876826,-0.63230735,-0.66235024,-0.6485578,-0.69114465,-0.59071505,-0.6450731,-0.60785794,-0.65642154,-0.6638135,-0.7000882,-0.5990299,-0.62577856,-0.32497722,-0.3849645,-0.6594294,-0.6924485,-0.61566925,-0.6657266,-0.6166105,-0.6660638,-0.4326163,-0.4479557,-0.58649915,-0.5987238
-0.14659771,-0.5283762,-0.4843917,-0.03341135,-0.43485752,-0.18378547,-0.29239425,-0.4507182,-0.48974591,-0.2595006,-0.4616832,-0.49189556,-0.28627348,-0.02575155,-0.63370246,-0.09225239,-0.65133166,-0.69511765,0.5988122,0.62317413,-0.66495895,-0.70376,-0.6656494,-0.70341796,-0.6658082,-0.70350933,0.5789763,0.6023432,0.6023028,0.6280673,-0.6522975,-0.6876826,-0.63230735,-0.66235024,-0.6485578,-0.69114465,-0.59071505,-0.6450731,-0.60785794,-0.65642154,-0.6638135,-0.7000882,-0.5990299,-0.62577856,-0.32497722,-0.3849645,-0.6594294,-0.6924485,-0.61566925,-0.6657266,-0.6166105,-0.6660638,-0.4326163,-0.4479557,-0.58649915,-0.5987238
-0.14659771,-1.0113147,-0.49120352,-0.03341135,-0.43485752,-0.18378547,-0.4883106,-0.96308804,-0.3663035,-0.32821304,-0.9052718,-0.25594255,-0.18055113,-0.22192524,-0.49269256,-0.09225239,-0.65133166,-0.30104008,0.5988122,0.39732474,-0.66495895,-0.35857153,-0.6656494,-0.3721509,-0.6658082,-0.3732933,0.5789763,0.4081394,0.6023028,0.40498886,-0.6522975,-0.35557342,-0.63230735,-0.36651874,-0.6485578,-0.3244125,-0.59071505,-0.08235344,-0.60785794,-0.1754889,-0.6638135,-0.39644337,-0.5990299,-0.50754035,-0.32497722,-0.28012267,-0.6594294,-0.40423867,-0.61566925,-0.21701892,-0.6166105,-0.22155276,-0.4326163,-0.4312012,-0.58649915,-0.46104854
-0.14659771,-0.49501938,0.50357944,-0.701639,0.8542457,-0.18378547,-0.0964779,-0.73065937,0.028834129,-0.20325737,-0.7273414,0.038819216,-0.2452284,-0.66759765,1.0695045,-0.09225239,1.1415018,0.55017054,-1.8219225,-1.0589162,1.4452038,0.7564318,1.5141973,0.79421824,1.5192366,0.7978103,-1.8337059,-1.096198,-1.8105327,-1.0605078,1.4409242,0.7596792,1.7289932,0.961567,1.4534172,0.82763267,0.8705235,0.39819962,1.042723,0.5948437,1.6077914,0.8603481,1.2048976,0.59771556,-0.08590619,-0.14259572,1.6441915,0.8493454,0.75346595,0.27738446,0.7759965,0.2824378,1.5930598,1.0846014,2.2761912,1.2337879
1.2066118,-0.48000398,-0.4837094,1.303044,0.42454463,1.1284002,0.75249296,-0.42455477,-0.48703316,0.88653344,-0.44543055,-0.49112228,0.77082664,1.2882968,-0.62398547,1.2512283,-0.65133166,-0.6816215,0.5988122,0.6144728,-0.66495895,-0.6911242,-0.6656494,-0.69138545,-0.6658082,-0.6915283,0.5789763,0.59429795,0.6023028,0.6195977,-0.6522975,-0.67675483,-0.63230735,-0.65416145,-0.6485578,-0.6805157,-0.59071505,-0.6353595,-0.60785794,-0.64559656,-0.6638135,-0.68887997,-0.5990299,-0.6098006,-0.32497722,-0.3849645,-0.6594294,-0.6811351,-0.61566925,-0.65252185,-0.6166105,-0.6527029,-0.4326163,-0.44551852,-0.58649915,-0.5884705
1.8832164,1.3400725,1.51412,1.9712716,1.2839468,2.0230722,1.927991,1.7183168,1.769526,2.091372,1.6387272,1.7210444,2.1158838,2.4156408,0.0930822,1.9229687,0.5563291,0.7399473,0.45090583,0.44219312,0.2845274,0.41989574,0.20679139,0.32929337,0.1963359,0.31718385,0.523111,0.52928054,0.42445907,0.4122475,-0.08810883,-0.012644762,-0.28108868,-0.24397309,-0.23786089,-0.19594271,-0.43318906,-0.44629246,-0.4261297,-0.42665607,0.09338818,0.19634818,0.18896736,0.30043837,-0.32497722,-0.3849645,0.21252887,0.33414784,0.74656516,0.9678462,0.7342855,0.95184594,-0.4326163,-0.44520944,-0.54305947,-0.5400244
-0.82320243,-0.55447763,0.49331447,-0.701639,-0.005156449,-0.4820095,0.1647439,-0.5894158,0.41648993,0.0311777,-0.56958324,0.46337846,0.071745165,-0.5719182,1.4237483,-0.7639928,0.9848057,1.3129848,-0.95420504,-1.2624433,0.9537305,1.2713952,0.910637,1.2201958,0.9151802,1.2258385,-0.9119287,-1.2075082,-0.9372402,-1.2418449,1.3673344,1.7772431,1.0305246,1.3611684,1.1914071,1.5743549,1.7837886,2.3369658,1.5992419,2.1077468,0.8505898,1.1471373,-0.0064038453,0.06849599,0.39223585,0.5737413,0.7091707,0.9707538,1.0184599,1.3608667,1.0168434,1.3576524,0.11735632,0.22225378,0.7032262,0.9452346
0.530007,-0.7972031,-0.4881835,0.6348163,-0.005156449,0.47230738,0.1647439,-0.8153524,-0.49474183,0.17173748,-0.811098,-0.5001268,0.14658079,0.48596096,-0.63370246,0.579488,-0.65133166,-0.69511765,0.5988122,0.62317413,-0.66495895,-0.70376,-0.6656494,-0.70341796,-0.6658082,-0.70350933,0.5789763,0.6023432,0.6023028,0.6280673,-0.6522975,-0.6876826,-0.63230735,-0.66235024,-0.6485578,-0.69114465,-0.59071505,-0.6450731,-0.60785794,-0.65642154,-0.6638135,-0.7000882,-0.5990299,-0.62577856,-0.32497722,-0.3849645,-0.6594294,-0.6924485,-0.61566925,-0.6657266,-0.6166105,-0.6660638,-0.4326163,-0.4479557,-0.58649915,-0.5987238
-0.82320243,-0.70887125,-0.0008741482,-0.701639,-0.8645586,-0.8398783,0.09943845,-0.6978363,0.018530086,-0.2513685,-0.6941603,0.022096062,-0.20259848,-0.7068953,1.0299815,-0.7639928,1.1562423,1.2610732,-0.52034634,-0.5782692,0.99240524,1.0799068,0.9373267,1.0219539,0.92542475,1.0093138,-0.44056532,-0.49225652,-0.5072298,-0.5633035,0.42701998,0.47739297,0.57810724,0.6390511,0.5655832,0.62769043,0.3714573,0.42003736,0.45749924,0.5196413,0.8505898,0.92934287,1.7324,1.8639297,-0.32497722,-0.3849645,0.96041775,1.0437667,1.1371552,1.250977,1.1648499,1.2792839,-0.20970051,-0.20764439,0.82184386,0.8894544
1.2066118,-0.25344396,0.73571527,1.303044,0.42454463,1.1284002,2.9728782,-0.17553021,0.83596873,2.4952753,-0.18053949,0.8468013,2.616749,1.4523321,3.5304167,1.2512283,3.867603,4.3630686,-2.1990843,-2.483529,3.4784515,3.908355,3.341791,3.7579691,3.3122737,3.725428,-1.9698776,-2.2281013,-2.1715288,-2.4525898,2.0459962,2.3247933,2.3937292,2.7027798,2.3867948,2.7190042,1.814716,2.108983,2.055535,2.384464,3.1221948,3.5132349,5.2295446,5.812134,-0.32497722,-0.3849645,3.3901887,3.7970047,3.766392,4.290302,3.8370407,4.3640404,0.12467314,0.17346488,2.9343584,3.249486
-1.4998071,0.15915671,-0.47469416,-1.3698667,-1.2942597,-1.4959712,-1.4678924,0.12996036,-0.48178995,-1.404123,0.18499947,-0.39692205,-1.4187135,-1.355167,-0.63370246,-1.4357332,-0.65133166,-0.69511765,0.5988122,0.62317413,-0.66495895,-0.70376,-0.6656494,-0.70341796,-0.6658082,-0.70350933,0.5789763,0.6023432,0.6023028,0.6280673,-0.6522975,-0.6876826,-0.63230735,-0.66235024,-0.6485578,-0.69114465,-0.59071505,-0.6450731,-0.60785794,-0.65642154,-0.6638135,-0.7000882,-0.5990299,-0.62577856,-0.32497722,-0.3849645,-0.6594294,-0.6924485,-0.61566925,-0.6657266,-0.6166105,-0.6660638,-0.4326163,-0.4479557,-0.58649915,-0.5987238
-0.14659771,0.2873603,-0.26883528,-0.03341135,-0.43485752,-0.18378547,-0.29239425,-0.2456903,-0.29340684,-0.37451553,-0.17159118,-0.28817508,-0.31927258,-0.4987227,0.02866495,-0.09225239,-0.063814744,0.1532261,0.01458189,0.022693604,0.0444399,0.22814457,0.048237856,0.21294267,0.054764085,0.21719705,-0.056491446,-0.032163236,-0.09580026,-0.0956508,0.31254685,0.4063527,0.28840142,0.31048065,0.21677224,0.33170235,-0.15681769,-0.01714788,0.012005548,0.10007139,0.09338818,0.23287946,0.13035597,0.21061485,0.9301457,0.99149215,-0.0049215024,0.1496026,0.004030129,0.2444737,0.010399031,0.25408605,-0.2956509,-0.3149253,0.08593414,0.045526125
-0.14659771,1.3169465,-0.45836365,-0.03341135,-0.43485752,-0.18378547,-0.4883106,1.2960584,-0.45217493,-0.34090474,1.2428355,-0.44101554,-0.3966419,-0.11960207,-0.6263743,-0.09225239,-0.65133166,-0.67480725,0.5988122,0.6114901,-0.66495895,-0.6857912,-0.6656494,-0.6861799,-0.6658082,-0.68633825,0.5789763,0.5922085,0.6023028,0.61642575,-0.6522975,-0.6711173,-0.63230735,-0.64666516,-0.6485578,-0.6717483,-0.59071505,-0.6164539,-0.60785794,-0.63013196,-0.6638135,-0.68424225,-0.5990299,-0.62577856,-0.32497722,-0.3808525,-0.6594294,-0.67743707,-0.61566925,-0.6432128,-0.6166105,-0.64371675,-0.4326163,-0.44694844,-0.58649915,-0.5904381
-0.14659771,-0.6035281,-0.4854517,-0.03341135,-0.43485752,-0.18378547,-0.29239425,-0.5646423,-0.49130684,-0.2825485,-0.5683417,-0.48529956,-0.22048153,-0.098599404,-0.63370246,-0.09225239,-0.65133166,-0.69511765,0.5988122,0.62317413,-0.66495895,-0.70376,-0.6656494,-0.70341796,-0.6658082,-0.70350933,0.5789763,0.6023432,0.6023028,0.6280673,-0.6522975,-0.6876826,-0.63230735,-0.66235024,-0.6485578,-0.69114465,-0.59071505,-0.6450731,-0.60785794,-0.65642154,-0.6638135,-0.7000882,-0.5990299,-0.62577856,-0.32497722,-0.3849645,-0.6594294,-0.6924485,-0.61566925,-0.6657266,-0.6166105,-0.6660638,-0.4326163,-0.4479557,-0.58649915,-0.5987238
-0.82320243,-0.7734257,-0.4878481,-0.701639,-0.8645586,-0.8398783,-1.0760597,-0.8077993,-0.49463832,-0.9971339,-0.7902288,-0.4998338,-1.0051898,-0.888551,-0.63370246,-0.7639928,-0.65133166,-0.69511765,0.5988122,0.62317413,-0.66495895,-0.70376,-0.6656494,-0.70341796,-0.6658082,-0.70350933,0.5789763,0.6023432,0.6023028,0.6280673,-0.6522975,-0.6876826,-0.63230735,-0.66235024,-0.6485578,-0.69114465,-0.59071505,-0.6450731,-0.60785794,-0.65642154,-0.6638135,-0.7000882,-0.5990299,-0.62577856,-0.32497722,-0.3849645,-0.6594294,-0.6924485,-0.61566925,-0.6657266,-0.6166105,-0.6660638,-0.4326163,-0.4479557,-0.58649915,-0.5987238
-0.82320243,-0.9129873,-0.48981658,-0.701639,-0.8645586,-0.8398783,-1.0107542,-0.90727204,-0.49600127,-0.73252887,-0.905175,-0.49884173,-0.84051174,-0.5227288,-0.63370246,-0.7639928,-0.65133166,-0.69511765,0.5988122,0.62317413,-0.66495895,-0.70376,-0.6656494,-0.70341796,-0.6658082,-0.70350933,0.5789763,0.6023432,0.6023028,0.6280673,-0.6522975,-0.6876826,-0.63230735,-0.66235024,-0.6485578,-0.69114465,-0.59071505,-0.6450731,-0.60785794,-0.65642154,-0.6638135,-0.7000882,-0.5990299,-0.62577856,-0.32497722,-0.3849645,-0.6594294,-0.6924485,-0.61566925,-0.6657266,-0.6166105,-0.6660638,-0.4326163,-0.4479557,-0.58649915,-0.5987238
1.2066118,-0.8587137,-0.40369684,1.303044,0.8542457,1.1284002,1.1443256,-0.8197921,-0.37089205,1.0211257,-0.8000006,-0.3164543,1.1177661,1.2910796,-0.27388358,1.2512283,0.44114617,-0.092162505,0.3670922,0.5006072,0.2504154,-0.20334728,0.18419752,-0.23917918,0.17658745,-0.24333745,0.41836354,0.5187391,0.35279068,0.49517724,-0.014519027,-0.33782107,-0.35847583,-0.51217264,-0.22634104,-0.46082872,-0.38300586,-0.5288885,-0.36902604,-0.52350885,0.09338818,-0.28725758,0.19547977,-0.18938282,-0.32497722,-0.3849645,0.19994783,-0.22536144,0.5561008,-0.008522998,0.55264115,-0.011579702,-0.43082324,-0.4470897,-0.3507067,-0.48208362
-0.14659771,0.8072482,3.4204571,-1.3698667,0.8542457,0.05479375,0.9484093,1.0547507,3.6412656,0.40371147,0.8965791,3.2707896,0.3857633,-0.21435286,1.6040902,-0.09225239,3.0900145,3.0996501,0.15016277,0.17215672,2.2321692,2.2211106,1.9762487,1.9656974,1.943088,1.9324561,0.40439722,0.42808232,0.06877159,0.09130102,0.9912086,0.97756475,0.38960007,0.3700879,0.5626363,0.5468578,-0.042359017,-0.08305349,0.09036664,0.05241132,1.6077914,1.5955309,1.3872442,1.392515,-0.32497722,-0.3849645,1.9376266,1.9238051,3.6062913,3.659791,3.57332,3.6205258,-0.4326163,-0.4479557,-0.4824684,-0.49208444
-0.82320243,-0.90486795,-0.48970208,-0.701639,-0.8645586,-0.8398783,-0.7495324,-0.9376454,-0.4964174,-1.0670443,-0.9357177,-0.50187635,-1.079884,-0.9643454,-0.63370246,-0.7639928,-0.65133166,-0.69511765,0.5988122,0.62317413,-0.66495895,-0.70376,-0.6656494,-0.70341796,-0.6658082,-0.70350933,0.5789763,0.6023432,0.6023028,0.6280673,-0.6522975,-0.6876826,-0.63230735,-0.66235024,-0.6485578,-0.69114465,-0.59071505,-0.6450731,-0.60785794,-0.65642154,-0.6638135,-0.7000882,-0.5990299,-0.62577856,-0.32497722,-0.3849645,-0.6594294,-0.6924485,-0.61566925,-0.6657266,-0.6166105,-0.6660638,-0.4326163,-0.4479557,-0.58649915,-0.5987238
1.2066118,-0.531132,0.5434978,0.6348163,2.143349,1.1284002,1.6014638,-0.3849077,0.56997615,1.1636267,-0.4199285,0.34705368,0.9631094,0.7201704,1.5979203,1.2512283,1.8617542,1.1878372,-4.7110276,-3.2763677,2.416852,1.580309,2.6759984,1.7705312,2.7125378,1.7971117,-5.0005693,-3.4965398,-4.6772676,-3.2551036,3.436026,2.3157098,3.6954212,2.5451245,4.1967545,2.90723,4.657156,3.3219767,4.1292205,2.9333222,3.1221948,2.0983346,3.9466069,2.6243224,11.628574,9.172847,2.419168,1.5765697,1.1136923,0.6543124,1.0599,0.61193144,6.6414027,4.7361603,2.565682,1.6880138
-0.82320243,-0.6523973,-0.486141,-0.701639,-0.8645586,-0.8398783,-0.88014334,-0.49499413,-0.49035257,-0.9193261,-0.536496,-0.49415573,-0.8636553,-0.80453336,-0.63370246,-0.7639928,-0.65133166,-0.69511765,0.5988122,0.62317413,-0.66495895,-0.70376,-0.6656494,-0.70341796,-0.6658082,-0.70350933,0.5789763,0.6023432,0.6023028,0.6280673,-0.6522975,-0.6876826,-0.63230735,-0.66235024,-0.6485578,-0.69114465,-0.59071505,-0.6450731,-0.60785794,-0.65642154,-0.6638135,-0.7000882,-0.5990299,-0.62577856,-0.32497722,-0.3849645,-0.6594294,-0.6924485,-0.61566925,-0.6657266,-0.6166105,-0.6660638,-0.4326163,-0.4479557,-0.58649915,-0.5987238
1.2066118,-0.5541001,-0.4847545,1.303044,0.42454463,1.1284002,0.88310385,-0.5309527,-0.4908452,1.097067,-0.52812326,-0.48883,1.0632551,1.6067379,-0.63370246,1.2512283,-0.65133166,-0.69511765,0.5988122,0.62317413,-0.66495895,-0.70376,-0.6656494,-0.70341796,-0.6658082,-0.70350933,0.5789763,0.6023432,0.6023028,0.6280673,-0.6522975,-0.6876826,-0.63230735,-0.66235024,-0.6485578,-0.69114465,-0.59071505,-0.6450731,-0.60785794,-0.65642154,-0.6638135,-0.7000882,-0.5990299,-0.62577856,-0.32497722,-0.3849645,-0.6594294,-0.6924485,-0.61566925,-0.6657266,-0.6166105,-0.6660638,-0.4326163,-0.4479557,-0.58649915,-0.5987238
-0.14659771,1.2485322,1.482002,-0.03341135,-0.005156449,0.05479375,0.034133,1.7176553,1.7010254,0.028635083,1.5823385,1.6359192,0.052042823,-0.0511469,0.14110161,-0.09225239,0.20170431,0.28005633,0.1476977,0.11159719,0.1298285,0.19978374,0.12407932,0.19450025,0.12042774,0.19048493,0.19839399,0.17071058,0.16167499,0.12827307,-0.014519027,0.039528042,-0.12433008,-0.08541381,-0.10846324,-0.07143253,-0.29565588,-0.3000525,-0.28948817,-0.28518334,0.09338818,0.16053045,0.12384364,0.1896784,-0.32497722,-0.3849645,0.19858955,0.27902794,0.2069161,0.28442365,0.21626268,0.29465365,-0.38886026,-0.3981248,0.2587311,0.34477484
0.530007,2.1746001,-0.44626653,-0.701639,-0.005156449,0.47230738,0.09943845,2.476386,-0.44964126,0.28158882,2.426892,-0.45466724,0.27830732,0.5591374,-0.63370246,0.579488,-0.65133166,-0.69511765,0.5988122,0.62317413,-0.66495895,-0.70376,-0.6656494,-0.70341796,-0.6658082,-0.70350933,0.5789763,0.6023432,0.6023028,0.6280673,-0.6522975,-0.6876826,-0.63230735,-0.66235024,-0.6485578,-0.69114465,-0.59071505,-0.6450731,-0.60785794,-0.65642154,-0.6638135,-0.7000882,-0.5990299,-0.62577856,-0.32497722,-0.3849645,-0.6594294,-0.6924485,-0.61566925,-0.6657266,-0.6166105,-0.6660638,-0.4326163,-0.4479557,-0.58649915,-0.5987238
-0.14659771,-0.6160489,-0.4856283,-0.03341135,-0.43485752,-0.18378547,-0.6189215,-0.58497036,-0.49158534,-0.34903163,-0.5896153,-0.49701732,-0.40719566,-0.13896966,-0.63370246,-0.09225239,-0.65133166,-0.69511765,0.5988122,0.62317413,-0.66495895,-0.70376,-0.6656494,-0.70341796,-0.6658082,-0.70350933,0.5789763,0.6023432,0.6023028,0.6280673,-0.6522975,-0.6876826,-0.63230735,-0.66235024,-0.6485578,-0.69114465,-0.59071505,-0.6450731,-0.60785794,-0.65642154,-0.6638135,-0.7000882,-0.5990299,-0.62577856,-0.32497722,-0.3849645,-0.6594294,-0.6924485,-0.61566925,-0.6657266,-0.6166105,-0.6660638,-0.4326163,-0.4479557,-0.58649915,-0.5987238
0.530007,1.7838857,-0.45177752,0.6348163,-0.005156449,0.47230738,0.4259657,2.1652963,-0.3711308,0.49255672,2.1086164,-0.36839783,0.4892699,0.84205735,-0.6028464,0.579488,-0.65133166,-0.6389793,0.5988122,0.616564,-0.66495895,-0.660846,-0.6656494,-0.66442454,-0.6658082,-0.66501427,0.5789763,0.5997337,0.6023028,0.6202478,-0.6522975,-0.6638303,-0.63230735,-0.6475865,-0.6485578,-0.6733425,-0.59071505,-0.6362155,-0.60785794,-0.64474857,-0.6638135,-0.66672766,-0.5990299,-0.59957933,-0.32497722,-0.3849645,-0.6594294,-0.6545919,-0.61566925,-0.6017048,-0.6166105,-0.6025921,-0.4326163,-0.4479557,-0.58649915,-0.59741294
-0.14659771,0.54241836,-0.088590994,-0.03341135,-0.005156449,-0.18378547,-0.55361605,0.007297154,-0.13179633,-0.5969752,0.08867655,-0.104587406,-0.5401574,-0.74411726,-0.09358494,-0.42812258,0.18604837,0.3814427,-0.00267383,0.0198952,0.15285946,0.31790394,0.1316106,0.2780469,0.13240021,0.2768108,0.030798104,0.0633127,-0.00024245924,0.008033726,0.28801692,0.3699891,0.09592571,0.1153399,0.2599048,0.3515345,0.5766686,0.6696646,0.54088444,0.5812469,0.09338818,0.21805364,-0.01942859,0.0771182,-0.20544171,-0.26233566,0.051486794,0.1900281,0.28144562,0.5006431,0.28488386,0.50672513,-0.27118456,-0.29652625,-0.03685108,-0.08354346
-0.14659771,-0.70818067,-0.4869278,-0.701639,-0.43485752,-0.18378547,0.1647439,-0.6740987,-0.48063195,-0.15100247,-0.6739135,-0.47911215,-0.0946248,0.07835997,-0.62668806,-0.09225239,-0.65133166,-0.6768407,0.5988122,0.58159226,-0.66495895,-0.67807627,-0.6656494,-0.6762746,-0.6658082,-0.67610884,0.5789763,0.55809677,0.6023028,0.5848747,-0.6522975,-0.6561349,-0.63230735,-0.62032837,-0.6485578,-0.65834695,-0.59071505,-0.6145184,-0.60785794,-0.63020694,-0.6638135,-0.6697533,-0.5990299,-0.5908208,-0.32497722,-0.2721344,-0.6594294,-0.6664066,-0.61566925,-0.65353286,-0.6166105,-0.653919,-0.4326163,-0.40696928,-0.58649915,-0.5611978
-0.14659771,0.584392,-0.46869624,-0.03341135,-0.43485752,-0.18378547,-0.4883106,0.54818857,-0.47605973,-0.32131726,0.6305391,-0.33997816,-0.37741736,-0.15256807,-0.63370246,-0.09225239,-0.65133166,-0.69511765,0.5988122,0.62317413,-0.66495895,-0.70376,-0.6656494,-0.70341796,-0.6658082,-0.70350933,0.5789763,0.6023432,0.6023028,0.6280673,-0.6522975,-0.6876826,-0.63230735,-0.66235024,-0.6485578,-0.69114465,-0.59071505,-0.6450731,-0.60785794,-0.65642154,-0.6638135,-0.7000882,-0.5990299,-0.62577856,-0.32497722,-0.3849645,-0.6594294,-0.6924485,-0.61566925,-0.6657266,-0.6166105,-0.6660638,-0.4326163,-0.4479557,-0.58649915,-0.5987238
-0.82320243,-0.81473726,-0.48843077,-0.701639,-0.8645586,-0.8398783,-0.88014334,-0.8418685,-0.49510515,-0.9324352,-0.83108026,-0.50040734,-0.9144353,-0.8029841,-0.63370246,-0.7639928,-0.65133166,-0.69511765,0.5988122,0.62317413,-0.66495895,-0.70376,-0.6656494,-0.70341796,-0.6658082,-0.70350933,0.5789763,0.6023432,0.6023028,0.6280673,-0.6522975,-0.6876826,-0.63230735,-0.66235024,-0.6485578,-0.69114465,-0.59071505,-0.6450731,-0.60785794,-0.65642154,-0.6638135,-0.7000882,-0.5990299,-0.62577856,-0.32497722,-0.3849645,-0.6594294,-0.6924485,-0.61566925,-0.6657266,-0.6166105,-0.6660638,-0.4326163,-0.4479557,-0.58649915,-0.5987238
1.2066118,0.24460755,-0.47348887,-0.701639,0.42454463,1.1284002,1.470853,0.47193217,-0.47343898,0.9920072,0.41138214,-0.47510284,1.088435,1.3796804,-0.62736964,1.2512283,-0.65133166,-0.68309444,0.5988122,0.60596013,-0.66495895,-0.6909397,-0.6656494,-0.6903236,-0.6658082,-0.69026494,0.5789763,0.58476394,0.6023028,0.6106773,-0.6522975,-0.66698843,-0.63230735,-0.64506626,-0.6485578,-0.67471045,-0.59071505,-0.62713295,-0.60785794,-0.6393212,-0.6638135,-0.6863945,-0.5990299,-0.60625744,-0.32497722,-0.3683815,-0.6594294,-0.68071777,-0.61566925,-0.655504,-0.6166105,-0.6560621,-0.4326163,-0.43234068,-0.58649915,-0.5863705
-0.14659771,0.5721757,-0.46886855,-0.03341135,-0.43485752,-0.18378547,-0.35769972,0.45852208,-0.4751271,-0.37124592,0.3508427,-0.46977174,-0.30207175,-0.17608579,-0.63370246,-0.09225239,-0.65133166,-0.68374604,0.5988122,0.6205125,-0.66495895,-0.69294447,-0.6656494,-0.69317085,-0.6658082,-0.69333047,0.5789763,0.60023886,0.6023028,0.6248006,-0.6522975,-0.67988956,-0.63230735,-0.65785915,-0.6485578,-0.68266374,-0.59071505,-0.63197035,-0.60785794,-0.64872843,-0.6638135,-0.6905601,-0.5990299,-0.62179315,-0.32497722,-0.3849645,-0.6594294,-0.68257344,-0.61566925,-0.6529128,-0.6166105,-0.6531249,-0.4326163,-0.44794697,-0.58649915,-0.59752727
0.530007,0.17868666,-0.47441864,0.6348163,-0.005156449,0.47230738,0.49127117,0.1797928,-0.46353483,0.34145555,0.18454991,-0.47287813,0.41349775,0.63652986,-0.6082669,0.579488,-0.65133166,-0.613291,0.5988122,0.52900076,-0.66495895,-0.61908823,-0.6656494,-0.6145566,-0.6658082,-0.61420226,0.5789763,0.5090582,0.6023028,0.5309168,-0.6522975,-0.5906243,-0.63230735,-0.55114114,-0.6485578,-0.57413805,-0.59071505,-0.49223313,-0.60785794,-0.53184533,-0.6638135,-0.60638833,-0.5990299,-0.51539975,-0.32497722,-0.107484326,-0.6594294,-0.61287826,-0.61566925,-0.5831715,-0.6166105,-0.5849516,-0.4326163,-0.39427903,-0.58649915,-0.51547915
1.2066118,-0.24252781,0.008709401,1.303044,0.8542457,1.3073347,1.7320747,0.7784355,-0.112038836,1.5284767,0.5242837,-0.021305332,1.584435,1.702504,0.33622432,1.2512283,0.17677514,0.31132463,-0.120998986,-0.2676245,0.14786217,0.28086832,0.1250042,0.25479782,0.12585856,0.25645733,-0.10537356,-0.24717978,-0.11438096,-0.25787377,0.27575198,0.47015524,0.15743858,0.30925772,0.26847768,0.4325025,0.6240654,0.8604454,0.5226296,0.74023885,0.09338818,0.21809518,-0.5990299,-0.5222583,0.03362931,0.091570556,0.027499096,0.13641489,0.21243677,0.35083047,0.2202992,0.35667136,-0.18248676,-0.13527925,0.044257693,0.15733756
0.530007,-1.0043664,-0.4737589,0.6348163,-0.005156449,0.47230738,0.034133,-1.0186008,-0.4796719,0.036595196,-1.0127429,-0.48480967,0.04670485,-0.79419196,1.5743752,-0.09225239,2.3695424,2.4980464,-2.6255476,-2.7577975,2.3699207,2.4864085,2.3685367,2.4864664,2.3942173,2.5137107,-2.5774126,-2.707673,-2.6360462,-2.7683172,3.9756846,4.1916,2.8759108,3.021858,3.0045815,3.1846466,3.8267505,4.1311326,3.6478088,3.9319897,2.364993,2.4829702,2.9958005,3.1238744,1.1094489,1.2670356,2.0308583,2.1240404,2.3986366,2.5536556,2.3489022,2.496873,1.1342722,1.2020019,2.0359106,2.10798
0.530007,-0.4879268,-0.48382118,0.6348163,-0.005156449,0.47230738,-0.03117245,-0.39250508,-0.48894832,0.18444255,-0.4431793,-0.4949614,0.16086493,0.44613865,-0.63370246,0.579488,-0.65133166,-0.69511765,0.5988122,0.62317413,-0.66495895,-0.70376,-0.6656494,-0.70341796,-0.6658082,-0.70350933,0.5789763,0.6023432,0.6023028,0.6280673,-0.6522975,-0.6876826,-0.63230735,-0.66235024,-0.6485578,-0.69114465,-0.59071505,-0.6450731,-0.60785794,-0.65642154,-0.6638135,-0.7000882,-0.5990299,-0.62577856,-0.32497722,-0.3849645,-0.6594294,-0.6924485,-0.61566925,-0.6657266,-0.6166105,-0.6660638,-0.4326163,-0.4479557,-0.58649915,-0.5987238
0.530007,1.9617159,-0.44926924,0.6348163,-0.005156449,0.47230738,0.23004936,1.9902569,-0.45630175,0.5354324,2.2454634,-0.38325214,0.40718713,0.92793036,-0.63370246,0.579488,-0.65133166,-0.69511765,0.5988122,0.62317413,-0.66495895,-0.70376,-0.6656494,-0.70341796,-0.6658082,-0.70350933,0.5789763,0.6023432,0.6023028,0.6280673,-0.6522975,-0.6876826,-0.63230735,-0.66235024,-0.6485578,-0.69114465,-0.59071505,-0.6450731,-0.60785794,-0.65642154,-0.6638135,-0.7000882,-0.5990299,-0.62577856,-0.32497722,-0.3849645,-0.6594294,-0.6924485,-0.61566925,-0.6657266,-0.6166105,-0.6660638,-0.4326163,-0.4479557,-0.58649915,-0.5987238
1.2066118,1.2176614,0.2753573,1.303044,0.8542457,1.1284002,0.9484093,1.4042032,0.7308843,1.0512605,1.3324211,0.76263505,1.1720748,1.0803103,0.2906368,1.2512283,-0.06644476,0.08071374,-0.50802076,-0.7122175,0.005765159,0.15604085,0.028682929,0.18165675,0.036373302,0.1905428,-0.5872117,-0.7973821,-0.5045755,-0.708164,0.3248119,0.5263932,0.30427572,0.48453033,0.2438305,0.4285827,0.2699827,0.4592837,0.22156711,0.411154,0.09338818,0.2539081,0.37131387,0.545278,0.9899134,1.3554647,-0.040230025,0.096927814,-0.2195585,-0.098996215,-0.22910248,-0.11083102,1.0160758,1.2825216,0.020534195,0.12247722
-0.82320243,-0.038577635,-0.47748315,-0.701639,-0.8645586,-0.8398783,-0.7495324,0.025929099,-0.47837034,-0.87429816,0.006369743,-0.47949147,-0.8406527,-0.7304122,-0.63370246,-0.7639928,-0.65133166,-0.67061234,0.5988122,0.60219616,-0.66495895,-0.68162364,-0.6656494,-0.68112236,-0.6658082,-0.68117213,0.5789763,0.5829675,0.6023028,0.6073819,-0.6522975,-0.6620373,-0.63230735,-0.63755375,-0.6485578,-0.66449994,-0.59071505,-0.6066828,-0.60785794,-0.61926204,-0.6638135,-0.6782698,-0.5990299,-0.6000764,-0.32497722,-0.37741536,-0.6594294,-0.6721367,-0.61566925,-0.63715214,-0.6166105,-0.6379303,-0.4326163,-0.44501576,-0.58649915,-0.58502436
0.530007,-0.39824638,-0.48255622,0.6348163,-0.005156449,0.47230738,0.09943845,-0.38175914,-0.42188138,0.20425454,-0.3840824,-0.3910524,0.23130307,0.3961997,-0.47108302,0.579488,-0.65133166,-0.5570643,0.5988122,0.32813585,-0.66495895,-0.53373164,-0.6656494,-0.51720273,-0.6658082,-0.5152894,0.5789763,0.2920747,0.6023028,0.33486322,-0.6522975,-0.46876547,-0.63230735,-0.4244984,-0.6485578,-0.41481125,-0.59071505,-0.3462608,-0.60785794,-0.38138962,-0.6638135,-0.4873716,-0.5990299,-0.37156615,-0.32497722,0.4062313,-0.6594294,-0.520248,-0.61566925,-0.5695817,-0.6166105,-0.57322896,-0.4326163,-0.049836904,-0.58649915,-0.4244306
1.8832164,1.6134564,1.0793006,1.9712716,1.7136478,2.1423619,1.7973802,1.5120662,1.1329215,2.0530872,1.5415303,1.159989,2.0516536,2.1435533,0.85419255,1.9229687,0.5233026,0.57311094,-0.6411365,-0.69765615,0.7521005,0.8119765,0.8020278,0.86536944,0.799775,0.8632101,-0.6151444,-0.67030835,-0.6426035,-0.700246,0.48425648,0.53794956,0.65351015,0.71718746,0.75445557,0.8289712,0.5206549,0.60385615,0.6661035,0.74991107,0.8505898,0.91708416,0.27362823,0.3062694,-0.32497722,-0.31920007,0.9686557,1.0333158,0.4125624,0.45855817,0.46652827,0.5156808,0.16195108,0.1847483,1.3609127,1.434
0.530007,0.44824132,-0.47061664,0.6348163,-0.005156449,0.47230738,0.09943845,0.43787146,-0.46759737,0.18649235,0.38550767,-0.46414766,0.12707362,0.43278724,-0.55330706,0.579488,-0.65133166,-0.572363,0.5988122,0.5809425,-0.66495895,-0.6047478,-0.6656494,-0.6066745,-0.6658082,-0.6073544,0.5789763,0.57337266,0.6023028,0.58788484,-0.6522975,-0.6069021,-0.63230735,-0.6003641,-0.6485578,-0.59327656,-0.59071505,-0.5402842,-0.60785794,-0.5494905,-0.6638135,-0.611682,-0.5990299,-0.53215826,-0.32497722,-0.37517533,-0.6594294,-0.6023141,-0.61566925,-0.51723915,-0.6166105,-0.5169693,-0.4326163,-0.44684383,-0.58649915,-0.58113194
-0.82320243,-0.7450233,-0.4874475,-0.701639,-0.8645586,-0.8398783,-1.1413652,-0.7392821,-0.39822742,-0.8023606,-0.73164046,-0.41343808,-0.83677065,-0.78142357,-0.39986163,-0.7639928,-0.65133166,-0.49814308,0.5988122,0.20221342,-0.66495895,-0.46116355,-0.6656494,-0.43772608,-0.6658082,-0.434957,0.5789763,0.15965204,0.6023028,0.20972368,-0.6522975,-0.37533155,-0.63230735,-0.3229832,-0.6485578,-0.2968721,-0.59071505,-0.21872762,-0.60785794,-0.26400593,-0.6638135,-0.39658412,-0.5990299,-0.26306823,-0.32497722,0.74391395,-0.6594294,-0.44675282,-0.61566925,-0.5285469,-0.6166105,-0.53360695,-0.4326163,0.120080315,-0.58649915,-0.3500422
1.8832164,2.0183206,1.1405085,1.9712716,1.7136478,1.7844931,2.7116566,1.9586269,0.79672456,2.3175054,1.9183302,0.85400665,2.5692296,2.4205966,0.8244044,1.9229687,0.81177837,0.5204718,-1.1267625,-0.91552806,0.7962071,0.5284123,0.81484425,0.5498264,0.82149845,0.55696696,-1.1423731,-0.95259184,-1.1230471,-0.9098744,1.1015934,0.84513766,1.1039431,0.81687737,1.1630092,0.85997826,1.505323,1.0818139,1.4136403,1.0041249,0.8505898,0.59632,0.5080737,0.56863016,1.6473587,1.5816106,0.6709644,0.42959398,0.76864797,0.44317517,0.75177723,0.4290676,1.0608442,1.1101397,0.47785297,0.29604226
-0.82320243,-0.4287794,-0.4829869,-0.701639,-0.8645586,-0.8398783,-0.94544876,-0.24046524,-0.48686522,-0.83992195,-0.26189062,-0.47145176,-0.85779184,-0.68937504,-0.63370246,-0.7639928,-0.65133166,-0.69511765,0.5988122,0.62317413,-0.66495895,-0.70376,-0.6656494,-0.70341796,-0.6658082,-0.70350933,0.5789763,0.6023432,0.6023028,0.6280673,-0.6522975,-0.6876826,-0.63230735,-0.66235024,-0.6485578,-0.69114465,-0.59071505,-0.6450731,-0.60785794,-0.65642154,-0.6638135,-0.7000882,-0.5990299,-0.62577856,-0.32497722,-0.3849645,-0.6594294,-0.6924485,-0.61566925,-0.6657266,-0.6166105,-0.6660638,-0.4326163,-0.4479557,-0.58649915,-0.5987238
-0.82320243,-0.4866125,-0.48380265,-1.3698667,-0.8645586,-0.8398783,-0.6189215,-0.38953358,-0.44299173,-0.9260157,-0.44692263,-0.45236513,-0.92229265,-0.85047317,-0.629196,-0.7639928,-0.65133166,-0.66506326,0.5988122,0.58265895,-0.66495895,-0.6701581,-0.6656494,-0.6675572,-0.6658082,-0.66748947,0.5789763,0.56053126,0.6023028,0.58769727,-0.6522975,-0.65449136,-0.63230735,-0.6309429,-0.6485578,-0.6411351,-0.59071505,-0.5898209,-0.60785794,-0.6039322,-0.6638135,-0.6607757,-0.5990299,-0.5794683,-0.32497722,-0.2387424,-0.6594294,-0.6602539,-0.61566925,-0.63825864,-0.6166105,-0.6390387,-0.4326163,-0.41221818,-0.58649915,-0.56310207
-0.14659771,-0.07511025,-0.47799844,-0.03341135,-0.43485752,-0.18378547,-0.55361605,-0.12766024,-0.48531964,-0.56761426,-0.11346642,-0.49033087,-0.58134973,-0.49906364,-0.63370246,-0.09225239,-0.65133166,-0.69511765,0.5988122,0.62317413,-0.66495895,-0.70376,-0.6656494,-0.70341796,-0.6658082,-0.70350933,0.5789763,0.6023432,0.6023028,0.6280673,-0.6522975,-0.6876826,-0.63230735,-0.66235024,-0.6485578,-0.69114465,-0.59071505,-0.6450731,-0.60785794,-0.65642154,-0.6638135,-0.7000882,-0.5990299,-0.62577856,-0.32497722,-0.3849645,-0.6594294,-0.6924485,-0.61566925,-0.6657266,-0.6166105,-0.6660638,-0.4326163,-0.4479557,-0.58649915,-0.5987238
1.2066118,1.6783701,-0.45326582,1.303044,0.42454463,1.1284002,0.88310385,1.9820111,-0.44839814,0.9985754,1.9318894,-0.44913796,1.0132197,1.4485289,-0.63370246,1.2512283,-0.65133166,-0.67130375,0.5988122,0.60076505,-0.66495895,-0.67718923,-0.6656494,-0.6780295,-0.6658082,-0.6780974,0.5789763,0.57749546,0.6023028,0.6014013,-0.6522975,-0.66347045,-0.63230735,-0.62865496,-0.6485578,-0.6647406,-0.59071505,-0.6271576,-0.60785794,-0.6430267,-0.6638135,-0.67424995,-0.5990299,-0.59842885,-0.32497722,-0.30226952,-0.6594294,-0.670956,-0.61566925,-0.6426089,-0.6166105,-0.6430915,-0.4326163,-0.44103107,-0.58649915,-0.5748775
-0.14659771,-0.101362206,-0.2548663,-0.03341135,0.42454463,-0.18378547,-0.0964779,0.09607107,-0.2209218,0.0011008503,0.05275848,-0.22610763,0.03411718,-0.12650613,0.19987904,-0.09225239,-0.004185033,0.059491828,-0.1653709,-0.26077318,0.07073001,0.14933471,0.077966645,0.15898927,0.07821536,0.15941617,-0.17869677,-0.2741577,-0.17543179,-0.27175248,0.022275899,0.09687415,0.2169672,0.3215172,0.032990072,0.10652191,-0.14280513,-0.11083928,0.036456157,0.109921515,0.09338818,0.17775217,0.00010852704,0.063620575,-0.26520947,-0.30903164,0.10737913,0.19313017,-0.04565625,0.005858278,-0.050149105,0.00042359365,0.07322438,0.139641,0.20054437,0.2974037
-0.82320243,-0.6944924,-0.48673478,-0.701639,-0.8645586,-0.8398783,-0.94544876,-0.5293913,-0.49082384,-0.83772826,-0.6171529,-0.49716473,-0.81499714,-0.7133492,-0.63370246,-0.7639928,-0.65133166,-0.69511765,0.5988122,0.62317413,-0.66495895,-0.70376,-0.6656494,-0.70341796,-0.6658082,-0.70350933,0.5789763,0.6023432,0.6023028,0.6280673,-0.6522975,-0.6876826,-0.63230735,-0.66235024,-0.6485578,-0.69114465,-0.59071505,-0.6450731,-0.60785794,-0.65642154,-0.6638135,-0.7000882,-0.5990299,-0.62577856,-0.32497722,-0.3849645,-0.6594294,-0.6924485,-0.61566925,-0.6657266,-0.6166105,-0.6660638,-0.4326163,-0.4479557,-0.58649915,-0.5987238
0.530007,0.052155603,-0.47620338,0.6348163,-0.005156449,0.47230738,0.75249296,0.18672982,-0.46942535,0.85849875,0.16070898,-0.44869402,0.75433797,1.3887241,-0.62071043,0.579488,-0.65133166,-0.6577926,0.5988122,0.59457535,-0.66495895,-0.6677658,-0.6656494,-0.6688225,-0.6658082,-0.6688616,0.5789763,0.5751706,0.6023028,0.5998874,-0.6522975,-0.6454479,-0.63230735,-0.6342,-0.6485578,-0.6561564,-0.59071505,-0.61098254,-0.60785794,-0.61671394,-0.6638135,-0.66730535,-0.5990299,-0.57982403,-0.32497722,-0.3849645,-0.6594294,-0.660904,-0.61566925,-0.62919897,-0.6166105,-0.6292056,-0.4326163,-0.43740097,-0.58649915,-0.5691697
0.530007,0.8208875,0.4925689,0.6348163,1.2839468,0.47230738,0.36066025,0.7914189,0.6257952,0.69463795,0.96884406,0.8863901,0.8068305,0.41204238,0.91324955,0.579488,0.5807019,0.5996838,-1.2722039,-1.2922829,0.7414541,0.7656867,0.772299,0.79771817,0.7803969,0.8057484,-1.3448849,-1.3630345,-1.2823101,-1.3030871,0.99938524,1.0151024,1.1535503,1.1877631,0.9253783,0.9458737,0.71789265,0.72162,0.86588115,0.90176755,0.8505898,0.87608135,0.9704523,0.96832305,1.0496812,1.0762827,0.72657853,0.756248,0.35045448,0.36990702,0.33735895,0.35586476,1.5219166,1.5158284,0.80757767,0.84049654
-0.14659771,-0.6815278,-0.48655188,-0.03341135,-0.43485752,-0.18378547,-0.29239425,-0.62508476,-0.48978066,-0.1864654,-0.66588557,-0.49468452,-0.35491812,0.07865839,-0.62398547,-0.09225239,-0.65133166,-0.6816215,0.5988122,0.6144728,-0.66495895,-0.6911242,-0.6656494,-0.69138545,-0.6658082,-0.6915283,0.5789763,0.59429795,0.6023028,0.6195977,-0.6522975,-0.67675483,-0.63230735,-0.65416145,-0.6485578,-0.6805157,-0.59071505,-0.6353595,-0.60785794,-0.64559656,-0.6638135,-0.68887997,-0.5990299,-0.6098006,-0.32497722,-0.3849645,-0.6594294,-0.6811351,-0.61566925,-0.65252185,-0.6166105,-0.6527029,-0.4326163,-0.44551852,-0.58649915,-0.5884705
0.530007,-0.7414327,0.09143888,0.6348163,1.7136478,0.47230738,1.340242,-0.7345679,0.10306268,1.4926913,-0.728162,0.114850774,1.5174879,0.5576355,2.769505,0.2436178,1.2076685,1.3070691,-3.118569,-3.3484817,1.9023478,2.0459466,2.1185505,2.2790082,2.1330435,2.2947705,-3.1220992,-3.3522704,-2.9758074,-3.195629,2.1277626,2.2987654,2.4552422,2.6414058,2.4441264,2.6520848,3.018588,3.33114,1.7974551,1.9860044,2.364993,2.543167,0.52109843,0.56468713,-0.08590619,-0.104424186,2.4285054,2.6014783,0.41670296,0.4577345,0.43827245,0.4803237,4.33711,4.669625,3.1630979,3.344589
0.530007,0.08980436,-0.47567233,0.6348163,-0.005156449,0.47230738,0.09943845,0.18588789,-0.4466061,0.3521847,0.18527433,-0.41536716,0.38455492,0.6842781,-0.59921384,0.579488,-0.65133166,-0.654657,0.5988122,0.59265184,-0.66495895,-0.6663354,-0.6656494,-0.6655229,-0.6658082,-0.6655598,0.5789763,0.57472026,0.6023028,0.5970205,-0.6522975,-0.64648026,-0.63230735,-0.62085164,-0.6485578,-0.6454621,-0.59071505,-0.5837045,-0.60785794,-0.5973791,-0.6638135,-0.6628004,-0.5990299,-0.59649503,-0.32497722,-0.3656122,-0.6594294,-0.65744066,-0.61566925,-0.61931014,-0.6166105,-0.62040424,-0.4326163,-0.44464797,-0.58649915,-0.57231116
1.2066118,-0.0021781006,1.5042101,-0.03341135,2.57305,1.1284002,1.6014638,-0.4358591,0.57021534,1.0526931,-0.52952164,0.3758657,1.0047821,0.23527434,2.2974076,1.2512283,2.4360278,1.6214715,-3.3724751,-2.4749517,2.9115846,2.0034025,2.9974656,2.0670357,3.0043216,2.073505,-3.3804762,-2.528249,-3.379274,-2.4865248,2.8595726,1.9913392,3.3580923,2.3460903,2.8154411,2.1077094,1.8323325,1.276737,2.1291955,1.6548179,3.1221948,2.1812701,2.4031744,1.6355202,0.03362931,0.05749367,3.1749403,2.1507838,1.791359,1.0951436,1.8201152,1.1019151,2.766462,2.3576248,4.0875134,2.7707288
0.530007,1.7413723,1.4890282,0.6348163,0.42454463,0.7108866,0.2953548,1.4521616,1.6982423,0.25756449,1.5515418,1.6451031,0.33628532,0.09876408,0.25227338,0.579488,0.20170431,0.7595893,0.1476977,0.04319287,0.1298285,0.62565166,0.12407932,0.58521646,0.12042774,0.5777463,0.19839399,0.12639894,0.16167499,0.033725668,-0.014519027,0.32988942,-0.12433008,0.07472194,-0.10846324,0.23504315,-0.29565588,0.017395267,-0.28948817,-0.061345275,0.09338818,0.5086405,0.12384364,0.4628277,-0.32497722,-0.3849645,0.19858955,0.64400166,0.2069161,0.80537283,0.21626268,0.8213068,-0.38886026,-0.39819488,0.2587311,0.3596189
-0.14659771,-0.25876194,-0.4805888,-0.03341135,-0.43485752,-0.18378547,-0.35769972,-0.16042951,-0.48576865,-0.21649607,-0.17595057,-0.48712042,-0.18488504,-0.0041642366,-0.63370246,-0.09225239,-0.65133166,-0.69511765,0.5988122,0.62317413,-0.66495895,-0.70376,-0.6656494,-0.70341796,-0.6658082,-0.70350933,0.5789763,0.6023432,0.6023028,0.6280673,-0.6522975,-0.6876826,-0.63230735,-0.66235024,-0.6485578,-0.69114465,-0.59071505,-0.6450731,-0.60785794,-0.65642154,-0.6638135,-0.7000882,-0.5990299,-0.62577856,-0.32497722,-0.3849645,-0.6594294,-0.6924485,-0.61566925,-0.6657266,-0.6166105,-0.6660638,-0.4326163,-0.4479557,-0.58649915,-0.5987238
1.2066118,0.53291535,-0.21556374,1.303044,0.42454463,1.1284002,0.75249296,0.84142196,0.3805993,0.47442997,0.6742244,0.1380752,0.61107194,0.6548911,-0.50852144,1.2512283,-0.103689246,-0.118520364,-0.10374322,-0.08138448,-0.023349527,-0.054627135,0.026965251,-0.012453169,0.033411056,-0.0071571814,-0.12632306,-0.100961044,-0.11703536,-0.0946527,0.21442707,0.14660364,0.07409854,0.093129925,0.3330426,0.26518896,0.7921986,0.6929969,0.42625353,0.37880087,0.09338818,0.042392407,-0.5990299,-0.59933656,2.4243395,2.3973794,-0.04592384,-0.080396004,-0.11604528,-0.122226976,-0.12011585,-0.13012375,0.25238404,0.1380719,0.13257968,0.09496978
1.2066118,0.20803471,-0.4740047,-0.03341135,0.42454463,1.1284002,0.6218821,0.3215211,-0.47916538,0.8489549,0.24408689,-0.46666044,0.88139784,1.2718068,-0.63370246,1.2512283,-0.65133166,-0.69511765,0.5988122,0.62317413,-0.66495895,-0.70376,-0.6656494,-0.70341796,-0.6658082,-0.70350933,0.5789763,0.6023432,0.6023028,0.6280673,-0.6522975,-0.6876826,-0.63230735,-0.66235024,-0.6485578,-0.69114465,-0.59071505,-0.6450731,-0.60785794,-0.65642154,-0.6638135,-0.7000882,-0.5990299,-0.62577856,-0.32497722,-0.3849645,-0.6594294,-0.6924485,-0.61566925,-0.6657266,-0.6166105,-0.6660638,-0.4326163,-0.4479557,-0.58649915,-0.5987238
-0.14659771,0.5487916,-0.46919838,-0.03341135,-0.43485752,-0.18378547,-0.35769972,0.5580935,-0.16970952,0.21791124,0.57398355,-0.22615051,-0.070438765,0.21866553,0.3778156,-0.09225239,-0.65133166,0.2850238,0.5988122,-0.036864266,-0.66495895,0.17209655,-0.6656494,0.16429606,-0.6658082,0.16253984,0.5789763,0.01035349,0.6023028,-0.033242404,-0.6522975,0.1443415,-0.63230735,0.18570039,-0.6485578,0.2864258,-0.59071505,0.6668734,-0.60785794,0.60435134,-0.6638135,0.13285373,-0.5990299,-0.4171738,-0.32497722,0.3311518,-0.6594294,0.097107895,-0.61566925,0.43755627,-0.6166105,0.42843115,-0.4326163,-0.3865698,-0.58649915,-0.092156634
0.530007,-0.097661085,-0.47831652,0.6348163,-0.005156449,0.47230738,0.2953548,-0.043067474,-0.47614405,0.5221474,-0.039139852,-0.48079523,0.4629681,0.94121665,-0.63370246,0.579488,-0.65133166,-0.67130375,0.5988122,0.60076505,-0.66495895,-0.67718923,-0.6656494,-0.6780295,-0.6658082,-0.6780974,0.5789763,0.57749546,0.6023028,0.6014013,-0.6522975,-0.66347045,-0.63230735,-0.62865496,-0.6485578,-0.6647406,-0.59071505,-0.6271576,-0.60785794,-0.6430267,-0.6638135,-0.67424995,-0.5990299,-0.59842885,-0.32497722,-0.30226952,-0.6594294,-0.670956,-0.61566925,-0.6426089,-0.6166105,-0.6430915,-0.4326163,-0.44103107,-0.58649915,-0.5748775
-1.4998071,-0.6773399,-0.4864928,-1.3698667,-1.2942597,-1.4959712,-1.4025869,-0.57407135,-0.491436,-1.4303615,-0.5975112,-0.49712813,-1.4075258,-1.4241159,-0.63370246,-1.4357332,-0.65133166,-0.69511765,0.5988122,0.62317413,-0.66495895,-0.70376,-0.6656494,-0.70341796,-0.6658082,-0.70350933,0.5789763,0.6023432,0.6023028,0.6280673,-0.6522975,-0.6876826,-0.63230735,-0.66235024,-0.6485578,-0.69114465,-0.59071505,-0.6450731,-0.60785794,-0.65642154,-0.6638135,-0.7000882,-0.5990299,-0.62577856,-0.32497722,-0.3849645,-0.6594294,-0.6924485,-0.61566925,-0.6657266,-0.6166105,-0.6660638,-0.4326163,-0.4479557,-0.58649915,-0.5987238
-1.4998071,-0.7259875,-0.48717898,-1.3698667,-1.2942597,-1.4959712,-1.271976,-0.7492677,-0.46688774,-1.4518416,-0.72852176,-0.47009063,-1.3446264,-1.4411367,-0.592987,-1.4357332,-0.65133166,-0.6506221,0.5988122,0.58581024,-0.66495895,-0.66017926,-0.6656494,-0.6612305,-0.6658082,-0.6611188,0.5789763,0.56637496,0.6023028,0.5905179,-0.6522975,-0.6284483,-0.63230735,-0.62204653,-0.6485578,-0.6463264,-0.59071505,-0.59654146,-0.60785794,-0.6035674,-0.6638135,-0.6595854,-0.5990299,-0.5701141,-0.32497722,-0.3849645,-0.6594294,-0.654655,-0.61566925,-0.62161046,-0.6166105,-0.622311,-0.4326163,-0.43170696,-0.58649915,-0.56264883
-0.14659771,-0.5917373,-0.48528537,-0.03341135,-0.43485752,-0.18378547,-0.03117245,-0.5629999,-0.46558386,-0.04848995,-0.56730264,-0.47625414,-0.15277621,0.28330997,-0.63370246,-0.09225239,-0.65133166,-0.628512,0.5988122,0.59372956,-0.66495895,-0.64723444,-0.6656494,-0.6473738,-0.6658082,-0.6476032,0.5789763,0.5795486,0.6023028,0.5996737,-0.6522975,-0.63258797,-0.63230735,-0.62274194,-0.6485578,-0.6260318,-0.59071505,-0.56020856,-0.60785794,-0.56439364,-0.6638135,-0.6473862,-0.5990299,-0.62577856,-0.32497722,-0.33937743,-0.6594294,-0.6413899,-0.61566925,-0.58665,-0.6166105,-0.58698773,-0.4326163,-0.44717517,-0.58649915,-0.5794391
-0.82320243,-0.7001879,-0.4868151,-0.701639,-0.8645586,-0.8398783,-0.7495324,-0.68577373,-0.47932756,-0.80365497,-0.69115955,-0.47597182,-0.81099445,-0.63402426,-0.6092366,-0.7639928,-0.65133166,-0.6412735,0.5988122,0.58429885,-0.66495895,-0.6537934,-0.6656494,-0.6530575,-0.6658082,-0.65313846,0.5789763,0.5669001,0.6023028,0.5877069,-0.6522975,-0.63650346,-0.63230735,-0.6063724,-0.6485578,-0.63022965,-0.59071505,-0.56814003,-0.60785794,-0.5770049,-0.6638135,-0.65058,-0.5990299,-0.60633826,-0.32497722,-0.35129228,-0.6594294,-0.6462614,-0.61566925,-0.6053532,-0.6166105,-0.60585976,-0.4326163,-0.4427604,-0.58649915,-0.562189
-0.82320243,0.5408957,2.8479106,-1.3698667,-0.005156449,-0.6012991,-0.55361605,0.33366278,2.3439293,-0.65808105,0.31683493,2.3599668,-0.7686517,-1.0451667,0.6013315,-0.7639928,1.0629792,0.8407336,-0.21960317,-0.10789905,0.9315687,0.7134452,0.9173755,0.69877064,0.9107368,0.69272465,-0.09489878,-0.0034982841,-0.21790199,-0.10486895,0.6600544,0.46982366,0.39952144,0.25722373,0.38823077,0.23333886,0.117876075,-0.04513997,0.07589303,-0.04092923,0.8505898,0.6381763,1.0160388,0.77559596,-0.32497722,-0.3849645,1.0534456,0.8164875,1.1164525,0.89557546,1.1392851,0.9132226,-0.3715082,-0.38825724,0.8083792,0.6298536
-0.82320243,-1.0058788,-0.4911268,-0.701639,-0.8645586,-0.8398783,-1.4025869,-1.0202916,-0.4975497,-1.4342924,-1.0144937,-0.502974,-1.4374201,-1.6066555,-0.63370246,-0.7639928,-0.65133166,-0.69511765,0.5988122,0.62317413,-0.66495895,-0.70376,-0.6656494,-0.70341796,-0.6658082,-0.70350933,0.5789763,0.6023432,0.6023028,0.6280673,-0.6522975,-0.6876826,-0.63230735,-0.66235024,-0.6485578,-0.69114465,-0.59071505,-0.6450731,-0.60785794,-0.65642154,-0.6638135,-0.7000882,-0.5990299,-0.62577856,-0.32497722,-0.3849645,-0.6594294,-0.6924485,-0.61566925,-0.6657266,-0.6166105,-0.6660638,-0.4326163,-0.4479557,-0.58649915,-0.5987238
-0.14659771,-0.098637395,0.49002752,-0.03341135,0.42454463,-0.18378547,0.23004936,0.051454753,0.62823874,0.084598705,0.07964321,0.7300092,0.15087429,-0.34603328,0.933338,-0.09225239,0.5329399,0.3996473,-1.3362966,-1.1633903,0.71516407,0.5641092,0.7543296,0.6014885,0.7638576,0.6106641,-1.4286826,-1.252949,-1.3380522,-1.1635772,1.0280036,0.876105,1.0979902,0.93319297,0.9869963,0.833507,0.7652083,0.65251684,0.83276695,0.71161115,0.8505898,0.6923863,0.9704523,0.8240608,1.1094489,1.1178317,0.7027201,0.5500909,0.22347824,0.11620766,0.21491711,0.107422665,1.7924924,1.6306235,0.9122496,0.7431265
-0.82320243,-0.5950475,-0.48533207,-0.701639,-0.8645586,-0.8398783,-0.94544876,-0.4520029,-0.48976353,-0.7902958,-0.5176102,-0.4959274,-0.8524024,-0.61883426,-0.63370246,-0.7639928,-0.65133166,-0.69511765,0.5988122,0.62317413,-0.66495895,-0.70376,-0.6656494,-0.70341796,-0.6658082,-0.70350933,0.5789763,0.6023432,0.6023028,0.6280673,-0.6522975,-0.6876826,-0.63230735,-0.66235024,-0.6485578,-0.69114465,-0.59071505,-0.6450731,-0.60785794,-0.65642154,-0.6638135,-0.7000882,-0.5990299,-0.62577856,-0.32497722,-0.3849645,-0.6594294,-0.6924485,-0.61566925,-0.6657266,-0.6166105,-0.6660638,-0.4326163,-0.4479557,-0.58649915,-0.5987238
1.8832164,1.0211732,-0.28074548,1.9712716,1.2839468,1.7844931,1.4055475,1.084835,-0.3676628,1.3067603,1.1757779,-0.33212957,1.399525,1.5673069,-0.060340263,1.9229687,0.22689144,0.19904557,-0.019929597,-0.22023089,0.125483,0.16292594,0.12051186,0.18511887,0.11931689,0.18712026,0.02381495,-0.20594437,-0.016168725,-0.2310418,0.12448399,0.24651562,0.16736004,0.35969725,0.27062097,0.4273216,0.6446253,0.8460314,0.5842153,0.6475136,0.09338818,0.20210578,-0.46227002,0.06591643,0.3324681,1.5709865,0.051765054,0.10482817,0.37253726,0.29092452,0.3642692,0.27782583,-0.38784805,-0.11268231,-0.12918039,0.092053585
1.2066118,0.4229275,1.3078072,1.303044,1.2839468,1.1284002,0.2953548,0.08498868,0.4633548,0.21401183,0.09332123,0.4914274,0.21315339,0.50391805,-0.5664398,0.9153582,1.2590593,0.84576297,-0.15797554,-0.10601484,1.0949584,0.7641507,0.9637523,0.6730267,0.95480067,0.6681336,-0.16822198,-0.1366944,-0.29222474,-0.2334468,0.7172909,0.545042,0.45706573,0.40848085,0.46994147,0.3927722,-0.034393113,-0.057261616,-0.02325081,-0.026001405,0.8505898,0.607617,1.0746503,0.6904759,1.1692166,1.428292,0.8489396,0.56815994,1.385587,0.9599262,1.3680226,0.94886154,-0.3130608,-0.28983954,0.1032459,0.10284746
1.2066118,0.13110606,-0.4750898,1.303044,0.42454463,1.1284002,0.75249296,0.20771196,-0.47231367,0.9839471,0.1979483,-0.47758344,0.9664441,1.4336358,-0.63370246,1.2512283,-0.65133166,-0.67013204,0.5988122,0.5996625,-0.66495895,-0.67588186,-0.6656494,-0.6767803,-0.6658082,-0.6768471,0.5789763,0.5762729,0.6023028,0.60008925,-0.6522975,-0.6622791,-0.63230735,-0.626997,-0.6485578,-0.6634415,-0.59071505,-0.62627614,-0.60785794,-0.64236766,-0.6638135,-0.67297864,-0.5990299,-0.59708315,-0.32497722,-0.2982007,-0.6594294,-0.6698986,-0.61566925,-0.6414713,-0.6166105,-0.64196116,-0.4326163,-0.44069034,-0.58649915,-0.57370424
-0.82320243,-0.38756996,-0.48240566,-0.701639,-0.8645586,-0.8398783,-1.0760597,-0.4060189,-0.48913348,-0.9459492,-0.39348277,-0.4942637,-0.9646932,-0.84522766,-0.63370246,-0.7639928,-0.65133166,-0.69511765,0.5988122,0.62317413,-0.66495895,-0.70376,-0.6656494,-0.70341796,-0.6658082,-0.70350933,0.5789763,0.6023432,0.6023028,0.6280673,-0.6522975,-0.6876826,-0.63230735,-0.66235024,-0.6485578,-0.69114465,-0.59071505,-0.6450731,-0.60785794,-0.65642154,-0.6638135,-0.7000882,-0.5990299,-0.62577856,-0.32497722,-0.3849645,-0.6594294,-0.6924485,-0.61566925,-0.6657266,-0.6166105,-0.6660638,-0.4326163,-0.4479557,-0.58649915,-0.5987238
1.2066118,0.9700207,-0.012443833,1.303044,1.7136478,1.3669795,1.0137148,0.34606925,-0.014704553,0.8805374,0.5922065,0.019928241,1.0024601,0.6540977,0.9663628,0.9153582,1.0412946,1.5343859,-0.6016948,-0.664589,0.9532959,1.3816428,0.9163184,1.3105857,0.9127117,1.3036551,-0.52785486,-0.56345785,-0.60278773,-0.6901942,0.83994067,1.1446452,0.77852017,0.9359515,0.74186414,1.0705245,0.48509228,0.84318495,0.8713249,1.1351198,0.8505898,1.2010043,0.91184086,1.1990477,-0.26520947,-0.3200831,0.8940587,1.2561171,1.1026506,1.6596196,1.0975742,1.6589167,0.10587513,0.10066741,0.5539926,0.54605216
0.530007,-0.4886629,0.455248,0.6348163,3.4324522,0.47230738,1.2749366,-0.48028335,0.47094664,1.8190963,-0.4418315,0.57190937,1.7298707,0.96804184,3.0011241,0.579488,1.9372549,2.0010936,-2.4579203,-2.5351598,2.2777967,2.344338,2.3088148,2.3779538,2.310286,2.379714,-2.4517157,-2.5293846,-2.5086355,-2.586979,2.045996,2.1155303,2.7647908,2.852997,2.0776336,2.1589088,1.2009246,1.2637386,1.9693984,2.081714,2.364993,2.436426,1.7975237,1.8374366,-0.08590619,-0.11365724,2.4078047,2.4717138,1.6643827,1.7338386,1.649235,1.7152884,1.5907464,1.651521,2.561675,2.6031299
-0.14659771,-0.8682559,-0.4891857,-0.03341135,-0.43485752,-0.18378547,-0.22708881,-0.87473744,-0.49555546,-0.13820645,-0.86485523,-0.5008815,-0.17989329,0.15599923,-0.63370246,-0.09225239,-0.65133166,-0.69511765,0.5988122,0.62317413,-0.66495895,-0.70376,-0.6656494,-0.70341796,-0.6658082,-0.70350933,0.5789763,0.6023432,0.6023028,0.6280673,-0.6522975,-0.6876826,-0.63230735,-0.66235024,-0.6485578,-0.69114465,-0.59071505,-0.6450731,-0.60785794,-0.65642154,-0.6638135,-0.7000882,-0.5990299,-0.62577856,-0.32497722,-0.3849645,-0.6594294,-0.6924485,-0.61566925,-0.6657266,-0.6166105,-0.6660638,-0.4326163,-0.4479557,-0.58649915,-0.5987238
1.2066118,0.13106102,-0.4750904,1.303044,0.42454463,1.1284002,0.81779844,0.16649409,-0.47169146,0.9671184,0.1386104,-0.47037983,0.88931966,1.4412546,-0.63310814,1.2512283,-0.65133166,-0.664415,0.5988122,0.5943127,-0.66495895,-0.66938454,-0.6656494,-0.67054164,-0.6658082,-0.67060304,0.5789763,0.57034767,0.6023028,0.5936855,-0.6522975,-0.6564348,-0.63230735,-0.61877,-0.6485578,-0.6568819,-0.59071505,-0.6215644,-0.60785794,-0.63851184,-0.6638135,-0.6666081,-0.5990299,-0.5901425,-0.32497722,-0.2773672,-0.6594294,-0.66460025,-0.61566925,-0.6357668,-0.6166105,-0.6362648,-0.4326163,-0.43917307,-0.58649915,-0.5681006
0.530007,-0.09766609,-0.47831658,0.6348163,-0.005156449,0.47230738,0.23004936,-0.048329826,-0.47621617,0.4533113,-0.051336177,-0.47914287,0.4329003,0.8407241,-0.63370246,0.579488,-0.65133166,-0.67130375,0.5988122,0.60076505,-0.66495895,-0.67718923,-0.6656494,-0.6780295,-0.6658082,-0.6780974,0.5789763,0.57749546,0.6023028,0.6014013,-0.6522975,-0.66347045,-0.63230735,-0.62865496,-0.6485578,-0.6647406,-0.59071505,-0.6271576,-0.60785794,-0.6430267,-0.6638135,-0.67424995,-0.5990299,-0.59842885,-0.32497722,-0.30226952,-0.6594294,-0.670956,-0.61566925,-0.6426089,-0.6166105,-0.6430915,-0.4326163,-0.44103107,-0.58649915,-0.5748775
-1.4998071,-0.898585,-0.48961347,-1.3698667,-1.2942597,-1.4959712,-1.5331979,-0.908337,-0.4005437,-1.3264775,-0.90151393,-0.41582298,-1.3570983,-1.3681316,-0.39986163,-1.4357332,-0.65133166,-0.49814308,0.5988122,0.20221342,-0.66495895,-0.46116355,-0.6656494,-0.43772608,-0.6658082,-0.434957,0.5789763,0.15965204,0.6023028,0.20972368,-0.6522975,-0.37533155,-0.63230735,-0.3229832,-0.6485578,-0.2968721,-0.59071505,-0.21872762,-0.60785794,-0.26400593,-0.6638135,-0.39658412,-0.5990299,-0.26306823,-0.32497722,0.74391395,-0.6594294,-0.44675282,-0.61566925,-0.5285469,-0.6166105,-0.53360695,-0.4326163,0.120080315,-0.58649915,-0.3500422
-0.82320243,-0.7383556,0.11467998,-0.701639,-0.005156449,-0.8398783,-0.684227,-0.70161575,0.10254265,-0.4089865,-0.7194037,0.09351041,-0.47649154,-0.9325079,0.9996832,-0.7639928,0.5474377,0.67137027,-1.0577395,-1.2500159,0.7538387,0.90465236,0.7856439,0.94200474,0.78916025,0.9461668,-1.1039656,-1.3009567,-1.0646505,-1.257563,0.75408584,0.91128236,0.9551217,1.1365845,0.8377738,1.0093993,0.3997363,0.508926,0.6145419,0.7636448,0.8505898,1.0162452,0.599247,0.7224921,-0.08590619,-0.08709473,0.82647085,0.9849992,0.27040422,0.35467958,0.27142873,0.35519195,1.120217,1.3157333,1.1969318,1.3866858
0.530007,1.9052162,1.5221127,0.6348163,0.42454463,0.7108866,-0.03117245,1.5633495,1.3504621,0.3192083,1.559025,1.5145131,0.1681159,0.32479113,0.13720892,0.579488,0.5563291,0.47064894,0.45090583,0.48190695,0.2845274,0.20728953,0.20679139,0.1334424,0.1963359,0.1235132,0.523111,0.54899645,0.42445907,0.45808747,-0.08810883,-0.1445699,-0.28108868,-0.3263033,-0.23786089,-0.29442874,-0.43318906,-0.49017856,-0.4261297,-0.47771093,0.09338818,0.025616573,0.18896736,0.11979635,-0.32497722,-0.3849645,0.21252887,0.13994826,0.74656516,0.662829,0.7342855,0.64944583,-0.4326163,-0.4479557,-0.54305947,-0.558084
1.2066118,-0.25344396,0.73571527,1.303044,0.42454463,1.1284002,2.9728782,-0.19394572,0.8075149,2.3650293,-0.19782583,0.81913507,2.4829793,1.3575218,3.4307556,1.2512283,3.867603,4.2537217,-2.199084,-2.4163327,3.4784515,3.8086398,3.341791,3.6615095,3.3122737,3.6296704,-1.9698776,-2.166874,-2.1715288,-2.3859572,2.0459962,2.259708,2.3937292,2.6300116,2.3867946,2.6452866,1.8147157,2.0494597,2.055535,2.3187642,3.1221948,3.4221325,5.2295446,5.672885,-0.32497722,-0.3849645,3.3901885,3.6999273,3.766392,4.1831837,3.8370407,4.2553177,0.12467314,0.16001567,2.9343584,3.1662266
1.2066118,-0.27116755,-0.48076382,1.303044,0.42454463,1.1284002,0.6218821,-0.27245265,-0.4873035,0.6409064,-0.26065472,-0.49239886,0.6325052,0.9406102,-0.63370246,1.2512283,-0.65133166,-0.69511765,0.5988122,0.62317413,-0.66495895,-0.70376,-0.6656494,-0.70341796,-0.6658082,-0.70350933,0.5789763,0.6023432,0.6023028,0.6280673,-0.6522975,-0.6876826,-0.63230735,-0.66235024,-0.6485578,-0.69114465,-0.59071505,-0.6450731,-0.60785794,-0.65642154,-0.6638135,-0.7000882,-0.5990299,-0.62577856,-0.32497722,-0.3849645,-0.6594294,-0.6924485,-0.61566925,-0.6657266,-0.6166105,-0.6660638,-0.4326163,-0.4479557,-0.58649915,-0.5987238
0.530007,-0.40525305,0.48947176,0.6348163,-0.005156449,0.47230738,1.1443256,-0.381484,0.5139262,1.4225651,-0.38369462,0.52043986,1.399442,0.55847275,2.650419,0.579488,2.9638164,3.1398914,-1.6395048,-1.732262,2.6497693,2.7930481,2.540303,2.6791108,2.5166576,2.6544173,-1.4601068,-1.5436398,-1.6167625,-1.7076215,1.5063375,1.5963126,1.7885219,1.8890196,1.7797242,1.8943577,1.3336296,1.4429936,1.5228564,1.6491133,2.364993,2.4943635,4.06383,4.25531,-0.32497722,-0.3849645,2.5802648,2.7113595,2.8899796,3.0918286,2.9463105,3.1476543,0.013215263,0.023192175,2.230187,2.3189068
1.2066118,0.5717865,1.7063874,1.303044,1.2839468,1.3669795,1.0790203,0.73471725,1.8982406,1.1817714,0.68582743,1.842856,1.3214086,0.9637599,0.8351037,1.2512283,0.801089,0.79903305,-0.6805782,-0.5998237,0.8392273,0.81060785,0.849726,0.8194018,0.847912,0.81700206,-0.64307696,-0.5521131,-0.6718017,-0.5877719,0.68867266,0.6468117,0.6693844,0.59735787,0.6347025,0.57442015,0.19956982,0.13854541,0.32171178,0.25461498,0.8505898,0.8123662,0.72298205,0.70158815,-0.20544171,-0.2721974,0.94153965,0.9161499,0.6499529,0.672019,0.6602824,0.6825775,0.38755634,0.2715796,1.1504465,1.0986857
-0.14659771,-0.55706215,0.24322821,-0.03341135,-0.43485752,-0.18378547,0.49127117,-0.57121927,0.21684612,0.4612676,-0.55945843,0.23826012,0.47968894,-0.15202942,1.6570798,-0.42812258,2.0600293,2.0130382,-1.0799257,-1.0401565,1.8210874,1.7655691,1.7388148,1.6852114,1.7210413,1.6677465,-0.95033616,-0.91307855,-1.0619961,-1.0213183,0.9666787,0.92519873,1.1833146,1.1393422,1.1726538,1.134651,0.85254353,0.82945013,0.99017775,0.97167027,1.6077914,1.5557274,2.898115,2.8210838,-0.32497722,-0.3849645,1.7703414,1.7112072,2.0135674,1.9877335,2.0555801,2.027057,-0.09824261,-0.11524677,1.5260154,1.4616097
-0.82320243,-0.14675663,-0.47900897,-0.701639,-0.8645586,-0.8398783,-1.1413652,-0.2321413,-0.48675117,-1.0741463,-0.22853404,-0.49194792,-1.0709348,-1.0113755,-0.63370246,-0.7639928,-0.65133166,-0.69511765,0.5988122,0.62317413,-0.66495895,-0.70376,-0.6656494,-0.70341796,-0.6658082,-0.70350933,0.5789763,0.6023432,0.6023028,0.6280673,-0.6522975,-0.6876826,-0.63230735,-0.66235024,-0.6485578,-0.69114465,-0.59071505,-0.6450731,-0.60785794,-0.65642154,-0.6638135,-0.7000882,-0.5990299,-0.62577856,-0.32497722,-0.3849645,-0.6594294,-0.6924485,-0.61566925,-0.6657266,-0.6166105,-0.6660638,-0.4326163,-0.4479557,-0.58649915,-0.5987238
-0.82320243,-0.6888815,-0.4866556,-0.701639,-0.8645586,-0.8398783,-0.88014334,-0.71660227,-0.4933888,-0.96206826,-0.7215268,-0.49886873,-0.9535157,-0.87276495,-0.63370246,-0.7639928,-0.65133166,-0.69511765,0.5988122,0.62317413,-0.66495895,-0.70376,-0.6656494,-0.70341796,-0.6658082,-0.70350933,0.5789763,0.6023432,0.6023028,0.6280673,-0.6522975,-0.6876826,-0.63230735,-0.66235024,-0.6485578,-0.69114465,-0.59071505,-0.6450731,-0.60785794,-0.65642154,-0.6638135,-0.7000882,-0.5990299,-0.62577856,-0.32497722,-0.3849645,-0.6594294,-0.6924485,-0.61566925,-0.6657266,-0.6166105,-0.6660638,-0.4326163,-0.4479557,-0.58649915,-0.5987238
1.2066118,-0.17791113,1.1889925,1.303044,4.721555,1.1284002,2.4504347,-0.36013883,0.7765918,2.170686,-0.38403,0.7428325,2.1339061,1.2638309,3.3198955,0.579488,2.5844016,2.357202,-3.2221034,-2.9658945,3.0134857,2.7517462,3.0524309,2.7909105,3.0543096,2.7930675,-3.2093887,-2.9577856,-3.2863703,-3.025344,2.7205696,2.496135,3.6140654,3.325613,2.7591813,2.5482452,1.6488343,1.5548673,2.6137125,2.451277,3.1221948,2.8584085,2.3966622,2.1186137,-0.026138432,-0.07715587,3.174613,2.8952515,2.2343955,2.0474336,2.2156966,2.026216,2.0965872,1.9483966,3.3487184,3.041269
-0.82320243,-0.84202343,-0.48881564,-0.701639,-0.8645586,-0.8398783,-1.0760597,-0.84759843,-0.15779193,0.01047258,-0.835501,-0.25933877,-0.35158965,-0.34586608,1.0644178,-0.7639928,-0.65133166,0.9788252,0.5988122,-0.54674166,-0.66495895,0.7945068,-0.6656494,0.7869432,-0.6658082,0.7849663,0.5789763,-0.44745535,0.6023028,-0.5415939,-0.6522975,0.7890786,-0.63230735,0.8519573,-0.6485578,1.0673507,-0.59071505,1.7634099,-0.60785794,1.661212,-0.6638135,0.7348453,-0.5990299,-0.36855045,-0.32497722,0.98036855,-0.6594294,0.6501456,-0.61566925,1.2374543,-0.6166105,1.2204223,-0.4326163,-0.36294928,-0.58649915,0.2524266
-1.4998071,0.15940148,-0.47469065,-1.3698667,-1.2942597,-1.4959712,-1.3372815,0.20636284,-0.48074317,-1.3758886,0.24956925,-0.41282615,-1.3810556,-1.3231999,-0.63370246,-1.4357332,-0.65133166,-0.69511765,0.5988122,0.62317413,-0.66495895,-0.70376,-0.6656494,-0.70341796,-0.6658082,-0.70350933,0.5789763,0.6023432,0.6023028,0.6280673,-0.6522975,-0.6876826,-0.63230735,-0.66235024,-0.6485578,-0.69114465,-0.59071505,-0.6450731,-0.60785794,-0.65642154,-0.6638135,-0.7000882,-0.5990299,-0.62577856,-0.32497722,-0.3849645,-0.6594294,-0.6924485,-0.61566925,-0.6657266,-0.6166105,-0.6660638,-0.4326163,-0.4479557,-0.58649915,-0.5987238
-1.4998071,-0.87218916,-0.48924115,-1.3698667,-1.2942597,-1.4959712,-1.1413652,-0.8719785,-0.49551767,-1.38381,-0.8655935,-0.49982873,-1.3172203,-1.3428315,-0.63370246,-1.4357332,-0.65133166,-0.69511765,0.5988122,0.62317413,-0.66495895,-0.70376,-0.6656494,-0.70341796,-0.6658082,-0.70350933,0.5789763,0.6023432,0.6023028,0.6280673,-0.6522975,-0.6876826,-0.63230735,-0.66235024,-0.6485578,-0.69114465,-0.59071505,-0.6450731,-0.60785794,-0.65642154,-0.6638135,-0.7000882,-0.5990299,-0.62577856,-0.32497722,-0.3849645,-0.6594294,-0.6924485,-0.61566925,-0.6657266,-0.6166105,-0.6660638,-0.4326163,-0.4479557,-0.58649915,-0.5987238
-0.82320243,-0.5248975,0.5568995,-1.3698667,-0.43485752,-0.8398783,-0.684227,-0.6321717,0.32721335,-0.91459423,-0.72501683,0.12204893,-1.1078007,-1.2482717,0.5696588,-1.4357332,1.1051146,0.7728927,-0.63867146,-0.40619248,0.91592497,0.6120073,0.90667313,0.6064112,0.904442,0.60481673,-0.5313464,-0.32168913,-0.6346403,-0.40187415,0.90126544,0.61569005,0.9670275,0.67303014,1.1897997,0.8557977,1.8799657,1.4718567,1.7762884,1.3806396,0.8505898,0.5622342,-0.32551017,-0.36549324,0.9899134,0.7918676,0.7629595,0.48882216,1.3607438,1.0039445,1.3451488,0.9884346,-0.3430798,-0.3715218,0.32813838,0.15650147
1.2066118,0.41300306,-0.47111365,1.303044,0.42454463,1.1284002,0.5565766,0.51720756,-0.47648424,0.7437007,0.50150895,-0.4816985,0.7574644,1.0690637,-0.63370246,1.2512283,-0.65133166,-0.69511765,0.5988122,0.62317413,-0.66495895,-0.70376,-0.6656494,-0.70341796,-0.6658082,-0.70350933,0.5789763,0.6023432,0.6023028,0.6280673,-0.6522975,-0.6876826,-0.63230735,-0.66235024,-0.6485578,-0.69114465,-0.59071505,-0.6450731,-0.60785794,-0.65642154,-0.6638135,-0.7000882,-0.5990299,-0.62577856,-0.32497722,-0.3849645,-0.6594294,-0.6924485,-0.61566925,-0.6657266,-0.6166105,-0.6660638,-0.4326163,-0.4479557,-0.58649915,-0.5987238
-0.14659771,-0.591487,-0.48528185,-0.03341135,-0.43485752,-0.18378547,-0.35769972,-0.6129619,-0.49196884,-0.5122289,-0.60623205,-0.49050882,-0.44103643,-0.39063153,-0.63370246,-0.09225239,-0.65133166,-0.69511765,0.5988122,0.62317413,-0.66495895,-0.70376,-0.6656494,-0.70341796,-0.6658082,-0.70350933,0.5789763,0.6023432,0.6023028,0.6280673,-0.6522975,-0.6876826,-0.63230735,-0.66235024,-0.6485578,-0.69114465,-0.59071505,-0.6450731,-0.60785794,-0.65642154,-0.6638135,-0.7000882,-0.5990299,-0.62577856,-0.32497722,-0.3849645,-0.6594294,-0.6924485,-0.61566925,-0.6657266,-0.6166105,-0.6660638,-0.4326163,-0.4479557,-0.58649915,-0.5987238
0.530007,1.3932164,3.4562001,0.6348163,0.8542457,0.9494658,0.5565766,1.6524258,3.9279034,0.74382716,1.5339149,3.7708929,0.7365753,0.44497284,0.8656021,0.579488,1.409365,1.703654,-0.00020871371,-0.061040476,1.0793147,1.3124723,0.99652016,1.2167114,0.98257196,1.2006809,0.14252868,0.1055118,-0.016168725,-0.07942482,0.5496697,0.70279354,0.22688857,0.32522824,0.30223364,0.41344115,-0.1381299,-0.11067676,-0.10775991,-0.06686979,0.8505898,1.0470878,0.91184086,1.1018965,-0.32497722,-0.3849645,1.0705478,1.2959588,1.5691504,1.9068519,1.5671586,1.9012145,-0.38886026,-0.3981248,0.30217078,0.3945088
1.2066118,-0.36357945,-0.4820673,1.303044,0.42454463,1.1284002,1.0137148,-0.41938618,-0.48800093,0.72308755,-0.3636885,-0.491132,0.91420025,1.0574826,-0.6284595,1.2512283,-0.65133166,-0.68757504,0.5988122,0.6183112,-0.66495895,-0.69669825,-0.6656494,-0.69669336,-0.6658082,-0.6968135,0.5789763,0.597847,0.6023028,0.6233339,-0.6522975,-0.6815755,-0.63230735,-0.6577738,-0.6485578,-0.68520445,-0.59071505,-0.6396445,-0.60785794,-0.65037185,-0.6638135,-0.6938243,-0.5990299,-0.616849,-0.32497722,-0.3849645,-0.6594294,-0.6861259,-0.61566925,-0.6583469,-0.6166105,-0.6585969,-0.4326163,-0.44659367,-0.58649915,-0.5929936
-0.14659771,-0.24271977,-0.2568601,-0.03341135,0.42454463,-0.18378547,0.034133,-0.15051349,-0.24600022,0.04580995,-0.1696952,-0.26302233,-0.04799993,0.03950768,0.11507595,-0.09225239,-0.004185033,-0.049731005,-0.1653709,-0.12543206,0.07073001,0.02316298,0.077966645,0.03108552,0.07821536,0.03132684,-0.17869677,-0.1396666,-0.17543179,-0.13363835,0.022275899,-0.024252862,0.2169672,0.16744646,0.032990072,-0.015158038,-0.14280513,-0.1841108,0.036456157,-0.008431608,0.09338818,0.047073517,0.00010852704,-0.031806357,-0.26520947,-0.32270315,0.10737913,0.06117328,-0.04565625,-0.091588125,-0.050149105,-0.09552764,0.07322438,0.044026773,0.20054437,0.17052285
-0.82320243,1.4250507,-0.45683885,-0.701639,-0.8645586,-0.8398783,-0.8148379,1.4282348,-0.3181072,-0.68751156,1.4830923,-0.32645673,-0.6945614,-0.53751916,-0.5652993,-0.7639928,-0.65133166,-0.54814523,0.5988122,0.60584515,-0.66495895,-0.591446,-0.6656494,-0.60125464,-0.6658082,-0.6026736,0.5789763,0.59559083,0.6023028,0.6077027,-0.6522975,-0.6265088,-0.63230735,-0.62415063,-0.6485578,-0.6439727,-0.59071505,-0.6224301,-0.60785794,-0.62653995,-0.6638135,-0.6126313,-0.5990299,-0.5569311,-0.32497722,-0.3849645,-0.6594294,-0.5930795,-0.61566925,-0.49849582,-0.6166105,-0.5002246,-0.4326163,-0.4479557,-0.58649915,-0.5947104
-1.4998071,-0.8340883,-0.48870373,-1.3698667,-1.2942597,-1.4959712,-1.3372815,-0.80825174,-0.49464452,-1.2914479,-0.8059865,-0.49596578,-1.249384,-1.2252918,-0.63370246,-1.4357332,-0.65133166,-0.69511765,0.5988122,0.62317413,-0.66495895,-0.70376,-0.6656494,-0.70341796,-0.6658082,-0.70350933,0.5789763,0.6023432,0.6023028,0.6280673,-0.6522975,-0.6876826,-0.63230735,-0.66235024,-0.6485578,-0.69114465,-0.59071505,-0.6450731,-0.60785794,-0.65642154,-0.6638135,-0.7000882,-0.5990299,-0.62577856,-0.32497722,-0.3849645,-0.6594294,-0.6924485,-0.61566925,-0.6657266,-0.6166105,-0.6660638,-0.4326163,-0.4479557,-0.58649915,-0.5987238
0.530007,2.220835,3.9570289,0.6348163,1.2839468,1.1284002,0.9484093,2.4947386,4.0189066,1.0605255,2.4296072,4.1077223,0.9917163,0.3360154,1.9795172,0.579488,2.2173955,2.2906728,-0.8334148,-0.8873108,1.8851832,1.9481332,1.7821528,1.8476248,1.7718935,1.8375124,-0.6640264,-0.71234685,-0.839028,-0.88921165,1.6412522,1.7114567,1.0999745,1.1525756,1.2251631,1.2930728,1.0215932,1.0984513,0.96885234,1.0448577,1.6077914,1.6724112,1.5044669,1.5133001,0.03362931,0.023807244,1.7522192,1.8164287,2.3751736,2.464671,2.363703,2.4516861,-0.089017145,-0.08844589,0.9611393,1.0554947
1.2066118,0.5498092,-0.46918404,1.303044,0.42454463,1.1284002,0.9484093,0.6550868,-0.47328296,0.80129755,0.65419215,-0.47767696,0.7946998,1.159731,-0.6294668,1.2512283,-0.65133166,-0.6891126,0.5988122,0.6223188,-0.66495895,-0.6991689,-0.6656494,-0.6985704,-0.6658082,-0.6987131,0.5789763,0.6023865,0.6023028,0.6270639,-0.6522975,-0.68569607,-0.63230735,-0.6585701,-0.6485578,-0.68538904,-0.59071505,-0.640194,-0.60785794,-0.64929414,-0.6638135,-0.6953861,-0.5990299,-0.6183931,-0.32497722,-0.3821174,-0.6594294,-0.6877161,-0.61566925,-0.656311,-0.6166105,-0.65676993,-0.4326163,-0.44795516,-0.58649915,-0.59870917
1.2066118,0.4083086,-0.47117987,1.303044,0.42454463,1.1284002,0.5565766,0.21197122,-0.47998077,0.7919715,0.3289064,-0.48377547,0.7352998,1.1662126,-0.5104592,1.2512283,-0.65133166,-0.23293537,0.5988122,0.07955618,-0.66495895,-0.22373636,-0.6656494,-0.19896895,-0.6658082,-0.19644164,0.5789763,0.06281428,0.6023028,0.06868509,-0.6522975,-0.13338743,-0.63230735,-0.028702194,-0.6485578,-0.025222411,-0.59071505,0.22419782,-0.60785794,0.05089762,-0.6638135,-0.1671032,-0.5990299,0.0020794256,-0.32497722,1.2286404,-0.6594294,-0.24069896,-0.61566925,-0.19971977,-0.6166105,-0.20853728,-0.4326163,-0.13512845,-0.58649915,-0.125888
-0.14659771,0.5168201,-0.4696493,-0.03341135,-0.43485752,-0.18378547,-0.29239425,0.5263544,-0.47635892,-0.15729083,0.59001315,-0.42083958,-0.11698978,0.09957833,-0.63370246,-0.09225239,-0.65133166,-0.69511765,0.5988122,0.62317413,-0.66495895,-0.70376,-0.6656494,-0.70341796,-0.6658082,-0.70350933,0.5789763,0.6023432,0.6023028,0.6280673,-0.6522975,-0.6876826,-0.63230735,-0.66235024,-0.6485578,-0.69114465,-0.59071505,-0.6450731,-0.60785794,-0.65642154,-0.6638135,-0.7000882,-0.5990299,-0.62577856,-0.32497722,-0.3849645,-0.6594294,-0.6924485,-0.61566925,-0.6657266,-0.6166105,-0.6660638,-0.4326163,-0.4479557,-0.58649915,-0.5987238
-0.14659771,0.2861116,-0.47290343,-0.03341135,-0.43485752,-0.18378547,-0.6189215,0.30343553,-0.47941315,-0.35935995,0.30902606,-0.4844009,-0.4626453,-0.1610245,-0.63370246,-0.09225239,-0.65133166,-0.69511765,0.5988122,0.62317413,-0.66495895,-0.70376,-0.6656494,-0.70341796,-0.6658082,-0.70350933,0.5789763,0.6023432,0.6023028,0.6280673,-0.6522975,-0.6876826,-0.63230735,-0.66235024,-0.6485578,-0.69114465,-0.59071505,-0.6450731,-0.60785794,-0.65642154,-0.6638135,-0.7000882,-0.5990299,-0.62577856,-0.32497722,-0.3849645,-0.6594294,-0.6924485,-0.61566925,-0.6657266,-0.6166105,-0.6660638,-0.4326163,-0.4479557,-0.58649915,-0.5987238
-0.82320243,-0.8769611,-0.19989058,-0.701639,-0.005156449,-0.8398783,-0.22708881,-0.8999172,-0.23463307,-0.31442556,-0.8916561,-0.22739342,-0.35224813,-0.7458373,0.9857776,-0.7639928,0.27816844,0.15605015,-1.2598783,-1.0652528,0.6186944,0.46519288,0.7264506,0.56446844,0.73361766,0.5711168,-1.2715614,-1.0788387,-1.1867523,-0.9974592,0.7377326,0.58191365,0.9114673,0.7421399,0.89778435,0.73012626,1.2139364,1.0452911,0.59479856,0.46692425,0.8505898,0.6786817,-0.038965706,-0.119688734,-0.20544171,-0.26570144,0.88453805,0.7078627,-0.09948313,-0.18812181,-0.089169025,-0.1787125,1.9522469,1.7276257,1.2882993,1.0776538
1.2066118,0.67874086,-0.44686,1.303044,0.42454463,1.1284002,0.6218821,0.4068521,-0.42202038,0.49161437,0.5452997,-0.42570525,0.50331235,0.7535266,-0.5384953,0.9153582,0.06871595,0.5497419,-0.23685902,-0.35626376,0.121137515,0.5640642,0.08893329,0.50167406,0.092903316,0.5022541,-0.30439362,-0.4087458,-0.26302645,-0.41171756,0.3207236,0.602969,0.1415643,0.3379813,0.102913015,0.4478466,-0.045567565,0.27872857,-0.06334364,0.16451898,0.09338818,0.47380108,0.5471479,0.89386386,0.03362931,0.26440504,0.009689071,0.3942842,-0.060838226,0.4361651,-0.050149105,0.44979143,0.29900324,0.4332225,0.25841045,0.3165954
-0.14659771,0.18837312,-0.47428203,-0.03341135,-0.43485752,-0.18378547,-0.42300516,0.20672207,-0.48073822,-0.469476,0.2219668,-0.48562315,-0.4496796,-0.3225805,-0.63370246,-0.09225239,-0.65133166,-0.69511765,0.5988122,0.62317413,-0.66495895,-0.70376,-0.6656494,-0.70341796,-0.6658082,-0.70350933,0.5789763,0.6023432,0.6023028,0.6280673,-0.6522975,-0.6876826,-0.63230735,-0.66235024,-0.6485578,-0.69114465,-0.59071505,-0.6450731,-0.60785794,-0.65642154,-0.6638135,-0.7000882,-0.5990299,-0.62577856,-0.32497722,-0.3849645,-0.6594294,-0.6924485,-0.61566925,-0.6657266,-0.6166105,-0.6660638,-0.4326163,-0.4479557,-0.58649915,-0.5987238
-0.14659771,-0.0209299,0.92995435,-0.03341135,-0.005156449,-0.18378547,0.23004936,-0.13380593,0.60066026,0.13750172,-0.16798978,0.6016499,0.14878328,0.017545804,0.30591226,-0.09225239,-0.06644476,-0.063230045,-0.50802076,-0.562397,0.005765159,0.016890207,0.028682929,0.04260956,0.036373302,0.05101471,-0.5872117,-0.6469728,-0.5045755,-0.5578832,0.3248119,0.36666304,0.30427572,0.3424808,0.2438305,0.27639228,0.2699827,0.3050771,0.22156711,0.25706807,0.09338818,0.11310223,0.37131387,0.40992427,0.9899134,1.1638237,-0.040230025,-0.029936511,-0.2195585,-0.23354104,-0.22910248,-0.24373442,1.0160758,1.1108739,0.020534195,0.04176585
1.2066118,-0.43918607,-0.4831337,1.303044,0.42454463,1.1284002,0.81779844,-0.41902474,-0.47419414,0.94312227,-0.41177568,-0.46445104,0.8795853,1.3819487,-0.6010975,1.2512283,-0.65133166,-0.66041344,0.5988122,0.59935707,-0.66495895,-0.66486865,-0.6656494,-0.6604013,-0.6658082,-0.6604104,0.5789763,0.5805002,0.6023028,0.60110044,-0.6522975,-0.65382236,-0.63230735,-0.6244413,-0.6485578,-0.6303212,-0.59071505,-0.57041943,-0.60785794,-0.5944928,-0.6638135,-0.6530865,-0.5990299,-0.545936,-0.32497722,-0.33211127,-0.6594294,-0.65071183,-0.61566925,-0.61218095,-0.6166105,-0.61376476,-0.4326163,-0.44423777,-0.58649915,-0.5856195
0.530007,-0.07095746,-0.47793987,-0.701639,-0.005156449,0.47230738,0.09943845,-0.18065184,-0.4860457,0.09814982,-0.1605409,-0.47763643,0.12594318,0.34795478,-0.63370246,0.579488,-0.65133166,-0.69511765,0.5988122,0.62317413,-0.66495895,-0.70376,-0.6656494,-0.70341796,-0.6658082,-0.70350933,0.5789763,0.6023432,0.6023028,0.6280673,-0.6522975,-0.6876826,-0.63230735,-0.66235024,-0.6485578,-0.69114465,-0.59071505,-0.6450731,-0.60785794,-0.65642154,-0.6638135,-0.7000882,-0.5990299,-0.62577856,-0.32497722,-0.3849645,-0.6594294,-0.6924485,-0.61566925,-0.6657266,-0.6166105,-0.6660638,-0.4326163,-0.4479557,-0.58649915,-0.5987238
-0.14659771,-0.5333905,-0.34109163,-0.03341135,-0.005156449,-0.18378547,-0.03117245,-0.5393928,-0.33528593,-0.18119012,-0.53136593,-0.3372964,-0.105190136,-0.3331049,0.21690327,-0.09225239,-0.18658161,-0.17619811,-0.33053306,-0.40618536,-0.023132248,0.008899069,0.030400606,0.06955647,0.03390473,0.073574044,-0.34629261,-0.42259938,-0.29222474,-0.36294466,0.042717546,0.08633419,0.13958001,0.19390544,0.12461326,0.1753415,0.31161073,0.3854675,-0.006529679,0.02843295,0.09338818,0.14048702,-0.3189978,-0.31723785,-0.26520947,-0.31225505,0.11255435,0.16125964,-0.3575762,-0.37455198,-0.35288978,-0.36894715,0.75981534,0.87840044,0.35090008,0.4232898
-0.14659771,1.3169465,-0.45836365,-0.03341135,-0.43485752,-0.18378547,-0.0964779,1.4502792,-0.4637001,-0.34407476,1.4051255,-0.463946,-0.28029573,-0.14175354,-0.63370246,-0.09225239,-0.65133166,-0.69511765,0.5988122,0.62317413,-0.66495895,-0.70376,-0.6656494,-0.70341796,-0.6658082,-0.70350933,0.5789763,0.6023432,0.6023028,0.6280673,-0.6522975,-0.6876826,-0.63230735,-0.66235024,-0.6485578,-0.69114465,-0.59071505,-0.6450731,-0.60785794,-0.65642154,-0.6638135,-0.7000882,-0.5990299,-0.62577856,-0.32497722,-0.3849645,-0.6594294,-0.6924485,-0.61566925,-0.6657266,-0.6166105,-0.6660638,-0.4326163,-0.4479557,-0.58649915,-0.5987238
1.8832164,1.6025958,0.20926906,1.9712716,1.7136478,1.7844931,1.8626857,1.4278342,-0.29946098,1.421405,1.4275156,-0.2760668,1.409476,1.8830835,-0.32482025,1.5870986,-0.004185033,-0.33616227,-0.1653709,0.2948326,0.07073001,-0.3265622,0.077966645,-0.32881618,0.07821536,-0.32929534,-0.17869677,0.28249332,-0.17543179,0.29295433,0.022275899,-0.3523552,0.2169672,-0.30180323,0.032990072,-0.37114146,-0.14280513,-0.40902063,0.036456157,-0.36564574,0.09338818,-0.32832816,0.00010852704,-0.3494564,-0.26520947,-0.35972905,0.10737913,-0.3110972,-0.04565625,-0.32767263,-0.050149105,-0.33012453,0.07322438,-0.23745574,0.20054437,-0.2655924
1.8832164,2.210404,1.9072193,1.9712716,1.7136478,2.0230722,1.6014638,2.3420265,2.1755958,1.7498094,2.3530974,2.0656672,1.7717226,1.6228014,0.85249746,1.9229687,1.3937091,2.1805243,-0.15058024,-0.3473839,1.1023457,1.7913154,1.0040513,1.6451612,0.99454427,1.631327,-0.025067165,-0.17588663,-0.17808624,-0.4036024,0.8522055,1.3950902,0.44714436,0.78448164,0.67060167,1.2057104,0.7341945,1.3272603,0.7226127,1.2221111,0.8505898,1.4267924,0.7685687,1.2309048,-0.20544171,-0.22434606,0.9234451,1.5163113,1.64368,2.526758,1.6357799,2.521039,-0.27118456,-0.24961148,0.00658861,0.12742883
-0.82320243,-0.122139946,-0.4786618,-0.701639,-0.8645586,-0.8398783,-1.0760597,-0.1814235,-0.48605627,-0.8751204,-0.17361893,-0.4832376,-0.9338722,-0.75242466,-0.63370246,-0.7639928,-0.65133166,-0.69511765,0.5988122,0.62317413,-0.66495895,-0.70376,-0.6656494,-0.70341796,-0.6658082,-0.70350933,0.5789763,0.6023432,0.6023028,0.6280673,-0.6522975,-0.6876826,-0.63230735,-0.66235024,-0.6485578,-0.69114465,-0.59071505,-0.6450731,-0.60785794,-0.65642154,-0.6638135,-0.7000882,-0.5990299,-0.62577856,-0.32497722,-0.3849645,-0.6594294,-0.6924485,-0.61566925,-0.6657266,-0.6166105,-0.6660638,-0.4326163,-0.4479557,-0.58649915,-0.5987238
-1.4998071,-0.8754225,-0.19155666,-1.3698667,-0.8645586,-1.4959712,-1.4025869,-0.8995439,-0.23732515,-1.3712126,-0.88246304,-0.22011232,-1.3778305,-1.6160828,0.01044506,-1.4357332,-0.051946986,-0.13816375,-0.22946364,-0.14029257,0.0444399,-0.04813561,0.059997234,-0.032752145,0.061676018,-0.031110328,-0.26249468,-0.17346248,-0.23117387,-0.14067514,0.050894186,-0.036005795,0.16140714,0.071765095,0.094608,0.0019534435,-0.095489375,-0.17538252,0.0033419628,-0.07859552,0.09338818,-0.0005272252,0.00010852704,-0.075947344,-0.20544171,-0.2628232,0.08352075,-0.008847762,-0.1726325,-0.24994436,-0.17259088,-0.24994725,0.34380034,0.2711441,0.30521634,0.21074583
-0.14659771,-0.6012886,0.2163722,-0.03341135,0.8542457,-0.18378547,1.0137148,-0.57629573,0.32529846,0.88626224,-0.56130457,0.3469279,0.94302154,0.20219895,2.081564,-0.09225239,1.1468223,1.2719364,-1.8860153,-2.0732925,1.4632375,1.6114192,1.5112906,1.6651176,1.5166445,1.67115,-1.9454366,-2.1373427,-1.8981272,-2.0859253,1.4572774,1.6140773,1.7488362,1.9255286,1.5809394,1.7568012,0.89496195,1.0173247,1.2257416,1.389552,1.6077914,1.7705357,1.1983854,1.3144898,0.03362931,0.042451564,1.569421,1.7224058,0.713441,0.80335855,0.7154484,0.80426633,1.8966335,2.0903945,2.0886474,2.2587907
-0.82320243,-0.6183193,-0.48566034,-0.701639,-0.8645586,-0.8398783,-0.88014334,-0.65064865,-0.49248517,-0.90517193,-0.634545,-0.4976465,-0.92650175,-0.82100064,-0.63370246,-0.7639928,-0.65133166,-0.69511765,0.5988122,0.62317413,-0.66495895,-0.70376,-0.6656494,-0.70341796,-0.6658082,-0.70350933,0.5789763,0.6023432,0.6023028,0.6280673,-0.6522975,-0.6876826,-0.63230735,-0.66235024,-0.6485578,-0.69114465,-0.59071505,-0.6450731,-0.60785794,-0.65642154,-0.6638135,-0.7000882,-0.5990299,-0.62577856,-0.32497722,-0.3849645,-0.6594294,-0.6924485,-0.61566925,-0.6657266,-0.6166105,-0.6660638,-0.4326163,-0.4479557,-0.58649915,-0.5987238
-1.4998071,-0.8721724,-0.4892409,-1.3698667,-1.2942597,-1.4959712,-1.5331979,-0.9073103,-0.49600178,-1.4616138,-0.8943557,-0.5012957,-1.4786173,-1.4134219,-0.63370246,-1.4357332,-0.65133166,-0.69511765,0.5988122,0.62317413,-0.66495895,-0.70376,-0.6656494,-0.70341796,-0.6658082,-0.70350933,0.5789763,0.6023432,0.6023028,0.6280673,-0.6522975,-0.6876826,-0.63230735,-0.66235024,-0.6485578,-0.69114465,-0.59071505,-0.6450731,-0.60785794,-0.65642154,-0.6638135,-0.7000882,-0.5990299,-0.62577856,-0.32497722,-0.3849645,-0.6594294,-0.6924485,-0.61566925,-0.6657266,-0.6166105,-0.6660638,-0.4326163,-0.4479557,-0.58649915,-0.5987238
1.2066118,-0.619092,-0.48567125,1.303044,0.42454463,1.1284002,0.88310385,-0.62865984,-0.4921839,0.8891373,-0.62899154,-0.4975701,0.83237356,1.3571253,-0.63370246,1.2512283,-0.65133166,-0.69511765,0.5988122,0.62317413,-0.66495895,-0.70376,-0.6656494,-0.70341796,-0.6658082,-0.70350933,0.5789763,0.6023432,0.6023028,0.6280673,-0.6522975,-0.6876826,-0.63230735,-0.66235024,-0.6485578,-0.69114465,-0.59071505,-0.6450731,-0.60785794,-0.65642154,-0.6638135,-0.7000882,-0.5990299,-0.62577856,-0.32497722,-0.3849645,-0.6594294,-0.6924485,-0.61566925,-0.6657266,-0.6166105,-0.6660638,-0.4326163,-0.4479557,-0.58649915,-0.5987238
-0.14659771,-0.37532958,-0.482233,-1.3698667,-0.43485752,-0.18378547,-0.29239425,-0.31025624,-0.39752525,-0.2505241,-0.31198734,-0.43354103,-0.37312552,-0.15664476,-0.32816377,-0.09225239,-0.65133166,-0.19072203,0.5988122,0.51948285,-0.66495895,-0.28460774,-0.6656494,-0.31445268,-0.6658082,-0.3179459,0.5789763,0.53123504,0.6023028,0.5158892,-0.6522975,-0.39467862,-0.63230735,-0.5367283,-0.6485578,-0.49751237,-0.59071505,-0.5475902,-0.60785794,-0.5448195,-0.6638135,-0.3540201,-0.5990299,-0.26171058,-0.32497722,-0.3849645,-0.6594294,-0.30099088,-0.61566925,-0.11696256,-0.6166105,-0.11946062,-0.4326163,-0.44719896,-0.58649915,-0.4983366
-0.82320243,-0.7767682,-0.28385535,-0.701639,-0.8645586,-0.8398783,-0.6189215,-0.76161367,-0.26098132,-0.6325811,-0.7531695,-0.26701555,-0.6368906,-0.80447143,0.062492013,-0.7639928,-0.063814744,-0.009390427,0.01458189,-0.059000906,0.0444399,0.122285895,0.048237856,0.12900853,0.054764085,0.13679571,-0.056491446,-0.1395063,-0.09580026,-0.1863144,0.31254685,0.43868703,0.28840142,0.41044313,0.21677224,0.33188012,-0.15681769,-0.116590545,0.012005548,0.0974047,0.09338818,0.18366064,0.13035597,0.20467599,0.9301457,1.2758712,-0.0049215024,0.067579,0.004030129,0.065793715,0.010399031,0.07329555,-0.2956509,-0.28636396,0.08593414,0.17334798
-1.4998071,-0.9136122,-0.48982537,-1.3698667,-1.2942597,-1.4959712,-1.271976,-0.9162898,-0.49612477,-1.2988245,-0.9063384,-0.5014639,-1.2967395,-1.2164122,-0.63370246,-1.4357332,-0.65133166,-0.69511765,0.5988122,0.62317413,-0.66495895,-0.70376,-0.6656494,-0.70341796,-0.6658082,-0.70350933,0.5789763,0.6023432,0.6023028,0.6280673,-0.6522975,-0.6876826,-0.63230735,-0.66235024,-0.6485578,-0.69114465,-0.59071505,-0.6450731,-0.60785794,-0.65642154,-0.6638135,-0.7000882,-0.5990299,-0.62577856,-0.32497722,-0.3849645,-0.6594294,-0.6924485,-0.61566925,-0.6657266,-0.6166105,-0.6660638,-0.4326163,-0.4479557,-0.58649915,-0.5987238
0.530007,0.3683586,-0.47174335,-0.03341135,-0.005156449,0.47230738,0.23004936,0.33466986,-0.4287662,0.045169972,0.34346178,-0.44285598,0.08307933,0.25798166,-0.59851354,0.579488,-0.65133166,-0.639553,0.5988122,0.5116382,-0.66495895,-0.6370586,-0.6656494,-0.6319122,-0.6658082,-0.6311984,0.5789763,0.48557785,0.6023028,0.5169578,-0.6522975,-0.5945935,-0.63230735,-0.5677016,-0.6485578,-0.5885863,-0.59071505,-0.53651994,-0.60785794,-0.55325294,-0.6638135,-0.62021905,-0.5990299,-0.52883625,-0.32497722,-0.13074632,-0.6594294,-0.62732434,-0.61566925,-0.6252002,-0.6166105,-0.62668705,-0.4326163,-0.3079897,-0.58649915,-0.5328574
-1.4998071,-0.91361445,-0.48982543,-1.3698667,-1.2942597,-1.4959712,-1.3372815,-0.91550255,-0.49611402,-1.3420235,-0.9093019,-0.50150555,-1.3332328,-1.2835578,-0.63370246,-1.4357332,-0.65133166,-0.69511765,0.5988122,0.62317413,-0.66495895,-0.70376,-0.6656494,-0.70341796,-0.6658082,-0.70350933,0.5789763,0.6023432,0.6023028,0.6280673,-0.6522975,-0.6876826,-0.63230735,-0.66235024,-0.6485578,-0.69114465,-0.59071505,-0.6450731,-0.60785794,-0.65642154,-0.6638135,-0.7000882,-0.5990299,-0.62577856,-0.32497722,-0.3849645,-0.6594294,-0.6924485,-0.61566925,-0.6657266,-0.6166105,-0.6660638,-0.4326163,-0.4479557,-0.58649915,-0.5987238
-0.82320243,-0.6236671,-0.48573574,-0.701639,-0.8645586,-0.8398783,-0.94544876,-0.46601066,-0.48995548,-0.81003845,-0.5593886,-0.49641782,-0.8650456,-0.6603665,-0.63370246,-0.7639928,-0.65133166,-0.69511765,0.5988122,0.62317413,-0.66495895,-0.70376,-0.6656494,-0.70341796,-0.6658082,-0.70350933,0.5789763,0.6023432,0.6023028,0.6280673,-0.6522975,-0.6876826,-0.63230735,-0.66235024,-0.6485578,-0.69114465,-0.59071505,-0.6450731,-0.60785794,-0.65642154,-0.6638135,-0.7000882,-0.5990299,-0.62577856,-0.32497722,-0.3849645,-0.6594294,-0.6924485,-0.61566925,-0.6657266,-0.6166105,-0.6660638,-0.4326163,-0.4479557,-0.58649915,-0.5987238
-1.4998071,-0.7803661,0.0077482164,-1.3698667,-0.8645586,-1.4959712,-1.6638087,-0.6593815,0.27039775,-1.66903,-0.7652243,0.044783223,-1.6925663,-1.7378433,-0.523331,-2.1074736,0.38761854,0.14186381,0.16988365,0.2632737,0.22847071,0.018540746,0.1794409,-0.015646372,0.17485946,-0.017764956,0.24029294,0.3138373,0.18556447,0.27477893,0.15310228,0.052164238,-0.07670721,-0.1816568,0.1591729,-0.024389409,0.34072983,0.13010044,0.2716703,0.16298562,0.09338818,-0.07804402,0.29967773,0.12192299,-0.32497722,-0.3849645,0.09824439,-0.07268868,0.55334044,0.29500523,0.5445681,0.2857147,-0.40433246,-0.42084032,-0.27985674,-0.34078592
-0.14659771,0.5799237,1.5035157,-0.03341135,-0.005156449,0.05479375,0.1647439,0.64402026,1.6901803,-0.058641203,0.66782576,1.7049135,0.015855119,-0.16847397,0.11752808,-0.09225239,0.5563291,0.6890665,0.45090583,0.45532656,0.2845274,0.37811074,0.20679139,0.2904701,0.1963359,0.27869657,0.523111,0.53895396,0.42445907,0.42612994,-0.08810883,-0.042783022,-0.28108868,-0.2630997,-0.23786089,-0.21972969,-0.43318906,-0.46095887,-0.4261297,-0.44415864,0.09338818,0.161895,0.18896736,0.26103953,-0.32497722,-0.3849645,0.21252887,0.29629165,0.74656516,0.9117799,0.7342855,0.8960093,-0.4326163,-0.4479557,-0.54305947,-0.5503755
0.530007,-0.11078644,-0.19884658,0.6348163,0.8542457,0.47230738,0.88310385,-0.019285925,-0.18747517,0.8643325,-0.03783383,-0.14768122,0.8710367,0.8716007,0.4274884,0.579488,-0.004185033,0.08312641,-0.1653709,-0.31357133,0.07073001,0.17589788,0.077966645,0.18910775,0.07821536,0.1899966,-0.17869677,-0.3297806,-0.17543179,-0.32362026,0.022275899,0.13770989,0.2169672,0.36062425,0.032990072,0.16258793,-0.14280513,-0.03531905,0.036456157,0.1710875,0.09338818,0.21327235,0.00010852704,0.10726913,-0.26520947,-0.11280302,0.10737913,0.21796235,-0.04565625,0.024106877,-0.050149105,0.017902808,0.07322438,0.21661796,0.20054437,0.31832922
1.8832164,3.1016657,1.5389886,1.9712716,1.2839468,2.0230722,1.4055475,3.312148,1.3744227,1.6600085,3.4280121,1.6235303,1.6187608,1.83622,0.13720892,1.9229687,0.5563291,0.47064894,0.45090583,0.48190695,0.2845274,0.20728953,0.20679139,0.1334424,0.1963359,0.1235132,0.523111,0.54899645,0.42445907,0.45808747,-0.08810883,-0.1445699,-0.28108868,-0.3263033,-0.23786089,-0.29442874,-0.43318906,-0.49017856,-0.4261297,-0.47771093,0.09338818,0.025616573,0.18896736,0.11979635,-0.32497722,-0.3849645,0.21252887,0.13994826,0.74656516,0.662829,0.7342855,0.64944583,-0.4326163,-0.4479557,-0.54305947,-0.558084
1.2066118,0.871713,1.7305456,1.303044,0.8542457,1.3669795,0.4259657,1.0709349,2.5140438,0.8080599,0.94591403,2.2044091,0.6980256,0.7025925,0.25895444,1.2512283,0.74934673,0.8261789,-0.55485773,-0.5677225,0.7714379,0.81963414,0.816694,0.856164,0.81964713,0.85755044,-0.5069053,-0.5084836,-0.5576632,-0.5693153,0.8522055,0.84609026,0.5820758,0.6439723,0.8731372,0.8487082,1.0872576,0.99075454,0.7446232,0.7060713,0.8505898,0.87395936,0.12384364,0.20056406,2.4243395,2.3441489,0.81209505,0.86524695,0.7065401,0.79611397,0.7127573,0.79910153,0.29614013,0.17506786,0.97780997,1.0181682
-0.82320243,-1.0051641,-0.49111676,-0.701639,-0.8645586,-0.8398783,-1.0760597,-1.0125312,-0.48352867,-1.0189651,-1.0032736,-0.4818419,-0.9921982,-1.0207133,-0.57515866,-0.7639928,-0.65133166,-0.5809396,0.5988122,0.51386416,-0.66495895,-0.5697077,-0.6656494,-0.573494,-0.6658082,-0.5734541,0.5789763,0.48176208,0.6023028,0.49680513,-0.6522975,-0.5684861,-0.63230735,-0.49074244,-0.6485578,-0.5507369,-0.59071505,-0.5354161,-0.60785794,-0.5558414,-0.6638135,-0.56644315,-0.5990299,-0.48021552,-0.32497722,0.06740907,-0.6594294,-0.5814433,-0.61566925,-0.54779863,-0.6166105,-0.5475892,-0.4326163,-0.4194044,-0.58649915,-0.4847151
-0.82320243,-0.9325535,-0.3193912,-0.701639,-0.005156449,-0.8398783,-0.03117245,-0.9553791,-0.45676968,-0.9136039,-0.9481228,-0.3925586,-0.72215784,-0.83859843,-0.4558699,-1.0998629,1.5336239,-0.4145964,0.13537216,0.56640726,1.1657897,-0.47107095,1.0340445,-0.4875784,1.0189831,-0.4895613,0.25775084,0.5636949,0.10327857,0.5664466,0.6232594,-0.52496326,-0.08464435,-0.59237057,0.19587567,-0.5842097,-0.17529663,-0.5910658,-0.13019417,-0.5946638,0.8505898,-0.5081893,0.98998946,-0.42237896,-0.32497722,-0.38495198,1.059325,-0.47532535,1.7278708,-0.3596918,1.7218927,-0.36132708,-0.4290302,-0.44750437,-0.11491424,-0.5451615
-0.14659771,-0.715833,-0.48703575,-0.03341135,-0.43485752,-0.18378547,-0.16178335,-0.69683844,-0.49311802,-0.14425094,-0.69029707,-0.4984308,-0.12469909,0.115231425,-0.63370246,-0.09225239,-0.65133166,-0.69511765,0.5988122,0.62317413,-0.66495895,-0.70376,-0.6656494,-0.70341796,-0.6658082,-0.70350933,0.5789763,0.6023432,0.6023028,0.6280673,-0.6522975,-0.6876826,-0.63230735,-0.66235024,-0.6485578,-0.69114465,-0.59071505,-0.6450731,-0.60785794,-0.65642154,-0.6638135,-0.7000882,-0.5990299,-0.62577856,-0.32497722,-0.3849645,-0.6594294,-0.6924485,-0.61566925,-0.6657266,-0.6166105,-0.6660638,-0.4326163,-0.4479557,-0.58649915,-0.5987238
-0.14659771,-0.5653782,-0.36713862,-0.03341135,-0.43485752,-0.18378547,0.36066025,-0.556028,-0.33556232,0.0938085,-0.55485606,-0.33236328,0.21605937,-0.0056959167,0.23475344,-0.09225239,0.33100823,0.61075264,0.16741854,-0.026052097,0.1904478,0.44596747,0.1614715,0.4178581,0.15869042,0.4152692,0.2437845,0.070290715,0.18025571,-0.013778784,0.19398548,0.47241023,-0.027100055,0.21976064,0.23418596,0.5452545,0.5096108,0.93147975,0.56862104,0.97265875,0.09338818,0.3427679,0.29967773,0.60270894,-0.14567396,0.22866802,0.08348079,0.31055418,0.56576204,0.8985634,0.54860455,0.8743881,-0.41225657,-0.34979057,-0.35503462,-0.21178493
1.2066118,1.1518478,-0.46069235,1.303044,0.42454463,1.1284002,0.6218821,1.2102027,-0.4669894,0.50224125,1.1978344,-0.47192252,0.5582349,0.7458746,-0.63370246,1.2512283,-0.65133166,-0.69511765,0.5988122,0.62317413,-0.66495895,-0.70376,-0.6656494,-0.70341796,-0.6658082,-0.70350933,0.5789763,0.6023432,0.6023028,0.6280673,-0.6522975,-0.6876826,-0.63230735,-0.66235024,-0.6485578,-0.69114465,-0.59071505,-0.6450731,-0.60785794,-0.65642154,-0.6638135,-0.7000882,-0.5990299,-0.62577856,-0.32497722,-0.3849645,-0.6594294,-0.6924485,-0.61566925,-0.6657266,-0.6166105,-0.6660638,-0.4326163,-0.4479557,-0.58649915,-0.5987238
-0.14659771,0.63451785,-0.4679892,-0.701639,-0.43485752,-0.18378547,-0.42300516,0.5149056,-0.47651577,-0.22525059,0.5804621,-0.4606268,-0.24938254,0.046246875,-0.63370246,-0.09225239,-0.65133166,-0.69511765,0.5988122,0.62317413,-0.66495895,-0.70376,-0.6656494,-0.70341796,-0.6658082,-0.70350933,0.5789763,0.6023432,0.6023028,0.6280673,-0.6522975,-0.6876826,-0.63230735,-0.66235024,-0.6485578,-0.69114465,-0.59071505,-0.6450731,-0.60785794,-0.65642154,-0.6638135,-0.7000882,-0.5990299,-0.62577856,-0.32497722,-0.3849645,-0.6594294,-0.6924485,-0.61566925,-0.6657266,-0.6166105,-0.6660638,-0.4326163,-0.4479557,-0.58649915,-0.5987238
0.530007,-0.4437426,-0.48319796,-0.03341135,-0.005156449,0.47230738,0.4259657,-0.42115432,-0.48934087,0.21281813,-0.44077307,-0.49492761,0.23964517,0.488252,-0.63370246,0.579488,-0.65133166,-0.69511765,0.5988122,0.62317413,-0.66495895,-0.70376,-0.6656494,-0.70341796,-0.6658082,-0.70350933,0.5789763,0.6023432,0.6023028,0.6280673,-0.6522975,-0.6876826,-0.63230735,-0.66235024,-0.6485578,-0.69114465,-0.59071505,-0.6450731,-0.60785794,-0.65642154,-0.6638135,-0.7000882,-0.5990299,-0.62577856,-0.32497722,-0.3849645,-0.6594294,-0.6924485,-0.61566925,-0.6657266,-0.6166105,-0.6660638,-0.4326163,-0.4479557,-0.58649915,-0.5987238
-0.82320243,-0.5435476,-0.48460567,-0.701639,-0.8645586,-0.8398783,-0.94544876,-0.5201243,-0.4441777,-0.90043163,-0.50726527,-0.44407442,-0.8289361,-0.88265216,-0.5419257,-0.7639928,-0.65133166,-0.5410304,0.5988122,0.56627315,-0.66495895,-0.5774133,-0.6656494,-0.58071536,-0.6658082,-0.5813555,0.5789763,0.5621774,0.6023028,0.5742272,-0.6522975,-0.5698535,-0.63230735,-0.5821549,-0.6485578,-0.558848,-0.59071505,-0.4922266,-0.60785794,-0.4895082,-0.6638135,-0.588627,-0.5990299,-0.52553016,-0.32497722,-0.3599887,-0.6594294,-0.5819939,-0.61566925,-0.47510126,-0.6166105,-0.47739005,-0.4326163,-0.4469883,-0.58649915,-0.57961345
-0.82320243,0.4981457,-0.46991274,-0.701639,-0.8645586,-0.8398783,-0.6189215,0.6996641,-0.44769153,-0.79444706,0.65498906,-0.4553601,-0.7047694,-0.6723968,-0.63370246,-0.7639928,-0.65133166,-0.67676693,0.5988122,0.60066193,-0.66495895,-0.6845478,-0.6656494,-0.68350935,-0.6658082,-0.6835073,0.5789763,0.57970273,0.6023028,0.6049932,-0.6522975,-0.6659072,-0.63230735,-0.6376768,-0.6485578,-0.6652906,-0.59071505,-0.61424464,-0.60785794,-0.6304176,-0.6638135,-0.6791499,-0.5990299,-0.6007557,-0.32497722,-0.32157418,-0.6594294,-0.67496157,-0.61566925,-0.6478074,-0.6166105,-0.64835423,-0.4326163,-0.43443313,-0.58649915,-0.5803357
-0.14659771,-0.10614512,-0.47843614,-0.03341135,-0.43485752,-0.18378547,-0.35769972,-0.123583905,-0.4852638,-0.33428082,-0.101029694,-0.4901571,-0.32748803,-0.10690507,-0.63370246,-0.09225239,-0.65133166,-0.69511765,0.5988122,0.62317413,-0.66495895,-0.70376,-0.6656494,-0.70341796,-0.6658082,-0.70350933,0.5789763,0.6023432,0.6023028,0.6280673,-0.6522975,-0.6876826,-0.63230735,-0.66235024,-0.6485578,-0.69114465,-0.59071505,-0.6450731,-0.60785794,-0.65642154,-0.6638135,-0.7000882,-0.5990299,-0.62577856,-0.32497722,-0.3849645,-0.6594294,-0.6924485,-0.61566925,-0.6657266,-0.6166105,-0.6660638,-0.4326163,-0.4479557,-0.58649915,-0.5987238
1.2066118,1.7380825,-0.45242357,1.303044,0.42454463,1.1284002,0.81779844,1.3452541,-0.46095565,0.9109567,1.4147406,-0.4605201,0.89381844,1.299839,-0.62573755,1.2512283,-0.65133166,-0.6704846,0.5988122,0.6109647,-0.66495895,-0.68107456,-0.6656494,-0.6813077,-0.6658082,-0.68146706,0.5789763,0.5916274,0.6023028,0.6152406,-0.6522975,-0.66763777,-0.63230735,-0.6455017,-0.6485578,-0.66865855,-0.59071505,-0.612871,-0.60785794,-0.63077116,-0.6638135,-0.6790783,-0.5990299,-0.6172846,-0.32497722,-0.37602597,-0.6594294,-0.6717897,-0.61566925,-0.63789696,-0.6166105,-0.63823706,-0.4326163,-0.44723645,-0.58649915,-0.59038967
1.8832164,0.77665377,0.8743319,1.9712716,2.57305,1.7844931,1.927991,0.59823346,0.27752614,1.7448212,0.73278683,0.5925568,1.8020927,1.5854393,1.1403669,1.5870986,1.7340358,1.6445256,-1.29932,-1.2865736,1.6792076,1.6083939,1.6545174,1.5895234,1.6482188,1.5840217,-1.2191877,-1.2155213,-1.3460152,-1.3287857,1.3060095,1.2623717,1.7071663,1.6603372,1.5643294,1.5073916,1.5043647,1.4304986,1.6985931,1.6564752,1.6077914,1.5515605,1.4653926,1.3862928,0.69107467,0.63107604,1.6105901,1.5520512,1.7320112,1.6469864,1.7393844,1.6497625,0.2833864,0.32770756,1.4768051,1.4259698
-0.14659771,0.58466303,1.4726382,-0.03341135,-0.005156449,0.05479375,-0.42300516,0.546095,1.6849736,-0.19190693,0.4886499,1.6039155,-0.2445497,-0.32356617,0.14110161,-0.09225239,0.20170431,0.28005633,0.1476977,0.11159719,0.1298285,0.19978374,0.12407932,0.19450025,0.12042774,0.19048493,0.19839399,0.17071058,0.16167499,0.12827307,-0.014519027,0.039528042,-0.12433008,-0.08541381,-0.10846324,-0.07143253,-0.29565588,-0.3000525,-0.28948817,-0.28518334,0.09338818,0.16053045,0.12384364,0.1896784,-0.32497722,-0.3849645,0.19858955,0.27902794,0.2069161,0.28442365,0.21626268,0.29465365,-0.38886026,-0.3981248,0.2587311,0.34477484
-1.4998071,-0.9586708,-0.49046096,-1.3698667,-1.2942597,-1.4959712,-1.4025869,-0.97595966,-0.49694234,-1.4946619,-0.975037,-0.50242835,-1.4770737,-1.4817216,-0.63370246,-1.4357332,-0.65133166,-0.69511765,0.5988122,0.62317413,-0.66495895,-0.70376,-0.6656494,-0.70341796,-0.6658082,-0.70350933,0.5789763,0.6023432,0.6023028,0.6280673,-0.6522975,-0.6876826,-0.63230735,-0.66235024,-0.6485578,-0.69114465,-0.59071505,-0.6450731,-0.60785794,-0.65642154,-0.6638135,-0.7000882,-0.5990299,-0.62577856,-0.32497722,-0.3849645,-0.6594294,-0.6924485,-0.61566925,-0.6657266,-0.6166105,-0.6660638,-0.4326163,-0.4479557,-0.58649915,-0.5987238
-0.14659771,0.45321244,-0.4705465,-0.03341135,-0.43485752,-0.18378547,-0.35769972,0.5285991,-0.42536768,-0.24611014,0.5587471,-0.3312973,-0.193967,-0.093684696,-0.506272,-0.09225239,-0.65133166,-0.589986,0.5988122,0.39849386,-0.66495895,-0.57427853,-0.6656494,-0.5616097,-0.6658082,-0.56017435,0.5789763,0.3660647,0.6023028,0.40478384,-0.6522975,-0.5209708,-0.63230735,-0.48121914,-0.6485578,-0.48070872,-0.59071505,-0.4175188,-0.60785794,-0.44697672,-0.6638135,-0.5380983,-0.5990299,-0.4321884,-0.32497722,0.21755421,-0.6594294,-0.5613128,-0.61566925,-0.5925094,-0.6166105,-0.5953673,-0.4326163,-0.14477661,-0.58649915,-0.46599445
1.2066118,-0.24256773,-0.4803604,1.303044,0.42454463,1.1284002,0.6871875,-0.3082814,-0.48779437,0.6164277,-0.27377608,-0.4925831,0.67895716,0.9123546,-0.63370246,1.2512283,-0.65133166,-0.69511765,0.5988122,0.62317413,-0.66495895,-0.70376,-0.6656494,-0.70341796,-0.6658082,-0.70350933,0.5789763,0.6023432,0.6023028,0.6280673,-0.6522975,-0.6876826,-0.63230735,-0.66235024,-0.6485578,-0.69114465,-0.59071505,-0.6450731,-0.60785794,-0.65642154,-0.6638135,-0.7000882,-0.5990299,-0.62577856,-0.32497722,-0.3849645,-0.6594294,-0.6924485,-0.61566925,-0.6657266,-0.6166105,-0.6660638,-0.4326163,-0.4479557,-0.58649915,-0.5987238
-0.82320243,0.18874565,-0.24034601,-0.701639,-0.43485752,-0.8398783,-0.35769972,0.099346705,-0.15263769,-0.5517777,-0.046090923,-0.16682102,-0.5071719,-0.826929,0.3137008,-0.7639928,-0.051946986,0.05338092,-0.22946364,-0.38995197,0.0444399,0.17463769,0.059997234,0.19440593,0.061676018,0.19654104,-0.26249468,-0.4264215,-0.23117387,-0.39223152,0.050894186,0.18266384,0.16140714,0.31191343,0.094608,0.23467098,-0.095489375,-0.009009154,0.0033419628,0.117972516,0.09338818,0.23527287,0.00010852704,0.105296195,-0.20544171,-0.2247961,0.08352075,0.2223607,-0.1726325,-0.102392964,-0.17259088,-0.10213856,0.34380034,0.50326556,0.30521634,0.4732878
-0.14659771,-0.80919695,-0.05422585,-0.03341135,0.8542457,-0.18378547,0.36066025,-0.8455024,-0.122821,0.22889736,-0.8429146,-0.124962315,0.16230801,-0.34135047,1.5455385,-0.09225239,0.7429185,0.50808924,-2.1892238,-1.7635785,1.2605212,0.94866633,1.4225007,1.0888602,1.4333307,1.098296,-2.1968303,-1.7741675,-2.08128,-1.6697692,1.4327477,1.1070127,1.6833547,1.3230304,1.6709552,1.317957,2.1162622,1.744418,1.1961267,0.93153477,1.6077914,1.2489344,0.24106641,0.089627616,-0.14567396,-0.2163748,1.6565218,1.287025,0.15860988,0.009413273,0.17455168,0.022853756,3.1446786,2.6274362,2.2256985,1.770996
-0.14659771,-0.36197147,-0.10134728,-0.03341135,-0.005156449,-0.18378547,-0.22708881,-0.29983038,-0.05257977,-0.20300703,-0.30213743,-0.067312926,-0.23369971,-0.28928593,-0.015588926,-0.09225239,0.18604837,0.29649,-0.00267383,-0.08348932,0.15285946,0.25829956,0.1316106,0.23487826,0.13240021,0.23593836,0.030798104,-0.04166154,-0.00024245924,-0.07998916,0.28801692,0.4203374,0.09592571,0.19530417,0.2599048,0.38818642,0.5766686,0.7691244,0.54088444,0.73052067,0.09338818,0.19095457,-0.01942859,0.046955835,-0.20544171,-0.22386259,0.051486794,0.14097369,0.28144562,0.4083347,0.28488386,0.41158366,-0.27118456,-0.25935465,-0.03685108,0.03546957
1.2066118,1.9650706,0.5616215,1.303044,0.8542457,1.3073347,1.5361583,1.8802894,0.53289855,1.3014334,1.9336897,0.5907909,1.276384,1.1496118,0.99353707,1.2512283,0.8728899,0.9572131,-0.5745786,-0.6253934,0.89159024,0.9640117,0.87879413,0.9519884,0.8712399,0.94388956,-0.5243632,-0.56766164,-0.5762439,-0.62192845,0.45972654,0.5030152,0.63763577,0.6786913,0.6486335,0.7095103,0.30803373,0.4331913,0.50453454,0.5916276,0.8505898,0.92100626,1.0486008,1.1542602,-0.32497722,-0.383282,0.96192795,1.0367752,0.7934911,0.8913875,0.84327215,0.93778497,-0.057147246,-0.04710698,1.1103731,1.1490827
-0.82320243,-0.731972,-0.48726338,-0.701639,-0.8645586,-0.8398783,-0.6189215,-0.7204002,-0.48047182,-0.6395522,-0.72120506,-0.4821563,-0.74898386,-0.40927532,-0.63370246,-0.7639928,-0.65133166,-0.66150683,0.5988122,0.6083157,-0.66495895,-0.6752358,-0.6656494,-0.6751367,-0.6658082,-0.67529774,0.5789763,0.5908405,0.6023028,0.61373913,-0.6522975,-0.6598805,-0.63230735,-0.64236295,-0.6485578,-0.6582871,-0.59071505,-0.6022483,-0.60785794,-0.609982,-0.6638135,-0.67349344,-0.5990299,-0.62577856,-0.32497722,-0.36196014,-0.6594294,-0.66668314,-0.61566925,-0.62582266,-0.6166105,-0.62616,-0.4326163,-0.44756186,-0.58649915,-0.5889923
0.530007,0.5536929,-0.3244203,0.6348163,0.42454463,0.47230738,0.1647439,0.20270148,-0.35852924,0.29335243,0.30112216,-0.36960927,0.21628875,0.30086988,0.06037142,0.579488,-0.18658161,0.15157108,-0.33053306,-0.17727208,-0.023132248,0.22722404,0.030400606,0.23551957,0.03390473,0.23491128,-0.34629261,-0.17090414,-0.29222474,-0.17106454,0.042717546,0.15205014,0.13958001,0.1062612,0.12461326,0.23013902,0.31161073,0.40325895,-0.006529679,0.053278975,0.09338818,0.2445257,-0.3189978,-0.13385017,-0.26520947,-0.33328304,0.11255435,0.27843192,-0.3575762,0.060170595,-0.35288978,0.06973902,0.75981534,0.49482444,0.35090008,0.14402914
-0.82320243,-0.78380543,-0.48799452,-1.3698667,-0.8645586,-0.8398783,-0.6189215,-0.7757362,-0.49419907,-0.74367195,-0.770571,-0.4906302,-0.74928975,-0.59387666,-0.63370246,-0.7639928,-0.65133166,-0.69511765,0.5988122,0.62317413,-0.66495895,-0.70376,-0.6656494,-0.70341796,-0.6658082,-0.70350933,0.5789763,0.6023432,0.6023028,0.6280673,-0.6522975,-0.6876826,-0.63230735,-0.66235024,-0.6485578,-0.69114465,-0.59071505,-0.6450731,-0.60785794,-0.65642154,-0.6638135,-0.7000882,-0.5990299,-0.62577856,-0.32497722,-0.3849645,-0.6594294,-0.6924485,-0.61566925,-0.6657266,-0.6166105,-0.6660638,-0.4326163,-0.4479557,-0.58649915,-0.5987238
1.2066118,-0.30625448,-0.48125872,1.303044,0.42454463,1.1284002,1.1443256,-0.51481307,-0.4882698,0.6248196,-0.4288644,-0.49084517,0.7753763,0.9419973,-0.62398547,1.2512283,-0.65133166,-0.6816215,0.5988122,0.6144728,-0.66495895,-0.6911242,-0.6656494,-0.69138545,-0.6658082,-0.6915283,0.5789763,0.59429795,0.6023028,0.6195977,-0.6522975,-0.67675483,-0.63230735,-0.65416145,-0.6485578,-0.6805157,-0.59071505,-0.6353595,-0.60785794,-0.64559656,-0.6638135,-0.68887997,-0.5990299,-0.6098006,-0.32497722,-0.3849645,-0.6594294,-0.6811351,-0.61566925,-0.65252185,-0.6166105,-0.6527029,-0.4326163,-0.44551852,-0.58649915,-0.5884705
1.2066118,0.7827547,3.3678064,1.303044,2.57305,2.0230722,2.1239073,0.93902224,3.6079533,2.259304,0.8999332,3.6075692,2.279164,1.4572165,3.1153493,0.9153582,2.2521367,2.5353165,-2.5072224,-2.7544186,2.8583524,3.173876,2.994427,3.313089,2.98951,3.3075273,-2.409817,-2.650143,-2.5086358,-2.7639337,2.184999,2.4345465,2.5604093,2.8437824,2.8703613,3.1879005,2.325732,2.5507166,2.6343124,2.9372375,3.1221948,3.4425647,1.5370289,1.7081608,-0.32497722,-0.3802161,3.413392,3.7422884,1.9362774,2.1947353,2.0636532,2.3415372,1.0870748,1.176236,4.2630353,4.6244307
-1.4998071,-0.7934271,-0.020327348,-1.3698667,-0.8645586,-1.4959712,-1.4025869,-0.8165085,-0.057691965,-1.3406318,-0.802873,-0.03577034,-1.332282,-1.5949593,0.0154535435,-1.7716033,-0.05498917,-0.12289993,-0.43899772,-0.36467987,0.014021544,-0.055862565,0.0413672,-0.028673625,0.05032067,-0.02003243,-0.48595583,-0.41142446,-0.446179,-0.37016362,0.44746158,0.3648577,0.42134863,0.34211132,0.30009043,0.2224976,0.47956836,0.40540135,0.3572262,0.2881543,0.09338818,0.022284849,0.31270248,0.23751192,1.2887521,1.3021302,-0.02429836,-0.0888481,-0.12294616,-0.18801582,-0.13222547,-0.19707948,0.5340943,0.4761211,0.08785769,0.033115756
-1.4998071,-0.96274084,-0.49051833,-1.3698667,-1.2942597,-1.4959712,-1.4678924,-0.9649751,-0.49679184,-1.33798,-0.9612822,-0.5010188,-1.3751158,-1.2610444,-0.63370246,-1.4357332,-0.65133166,-0.69511765,0.5988122,0.62317413,-0.66495895,-0.70376,-0.6656494,-0.70341796,-0.6658082,-0.70350933,0.5789763,0.6023432,0.6023028,0.6280673,-0.6522975,-0.6876826,-0.63230735,-0.66235024,-0.6485578,-0.69114465,-0.59071505,-0.6450731,-0.60785794,-0.65642154,-0.6638135,-0.7000882,-0.5990299,-0.62577856,-0.32497722,-0.3849645,-0.6594294,-0.6924485,-0.61566925,-0.6657266,-0.6166105,-0.6660638,-0.4326163,-0.4479557,-0.58649915,-0.5987238
0.530007,-0.46730372,-0.48353028,0.6348163,-0.005156449,0.47230738,0.36066025,-0.45188823,-0.46878526,0.25648248,-0.4411962,-0.47859788,0.1797294,0.5848387,-0.63370246,0.579488,-0.65133166,-0.6826666,0.5988122,0.60656965,-0.66495895,-0.6899012,-0.6656494,-0.6886411,-0.6658082,-0.68866795,0.5789763,0.58522356,0.6023028,0.61154217,-0.6522975,-0.67401356,-0.63230735,-0.6495996,-0.6485578,-0.6705692,-0.59071505,-0.6222348,-0.60785794,-0.63476616,-0.6638135,-0.6839115,-0.5990299,-0.60672235,-0.32497722,-0.3247956,-0.6594294,-0.67919177,-0.61566925,-0.6543396,-0.6166105,-0.6548612,-0.4326163,-0.43346706,-0.58649915,-0.58400613
0.530007,-0.07876332,-0.47804993,0.6348163,-0.005156449,0.47230738,0.2953548,-0.12132967,-0.4846793,0.10540457,-0.07275569,-0.4894038,0.1335719,0.31205317,-0.5631022,0.579488,-0.65133166,-0.43035528,0.5988122,0.31176114,-0.66495895,-0.42877716,-0.6656494,-0.414443,-0.6658082,-0.41303426,0.5789763,0.29327264,0.6023028,0.3076237,-0.6522975,-0.3701532,-0.63230735,-0.2993633,-0.6485578,-0.30966935,-0.59071505,-0.14710896,-0.60785794,-0.25123185,-0.6638135,-0.39476633,-0.5990299,-0.26610845,-0.32497722,0.5393933,-0.6594294,-0.4336626,-0.61566925,-0.3987733,-0.6166105,-0.4039685,-0.4326163,-0.26875177,-0.58649915,-0.3278586
-0.82320243,-0.786534,-0.48803297,-1.3698667,-0.8645586,-0.8398783,-0.8148379,-0.75879335,-0.48343778,-0.7254175,-0.7716868,-0.48961583,-0.6965132,-0.63207567,-0.54548526,-0.7639928,-0.65133166,-0.5567095,0.5988122,0.5940521,-0.66495895,-0.58843297,-0.6656494,-0.5963317,-0.6658082,-0.5973564,0.5789763,0.5821558,0.6023028,0.5967023,-0.6522975,-0.6070902,-0.63230735,-0.62788343,-0.6485578,-0.6374551,-0.59071505,-0.61815614,-0.60785794,-0.6255579,-0.6638135,-0.60471094,-0.5990299,-0.52645046,-0.32497722,-0.3849645,-0.6594294,-0.58461505,-0.61566925,-0.51572776,-0.6166105,-0.5165921,-0.4326163,-0.44772938,-0.58649915,-0.56955427
1.2066118,3.533144,9.279998,1.303044,2.57305,2.3212965,1.5361583,3.6585863,9.286551,1.5671186,3.697028,9.5922575,1.5772734,0.33980817,3.0704353,1.2512283,3.6138484,3.6925542,-1.6567605,-1.6783801,3.3089783,3.3613555,3.2829943,3.3363101,3.2653713,3.3185568,-1.3239352,-1.3395555,-1.6008363,-1.6205362,2.5365949,2.5838246,1.907579,1.9335742,2.0519147,2.0972965,0.88458073,0.9082336,0.9839909,1.0151821,3.1221948,3.1717522,3.015338,3.0441384,-0.32497722,-0.3845372,3.630665,3.677966,3.4972572,3.6096091,3.5477552,3.6567361,-0.21383609,-0.22375347,3.6396523,3.6449003
-1.4998071,-0.9367599,-0.49015188,-1.3698667,-1.2942597,-1.4959712,-1.3372815,-0.9391268,-0.49643767,-1.4040103,-0.9390487,-0.50192314,-1.3709626,-1.3779944,-0.63370246,-1.4357332,-0.65133166,-0.69511765,0.5988122,0.62317413,-0.66495895,-0.70376,-0.6656494,-0.70341796,-0.6658082,-0.70350933,0.5789763,0.6023432,0.6023028,0.6280673,-0.6522975,-0.6876826,-0.63230735,-0.66235024,-0.6485578,-0.69114465,-0.59071505,-0.6450731,-0.60785794,-0.65642154,-0.6638135,-0.7000882,-0.5990299,-0.62577856,-0.32497722,-0.3849645,-0.6594294,-0.6924485,-0.61566925,-0.6657266,-0.6166105,-0.6660638,-0.4326163,-0.4479557,-0.58649915,-0.5987238
-0.82320243,-0.9004221,-0.40428868,-0.701639,-0.43485752,-0.8398783,-0.42300516,-0.8949231,-0.47660607,-0.9375122,-0.8854361,-0.47099102,-0.9026053,-0.8525198,-0.5443069,-0.7639928,0.44114617,-0.55284774,0.3670922,0.5942894,0.2504154,-0.58570784,0.18419752,-0.5939068,0.17658745,-0.5949572,0.41836354,0.5826412,0.35279068,0.59672415,-0.014519027,-0.60511965,-0.35847583,-0.6268062,-0.22634104,-0.63683486,-0.38300586,-0.6176504,-0.36902604,-0.62506,0.09338818,-0.60270983,0.19547977,-0.52262956,-0.32497722,-0.38495198,0.19994783,-0.582286,0.5561008,-0.5105748,0.55264115,-0.5115648,-0.43082324,-0.44769675,-0.3507067,-0.5713691
1.2066118,0.41306898,-0.47111273,1.303044,0.42454463,1.1284002,0.6871875,0.49624416,-0.47677147,0.8701293,0.49013147,-0.48185825,0.80031186,1.2750713,-0.63370246,1.2512283,-0.65133166,-0.69511765,0.5988122,0.62317413,-0.66495895,-0.70376,-0.6656494,-0.70341796,-0.6658082,-0.70350933,0.5789763,0.6023432,0.6023028,0.6280673,-0.6522975,-0.6876826,-0.63230735,-0.66235024,-0.6485578,-0.69114465,-0.59071505,-0.6450731,-0.60785794,-0.65642154,-0.6638135,-0.7000882,-0.5990299,-0.62577856,-0.32497722,-0.3849645,-0.6594294,-0.6924485,-0.61566925,-0.6657266,-0.6166105,-0.6660638,-0.4326163,-0.4479557,-0.58649915,-0.5987238
-0.82320243,-0.80943346,-0.27224207,-0.701639,-0.005156449,-0.8398783,-0.4883106,-0.7214474,-0.21936727,-0.4195111,-0.708007,-0.20509796,-0.33334273,-0.60681605,0.33469564,-0.7639928,-0.004185033,0.050191868,-0.1653709,-0.2498793,0.07073001,0.13882104,0.077966645,0.14836086,0.07821536,0.14878143,-0.17869677,-0.26335558,-0.17543179,-0.26066294,0.022275899,0.08720517,0.2169672,0.3093919,0.032990072,0.09669132,-0.14280513,-0.11742324,0.036456157,0.10047707,0.09338818,0.16693357,0.00010852704,0.05512431,-0.26520947,-0.30996746,0.10737913,0.18221617,-0.04565625,-0.0024184568,-0.050149105,-0.0077902526,0.07322438,0.1323994,0.20054437,0.28635973
-0.82320243,-0.70887125,-0.0030153792,-0.701639,-0.8645586,-0.8398783,-0.16178335,-0.7024285,0.011213577,-0.22925583,-0.69108456,0.026901444,-0.1627539,-0.6767327,1.0005136,-0.7639928,1.1562423,1.2337751,-0.52034634,-0.5615386,0.99240524,1.0550278,0.9373267,0.99789125,0.92542475,0.9854256,-0.44056532,-0.47702095,-0.5072298,-0.54671305,0.42701998,0.4610974,0.57810724,0.6209113,0.5655832,0.6092844,0.3714573,0.40516096,0.45749924,0.50319225,0.8505898,0.90662384,1.7324,1.8292605,-0.32497722,-0.3849645,0.96041775,1.0195633,1.1371552,1.2242092,1.1648499,1.2521204,-0.20970051,-0.21098267,0.82184386,0.8687555
-1.4998071,-0.7834735,0.0010687234,-1.3698667,-0.8645586,-1.3170367,-1.0760597,-0.773426,0.032266475,-1.0543765,-0.7778016,0.017872777,-1.078402,-1.3790845,0.34523693,-1.4357332,0.15669882,0.1981348,-0.23439386,-0.29053572,0.14090942,0.18215898,0.11998333,0.1603759,0.12351344,0.16438642,-0.22757888,-0.2822254,-0.22055633,-0.27449363,0.43928495,0.5159075,0.24077861,0.29654777,0.2743716,0.3329036,0.5690082,0.66628695,0.46875432,0.5575595,0.09338818,0.1321401,-0.0064038453,0.020695621,0.03362931,0.04696004,0.022242233,0.05390117,0.19035394,0.23458031,0.17993377,0.22243828,-0.13277319,-0.11774845,0.07246943,0.112592295
1.8832164,1.4648124,0.52657694,1.9712716,2.143349,1.9634275,2.3851292,1.6608324,0.5287171,2.0645072,1.6218048,0.5654086,2.1720705,1.996756,1.012537,1.9229687,0.6162497,0.6481358,-0.77918255,-0.85084975,0.7985971,0.8451901,0.820922,0.87378424,0.8196469,0.8729612,-0.7722655,-0.8433498,-0.7992121,-0.86849093,0.5946412,0.6499478,0.8817031,0.94896686,0.7231109,0.7864954,0.27485743,0.38675383,0.61617005,0.71464896,0.8505898,0.90975434,0.48202416,0.4931702,-0.26520947,-0.30828497,0.9188129,0.97560626,0.48709187,0.5216038,0.51900333,0.54752547,0.3372355,0.40371206,1.1932452,1.232001
0.530007,0.5287223,-0.46948147,0.6348163,-0.005156449,0.47230738,-0.03117245,0.69849426,-0.23625141,-0.09963229,0.55216473,-0.40209937,-0.1602048,0.12827921,-0.5849162,0.579488,-0.65133166,-0.5984041,0.5988122,0.57807064,-0.66495895,-0.6175496,-0.6656494,-0.6206694,-0.6658082,-0.62137765,0.5789763,0.5620248,0.6023028,0.5814996,-0.6522975,-0.63191247,-0.63230735,-0.6092213,-0.6485578,-0.63751215,-0.59071505,-0.59766036,-0.60785794,-0.6143691,-0.6638135,-0.62236977,-0.5990299,-0.54966956,-0.32497722,-0.3849645,-0.6594294,-0.6098437,-0.61566925,-0.56662273,-0.6166105,-0.5669782,-0.4326163,-0.43115565,-0.58649915,-0.538789
-0.14659771,-0.57424235,-0.091141656,-0.03341135,-0.005156449,-0.18378547,0.09943845,-0.66687447,-0.46444562,-0.5620701,-0.6910685,-0.47241655,-0.5970824,-0.4167762,-0.531058,-0.09225239,0.38636425,-0.48499343,0.21179046,0.54527605,0.19175148,-0.5315988,0.16688874,-0.5362846,0.16301039,-0.5371127,0.30663297,0.5466486,0.23599777,0.5539929,0.14492564,-0.52638704,-0.08464435,-0.5523844,0.24811703,-0.5125996,0.43000698,-0.43617794,0.5172655,-0.43319267,0.09338818,-0.54819685,0.03918276,-0.47870392,-0.14567396,-0.35931164,0.09217616,-0.5417399,0.6582339,-0.40763515,0.6454816,-0.41030744,-0.4261671,-0.44625926,-0.4548978,-0.5706994
1.2066118,-0.47943062,-0.48370132,-0.03341135,0.42454463,1.1284002,0.6871875,-0.4904558,-0.49029037,0.83660644,-0.4763979,-0.47324294,0.76984584,1.2665232,-0.63370246,1.2512283,-0.65133166,-0.69511765,0.5988122,0.62317413,-0.66495895,-0.70376,-0.6656494,-0.70341796,-0.6658082,-0.70350933,0.5789763,0.6023432,0.6023028,0.6280673,-0.6522975,-0.6876826,-0.63230735,-0.66235024,-0.6485578,-0.69114465,-0.59071505,-0.6450731,-0.60785794,-0.65642154,-0.6638135,-0.7000882,-0.5990299,-0.62577856,-0.32497722,-0.3849645,-0.6594294,-0.6924485,-0.61566925,-0.6657266,-0.6166105,-0.6660638,-0.4326163,-0.4479557,-0.58649915,-0.5987238
0.530007,0.4692953,1.471043,0.6348163,0.42454463,0.7108866,0.034133,0.38897616,1.1652136,0.0017232747,0.41021764,1.3080713,0.04046734,-0.09121971,0.020456959,0.579488,0.20170431,0.047722097,0.1476977,0.23380427,0.1298285,-0.01573862,0.12407932,-0.019758908,0.12042774,-0.022846907,0.19839399,0.273835,0.16167499,0.2476202,-0.014519027,-0.13427456,-0.12433008,-0.22299373,-0.10846324,-0.21918027,-0.29565588,-0.38189068,-0.28948817,-0.37289715,0.09338818,-0.044909183,0.12384364,-0.0033006934,-0.32497722,-0.3849645,0.19858955,0.04704903,0.2069161,0.05823375,0.21626268,0.06586913,-0.38886026,-0.410011,0.2587311,0.11867164
1.2066118,0.012653969,-0.3320516,1.303044,0.8542457,1.1284002,0.9484093,0.014733762,-0.2977494,1.2278782,0.06249081,-0.27700832,1.2841746,1.3469707,0.25744647,1.2512283,-0.18658161,-0.07036488,-0.33053306,-0.36736685,-0.023132248,0.06897602,0.030400606,0.12038066,0.03390473,0.1234673,-0.34629261,-0.3674563,-0.29222474,-0.32463107,0.042717546,0.13218802,0.13958001,0.19447799,0.12461326,0.22706413,0.31161073,0.44248468,-0.006529679,0.13166203,0.09338818,0.17378375,-0.3189978,-0.24568056,-0.26520947,-0.29404044,0.11255435,0.19232835,-0.3575762,-0.21100286,-0.35288978,-0.20790218,0.75981534,0.75603074,0.35090008,0.34736368
-0.14659771,-0.24714905,-0.480425,-0.03341135,-0.43485752,-0.18378547,-0.03117245,-0.23284349,-0.48676077,0.029010344,-0.21758421,-0.48976454,0.04771411,0.37621963,-0.63370246,-0.09225239,-0.65133166,-0.69511765,0.5988122,0.62317413,-0.66495895,-0.70376,-0.6656494,-0.70341796,-0.6658082,-0.70350933,0.5789763,0.6023432,0.6023028,0.6280673,-0.6522975,-0.6876826,-0.63230735,-0.66235024,-0.6485578,-0.69114465,-0.59071505,-0.6450731,-0.60785794,-0.65642154,-0.6638135,-0.7000882,-0.5990299,-0.62577856,-0.32497722,-0.3849645,-0.6594294,-0.6924485,-0.61566925,-0.6657266,-0.6166105,-0.6660638,-0.4326163,-0.4479557,-0.58649915,-0.5987238
-0.82320243,-0.6945655,-0.4867358,-0.701639,-0.8645586,-0.8398783,-0.684227,-0.6790363,-0.49085432,-0.7377082,-0.66937345,-0.49582818,-0.76161563,-0.5518381,-0.6311122,-0.7639928,-0.65133166,-0.6821148,0.5988122,0.6137134,-0.66495895,-0.69132394,-0.6656494,-0.6915112,-0.6658082,-0.69160604,0.5789763,0.59342605,0.6023028,0.6188576,-0.6522975,-0.6743336,-0.63230735,-0.6535792,-0.6485578,-0.6794331,-0.59071505,-0.63440865,-0.60785794,-0.64343584,-0.6638135,-0.68888605,-0.5990299,-0.6099048,-0.32497722,-0.3849645,-0.6594294,-0.68148845,-0.61566925,-0.6530892,-0.6166105,-0.653195,-0.4326163,-0.44484162,-0.58649915,-0.5885576
1.2066118,0.38598627,-0.47149473,-0.03341135,0.42454463,1.1284002,0.81779844,0.47135252,-0.44446003,0.6597664,0.46175396,-0.44047594,0.80200213,0.99424714,-0.6304703,1.2512283,-0.65133166,-0.66460633,0.5988122,0.58836293,-0.66495895,-0.66940194,-0.6656494,-0.66697615,-0.6658082,-0.66688734,0.5789763,0.5671058,0.6023028,0.5916001,-0.6522975,-0.65055656,-0.63230735,-0.6244139,-0.6485578,-0.6415072,-0.59071505,-0.5886794,-0.60785794,-0.610578,-0.6638135,-0.66074115,-0.5990299,-0.57220626,-0.32497722,-0.2636473,-0.6594294,-0.6597309,-0.61566925,-0.63425106,-0.6166105,-0.6351667,-0.4326163,-0.42118058,-0.58649915,-0.56759375
-1.4998071,0.15940523,-0.47469065,-1.3698667,-1.2942597,-1.4959712,-1.2066705,0.40211055,-0.34087902,-1.3543612,0.31372914,-0.45152158,-1.3238723,-1.3243858,-0.6183988,-1.4357332,-0.65133166,-0.6587595,0.5988122,0.6193761,-0.66495895,-0.6757106,-0.6656494,-0.67779756,-0.6658082,-0.678204,0.5789763,0.6012266,0.6023028,0.6233594,-0.6522975,-0.67178977,-0.63230735,-0.6522405,-0.6485578,-0.67952985,-0.59071505,-0.63964254,-0.60785794,-0.65028936,-0.6638135,-0.67802715,-0.5990299,-0.6052518,-0.32497722,-0.3849645,-0.6594294,-0.66727746,-0.61566925,-0.62408423,-0.6166105,-0.6248067,-0.4326163,-0.4479557,-0.58649915,-0.5979304
1.2066118,1.0554398,0.67930925,1.303044,1.2839468,1.1284002,1.1443256,0.6748031,-0.018159118,0.3706254,0.6952916,-0.00698721,0.36970207,0.6138664,-0.39539215,1.2512283,1.5460001,0.43603307,-0.0076040155,0.3864479,1.1438451,0.21847703,1.0340445,0.15186073,1.0212047,0.1439321,0.1530034,0.44456592,-0.008205592,0.37443373,0.74999756,-0.05405902,0.18720289,-0.3274511,0.63148767,-0.183606,0.5526091,-0.31256992,0.73201597,-0.23933595,0.8505898,0.055642694,0.8857915,0.15030275,-0.14567396,-0.35931164,0.95559883,0.14362916,1.8962523,0.6085883,1.8712448,0.59656644,-0.42506817,-0.44551373,-0.26991853,-0.44733077
0.530007,0.4393974,0.53456306,0.6348163,1.2839468,0.6512418,0.6218821,0.061658528,0.22126013,0.24975704,-0.011657516,0.24034046,0.18666798,-0.083621025,1.0190976,0.2436178,1.7688097,1.3610748,-1.4817377,-1.0260731,1.7096257,1.2857782,1.675922,1.2592398,1.6778413,1.259415,-1.3867837,-0.943799,-1.4601538,-1.0131049,1.9478763,1.4063063,1.6139046,1.171898,1.942074,1.4790603,2.2862194,1.7957131,2.3600245,1.8606825,1.6077914,1.1995072,0.5927346,0.4230674,0.39223585,0.20514862,1.5025467,1.1192868,1.8175824,1.4485202,1.8106967,1.4409072,0.6546909,0.43634805,1.1807421,0.8005652
0.530007,-0.6856381,-0.48660985,0.6348163,-0.005156449,0.47230738,0.5565766,-0.66673213,-0.49270555,0.43037763,-0.66255623,-0.4980413,0.4392272,0.78446984,-0.63370246,0.579488,-0.65133166,-0.69511765,0.5988122,0.62317413,-0.66495895,-0.70376,-0.6656494,-0.70341796,-0.6658082,-0.70350933,0.5789763,0.6023432,0.6023028,0.6280673,-0.6522975,-0.6876826,-0.63230735,-0.66235024,-0.6485578,-0.69114465,-0.59071505,-0.6450731,-0.60785794,-0.65642154,-0.6638135,-0.7000882,-0.5990299,-0.62577856,-0.32497722,-0.3849645,-0.6594294,-0.6924485,-0.61566925,-0.6657266,-0.6166105,-0.6660638,-0.4326163,-0.4479557,-0.58649915,-0.5987238
0.530007,-0.40037516,0.21831666,0.6348163,1.7136478,0.47230738,1.1443256,-0.56255054,-0.22695623,0.23883478,-0.5375352,-0.18495855,0.15211736,0.1790241,0.41276786,0.579488,2.125989,0.30205792,-0.7841127,-0.2389037,1.8428147,0.31538627,1.7603518,0.31011647,1.7494296,0.30877236,-0.6116527,-0.22198576,-0.791249,-0.2462076,1.4572774,0.22654618,1.0384617,0.32383233,1.3518816,0.22328201,1.0856261,0.047724657,1.4004115,0.25297615,1.6077914,0.29925847,1.4328309,0.213507,-0.08590619,-0.29441774,1.718362,0.3251115,2.4000168,0.32135704,2.3811948,0.31367636,0.08146661,0.056075927,0.5679382,0.22235776
0.530007,-0.82019025,-0.4885077,0.6348163,-0.005156449,0.47230738,0.034133,-0.82214856,-0.49483496,0.35163084,-0.81316155,-0.50015575,0.33616045,0.6926017,-0.63370246,0.579488,-0.65133166,-0.69511765,0.5988122,0.62317413,-0.66495895,-0.70376,-0.6656494,-0.70341796,-0.6658082,-0.70350933,0.5789763,0.6023432,0.6023028,0.6280673,-0.6522975,-0.6876826,-0.63230735,-0.66235024,-0.6485578,-0.69114465,-0.59071505,-0.6450731,-0.60785794,-0.65642154,-0.6638135,-0.7000882,-0.5990299,-0.62577856,-0.32497722,-0.3849645,-0.6594294,-0.6924485,-0.61566925,-0.6657266,-0.6166105,-0.6660638,-0.4326163,-0.4479557,-0.58649915,-0.5987238
0.530007,0.7462642,-0.46641305,0.6348163,-0.005156449,0.47230738,0.2953548,0.7695065,-0.46071163,0.32933474,0.73761976,-0.46478078,0.33988297,0.65225756,-0.62708485,0.579488,-0.65133166,-0.67677647,0.5988122,0.612623,-0.66495895,-0.6875334,-0.6656494,-0.68785125,-0.6658082,-0.6880031,0.5789763,0.5931912,0.6023028,0.61755455,-0.6522975,-0.6727235,-0.63230735,-0.64818597,-0.6485578,-0.6736289,-0.59071505,-0.6192288,-0.60785794,-0.63268095,-0.6638135,-0.6857787,-0.5990299,-0.62577856,-0.32497722,-0.3812512,-0.6594294,-0.6788925,-0.61566925,-0.6453957,-0.6166105,-0.6458835,-0.4326163,-0.44704613,-0.58649915,-0.59124154
-0.14659771,0.7175345,0.030768469,-0.03341135,0.42454463,-0.18378547,-0.6189215,0.100884296,-0.3517126,-0.7367426,0.2941018,-0.42873377,-0.84143376,-0.6138446,-0.5369495,-0.09225239,0.28272033,0.058732882,0.48295224,0.53667843,0.056389943,-0.06493238,0.10571354,-0.0822085,0.10141983,-0.08751749,0.6104005,0.5833916,0.46427485,0.5044798,-0.10855043,-0.2755623,-0.060832888,-0.33252677,0.28455195,-0.10098219,0.5606356,0.022698315,0.921512,0.12430651,0.09338818,-0.12275304,0.29967773,-0.052839532,1.2289844,0.11457453,0.06338578,-0.10899822,0.894244,0.3188789,0.86749136,0.31558233,-0.4326163,-0.44724256,-0.5840947,-0.57609963
-0.82320243,0.27068445,-0.005364458,-0.701639,-0.43485752,-0.8398783,-0.6189215,0.016175717,0.010398004,-0.74192375,-0.022152442,-0.015018262,-0.7836762,-0.838141,0.032741845,-0.7639928,-0.05498917,0.18043306,-0.43899772,-0.52254915,0.014021544,0.23115753,0.0413672,0.24484916,0.05032067,0.25292787,-0.48595583,-0.56090933,-0.446179,-0.54190314,0.44746158,0.63760936,0.42134863,0.5462884,0.30009043,0.48549256,0.47956836,0.69071984,0.3572262,0.51524717,0.09338818,0.2813198,0.31270248,0.47831428,1.2887521,1.5144862,-0.02429836,0.16339244,-0.12294616,0.123332724,-0.13222547,0.11590087,0.5340943,0.59240115,0.08785769,0.120815076
-0.14659771,-0.5650874,-0.4849095,-0.03341135,-0.43485752,-0.18378547,-0.35769972,-0.55314946,-0.46340308,-0.45248383,-0.5580121,-0.4709823,-0.34849373,-0.34685698,-0.57952607,-0.09225239,-0.65133166,-0.620229,0.5988122,0.5701546,-0.66495895,-0.6287376,-0.6656494,-0.62665194,-0.6658082,-0.62652165,0.5789763,0.55239356,0.6023028,0.5701446,-0.6522975,-0.6047698,-0.63230735,-0.58218175,-0.6485578,-0.5923957,-0.59071505,-0.5176167,-0.60785794,-0.5408776,-0.6638135,-0.6219901,-0.5990299,-0.5337787,-0.32497722,-0.28363267,-0.6594294,-0.62295735,-0.61566925,-0.5784911,-0.6166105,-0.5800088,-0.4326163,-0.43384284,-0.58649915,-0.54530317
-0.14659771,-0.6129099,-0.00040406125,-0.03341135,-0.005156449,-0.18378547,0.4259657,-0.6141536,-0.04675128,0.083146505,-0.6091661,-0.07889479,0.024668546,-0.17574409,0.721771,-0.09225239,0.741042,0.6792108,-1.0133677,-0.81617886,0.76883054,0.6740633,0.7984603,0.6919361,0.7995283,0.69140786,-1.0376257,-0.8255954,-0.9982911,-0.80234665,0.6641427,0.5287216,0.82019013,0.6771711,0.93287957,0.7682229,0.9242555,0.7662115,0.8790914,0.74337965,0.8505898,0.72265697,1.4784174,1.3086329,2.2450361,1.8642344,0.76582456,0.6657226,0.5975061,0.5764417,0.5997341,0.5804966,1.0932057,0.79121333,0.74939096,0.6381158
-0.82320243,-0.5603604,-0.48484284,-0.701639,-0.8645586,-0.8398783,-0.684227,-0.5247282,-0.49075994,-0.84747565,-0.53401196,-0.49573708,-0.7409404,-0.76387477,-0.63370246,-0.7639928,-0.65133166,-0.69511765,0.5988122,0.62317413,-0.66495895,-0.70376,-0.6656494,-0.70341796,-0.6658082,-0.70350933,0.5789763,0.6023432,0.6023028,0.6280673,-0.6522975,-0.6876826,-0.63230735,-0.66235024,-0.6485578,-0.69114465,-0.59071505,-0.6450731,-0.60785794,-0.65642154,-0.6638135,-0.7000882,-0.5990299,-0.62577856,-0.32497722,-0.3849645,-0.6594294,-0.6924485,-0.61566925,-0.6657266,-0.6166105,-0.6660638,-0.4326163,-0.4479557,-0.58649915,-0.5987238
-1.4998071,-1.0104679,-0.49119154,-1.3698667,-1.2942597,-1.4959712,-1.7291142,-1.0249529,-0.4976136,-1.7580737,-1.0190195,-0.5030242,-1.7499585,-1.9032611,-0.63370246,-1.4357332,-0.65133166,-0.69511765,0.5988122,0.62317413,-0.66495895,-0.70376,-0.6656494,-0.70341796,-0.6658082,-0.70350933,0.5789763,0.6023432,0.6023028,0.6280673,-0.6522975,-0.6876826,-0.63230735,-0.66235024,-0.6485578,-0.69114465,-0.59071505,-0.6450731,-0.60785794,-0.65642154,-0.6638135,-0.7000882,-0.5990299,-0.62577856,-0.32497722,-0.3849645,-0.6594294,-0.6924485,-0.61566925,-0.6657266,-0.6166105,-0.6660638,-0.4326163,-0.4479557,-0.58649915,-0.5987238
1.2066118,0.018383028,0.8166955,1.303044,1.7136478,1.3073347,1.6667693,0.16051115,1.1075907,2.4413507,0.17066029,1.1059357,2.333503,1.6867609,2.939434,1.2512283,1.1678724,2.1890073,-1.6715511,-2.5296655,1.4817058,2.4678957,1.5285993,2.5247345,1.5305918,2.5264394,-1.6975342,-2.4974306,-1.688431,-2.5448687,1.3264512,2.2886908,1.6198577,2.627515,1.5278946,2.675129,0.8173989,2.239657,1.1942557,2.6029353,1.6077914,2.5934062,1.0811626,1.3824195,-0.08590619,0.5623261,1.6379045,2.580881,0.8031524,1.8935071,0.840581,1.924553,1.3842282,1.6760176,2.1896327,2.9327645
1.2066118,-0.2518951,-0.480492,1.303044,0.42454463,1.1284002,0.49127117,-0.29877642,-0.48766416,0.6004347,-0.27500156,-0.49259976,0.6003187,0.9277106,-0.63370246,1.2512283,-0.65133166,-0.69511765,0.5988122,0.62317413,-0.66495895,-0.70376,-0.6656494,-0.70341796,-0.6658082,-0.70350933,0.5789763,0.6023432,0.6023028,0.6280673,-0.6522975,-0.6876826,-0.63230735,-0.66235024,-0.6485578,-0.69114465,-0.59071505,-0.6450731,-0.60785794,-0.65642154,-0.6638135,-0.7000882,-0.5990299,-0.62577856,-0.32497722,-0.3849645,-0.6594294,-0.6924485,-0.61566925,-0.6657266,-0.6166105,-0.6660638,-0.4326163,-0.4479557,-0.58649915,-0.5987238
-0.82320243,-0.8422354,-0.12524478,-0.701639,-0.005156449,-0.8398783,-0.0964779,-0.85021687,-0.2939146,-0.54491544,-0.84468347,-0.20674744,-0.31557345,-0.72785467,0.29560727,-0.7639928,1.1051146,0.1675806,-0.63867146,0.019103728,0.91592497,0.068947144,0.90667313,0.06533976,0.904442,0.06427535,-0.5313464,0.05997209,-0.6346403,0.023722943,0.90126544,0.072871834,0.9670275,0.1207029,1.1897997,0.21668522,1.8799657,0.5975632,1.7762884,0.5393141,0.8505898,0.040378075,-0.32551017,-0.4978709,0.9899134,0.3218003,0.7629595,0.0001364677,1.3607438,0.3145538,1.3451488,0.30601814,-0.3430798,-0.40304533,0.32813838,-0.15828355
-0.82320243,-0.65566105,-0.486187,-0.701639,-0.8645586,-0.8398783,-0.8148379,-0.6061665,-0.49187574,-0.6780828,-0.6093967,-0.49085274,-0.6303105,-0.5090315,-0.63370246,-0.7639928,-0.65133166,-0.69511765,0.5988122,0.62317413,-0.66495895,-0.70376,-0.6656494,-0.70341796,-0.6658082,-0.70350933,0.5789763,0.6023432,0.6023028,0.6280673,-0.6522975,-0.6876826,-0.63230735,-0.66235024,-0.6485578,-0.69114465,-0.59071505,-0.6450731,-0.60785794,-0.65642154,-0.6638135,-0.7000882,-0.5990299,-0.62577856,-0.32497722,-0.3849645,-0.6594294,-0.6924485,-0.61566925,-0.6657266,-0.6166105,-0.6660638,-0.4326163,-0.4479557,-0.58649915,-0.5987238
-0.82320243,-0.053601224,1.4637424,-0.701639,-0.43485752,-0.6012991,-0.88014334,-0.20725563,1.0814654,-0.7339241,-0.15478128,1.2246877,-0.7962237,-0.8535593,0.0035863526,-0.7639928,0.20170431,0.012705614,0.1476977,0.25174648,0.1298285,-0.047940042,0.12407932,-0.05168051,0.12042774,-0.05461866,0.19839399,0.28893483,0.16167499,0.26518065,-0.014519027,-0.15978098,-0.12433008,-0.2433877,-0.10846324,-0.24110389,-0.29565588,-0.39407468,-0.28948817,-0.38642988,0.09338818,-0.07541985,0.12384364,-0.03431565,-0.32497722,-0.3845372,0.19858955,0.012595858,0.2069161,0.024006123,0.21626268,0.03133442,-0.38886026,-0.41177785,0.2587311,0.08589527
-1.4998071,-0.9297041,-0.49005237,-1.3698667,-1.2942597,-1.4959712,-1.0107542,-0.9282467,-0.49628863,-1.2639424,-0.9248053,-0.5017232,-1.2346815,-1.1852518,-0.63370246,-1.4357332,-0.65133166,-0.69511765,0.5988122,0.62317413,-0.66495895,-0.70376,-0.6656494,-0.70341796,-0.6658082,-0.70350933,0.5789763,0.6023432,0.6023028,0.6280673,-0.6522975,-0.6876826,-0.63230735,-0.66235024,-0.6485578,-0.69114465,-0.59071505,-0.6450731,-0.60785794,-0.65642154,-0.6638135,-0.7000882,-0.5990299,-0.62577856,-0.32497722,-0.3849645,-0.6594294,-0.6924485,-0.61566925,-0.6657266,-0.6166105,-0.6660638,-0.4326163,-0.4479557,-0.58649915,-0.5987238
1.2066118,1.2523994,1.5128086,1.303044,0.8542457,1.3669795,0.6218821,1.0398942,1.6455868,0.86146545,0.9060231,1.6990995,0.8479308,0.81291443,0.1901107,1.2512283,0.5563291,0.65803885,0.45090583,0.4590482,0.2845274,0.35386124,0.20679139,0.26821545,0.1963359,0.25670525,0.523111,0.54034436,0.42445907,0.43062392,-0.08810883,-0.057191975,-0.28108868,-0.27199626,-0.23786089,-0.2300995,-0.43318906,-0.464683,-0.4261297,-0.44841906,0.09338818,0.14261489,0.18896736,0.24112155,-0.32497722,-0.38477746,0.21252887,0.27412033,0.74656516,0.87652797,0.7342855,0.8610892,-0.4326163,-0.4479552,-0.54305947,-0.5514675
-0.14659771,0.9561272,-0.46345297,-1.3698667,-0.43485752,-0.18378547,-0.22708881,1.2135267,-0.46694386,-0.2105957,1.1412677,-0.45112577,-0.24891643,0.021383991,-0.63370246,-0.09225239,-0.65133166,-0.69511765,0.5988122,0.62317413,-0.66495895,-0.70376,-0.6656494,-0.70341796,-0.6658082,-0.70350933,0.5789763,0.6023432,0.6023028,0.6280673,-0.6522975,-0.6876826,-0.63230735,-0.66235024,-0.6485578,-0.69114465,-0.59071505,-0.6450731,-0.60785794,-0.65642154,-0.6638135,-0.7000882,-0.5990299,-0.62577856,-0.32497722,-0.3849645,-0.6594294,-0.6924485,-0.61566925,-0.6657266,-0.6166105,-0.6660638,-0.4326163,-0.4479557,-0.58649915,-0.5987238
-0.14659771,-0.8063211,-0.048044063,-0.701639,-0.005156449,-0.18378547,-0.29239425,-0.57388717,0.44891468,-0.64302826,-0.74005663,0.098632134,-0.72047925,-0.92737275,0.44263497,-0.42812258,2.323409,1.4942734,-0.6016948,-0.3063922,1.8936567,1.1918268,1.8141278,1.1301124,1.8078111,1.1254752,-0.3253431,-0.11631435,-0.5868614,-0.29076698,1.9969361,1.2703594,1.1813303,0.6979445,2.0470924,1.2973384,2.804919,1.9112569,2.9875712,2.037749,1.6077914,0.9786181,1.4849299,1.1917189,0.09339705,-0.08053388,1.5617989,0.9443628,2.9562283,1.9850878,2.9180548,1.9496495,-0.37341693,-0.39914027,0.09442973,-0.07333324
-0.14659771,-0.76735,-0.4877624,-0.03341135,-0.43485752,-0.18378547,-0.16178335,-0.7637982,-0.4940355,-0.20563957,-0.75942045,-0.49940127,-0.23305014,0.044316284,-0.63370246,-0.09225239,-0.65133166,-0.69511765,0.5988122,0.62317413,-0.66495895,-0.70376,-0.6656494,-0.70341796,-0.6658082,-0.70350933,0.5789763,0.6023432,0.6023028,0.6280673,-0.6522975,-0.6876826,-0.63230735,-0.66235024,-0.6485578,-0.69114465,-0.59071505,-0.6450731,-0.60785794,-0.65642154,-0.6638135,-0.7000882,-0.5990299,-0.62577856,-0.32497722,-0.3849645,-0.6594294,-0.6924485,-0.61566925,-0.6657266,-0.6166105,-0.6660638,-0.4326163,-0.4479557,-0.58649915,-0.5987238
-0.14659771,-0.591487,-0.48528185,-0.03341135,-0.43485752,-0.18378547,-0.55361605,-0.64815634,-0.49245107,-0.5377728,-0.6308948,-0.49032515,-0.5477448,-0.38580513,-0.63370246,-0.09225239,-0.65133166,-0.69511765,0.5988122,0.62317413,-0.66495895,-0.70376,-0.6656494,-0.70341796,-0.6658082,-0.70350933,0.5789763,0.6023432,0.6023028,0.6280673,-0.6522975,-0.6876826,-0.63230735,-0.66235024,-0.6485578,-0.69114465,-0.59071505,-0.6450731,-0.60785794,-0.65642154,-0.6638135,-0.7000882,-0.5990299,-0.62577856,-0.32497722,-0.3849645,-0.6594294,-0.6924485,-0.61566925,-0.6657266,-0.6166105,-0.6660638,-0.4326163,-0.4479557,-0.58649915,-0.5987238
-0.82320243,-0.614774,-0.28155977,-0.701639,-0.8645586,-0.8398783,-0.8148379,-0.61980337,-0.3011954,-0.84649247,-0.65019906,-0.29737443,-0.8190624,-1.0337906,-0.01973232,-0.7639928,-0.063814744,-0.13488272,0.01458189,0.06416526,0.0444399,-0.027759176,0.048237856,-0.021907635,0.054764085,-0.015580624,-0.056491446,-0.0051977914,-0.09580026,-0.03853722,0.31254685,0.23176315,0.28840142,0.21401733,0.21677224,0.14757194,-0.15681769,-0.20757256,0.012005548,-0.0343288,0.09338818,0.023578,0.13035597,0.046242934,0.9301457,0.99149215,-0.0049215024,-0.06990769,0.004030129,-0.06840874,0.010399031,-0.062222354,-0.2956509,-0.3149333,0.08593414,0.03569159
1.8832164,1.7741693,1.9786136,1.9712716,1.7136478,2.2020068,1.7320747,1.4430593,2.2767632,1.9131281,1.7972064,2.2816207,1.9659082,1.7667809,1.0341884,1.9229687,1.0097349,1.2407064,-0.68550843,-0.82186145,0.9356968,1.1510503,0.909712,1.1255689,0.9097493,1.1254538,-0.60816115,-0.7293374,-0.66118413,-0.80020463,1.0770634,1.2901535,0.7487559,0.9223388,0.81446606,1.0237415,0.8640673,1.0961237,0.78712404,0.9992079,0.8505898,1.0610689,0.7164697,0.9187577,0.03362931,0.124807954,0.8802611,1.092948,1.0129392,1.2657355,1.012807,1.2640697,-0.089017145,-0.07054963,0.91769964,1.0953226
1.8832164,1.4635831,-0.45629537,1.9712716,0.8542457,1.7844931,1.6014638,1.4715977,-0.2752799,1.4969144,1.4747022,-0.2561207,1.4373343,2.008508,-0.5387409,1.9229687,-0.65133166,-0.50780666,0.5988122,0.5593633,-0.66495895,-0.5461685,-0.6656494,-0.5550368,-0.6658082,-0.55652446,0.5789763,0.54924583,0.6023028,0.5612662,-0.6522975,-0.59173524,-0.63230735,-0.5806223,-0.6485578,-0.60370415,-0.59071505,-0.5765667,-0.60785794,-0.5889449,-0.6638135,-0.5649804,-0.5990299,-0.5081665,-0.32497722,-0.3849645,-0.6594294,-0.54611415,-0.61566925,-0.4662463,-0.6166105,-0.46721974,-0.4326163,-0.42767638,-0.58649915,-0.5241725
-0.14659771,-0.6905705,0.20077151,-0.03341135,0.8542457,0.5319522,0.09943845,-0.68731225,0.21207678,0.064133495,-0.6837783,0.2190457,0.09654721,-0.5111122,1.5157585,-0.7639928,2.4851072,2.59876,-0.71015954,-0.7404954,1.9827391,2.0615866,1.8494061,1.9237006,1.8376807,1.9116735,-0.46849793,-0.48912838,-0.6797649,-0.70798,1.8006967,1.8824319,1.0523516,1.0957105,1.4780643,1.5506436,1.2929771,1.3785477,1.8967482,2.0265565,1.6077914,1.671855,2.1361673,2.2085826,-0.32497722,-0.3849645,1.7006096,1.7623471,2.8292518,2.989531,2.8265595,2.9821637,-0.33466408,-0.34535348,0.4738456,0.48961708
1.2066118,0.49805245,-0.46991405,1.303044,0.42454463,1.1284002,0.75249296,0.5620968,-0.4758692,0.85331583,0.55682206,-0.48092124,0.8298261,1.2653377,-0.63370246,1.2512283,-0.65133166,-0.69511765,0.5988122,0.62317413,-0.66495895,-0.70376,-0.6656494,-0.70341796,-0.6658082,-0.70350933,0.5789763,0.6023432,0.6023028,0.6280673,-0.6522975,-0.6876826,-0.63230735,-0.66235024,-0.6485578,-0.69114465,-0.59071505,-0.6450731,-0.60785794,-0.65642154,-0.6638135,-0.7000882,-0.5990299,-0.62577856,-0.32497722,-0.3849645,-0.6594294,-0.6924485,-0.61566925,-0.6657266,-0.6166105,-0.6660638,-0.4326163,-0.4479557,-0.58649915,-0.5987238
-0.82320243,-0.81473047,-0.4884307,-0.701639,-0.8645586,-0.8398783,-0.88014334,-0.8223252,-0.49483734,-0.8896076,-0.82516587,-0.50032425,-0.8845454,-0.7756031,-0.63370246,-0.7639928,-0.65133166,-0.69511765,0.5988122,0.62317413,-0.66495895,-0.70376,-0.6656494,-0.70341796,-0.6658082,-0.70350933,0.5789763,0.6023432,0.6023028,0.6280673,-0.6522975,-0.6876826,-0.63230735,-0.66235024,-0.6485578,-0.69114465,-0.59071505,-0.6450731,-0.60785794,-0.65642154,-0.6638135,-0.7000882,-0.5990299,-0.62577856,-0.32497722,-0.3849645,-0.6594294,-0.6924485,-0.61566925,-0.6657266,-0.6166105,-0.6660638,-0.4326163,-0.4479557,-0.58649915,-0.5987238
-0.82320243,-0.7472921,-0.34277055,-0.701639,-0.43485752,-0.8398783,-0.55361605,-0.7970675,-0.34183845,-0.5678935,-0.78482443,-0.33534142,-0.55253935,-0.7582238,0.29734862,-0.7639928,-0.18658161,-0.17767553,-0.33053306,-0.37562248,-0.023132248,-0.0046479204,0.030400606,0.053148534,0.03390473,0.057001952,-0.34629261,-0.39065525,-0.29222474,-0.33400923,0.042717546,0.073223904,0.13958001,0.1758285,0.12461326,0.15860048,0.31161073,0.37225777,-0.006529679,0.031301115,0.09338818,0.12021716,-0.3189978,-0.3069846,-0.26520947,-0.30834654,0.11255435,0.13882539,-0.3575762,-0.3605569,-0.35288978,-0.35569057,0.75981534,0.8149286,0.35090008,0.38581616
-1.4998071,-0.95849377,-0.49045846,-1.3698667,-1.2942597,-1.4959712,-1.3372815,-0.9829456,-0.49703804,-1.5253038,-0.9749529,-0.50242716,-1.4932499,-1.5017325,-0.63370246,-1.4357332,-0.65133166,-0.69511765,0.5988122,0.62317413,-0.66495895,-0.70376,-0.6656494,-0.70341796,-0.6658082,-0.70350933,0.5789763,0.6023432,0.6023028,0.6280673,-0.6522975,-0.6876826,-0.63230735,-0.66235024,-0.6485578,-0.69114465,-0.59071505,-0.6450731,-0.60785794,-0.65642154,-0.6638135,-0.7000882,-0.5990299,-0.62577856,-0.32497722,-0.3849645,-0.6594294,-0.6924485,-0.61566925,-0.6657266,-0.6166105,-0.6660638,-0.4326163,-0.4479557,-0.58649915,-0.5987238
-0.82320243,-0.6945655,-0.4867358,-0.701639,-0.8645586,-0.8398783,-0.88014334,-0.800104,-0.4945329,-0.841719,-0.7231239,-0.4987318,-0.8098706,-0.7258151,-0.63370246,-0.7639928,-0.65133166,-0.69511765,0.5988122,0.62317413,-0.66495895,-0.70376,-0.6656494,-0.70341796,-0.6658082,-0.70350933,0.5789763,0.6023432,0.6023028,0.6280673,-0.6522975,-0.6876826,-0.63230735,-0.66235024,-0.6485578,-0.69114465,-0.59071505,-0.6450731,-0.60785794,-0.65642154,-0.6638135,-0.7000882,-0.5990299,-0.62577856,-0.32497722,-0.3849645,-0.6594294,-0.6924485,-0.61566925,-0.6657266,-0.6166105,-0.6660638,-0.4326163,-0.4479557,-0.58649915,-0.5987238
1.2066118,0.5498092,-0.46918404,1.303044,0.42454463,1.1284002,0.5565766,0.59912115,-0.4753619,0.55107456,0.59341383,-0.48035678,0.5816876,0.7993152,-0.63370246,1.2512283,-0.65133166,-0.69511765,0.5988122,0.62317413,-0.66495895,-0.70376,-0.6656494,-0.70341796,-0.6658082,-0.70350933,0.5789763,0.6023432,0.6023028,0.6280673,-0.6522975,-0.6876826,-0.63230735,-0.66235024,-0.6485578,-0.69114465,-0.59071505,-0.6450731,-0.60785794,-0.65642154,-0.6638135,-0.7000882,-0.5990299,-0.62577856,-0.32497722,-0.3849645,-0.6594294,-0.6924485,-0.61566925,-0.6657266,-0.6166105,-0.6660638,-0.4326163,-0.4479557,-0.58649915,-0.5987238
1.2066118,1.8973235,0.90904933,1.303044,1.2839468,1.1284002,1.470853,1.883524,1.1356872,1.291424,1.8021078,1.2724093,1.450869,0.786838,1.4770625,1.2512283,1.6747223,1.7974873,-1.669086,-1.9016892,1.6522657,1.7788477,1.6274312,1.7601068,1.6301984,1.7638787,-1.6451607,-1.8951337,-1.6618872,-1.893339,1.8047851,1.9488703,1.6377162,1.8119861,1.7593634,1.9077202,1.9184525,2.0351877,1.902988,2.0162597,1.6077914,1.7563227,2.1166303,2.3978903,1.1094489,1.5265722,1.4806097,1.605957,1.5539687,1.6313479,1.5631219,1.637595,1.2889655,1.6314508,1.2743539,1.3936797
0.530007,-0.5569725,-0.24159765,0.6348163,0.42454463,0.47230738,0.5565766,-0.5343454,-0.27605385,0.42575595,-0.5292286,-0.21471426,0.53457046,0.47257632,-0.06401092,0.579488,-0.16274494,-0.25030273,-0.45378843,-0.32708892,-0.059851523,-0.15602754,-0.0030277472,-0.10365708,0.0039117406,-0.097288296,-0.52785486,-0.39695993,-0.44352466,-0.31630167,0.12448399,0.018006615,0.21498287,0.10391383,0.32580915,0.1986259,0.44316924,0.3174625,0.34641287,0.22912835,0.09338818,-0.015086161,0.31270248,0.19280525,2.2450361,2.159441,-0.04409903,-0.13791198,-0.2789061,-0.3559527,-0.29099613,-0.3669392,0.98174787,0.8340967,0.04521944,-0.03747698
-0.14659771,-0.5650578,-0.4849091,-0.03341135,-0.43485752,-0.18378547,0.034133,-0.55547124,-0.41964385,-0.3787037,-0.5510621,-0.43285927,-0.25456297,-0.26503068,-0.50147206,-0.09225239,-0.65133166,-0.512334,0.5988122,0.49376738,-0.66495895,-0.52065,-0.6656494,-0.5160523,-0.6658082,-0.5156025,0.5789763,0.48042923,0.6023028,0.48669317,-0.6522975,-0.48531428,-0.63230735,-0.46667993,-0.6485578,-0.45012438,-0.59071505,-0.33398545,-0.60785794,-0.374409,-0.6638135,-0.5094712,-0.5990299,-0.4012311,-0.32497722,-0.13764001,-0.6594294,-0.5228388,-0.61566925,-0.45280766,-0.6166105,-0.45602614,-0.4326163,-0.41350985,-0.58649915,-0.46833804
0.530007,1.1242511,1.480388,0.6348163,0.42454463,0.7108866,0.2953548,0.93466336,1.7421166,0.2700079,0.79245156,1.7669157,0.2770448,0.19139448,0.18693556,0.579488,0.20170431,0.30343977,0.1476977,0.099330194,0.1298285,0.22144964,0.12407932,0.21603128,0.12042774,0.21192175,0.19839399,0.1603605,0.16167499,0.1162886,-0.014519027,0.05696569,-0.12433008,-0.07157954,-0.10846324,-0.0565726,-0.29565588,-0.2917793,-0.28948817,-0.27628148,0.09338818,0.18116704,0.12384364,0.20923215,-0.32497722,-0.3849645,0.19858955,0.3023227,0.2069161,0.30720717,0.21626268,0.31769055,-0.38886026,-0.3969299,0.2587311,0.36739883
1.2066118,-0.16493481,-0.4792654,1.303044,0.42454463,1.1284002,0.9484093,-0.19272926,-0.45758384,0.80649066,-0.19458216,-0.45061156,0.8419301,1.2895883,-0.6092366,1.2512283,-0.65133166,-0.610416,0.5988122,0.5622861,-0.66495895,-0.6251168,-0.6656494,-0.6241248,-0.6658082,-0.6241963,0.5789763,0.54685456,0.6023028,0.5648952,-0.6522975,-0.606891,-0.63230735,-0.5749066,-0.6485578,-0.5952537,-0.59071505,-0.5241536,-0.60785794,-0.531222,-0.6638135,-0.62210596,-0.5990299,-0.5951574,-0.32497722,-0.3340513,-0.6594294,-0.61965865,-0.61566925,-0.57085764,-0.6166105,-0.5713523,-0.4326163,-0.43974417,-0.58649915,-0.54091245
-0.82320243,-0.7450685,-0.48744813,-0.701639,-0.8645586,-0.8398783,-0.684227,-0.73552436,-0.47830594,-0.8284293,-0.73927116,-0.47626776,-0.82386833,-0.72735643,-0.59986824,-0.7639928,-0.65133166,-0.66346335,0.5988122,0.55552477,-0.66495895,-0.6647742,-0.6656494,-0.66072065,-0.6658082,-0.6603524,0.5789763,0.5312017,0.6023028,0.56083846,-0.6522975,-0.6374871,-0.63230735,-0.6078132,-0.6485578,-0.62778413,-0.59071505,-0.5765584,-0.60785794,-0.5933594,-0.6638135,-0.6513144,-0.5990299,-0.56749016,-0.32497722,-0.20355108,-0.6594294,-0.6529646,-0.61566925,-0.64368147,-0.6166105,-0.64477766,-0.4326163,-0.35667098,-0.58649915,-0.5587601
-0.14659771,-0.9576052,-0.37285477,-0.03341135,-0.43485752,-0.18378547,0.2953548,-0.9430379,-0.32154632,0.2551819,-0.92613906,-0.29917306,0.2854459,0.092890345,0.82258046,-0.7639928,2.1332083,2.1022496,-0.43653265,-0.40534243,1.6685611,1.6268682,1.707897,1.6681743,1.7110437,1.6714138,-0.1228314,-0.09337111,-0.35327557,-0.3218675,2.131851,2.0946815,0.6177929,0.58589333,2.2150683,2.1974285,2.8238003,2.8650866,3.5300734,3.5920575,1.6077914,1.5692546,1.1983854,1.1564165,1.2887521,1.3865852,1.5506319,1.5065873,2.9990134,3.0066395,2.9557292,2.9586916,-0.41968903,-0.43515798,-0.0676275,-0.094039254
1.2066118,0.42188814,-0.47098833,1.303044,0.42454463,1.1284002,0.88310385,0.6153615,-0.43846503,1.1422935,0.5954305,-0.3908666,1.1217343,1.6143636,-0.5903252,1.2512283,-0.65133166,-0.6398574,0.5988122,0.58199674,-0.66495895,-0.65308875,-0.6656494,-0.65228385,-0.6658082,-0.6523205,0.5789763,0.5651101,0.6023028,0.5863517,-0.6522975,-0.63280743,-0.63230735,-0.60706097,-0.6485578,-0.62983257,-0.59071505,-0.56238997,-0.60785794,-0.57733905,-0.6638135,-0.6499869,-0.5990299,-0.5914636,-0.32497722,-0.35563695,-0.6594294,-0.64540625,-0.61566925,-0.6025528,-0.6166105,-0.6037896,-0.4326163,-0.44385505,-0.58649915,-0.5643457
-1.4998071,-0.92080915,-0.48992693,-1.3698667,-1.2942597,-1.4959712,-1.1413652,-0.92066777,-0.48966116,-1.2870792,-0.91735303,-0.49722207,-1.2864399,-1.2125822,-0.6196326,-1.4357332,-0.65133166,-0.68014187,0.5988122,0.61289644,-0.66495895,-0.6869774,-0.6656494,-0.6848551,-0.6658082,-0.684911,0.5789763,0.5929174,0.6023028,0.6164304,-0.6522975,-0.673071,-0.63230735,-0.64599156,-0.6485578,-0.6648977,-0.59071505,-0.61285806,-0.60785794,-0.6296977,-0.6638135,-0.67980576,-0.5990299,-0.5913243,-0.32497722,-0.36215693,-0.6594294,-0.674438,-0.61566925,-0.6426202,-0.6166105,-0.6434954,-0.4326163,-0.4463513,-0.58649915,-0.59306896
-0.82320243,-0.5744081,0.45047224,-0.701639,-0.005156449,-0.8398783,-0.42300516,-0.5774232,0.44153118,-0.5636202,-0.58696616,0.42618608,-0.6266884,-0.9063093,0.65682375,-1.0998629,0.54135334,0.53131586,-1.4768076,-1.4927992,0.69300205,0.68457514,0.74838376,0.7424075,0.7664496,0.76100945,-1.5508878,-1.5690157,-1.4946609,-1.5102391,1.5472207,1.5667669,1.4750047,1.4898523,1.2487385,1.2664189,1.5498517,1.6056694,1.3223103,1.3677909,0.8505898,0.8476992,1.2244349,1.2239445,2.9024813,3.2261956,0.61083263,0.60094637,0.3697769,0.35867813,0.3521596,0.3395698,1.5008048,1.5297694,0.76221454,0.75526583
-1.4998071,-0.8633062,-0.4891158,-1.3698667,-1.2942597,-1.4959712,-1.271976,-0.8663914,-0.47218898,-1.3927248,-0.8572244,-0.47521183,-1.3701968,-1.3712729,-0.5884234,-1.4357332,-0.65133166,-0.6325278,0.5988122,0.5788619,-0.66495895,-0.64105844,-0.6656494,-0.6392591,-0.6658082,-0.6391652,0.5789763,0.5605967,0.6023028,0.57965714,-0.6522975,-0.6183865,-0.63230735,-0.5953477,-0.6485578,-0.6086131,-0.59071505,-0.53854865,-0.60785794,-0.5598532,-0.6638135,-0.634816,-0.5990299,-0.54888767,-0.32497722,-0.30027422,-0.6594294,-0.63436973,-0.61566925,-0.59281766,-0.6166105,-0.5941414,-0.4326163,-0.43616056,-0.58649915,-0.5540764
1.8832164,2.119707,3.49737,1.9712716,1.7136478,2.2616515,2.058602,2.5571036,3.875123,1.9473748,2.4132123,3.8347092,1.9868242,1.7726656,0.97369707,1.9229687,1.7639898,2.066758,0.3029994,0.25810802,1.2340137,1.4639621,1.0792322,1.2912717,1.05848,1.2681057,0.4672457,0.44439355,0.24661532,0.19611049,0.47607982,0.6140416,0.07012997,0.16022378,0.17283599,0.2760543,-0.27566314,-0.23145817,-0.24440144,-0.19348562,0.8505898,1.0347292,0.97696465,1.1466308,-0.32497722,-0.38066545,1.0844871,1.2904303,2.1087995,2.4745634,2.0851815,2.4445114,-0.4326163,-0.4367671,-0.49961984,-0.460888
-1.4998071,-0.6804216,-0.4865363,-1.3698667,-1.2942597,-1.4959712,-1.271976,-0.8176309,-0.3954926,-1.557854,-0.81654394,-0.44326657,-1.5235873,-1.5766121,-0.54160976,-1.4357332,-0.65133166,-0.5806348,0.5988122,0.53616035,-0.66495895,-0.59737104,-0.6656494,-0.5953842,-0.6658082,-0.5953027,0.5789763,0.5235098,0.6023028,0.53944355,-0.6522975,-0.5700403,-0.63230735,-0.543854,-0.6485578,-0.56037664,-0.59071505,-0.4670443,-0.60785794,-0.48764083,-0.6638135,-0.5934381,-0.5990299,-0.54695326,-0.32497722,-0.3187514,-0.6594294,-0.59234774,-0.61566925,-0.53496754,-0.6166105,-0.5371223,-0.4326163,-0.43757764,-0.58649915,-0.5216541
-0.14659771,-0.5518062,-0.48472214,-0.03341135,-0.43485752,-0.18378547,-0.55361605,-0.5667816,-0.3838769,-0.27898172,-0.5582168,-0.40258923,-0.30808488,-0.16355693,-0.37151587,-0.09225239,-0.65133166,-0.47343194,0.5988122,0.14940244,-0.66495895,-0.430729,-0.6656494,-0.40439412,-0.6658082,-0.40126625,0.5789763,0.10411487,0.6023028,0.15724102,-0.6522975,-0.33614603,-0.63230735,-0.28040844,-0.6485578,-0.24740922,-0.59071505,-0.16524114,-0.60785794,-0.21477605,-0.6638135,-0.3585085,-0.5990299,-0.21756497,-0.32497722,0.8855357,-0.6594294,-0.4159294,-0.61566925,-0.5113373,-0.6166105,-0.5169898,-0.4326163,0.19134237,-0.58649915,-0.31884423
0.530007,2.0831814,-0.447556,-0.701639,-0.005156449,0.47230738,0.1647439,2.3232057,-0.45173997,0.14802773,2.3047807,-0.3751743,0.20211636,0.42803448,-0.63370246,0.579488,-0.65133166,-0.69511765,0.5988122,0.62317413,-0.66495895,-0.70376,-0.6656494,-0.70341796,-0.6658082,-0.70350933,0.5789763,0.6023432,0.6023028,0.6280673,-0.6522975,-0.6876826,-0.63230735,-0.66235024,-0.6485578,-0.69114465,-0.59071505,-0.6450731,-0.60785794,-0.65642154,-0.6638135,-0.7000882,-0.5990299,-0.62577856,-0.32497722,-0.3849645,-0.6594294,-0.6924485,-0.61566925,-0.6657266,-0.6166105,-0.6660638,-0.4326163,-0.4479557,-0.58649915,-0.5987238
1.8832164,1.3018087,1.7119114,1.9712716,1.7136478,2.2616515,1.470853,1.6506569,1.9064052,1.5558647,1.4901354,1.8289543,1.6123984,1.4524845,0.69135445,1.5870986,1.2471839,1.243292,-0.28862622,-0.2871833,1.0123944,1.0084697,0.96243113,0.9627598,0.95492405,0.9552547,-0.15076408,-0.14847752,-0.2656809,-0.26243618,0.8031457,0.7911485,0.4372229,0.42871833,0.60041076,0.58414644,0.33224156,0.29172626,0.5453806,0.499406,0.8505898,0.8541678,1.0355761,1.0185264,-0.32497722,-0.3849645,0.9852691,0.9968906,1.3552231,1.3533248,1.363986,1.3614894,-0.3562095,-0.36811364,0.61217934,0.66309613
-0.82320243,0.18869609,-0.12241466,-0.701639,-0.43485752,-0.8398783,-0.8148379,-0.19481494,-0.2868396,-0.8548287,-0.055443037,-0.28896174,-0.8020993,-0.97844005,-0.015329972,-0.7639928,-0.051946986,0.21260807,-0.22946364,-0.030820586,0.0444399,0.22567204,0.059997234,0.2024233,0.061676018,0.20019849,-0.26249468,-0.03679705,-0.23117387,-0.05585134,0.050894186,0.1030375,0.16140714,0.059937865,0.094608,0.14721039,-0.095489375,0.03344639,0.0033419628,0.011711281,0.09338818,0.18522255,0.00010852704,0.06948728,-0.20544171,-0.29227856,0.08352075,0.19781797,-0.1726325,0.17538781,-0.17259088,0.18104221,0.34380034,0.10250338,0.30521634,0.03735778
-0.82320243,0.53458774,0.56191766,-0.701639,-0.43485752,-0.8398783,-1.0760597,0.09302306,0.17085926,-1.2075508,0.07727308,0.19771363,-1.1840377,-1.1330063,-0.5948964,-1.0998629,0.09942346,0.26972649,0.061418958,0.01681752,0.14286488,0.30357736,0.09659668,0.24759029,0.09660614,0.24687672,-0.014592451,-0.051693715,-0.048021358,-0.10598173,0.11221903,0.2465853,0.18521856,0.27947286,0.08657085,0.22633535,-0.15699527,-0.047579262,-0.2380013,-0.12779965,0.09338818,0.23295012,0.22804159,0.26211405,1.1692166,1.4057093,-0.014483151,0.1328753,0.14756846,0.32263753,0.14225942,0.32227805,-0.31415975,-0.2909653,-0.08173339,-0.018175256
-0.14659771,-0.8519044,-0.48895502,-0.03341135,-0.43485752,-0.18378547,-0.4883106,-0.84090716,-0.49509197,-0.56482464,-0.84100735,-0.500525,-0.44098544,-0.5327524,-0.63370246,-0.09225239,-0.65133166,-0.69511765,0.5988122,0.62317413,-0.66495895,-0.70376,-0.6656494,-0.70341796,-0.6658082,-0.70350933,0.5789763,0.6023432,0.6023028,0.6280673,-0.6522975,-0.6876826,-0.63230735,-0.66235024,-0.6485578,-0.69114465,-0.59071505,-0.6450731,-0.60785794,-0.65642154,-0.6638135,-0.7000882,-0.5990299,-0.62577856,-0.32497722,-0.3849645,-0.6594294,-0.6924485,-0.61566925,-0.6657266,-0.6166105,-0.6660638,-0.4326163,-0.4479557,-0.58649915,-0.5987238
-1.4998071,-0.93645984,-0.49014765,-1.3698667,-1.2942597,-1.4959712,-1.4025869,-0.94408125,-0.4965056,-1.444489,-0.94881916,-0.5020603,-1.4488953,-1.4311335,-0.63370246,-1.4357332,-0.65133166,-0.69511765,0.5988122,0.62317413,-0.66495895,-0.70376,-0.6656494,-0.70341796,-0.6658082,-0.70350933,0.5789763,0.6023432,0.6023028,0.6280673,-0.6522975,-0.6876826,-0.63230735,-0.66235024,-0.6485578,-0.69114465,-0.59071505,-0.6450731,-0.60785794,-0.65642154,-0.6638135,-0.7000882,-0.5990299,-0.62577856,-0.32497722,-0.3849645,-0.6594294,-0.6924485,-0.61566925,-0.6657266,-0.6166105,-0.6660638,-0.4326163,-0.4479557,-0.58649915,-0.5987238
0.530007,0.16269265,1.2604547,0.6348163,1.2839468,0.6512418,0.81779844,0.38962296,1.4780172,0.9530424,0.34805372,1.4881588,0.96087956,0.47066793,1.5887259,0.579488,1.1533746,1.1531967,-1.9501083,-1.9470685,1.4430311,1.4527003,1.497285,1.5147243,1.5052891,1.5226899,-2.0222514,-2.0137527,-1.9618325,-1.9553099,1.6003689,1.6006154,1.7627261,1.7565343,1.677117,1.7110765,1.1828709,1.279863,1.412481,1.4904543,1.6077914,1.6299311,1.4523679,1.4120758,1.1094489,1.1793784,1.5141538,1.5438033,0.7562264,0.7707673,0.78406966,0.79993325,2.0565035,2.0277834,1.9049504,1.9236195
1.2066118,-0.73912066,-0.48736423,0.6348163,0.42454463,1.1284002,0.36066025,-0.7567509,-0.49357387,0.589458,-0.75424486,-0.49623978,0.5339404,0.9981178,-0.63202375,1.2512283,-0.65133166,-0.6926659,0.5988122,0.6221307,-0.66495895,-0.70165354,-0.6656494,-0.7014189,-0.6658082,-0.70151633,0.5789763,0.60148305,0.6023028,0.62701964,-0.6522975,-0.6855592,-0.63230735,-0.66092443,-0.6485578,-0.6894041,-0.59071505,-0.64348227,-0.60785794,-0.6543646,-0.6638135,-0.6982733,-0.5990299,-0.62364054,-0.32497722,-0.3849645,-0.6594294,-0.6905828,-0.61566925,-0.6630875,-0.6166105,-0.6634093,-0.4326163,-0.4478409,-0.58649915,-0.59767747
-0.14659771,-0.5514103,-0.48471662,-0.03341135,-0.43485752,-0.18378547,-0.42300516,-0.56845295,-0.49135906,-0.39389285,-0.5523762,-0.49649447,-0.36687085,-0.24457246,-0.63370246,-0.09225239,-0.65133166,-0.69511765,0.5988122,0.62317413,-0.66495895,-0.70376,-0.6656494,-0.70341796,-0.6658082,-0.70350933,0.5789763,0.6023432,0.6023028,0.6280673,-0.6522975,-0.6876826,-0.63230735,-0.66235024,-0.6485578,-0.69114465,-0.59071505,-0.6450731,-0.60785794,-0.65642154,-0.6638135,-0.7000882,-0.5990299,-0.62577856,-0.32497722,-0.3849645,-0.6594294,-0.6924485,-0.61566925,-0.6657266,-0.6166105,-0.6660638,-0.4326163,-0.4479557,-0.58649915,-0.5987238
-0.82320243,-0.70184207,-0.4868384,-1.3698667,-0.8645586,-0.8398783,-0.88014334,-0.6682518,-0.49272636,-0.81595254,-0.68238324,-0.49742025,-0.73439175,-0.72171766,-0.63370246,-0.7639928,-0.65133166,-0.69511765,0.5988122,0.62317413,-0.66495895,-0.70376,-0.6656494,-0.70341796,-0.6658082,-0.70350933,0.5789763,0.6023432,0.6023028,0.6280673,-0.6522975,-0.6876826,-0.63230735,-0.66235024,-0.6485578,-0.69114465,-0.59071505,-0.6450731,-0.60785794,-0.65642154,-0.6638135,-0.7000882,-0.5990299,-0.62577856,-0.32497722,-0.3849645,-0.6594294,-0.6924485,-0.61566925,-0.6657266,-0.6166105,-0.6660638,-0.4326163,-0.4479557,-0.58649915,-0.5987238
1.2066118,0.1458446,-0.4748819,-0.03341135,0.42454463,1.1284002,0.81779844,0.12029755,-0.4616814,0.7120816,0.10781715,-0.47500926,0.76417375,1.066935,-0.63370246,1.2512283,-0.65133166,-0.662703,0.5988122,0.6118965,-0.66495895,-0.6773248,-0.6656494,-0.6767823,-0.6658082,-0.67696875,0.5789763,0.59481865,0.6023028,0.61768144,-0.6522975,-0.6636984,-0.63230735,-0.6480539,-0.6485578,-0.658282,-0.59071505,-0.60153157,-0.60785794,-0.6047377,-0.6638135,-0.67492944,-0.5990299,-0.62577856,-0.32497722,-0.36102605,-0.6594294,-0.668424,-0.61566925,-0.6235965,-0.6166105,-0.6241858,-0.4326163,-0.4478363,-0.58649915,-0.5947589
-1.4998071,-0.5441205,0.51557803,-1.3698667,-0.8645586,-1.4959712,-1.5985032,-0.98242277,-0.40413028,-1.8504558,-1.0141433,-0.48807162,-1.8625109,-1.9050741,-0.5698091,-1.7716033,0.0201751,-0.5668149,-0.091417685,0.48322117,0.072468154,-0.5612941,0.08351605,-0.5573137,0.08352277,-0.5572821,-0.08791566,0.46757677,-0.08518273,0.4899419,0.038629226,-0.5515046,0.08600424,-0.5207284,-0.042558875,-0.570268,-0.17666388,-0.5450216,-0.17232414,-0.5718972,0.09338818,-0.55142224,0.00010852704,-0.5254826,-0.32497722,-0.38423482,0.13538589,-0.5363764,-0.04565625,-0.5578466,-0.039385,-0.55588216,-0.037915416,-0.3671826,0.37766925,-0.40359128
1.8832164,1.8006088,0.061947156,1.9712716,1.7136478,1.7844931,1.927991,2.1854036,0.12817721,2.213838,2.2300832,0.164772,2.1452677,2.0671718,1.2540181,1.9229687,0.89960194,0.9092046,-0.7249502,-0.7463191,0.8994121,0.90979034,0.87945485,0.8913905,0.87383175,0.8859008,-0.6884676,-0.71038723,-0.7301981,-0.75115776,0.56193465,0.5739125,0.8221745,0.84433657,0.6400606,0.6548238,0.338281,0.3451763,0.5691347,0.5934749,0.8505898,0.8639548,1.1658233,1.1644641,-0.26520947,-0.3158002,0.9173027,0.9284939,0.8307559,0.84413713,0.8405811,0.85257196,0.18468225,0.20167066,0.9047159,0.91657877
-0.14659771,2.0695412,-0.4477484,-0.03341135,-0.43485752,-0.18378547,-0.55361605,0.8075578,-0.46539643,-0.5084385,1.2542994,-0.46483222,-0.46962148,-0.36136863,-0.50447756,-0.09225239,-0.65133166,0.074157774,0.5988122,0.5124412,-0.66495895,-0.020474805,-0.6656494,-0.07634752,-0.6658082,-0.081972875,0.5789763,0.5303432,0.6023028,0.47556907,-0.6522975,-0.2215137,-0.63230735,-0.40478477,-0.6485578,-0.19950049,-0.59071505,-0.13662271,-0.60785794,-0.29756156,-0.6638135,-0.14123504,-0.5990299,-0.18689139,-0.32497722,-0.3849645,-0.6594294,-0.106337175,-0.61566925,0.16969661,-0.6166105,0.17850697,-0.4326163,-0.44793433,-0.58649915,-0.5724648
1.2066118,-0.32715476,0.86480504,1.303044,2.57305,1.1284002,2.1239073,-0.32436088,0.80221593,2.063173,-0.31253657,0.82325774,2.113373,0.9661806,3.3695934,1.2512283,2.3455915,2.2707908,-3.5425673,-3.4425366,2.882035,2.7870483,2.9625835,2.867841,2.971613,2.876983,-3.6283784,-3.5285327,-3.5650804,-3.4640691,2.863661,2.7828922,3.336265,3.2396324,3.0672708,2.9998488,1.8854132,1.8614769,2.4481416,2.4284809,3.1221948,3.0250988,2.3966622,2.2997427,0.27270037,0.25949,3.055321,2.94865,1.5995144,1.549348,1.6034877,1.5508883,3.4494672,3.3793488,3.872078,3.709814
-1.4998071,-0.7103266,-0.4869581,-1.3698667,-1.2942597,-1.4959712,-1.4678924,-0.71181613,-0.4933233,-1.4791327,-0.7446727,-0.4991942,-1.4608432,-1.4755448,-0.63370246,-1.4357332,-0.65133166,-0.69511765,0.5988122,0.62317413,-0.66495895,-0.70376,-0.6656494,-0.70341796,-0.6658082,-0.70350933,0.5789763,0.6023432,0.6023028,0.6280673,-0.6522975,-0.6876826,-0.63230735,-0.66235024,-0.6485578,-0.69114465,-0.59071505,-0.6450731,-0.60785794,-0.65642154,-0.6638135,-0.7000882,-0.5990299,-0.62577856,-0.32497722,-0.3849645,-0.6594294,-0.6924485,-0.61566925,-0.6657266,-0.6166105,-0.6660638,-0.4326163,-0.4479557,-0.58649915,-0.5987238
-0.82320243,-0.8490577,-0.48891485,-0.701639,-0.8645586,-0.8398783,-0.684227,-0.8548916,-0.49528357,-0.76852465,-0.84929264,-0.500663,-0.81113416,-0.5986517,-0.63370246,-0.7639928,-0.65133166,-0.69511765,0.5988122,0.62317413,-0.66495895,-0.70376,-0.6656494,-0.70341796,-0.6658082,-0.70350933,0.5789763,0.6023432,0.6023028,0.6280673,-0.6522975,-0.6876826,-0.63230735,-0.66235024,-0.6485578,-0.69114465,-0.59071505,-0.6450731,-0.60785794,-0.65642154,-0.6638135,-0.7000882,-0.5990299,-0.62577856,-0.32497722,-0.3849645,-0.6594294,-0.6924485,-0.61566925,-0.6657266,-0.6166105,-0.6660638,-0.4326163,-0.4479557,-0.58649915,-0.5987238
-1.4998071,-0.6804216,-0.4865363,-1.3698667,-1.2942597,-1.4959712,-1.3372815,-0.65154636,-0.49024075,-1.3198228,-0.6710029,-0.49418497,-1.3457445,-1.257339,-0.62481385,-1.4357332,-0.65133166,-0.6803181,0.5988122,0.6125191,-0.66495895,-0.69051343,-0.6656494,-0.6901789,-0.6658082,-0.69027,0.5789763,0.592733,0.6023028,0.6173985,-0.6522975,-0.67400986,-0.63230735,-0.64855963,-0.6485578,-0.6755151,-0.59071505,-0.62375855,-0.60785794,-0.63638157,-0.6638135,-0.6872747,-0.5990299,-0.6207471,-0.32497722,-0.37498927,-0.6594294,-0.6804141,-0.61566925,-0.64896923,-0.6166105,-0.64944917,-0.4326163,-0.44716278,-0.58649915,-0.5907584
0.530007,1.4502504,1.4849863,0.6348163,0.42454463,0.7108866,0.2953548,1.4660821,1.7493975,0.500382,1.5102808,1.793156,0.37783846,0.5214592,0.18693556,0.579488,0.20170431,0.30343977,0.1476977,0.099330194,0.1298285,0.22144964,0.12407932,0.21603128,0.12042774,0.21192175,0.19839399,0.1603605,0.16167499,0.1162886,-0.014519027,0.05696569,-0.12433008,-0.07157954,-0.10846324,-0.0565726,-0.29565588,-0.2917793,-0.28948817,-0.27628148,0.09338818,0.18116704,0.12384364,0.20923215,-0.32497722,-0.3849645,0.19858955,0.3023227,0.2069161,0.30720717,0.21626268,0.31769055,-0.38886026,-0.3969299,0.2587311,0.36739883
-0.14659771,-0.6012886,0.29177138,-0.03341135,0.8542457,-0.18378547,0.1647439,-0.59264594,0.29244518,0.3648398,-0.60115963,0.30489057,0.31985286,-0.3098576,1.7324325,-0.09225239,1.1468223,1.1467388,-1.8860153,-1.9016578,1.4632375,1.4641504,1.5112906,1.5143971,1.5166445,1.5200393,-1.9454366,-1.9630436,-1.8981272,-1.9134403,1.4572774,1.4675375,1.7488362,1.7619843,1.5809394,1.6009825,0.89496195,0.9106696,1.2257416,1.2580853,1.6077914,1.6133088,1.1983854,1.191387,0.03362931,0.016196825,1.569421,1.5685853,0.713441,0.70970625,0.7154484,0.7105195,1.8966335,1.9291639,2.0886474,2.0772474
-0.14659771,-0.04542434,-0.47757974,-0.03341135,-0.43485752,-0.18378547,-0.16178335,0.03138285,-0.4331102,-0.45931765,-0.012341871,-0.46784714,-0.3778939,-0.32678106,-0.63370246,-0.09225239,-0.65133166,-0.65623933,0.5988122,0.5773014,-0.66495895,-0.662084,-0.6656494,-0.66006076,-0.6658082,-0.65997446,0.5789763,0.55603516,0.6023028,0.5807971,-0.6522975,-0.64278334,-0.63230735,-0.61307925,-0.6485578,-0.6340121,-0.59071505,-0.57849085,-0.60785794,-0.60072404,-0.6638135,-0.6542119,-0.5990299,-0.569687,-0.32497722,-0.24393664,-0.6594294,-0.65424156,-0.61566925,-0.627976,-0.6166105,-0.6288216,-0.4326163,-0.4162787,-0.58649915,-0.5590053
1.2066118,-0.32425565,-0.48151258,1.303044,0.42454463,1.1284002,0.6218821,-0.2718698,-0.47862545,0.8534438,-0.26532215,-0.4678021,0.8256604,1.2133218,-0.61227506,1.2512283,-0.65133166,-0.66549826,0.5988122,0.60220426,-0.66495895,-0.67408776,-0.6656494,-0.67305607,-0.6658082,-0.67305976,0.5789763,0.58258754,0.6023028,0.60515815,-0.6522975,-0.6548896,-0.63230735,-0.6306426,-0.6485578,-0.6520883,-0.59071505,-0.59466255,-0.60785794,-0.6107225,-0.6638135,-0.66919947,-0.5990299,-0.58939147,-0.32497722,-0.3448865,-0.6594294,-0.6649639,-0.61566925,-0.6312239,-0.6166105,-0.632028,-0.4326163,-0.4423739,-0.58649915,-0.5775953
-0.82320243,-0.69368243,-0.4867233,-0.701639,-0.8645586,-0.8398783,-1.0107542,-0.67024654,-0.49275368,-0.66894734,-0.6708289,-0.48199674,-0.8001186,-0.46612817,-0.63370246,-0.7639928,-0.65133166,-0.69511765,0.5988122,0.62317413,-0.66495895,-0.70376,-0.6656494,-0.70341796,-0.6658082,-0.70350933,0.5789763,0.6023432,0.6023028,0.6280673,-0.6522975,-0.6876826,-0.63230735,-0.66235024,-0.6485578,-0.69114465,-0.59071505,-0.6450731,-0.60785794,-0.65642154,-0.6638135,-0.7000882,-0.5990299,-0.62577856,-0.32497722,-0.3849645,-0.6594294,-0.6924485,-0.61566925,-0.6657266,-0.6166105,-0.6660638,-0.4326163,-0.4479557,-0.58649915,-0.5987238
1.2066118,0.48224515,-0.470137,0.6348163,0.42454463,1.1284002,0.75249296,0.53655034,-0.442118,0.6855645,0.49449164,-0.44537273,0.6631256,0.96673936,-0.63370246,1.2512283,-0.65133166,-0.6725794,0.5988122,0.58218676,-0.66495895,-0.6777264,-0.6656494,-0.6764444,-0.6658082,-0.6762103,0.5789763,0.55976576,0.6023028,0.587069,-0.6522975,-0.6469881,-0.63230735,-0.6245978,-0.6485578,-0.6546533,-0.59071505,-0.60795057,-0.60785794,-0.6190139,-0.6638135,-0.6710806,-0.5990299,-0.58962655,-0.32497722,-0.31972668,-0.6594294,-0.6685004,-0.61566925,-0.6482094,-0.6166105,-0.6489052,-0.4326163,-0.40313774,-0.58649915,-0.57453376
-0.82320243,1.3313344,-0.4581607,-0.701639,-0.8645586,-0.8398783,-0.7495324,1.5766417,-0.30704194,-0.82306296,1.5118492,-0.34119153,-0.78116363,-0.71457887,-0.6164193,-0.7639928,-0.65133166,-0.65405655,0.5988122,0.6188849,-0.66495895,-0.67208236,-0.6656494,-0.67448354,-0.6658082,-0.6749307,0.5789763,0.60108215,0.6023028,0.6227504,-0.6522975,-0.66973406,-0.63230735,-0.6509328,-0.6485578,-0.6780275,-0.59071505,-0.63894004,-0.60785794,-0.64949614,-0.6638135,-0.6751736,-0.5990299,-0.60259664,-0.32497722,-0.3849645,-0.6594294,-0.66402155,-0.61566925,-0.61869776,-0.6166105,-0.61947006,-0.4326163,-0.4479557,-0.58649915,-0.59782773
0.530007,-0.35795245,0.7394436,-0.03341135,1.7136478,0.47230738,1.6014638,-0.5117659,0.4745988,1.0087733,-0.5375598,0.39396816,1.0796218,0.26188982,2.1884217,0.579488,1.7408864,1.5050683,-2.6501982,-2.3679042,2.1546028,1.8803253,2.239844,1.9440135,2.2467208,1.9505785,-2.6751766,-2.4261663,-2.6440094,-2.3780036,2.144116,1.8770581,2.5227077,2.2178414,2.196583,2.0159771,1.3657491,1.2052033,1.6539229,1.5880525,2.364993,2.0597017,1.8040361,1.5396103,0.03362931,0.064891525,2.3871415,2.021626,1.1965026,0.9905456,1.220016,0.99620306,2.3694766,2.3168325,3.1679068,2.6209557
-0.14659771,-0.7601183,0.051272742,-0.701639,0.8542457,-0.18378547,0.034133,-0.81006414,-0.21324448,-0.1529565,-0.82555646,-0.22833832,-0.2807894,-0.3473943,0.44611683,-0.42812258,2.2047184,1.3541411,0.049093425,0.19404805,1.5890391,0.9180765,1.6856993,0.97647303,1.6778415,0.9720381,0.43582144,0.452193,0.02364704,0.18492113,1.3795995,0.84453446,0.9670275,0.4435815,2.165774,1.3322289,2.7166376,1.7355224,3.6121445,2.3531468,1.6077914,0.91540647,1.4979546,0.74171716,3.6196947,2.4966998,1.5151218,0.84903973,3.684961,2.385676,3.623104,2.341262,-0.43186435,-0.44722414,-0.53600657,-0.5531321
0.530007,0.2462263,1.4986166,0.6348163,0.42454463,0.7108866,0.4259657,0.4694108,1.6377705,0.5103876,0.43195686,1.6892143,0.5159107,0.4510951,0.1901107,0.579488,0.5563291,0.65803885,0.45090583,0.4590482,0.2845274,0.35386124,0.20679139,0.26821545,0.1963359,0.25670525,0.523111,0.54034436,0.42445907,0.43062392,-0.08810883,-0.057191975,-0.28108868,-0.27199626,-0.23786089,-0.2300995,-0.43318906,-0.464683,-0.4261297,-0.44841906,0.09338818,0.14261489,0.18896736,0.24112155,-0.32497722,-0.38477746,0.21252887,0.27412033,0.74656516,0.87652797,0.7342855,0.8610892,-0.4326163,-0.4479552,-0.54305947,-0.5514675
-0.82320243,1.3781631,-0.4575002,-0.701639,-0.8645586,-0.8398783,-0.6189215,1.5113113,-0.23419625,-0.55946755,1.5344315,-0.23499806,-0.5227074,-0.37964982,-0.53444314,-0.7639928,-0.65133166,-0.49200687,0.5988122,0.599235,-0.66495895,-0.54853195,-0.6656494,-0.5622613,-0.6658082,-0.5641785,0.5789763,0.59298134,0.6023028,0.5998832,-0.6522975,-0.6026564,-0.63230735,-0.60938686,-0.6485578,-0.62617064,-0.59071505,-0.6135724,-0.60785794,-0.61486703,-0.6638135,-0.57927084,-0.5990299,-0.53073186,-0.32497722,-0.3849645,-0.6594294,-0.5552229,-0.61566925,-0.43447405,-0.6166105,-0.43675295,-0.4326163,-0.4479557,-0.58649915,-0.5933995
-0.82320243,-0.6888995,-0.48665586,-0.701639,-0.8645586,-0.8398783,-1.0107542,-0.7244369,-0.4934962,-0.9056528,-0.71081924,-0.49871895,-0.95880115,-0.7820224,-0.63370246,-0.7639928,-0.65133166,-0.69511765,0.5988122,0.62317413,-0.66495895,-0.70376,-0.6656494,-0.70341796,-0.6658082,-0.70350933,0.5789763,0.6023432,0.6023028,0.6280673,-0.6522975,-0.6876826,-0.63230735,-0.66235024,-0.6485578,-0.69114465,-0.59071505,-0.6450731,-0.60785794,-0.65642154,-0.6638135,-0.7000882,-0.5990299,-0.62577856,-0.32497722,-0.3849645,-0.6594294,-0.6924485,-0.61566925,-0.6657266,-0.6166105,-0.6660638,-0.4326163,-0.4479557,-0.58649915,-0.5987238
0.530007,-0.6094284,-0.4855349,0.6348163,-0.005156449,0.47230738,0.1647439,-0.5264922,-0.4894684,0.26224953,-0.53287864,-0.49355662,0.30158442,0.5518752,-0.6284595,0.579488,-0.65133166,-0.68757504,0.5988122,0.6183112,-0.66495895,-0.69669825,-0.6656494,-0.69669336,-0.6658082,-0.6968135,0.5789763,0.597847,0.6023028,0.6233339,-0.6522975,-0.6815755,-0.63230735,-0.6577738,-0.6485578,-0.68520445,-0.59071505,-0.6396445,-0.60785794,-0.65037185,-0.6638135,-0.6938243,-0.5990299,-0.616849,-0.32497722,-0.3849645,-0.6594294,-0.6861259,-0.61566925,-0.6583469,-0.6166105,-0.6585969,-0.4326163,-0.44659367,-0.58649915,-0.5929936
-0.82320243,-0.8213842,-0.080423385,-0.701639,-0.8645586,-0.8398783,-0.4883106,-0.79855967,-0.020213965,-0.41326702,-0.7976451,-0.024584664,-0.41960698,-0.904847,0.8100345,-0.7639928,0.5237022,0.7009147,-0.56964844,-0.76512396,0.7538387,0.9777067,0.7621251,0.99094605,0.7753364,1.0068876,-0.69195914,-0.90741813,-0.79390335,-1.0293664,1.2773912,1.6051522,1.2091103,1.5212362,1.0821022,1.3907579,0.27707967,0.42991734,0.631869,0.8768609,0.8505898,1.0986407,0.85974187,1.065737,2.1852684,2.990568,0.6495864,0.8545475,0.62372947,0.82347167,0.63740855,0.8390735,-0.15868554,-0.11918514,0.7583674,0.97259253
-0.14659771,0.39102346,-0.24792126,-0.03341135,0.42454463,-0.18378547,-0.03117245,0.30711553,-0.19416733,0.22143869,0.3513492,-0.18225785,0.2304952,0.13311236,0.36547288,-0.09225239,-0.004185033,0.05594896,-0.1653709,-0.25662303,0.07073001,0.14532937,0.077966645,0.15494038,0.07821536,0.15536486,-0.17869677,-0.27004257,-0.17543179,-0.26752782,0.022275899,0.0931907,0.2169672,0.31689802,0.032990072,0.10277691,-0.14280513,-0.1133475,0.036456157,0.10632361,0.09338818,0.1736308,0.00010852704,0.060383867,-0.26520947,-0.30938816,0.10737913,0.18897234,-0.04565625,0.0027052548,-0.050149105,-0.0027054846,0.07322438,0.1368823,0.20054437,0.29319635
1.2066118,0.4296215,-0.47087926,1.303044,0.42454463,1.1284002,0.81779844,0.3678687,-0.41951585,1.0505491,0.3924977,-0.41780627,1.002703,1.6199067,-0.59954184,1.2512283,-0.65133166,-0.63967466,0.5988122,0.5749122,-0.66495895,-0.6469387,-0.6656494,-0.6467034,-0.6658082,-0.6469992,0.5789763,0.5553014,0.6023028,0.57953405,-0.6522975,-0.6465772,-0.63230735,-0.6148801,-0.6485578,-0.6460482,-0.59071505,-0.5968633,-0.60785794,-0.61573154,-0.6638135,-0.6434534,-0.5990299,-0.5699476,-0.32497722,-0.3849645,-0.6594294,-0.63528013,-0.61566925,-0.61627716,-0.6166105,-0.6160038,-0.4326163,-0.42767638,-0.58649915,-0.52779406
-0.82320243,0.02072518,-0.4766467,-0.701639,-0.8645586,-0.8398783,-0.8148379,0.101800136,-0.46853766,-0.82978064,0.06362182,-0.45235306,-0.7844439,-0.7028546,-0.6263743,-0.7639928,-0.65133166,-0.67480725,0.5988122,0.6114901,-0.66495895,-0.6857912,-0.6656494,-0.6861799,-0.6658082,-0.68633825,0.5789763,0.5922085,0.6023028,0.61642575,-0.6522975,-0.6711173,-0.63230735,-0.64666516,-0.6485578,-0.6717483,-0.59071505,-0.6164539,-0.60785794,-0.63013196,-0.6638135,-0.68424225,-0.5990299,-0.62577856,-0.32497722,-0.3808525,-0.6594294,-0.67743707,-0.61566925,-0.6432128,-0.6166105,-0.64371675,-0.4326163,-0.44694844,-0.58649915,-0.5904381
-0.82320243,-0.7846941,-0.48800704,-0.701639,-0.8645586,-0.8398783,-0.88014334,-0.8052848,-0.49460387,-0.9083325,-0.8061498,-0.49748635,-0.8585314,-0.83380646,-0.63370246,-0.7639928,-0.65133166,-0.69511765,0.5988122,0.62317413,-0.66495895,-0.70376,-0.6656494,-0.70341796,-0.6658082,-0.70350933,0.5789763,0.6023432,0.6023028,0.6280673,-0.6522975,-0.6876826,-0.63230735,-0.66235024,-0.6485578,-0.69114465,-0.59071505,-0.6450731,-0.60785794,-0.65642154,-0.6638135,-0.7000882,-0.5990299,-0.62577856,-0.32497722,-0.3849645,-0.6594294,-0.6924485,-0.61566925,-0.6657266,-0.6166105,-0.6660638,-0.4326163,-0.4479557,-0.58649915,-0.5987238
-1.4998071,-0.92079854,-0.48992676,-1.3698667,-1.2942597,-1.4959712,-1.3372815,-0.9193089,-0.49616617,-1.3727217,-0.9159919,-0.49963686,-1.3297954,-1.3391899,-0.63370246,-1.4357332,-0.65133166,-0.69511765,0.5988122,0.62317413,-0.66495895,-0.70376,-0.6656494,-0.70341796,-0.6658082,-0.70350933,0.5789763,0.6023432,0.6023028,0.6280673,-0.6522975,-0.6876826,-0.63230735,-0.66235024,-0.6485578,-0.69114465,-0.59071505,-0.6450731,-0.60785794,-0.65642154,-0.6638135,-0.7000882,-0.5990299,-0.62577856,-0.32497722,-0.3849645,-0.6594294,-0.6924485,-0.61566925,-0.6657266,-0.6166105,-0.6660638,-0.4326163,-0.4479557,-0.58649915,-0.5987238
0.530007,-0.097661085,-0.47831652,0.6348163,-0.005156449,0.47230738,0.49127117,-0.11559628,-0.47555643,0.26921794,-0.11755489,-0.48145017,0.23541208,0.61604303,-0.63310814,0.579488,-0.65133166,-0.664415,0.5988122,0.5943127,-0.66495895,-0.66938454,-0.6656494,-0.67054164,-0.6658082,-0.67060304,0.5789763,0.57034767,0.6023028,0.5936855,-0.6522975,-0.6564348,-0.63230735,-0.61877,-0.6485578,-0.6568819,-0.59071505,-0.6215644,-0.60785794,-0.63851184,-0.6638135,-0.6666081,-0.5990299,-0.5901425,-0.32497722,-0.2773672,-0.6594294,-0.66460025,-0.61566925,-0.6357668,-0.6166105,-0.6362648,-0.4326163,-0.43917307,-0.58649915,-0.5681006
0.530007,2.053518,1.493431,0.6348163,0.42454463,0.7108866,0.23004936,2.448085,1.7074404,0.49133503,2.3072414,1.6604236,0.44298756,0.46229774,0.17144576,0.579488,0.20170431,0.2784228,0.1476977,0.11245408,0.1298285,0.19827026,0.12407932,0.19299619,0.12042774,0.18898752,0.19839399,0.17143357,0.16167499,0.1291103,-0.014519027,0.038309846,-0.12433008,-0.086380176,-0.10846324,-0.07247055,-0.29565588,-0.30063042,-0.28948817,-0.28580514,0.09338818,0.15908884,0.12384364,0.18831247,-0.32497722,-0.3849645,0.19858955,0.27740064,0.2069161,0.282832,0.21626268,0.29304433,-0.38886026,-0.39820823,0.2587311,0.34319445
1.2066118,-0.3905948,-0.4824483,-0.03341135,0.42454463,1.1284002,0.4259657,-0.40248975,-0.48908514,0.83581036,-0.4372801,-0.49315727,0.61708504,1.2572048,-0.63370246,1.2512283,-0.65133166,-0.69511765,0.5988122,0.62317413,-0.66495895,-0.70376,-0.6656494,-0.70341796,-0.6658082,-0.70350933,0.5789763,0.6023432,0.6023028,0.6280673,-0.6522975,-0.6876826,-0.63230735,-0.66235024,-0.6485578,-0.69114465,-0.59071505,-0.6450731,-0.60785794,-0.65642154,-0.6638135,-0.7000882,-0.5990299,-0.62577856,-0.32497722,-0.3849645,-0.6594294,-0.6924485,-0.61566925,-0.6657266,-0.6166105,-0.6660638,-0.4326163,-0.4479557,-0.58649915,-0.5987238
1.2066118,0.13119616,-0.4750885,1.303044,0.42454463,1.1284002,0.9484093,0.1864914,-0.4810154,0.948669,0.18479763,-0.4745825,0.9925,1.4011638,-0.63370246,1.2512283,-0.65133166,-0.69511765,0.5988122,0.62317413,-0.66495895,-0.70376,-0.6656494,-0.70341796,-0.6658082,-0.70350933,0.5789763,0.6023432,0.6023028,0.6280673,-0.6522975,-0.6876826,-0.63230735,-0.66235024,-0.6485578,-0.69114465,-0.59071505,-0.6450731,-0.60785794,-0.65642154,-0.6638135,-0.7000882,-0.5990299,-0.62577856,-0.32497722,-0.3849645,-0.6594294,-0.6924485,-0.61566925,-0.6657266,-0.6166105,-0.6660638,-0.4326163,-0.4479557,-0.58649915,-0.5987238
-0.14659771,-0.6012886,0.2163722,-0.03341135,0.8542457,-0.18378547,0.9484093,-0.5665,0.28053826,0.8714449,-0.574265,0.27809766,0.8801163,0.117394134,2.2077208,-0.09225239,1.1468223,1.2686207,-1.8860153,-2.068747,1.4632375,1.6075165,1.5112906,1.6611254,1.5166445,1.6671474,-1.9454366,-2.1327245,-1.8981272,-2.0813506,1.4572774,1.6101974,1.7488362,1.9211663,1.5809394,1.7526752,0.89496195,1.0145226,1.2257416,1.3861033,1.6077914,1.7663714,1.1983854,1.3112193,0.03362931,0.041731093,1.569421,1.7183356,0.713441,0.8008823,0.7154484,0.80178803,1.8966335,2.086116,2.0886474,2.253974
1.2066118,0.7827546,3.3678064,1.303044,2.57305,2.0230722,2.3851292,0.8795886,3.4838526,2.2468672,0.8641222,3.5309474,2.2837589,1.4549823,3.092294,0.579488,2.3846066,2.5262504,-2.4825714,-2.6459687,2.9357018,3.111727,3.0308938,3.222001,3.02407,3.215411,-2.3958502,-2.551863,-2.5139446,-2.67337,2.2013524,2.3554974,2.647718,2.8008835,2.8248181,3.0488389,1.7736425,2.0918458,2.405245,2.6861792,3.1221948,3.3256028,1.7193751,1.7638133,-0.32497722,-0.3817681,3.4029572,3.6112611,2.0108068,2.1598408,2.1739855,2.3251216,0.95398456,1.0502352,4.3390145,4.5253434
1.2066118,-0.58685285,0.42372125,1.303044,2.57305,1.1284002,3.2341,-0.54089475,0.07466017,1.9873947,-0.5345151,0.27950493,2.580676,1.5429032,1.9827943,1.2512283,3.7397838,1.8221899,-2.494897,-1.1383595,3.2872505,1.550325,3.265157,1.5389204,3.259817,1.5359855,-2.1968303,-0.97895473,-2.4900548,-1.1339095,3.23161,1.5318195,3.3660297,1.6203921,3.9473362,1.9559207,5.585987,2.9789054,5.352508,2.8312714,3.1221948,1.4593238,0.084769405,-0.24993683,2.9622495,1.6719213,2.896543,1.327621,4.325363,2.194869,4.2877884,2.1703212,-0.20877507,-0.31833553,1.7000947,0.6849267
-1.4998071,-0.7834935,0.0010256852,-1.3698667,-0.8645586,-1.3170367,-0.8148379,-0.85286117,-0.13359855,-0.9558761,-0.81740224,-0.06685714,-0.8725965,-1.2479602,0.3208378,-1.4357332,0.17677514,0.3851418,-0.120998986,-0.31718436,0.14786217,0.35154408,0.1250042,0.32336763,0.12585856,0.32482895,-0.10537356,-0.29275227,-0.11438096,-0.30795383,0.27575198,0.532525,0.15743858,0.36814496,0.26847768,0.51148486,0.6240654,0.9740504,0.5226296,0.84595776,0.09338818,0.2832207,-0.5990299,-0.5857403,0.03362931,0.12537055,0.027499096,0.19583568,0.21243677,0.42563587,0.2202992,0.43414542,-0.18248676,-0.11909944,0.044257693,0.20762774
1.8832164,2.3856475,2.7042274,1.9712716,1.7136478,2.0230722,2.4504347,2.3802004,2.5762184,2.0990992,2.3690386,2.6331644,2.0659206,2.0412579,1.0324153,1.9229687,1.141216,1.2064894,-0.6559272,-0.8219132,0.95525146,1.0353385,0.9011238,0.99229807,0.8985174,0.991411,-0.64307696,-0.8170296,-0.68241924,-0.8499499,0.88900054,1.0319161,0.65549433,0.82068664,0.65452737,0.82228786,0.4275086,0.6611124,0.4032953,0.5963647,0.8505898,0.9576454,1.159311,1.2903826,0.9899134,1.5292772,0.83172816,0.90339863,1.1426759,1.2016221,1.1217935,1.1764611,1.0160758,1.1701171,0.06397388,0.18892573
-1.4998071,-0.98404795,-0.4908189,-1.3698667,-1.2942597,-1.4959712,-1.4025869,-0.9983414,-0.49724898,-1.4017966,-0.99142724,-0.49974507,-1.3432235,-1.3524902,-0.63370246,-1.4357332,-0.65133166,-0.69511765,0.5988122,0.62317413,-0.66495895,-0.70376,-0.6656494,-0.70341796,-0.6658082,-0.70350933,0.5789763,0.6023432,0.6023028,0.6280673,-0.6522975,-0.6876826,-0.63230735,-0.66235024,-0.6485578,-0.69114465,-0.59071505,-0.6450731,-0.60785794,-0.65642154,-0.6638135,-0.7000882,-0.5990299,-0.62577856,-0.32497722,-0.3849645,-0.6594294,-0.6924485,-0.61566925,-0.6657266,-0.6166105,-0.6660638,-0.4326163,-0.4479557,-0.58649915,-0.5987238
-1.4998071,-0.96440345,-0.4905418,-1.3698667,-1.2942597,-1.4959712,-1.1413652,-0.9683581,-0.4968382,-1.3083057,-0.96425354,-0.50227696,-1.2784367,-1.2503285,-0.63370246,-1.4357332,-0.65133166,-0.69511765,0.5988122,0.62317413,-0.66495895,-0.70376,-0.6656494,-0.70341796,-0.6658082,-0.70350933,0.5789763,0.6023432,0.6023028,0.6280673,-0.6522975,-0.6876826,-0.63230735,-0.66235024,-0.6485578,-0.69114465,-0.59071505,-0.6450731,-0.60785794,-0.65642154,-0.6638135,-0.7000882,-0.5990299,-0.62577856,-0.32497722,-0.3849645,-0.6594294,-0.6924485,-0.61566925,-0.6657266,-0.6166105,-0.6660638,-0.4326163,-0.4479557,-0.58649915,-0.5987238
0.530007,1.7713795,-0.45195392,0.6348163,-0.005156449,0.47230738,-0.0964779,1.5062016,-0.46293387,0.17615654,1.5092375,-0.46693906,0.10201716,0.46246064,-0.63370246,0.579488,-0.65133166,-0.69511765,0.5988122,0.62317413,-0.66495895,-0.70376,-0.6656494,-0.70341796,-0.6658082,-0.70350933,0.5789763,0.6023432,0.6023028,0.6280673,-0.6522975,-0.6876826,-0.63230735,-0.66235024,-0.6485578,-0.69114465,-0.59071505,-0.6450731,-0.60785794,-0.65642154,-0.6638135,-0.7000882,-0.5990299,-0.62577856,-0.32497722,-0.3849645,-0.6594294,-0.6924485,-0.61566925,-0.6657266,-0.6166105,-0.6660638,-0.4326163,-0.4479557,-0.58649915,-0.5987238
-0.82320243,-0.7383556,0.044307403,-0.701639,-0.005156449,-0.8398783,-0.22708881,-0.74027324,0.03057401,-0.3910148,-0.7215042,0.0628556,-0.3519735,-0.877934,0.9818736,-0.7639928,0.5474377,0.5566361,-1.0577395,-1.0927345,0.7538387,0.7696284,0.7856439,0.80385846,0.78916025,0.8076632,-1.1039656,-1.1411701,-1.0646505,-1.0993074,0.75408584,0.7770183,0.9551217,0.9858516,0.8377738,0.8666132,0.3997363,0.41180715,0.6145419,0.6440801,0.8505898,0.87214273,0.599247,0.6093913,-0.08590619,-0.11185199,0.82647085,0.84412354,0.27040422,0.26896363,0.27142873,0.2694005,1.120217,1.1677363,1.1969318,1.2200729
-0.82320243,-0.6556753,-0.48618725,-0.701639,-0.8645586,-0.8398783,-0.684227,-0.6539845,-0.4749868,-0.7774546,-0.66297626,-0.48560882,-0.77603877,-0.59995383,-0.63370246,-0.7639928,-0.65133166,-0.6589986,0.5988122,0.5974079,-0.66495895,-0.6701938,-0.6656494,-0.66955185,-0.6658082,-0.66963226,0.5789763,0.5788797,0.6023028,0.601366,-0.6522975,-0.65302086,-0.63230735,-0.62551916,-0.6485578,-0.65020484,-0.59071505,-0.59358644,-0.60785794,-0.6028321,-0.6638135,-0.666759,-0.5990299,-0.6126912,-0.32497722,-0.36478376,-0.6594294,-0.6613098,-0.61566925,-0.6253492,-0.6166105,-0.6256724,-0.4326163,-0.44442517,-0.58649915,-0.57381946
1.2066118,-0.25344396,0.73357403,1.303044,0.42454463,1.1284002,1.927991,-0.21309651,0.77745956,2.3862724,-0.21704277,0.7882928,2.2353063,1.3201728,3.5076463,0.9153582,3.867603,4.13996,-2.199084,-2.3464968,3.4784515,3.704922,3.341791,3.5611844,3.3122737,3.5300746,-1.9698776,-2.1032548,-2.1715288,-2.3167067,2.0459962,2.1919177,2.3937292,2.554349,2.3867946,2.568588,1.8147157,1.9875057,2.055535,2.2503347,3.1221948,3.3273914,5.2295446,5.5281677,-0.32497722,-0.3849645,3.3901885,3.5989814,3.766392,4.0716987,3.8370407,4.14217,0.12467314,0.14605492,2.9343584,3.0797467
-0.82320243,-0.4514056,0.005752479,-0.701639,-0.43485752,-0.6609439,-0.684227,-0.48557013,0.036210436,-0.53872603,-0.47129458,0.022730753,-0.5644111,-0.7694126,0.34523693,-0.7639928,0.15669882,0.1981348,-0.23439386,-0.29053572,0.14090942,0.18215898,0.11998333,0.1603759,0.12351344,0.16438642,-0.22757888,-0.2822254,-0.22055633,-0.27449363,0.43928495,0.5159075,0.24077861,0.29654777,0.2743716,0.3329036,0.5690082,0.66628695,0.46875432,0.5575595,0.09338818,0.1321401,-0.0064038453,0.020695621,0.03362931,0.04696004,0.022242233,0.05390117,0.19035394,0.23458031,0.17993377,0.22243828,-0.13277319,-0.11774845,0.07246943,0.112592295
1.2066118,3.574489,-0.42652127,1.303044,0.42454463,1.1284002,0.5565766,3.0555913,-0.4395443,0.89511126,3.3190067,-0.22278044,0.84968024,1.3202536,-0.63370246,1.2512283,-0.65133166,-0.68374604,0.5988122,0.6205125,-0.66495895,-0.69294447,-0.6656494,-0.69317085,-0.6658082,-0.69333047,0.5789763,0.60023886,0.6023028,0.6248006,-0.6522975,-0.67988956,-0.63230735,-0.65785915,-0.6485578,-0.68266374,-0.59071505,-0.63197035,-0.60785794,-0.64872843,-0.6638135,-0.6905601,-0.5990299,-0.62179315,-0.32497722,-0.3849645,-0.6594294,-0.68257344,-0.61566925,-0.6529128,-0.6166105,-0.6531249,-0.4326163,-0.44794697,-0.58649915,-0.59752727
-0.82320243,-0.3483537,-0.4818525,-0.701639,-0.8645586,-0.8398783,-1.0107542,-0.42059883,-0.48933324,-0.8913388,-0.4008923,-0.49219224,-0.8987208,-0.7416584,-0.63370246,-0.7639928,-0.65133166,-0.69511765,0.5988122,0.62317413,-0.66495895,-0.70376,-0.6656494,-0.70341796,-0.6658082,-0.70350933,0.5789763,0.6023432,0.6023028,0.6280673,-0.6522975,-0.6876826,-0.63230735,-0.66235024,-0.6485578,-0.69114465,-0.59071505,-0.6450731,-0.60785794,-0.65642154,-0.6638135,-0.7000882,-0.5990299,-0.62577856,-0.32497722,-0.3849645,-0.6594294,-0.6924485,-0.61566925,-0.6657266,-0.6166105,-0.6660638,-0.4326163,-0.4479557,-0.58649915,-0.5987238
0.530007,-0.17684455,0.009625175,0.6348163,0.42454463,0.6512418,0.034133,-0.34611163,-0.100940764,0.3433255,-0.30100438,-0.08205269,0.3672027,0.36301878,0.02106618,0.579488,0.15669882,-0.03698055,-0.23439386,-0.049282707,0.14090942,-0.051198803,0.11998333,-0.067155376,0.12351344,-0.064236805,-0.22757888,-0.0485662,-0.22055633,-0.036154993,0.43928495,0.19826539,0.24077861,0.04330555,0.2743716,0.06262823,0.5690082,0.31974152,0.46875432,0.23686193,0.09338818,-0.087117516,-0.0064038453,-0.14929076,0.03362931,-0.06727389,0.022242233,-0.14250906,0.19035394,-0.0022897713,0.17993377,-0.011327304,-0.13277319,-0.2050741,0.07246943,-0.07512417
1.2066118,-0.56729776,-0.48494068,-0.03341135,0.42454463,1.1284002,0.23004936,-0.5720795,-0.40586844,0.3247629,-0.5661035,-0.34920022,0.3534654,0.46934617,-0.58435684,1.2512283,-0.65133166,-0.5665414,0.5988122,0.33064985,-0.66495895,-0.52307713,-0.6656494,-0.5124671,-0.6658082,-0.51074964,0.5789763,0.29107365,0.6023028,0.3242118,-0.6522975,-0.46574736,-0.63230735,-0.36673066,-0.6485578,-0.46041608,-0.59071505,-0.43012384,-0.60785794,-0.47200468,-0.6638135,-0.4866853,-0.5990299,-0.37985426,-0.32497722,0.40878406,-0.6594294,-0.50924635,-0.61566925,-0.5799448,-0.6166105,-0.5806265,-0.4326163,-0.1596203,-0.58649915,-0.33473226
-1.4998071,-0.8589277,-0.48905408,-1.3698667,-1.2942597,-1.4959712,-1.5331979,-0.8581531,-0.49532825,-1.4340781,-0.8514073,-0.50069267,-1.4296201,-1.4179496,-0.63370246,-1.4357332,-0.65133166,-0.69511765,0.5988122,0.62317413,-0.66495895,-0.70376,-0.6656494,-0.70341796,-0.6658082,-0.70350933,0.5789763,0.6023432,0.6023028,0.6280673,-0.6522975,-0.6876826,-0.63230735,-0.66235024,-0.6485578,-0.69114465,-0.59071505,-0.6450731,-0.60785794,-0.65642154,-0.6638135,-0.7000882,-0.5990299,-0.62577856,-0.32497722,-0.3849645,-0.6594294,-0.6924485,-0.61566925,-0.6657266,-0.6166105,-0.6660638,-0.4326163,-0.4479557,-0.58649915,-0.5987238
-0.82320243,-0.7382171,-0.48735148,-0.701639,-0.8645586,-0.8398783,-0.684227,-0.8683337,-0.48175645,-0.6356599,-0.7917419,-0.4827233,-0.6189412,-0.4889739,-0.51882374,-0.7639928,-0.65133166,-0.51487905,0.5988122,0.5852507,-0.66495895,-0.5535782,-0.6656494,-0.56396747,-0.6658082,-0.56527424,0.5789763,0.5760547,0.6023028,0.587223,-0.6522975,-0.5827331,-0.63230735,-0.6174667,-0.6485578,-0.62122875,-0.59071505,-0.6100211,-0.60785794,-0.61623013,-0.6638135,-0.5758855,-0.5990299,-0.49643093,-0.32497722,-0.3849645,-0.6594294,-0.552025,-0.61566925,-0.47039422,-0.6166105,-0.47141787,-0.4326163,-0.447661,-0.58649915,-0.56073844
-0.14659771,1.7148144,5.3713465,-0.03341135,0.8542457,0.5319522,0.09943845,1.8469331,5.503721,0.16764192,1.7883008,5.5083284,0.16498144,-0.6011288,1.6004093,-0.09225239,1.9077762,1.9964365,-0.7545314,-0.7884928,1.7194034,1.7898356,1.7035367,1.7745734,1.6928997,1.7636443,-0.5627705,-0.5887073,-0.7195807,-0.751131,1.261038,1.3189287,0.8916244,0.9299128,0.9717259,1.0192059,0.29446247,0.3075727,0.34725142,0.36895746,1.6077914,1.6748863,1.5695907,1.6262473,-0.32497722,-0.3849645,1.9146274,1.9883745,1.8520868,1.9569426,1.8820091,1.9856946,-0.30134815,-0.31043264,1.9491915,2.0040884
1.2066118,-0.12042372,-0.47863758,1.303044,0.42454463,1.1284002,1.4055475,-0.00483853,-0.44784835,1.4222748,-0.0034439932,-0.44493213,1.4697919,2.0394173,-0.62406087,1.2512283,-0.65133166,-0.6161505,0.5988122,0.5668413,-0.66495895,-0.630374,-0.6656494,-0.6293764,-0.6658082,-0.6294437,0.5789763,0.5510448,0.6023028,0.5696901,-0.6522975,-0.61190146,-0.63230735,-0.5818263,-0.6485578,-0.60163784,-0.59071505,-0.53250766,-0.60785794,-0.5392587,-0.6638135,-0.62722045,-0.5990299,-0.59716576,-0.32497722,-0.3408433,-0.6594294,-0.6243697,-0.61566925,-0.5774495,-0.6166105,-0.577756,-0.4326163,-0.4402369,-0.58649915,-0.54427534
-0.14659771,-0.6040557,-0.48545915,-0.03341135,-0.43485752,-0.18378547,-0.29239425,-0.56763506,-0.49134782,-0.2970286,-0.56939113,-0.49673334,-0.26583332,-0.11120402,-0.63370246,-0.09225239,-0.65133166,-0.69511765,0.5988122,0.62317413,-0.66495895,-0.70376,-0.6656494,-0.70341796,-0.6658082,-0.70350933,0.5789763,0.6023432,0.6023028,0.6280673,-0.6522975,-0.6876826,-0.63230735,-0.66235024,-0.6485578,-0.69114465,-0.59071505,-0.6450731,-0.60785794,-0.65642154,-0.6638135,-0.7000882,-0.5990299,-0.62577856,-0.32497722,-0.3849645,-0.6594294,-0.6924485,-0.61566925,-0.6657266,-0.6166105,-0.6660638,-0.4326163,-0.4479557,-0.58649915,-0.5987238
-0.14659771,-0.4683848,0.6783782,-1.3698667,1.2839468,-0.18378547,0.1647439,-0.52573025,0.51908535,-0.42985687,-0.531605,0.5068089,-0.48498443,-0.66985786,0.4346578,-0.09225239,1.8283384,1.2154528,-1.508854,-1.0528597,1.7748079,1.1741062,1.6975911,1.1309098,1.7096858,1.1436794,-1.4531238,-1.0167634,-1.5185502,-1.0603838,2.724658,2.0959208,1.6873233,1.2136682,1.8761698,1.3595504,2.161848,1.7057608,2.2966356,1.7897638,1.6077914,1.0788847,2.3185136,1.6265495,-0.26520947,-0.27111328,1.4566768,0.9434205,1.8079209,1.2404803,1.8080056,1.2287902,0.4771507,0.29940057,1.4716759,0.96172065
1.2066118,-0.43910322,-0.4831325,1.303044,0.42454463,1.1284002,0.75249296,-0.4055705,-0.47400805,0.9103522,-0.4064417,-0.46623987,0.90319854,1.2876208,-0.59836555,1.2512283,-0.65133166,-0.6506932,0.5988122,0.59204376,-0.66495895,-0.6574964,-0.6656494,-0.65470487,-0.6658082,-0.65467346,0.5789763,0.5732691,0.6023028,0.5936539,-0.6522975,-0.6404446,-0.63230735,-0.6144704,-0.6485578,-0.62614053,-0.59071505,-0.5628147,-0.60785794,-0.5843032,-0.6638135,-0.64914817,-0.5990299,-0.5553301,-0.32497722,-0.32233894,-0.6594294,-0.64715874,-0.61566925,-0.6083809,-0.6166105,-0.60971683,-0.4326163,-0.44078776,-0.58649915,-0.5720049
-0.82320243,-0.70887125,0.0012671393,-0.701639,-0.8645586,-0.8398783,-0.22708881,-0.732145,-0.035849016,-0.39376363,-0.7254576,-0.027973479,-0.3621724,-0.7887908,0.8091716,-0.7639928,1.1562423,1.057287,-0.52034634,-0.45314074,0.99240524,0.89410377,0.9373267,0.8422262,0.92542475,0.83089274,-0.44056532,-0.3782622,-0.5072298,-0.43922403,0.42701998,0.35598734,0.57810724,0.50349635,0.5655832,0.49029878,0.3714573,0.30906752,0.45749924,0.3970909,0.8505898,0.75961417,1.7324,1.6046313,-0.32497722,-0.3849645,0.96041775,0.8629191,1.1371552,1.0512854,1.1648499,1.0766119,-0.20970051,-0.23266505,0.82184386,0.7344853
-0.82320243,-0.4422851,-0.4831774,-0.701639,-0.8645586,-0.8398783,-1.0760597,-0.43719903,-0.4895607,-0.9295547,-0.4239958,-0.4946921,-0.94809043,-0.83591765,-0.63370246,-0.7639928,-0.65133166,-0.69511765,0.5988122,0.62317413,-0.66495895,-0.70376,-0.6656494,-0.70341796,-0.6658082,-0.70350933,0.5789763,0.6023432,0.6023028,0.6280673,-0.6522975,-0.6876826,-0.63230735,-0.66235024,-0.6485578,-0.69114465,-0.59071505,-0.6450731,-0.60785794,-0.65642154,-0.6638135,-0.7000882,-0.5990299,-0.62577856,-0.32497722,-0.3849645,-0.6594294,-0.6924485,-0.61566925,-0.6657266,-0.6166105,-0.6660638,-0.4326163,-0.4479557,-0.58649915,-0.5987238
1.2066118,0.29196304,-0.0073573715,1.303044,1.2839468,1.1284002,1.6667693,0.3930548,0.08478563,1.6089777,0.39496037,0.09734249,1.6752566,1.4101703,1.1509708,1.2512283,0.89960194,0.99207354,-0.7249502,-0.83088994,0.8994121,0.99862653,0.87945485,0.98028964,0.87383175,0.9746999,-0.6884676,-0.7931262,-0.7301981,-0.8369417,0.56193465,0.6501598,0.8221745,0.9388909,0.6400606,0.73341995,0.338281,0.39614525,0.5691347,0.66858745,0.8505898,0.95298386,1.1658233,1.2523036,-0.26520947,-0.30951357,0.9173027,1.0194844,0.8307559,0.92003524,0.8405811,0.9283606,0.18468225,0.25107205,0.9047159,1.0048573
-1.4998071,-0.10336975,1.4630083,-1.3698667,-0.8645586,-1.2573919,-1.2066705,0.012859992,1.6740754,-1.1957926,-0.029155523,1.6196826,-1.195782,-1.5055048,0.17144576,-1.4357332,0.20170431,0.2784228,0.1476977,0.11245408,0.1298285,0.19827026,0.12407932,0.19299619,0.12042774,0.18898752,0.19839399,0.17143357,0.16167499,0.1291103,-0.014519027,0.038309846,-0.12433008,-0.086380176,-0.10846324,-0.07247055,-0.29565588,-0.30063042,-0.28948817,-0.28580514,0.09338818,0.15908884,0.12384364,0.18831247,-0.32497722,-0.3849645,0.19858955,0.27740064,0.2069161,0.282832,0.21626268,0.29304433,-0.38886026,-0.39820823,0.2587311,0.34319445
-0.82320243,-0.78654027,-0.4880331,-1.3698667,-0.8645586,-0.8398783,-0.684227,-0.7591346,-0.4899644,-0.74920166,-0.77194107,-0.4965433,-0.7265767,-0.6443005,-0.600129,-0.7639928,-0.65133166,-0.64244264,0.5988122,0.61209095,-0.66495895,-0.65986913,-0.6656494,-0.66266334,-0.6658082,-0.6631099,0.5789763,0.59466034,0.6023028,0.6161305,-0.6522975,-0.6570109,-0.63230735,-0.649233,-0.6485578,-0.67071164,-0.59071505,-0.6348291,-0.60785794,-0.6446755,-0.6638135,-0.66378975,-0.5990299,-0.58797646,-0.32497722,-0.3849645,-0.6594294,-0.6514095,-0.61566925,-0.60864043,-0.6166105,-0.6091782,-0.4326163,-0.4478696,-0.58649915,-0.5876225
0.530007,3.4843838,-0.42779222,0.6348163,-0.005156449,0.47230738,0.034133,3.645661,-0.2423544,0.22375259,3.722682,-0.15925817,0.15865964,0.5261057,-0.6123653,0.579488,-0.65133166,-0.6444253,0.5988122,0.61787885,-0.66495895,-0.66465205,-0.6656494,-0.6676967,-0.6658082,-0.6682273,0.5789763,0.6007864,0.6023028,0.6215033,-0.6522975,-0.665524,-0.63230735,-0.6482547,-0.6485578,-0.6749507,-0.59071505,-0.63750154,-0.60785794,-0.6478718,-0.6638135,-0.66932964,-0.5990299,-0.59715915,-0.32497722,-0.3849645,-0.6594294,-0.6573537,-0.61566925,-0.60766673,-0.6166105,-0.608541,-0.4326163,-0.4479557,-0.58649915,-0.5976175
-0.14659771,0.29647228,1.6133783,-0.03341135,0.42454463,0.05479375,0.23004936,0.3972351,1.8138069,0.12864798,0.38305092,1.8346771,0.16987823,-0.2895797,0.92001075,-0.09225239,0.6664544,0.76613617,-0.7816476,-0.86727387,0.7716552,0.8718132,0.8201293,0.9242432,0.8201407,0.92419815,-0.72687495,-0.80476886,-0.7328526,-0.8140696,0.680496,0.77214164,0.6475572,0.727348,0.6647077,0.75068265,0.60666984,0.68188083,0.31184015,0.36600026,0.8505898,0.95528215,0.40387568,0.47614834,-0.26520947,-0.31529748,0.9705733,1.0851395,0.46500915,0.55306196,0.47998345,0.56885755,0.8035714,0.86936975,1.1961304,1.3120531
1.8832164,2.939318,1.5367947,1.9712716,1.2839468,2.0230722,1.2096311,2.6330156,1.7218786,1.4517652,2.7372139,1.7386682,1.3798639,1.5766357,0.19835572,1.9229687,0.5563291,1.1702332,0.45090583,0.3860653,0.2845274,0.80549216,0.20679139,0.6826904,0.1963359,0.6674553,0.523111,0.49391934,0.42445907,0.33074534,-0.08810883,0.24879643,-0.28108868,-0.101997614,-0.23786089,0.08778401,-0.43318906,-0.14293319,-0.4261297,-0.21969876,0.09338818,0.5114467,0.18896736,0.5355548,-0.32497722,-0.3849645,0.21252887,0.6628927,0.74656516,1.4343207,0.7342855,1.4242716,-0.4326163,-0.44794235,-0.54305947,-0.533951
-0.82320243,-0.7142116,-0.4870129,-0.701639,-0.8645586,-0.8398783,-0.94544876,-0.71311814,-0.4933411,-0.9276473,-0.7044289,-0.4986292,-0.9313344,-0.8399019,-0.63370246,-0.7639928,-0.65133166,-0.69511765,0.5988122,0.62317413,-0.66495895,-0.70376,-0.6656494,-0.70341796,-0.6658082,-0.70350933,0.5789763,0.6023432,0.6023028,0.6280673,-0.6522975,-0.6876826,-0.63230735,-0.66235024,-0.6485578,-0.69114465,-0.59071505,-0.6450731,-0.60785794,-0.65642154,-0.6638135,-0.7000882,-0.5990299,-0.62577856,-0.32497722,-0.3849645,-0.6594294,-0.6924485,-0.61566925,-0.6657266,-0.6166105,-0.6660638,-0.4326163,-0.4479557,-0.58649915,-0.5987238
-0.82320243,-0.69377846,-0.48672467,-0.701639,-0.8645586,-0.8398783,-0.42300516,-0.67996067,-0.47576272,-0.8295449,-0.683792,-0.4866488,-0.7254967,-0.71338075,-0.63370246,-0.7639928,-0.65133166,-0.6849534,0.5988122,0.6096192,-0.66495895,-0.6924465,-0.6656494,-0.691355,-0.6658082,-0.69139373,0.5789763,0.58836776,0.6023028,0.6145772,-0.6522975,-0.67652404,-0.63230735,-0.65194136,-0.6485578,-0.67434806,-0.59071505,-0.6264293,-0.60785794,-0.63874334,-0.6638135,-0.68688256,-0.5990299,-0.6102222,-0.32497722,-0.33584625,-0.6594294,-0.6816265,-0.61566925,-0.65643096,-0.6166105,-0.65691876,-0.4326163,-0.43612802,-0.58649915,-0.5867092
1.8832164,2.6586566,1.7666706,1.9712716,1.7136478,2.0230722,1.6014638,2.231551,1.6667633,1.7325624,1.9693643,1.8268203,1.6515445,1.5061561,1.1107117,1.9229687,1.1557138,1.199735,-0.37737006,-0.50460833,0.9939263,1.062839,0.9324381,1.0078918,0.92382014,1.0001286,-0.31836,-0.45273086,-0.4090176,-0.53542745,0.6150828,0.7030609,0.5126258,0.6224212,0.5053048,0.60722864,0.062036548,0.1294794,0.1850702,0.27649182,0.8505898,0.9365957,0.78810585,0.8317229,-0.20544171,-0.22901419,0.955479,1.0309258,1.1896019,1.2116644,1.1783051,1.1988608,0.34380034,0.4782151,0.34865597,0.4857273
-0.14659771,-0.59147173,-0.24206278,-0.03341135,-0.005156449,-0.18378547,-0.22708881,-0.6195683,-0.14555013,-0.09524683,-0.61017895,-0.18437503,-0.12538402,-0.1993279,0.2516171,-0.09225239,-0.16274494,0.019748729,-0.45378843,-0.9045898,-0.059851523,0.17667884,-0.0030277472,0.26083928,0.0039117406,0.27112922,-0.52785486,-1.0042858,-0.44352466,-0.8901986,0.12448399,0.44591185,0.21498287,0.5692915,0.32580915,0.7397618,0.44316924,0.90223336,0.34641287,0.7677455,0.09338818,0.40139845,0.31270248,0.6905811,2.2450361,3.7119968,-0.04409903,0.199238,-0.2789061,-0.16786991,-0.29099613,-0.18534745,0.98174787,1.6135786,0.04521944,0.30379936
-0.14659771,-0.9155944,-0.48985335,-0.03341135,-0.43485752,-0.18378547,-0.29239425,-0.8881001,-0.3433106,-0.07891674,-0.8759712,-0.36136994,-0.21337487,-0.023328114,-0.08990388,-0.09225239,-0.65133166,0.19876407,0.5988122,0.43905926,-0.66495895,0.03921934,-0.6656494,-0.013912889,-0.6658082,-0.020032778,0.5789763,0.47596827,0.6023028,0.42895782,-0.6522975,-0.1683243,-0.63230735,-0.43972737,-0.6485578,-0.3476976,-0.59071505,-0.4722267,-0.60785794,-0.45851508,-0.6638135,-0.08657179,-0.5990299,0.019112365,-0.32497722,-0.3849645,-0.6594294,0.0015070229,-0.61566925,0.3064742,-0.6166105,0.30234233,-0.4326163,-0.44660467,-0.58649915,-0.41995797
-0.14659771,-0.24635063,-0.48041376,-0.03341135,-0.43485752,-0.18378547,-0.22708881,-0.16687368,-0.48585692,-0.22965322,-0.105824865,-0.46205667,-0.19623713,0.012455022,-0.63370246,-0.09225239,-0.65133166,-0.69511765,0.5988122,0.62317413,-0.66495895,-0.70376,-0.6656494,-0.70341796,-0.6658082,-0.70350933,0.5789763,0.6023432,0.6023028,0.6280673,-0.6522975,-0.6876826,-0.63230735,-0.66235024,-0.6485578,-0.69114465,-0.59071505,-0.6450731,-0.60785794,-0.65642154,-0.6638135,-0.7000882,-0.5990299,-0.62577856,-0.32497722,-0.3849645,-0.6594294,-0.6924485,-0.61566925,-0.6657266,-0.6166105,-0.6660638,-0.4326163,-0.4479557,-0.58649915,-0.5987238
-0.82320243,-0.33103672,-0.48160827,-0.701639,-0.8645586,-0.8398783,-0.94544876,-0.36233675,-0.488535,-0.90223664,-0.34913516,-0.49364108,-0.84584004,-0.77164316,-0.63370246,-0.7639928,-0.65133166,-0.69511765,0.5988122,0.62317413,-0.66495895,-0.70376,-0.6656494,-0.70341796,-0.6658082,-0.70350933,0.5789763,0.6023432,0.6023028,0.6280673,-0.6522975,-0.6876826,-0.63230735,-0.66235024,-0.6485578,-0.69114465,-0.59071505,-0.6450731,-0.60785794,-0.65642154,-0.6638135,-0.7000882,-0.5990299,-0.62577856,-0.32497722,-0.3849645,-0.6594294,-0.6924485,-0.61566925,-0.6657266,-0.6166105,-0.6660638,-0.4326163,-0.4479557,-0.58649915,-0.5987238
0.530007,-0.4642217,0.63087434,0.6348163,1.7136478,0.47230738,1.0790203,-0.4467636,0.5975266,1.3383764,-0.42133147,0.65378076,1.2924503,0.394708,2.6604764,0.2436178,1.7462071,1.8370374,-2.714291,-2.847928,2.1726365,2.2766294,2.236937,2.3455923,2.2441287,2.3533833,-2.7869074,-2.9244926,-2.7316039,-2.8658984,2.1604693,2.275289,2.5425506,2.6703153,2.3241053,2.460039,1.3901876,1.4939346,1.8369416,1.9759022,2.364993,2.4803286,1.7975237,1.8723414,0.15316483,0.16632485,2.312371,2.4160135,1.1564777,1.2252314,1.1594679,1.2264793,2.6730504,2.8199942,2.980363,3.0800824
-0.14659771,-0.60600644,-0.48548666,-0.03341135,-0.43485752,-0.18378547,-0.22708881,-0.5200374,-0.49069566,-0.19024001,-0.5616816,-0.4965596,-0.20979974,0.06278245,-0.63370246,-0.09225239,-0.65133166,-0.69511765,0.5988122,0.62317413,-0.66495895,-0.70376,-0.6656494,-0.70341796,-0.6658082,-0.70350933,0.5789763,0.6023432,0.6023028,0.6280673,-0.6522975,-0.6876826,-0.63230735,-0.66235024,-0.6485578,-0.69114465,-0.59071505,-0.6450731,-0.60785794,-0.65642154,-0.6638135,-0.7000882,-0.5990299,-0.62577856,-0.32497722,-0.3849645,-0.6594294,-0.6924485,-0.61566925,-0.6657266,-0.6166105,-0.6660638,-0.4326163,-0.4479557,-0.58649915,-0.5987238
-1.4998071,-0.8340775,-0.48870358,-1.3698667,-1.2942597,-1.4959712,-1.4025869,-0.85034966,-0.49522132,-1.3426375,-0.84011173,-0.49098864,-1.3321733,-1.2624693,-0.63370246,-1.4357332,-0.65133166,-0.69511765,0.5988122,0.62317413,-0.66495895,-0.70376,-0.6656494,-0.70341796,-0.6658082,-0.70350933,0.5789763,0.6023432,0.6023028,0.6280673,-0.6522975,-0.6876826,-0.63230735,-0.66235024,-0.6485578,-0.69114465,-0.59071505,-0.6450731,-0.60785794,-0.65642154,-0.6638135,-0.7000882,-0.5990299,-0.62577856,-0.32497722,-0.3849645,-0.6594294,-0.6924485,-0.61566925,-0.6657266,-0.6166105,-0.6660638,-0.4326163,-0.4479557,-0.58649915,-0.5987238
-1.4998071,-0.75417536,-0.48757654,-1.3698667,-1.2942597,-1.4959712,-1.5331979,-0.7197623,-0.49343213,-1.4261738,-0.7407581,-0.49913922,-1.470001,-1.3783705,-0.63370246,-1.4357332,-0.65133166,-0.69511765,0.5988122,0.62317413,-0.66495895,-0.70376,-0.6656494,-0.70341796,-0.6658082,-0.70350933,0.5789763,0.6023432,0.6023028,0.6280673,-0.6522975,-0.6876826,-0.63230735,-0.66235024,-0.6485578,-0.69114465,-0.59071505,-0.6450731,-0.60785794,-0.65642154,-0.6638135,-0.7000882,-0.5990299,-0.62577856,-0.32497722,-0.3849645,-0.6594294,-0.6924485,-0.61566925,-0.6657266,-0.6166105,-0.6660638,-0.4326163,-0.4479557,-0.58649915,-0.5987238
-0.14659771,1.1441973,1.4806051,-0.03341135,-0.005156449,0.05479375,-0.22708881,0.96182644,1.6892121,-0.29616943,0.8889863,1.6347349,-0.26418912,-0.49778265,0.21025181,-0.09225239,0.20170431,0.50943536,0.1476977,0.07920113,0.1298285,0.4034601,0.12407932,0.38130474,0.12042774,0.37563416,0.19839399,0.14981201,0.16167499,0.083315246,-0.014519027,0.17829989,-0.12433008,-0.009033583,-0.10846324,0.07516962,-0.29565588,-0.14794335,-0.28948817,-0.17803986,0.09338818,0.32691187,0.12384364,0.32010978,-0.32497722,-0.3849645,0.19858955,0.4534092,0.2069161,0.53370875,0.21626268,0.5466682,-0.38886026,-0.39820185,0.2587311,0.35107997
0.530007,0.030938327,-0.47650266,-0.701639,-0.005156449,0.47230738,0.23004936,-0.077458575,-0.4839354,0.0066730306,-0.0612362,-0.47795326,0.017202072,0.2838078,-0.6285514,0.579488,-0.65133166,-0.68882585,0.5988122,0.62143725,-0.66495895,-0.698707,-0.6656494,-0.6982446,-0.6658082,-0.69834775,0.5789763,0.6013864,0.6023028,0.6264218,-0.6522975,-0.6827482,-0.63230735,-0.6596017,-0.6485578,-0.6848756,-0.59071505,-0.6373189,-0.60785794,-0.6475013,-0.6638135,-0.69513714,-0.5990299,-0.6222284,-0.32497722,-0.3755427,-0.6594294,-0.6877397,-0.61566925,-0.65694046,-0.6166105,-0.6574029,-0.4326163,-0.44794983,-0.58649915,-0.59830385
-1.4998071,-0.7259803,-0.4871789,-1.3698667,-1.2942597,-1.4959712,-1.3372815,-0.71571296,-0.48559093,-1.37835,-0.70675194,-0.48402584,-1.3274552,-1.3274442,-0.6255851,-1.4357332,-0.65133166,-0.6822625,0.5988122,0.6123794,-0.66495895,-0.69116914,-0.6656494,-0.6912296,-0.6658082,-0.69126236,0.5789763,0.59195167,0.6023028,0.6172189,-0.6522975,-0.6705693,-0.63230735,-0.6507062,-0.6485578,-0.67819625,-0.59071505,-0.6310519,-0.60785794,-0.6411515,-0.6638135,-0.6883866,-0.5990299,-0.60969657,-0.32497722,-0.3849645,-0.6594294,-0.68152964,-0.61566925,-0.65298104,-0.6166105,-0.6534232,-0.4326163,-0.4432613,-0.58649915,-0.5883014
-1.4998071,-0.82803565,-0.094721384,-1.3698667,-0.8645586,-1.4959712,-1.0760597,-1.0054184,-0.46908408,-1.7347729,-1.0005947,-0.47676215,-1.7615935,-1.7780343,-0.531058,-1.4357332,0.38636425,-0.48499343,0.21179046,0.54527605,0.19175148,-0.5315988,0.16688874,-0.5362846,0.16301039,-0.5371127,0.30663297,0.5466486,0.23599777,0.5539929,0.14492564,-0.52638704,-0.08464435,-0.5523844,0.24811703,-0.5125996,0.43000698,-0.43617794,0.5172655,-0.43319267,0.09338818,-0.54819685,0.03918276,-0.47870392,-0.14567396,-0.35931164,0.09217616,-0.5417399,0.6582339,-0.40763515,0.6454816,-0.41030744,-0.4261671,-0.44625926,-0.4548978,-0.5706994
1.8832164,0.56281984,2.0051625,1.9712716,2.57305,2.0230722,1.8626857,0.7898364,2.288683,1.9037881,0.68587434,2.1556485,1.8872643,1.3086314,1.7058448,1.9229687,1.4482356,1.7533063,-1.4447612,-1.7596664,1.5749162,1.8993024,1.5933421,1.9229324,1.5919356,1.9216987,-1.40075,-1.7093346,-1.4495364,-1.7653971,1.363246,1.6664101,1.518659,1.8452028,1.3162503,1.6226218,0.6474798,0.84218806,0.9660259,1.227658,1.6077914,1.9420315,1.3221204,1.5891274,-0.14567396,-0.1506407,1.7083483,2.0473223,1.2199658,1.4909896,1.2267438,1.4966433,0.893397,1.1228174,1.9374902,2.2881243
1.2066118,-0.3165243,-0.4814036,1.303044,0.42454463,1.1284002,0.88310385,-0.2847597,-0.48747212,0.86785,-0.26411396,-0.49244693,0.86187786,1.3058139,-0.63370246,1.2512283,-0.65133166,-0.69511765,0.5988122,0.62317413,-0.66495895,-0.70376,-0.6656494,-0.70341796,-0.6658082,-0.70350933,0.5789763,0.6023432,0.6023028,0.6280673,-0.6522975,-0.6876826,-0.63230735,-0.66235024,-0.6485578,-0.69114465,-0.59071505,-0.6450731,-0.60785794,-0.65642154,-0.6638135,-0.7000882,-0.5990299,-0.62577856,-0.32497722,-0.3849645,-0.6594294,-0.6924485,-0.61566925,-0.6657266,-0.6166105,-0.6660638,-0.4326163,-0.4479557,-0.58649915,-0.5987238
1.8832164,0.75072855,0.7365741,1.9712716,1.7136478,1.7844931,1.470853,0.69156975,0.9902902,1.7266122,0.8648887,1.1507827,1.879076,1.519437,0.92250985,1.5870986,0.5298977,0.57825947,-1.5458307,-1.6809236,0.68474567,0.74373657,0.73569953,0.7991854,0.75250226,0.8172295,-1.6521437,-1.7983862,-1.5530573,-1.6867499,1.4245709,1.5331827,1.3579317,1.457587,1.1924785,1.2962503,1.3402661,1.4608004,1.1866512,1.3023647,0.8505898,0.9247716,1.2830462,1.3853866,2.6036427,3.019555,0.594901,0.6463359,0.27316454,0.29178172,0.25528255,0.2716559,1.9827867,2.2062047,0.694891,0.743689
-1.4998071,-0.93077284,-0.49006745,-1.3698667,-1.2942597,-1.4959712,-1.4678924,-0.9347896,-0.49637827,-1.4311925,-0.93590194,-0.501879,-1.4110372,-1.4193032,-0.63370246,-1.4357332,-0.65133166,-0.69511765,0.5988122,0.62317413,-0.66495895,-0.70376,-0.6656494,-0.70341796,-0.6658082,-0.70350933,0.5789763,0.6023432,0.6023028,0.6280673,-0.6522975,-0.6876826,-0.63230735,-0.66235024,-0.6485578,-0.69114465,-0.59071505,-0.6450731,-0.60785794,-0.65642154,-0.6638135,-0.7000882,-0.5990299,-0.62577856,-0.32497722,-0.3849645,-0.6594294,-0.6924485,-0.61566925,-0.6657266,-0.6166105,-0.6660638,-0.4326163,-0.4479557,-0.58649915,-0.5987238
-1.4998071,-0.91744936,-0.28692353,-1.3698667,-0.8645586,-1.4959712,-1.5331979,-0.94733274,-0.3322333,-1.6577233,-0.9827297,-0.42332026,-1.7748184,-1.7440645,-0.45996156,-1.4357332,0.2911236,-0.015672827,0.08853509,0.25818625,0.18262593,-0.09595575,0.15103343,-0.118217885,0.15153159,-0.117871314,0.13903709,0.2863046,0.100624174,0.26749223,0.39431334,0.05658476,-0.017178632,-0.2186699,0.14443812,-0.121182434,0.1948494,-0.07442347,0.39230758,0.065536,0.09338818,-0.15755117,0.33875197,0.042208463,-0.32497722,-0.37985557,0.10072327,-0.150456,0.4056615,0.07447853,0.4019436,0.070820585,-0.35719278,-0.3819676,-0.10689951,-0.25862846
-0.14659771,-0.61961955,0.40168127,-0.03341135,2.143349,-0.18378547,0.75249296,-0.59864396,0.39008355,0.8364001,-0.6058302,0.34919602,0.67568374,0.20727697,2.1861174,-0.09225239,1.2901082,1.2632253,-1.6937371,-1.6755911,1.5421079,1.5118614,1.5651988,1.5367763,1.5662626,1.5380832,-1.6940429,-1.6775115,-1.7309009,-1.7119386,1.3714226,1.3520148,1.9155163,1.8938754,1.3960856,1.3834677,0.7530147,0.75504524,1.3250842,1.3351498,1.6077914,1.5807692,1.1983854,1.1478405,-0.14567396,-0.18767121,1.6409962,1.6077551,1.0943698,1.0759835,1.0827738,1.0623258,1.0849056,1.0838301,1.7746315,1.7322323
1.2066118,-0.6039284,-0.48545736,1.303044,0.42454463,1.1284002,1.0137148,-0.57748467,-0.4914828,0.9662226,-0.57910514,-0.4968697,0.97027797,1.3906648,-0.63370246,1.2512283,-0.65133166,-0.69511765,0.5988122,0.62317413,-0.66495895,-0.70376,-0.6656494,-0.70341796,-0.6658082,-0.70350933,0.5789763,0.6023432,0.6023028,0.6280673,-0.6522975,-0.6876826,-0.63230735,-0.66235024,-0.6485578,-0.69114465,-0.59071505,-0.6450731,-0.60785794,-0.65642154,-0.6638135,-0.7000882,-0.5990299,-0.62577856,-0.32497722,-0.3849645,-0.6594294,-0.6924485,-0.61566925,-0.6657266,-0.6166105,-0.6660638,-0.4326163,-0.4479557,-0.58649915,-0.5987238
-0.82320243,-0.22865434,-0.48016417,-0.701639,-0.8645586,-0.8398783,-0.88014334,-0.26473448,-0.48719773,-1.0464919,-0.322999,-0.47677165,-0.9502532,-0.95691735,-0.63370246,-0.7639928,-0.65133166,-0.69511765,0.5988122,0.62317413,-0.66495895,-0.70376,-0.6656494,-0.70341796,-0.6658082,-0.70350933,0.5789763,0.6023432,0.6023028,0.6280673,-0.6522975,-0.6876826,-0.63230735,-0.66235024,-0.6485578,-0.69114465,-0.59071505,-0.6450731,-0.60785794,-0.65642154,-0.6638135,-0.7000882,-0.5990299,-0.62577856,-0.32497722,-0.3849645,-0.6594294,-0.6924485,-0.61566925,-0.6657266,-0.6166105,-0.6660638,-0.4326163,-0.4479557,-0.58649915,-0.5987238
1.2066118,-0.67366856,0.21339963,1.303044,2.57305,1.1284002,2.7116566,-0.64280087,0.29914683,2.7310944,-0.64657825,0.28886348,2.7034464,1.5720413,3.9211822,0.9153582,1.6724187,1.8937385,-4.047914,-4.512234,2.5441747,2.85165,2.8146005,3.1529016,2.8327565,3.1733088,-4.047368,-4.5110292,-3.8703346,-4.316027,2.8227775,3.1738377,3.2271295,3.6094537,3.2172973,3.631699,3.920914,4.4962273,2.3987832,2.7602732,3.1221948,3.4934874,0.80113053,0.91351086,-0.026138432,-0.022221815,3.200489,3.5666459,0.67479604,0.7869247,0.7019932,0.81623185,5.529542,6.16915,4.100497,4.5000362
-0.82320243,0.115635864,1.9337791,-0.701639,-0.005156449,-0.6012991,-0.42300516,0.22738148,2.1220078,-0.5639815,0.16587138,2.036964,-0.5470643,-1.0685652,0.8039897,-1.0998629,0.79804677,0.8619518,-0.8901123,-0.8919056,0.808809,0.8583913,0.8310959,0.88036716,0.8365567,0.8852132,-0.86653817,-0.8590173,-0.88680685,-0.88585794,1.08524,1.1086754,0.92932594,0.9354967,0.8401849,0.85713404,0.77462757,0.7675839,0.6755959,0.67512584,0.8505898,0.89473313,1.0355761,1.0671059,1.2887521,1.3267442,0.83372056,0.8925904,0.6996392,0.7706458,0.70064765,0.7719464,0.5778504,0.53925014,0.9330879,0.987111
1.2066118,0.20803471,-0.4740047,-0.03341135,0.42454463,1.1284002,0.6218821,0.35507396,-0.47870564,1.1104803,0.33268216,-0.47281238,1.0572499,1.6134443,-0.63370246,1.2512283,-0.65133166,-0.69511765,0.5988122,0.62317413,-0.66495895,-0.70376,-0.6656494,-0.70341796,-0.6658082,-0.70350933,0.5789763,0.6023432,0.6023028,0.6280673,-0.6522975,-0.6876826,-0.63230735,-0.66235024,-0.6485578,-0.69114465,-0.59071505,-0.6450731,-0.60785794,-0.65642154,-0.6638135,-0.7000882,-0.5990299,-0.62577856,-0.32497722,-0.3849645,-0.6594294,-0.6924485,-0.61566925,-0.6657266,-0.6166105,-0.6660638,-0.4326163,-0.4479557,-0.58649915,-0.5987238
1.2066118,0.8732558,0.26980528,1.303044,0.8542457,1.1284002,0.81779844,1.0729461,0.39450106,0.9388252,1.1322984,0.57160956,1.0912019,0.94848037,0.17758802,1.2512283,-0.06644476,-0.06458667,-0.50802076,-0.5018513,0.005765159,0.01776812,0.028682929,0.03858342,0.036373302,0.04619865,-0.5872117,-0.5861956,-0.5045755,-0.50967085,0.3248119,0.32538754,0.30427572,0.33580413,0.2438305,0.25588757,0.2699827,0.26873818,0.22156711,0.21995094,0.09338818,0.1042858,0.37131387,0.38261268,0.9899134,1.2606319,-0.040230025,-0.035936363,-0.2195585,-0.21245565,-0.22910248,-0.2213254,1.0160758,0.96573997,0.020534195,0.04204584
-1.4998071,-0.6534406,0.2805853,-1.3698667,-0.8645586,-1.3170367,-1.0107542,-0.6397958,0.31129402,-1.0388199,-0.64105356,0.31046003,-1.1040297,-1.2251543,0.16684557,-1.4357332,-0.030897046,-0.029159414,-0.0149993645,-0.041538857,0.062908135,0.07877572,0.07730602,0.09849794,0.075623386,0.09693563,-0.014592451,-0.03980355,-0.021477513,-0.045417037,-0.07993219,-0.067295976,0.03242852,0.050436743,0.041563,0.06631712,-0.17305246,-0.13921282,-0.028144052,0.0042341715,0.09338818,0.11956872,-0.11711421,-0.12099052,-0.32497722,-0.3849645,0.15200447,0.18330044,-0.08292105,-0.08507979,-0.047458094,-0.048822742,-0.16860512,-0.15204036,0.40620154,0.45129925
-0.14659771,-0.07511025,-0.47799844,-0.03341135,-0.43485752,-0.18378547,-0.4883106,-0.05771499,-0.48436132,-0.34548622,-0.040093154,-0.4893023,-0.38407177,-0.14515533,-0.63370246,-0.09225239,-0.65133166,-0.69511765,0.5988122,0.62317413,-0.66495895,-0.70376,-0.6656494,-0.70341796,-0.6658082,-0.70350933,0.5789763,0.6023432,0.6023028,0.6280673,-0.6522975,-0.6876826,-0.63230735,-0.66235024,-0.6485578,-0.69114465,-0.59071505,-0.6450731,-0.60785794,-0.65642154,-0.6638135,-0.7000882,-0.5990299,-0.62577856,-0.32497722,-0.3849645,-0.6594294,-0.6924485,-0.61566925,-0.6657266,-0.6166105,-0.6660638,-0.4326163,-0.4479557,-0.58649915,-0.5987238
0.530007,1.0543487,-0.46206754,0.6348163,-0.005156449,0.47230738,0.49127117,1.1235688,-0.4681764,0.3678757,1.0948855,-0.46877372,0.33702174,0.73640853,-0.63370246,0.579488,-0.65133166,-0.69511765,0.5988122,0.62317413,-0.66495895,-0.70376,-0.6656494,-0.70341796,-0.6658082,-0.70350933,0.5789763,0.6023432,0.6023028,0.6280673,-0.6522975,-0.6876826,-0.63230735,-0.66235024,-0.6485578,-0.69114465,-0.59071505,-0.6450731,-0.60785794,-0.65642154,-0.6638135,-0.7000882,-0.5990299,-0.62577856,-0.32497722,-0.3849645,-0.6594294,-0.6924485,-0.61566925,-0.6657266,-0.6166105,-0.6660638,-0.4326163,-0.4479557,-0.58649915,-0.5987238
-0.14659771,0.63097143,-0.4680392,-0.03341135,-0.43485752,-0.18378547,-0.35769972,0.72519386,-0.47137782,-0.31692785,0.7232098,-0.40220156,-0.36903164,-0.13119124,-0.62481385,-0.09225239,-0.65133166,-0.6803181,0.5988122,0.6125191,-0.66495895,-0.69051343,-0.6656494,-0.6901789,-0.6658082,-0.69027,0.5789763,0.592733,0.6023028,0.6173985,-0.6522975,-0.67400986,-0.63230735,-0.64855963,-0.6485578,-0.6755151,-0.59071505,-0.62375855,-0.60785794,-0.63638157,-0.6638135,-0.6872747,-0.5990299,-0.6207471,-0.32497722,-0.37498927,-0.6594294,-0.6804141,-0.61566925,-0.64896923,-0.6166105,-0.64944917,-0.4326163,-0.44716278,-0.58649915,-0.5907584
1.2066118,-0.5552857,-0.48477122,-0.701639,0.42454463,1.1284002,1.2749366,-0.5160621,-0.4887042,1.2128695,-0.5070776,-0.4919741,1.2669929,1.6945336,-0.58926105,1.2512283,-0.65133166,-0.62646484,0.5988122,0.58431125,-0.66495895,-0.6419873,-0.6656494,-0.64429605,-0.6658082,-0.644395,0.5789763,0.5678238,0.6023028,0.58930427,-0.6522975,-0.61679614,-0.63230735,-0.6152706,-0.6485578,-0.633415,-0.59071505,-0.58620906,-0.60785794,-0.5846819,-0.6638135,-0.6453669,-0.5990299,-0.56020236,-0.32497722,-0.3849645,-0.6594294,-0.6384335,-0.61566925,-0.59265375,-0.6166105,-0.5930331,-0.4326163,-0.44059756,-0.58649915,-0.56072015
0.530007,0.6806394,0.2801257,0.6348163,0.42454463,0.47230738,0.1647439,-0.018793575,-0.19969532,-0.25000915,0.33233964,-0.18476596,-0.16751362,-0.09409173,-0.5664398,0.579488,0.5083041,0.096628666,0.37941775,0.4775339,0.28713465,-0.049171317,0.20150624,-0.10149323,0.19238621,-0.10746389,0.42534673,0.5037388,0.35809946,0.46379033,-0.047225587,-0.26440394,-0.36046013,-0.46862927,-0.2651871,-0.39612815,-0.46811292,-0.52372265,-0.39310738,-0.48047736,0.09338818,-0.16888154,0.24757874,-0.05941888,-0.32497722,-0.3849645,0.20399332,-0.09108469,0.62234926,0.20320208,0.60915273,0.19510143,-0.4315173,-0.44719657,-0.4015199,-0.4775071
0.530007,-0.7414327,0.09143888,0.6348163,1.7136478,0.47230738,1.4055475,-0.75335634,0.061950456,1.4644935,-0.7437038,0.0845418,1.4184673,0.6044212,2.726098,0.2436178,1.2076685,1.1587906,-3.118569,-3.054348,1.9023478,1.8423084,2.1185505,2.0581346,2.1330435,2.0727232,-3.1220992,-3.059399,-2.9758074,-2.9124532,2.1277626,2.0775943,2.4552422,2.3967357,2.4441264,2.404491,3.018588,3.036669,1.7974551,1.7903107,2.364993,2.3029773,0.52109843,0.47652343,-0.08590619,-0.12520048,2.4285054,2.3575356,0.41670296,0.37453297,0.43827245,0.39542437,4.33711,4.290626,3.1630979,3.0525546
-0.14659771,-0.55739295,-0.484801,-0.03341135,-0.43485752,-0.18378547,-0.6189215,-0.52942157,-0.49082425,-0.16698718,-0.5196195,-0.48626795,-0.13837726,0.08273468,-0.63370246,-0.09225239,-0.65133166,-0.69511765,0.5988122,0.62317413,-0.66495895,-0.70376,-0.6656494,-0.70341796,-0.6658082,-0.70350933,0.5789763,0.6023432,0.6023028,0.6280673,-0.6522975,-0.6876826,-0.63230735,-0.66235024,-0.6485578,-0.69114465,-0.59071505,-0.6450731,-0.60785794,-0.65642154,-0.6638135,-0.7000882,-0.5990299,-0.62577856,-0.32497722,-0.3849645,-0.6594294,-0.6924485,-0.61566925,-0.6657266,-0.6166105,-0.6660638,-0.4326163,-0.4479557,-0.58649915,-0.5987238
0.530007,0.16513553,-0.47460976,0.6348163,-0.005156449,0.47230738,0.49127117,0.28097346,-0.47750625,0.36373714,0.300656,-0.4587665,0.5213552,0.6795728,-0.6249796,0.579488,-0.65133166,-0.68059415,0.5988122,0.6127178,-0.66495895,-0.6907605,-0.6656494,-0.69042575,-0.6658082,-0.69051695,0.5789763,0.59291226,0.6023028,0.61759746,-0.6522975,-0.67426485,-0.63230735,-0.64881676,-0.6485578,-0.67580664,-0.59071505,-0.62415606,-0.60785794,-0.6367553,-0.6638135,-0.68751377,-0.5990299,-0.6208409,-0.32497722,-0.37517533,-0.6594294,-0.68063855,-0.61566925,-0.64928174,-0.6166105,-0.64975905,-0.4326163,-0.4471776,-0.58649915,-0.5909069
-0.82320243,-0.570781,0.4021163,-0.701639,0.8542457,-0.8398783,-0.22708881,-0.8028433,-0.08392272,-0.79733884,-0.8276068,-0.15006556,-0.79664916,-1.0989037,0.44557548,-1.0998629,0.6429616,0.30476913,-0.929554,-0.55937123,0.80641896,0.43062726,0.8215827,0.44426668,0.822239,0.44498834,-0.9363698,-0.57131517,-0.9531664,-0.5756261,0.6968493,0.36048838,1.0662417,0.64821696,0.7145379,0.37650946,0.3051048,0.09519504,0.6807702,0.36558458,0.8505898,0.46949297,0.599247,0.25104764,-0.20544171,-0.2837962,0.87418765,0.48564535,0.5243567,0.2213826,0.5163123,0.21407372,0.579065,0.34688738,0.9875879,0.6013361
-1.4998071,-0.8187766,-0.48848775,-1.3698667,-1.2942597,-1.4959712,-1.5331979,-0.74763495,-0.493814,-1.5867023,-0.7735527,-0.499599,-1.5616751,-1.6107349,-0.63370246,-1.4357332,-0.65133166,-0.69511765,0.5988122,0.62317413,-0.66495895,-0.70376,-0.6656494,-0.70341796,-0.6658082,-0.70350933,0.5789763,0.6023432,0.6023028,0.6280673,-0.6522975,-0.6876826,-0.63230735,-0.66235024,-0.6485578,-0.69114465,-0.59071505,-0.6450731,-0.60785794,-0.65642154,-0.6638135,-0.7000882,-0.5990299,-0.62577856,-0.32497722,-0.3849645,-0.6594294,-0.6924485,-0.61566925,-0.6657266,-0.6166105,-0.6660638,-0.4326163,-0.4479557,-0.58649915,-0.5987238
-0.82320243,-0.4236849,-0.48291504,-0.701639,-0.8645586,-0.8398783,-0.684227,-0.3627478,-0.48632595,-0.82390124,-0.36750033,-0.48657954,-0.7362593,-0.6998342,-0.6249796,-0.7639928,-0.65133166,-0.68059415,0.5988122,0.6127178,-0.66495895,-0.6907605,-0.6656494,-0.69042575,-0.6658082,-0.69051695,0.5789763,0.59291226,0.6023028,0.61759746,-0.6522975,-0.67426485,-0.63230735,-0.64881676,-0.6485578,-0.67580664,-0.59071505,-0.62415606,-0.60785794,-0.6367553,-0.6638135,-0.68751377,-0.5990299,-0.6208409,-0.32497722,-0.37517533,-0.6594294,-0.68063855,-0.61566925,-0.64928174,-0.6166105,-0.64975905,-0.4326163,-0.4471776,-0.58649915,-0.5909069
-0.82320243,-0.81473726,-0.48843077,-0.701639,-0.8645586,-0.8398783,-1.0107542,-0.8480466,-0.4951898,-1.0780711,-0.8452755,-0.5006066,-1.038107,-1.0123738,-0.63370246,-0.7639928,-0.65133166,-0.69511765,0.5988122,0.62317413,-0.66495895,-0.70376,-0.6656494,-0.70341796,-0.6658082,-0.70350933,0.5789763,0.6023432,0.6023028,0.6280673,-0.6522975,-0.6876826,-0.63230735,-0.66235024,-0.6485578,-0.69114465,-0.59071505,-0.6450731,-0.60785794,-0.65642154,-0.6638135,-0.7000882,-0.5990299,-0.62577856,-0.32497722,-0.3849645,-0.6594294,-0.6924485,-0.61566925,-0.6657266,-0.6166105,-0.6660638,-0.4326163,-0.4479557,-0.58649915,-0.5987238
1.8832164,2.0536714,2.0133612,1.9712716,1.7136478,2.2020068,1.6014638,1.8311294,1.5315304,1.7171798,1.9439576,1.7343209,1.6071074,1.7964222,0.69019055,1.9229687,1.3643596,0.9203942,-0.3823003,-0.06977266,1.0903957,0.6780167,0.9924241,0.5980658,0.98565763,0.5913803,-0.2834442,0.008196431,-0.39840013,-0.084500246,1.0034736,0.54072005,0.59199727,0.23860668,0.6850685,0.31945923,0.72653407,0.3442545,0.65048254,0.29147792,0.8505898,0.48145512,0.7815934,0.35979557,0.03362931,-0.10764858,0.8942004,0.53023857,1.5525885,1.1002043,1.5308298,1.0839144,-0.13277319,-0.24474227,0.115909114,-0.11115497
-0.82320243,-0.7847108,-0.48800728,-0.701639,-0.8645586,-0.8398783,-0.684227,-0.7741172,-0.48202315,-0.8355506,-0.78070503,-0.47912335,-0.7733082,-0.7448079,-0.6068997,-0.7639928,-0.65133166,-0.6700418,0.5988122,0.5695837,-0.66495895,-0.67287624,-0.6656494,-0.66959405,-0.6658082,-0.6693213,0.5789763,0.5459864,0.6023028,0.57481,-0.6522975,-0.64791876,-0.63230735,-0.6191471,-0.6485578,-0.6409518,-0.59071505,-0.5907972,-0.60785794,-0.6064651,-0.6638135,-0.6614506,-0.5990299,-0.5796037,-0.32497722,-0.24125263,-0.6594294,-0.66117024,-0.61566925,-0.648263,-0.6166105,-0.64920133,-0.4326163,-0.37564185,-0.58649915,-0.5670654
0.530007,-0.21552536,1.2219206,-0.03341135,1.7136478,1.0091107,1.6667693,-0.15416346,1.325321,1.5632586,-0.21705681,1.2176472,1.3600419,0.70422447,2.8123686,0.579488,2.6008666,2.530555,-2.6206172,-2.5146573,2.5654674,2.4796298,2.4819024,2.3983445,2.4938235,2.409718,-2.525039,-2.4204116,-2.5829585,-2.4784868,3.5504994,3.427489,2.7766964,2.6735206,3.037266,2.9716797,4.1032352,4.123084,3.7524664,3.7610886,2.364993,2.2824774,1.1788481,0.9801403,1.1094489,1.1629802,2.0725138,1.9886723,2.630506,2.587947,2.6099322,2.5676928,0.7170425,0.6752444,2.0211635,1.9170239
-1.4998071,-0.92967707,-0.49005198,-1.3698667,-1.2942597,-1.4959712,-1.5331979,-0.95243555,-0.49662003,-1.2993361,-0.9413424,-0.5019554,-1.4080361,-1.1755633,-0.63370246,-1.4357332,-0.65133166,-0.69511765,0.5988122,0.62317413,-0.66495895,-0.70376,-0.6656494,-0.70341796,-0.6658082,-0.70350933,0.5789763,0.6023432,0.6023028,0.6280673,-0.6522975,-0.6876826,-0.63230735,-0.66235024,-0.6485578,-0.69114465,-0.59071505,-0.6450731,-0.60785794,-0.65642154,-0.6638135,-0.7000882,-0.5990299,-0.62577856,-0.32497722,-0.3849645,-0.6594294,-0.6924485,-0.61566925,-0.6657266,-0.6166105,-0.6660638,-0.4326163,-0.4479557,-0.58649915,-0.5987238
-1.4998071,-0.9208129,-0.489927,-1.3698667,-1.2942597,-1.4959712,-1.4025869,-0.9315076,-0.4963333,-1.3355829,-0.9236281,-0.5009508,-1.3475872,-1.2574426,-0.63370246,-1.4357332,-0.65133166,-0.69511765,0.5988122,0.62317413,-0.66495895,-0.70376,-0.6656494,-0.70341796,-0.6658082,-0.70350933,0.5789763,0.6023432,0.6023028,0.6280673,-0.6522975,-0.6876826,-0.63230735,-0.66235024,-0.6485578,-0.69114465,-0.59071505,-0.6450731,-0.60785794,-0.65642154,-0.6638135,-0.7000882,-0.5990299,-0.62577856,-0.32497722,-0.3849645,-0.6594294,-0.6924485,-0.61566925,-0.6657266,-0.6166105,-0.6660638,-0.4326163,-0.4479557,-0.58649915,-0.5987238
-0.14659771,0.8107123,-0.46550402,-0.03341135,-0.43485752,-0.18378547,-0.35769972,0.6597903,-0.47453067,-0.33643037,0.7686142,-0.45239386,-0.3106191,-0.113219075,-0.63370246,-0.09225239,-0.65133166,-0.69511765,0.5988122,0.62317413,-0.66495895,-0.70376,-0.6656494,-0.70341796,-0.6658082,-0.70350933,0.5789763,0.6023432,0.6023028,0.6280673,-0.6522975,-0.6876826,-0.63230735,-0.66235024,-0.6485578,-0.69114465,-0.59071505,-0.6450731,-0.60785794,-0.65642154,-0.6638135,-0.7000882,-0.5990299,-0.62577856,-0.32497722,-0.3849645,-0.6594294,-0.6924485,-0.61566925,-0.6657266,-0.6166105,-0.6660638,-0.4326163,-0.4479557,-0.58649915,-0.5987238
-0.14659771,0.20385094,-0.47406372,-0.03341135,-0.43485752,-0.18378547,-0.16178335,0.1041221,-0.46116728,-0.32859594,0.1701617,-0.48057386,-0.3843361,-0.08235973,-0.63370246,-0.09225239,-0.65133166,-0.6826666,0.5988122,0.60656965,-0.66495895,-0.6899012,-0.6656494,-0.6886411,-0.6658082,-0.68866795,0.5789763,0.58522356,0.6023028,0.61154217,-0.6522975,-0.67401356,-0.63230735,-0.6495996,-0.6485578,-0.6705692,-0.59071505,-0.6222348,-0.60785794,-0.63476616,-0.6638135,-0.6839115,-0.5990299,-0.60672235,-0.32497722,-0.3247956,-0.6594294,-0.67919177,-0.61566925,-0.6543396,-0.6166105,-0.6548612,-0.4326163,-0.43346706,-0.58649915,-0.58400613
-1.4998071,-0.86068034,-0.24497646,-1.3698667,-1.2942597,-1.4959712,-1.2066705,-0.89723456,-0.29424945,-1.3257588,-0.8897947,-0.29191554,-1.2661246,-1.5447081,-0.017267676,-1.4357332,0.2524553,0.07680605,0.039232958,0.14906393,0.16372314,8.935784e-05,0.1358387,-0.022570984,0.12980825,-0.027614484,0.06920547,0.17039247,0.04753649,0.15793192,-0.11263875,-0.22795232,-0.027100055,-0.14880186,-0.041487265,-0.17072591,-0.10962886,-0.2247799,-0.075179346,-0.19235566,0.09338818,-0.057098076,0.566685,0.35670358,-0.32497722,-0.3849645,0.1504942,-0.0073184976,0.26074296,0.090606906,0.27411973,0.101574376,-0.3211584,-0.35312146,0.117672354,-0.011453197
-0.82320243,-0.58934504,-0.48525167,-1.3698667,-0.8645586,-0.8398783,-0.6189215,-0.50659454,-0.49051148,-0.69624645,-0.51564145,-0.4915044,-0.615079,-0.54383874,-0.63370246,-0.7639928,-0.65133166,-0.69511765,0.5988122,0.62317413,-0.66495895,-0.70376,-0.6656494,-0.70341796,-0.6658082,-0.70350933,0.5789763,0.6023432,0.6023028,0.6280673,-0.6522975,-0.6876826,-0.63230735,-0.66235024,-0.6485578,-0.69114465,-0.59071505,-0.6450731,-0.60785794,-0.65642154,-0.6638135,-0.7000882,-0.5990299,-0.62577856,-0.32497722,-0.3849645,-0.6594294,-0.6924485,-0.61566925,-0.6657266,-0.6166105,-0.6660638,-0.4326163,-0.4479557,-0.58649915,-0.5987238
-1.4998071,-0.95733786,-0.37266716,-1.3698667,-1.2942597,-1.4959712,-1.0107542,-0.9522727,-0.34117544,-1.0334543,-0.94551617,-0.340971,-1.0307492,-1.2688884,0.20585789,-1.4357332,0.33100823,0.5023898,0.16741854,0.10140399,0.1904478,0.33342168,0.1614715,0.2995855,0.15869042,0.29638264,0.2437845,0.19678807,0.18025571,0.117373325,0.19398548,0.34245086,-0.027100055,0.07119624,0.23418596,0.38912314,0.5096108,0.7276714,0.56862104,0.80682147,0.09338818,0.21780479,0.29967773,0.45550212,-0.14567396,-0.14965601,0.08348079,0.20463745,0.56576204,0.78930384,0.54860455,0.76711696,-0.41225657,-0.4231357,-0.35503462,-0.32264552
0.530007,-0.4886629,0.4101781,0.6348163,3.4324522,0.47230738,1.6667693,-0.4414607,0.48219356,1.5828794,-0.43868485,0.5120864,1.7750133,0.73578,2.6280093,0.579488,1.9372549,2.1924806,-2.4579203,-2.7593496,2.2777967,2.560703,2.3088148,2.5966806,2.310286,2.598572,-2.4517157,-2.7516859,-2.5086355,-2.8151944,2.045996,2.314512,2.7647908,3.102529,2.0776336,2.361216,1.2009246,1.3992329,1.9693984,2.2760766,2.364993,2.659067,1.7975237,2.0122843,-0.08590619,-0.0943989,2.4078047,2.6963174,1.6643827,1.9041682,1.649235,1.8843251,1.5907464,1.8005491,2.561675,2.830409
0.530007,0.56237423,-0.4690068,0.6348163,-0.005156449,0.47230738,0.4259657,0.78722394,-0.3350011,0.5724163,0.7451234,-0.2973236,0.5599688,0.9273828,-0.5514741,0.579488,-0.65133166,-0.53363025,0.5988122,0.5866554,-0.66495895,-0.5733176,-0.6656494,-0.5813894,-0.6658082,-0.58258504,0.5789763,0.57653195,0.6023028,0.5868903,-0.6522975,-0.60004765,-0.63230735,-0.5963848,-0.6485578,-0.6097442,-0.59071505,-0.5743659,-0.60785794,-0.58393586,-0.6638135,-0.5907264,-0.5990299,-0.5276104,-0.32497722,-0.3448865,-0.6594294,-0.5757979,-0.61566925,-0.48119304,-0.6166105,-0.4832439,-0.4326163,-0.4423739,-0.58649915,-0.5739737
-0.14659771,1.3169465,-0.45836365,-0.03341135,-0.43485752,-0.18378547,-0.03117245,1.7912803,-0.44671217,-0.14224769,1.7082101,-0.45062563,-0.07668098,0.08307754,-0.62708485,-0.09225239,-0.65133166,-0.67677647,0.5988122,0.612623,-0.66495895,-0.6875334,-0.6656494,-0.68785125,-0.6658082,-0.6880031,0.5789763,0.5931912,0.6023028,0.61755455,-0.6522975,-0.6727235,-0.63230735,-0.64818597,-0.6485578,-0.6736289,-0.59071505,-0.6192288,-0.60785794,-0.63268095,-0.6638135,-0.6857787,-0.5990299,-0.62577856,-0.32497722,-0.3812512,-0.6594294,-0.6788925,-0.61566925,-0.6453957,-0.6166105,-0.6458835,-0.4326163,-0.44704613,-0.58649915,-0.59124154
-0.14659771,-0.48131916,-0.483728,-0.03341135,-0.43485752,-0.18378547,-0.35769972,-0.4302982,-0.48946613,-0.09219004,-0.42368165,-0.4839462,-0.089520775,0.2056417,-0.63370246,-0.09225239,-0.65133166,-0.69511765,0.5988122,0.62317413,-0.66495895,-0.70376,-0.6656494,-0.70341796,-0.6658082,-0.70350933,0.5789763,0.6023432,0.6023028,0.6280673,-0.6522975,-0.6876826,-0.63230735,-0.66235024,-0.6485578,-0.69114465,-0.59071505,-0.6450731,-0.60785794,-0.65642154,-0.6638135,-0.7000882,-0.5990299,-0.62577856,-0.32497722,-0.3849645,-0.6594294,-0.6924485,-0.61566925,-0.6657266,-0.6166105,-0.6660638,-0.4326163,-0.4479557,-0.58649915,-0.5987238
0.530007,-0.4642217,0.70434016,0.6348163,1.7136478,0.47230738,0.75249296,-0.40528014,0.63494295,1.3897337,-0.44227216,0.60924596,1.2170491,0.4315793,2.7724361,0.579488,1.7462071,1.9180526,-2.714291,-2.9589868,2.1726365,2.37197,2.236937,2.4431386,2.2441287,2.4511817,-2.7869074,-3.0373187,-2.7316039,-2.977641,2.1604693,2.370095,2.5425506,2.7767336,2.3241053,2.560862,1.3901876,1.562523,1.8369416,2.0603447,2.364993,2.582081,1.7975237,1.9521981,0.15316483,0.18379366,2.312371,2.515489,1.1564777,1.2857585,1.1594679,1.2870598,2.6730504,2.9244924,2.980363,3.1977258
-0.82320243,-0.8769611,-0.22130063,-0.701639,-0.005156449,-0.8398783,-0.22708881,-0.87926537,-0.19520845,-0.16903026,-0.87212896,-0.18995817,-0.16688731,-0.6447155,1.1349162,-0.7639928,0.27816844,0.31707707,-1.2598783,-1.384675,0.6186944,0.6863394,0.7264506,0.8043315,0.73361766,0.81225467,-1.2715614,-1.3968905,-1.1867523,-1.3049818,0.7377326,0.82210004,0.9114673,1.0078459,0.89778435,0.99900687,1.2139364,1.36508,0.59479856,0.6794426,0.8505898,0.939522,-0.038965706,-0.023944976,-0.20544171,-0.24313885,0.88453805,0.97277844,-0.09948313,-0.09776691,-0.089169025,-0.08651372,1.9522469,2.1392095,1.2882993,1.3947967
-0.82320243,-0.8422354,-0.12524478,-0.701639,-0.005156449,-0.8398783,0.36066025,-0.8375024,-0.24288368,-0.3187389,-0.82699645,-0.21131846,-0.24472123,-0.56773937,0.5639709,-0.7639928,1.1051146,0.46048823,-0.63867146,-0.1849372,0.91592497,0.33074865,0.90667313,0.3256402,0.904442,0.32424438,-0.5313464,-0.12292921,-0.6346403,-0.18005098,0.90126544,0.33147,0.9670275,0.38429868,1.1897997,0.5232883,1.8799657,1.0179161,1.7762884,0.9440303,0.8505898,0.2907719,-0.32551017,-0.45094767,0.9899134,0.5578346,0.7629595,0.23458338,1.3607438,0.6477496,1.3451488,0.6360998,-0.3430798,-0.38897395,0.32813838,-0.010311324
-0.82320243,0.8057149,3.4171612,-0.701639,-0.005156449,-0.3627199,-0.4883106,1.05466,3.8494115,-0.4492703,0.94567937,3.7054482,-0.45201918,-1.0142102,0.9462499,-0.7639928,1.0547403,1.2535967,-0.30341685,-0.39912286,0.9246159,1.1018139,0.913808,1.0909144,0.90666366,1.0829816,-0.1821883,-0.2601991,-0.2789528,-0.3706839,0.6232594,0.7655206,0.38364717,0.49055612,0.4316313,0.54724157,-0.00059670024,0.044390146,0.028881628,0.085433014,0.8505898,1.0197076,0.8467172,1.0037694,-0.32497722,-0.3849645,1.0566084,1.2488772,1.0295014,1.2329822,1.0491358,1.2537619,-0.34510422,-0.34837735,1.1039613,1.2866931
1.2066118,1.3381532,4.561682,1.303044,2.57305,1.1284002,2.3198237,1.3292966,4.4228683,2.3105996,1.3005861,4.4648104,2.3314345,1.3024297,3.4268408,0.9153582,2.2731028,2.250049,-4.935353,-4.9026384,2.6886616,2.654943,2.8060124,2.7735755,2.8450997,2.813047,-5.2519636,-5.2204294,-4.9320884,-4.8995533,4.2332497,4.224106,4.0506077,4.022247,3.8133836,3.818444,3.7127736,3.788584,3.539267,3.6030428,3.1221948,3.0898705,4.252689,4.1950116,6.249476,6.8304124,2.4365675,2.3951716,1.3648843,1.349281,1.3209296,1.3028481,6.8108444,6.814989,2.4486675,2.386498
-1.4998071,-0.7837373,-0.48799354,-1.3698667,-1.2942597,-1.4959712,-1.4025869,-0.8273412,-0.4949061,-1.4991595,-0.818697,-0.498856,-1.4600024,-1.4736284,-0.63370246,-1.4357332,-0.65133166,-0.69511765,0.5988122,0.62317413,-0.66495895,-0.70376,-0.6656494,-0.70341796,-0.6658082,-0.70350933,0.5789763,0.6023432,0.6023028,0.6280673,-0.6522975,-0.6876826,-0.63230735,-0.66235024,-0.6485578,-0.69114465,-0.59071505,-0.6450731,-0.60785794,-0.65642154,-0.6638135,-0.7000882,-0.5990299,-0.62577856,-0.32497722,-0.3849645,-0.6594294,-0.6924485,-0.61566925,-0.6657266,-0.6166105,-0.6660638,-0.4326163,-0.4479557,-0.58649915,-0.5987238
1.2066118,-0.25344396,0.73357415,1.303044,0.42454463,1.1284002,1.8626857,-0.24429183,0.7284544,2.094318,-0.23919864,0.7527498,2.0586083,1.023154,3.3376834,0.9153582,3.867603,3.9546874,-2.1990843,-2.2327042,3.4784515,3.5359886,3.341791,3.3977718,3.3122737,3.367851,-1.9698776,-1.9995809,-2.1715288,-2.2038684,2.0459962,2.081576,2.3937292,2.4310906,2.3867948,2.4436805,1.814716,1.8866299,2.055535,2.1389532,3.1221948,3.1730652,5.2295446,5.292359,-0.32497722,-0.3849645,3.3901887,3.4345415,3.766392,3.8901684,3.8370407,3.9579265,0.12467314,0.123293445,2.9343584,2.9387941
-0.14659771,-0.80919695,-0.05422585,-0.03341135,0.8542457,-0.18378547,0.6218821,-0.8311246,-0.09459038,0.5086138,-0.821016,-0.07870463,0.4693888,-0.119817376,1.7851496,-0.09225239,0.7429185,0.62671584,-2.1892238,-1.9988925,1.2605212,1.1115822,1.4225007,1.2655644,1.4333307,1.2759395,-2.1968303,-2.0084727,-2.08128,-1.8963176,1.4327477,1.283955,1.6833547,1.5187727,1.6709552,1.5160382,2.1162622,1.9800025,1.1961267,1.0880946,1.6077914,1.4410923,0.24106641,0.1601609,-0.14567396,-0.19975321,1.6565218,1.4821851,0.15860988,0.07597664,0.17455168,0.09077546,3.1446786,2.930645,2.2256985,2.0046313
1.8832164,1.0833312,-0.46165878,1.9712716,0.8542457,1.7844931,1.340242,1.0986601,-0.45518357,1.1134505,1.1467987,-0.390107,1.0448451,1.5866944,-0.63202375,1.9229687,-0.65133166,-0.6590551,0.5988122,0.6072722,-0.66495895,-0.67312926,-0.6656494,-0.67313766,-0.6658082,-0.67330474,0.5789763,0.58998036,0.6023028,0.6126915,-0.6522975,-0.6577571,-0.63230735,-0.64093715,-0.6485578,-0.65654653,-0.59071505,-0.6006576,-0.60785794,-0.60792506,-0.6638135,-0.67167854,-0.5990299,-0.62364054,-0.32497722,-0.36196014,-0.6594294,-0.6648174,-0.61566925,-0.6231834,-0.6166105,-0.6235056,-0.4326163,-0.44744703,-0.58649915,-0.58794594
0.530007,3.2441149,-0.43118116,0.6348163,-0.005156449,0.47230738,-0.0964779,1.6868644,-0.45114857,-0.15238139,1.8151389,-0.45517555,-0.13356999,0.024670193,-0.46446973,0.579488,-0.65133166,0.31232464,0.5988122,0.47815844,-0.66495895,0.19106947,-0.6656494,0.11779279,-0.6658082,0.11045405,0.5789763,0.508052,0.6023028,0.42835584,-0.6522975,-0.07718835,-0.63230735,-0.3250428,-0.6485578,-0.04728807,-0.59071505,0.020792944,-0.60785794,-0.1864589,-0.6638135,0.031785253,-0.5990299,-0.051012456,-0.32497722,-0.3849645,-0.6594294,0.0751223,-0.61566925,0.4283426,-0.6166105,0.43998504,-0.4326163,-0.44792768,-0.58649915,-0.56433505
-0.82320243,-0.8769611,-0.20122872,-0.701639,-0.005156449,-0.8398783,-0.16178335,-0.8757895,-0.18576506,-0.243264,-0.87208223,-0.18769129,-0.17048267,-0.7623207,1.0769838,-0.7639928,0.27816844,0.34085804,-1.2598783,-1.4318485,0.6186944,0.718999,0.7264506,0.83975524,0.73361766,0.84786683,-1.2715614,-1.4438612,-1.1867523,-1.3503978,0.7377326,0.8575717,0.9114673,1.0470865,0.89778435,1.0387161,1.2139364,1.4123076,0.59479856,0.71082795,0.8505898,0.9780438,-0.038965706,-0.009805203,-0.20544171,-0.23980673,0.88453805,1.0119021,-0.09948313,-0.08442298,-0.089169025,-0.07289744,1.9522469,2.1999938,1.2882993,1.4416333
1.8832164,1.7473681,-0.4522926,1.9712716,0.8542457,1.7844931,1.6667693,1.3216434,-0.46332774,1.6322854,1.2829838,-0.45886287,1.6353765,2.2261372,-0.5948964,1.9229687,-0.65133166,-0.4641051,0.5988122,0.5899212,-0.66495895,-0.49857023,-0.6656494,-0.51510936,-0.6658082,-0.5168626,0.5789763,0.5807217,0.6023028,0.58227223,-0.6522975,-0.5476926,-0.63230735,-0.5850036,-0.6485578,-0.5435045,-0.59071505,-0.49238598,-0.60785794,-0.5486563,-0.6638135,-0.5322652,-0.5990299,-0.4939812,-0.32497722,-0.3849645,-0.6594294,-0.51643986,-0.61566925,-0.41484994,-0.6166105,-0.41244006,-0.4326163,-0.4479493,-0.58649915,-0.59083825
1.2066118,-0.31247061,-0.48134637,1.303044,0.42454463,1.1284002,0.4259657,-0.33400935,-0.4754155,0.58000094,-0.3302221,-0.48649108,0.6515553,0.91840994,-0.63370246,1.2512283,-0.65133166,-0.66212285,0.5988122,0.608588,-0.66495895,-0.67575866,-0.6656494,-0.67565507,-0.6658082,-0.6758148,0.5789763,0.59105134,0.6023028,0.6140018,-0.6522975,-0.6603901,-0.63230735,-0.6427293,-0.6485578,-0.65888935,-0.59071505,-0.60303324,-0.60785794,-0.61083317,-0.6638135,-0.6739809,-0.5990299,-0.62577856,-0.32497722,-0.3623818,-0.6594294,-0.6671553,-0.61566925,-0.626554,-0.6166105,-0.62689143,-0.4326163,-0.44756904,-0.58649915,-0.58917063
-0.14659771,-0.13474461,-0.4788396,-0.03341135,-0.43485752,-0.18378547,-0.16178335,-0.12454364,-0.48527697,-0.14049974,-0.18403219,-0.4703739,-0.12741004,0.17546307,-0.63370246,-0.09225239,-0.65133166,-0.69511765,0.5988122,0.62317413,-0.66495895,-0.70376,-0.6656494,-0.70341796,-0.6658082,-0.70350933,0.5789763,0.6023432,0.6023028,0.6280673,-0.6522975,-0.6876826,-0.63230735,-0.66235024,-0.6485578,-0.69114465,-0.59071505,-0.6450731,-0.60785794,-0.65642154,-0.6638135,-0.7000882,-0.5990299,-0.62577856,-0.32497722,-0.3849645,-0.6594294,-0.6924485,-0.61566925,-0.6657266,-0.6166105,-0.6660638,-0.4326163,-0.4479557,-0.58649915,-0.5987238
1.2066118,0.43106228,-0.47085893,1.303044,0.42454463,1.1284002,0.1647439,0.510014,-0.4765828,0.42457217,0.50731444,-0.48161477,0.384279,0.6449314,-0.63370246,1.2512283,-0.65133166,-0.69511765,0.5988122,0.62317413,-0.66495895,-0.70376,-0.6656494,-0.70341796,-0.6658082,-0.70350933,0.5789763,0.6023432,0.6023028,0.6280673,-0.6522975,-0.6876826,-0.63230735,-0.66235024,-0.6485578,-0.69114465,-0.59071505,-0.6450731,-0.60785794,-0.65642154,-0.6638135,-0.7000882,-0.5990299,-0.62577856,-0.32497722,-0.3849645,-0.6594294,-0.6924485,-0.61566925,-0.6657266,-0.6166105,-0.6660638,-0.4326163,-0.4479557,-0.58649915,-0.5987238
-1.4998071,-0.7557367,-0.4875986,-1.3698667,-1.2942597,-1.4959712,-1.5331979,-0.74947417,-0.49383923,-1.358963,-0.7585028,-0.46328092,-1.4308246,-1.2820758,-0.63370246,-1.4357332,-0.65133166,-0.69511765,0.5988122,0.62317413,-0.66495895,-0.70376,-0.6656494,-0.70341796,-0.6658082,-0.70350933,0.5789763,0.6023432,0.6023028,0.6280673,-0.6522975,-0.6876826,-0.63230735,-0.66235024,-0.6485578,-0.69114465,-0.59071505,-0.6450731,-0.60785794,-0.65642154,-0.6638135,-0.7000882,-0.5990299,-0.62577856,-0.32497722,-0.3849645,-0.6594294,-0.6924485,-0.61566925,-0.6657266,-0.6166105,-0.6660638,-0.4326163,-0.4479557,-0.58649915,-0.5987238
1.8832164,1.5088437,1.48577,1.9712716,1.2839468,2.0230722,1.927991,1.74057,1.680374,1.8859187,1.7134488,1.7213352,1.916451,2.1282184,0.15548536,1.9229687,0.20170431,0.28126007,0.1476977,0.108637966,0.1298285,0.20124164,0.12407932,0.19555047,0.12042774,0.19157346,0.19839399,0.16738936,0.16167499,0.12541127,-0.014519027,0.043646872,-0.12433008,-0.08375073,-0.10846324,-0.0676264,-0.29565588,-0.29427883,-0.28948817,-0.2776385,0.09338818,0.16135195,0.12384364,0.19509496,-0.32497722,-0.3849645,0.19858955,0.27846926,0.2069161,0.2855685,0.21626268,0.29589134,-0.38886026,-0.39590296,0.2587311,0.3438104
-0.14659771,0.28610972,-0.47290346,-0.03341135,-0.43485752,-0.18378547,-0.6189215,0.2776034,-0.47976708,-0.46887738,0.2902964,-0.48466384,-0.50455457,-0.3198024,-0.63370246,-0.09225239,-0.65133166,-0.69511765,0.5988122,0.62317413,-0.66495895,-0.70376,-0.6656494,-0.70341796,-0.6658082,-0.70350933,0.5789763,0.6023432,0.6023028,0.6280673,-0.6522975,-0.6876826,-0.63230735,-0.66235024,-0.6485578,-0.69114465,-0.59071505,-0.6450731,-0.60785794,-0.65642154,-0.6638135,-0.7000882,-0.5990299,-0.62577856,-0.32497722,-0.3849645,-0.6594294,-0.6924485,-0.61566925,-0.6657266,-0.6166105,-0.6660638,-0.4326163,-0.4479557,-0.58649915,-0.5987238
1.2066118,-0.7721164,-0.48782966,1.303044,0.42454463,1.1284002,0.4259657,-0.7860451,-0.49434027,0.37653342,-0.7837236,-0.4997423,0.4554087,0.5835934,-0.63370246,1.2512283,-0.65133166,-0.69511765,0.5988122,0.62317413,-0.66495895,-0.70376,-0.6656494,-0.70341796,-0.6658082,-0.70350933,0.5789763,0.6023432,0.6023028,0.6280673,-0.6522975,-0.6876826,-0.63230735,-0.66235024,-0.6485578,-0.69114465,-0.59071505,-0.6450731,-0.60785794,-0.65642154,-0.6638135,-0.7000882,-0.5990299,-0.62577856,-0.32497722,-0.3849645,-0.6594294,-0.6924485,-0.61566925,-0.6657266,-0.6166105,-0.6660638,-0.4326163,-0.4479557,-0.58649915,-0.5987238
-0.14659771,-0.6012886,0.3343042,-0.03341135,0.8542457,-0.18378547,0.2953548,-0.5777995,0.2906234,0.8631342,-0.5895382,0.2824267,0.7282541,0.12814972,2.1831002,-0.09225239,1.1468223,1.219328,-1.8860153,-2.001176,1.4632375,1.5495003,1.5112906,1.6017718,1.5166445,1.6076403,-1.9454366,-2.0640702,-1.8981272,-2.0133402,1.4572774,1.5525172,1.7488362,1.8563159,1.5809394,1.6913316,0.89496195,0.9728644,1.2257416,1.3348328,1.6077914,1.7044593,1.1983854,1.2625977,0.03362931,0.031020388,1.569421,1.6578212,0.713441,0.7640682,0.7154484,0.7649427,1.8966335,2.022507,2.0886474,2.182367
-0.14659771,-0.15716831,-0.4791559,-0.03341135,-0.43485752,-0.18378547,-0.35769972,-0.0668072,-0.4844859,-0.2164448,-0.10101407,-0.4901576,-0.26598564,0.00030247055,-0.63370246,-0.09225239,-0.65133166,-0.69511765,0.5988122,0.62317413,-0.66495895,-0.70376,-0.6656494,-0.70341796,-0.6658082,-0.70350933,0.5789763,0.6023432,0.6023028,0.6280673,-0.6522975,-0.6876826,-0.63230735,-0.66235024,-0.6485578,-0.69114465,-0.59071505,-0.6450731,-0.60785794,-0.65642154,-0.6638135,-0.7000882,-0.5990299,-0.62577856,-0.32497722,-0.3849645,-0.6594294,-0.6924485,-0.61566925,-0.6657266,-0.6166105,-0.6660638,-0.4326163,-0.4479557,-0.58649915,-0.5987238
-0.82320243,-0.8213792,-0.080412626,-0.701639,-0.8645586,-0.8398783,-0.55361605,-0.8247915,-0.07498757,-0.59452814,-0.8199314,-0.07258535,-0.5683282,-1.0510602,0.6709757,-0.7639928,0.5237022,0.5390248,-0.56964844,-0.60628474,0.7538387,0.78406394,0.7621251,0.79619217,0.7753364,0.8102624,-0.69195914,-0.73429525,-0.79390335,-0.8389161,1.2773912,1.3387362,1.2091103,1.2683492,1.0821022,1.1530173,0.27707967,0.31186172,0.631869,0.70659626,0.8505898,0.89212334,0.85974187,0.86232716,2.1852684,2.6240776,0.6495864,0.6770394,0.62372947,0.6505066,0.63740855,0.66439825,-0.15868554,-0.15611325,0.7583674,0.7944888
0.530007,-0.82015777,-0.48850724,0.6348163,-0.005156449,0.47230738,0.1647439,-0.8218284,-0.49483058,0.27786753,-0.8162883,-0.5001997,0.30426994,0.57377464,-0.63370246,0.579488,-0.65133166,-0.69511765,0.5988122,0.62317413,-0.66495895,-0.70376,-0.6656494,-0.70341796,-0.6658082,-0.70350933,0.5789763,0.6023432,0.6023028,0.6280673,-0.6522975,-0.6876826,-0.63230735,-0.66235024,-0.6485578,-0.69114465,-0.59071505,-0.6450731,-0.60785794,-0.65642154,-0.6638135,-0.7000882,-0.5990299,-0.62577856,-0.32497722,-0.3849645,-0.6594294,-0.6924485,-0.61566925,-0.6657266,-0.6166105,-0.6660638,-0.4326163,-0.4479557,-0.58649915,-0.5987238
1.2066118,0.09419898,-0.47561038,1.303044,0.42454463,1.1284002,0.88310385,0.25869387,-0.42999578,1.0225216,0.22422184,-0.4570884,0.97602457,1.4595288,-0.63370246,1.2512283,-0.65133166,-0.65623933,0.5988122,0.5773014,-0.66495895,-0.662084,-0.6656494,-0.66006076,-0.6658082,-0.65997446,0.5789763,0.55603516,0.6023028,0.5807971,-0.6522975,-0.64278334,-0.63230735,-0.61307925,-0.6485578,-0.6340121,-0.59071505,-0.57849085,-0.60785794,-0.60072404,-0.6638135,-0.6542119,-0.5990299,-0.569687,-0.32497722,-0.24393664,-0.6594294,-0.65424156,-0.61566925,-0.627976,-0.6166105,-0.6288216,-0.4326163,-0.4162787,-0.58649915,-0.5590053
-1.4998071,-0.93645984,-0.49014765,-1.3698667,-1.2942597,-1.4959712,-1.4025869,-0.94749486,-0.49655235,-1.4339691,-0.94466525,-0.502002,-1.4329698,-1.4065086,-0.63370246,-1.4357332,-0.65133166,-0.69511765,0.5988122,0.62317413,-0.66495895,-0.70376,-0.6656494,-0.70341796,-0.6658082,-0.70350933,0.5789763,0.6023432,0.6023028,0.6280673,-0.6522975,-0.6876826,-0.63230735,-0.66235024,-0.6485578,-0.69114465,-0.59071505,-0.6450731,-0.60785794,-0.65642154,-0.6638135,-0.7000882,-0.5990299,-0.62577856,-0.32497722,-0.3849645,-0.6594294,-0.6924485,-0.61566925,-0.6657266,-0.6166105,-0.6660638,-0.4326163,-0.4479557,-0.58649915,-0.5987238
-0.82320243,-0.40828794,-0.48269787,-0.701639,-0.8645586,-0.8398783,-0.94544876,-0.5479607,-0.4910783,-0.8636341,-0.4717691,-0.4953628,-0.8767449,-0.7439463,-0.63370246,-0.7639928,-0.65133166,-0.69511765,0.5988122,0.62317413,-0.66495895,-0.70376,-0.6656494,-0.70341796,-0.6658082,-0.70350933,0.5789763,0.6023432,0.6023028,0.6280673,-0.6522975,-0.6876826,-0.63230735,-0.66235024,-0.6485578,-0.69114465,-0.59071505,-0.6450731,-0.60785794,-0.65642154,-0.6638135,-0.7000882,-0.5990299,-0.62577856,-0.32497722,-0.3849645,-0.6594294,-0.6924485,-0.61566925,-0.6657266,-0.6166105,-0.6660638,-0.4326163,-0.4479557,-0.58649915,-0.5987238
-1.4998071,-0.76664054,-0.48775238,-1.3698667,-1.2942597,-1.4959712,-1.3372815,-0.8333709,-0.4949887,-1.3544936,-0.8080515,-0.49976742,-1.3292485,-1.2713614,-0.63370246,-1.4357332,-0.65133166,-0.69511765,0.5988122,0.62317413,-0.66495895,-0.70376,-0.6656494,-0.70341796,-0.6658082,-0.70350933,0.5789763,0.6023432,0.6023028,0.6280673,-0.6522975,-0.6876826,-0.63230735,-0.66235024,-0.6485578,-0.69114465,-0.59071505,-0.6450731,-0.60785794,-0.65642154,-0.6638135,-0.7000882,-0.5990299,-0.62577856,-0.32497722,-0.3849645,-0.6594294,-0.6924485,-0.61566925,-0.6657266,-0.6166105,-0.6660638,-0.4326163,-0.4479557,-0.58649915,-0.5987238
-0.14659771,0.7377912,-0.46653256,-0.03341135,-0.43485752,-0.18378547,0.09943845,1.0805442,-0.46876585,-0.0027561963,1.0488495,-0.46112686,0.031290155,0.3010036,-0.63370246,-0.09225239,-0.65133166,-0.69511765,0.5988122,0.62317413,-0.66495895,-0.70376,-0.6656494,-0.70341796,-0.6658082,-0.70350933,0.5789763,0.6023432,0.6023028,0.6280673,-0.6522975,-0.6876826,-0.63230735,-0.66235024,-0.6485578,-0.69114465,-0.59071505,-0.6450731,-0.60785794,-0.65642154,-0.6638135,-0.7000882,-0.5990299,-0.62577856,-0.32497722,-0.3849645,-0.6594294,-0.6924485,-0.61566925,-0.6657266,-0.6166105,-0.6660638,-0.4326163,-0.4479557,-0.58649915,-0.5987238
-0.82320243,-0.5551153,-0.48476887,-0.701639,-0.8645586,-0.8398783,-0.8148379,-0.57962054,-0.48191407,-0.8952926,-0.5795642,-0.49086472,-0.8529521,-0.76697767,-0.63310814,-0.7639928,-0.65133166,-0.664415,0.5988122,0.5943127,-0.66495895,-0.66938454,-0.6656494,-0.67054164,-0.6658082,-0.67060304,0.5789763,0.57034767,0.6023028,0.5936855,-0.6522975,-0.6564348,-0.63230735,-0.61877,-0.6485578,-0.6568819,-0.59071505,-0.6215644,-0.60785794,-0.63851184,-0.6638135,-0.6666081,-0.5990299,-0.5901425,-0.32497722,-0.2773672,-0.6594294,-0.66460025,-0.61566925,-0.6357668,-0.6166105,-0.6362648,-0.4326163,-0.43917307,-0.58649915,-0.5681006
1.2066118,1.4743875,-0.45614296,1.303044,0.42454463,1.1284002,0.75249296,1.4460104,-0.271,1.3013952,1.2629768,-0.32210442,1.0771856,1.4022237,0.32683852,1.2512283,-0.65133166,0.21454631,0.5988122,-0.0047916686,-0.66495895,0.11086437,-0.6656494,0.10576062,-0.6658082,0.104545034,0.5789763,0.039485537,0.6023028,-0.0003274021,-0.6522975,0.11123603,-0.63230735,0.15207931,-0.6485578,0.25906235,-0.59071505,0.6598965,-0.60785794,0.5931584,-0.6638135,0.07790751,-0.5990299,-0.4868772,-0.32497722,0.33526382,-0.6594294,0.03662776,-0.61566925,0.36781806,-0.6166105,0.35868275,-0.4326163,-0.40235388,-0.58649915,-0.14281383
1.2066118,-0.5540633,-0.484754,1.303044,0.42454463,1.1284002,0.9484093,-0.5143742,-0.4906181,1.0564297,-0.5147734,-0.48516157,1.0790402,1.5105944,-0.63370246,1.2512283,-0.65133166,-0.69511765,0.5988122,0.62317413,-0.66495895,-0.70376,-0.6656494,-0.70341796,-0.6658082,-0.70350933,0.5789763,0.6023432,0.6023028,0.6280673,-0.6522975,-0.6876826,-0.63230735,-0.66235024,-0.6485578,-0.69114465,-0.59071505,-0.6450731,-0.60785794,-0.65642154,-0.6638135,-0.7000882,-0.5990299,-0.62577856,-0.32497722,-0.3849645,-0.6594294,-0.6924485,-0.61566925,-0.6657266,-0.6166105,-0.6660638,-0.4326163,-0.4479557,-0.58649915,-0.5987238
-1.4998071,0.15940335,-0.47469065,-1.3698667,-1.2942597,-1.4959712,-1.3372815,0.23949665,-0.4802892,-1.3885658,0.25478134,-0.4775692,-1.3784281,-1.3411769,-0.63370246,-1.4357332,-0.65133166,-0.69511765,0.5988122,0.62317413,-0.66495895,-0.70376,-0.6656494,-0.70341796,-0.6658082,-0.70350933,0.5789763,0.6023432,0.6023028,0.6280673,-0.6522975,-0.6876826,-0.63230735,-0.66235024,-0.6485578,-0.69114465,-0.59071505,-0.6450731,-0.60785794,-0.65642154,-0.6638135,-0.7000882,-0.5990299,-0.62577856,-0.32497722,-0.3849645,-0.6594294,-0.6924485,-0.61566925,-0.6657266,-0.6166105,-0.6660638,-0.4326163,-0.4479557,-0.58649915,-0.5987238
1.2066118,1.305575,-0.23502164,1.303044,1.2839468,1.1284002,1.340242,1.1205983,-0.2136177,1.1502553,1.1529235,-0.19902527,1.1833961,1.3079801,0.2016167,1.2512283,-0.004185033,0.06323097,-0.1653709,-0.2584721,0.07073001,0.15007742,0.077966645,0.15958804,0.07821536,0.16000763,-0.17869677,-0.27092096,-0.17543179,-0.26923257,0.022275899,0.09904771,0.2169672,0.32088727,0.032990072,0.11045996,-0.14280513,-0.09735501,0.036456157,0.11872917,0.09338818,0.17769907,0.00010852704,0.058547363,-0.26520947,-0.30016935,0.10737913,0.19218458,-0.04565625,0.012772154,-0.050149105,0.007269393,0.07322438,0.13182148,0.20054437,0.2922345
-0.14659771,-0.32544667,0.98563546,-0.03341135,0.8542457,0.35301778,0.81779844,-0.460074,0.68656284,0.7674513,-0.40330678,0.81914526,0.84962887,0.010661652,2.0659955,-0.09225239,1.8129125,2.1874228,-1.6740161,-2.0249166,1.7665517,2.1257575,1.7012906,2.0514867,1.706847,2.0584128,-1.5962785,-1.9334202,-1.653924,-2.000736,2.295384,2.7667959,1.8202705,2.1963282,2.1084425,2.548126,2.998569,3.647339,2.7297294,3.3236113,1.6077914,1.9432765,-0.0064038453,0.10667776,0.7508424,0.9869357,1.3960991,1.6899046,1.846566,2.2442715,1.8537532,2.248039,0.36748588,0.48900145,1.3339832,1.5983713
1.2066118,-0.1029747,-0.47839147,1.303044,0.42454463,1.1284002,1.2096311,0.042350624,-0.48017052,1.215601,0.0073026735,-0.48294726,1.1419291,1.756509,-0.626944,1.2512283,-0.65133166,-0.677697,0.5988122,0.6109924,-0.66495895,-0.6872187,-0.6656494,-0.6876097,-0.6658082,-0.68772674,0.5789763,0.5909302,0.6023028,0.61620915,-0.6522975,-0.67108965,-0.63230735,-0.6510028,-0.6485578,-0.6761276,-0.59071505,-0.63138324,-0.60785794,-0.64019436,-0.6638135,-0.68526477,-0.5990299,-0.60473126,-0.32497722,-0.3849645,-0.6594294,-0.6777922,-0.61566925,-0.64875686,-0.6166105,-0.64882106,-0.4326163,-0.44413432,-0.58649915,-0.58523524
1.2066118,-0.4790759,-0.48369634,-0.03341135,0.42454463,1.1284002,0.9484093,-0.46964726,-0.38182265,0.9057152,-0.45981294,-0.37639582,0.8117652,1.3393229,-0.571292,1.2512283,-0.65133166,-0.5324993,0.5988122,0.25320065,-0.66495895,-0.47523922,-0.6656494,-0.4619106,-0.6658082,-0.4597143,0.5789763,0.2086614,0.6023028,0.24376254,-0.6522975,-0.40698737,-0.63230735,-0.28846192,-0.6485578,-0.39932796,-0.59071505,-0.3732135,-0.60785794,-0.42317817,-0.6638135,-0.4301844,-0.5990299,-0.31474295,-0.32497722,0.6189382,-0.6594294,-0.46074143,-0.61566925,-0.557233,-0.6166105,-0.55800587,-0.4326163,-0.08328016,-0.58649915,-0.2648374
-0.82320243,-0.86900324,-0.34448728,-0.701639,-0.43485752,-0.8398783,-0.6189215,-0.8780633,-0.34779316,-0.49127117,-0.8659702,-0.34214172,-0.493464,-0.6810467,0.29734862,-0.7639928,-0.18658161,-0.20218083,-0.33053306,-0.35464445,-0.023132248,-0.026784422,0.030400606,0.030852959,0.03390473,0.03466475,-0.34629261,-0.37127954,-0.29222474,-0.3133238,0.042717546,0.04757854,0.13958001,0.1510319,0.12461326,0.1319558,0.31161073,0.33386746,-0.006529679,-0.0058583957,0.09338818,0.09839869,-0.3189978,-0.3326868,-0.26520947,-0.31589568,0.11255435,0.11851362,-0.3575762,-0.38913137,-0.35288978,-0.38382402,0.75981534,0.81198865,0.35090008,0.37211663
-0.82320243,-0.7978697,-0.029877037,-0.701639,-0.005156449,-0.3627199,-0.684227,-0.7992296,-0.021612808,-0.53166986,-0.7980181,-0.025382796,-0.64053047,-0.9465288,0.84143066,-1.4357332,1.4396275,1.5154066,-0.27383563,-0.29198602,1.100173,1.1520456,1.0110542,1.0596308,1.0031844,1.0515283,-0.11933987,-0.13012978,-0.25240898,-0.2685418,0.9830319,1.0370442,0.49079862,0.5174451,0.7691904,0.8133037,0.66507983,0.7129647,1.0618795,1.1441268,0.8505898,0.8917139,1.2244349,1.2763861,-0.32497722,-0.3849645,0.9139299,0.95496374,1.6809447,1.7873493,1.6788363,1.7823156,-0.36731482,-0.37911445,0.12039735,0.13154145
0.530007,1.4535263,-0.4564372,0.6348163,-0.005156449,0.47230738,0.034133,1.5778786,-0.46195182,0.2504783,1.691803,-0.4550414,0.22979794,0.59319425,-0.63370246,0.579488,-0.65133166,-0.69511765,0.5988122,0.62317413,-0.66495895,-0.70376,-0.6656494,-0.70341796,-0.6658082,-0.70350933,0.5789763,0.6023432,0.6023028,0.6280673,-0.6522975,-0.6876826,-0.63230735,-0.66235024,-0.6485578,-0.69114465,-0.59071505,-0.6450731,-0.60785794,-0.65642154,-0.6638135,-0.7000882,-0.5990299,-0.62577856,-0.32497722,-0.3849645,-0.6594294,-0.6924485,-0.61566925,-0.6657266,-0.6166105,-0.6660638,-0.4326163,-0.4479557,-0.58649915,-0.5987238
-1.4998071,-0.95733786,-0.37266716,-1.3698667,-1.2942597,-1.4959712,-1.0760597,-0.9568574,-0.35074842,-1.043206,-0.94147664,-0.3323278,-1.0076182,-1.262423,0.2082046,-1.4357332,0.33100823,0.53828883,0.16741854,0.08576647,0.1904478,0.36450586,0.1614715,0.32964638,0.15869042,0.32634944,0.2437845,0.18463798,0.18025571,0.1020728,0.19398548,0.37328222,-0.027100055,0.093161814,0.23418596,0.42149922,0.5096108,0.7687923,0.56862104,0.85067075,0.09338818,0.24531414,0.29967773,0.48790827,-0.14567396,-0.14247856,0.08348079,0.231525,0.56576204,0.8329301,0.54860455,0.81008446,-0.41225657,-0.4223958,-0.35503462,-0.31439346
0.530007,0.9494777,2.068408,0.6348163,2.143349,0.7108866,1.340242,1.2945434,2.1903846,1.0432521,1.2831106,2.2021608,1.1181346,0.5296895,1.5799867,0.2436178,1.8506224,1.9195585,-1.0774604,-0.98837787,1.7559052,1.7700158,1.6940235,1.6977569,1.6843832,1.6868544,-0.992235,-0.8928085,-1.1310103,-1.0434804,1.261038,1.2383034,1.4174603,1.342642,1.1252347,1.0831664,0.46263075,0.4168114,0.86249834,0.80681217,1.6077914,1.5946437,1.3872442,1.3776937,-0.20544171,-0.26103228,1.7461458,1.7413021,1.8865911,2.0063229,1.8672081,1.9821959,0.579065,0.5135273,1.0310276,0.91347164
-0.82320243,-0.29439178,1.0523906,-0.701639,-0.005156449,-0.4820095,-0.22708881,-0.2064598,1.2161233,-0.2942181,-0.23123178,1.1873183,-0.22783574,-0.6627898,0.8374489,-1.0998629,0.45706764,0.6225908,-0.65346205,-0.79135746,0.71342576,0.8974754,0.7837941,0.9652116,0.78249514,0.963287,-0.62212753,-0.7574177,-0.639949,-0.7855986,0.47607982,0.61283135,0.6098559,0.77958184,0.7772275,0.94005734,0.79669964,0.8348793,0.78063715,0.9022262,0.8505898,1.029602,0.18245502,0.29943982,-0.32497722,-0.38198236,0.97387314,1.1612068,0.37529764,0.51151115,0.4113622,0.56394315,0.22849612,0.25986648,1.322923,1.5630152
-0.82320243,-0.6705037,-0.4863964,-0.701639,-0.8645586,-0.8398783,-1.0760597,-0.6610149,-0.33219475,-0.49448314,-0.6723468,-0.35476303,-0.66169494,-0.5746774,0.11120504,-0.7639928,-0.65133166,0.10084329,0.5988122,0.06687838,-0.66495895,0.008666923,-0.6656494,0.0052497373,-0.6658082,0.0042617475,0.5789763,0.103163354,0.6023028,0.07189266,-0.6522975,0.01451828,-0.63230735,0.057704035,-0.6485578,0.14502107,-0.59071505,0.50016207,-0.60785794,0.44561473,-0.6638135,-0.017776385,-0.5990299,-0.50346637,-0.32497722,0.2642523,-0.6594294,-0.05404407,-0.61566925,0.23923708,-0.6166105,0.2309615,-0.4326163,-0.40753508,-0.58649915,-0.19400127
1.8832164,2.5494046,1.8811868,1.9712716,1.7136478,2.0230722,1.2096311,2.455088,2.1389081,1.3924254,2.6187289,2.2166336,1.4309955,1.2170081,0.7193713,1.5870986,1.0390843,1.1363869,-0.4537883,-0.49984097,0.9476469,1.0307907,0.92133933,1.0048335,0.9186362,1.0018549,-0.34978414,-0.38767275,-0.4408703,-0.48418084,0.9257954,0.99928224,0.603903,0.64995116,0.79999936,0.8467943,0.8717278,0.8810652,0.8592542,0.8798407,0.8505898,0.9305102,0.7034449,0.8034213,-0.20544171,-0.26233566,0.9095057,1.0030826,1.1040308,1.2048106,1.1177571,1.217924,-0.22742853,-0.2292597,0.8083792,0.90881974
-0.14659771,-0.21378185,-0.4799544,-0.03341135,-0.43485752,-0.18378547,-0.6189215,-0.3165522,-0.48222184,-0.16309388,-0.24645233,-0.4568067,-0.2624704,0.12091903,-0.5860662,-0.09225239,-0.65133166,-0.62037885,0.5988122,0.6074486,-0.66495895,-0.64148474,-0.6656494,-0.6455926,-0.6658082,-0.64618796,0.5789763,0.5914422,0.6023028,0.61113054,-0.6522975,-0.6441636,-0.63230735,-0.64373857,-0.6485578,-0.6621529,-0.59071505,-0.6305382,-0.60785794,-0.63975555,-0.6638135,-0.64858556,-0.5990299,-0.5721425,-0.32497722,-0.3849645,-0.6594294,-0.6342197,-0.61566925,-0.58472896,-0.6166105,-0.58535075,-0.4326163,-0.4478335,-0.58649915,-0.5829726
-0.82320243,-0.6936812,-0.4867233,-0.701639,-0.8645586,-0.8398783,-0.8148379,-0.6612016,-0.47472557,-0.71736145,-0.6661207,-0.48586434,-0.78447497,-0.52594507,-0.63370246,-0.7639928,-0.65133166,-0.6844904,0.5988122,0.60900176,-0.66495895,-0.6919311,-0.6656494,-0.6908055,-0.6658082,-0.6908418,0.5789763,0.5877311,0.6023028,0.61396265,-0.6522975,-0.67601573,-0.63230735,-0.6514672,-0.6485578,-0.6735829,-0.59071505,-0.62558,-0.60785794,-0.637938,-0.6638135,-0.68628097,-0.5990299,-0.6095136,-0.32497722,-0.33360866,-0.6594294,-0.6811335,-0.61566925,-0.65600747,-0.6166105,-0.6565021,-0.4326163,-0.4355892,-0.58649915,-0.58616185
1.8832164,2.0409005,2.6992683,1.9712716,1.7136478,2.0230722,2.1892128,2.1871428,2.8756862,2.1071548,2.0578392,2.7425022,2.028392,2.0443158,1.0564214,1.9229687,1.141216,1.2855166,-0.6559272,-0.7173159,0.95525146,1.0693643,0.9011238,1.0087985,0.8985174,1.0057163,-0.64307696,-0.6991845,-0.68241924,-0.74626136,0.88900054,0.9893345,0.65549433,0.7264292,0.65452737,0.7304858,0.4275086,0.48279965,0.4032953,0.45981923,0.8505898,0.9496805,1.159311,1.2645009,0.9899134,1.1511403,0.83172816,0.931654,1.1426759,1.3060617,1.1217935,1.2808332,1.0160758,1.0967727,0.06397388,0.084681675
-0.82320243,-0.5118589,-0.36085984,-0.701639,-0.43485752,-0.8398783,-0.4883106,-0.46241188,-0.32879654,-0.46600962,-0.44933113,-0.3347177,-0.48938155,-0.64558417,0.25804,-0.7639928,-0.18658161,-0.16318792,-0.33053306,-0.43199322,-0.023132248,0.026766656,0.030400606,0.08893627,0.03390473,0.09305678,-0.34629261,-0.44829637,-0.29222474,-0.38779098,0.042717546,0.10574013,0.13958001,0.21537314,0.12461326,0.19706582,0.31161073,0.41130495,-0.006529679,0.04560338,0.09338818,0.16156167,-0.3189978,-0.30950227,-0.26520947,-0.3104321,0.11255435,0.18266346,-0.3575762,-0.36725175,-0.35288978,-0.36149794,0.75981534,0.9116546,0.35090008,0.44891348
1.2066118,-0.31189004,-0.48133817,1.303044,0.42454463,1.1284002,0.88310385,-0.30058184,-0.48768887,0.7889997,-0.30013096,-0.48100212,0.8483094,1.1821527,-0.63370246,1.2512283,-0.65133166,-0.69511765,0.5988122,0.62317413,-0.66495895,-0.70376,-0.6656494,-0.70341796,-0.6658082,-0.70350933,0.5789763,0.6023432,0.6023028,0.6280673,-0.6522975,-0.6876826,-0.63230735,-0.66235024,-0.6485578,-0.69114465,-0.59071505,-0.6450731,-0.60785794,-0.65642154,-0.6638135,-0.7000882,-0.5990299,-0.62577856,-0.32497722,-0.3849645,-0.6594294,-0.6924485,-0.61566925,-0.6657266,-0.6166105,-0.6660638,-0.4326163,-0.4479557,-0.58649915,-0.5987238
-0.82320243,0.54046786,-0.46931577,-0.701639,-0.8645586,-0.8398783,-0.55361605,0.8730387,-0.47160894,-0.66751814,0.83799106,-0.4723836,-0.63230395,-0.50531733,-0.63370246,-0.7639928,-0.65133166,-0.69511765,0.5988122,0.62317413,-0.66495895,-0.70376,-0.6656494,-0.70341796,-0.6658082,-0.70350933,0.5789763,0.6023432,0.6023028,0.6280673,-0.6522975,-0.6876826,-0.63230735,-0.66235024,-0.6485578,-0.69114465,-0.59071505,-0.6450731,-0.60785794,-0.65642154,-0.6638135,-0.7000882,-0.5990299,-0.62577856,-0.32497722,-0.3849645,-0.6594294,-0.6924485,-0.61566925,-0.6657266,-0.6166105,-0.6660638,-0.4326163,-0.4479557,-0.58649915,-0.5987238
-1.4998071,-0.9507608,-0.3585292,-1.3698667,-0.8645586,-1.4959712,-1.5331979,-0.847086,-0.14216815,-1.7708386,-0.9129835,-0.29484212,-1.7694722,-1.8228648,-0.61603194,-1.4357332,0.16543593,-0.108900756,0.01458189,0.21799624,0.092240065,-0.16489187,0.10492075,-0.15648128,0.10586324,-0.15565526,0.062222317,0.24482387,0.010375119,0.21576597,0.18989715,-0.075849935,0.18323432,-0.086016,0.2933928,-0.018797928,0.8784091,0.4169715,0.6281584,0.24787652,0.09338818,-0.16437247,-0.5990299,-0.57719475,0.69107467,0.3321568,0.04852776,-0.19315621,0.3131897,0.010613927,0.29833904,-0.0010265411,-0.3538381,-0.39333338,-0.07804659,-0.25163203
1.8832164,0.7549716,0.018843465,1.9712716,1.2839468,1.7844931,1.927991,0.78753215,-0.022600885,1.1278746,0.78550935,-0.010057494,1.1654669,1.1427368,0.11112378,1.5870986,0.7115483,0.51268,-0.9122983,-0.58661145,0.8618238,0.5883749,0.83809865,0.5703531,0.8429748,0.5741862,-0.9608108,-0.6005335,-0.9982909,-0.6264786,1.0525335,0.7876072,1.1694245,0.73969334,1.1496141,0.84038717,1.4015725,1.2125363,1.2706647,1.0695462,0.8505898,0.5657438,0.28014058,0.11754629,2.543875,1.597929,0.6496309,0.4218915,0.7507057,0.57083094,0.7477407,0.56680197,0.22528598,0.12052496,0.8316218,0.47111452
0.530007,1.9210966,0.2845849,0.6348163,0.42454463,0.47230738,0.6871875,2.290116,0.71323097,0.7092271,2.2310505,0.6922648,0.9025626,0.80058616,0.11409408,0.579488,-0.06644476,0.080825314,-0.50802076,-0.7606642,0.005765159,0.16597357,0.028682929,0.19319165,0.036373302,0.20259963,-0.5872117,-0.85258573,-0.5045755,-0.7571575,0.3248119,0.554782,0.30427572,0.5181921,0.2438305,0.4473676,0.2699827,0.46721876,0.22156711,0.4134931,0.09338818,0.27071866,0.37131387,0.60048544,0.9899134,1.4150604,-0.040230025,0.10652138,-0.2195585,-0.11582421,-0.22910248,-0.12819077,1.0160758,1.3653365,0.020534195,0.14692096
1.8832164,2.6529133,3.942081,1.9712716,2.143349,2.2616515,2.1239073,3.0245135,4.4979258,1.9497007,2.8612602,4.4089813,2.0883093,1.4445136,1.6732051,1.9229687,2.0057075,2.3916132,-1.0380186,-1.3055873,1.7582952,2.1062076,1.7035367,2.0485592,1.6987009,2.0438087,-0.9224034,-1.1731231,-1.0646505,-1.3359236,1.6494287,2.0124881,1.2805445,1.5874579,1.2508817,1.5635462,0.9321535,1.2229984,0.8573241,1.1283882,1.6077914,1.943858,1.8235734,2.1776924,1.2887521,1.7574556,1.7056788,2.0401711,2.0618734,2.4694836,2.0515437,2.4538763,0.5778504,0.7537396,0.9765275,1.2149572
0.530007,0.8728647,-0.46462736,-0.701639,-0.005156449,0.47230738,0.2953548,1.5555289,-0.46013442,0.3351654,1.5360411,-0.4313829,0.36454183,0.64833415,-0.63370246,0.579488,-0.65133166,-0.6774255,0.5988122,0.6190331,-0.66495895,-0.68693304,-0.6656494,-0.6874754,-0.6658082,-0.6876729,0.5789763,0.59906924,0.6023028,0.62298495,-0.6522975,-0.6755581,-0.63230735,-0.6553629,-0.6485578,-0.6779499,-0.59071505,-0.6246877,-0.60785794,-0.6444525,-0.6638135,-0.6852642,-0.5990299,-0.619578,-0.32497722,-0.3849645,-0.6594294,-0.6770847,-0.61566925,-0.64579064,-0.6166105,-0.6459333,-0.4326163,-0.4479421,-0.58649915,-0.59686226
1.2066118,-0.77473956,-0.48786664,1.303044,0.42454463,1.1284002,0.5565766,-0.7852067,-0.49432877,0.80987203,-0.7752847,-0.49962395,0.7623866,1.2371229,-0.63370246,1.2512283,-0.65133166,-0.69511765,0.5988122,0.62317413,-0.66495895,-0.70376,-0.6656494,-0.70341796,-0.6658082,-0.70350933,0.5789763,0.6023432,0.6023028,0.6280673,-0.6522975,-0.6876826,-0.63230735,-0.66235024,-0.6485578,-0.69114465,-0.59071505,-0.6450731,-0.60785794,-0.65642154,-0.6638135,-0.7000882,-0.5990299,-0.62577856,-0.32497722,-0.3849645,-0.6594294,-0.6924485,-0.61566925,-0.6657266,-0.6166105,-0.6660638,-0.4326163,-0.4479557,-0.58649915,-0.5987238
0.530007,-0.43267214,-0.4830418,0.6348163,-0.005156449,0.47230738,0.23004936,-0.40633065,-0.48913777,0.37483826,-0.3830781,-0.49411765,0.34312943,0.7103435,-0.63370246,0.579488,-0.65133166,-0.69511765,0.5988122,0.62317413,-0.66495895,-0.70376,-0.6656494,-0.70341796,-0.6658082,-0.70350933,0.5789763,0.6023432,0.6023028,0.6280673,-0.6522975,-0.6876826,-0.63230735,-0.66235024,-0.6485578,-0.69114465,-0.59071505,-0.6450731,-0.60785794,-0.65642154,-0.6638135,-0.7000882,-0.5990299,-0.62577856,-0.32497722,-0.3849645,-0.6594294,-0.6924485,-0.61566925,-0.6657266,-0.6166105,-0.6660638,-0.4326163,-0.4479557,-0.58649915,-0.5987238
0.530007,0.7189798,-0.4667979,0.6348163,-0.005156449,0.47230738,-0.03117245,0.7814043,-0.47286445,0.10257727,0.7508563,-0.47819784,0.092063256,0.32775748,-0.63370246,0.579488,-0.65133166,-0.69511765,0.5988122,0.62317413,-0.66495895,-0.70376,-0.6656494,-0.70341796,-0.6658082,-0.70350933,0.5789763,0.6023432,0.6023028,0.6280673,-0.6522975,-0.6876826,-0.63230735,-0.66235024,-0.6485578,-0.69114465,-0.59071505,-0.6450731,-0.60785794,-0.65642154,-0.6638135,-0.7000882,-0.5990299,-0.62577856,-0.32497722,-0.3849645,-0.6594294,-0.6924485,-0.61566925,-0.6657266,-0.6166105,-0.6660638,-0.4326163,-0.4479557,-0.58649915,-0.5987238
1.2066118,-0.28483516,-0.48095658,1.303044,0.42454463,1.1284002,0.81779844,-0.22954635,-0.46573892,0.9469777,-0.22488873,-0.47086784,0.95598686,1.3823434,-0.63370246,1.2512283,-0.65133166,-0.6826666,0.5988122,0.60656965,-0.66495895,-0.6899012,-0.6656494,-0.6886411,-0.6658082,-0.68866795,0.5789763,0.58522356,0.6023028,0.61154217,-0.6522975,-0.67401356,-0.63230735,-0.6495996,-0.6485578,-0.6705692,-0.59071505,-0.6222348,-0.60785794,-0.63476616,-0.6638135,-0.6839115,-0.5990299,-0.60672235,-0.32497722,-0.3247956,-0.6594294,-0.67919177,-0.61566925,-0.6543396,-0.6166105,-0.6548612,-0.4326163,-0.43346706,-0.58649915,-0.58400613
-0.14659771,-0.15716825,-0.47915584,-0.03341135,-0.43485752,-0.18378547,-0.55361605,-0.11492132,-0.48514512,-0.28744164,-0.11861543,-0.49040473,-0.36132768,-0.07553086,-0.63370246,-0.09225239,-0.65133166,-0.69511765,0.5988122,0.62317413,-0.66495895,-0.70376,-0.6656494,-0.70341796,-0.6658082,-0.70350933,0.5789763,0.6023432,0.6023028,0.6280673,-0.6522975,-0.6876826,-0.63230735,-0.66235024,-0.6485578,-0.69114465,-0.59071505,-0.6450731,-0.60785794,-0.65642154,-0.6638135,-0.7000882,-0.5990299,-0.62577856,-0.32497722,-0.3849645,-0.6594294,-0.6924485,-0.61566925,-0.6657266,-0.6166105,-0.6660638,-0.4326163,-0.4479557,-0.58649915,-0.5987238
1.2066118,0.64691025,-0.46781445,1.303044,0.42454463,1.1284002,0.88310385,1.0594548,-0.40976837,0.80573887,0.90411425,-0.4116593,0.9030226,1.2014743,-0.6304703,1.2512283,-0.65133166,-0.64601743,0.5988122,0.5655586,-0.66495895,-0.6499404,-0.6656494,-0.6468093,-0.6658082,-0.64662576,0.5789763,0.5441716,0.6023028,0.5682267,-0.6522975,-0.6284986,-0.63230735,-0.59942025,-0.6485578,-0.6153177,-0.59071505,-0.55745095,-0.60785794,-0.5842366,-0.6638135,-0.6395312,-0.5990299,-0.5468588,-0.32497722,-0.19943446,-0.6594294,-0.64201707,-0.61566925,-0.61609936,-0.6166105,-0.61722744,-0.4326163,-0.40748253,-0.58649915,-0.54896706
0.530007,0.410529,-0.47114855,-0.701639,-0.005156449,0.47230738,-0.0964779,0.22571297,-0.48047805,0.051771384,0.14306906,-0.48639053,-0.01958664,0.30743435,-0.63370246,0.579488,-0.65133166,-0.69511765,0.5988122,0.62317413,-0.66495895,-0.70376,-0.6656494,-0.70341796,-0.6658082,-0.70350933,0.5789763,0.6023432,0.6023028,0.6280673,-0.6522975,-0.6876826,-0.63230735,-0.66235024,-0.6485578,-0.69114465,-0.59071505,-0.6450731,-0.60785794,-0.65642154,-0.6638135,-0.7000882,-0.5990299,-0.62577856,-0.32497722,-0.3849645,-0.6594294,-0.6924485,-0.61566925,-0.6657266,-0.6166105,-0.6660638,-0.4326163,-0.4479557,-0.58649915,-0.5987238
-0.82320243,-0.39962292,0.18102802,-0.701639,-0.005156449,-0.8398783,-0.684227,-0.6191551,-0.34273845,-1.0553701,-0.62428886,-0.40440097,-1.088922,-1.0267267,-0.38800606,-1.0998629,-0.004185033,-0.44984037,-0.1653709,0.32457596,0.07073001,-0.42246756,0.077966645,-0.41814053,0.07821536,-0.41793728,-0.17869677,0.30518577,-0.17543179,0.32419366,0.022275899,-0.42406845,0.2169672,-0.33565056,0.032990072,-0.42115718,-0.14280513,-0.43903878,0.036456157,-0.40075848,0.09338818,-0.40834746,0.00010852704,-0.4383514,-0.26520947,-0.35972905,0.10737913,-0.3999333,-0.04565625,-0.45020232,-0.050149105,-0.45241365,0.07322438,-0.24070933,0.20054437,-0.29479152
-0.14659771,-0.38364148,0.15141724,-0.03341135,0.42454463,-0.004851055,0.5565766,-0.31690115,0.19735914,0.5142346,-0.33072737,0.19008465,0.5353633,0.07499569,1.2416958,-0.09225239,0.6214488,0.7322407,-1.1637391,-1.3332614,0.7827362,0.90933156,0.8160333,0.94808084,0.82322645,0.9562158,-1.1528476,-1.3195813,-1.1150838,-1.2787416,1.1342999,1.3050474,1.012666,1.1683373,1.0475426,1.2166091,1.4713339,1.7197497,1.0700825,1.2629116,0.8505898,0.98731536,0.27362823,0.3348893,0.09339705,0.12887773,0.7942259,0.9215598,0.44844702,0.5418508,0.44365448,0.53554493,1.0596584,1.2142382,1.0098686,1.1455348
0.530007,-0.6302639,0.3304056,0.6348163,-0.005156449,0.47230738,0.75249296,-0.6296171,0.33254758,0.74922174,-0.6232049,0.3483324,0.77625513,-0.09783598,1.9471008,0.579488,1.6987361,1.7340872,-1.7381091,-1.7937939,2.1726365,2.2224774,2.1898997,2.2449605,2.216481,2.2727118,-1.9628944,-2.0260203,-2.1901095,-2.2565148,3.20708,3.2996068,3.0505278,3.1346617,2.8127623,2.9304168,1.1448743,1.2266488,1.871596,2.0090866,2.364993,2.429575,2.3185136,2.3135436,4.695514,5.487899,1.9586021,1.9996351,1.8631282,1.9233313,1.8914276,1.9506246,0.1152452,0.12983109,2.103234,2.138615
-1.4998071,-0.8065428,-0.4883152,-1.3698667,-1.2942597,-1.4959712,-1.0760597,-0.6842092,-0.4626153,-1.1962426,-0.68923503,-0.46807677,-1.1902504,-1.084156,-0.61842424,-1.4357332,-0.65133166,-0.66787916,0.5988122,0.5988275,-0.66495895,-0.67572033,-0.6656494,-0.6754349,-0.6658082,-0.6756206,0.5789763,0.5784977,0.6023028,0.60363364,-0.6522975,-0.66709715,-0.63230735,-0.6387588,-0.6485578,-0.668716,-0.59071505,-0.6216435,-0.60785794,-0.63635534,-0.6638135,-0.6721012,-0.5990299,-0.59644705,-0.32497722,-0.3849645,-0.6594294,-0.664345,-0.61566925,-0.6417314,-0.6166105,-0.641478,-0.4326163,-0.43754628,-0.58649915,-0.56348765
1.2066118,-0.25344396,0.73357415,1.303044,0.42454463,1.1284002,1.9932965,-0.26072168,0.7028611,2.1543205,-0.24689114,0.7401543,2.215402,1.1536971,3.2759848,1.2512283,3.867603,3.857109,-2.1990843,-2.1727722,3.4784515,3.4470158,3.341791,3.311706,3.3122737,3.2824118,-1.9698776,-1.9449784,-2.1715288,-2.1444385,2.0459962,2.023462,2.3937292,2.3661733,2.3867948,2.3778946,1.814716,1.8335009,2.055535,2.080291,3.1221948,3.0917854,5.2295446,5.168164,-0.32497722,-0.3849645,3.3901887,3.3479347,3.766392,3.794561,3.8370407,3.8608904,0.12467314,0.11130559,2.9343584,2.864558
0.530007,0.88722634,-0.4644248,0.6348163,-0.005156449,0.47230738,0.23004936,0.944877,-0.47062466,0.34287873,0.9754063,-0.4705372,0.30065984,0.6971465,-0.63370246,0.579488,-0.65133166,-0.69511765,0.5988122,0.62317413,-0.66495895,-0.70376,-0.6656494,-0.70341796,-0.6658082,-0.70350933,0.5789763,0.6023432,0.6023028,0.6280673,-0.6522975,-0.6876826,-0.63230735,-0.66235024,-0.6485578,-0.69114465,-0.59071505,-0.6450731,-0.60785794,-0.65642154,-0.6638135,-0.7000882,-0.5990299,-0.62577856,-0.32497722,-0.3849645,-0.6594294,-0.6924485,-0.61566925,-0.6657266,-0.6166105,-0.6660638,-0.4326163,-0.4479557,-0.58649915,-0.5987238
1.8832164,1.3694555,1.5144596,1.9712716,1.2839468,2.0230722,1.470853,1.6475708,1.6539131,1.752952,1.6279157,1.7060187,1.6437871,1.9353627,0.1901107,1.9229687,0.5563291,0.65803885,0.45090583,0.4590482,0.2845274,0.35386124,0.20679139,0.26821545,0.1963359,0.25670525,0.523111,0.54034436,0.42445907,0.43062392,-0.08810883,-0.057191975,-0.28108868,-0.27199626,-0.23786089,-0.2300995,-0.43318906,-0.464683,-0.4261297,-0.44841906,0.09338818,0.14261489,0.18896736,0.24112155,-0.32497722,-0.38477746,0.21252887,0.27412033,0.74656516,0.87652797,0.7342855,0.8610892,-0.4326163,-0.4479552,-0.54305947,-0.5514675
-0.14659771,0.21141574,-0.47395703,-0.03341135,-0.43485752,-0.18378547,0.034133,0.44148275,-0.46976256,-0.1062575,0.40635818,-0.4671009,-0.13680018,0.11594479,-0.56202996,-0.09225239,-0.65133166,-0.58688647,0.5988122,0.59139884,-0.66495895,-0.6177473,-0.6656494,-0.61966664,-0.6658082,-0.6203468,0.5789763,0.5828036,0.6023028,0.5983547,-0.6522975,-0.62031996,-0.63230735,-0.61389756,-0.6485578,-0.60861456,-0.59071505,-0.5612013,-0.60785794,-0.5691567,-0.6638135,-0.6242565,-0.5990299,-0.53709584,-0.32497722,-0.3849645,-0.6594294,-0.61412406,-0.61566925,-0.533684,-0.6166105,-0.53327405,-0.4326163,-0.44762197,-0.58649915,-0.58894885
0.530007,-0.41083896,-0.48273388,0.6348163,-0.005156449,0.47230738,0.09943845,-0.29461604,-0.32717466,0.4315467,-0.27465093,-0.34616908,0.43478253,0.3727964,0.11120504,0.579488,-0.65133166,0.10084329,0.5988122,0.06687838,-0.66495895,0.008666923,-0.6656494,0.0052497373,-0.6658082,0.0042617475,0.5789763,0.103163354,0.6023028,0.07189266,-0.6522975,0.01451828,-0.63230735,0.057704035,-0.6485578,0.14502107,-0.59071505,0.50016207,-0.60785794,0.44561473,-0.6638135,-0.017776385,-0.5990299,-0.50346637,-0.32497722,0.2642523,-0.6594294,-0.05404407,-0.61566925,0.23923708,-0.6166105,0.2309615,-0.4326163,-0.40753508,-0.58649915,-0.19400127
-0.14659771,2.2654214,-0.4449855,-0.03341135,-0.43485752,-0.18378547,-0.4883106,2.461804,-0.2585746,-0.36302835,2.5041404,-0.17553616,-0.38896564,-0.17456725,-0.6123653,-0.09225239,-0.65133166,-0.6444253,0.5988122,0.61787885,-0.66495895,-0.66465205,-0.6656494,-0.6676967,-0.6658082,-0.6682273,0.5789763,0.6007864,0.6023028,0.6215033,-0.6522975,-0.665524,-0.63230735,-0.6482547,-0.6485578,-0.6749507,-0.59071505,-0.63750154,-0.60785794,-0.6478718,-0.6638135,-0.66932964,-0.5990299,-0.59715915,-0.32497722,-0.3849645,-0.6594294,-0.6573537,-0.61566925,-0.60766673,-0.6166105,-0.608541,-0.4326163,-0.4479557,-0.58649915,-0.5976175
1.2066118,0.63094324,-0.46803963,1.303044,0.42454463,1.1284002,0.49127117,0.52504134,-0.46684563,0.44941673,0.51893467,-0.4689719,0.5220693,0.64756644,-0.5610653,1.2512283,-0.65133166,-0.6064473,0.5988122,0.5971416,-0.66495895,-0.63329256,-0.6656494,-0.6348032,-0.6658082,-0.6353769,0.5789763,0.586335,0.6023028,0.60372466,-0.6522975,-0.6324945,-0.63230735,-0.6226545,-0.6485578,-0.6235304,-0.59071505,-0.57635957,-0.60785794,-0.5849282,-0.6638135,-0.6379617,-0.5990299,-0.5531236,-0.32497722,-0.3849645,-0.6594294,-0.62827975,-0.61566925,-0.5575483,-0.6166105,-0.5572734,-0.4326163,-0.4476823,-0.58649915,-0.59071547
1.8832164,0.8181135,-0.46539962,1.9712716,0.8542457,1.7844931,1.0137148,0.94291747,-0.4706515,1.3446833,0.9546013,-0.462904,1.303143,1.821161,-0.63370246,1.9229687,-0.65133166,-0.69511765,0.5988122,0.62317413,-0.66495895,-0.70376,-0.6656494,-0.70341796,-0.6658082,-0.70350933,0.5789763,0.6023432,0.6023028,0.6280673,-0.6522975,-0.6876826,-0.63230735,-0.66235024,-0.6485578,-0.69114465,-0.59071505,-0.6450731,-0.60785794,-0.65642154,-0.6638135,-0.7000882,-0.5990299,-0.62577856,-0.32497722,-0.3849645,-0.6594294,-0.6924485,-0.61566925,-0.6657266,-0.6166105,-0.6660638,-0.4326163,-0.4479557,-0.58649915,-0.5987238
-0.14659771,0.06465709,1.824196,-0.03341135,0.8542457,0.35301778,0.6218821,0.21648477,2.099255,0.73553276,0.16482449,2.0347242,0.70128095,0.24734437,1.7374482,-0.09225239,1.1437372,1.3708061,-1.254948,-1.5082018,1.4799676,1.7601012,1.5449831,1.8406693,1.5412067,1.8367541,-1.2087132,-1.4520785,-1.2663839,-1.5178992,1.0566217,1.286765,1.318246,1.5715642,1.4445763,1.7494552,0.9383174,1.2468082,1.2458173,1.5644511,1.6077914,1.9170047,0.7555439,0.89356416,-0.32497722,-0.38349625,1.7800895,2.1078444,0.94531053,1.1547364,1.0356807,1.2545037,0.42596224,0.55520964,2.3536134,2.7176056
1.2066118,4.9404516,-0.40725455,1.303044,0.42454463,1.1284002,0.81779844,5.3625064,-0.41009805,0.8881927,5.3383923,-0.36862633,0.92132485,1.2955955,-0.63370246,1.2512283,-0.65133166,-0.69511765,0.5988122,0.62317413,-0.66495895,-0.70376,-0.6656494,-0.70341796,-0.6658082,-0.70350933,0.5789763,0.6023432,0.6023028,0.6280673,-0.6522975,-0.6876826,-0.63230735,-0.66235024,-0.6485578,-0.69114465,-0.59071505,-0.6450731,-0.60785794,-0.65642154,-0.6638135,-0.7000882,-0.5990299,-0.62577856,-0.32497722,-0.3849645,-0.6594294,-0.6924485,-0.61566925,-0.6657266,-0.6166105,-0.6660638,-0.4326163,-0.4479557,-0.58649915,-0.5987238
-1.4998071,-0.89858836,-0.48961347,-1.3698667,-1.2942597,-1.4959712,-1.4025869,-0.8957305,-0.44217008,-1.3595135,-0.8940153,-0.42241225,-1.2929527,-1.3883605,-0.49963233,-1.4357332,-0.65133166,-0.5843821,0.5988122,0.3865176,-0.66495895,-0.5673767,-0.6656494,-0.5540508,-0.6658082,-0.5525341,0.5789763,0.3534702,0.6023028,0.39288205,-0.6522975,-0.5120845,-0.63230735,-0.47156426,-0.6485578,-0.46949172,-0.59071505,-0.40538937,-0.60785794,-0.43581256,-0.6638135,-0.52946365,-0.5990299,-0.4218693,-0.32497722,0.2496706,-0.6594294,-0.55432284,-0.61566925,-0.58860666,-0.6166105,-0.5915989,-0.4326163,-0.12861612,-0.58649915,-0.4589195
-0.14659771,-0.61961955,0.24098125,-0.03341135,2.143349,-0.18378547,0.88310385,-0.5857062,0.27439824,0.75058055,-0.58625644,0.29158208,0.75814235,0.03432026,2.0091276,-0.09225239,1.2901082,1.4813838,-1.6937371,-1.9263734,1.5421079,1.7568003,1.5651988,1.7840022,1.5662626,1.7854059,-1.6940429,-1.9257267,-1.7309009,-1.9672608,1.3714226,1.5751951,1.9155163,2.1753948,1.3960856,1.6095454,0.7530147,0.8958045,1.3250842,1.5539232,1.6077914,1.8318454,1.1983854,1.3626385,-0.14567396,-0.16595322,1.6409962,1.8618042,1.0943698,1.271309,1.0827738,1.2562695,1.0849056,1.2468351,1.7746315,1.9859549
-0.82320243,-0.24300395,-0.48036653,-0.701639,-0.8645586,-0.8398783,-0.55361605,-0.11572767,-0.48515618,-0.5924123,-0.114337586,-0.4895733,-0.54580903,-0.3853121,-0.63370246,-0.7639928,-0.65133166,-0.69511765,0.5988122,0.62317413,-0.66495895,-0.70376,-0.6656494,-0.70341796,-0.6658082,-0.70350933,0.5789763,0.6023432,0.6023028,0.6280673,-0.6522975,-0.6876826,-0.63230735,-0.66235024,-0.6485578,-0.69114465,-0.59071505,-0.6450731,-0.60785794,-0.65642154,-0.6638135,-0.7000882,-0.5990299,-0.62577856,-0.32497722,-0.3849645,-0.6594294,-0.6924485,-0.61566925,-0.6657266,-0.6166105,-0.6660638,-0.4326163,-0.4479557,-0.58649915,-0.5987238
-0.82320243,-0.69158214,-0.4866937,-0.701639,-0.8645586,-0.8398783,-1.1413652,-0.72195345,-0.49346215,-0.9679659,-0.72806126,-0.498961,-1.036251,-0.87973106,-0.63370246,-0.7639928,-0.65133166,-0.69511765,0.5988122,0.62317413,-0.66495895,-0.70376,-0.6656494,-0.70341796,-0.6658082,-0.70350933,0.5789763,0.6023432,0.6023028,0.6280673,-0.6522975,-0.6876826,-0.63230735,-0.66235024,-0.6485578,-0.69114465,-0.59071505,-0.6450731,-0.60785794,-0.65642154,-0.6638135,-0.7000882,-0.5990299,-0.62577856,-0.32497722,-0.3849645,-0.6594294,-0.6924485,-0.61566925,-0.6657266,-0.6166105,-0.6660638,-0.4326163,-0.4479557,-0.58649915,-0.5987238
-0.82320243,-0.85949224,-0.3443531,-0.701639,-0.43485752,-0.8398783,-0.8148379,-0.865862,-0.17917515,0.026299942,-0.84981686,-0.21615265,-0.2668605,-0.3804345,1.1963866,-0.7639928,-0.18658161,0.66312927,-0.33053306,-0.943128,-0.023132248,0.74165285,0.030400606,0.7936706,0.03390473,0.796393,-0.34629261,-0.8968695,-0.29222474,-0.9026101,0.042717546,0.80323756,0.13958001,0.92437583,0.12461326,1.0331262,0.31161073,1.5719497,-0.006529679,1.193015,0.09338818,0.8304938,-0.3189978,-0.2053053,-0.26520947,0.39844513,0.11255435,0.8018562,-0.3575762,0.6019753,-0.35288978,0.5983811,0.75981534,0.8241853,0.35090008,0.79358727
1.2066118,1.0259348,-0.46246833,1.303044,0.42454463,1.1284002,1.0137148,0.3542026,-0.46071264,0.53645486,0.49043256,-0.45647258,0.67880535,0.78874695,-0.55147094,1.2512283,-0.65133166,-0.37535453,0.5988122,0.5140531,-0.66495895,-0.4088704,-0.6656494,-0.4258704,-0.6658082,-0.42757466,0.5789763,0.5042362,0.6023028,0.50372493,-0.6522975,-0.46289763,-0.63230735,-0.51134986,-0.6485578,-0.4436537,-0.59071505,-0.38613367,-0.60785794,-0.45895928,-0.6638135,-0.44201285,-0.5990299,-0.40311822,-0.32497722,-0.20355108,-0.6594294,-0.43345436,-0.61566925,-0.33079907,-0.6166105,-0.32846925,-0.4326163,-0.356663,-0.58649915,-0.5489256
-0.14659771,-0.16949806,-0.23736866,-0.03341135,-0.43485752,-0.18378547,-0.35769972,-0.12257923,-0.23967724,-0.11962403,-0.15235098,-0.24813148,-0.20113964,-0.20016824,0.14465962,-0.09225239,0.2524553,0.24225312,0.039232958,0.04744743,0.16372314,0.15094605,0.1358387,0.123355515,0.12980825,0.11725071,0.06920547,0.07781204,0.04753649,0.0571674,-0.11263875,-0.12941793,-0.027100055,-0.03873259,-0.041487265,-0.05918414,-0.10962886,-0.1346981,-0.075179346,-0.09289203,0.09338818,0.08071461,0.566685,0.5672798,-0.32497722,-0.3849645,0.1504942,0.13952607,0.26074296,0.2527125,0.27411973,0.266103,-0.3211584,-0.33279556,0.117672354,0.114417
-0.14659771,0.2694127,1.8798333,-0.03341135,0.42454463,0.05479375,-0.0964779,0.40647197,2.1200023,-0.20673661,0.4022953,2.1288958,-0.17662571,-0.65281355,0.72767675,-0.09225239,1.3937091,1.6674126,-0.15058024,-0.24178927,1.1023457,1.3283005,1.0040513,1.2169032,0.99454427,1.206281,-0.025067165,-0.096439414,-0.17808624,-0.27236652,0.8522055,1.0529851,0.44714436,0.58219737,0.67060167,0.84559625,0.7341945,0.9341392,0.7226127,0.92482626,0.8505898,1.041456,0.7685687,0.9292654,-0.20544171,-0.23280112,0.9234451,1.1189301,1.64368,1.9708252,1.6357799,1.9587688,-0.27118456,-0.26006514,0.00658861,0.076680236
1.2066118,0.48221874,-0.47013736,0.6348163,0.42454463,1.1284002,0.49127117,0.66630596,-0.37206385,0.8005592,0.6368321,-0.33233503,0.8305882,1.06311,-0.45559973,1.2512283,-0.65133166,-0.52378213,0.5988122,0.2629953,-0.66495895,-0.4941794,-0.6656494,-0.47516814,-0.6658082,-0.4727729,0.5789763,0.22401,0.6023028,0.26990604,-0.6522975,-0.41185638,-0.63230735,-0.3680562,-0.6485578,-0.35538295,-0.59071505,-0.28394744,-0.60785794,-0.32133377,-0.6638135,-0.44085985,-0.5990299,-0.314742,-0.32497722,0.5436573,-0.6594294,-0.4822071,-0.61566925,-0.5448843,-0.6166105,-0.549178,-0.4326163,0.029314365,-0.58649915,-0.38596824
-0.14659771,2.5969305,-0.44030964,-0.03341135,-0.43485752,-0.18378547,-0.55361605,2.591654,-0.29313514,-0.25480053,2.658618,-0.24161121,-0.31887537,-0.03447623,-0.6164193,-0.09225239,-0.65133166,-0.65405655,0.5988122,0.6188849,-0.66495895,-0.67208236,-0.6656494,-0.67448354,-0.6658082,-0.6749307,0.5789763,0.60108215,0.6023028,0.6227504,-0.6522975,-0.66973406,-0.63230735,-0.6509328,-0.6485578,-0.6780275,-0.59071505,-0.63894004,-0.60785794,-0.64949614,-0.6638135,-0.6751736,-0.5990299,-0.60259664,-0.32497722,-0.3849645,-0.6594294,-0.66402155,-0.61566925,-0.61869776,-0.6166105,-0.61947006,-0.4326163,-0.4479557,-0.58649915,-0.59782773
1.2066118,-0.7660636,0.038492795,1.303044,0.42454463,1.1284002,1.8626857,-0.71839315,0.14717814,1.8993182,-0.7152046,0.15180577,1.8822689,0.97279555,2.9533858,0.9153582,4.260368,4.32128,-1.5581563,-1.5619283,3.6120746,3.6405964,3.4699552,3.4978452,3.4566846,3.4847028,-1.0969825,-1.0958008,-1.5079328,-1.5105269,3.5791173,3.6260698,2.3937292,2.4095185,3.765161,3.833957,4.9109144,5.104604,5.274537,5.472906,3.1221948,3.1446657,3.8945081,3.9005935,0.5715391,0.6035854,3.0551214,3.065186,5.2914867,5.429703,5.209465,5.337821,-0.3308177,-0.34414598,0.57082355,0.55674225
1.2066118,-0.8702755,-0.48921415,1.303044,0.42454463,1.1284002,1.0137148,-0.8689078,-0.4857826,1.098016,-0.8556791,-0.47340626,1.1098744,1.5492831,-0.55249274,1.2512283,-0.65133166,-0.56770384,0.5988122,0.5963654,-0.66495895,-0.59759384,-0.6656494,-0.60483795,-0.6658082,-0.6057885,0.5789763,0.5837594,0.6023028,0.59919375,-0.6522975,-0.61349195,-0.63230735,-0.63062125,-0.6485578,-0.6417199,-0.59071505,-0.6202943,-0.60785794,-0.6280095,-0.6638135,-0.6122871,-0.5990299,-0.53434044,-0.32497722,-0.3849645,-0.6594294,-0.5931807,-0.61566925,-0.5276427,-0.6166105,-0.5284652,-0.4326163,-0.44774738,-0.58649915,-0.57187134
-1.4998071,-0.88435286,-0.48941267,-1.3698667,-1.2942597,-1.4959712,-1.4025869,-0.88637984,-0.495715,-1.3524716,-0.87066907,-0.5009631,-1.3630636,-1.2817755,-0.63370246,-1.4357332,-0.65133166,-0.69511765,0.5988122,0.62317413,-0.66495895,-0.70376,-0.6656494,-0.70341796,-0.6658082,-0.70350933,0.5789763,0.6023432,0.6023028,0.6280673,-0.6522975,-0.6876826,-0.63230735,-0.66235024,-0.6485578,-0.69114465,-0.59071505,-0.6450731,-0.60785794,-0.65642154,-0.6638135,-0.7000882,-0.5990299,-0.62577856,-0.32497722,-0.3849645,-0.6594294,-0.6924485,-0.61566925,-0.6657266,-0.6166105,-0.6660638,-0.4326163,-0.4479557,-0.58649915,-0.5987238
1.2066118,2.6937404,-0.43894413,0.6348163,0.42454463,1.1284002,0.2953548,2.789127,-0.4453563,0.7051081,2.8579595,-0.27015188,0.7135752,1.1368474,-0.63370246,1.2512283,-0.65133166,-0.69511765,0.5988122,0.62317413,-0.66495895,-0.70376,-0.6656494,-0.70341796,-0.6658082,-0.70350933,0.5789763,0.6023432,0.6023028,0.6280673,-0.6522975,-0.6876826,-0.63230735,-0.66235024,-0.6485578,-0.69114465,-0.59071505,-0.6450731,-0.60785794,-0.65642154,-0.6638135,-0.7000882,-0.5990299,-0.62577856,-0.32497722,-0.3849645,-0.6594294,-0.6924485,-0.61566925,-0.6657266,-0.6166105,-0.6660638,-0.4326163,-0.4479557,-0.58649915,-0.5987238
-0.14659771,-0.5574011,-0.4848011,-0.03341135,-0.43485752,-0.18378547,-0.16178335,-0.5005312,-0.47252423,-0.10934341,-0.506476,-0.47649813,-0.18155771,0.1777974,-0.63370246,-0.09225239,-0.65133166,-0.6844904,0.5988122,0.60900176,-0.66495895,-0.6919311,-0.6656494,-0.6908055,-0.6658082,-0.6908418,0.5789763,0.5877311,0.6023028,0.61396265,-0.6522975,-0.67601573,-0.63230735,-0.6514672,-0.6485578,-0.6735829,-0.59071505,-0.62558,-0.60785794,-0.637938,-0.6638135,-0.68628097,-0.5990299,-0.6095136,-0.32497722,-0.33360866,-0.6594294,-0.6811335,-0.61566925,-0.65600747,-0.6166105,-0.6565021,-0.4326163,-0.4355892,-0.58649915,-0.58616185
-0.14659771,-0.715851,-0.487036,-0.03341135,-0.43485752,-0.18378547,-0.22708881,-0.7088366,-0.49328247,-0.2095601,-0.70224065,-0.4985985,-0.2002012,0.039107025,-0.63370246,-0.09225239,-0.65133166,-0.69511765,0.5988122,0.62317413,-0.66495895,-0.70376,-0.6656494,-0.70341796,-0.6658082,-0.70350933,0.5789763,0.6023432,0.6023028,0.6280673,-0.6522975,-0.6876826,-0.63230735,-0.66235024,-0.6485578,-0.69114465,-0.59071505,-0.6450731,-0.60785794,-0.65642154,-0.6638135,-0.7000882,-0.5990299,-0.62577856,-0.32497722,-0.3849645,-0.6594294,-0.6924485,-0.61566925,-0.6657266,-0.6166105,-0.6660638,-0.4326163,-0.4479557,-0.58649915,-0.5987238
0.530007,-0.4234575,-0.48291183,-0.701639,-0.005156449,0.47230738,0.49127117,-0.35590622,-0.44599277,0.33027378,-0.36195862,-0.44125614,0.32606226,0.6573263,-0.5428149,0.579488,-0.65133166,-0.5400906,0.5988122,0.56329435,-0.66495895,-0.5740007,-0.6656494,-0.5722219,-0.6658082,-0.5722448,0.5789763,0.5601817,0.6023028,0.5721182,-0.6522975,-0.5393478,-0.63230735,-0.5877253,-0.6485578,-0.53313744,-0.59071505,-0.44989318,-0.60785794,-0.42637745,-0.6638135,-0.5750796,-0.5990299,-0.55050915,-0.32497722,-0.28512296,-0.6594294,-0.5713026,-0.61566925,-0.46697286,-0.6166105,-0.4693355,-0.4326163,-0.44697726,-0.58649915,-0.56655085
0.530007,0.09717169,-0.4755684,-0.03341135,-0.005156449,0.47230738,0.1647439,0.23577815,-0.4231614,0.051592786,0.24068607,-0.43614948,0.10155868,0.29948565,-0.63192993,0.579488,-0.65133166,-0.65697336,0.5988122,0.57406956,-0.66495895,-0.6624559,-0.6656494,-0.65994483,-0.6658082,-0.6598385,0.5789763,0.55227256,0.6023028,0.5784946,-0.6522975,-0.6440561,-0.63230735,-0.6170101,-0.6485578,-0.6324643,-0.59071505,-0.5779115,-0.60785794,-0.5959579,-0.6638135,-0.65333647,-0.5990299,-0.5703427,-0.32497722,-0.22574942,-0.6594294,-0.6538143,-0.61566925,-0.6296998,-0.6166105,-0.63053787,-0.4326163,-0.4111128,-0.58649915,-0.5569328
