scenario_id,num_closed_nodes,closed_node_ids,delta_vht_proxy,connectivity_loss_pct,disconnected_od_pct,disruption_score,pred_delta_vht_proxy,ridge_delta_vht_proxy,pred_connectivity_loss_pct,ridge_connectivity_loss_pct,pred_disconnected_od_pct,ridge_disconnected_od_pct,pred_disruption_score,ridge_disruption_score,split
scenario_0000,2,23_1028;39_B411,0.0,0.000611238124443525,0.0,0.0,-3.16368e+07,-1.1275424e+08,0.0008485897,0.00055505533,0.0003704829,-0.00066351984,4.536576e+07,-1.3687405e+08,train
scenario_0001,3,17_0660;22_0709;26_0159,0.0,2.4719712286347395e-05,0.0,0.0,1.794567e+08,5.467259e+08,6.5115746e-06,0.00017526047,0.0020668386,0.007323011,1.5015827e+08,5.875766e+08,train
scenario_0002,2,20_4052;20_7085,0.0,0.00036560530835849647,0.0,0.0,-2.7380365e+08,-6.903563e+08,0.0009478639,0.0003305131,-0.0029588928,-0.005575802,-3.9224045e+08,-8.477099e+08,train
scenario_0003,1,55_6354,0.0,0.0008650110782802978,0.0,0.0,1.3043584e+08,6.2864e+06,0.0009601773,0.0011008688,0.0014356468,0.0010957164,1.3715936e+08,-2.602816e+07,train
scenario_0004,5,4_1007;4_7079;4_7614;4_B959;4_B960,120165187.40179935,0.006533199358851216,0.0,120950250.52708903,2.7613568e+07,9.9356794e+08,0.005866858,0.0076675643,-0.00093220547,0.001747523,3.900659e+07,1.05738355e+09,train
scenario_0005,2,40_B350;40_B360,0.0,0.0002735224177656814,0.0,0.0,1.5045875e+08,-4.4067603e+08,0.00044652005,-0.00019940198,0.0008798349,-0.0049256645,2.649856e+07,-5.4438816e+08,val
scenario_0006,6,12_3811;12_4057;19_0606;27_0701;31_B410;56_2037,4543365.446115179,0.0084066982440123,0.0,4581560.148432941,5.8376924e+09,4.5862333e+09,0.011898408,0.01104407,0.0728386,0.04911208,7.1127455e+09,5.3487124e+09,train
scenario_0007,1,21_A430,0.0,0.002900938302596634,0.0,0.0,2.2103232e+07,2.8584822e+08,0.0019457997,0.0027572815,-9.029126e-05,0.0028125276,-6.441056e+07,2.6452035e+08,val
scenario_0008,6,16_3023;20_B410;27_4037;32_A350;42_3044;54_4003,941298.3609773102,0.007691070240770981,0.0,948537.9527891092,1.0703984e+09,1.7741763e+09,0.0074480628,0.008822184,0.015926905,0.02124068,1.2051809e+09,2.0103373e+09,train
scenario_0009,3,12_A351;4_0219;6_0203,2629178231.917954,0.0004008377872124491,0.024910401544935974,2695725991.3929043,1.4778798e+09,1.7709453e+09,0.0012850474,0.00023181667,0.014769528,0.01887833,1.5900966e+09,1.9371832e+09,val
scenario_0010,2,27_4054;27_6300,524343079.87078345,0.0023639427199270147,0.0,525582596.877188,-2.1801792e+08,4.6066253e+08,0.0024973426,0.0035482915,-0.0009352416,0.00726452,-1.643806e+08,5.412654e+08,val
scenario_0011,3,39_0212;39_0260;39_0901,0.0,2.5190703282440552e-05,0.0,0.0,1.6426413e+08,5.6756563e+08,0.00015746779,0.00012169685,0.0018408289,0.0066709267,1.6073165e+08,6.287192e+08,train
scenario_0012,6,13_7028;48_0167;49_E443;51_0114;6_0207;8_0217,2628935616.6856127,0.004405207868632188,0.02490973684588928,2706002718.946788,2.692395e+09,4.1751089e+09,0.004000464,0.0063112956,0.029127317,0.042894136,3.0321907e+09,4.870654e+09,train
scenario_0013,4,10_5004;29_5473;48_3779;6_0207,3071056725.8146296,0.005813399767511163,0.032483702301620426,3188669298.7032456,4.0325796e+09,4.1051973e+09,0.010608979,0.009136304,0.04585099,0.04706429,4.5954196e+09,4.7699487e+09,train
scenario_0014,5,48_1092;48_1094;48_A320;48_A330;48_K351,0.0,0.0013597156952360745,0.0,0.0,-3.416652e+08,1.9274486e+08,0.0013464572,0.0023565902,-0.003008821,0.006842363,-3.9557792e+08,2.9533962e+08,train
scenario_0015,2,36_A350;48_5335,0.0,0.002586474140194528,0.0,0.0,1.0212122e+09,6.589123e+08,0.002412865,0.0030770735,0.009120877,0.0073045697,1.0492558e+09,7.315111e+08,test
scenario_0016,3,27_1004;27_2018;27_3012,0.0,0.005320646211238511,0.0,0.0,1.7979402e+08,-1.869966e+08,0.0041308776,0.005516899,0.0041268384,0.0008108625,2.551288e+08,-3.412436e+08,val
scenario_0017,3,36_B352;4_B903;8_A310,0.0,0.0020652552940844116,0.0,0.0,7.161978e+08,-3.1918227e+08,0.0021560858,0.001806279,0.0067204013,-0.0016049081,7.411817e+08,-3.672308e+08,train
scenario_0018,1,24_2805,0.0,0.0005408407154765538,0.0,0.0,-3.6170528e+08,-6.208071e+08,0.00078590354,0.0005260507,-0.0029155249,-0.0042547407,-4.7648672e+08,-7.085264e+08,train
scenario_0019,4,37_1028;37_1030;51_2564;51_5008,0.0,0.00363789079322685,0.0,0.0,1.9000429e+08,1.6884046e+09,0.0021241226,0.0025484147,0.004691411,0.024624322,3.3760352e+08,1.9296253e+09,train
scenario_0020,2,24_A320;24_A340,0.0,0.0,0.0,0.0,2.62037e+08,1.7999222e+09,0.00053811516,0.0013963776,0.0023117638,0.023412546,1.9214925e+08,2.1056202e+09,train
scenario_0021,3,19_0607;55_0903;6_A351,2500770987.777299,3.347345061888163e-05,0.05111769867409494,2628688355.017586,5.440912e+08,8.3685914e+08,0.0005336313,0.00043431518,0.004697525,0.010217644,5.633131e+08,8.85167e+08,train
scenario_0022,4,4_AA03;53_0201;6_0212;8_A340,2628553183.4855742,0.003882642140072945,0.024910401544935974,2704237230.126044,1.2443374e+09,1.00214125e+09,0.0047988826,0.003962489,0.011196334,0.00942019,1.3463002e+09,9.56947e+08,train
scenario_0023,3,31_7050;36_B310;4_BA02,0.0,0.005672065040225438,0.0,0.0,1.7873887e+09,1.01395526e+09,0.0071580927,0.007556434,0.01821908,0.01294674,1.7595756e+09,1.1625938e+09,test
scenario_0024,2,47_3075;47_B310,0.0,0.00014564823440299524,0.0,0.0,-1.440146e+08,-3.9543277e+08,0.00058823626,0.000106010586,-0.00078866165,-0.0048292493,-9.038733e+07,-4.777653e+08,train
scenario_0025,1,48_5278,0.0,0.00025623391790041694,0.0,0.0,1.5441693e+08,6.4801734e+08,4.952005e-05,0.00043033133,0.0010669925,0.0082034385,1.3313024e+08,7.709199e+08,train
scenario_0026,1,9_4020,0.0,0.000944876418886853,0.0,0.0,1.1319411e+08,8.324992e+07,0.0010574682,0.00113705,0.0015397733,0.0028081564,1.9815622e+08,1.2505293e+08,train
scenario_0027,2,39_A412;39_A430,0.0,0.001986018161501235,0.0,0.0,5.2390912e+08,-1.03588755e+09,0.0028848874,0.0017593184,0.005763871,-0.0075962795,5.0506496e+08,-1.3169787e+09,train
scenario_0028,1,21_6040,0.0,0.0004007111682781117,0.0,0.0,-1.1410771e+08,2.2110464e+07,0.0004400825,0.00021115784,-0.000551654,0.000932734,-1.7215526e+08,-1.550784e+06,val
scenario_0029,3,28_0507;28_0509;28_1016,0.0,0.0001358509685257525,0.0,0.0,8.299987e+07,3.232096e+08,0.0009838409,0.00021963194,0.0012804456,0.00379342,1.3105421e+08,3.7078227e+08,test
scenario_0030,4,48_3769;48_L310;48_L330;48_L350,0.0,0.0014403267573709355,0.0,0.0,2.0083994e+08,1.8670833e+09,0.0010758522,0.0020372241,0.0033347541,0.024746476,1.3926918e+08,2.2058435e+09,test
scenario_0031,3,27_1004;27_1019;27_D340,0.0,0.0016539049531731909,0.0,0.0,5.9954944e+07,-1.05552966e+09,0.0023819965,0.0010137672,0.0019880724,-0.008434517,1.4735776e+08,-1.3185428e+09,train
scenario_0032,2,26_0213;42_A310,0.0,0.0004847541462665861,0.0,0.0,1.7377706e+08,4.9398144e+07,0.00091056817,0.00026926538,0.0021850052,-0.0010305298,2.1825213e+08,2.167424e+06,test
scenario_0033,2,46_0601;46_0859,0.0,2.1226462917356415e-06,0.0,0.0,4.676243e+07,7.190426e+07,0.00018267496,-0.00024088565,0.001407173,0.0033789435,1.2511846e+08,4.511821e+07,train
scenario_0034,2,18_A901;18_A960,31048862.284847423,0.007005762019939077,0.0,31266383.225004926,8.111433e+08,5.459757e+08,0.0067061647,0.0073581,0.0053123096,0.006652358,6.496577e+08,4.7389197e+08,train
scenario_0035,5,49_D410;49_D431;49_D441;49_D446;49_D451,0.0,0.002361830519833741,0.0,0.0,2.6502195e+08,1.3425935e+09,0.002697791,0.00229226,0.005416276,0.0148726795,4.509724e+08,1.6108283e+09,train
scenario_0036,5,24_0501;24_0502;24_0508;24_0559;24_0962,0.0,1.7349812861944258e-05,0.0,0.0,-8.634502e+07,2.0595568e+08,8.688588e-05,0.00015194388,-0.00040214416,0.002741517,-6.898515e+07,2.6823888e+08,val
scenario_0037,1,6_0507,0.0,9.325406310267681e-06,0.0,0.0,8.867584e+06,5.2049984e+07,0.00012015551,1.6537961e-06,0.001070871,1.2610108e-06,2.5417152e+07,4.865107e+07,train
scenario_0038,5,8_0214;8_0219;8_0220;8_0259;8_0504,0.0,3.652039515777972e-05,0.0,0.0,4.604179e+07,6.601608e+08,-8.279085e-05,6.1202096e-05,0.00050846906,0.0066246088,1.3733248e+07,7.554937e+08,train
scenario_0039,3,39_0211;49_D410;4_0606,0.0,0.0005206902859249407,0.0,0.0,4.754098e+08,4.796105e+08,0.00096031104,0.00035988563,0.0041999556,0.005026115,4.8019846e+08,5.3473965e+08,val
scenario_0040,2,4_0604;4_0606,0.0,2.071994087526896e-05,0.0,0.0,1.3716144e+08,1.6331584e+08,0.00018464844,-0.00022881548,0.0018692915,0.0012772861,1.2646061e+08,1.4416051e+08,train
scenario_0041,3,29_0959;4_0216;6_B443,0.0,0.000485049256815584,0.0,0.0,1.01579014e+09,1.1782413e+09,0.00072788075,0.00011513103,0.009721614,0.010627348,1.0843145e+09,1.2505002e+09,val
scenario_0042,4,18_0905;28_A410;40_0560;4_0668,0.0,0.00012629508195394212,0.0,0.0,7.0929005e+08,7.8965216e+08,0.000823595,0.00016122567,0.0070892805,0.007907979,7.4578214e+08,7.608304e+08,val
scenario_0043,2,48_2108;48_4146,0.0,0.0008282893829598681,0.0,0.0,1.8744832e+07,-6.934087e+08,0.00033059157,0.0007753683,-0.00013615564,-0.005520626,-6.326995e+07,-7.748793e+08,test
scenario_0044,1,1_0105,0.0,3.6148692799109483e-06,0.0,0.0,-2.5491008e+07,-4.8729536e+07,0.00010185153,-6.547826e-05,0.0006179428,-0.0012703817,-2.9712e+07,-6.320813e+07,test
scenario_0045,1,48_0167,0.0,8.096662302392588e-06,0.0,0.0,-2.0561728e+07,7.622163e+07,7.337169e-05,-0.00014314777,0.00090277055,0.00026257662,-1.5574784e+07,6.3641664e+07,train
scenario_0046,1,47_3109,0.0,0.0005423955110618328,0.0,0.0,-3.0529766e+08,4.655635e+07,0.0005831565,0.00077155407,-0.0028317142,0.001025355,-4.3848262e+08,4.4243776e+07,train
scenario_0047,2,29_7073;29_A411,0.0,0.0009516986856740184,0.0,0.0,-1.5439571e+08,-1.3902525e+09,0.0015741532,8.344161e-05,-0.0019737016,-0.015006708,-3.3019622e+08,-1.6789012e+09,train
scenario_0048,1,37_0207,0.0,8.604761146946416e-06,0.0,0.0,-2.1793216e+07,-6.377619e+07,8.715456e-05,-0.00019594189,0.0008599572,-0.0016661137,-1.3967808e+07,-9.553587e+07,train
scenario_0049,1,6_A412,0.0,0.0002492191840032243,0.0,0.0,2.994846e+08,6.316048e+08,9.7264536e-05,0.00018629665,0.0019602454,0.0049525495,2.6783146e+08,7.3264966e+08,test
scenario_0050,4,32_2027;32_A454;32_A461;32_B320,0.0,0.001768827824130681,0.0,0.0,3.7572022e+08,1.6736096e+08,0.0028116335,0.0018734918,0.005254231,0.0006467947,4.7371782e+08,2.0822205e+08,train
scenario_0051,2,5_3011;5_A410,0.0,0.0013695568632087207,0.0,0.0,1.0119117e+08,-1.9617626e+08,0.0013176602,0.0016268992,0.00044996943,-0.00079350825,1.2487488e+07,-2.286382e+08,test
scenario_0052,4,34_0501;34_0505;34_0559;34_0903,0.0,1.6660859397554795e-05,0.0,0.0,4.8579466e+08,1.5212568e+09,0.00045761245,0.00038171862,0.0053669196,0.013209326,6.054646e+08,1.763843e+09,train
scenario_0053,4,41_5021;49_3010;6_8149;6_8150,3281944875.9357653,0.008711368764239169,0.029007928870947313,3405737531.533461,5.246507e+09,4.085658e+09,0.013832701,0.012157533,0.058843505,0.039830483,6.037592e+09,4.604254e+09,train
scenario_0054,5,13_0561;36_B340;39_0106;4_A447;55_B902,406793857.23733556,0.0020244372468418703,0.00829198527642251,410990514.5484644,1.2287923e+09,1.3921846e+09,0.002619689,0.0035198517,0.014588101,0.021371549,1.4682569e+09,1.5401564e+09,train
scenario_0055,2,35_1002;35_1003,0.0,0.0006504204477921771,0.0,0.0,2.593039e+08,1.4142141e+09,0.00032260898,0.0011939676,0.0028948602,0.018016938,2.3107882e+08,1.6500498e+09,train
scenario_0056,4,28_0502;28_0507;28_0560;28_1016,0.0,0.0001423880275055467,0.0,0.0,1.3616768e+08,4.506861e+08,0.0008858623,2.6972732e-05,0.0015951702,0.004594269,1.9058694e+08,5.352824e+08,test
scenario_0057,1,8_0218,0.0,8.990759659877057e-06,0.0,0.0,6.879206e+07,2.605742e+08,0.00020005135,0.00014206185,0.0014446545,0.0029354477,1.0226995e+08,2.934685e+08,train
scenario_0058,5,12_4057;1_0101;32_0106;42_0662;48_A808,0.0,0.004085919484490108,0.0,0.0,1.9671073e+09,2.3460936e+09,0.003543884,0.0049757687,0.019350482,0.023674188,2.3124685e+09,2.734345e+09,test
scenario_0059,5,1_0161;26_A321;28_3094;39_0903;4_0221,3791382506.538663,0.026139379822411657,0.04203209928252147,4049846659.861972,1.2029194e+09,6.46803e+08,0.0011808483,0.0013885458,0.011722913,0.010183486,1.3011726e+09,6.252798e+08,test
scenario_0060,1,36_B352,0.0,3.6920904925352716e-05,0.0,0.0,-2.9454848e+07,-9.394662e+07,0.000518027,0.00034771184,0.00029778713,0.0011158283,5.0646976e+07,-1.0411123e+08,train
scenario_0061,1,29_0808,0.0,1.901009072380333e-08,0.0,0.0,-6.795309e+07,-5.3764096e+07,3.3861957e-05,-0.00021555996,0.00021466706,-0.0013423814,-9.327712e+07,-6.2359616e+07,train
scenario_0062,3,46_0607;46_0608;46_0660,0.0,5.656393174957586e-06,0.0,0.0,-5.522592e+07,-1.3491667e+08,-2.104044e-05,-0.00026568444,0.0002326346,0.0014370158,2.241504e+07,-1.9665389e+08,train
scenario_0063,1,4_A443,0.0,0.0,0.0,0.0,3.710027e+08,2.7898688e+07,0.00042214,-5.688425e-05,0.0026362566,-8.7022316e-05,3.6631933e+08,4.0570304e+07,test
scenario_0064,2,30_0122;30_0123,0.0,4.107929288843515e-06,0.0,0.0,1.2334778e+08,-7.233408e+06,0.00036532152,0.00018969947,0.0015052008,0.0007019276,1.6513018e+08,5.689152e+06,train
scenario_0065,2,1_0104;6_8151,0.0,0.0013015706093414403,0.0,0.0,6.678274e+08,8.063529e+08,0.0014643309,0.0020194834,0.0065529128,0.0041450774,8.4583674e+08,8.8384934e+08,test
scenario_0066,4,29_0502;29_0601;29_0602;29_0662,0.0,2.3333763624955317e-05,0.0,0.0,-4.5476224e+07,-1.1849216e+08,-0.0001500675,-0.00041523855,-0.00020664232,0.0003103367,-5.05008e+07,-2.092585e+08,val
scenario_0067,3,53_0204;53_0205;53_0211,0.0,1.7780523077992605e-05,0.0,0.0,1.2904125e+08,-3.478771e+07,0.00038399047,-0.00019655307,0.0017057513,-0.0016647261,1.2626829e+08,-5.911635e+07,test
scenario_0068,5,32_A452;39_9006;40_0601;42_7025;5_A607,0.0,0.005854968646175962,0.0,0.0,2.818158e+09,3.004298e+09,0.007863153,0.008559102,0.034609556,0.03740414,3.2008975e+09,3.673356e+09,val
scenario_0069,6,17_5423;30_0508;39_0160;47_0604;48_0123;6_3013,0.0,0.004031783541976308,0.0,0.0,1.7260552e+09,2.2777382e+09,0.0029994752,0.004599046,0.0167901,0.027252946,1.907412e+09,2.644703e+09,train
scenario_0070,2,12_0506;12_0566,0.0,6.269911990819388e-06,0.0,0.0,1.8863427e+08,2.1874944e+07,0.0004350487,7.059239e-05,0.0019467655,-0.00046938192,2.2338675e+08,4.652749e+07,test
scenario_0071,5,48_0114;48_0123;48_0163;48_0901;48_0903,0.0,4.4688387259239626e-05,0.0,0.0,3.606217e+08,1.0148434e+09,-0.00023409654,-0.00031116162,0.003915752,0.011376897,3.4005965e+08,1.1247639e+09,train
scenario_0072,1,8_1057,0.0,0.0001688042655993982,0.0,0.0,-2.158423e+08,-2.2773702e+08,0.0006427086,0.0004515826,-0.0021742936,-0.0018750047,-3.310784e+08,-3.2048e+08,val
scenario_0073,5,13_7028;39_9006;42_0659;48_1046;5_0810,0.0,0.0098531968247767,0.0,0.0,6.903892e+09,5.3354537e+09,0.014261292,0.014278164,0.079856895,0.058350354,7.958042e+09,6.315559e+09,train
scenario_0074,3,29_0607;29_0663;29_0665,0.0,2.282793393915128e-05,0.0,0.0,2.2352346e+08,7.887163e+08,0.00014556455,0.00010427763,0.002532377,0.008922603,2.0589328e+08,9.1442605e+08,train
scenario_0075,4,40_0119;40_0124;40_0602;40_0603,0.0,1.4395995276972329e-05,0.0,0.0,-9.48928e+06,-5.98976e+06,0.00011227955,-0.00033860654,0.00042784773,0.00070760725,1.4285504e+07,-2.0533504e+07,train
scenario_0076,2,55_3015;55_3016,0.0,0.001023407541401955,0.0,0.0,4.2155242e+08,5.933669e+08,0.0017770813,0.0013301711,0.005508921,0.009428084,5.2103072e+08,6.504876e+08,test
scenario_0077,3,35_0502;35_0508;35_0902,1862922359.2017467,2.227033824819813e-05,0.023082114296416552,1905964033.933261,1.4294486e+08,2.9120166e+08,9.280257e-05,2.6935013e-05,0.0016483604,0.003931078,1.161753e+08,3.174679e+08,train
scenario_0078,4,51_0114;51_0119;51_0122;51_0124,0.0,1.849298707734537e-05,0.0,0.0,3.251936e+07,2.1836323e+08,0.00027419184,0.00020463904,0.0007197908,0.0023527518,5.5710016e+07,2.7192176e+08,test
scenario_0079,2,40_0160;40_0603,0.0,7.1982851257423874e-06,0.0,0.0,1.2054742e+08,-1.5474752e+07,0.00025140238,-8.6403685e-05,0.0017926521,-4.314864e-05,1.2780563e+08,-3.5756224e+07,train
scenario_0080,2,26_A321;48_0124,0.0,0.0004207056133728182,0.0,0.0,3.154312e+08,5.6098496e+07,0.00065726787,0.00041473133,0.002970758,0.002883519,3.7390067e+08,5.617952e+07,train
scenario_0081,6,27_3012;29_B340;34_0507;42_0660;4_0262;50_1004,2.0257216302194596,0.010233791434502648,0.0,2.0464524428874866,6.205302e+08,1.5460664e+09,0.0022245436,0.0050871326,0.008239264,0.024869472,7.408819e+08,1.7995864e+09,test
scenario_0082,2,49_C430;49_C451,0.0,0.0010832893941171706,0.0,0.0,2.978558e+08,-9.076224e+06,0.0014135446,0.0014190671,0.0021020626,-0.0009741327,1.2827891e+08,-2.3396992e+07,train
scenario_0083,5,31_C410;46_7049;46_A411;46_A420;46_A421,0.0,0.0017353734982084035,0.0,0.0,-1.3969293e+08,-2.2970235e+09,0.0033764848,0.0015749938,0.002113963,-0.020532835,1.944256e+06,-2.7012093e+09,train
scenario_0084,3,1_C330;1_C340;1_C350,0.0,0.0010055328972203847,0.0,0.0,1.612295e+08,-1.1126963e+08,0.001207191,0.0009444299,0.0014573131,-0.00023925304,3.3242064e+08,-1.0878253e+08,train
scenario_0085,4,1_3028;32_A460;46_A410;47_C330,272475.88908414944,0.003936457879174626,0.0,273548.4789446198,4.1458582e+08,1.2048182e+08,0.003354256,0.0037897718,0.004887187,0.0010978165,5.268046e+08,9.305357e+07,train
scenario_0086,2,46_9106;46_9187,0.0,0.0,0.0,0.0,2.1042406e+08,1.5805414e+08,0.00097088155,0.00032638968,0.0011926508,0.004360351,1.8934995e+08,1.9185453e+08,train
scenario_0087,2,46_3009;46_3010,0.0,0.0008124193472008878,0.0,0.0,2.0455306e+08,1.4465274e+08,0.0016002777,0.00070555275,0.0017889142,0.0028572278,2.3439149e+08,1.322247e+08,train
scenario_0088,1,49_0803,0.0,2.094661253337904e-07,0.0,0.0,-1.3415104e+07,1.9054016e+07,9.01653e-05,-0.00016667554,0.00071976474,0.00031242846,-1.914848e+07,2.4590592e+07,val
scenario_0089,3,8_0220;8_0812;8_9019,0.0,0.0018651691310997975,0.0,0.0,4.820359e+08,5.616879e+08,0.0014239736,0.0030734567,0.003991084,0.0049422216,4.3908278e+08,6.7417235e+08,train
scenario_0090,4,31_0118;31_0121;31_0902;31_0903,0.0,4.9841390079574666e-06,0.0,0.0,2.965568e+07,3.9995584e+07,0.00037028245,-0.000295104,0.00091688987,0.00056161266,5.895859e+07,6.436704e+07,train
scenario_0091,4,12_3997;12_B351;12_B352;12_B360,0.0,0.0011621543825988123,0.0,0.0,-6.669312e+06,-6.6076384e+08,0.0005417932,-2.705236e-05,0.00013314327,-0.0064698365,1.2433491e+08,-7.7270394e+08,train
scenario_0092,4,23_1028;26_0213;42_0607;53_A810,0.0,0.0002849480795350523,0.0,0.0,1.1883748e+09,7.763008e+08,0.0014984608,0.0008108821,0.014151551,0.007323181,1.4039782e+09,8.858013e+08,train
scenario_0093,4,12_4109;12_C321;12_C330;12_C350,0.0,0.0005730241558621341,0.0,0.0,-1.6194278e+08,-1.2467487e+09,0.00028454023,0.00062681525,-0.0014893785,-0.015929174,-2.5269376e+07,-1.4954598e+09,val
scenario_0094,3,23_1001;23_3014;23_7023,0.0,0.0021171369431390863,0.0,0.0,5.453504e+06,1.1394339e+09,0.0020705478,0.0030057079,0.00020283693,0.0144520495,1.9875635e+08,1.3593206e+09,train
scenario_0095,5,48_1076;48_1111;48_3609;48_E340;48_E350,0.0,0.0009606285853389629,0.0,0.0,-5.9136704e+07,2.4152675e+08,0.0026045348,0.0026624855,0.00044498732,0.0046819015,-3.607104e+06,2.427647e+08,train
scenario_0096,6,10_0108;16_3023;26_0902;55_A908;6_0605;6_0608,2085690014.1498663,0.0036010287196593938,0.04259806792189369,2182047008.6778984,2.942024e+09,2.5080463e+09,0.004702566,0.004742288,0.03724418,0.032290354,3.473698e+09,2.8265308e+09,train
scenario_0097,4,13_0508;18_A959;55_0909;6_0209,4714144752.359891,0.0035835717236138986,0.024910315778313697,4848469062.601436,2.3550333e+09,1.7351596e+09,0.0041859252,0.0038776519,0.025528211,0.021157915,2.2691756e+09,1.7544955e+09,train
scenario_0098,3,20_0159;6_0607;8_0216,0.0,2.8745979093969254e-05,0.0,0.0,2.467918e+08,6.421659e+08,0.0001239418,0.00027812412,0.0025817729,0.008507467,1.9794483e+08,6.72872e+08,train
scenario_0099,3,49_D444;49_D452;49_D459,0.0,0.0012284233450858828,0.0,0.0,4.211415e+08,9.454121e+08,0.001668174,0.0012754078,0.0046683657,0.010254705,4.7999744e+08,1.115107e+09,test
scenario_0100,1,6_2647,0.0,0.0003242999142772929,0.0,0.0,-3.6639616e+07,8.2357485e+08,0.00040253636,0.0007061191,-0.00047244597,0.0063026124,-4.6401984e+07,9.800197e+08,train
scenario_0101,3,31_A340;31_A350;31_A351,0.0,0.0002116899148780771,0.0,0.0,1.076839e+08,-5.602461e+08,0.0011563858,0.00081860065,0.001639707,-0.0016931454,7.208122e+07,-6.042589e+08,test
scenario_0102,2,35_1112;35_3010,0.0,0.000835423569529814,0.0,0.0,2.8798944e+08,9.7158054e+08,0.00025009993,0.0007689503,0.0032768734,0.010822428,2.6723744e+08,1.1172951e+09,train
scenario_0103,3,4_0213;4_0262;4_0265,2.8468019534883613,9.353086001584465e-05,0.0,2.8470682173233657,1.1469375e+09,1.3375107e+09,-4.7527952e-05,-6.661378e-05,0.010246942,0.0150350295,1.0004038e+09,1.3253896e+09,train
scenario_0104,3,42_1605;42_A340;42_A350,0.0,0.007804876921008841,0.0,0.0,1.1677222e+08,1.7518998e+08,0.0019280426,0.0033827703,0.001120484,0.0022815657,2.1213923e+08,2.0197325e+08,train
scenario_0105,5,19_0706;39_0110;49_C440;4_0264;54_7008,0.0,0.0018086815162660086,0.0,0.0,1.0098309e+09,6.75665e+08,0.0013353976,0.0018681625,0.010563837,0.006427636,1.1379567e+09,6.917323e+08,val
scenario_0106,1,53_1006,20390099.291034553,0.0002445758468446746,0.0,20395086.21683591,-2.6497056e+08,5.292281e+08,0.0005283749,0.0017891072,-0.0017324127,0.0068551293,-3.20331e+08,6.54703e+08,train
scenario_0107,5,4_AA01;4_AA02;4_AA03;4_AA59;4_AA61,0.0,0.021541168321347892,0.0,0.0,2.0838426e+09,1.5942935e+09,0.019942448,0.020379115,0.016802981,0.018927066,1.9429555e+09,1.5716812e+09,test
scenario_0108,1,47_1029,0.0,0.0014196124571614899,0.0,0.0,-1.500992e+08,8.031307e+08,0.0010206336,0.0019503142,-0.001076296,0.0076163635,-1.3012832e+08,9.458645e+08,train
scenario_0109,5,44_7401;9_0903;9_0960;9_1803;9_5001,0.0,0.00321987084185138,0.0,0.0,1.4921953e+09,1.922761e+09,0.0037075717,0.0048661274,0.01732722,0.023173355,1.6195849e+09,2.3769912e+09,val
scenario_0110,2,51_2564;51_5008,0.0,0.0022244476665880253,0.0,0.0,3.7130816e+08,1.4659766e+09,0.001202427,0.0026592172,0.0034163217,0.02064063,3.824251e+08,1.7349612e+09,train
scenario_0111,2,27_1017;27_2018,0.0,0.0027163168576067598,0.0,0.0,3.040161e+08,-7.6310163e+08,0.002635266,0.0021657553,0.00332773,-0.006889141,3.0097808e+08,-1.011262e+09,test
scenario_0112,6,17_0659;26_0259;38_0220;48_1050;53_0201;6_A410,32842.97369976948,0.0007047593659753604,0.0,32866.12009309087,4.079608e+08,5.461482e+08,0.00069957937,0.0006859171,0.0028059413,0.006173347,3.1316957e+08,5.806269e+08,train
scenario_0113,4,32_2027;32_3013;32_B320;32_B340,0.0,0.0023171996626710767,0.0,0.0,5.836821e+08,-5.2742573e+08,0.0037830826,0.0032465844,0.007328375,-0.009517595,7.604235e+08,-6.762676e+08,train
scenario_0114,4,49_D443;49_D444;49_D449;49_D451,0.0,0.0016424223729879506,0.0,0.0,3.6971462e+08,1.3251965e+09,0.002137014,0.001778536,0.005900795,0.015025899,5.3796563e+08,1.596556e+09,train
scenario_0115,2,4_0660;4_0661,0.0,2.0645563049148663e-05,0.0,0.0,1.7645411e+08,3.4103888e+08,0.00014061877,0.00013238401,0.0021906183,0.0044828737,1.6543456e+08,3.5836467e+08,test
scenario_0116,4,39_0260;41_2002;48_5283;4_0222,5188441482.280263,0.0018651233142986667,0.04198169035339243,5415938109.179525,1.3426163e+09,2.1422958e+09,0.0027510605,0.0035242154,0.012032015,0.027587857,1.3480157e+09,2.593341e+09,val
scenario_0117,4,46_3012;46_3013;46_3053;46_5020,0.0,0.002637686407023998,0.0,0.0,1.854559e+08,1.0731149e+09,0.0034827879,0.002503858,0.0041429154,0.015846735,3.49953e+08,1.3226074e+09,train
scenario_0118,5,13_4119;17_1002;41_5005;48_1123;6_0602,4905931337.301271,0.017749380876453058,0.0629657041823178,5301914002.484033,2.6262006e+09,1.6143273e+09,0.009431768,0.007874417,0.03259817,0.020090941,2.9603136e+09,1.7041638e+09,train
scenario_0119,2,26_0901;26_0903,0.0,2.0191230104660285e-05,0.0,0.0,1.6146086e+08,2.577714e+08,0.00019348343,-0.0002868406,0.0021625124,0.002375652,1.501872e+08,2.4672285e+08,val
scenario_0120,1,12_B360,0.0,0.0002353747469632239,0.0,0.0,-7.860736e+06,-1.6132269e+08,0.0002204855,-2.2027642e-05,4.7987327e-05,-0.0020253751,-3.2490944e+07,-1.9967872e+08,train
scenario_0121,2,31_7005;31_B430,0.0,0.0039552210003075405,0.0,0.0,2.970031e+08,1.2488074e+09,0.0036696102,0.0048975283,0.002258028,0.015260758,3.1402787e+08,1.4644654e+09,train
scenario_0122,5,48_1109;48_3559;48_H351;48_I310;48_I320,0.0,0.0008909382340794858,0.0,0.0,-1.6017229e+08,-1.4704261e+09,0.0015785072,0.0007604761,-0.001341423,-0.019706378,-2.3121216e+07,-1.7747348e+09,train
scenario_0123,2,18_5528;55_3010,0.0,0.0005912900241461516,0.0,0.0,1.6861235e+09,1.3864896e+09,0.0027173846,0.0015051416,0.022190869,0.022585105,2.0236314e+09,1.6475592e+09,test
scenario_0124,4,4_1003;4_B901;4_B960;4_BA61,3791382506.538663,0.038114586253984895,0.04203209928252147,4095249248.038828,9.246185e+09,7.6273787e+09,0.023817692,0.02407037,0.097483926,0.07114688,1.0531119e+10,8.991291e+09,test
scenario_0125,4,32_0106;32_0109;32_0110;32_0204,0.0,1.3592993071576132e-05,0.0,0.0,-1.1536e+06,9.083475e+07,0.00028914306,1.6751932e-05,0.0004666471,0.0012235674,2.164384e+07,1.300423e+08,train
scenario_0126,2,4_C350;6_0569,0.0,0.00024384649547848358,0.0,0.0,5.0002234e+08,3.489541e+08,0.00047505996,0.0002594567,0.004013598,0.0035192128,5.0477984e+08,4.0680976e+08,train
scenario_0127,1,8_1029,0.0,4.2039453209574695e-05,0.0,0.0,9.099187e+07,1.6991075e+08,0.00042007142,0.0003416345,0.00045133708,0.0034897868,4.2826816e+07,1.87821e+08,train
scenario_0128,2,30_A310;30_A350,0.0,0.0,0.0,0.0,-1.461865e+08,5.398812e+08,0.00093584834,0.0018225241,-0.000980204,0.010029091,-1.446073e+08,6.4284755e+08,test
scenario_0129,2,37_1992;37_2824,0.0,0.00192554415031021,0.0,0.0,-2.5259904e+07,9.326623e+08,0.0018959146,0.0031304962,-0.00067312643,0.012525128,-2.2970176e+07,1.1404524e+09,val
scenario_0130,3,4_1003;4_B903;4_BA03,3791382506.538663,0.03634507382741614,0.04203209928252147,4088540349.5796323,9.766725e+09,7.238227e+09,0.022290515,0.021858858,0.10520745,0.06863819,1.1236477e+10,8.545445e+09,train
scenario_0131,3,17_5217;17_5423;17_9327,431291888.1328699,0.0036354221794194785,0.0,432859816.22879183,5.2845133e+08,7.25123e+08,0.004537074,0.004965736,0.007388088,0.014503101,6.9631706e+08,8.719532e+08,train
scenario_0132,3,1_0506;37_1801;55_A909,2085194656.2608237,0.005333268798804247,0.04259806792189369,2185140823.4582615,2.0958413e+09,1.971582e+09,0.005335684,0.005743874,0.023366624,0.022896998,2.2615693e+09,2.2204227e+09,train
scenario_0133,5,17_0601;17_0605;17_0607;17_0659;17_0661,32842.97369976948,4.6591610883162105e-05,0.0,32844.50390682034,2.5490048e+07,5.645942e+08,-0.0009955505,-6.7926245e-05,-0.00010243431,0.011597992,-1.2613376e+08,5.375959e+08,train
scenario_0134,2,37_A961;55_0261,0.0,0.0003401476260789238,0.0,0.0,1.5515843e+08,4.639507e+07,0.0009074183,0.00070473657,0.0019347542,0.0006420682,1.7114438e+08,8.141594e+07,train
scenario_0135,5,19_6150;28_0903;51_A340;56_A363;8_0259,0.0,0.0017946975521950792,0.0,0.0,6.894903e+08,2.151033e+08,0.0027178254,0.0025462974,0.007092746,0.004493855,8.0672275e+08,2.1460432e+08,train
scenario_0136,5,49_E431;49_E440;49_E444;49_E454;49_E458,0.0,0.0013380337716304425,0.0,0.0,-4.826096e+08,-2.8205075e+08,0.0021112347,0.00086397876,-0.0017561996,-0.006819981,-4.8028896e+08,-3.267552e+08,train
scenario_0137,2,19_0606;6_3005,11300.761716986299,0.0022172748142257337,0.0,11325.818611322939,2.1653398e+08,-9.576109e+07,0.0014322619,0.0029739607,0.0019072923,-0.0014855731,2.253512e+08,-1.478432e+08,train
scenario_0138,1,49_A351,0.0,8.334439265511584e-05,0.0,0.0,1.0771872e+08,1.1410592e+08,0.00046849495,0.00053000683,0.00025762105,0.0014375784,2.5397632e+07,1.4470746e+08,val
scenario_0139,4,20_0901;4_0669;53_6048;6_2004,0.0,0.0027215416116568303,0.0,0.0,2.4171092e+09,2.8090947e+09,0.0042772284,0.001856268,0.026354978,0.030982587,2.7668457e+09,3.290669e+09,train
scenario_0140,4,1_C320;1_C330;1_C340;1_C350,0.0,0.0016605261325113307,0.0,0.0,1.0669523e+08,-9.913248e+07,0.0013085887,0.0013097484,-2.5909394e-05,-3.1489413e-05,2.0862227e+08,-8.534246e+07,train
scenario_0141,5,4_0260;4_0266;4_0267;4_1006;4_6055,46953.32270189974,0.004031007595615366,0.0,47142.59190235048,3.916267e+09,3.3489946e+09,0.006866238,0.008397758,0.03771849,0.030926833,4.099257e+09,3.6964513e+09,test
scenario_0142,4,20_0106;20_0201;20_0207;20_0209,0.0,3.373301904552317e-05,0.0,0.0,3.6472576e+07,3.1669578e+08,-0.00017499365,-0.0002345161,0.00041146437,0.0042009344,1.5965376e+07,3.0102294e+08,train
scenario_0143,3,20_0110;20_0163;20_0209,0.0,1.566251705087396e-05,0.0,0.0,1.042345e+08,-2.4846618e+08,0.0003835659,-0.00031955517,0.001302944,-0.003578906,1.2900461e+08,-2.84779e+08,train
scenario_0144,6,13_3011;26_0120;42_9027;4_0505;53_0208;5_0223,0.0,0.004195416770346072,0.0,0.0,3.0570537e+09,2.48446e+09,0.008130066,0.008389192,0.032411695,0.027638167,3.2290506e+09,2.7372017e+09,val
scenario_0145,4,53_1801;53_3813;53_C330;53_C350,38215.59335277701,0.0011568099000234255,0.0,38259.80152950277,9.073874e+08,4.6620646e+09,0.0030396464,0.005271639,0.014228121,0.053577177,1.4039396e+09,5.5856236e+09,train
scenario_0146,2,48_E320;48_Q350,0.0,0.0002940397617828827,0.0,0.0,2.6063718e+08,6.793984e+07,0.00023083016,0.00023140735,0.001948487,0.0032403031,2.0958454e+08,8.952205e+07,train
scenario_0147,1,41_5006,5731987253.475514,0.0022529674529699895,0.05126791793075239,6038768286.289736,1.0639447e+09,1.2682228e+09,0.0024759674,0.0025287292,0.011734564,0.015681097,1.2065341e+09,1.4444652e+09,train
scenario_0148,4,27_1028;42_1617;48_1169;6_8202,0.0,0.00298422805987264,0.0,0.0,7.3886246e+08,1.7810545e+09,0.0027464188,0.004872229,0.008215304,0.016546596,8.8965664e+08,2.1380672e+09,train
scenario_0149,3,27_0503;27_0504;27_0560,0.0,4.429237254077734e-06,0.0,0.0,5.811789e+07,2.4116992e+07,0.0002225216,-0.00014598807,0.001301934,0.0013282048,9.623763e+07,4.513587e+07,train
scenario_0150,2,29_A351;29_AA03,0.0,0.0013384735429435857,0.0,0.0,1.3232118e+08,-4.315088e+08,0.00166104,0.0014291008,0.001007753,-0.0029306524,5.3864896e+07,-5.091774e+08,train
scenario_0151,4,36_A310;36_A321;36_A331;36_A340,0.0,0.0016837478289496444,0.0,0.0,-3.151157e+08,-4.6441414e+08,0.0013455605,0.002024772,-0.0019530021,-0.0026081223,-1.1654253e+08,-6.010443e+08,train
scenario_0152,2,40_AA01;40_AA02,0.0,0.0002890476418211385,0.0,0.0,2.5501949e+08,-3.9838246e+08,0.00051691534,0.00011934945,0.0019962834,-0.0040545557,1.3666432e+08,-4.728336e+08,val
scenario_0153,4,6_0204;6_0211;6_A805;6_A806,5117603254.9233055,8.866647422922647e-05,0.04849282280482736,5366224042.586827,1.800527e+08,-4.5869306e+08,0.00032252446,0.00097634445,-0.0009205751,-0.009439969,-1.535127e+08,-6.9768083e+08,train
scenario_0154,3,27_5076;42_0662;47_0601,0.0,0.0010887410507969264,0.0,0.0,4.763942e+08,8.57306e+08,0.0011127614,0.0012955348,0.0040259017,0.010023018,4.3349178e+08,9.5717824e+08,train
scenario_0155,3,20_0101;20_0102;20_0112,0.0,1.0105909666435764e-05,0.0,0.0,8.243584e+07,-4.658603e+08,0.00043026765,-0.00027096178,0.0011679414,-0.006150664,1.1479334e+08,-5.0830112e+08,val
scenario_0156,3,19_0213;36_0802;48_0121,0.0,1.9399026994104673e-05,0.0,0.0,1.2120326e+08,3.5282944e+08,0.000105628744,-0.00040551834,0.0017392999,0.0042598792,8.293786e+07,3.5551568e+08,train
scenario_0157,2,37_1817;48_A508,0.0,0.0010104212811228308,0.0,0.0,3.1734166e+08,-7.209216e+06,0.0012238565,0.0013517806,0.0027468363,0.0040210653,2.8260077e+08,2.6416768e+07,train
scenario_0158,4,51_A320;51_A321;51_A330;51_A350,0.0,0.011517003298103234,0.0,0.0,2.2789734e+08,3.4810176e+08,0.0060656024,0.0071559,-0.001061175,0.002811185,7.682752e+07,3.1315088e+08,train
scenario_0159,3,5_0214;5_0217;5_0224,0.0,6.03618791529259e-05,0.0,0.0,2.9499622e+08,7.270826e+08,-0.00052889134,5.4351985e-06,0.0023601674,0.008786174,1.3768486e+08,6.960659e+08,train
scenario_0160,4,4_6060;4_C310;4_C350;4_D350,0.0,0.0015200358613512988,0.0,0.0,1.1476787e+08,1.5470802e+09,0.0010231964,0.0025992498,0.0015688557,0.017074388,-1.8029632e+07,1.8366054e+09,train
scenario_0161,3,40_0509;40_0604;40_0607,0.0,1.3493363054561947e-05,0.0,0.0,5.590432e+07,-4.3341056e+07,0.00023648352,7.947162e-05,0.0009257826,0.00048069842,1.055584e+08,-5.3200704e+07,train
scenario_0162,4,22_0707;55_B901;56_2017;5_3073,470144889.49446887,0.004538704916327796,0.00829198527642251,476177172.91727716,2.2025748e+09,1.0664837e+09,0.006231839,0.0058268793,0.029118584,0.019515868,2.514899e+09,1.2515451e+09,val
scenario_0163,5,29_A602;29_A603;29_A604;29_A606;29_A608,0.0,0.0008808636279621362,0.0,0.0,1.8324285e+08,-1.06066285e+09,0.0017972976,0.001807827,0.0033593448,-0.01343682,3.2979853e+08,-1.2494774e+09,test
scenario_0164,4,48_A503;48_A508;48_A509;48_B340,0.0,0.0017304380891371984,0.0,0.0,-1.5716134e+08,-3.9929472e+08,0.001751676,0.0014117284,-0.0020959862,-0.0010257885,-1.5392198e+08,-4.7874003e+08,val
scenario_0165,2,12_0566;12_0902,0.0,1.1804769821655015e-05,0.0,0.0,2.04509e+08,2.4469568e+08,0.00035373634,0.00016796915,0.0023528836,0.0026265783,2.2261392e+08,2.885072e+08,train
scenario_0166,3,26_0114;26_0119;26_0608,0.0,1.2950250550480824e-05,0.0,0.0,1.2638397e+08,-2.4965568e+07,0.00043245917,-0.00024940912,0.0016165543,-0.00145307,1.5555008e+08,-3.73904e+07,train
scenario_0167,3,39_0101;39_0104;39_0112,0.0,2.1062199162646955e-05,0.0,0.0,1.372496e+08,2.2860954e+08,0.00029311632,-0.0004336876,0.0018447428,0.0011724527,1.2943469e+08,2.1537757e+08,val
scenario_0168,2,40_0602;40_0608,0.0,1.1817630679922253e-05,0.0,0.0,1.8012186e+08,2.9631056e+08,0.00026952242,0.0001589274,0.0022072354,0.004030317,2.0262253e+08,3.4202166e+08,test
scenario_0169,5,13_5023;21_3016;32_A420;4_0213;5_0123,10658762.993812876,0.006530788476517779,0.0,10728373.120346803,3.8239163e+09,2.7142467e+09,0.009140085,0.0076062633,0.04381549,0.026059384,4.4158e+09,3.031158e+09,train
scenario_0170,4,5_A603;5_A605;5_A608;5_B410,41798333.350099705,0.004358438995884173,0.0,41980508.836135745,1.4510326e+08,-2.1018611e+08,0.0033945031,0.00509278,0.00018165959,-0.003519402,1.3993946e+08,-2.4698509e+08,train
scenario_0171,4,13_0561;19_3055;35_0106;49_E449,0.0,0.0014744291874363435,0.0,0.0,4.0630874e+08,8.368378e+07,0.0012313303,0.0007169002,0.0031331996,0.0010057446,3.3128477e+08,4.054784e+06,val
scenario_0172,3,6_2004;6_3013;6_3019,0.0,0.007216172292804357,0.0,0.0,3.1882217e+09,3.2924408e+09,0.008357835,0.0060849455,0.032863386,0.03126861,3.8991793e+09,3.7857498e+09,train
scenario_0173,4,19_0221;19_0222;19_0224;19_0259,0.0,4.4866973109236596e-05,0.0,0.0,2.2461085e+08,6.62491e+08,-0.00044810865,7.74744e-06,0.002204659,0.00874356,1.1714118e+08,6.717813e+08,train
scenario_0174,3,34_0901;39_0160;6_0568,0.0,2.0240613849531464e-05,0.0,0.0,1.7973837e+08,1.5202093e+08,0.0002653515,-0.00023187953,0.0020311205,0.0012692367,1.8341062e+08,1.4802234e+08,train
scenario_0175,5,47_A310;47_A350;47_B310;47_B320;47_B350,0.0,0.00031658709476745095,0.0,0.0,1.8915766e+08,-7.81175e+08,0.0016010605,0.0022609245,0.0030837175,-0.006969154,3.185626e+08,-9.3130976e+08,test
scenario_0176,2,5_3071;5_A320,0.0,0.0014080288277977804,0.0,0.0,1.1779629e+08,1.6545686e+08,0.001210637,0.0009367758,0.00081424415,0.0024123313,4.093203e+07,1.4163411e+08,val
scenario_0177,4,6_0206;6_0207;6_A805;6_A806,5257816967.885477,9.152604811502041e-05,0.049819816764469074,5520241673.01543,4.1043366e+08,-5.95424e+06,0.00019103312,0.0009376198,0.0014709993,-0.0028150529,1.7931418e+08,-1.2890957e+08,train
scenario_0178,4,4_0115;4_0117;4_0160;6_7491,18870997291.562256,0.004653337832078441,0.18642123067362792,22476764956.31987,4.1590815e+09,3.0642225e+09,0.0064949696,0.0066435486,0.045628533,0.03038263,5.043859e+09,3.6812628e+09,train
scenario_0179,1,4_1065,0.0,0.0026619085594796754,0.0,0.0,1.07233946e+09,1.1467296e+09,0.0027401194,0.003733744,0.011005547,0.011846771,1.2180767e+09,1.3360092e+09,train
scenario_0180,1,24_0507,0.0,2.276335338002866e-06,0.0,0.0,-1.388544e+07,-1.2319846e+08,0.00013015815,-0.00010167388,0.00058898004,-0.0021565221,-2.4661952e+07,-1.4352736e+08,val
scenario_0181,3,35_0101;35_0102;35_0103,0.0,7.687214993112867e-06,0.0,0.0,1.2468218e+08,-2.7881728e+07,0.00040767074,-0.0003239296,0.0017172783,-0.0012248112,1.4763578e+08,-3.8083136e+07,val
scenario_0182,1,42_1610,0.0,0.004491692308681072,0.0,0.0,61440.0,1.1370253e+09,0.0013063044,0.0028837156,4.0616374e-05,0.012677747,1.0083712e+07,1.3651012e+09,train
scenario_0183,1,4_A320,0.0,0.0004738589071956456,0.0,0.0,3.1350218e+08,4.110407e+08,0.0003165556,0.0007923241,0.002164356,0.0033606365,3.0454403e+08,4.9442054e+08,val
scenario_0184,5,4_7079;4_B902;4_B903;4_B959;4_B960,0.0,0.007397111680918944,0.0,0.0,-5.4772717e+08,6.4147456e+07,0.005457014,0.006655925,-0.004342801,-0.005054457,-4.49474e+08,-2.6781184e+07,test
scenario_0185,1,37_5826,0.0,0.003636034514433395,0.0,0.0,5.9408384e+07,1.0809775e+09,0.0011943455,0.0028184403,0.00077609066,0.010889906,1.2949741e+08,1.2946657e+09,val
scenario_0186,4,29_0503;29_0506;29_0507;29_0807,0.0,7.456890116275261e-06,0.0,0.0,5.446592e+06,-1.8172595e+08,0.00044396892,-0.00031747622,0.00051901815,-0.0029888432,3.577824e+07,-1.840688e+08,train
scenario_0187,5,19_6049;1_0605;48_0167;48_K320;4_BA01,70330162.05855292,0.007450033132258782,0.0,70854124.09608626,1.708361e+09,3.0382676e+09,0.0076491376,0.010449886,0.01449891,0.03321386,1.8732378e+09,3.5655764e+09,train
scenario_0188,2,12_0102;12_0103,0.0,1.5658437882759557e-05,0.0,0.0,1.0763482e+08,4.315251e+07,0.00026534242,-0.00025859056,0.0017595072,-0.00058114436,1.01904e+08,1.765984e+07,val
scenario_0189,5,48_1087;48_1169;48_G310;48_G330;48_G350,0.0,0.0022819515017051817,0.0,0.0,-2.9214144e+07,-7.864985e+08,0.0014641811,0.00014129956,0.00059330184,-0.008978637,1.535001e+08,-8.847586e+08,train
scenario_0190,1,27_3013,0.0,0.0005170830428087303,0.0,0.0,-1.7808442e+08,-6.078403e+08,0.0008267709,0.0005679028,-0.0016332828,-0.006892577,-2.6762176e+08,-7.095582e+08,val
scenario_0191,4,6_A311;6_A321;6_A340;6_A362,0.0,0.0,0.0,0.0,-5.5260544e+07,1.2874665e+09,0.0012781336,0.0010386836,-0.00030478928,0.011687145,-1.2286394e+08,1.4474196e+09,train
scenario_0192,3,23_0506;42_1598;8_0222,0.0,0.0025691692288696277,0.0,0.0,5.3412742e+08,1.0935345e+09,0.0018401395,0.0034353584,0.005156959,0.011645173,6.140156e+08,1.2874031e+09,test
scenario_0193,5,12_C310;37_1801;41_AA01;49_C453;4_AA01,20390099.291034553,0.007756840699239542,0.0,20548262.043076787,1.6874545e+09,2.3264205e+09,0.0076094796,0.0103671085,0.019398194,0.02176239,1.9202662e+09,2.6009882e+09,train
scenario_0194,3,24_0501;24_0561;24_0961,0.0,1.2782035126224223e-05,0.0,0.0,1.9421402e+08,2.020528e+08,0.00037179212,6.5772096e-05,0.002252622,0.0019804067,2.2441933e+08,2.3475718e+08,train
scenario_0195,4,39_0211;39_9006;4_A456;5_A310,0.0,0.005038204406154767,0.0,0.0,2.7877238e+09,3.2027538e+09,0.0068015773,0.008044323,0.029933076,0.037650846,3.21126e+09,3.8561513e+09,train
scenario_0196,3,53_AA02;53_AA03;53_BA59,0.0,0.001544860544783755,0.0,0.0,2.626461e+09,1.3088837e+09,0.0051670037,0.0030719363,0.0355848,0.016498856,3.2349302e+09,1.606843e+09,test
scenario_0197,3,40_0607;48_J350;4_0218,0.0,0.00014682481919725543,0.0,0.0,6.118086e+08,4.173684e+08,0.00037862302,0.00018969551,0.00535096,0.0064380025,5.9593485e+08,4.296177e+08,train
scenario_0198,1,17_5908,0.0,0.0002927913710486507,0.0,0.0,-2.5426003e+08,-8.846306e+08,0.00067666883,-0.00037813862,-0.0026320713,-0.009277631,-4.6165766e+08,-1.0955144e+09,test
scenario_0199,2,19_0759;4_0601,0.0,1.5780471806281504e-05,0.0,0.0,1.8408122e+08,4.9300362e+08,0.0002549996,0.00027077436,0.0023485203,0.0055531617,1.9313318e+08,5.741348e+08,train
scenario_0200,2,48_1048;48_5278,0.0,0.00036175689426598545,0.0,0.0,1.2719638e+08,1.2447703e+09,-5.0915638e-05,0.000717998,0.0019140169,0.016784552,8.828666e+07,1.489794e+09,train
scenario_0201,2,48_5287;48_5301,0.0,0.0022199910484529406,0.0,0.0,2.5671795e+08,6.6632525e+08,0.001683599,0.0025549782,0.0023383629,0.009122859,2.754817e+08,8.273194e+08,val
scenario_0202,3,48_0161;48_0802;48_0902,0.0,1.9231106255568342e-05,0.0,0.0,2.6323846e+08,3.1933686e+08,0.00033853482,-0.00056069344,0.0029856246,0.0033580558,2.6673098e+08,3.2811123e+08,val
scenario_0203,4,53_1008;53_6056;53_7322;53_A330,0.0,0.0010220097731141742,0.0,0.0,4.7209917e+09,1.9065464e+09,0.008662565,0.0042542713,0.06651049,0.026603641,5.887587e+09,2.3035948e+09,test
scenario_0204,5,49_7082;49_C447;49_C450;49_C451;49_C452,0.0,0.003488811492423083,0.0,0.0,1.1549722e+08,1.2082359e+09,0.003678626,0.0052070757,0.0043126224,0.0121505875,2.2108208e+08,1.4583782e+09,train
scenario_0205,4,27_1016;27_A310;27_A330;27_A340,27316112.378278382,0.0012756192556834245,0.0,27350957.337218523,-2.20683e+08,-9.892167e+08,0.0014487607,0.0006179379,-0.0003069397,-0.008050909,-4.758464e+06,-1.2287132e+09,train
scenario_0206,2,29_0665;29_A430,0.0,0.0008212767753665862,0.0,0.0,3.4269456e+08,1.1302432e+08,0.001243443,0.0010274437,0.0031976104,0.0021131467,2.8203526e+08,1.3000186e+08,train
scenario_0207,5,32_AA02;34_0509;39_0108;48_L320;55_0907,2502566389.26007,0.0017162254436857705,0.051117651355946855,2634786673.553138,7.742112e+08,1.2762916e+09,0.0011140516,0.0023721952,0.006977986,0.01748031,7.379508e+08,1.4790129e+09,train
scenario_0208,5,41_2002;48_N330;48_N340;6_0659;8_7783,5188441482.280263,0.003012102061621391,0.04198169035339243,5421889141.291428,9.8637466e+08,2.0504351e+09,0.0028843873,0.004790459,0.012448236,0.026542414,1.218512e+09,2.4813235e+09,test
scenario_0209,1,56_6032,0.0,0.0,0.0,0.0,-1.92603e+08,1.941654e+08,0.0004180082,-5.8313366e-05,-0.0020337487,-0.0009870566,-2.707952e+08,2.184368e+08,train
scenario_0210,5,20_0103;20_0109;20_0111;20_0112;20_0211,0.0,3.290516037390834e-05,0.0,0.0,-8.131859e+07,4.611356e+08,-0.0002055571,0.00046970078,-0.0009202147,0.0054576984,-1.4404128e+08,5.783972e+08,train
scenario_0211,5,10_0101;10_0205;10_0206;10_0207;10_0209,0.0,1.783286976475562e-05,0.0,0.0,-1.2008723e+08,-2.7212928e+07,2.2796914e-05,-0.00033865776,-0.0007247776,0.0006055208,-1.0738195e+08,-6.444608e+07,val
scenario_0212,3,24_0501;24_0505;24_0902,0.0,1.3922991415782349e-05,0.0,0.0,1.2569414e+08,1.9183446e+08,0.0002301305,-0.0001741855,0.001709152,0.0023689773,1.3702938e+08,2.1395104e+08,train
scenario_0213,2,12_3804;12_3996,0.0,0.001779903269149452,0.0,0.0,1.7845888e+07,-1.478679e+09,0.0012057037,0.0005381132,-6.332109e-05,-0.01810463,-6.795238e+07,-1.82223e+09,train
scenario_0214,4,24_1634;24_A310;24_A320;24_A350,0.0,0.0,0.0,0.0,1.6909334e+08,2.6904532e+09,0.0010010664,0.002459357,0.0011412273,0.03997952,8.684576e+07,3.1494723e+09,train
scenario_0215,2,5_0118;5_0124,0.0,1.022492020641419e-05,0.0,0.0,2.0158634e+08,9.912442e+07,0.00042525528,0.00018515694,0.0021575494,0.0006627785,2.3516186e+08,1.3389478e+08,val
scenario_0216,6,35_0504;35_2118;45_5035;4_0264;55_0122;55_0259,5127284214.137294,0.004064276695917468,0.06173143615876566,5464637534.01502,2.5945987e+09,2.3974275e+09,0.004437277,0.004743456,0.02712469,0.025804564,3.0482982e+09,2.6755139e+09,train
scenario_0217,4,49_D410;49_D446;49_D450;49_D454,0.0,0.001744225412635858,0.0,0.0,3.8338086e+08,1.4343836e+09,0.0022140513,0.0019437149,0.005838807,0.01618972,5.4252966e+08,1.7281459e+09,train
scenario_0218,1,48_1039,0.0,0.0007265481078057023,0.0,0.0,-7.349062e+07,-6.7004845e+08,0.00095914525,0.00063233613,-0.0010059765,-0.0060973773,-2.490647e+08,-8.0703597e+08,test
scenario_0219,4,20_1010;20_B310;20_B330;20_B350,0.0,0.0012012683128898027,0.0,0.0,-9.534349e+07,-6.212898e+08,0.0022248388,0.0009809021,0.00023791147,0.0007365113,-9.243635e+07,-7.545722e+08,train
scenario_0220,5,13_4096;31_C430;46_0660;4_0262;6_0606,2.0257216302194596,0.0010935400381674176,0.0,2.0279368379282867,6.261379e+08,3.3862563e+08,0.0014132534,0.00070538966,0.004630756,0.008143158,4.1709027e+08,2.7081616e+08,test
scenario_0221,3,13_0509;26_0214;8_A430,40975.388643798164,0.000498618822232233,0.0,40995.81974382424,8.2646355e+08,5.5807155e+08,0.0007651723,0.0008083454,0.0073205866,0.0073402263,8.5360205e+08,5.0935648e+08,train
scenario_0222,3,29_0607;41_7018;51_A340,3465845046.355753,0.006552844823371151,0.031296405535838755,3597024683.221499,2.0451259e+09,1.9954634e+09,0.0064520924,0.0062179286,0.020721167,0.020995295,2.0507082e+09,2.184258e+09,train
scenario_0223,6,10_0210;13_0505;48_0901;4_AA59;55_A907;55_A909,4171747459.556797,0.00774753357748581,0.08519613584378737,4559484976.346881,2.858951e+09,2.2854223e+09,0.0084460005,0.008120698,0.03810896,0.031563688,3.2484014e+09,2.404232e+09,train
scenario_0224,1,42_1606,0.0,0.000896720946159224,0.0,0.0,6.535827e+07,1.8711226e+08,0.0007235507,0.00045424444,0.0011099065,0.002220835,1.0352589e+08,2.1734653e+08,val
scenario_0225,1,1_4155,0.0,0.0004927674923190795,0.0,0.0,-3.396576e+07,-2.3493344e+08,0.0004567186,0.00019594212,-0.000341814,-0.003640105,-7.723411e+07,-2.9008128e+08,val
scenario_0226,1,42_1608,0.0,4.34963834688995e-05,0.0,0.0,-2.9915526e+08,-1.5565792e+08,0.00040363055,0.00057173043,-0.0022274293,-0.0011084415,-3.776231e+08,-1.7102925e+08,train
scenario_0227,4,36_1643;36_A320;36_A321;36_A340,0.0,0.0017628972563317191,0.0,0.0,-2.6406496e+08,-4.2646816e+08,0.001407373,0.0020753022,-0.0016657664,-0.001832962,-8.350323e+07,-5.550965e+08,val
scenario_0228,1,6_B441,0.0,0.00045336768085313395,0.0,0.0,4.1257907e+08,8.869568e+08,0.0003776066,0.00040555897,0.0033557364,0.008221096,4.1173875e+08,1.012201e+09,train
scenario_0229,4,6_0559;6_0561;6_0568;6_0662,0.0,4.246941890306832e-05,0.0,0.0,2.2540067e+08,8.456572e+08,-0.00033542002,-0.00011502206,0.0023658103,0.010401778,1.6405248e+08,8.979233e+08,train
scenario_0230,2,18_2008;18_9020,0.0,0.0029350929257800917,0.0,0.0,1.3998495e+09,1.413054e+09,0.004243173,0.0042542024,0.017760351,0.018953487,1.6417062e+09,1.6370057e+09,train
scenario_0231,5,48_1092;48_1096;48_4143;48_B420;48_B430,0.0,0.001943047791804986,0.0,0.0,-1.276553e+08,-1.1794336e+08,0.0017244394,0.0023338925,-9.873789e-05,-0.0017190203,3.839885e+07,-1.2679981e+08,test
scenario_0232,2,32_A310;53_3813,38215.59335277701,0.0007513999112597203,0.0,38244.30854623103,1.8809126e+08,1.851213e+09,0.0010212717,0.002331581,0.0019460921,0.022143884,2.8466506e+08,2.2905467e+09,train
scenario_0233,1,26_9029,0.0,0.0018539965717372375,0.0,0.0,-1.8467053e+08,9.874085e+08,0.0011701405,0.0031452586,-0.001087009,0.015908878,-1.4474157e+08,1.2512915e+09,test
scenario_0234,1,1_0607,0.0,4.9789888797446835e-06,0.0,0.0,2.7830272e+07,-4.16608e+06,0.00012812763,1.1446187e-05,0.0011186395,0.0001956597,3.531936e+07,-4.324416e+06,train
scenario_0235,3,48_3559;48_H310;48_H350,0.0,0.0005204150695502507,0.0,0.0,1.2846e+08,-1.1534344e+09,0.0008885927,9.4645424e-05,0.0009228117,-0.015963042,2.2653546e+08,-1.3683031e+09,train
scenario_0236,1,48_L310,0.0,0.0002649764680281441,0.0,0.0,3.0687827e+08,5.3107437e+08,0.00014634989,0.00032937853,0.0020368104,0.0071327295,2.7746246e+08,6.436235e+08,test
scenario_0237,5,16_9032;19_B430;28_9030;4_0268;6_3042,23324999950.783447,0.033291753191456386,0.218132148753794,29189462451.282196,5.7948483e+09,7.172543e+09,0.016409699,0.016620446,0.066343516,0.07997433,6.4198446e+09,8.3543316e+09,test
scenario_0238,1,45_1024,0.0,1.806912952628803e-05,0.0,0.0,-2.1957274e+08,-1.1251346e+09,0.0005196851,-0.0013004406,-0.0022397386,-0.011191813,-4.251915e+08,-1.40322e+09,train
scenario_0239,1,8_1047,0.0,0.0,0.0,0.0,-1.33536e+06,2.698825e+08,0.00022718287,0.00035321643,-0.00062338635,0.0039497595,-7.85527e+07,3.3593677e+08,test
scenario_0240,3,48_0114;48_0164;48_0167,0.0,2.4289986907177763e-05,0.0,0.0,1.3998195e+08,3.192966e+08,0.0001345484,-0.00025949068,0.0018256349,0.0030988897,9.434496e+07,3.226724e+08,test
scenario_0241,1,18_2008,0.0,0.0005966937279933138,0.0,0.0,-1.3815488e+07,-2.2002688e+07,0.0007796475,0.00079449615,0.0004030983,0.0028263917,-2.0578304e+07,-6.0567936e+07,train
scenario_0242,2,48_N310;48_N340,0.0,0.0007290443358041188,0.0,0.0,1.9485152e+08,-6.767408e+08,0.0003847013,-6.470224e-05,0.002170756,-0.00772399,1.0050029e+08,-8.222511e+08,val
scenario_0243,5,1_0502;32_AA59;39_0211;48_0165;4_7614,120165187.40179935,0.002443706941912316,0.0,120458835.90442932,1.5600215e+09,1.3170872e+09,0.0024863235,0.0042068874,0.0151215475,0.011635855,1.7201083e+09,1.4965745e+09,val
scenario_0244,3,32_0104;32_0107;32_0112,0.0,9.96068648273507e-06,0.0,0.0,9.868736e+07,-1.0830669e+08,0.0003319115,-0.00015516835,0.0013475535,-0.0012762798,1.2910253e+08,-1.287856e+08,test
scenario_0245,4,35_0102;35_0103;35_0106;35_0111,0.0,1.0249211425561455e-05,0.0,0.0,3.6000704e+07,-9.118387e+07,0.00042531965,-0.00032449444,0.0007619965,-0.0020739213,4.983123e+07,-9.066394e+07,val
scenario_0246,5,18_1037;18_5043;18_6012;18_A320;18_A340,0.0,0.007035569710847844,0.0,0.0,6.468116e+08,-4.831168e+06,0.0056084422,0.006081734,0.011371734,0.010040818,8.423248e+08,5.885197e+07,train
scenario_0247,4,8_B310;8_B320;8_B330;8_B350,0.0,0.0010561414470665609,0.0,0.0,2.4683978e+08,-4.753241e+08,0.0017057443,0.00039029308,0.004567018,-0.0029916894,3.0466403e+08,-5.720881e+08,test
scenario_0248,4,56_1007;56_A330;56_A350;56_A363,0.0,0.0001234234557281333,0.0,0.0,3.942251e+08,2.7641296e+08,0.002872202,0.0018654354,0.0065998193,0.010975114,5.051874e+08,4.0483795e+08,train
scenario_0249,6,26_4015;30_7076;37_0903;38_0260;49_A332;53_0201,5092654.888445688,0.0022054612859048195,0.0,5103886.541644629,1.4877946e+09,2.1529705e+09,0.003499488,0.0038764635,0.019744344,0.03195347,1.80565e+09,2.6362537e+09,train
scenario_0250,4,17_B310;17_B330;17_B340;55_6355,0.0,0.00588424726651704,0.0,0.0,3.4025942e+08,5.116019e+07,0.004030116,0.0042892015,0.0073157847,0.0072011044,5.0209018e+08,5.836544e+06,train
scenario_0251,6,24_0509;28_5006;49_3015;4_0264;55_0266;6_3017,12621683.29604292,0.0032257468487210117,0.0,12662397.651160685,3.294702e+09,3.1850122e+09,0.0051486613,0.0045198645,0.039038364,0.034433737,4.0423524e+09,3.7137649e+09,val
scenario_0252,4,29_0666;29_5000;29_5058;29_5091,0.0,0.004498530789519339,0.0,0.0,1.796118e+08,7.101658e+07,0.0036485507,0.0049152877,0.0021266276,0.003156026,2.1869622e+08,7.819904e+06,train
scenario_0253,1,37_1645,0.0,0.0,0.0,0.0,-5.672691e+07,2.4989754e+08,0.00042139506,0.00032154378,-0.0003818581,0.0034098122,-1.2161222e+08,2.7737152e+08,train
scenario_0254,4,19_B430;40_3018;4_0902;6_B423,31152.659114627248,0.0018559509904382265,0.0,31210.47692316583,4.6852352e+08,1.1560064e+09,0.0018383504,0.0010795201,0.0049695037,0.015141977,5.4356506e+08,1.4363647e+09,train
scenario_0255,1,26_0221,0.0,7.562727083687548e-06,0.0,0.0,1.5460288e+07,-1.6293914e+08,0.000106658554,-7.0789596e-05,0.001197957,-0.0019408874,3.391731e+07,-2.0273965e+08,val
scenario_0256,2,20_0903;30_0561,0.0,7.1322164807430255e-06,0.0,0.0,1.1444966e+08,3.16416e+06,0.00027607265,-0.00029514194,0.0017392696,-0.00030028168,1.2001382e+08,-2.4346368e+07,train
scenario_0257,3,46_3013;46_5020;46_5025,0.0,0.003251776482432245,0.0,0.0,3.8717594e+08,5.71259e+08,0.0028764317,0.0019088576,0.00468176,0.008529286,5.2689373e+08,6.958552e+08,train
scenario_0258,2,45_3012;45_5017,0.0,0.004943946758280249,0.0,0.0,8.2007123e+08,2.0147325e+09,0.004022109,0.0056612305,0.0056786137,0.018114693,9.140645e+08,2.3334595e+09,val
scenario_0259,3,26_1001;26_C320;26_C340,0.0,0.00016730262288466857,0.0,0.0,-9.644698e+07,5.029907e+07,0.00012763636,0.00037716771,-0.00025253743,0.0034205504,-8.806854e+07,6.990477e+07,test
scenario_0260,5,10_0105;40_3018;4_BA61;5_0215;6_3013,0.0,0.007047084482219579,0.0,0.0,1.4841473e+09,1.6392237e+09,0.0077087246,0.0068521597,0.012005017,0.016170502,1.7026982e+09,1.7926157e+09,train
scenario_0261,2,49_E444;49_E451,0.0,0.0005352135086521548,0.0,0.0,3.604128e+07,3.8593984e+07,0.0011383198,0.00030372967,-1.8714927e-06,-0.00053016003,-1.1766342e+08,5.7154816e+07,test
scenario_0262,4,13_0560;35_0102;37_0208;48_E330,0.0,0.00021931159459187555,0.0,0.0,6.9586464e+08,9.977014e+08,0.0005017526,-0.00012963219,0.005039525,0.01121058,5.7741824e+08,1.0833413e+09,train
scenario_0263,3,13_3017;31_B430;5_B410,29503.771285393774,0.005631068482309098,0.0,29669.909041988212,-1.762752e+06,1.377578e+09,0.004625875,0.0061874134,-0.0013348283,0.014271129,1.7336896e+07,1.5352573e+09,val
scenario_0264,1,20_0105,0.0,6.373123634051403e-06,0.0,0.0,2.64336e+07,5.734656e+07,0.00013581174,-5.611428e-05,0.0011881245,0.00067724474,4.1919296e+07,4.192128e+07,train
scenario_0265,5,4_1006;4_B901;4_B959;4_B961;4_BA01,46948.60447286188,0.01250308615857254,0.0,47535.60691961081,1.480332e+09,2.9419681e+09,0.01312289,0.016196417,0.008332512,0.025187356,1.2679872e+09,3.4102574e+09,train
scenario_0266,4,48_3559;48_I320;48_I340;48_I350,0.0,0.0006574057312108694,0.0,0.0,2.718848e+07,-1.3728407e+09,0.0011154145,9.5190015e-05,-0.00037642848,-0.017400192,1.1344403e+08,-1.6418237e+09,train
scenario_0267,2,12_0103;12_0110,0.0,1.565636392741876e-05,0.0,0.0,1.1368518e+08,3.1398592e+07,0.00028563174,-0.00018572388,0.00175031,-0.00077032764,1.0872819e+08,1.1899008e+07,train
scenario_0268,5,49_7083;49_B320;49_B331;49_B350;49_B352,0.0,0.0021935853586856346,0.0,0.0,1.4127686e+08,1.0502035e+09,0.003922012,0.0056261276,0.004032083,0.011487591,2.1584566e+08,1.2779479e+09,train
scenario_0269,3,12_3995;39_0159;5_B430,4942074.227068688,0.0012646520378559734,0.0,4948324.231311186,4.4313094e+08,-6.281141e+08,0.0014165737,0.00077909324,0.0045251865,-0.008675922,6.627305e+08,-7.879252e+08,train
scenario_0270,4,12_0505;12_0507;12_0563;12_4106,0.0,0.0009295801814557247,0.0,0.0,3.378069e+08,-2.8169043e+08,0.0010150952,0.0010069567,0.0035949028,-0.003859613,4.8032934e+08,-3.0804186e+08,test
scenario_0271,5,8_0214;8_0216;8_0218;8_0219;8_0220,0.0,4.0514700483496036e-05,0.0,0.0,-1.5236096e+07,5.5968083e+08,-0.00033184746,0.00022595958,-0.0002451362,0.00663683,-5.447667e+07,6.0250854e+08,test
scenario_0272,5,36_1644;36_B320;36_B331;36_B351;36_B352,0.0,0.00019869442351272415,0.0,0.0,-7.900579e+08,1.02785485e+09,0.0010622636,0.0031270394,-0.005419232,0.02584679,-5.80969e+08,1.3191345e+09,train
scenario_0273,4,19_0105;27_4055;4_1022;53_3019,508345019.58013797,0.00633894858138162,0.005038915494673809,514128900.1166605,6.140596e+09,4.2569684e+09,0.012267964,0.011229157,0.072877124,0.043556537,7.2564285e+09,5.0763054e+09,train
scenario_0274,3,27_0505;32_AA60;4_A442,0.0,0.0014193922275838045,0.0,0.0,9.275999e+08,1.1653734e+08,0.0018845774,0.0020711194,0.007777376,0.0009190128,9.4301325e+08,1.2634515e+08,test
scenario_0275,2,8_7036;8_7776,0.0,0.0021198706294613956,0.0,0.0,4.9540538e+08,-7.2363923e+08,0.002616459,0.0017154652,0.0042136256,-0.0046993764,4.7622272e+08,-9.195357e+08,test
scenario_0276,4,49_0803;49_E458;49_E459;49_E460,0.0,0.0007988154495078836,0.0,0.0,-5.678925e+07,-6.496435e+07,0.001315236,0.0007793314,0.00010451535,-0.002289028,-1.0533242e+08,-2.5777472e+07,train
scenario_0277,2,8_0221;8_0259,0.0,1.5734810545287026e-05,0.0,0.0,1.7325162e+08,5.032834e+08,0.00034855027,-3.2673124e-05,0.0022974685,0.004430132,2.0455782e+08,5.7055104e+08,test
scenario_0278,1,48_B330,0.0,0.00041578171686840193,0.0,0.0,1.1316774e+08,-2.1663046e+08,0.00040628645,0.00023430027,0.0008441168,-0.0024704281,4.1381504e+07,-2.7111066e+08,train
scenario_0279,2,4_0260;4_0601,0.0,3.21218730667816e-05,0.0,0.0,1.8264518e+08,2.290874e+08,-6.694277e-05,-0.00037642336,0.0019213469,0.0028925412,9.533798e+07,1.765897e+08,val
scenario_0280,5,4_0217;4_0220;4_0659;4_0663;4_0668,0.0,9.287753305897706e-05,0.0,0.0,8.99739e+08,1.2957092e+09,-0.0010017797,-4.9025984e-05,0.008698214,0.015848324,8.135992e+08,1.3009279e+09,train
scenario_0281,3,38_0223;38_0259;38_0263,0.0,2.2164214507069957e-05,0.0,0.0,1.4258707e+08,6.19209e+08,-3.904337e-06,0.00027161906,0.001811211,0.008449954,1.1881069e+08,6.9065824e+08,train
scenario_0282,1,37_1006,75045407.44616237,0.0013264846352971649,0.0,75144954.02608933,-1.5743565e+08,6.1682195e+08,0.00110723,0.00211498,-0.0014887629,0.0053180773,-1.8591738e+08,7.377651e+08,train
scenario_0283,3,12_0901;35_AA61;4_0903,156928125.74796498,0.001744008496639582,0.0,157201809.73263115,1.198912e+09,4.169915e+08,0.0017000122,0.001075832,0.01387277,0.008681018,1.3898246e+09,5.9513216e+08,val
scenario_0284,1,17_6050,0.0,3.266163831827651e-05,0.0,0.0,-5.0103917e+08,-9.21815e+08,0.000500791,-0.0005541609,-0.004798782,-0.009503707,-6.921502e+08,-1.1085755e+09,train
scenario_0285,1,32_A352,0.0,8.226933681132476e-05,0.0,0.0,6.3531136e+07,2.9134848e+07,0.00034765084,-0.00023646909,7.015839e-05,-0.000512925,1.758912e+06,2.7552384e+07,train
scenario_0286,5,41_5022;47_3108;48_0115;48_J350;49_7082,3011142744.4144063,0.0072112256479015535,0.02754671886890176,3115803876.8569374,3.801266e+09,2.8898176e+09,0.010038823,0.0095633585,0.044594225,0.027804615,4.3967396e+09,3.2695667e+09,val
scenario_0287,2,17_5854;17_5869,431291888.1328699,0.0010953472928828534,0.0,431764302.5349785,2.3408637e+08,3.3083702e+08,0.001683017,0.0019034797,0.002343122,0.005825533,2.3269251e+08,4.0527306e+08,train
scenario_0288,3,29_0902;29_0903;29_0962,0.0,3.944274491129995e-06,0.0,0.0,6.6518144e+07,-2.6707872e+08,0.00037022447,-0.00023448351,0.0011586836,-0.00263156,1.2406541e+08,-3.1607194e+08,train
scenario_0289,3,13_0565;42_1606;4_1036,0.0,0.0014035071443506686,0.0,0.0,1.4566968e+09,1.07049024e+09,0.002355176,0.0010511006,0.013765809,0.0123437345,1.5274388e+09,1.1908902e+09,test
scenario_0290,2,42_A411;42_A430,0.0,0.0013596024315888355,0.0,0.0,2.4580157e+08,7.404352e+07,0.0014930714,0.0014873903,0.0028283568,0.0011983761,3.5077533e+08,7.04352e+07,train
scenario_0291,3,48_1093;48_1181;48_6086,0.0,0.0029683909358015903,0.0,0.0,-2.1865382e+08,7.892872e+08,0.0016102967,0.0037124844,-0.000754036,0.008508709,-1.4771046e+08,1.0287426e+09,train
scenario_0292,3,17_1002;55_6352;55_6353,1448275717.3343263,0.011689576238606003,0.03176219906115464,1511205868.3760371,5.7578963e+08,-1.6141248e+08,0.003727436,0.0033400906,0.008247384,0.0023877025,6.8673306e+08,-2.579776e+08,train
scenario_0293,2,19_6049;19_9126,70330162.05855292,0.006476624898411609,0.0,70785664.13725066,2.0501696e+09,3.2482345e+09,0.0075115194,0.010125566,0.02117581,0.035507545,2.0629496e+09,3.8676838e+09,train
scenario_0294,1,55_A909,2085194656.2608237,0.002055153145320232,0.04259806792189369,2178305314.215012,5.441967e+08,1.2399382e+08,0.0018398674,0.0017563049,0.0052724974,0.003484326,5.877885e+08,6.769946e+07,train
scenario_0295,3,18_6012;19_0215;27_4033,0.0,0.004029576332467366,0.0,0.0,1.8974861e+09,1.9643986e+09,0.0048259525,0.0064287204,0.020604094,0.023350444,2.0960266e+09,2.3826685e+09,val
scenario_0296,5,27_1003;27_3007;27_3012;27_4055;27_D350,0.0,0.008799545422909283,0.0,0.0,1.3936115e+08,1.1345356e+09,0.0062459963,0.010925133,0.007705369,0.015821297,2.6495398e+08,1.3139628e+09,train
scenario_0297,1,46_3009,0.0,0.0008124193472008878,0.0,0.0,1.090489e+08,1.1939846e+08,0.00047835766,0.0005144243,0.0008438458,0.002377776,7.199846e+07,1.3060384e+08,test
scenario_0298,3,24_0561;24_0562;24_0563,0.0,6.829434034849591e-06,0.0,0.0,1.1453882e+08,-1.3937325e+08,0.00042794493,4.934473e-05,0.0014540963,-0.0018524555,1.4780384e+08,-1.2938694e+08,train
scenario_0299,4,12_4101;29_5058;39_0159;8_3032,0.0,0.0028052849231129384,0.0,0.0,7.02129e+08,3.746925e+08,0.0025509885,0.0023295265,0.0077174334,-0.0014288602,8.66634e+08,3.2685072e+08,train
scenario_0300,2,4_0214;4_6060,0.0,0.0008886098341852611,0.0,0.0,1.0434337e+09,1.3899949e+09,0.0016932362,0.0017339077,0.0099380445,0.014272258,1.0806872e+09,1.517048e+09,val
scenario_0301,5,28_0505;28_0506;28_0509;28_1016;28_3082,0.0,0.00038115831060203664,0.0,0.0,1.3318813e+08,2.314474e+08,0.0013348263,0.0006503647,0.0013588723,0.0027603717,2.2466176e+08,2.9379437e+08,train
scenario_0302,2,53_3011;53_3812,1444903633.4861221,0.003538710047405025,0.014327314513000016,1470718317.289404,1.0964722e+09,2.5396608e+09,0.0020092088,0.002700922,0.014460579,0.028558282,1.3000933e+09,2.9777144e+09,train
scenario_0303,5,38_0214;38_0217;38_0219;38_0220;38_0261,0.0,3.6939107431521734e-05,0.0,0.0,-1.4938515e+08,3.0572826e+08,-0.0008338473,-9.775534e-05,-0.0015500989,0.008470338,-2.2927091e+08,2.726411e+08,test
scenario_0304,1,6_0571,0.0,9.325351834954532e-06,0.0,0.0,2.6324608e+07,2.615838e+08,0.00013215607,-4.4619665e-06,0.0013335361,0.0027155043,4.674509e+07,2.8134826e+08,val
scenario_0305,2,41_AA02;41_AA59,0.0,0.0007546916928377057,0.0,0.0,5.435832e+08,1.3862787e+09,0.0010467673,0.0021103558,0.0058568455,0.013292171,6.246735e+08,1.6359735e+09,train
scenario_0306,5,28_1802;28_5025;28_A310;28_A320;28_A350,0.0,0.00111587017159831,0.0,0.0,3.9778624e+07,-2.8388544e+08,0.0011769267,-0.0005039214,0.0021321988,-0.0072921533,2.8774016e+08,-3.8612768e+08,test
scenario_0307,2,56_2017;56_2019,0.0,0.0,0.0,0.0,2.4013715e+08,4.9891814e+08,0.0014028125,0.0008389938,0.0016072122,0.013196595,2.4964307e+08,6.5770074e+08,train
scenario_0308,2,8_0501;8_0503,0.0,9.992908668210454e-06,0.0,0.0,1.1270227e+08,-3.0258432e+07,0.00025171577,-0.00032970193,0.0017548478,-0.00072297547,1.2166938e+08,-4.598592e+07,train
scenario_0309,3,27_6251;27_B330;27_B340,0.0,0.0009925071626821769,0.0,0.0,3.718637e+07,-7.511252e+08,0.0012060922,0.0009089812,0.00040591182,-0.005891598,1.1786278e+08,-9.578388e+08,test
scenario_0310,1,6_0208,2628467326.8604984,2.7575662262635525e-05,0.024910422986545406,2694016041.5061812,1.1344704e+08,9.194624e+08,0.00014169817,8.6332206e-05,0.0017596083,0.009373436,1.4546618e+08,9.7172883e+08,test
scenario_0311,3,1_0607;34_6057;49_D451,0.0,0.002536948920353166,0.0,0.0,1.2617855e+09,1.5845128e+09,0.0027887684,0.0033798602,0.012885397,0.016913777,1.5287176e+09,1.9465308e+09,val
scenario_0312,3,36_4017;42_B340;42_B351,0.0,0.0005643869429029502,0.0,0.0,-1.6506208e+08,3.491229e+08,0.0006882518,0.0010935162,-0.0011713803,0.0033877161,-8.613773e+07,4.4083005e+08,train
scenario_0313,2,19_0213;53_7322,0.0,0.00023612379045168108,0.0,0.0,5.2792784e+08,7.562149e+08,0.0007653539,0.0012505323,0.0062822774,0.010141779,6.698136e+08,8.773902e+08,train
scenario_0314,4,38_0213;38_0214;38_0215;38_0260,0.0,2.955097263401818e-05,0.0,0.0,2.3634048e+07,3.5006938e+08,-0.00044958433,-0.00034401845,0.00031385245,0.006729653,-4.4437504e+07,3.050364e+08,train
scenario_0315,3,46_A430;4_0221;6_B441,0.0,0.0007433874856332956,0.0,0.0,6.6765555e+08,8.669489e+08,0.000882349,0.0007356275,0.005518941,0.010232334,5.595127e+08,9.1462317e+08,train
scenario_0316,3,12_0507;12_0508;12_0561,0.0,9.40486798617357e-06,0.0,0.0,1.0479066e+08,-8.447904e+07,0.00037898065,-0.00017068093,0.0013825605,-0.0012267968,1.4699091e+08,-9.997747e+07,test
scenario_0317,1,5_5803,41768829.578814305,0.0015910094324108615,0.0,41835284.18065496,-7.233882e+07,7.4426835e+08,0.0012269436,0.001895946,-0.0010740189,0.0065776384,-1.367886e+08,8.965679e+08,train
scenario_0318,1,48_Q353,0.0,0.0001188173216722932,0.0,0.0,-1.5662016e+07,-1.3155866e+08,0.0001182179,0.00012684427,-0.0005732747,-0.0011558989,-1.1781114e+08,-1.8252058e+08,train
scenario_0319,3,27_3005;29_5058;39_5010,0.0,0.002869819362594561,0.0,0.0,3.757977e+08,-3.984832e+08,0.0033256502,0.002980512,0.004738912,-0.0026739575,4.420265e+08,-5.433662e+08,train
scenario_0320,3,49_C445;49_C448;49_C451,0.0,0.0012999472729408046,0.0,0.0,2.3731014e+08,-7.290304e+07,0.001764524,0.0014381361,0.0028570183,-0.0015739948,1.7813274e+08,-8.67863e+07,train
scenario_0321,5,13_0562;16_C330;27_1003;46_0601;6_7456,2153996302.4532743,0.005255615383847223,0.02278740009998274,2214400854.115084,2.1837553e+09,2.6004808e+09,0.0049083615,0.006846287,0.026755432,0.027890505,2.4423212e+09,2.9395459e+09,train
scenario_0322,4,5_3071;5_A310;5_A320;5_A350,0.0,0.0028159746746547754,0.0,0.0,1.3305901e+08,2.7409334e+08,0.0027987175,0.0022027814,0.0024647284,0.004292902,1.809904e+08,2.2404598e+08,test
scenario_0323,2,49_E441;49_E455,0.0,0.0005352135086521548,0.0,0.0,5.4890944e+07,-1.4271386e+08,0.0011413287,0.00037484313,5.4986216e-05,-0.0031285528,-9.900058e+07,-1.5755322e+08,train
scenario_0324,5,21_B320;26_9029;39_0205;49_C450;6_0560,0.0,0.0022986440013095244,0.0,0.0,7.601994e+08,1.1849434e+09,0.0027492126,0.0042971233,0.008261938,0.019902132,9.171168e+08,1.4923334e+09,train
scenario_0325,1,1_C310,0.0,0.00038688373269180065,0.0,0.0,2.922304e+07,-1.8338502e+08,0.00038699736,0.00013279566,0.00020119641,-0.002867994,-1.75072e+07,-2.246537e+08,val
scenario_0326,5,30_0114;30_0115;30_0117;30_0118;30_0119,0.0,1.0545722718080519e-05,0.0,0.0,-2.9441197e+08,-2.995612e+08,-6.7736255e-05,-0.00026279734,-0.002285814,-0.001494349,-2.0633747e+08,-3.3631994e+08,train
scenario_0327,3,5_0804;5_0810;5_B410,63126977.10814484,0.00039608443651140135,0.0,63151980.72130139,3.8032682e+08,-4.5276397e+08,0.0012235346,0.0002823684,0.003926791,-0.0055098273,4.8138134e+08,-5.125438e+08,train
scenario_0328,1,8_0214,0.0,7.880174560437325e-06,0.0,0.0,-3.582637e+07,-4.767776e+07,6.293412e-05,-0.00022710254,0.00076921284,-0.001415615,-3.1937024e+07,-8.053978e+07,train
scenario_0329,2,47_0603;6_A353,0.0,1.7847528180681138e-05,0.0,0.0,3.4705747e+08,3.713291e+08,0.00062001613,0.00022937753,0.0031808456,0.0029256511,2.9191498e+08,3.8927146e+08,train
scenario_0330,4,6_0210;6_0502;6_0571;6_0811,2628774331.5192785,4.63456784217664e-05,0.02490990838282516,2694378691.606358,3.215385e+08,-1.221248e+08,-0.000747212,-0.00018492714,0.0028685988,0.0018441617,2.0408867e+08,-1.743264e+08,train
scenario_0331,1,49_E441,0.0,0.0002676067543261329,0.0,0.0,-2.5145472e+07,-1.5770189e+08,0.00068303896,0.00010093348,-0.00062549394,-0.0029867832,-1.4188672e+08,-1.87869e+08,train
scenario_0332,5,12_4059;12_4101;12_4138;12_4154;12_C330,0.0,0.0006456550132590833,0.0,0.0,-2.4315802e+08,-1.1873746e+09,0.00030817417,0.0005826111,-0.00069406163,-0.0129168965,-2.869472e+07,-1.3391839e+09,train
scenario_0333,1,4_0663,0.0,1.0286305266227203e-05,0.0,0.0,5.894272e+06,8.550925e+07,9.418884e-05,-0.000102732796,0.0011598421,0.0005566841,2.1013184e+07,8.042067e+07,train
scenario_0334,1,12_4107,0.0,8.735349089916689e-05,0.0,0.0,-3.6823302e+08,-9.979212e+08,0.0002754631,-3.9743492e-05,-0.0032758769,-0.009246074,-3.958772e+08,-1.1597466e+09,val
scenario_0335,3,48_AA01;48_AA02;48_AA03,0.0,0.0012712865752567692,0.0,0.0,1.2185744e+08,-6.527476e+08,0.0012458743,0.002275441,0.0016634106,-0.0031508068,1.9184544e+08,-7.351655e+08,val
scenario_0336,3,4_0124;4_1037;4_A902,0.0,0.0009238936691041699,0.0,0.0,3.4655462e+08,9.2661734e+08,0.001717126,0.0037533988,0.0021796413,0.0038954257,4.128894e+08,9.955355e+08,val
scenario_0337,3,53_3813;53_C330;53_C350,38215.59335277701,0.0009823139088308563,0.0,38253.13306166167,5.504296e+08,3.6385956e+09,0.0018017502,0.0039862636,0.008082506,0.041265585,8.8609984e+08,4.353172e+09,train
scenario_0338,2,20_0104;20_0109,0.0,1.2739305418785207e-05,0.0,0.0,1.3059421e+08,-4.306995e+07,0.00031603826,-0.00019422942,0.0018455847,-0.0011883928,1.4363072e+08,-7.748794e+07,train
scenario_0339,3,12_0903;13_0509;4_0260,40975.388643798164,6.459287194993113e-05,0.0,40978.03536182993,4.379029e+08,6.133242e+08,-0.00052898144,-0.00012601144,0.0038330697,0.007979737,2.9302355e+08,5.596799e+08,test
scenario_0340,6,22_0703;35_2118;48_0116;53_7409;6_0202;6_A430,7773940741.613253,0.0048485999883451925,0.08548779551668535,8476210527.080297,5.8325545e+09,3.9437934e+09,0.010601344,0.006854718,0.06831265,0.03919136,7.020424e+09,4.48751e+09,train
scenario_0341,2,39_3013;39_9006,0.0,0.004326171977248383,0.0,0.0,6.9612666e+08,2.188565e+09,0.0045222286,0.0069737616,0.0074328287,0.028517736,7.444867e+08,2.6585134e+09,train
scenario_0342,5,4_0113;4_0120;4_0121;4_0161;4_A901,0.0,0.0001607856663046192,0.0,0.0,-6.468896e+07,-2.0814784e+07,0.0005514048,0.0013049679,-0.00047713704,-0.004918334,-4.685325e+07,-3.973568e+07,test
scenario_0343,2,49_7083;53_0259,14592580.70448896,0.0018555579182198967,0.0,14619658.083162438,2.3536451e+08,8.7292576e+08,0.0016947628,0.0032704384,0.0023625405,0.0072093983,3.6155808e+08,9.729744e+08,train
scenario_0344,3,56_B310;56_B320;56_B330,0.0,0.00013893689878285986,0.0,0.0,-7.866368e+06,-3.78424e+08,0.0013789901,0.0008886267,8.032378e-05,-0.0031648418,-1.9086867e+08,-4.2551776e+08,test
scenario_0345,4,16_5025;49_C444;49_C446;49_C449,712897365.272133,0.0018384222804644912,0.0,714207971.6721338,1.3888006e+08,-2.5344922e+08,0.0026885197,0.0021087623,0.0027089142,-0.0042866766,1.922807e+08,-3.262923e+08,train
scenario_0346,2,27_0505;39_0259,0.0,6.142096932726382e-06,0.0,0.0,1.2156275e+08,-2.3850944e+07,0.00028131227,-8.043251e-05,0.0017035208,-0.00012932857,1.3547078e+08,-2.8567488e+07,val
scenario_0347,3,4_0262;4_0267;4_0503,2.0257216302194596,6.706633824216102e-05,0.0,2.0258574879514963,4.8064538e+08,6.836229e+08,-0.00042818487,-0.0003150066,0.004201063,0.00869066,3.4406726e+08,6.462503e+08,val
scenario_0348,3,5_4019;5_A606;5_A607,0.0,0.003067205442730425,0.0,0.0,1.9055274e+08,3.2753088e+07,0.0025785891,0.0028042055,0.001317908,-0.00064568967,2.1884704e+08,4.5697216e+07,train
scenario_0349,5,12_4136;19_0110;32_A461;4_1025;6_7456,2153996302.4532743,0.00846220298978917,0.02278740009998274,2221307831.9617753,3.6862385e+09,4.760427e+09,0.009500417,0.012427779,0.040162217,0.046469368,4.1982328e+09,5.6372454e+09,train
scenario_0350,6,13_3018;18_1037;19_A430;36_4017;4_0664;55_0215,0.0,0.0030638484693272794,0.0,0.0,8.818445e+08,3.0489274e+08,0.0037885918,0.0031463585,0.011886379,0.007155915,1.1323114e+09,3.468195e+08,test
scenario_0351,3,39_4018;39_9006;39_A410,0.0,0.008941389125470267,0.0,0.0,5.3874627e+09,4.0864707e+09,0.012197221,0.011931878,0.06707744,0.049076818,6.288738e+09,4.820834e+09,test
scenario_0352,3,31_C430;46_A421;46_A423,0.0,0.0012968679310132458,0.0,0.0,2.586617e+08,-3.5920333e+08,0.0023728488,0.0016601947,0.004411849,0.00060097966,4.0485155e+08,-3.6225683e+08,train
scenario_0353,6,18_0670;35_2118;40_0508;41_5021;6_0212;6_0660,10750122378.021763,0.006397035696992792,0.10997223253589836,12001106252.566181,5.7046016e+09,4.6927596e+09,0.009789927,0.00816417,0.0669676,0.051321123,6.61105e+09,5.2476227e+09,test
scenario_0354,5,47_0601;47_0602;47_0604;47_0605;47_0607,0.0,9.044875862529445e-05,0.0,0.0,1.1558391e+09,1.6058716e+09,-0.0008642727,0.00022882014,0.012372876,0.02024689,1.134241e+09,1.6649416e+09,test
scenario_0355,2,17_4082;17_A320,0.0,0.0008765255832154928,0.0,0.0,1.1400032e+08,-6.717131e+08,0.001369631,0.001341061,0.0006163162,-0.004534954,3.385901e+07,-7.8113837e+08,train
scenario_0356,2,46_0661;46_0803,0.0,2.1226462917356415e-06,0.0,0.0,9.735027e+07,1.017152e+06,0.00027821935,-0.0002038714,0.0016322765,0.00051083416,1.0834515e+08,-8.143872e+06,train
scenario_0357,6,17_0659;17_5453;29_A808;41_6011;48_0124;48_A505,3335418427.480577,0.006614798946895761,0.034706267301918475,3473241473.2900176,2.357374e+09,3.2980736e+09,0.0076529062,0.010193426,0.030325757,0.042063016,2.7352474e+09,3.8850826e+09,train
scenario_0358,2,35_0506;4_1022,897810009.4730905,0.0025368907360592274,0.011117060389318626,910068663.4623111,1.624387e+09,2.1634842e+09,0.0034504724,0.0050224774,0.016561644,0.020681519,1.957408e+09,2.5257533e+09,test
scenario_0359,2,54_1640;54_4003,0.0,0.0007866890289929263,0.0,0.0,1.8464422e+08,-7.28409e+08,0.0013231075,-0.0002831258,0.0025784555,-0.007087877,2.8309725e+08,-9.49038e+08,train
scenario_0360,2,48_4142;48_E420,0.0,0.000663323410861949,0.0,0.0,6.809997e+07,5.505939e+07,0.0008264702,0.00010468322,0.0010370794,-0.0017640889,1.868832e+08,5.3737856e+07,train
scenario_0361,3,38_5002;48_1049;48_E420,0.0,0.00202156800305775,0.0,0.0,-1.4434048e+07,-2.195746e+08,0.0013235336,0.0010784304,-1.2483448e-05,-0.0059831953,9.263872e+07,-2.5569715e+08,train
scenario_0362,4,13_0502;53_0259;5_4021;6_8534,14592580.70448896,0.0023356030120722515,0.0,14626663.179936271,1.7205092e+09,2.2270592e+09,0.003552184,0.003748483,0.014900692,0.020962767,1.9391895e+09,2.493814e+09,train
scenario_0363,5,1_0102;1_0103;1_0162;1_0506;1_0564,0.0,1.563525173553515e-05,0.0,0.0,-3.5751424e+07,2.6501568e+08,0.00019507203,0.00011963188,-1.2043398e-05,0.0029374259,-7.004448e+07,3.6847488e+08,train
scenario_0364,4,49_C410;49_C443;49_C447;49_C452,0.0,0.0018412367931487372,0.0,0.0,9.878272e+07,2.1399498e+08,0.0024387003,0.0017542391,0.00343078,0.0014980533,1.836064e+08,2.5461242e+08,train
scenario_0365,1,4_C310,0.0,0.00023870600280029297,0.0,0.0,3.197757e+08,1.9284589e+08,8.046185e-05,-0.00023213075,0.0019647116,0.002182248,2.3149213e+08,2.5897942e+08,test
scenario_0366,6,39_0111;48_3589;4_0264;4_1022;4_A350;8_0215,0.0,0.003645888276438747,0.0,0.0,1.1139278e+09,2.7766659e+09,0.0029866947,0.0061753197,0.009235653,0.027477097,1.0846778e+09,3.108897e+09,train
scenario_0367,4,5_0115;5_0118;5_0120;5_0123,0.0,1.8876731347483577e-05,0.0,0.0,-7.131648e+06,-8.462637e+07,0.00032085413,-0.00014802394,0.00021216413,-0.001756764,1.7617152e+07,-8.888403e+07,test
scenario_0368,3,47_3075;47_B320;47_B350,0.0,0.00022328516710812263,0.0,0.0,-3.657664e+06,-4.873566e+08,0.0008084917,0.001056179,0.00094831875,-0.0064823413,1.3587206e+08,-5.727819e+08,train
scenario_0369,2,39_4018;55_0217,0.0,0.0036262008508588517,0.0,0.0,1.8490573e+09,1.8215496e+09,0.0035943137,0.004173898,0.019470073,0.020148695,2.141992e+09,2.11554e+09,train
scenario_0370,4,28_0501;32_0112;49_7082;4_0660,0.0,0.001775696756133982,0.0,0.0,2.665448e+08,1.05193555e+09,0.0010195579,0.0028854976,0.003237757,0.009569332,2.5815437e+08,1.175845e+09,val
scenario_0371,4,18_0604;18_0608;18_0660;18_0672,0.0,2.5885347478160625e-05,0.0,0.0,1.5414144e+07,2.7011152e+08,-0.00012999005,3.497675e-05,0.00038058264,0.00475361,-5.025152e+06,2.765098e+08,test
scenario_0372,6,26_0117;26_0118;40_0607;48_3769;48_N350;49_E451,0.0,0.00129058658884329,0.0,0.0,3.798243e+08,-1.7453498e+08,0.0010730731,0.0015257259,0.0027388968,0.0017054128,3.5363747e+08,-2.342576e+08,train
scenario_0373,3,48_A310;48_A320;48_K351,0.0,0.00035648165471957594,0.0,0.0,1.1936e+07,-1.8777043e+08,0.00047583645,0.0011053904,-0.00013381662,0.0011928305,-3.675968e+07,-1.7375187e+08,train
scenario_0374,4,46_0603;46_0604;46_0606;46_0661,0.0,7.541857566684129e-06,0.0,0.0,-1.442446e+08,-7.937088e+07,6.6253124e-05,6.104726e-05,-0.0006595636,0.0015426865,-4.3429696e+07,-6.969574e+07,train
scenario_0375,4,10_0104;42_0603;6_0560;6_B411,0.0,0.0007469516648748176,0.0,0.0,7.4224704e+08,8.410676e+08,0.00066255487,0.00035881414,0.0066327467,0.006641035,7.7060384e+08,8.9467283e+08,train
scenario_0376,3,12_C330;17_0606;28_3094,3791382506.538663,0.025775216512922694,0.04203209928252147,4048465977.460852,3.548304e+08,-8.506483e+07,0.0013605314,0.0012141521,0.00321412,0.0003842665,3.8020746e+08,-1.7967482e+08,val
scenario_0377,4,32_0104;32_0106;32_0109;32_0110,0.0,1.3280785607028278e-05,0.0,0.0,5.386944e+06,-1.2370176e+07,0.00032639015,-7.546204e-05,0.00047758734,-0.00035783462,1.8787648e+07,287680.0,train
scenario_0378,4,48_K320;48_K340;48_K350;48_K351,0.0,0.00025985578493170625,0.0,0.0,-2.444626e+08,-1.6681722e+08,0.00041146844,0.0012712637,-0.003340587,0.0029903771,-3.891468e+08,-1.2239494e+08,train
scenario_0379,6,13_3017;17_5453;28_0507;37_1802;47_0601;6_0811,866263677.052003,0.007181843779392572,0.011950208184937793,882837078.736174,2.4847882e+09,1.7858839e+09,0.008113135,0.009379026,0.025991505,0.022460721,2.6959104e+09,2.1174574e+09,train
scenario_0380,3,18_9020;29_0601;4_A310,0.0,0.002818635704935901,0.0,0.0,2.5493985e+09,1.5412909e+09,0.004211995,0.0033189254,0.02796286,0.017574321,2.944601e+09,1.8231084e+09,test
scenario_0381,3,42_7037;55_B903;5_0124,2071228.1052940213,0.0040904652867290725,0.0,2079700.3919596241,2.3641155e+09,1.8038418e+09,0.005122487,0.0057958225,0.026639892,0.0217886,2.650445e+09,2.1042514e+09,test
scenario_0382,2,17_5423;17_9327,10632301.992824178,0.0026637197301967452,0.0,10660623.465419875,8.848467e+07,6.495902e+08,0.0028845314,0.0038995803,0.0009395736,0.010895206,1.2864384e+08,7.755491e+08,train
scenario_0383,1,6_0564,0.0,6.666199735105849e-06,0.0,0.0,3.446528e+06,-1.1185683e+08,9.045401e-05,-5.7613943e-05,0.0010335422,-0.0012084721,8.136256e+06,-1.3782387e+08,train
scenario_0384,1,28_3085,0.0,4.575001378115395e-05,0.0,0.0,-6.92896e+07,-6.117986e+08,0.00038299523,-0.00020622811,-0.000621303,-0.0065373564,-1.675159e+08,-7.3787603e+08,val
scenario_0385,1,8_7780,0.0,0.0004378087684464571,0.0,0.0,2.326286e+08,-5.537918e+08,0.0007429039,-0.0005955461,0.0020702588,-0.0038805343,2.1433498e+08,-6.9172717e+08,train
scenario_0386,2,1_0564;1_C310,0.0,0.0003884009792038956,0.0,0.0,2.5515629e+08,-3.5381376e+07,0.0007873429,0.00037701323,0.0025841147,-0.0006961208,2.7643027e+08,-1.6986944e+07,train
scenario_0387,5,32_A457;32_A458;32_A459;32_A460;32_A463,0.0,0.0014258205315579309,0.0,0.0,8.910042e+07,-2.0236672e+08,0.0024473371,0.0013744801,0.0035269414,-0.0030173762,1.1785274e+08,-2.164313e+08,train
scenario_0388,6,42_A411;48_N310;51_0124;51_A350;55_0213;6_3030,72462720.16800648,0.004302288583322378,0.0,72774475.70170178,1.1701366e+09,5.413364e+08,0.0037587087,0.004663855,0.011308799,0.0039560143,1.2415478e+09,6.18789e+08,train
scenario_0389,1,56_2019,0.0,0.0,0.0,0.0,4.6001024e+07,3.704923e+08,0.00034873374,0.00052672124,-7.0758164e-05,0.006951948,-1.7710592e+07,4.7246726e+08,train
scenario_0390,5,35_0101;35_0102;35_0103;35_0104;35_0505,897913872.113305,1.7301198127483985e-05,0.011117489808144443,907911955.4209191,-4.718093e+07,1.4349917e+08,0.0002871456,-0.0003671795,-4.467927e-05,0.00034477003,-6.863462e+07,1.5721888e+08,train
scenario_0391,5,12_0104;12_0111;12_0509;12_0561;12_0903,0.0,3.059526016224723e-05,0.0,0.0,-2.216288e+07,1.9672195e+08,-0.00012309826,2.9509421e-05,-0.00021240534,0.0020115636,-1.0562042e+08,2.1067725e+08,train
scenario_0392,3,13_0508;1_3998;48_5335,0.0,0.0040902775387172685,0.0,0.0,1.9986737e+09,1.8874202e+09,0.005526975,0.0048745233,0.019553863,0.020131096,2.2779287e+09,2.0855373e+09,train
scenario_0393,3,28_1001;28_3081;28_5006,12621683.29604292,0.0021485484117129694,0.0,12648801.593641777,1.7123789e+08,-1.0571782e+08,0.0021204052,0.0021931583,0.0017078347,0.0015979907,1.4891744e+08,-1.3241485e+08,train
scenario_0394,4,42_0607;46_0803;4_1015;53_7409,460937039.79624355,0.003567508329190505,0.004523813478090507,464666629.71813047,4.473536e+09,2.7329495e+09,0.0078071277,0.0061842757,0.051099524,0.027803417,5.473685e+09,3.1797604e+09,test
scenario_0395,3,49_E458;49_E459;49_E461,0.0,0.0007908798041237342,0.0,0.0,-6.385325e+07,4.418569e+08,0.0012958689,0.0012110118,6.0220715e-05,0.0038661775,-1.5849734e+08,5.8268774e+08,train
scenario_0396,5,17_0659;1_6019;35_2118;39_9022;47_A350,4684326392.079667,0.005251005511690887,0.05605390212001506,4971498588.862874,2.096984e+09,1.3876183e+09,0.006624384,0.0061955,0.02752677,0.01810193,2.5051082e+09,1.6202675e+09,train
scenario_0397,1,28_4024,0.0,0.00010583948204101468,0.0,0.0,-7.027302e+07,-1.0027443e+08,0.00016281707,-7.6002674e-05,-0.0007066624,-0.001707226,-1.8150637e+08,-1.4076922e+08,train
scenario_0398,3,39_4018;39_A411;39_A412,0.0,0.005608239868050369,0.0,0.0,2.8032008e+09,1.233398e+09,0.007421726,0.0056894757,0.036113195,0.01808345,3.2381903e+09,1.3398013e+09,train
scenario_0399,3,49_E431;49_E440;49_E445,0.0,0.0008028202629782877,0.0,0.0,-9.888058e+07,-1.891294e+08,0.0014407752,0.00038060918,-0.0005919123,-0.004598136,-1.8228429e+08,-2.4584653e+08,train
scenario_0400,3,26_0901;26_0902;26_1013,0.0,0.0004328376106615961,0.0,0.0,4.1748528e+08,4.6247667e+08,0.00070105644,0.00021254085,0.004104751,0.007983606,4.2246595e+08,4.9174797e+08,val
scenario_0401,2,19_1044;29_A605,70330162.05855292,0.0008272671163765954,0.0,70388343.88891341,-1.6477664e+08,-5.239344e+08,0.001533472,0.0014801476,-0.001532007,-0.00426526,-2.47539e+08,-6.18174e+08,train
scenario_0402,1,48_0164,0.0,8.096662302392588e-06,0.0,0.0,-1.1414208e+07,9.351782e+07,8.481089e-05,-7.955544e-05,0.000943949,0.0005300087,-5.073088e+06,9.228442e+07,train
scenario_0403,5,49_D410;49_D430;49_D444;49_D445;49_D450,0.0,0.0023516502158689168,0.0,0.0,2.778766e+08,1.140897e+09,0.0028010597,0.0023496095,0.00541442,0.012128966,4.481977e+08,1.3543846e+09,train
scenario_0404,2,29_A411;4_A455,0.0,0.0008133033571193771,0.0,0.0,4.8077414e+08,-3.4822355e+08,0.0011955788,0.0009876327,0.003829763,-0.0043446785,4.292804e+08,-4.053182e+08,train
scenario_0405,5,49_A330;49_A332;49_B320;49_B351;49_B361,4642807.320920074,0.0004113399633519643,0.0,4644717.093113312,-4.9192896e+07,4.7190595e+08,0.0025772962,0.0028927554,0.002721461,0.007613241,-1.1149888e+07,6.454359e+08,test
scenario_0406,1,29_A605,0.0,0.00029371453114956925,0.0,0.0,-1.6809024e+08,-2.73928e+08,0.0005179357,0.00053291745,-0.0015411843,-0.004243699,-2.793746e+08,-3.2592077e+08,train
scenario_0407,5,26_1010;26_D310;26_D340;26_D350;26_D351,0.0,0.0004006893655201793,0.0,0.0,1.6208013e+08,-4.305383e+08,0.00080123614,0.00039944693,0.0047256653,0.003017725,2.4505565e+08,-5.3928045e+08,train
scenario_0408,4,22_0703;22_0705;22_0706;22_4001,0.0,0.0011857706668384482,0.0,0.0,9.960102e+07,8.8111846e+08,0.0006433275,0.0010352479,0.00041423133,0.008109219,6.371373e+07,9.616613e+08,train
scenario_0409,2,32_AA59;42_1691,0.0,0.0014179158151658156,0.0,0.0,9.579799e+08,8.8275814e+08,0.002375515,0.0028409774,0.008749553,0.010851627,1.0327785e+09,1.06020826e+09,train
scenario_0410,3,48_0115;48_0163;48_0903,0.0,2.6392664471130978e-05,0.0,0.0,2.2551914e+08,4.208236e+08,0.00013744971,-0.00029041572,0.0025578015,0.004770061,1.8877325e+08,4.3925725e+08,val
scenario_0411,1,48_AA03,0.0,0.00042377625252154605,0.0,0.0,1.0849037e+08,-2.4121574e+08,0.00045276305,0.0008231255,0.00063173566,-0.0018217433,5.3180096e+07,-2.908684e+08,val
scenario_0412,4,18_A430;1_4084;34_0502;4_0217,0.0,0.0008521541500167151,0.0,0.0,5.0702496e+08,3.5408384e+07,0.0018794904,0.00026510283,0.0043132175,0.00152842,5.1614323e+08,-1.1562112e+08,train
scenario_0413,3,47_3101;47_9025;47_A310,0.0,0.00019674613064557533,0.0,0.0,1.576686e+08,-1.2621271e+09,0.0012695704,0.00026086532,0.0014969707,-0.010810038,1.9564986e+08,-1.5076065e+09,test
scenario_0414,5,28_0805;28_0806;28_2807;28_3090;28_3097,0.0,0.0010547347803554485,0.0,0.0,2.587809e+08,-1.5333176e+09,0.0021604665,0.00013668276,0.0014753924,-0.01251786,1.8626048e+08,-1.8109975e+09,train
scenario_0415,3,27_1018;27_4055;27_D340,0.0,0.0036790696206181472,0.0,0.0,1.3846013e+08,4.3325274e+08,0.0029200714,0.004154767,0.001561719,0.008298891,1.8790157e+08,5.6590394e+08,test
scenario_0416,2,48_2108;48_3010,0.0,0.0008752337648664232,0.0,0.0,2.7592448e+07,-1.6919706e+08,0.00051113765,0.0003598465,-0.00015227357,-0.0036008973,-3.770176e+06,-1.864263e+08,test
scenario_0417,5,29_0506;29_0607;29_0760;29_0808;29_0964,0.0,1.4840324856102427e-05,0.0,0.0,-1.9101376e+07,5.847471e+08,0.00014556851,0.00019525271,0.0005399692,0.0076671992,-1.5919616e+07,7.053426e+08,train
scenario_0418,3,46_A412;55_0908;55_B908,2506062178.285507,0.0022313291149835823,0.05111766548475059,2639758075.9014587,9.876306e+08,3.1226512e+08,0.0025142059,0.002616684,0.011820555,0.009324274,1.05851776e+09,2.740319e+08,train
scenario_0419,2,56_B310;56_B330,0.0,9.262459918868426e-05,0.0,0.0,8.511386e+07,-3.5648288e+08,0.0007981601,0.00056298694,-0.00026215613,-0.0035608616,-1.5380397e+08,-4.1319622e+08,train
scenario_0420,3,19_0604;37_A965;39_0809,0.0,0.00034483479205049683,0.0,0.0,3.5837773e+08,1.3153197e+08,0.0010815129,0.00039152452,0.0034636473,0.00054028025,4.6678883e+08,1.2777869e+08,test
scenario_0421,4,39_0106;39_0111;39_0201;39_0209,0.0,2.6612173780860005e-05,0.0,0.0,1.0835808e+08,2.5939555e+08,0.00015421747,-0.00017225137,0.0012941244,0.002432811,6.437453e+07,2.6129507e+08,train
scenario_0422,4,48_1174;48_3749;48_M330;48_M350,0.0,0.004290490370338684,0.0,0.0,-3.625275e+08,-1.115222e+09,0.00041609677,0.0014320076,-0.0035121385,-0.013139114,-4.285863e+08,-1.2914545e+09,test
scenario_0423,5,12_0902;17_5423;26_9029;5_A350;6_0812,0.0,0.006156255336561167,0.0,0.0,1.5912256e+08,1.9220858e+08,0.0037794467,0.006086273,0.0037540577,0.012752073,7.661811e+07,3.9969098e+08,test
scenario_0424,2,24_0560;29_AA62,0.0,0.0009087715013588182,0.0,0.0,3.5721008e+08,-1.4725536e+08,0.0012796542,0.0012014824,0.0034720497,6.8950467e-06,3.2519616e+08,-1.586201e+08,train
scenario_0425,1,4_A450,0.0,0.0,0.0,0.0,3.043785e+08,2.3984682e+08,0.0005474016,0.0006535363,0.00251714,9.544659e-06,3.652287e+08,2.4462387e+08,train
scenario_0426,5,26_0123;26_0159;26_0223;26_0901;26_0902,0.0,3.481718540299106e-05,0.0,0.0,1.2676803e+08,8.104247e+08,-0.00037687016,0.0005970703,0.001588779,0.01118972,1.0415379e+08,9.39359e+08,test
scenario_0427,1,46_0601,0.0,1.8854643917265435e-06,0.0,0.0,4.9529024e+07,925440.0,0.00021740701,-8.134078e-05,0.0014855745,0.0015723696,1.1793536e+08,-2.2166528e+07,test
scenario_0428,1,40_4088,0.0,3.096454168649565e-05,0.0,0.0,9.38976e+06,-2.5536e+08,0.0002427157,-3.5837293e-05,-0.00025899988,-0.002775887,-8.680909e+07,-2.9324134e+08,test
scenario_0429,5,55_3008;55_A907;55_A908;55_B901;55_B903,13333634612.672724,0.027160564698187728,0.2721723780842072,17324830699.269245,4.4218445e+09,3.1334228e+09,0.0130443275,0.013046652,0.065236256,0.0504919,5.1483587e+09,3.5835356e+09,val
scenario_0430,3,31_7005;51_0113;6_B421,5092654.888445688,0.00216471349659364,0.0,5103679.027216201,8.0315936e+08,1.982741e+09,0.0017440224,0.0030755047,0.007058717,0.02105161,8.6686605e+08,2.3659238e+09,test
scenario_0431,4,29_A320;29_A340;29_A351;29_AA62,0.0,0.002206612042029321,0.0,0.0,2.6189171e+08,-1.00260294e+09,0.0026814556,0.0022266852,0.003203555,-0.008943599,3.4064058e+08,-1.140907e+09,train
scenario_0432,5,4_1017;4_1018;4_C320;4_C340;4_D320,0.0,0.00881931366527866,0.0,0.0,-5.5197696e+07,2.0597908e+09,0.0012087789,0.003917855,0.000632884,0.01884271,-1.8948806e+08,2.3399053e+09,test
scenario_0433,4,36_B353;4_0224;6_B412;8_A415,0.0807366761628009,0.0012301329517284687,0.0,0.08083599300856179,7.118585e+08,1.1313171e+09,0.0015196229,0.0015734711,0.00666983,0.013976315,7.036988e+08,1.22388e+09,test
scenario_0434,1,48_0122,0.0,8.096662302392588e-06,0.0,0.0,7.549696e+06,8.896083e+07,0.000112428796,-2.3707515e-05,0.0010635867,0.000674773,1.9609024e+07,8.908525e+07,train
scenario_0435,5,6_2004;6_3010;6_3013;6_3024;6_7493,16887282054.435022,0.01985991298572054,0.15767748244222074,19885406126.23643,8.5838075e+09,8.672006e+09,0.01900893,0.015276816,0.09666081,0.08243721,1.0507271e+10,1.0124178e+10,train
scenario_0436,1,53_1005,456462077.5096051,0.0004435955920163437,0.0,456664562.075111,-1.8689728e+08,1.02906246e+09,0.0006533462,0.0032892753,-0.0006828839,0.015099294,-2.2600378e+08,1.2538172e+09,train
scenario_0437,5,16_9032;28_3087;34_0507;41_7025;4_A453,19149024965.148243,0.021849552419978324,0.17556940861896522,22929405578.676598,1.3994058e+09,1.9810529e+09,0.004134368,0.004950474,0.014986417,0.028103976,1.56712e+09,2.4250363e+09,train
scenario_0438,4,16_1007;18_0602;1_0161;22_4001,0.0,0.0012272156411807789,0.0,0.0,-1.4183168e+08,1.537727e+08,0.001942933,0.0017069795,-0.00027975067,0.0011339146,-5.828941e+07,1.1516378e+08,train
scenario_0439,1,47_1023,0.0,0.0021798140409866607,0.0,0.0,7.915802e+07,2.5568778e+08,0.0015304247,0.0022368836,0.00036612246,0.0013076118,2.1722624e+07,2.6139898e+08,test
scenario_0440,3,48_1077;49_C457;6_8201,0.0,0.0010861827219323938,0.0,0.0,2.8481613e+08,1.6770369e+09,0.0013055338,0.0018028341,0.004011214,0.017176757,3.1368266e+08,1.9713551e+09,train
scenario_0441,1,27_0501,0.0,1.4764124179889038e-06,0.0,0.0,-1.492128e+07,-1.032537e+08,0.00010103476,-0.0002951338,0.00064433273,-0.0014555557,-2.6707072e+07,-1.2414445e+08,train
scenario_0442,5,49_A310;49_B320;49_B350;49_B351;49_B390,0.0,0.00032091169058123814,0.0,0.0,-4.2580544e+07,2.752806e+08,0.00248787,0.00240897,0.002778069,0.0057848007,1.6157888e+07,4.1604042e+08,train
scenario_0443,5,31_0113;31_0118;31_0120;31_0902;31_0904,0.0,6.161886280775519e-06,0.0,0.0,-9.155827e+07,3.3552384e+07,0.00032255007,-0.00036730664,-0.00027470663,0.00013671536,-8.368186e+07,7.643763e+07,train
scenario_0444,3,55_0124;55_0218;55_0262,0.0,1.0908550518440308e-05,0.0,0.0,2.0088851e+08,2.3786118e+08,0.0004797671,-0.00010233559,0.0023510936,0.0015814579,2.4016787e+08,2.732689e+08,train
scenario_0445,2,12_B320;12_B351,0.0,0.00047084791272200555,0.0,0.0,1.5530486e+08,-2.6144256e+08,0.00058831926,0.00030278624,0.0016313419,-0.0026267692,2.3453312e+08,-3.0116627e+08,train
scenario_0446,2,29_AA61;29_AA62,0.0,0.0018088085868012138,0.0,0.0,3.1176314e+08,-3.0613805e+08,0.002034469,0.0027723638,0.002686208,0.0014464506,2.5346771e+08,-3.309892e+08,train
scenario_0447,3,45_1011;55_0903;8_6002,2500770987.777299,0.0009438304326089275,0.05111769867409494,2630964949.346667,1.7085961e+09,1.822272e+09,0.002313004,0.0016598399,0.018188342,0.021356562,1.8221747e+09,2.0790285e+09,train
scenario_0448,3,13_0560;30_0901;31_A430,0.0,0.00029592784976062436,0.0,0.0,4.8473114e+08,7.231635e+08,0.000815631,-6.272085e-05,0.0039571077,0.008840545,4.210723e+08,7.4332205e+08,val
scenario_0449,5,1_1019;1_B310;1_B320;1_B330;1_B350,0.0,0.0007936703195224881,0.0,0.0,7.911616e+07,-6.592847e+08,0.0008324868,-0.0012817648,0.001956672,-0.011591049,3.806837e+08,-7.821073e+08,train
scenario_0450,6,17_0603;27_6251;35_0505;39_3801;42_1608;4_BA60,897913872.113305,0.0067371075765904065,0.011117489808144443,913945762.7860565,2.6118129e+09,6.8389357e+08,0.0062609552,0.0064875986,0.032254055,0.010499657,2.968402e+09,7.023056e+08,train
scenario_0451,1,12_C310,0.0,8.103980358509233e-05,0.0,0.0,3.351904e+07,-4.182386e+08,0.00013727043,0.00031868648,0.00015173387,-0.005919002,1.0762752e+07,-5.0419066e+08,test
scenario_0452,5,1_0109;1_0505;1_0506;1_0507;1_0564,0.0,1.484276444529975e-05,0.0,0.0,-6.559853e+07,6.4406144e+07,0.00018660817,-3.8231723e-05,-0.0002554804,0.0006876313,-8.997805e+07,1.0489088e+08,val
scenario_0453,3,19_0215;19_0216;19_0702,0.0,2.908855580296965e-05,0.0,0.0,1.3718371e+08,1.7437571e+08,-8.2582235e-05,-0.00025823992,0.0015166919,0.0025373516,9.057754e+07,1.3337267e+08,test
scenario_0454,3,19_5042;19_5046;19_9116,0.0,0.0031678122431015865,0.0,0.0,5.94141e+08,9.0288864e+08,0.0044791424,0.0048277695,0.00965568,0.0131811015,7.4098675e+08,1.05383066e+09,train
scenario_0455,3,49_7082;49_C441;49_C453,0.0,0.002622179977129213,0.0,0.0,2.2861322e+08,5.6254637e+08,0.003113263,0.003576595,0.0020292574,0.0032455241,2.8800317e+08,6.0969914e+08,val
scenario_0456,4,40_AA02;40_AA03;40_AA61;40_AA62,0.0,0.000578095283641944,0.0,0.0,-5.293165e+07,-1.758073e+08,0.0013339161,0.00063883106,-0.00020290818,0.0007034582,-2.3849152e+07,-1.6142234e+08,val
scenario_0457,3,22_0121;22_0705;22_0706,0.0,2.5778253556207886e-05,0.0,0.0,1.8116525e+08,4.413182e+08,0.00016107899,0.000113223214,0.0021604942,0.004895636,1.2913254e+08,4.7314534e+08,train
scenario_0458,2,46_0603;46_0804,0.0,2.1226462917356415e-06,0.0,0.0,8.640109e+07,1.9363584e+07,0.00026870263,-0.00035413913,0.0016038618,0.0009526559,1.0617837e+08,7.465088e+06,val
scenario_0459,1,6_8153,0.0,0.0,0.0,0.0,1.7868106e+08,8.381366e+08,8.841022e-05,0.000326236,0.0016280203,0.010629548,1.9916058e+08,1.0302323e+09,val
scenario_0460,2,48_0113;48_0161,0.0,1.6193324604785175e-05,0.0,0.0,1.2234454e+08,2.1226138e+08,0.0001974618,-0.00030555576,0.0019181138,0.0017811572,1.1671034e+08,2.0299238e+08,train
scenario_0461,6,12_3811;26_9029;39_0207;49_D430;4_AA02;6_0209,2632827699.7565813,0.008160874771397375,0.024910315778313697,2719898446.2997885,5.3407933e+09,3.8615235e+09,0.013174262,0.011321282,0.06302345,0.044981018,6.2975647e+09,4.5145846e+09,test
scenario_0462,3,6_7491;6_8149;6_8151,18870997291.562256,0.007994479297963264,0.18642123067362792,22539815627.873302,6.276746e+09,5.237847e+09,0.013976907,0.012859186,0.06911467,0.049278095,7.4711516e+09,6.1275546e+09,test
scenario_0463,1,50_1004,0.0,0.00758247949974078,0.0,0.0,-2.3222611e+08,2.1080333e+08,0.00051544467,0.0010457581,-0.0016504424,0.0060411496,-2.4558688e+08,2.9938413e+08,train
scenario_0464,2,48_B430;48_D420,0.0,0.00039109326608122164,0.0,0.0,1.8137226e+08,-6.05251e+08,0.00040994468,0.00015929854,0.0012396639,-0.008839102,1.7496672e+08,-6.988427e+08,test
scenario_0465,4,29_AA64;38_0217;47_6022;4_0262,2.0257216302194596,0.0010759017593258147,0.0,2.027901107685317,1.0640544e+08,4.0582448e+08,0.0015357678,0.0018723466,-0.0005793357,0.009899631,-2.1482355e+08,4.2680672e+08,train
scenario_0466,3,17_1003;17_4082;17_A350,321582074.7219961,0.0013754889133087422,0.0,322024407.3004951,2.287695e+08,-1.4850102e+09,0.0024884609,0.0014642219,0.0023682485,-0.013042064,1.842544e+08,-1.7761551e+09,val
scenario_0467,3,20_4053;20_A411;20_A412,20390099.291034553,0.0024251948899316478,0.0,20439549.25564037,2.124166e+08,-2.6848883e+08,0.0027524205,0.0026753307,0.0029549175,-0.0014206264,2.6605437e+08,-3.1796083e+08,val
scenario_0468,5,29_5058;39_0202;42_1613;53_BA59;6_B421,0.0,0.0040591309808144516,0.0,0.0,6.601895e+08,1.5028928e+09,0.003761473,0.0046038004,0.006999926,0.014732938,7.8729914e+08,1.7494748e+09,train
scenario_0469,2,12_A352;13_5023,0.0,0.0024190457808247467,0.0,0.0,1.8529606e+08,1.2603973e+09,0.0017763025,0.003355648,0.0018010461,0.0105599705,3.9076317e+08,1.5178912e+09,train
scenario_0470,1,29_0807,0.0,1.901009072380333e-08,0.0,0.0,-6.992179e+07,-3.6756416e+07,1.9783154e-05,-0.00012255623,0.00026301434,-0.000969762,-9.516736e+07,-4.433632e+07,train
scenario_0471,1,48_6160,0.0,0.00024242334337709615,0.0,0.0,9.733088e+07,2.414993e+08,8.5041625e-05,0.00038138195,0.0004565767,0.0021145614,2.784384e+07,2.5147018e+08,test
scenario_0472,1,48_K351,0.0,6.496514212306348e-05,0.0,0.0,-6.815578e+07,-5.644352e+07,0.0003781065,0.0007004478,-0.001035192,0.00036943844,-1.1995213e+08,-5.540691e+07,val
scenario_0473,5,6_0202;6_0204;6_0206;6_0210;6_0211,13464241687.174843,0.00013501380040126243,0.1232228910248121,15125162331.765028,5.0933693e+09,5.754971e+09,0.0033404003,-5.5270502e-05,0.05959467,0.06373018,5.7815613e+09,6.397205e+09,train
scenario_0474,4,32_0207;32_0208;32_0210;32_0259,0.0,1.4528945287861639e-05,0.0,0.0,6.920902e+07,3.1055523e+08,0.00021401513,1.2221513e-05,0.001202255,0.004154602,6.1429696e+07,3.7542192e+08,val
scenario_0475,3,35_0506;35_0507;35_0801,1795537855.864625,1.4102371568514016e-05,0.022233895838346632,1835484978.8677359,1.3303882e+08,1.8018464e+08,0.00028864923,-9.1056805e-05,0.0017075138,0.0020350688,1.3430016e+08,2.0111347e+08,train
scenario_0476,3,29_0604;29_0706;29_0901,0.0,1.1222146067524363e-05,0.0,0.0,7.892397e+07,-4.1325696e+07,0.00019220286,-0.00021510571,0.001265218,2.4219975e-05,9.762854e+07,-7.544666e+07,train
scenario_0477,1,56_2018,0.0,0.0007538851686955672,0.0,0.0,1.0189734e+08,5.1871056e+08,0.00033283164,0.0009724564,0.00047948398,0.0065276055,4.239936e+07,6.0418944e+08,val
scenario_0478,3,28_1001;37_0211;51_0115,0.0,0.00028328246689557357,0.0,0.0,3.9624134e+08,-5.0442925e+08,0.001198406,-0.000526926,0.003961648,-0.0052081877,4.3713328e+08,-6.3210784e+08,train
scenario_0479,4,26_A350;26_B320;26_B330;26_B350,0.0,0.0016774731019582045,0.0,0.0,7.86969e+08,8.254638e+08,0.0021752007,0.0017259005,0.014452947,0.017688848,1.226242e+09,9.555456e+08,test
scenario_0480,3,26_0602;26_0603;26_0606,0.0,1.023384470000277e-05,0.0,0.0,1.0950528e+08,-9.45385e+07,0.00035453332,-0.0002892618,0.0014263852,-0.0013560764,1.3967354e+08,-1.1936294e+08,val
scenario_0481,6,23_0504;53_0801;55_0903;56_7772;6_0602;6_3010,2506130325.665835,0.003106670490250152,0.05111769867409494,2642023661.6186996,4.636128e+09,3.5017754e+09,0.0061298134,0.0048379013,0.055092234,0.03892736,5.3716127e+09,4.022915e+09,test
scenario_0482,2,13_0508;32_2027,0.0,0.000628277520187126,0.0,0.0,9.190184e+08,4.4259117e+08,0.0011013747,0.000870737,0.008984616,0.004534417,1.0700166e+09,4.4918102e+08,test
scenario_0483,3,42_1623;42_1690;42_A410,0.0,0.0028966374862188227,0.0,0.0,7.511274e+08,1.2802588e+09,0.0037367162,0.0047019096,0.008139647,0.01525037,8.9543206e+08,1.5448325e+09,train
scenario_0484,5,29_A601;29_A602;29_A603;29_A606;29_A607,0.0,0.0014681173469672792,0.0,0.0,1.5967514e+08,-1.420941e+09,0.0017522709,0.001361086,0.0031371098,-0.018217199,3.0350384e+08,-1.6948959e+09,train
scenario_0485,1,20_0204,0.0,1.0108304377864918e-05,0.0,0.0,3.3347008e+07,2.3719971e+08,0.00013018353,-5.48861e-05,0.0013732384,0.0026102592,5.581888e+07,2.364648e+08,train
scenario_0486,5,32_7000;32_A457;32_B340;32_B350;32_C320,0.0,0.0022974646287508005,0.0,0.0,2.5359104e+08,-4.268871e+08,0.0035260404,0.0024245505,0.005086071,-0.006932319,3.8154368e+08,-4.622265e+08,test
scenario_0487,4,17_0602;17_6050;27_4055;42_1623,63126977.10814484,0.003654824167539261,0.0,63357695.10970338,-1.3628384e+08,1.321048e+09,0.0042974628,0.005606874,0.0011443677,0.017370768,-2.2758592e+08,1.5766246e+09,train
scenario_0488,2,27_4034;39_0206,0.0,0.0016132162808784045,0.0,0.0,4.3201984e+08,6.895154e+08,0.0015148063,0.0020821344,0.0042644884,0.008451937,5.27792e+08,8.5437914e+08,val
scenario_0489,4,18_4042;18_A310;18_A410;18_A430,0.0,0.002223369803861619,0.0,0.0,3.441373e+08,-1.0255697e+09,0.0029585136,0.0024456326,0.005090077,-0.006353868,4.9438282e+08,-1.2953715e+09,train
scenario_0490,5,32_AA01;32_AA02;32_AA03;32_AA59;32_AA60,0.0,0.00784457719328413,0.0,0.0,4.6555782e+08,1.5546336e+09,0.006319465,0.009727824,0.0071573216,0.017636865,7.118264e+08,1.7989988e+09,test
scenario_0491,5,4_0118;4_0119;4_0123;4_0506;4_0507,0.0,1.2446348385375394e-05,0.0,0.0,-1.5844371e+08,-5.699885e+07,7.488299e-05,-0.00026076194,-0.0009789793,0.0007742271,-1.1045773e+08,-5.6974336e+07,train
scenario_0492,2,13_0502;48_0901,0.0,4.313001624756119e-05,0.0,0.0,3.4281584e+08,1.2995325e+09,0.00010808115,-0.00015199394,0.0035326392,0.013073512,2.6866106e+08,1.4075407e+09,val
scenario_0493,5,23_0505;27_2023;28_7012;4_BA60;53_A330,1364366408.1510575,0.009840956818535473,0.014410814307296531,1397454710.0133104,1.5619955e+09,8.119789e+07,0.009946612,0.010581795,0.015960025,0.0027509625,1.4258029e+09,-9.45728e+07,test
scenario_0494,5,48_0113;48_0114;48_0118;48_0121;48_0167,0.0,4.0483311511851916e-05,0.0,0.0,1.2612787e+08,3.9174134e+08,-0.00029603275,-0.00042206817,0.0013783989,0.004363687,6.446477e+07,3.6618298e+08,test
scenario_0495,2,12_1370;48_0119,0.0,0.0001215442987551052,0.0,0.0,7.135354e+07,-1.292904e+09,0.00049725606,-0.0002418356,0.0010426813,-0.009581786,1.3830374e+08,-1.5084234e+09,train
scenario_0496,1,34_6057,0.0,0.0021179709035715755,0.0,0.0,2.2480384e+07,1.2415919e+09,0.0014496562,0.0029158858,0.00037375465,0.012020726,1.3896448e+08,1.5253832e+09,val
scenario_0497,4,37_5827;51_0114;51_0117;51_0124,17604105.35294363,0.0005022891929717943,0.0,17612947.70481435,1.6963654e+08,1.5876352e+08,0.00095873093,0.0008872389,0.0018798197,0.0024456782,2.4871926e+08,2.0388253e+08,test
scenario_0498,2,16_1021;16_B310,0.0,0.0009670715078583525,0.0,0.0,2.9259354e+08,7.434202e+07,0.0011956942,0.00079560117,0.0022223415,-0.00015390059,1.328295e+08,1.0046778e+08,train
scenario_0499,5,6_2004;6_3010;6_3013;6_3019;6_8150,20390099.291034553,0.012532657300429295,0.0,20645641.417770818,6.88004e+09,7.387115e+09,0.01726967,0.0144204255,0.07500918,0.069286026,8.336257e+09,8.566287e+09,train
scenario_0500,2,20_0102;20_0106,0.0,8.238254442849424e-06,0.0,0.0,1.0638586e+08,-5.423149e+07,0.00031974446,-0.0002422256,0.0016018627,-0.0014683502,1.1465504e+08,-9.726739e+07,test
scenario_0501,5,13_0505;1_4126;37_0801;40_4164;4_0219,53935530.90985484,0.0021545530711607475,0.0,54051737.87362136,2.0884854e+09,2.4768486e+09,0.00395485,0.0030289812,0.021383578,0.026519388,2.3007816e+09,2.7221135e+09,train
scenario_0502,2,53_3019;53_7409,968663893.8235629,0.0031342324378696995,0.009562728972764317,980962981.903315,3.7362765e+09,2.099464e+09,0.0068242364,0.0051511107,0.044244323,0.022013774,4.3959665e+09,2.5097539e+09,train
scenario_0503,1,37_0202,0.0,6.653131222056352e-06,0.0,0.0,-4.9175936e+07,-9.043232e+07,5.480065e-05,-0.00025629788,0.0005493155,-0.0021209056,-5.4381504e+07,-1.2630259e+08,val
scenario_0504,2,19_A310;19_A330,0.0,0.0,0.0,0.0,1.3328294e+08,-4.2830022e+08,0.0009055217,0.0008216122,0.0006963941,-0.0030512651,-4.968256e+06,-5.1650835e+08,val
scenario_0505,1,41_7019,0.0,0.0002512007621040535,0.0,0.0,-5.948979e+07,1.1674614e+09,0.0001207029,0.00076209253,0.0001674192,0.010790284,4.374592e+06,1.3681257e+09,train
scenario_0506,3,36_0801;36_0802;36_0859,0.0,2.5696048266965477e-07,0.0,0.0,7.374483e+07,1.6983414e+08,0.00028181635,-0.0007078119,0.002042978,0.002132413,9.126931e+07,1.6347693e+08,val
scenario_0507,4,13_0508;17_0608;27_4055;29_0964,0.0,0.0021157612791175007,0.0,0.0,7.193432e+08,1.3418237e+09,0.00075200305,0.0036311364,0.0061766766,0.016067598,5.3727494e+08,1.5422917e+09,train
scenario_0508,3,51_0120;51_0122;51_0124,0.0,1.3869852371728442e-05,0.0,0.0,1.3449283e+08,7.751168e+06,0.00039684086,0.0001467443,0.0015696343,-0.0001784414,1.6949242e+08,2.6429632e+07,val
scenario_0509,4,28_0506;47_C350;4_0219;4_1003,3791382506.538663,0.03626638898410328,0.04203209928252147,4088242025.2411666,8.01384e+09,7.7498767e+09,0.016769184,0.018521963,0.086600706,0.07510863,9.079855e+09,9.103683e+09,train
scenario_0510,1,41_AA01,20390099.291034553,0.00037734584641901936,0.0,20397793.410310093,8.509664e+07,5.385411e+08,0.0004473083,0.0011608449,0.001072397,0.0049299016,9.473363e+07,6.2764096e+08,train
scenario_0511,2,48_1076;4_0217,0.0,0.00025830126255343977,0.0,0.0,3.5447226e+08,5.5630765e+08,0.0005805943,0.00092426466,0.0031581996,0.005062015,3.238753e+08,5.2059808e+08,train
scenario_0512,3,48_3579;48_F330;48_F340,0.0,0.0006183018424438247,0.0,0.0,4.8670336e+07,-3.9739974e+08,0.0009815439,0.0009593618,-0.00013346877,-0.002687836,-1.1120512e+07,-5.1116576e+08,train
scenario_0513,2,32_A330;32_A352,0.0,0.00020035584110722482,0.0,0.0,2.6398333e+08,3.1464333e+08,0.00071053405,0.00027377484,0.0015783072,0.002766605,1.865886e+08,3.6565968e+08,train
scenario_0514,2,29_0502;29_0801,0.0,2.4987044751068055e-06,0.0,0.0,7.643821e+07,-2.005952e+08,0.0002849598,-0.00039026304,0.0013701809,-0.0031452067,8.15369e+07,-2.4577837e+08,train
scenario_0515,5,29_0602;29_0705;29_0801;29_0959;29_0961,0.0,1.3234409940610092e-05,0.0,0.0,-1.0425638e+08,1.0054541e+08,1.5484635e-05,-0.0001592217,-0.00038184412,0.003263936,-8.8184e+07,1.1076429e+08,val
scenario_0516,5,48_1113;48_1116;48_3679;48_4142;48_E410,0.0,0.0019065826297506305,0.0,0.0,-1.5127194e+08,4.2025683e+08,0.0016002462,0.0010332437,0.00022129156,0.0010350011,7.139757e+07,5.715698e+08,train
scenario_0517,4,13_0507;19_0702;29_0705;6_7456,2153996302.4532743,0.0035604520150165353,0.02278740009998274,2210749478.4865685,3.3049044e+09,3.03771e+09,0.0044599264,0.005733693,0.033958524,0.030304328,3.6850808e+09,3.5130762e+09,val
scenario_0518,4,26_0117;26_0122;26_0124;26_9029,0.0,0.0018657869562977991,0.0,0.0,1.2704765e+08,1.2191099e+09,0.00074252195,0.0034595467,0.0015252614,0.020260168,9.491795e+07,1.5404563e+09,train
scenario_0519,2,46_3012;46_3053,0.0,0.0008873546355336881,0.0,0.0,3.1609216e+07,3.294126e+08,0.0013976868,0.001050901,-2.7604867e-05,0.0048093125,-1.731136e+07,3.9335824e+08,train
scenario_0520,4,18_0605;18_0663;26_0118;6_0503,0.0,2.5799143177240857e-05,0.0,0.0,-1.0578176e+07,8.871085e+07,-0.000214244,-0.00028058514,0.000100817066,0.0028656265,-3.852307e+07,3.2256064e+07,val
scenario_0521,4,34_0503;34_0505;34_0903;34_0962,0.0,1.2274616445595576e-05,0.0,0.0,2.9371226e+08,7.760225e+08,0.0004382612,1.3091834e-05,0.003328111,0.006024249,3.7702566e+08,9.055644e+08,train
scenario_0522,2,12_0106;12_0566,0.0,1.0962723167917687e-05,0.0,0.0,1.8810272e+08,2.1242835e+08,0.0003688631,0.00011561625,0.0022596652,0.0017376966,2.0682838e+08,2.3680064e+08,test
scenario_0523,6,17_9267;18_A903;29_0660;31_B430;47_0608;8_9020,453116207.84282,0.011440101847941864,0.009905507783845063,462788249.5332685,7.301504e+08,1.7159699e+09,0.009662058,0.011873756,0.009063032,0.021835987,7.188795e+08,1.7865437e+09,train
scenario_0524,3,35_0105;35_0509;35_0903,1862847103.6502647,1.778193035861797e-05,0.023082073398746114,1905878602.2448275,1.4051325e+08,1.193857e+08,0.0002640467,-5.6992285e-05,0.0017161029,0.0011937199,1.317824e+08,1.2705075e+08,train
scenario_0525,2,42_0604;42_0662,0.0,2.7188519118315213e-05,0.0,0.0,2.0585597e+08,3.2016938e+08,0.00013676123,-0.0001699205,0.0024364353,0.0033519408,1.7602931e+08,2.916026e+08,train
scenario_0526,4,6_0203;6_0207;6_0560;6_0607,5258113848.50015,7.630986585616117e-05,0.04982013839082526,5520475054.069576,2.5149215e+09,2.8928937e+09,0.0011912637,-0.00026283553,0.029955266,0.033405706,2.9185823e+09,3.213958e+09,test
scenario_0527,3,35_0508;35_0509;35_0801,4488506397.297908,5.1607538348652504e-05,0.05558534283230254,4738233204.962722,1.2991837e+08,2.457191e+08,0.00020688423,0.000101378886,0.0017612148,0.0034564869,1.1053331e+08,2.776221e+08,train
scenario_0528,4,22_0702;22_0704;22_0705;22_0709,0.0,0.0012449179921706355,0.0,0.0,3.0819894e+08,1.0134038e+09,-0.0002588702,7.854309e-06,0.0032588313,0.011097244,2.0281974e+08,1.0783123e+09,test
scenario_0529,5,17_9327;40_0603;49_7082;53_AA01;8_7776,10632301.992824178,0.00470010570873125,0.0,10682274.936117606,2.6474038e+09,6.9351834e+08,0.007283271,0.005545925,0.036262795,0.010443881,3.0926344e+09,7.47369e+08,val
scenario_0530,3,20_0259;20_A411;20_A412,0.0,0.0019100119469732668,0.0,0.0,5.1732384e+08,-3.1529472e+07,0.0021724966,0.0022458956,0.003990868,0.001586115,4.4735594e+08,-6.5875776e+07,train
scenario_0531,3,40_A320;40_A330;40_A340,0.0,0.0008626602349458556,0.0,0.0,1.0835034e+08,-5.779851e+08,0.000669379,0.00046665734,0.0005458286,-0.007918576,6.992736e+07,-6.54979e+08,train
scenario_0532,4,13_4119;29_AA02;39_0101;48_0161,4543365.446115179,0.002625932494635941,0.0,4555296.017075138,1.927193e+08,-9.050221e+07,0.002155567,0.003517433,0.00036299648,0.0007874579,2.1088064e+07,-8.445549e+07,test
scenario_0533,3,49_A310;49_A332;49_B352,0.0,0.0002659778926176193,0.0,0.0,2.4707363e+08,5.934151e+08,0.0010237019,0.0017607291,0.0026166597,0.008187569,9.01577e+07,7.84291e+08,train
scenario_0534,1,4_A449,0.0,0.0,0.0,0.0,3.607427e+08,4.369171e+07,0.0004427299,0.00021755579,0.0028609145,-0.0010034712,3.876554e+08,3.9270016e+07,train
scenario_0535,3,10_0110;10_0112;10_0159,0.0,7.1270223833685975e-06,0.0,0.0,9.984742e+07,4.086925e+07,0.0004796693,0.00019859453,0.0012059473,-0.00023631472,1.3711763e+08,9.870266e+07,train
scenario_0536,4,48_A504;4_0222;4_0262;6_0211,2629093313.022901,0.0005277441398612304,0.024910401544935974,2695972571.738504,1.2952289e+09,1.8200612e+09,0.0006385506,9.280909e-05,0.012273675,0.021715488,1.3435735e+09,1.9002918e+09,train
scenario_0537,2,53_3013;53_A330,0.0,0.0005009510379191395,0.0,0.0,6.751497e+08,1.01967174e+09,0.001737071,0.0026270302,0.008670469,0.015774697,9.401235e+08,1.2652712e+09,train
scenario_0538,2,31_B430;40_5021,0.0,0.003173288313128908,0.0,0.0,2.8800768e+07,3.503335e+08,0.0026099123,0.002891812,-0.00044629723,0.0054466487,-1.0752218e+08,3.630361e+08,train
scenario_0539,6,12_0103;18_9020;23_1028;28_7012;4_0268;5_A603,1364366408.1510575,0.008214239980402938,0.014410814307296531,1395235272.2037885,1.2346426e+09,1.2575899e+09,0.00833033,0.008849472,0.011782404,0.013449352,1.07137114e+09,1.2239434e+09,train
scenario_0540,5,29_A601;29_A602;29_A604;29_A607;29_A608,0.0,0.0014681173469672792,0.0,0.0,1.6697485e+08,-1.1221427e+09,0.0017666073,0.0015806436,0.0031575179,-0.014053527,3.1384515e+08,-1.3291776e+09,train
scenario_0541,5,20_0101;20_0108;20_0109;20_0110;20_0111,0.0,2.734879021681902e-05,0.0,0.0,-1.5703405e+08,-1.110903e+08,-3.7118094e-05,-9.205891e-06,-0.0016593356,-0.0023917314,-2.2662682e+08,-8.059379e+07,train
scenario_0542,1,27_4055,0.0,0.0020722590199085955,0.0,0.0,5.723232e+07,8.372191e+08,0.0015045339,0.0033409619,0.0006087916,0.008694194,9.321203e+07,1.0147096e+09,train
scenario_0543,4,18_0602;18_0606;18_0660;18_0661,0.0,2.5884865630265708e-05,0.0,0.0,7.935808e+06,3.3062685e+08,-0.00022911862,3.072666e-05,0.00032160524,0.0060596038,-2.4633344e+07,3.3679018e+08,test
scenario_0544,5,35_0102;35_0103;35_0104;35_0105;35_0108,0.0,1.2811674789725558e-05,0.0,0.0,-1.0330381e+08,-1.3784698e+08,0.0003015881,-0.00021975534,-0.0007856544,-0.0030079791,-1.7693568e+08,-1.2502125e+08,train
scenario_0545,5,49_0803;49_7085;49_E449;49_E459;49_E460,0.0,0.0014626149432570568,0.0,0.0,-2.7685075e+08,-9.9785926e+08,0.0018733782,0.0010821185,-0.0025033876,-0.015190152,-3.346635e+08,-1.1933491e+09,train
scenario_0546,1,6_A430,0.0,0.0004474809502200694,0.0,0.0,2.5791635e+08,7.853755e+08,0.00035337755,0.0008992305,0.0019896138,0.006084563,2.5233168e+08,9.090945e+08,train
scenario_0547,1,6_A411,0.0,0.0002492191840032243,0.0,0.0,2.8870026e+08,7.465225e+08,0.00012001861,4.1272957e-05,0.0019524703,0.006778289,2.6765117e+08,8.6309754e+08,val
scenario_0548,3,29_7054;48_3779;5_0122,423445394.3176106,0.016430522202504627,0.007573965455731146,433609984.0594445,4.37916e+08,1.1970889e+09,0.0030974331,0.004027679,0.004158848,0.01188335,5.238816e+08,1.3688118e+09,train
scenario_0549,3,53_0201;53_0202;53_0204,0.0,1.7777669605867352e-05,0.0,0.0,9.404602e+07,-2.19656e+08,0.00036982843,-0.00063651986,0.0014349413,-0.0043814797,9.979021e+07,-3.1141574e+08,train
scenario_0550,4,31_3023;31_3024;31_B410;31_B430,0.0,0.010994316136068716,0.0,0.0,6.351241e+08,3.0781827e+09,0.01053682,0.0138738435,0.00792495,0.03683898,5.9998406e+08,3.5537032e+09,train
scenario_0551,4,46_A410;46_A412;46_A422;46_A423,0.0,0.0010386360265616235,0.0,0.0,4.951501e+07,-1.5320512e+09,0.0024523688,0.00063990254,0.0020788028,-0.012666594,1.0919309e+08,-1.7689226e+09,val
scenario_0552,5,12_4057;27_C350;49_D410;55_0214;5_0223,0.0,0.0047525438012188115,0.0,0.0,2.285231e+09,1.8575667e+09,0.0044108573,0.005135542,0.027511446,0.017950812,2.8129037e+09,2.118263e+09,val
scenario_0553,2,55_0265;55_0903,2500770987.777299,2.8850181410966513e-05,0.05111769867409494,2628676793.280082,2.1420608e+08,4.354046e+08,1.8761726e-05,-0.00020624371,0.0023349891,0.0054109753,1.5559834e+08,4.234795e+08,train
scenario_0554,4,28_7012;29_0602;32_0203;47_0601,1364366408.1510575,0.004620080081098377,0.014410814307296531,1390331521.1716537,6.7185984e+08,-9.337267e+07,0.003371303,0.0044402685,0.00521292,0.00080084475,2.6812723e+08,-3.3333715e+08,test
scenario_0555,4,20_0201;20_9037;30_0120;8_0218,0.0,0.00031397136771438294,0.0,0.0,-1.1883878e+08,-5.3237306e+08,0.0005935116,-0.00038933964,-0.0008583078,-0.004343096,-1.4434509e+08,-7.0606906e+08,train
scenario_0556,3,39_4018;39_A410;39_A430,0.0,0.0056082262289723905,0.0,0.0,2.3066212e+09,5.1220166e+08,0.0070227906,0.005941562,0.029768398,0.008558044,2.6126536e+09,4.4708093e+08,train
scenario_0557,2,32_AA03;6_3042,21720623216.145844,0.027138650534688002,0.2006157859471116,26667591516.772633,4.627862e+09,4.1420928e+09,0.0087268725,0.009292712,0.05067486,0.040370967,5.529249e+09,4.921537e+09,train
scenario_0558,2,26_C320;6_0204,2488510619.135763,8.479492459978477e-05,0.023582421259891392,2547406737.936251,3.5932698e+08,8.55532e+08,0.0004997958,0.00011481112,0.0033236425,0.0093677305,4.3769603e+08,8.9069594e+08,val
scenario_0559,2,48_A808;6_0212,2628553183.4855742,6.740583387565557e-05,0.024910401544935974,2694208678.587639,4.1101312e+08,1.4359451e+09,0.0004357706,0.0005173426,0.003606353,0.016532838,3.6883798e+08,1.5857329e+09,train
scenario_0560,4,46_6600;46_A411;46_A422;46_A430,0.0,0.0009204674110632194,0.0,0.0,6.77529e+07,-1.639767e+09,0.0023681598,0.0009579451,0.0019848906,-0.01348057,1.4304998e+08,-1.8928901e+09,test
scenario_0561,4,26_0117;26_0120;26_0122;26_0123,0.0,1.5324242988890013e-05,0.0,0.0,-1.0496704e+07,4.3094406e+08,7.2675524e-05,0.0004876986,0.00042036362,0.007012563,1.5260736e+07,5.274296e+08,train
scenario_0562,4,20_0162;20_0163;20_0164;20_0903,0.0,8.958589874596967e-06,0.0,0.0,5.3491776e+07,-2.5091155e+08,0.00043591403,-0.0004522479,0.00089711696,-0.004124496,5.673152e+07,-2.828156e+08,train
scenario_0563,4,49_1005;49_1008;49_B330;49_B350,0.0,0.012206569287936286,0.0,0.0,-1.3299258e+08,-7.3407597e+08,0.0031771483,0.0024812587,-0.0005275775,-0.009247452,-5.3618496e+07,-9.186521e+08,train
scenario_0564,1,29_B350,0.0,0.0,0.0,0.0,-2.0876736e+07,-7.657094e+07,0.00043595664,0.0004349097,-0.00030027144,0.0008246708,-1.272617e+08,-8.738189e+07,train
scenario_0565,1,39_5003,0.0,0.0006231044187557933,0.0,0.0,3.3805898e+08,9.718864e+08,0.00052483263,0.0008491229,0.004567046,0.0126297,4.8527366e+08,1.1151393e+09,train
scenario_0566,2,36_B310;45_3012,0.0,0.004980866635333037,0.0,0.0,4.8542032e+08,1.7483187e+09,0.0025337571,0.004797753,0.0041164537,0.018201627,6.214494e+08,2.0501873e+09,train
scenario_0567,6,13_3011;37_0201;42_9027;51_0119;55_0261;55_B909,20619106.647321314,0.00612277177409315,0.0,20745352.731508546,2.2018314e+09,2.1406036e+09,0.008637026,0.009962194,0.02394957,0.024963291,2.2359378e+09,2.2957693e+09,val
scenario_0568,1,6_A805,0.0,1.8192118429238846e-05,0.0,0.0,-2.4882182e+08,-1.4403715e+09,0.0001599791,0.0004137121,-0.0024125455,-0.018614,-3.7038048e+08,-1.6914012e+09,train
scenario_0569,5,5_A601;5_A602;5_A604;5_A607;5_B430,63126977.10814484,0.005348793906256311,0.0,63464630.298621275,-2.3548224e+07,-4.063164e+08,0.0039618453,0.0056800055,-0.0013624821,-0.0045817243,-7.723706e+07,-5.0729952e+08,val
scenario_0570,5,55_0113;55_0119;55_0264;55_0806;55_0902,3320279294.2862206,3.542063353745295e-05,0.06770166922693996,3545185351.2051682,9.965824e+06,1.8168595e+08,-0.00034069992,-0.0005519178,4.201755e-05,0.0030818144,-4.668845e+07,1.1868128e+08,test
scenario_0571,1,48_1168,0.0,4.464722514563313e-05,0.0,0.0,-2.7972326e+08,-3.757948e+08,0.000422296,-0.00020066136,-0.002735163,-0.002744588,-3.7674067e+08,-4.5724026e+08,test
scenario_0572,2,47_3101;47_9024,0.0,0.0009888666951113345,0.0,0.0,-5.848832e+07,-7.083477e+08,0.0007388091,0.00042075384,-0.0007782364,-0.005092974,-1.1349274e+08,-8.2698003e+08,train
scenario_0573,2,56_1007;56_A363,0.0,0.0001234234557281333,0.0,0.0,1.7348797e+08,3.488096e+07,0.00086711056,0.0007384536,0.0012894161,0.004259662,1.5422822e+08,6.624979e+07,train
scenario_0574,2,12_1060;12_4103,0.0,0.0,0.0,0.0,-6.795386e+07,-1.3002511e+09,-0.00018834719,-0.0011158928,7.3944684e-05,-0.01741289,-1.1721363e+08,-1.6008845e+09,train
scenario_0575,4,36_1643;36_A320;36_A321;36_A350,0.0,0.0017628925518381466,0.0,0.0,-2.802983e+08,-5.253442e+08,0.0013738658,0.0018219844,-0.0019106688,-0.0029770155,-1.0837754e+08,-6.6863354e+08,train
scenario_0576,4,48_Q310;48_Q320;48_Q340;48_Q350,0.0,0.0004752692866888397,0.0,0.0,-2.7024064e+08,4.8326157e+08,0.00085209147,0.0013863815,-0.002280212,0.010780285,-3.024965e+08,5.788366e+08,train
scenario_0577,5,10_0105;28_3087;31_4019;45_5017;4_BA03,0.0,0.006501569613564073,0.0,0.0,-1.1964141e+08,2.0813133e+08,0.0045791743,0.006388277,-0.00066259224,0.0045055263,4.806656e+06,1.8485229e+08,train
scenario_0578,2,4_A430;4_A444,0.0,0.0,0.0,0.0,5.7365536e+08,2.2913632e+08,0.000935692,0.0012394217,0.0050088717,0.0006663585,5.927705e+08,2.9735523e+08,test
scenario_0579,5,27_1003;27_2018;27_3005;27_3012;27_6064,0.0,0.007770268195597008,0.0,0.0,-3.1761766e+08,-6.790045e+08,0.005560057,0.0078337025,0.0032317205,-0.0033820104,-1.5886963e+08,-9.623395e+08,train
scenario_0580,6,19_0218;4_0263;4_0664;54_4004;6_7493;8_0216,16887282054.435022,0.011797885036408662,0.15767748244222074,19749260386.32566,7.381928e+09,5.9598264e+09,0.010888407,0.010284135,0.084316105,0.063170746,8.434742e+09,6.9315784e+09,train
scenario_0581,1,20_0205,0.0,9.830590333215206e-06,0.0,0.0,5.7624e+07,-4.409715e+07,0.0001579069,-2.463325e-05,0.0013842946,-0.00028350297,7.995117e+07,-7.463533e+07,train
scenario_0582,1,27_0705,0.0,4.292109500592112e-06,0.0,0.0,-6.365632e+06,-1.0747443e+08,0.00013339776,-8.7775756e-05,0.00073049404,-0.0019653747,-9.724032e+06,-1.2985824e+08,test
scenario_0583,5,48_1050;48_H310;48_H320;48_H340;48_H351,0.0,0.0011028508810303483,0.0,0.0,-1.94691e+08,-1.276862e+09,0.0014234879,0.0010660894,-0.0017773332,-0.017891467,-1.1059699e+08,-1.4999503e+09,train
scenario_0584,4,19_0216;19_0221;19_0701;19_0702,0.0,3.895728914649066e-05,0.0,0.0,1.7647958e+08,6.0699603e+08,-0.0002380989,-0.00023849402,0.0019168751,0.007080837,1.2108493e+08,6.1596346e+08,train
scenario_0585,1,23_0509,0.0,2.175831769646308e-06,0.0,0.0,-4.604544e+06,-6.506509e+07,0.000102599384,-0.00015056692,0.00073833857,-0.0013337769,-1.0178688e+07,-7.887174e+07,test
scenario_0586,6,18_9020;21_B320;24_0961;37_0209;48_4142;4_1003,3791382506.538663,0.03738251923326519,0.04203209928252147,4092473701.9428577,8.3867484e+09,8.858032e+09,0.016995577,0.020750236,0.097127646,0.086175464,9.620205e+09,1.0479184e+10,val
scenario_0587,2,48_2172;48_D330,0.0,0.0015990306532163157,0.0,0.0,3.1819853e+08,3.8734163e+08,0.0010779125,0.0014274607,0.0032694987,0.0063138595,3.1212566e+08,4.138727e+08,train
scenario_0588,1,55_0806,0.0,6.660177742645601e-07,0.0,0.0,-5.0352e+07,-1.484736e+08,4.1098567e-05,-0.00014019012,0.00045416038,-0.0019136304,-6.972858e+07,-1.7857811e+08,test
scenario_0589,5,13_3016;29_AA03;37_0208;47_C310;48_0124,4543365.446115179,0.004760033257441898,0.0,4564992.016739399,1.0726035e+08,-3.6681146e+08,0.0042928434,0.0054303966,-0.0015928326,-0.0041292273,-8.068422e+07,-5.3293536e+08,train
scenario_0590,3,27_3003;29_5091;6_0204,4077345345.590798,0.0017857711624045258,0.023582421259891392,4180780226.889898,4.6846077e+08,9.372028e+08,0.002609877,0.0029758099,0.004283025,0.012200156,4.3578368e+08,9.9886336e+08,test
scenario_0591,6,41_6012;48_B330;48_C420;4_0606;55_3016;8_0812,0.0,0.0018358605466294309,0.0,0.0,6.2093594e+08,7.496508e+08,0.0022244477,0.0030891506,0.005703348,0.014080061,7.242196e+08,8.9443424e+08,train
scenario_0592,4,17_1002;17_4074;17_B320;17_B340,1448275717.3343263,0.011689576238606003,0.03176219906115464,1511205868.3760371,2.9680752e+08,-6.261333e+08,0.0040565273,0.0037652873,0.006428641,0.00016384386,4.7681984e+08,-7.6772205e+08,train
scenario_0593,2,31_0114;31_0124,0.0,2.4913340863630395e-06,0.0,0.0,8.831597e+07,-9.275514e+07,0.0002761993,-0.00025521638,0.0014626719,-0.0016956897,9.47376e+07,-1.0225798e+08,train
scenario_0594,6,13_0562;24_0902;27_0759;4_0222;55_0907;6_0203,5131744621.074607,0.00012857060625737216,0.07602805290088283,5522560964.116578,3.1878671e+09,2.8295053e+09,0.0004651649,-7.200497e-05,0.036717303,0.03373533,3.376269e+09,3.0126282e+09,train
scenario_0595,6,13_0505;24_0501;27_3010;32_3013;48_3669;6_0208,2628467326.8604984,0.0028486728572090225,0.024910422986545406,2701431203.3089957,1.5725576e+09,1.8983168e+09,0.0034560969,0.0044499105,0.018636886,0.019196585,1.6823798e+09,2.0216909e+09,train
scenario_0596,1,48_3779,0.0,0.000282558089468421,0.0,0.0,-7.057869e+07,3.138067e+08,0.0006075838,0.0012624267,-0.0004977966,0.0018886887,-5.0158336e+07,2.8995136e+08,test
scenario_0597,2,5_3073;5_A607,63126977.10814484,0.0035704319137195295,0.0,63352367.6818284,1.772697e+08,4.265494e+08,0.0027384632,0.004151698,0.00024029473,0.0035938364,1.2712902e+08,5.3004822e+08,test
scenario_0598,1,22_3056,0.0,0.0,0.0,0.0,-2.0960531e+08,2.6536109e+08,0.0002511053,0.00017806306,-0.001838387,0.0023386888,-2.8833107e+08,3.0361123e+08,train
scenario_0599,3,53_0202;53_0203;53_0204,0.0,1.7779874561640874e-05,0.0,0.0,1.0197011e+08,-1.7982803e+08,0.00039046933,-0.00057814154,0.0014907368,-0.0039304122,1.1252288e+08,-2.470656e+08,train
scenario_0600,4,29_1002;29_B310;29_B320;29_B330,0.0,0.0,0.0,0.0,1.9953024e+08,-4.2187027e+08,0.0024991755,0.0016770121,0.0040745614,0.0043392046,3.316361e+08,-4.6883437e+08,val
scenario_0601,2,26_0220;26_9030,0.0,0.001364570939431986,0.0,0.0,1.6547222e+08,6.660776e+08,0.0010905144,0.0027193476,0.0020289435,0.010388353,2.2122166e+08,8.1514746e+08,test
scenario_0602,1,30_0502,0.0,3.780623195503985e-06,0.0,0.0,-1.0086656e+07,-5.985965e+07,9.093713e-05,-0.00023790612,0.0008323514,-0.0008652285,-1.4590464e+07,-8.675962e+07,train
scenario_0603,3,48_H310;48_H340;48_H351,0.0,0.0006567790056959399,0.0,0.0,1.4186032e+08,-6.124409e+08,0.00093272096,0.00089738227,0.00080980174,-0.009129452,2.2423891e+08,-6.927302e+08,val
scenario_0604,1,32_0110,0.0,3.3202288275413494e-06,0.0,0.0,-1.3441536e+07,1.187136e+06,0.000104253646,2.5124755e-06,0.0006850534,-0.00048593525,-1.9892288e+07,5.538112e+06,train
scenario_0605,4,29_B320;29_B330;29_B340;29_B350,0.0,0.0,0.0,0.0,1.9722128e+08,-1.1875136e+07,0.0023339042,0.0020830263,0.004405427,0.009404392,3.4742694e+08,4.1255296e+07,test
scenario_0606,2,13_0503;6_0206,2628881351.1998644,6.050233055288068e-05,0.02491007991857979,2694526049.2032113,1.0436391e+09,1.7934295e+09,0.0003257657,-0.0001462514,0.0104217455,0.020183694,1.0780632e+09,1.9396332e+09,train
scenario_0607,1,6_A421,0.0,0.0001350664285441061,0.0,0.0,3.372863e+08,7.534914e+08,1.974823e-05,0.0001664476,0.0021692826,0.0069728633,2.9554176e+08,8.919967e+08,test
scenario_0608,3,12_0562;12_0564;12_4106,0.0,0.0009264452729317307,0.0,0.0,4.675458e+08,1.1636685e+08,0.0011129329,0.0013749579,0.0047768354,8.77562e-05,6.361055e+08,1.5550022e+08,train
scenario_0609,5,26_0259;31_0118;56_A350;8_0259;8_0502,0.0,4.1672878644538613e-05,0.0,0.0,2.8742483e+08,4.6526554e+08,0.0006659889,0.00047687883,0.0024754237,0.0068299808,2.1411907e+08,5.84927e+08,train
scenario_0610,5,19_0707;20_4054;37_3816;48_0902;5_3074,0.0,0.012404226400945517,0.0,0.0,8.01397e+08,2.0862725e+09,0.0040832963,0.006496,0.00873188,0.025564397,9.255688e+08,2.4621437e+09,test
scenario_0611,5,23_1001;36_4017;42_3044;5_0117;6_B410,0.0,0.0063146456274151275,0.0,0.0,1.1465132e+09,1.9274432e+09,0.0068610883,0.00756806,0.011528451,0.022862062,1.0308988e+09,2.2827336e+09,train
scenario_0612,4,1_0107;1_0110;1_0505;1_0606,0.0,1.696440566623103e-05,0.0,0.0,3.7828736e+07,-3.766752e+07,0.00031955377,-0.00025401567,0.00072546955,-0.001098535,3.821216e+07,-6.2979136e+07,val
scenario_0613,6,13_0505;17_0608;18_A901;26_0223;47_3104;9_0961,0.0,0.003558709775625668,0.0,0.0,1.340321e+09,1.0797677e+09,0.0030333367,0.004208176,0.013686445,0.015202619,1.2292698e+09,1.1055346e+09,val
scenario_0614,2,35_0111;35_0509,897371189.9204419,9.613581054224163e-06,0.011117080838210266,907355964.9313384,1.1910598e+08,5.645248e+06,0.00026721065,-0.00012385659,0.0017843032,-9.622611e-05,1.1554707e+08,-8.013824e+06,train
scenario_0615,2,38_0222;6_7452,167636513.0548069,0.000252704527698433,0.0,167678875.56066343,3.0177165e+08,8.708699e+08,0.00064044516,-0.0002625729,0.0034049149,0.0072065406,3.60154e+08,9.68482e+08,train
scenario_0616,1,27_1004,0.0,0.001359442399740951,0.0,0.0,1.9513907e+08,-6.387033e+08,0.0014218995,0.00069431413,0.0016311174,-0.0064971102,1.65515e+08,-8.363956e+08,train
scenario_0617,5,13_0509;20_1010;33_1001;42_0602;49_0804,40975.388643798164,0.00034704649819039535,0.0,40989.609008938976,2.554411e+09,1.5084628e+09,0.003182044,0.0014753493,0.031391174,0.022317346,2.9131617e+09,1.6470167e+09,val
scenario_0618,3,17_A320;17_A330;17_A340,0.0,0.0015350782225138637,0.0,0.0,3.2187734e+08,-1.1781061e+09,0.0024564122,0.0019424371,0.0032441113,-0.011753924,2.900602e+08,-1.4644526e+09,test
scenario_0619,3,28_0504;28_0806;28_0902,0.0,1.3930455709632028e-05,0.0,0.0,1.6344736e+08,-8.263846e+07,0.00041493238,-0.00041724043,0.0019408311,-0.0021243356,1.9788723e+08,-1.3445894e+08,val
scenario_0620,1,29_A310,0.0,0.00043403736572733553,0.0,0.0,3.7921216e+07,-4.0580768e+08,0.0007571621,0.00022088084,0.0005019903,-0.004481051,-2.884672e+07,-4.795188e+08,test
scenario_0621,3,12_4135;12_4136;12_4137,0.0,0.0017398308477141189,0.0,0.0,1.1252858e+08,-5.506115e+08,0.0011566136,0.00085956615,0.0018622344,-0.008460062,9.927571e+07,-7.3577965e+08,test
scenario_0622,3,48_B410;48_B430;48_D410,0.0,0.000606713073717402,0.0,0.0,6.566643e+07,-9.6081146e+08,0.0005366085,-4.2218948e-05,-4.3799635e-05,-0.013623968,1.0846771e+08,-1.1574794e+09,train
scenario_0623,5,12_4057;13_3011;51_5010;6_0206;8_B330,2628881351.1998644,0.005934939971481756,0.02491007991857979,2709969248.7662363,5.6395924e+09,5.492194e+09,0.012722524,0.011367347,0.06533552,0.05772701,6.6824084e+09,6.3619364e+09,train
scenario_0624,4,35_0105;35_0109;35_0110;35_0111,0.0,1.0249094692604821e-05,0.0,0.0,4.0303936e+07,-4.5560896e+07,0.00044493913,-0.00019501313,0.000773964,-0.001623,4.2896896e+07,-2.6726464e+07,val
scenario_0625,5,32_0203;32_0204;32_0207;32_0210;32_0259,0.0,1.8161409206629564e-05,0.0,0.0,-1.9081472e+07,2.8342803e+08,4.405435e-05,-0.00016002683,0.00034139724,0.004075202,-4.0322944e+07,3.3528576e+08,train
scenario_0626,4,35_2118;35_6035;35_6401;35_AA61,4684293549.105968,0.006331324322129017,0.05605390212001506,4976524262.888419,3.2228037e+09,2.3559012e+09,0.010220423,0.007844486,0.040743377,0.028944187,4.1079122e+09,2.6558648e+09,test
scenario_0627,3,29_0601;29_0659;29_0662,0.0,2.1294776336833188e-05,0.0,0.0,8.649978e+07,1.0322938e+08,-5.1250914e-05,-0.00013828347,0.0011413009,0.00244362,7.234042e+07,7.852781e+07,train
scenario_0628,4,13_0507;13_0561;49_C310;4_0260,0.0,0.00025734020548928704,0.0,0.0,1.2051311e+09,8.0575974e+08,0.0002841535,0.00014368515,0.011541188,0.010757372,1.1749535e+09,7.067825e+08,train
scenario_0629,3,16_1010;16_C320;16_C330,0.0,0.0010377606744926826,0.0,0.0,1.6083782e+08,-3.0074624e+07,0.0017643942,0.000915625,0.0025034514,-0.00089848693,1.4719693e+08,-3.626579e+07,test
scenario_0630,4,12_0502;40_0123;5_0116;6_7456,2153996302.4532743,0.003526260218095101,0.02278740009998274,2210675829.482425,2.4757473e+09,2.6500838e+09,0.0039346563,0.005587671,0.026411137,0.02526651,2.9166208e+09,3.1605537e+09,val
scenario_0631,5,20_3013;20_4053;20_4063;29_4036;29_5483,20390099.291034553,0.004693141608503537,0.0,20485792.914418828,-1.4024717e+08,3.3364362e+08,0.003997902,0.005393213,0.0038455909,0.0043942956,6.245491e+07,4.0724323e+08,train
scenario_0632,5,16_B350;18_0667;26_0159;28_0508;6_0210,2699104493.5778313,0.0005267690582151374,0.02490990838282516,2767760743.9606333,4.7137597e+08,1.2922225e+09,0.00030022836,0.0010248896,0.0035767825,0.015948534,3.5646214e+08,1.4599836e+09,train
scenario_0633,1,27_0704,0.0,4.292127010585567e-06,0.0,0.0,-4.13568e+06,-8.092518e+07,0.00012415857,-9.9277124e-05,0.0007826444,-0.0014948677,-8.239744e+06,-1.0311232e+08,train
scenario_0634,3,4_0661;4_0662;4_0663,0.0,3.0999701962519666e-05,0.0,0.0,1.822423e+08,4.492571e+08,-7.513724e-05,0.00013042265,0.0019874224,0.0059824362,1.220736e+08,4.7508515e+08,train
scenario_0635,3,26_0123;26_0217;26_0659,0.0,1.9773249486987332e-05,0.0,0.0,2.3513549e+08,8.6747264e+08,0.0002560278,0.0003528269,0.0028273934,0.009905578,2.2527562e+08,1.0100813e+09,train
scenario_0636,4,13_3011;1_4007;49_C331;6_0207,2628935616.6856127,0.0008939461049349839,0.02490973684588928,2696771837.8366976,4.5250074e+08,2.4409856e+09,0.004205567,0.0053677587,0.0035671624,0.02682851,4.4314378e+08,2.75605e+09,test
scenario_0637,3,39_0209;39_0259;39_0260,0.0,1.9056963391439474e-05,0.0,0.0,1.4709485e+08,1.9091754e+08,0.0002418654,3.8491795e-05,0.0017838986,0.0020558564,1.3370643e+08,2.0878957e+08,train
scenario_0638,5,1_0112;1_0161;1_0162;1_0601;1_0607,0.0,2.2361185926467186e-05,0.0,0.0,3.214656e+06,5.1071574e+08,5.2132877e-05,0.00034309318,0.0005023149,0.0063219676,-2.9059584e+07,6.222712e+08,train
scenario_0639,1,18_0665,0.0,6.47133729114735e-06,0.0,0.0,2.459232e+07,4.939584e+06,0.00014579366,-5.5714278e-05,0.0011083335,-0.000101823825,3.8106176e+07,-1.026752e+07,train
scenario_0640,2,37_5826;42_1627,0.0,0.005740199903777277,0.0,0.0,1.1288297e+09,2.4386145e+09,0.0040486157,0.006504543,0.010305909,0.02520326,1.2998676e+09,2.9448164e+09,train
scenario_0641,4,34_0506;34_0507;34_0508;34_0509,0.0,1.2357272583640722e-05,0.0,0.0,4.58016e+07,5.5140096e+07,0.00034123054,-0.00030398415,0.00090830075,0.0002620262,5.949357e+07,6.802554e+07,val
scenario_0642,2,17_1002;18_A960,1479324579.6191735,0.015192456270119892,0.03176219906115464,1548785755.3782744,3.9928432e+08,-2.328999e+08,0.004287986,0.0043086787,0.0022563455,-0.0009886138,3.2954195e+08,-4.082462e+08,train
scenario_0643,5,39_0105;39_0108;39_0205;39_0209;39_0210,0.0,2.7724061230971486e-05,0.0,0.0,-3.300928e+06,-4.808619e+08,-0.00015498023,-0.00043396978,-0.00010987837,-0.00579705,-1.1280269e+08,-5.5997357e+08,train
scenario_0644,4,31_3028;31_7050;31_A410;31_A430,0.0,0.002829046643690547,0.0,0.0,3.672685e+07,4.2683818e+08,0.0037889509,0.0038885616,0.005432287,0.008131438,3.1515363e+08,5.0978854e+08,val
scenario_0645,2,53_6020;53_B320,0.0,0.0004987103153138994,0.0,0.0,3.854603e+08,8.617507e+08,0.0012638682,0.0024013082,0.004756872,0.012579413,6.044956e+08,1.1140065e+09,train
scenario_0646,5,20_0160;20_0164;20_0205;20_0207;20_0209,0.0,3.14029341500488e-05,0.0,0.0,-7.575526e+07,9.382451e+07,-0.00029973546,-7.423875e-05,-0.00093315635,0.0023009381,-1.0335315e+08,1.1529965e+08,train
scenario_0647,1,27_0703,0.0,4.291665396727318e-06,0.0,0.0,-2.7424896e+07,-3.2402688e+07,8.325698e-05,-0.00014003133,0.00066456664,-0.0010272432,-3.3330368e+07,-4.7462016e+07,train
scenario_0648,2,53_0201;53_0208,0.0,1.185294706673723e-05,0.0,0.0,1.2477725e+08,1.0323968e+07,0.00031012017,-0.00025657262,0.0018963865,-0.0010021497,1.3631232e+08,-1.261952e+07,val
scenario_0649,1,6_0562,0.0,6.666199735105849e-06,0.0,0.0,-2.34992e+07,-7.258867e+07,6.338302e-05,-0.000115061644,0.0008536689,-0.0011866866,-2.1818496e+07,-9.585261e+07,train
scenario_0650,5,48_1050;48_H310;48_H320;48_H330;48_H351,0.0,0.0011028517507686297,0.0,0.0,-1.9679283e+08,-1.4115497e+09,0.0014632561,0.00094296085,-0.0016445452,-0.019347738,-9.399334e+07,-1.6815662e+09,train
scenario_0651,5,37_0206;37_0208;37_0210;37_0802;37_0902,156928125.74796498,2.4195144368133192e-05,0.0,156931922.64662287,3.4227395e+08,1.8191238e+08,0.00021804706,-0.00089059933,0.0032267156,0.0019302634,3.1610886e+08,2.0945654e+08,train
scenario_0652,2,26_6016;26_7072,0.0,0.001060032122533916,0.0,0.0,-5.305619e+07,1.7524637e+08,0.0013122777,0.0017161206,0.00034151552,0.0042468514,3.887104e+07,2.8427024e+08,train
scenario_0653,2,47_A310;47_A320,0.0,8.363988624382479e-05,0.0,0.0,1.6186742e+08,-5.526023e+08,0.00075347605,0.0005893435,0.0016714921,-0.0052639777,1.7553843e+08,-6.844693e+08,val
scenario_0654,1,36_B330,0.0,3.6920904925352716e-05,0.0,0.0,-7.231539e+07,7.287424e+06,0.00053556287,0.00027525797,-0.00026273262,0.0026513287,-7.27968e+06,1.8488384e+07,test
scenario_0655,5,6_0204;6_0209;6_0212;6_0812;6_7454,7745347492.663288,0.00016114364091968092,0.07340313858314106,8315128421.536991,1.4684767e+09,2.0122936e+09,0.0002748964,0.0009767761,0.012739532,0.021476919,1.4062208e+09,2.1629796e+09,train
scenario_0656,5,1_0601;1_0602;1_0605;1_0606;1_0661,0.0,3.17308375270553e-05,0.0,0.0,-9.676864e+06,1.0982579e+08,-0.00012913882,-0.0004007069,6.192364e-06,0.0010905806,-4.598285e+07,6.4778304e+07,train
scenario_0657,2,18_0902;5_0810,0.0,2.0614860467338403e-05,0.0,0.0,3.7370355e+08,1.6111853e+08,0.00056179904,-0.00075750006,0.004044514,0.0009170808,3.925393e+08,9.132941e+07,train
scenario_0658,3,27_1020;49_D450;55_3012,167636513.0548069,0.001874044907195005,0.0,167950671.40835717,2.0132323e+08,-1.1448069e+09,0.0026266384,0.0013837074,0.0022519473,-0.010250416,2.2005622e+08,-1.4014308e+09,train
scenario_0659,5,47_0601;47_0602;47_0606;47_0661;47_0662,0.0,9.325676015281559e-05,0.0,0.0,1.0868774e+09,1.3085394e+09,-0.0008292559,-6.34992e-05,0.011079821,0.015196328,1.0889673e+09,1.3069567e+09,train
scenario_0660,2,18_1028;4_A452,0.0,0.0017205249305531911,0.0,0.0,6.593025e+08,3.6188256e+08,0.0016405145,0.002111613,0.005862098,0.0031117368,7.100729e+08,4.2025424e+08,val
scenario_0661,1,5_2042,0.0,0.00012120694742834281,0.0,0.0,-3.4967142e+08,-1.4624448e+08,0.00045185594,0.00013526948,-0.0034524621,-0.0018643774,-4.856798e+08,-1.852674e+08,train
scenario_0662,5,18_A901;1_1001;34_6057;48_5335;4_0506,0.0,0.008488719447946158,0.0,0.0,3.1390725e+09,2.6108324e+09,0.010717986,0.009943141,0.036292076,0.027266243,3.6017021e+09,3.0121833e+09,val
scenario_0663,6,30_0116;4_B330;4_BA59;55_A903;55_B902;8_A430,2494023718.4776635,0.0091119354211453,0.05089005319831621,2643670101.2504277,1.27852e+09,2.0481101e+09,0.008932741,0.011826297,0.017316656,0.03056571,1.5048046e+09,2.2811845e+09,train
scenario_0664,1,6_B411,0.0,0.0007243167003602169,0.0,0.0,3.180323e+08,7.548779e+08,0.0005636064,0.0006687351,0.0027959435,0.005427539,3.052569e+08,8.3977146e+08,train
scenario_0665,5,12_4057;1_3998;37_0204;45_3012;6_0212,2628553183.4855742,0.01089749306676513,0.024910401544935974,2722676138.8610773,5.7509376e+09,6.0003174e+09,0.012451449,0.0117341615,0.06335445,0.057721555,6.738074e+09,6.870839e+09,train
scenario_0666,2,40_1017;40_4166,0.0,0.0019248302335304057,0.0,0.0,-2.0989613e+08,-2.350727e+08,0.0011423973,0.0013458327,-0.0024639033,-0.0043979054,-3.9014752e+08,-3.5500614e+08,train
scenario_0667,2,17_0659;17_0662,32876.69488644612,1.8519910883973978e-05,0.0,32877.30375990558,1.4855174e+08,1.8269638e+08,3.646128e-07,0.000410637,0.0017846054,0.005161018,1.5421114e+08,1.7186637e+08,train
scenario_0668,2,39_0106;39_0205,0.0,1.2455270803624074e-05,0.0,0.0,1.0554285e+08,2.4155776e+07,0.00027901703,-0.00012822985,0.0017589657,-0.00042155758,1.0453363e+08,8.684032e+06,train
scenario_0669,3,37_1040;37_1801;37_5037,19684003.3537767,0.004654525089455075,0.0,19775623.04124777,3.730864e+08,1.1821413e+09,0.0045824563,0.0052286945,0.0013241349,0.011500323,4.701988e+08,1.2697633e+09,train
scenario_0670,4,13_0566;47_0601;55_0265;6_0568,0.0,6.407835850008592e-05,0.0,0.0,4.5328557e+08,6.649821e+08,-0.00063723186,-0.00049889926,0.004419484,0.007819358,3.412434e+08,6.1390195e+08,train
scenario_0671,4,30_7066;30_7075;30_7076;30_7088,0.0,0.003313346877821921,0.0,0.0,3.493387e+09,1.4492961e+09,0.008559802,0.0064367843,0.048290342,0.026207672,4.0994924e+09,1.7425107e+09,train
scenario_0672,2,17_0602;17_0607,63126977.10814484,1.8617185229774513e-05,0.0,63128152.35477067,1.5168013e+08,3.449545e+08,2.0429026e-05,-5.8341073e-05,0.0019277283,0.0059397123,1.8138509e+08,3.376302e+08,train
scenario_0673,6,28_0504;29_5473;48_5154;48_J310;6_8149;8_0214,443835493.6086452,0.007985390959647565,0.007573965455731146,450741288.2434976,2.1665948e+09,3.8946058e+09,0.008980122,0.011766486,0.021459432,0.042869627,2.3404954e+09,4.626223e+09,val
scenario_0674,2,6_0607;6_3005,11300.761716986299,0.0022231662613887426,0.0,11325.885189163497,2.3042746e+08,-3.7668493e+08,0.0012890473,0.0027761704,0.001474855,-0.0045286072,1.7072858e+08,-4.9427066e+08,test
scenario_0675,1,22_0704,0.0,1.183024263773369e-05,0.0,0.0,-2.403584e+06,5.519552e+07,7.233652e-05,-0.00012484146,0.001199062,0.00018009404,1.8112384e+07,3.646432e+07,train
scenario_0676,4,27_1020;27_4055;30_7066;4_6053,0.0,0.01513159888223814,0.0,0.0,1.9204641e+09,1.8586158e+09,0.007649664,0.009382373,0.025131946,0.021391248,2.0701821e+09,2.1795387e+09,train
scenario_0677,2,49_D431;6_7491,18870997291.562256,0.005272124140547563,0.18642123067362792,22488442071.071045,4.690249e+09,4.0056594e+09,0.008634155,0.008527871,0.05140626,0.040073387,5.6264515e+09,4.774332e+09,train
scenario_0678,4,32_2027;32_7000;32_B330;32_C310,0.0,0.002015899542964328,0.0,0.0,4.1447715e+08,9.445018e+07,0.0027291058,0.0019493854,0.0055850977,-0.0008422015,5.2351085e+08,1.9921165e+08,train
scenario_0679,4,29_B410;4_0222;4_0266;5_0123,5.5176343508508925,0.0008823060802227722,0.0,5.522502593187094,5.6933e+08,5.2468598e+08,0.00077077036,0.00075004704,0.0038503143,0.007016576,3.8668262e+08,4.629805e+08,test
scenario_0680,1,48_I340,0.0,0.00019163738668392938,0.0,0.0,-1.4836288e+07,-3.032185e+08,0.00020504161,6.215833e-05,-0.00037474092,-0.0041508237,-9.121158e+07,-3.626357e+08,val
scenario_0681,3,32_B320;32_C310;32_C330,0.0,0.0010565321967661578,0.0,0.0,4.5315738e+08,-2.322368e+07,0.0014364459,0.0010049253,0.0042801155,-0.0014352622,3.9033235e+08,1.4625728e+07,val
scenario_0682,1,19_0703,0.0,6.655173789171798e-06,0.0,0.0,1.03872e+06,-1.380976e+08,0.00011638645,-0.0001939924,0.00097493734,-0.0019282168,7.177408e+06,-1.86464e+08,test
scenario_0683,1,4_0116,0.0,7.371024342006649e-07,0.0,0.0,-3.7985216e+07,-1.6471674e+08,8.1948005e-05,-0.00023489841,0.00046545686,-0.0024838634,-5.7704896e+07,-2.053152e+08,val
scenario_0684,3,37_0201;37_1817;37_3807,0.0,0.00238798535414797,0.0,0.0,3.2294605e+08,8.107409e+08,0.0024400908,0.0032761185,0.002297128,0.012800349,2.957581e+08,1.03126195e+09,val
scenario_0685,5,35_AA01;35_AA02;35_AA03;35_AA61;35_AA62,4563636676.350366,0.010156662656362392,0.05850853269031156,4876999680.22321,5.702109e+08,5.957397e+08,0.010944467,0.012045307,0.009912386,0.010480836,1.1329395e+09,4.8599597e+08,train
scenario_0686,2,26_0215;39_7021,0.0,0.001805888204023609,0.0,0.0,6.2514624e+07,1.356512e+09,0.0014089459,0.0034410465,0.0012609153,0.017698672,1.3076595e+08,1.6546642e+09,train
scenario_0687,5,19_9126;1_0112;32_AA60;37_3807;8_0509,0.0,0.0059889078689236985,0.0,0.0,2.1316032e+09,2.2060925e+09,0.0064794803,0.008616599,0.025816172,0.026867745,2.4676997e+09,2.6224858e+09,train
scenario_0688,5,24_2805;41_5021;48_0124;48_1046;55_B908,3167348464.7986813,0.007307244005484326,0.029007928870947313,3282371271.857745,3.049819e+09,2.00703e+09,0.0099391155,0.008608295,0.040040206,0.027817752,3.562999e+09,2.2354107e+09,train
scenario_0689,1,12_4099,0.0,0.0,0.0,0.0,-4.7040704e+07,-2.9156845e+08,-0.00016741315,-0.00050871656,-0.00043658633,-0.0044981474,-7.448365e+07,-3.61688e+08,train
scenario_0690,4,39_0104;39_0111;39_0202;39_0260,0.0,2.8499070356069467e-05,0.0,0.0,1.0269971e+08,3.7173254e+08,0.00017913827,-0.00023056823,0.0012562731,0.003275576,9.005619e+07,3.8581283e+08,train
scenario_0691,1,6_0207,2628935616.6856127,2.7574143177888644e-05,0.02490973684588928,2694494201.729137,3.087764e+08,1.256661e+09,1.9342871e-05,-0.00010069669,0.0036130748,0.014240105,3.3605734e+08,1.4086011e+09,train
scenario_0692,5,28_0503;28_0506;28_0507;28_0508;28_0902,0.0,3.3456085036132066e-05,0.0,0.0,3.941472e+07,2.7139232e+08,-0.000110040186,-1.040916e-05,0.00035854103,0.002275013,-3.27312e+07,2.908743e+08,train
scenario_0693,5,31_4019;31_7017;31_C430;46_6600;46_A421,1448275717.3343263,0.013857545452003017,0.03176219906115464,1514345685.5437284,-1.1087872e+08,-1.4956073e+09,0.0037198009,0.0024507476,0.0039239665,-0.010441599,6.148563e+07,-1.7345395e+09,train
scenario_0694,5,19_0213;20_0205;20_1005;41_7018;4_0559,3465845046.355753,0.004965955537130751,0.031296405535838755,3591524770.8496675,1.6253352e+09,1.57203e+09,0.0035786016,0.0042856038,0.018917376,0.019042887,1.8605599e+09,1.7014693e+09,test
scenario_0695,3,19_0101;19_0219;19_0221,0.0,2.382822715296662e-05,0.0,0.0,1.2168314e+08,1.4150886e+08,4.5650173e-05,-0.00031904294,0.001446737,0.0017575971,9.789005e+07,1.1876506e+08,train
scenario_0696,1,47_0605,0.0,1.7846213249073095e-05,0.0,0.0,1.0080186e+08,3.493252e+08,0.0001032087,0.00013320218,0.001738505,0.004612852,1.2715667e+08,3.6106742e+08,train
scenario_0697,5,1_0604;49_C444;51_0159;55_0903;8_A415,2500770987.777299,0.0009177382373775078,0.05111769867409494,2630899698.741825,5.6728294e+08,4.0618506e+08,0.0009880083,0.0007445876,0.0044864705,0.006561043,4.3796768e+08,3.6470803e+08,train
scenario_0698,3,27_0705;27_0707;27_0910,0.0,1.3352345370143404e-05,0.0,0.0,1.7408349e+08,1.1278912e+07,0.00045554654,7.261988e-06,0.0018999446,-0.00034628622,2.0574678e+08,1.696352e+07,train
scenario_0699,2,19_0105;19_0109,0.0,2.789473803499476e-06,0.0,0.0,1.1520922e+08,-1.816302e+08,0.00039205956,-0.00016395352,0.0013476624,-0.002665272,1.3733389e+08,-2.099927e+08,val
scenario_0700,3,41_AA01;41_AA02;41_AA59,20390099.291034553,0.001132037539256725,0.0,20413181.648861177,1.013125e+09,1.9783711e+09,0.002487241,0.0033580116,0.01291169,0.01949102,1.1171953e+09,2.3350618e+09,test
scenario_0701,1,30_0116,0.0,1.961769349079212e-06,0.0,0.0,3.13472e+06,-9.253222e+07,0.00013301475,-0.00013128761,0.0007831417,-0.0012569875,1.121536e+06,-1.111081e+08,train
scenario_0702,1,1_4127,0.0,0.0001616843506445642,0.0,0.0,-2.4487226e+08,-5.2570054e+08,0.0003864735,-0.00039300974,-0.0021225698,-0.005819098,-3.5986784e+08,-6.3226886e+08,train
scenario_0703,3,21_3016;30_0124;55_B907,10658762.993812876,0.005661384992590057,0.0,10719106.354665624,1.9414461e+09,1.1864572e+09,0.0058728047,0.0061594285,0.022703152,0.017342556,2.111256e+09,1.2686182e+09,train
scenario_0704,5,18_2009;18_4021;18_A901;18_A902;18_A960,31048862.284847423,0.011140577219707182,0.0,31394764.532715824,9.338881e+08,-7.733722e+07,0.011586139,0.011469075,0.012195144,0.00745287,8.301865e+08,-3.178171e+08,test
scenario_0705,4,28_0507;28_0509;28_0805;28_0903,0.0,2.0471948985134603e-05,0.0,0.0,1.1003475e+08,8.706106e+07,0.00027359184,-0.00012708758,0.0012930636,0.00036008796,1.044809e+08,8.523821e+07,train
scenario_0706,6,26_0607;29_A430;45_5017;48_9167;4_0218;6_0602,0.0,0.00588051146195212,0.0,0.0,2.322625e+09,2.5254446e+09,0.0070981183,0.006937147,0.024040833,0.02816466,2.6687816e+09,2.8493084e+09,test
scenario_0707,4,6_2004;6_3019;6_3024;6_7493,16887282054.435022,0.010588999762773277,0.15767748244222074,19728845599.738327,6.000056e+09,6.1681966e+09,0.014029834,0.010860482,0.06642267,0.059576537,7.386207e+09,7.1766764e+09,train
scenario_0708,3,21_B330;21_B340;21_B350,0.0,0.0,0.0,0.0,2.8667082e+08,-4.7092154e+08,0.0016955831,0.00086925935,0.0035987431,-0.003329154,3.3029088e+08,-6.16599e+08,train
scenario_0709,5,22_0115;22_0116;22_0120;22_0123;22_0706,0.0,2.0301009273304693e-05,0.0,0.0,-9.666765e+07,5.896192e+07,0.00012284867,-0.0001171804,-0.00067110546,0.00015593879,-1.2938285e+08,7.78775e+07,train
scenario_0710,4,39_0108;39_0209;39_0265;39_0809,0.0,1.9852893785032855e-05,0.0,0.0,2.8372634e+08,2.3847312e+08,0.0001884778,-0.00018595182,0.0031248215,0.0011226488,3.102255e+08,2.627121e+08,train
scenario_0711,4,1_B320;42_A340;6_0207;8_0501,2628935616.6856127,0.0006322840371284499,0.02490973684588928,2696083945.1071057,6.305829e+08,1.239855e+09,0.0012794829,0.0007336581,0.005840875,0.014060222,7.024828e+08,1.3849883e+09,train
scenario_0712,6,1_5008;48_3559;48_5317;4_0608;55_0901;5_0220,2503957230.467469,0.006787600898744306,0.05111769334247482,2648949610.665116,1.9443018e+09,2.9382103e+09,0.007257827,0.008378161,0.017044302,0.031032762,1.999977e+09,3.287959e+09,test
scenario_0713,6,19_9116;20_0201;27_6251;31_B410;53_BA60;8_A446,0.0,0.004914351064033817,0.0,0.0,1.839424e+09,1.2714985e+09,0.0067752963,0.0061713955,0.028109198,0.020691905,2.2337134e+09,1.3967254e+09,train
scenario_0714,5,13_0502;17_0663;18_5518;6_0501;8_A413,64594293.80025085,0.003461146406131488,0.0,64817864.108094186,1.3286282e+09,1.01832384e+09,0.0031358323,0.0044837957,0.012463135,0.016789613,1.1324362e+09,1.1071432e+09,train
scenario_0715,2,29_5058;47_6015,0.0,0.0033871569026908688,0.0,0.0,2.7020986e+08,1.136939e+09,0.0025545305,0.0041684867,0.0017357958,0.011168838,2.535729e+08,1.3048844e+09,test
scenario_0716,1,26_D340,0.0,5.724103578219619e-05,0.0,0.0,4.3939456e+07,-2.231047e+08,0.00018636533,3.1536678e-05,0.00060008606,-0.0017481474,1.0441728e+08,-2.7724845e+08,train
scenario_0717,4,32_A456;32_A460;32_A462;32_C350,0.0,0.0010826680574882452,0.0,0.0,2.577287e+08,-4.9382336e+07,0.0022278086,0.0013334184,0.004161887,-0.0012863688,2.9244643e+08,-1.6866112e+07,train
scenario_0718,3,12_0103;26_0119;51_0120,0.0,1.7179335542127916e-05,0.0,0.0,1.2504163e+08,-6.1881984e+07,0.00036701164,-0.00021943706,0.001612328,-0.0016917484,1.318521e+08,-9.730374e+07,train
scenario_0719,5,20_0211;4_0219;6_0210;6_0212;6_0509,5257327471.930245,0.00010226713535854692,0.04982030992776113,5519786807.793739,2.2063816e+09,3.1830062e+09,0.0002325594,0.00077954715,0.024606662,0.03637416,2.4283067e+09,3.4873464e+09,train
scenario_0720,3,10_0107;10_0109;10_0260,0.0,8.616271794270602e-06,0.0,0.0,1.2414006e+08,-3.0747072e+07,0.0004208295,-0.00025643012,0.0016015307,-0.0010584109,1.6385594e+08,-2.8797184e+07,train
scenario_0721,4,23_1012;49_3011;4_AA60;51_0120,514434335.5292842,0.005899766911593329,0.0,517469378.2002273,2.1868493e+09,1.0170867e+09,0.0075809816,0.007813636,0.023174036,0.009351799,2.3838973e+09,1.0882734e+09,train
scenario_0722,6,10_0210;12_0565;27_0507;4_AA03;5_0221;6_B411,0.0,0.004343225454669475,0.0,0.0,1.4641856e+09,2.135081e+09,0.00351277,0.005163757,0.015514407,0.023868846,1.7033318e+09,2.3902213e+09,train
scenario_0723,2,17_4074;17_B340,0.0,0.0010019938727625632,0.0,0.0,2.231456e+07,-2.575632e+08,0.0017591824,0.0018455714,0.000109720975,0.0011184076,1.043712e+06,-2.879868e+08,val
scenario_0724,2,48_0161;48_0162,0.0,1.6193324604785175e-05,0.0,0.0,1.3115837e+08,3.3385027e+08,0.00019998266,-0.000112722395,0.0020001861,0.0034288424,1.2312525e+08,3.5583648e+08,test
scenario_0725,5,21_1010;21_A310;21_A320;21_A330;21_A340,0.0,0.00041282551590804406,0.0,0.0,-1.9822957e+08,-4.496725e+08,0.0011631502,0.0013867698,0.00045507215,-0.0033186367,2.566272e+07,-5.2589395e+08,train
scenario_0726,3,20_4063;40_0601;55_A908,2085690014.1498663,0.0028418686149491723,0.04259806792189369,2180463636.0283628,1.127475e+09,6.789844e+08,0.0032472818,0.0033627478,0.013310416,0.011379523,1.2979786e+09,7.56531e+08,train
scenario_0727,2,42_3044;42_B330,0.0,0.00394238898020971,0.0,0.0,1.0202905e+09,5.3861466e+08,0.003959175,0.004176513,0.008357456,0.0052784598,9.897619e+08,5.3205597e+08,val
scenario_0728,5,48_3769;48_L320;48_L330;48_L340;48_L350,0.0,0.0017052305231834985,0.0,0.0,-2.419072e+07,2.4249848e+09,0.0011185679,0.0023107869,0.0019218856,0.032664426,-1.3291283e+08,2.8938015e+09,val
scenario_0729,5,1_0601;48_6079;48_9005;4_0215;8_0222,103707207.80307016,0.0016345148065218806,0.0,103876718.76976733,6.840044e+08,7.354259e+08,0.0012551843,0.0009388436,0.005551561,0.009840618,6.0330214e+08,6.785189e+08,train
scenario_0730,6,13_0566;27_B330;46_A421;6_0565;6_7456;8_0259,2153996302.4532743,0.004035044683852851,0.02278740009998274,2211771749.3404136,1.4582572e+09,3.460878e+09,0.002668056,0.006794371,0.016311552,0.037444375,1.7104936e+09,4.0195523e+09,train
scenario_0731,1,48_2176,0.0,0.0,0.0,0.0,9.71481e+07,3.8485715e+08,5.268259e-06,-1.0217307e-05,0.00051353034,0.004932693,5.88912e+07,4.5674096e+08,train
scenario_0732,3,29_A320;29_A351;29_AA01,0.0,0.001772542792486398,0.0,0.0,1.0964922e+08,-7.438548e+08,0.0023366527,0.0017202473,0.0007997933,-0.0069351085,1.2990202e+08,-8.947422e+08,train
scenario_0733,2,22_4001;6_A410,0.0,0.0015977580284103343,0.0,0.0,2.165849e+08,1.3246807e+09,0.0015613998,0.001866825,0.0018529841,0.011448584,4.615493e+08,1.5698017e+09,train
scenario_0734,2,49_C449;49_C450,0.0,0.0008666315152937587,0.0,0.0,3.3293856e+08,3.741254e+08,0.0012611873,0.0012994442,0.0027165762,0.0045165047,1.7762054e+08,4.694928e+08,train
scenario_0735,5,17_1003;1_0608;28_9030;48_F320;55_0118,1925958809.359603,0.0075108487576565075,0.017516362806682416,1974160187.945648,-4.466093e+07,1.4464333e+09,0.0057534436,0.007686496,-0.0017783064,0.017117474,-2.9709184e+07,1.5548337e+09,train
scenario_0736,2,27_0707;27_0708,0.0,0.0011571342627084702,0.0,0.0,1.7065952e+08,-1.8374342e+08,0.0004192111,-9.008893e-05,0.0017732484,-0.0024944171,2.2302342e+08,-2.0908e+08,test
scenario_0737,1,53_3011,0.0,0.0009415836094359697,0.0,0.0,-3.0928704e+07,1.3647647e+09,0.00064538245,0.0015276812,0.00095990533,0.017090421,4.468627e+07,1.6245541e+09,train
scenario_0738,3,12_0107;12_0504;12_0506,0.0,1.4100167909925077e-05,0.0,0.0,1.1236531e+08,-9.995635e+07,0.00038142805,-0.00048468215,0.0015001725,-0.0024513872,1.5194598e+08,-1.2710483e+08,train
scenario_0739,4,49_E410;49_E430;49_E441;49_E451,0.0,0.0010704270173044206,0.0,0.0,-2.8712576e+08,-4.6358432e+08,0.0018895695,0.00033105328,-0.0014726426,-0.008029528,-3.098946e+08,-5.555056e+08,train
scenario_0740,4,29_5473;39_5003;48_5274;4_0219,443835493.71206206,0.00573425212391232,0.007573965455731146,449742153.03195065,5.421198e+09,3.891639e+09,0.011029247,0.007972881,0.06681955,0.04508126,6.525086e+09,4.5191767e+09,train
scenario_0741,1,40_AA63,0.0,0.00014433415710368713,0.0,0.0,-2.8941056e+07,-2.2327974e+08,0.00033334782,-0.00011108932,-0.0005833907,-0.0022635348,-1.2106854e+08,-2.797836e+08,test
scenario_0742,2,42_A410;42_A411,0.0,0.0013596024315888355,0.0,0.0,2.45724e+08,2.239954e+08,0.0015015557,0.0016697386,0.002773305,0.0031450074,3.4050214e+08,2.4795104e+08,train
scenario_0743,1,49_D445,0.0,0.00041399902790184573,0.0,0.0,2.266578e+08,2.1494154e+08,0.00068235374,0.00023229048,0.0015672757,0.0016201367,2.0083488e+08,2.3820157e+08,test
scenario_0744,4,46_6600;46_7049;46_A412;46_A430,0.0,0.0008396549649776208,0.0,0.0,-1.6561088e+07,-2.4971581e+09,0.0025245163,-5.6403922e-05,0.0009137336,-0.024455022,6.727776e+07,-2.973434e+09,train
scenario_0745,4,13_1001;13_1004;13_3019;13_4111,0.0,0.00312792916764848,0.0,0.0,-4.0551123e+08,-1.5264429e+08,0.0028590325,0.003009056,-0.004466472,-0.0053682774,-4.1279456e+08,-2.5090758e+08,test
scenario_0746,3,13_4111;48_5274;4_0218,0.0,0.0022765793237183862,0.0,0.0,6.337748e+08,5.997065e+08,0.0025121777,0.0015497208,0.0047686957,0.0050972817,5.50063e+08,5.831609e+08,val
scenario_0747,3,4_0223;4_0261;4_0665,0.0,6.372122311704143e-05,0.0,0.0,3.6227664e+08,4.5978086e+08,-0.0006180436,0.00021360046,0.0027268152,0.0074681793,1.7197651e+08,4.0280643e+08,train
scenario_0748,2,24_1634;6_0603,0.0,1.4493799201265034e-05,0.0,0.0,3.384917e+08,5.245867e+08,0.000628188,0.00025704433,0.0031650686,0.009872178,3.3561693e+08,5.818474e+08,train
scenario_0749,5,12_A320;12_A321;12_A330;12_A350;12_A352,0.0,0.00239737887997149,0.0,0.0,8.086963e+07,-5.156798e+08,0.00096645893,0.00092804607,0.0006127134,-0.0064035105,1.7728646e+08,-5.860244e+08,train
scenario_0750,5,1_0163;28_3089;48_E310;51_A350;6_A410,0.0,0.0024835245890915125,0.0,0.0,2.1072067e+08,6.7299603e+08,0.0022795992,0.0032127837,0.0018690559,0.009234575,4.0205734e+08,8.1906464e+08,train
scenario_0751,5,49_7083;49_B310;49_B320;49_B352;49_B390,0.0,0.0021403653602826145,0.0,0.0,1.48557e+08,1.1433266e+09,0.003674188,0.0051994147,0.0040508956,0.012949075,2.0932323e+08,1.4139092e+09,train
scenario_0752,4,47_3101;47_9024;47_A310;47_A320,0.0,0.0009888666951113345,0.0,0.0,2.5556605e+08,-1.2073981e+09,0.0019007173,0.0010969088,0.0028518965,-0.009088002,3.2616925e+08,-1.440001e+09,val
scenario_0753,3,28_3099;28_7012;28_9030,2922659508.4547873,0.01264359702671669,0.031927177113978945,3052924705.296282,-8.012678e+07,2.7018936e+09,0.011539543,0.013868166,-0.0061763525,0.029025933,-3.6679366e+08,2.9138143e+09,train
scenario_0754,3,13_0566;39_A410;6_0565,0.0,0.0010352485040934223,0.0,0.0,9.736346e+08,1.1312563e+08,0.0012459293,0.000627793,0.010233132,0.0030414583,1.0205554e+09,-3.4324544e+07,test
scenario_0755,1,20_0111,0.0,6.369968212682764e-06,0.0,0.0,3.841344e+07,8.267629e+07,0.00017389981,0.000120883575,0.0010801451,0.000468235,5.024429e+07,1.0635226e+08,test
scenario_0756,2,49_C430;49_C441,0.0,0.0010832893941171706,0.0,0.0,2.5170288e+08,7.147968e+06,0.0013548555,0.0012173799,0.0016365657,-0.00092066824,7.421715e+07,-1.4121216e+07,train
scenario_0757,3,23_0503;23_0505;23_0508,0.0,6.526818387198041e-06,0.0,0.0,8.72953e+07,-9.761466e+07,0.00042511988,-0.00010610861,0.0012435517,-0.0013517998,1.4343098e+08,-9.636883e+07,train
scenario_0758,2,21_A310;21_A340,0.0,3.906004604981028e-05,0.0,0.0,-1.2503386e+08,-1.6199334e+08,0.00054022914,0.00063732,-0.00052962825,-0.002023709,-6.2980544e+07,-1.8998298e+08,train
scenario_0759,1,19_0107,0.0,1.399171521643261e-06,0.0,0.0,-1.5317888e+07,4.444051e+07,9.5177675e-05,5.530729e-05,0.00071155746,0.00032246904,-2.3279168e+07,5.832621e+07,train
scenario_0760,1,28_3090,0.0,7.106538775081273e-05,0.0,0.0,-3.5370195e+08,-8.002649e+08,0.0005236133,-0.00032826932,-0.003499085,-0.00711676,-4.944748e+08,-9.438028e+08,val
scenario_0761,5,17_4074;29_5473;4_1007;51_2004;55_B901,851345443.5792166,0.007808594103451472,0.015865950732153657,871500659.4538211,2.0515704e+09,1.388053e+09,0.010880208,0.010085797,0.02784858,0.02104688,2.0196093e+09,1.5819459e+09,train
scenario_0762,1,35_0801,0.0,6.485145753742927e-12,0.0,0.0,-1.0315066e+08,-6.1672576e+07,-4.3826178e-05,-0.00025925413,9.0395566e-05,-0.0011634519,-1.363657e+08,-8.105498e+07,test
scenario_0763,5,18_5538;20_0259;42_0608;4_0224;55_A909,2105584755.6325948,0.002474795171680033,0.04259806792189369,2200489489.0551386,1.8499433e+09,1.1769992e+09,0.0025961946,0.0030355803,0.02335861,0.018899769,2.1603533e+09,1.2203871e+09,train
scenario_0764,2,5_0114;5_4046,0.0,0.000787961317763819,0.0,0.0,5.302259e+07,3.862829e+07,0.0010656281,0.0009973114,0.0008118418,0.0011897567,1.046528e+07,5.481184e+07,train
scenario_0765,1,6_A353,0.0,0.0,0.0,0.0,4.6149824e+07,1.79081e+08,0.00023957668,0.00022785598,0.00011299178,0.0006992058,-5.096512e+07,1.9718925e+08,test
scenario_0766,1,49_C450,0.0,0.00043331575764682384,0.0,0.0,2.1092915e+08,2.33957e+08,0.0008104582,0.0006982692,0.0013182145,0.0026273415,1.6797146e+08,2.9326262e+08,train
scenario_0767,5,4_0505;4_0507;4_0509;4_0559;4_0560,0.0,2.5588955382960243e-05,0.0,0.0,-1.3759315e+08,3.626922e+08,-0.00032978645,0.000104282284,-0.0009833109,0.007142199,-1.3868608e+08,3.8929094e+08,val
scenario_0768,4,4_A454;4_A455;4_A456;4_A461,0.0,0.0,0.0,0.0,1.6463104e+08,2.7824566e+08,0.0010197506,0.0014302677,0.002466077,0.0007492439,6.073792e+07,3.8086227e+08,train
scenario_0769,3,4_1017;4_6054;4_D330,0.0,0.0015946603566079354,0.0,0.0,4.0502394e+08,1.51948e+09,0.001116463,0.002414737,0.0042114216,0.014302171,3.907529e+08,1.7307464e+09,train
scenario_0770,2,6_0812;6_2647,0.0,0.00032441975984698335,0.0,0.0,9.920262e+07,-6.88393e+08,0.0002814622,0.00069833465,0.0016068108,-0.007851572,8.001638e+07,-7.213254e+08,train
scenario_0771,6,13_0504;18_A310;26_B350;55_0908;6_B423;8_7776,2506062178.285507,0.0027647870255336215,0.05111766548475059,2641094954.594795,7.2669126e+08,7.51204e+08,0.0024875584,0.002158661,0.011257643,0.01516898,8.7425344e+08,6.5642086e+08,train
scenario_0772,4,22_0707;29_0660;32_0203;48_6079,103707207.80307016,0.0015056448785614185,0.0,103863354.02936877,1.0778947e+09,2.546814e+08,0.001234225,0.0011559865,0.011464614,0.0040920414,1.1232741e+09,2.2905795e+08,train
scenario_0773,5,18_0904;19_0214;20_0207;42_0605;5_A601,0.0,0.0010457026283586801,0.0,0.0,8.586224e+08,1.125021e+09,0.0007354785,0.0010347632,0.008015457,0.014963098,6.930535e+08,1.1528768e+09,train
scenario_0774,3,47_0606;47_0608;47_0661,0.0,5.354466368578947e-05,0.0,0.0,3.2590534e+08,6.75578e+08,-0.00028571556,0.00018577254,0.0028849733,0.00753945,2.0495696e+08,6.669146e+08,train
scenario_0775,2,49_C441;49_C456,42938.351274409055,0.0009838398759688394,0.0,42980.59573660118,2.708439e+08,2.6612406e+08,0.0012126426,0.0010281955,0.0018518539,0.0025598942,9.282669e+07,3.0739837e+08,train
scenario_0776,2,29_0701;29_0702,0.0,8.291282071581918e-06,0.0,0.0,8.759558e+07,4.286464e+06,0.00027425447,-0.00033197878,0.0016320297,-0.00097313523,9.508186e+07,-1.1403328e+07,train
scenario_0777,3,10_0203;48_5035;6_0204,2488510619.135763,0.001459402639308327,0.023582421259891392,2550827463.831449,5.221251e+08,1.3286333e+09,0.0014893236,0.0018504774,0.0045555113,0.013240981,5.3560454e+08,1.4700685e+09,train
scenario_0778,1,56_7772,5359337.888535948,6.156948611790725e-05,0.0,5359667.860215677,1.4683152e+08,4.645339e+08,0.0004911042,0.0006948634,0.001006789,0.006836134,1.2675546e+08,5.54187e+08,val
scenario_0779,2,10_0207;1_C340,0.0,0.0003908104008447655,0.0,0.0,3.1472294e+08,2.3710016e+07,0.0008541575,0.0004073414,0.0030197822,0.0003027576,3.488563e+08,3.2213952e+07,train
scenario_0780,4,48_1094;48_A310;48_A330;48_A340,0.0,0.000738995328004477,0.0,0.0,-1.9160294e+08,-3.655991e+08,0.00044598395,0.000113400165,-0.0015349993,-0.00066853873,-2.7245427e+08,-3.8939e+08,test
scenario_0781,1,39_0102,0.0,6.8072405068342334e-06,0.0,0.0,-5.0959616e+07,-6.904563e+07,3.179279e-05,-0.00023249863,0.00062345574,-0.0016315412,-5.4676224e+07,-9.342221e+07,train
scenario_0782,3,40_0603;49_A350;4_0261,0.0,0.00011225656600721834,0.0,0.0,4.1566534e+08,1.362488e+08,0.00056959095,0.00050342677,0.0033559506,0.003921123,3.7827696e+08,1.0940301e+08,test
scenario_0783,5,12_0563;1_0102;1_4127;20_0259;24_0502,0.0,0.00017814248667136212,0.0,0.0,3.4217776e+08,-3.0859584e+07,0.0010326152,-0.0005211432,0.0035785,0.00010643387,4.6146835e+08,-7.282586e+07,train
scenario_0784,2,38_2001;38_3005,0.0,0.00041225227929886366,0.0,0.0,6.201245e+08,5.615533e+07,0.0014431896,0.00019262312,0.007593422,0.0004994022,7.383765e+08,1.9064448e+07,val
scenario_0785,4,49_1008;49_A310;49_B320;49_B351,0.0,0.012343033599789166,0.0,0.0,9.874131e+07,-6.047403e+08,0.002647285,0.0023753562,0.0015648338,-0.0068730013,2.5861568e+07,-7.542673e+08,train
scenario_0786,4,29_5473;51_A321;6_A410;8_0216,443835493.6086452,0.005069576208301285,0.007573965455731146,449447146.1640625,2.7459576e+09,2.9612977e+09,0.007498024,0.0077414354,0.028798768,0.03217819,3.0598612e+09,3.48153e+09,train
scenario_0787,2,32_1030;32_7084,0.0,0.0018631945880009937,0.0,0.0,1.9014618e+09,1.970612e+09,0.0031712707,0.0035149753,0.019948358,0.016743489,2.3774927e+09,2.2873797e+09,train
scenario_0788,2,20_0104;9_4008,0.0,0.0029601387465834073,0.0,0.0,4.2286406e+08,6.480727e+08,0.0013301814,0.001747174,0.004676411,0.005088221,5.6940275e+08,7.618244e+08,train
scenario_0789,4,4_A441;4_A447;4_A459;4_A461,0.0,0.0,0.0,0.0,2.2770774e+08,3.7985043e+08,0.0011411473,0.0015268787,0.003367364,0.0014918693,1.4058822e+08,4.576767e+08,train
scenario_0790,3,26_3069;26_C310;26_C340,0.0,0.00035101337280329936,0.0,0.0,1.1748467e+08,3.6504214e+08,0.00031071715,0.0010842162,0.0019700201,0.0071882172,2.0775504e+08,4.5514813e+08,train
scenario_0791,3,24_0504;24_0902;24_0961,0.0,1.8208598501878726e-05,0.0,0.0,1.9206486e+08,3.348096e+07,0.00038033165,-0.00024113874,0.0021445784,-0.00048687495,2.1213533e+08,2.892736e+06,train
scenario_0792,5,36_1643;36_A330;36_A331;36_A340;36_A350,0.0,0.0034466829979646896,0.0,0.0,-2.8147315e+08,-2.460354e+08,0.0018261512,0.0030091773,-0.0013810936,0.0026089102,-7.193946e+07,-3.3693178e+08,test
scenario_0793,6,13_3016;18_A903;19_0223;4_0665;6_0210;6_0569,2633317696.965394,0.005746930083908808,0.02490990838282516,2714046892.2328544,1.2008143e+09,1.4084826e+09,0.0051714955,0.0061702095,0.011110867,0.014966257,9.6386406e+08,1.407759e+09,val
scenario_0794,3,17_5843;17_B310;17_B330,1448275717.3343263,0.004803335099326622,0.03176219906115464,1501232692.5503101,1.583902e+09,2.1664407e+09,0.006078275,0.008233875,0.020518426,0.028381733,1.6366322e+09,2.586277e+09,train
scenario_0795,5,10_0104;10_0109;10_0206;10_0212;10_0260,0.0,1.6346247753262766e-05,0.0,0.0,-4.213216e+07,1.1912454e+08,0.00022060028,-0.00028270297,3.907783e-05,0.00068068225,-4.635917e+07,1.2764301e+08,train
scenario_0796,1,31_6701,0.0,0.00014397339516503127,0.0,0.0,-3.0829907e+08,-1.1644357e+09,0.00075274264,-0.0005104623,-0.0028835963,-0.011058364,-5.5714003e+08,-1.4255539e+09,train
scenario_0797,2,6_A330;6_A340,0.0,0.0,0.0,0.0,3.1471206e+08,7.5839584e+08,0.0005904613,0.00088764215,0.0025137775,0.0069098137,2.3520144e+08,8.6939603e+08,val
scenario_0798,1,53_BA60,0.0,0.0004369436358024892,0.0,0.0,1.1537901e+08,3.620393e+08,0.00064031314,0.00078250864,0.0018030931,0.0040730275,2.6733914e+08,4.4015696e+08,test
scenario_0799,3,6_B413;6_B423;6_B441,0.0,0.001302857896220977,0.0,0.0,4.1101485e+08,2.5647813e+09,0.0008122802,0.0010932945,0.0038942194,0.023784978,2.00792e+08,2.953941e+09,test
scenario_0800,2,27_3007;27_3009,0.0,0.005204561804983965,0.0,0.0,7.5108915e+08,1.1684054e+09,0.0042578345,0.006784295,0.0072859824,0.013942195,6.901899e+08,1.3742843e+09,train
scenario_0801,4,39_0105;39_0112;39_0203;39_0902,0.0,3.05177918960009e-05,0.0,0.0,1.2838272e+08,3.7911888e+08,0.00011526677,-0.00010801782,0.0014619171,0.003556246,9.817542e+07,4.0429376e+08,train
scenario_0802,2,29_0607;29_0662,0.0,1.4854515691942183e-05,0.0,0.0,1.5493754e+08,3.1718378e+08,0.00021872763,3.2306183e-05,0.002147648,0.0035755523,1.5802694e+08,3.4374198e+08,train
scenario_0803,2,48_K310;48_K351,0.0,0.000129928663370249,0.0,0.0,1.9344768e+07,-3.891339e+08,0.00031179492,0.0007952311,-0.00029331725,-0.0028263396,-4.409869e+07,-4.5399392e+08,train
scenario_0804,5,13_0505;13_0561;13_0563;13_0565;13_0566,0.0,0.0001646400202626186,0.0,0.0,2.969837e+09,3.2021327e+09,0.00048122485,0.00021978142,0.031030012,0.035606287,2.9679378e+09,3.2991588e+09,train
scenario_0805,2,49_1017;49_B352,0.0,0.00016479182676953918,0.0,0.0,2.4526013e+08,-3.461933e+07,0.000749159,0.0009777632,0.0010994128,-5.072914e-05,4.423315e+07,-1.2252864e+07,val
scenario_0806,1,20_A330,0.0,7.60656318590236e-05,0.0,0.0,-1.0180672e+07,-2.240658e+08,0.00046308,0.0003022633,-0.00020390144,-0.001985983,-1.0482144e+08,-2.72382e+08,train
scenario_0807,3,13_0504;55_0119;5_0222,0.0,5.5999793436734e-05,0.0,0.0,2.5884778e+08,5.665216e+08,-0.00034386385,-9.010965e-05,0.0020538527,0.006053251,9.997466e+07,5.3401542e+08,train
scenario_0808,1,55_0261,0.0,3.97914430971813e-06,0.0,0.0,-5.1188224e+07,-1.021824e+07,4.658429e-05,-0.00017444114,0.00049603404,-0.0008907346,-6.212128e+07,-2.024576e+07,val
scenario_0809,3,55_0216;55_0224;55_0264,0.0,1.193762281437305e-05,0.0,0.0,1.3020202e+08,4.600403e+07,0.00039352686,-0.0002067613,0.0016722195,-0.00020039827,1.5565952e+08,5.993683e+07,train
scenario_0810,5,29_1005;29_A320;29_A340;29_AA01;29_AA02,0.0,0.0030641564960398604,0.0,0.0,1.3021667e+08,-1.540246e+09,0.0034482894,0.0032523812,0.002791448,-0.014499715,1.5158918e+08,-1.8123727e+09,train
scenario_0811,2,39_9006;5_C410,0.0,0.004326171977248383,0.0,0.0,1.0006451e+09,2.599764e+09,0.0045531355,0.007462923,0.009498267,0.03025556,1.1197243e+09,3.1394934e+09,test
scenario_0812,2,16_3023;35_1003,0.0,0.002154837706821011,0.0,0.0,9.96055e+08,1.1802345e+09,0.0022824316,0.0022778264,0.010726636,0.013521386,1.200663e+09,1.3661059e+09,train
scenario_0813,2,46_0601;46_0604,0.0,3.770928783453087e-06,0.0,0.0,5.798995e+07,4.2936704e+07,0.00020276406,-2.3265602e-05,0.0013021342,0.0028429357,1.4926758e+08,3.736723e+07,test
scenario_0814,4,19_0214;19_0215;19_0219;19_0222,0.0,4.4866973109236596e-05,0.0,0.0,2.0056618e+08,5.9388365e+08,-0.00043566292,-0.00026708632,0.001968115,0.007434553,1.1052288e+08,5.837418e+08,val
scenario_0815,2,35_6035;35_6401,0.0,0.001642183924924323,0.0,0.0,1.1951194e+09,9.198443e+08,0.0023140225,0.0017466994,0.01380312,0.012995394,1.5240381e+09,1.0274446e+09,train
scenario_0816,3,6_0602;6_0661;6_3030,72462720.16800648,0.0016222568356759615,0.0,72580273.31113072,5.851957e+08,1.2201876e+09,0.0013879586,0.001985876,0.005311554,0.011756828,5.1302624e+08,1.340854e+09,train
scenario_0817,1,20_1009,0.0,0.0002577932203112754,0.0,0.0,-2.4293222e+08,-5.049909e+08,0.00062986324,0.00028623408,-0.0022403877,-0.004498464,-3.5422048e+08,-6.2823994e+08,test
scenario_0818,4,20_0106;20_0109;20_0112;20_0159,0.0,2.5479872980294083e-05,0.0,0.0,1.0708416e+07,6.3515494e+08,0.00024154503,0.00046323927,0.0003659078,0.0065962006,1.904256e+06,7.308862e+08,test
scenario_0819,6,28_0903;28_7012;29_5413;32_C330;39_0107;39_4018,1364366408.1510575,0.008776860977061096,0.014410814307296531,1396002893.3921494,1.0784525e+09,1.8179594e+09,0.008117517,0.009979188,0.012445474,0.022681741,1.2304733e+09,2.0082493e+09,train
scenario_0820,1,40_0122,0.0,1.7189476911871893e-06,0.0,0.0,-3.813709e+07,-3.8373824e+07,7.047481e-05,-0.00012338627,0.00048219226,-0.0010432852,-5.4073984e+07,-4.395821e+07,train
scenario_0821,3,6_0560;6_0562;6_0569,0.0,2.26579147312167e-05,0.0,0.0,1.191009e+08,4.0370624e+07,9.22936e-05,-0.00025256048,0.001579606,0.00036235293,7.274931e+07,1.4414336e+07,train
scenario_0822,3,20_0103;20_0111;20_0112,0.0,1.9111166910223965e-05,0.0,0.0,1.5105056e+08,1.1449466e+08,0.0003655504,0.00011764094,0.001686885,0.00078694103,1.6435834e+08,1.5312557e+08,train
scenario_0823,2,45_1025;45_7019,17604105.35294363,0.00024470607038884484,0.0,17608413.184387255,-2.7524992e+08,-3.4896896e+07,0.00061676744,-0.00010395842,-0.002908975,0.0003089686,-3.284382e+08,-5.7665536e+07,train
scenario_0824,2,39_0260;48_1077,0.0,0.0005224490359984069,0.0,0.0,4.0266957e+08,8.761811e+07,0.0007650949,0.00043702684,0.00384399,-8.3479565e-05,4.299817e+08,4.431699e+07,test
scenario_0825,2,8_9019;8_9020,0.0,0.0046565725127221125,0.0,0.0,7.691025e+08,1.1802273e+09,0.004317263,0.005710545,0.0065708742,0.012586429,8.738602e+08,1.3870129e+09,train
scenario_0826,2,28_0560;38_2001,0.0,0.00023766719808915315,0.0,0.0,3.5840992e+08,2.24427e+08,0.00066455535,0.0002572469,0.0033076596,0.0019857464,4.0210035e+08,2.4630358e+08,train
scenario_0827,2,51_0116;51_0119,0.0,9.246603527079955e-06,0.0,0.0,1.1669395e+08,-1.7731155e+08,0.0003496341,-0.00025880872,0.0016373089,-0.0028239852,1.3990106e+08,-2.2122438e+08,train
scenario_0828,4,13_0505;39_0264;54_4004;55_0902,3320279294.2862206,0.008477273694153076,0.06770166922693996,3573214661.1277375,4.640255e+09,3.7538929e+09,0.0058194883,0.0055486592,0.051745955,0.0410111,5.0941814e+09,4.2508498e+09,train
scenario_0829,4,55_0115;55_0220;55_0224;55_0259,0.0,1.4888406120960873e-05,0.0,0.0,1.0423629e+08,8.474893e+07,0.0003936846,-0.00030659325,0.0013188962,-0.0002929503,8.733376e+07,8.578989e+07,train
scenario_0830,1,1_0506,0.0,3.230382458752068e-06,0.0,0.0,-1.737152e+07,-2.704608e+07,9.310013e-05,-0.00012905849,0.000698871,-0.00076865684,-2.6560896e+07,-3.398067e+07,train
scenario_0831,5,30_0560;35_AA02;49_C443;4_0215;4_0218,0.0,0.002233352408356426,0.0,0.0,9.2343936e+08,1.06089395e+09,0.0021948582,0.0021881403,0.01000412,0.012254156,1.0357032e+09,1.01493e+09,train
scenario_0832,1,53_6049,1444903633.4861221,0.0015701564089418696,0.014327314513000016,1467873946.984476,1.6872074e+08,2.1064525e+09,0.0008484225,0.0029752464,0.0033749947,0.021891158,3.8640797e+08,2.4838876e+09,train
scenario_0833,3,39_A410;39_A411;39_A412,0.0,0.011920416367721787,0.0,0.0,9.9988365e+08,-1.0869796e+09,0.004399826,0.002062503,0.014207514,-0.0063647553,1.1667259e+09,-1.4256845e+09,train
scenario_0834,3,30_0504;46_0662;48_0118,0.0,1.3760189676581547e-05,0.0,0.0,6.369747e+07,-2.4861184e+07,0.00012399978,-0.00021454948,0.0010293676,0.0007065092,8.32864e+07,-6.0338176e+07,val
scenario_0835,4,39_0201;49_B350;53_BA59;55_3008,13333634612.672724,0.027621516054682327,0.2721723780842072,17330976856.230965,2.7292347e+09,2.1659008e+09,0.0057357745,0.005250334,0.034251474,0.029174557,3.297326e+09,2.6720545e+09,train
scenario_0836,3,24_A310;24_A320;24_A340,0.0,0.0,0.0,0.0,2.0615238e+08,2.5095273e+09,0.0006589928,0.0020319198,0.0019220454,0.03356193,1.3323603e+08,2.934189e+09,train
scenario_0837,1,27_0560,0.0,1.4764124179889038e-06,0.0,0.0,-7.343872e+06,1.2970387e+08,0.000104860635,4.4635963e-05,0.0010461626,0.0019838284,-4.761152e+06,1.5054822e+08,train
scenario_0838,2,18_0608;48_0903,0.0,1.667083332024255e-05,0.0,0.0,1.9215626e+08,1.9889117e+08,0.00023778994,-0.00035665208,0.0024151555,0.002095989,2.0054202e+08,1.9985229e+08,test
scenario_0839,5,16_1010;37_1814;39_4018;51_A320;6_7491,18870997291.562256,0.010639411158759327,0.18642123067362792,22589728129.854755,5.650608e+09,5.376734e+09,0.013590621,0.014198763,0.06938228,0.05439207,6.5191465e+09,6.276712e+09,train
scenario_0840,2,29_0760;4_A461,0.0,4.145641035790959e-06,0.0,0.0,6.457076e+08,4.4795027e+08,0.0009173582,0.000614738,0.0061174924,0.0042769117,8.120092e+08,5.3541805e+08,train
scenario_0841,5,18_0606;18_5518;39_0809;40_B320;4_1003,3855976800.3389144,0.03768002459437614,0.04203209928252147,4163344900.7139735,8.2008663e+09,7.5922724e+09,0.017507061,0.02108866,0.0907579,0.07707123,9.404777e+09,9.103449e+09,val
scenario_0842,4,13_0563;30_A310;42_9027;6_B413,0.0,0.0046103744320658,0.0,0.0,2.5566915e+09,2.7869038e+09,0.0073282854,0.0057232482,0.02731518,0.03091619,2.5556628e+09,3.085194e+09,val
scenario_0843,4,38_0214;38_0215;38_0223;38_0261,0.0,2.9551827119278506e-05,0.0,0.0,6.872832e+06,4.489209e+08,-0.0005011256,-0.00013192161,0.00023296569,0.008921502,-5.792141e+07,4.3511328e+08,test
scenario_0844,4,1_5008;20_A411;31_A351;42_1606,0.0,0.0074410087370108124,0.0,0.0,1.1884452e+09,2.72766e+09,0.0065450734,0.009137927,0.012693679,0.029485796,1.2325115e+09,3.217964e+09,train
scenario_0845,1,36_4018,0.0,0.0,0.0,0.0,1.6879571e+08,4.4595475e+08,0.0007493034,0.0007064709,0.002541368,0.0060136095,3.129438e+08,5.0214342e+08,train
scenario_0846,4,8_0259;8_0503;8_0560;8_0812,0.0,2.3211004789636114e-05,0.0,0.0,1.2834192e+08,5.499251e+08,0.00021295552,0.0001841425,0.0015813815,0.0064915363,1.1982176e+08,6.594688e+08,train
scenario_0847,6,27_1004;29_B411;51_1464;56_6032;5_0218;6_0505,0.0,0.003489969044610186,0.0,0.0,3.6799418e+08,7.512733e+08,0.0031353321,0.003658576,0.005441146,0.007085047,4.8909152e+08,7.254754e+08,train
scenario_0848,1,12_0502,0.0,3.1350034668253812e-06,0.0,0.0,-3.4646336e+07,7.802656e+07,6.35481e-05,-7.403153e-05,0.0006962782,0.00051398156,-4.075296e+07,8.446835e+07,train
scenario_0849,1,34_1003,1561485028.7027912,0.0002513215371275912,0.0,1561877463.5204065,-1.2157408e+08,1.545449e+08,0.0005432231,0.00037297606,-0.00066614896,0.0028664563,-1.4061414e+08,2.2415443e+08,train
scenario_0850,1,42_1614,0.0,0.0011913602936686196,0.0,0.0,-2.0244851e+08,7.631654e+08,0.001030396,0.0026971633,-0.001681285,0.009850237,-2.2093638e+08,9.71346e+08,train
scenario_0851,6,12_0110;13_0507;19_0606;1_1019;4_0507;8_A445,0.0,0.000661583637363905,0.0,0.0,6.098882e+08,8.22133e+08,0.00068769243,0.0004230101,0.00372576,0.0113069285,4.1949763e+08,8.3532717e+08,val
scenario_0852,3,8_0217;8_0222;8_9020,0.0,0.0028183739941745056,0.0,0.0,4.17531e+08,2.5784125e+08,0.001238952,0.002469216,0.0035389783,0.0034354148,4.0529843e+08,2.6885302e+08,test
scenario_0853,4,22_0709;29_0660;39_4018;5_0118,0.0,0.003647139148889589,0.0,0.0,2.2372938e+09,2.2302313e+09,0.0033773612,0.0042960932,0.023875961,0.024548408,2.6010447e+09,2.5586458e+09,train
scenario_0854,5,31_0904;45_5035;4_0119;4_0262;6_0202,2628710154.736762,0.0011262311710628081,0.02491007991857979,2697152070.089991,2.1558515e+09,2.1334349e+09,0.0015115705,0.0008970408,0.023734542,0.02363754,2.3618926e+09,2.3292954e+09,train
scenario_0855,2,23_1001;23_7023,0.0,0.0014979259671997758,0.0,0.0,-1.6275398e+08,8.991672e+08,0.0014636426,0.0024829581,-0.0011886694,0.0120950425,-7.099661e+07,1.1033743e+09,val
scenario_0856,3,49_E431;49_E459;49_E461,0.0,0.0007908798041237342,0.0,0.0,-5.8773696e+07,6.1330054e+08,0.0013324934,0.0014143183,0.000172236,0.0059524286,-1.394178e+08,7.725258e+08,train
scenario_0857,5,22_0705;27_4033;34_4042;47_2008;6_0212,2628553183.4855742,0.0037689106479175116,0.024910401544935974,2703938280.850276,1.9517788e+09,2.2858788e+09,0.0054895813,0.005900925,0.026054766,0.029623918,2.2716582e+09,2.6360678e+09,train
scenario_0858,6,12_0107;13_0506;17_0604;29_0608;32_AA61;6_0201,2758937389.0084686,0.0015006204909142618,0.02358075036947687,2828135320.842789,1.7778903e+09,1.9299218e+09,0.00070307683,0.0015961563,0.018544199,0.021829609,1.8857569e+09,2.0779876e+09,test
scenario_0859,6,13_0509;20_0201;30_0114;38_0261;40_AA63;53_6049,1444944608.8747659,0.0017667828020344611,0.014327314513000016,1468199688.0248308,2.6658406e+09,2.5733908e+09,0.0027788063,0.0028855675,0.031895973,0.03085543,3.0059284e+09,2.9144197e+09,train
scenario_0860,5,10_0201;10_0202;10_0205;10_0211;10_0212,0.0,1.9323314521146884e-05,0.0,0.0,-4.5915776e+07,2.1963344e+08,3.8376544e-05,-0.00030595297,-2.198061e-05,0.0031274501,-3.819296e+07,2.3635373e+08,train
scenario_0861,2,39_4018;39_4031,0.0,0.01337769116194576,0.0,0.0,3.034976e+09,2.5833774e+09,0.0069367914,0.0068818405,0.03524506,0.03176578,3.6249864e+09,3.0881288e+09,test
scenario_0862,2,49_D455;49_D461,0.0,0.0009311584693136865,0.0,0.0,4.8266554e+08,7.363009e+08,0.0011278165,0.0010151295,0.0040129707,0.008030715,3.695767e+08,8.878569e+08,train
scenario_0863,2,13_0504;1_0604,0.0,3.9405482845755735e-05,0.0,0.0,1.4252211e+08,2.0088496e+08,-3.6240323e-05,-0.00029830425,0.0014607576,0.0016684332,2.771936e+07,1.126048e+08,train
scenario_0864,2,18_0605;18_0671,0.0,1.294174370169987e-05,0.0,0.0,1.8011654e+08,6.91481e+07,0.00023972895,-8.4757805e-05,0.0020602155,0.0013968293,2.1696486e+08,5.359795e+07,test
scenario_0865,3,48_1046;48_5334;48_5335,0.0,0.0041841650999214774,0.0,0.0,3.304162e+08,7.479378e+08,0.0043558767,0.0045657605,0.003927937,0.0069950027,4.9196598e+08,7.647368e+08,train
scenario_0866,5,35_0106;35_0107;35_0110;35_0111;35_0112,0.0,1.2811149491476215e-05,0.0,0.0,-7.504666e+07,-2.8864576e+07,0.00032731774,-0.00022975076,-0.0003793575,-0.0016103927,-1.2259853e+08,-2.629632e+06,val
scenario_0867,5,12_0107;32_2027;35_AA01;42_0601;4_0669,4563636676.350366,0.003846420698157327,0.05850853269031156,4848202028.586101,3.0172867e+09,1.6376906e+09,0.0053851483,0.0043736454,0.03475205,0.018613834,3.6541573e+09,1.7887511e+09,train
scenario_0868,4,13_4119;39_0106;42_9027;51_1023,4543365.446115179,0.007457181804765067,0.0,4577246.1482523475,7.322058e+08,8.779597e+08,0.0076627913,0.008269591,0.003820304,0.008506951,5.690439e+08,9.4088704e+08,train
scenario_0869,4,1_4155;1_C330;1_C340;1_C350,0.0,0.0014983003895395752,0.0,0.0,9.620877e+07,-2.9265178e+08,0.0013773537,0.001227184,0.00021995837,-0.0026104143,2.3837248e+08,-3.27416e+08,val
scenario_0870,5,48_0113;48_0115;48_0116;48_0118;48_0123,0.0,4.0483311511851916e-05,0.0,0.0,6.148352e+07,3.9119053e+08,-0.00038002967,-0.00039226958,0.0006609671,0.0048987144,1.5885696e+07,3.75082e+08,train
scenario_0871,6,17_0660;40_4154;4_0260;51_0124;53_A330;6_B442,111579731.86769475,0.0011171485372790668,0.0,111704383.00194074,1.3279322e+09,1.423507e+09,0.0014941595,0.0012428164,0.015153741,0.016529426,1.4914802e+09,1.5659731e+09,train
scenario_0872,3,6_0203;6_0503;6_0507,2629178231.814537,4.622642741169969e-05,0.024910401544935974,2694793654.8189273,5.825742e+08,1.6180749e+09,1.0638032e-05,-2.4113106e-05,0.0063244286,0.01787773,5.999959e+08,1.790136e+09,train
scenario_0873,3,49_C443;49_C450;49_C456,42938.351274409055,0.0014171556336156632,0.0,42999.20160081576,2.373225e+08,3.3096054e+08,0.0019740458,0.0017683443,0.0030557201,0.0031442642,2.1517549e+08,3.9048275e+08,train
scenario_0874,1,13_0502,0.0,3.293095576195615e-05,0.0,0.0,9.156973e+07,7.81637e+08,4.5005232e-05,-0.00012948643,0.0014976016,0.007347596,7.484864e+07,8.198324e+08,test
scenario_0875,2,55_0901;55_0907,5006522152.323699,4.974192802698063e-05,0.10223534469842169,5518614704.371363,3.7623658e+08,8.669386e+08,-0.0004759971,-5.9231184e-05,0.0032337867,0.011797622,2.4918858e+08,8.5620646e+08,val
scenario_0876,5,31_0114;31_0115;31_0117;31_0122;31_0124,0.0,6.228492805404606e-06,0.0,0.0,-1.2985997e+08,-2.660336e+08,0.00033273292,-0.00046440237,-0.0006463025,-0.0038676653,-1.1154227e+08,-2.8459194e+08,train
scenario_0877,2,48_0119;48_0166,0.0,1.3116276453839504e-05,0.0,0.0,9.95927e+07,1.6635264e+07,0.00014884537,-0.00027911458,0.0018103444,4.8548914e-05,7.973018e+07,-1.2793856e+07,val
scenario_0878,4,37_1801;48_5328;6_0210;6_B412,2628774331.5192785,0.0058502483411203565,0.02490990838282516,2709635841.9486966,3.4229952e+09,4.3632993e+09,0.007813461,0.007076876,0.036767036,0.043896925,3.8872143e+09,5.0022267e+09,train
scenario_0879,5,36_B310;36_B330;36_B340;36_B351;36_B352,0.0,0.00018460254794849806,0.0,0.0,-7.897571e+08,7.6510074e+08,0.0010438066,0.0030427452,-0.0052228253,0.022224806,-5.7724243e+08,9.953579e+08,val
scenario_0880,5,4_AA02;4_AA03;4_AA59;4_AA60;4_AA61,0.0,0.017950914300784326,0.0,0.0,1.4847903e+09,1.3365358e+09,0.01924316,0.01990452,0.010574725,0.017214991,1.2585505e+09,1.2841943e+09,train
scenario_0881,3,8_3032;8_7035;8_7036,0.0,0.0035205822698436418,0.0,0.0,5.976824e+08,7.341062e+07,0.0048691197,0.0034423107,0.0060465243,-0.0003587613,6.3499814e+08,-1.9968704e+07,train
scenario_0882,4,39_0103;6_0602;6_3005;6_A420,11300.761716986299,0.002676055743634609,0.0,11331.003185286487,1.7394007e+09,7.794311e+08,0.002808092,0.0037719943,0.016593488,0.007232488,1.8920735e+09,8.8738246e+08,train
scenario_0883,5,39_3801;39_B410;39_B411;39_B412;39_B430,0.0,0.002454565537342912,0.0,0.0,5.995421e+08,6.7016966e+08,0.0038820629,0.0029199705,0.009516928,0.011084832,1.01151155e+09,7.5100774e+08,train
scenario_0884,3,27_0505;27_0704;27_0901,28471431.49348294,1.017295484739833e-05,0.0,28471721.132069964,7.156506e+07,-1.6174182e+08,0.00031348388,-0.00028164336,0.0011430052,-0.001855026,1.1132352e+08,-1.9707616e+08,val
scenario_0885,2,31_C410;56_1007,0.0,0.0008010274358327685,0.0,0.0,3.322036e+08,-1.9178771e+08,0.0014251829,0.00094905077,0.0024937643,0.0008258573,2.6349222e+08,-2.1251942e+08,train
scenario_0886,5,18_A901;29_1008;4_0216;53_3019;55_A907,2594897822.8761106,0.007592234520585772,0.0476369834165675,2738212000.2603803,3.1900232e+09,1.9938808e+09,0.011018606,0.008901436,0.040344108,0.026701264,3.5268966e+09,2.214066e+09,train
scenario_0887,3,19_B410;47_1023;8_0507,0.0,0.0027464580788357784,0.0,0.0,6.498693e+08,1.9835629e+08,0.0025623897,0.003000778,0.0053181513,0.0025179982,6.468284e+08,1.9588198e+08,test
scenario_0888,5,48_1168;48_F310;48_F320;48_F330;48_F350,0.0,0.0008350999873472098,0.0,0.0,-3.840631e+08,-6.735933e+08,0.0021026912,0.0010969656,-0.003398723,-0.0014682114,-3.9412474e+08,-8.485173e+08,test
scenario_0889,3,6_3024;6_7493;6_8150,16887282054.435022,0.008202545547033036,0.15767748244222074,19688544874.28713,6.2110177e+09,5.591544e+09,0.013047192,0.010641305,0.067995906,0.054000743,7.4851794e+09,6.5073347e+09,train
scenario_0890,2,19_0103;19_0110,0.0,2.7890649787476463e-06,0.0,0.0,1.2416515e+08,-7.550451e+07,0.00038112816,-8.16118e-05,0.0014247731,-0.0014716117,1.5072422e+08,-5.341984e+07,train
scenario_0891,4,19_1044;19_3055;19_A410;19_A430,70330162.05855292,0.00238701527601326,0.0,70498041.22975117,2.2918989e+08,-7.3786976e+08,0.0036897003,0.0025179991,0.0058243335,-0.0037456155,4.239453e+08,-8.900455e+08,train
scenario_0892,3,8_0215;8_0219;8_0221,0.0,2.3588798013784995e-05,0.0,0.0,1.4778003e+08,1.8729136e+08,0.00025345455,-0.000101598445,0.0017683334,0.0013774596,1.429177e+08,1.789911e+08,val
scenario_0893,4,4_1018;4_C340;4_C350;4_D320,0.0,0.0017359004607864215,0.0,0.0,1.6420787e+08,1.758037e+09,0.0010406263,0.003281895,0.0018629488,0.017220221,1.2533824e+07,2.0446408e+09,val
scenario_0894,6,31_B430;49_E431;6_7456;6_8534;6_B442;6_B443,2153996302.4532743,0.0077811032502457245,0.02278740009998274,2219840745.641197,6.3706336e+08,5.5178716e+09,0.007117516,0.011094835,0.009159757,0.05211864,7.958311e+08,6.3676913e+09,train
scenario_0895,2,40_1017;40_5021,0.0,0.0010325999043669931,0.0,0.0,-6.99865e+07,-6.4558765e+08,0.000890682,0.00011981418,-0.001221817,-0.0068739466,-2.3642746e+08,-8.0485715e+08,train
scenario_0896,3,20_0112;20_0163;20_0203,0.0,1.5661648687492757e-05,0.0,0.0,1.458553e+08,-3.276224e+06,0.00032617012,-5.1946612e-05,0.0017412929,-0.00034789927,1.5233024e+08,1.225728e+07,train
scenario_0897,5,6_0562;6_0563;6_0564;6_0567;6_0568,0.0,4.1309707908721016e-05,0.0,0.0,3.530355e+07,2.7220464e+08,-0.0005433983,-0.00015566172,0.00014781533,0.0046208175,-2.4703296e+07,2.5121613e+08,train
scenario_0898,1,27_4037,941298.3609773102,0.0013753241572004304,0.0,942592.9513522956,1.9066154e+08,4.3267584e+08,0.0012330603,0.0019169715,0.0017904378,0.004784298,2.304559e+08,5.2025613e+08,train
scenario_0899,1,32_B310,0.0,0.0005947883290376987,0.0,0.0,2.3982413e+08,-1.4281952e+08,0.00067986315,0.00053732714,0.001600015,-0.0026749661,2.1342896e+08,-1.7627789e+08,test
scenario_0900,1,18_A410,0.0,0.0005219120473048955,0.0,0.0,9.729606e+07,-3.2410752e+08,0.00067507755,0.00031377678,0.00095062423,-0.003351951,3.687027e+07,-4.330731e+08,train
scenario_0901,4,1_1019;1_B310;1_B320;1_B350,0.0,0.0005380921052359211,0.0,0.0,1.2829248e+08,-5.706416e+08,0.00084189384,-0.0011640033,0.0025088685,-0.009902922,4.780018e+08,-6.846703e+08,train
scenario_0902,1,19_0102,0.0,1.3951968943493043e-06,0.0,0.0,-3.5719104e+07,-1.4051462e+08,8.0058584e-05,-0.0002173055,0.0005154079,-0.0021767374,-5.2763584e+07,-1.7754771e+08,train
scenario_0903,4,23_1001;23_1012;23_3013;23_7023,0.0,0.0030172392736886877,0.0,0.0,1.2928851e+08,1.5698513e+09,0.0029359686,0.0042066323,0.0021263813,0.01915953,4.2841866e+08,1.8721272e+09,train
scenario_0904,1,48_1111,0.0,0.0003196646835217365,0.0,0.0,-7.989229e+07,1.1575347e+08,0.00062323373,0.00077107095,-0.0008123424,0.0013383627,-8.552499e+07,1.1227277e+08,test
scenario_0905,5,41_AA01;41_AA02;41_AA03;41_AA59;41_AA60,20390099.291034553,0.0018868082992129498,0.0,20428571.499598652,1.0676838e+09,3.211337e+09,0.004372965,0.0056409305,0.017551325,0.032160297,1.460498e+09,3.792882e+09,train
scenario_0906,4,29_0661;29_0662;29_0701;29_0709,0.0,2.423837797271844e-05,0.0,0.0,4.440096e+07,2.1759686e+08,0.00021337322,8.083694e-05,0.00057961326,0.001964368,1.3128064e+07,2.417378e+08,train
scenario_0907,1,55_B901,407017912.3863239,0.0019467991510093707,0.00829198527642251,411185281.04935086,6.266247e+08,1.7167888e+08,0.0019880747,0.0019695682,0.0064643845,0.004652943,7.176494e+08,1.2630106e+08,train
scenario_0908,3,48_I310;48_I330;48_I350,0.0,0.0005748177736786264,0.0,0.0,1.7552752e+08,-7.468688e+08,0.0009944594,0.0008483395,0.0009167227,-0.009657515,2.6118477e+08,-8.909218e+08,train
scenario_0909,5,20_0201;20_0202;20_0204;20_0206;20_0210,0.0,4.7580795659585284e-05,0.0,0.0,4.9522944e+07,5.216373e+08,-0.0007156017,-0.00012886897,0.00036199205,0.007902926,-950848.0,4.752155e+08,test
scenario_0910,1,29_5091,0.0,0.0015078000666273184,0.0,0.0,1.616862e+08,-2.3150144e+07,0.0011860873,0.0017522749,0.0010301238,-0.0002341969,4.680384e+07,-5.081024e+07,train
scenario_0911,2,18_9020;6_0607,0.0,0.0023528931059388913,0.0,0.0,1.5658079e+09,1.4444077e+09,0.002785604,0.003280758,0.01668172,0.016483832,1.7566486e+09,1.6651212e+09,train
scenario_0912,4,19_0702;48_0163;4_B903;5_0222,0.0,0.0018043848319750921,0.0,0.0,8.6536506e+08,4.167552e+07,0.001145286,0.0012000162,0.007283902,0.0007524011,7.712417e+08,-2.8984e+07,train
scenario_0913,3,27_4033;40_0606;49_D454,0.0,0.0014519366218684882,0.0,0.0,5.66052e+08,7.708536e+08,0.0018668838,0.0023843006,0.0062169987,0.009048598,7.245109e+08,9.5503654e+08,train
scenario_0914,2,18_0602;18_0904,0.0,2.707404637702915e-05,0.0,0.0,3.1743674e+08,6.040316e+08,0.0002446219,-0.00043875934,0.0033763382,0.0065287887,2.7162832e+08,6.224714e+08,train
scenario_0915,4,48_1060;48_N310;48_N320;48_N340,0.0,0.0018438476350057798,0.0,0.0,-1.8105504e+08,-8.6910483e+08,0.0008821647,0.0008559517,-0.00028058514,-0.009058302,-2.9109094e+08,-1.06272826e+09,train
scenario_0916,1,6_7454,0.0,8.11588984321876e-05,0.0,0.0,-1.1462541e+08,5.867345e+08,0.00030043628,0.00051773316,-0.0012452239,0.003944152,-1.8544282e+08,6.926338e+08,train
scenario_0917,3,40_4163;40_4164;40_4165,0.0,0.0006446876072973007,0.0,0.0,-1.2122074e+08,1.8271667e+08,0.0010805993,0.0008963767,-7.283967e-05,0.004513313,-1.536361e+08,1.8046022e+08,test
scenario_0918,4,40_4160;40_A410;40_A420;40_A430,0.0,0.002050782611510593,0.0,0.0,-8.187603e+07,-2.3654291e+08,0.0014312202,0.0006344706,-0.00021261163,-0.0030391086,-8.128134e+07,-2.8196986e+08,train
scenario_0919,5,8_0502;8_0506;8_0508;8_0509;8_0560,0.0,2.4982271670470624e-05,0.0,0.0,-6.205427e+07,2.6533408e+08,-0.00017938134,-7.320428e-05,-0.00023973454,0.0047963737,-7.624166e+07,2.6395446e+08,train
scenario_0920,1,49_D454,0.0,0.00041399902790184573,0.0,0.0,3.466863e+08,7.053403e+08,0.0007518553,0.00077370007,0.0026242537,0.008061547,3.6558323e+08,8.609732e+08,train
scenario_0921,1,22_0119,0.0,2.11735374944233e-06,0.0,0.0,-5.706317e+07,-8.015693e+07,3.756187e-05,-0.0002087634,0.00042758603,-0.0015603937,-7.518042e+07,-1.0948026e+08,train
scenario_0922,5,20_A411;28_3081;42_0662;55_A903;6_0210,4716004192.759606,0.0038735388788243563,0.06750797630471884,5052639717.650729,1.2533729e+09,1.9773192e+09,0.0044672126,0.0046763094,0.016104948,0.02719726,1.5026281e+09,2.2058053e+09,train
scenario_0923,5,21_1010;21_6043;21_A320;21_A330;21_A340,0.0,0.00041282551590804406,0.0,0.0,-2.323134e+08,-3.1616077e+08,0.0016112874,0.001717645,-0.00072276685,-0.00078483764,2.9626112e+07,-3.536683e+08,val
scenario_0924,1,49_1001,0.0,0.0,0.0,0.0,1.009591e+08,2.1471197e+08,0.000256815,0.00034435443,0.0003193738,0.0029216683,8.348493e+07,2.577824e+08,test
scenario_0925,2,30_0117;30_0506,0.0,5.925834744791025e-06,0.0,0.0,3.0240554e+08,1.2307658e+08,0.000483379,-0.00032162108,0.0031578168,0.00087904325,4.0446765e+08,1.2637427e+08,train
scenario_0926,1,8_0505,0.0,4.996454334160738e-06,0.0,0.0,59456.0,-4.069696e+07,0.000114856986,-0.00013124081,0.0008747787,-0.00079995394,708864.0,-5.737229e+07,test
scenario_0927,3,31_3024;38_0219;48_1077,0.0,0.005341192189900257,0.0,0.0,3.2282296e+09,3.061826e+09,0.0077043334,0.008268593,0.034516133,0.031691708,3.623803e+09,3.602027e+09,train
scenario_0928,3,35_0506;42_5020;55_B907,897810009.4730905,0.004186666606635914,0.011117060389318626,911549848.7523022,1.416128e+09,6.1553043e+08,0.00432947,0.0047118403,0.014744397,0.011917758,1.4422664e+09,7.0959104e+08,train
scenario_0929,2,51_A310;55_0903,2500770987.777299,0.001680826765956267,0.05111769867409494,2632808008.3952003,6.649548e+08,3.858695e+08,0.0018849912,0.0014341788,0.0058233766,0.004439835,5.988026e+08,3.354999e+08,train
scenario_0930,1,31_B410,0.0,0.0023091671352676313,0.0,0.0,1.542856e+08,2.3803114e+08,0.001555405,0.0023447976,0.00081634754,0.0032924567,5.0694016e+07,2.3277632e+08,test
scenario_0931,3,8_A415;8_A445;8_A455,0.0,0.001349285540499845,0.0,0.0,1.8706442e+08,4.3883584e+07,0.0021015713,0.0021016325,0.0027697724,0.004816176,2.1130925e+08,7.937792e+06,train
scenario_0932,1,17_B350,0.0,0.0005196735781127781,0.0,0.0,1.0895232e+07,-2.28221e+08,0.00079194794,0.0009713385,0.00022566412,-0.0013560932,-1.4576512e+07,-2.8307027e+08,train
scenario_0933,4,27_0508;27_0509;27_0703;27_0707,0.0,1.1537690019047808e-05,0.0,0.0,-6.1563264e+07,-5.253005e+07,0.0002679471,8.603791e-05,-4.923623e-05,-0.0002868818,-2.2775488e+07,-5.2945536e+07,train
scenario_0934,5,55_3012;55_C902;55_C903;55_C959;55_C960,167636513.0548069,0.001901002803897045,0.0,167955190.5361596,-3.787859e+07,-1.3798945e+09,0.0027988898,0.0025419327,0.0022333632,-0.005754549,2.0974006e+08,-1.5686996e+09,train
scenario_0935,3,8_A310;8_B320;8_B330,0.0,0.0007868725833087842,0.0,0.0,3.702038e+08,-1.1544051e+08,0.00082051544,0.00017506583,0.0036682645,-0.00045667775,3.1039178e+08,-1.1152122e+08,val
scenario_0936,1,17_0607,0.0,9.259982679754586e-06,0.0,0.0,6.812032e+07,2.9629376e+07,0.00016352627,-8.9084264e-05,0.0015534787,0.0010005231,1.1246746e+08,-2.448512e+06,train
scenario_0937,4,4_0124;4_0604;4_0661;4_0664,0.0,3.181015588071823e-05,0.0,0.0,1.4429328e+08,3.022002e+08,-9.922311e-06,-0.00011174963,0.0015690778,0.00410589,1.170487e+08,3.2278074e+08,train
scenario_0938,1,27_0507,0.0,1.4764124179889038e-06,0.0,0.0,2.8645632e+07,9.567994e+07,0.00016750209,0.00013825926,0.0011041122,0.0015486702,4.236205e+07,1.1651834e+08,train
scenario_0939,2,42_A430;49_1008,0.0,0.012794143236579458,0.0,0.0,1.796624e+08,-5.1523834e+08,0.0016740812,0.0018749284,0.0012770388,-0.007073161,1.682978e+08,-6.817091e+08,test
scenario_0940,5,26_0608;28_0502;32_1020;34_0559;6_0505,0.0,2.244913330962106e-05,0.0,0.0,5.577091e+08,8.7859846e+08,0.0007318028,0.0008230455,0.0053676115,0.010565298,6.30725e+08,1.02833395e+09,train
scenario_0941,5,32_1021;32_A320;32_A330;32_A350;32_A351,0.0,0.0006727287806441717,0.0,0.0,2.3604643e+08,1.8223322e+09,0.0015976131,0.0014515687,0.004685648,0.019512687,4.437885e+08,2.2326584e+09,test
scenario_0942,6,18_0671;19_0603;42_0601;48_4146;48_D320;56_6032,0.0,0.0014616483801073166,0.0,0.0,7.424748e+08,5.05077e+08,0.0013495653,0.0017545882,0.0058522774,0.0073463325,6.6194797e+08,5.2861818e+08,train
scenario_0943,2,4_0114;4_0608,0.0,1.1025423289123815e-05,0.0,0.0,1.1212461e+08,-4.817011e+07,0.00022870209,-0.00027044583,0.0018263734,-0.000840907,1.079881e+08,-8.756102e+07,train
scenario_0944,4,41_7081;49_D446;4_0261;6_3042,22197473531.851795,0.028064919918093456,0.2046294200435795,27362699984.16275,7.948543e+09,5.7450496e+09,0.013951162,0.011012942,0.09301015,0.05944518,9.356519e+09,6.7946527e+09,train
scenario_0945,2,32_A352;5_A603,0.0,0.0010726241541603176,0.0,0.0,2.3302602e+08,-1.4917005e+08,0.0012663503,0.00061631657,0.001734219,-0.0029686028,1.8176307e+08,-2.0953466e+08,train
scenario_0946,2,39_0102;48_3569,0.0,0.0037810551701071837,0.0,0.0,1.0225083e+09,2.3251912e+09,0.0032329755,0.005543233,0.00952803,0.022980426,1.2057583e+09,2.772521e+09,train
scenario_0947,5,24_0501;24_0509;24_0559;24_0902;24_0960,0.0,2.358516372791275e-05,0.0,0.0,-5.308992e+07,3.2665325e+08,1.7050654e-05,4.9728435e-05,-0.00019562244,0.0039875284,-3.8801024e+07,4.2779638e+08,train
scenario_0948,4,20_0206;20_0210;20_0211;20_A412,0.0,0.0009762510263854329,0.0,0.0,4.2431648e+08,3.964469e+08,0.00089401845,0.0015139363,0.0032126294,0.006844988,3.6697142e+08,4.4328467e+08,train
scenario_0949,1,50_1682,0.0,0.00032174177672505966,0.0,0.0,7.945197e+07,1.1541696e+08,0.00058388396,0.00035782228,0.001362789,0.0021374174,1.99771e+08,9.44624e+07,val
scenario_0950,3,39_0108;39_0160;39_0207,0.0,2.2287258819031486e-05,0.0,0.0,1.272265e+08,1.3012509e+08,0.00013430812,-0.00022340915,0.0016182065,0.0013202927,1.0002477e+08,1.1559712e+08,train
scenario_0951,3,32_0107;32_0204;32_0207,0.0,1.0585000372764775e-05,0.0,0.0,6.799795e+07,2.5380928e+07,0.00020953105,-9.723287e-05,0.0011353078,0.0009506028,9.671181e+07,3.010048e+07,train
scenario_0952,6,1_0607;35_AA61;37_A963;4_0261;4_BA03;6_0608,0.0,0.005760017187994126,0.0,0.0,5.932137e+08,9.790624e+08,0.0052711754,0.0073903278,0.0061272513,0.01492084,5.88964e+08,9.641321e+08,train
scenario_0953,5,23_1009;23_1012;23_3013;23_3014;23_7023,0.0,0.003520323581998719,0.0,0.0,5.843667e+08,1.6406836e+09,0.0038828598,0.004548449,0.009098978,0.022464769,8.839389e+08,1.948874e+09,train
scenario_0954,2,29_0602;29_0660,0.0,1.4413808595459265e-05,0.0,0.0,1.2691184e+08,-2.9504704e+07,0.00012902077,-0.00019232556,0.0017327606,0.0005642059,1.355415e+08,-8.763603e+07,train
scenario_0955,3,29_AA62;31_A352;37_3011,0.0,0.0023752704485616727,0.0,0.0,3.8698387e+08,8.32032e+06,0.0025700375,0.0034264573,0.004381976,0.003332824,4.3445888e+08,1.6283264e+07,train
scenario_0956,4,48_3559;48_H310;48_H320;48_H350,0.0,0.0007393448046683071,0.0,0.0,2.383904e+07,-1.3583206e+09,0.001194082,0.00051189295,-0.00021679327,-0.01877166,1.2639226e+08,-1.6099187e+09,train
scenario_0957,4,6_7455;6_B442;6_B443;6_B453,0.0,0.004039503513324827,0.0,0.0,3.8369606e+08,4.2602798e+09,0.0031228305,0.00522964,0.0038484936,0.038658608,2.841927e+08,4.9252147e+09,train
scenario_0958,2,29_0704;29_0706,0.0,6.079618085297334e-06,0.0,0.0,1.2628106e+08,1.5726493e+08,0.00025558937,5.650171e-05,0.0018546986,0.0019553006,1.3082893e+08,1.9980051e+08,train
scenario_0959,2,18_0601;26_C351,0.0,6.38979080096469e-05,0.0,0.0,2.6508198e+08,3.0423658e+08,0.00040740508,0.00029745023,0.0027142386,0.0033087884,3.7188288e+08,3.6014627e+08,train
scenario_0960,3,18_3003;24_0960;26_0218,20390099.291034553,0.0011408905346833587,0.0,20413362.162316944,8.907571e+07,6.195729e+08,0.00075782754,0.0020755962,0.0006959387,0.011226846,1.2908224e+07,7.5352525e+08,train
scenario_0961,5,27_0706;27_0708;27_0759;27_1028;27_C340,0.0,0.00040072376905531115,0.0,0.0,9.743872e+07,-1.7841549e+08,0.0007634709,0.0006306049,-0.00089088734,0.00010788161,-7.130733e+07,-1.9729331e+08,train
scenario_0962,5,26_1010;26_4015;26_7072;26_D310;26_D320,0.0,0.0028788574063109973,0.0,0.0,2.6256415e+09,1.1353958e+09,0.0063552056,0.004765643,0.04206598,0.026492646,3.6544156e+09,1.4606804e+09,test
scenario_0963,2,22_0116;22_0121,0.0,4.234740184183572e-06,0.0,0.0,1.1376096e+08,-1.0579853e+08,0.00034961407,-0.00015930831,0.0014875457,-0.0019056005,1.2537018e+08,-1.1836602e+08,val
scenario_0964,3,40_0503;40_0605;40_0606,866.9504562817183,1.3497717063937209e-05,0.0,866.9621581336858,8.448986e+07,1.8180992e+08,0.00014987425,0.00010377914,0.0012531052,0.0035858336,1.351392e+08,2.0053005e+08,test
scenario_0965,1,27_6064,0.0,0.001088886659328936,0.0,0.0,2.24672e+07,8.687155e+07,0.0009906028,0.0012031831,0.00012594927,0.0011687209,-9.789184e+06,1.0192717e+08,train
scenario_0966,5,4_0503;4_0504;4_0506;4_0559;4_0560,0.0,2.558894695225966e-05,0.0,0.0,-1.5490253e+08,1.50556e+08,-0.00035920646,-0.00021920283,-0.0012336224,0.004665086,-1.5885811e+08,1.1849274e+08,train
scenario_0967,4,47_3075;47_9024;47_9025;47_A310,0.0,0.0009888666951113345,0.0,0.0,1.1523328e+08,-1.3344625e+09,0.0019724031,0.0011408862,0.0014986885,-0.0102292355,1.1563635e+08,-1.5611535e+09,test
scenario_0968,5,20_B330;34_0960;42_1618;48_1111;51_0159,0.0,0.0006633113783666156,0.0,0.0,4.1753427e+08,1.4264736e+08,0.0017933599,0.0014432812,0.0032923222,0.0057204748,5.010576e+08,1.7920314e+08,test
scenario_0969,2,49_1004;49_A361,0.0,0.0001335920406386748,0.0,0.0,1.7658534e+08,-5.607002e+08,0.0007250017,0.0004941663,0.00022504805,-0.006343306,-5.066208e+07,-7.013231e+08,train
scenario_0970,1,44_7401,0.0,0.001184684380117762,0.0,0.0,305152.0,1.345378e+09,0.00089012634,0.0020118572,0.0006054025,0.014619455,7.391002e+07,1.6129299e+09,test
scenario_0971,5,8_0214;8_0219;8_0224;8_9019;8_9020,0.0,0.004680215111655839,0.0,0.0,1.578497e+09,1.3611697e+09,0.0040495456,0.0058259238,0.0160404,0.0147213815,1.7868699e+09,1.59505e+09,val
scenario_0972,4,47_3075;47_6022;47_9025;47_B310,0.0,0.00036348124928675674,0.0,0.0,-1.2209856e+08,-8.250745e+08,0.00172675,0.0004836783,-0.0008951137,-0.0062248437,-6.486771e+07,-9.47048e+08,train
scenario_0973,6,39_0903;48_0119;4_0268;4_B964;6_2051;8_0215,167636513.0548069,0.0027199156850037376,0.0,168092470.236044,1.4162623e+09,2.2993516e+09,0.0017268432,0.0036726939,0.01267268,0.02399789,1.4151739e+09,2.5851087e+09,train
scenario_0974,1,55_6353,0.0,0.0008650966486691836,0.0,0.0,1.9559203e+08,4.1649216e+07,0.00096848304,0.0011144852,0.0020376719,0.0014157668,2.2335536e+08,7.978048e+06,train
scenario_0975,2,13_0560;17_B310,0.0,0.0005526009618465055,0.0,0.0,4.8833763e+08,6.673933e+08,0.0010650808,0.000748451,0.0048750797,0.0075484733,5.3212227e+08,6.4896045e+08,train
scenario_0976,5,56_3027;56_7775;56_B320;56_B330;56_B350,5359337.888535948,0.0017647644065684753,0.0,5368795.857284409,-2.3496262e+08,-1.6439424e+08,0.0036890106,0.003983672,0.0015752581,-0.00050876476,-1.398864e+08,-1.610546e+08,test
scenario_0977,2,48_1068;48_3579,0.0,0.0005728468083152638,0.0,0.0,-8.952083e+07,-1.1585047e+09,0.00076720526,-0.00010381034,-0.001108828,-0.012137987,-2.5519776e+08,-1.4346995e+09,train
scenario_0978,3,51_0114;51_0119;51_0159,0.0,1.3869506063968196e-05,0.0,0.0,1.2140314e+08,-5.666816e+06,0.00030357647,-0.00021818816,0.0015779878,-0.00050916616,1.4298912e+08,-2.961184e+07,train
scenario_0979,5,19_0213;19_0215;19_0221;19_0222;19_0259,0.0,5.608369265086566e-05,0.0,0.0,2.4299443e+08,8.0690566e+08,-0.00079548894,-5.0755683e-05,0.0022204444,0.01070486,1.5971744e+08,8.251383e+08,train
scenario_0980,2,6_2051;6_7452,167636513.0548069,0.0011403306718827944,0.0,167827674.11237076,2.2073392e+08,1.705395e+09,0.00077422906,0.0005069204,0.002449756,0.015491933,2.0017312e+08,1.962648e+09,train
scenario_0981,4,48_1069;48_A505;48_B340;48_B350,0.0,0.0015660694295861477,0.0,0.0,-1.118848e+08,-7.9756026e+08,0.001841326,0.00067767804,-0.0017035101,-0.00572287,-1.2451149e+08,-9.646827e+08,val
scenario_0982,3,46_0607;6_0663;6_B420,92.14651604628756,0.0015866836444682342,0.0,92.29272341619293,1.0461537e+09,1.372907e+09,0.0014100866,0.0023409722,0.010123899,0.016572122,1.0992113e+09,1.5977668e+09,train
scenario_0983,1,20_A412,0.0,0.0009512939608612436,0.0,0.0,1.0639405e+08,-7.842509e+07,0.0008953287,0.0010514087,0.0005842061,-0.0005228063,1.2112384e+07,-9.701702e+07,test
scenario_0984,1,13_3015,0.0,0.0,0.0,0.0,-8.351942e+07,-3.1777408e+08,0.0013295223,0.0012303757,-0.0013602255,-0.0033664983,-2.779401e+08,-4.672852e+08,train
scenario_0985,2,48_0801;48_1178,0.0,0.00018488424474005782,0.0,0.0,2.3991104e+07,-6.846995e+07,0.000677372,-7.446227e-05,0.00048301462,0.0006787772,6.436352e+06,-5.729779e+07,test
scenario_0986,5,18_3003;49_C331;53_C320;6_0507;9_5001,20390099.291034553,0.0034145910709206806,0.0,20459723.142008904,2.729935e+09,2.8428063e+09,0.0061567794,0.006546674,0.03515333,0.0342751,3.2155346e+09,3.4514542e+09,test
scenario_0987,2,1_4127;28_3018,0.0,0.0011325303646063656,0.0,0.0,2.7853696e+07,-2.458137e+08,0.0010587892,0.00083971024,0.00013127504,-0.0043202406,4.8016384e+07,-3.1349658e+08,train
scenario_0988,3,24_0563;31_0904;39_A412,0.0,0.000996531622048935,0.0,0.0,4.2643126e+08,-2.139145e+08,0.0013350557,0.0007156414,0.00427913,0.0006558695,4.6254816e+08,-2.815248e+08,train
scenario_0989,4,49_C445;49_C449;49_C452;49_C456,160665.22971552264,0.001850471391262598,0.0,160962.53612668184,1.1530701e+08,1.4934634e+08,0.0025030957,0.0019162378,0.0032375632,0.0010719504,1.8795885e+08,1.7752614e+08,train
scenario_0990,2,47_0604;53_AA01,0.0,0.0005773443019713165,0.0,0.0,4.1500128e+08,9.594716e+08,0.0008306155,0.0007987274,0.0050096605,0.011187648,5.4192237e+08,1.1143478e+09,train
scenario_0991,2,32_AA59;32_AA62,0.0,0.002835831630331409,0.0,0.0,8.805619e+08,9.7447e+08,0.0031140265,0.004192241,0.006393217,0.011851036,9.348993e+08,1.1551247e+09,train
scenario_0992,1,34_1011,0.0,0.0004643505920250979,0.0,0.0,-2.7625434e+08,-1.2891036e+09,0.0007493566,0.00010735961,-0.0025160378,-0.010409975,-3.540953e+08,-1.4906166e+09,train
scenario_0993,1,47_3110,0.0,0.00016299975076161655,0.0,0.0,-2.897845e+08,-6.5703494e+08,0.00049563113,0.000453545,-0.0023741424,-0.008517545,-4.6319392e+08,-7.8334163e+08,train
scenario_0994,1,26_C351,0.0,6.008106737886987e-05,0.0,0.0,5.2417856e+07,-1.0206189e+08,0.00023707165,0.0001413261,0.00059655076,-0.0003276579,1.244576e+08,-1.2233542e+08,val
scenario_0995,1,48_M320,0.0,9.077755176667424e-05,0.0,0.0,1.1183834e+08,-3.4244755e+08,-8.211774e-05,-5.1842537e-05,0.00050990144,-0.003941971,2.1031104e+07,-3.998585e+08,train
scenario_0996,1,48_0119,0.0,8.096662302392588e-06,0.0,0.0,-8.239552e+06,3.537613e+07,7.669232e-05,-0.00019262685,0.0009792196,-1.5056226e-05,-5.523008e+06,1.4903808e+07,train
scenario_0997,3,51_1464;51_5009;51_A330,0.0,0.0031503729029410676,0.0,0.0,3.0038272e+08,3.068122e+08,0.0034847858,0.003999264,0.001224664,0.0023667812,3.0822237e+08,3.382567e+08,test
scenario_0998,3,20_3013;20_3060;20_4063,0.0,0.0023374740334332067,0.0,0.0,2.9427574e+08,-2.1176742e+08,0.0025480797,0.0020163576,0.004239369,-0.0021493612,3.9405472e+08,-2.6205037e+08,test
scenario_0999,5,37_0207;37_0210;37_0211;37_0259;37_0859,0.0,3.254332298774365e-05,0.0,0.0,1.9110483e+08,6.760147e+08,-5.4664444e-05,0.000103165396,0.0020313673,0.007347512,1.2880998e+08,7.587719e+08,test
scenario_1000,6,10_1201;19_6049;4_0223;4_0266;55_0223;5_4021,70330167.57618727,0.00577414691458078,0.0,70736264.29629925,2.02388e+09,3.052081e+09,0.007392899,0.008982467,0.021241464,0.039256986,2.279568e+09,3.6103693e+09,train
scenario_1001,2,12_4137;51_2564,0.0,0.002589397370166613,0.0,0.0,5.142e+08,1.3063063e+09,0.0015570598,0.0034051738,0.0051335543,0.014782654,6.187099e+08,1.5294723e+09,test
scenario_1002,2,42_C410;4_0221,0.0,0.0007585473347753169,0.0,0.0,6.514719e+08,4.2286832e+08,0.0009916476,0.0010643909,0.0068766214,0.0054572667,7.037929e+08,4.2417203e+08,val
scenario_1003,3,5_0114;5_0116;5_0213,0.0,3.4587350026149544e-05,0.0,0.0,2.3166058e+08,6.769052e+08,5.9497543e-05,-0.00012699096,0.0025313194,0.0068480084,2.0330362e+08,7.1621114e+08,train
scenario_1004,2,27_1087;55_3012,167636513.0548069,0.00034131697672479255,0.0,167693730.24263144,-5.612576e+07,-2.0116321e+09,0.0015177906,-0.00050865323,-0.0011800537,-0.019303406,-1.3282605e+08,-2.4065403e+09,test
scenario_1005,2,17_6050;17_A310,603211.3818721839,0.0005443543791562311,0.0,603539.742629463,-1.1892627e+08,-1.151029e+09,0.0011584567,0.0003329299,-0.0015689824,-0.011190262,-2.1059923e+08,-1.3954424e+09,test
scenario_1006,4,20_3013;20_4063;29_4036;29_5483,20390099.291034553,0.0041705346402941545,0.0,20475136.906446848,4.642605e+07,3.8988083e+08,0.003629778,0.0048313607,0.003613214,0.004772318,2.18711e+08,4.6588362e+08,train
scenario_1007,2,32_A460;32_A462,0.0,0.0005694023551351401,0.0,0.0,4.0096538e+08,3.3410752e+07,0.00092487875,0.0005588003,0.0030571045,-0.00031025242,2.1726125e+08,5.7160384e+07,train
scenario_1008,1,48_0802,0.0,9.348109573092955e-07,0.0,0.0,-1.2427904e+07,-9.34153e+07,4.2128144e-05,-0.0003053092,0.00074825995,-0.0013409322,-3.156384e+07,-1.2906957e+08,val
scenario_1009,2,29_0501;29_0508,0.0,5.076968552120142e-06,0.0,0.0,1.1789968e+08,6.341779e+07,0.00033239438,3.8666418e-05,0.0016126861,0.000111667905,1.3068006e+08,8.901248e+07,train
scenario_1010,2,22_0119;22_0708,0.0,1.3946345139626004e-05,0.0,0.0,1.235033e+08,2.11872e+07,0.00024245656,-0.00025510113,0.0019403808,-0.00037525035,1.1600928e+08,-7.916544e+06,train
scenario_1011,2,42_1623;42_1690,0.0,0.0022168362704244604,0.0,0.0,1.0387258e+08,1.1103782e+09,0.0021897806,0.003663218,0.0007066438,0.012918232,2.4013702e+08,1.3444557e+09,train
scenario_1012,2,48_E340;6_0664,0.0,0.0001897163482627029,0.0,0.0,4.9251507e+08,4.330469e+08,0.0006199898,-0.00022332207,0.004467479,0.007653966,5.350757e+08,4.8558205e+08,val
scenario_1013,2,48_D310;49_C446,0.0,0.0012300647728630265,0.0,0.0,4.7012726e+08,1.2499901e+08,0.0010380815,0.0009817396,0.0035888175,0.0014792508,3.6308698e+08,1.212519e+08,train
scenario_1014,2,37_0859;42_1614,0.0,0.0011914361916172123,0.0,0.0,-6.189088e+07,8.307465e+08,0.001141916,0.0025426855,0.0002535917,0.010946788,-3.434125e+07,1.0428438e+09,val
scenario_1015,3,48_5323;48_5335;48_6079,103707207.80307016,0.005227649067554241,0.0,104249352.69124053,4.4348346e+08,9.4135066e+08,0.0052099265,0.0049709836,0.005802056,0.012617506,6.41552e+08,9.912895e+08,train
scenario_1016,3,49_E444;49_E450;49_E461,0.0,0.000795094083719472,0.0,0.0,-8.364442e+07,6.1666304e+07,0.0013935189,0.00076601305,-0.00029578246,-0.00092507433,-1.668478e+08,8.186483e+07,train
scenario_1017,2,26_0221;26_0605,0.0,1.0809731925354171e-05,0.0,0.0,1.353616e+08,-8.195072e+06,0.00023633102,4.4440385e-05,0.0019951835,0.00018135412,1.2892826e+08,-1.3984256e+07,train
scenario_1018,2,48_3865;8_B310,0.0,0.0003445931623138332,0.0,0.0,3.0115056e+08,-1.2813562e+08,0.0002750461,0.00014766282,0.002075586,0.000116163865,2.190855e+08,-1.53973e+08,train
scenario_1019,4,29_0501;29_0509;29_0606;29_0708,0.0,1.719685573120522e-05,0.0,0.0,1.555072e+06,9.601587e+07,0.0002843067,6.678444e-05,0.00041576428,0.0009320765,1.2677248e+07,1.2532659e+08,val
scenario_1020,5,48_0902;55_0260;6_0604;6_3010;8_0224,0.0,0.0030400213500739737,0.0,0.0,3.3197294e+09,2.8064753e+09,0.003644021,0.0042324853,0.037022837,0.027322104,3.8780618e+09,3.2475305e+09,train
scenario_1021,3,48_0118;48_0160;48_0903,0.0,2.6392664471130978e-05,0.0,0.0,2.1408045e+08,3.9668986e+08,0.00015776302,-0.0004058145,0.0024695606,0.0042891596,1.7246234e+08,4.040838e+08,train
scenario_1022,4,21_3016;32_A457;41_5005;55_A902,5551483738.361594,0.00997485973697243,0.07380157304305685,6016567242.59787,3.147001e+09,2.4805412e+09,0.011229806,0.010258745,0.03872196,0.028664904,3.3526277e+09,2.6369423e+09,train
scenario_1023,3,6_8534;6_A411;6_A412,0.0,0.0012690046824964663,0.0,0.0,4.332109e+08,2.214617e+09,0.0008742432,0.002255204,0.004631822,0.019387677,3.8835776e+08,2.555722e+09,train
scenario_1024,3,19_0659;45_7019;51_A321,17604105.35294363,0.0019094039797690199,0.0,17637718.701764815,2.852916e+08,1.4094387e+08,0.0023649556,0.001973016,0.0014628731,0.0036357814,2.4816637e+08,1.2517216e+08,val
scenario_1025,4,12_0109;37_5826;48_AA03;51_0122,0.0,0.004072262058202325,0.0,0.0,8.579927e+08,1.054561e+09,0.0021610758,0.0040007397,0.0077427262,0.012253186,1.0008519e+09,1.2869638e+09,train
scenario_1026,2,4_0124;4_0669,0.0,1.109377043162496e-05,0.0,0.0,1.6084544e+08,1.5741843e+08,0.0003099863,-0.00027023745,0.0021373667,0.0015511806,1.7579142e+08,1.6069216e+08,test
scenario_1027,5,19_0105;19_0108;19_0215;19_0224;19_0608,0.0,3.3825687368538304e-05,0.0,0.0,4.601536e+06,3.791558e+08,-0.00027778372,-0.00016807322,0.00019797636,0.00545879,-2.7994496e+07,3.7770902e+08,test
scenario_1028,3,49_E449;55_B901;6_0561,407017912.3863239,0.002223731910874882,0.00829198527642251,411297997.6431427,5.549727e+08,3.8011072e+08,0.0020632308,0.0021283196,0.004498251,0.007066683,5.3600512e+08,3.4453824e+08,train
scenario_1029,4,33_1001;34_6057;4_0216;4_A458,0.0,0.0021483377141069404,0.0,0.0,4.467275e+09,2.3260954e+09,0.007892378,0.004364793,0.05105746,0.025250511,5.1341123e+09,2.7332585e+09,train
scenario_1030,5,32_A453;32_A454;32_A455;32_A456;32_A458,0.0,0.006812459396885018,0.0,0.0,1.0979117e+08,3.271749e+08,0.0025880586,0.0018561102,0.004042656,0.0036736652,1.8066771e+08,4.3866426e+08,train
scenario_1031,4,26_0214;26_0219;26_0223;26_5363,0.0,0.0009054526401226504,0.0,0.0,5.3376314e+08,5.906189e+08,0.00049725885,0.0011782164,0.005007782,0.011807968,4.573614e+08,7.2624634e+08,train
scenario_1032,6,26_1012;37_0204;40_5021;41_6011;49_A351;4_A450,2503062279.7622356,0.0034650756951467576,0.022756059116980677,2568695413.2430325,1.2034049e+09,2.2971492e+09,0.004879336,0.005288885,0.015685339,0.029119803,1.5017132e+09,2.6485578e+09,train
scenario_1033,3,20_0110;20_0203;20_0209,0.0,2.1218256071930952e-05,0.0,0.0,1.2174202e+08,-1.1286982e+08,0.00022613257,-0.00030178763,0.0014537228,-0.0016982118,1.3001344e+08,-1.2731392e+08,train
scenario_1034,2,35_0502;35_0504,1795010133.0810835,1.4102494786616404e-05,0.022233998083481907,1834945699.0608826,1.1637018e+08,-8.405408e+07,0.00026035006,-0.00033733412,0.0017575864,-0.001627625,1.2226285e+08,-1.2107501e+08,test
scenario_1035,4,30_0122;30_0123;30_0124;30_0509,0.0,1.0034167021610862e-05,0.0,0.0,-1.0379987e+08,2.572562e+08,0.00010424014,0.0005565918,-0.00043162424,0.005071137,-3.2027968e+07,3.4352822e+08,val
scenario_1036,5,6_A320;6_A350;6_A351;6_A352;6_A353,0.0,0.0,0.0,0.0,-2.895248e+08,1.6009795e+09,0.0014725968,0.0017672583,-0.0020253398,0.015163342,-3.0087846e+08,1.842712e+09,train
scenario_1037,1,18_0663,0.0,6.471324969226089e-06,0.0,0.0,1.2719232e+07,1.5988672e+07,0.00012806873,-6.0501974e-05,0.0010542786,-3.117975e-05,2.3845376e+07,2.106304e+06,train
scenario_1038,3,10_0108;10_0110;10_0111,0.0,7.126940281154681e-06,0.0,0.0,9.811987e+07,-1.1558272e+07,0.00048652082,0.00012739841,0.0011855955,-0.0009910585,1.3938016e+08,3.4071616e+07,train
scenario_1039,6,19_0222;19_B430;20_0209;26_0116;28_0903;5_0116,31152.659114627248,0.0005962294029934201,0.0,31171.233245972817,2.798359e+08,-6.241472e+07,0.0004911901,-0.00019271253,0.0012647114,0.00092241494,1.4697152e+08,-1.0836192e+08,train
scenario_1040,1,48_5310,0.0,0.0009166754706602109,0.0,0.0,-1.0199706e+08,1.0134784e+07,0.0007359155,0.0007627499,-0.0013628239,0.00043559214,-2.2737242e+08,-8.562496e+06,train
scenario_1041,5,23_0501;23_0502;23_0504;23_0505;23_0559,0.0,1.0879584793288544e-05,0.0,0.0,-1.2606765e+08,-3.952403e+07,0.00018586172,-0.0002519067,-0.00063135475,-0.00017609866,-8.989805e+07,-3.746285e+07,test
scenario_1042,3,47_0604;48_H350;55_A902,2087712720.846951,0.0022919303431189197,0.04259806792189369,2181430141.263616,7.864735e+08,3.999214e+08,0.0023297176,0.002661837,0.00648665,0.0061083743,8.0056096e+08,3.9079987e+08,test
scenario_1043,1,4_A390,0.0,0.00025106868048263564,0.0,0.0,3.2137843e+08,2.959217e+08,0.0001933279,0.0006518811,0.002195743,0.0026651844,3.0104138e+08,3.6580515e+08,train
scenario_1044,2,49_D441;49_D451,0.0,0.0008246046211488611,0.0,0.0,4.07603e+08,2.0541597e+08,0.0011315114,0.000446646,0.0031811283,0.0012706178,2.7320803e+08,2.150127e+08,val
scenario_1045,4,30_0505;4_0213;6_B442;8_7776,0.0,0.0016919593140624078,0.0,0.0,2.2611804e+09,1.5409042e+09,0.0027688376,0.00035281572,0.025830884,0.01593947,2.5601103e+09,1.6311756e+09,train
scenario_1046,2,55_3012;55_C960,167636513.0548069,0.0005517060200687096,0.0,167728999.12824258,-1.8227046e+08,-1.3550912e+09,0.0011397242,0.00040456047,-0.0023174481,-0.010439888,-2.2457837e+08,-1.5815713e+09,train
scenario_1047,1,18_4042,0.0,0.0005198531000053519,0.0,0.0,-9.025696e+07,-2.1796058e+08,0.000867781,0.0007120628,-0.0006324332,0.00074535934,-1.516704e+08,-2.33389e+08,train
scenario_1048,3,20_0109;20_0204;20_0211,0.0,2.3902297841771336e-05,0.0,0.0,1.8088406e+08,5.838406e+08,0.00013102405,0.00029717595,0.0020096246,0.007281015,1.6177216e+08,6.617368e+08,val
scenario_1049,2,4_A448;4_A449,0.0,0.0,0.0,0.0,5.3851955e+08,1.4455926e+08,0.0007964575,0.00057468365,0.0049454556,-0.00028543826,5.90449e+08,1.6636576e+08,train
scenario_1050,4,17_0602;17_0603;17_0660;17_0661,63126977.10814484,3.733163001951034e-05,0.0,63129333.74109849,9.089491e+07,5.7036384e+08,-0.00060460344,-0.00021312805,0.00078040455,0.009619739,-5.0832e+06,5.44696e+08,test
scenario_1051,2,1_0105;6_3019,0.0,0.002523761066496766,0.0,0.0,1.9280975e+09,7.52766e+08,0.0033379607,0.0021177342,0.0203747,0.0069149677,2.2073487e+09,8.690919e+08,train
scenario_1052,5,18_0672;26_0215;27_6064;37_5826;54_7008,0.0,0.006074832467495295,0.0,0.0,2.8851628e+09,2.234577e+09,0.0062282286,0.005964534,0.035676606,0.024421733,3.391891e+09,2.6277294e+09,test
scenario_1053,4,37_0202;37_0204;37_0206;37_0207,0.0,3.0515383824925024e-05,0.0,0.0,1.631818e+08,4.4422413e+08,0.00019975542,-0.00024150009,0.0019803853,0.0033110036,1.0865382e+08,4.6233507e+08,train
scenario_1054,2,37_0901;42_A430,61199.504474908,0.0006820097539317338,0.0,61241.243133895674,2.185542e+08,-1.07576e+08,0.0008952565,9.8263146e-05,0.0025491747,-0.0016786987,3.015489e+08,-1.1171885e+08,train
scenario_1055,2,40_B330;4_B310,0.0,0.001144952935630994,0.0,0.0,3.877179e+08,2.0038198e+08,0.0009845446,0.0009741519,0.0031321333,0.003191365,2.9729456e+08,2.1433018e+08,train
scenario_1056,3,55_3014;55_A902;55_B907,2087712720.846951,0.005208282288478916,0.04259806792189369,2187518646.3184104,2.042784e+09,1.1937143e+09,0.0072119986,0.006818633,0.027260117,0.02331157,2.13313e+09,1.3549379e+09,train
scenario_1057,1,21_B340,0.0,0.0,0.0,0.0,-2.8016256e+07,-1.5481382e+08,0.00047393807,0.0003571175,-9.1165304e-05,-0.001972301,-1.0050342e+08,-2.0957523e+08,train
scenario_1058,2,8_7035;8_7036,0.0,0.0023062873724440935,0.0,0.0,2.7869075e+08,2.965844e+08,0.002520759,0.0026567539,0.002303335,0.0049700346,2.802446e+08,2.8113322e+08,train
scenario_1059,4,13_3017;17_5453;49_C440;5_4019,866263677.052003,0.0085174339815699,0.011950208184937793,883994052.0157467,2.0225096e+09,4.137775e+09,0.0087473225,0.011437396,0.020448355,0.043512177,2.15778e+09,4.8966175e+09,train
scenario_1060,5,12_0504;12_0506;12_0563;12_0564;12_4106,0.0,0.0009327152798653815,0.0,0.0,4.424958e+08,5.6131584e+07,0.00080608705,0.0009016425,0.0042183497,-0.001878649,5.1975136e+08,1.0290989e+08,train
scenario_1061,6,18_6012;26_0604;27_A320;31_7050;35_0501;5_B430,4942074.227068688,0.0057665059308423805,0.0,4970572.727409743,1.9858591e+09,2.1373765e+09,0.0062900633,0.008937251,0.028383436,0.026823493,2.3046958e+09,2.6081508e+09,train
scenario_1062,2,49_0803;49_0804,0.0,4.195265510542612e-07,0.0,0.0,1.1520243e+08,6.063712e+07,0.00031909952,-0.00022228248,0.001758046,0.0014666538,1.448816e+08,6.774381e+07,train
scenario_1063,1,49_C441,0.0,0.00043331575764682384,0.0,0.0,1.9434989e+08,3.0511107e+08,0.000724679,0.00054454,0.0011362336,0.003372503,1.3626822e+08,3.7360893e+08,test
scenario_1064,3,21_6043;21_A310;21_A340,0.0,0.00035093772533778544,0.0,0.0,-1.8895571e+08,-8.2688e+07,0.0009523439,0.0012675474,-0.00089222845,0.00023889448,-4.4153216e+07,-7.60249e+07,val
scenario_1065,3,48_N310;48_N330;48_N340,0.0,0.001093567116476346,0.0,0.0,1.1501312e+07,-9.246412e+08,0.0005659333,-0.00015858258,0.00091255736,-0.00984177,-1.0915501e+08,-1.1323658e+09,test
scenario_1066,2,17_0604;17_0662,0.3095359294992142,1.8519910883973978e-05,0.0,0.3095416620770439,1.4725437e+08,1.1748317e+08,2.3685861e-05,0.00016425364,0.0017643254,0.0034444728,1.5078272e+08,9.345184e+07,test
scenario_1067,2,51_1464;51_2564,0.0,0.003463282862761319,0.0,0.0,1.1566991e+09,2.5185395e+09,0.0031608935,0.0052700373,0.012722443,0.027225103,1.3853051e+09,2.9818499e+09,test
scenario_1068,5,37_0205;37_0212;37_0801;37_0859;37_0901,61199.504474908,1.76937045025527e-05,0.0,61200.58732085587,3.5984253e+08,5.371693e+07,0.0004016474,-0.0012234931,0.0040315553,0.00036153197,4.4264045e+08,5.1688256e+07,val
scenario_1069,3,49_7082;49_C454;49_C455,514434335.5292842,0.002622179977129213,0.0,515783274.9434569,3.5144643e+08,9.30424e+08,0.0029324584,0.0037488062,0.002929781,0.0080802785,3.846053e+08,1.0764803e+09,train
scenario_1070,4,10_5004;29_0506;42_C410;45_5017,0.0,0.005033380740011806,0.0,0.0,1.9792428e+09,1.3798656e+09,0.005323658,0.0055217696,0.02136631,0.016659085,2.2940644e+09,1.6596063e+09,train
scenario_1071,2,47_9024;4_B901,0.0,0.002758379121680088,0.0,0.0,2.3971382e+08,-2.8082176e+08,0.001840296,0.0023026543,0.002152979,-0.0023723124,2.4657526e+08,-3.4189344e+08,train
scenario_1072,6,18_0608;31_0115;40_3018;42_3044;46_0602;6_0208,2628467326.8604984,0.004791337309703492,0.024910422986545406,2706537433.349431,1.9081137e+09,1.3900273e+09,0.004588905,0.004592046,0.02046094,0.016455714,1.9011044e+09,1.4322378e+09,train
scenario_1073,3,27_1004;42_A340;56_7775,5359337.888535948,0.0018693831713668674,0.0,5369356.544594445,3.347436e+08,-7.662293e+08,0.002791991,0.0019829776,0.0043544616,-0.0061938446,4.2051974e+08,-9.824638e+08,test
scenario_1074,3,13_0564;41_7018;8_6013,3465845046.355753,0.005327836738525771,0.031296405535838755,3592778995.0188923,3.531877e+09,2.052173e+09,0.007442492,0.004460794,0.039626274,0.023599105,3.8547374e+09,2.2105513e+09,test
scenario_1075,2,18_2009;26_0214,0.0,0.0002714498285865119,0.0,0.0,3.0763584e+07,-2.8938534e+08,0.00087937305,-0.00025922572,0.0006326805,-0.00057179853,-1.0911104e+07,-3.7611437e+08,val
scenario_1076,6,17_5453;18_A902;32_A456;35_AA01;4_1003;4_A441,9221282859.941034,0.04565190987029921,0.11249084015777082,10679561890.198816,1.3017996e+10,1.0967776e+10,0.030430956,0.031381767,0.15462014,0.10964164,1.5103512e+10,1.2919852e+10,val
scenario_1077,5,4_1021;4_AA01;4_AA61;4_B310;4_B320,0.0,0.02604409620593673,0.0,0.0,8.936774e+08,2.6905633e+09,0.012029506,0.013327517,0.006885773,0.029234946,1.0131992e+09,2.9591736e+09,train
scenario_1078,3,19_0606;49_C440;6_2004,0.0,0.0026212440992330333,0.0,0.0,1.7359572e+09,1.718744e+09,0.0034934466,0.0022753822,0.016953029,0.016142685,1.9645888e+09,1.9342628e+09,train
scenario_1079,4,32_3013;32_7000;32_B320;32_B330,0.0,0.0023169509965834667,0.0,0.0,4.7300403e+08,-5.7899117e+08,0.003501921,0.0027791942,0.006088874,-0.009461237,5.960108e+08,-7.0780896e+08,train
scenario_1080,3,29_0661;29_0662;47_0661,0.0,3.379573823303339e-05,0.0,0.0,2.482153e+08,6.5630406e+08,0.00014486723,0.00027034082,0.0027605705,0.0067630177,1.8323251e+08,7.106845e+08,test
scenario_1081,6,13_5023;19_0216;42_C410;48_B310;4_6060;4_AA59,0.0,0.007678597977203716,0.0,0.0,1.8050647e+09,2.710658e+09,0.008276821,0.010822665,0.019208014,0.02955681,1.9762611e+09,3.1469128e+09,train
scenario_1082,5,26_0119;26_0123;26_0217;26_0604;26_0605,0.0,2.774746904099512e-05,0.0,0.0,2.0499776e+07,8.687483e+08,4.1085295e-06,0.00043505,0.00072592404,0.010243327,-1.2821696e+07,1.00730214e+09,train
scenario_1083,4,26_0903;26_A320;26_A330;26_B350,0.0,0.0012569962843643756,0.0,0.0,7.4446566e+08,5.990518e+08,0.0013983558,0.0011591057,0.010606229,0.013259484,9.810513e+08,6.948561e+08,train
scenario_1084,2,48_L350;4_B960,0.0,0.0020344330534444177,0.0,0.0,6.323818e+08,3.626579e+08,0.0015754324,0.0021495947,0.0053812345,0.0037378834,6.689442e+08,4.0891862e+08,test
scenario_1085,5,10_0108;42_1605;49_7086;49_E445;8_7035,0.0,0.010681388416159954,0.0,0.0,5.4605e+08,1.2188137e+09,0.004014502,0.0051043644,0.00646637,0.01264617,6.705769e+08,1.407263e+09,test
scenario_1086,4,49_3011;4_AA61;6_0208;8_A415,3142901662.389783,0.005471126607374921,0.024910422986545406,3238387885.114492,2.7016904e+09,1.8274104e+09,0.009332234,0.007855004,0.030268593,0.018801067,3.1823286e+09,1.908522e+09,train
scenario_1087,3,28_0560;45_5035;46_A422,0.0,0.001331288752276616,0.0,0.0,5.824577e+08,6.469656e+08,0.0016080355,0.0015441817,0.00536663,0.009099946,6.084671e+08,7.514746e+08,train
scenario_1088,5,29_0901;29_0903;29_0959;29_0962;29_5473,443835493.6086452,0.0029699511074839924,0.007573965455731146,448515258.02104825,1.0307962e+08,1.2402687e+09,0.0013672455,0.004318238,0.0020867581,0.014692111,1.4167354e+08,1.4945894e+09,test
scenario_1089,4,55_0216;55_0259;55_0263;55_0266,0.0,1.591695700975393e-05,0.0,0.0,7.814029e+07,7.141254e+07,0.0003458506,-0.0002649813,0.0011020689,-3.0686148e-05,6.3253376e+07,7.630906e+07,train
scenario_1090,2,19_9116;27_1085,0.0,0.0011659593097761434,0.0,0.0,9.869184e+07,3.1296336e+08,0.0019519469,0.0018521354,0.0011688247,0.0063310154,1.3305037e+08,3.1598854e+08,train
scenario_1091,2,24_0559;36_A340,0.0,0.0004232332586182608,0.0,0.0,1.5954653e+08,1.2939123e+08,0.0007715344,0.0009427803,0.0020269668,0.0014550462,2.2764915e+08,1.629671e+08,train
scenario_1092,5,29_0608;29_0660;29_0662;29_0663;29_0664,0.0,3.986773975261926e-05,0.0,0.0,5.515712e+06,1.8781107e+08,-0.00027097878,-0.00021496927,-0.0002454985,0.0014984817,-8.602182e+07,1.7295098e+08,train
scenario_1093,6,13_0508;19_0102;48_9167;4_B959;6_3021;8_0219,0.0,0.006031755487748369,0.0,0.0,2.0105562e+09,3.4424602e+09,0.006062439,0.008390473,0.015960746,0.03461109,2.0220544e+09,4.007754e+09,train
scenario_1094,1,18_0671,0.0,6.471311609801411e-06,0.0,0.0,8.730163e+07,-3.3850816e+07,0.00023361202,-4.3366803e-05,0.0015146313,-0.0006669117,1.246793e+08,-5.416909e+07,train
scenario_1095,5,22_0702;22_0706;22_0708;22_0709;22_4001,0.0,0.0012449179921706355,0.0,0.0,2.7352342e+08,1.287208e+09,0.00041915895,0.0010172976,0.0022606547,0.01216751,2.4924598e+08,1.4095877e+09,train
scenario_1096,2,29_0660;29_0662,0.0,1.59470959010255e-05,0.0,0.0,1.3078826e+08,5.031469e+07,0.0002713804,-7.0804264e-05,0.0018617627,6.7920424e-05,1.2310502e+08,3.0931712e+07,test
scenario_1097,2,17_0602;4_A452,63126977.10814484,9.357202550241972e-06,0.0,63127567.80005602,8.96943e+08,3.1509792e+08,0.0011918863,0.00027480256,0.008718762,0.003892832,1.0961848e+09,3.3771197e+08,train
scenario_1098,2,51_1023;51_A321,0.0,0.003236669483900112,0.0,0.0,1.894105e+08,2.973139e+08,0.0032200553,0.0036610956,-0.00010686042,0.001771919,1.369102e+08,2.847128e+08,train
scenario_1099,1,4_B320,0.0,0.0010082114144606136,0.0,0.0,4.3015088e+08,7.599533e+07,0.0008377669,0.0007957354,0.00389353,0.00080678426,4.285524e+08,4.994003e+07,test
scenario_1100,5,32_AA01;32_AA59;32_AA60;32_AA61;32_AA62,0.0,0.01068040882361554,0.0,0.0,4.3855453e+08,1.6373386e+09,0.006104147,0.009211235,0.0065061827,0.019902507,6.492741e+08,1.8869084e+09,train
scenario_1101,4,13_0502;13_0562;13_0566;13_3016,4543365.446115179,0.002284361986705563,0.0,4553744.137431996,1.2114365e+09,1.3226493e+09,0.0028395168,0.0024268564,0.010265602,0.012398039,7.933391e+08,1.2485112e+09,test
scenario_1102,1,12_0105,0.0,7.829841128126347e-06,0.0,0.0,-1.1507584e+07,-6.359731e+07,0.00010082917,-9.012851e-05,0.0009276415,-0.0013349457,-874048.0,-9.473843e+07,train
scenario_1103,5,13_0561;37_3008;37_3816;4_BA01;6_7456,2153996302.4532743,0.01699446865214005,0.02278740009998274,2239686300.6500287,5.0707697e+09,4.867262e+09,0.014380524,0.0134168975,0.05516528,0.051369194,5.7799475e+09,5.659813e+09,train
scenario_1104,5,10_0106;19_0703;48_6079;48_9167;4_BA02,103707207.80307016,0.008399463101028015,0.0,104578292.6683227,3.0922813e+09,2.0356503e+09,0.010569908,0.0099316165,0.031664006,0.021902941,3.669091e+09,2.3202445e+09,val
scenario_1105,4,48_1046;48_5323;48_5335;48_5336,0.0,0.005789830176218147,0.0,0.0,-3.0090253e+08,7.9246714e+08,0.0056432886,0.005711537,-7.601455e-06,0.01095718,7.541184e+06,7.927454e+08,test
scenario_1106,6,13_0503;31_0124;34_1031;48_0163;49_D450;5_0214,0.0,0.0016806467138108516,0.0,0.0,1.0921861e+09,1.0315967e+09,0.0010614301,0.0014714717,0.010558782,0.014100367,1.1224922e+09,1.094964e+09,val
scenario_1107,5,5_0113;5_0114;5_0116;5_0118;5_0122,0.0,2.5568705069534126e-05,0.0,0.0,-9.334406e+07,2.312807e+08,1.529348e-05,5.6535704e-05,-0.0007052198,0.0020984043,-1.0316493e+08,2.7721088e+08,train
scenario_1108,3,34_0802;34_0859;34_1030,13333634612.672724,0.028405331621395913,0.2721723780842072,17341427966.601246,2.1366886e+08,1.801194e+08,0.0010571133,0.00027891994,0.0026649092,0.003161213,3.2564534e+08,2.6479386e+08,train
scenario_1109,4,18_A902;39_0207;39_0263;48_F310,0.0,0.003740554357420822,0.0,0.0,5.7866195e+08,6.629208e+08,0.0033285704,0.004078849,0.0041766986,0.007991776,6.187411e+08,6.300825e+08,train
scenario_1110,4,35_2118;35_6035;35_AA02;35_AA03,4684293549.105968,0.007259719200161885,0.05605390212001506,4980873137.026612,2.0157545e+09,1.350872e+09,0.00986607,0.008874558,0.025614843,0.017361864,2.6447887e+09,1.4394084e+09,train
scenario_1111,4,34_0506;34_0507;34_0902;34_0962,0.0,1.2274674163759158e-05,0.0,0.0,5.832973e+07,1.5209024e+07,0.0003202716,-0.0004610829,0.0010498362,-0.00023906957,7.002163e+07,6.616256e+06,train
scenario_1112,4,4_0114;4_0115;4_A902;6_7491,18870997291.562256,0.004810443424567157,0.18642123067362792,22479729695.530212,4.574848e+09,3.4431357e+09,0.008261141,0.0086788945,0.047808785,0.029140238,5.3774044e+09,4.015487e+09,train
scenario_1113,2,38_0214;39_A411,0.0,0.0010003963610628608,0.0,0.0,5.877186e+08,-3.0672672e+08,0.00137382,0.0005707351,0.0058082277,-0.0013449006,6.543729e+08,-4.4626093e+08,train
scenario_1114,6,12_0104;13_0565;37_0203;47_A320;48_5287;6_0661,0.0,0.001810576164064659,0.0,0.0,6.667078e+08,1.7608965e+09,0.001033047,0.0027545965,0.004325255,0.02141381,5.404342e+08,1.9353961e+09,test
scenario_1115,5,37_0201;37_0205;37_0206;37_1352;37_3807,0.0,0.0020809017389015194,0.0,0.0,4.8177856e+08,9.7647066e+08,0.002113189,0.0030873814,0.0039614746,0.01313062,4.5571702e+08,1.1876531e+09,val
scenario_1116,4,17_B320;55_6352;55_6353;55_6355,5547.7053360763475,0.0048449001102915945,0.0,5574.583414270968,5.515825e+08,3.9302752e+08,0.004577238,0.0047968617,0.009857143,0.010947447,6.9067334e+08,4.029893e+08,test
scenario_1117,5,26_0122;28_A330;30_0509;42_1690;5_0213,0.0,0.0008902279295878168,0.0,0.0,7.221862e+08,1.1020722e+09,0.0012744134,0.0012059538,0.0072070044,0.012625725,8.0942163e+08,1.2280562e+09,train
scenario_1118,5,24_0962;28_3081;39_7021;53_6020;8_0812,0.0,0.003107089329659085,0.0,0.0,1.05822957e+09,1.7600934e+09,0.0041349977,0.006664493,0.013980528,0.026804008,1.2515973e+09,2.2371666e+09,train
scenario_1119,1,49_E460,0.0,0.0002676067543261329,0.0,0.0,-9.790195e+07,-4.6969658e+08,0.0006846787,-3.5330653e-05,-0.0012306385,-0.007153319,-2.242201e+08,-5.6814714e+08,train
scenario_1120,4,27_0704;4_BA03;54_4004;5_0220,0.0,0.012084657303992885,0.0,0.0,4.544584e+09,2.435512e+09,0.01014651,0.009506062,0.04841734,0.026326053,5.137306e+09,2.8169992e+09,val
scenario_1121,3,48_5274;48_5310;48_A430,0.0,0.00319299051468791,0.0,0.0,-1.2980032e+07,7.7062656e+08,0.002473887,0.0031731287,1.3783574e-06,0.0095602255,-5.846349e+07,9.1175014e+08,train
scenario_1122,6,26_0603;29_AA02;36_1011;48_5335;55_0902;6_0210,5949053625.805499,0.003630310721209118,0.09261157760976511,6521601780.535249,3.3332398e+09,2.739058e+09,0.0057915784,0.004577052,0.04229362,0.036390334,3.8802258e+09,3.0641172e+09,train
scenario_1123,1,29_1008,0.0,0.000268377520364127,0.0,0.0,-3.5547917e+08,-6.7377197e+08,0.0006577679,-7.083709e-05,-0.0035016248,-0.0060346164,-5.2929773e+08,-7.932245e+08,train
scenario_1124,1,41_5022,3011142744.4144063,0.0030588579119268378,0.02754671886890176,3103300504.8766165,8.458522e+08,1.3957544e+09,0.0027770516,0.0033715975,0.008504273,0.013080798,8.960584e+08,1.5393481e+09,train
scenario_1125,2,29_0760;29_0801,0.0,4.164651126514762e-06,0.0,0.0,1.1150176e+08,3.2560093e+08,0.00029140012,0.00014343043,0.0018681344,0.0037741894,1.3030086e+08,3.983564e+08,train
scenario_1126,1,24_5807,0.0,0.000265685265211979,0.0,0.0,-1.1319885e+08,-2.4662522e+08,0.00058119814,0.00037521217,-0.0007774383,-2.5196932e-06,-1.8967622e+08,-2.666734e+08,train
scenario_1127,1,4_0665,0.0,1.0357039727293404e-05,0.0,0.0,1.0616704e+07,1.0347296e+08,0.00010349951,3.5050325e-06,0.0012006611,0.00086782314,3.0924608e+07,1.0276096e+08,train
scenario_1128,4,6_0201;6_0208;6_0811;6_7454,5666034193.052444,0.00013356471402559134,0.04849117335602228,5941543621.585555,6.2585734e+08,7.619716e+08,-8.139876e-05,0.000510421,0.0046616243,0.007888029,5.107324e+08,8.142875e+08,test
scenario_1129,4,18_0665;28_9030;32_0102;47_B310,1604376734.6376066,0.006873535837935929,0.017516362806682416,1643507320.5832014,9.2646566e+08,2.0643308e+09,0.006004572,0.0070299827,0.005135365,0.023253141,8.995719e+08,2.2776108e+09,train
scenario_1130,6,17_7937;37_0201;39_0102;48_6179;4_1022;6_0211,3060385199.1300497,0.0029354985881661078,0.024910401544935974,3145604379.753849,2.3155205e+09,2.9337715e+09,0.0051179426,0.0046227993,0.027240226,0.033391476,2.824393e+09,3.3240804e+09,train
scenario_1131,3,27_0759;39_0810;48_A504,0.0,0.00044256332178238544,0.0,0.0,4.5277062e+08,2.9851667e+08,0.0009719186,0.0004168274,0.004235106,0.0030749096,5.0553226e+08,3.4490768e+08,train
scenario_1132,4,13_0560;27_0701;4_0601;8_A430,0.0,0.0004987308735430185,0.0,0.0,1.0777496e+09,1.3868247e+09,0.000694428,0.0009349054,0.010878928,0.017271943,1.1183654e+09,1.480617e+09,train
scenario_1133,4,48_1109;48_3579;48_F310;48_F340,0.0,0.0008272967941210796,0.0,0.0,-2.180103e+08,-7.615975e+08,0.0015861702,0.0012686986,-0.0017171698,-0.008527536,-2.2781485e+08,-9.6925e+08,val
scenario_1134,3,23_3013;26_0901;5_0222,0.0,0.0006494272821626623,0.0,0.0,6.0149466e+08,7.9272435e+08,0.000773289,0.00056291407,0.006689733,0.008257725,6.8914336e+08,8.346969e+08,test
scenario_1135,5,22_0113;22_0702;39_7021;48_0167;4_AA59,0.0,0.00540766281932481,0.0,0.0,2.4325102e+09,1.671755e+09,0.0065538734,0.0072209006,0.024986964,0.022857804,2.6728138e+09,1.9247593e+09,train
scenario_1136,6,19_B430;26_C310;31_B410;39_0265;53_0201;6_0211,2629124463.656294,0.0029725037572906343,0.024910401544935974,2702432092.10419,7.862774e+08,1.7085505e+09,0.0029334286,0.0027583935,0.0099626575,0.022806771,1.0706429e+09,1.8735132e+09,train
scenario_1137,1,56_3027,5359337.888535948,0.0014951711304234117,0.0,5367351.01582507,-9.226694e+07,-1.2883507e+08,0.0012667541,0.0024230771,-0.0003068708,-0.00367097,-8.866976e+07,-2.0027302e+08,train
scenario_1138,1,29_0664,0.0,7.97354795056826e-06,0.0,0.0,-3.572288e+06,-4.157203e+07,0.000118057476,-0.00010880851,0.00091481535,-0.0012330478,5.45216e+06,-6.282336e+07,train
scenario_1139,4,19_5046;26_7072;49_E451;4_0220,0.0,0.0021360795038548597,0.0,0.0,9.412383e+08,1.1946452e+09,0.0033674221,0.0032567668,0.011694872,0.017586708,1.0917814e+09,1.4054295e+09,train
scenario_1140,2,24_0903;42_1610,0.0,0.0045005847256289755,0.0,0.0,4.0117792e+08,1.4010854e+09,0.0015204452,0.002924094,0.0040253503,0.015364218,4.8245875e+08,1.6689961e+09,test
scenario_1141,5,13_0565;26_7072;47_0602;4_1021;4_A310,0.0,0.0038346001436022625,0.0,0.0,2.5016794e+09,2.7110825e+09,0.0044975653,0.0041789417,0.028069248,0.03330703,2.7279631e+09,3.1011612e+09,train
scenario_1142,1,38_3006,0.0,6.78341320519138e-05,0.0,0.0,1.3648883e+08,-7.845088e+07,0.0003601727,3.0397438e-05,0.0010063248,-0.0016315505,1.6923187e+08,-1.3758822e+08,train
scenario_1143,3,29_0901;29_0960;29_5473,443835493.6086452,0.0029607478376925123,0.007573965455731146,448511173.2832575,1.9146614e+08,1.3938587e+09,0.0019445055,0.0044073164,0.0027501155,0.01581091,2.9355862e+08,1.667602e+09,train
scenario_1144,3,5_0214;5_0216;5_0217,0.0,6.03618791529259e-05,0.0,0.0,2.9247616e+08,7.3185517e+08,-0.00045052124,-0.0002684996,0.0024481593,0.007797873,1.340672e+08,6.9875283e+08,test
scenario_1145,4,18_A961;4_0213;4_B901;6_0662,0.0,0.005318469074005461,0.0,0.0,2.232623e+09,1.4045819e+09,0.006851057,0.005602453,0.021824474,0.015304875,2.3371412e+09,1.4440632e+09,train
scenario_1146,2,40_0114;40_A350,0.0,0.00028885096013286926,0.0,0.0,2.835607e+08,-1.6394592e+08,0.000672495,4.3769367e-05,0.0023304047,-0.0021218862,2.8230483e+08,-1.6484435e+08,test
scenario_1147,2,40_4086;40_4154,111579731.86769475,0.0009744454259315027,0.0,111688460.22703989,-1.4881472e+08,5.550611e+07,0.0010254384,0.0014049659,-0.0014624372,0.00013534492,-2.138729e+08,3.9169856e+07,train
scenario_1148,1,48_F330,0.0,0.00021779848232017507,0.0,0.0,1.0377024e+08,-2.827744e+07,0.00025995472,0.0003838652,0.0007582605,0.00020838389,3.2005184e+07,-4.564947e+07,val
scenario_1149,1,31_A353,0.0,7.052126760809241e-05,0.0,0.0,245824.0,-5.079042e+08,0.00028752652,-0.00014533242,-0.00048722513,-0.005253467,-1.1612979e+08,-6.275829e+08,val
scenario_1150,6,21_A330;48_1046;4_0221;4_0261;5_3074;6_3030,72462720.16800648,0.005938367545699874,0.0,72893030.4337253,3.3454671e+09,2.5311593e+09,0.009822147,0.008629471,0.039720565,0.027839389,3.8862218e+09,2.846959e+09,test
scenario_1151,3,1_4125;1_A320;1_A330,0.0,0.0019512319897084796,0.0,0.0,2.7678067e+08,-4.039443e+07,0.0017953998,0.0017662479,0.002406876,-0.00086316746,3.0784416e+08,-6.633325e+07,train
scenario_1152,4,39_0109;39_0110;39_0208;39_0262,0.0,2.815278179879588e-05,0.0,0.0,1.0121792e+08,2.579758e+08,0.0001204561,-0.00011477503,0.0011971355,0.002468646,6.993082e+07,2.6981267e+08,train
scenario_1153,4,48_4143;48_B430;48_D410;48_D420,0.0,0.0008484772740611213,0.0,0.0,-7.985696e+07,-1.3437908e+09,0.00062348007,-0.00013397401,-0.0019844808,-0.018733352,-3.5918144e+07,-1.5848064e+09,train
scenario_1154,5,4_1007;4_7614;4_BA02;4_BA03;4_BA59,120165187.40179935,0.02502558050762349,0.0,123172390.97333676,1.9564713e+09,1.6666092e+09,0.015788402,0.016310146,0.013457203,0.0113138985,1.9299482e+09,1.73921e+09,train
scenario_1155,5,4_0113;4_0115;4_0261;4_0263;4_0266,5.547435930853377,8.520672799494644e-05,0.0,5.5479086097178065,6.612236e+08,2.505504e+08,-0.0010225573,-0.000771106,0.0058025164,0.0047644554,5.1352877e+08,1.0078426e+08,train
scenario_1156,5,25_1002;9_0902;9_0961;9_1803;9_5001,0.0,0.0022668618728286516,0.0,0.0,9.744709e+08,5.1773626e+08,0.0028803558,0.0025233587,0.010130658,0.0101059945,8.837103e+08,7.14039e+08,test
scenario_1157,1,47_6015,0.0,0.0018793568360634394,0.0,0.0,2.1479296e+07,1.2438966e+09,0.0012342593,0.0024944234,0.00040606083,0.012128767,1.275863e+08,1.4569942e+09,train
scenario_1158,4,53_AA01;53_AA02;53_BA01;53_BA60,0.0,0.0019451673242841805,0.0,0.0,3.177367e+09,1.8293996e+09,0.006833958,0.0039419006,0.044868626,0.023122052,3.9166572e+09,2.233602e+09,val
scenario_1159,2,12_4000;4_0215,0.0,0.0003853348902277398,0.0,0.0,3.243111e+08,6.0079744e+08,0.0006513583,0.00035312958,0.0030458719,0.005975469,3.512127e+08,6.3955936e+08,val
scenario_1160,2,39_0204;39_0261,0.0,1.2766680463127678e-05,0.0,0.0,1.1338605e+08,8.08057e+07,0.00026835268,-0.00022416934,0.0018413104,0.00021476671,1.1441139e+08,8.246157e+07,train
scenario_1161,5,1_4126;27_1019;39_0204;49_D440;5_3073,117062507.9145828,0.005097856588268335,0.0,117659275.79179439,8.745554e+08,1.3843732e+09,0.004554848,0.0063323136,0.010718726,0.014065206,9.828224e+08,1.6690665e+09,test
scenario_1162,1,29_0509,0.0,2.479789067755256e-06,0.0,0.0,2.3942208e+07,1.6122515e+08,0.00016000052,0.0002948835,0.00088979304,0.0016706544,2.4567616e+07,2.1597728e+08,train
scenario_1163,4,6_0501;6_0563;6_0567;6_0659,0.0,4.247214267183441e-05,0.0,0.0,1.853151e+08,6.310079e+08,-0.0004230761,-0.0002718505,0.0018748725,0.008168863,1.0207578e+08,6.3789696e+08,test
scenario_1164,1,27_4034,0.0,0.0016085508086878253,0.0,0.0,2.495978e+08,7.921944e+08,0.001401477,0.002056768,0.002308242,0.009373491,3.294843e+08,9.694155e+08,train
scenario_1165,2,1_0564;4_0605,0.0,9.08366261631599e-06,0.0,0.0,1.8117866e+08,1.2610998e+08,0.00028491626,0.00017107045,0.0023029586,0.0018126857,1.8906202e+08,1.7017075e+08,test
scenario_1166,3,6_0504;6_0508;6_0605,0.0,3.314390364206332e-05,0.0,0.0,1.6818067e+08,2.814547e+08,-0.00013501616,-9.097159e-05,0.0017471812,0.003998875,1.1435981e+08,2.5976934e+08,train
scenario_1167,1,48_0901,0.0,1.0199060485605038e-05,0.0,0.0,2.1692032e+07,4.6434586e+08,8.7244436e-05,-0.000109318644,0.0012437971,0.004456984,3.3760576e+07,5.162628e+08,val
scenario_1168,4,26_A310;26_A340;26_A350;26_B310,0.0,0.0016593451464955722,0.0,0.0,7.9838854e+08,6.4101523e+08,0.0020557912,0.0014491975,0.014784109,0.014260063,1.2549476e+09,7.1770765e+08,train
scenario_1169,3,13_3020;13_4092;13_4093,4543365.446115179,0.0012747110314599297,0.0,4549156.9241692955,-1.5113024e+07,5.171774e+08,0.0007765306,0.0003207256,0.0006222967,0.005881005,7.953472e+06,5.590408e+08,test
scenario_1170,5,10_0160;26_0123;26_D330;32_AA03;4_6053,0.0,0.012610058291275705,0.0,0.0,1.3587039e+09,2.190277e+09,0.0031092158,0.00568737,0.015292725,0.023239087,1.5993672e+09,2.580204e+09,test
scenario_1171,2,32_B330;32_B350,0.0,0.001189548193913037,0.0,0.0,6.003679e+08,2.978044e+08,0.0011161229,0.0018862151,0.00458393,0.0027406751,4.989105e+08,4.290966e+08,train
scenario_1172,2,27_3007;27_4055,0.0,0.004674539250330123,0.0,0.0,8.531916e+08,1.3861801e+09,0.0044620465,0.006616564,0.007978696,0.015484807,7.639942e+08,1.655222e+09,test
scenario_1173,1,22_0709,0.0,1.1830722669525784e-05,0.0,0.0,1.6920768e+07,3.6811523e+08,0.0001092318,-1.3108365e-07,0.001313448,0.0033671851,3.825869e+07,3.998103e+08,test
scenario_1174,1,4_1002,57946818.22593117,0.0013103867083357201,0.0,58022750.96632478,8.208397e+07,-1.8289766e+08,0.0012749805,0.0018306685,0.00078544207,-0.0033878917,3.613152e+07,-2.9039117e+08,train
scenario_1175,2,29_0663;29_0903,0.0,9.288296256904083e-06,0.0,0.0,1.2325098e+08,-4.702867e+07,0.0003232367,-0.00023408001,0.001728049,-0.0010823784,1.3942669e+08,-6.4087424e+07,train
scenario_1176,5,12_4101;13_0562;1_A320;30_A330;6_0207,2628935616.6856127,0.0008504006301760514,0.02490973684588928,2696657359.587158,1.641406e+09,1.7714107e+09,0.0021658,0.0012514316,0.018677615,0.021587037,1.8949235e+09,1.9226478e+09,val
scenario_1177,2,17_0661;49_D449,0.0,0.00042335625029665813,0.0,0.0,5.1880493e+08,5.447402e+08,0.0010297121,0.00049736816,0.0046388786,0.0064430973,5.968467e+08,6.200036e+08,val
scenario_1178,4,36_4017;42_B310;42_B340;42_B351,0.0,0.0013218932077251333,0.0,0.0,-3.176882e+08,2.7281184e+08,0.0006708078,0.00142449,-0.0025255913,0.0024893167,-2.3565216e+08,3.5425795e+08,test
scenario_1179,4,19_0603;19_0604;19_0607;19_0659,0.0,3.440984395619573e-05,0.0,0.0,2.162272e+07,2.3383526e+08,-0.0005276706,-0.00010535051,0.00012718933,0.005475064,-4.822912e+07,1.7976717e+08,val
scenario_1180,4,26_0222;29_0709;29_1010;48_1111,423445394.3176106,0.0024158145008452703,0.007573965455731146,427675520.6304693,4.4132006e+08,1.6184339e+09,0.0028443392,0.0041401954,0.003891298,0.015458702,4.284035e+08,1.9041405e+09,train
scenario_1181,4,1_3028;1_4084;1_4126;1_6012,59418349.14901729,0.005926809610348083,0.0,59770510.39178471,-3.043673e+08,2.33128e+09,0.0044532847,0.0069901296,-0.0048151016,0.024002442,-2.933445e+08,2.7109066e+09,train
scenario_1182,5,19_0105;48_I340;4_0506;4_AA61;6_0507,0.0,0.003797591330983008,0.0,0.0,4.3213997e+08,1.9334634e+08,0.0023463487,0.004465998,0.0026386343,0.0022382587,4.4909427e+08,1.3739718e+08,train
scenario_1183,2,27_0561;27_0909,28101.04198698402,5.880827836923785e-06,0.0,28101.20724437398,2.057761e+08,1.1908944e+08,0.00035111047,4.79375e-06,0.0022340682,0.0019712672,2.4069382e+08,1.3462605e+08,train
scenario_1184,2,31_A340;31_A351,0.0,0.00014112774980301612,0.0,0.0,2.9486544e+08,-3.808332e+08,0.00035653147,0.00050040963,0.0019564726,-0.0014954144,1.4266714e+08,-4.108844e+08,train
scenario_1185,5,32_A320;32_A330;32_A350;32_A351;32_A352,0.0,0.0007549981174556075,0.0,0.0,2.4405075e+08,1.6981893e+09,0.0016365733,0.0014704356,0.0046926904,0.018017374,4.496546e+08,2.0788838e+09,train
scenario_1186,5,5_3011;5_4021;5_A410;5_A430;5_A608,63126977.10814484,0.00454110550206277,0.0,63413643.37121923,-2.791125e+08,-1.392656e+08,0.0038300059,0.0049604876,-0.0024666646,-0.00046269875,-2.820821e+08,-1.9034336e+08,train
scenario_1187,2,40_3018;40_7024,0.0,0.001677811627826209,0.0,0.0,-3.2102874e+08,2.832192e+07,0.0016576333,0.00174562,-0.0026925579,-0.00063733105,-2.937072e+08,1.0466368e+07,test
scenario_1188,5,18_0603;18_0664;18_0669;18_0670;18_0901,28471431.49348294,4.6489737388633046e-05,0.0,28472755.12285615,1.6727146e+08,7.284065e+08,-0.00040699728,-0.0002888916,0.0017005894,0.008348664,1.6645978e+08,7.6115334e+08,train
scenario_1189,2,12_A330;13_5023,0.0,0.0024190309557400314,0.0,0.0,3.5128938e+08,1.4067752e+09,0.001685736,0.0037352657,0.003341563,0.012411859,5.33298e+08,1.7025277e+09,val
scenario_1190,1,20_0106,0.0,6.369968212682764e-06,0.0,0.0,2.147392e+06,1.7934342e+08,0.00013513607,-8.741184e-05,0.00086631486,0.0012303023,7.187136e+06,1.8284806e+08,test
scenario_1191,3,29_5393;46_A430;6_3005,11300.761716986299,0.0027897273365591335,0.0,11332.287760872116,2.1023578e+08,-8.767686e+08,0.0033343355,0.0034491606,0.0025413432,-0.0073955916,2.2664147e+08,-1.03436576e+09,test
scenario_1192,4,24_0501;24_0563;24_0903;24_2805,0.0,0.0005551195569157841,0.0,0.0,-7.392166e+07,-2.324007e+08,0.00056624075,0.0007037757,-0.00020168396,0.0005395599,-1.3210176e+08,-2.4006086e+08,train
scenario_1193,6,18_0902;27_A310;39_4018;41_6011;48_0118;6_0569,2503062318.609478,0.006137899793427715,0.022756059116980677,2575385698.3935714,3.750728e+09,3.2395825e+09,0.007043011,0.006835092,0.04815813,0.038389407,4.4311327e+09,3.6155937e+09,train
scenario_1194,3,49_D440;49_D459;49_D461,0.0,0.0012419970837057592,0.0,0.0,4.2484525e+08,7.993033e+08,0.0017450546,0.0012078027,0.0042158393,0.008097679,4.5218976e+08,9.228334e+08,val
scenario_1195,3,49_1004;49_A361;49_B350,0.0,0.00017970364811947803,0.0,0.0,2.5317805e+08,-3.336423e+08,0.0012683555,0.0011219425,0.0019211709,-0.0027324017,7.52208e+07,-3.976409e+08,train
scenario_1196,2,41_5006;47_0661,5731987253.475514,0.0022708160953017753,0.05126791793075239,6038870594.480073,2.228102e+09,1.710781e+09,0.0037774197,0.002605282,0.024544079,0.020340672,2.4672184e+09,1.9160666e+09,val
scenario_1197,4,4_0222;4_A453;6_0207;6_8149,2628935616.6856127,0.0021033589815193654,0.02490973684588928,2699951306.4232287,2.3588099e+09,2.4779886e+09,0.0038396902,0.0032576057,0.023906369,0.028036458,2.4691635e+09,2.7896282e+09,test
scenario_1198,6,29_0660;34_4042;37_5826;42_0661;4_0659;4_A330,0.0,0.006190194589941078,0.0,0.0,2.3954885e+09,2.434376e+09,0.00478909,0.0062171244,0.026251905,0.028067546,2.7220767e+09,2.8993313e+09,train
scenario_1199,2,12_3995;12_4106,0.0,0.00178089805210091,0.0,0.0,-3.893248e+07,-1.9004869e+09,0.0014420894,0.0013226407,0.0007414897,-0.019931767,2.6833686e+08,-2.2176824e+09,test
scenario_1200,3,27_0708;27_0709;27_0759,0.0,1.2877404130917647e-05,0.0,0.0,1.4374208e+08,2.7621565e+08,0.00036789477,0.0003202823,0.001753686,0.003203643,1.7801114e+08,3.5940618e+08,train
scenario_1201,4,18_A410;26_0214;31_C410;6_7455,0.0,0.0040284250717453896,0.0,0.0,4.97626e+08,1.5528731e+09,0.0034009938,0.005476565,0.0054671327,0.014690878,6.390719e+08,1.7638902e+09,train
scenario_1202,4,12_3811;37_1030;48_AA01;6_0559,4543365.446115179,0.002680601921883352,0.0,4555544.400261853,3.5610458e+08,1.3886824e+09,0.0019392075,0.0032929005,0.0031112991,0.0136644095,3.554248e+08,1.6125741e+09,train
scenario_1203,2,13_4096;1_C340,0.0,0.0006549741801153974,0.0,0.0,-2.0015168e+07,-3.6989805e+08,0.0005743324,0.00023942348,-0.0006815456,-0.0043361047,-3.1919168e+07,-4.3534816e+08,test
scenario_1204,2,32_A454;32_C310,0.0,0.0005224755718883367,0.0,0.0,4.2087373e+08,1.2524176e+08,0.00074094546,0.00054824003,0.003065799,0.00077797147,2.6718218e+08,1.9336006e+08,train
scenario_1205,2,18_0669;18_5528,0.0,0.0003746797508357158,0.0,0.0,4.5710608e+08,3.453307e+08,0.00091892714,0.0009464695,0.004673009,0.0054242816,5.3548707e+08,4.0585818e+08,val
scenario_1206,1,20_6026,0.0,0.0003423812201399645,0.0,0.0,1.4116288e+07,2.555674e+08,0.00043397467,0.00053823565,-0.00029910076,0.004407802,-8.382067e+07,2.9617133e+08,test
scenario_1207,6,31_B410;40_3018;49_D441;4_0224;4_0262;6_A350,2.0257216302194596,0.0036422291408307883,0.0,2.0330997725722564,-1.24784e+08,1.4156276e+09,0.0043206066,0.0041093165,0.00079507986,0.016906705,-6.584755e+07,1.4483113e+09,val
scenario_1208,2,26_0216;49_3011,514434335.5292842,0.0014125474437367558,0.0,515160998.4349065,8.555526e+07,3.139662e+08,0.0013468239,0.0025806343,0.00104634,0.0010469244,1.0930931e+08,3.0151507e+08,train
scenario_1209,4,20_0210;20_A410;49_7085;54_4004,0.0,0.010035692268362317,0.0,0.0,1.89362e+09,1.3241549e+09,0.006111609,0.0066560693,0.021565672,0.012001471,2.0985444e+09,1.5030072e+09,test
scenario_1210,2,19_0701;19_0709,0.0,1.6522366257709642e-05,0.0,0.0,1.6323885e+08,4.351459e+08,0.00028734282,-6.163865e-05,0.0021929718,0.004049196,1.8157235e+08,4.7663955e+08,test
scenario_1211,2,18_0668;18_0902,0.0,2.7075909434848278e-05,0.0,0.0,3.794246e+08,2.9640928e+08,0.00047877093,-0.00050878106,0.0039249226,0.002298052,3.5659226e+08,2.4837792e+08,val
scenario_1212,6,20_0203;26_0217;38_0263;39_4018;54_5007;9_0901,0.0,0.004172562868928642,0.0,0.0,4.036612e+09,3.0718602e+09,0.0062731057,0.005131848,0.048742153,0.035564136,4.823541e+09,3.5512202e+09,val
scenario_1213,2,29_AA62;51_0118,0.0,0.0009090277698744487,0.0,0.0,3.980158e+08,-5.3372736e+07,0.001306179,0.0014720687,0.0038692616,0.0018230123,3.6930144e+08,-3.7368576e+07,train
scenario_1214,3,19_3028;32_0105;5_0215,0.0,0.0009532463904068367,0.0,0.0,2.8655552e+08,4.0651565e+08,0.0011647473,0.001140095,0.0019765403,0.005683508,1.597319e+08,4.2601117e+08,train
scenario_1215,3,32_0111;32_0208;32_0211,0.0,1.0584862238705028e-05,0.0,0.0,1.1355469e+08,7.28073e+07,0.000318398,0.00011679763,0.0014590952,0.0013773846,1.2640326e+08,9.949933e+07,train
scenario_1216,2,31_1030;31_A340,0.0,0.00014116172889722112,0.0,0.0,2.003664e+08,-8.4829997e+08,0.00047240395,0.00024217484,0.00088410545,-0.007586089,2.9269952e+07,-1.00720736e+09,train
scenario_1217,2,29_A310;29_A351,0.0,0.0008681066152703698,0.0,0.0,1.3977696e+08,-6.239299e+08,0.0014889716,0.0003988709,0.0014887354,-0.006881429,1.5638246e+08,-7.402041e+08,val
scenario_1218,2,13_0561;39_0262,0.0,4.1028435713741374e-05,0.0,0.0,1.8286723e+08,5.492866e+08,-3.295904e-05,-0.00012579584,0.0018098848,0.00568638,7.501984e+07,5.2661613e+08,train
scenario_1219,2,1_1021;1_A350,59418349.14901729,0.000862113011418586,0.0,59469574.48093567,-1.4024307e+08,-9.717818e+08,0.0008001537,8.5818814e-05,-0.001577422,-0.011991033,-2.14624e+08,-1.2066785e+09,train
scenario_1220,2,26_0116;48_0115,0.0,1.1628052736467609e-05,0.0,0.0,1.149447e+08,-1.6072384e+07,0.00019506412,-0.00036299974,0.0017278115,-0.00019974355,1.3139584e+08,-6.395808e+07,test
scenario_1221,4,12_4106;12_A330;19_0224;47_0606,0.0,0.001292120138460806,0.0,0.0,7.036691e+08,1.450688e+06,0.0013095549,0.0017740475,0.006114307,0.0014859168,7.3174374e+08,-2.5418624e+07,train
scenario_1222,2,49_0804;4_B959,0.0,0.0017697224869943629,0.0,0.0,1.2104975e+09,1.4232803e+08,0.002152628,0.001664468,0.012196999,0.00067487825,1.4766039e+09,1.4409875e+08,val
scenario_1223,2,8_1057;8_A350,0.0,0.00042762636655702124,0.0,0.0,1.402439e+08,-6.879277e+07,0.0010774522,0.0008117659,0.0003027292,-0.00044856686,1.7972224e+07,-9.767142e+07,train
scenario_1224,1,55_0219,0.0,3.979191780967284e-06,0.0,0.0,6.697171e+07,1.1787158e+08,0.000120284036,-0.0002012609,0.0012261495,3.712671e-05,1.0656294e+08,1.1629248e+08,val
scenario_1225,4,6_0202;6_0204;6_0206;6_0209,10374380710.117638,0.00010743908756682963,0.09831289687536467,11395430745.01477,3.34908e+09,4.0484127e+09,0.0019673794,-1.4503021e-05,0.038243234,0.043536033,3.6744486e+09,4.447262e+09,train
scenario_1226,3,53_1008;53_3013;53_A350,0.0,0.0008104876979619924,0.0,0.0,2.1445742e+09,1.4263245e+09,0.004535841,0.003935545,0.03010731,0.022110548,2.753879e+09,1.7592993e+09,train
scenario_1227,4,1_3028;27_1017;29_0602;6_0562,272475.88908414944,0.003111758576318735,0.0,273323.76826884714,7.4839725e+08,3.4201248e+08,0.002420635,0.002686866,0.006587685,0.0058610328,7.891706e+08,3.0412374e+08,train
scenario_1228,3,46_0803;46_0804;46_0859,0.0,7.115457001383163e-07,0.0,0.0,9.094586e+07,1.8684426e+08,0.00026322855,-0.0006771798,0.0021424638,0.0033762394,1.1179027e+08,1.733648e+08,val
scenario_1229,3,35_0502;35_0504;35_0509,2692381323.001525,2.1153845942589733e-05,0.03335107892169217,2782232099.211964,1.1244691e+08,-2.7123328e+07,0.00017596269,-0.00026196544,0.0014294349,-0.0004905313,1.0617978e+08,-6.414733e+07,train
scenario_1230,6,22_0709;29_5473;35_0959;51_5010;56_1007;6_3042,23372897372.3352,0.03034017365529207,0.22015474396337859,29227689374.127956,8.568916e+09,6.927711e+09,0.01638551,0.014259143,0.10428637,0.0735193,1.0042993e+10,8.2297667e+09,train
scenario_1231,5,55_0116;55_0118;55_0119;55_0120;55_0121,0.0,1.4757740184778712e-05,0.0,0.0,-4.175853e+07,1.7703104e+07,0.00034381985,-0.00047039543,-0.00010369159,-0.0014283946,-8.34681e+07,2.9859456e+07,test
scenario_1232,5,39_4018;47_0603;4_0222;56_B320;8_0218,0.0,0.0037257401933786793,0.0,0.0,2.4991562e+09,2.5141952e+09,0.003786909,0.0047048796,0.029856147,0.029444182,2.8613128e+09,2.8221622e+09,test
scenario_1233,5,32_0102;32_0103;32_0107;32_0108;32_0109,0.0,1.9466782819277384e-05,0.0,0.0,-1.2607021e+08,4.499565e+07,0.00011207303,-0.00024521374,-0.00088983495,0.00021885475,-1.098681e+08,5.549376e+07,test
scenario_1234,1,12_3996,0.0,9.641958367578862e-05,0.0,0.0,-1.3019418e+08,-1.1483645e+09,0.00033731037,-0.0008432453,-0.0009411434,-0.012980688,-1.8613062e+08,-1.4111708e+09,test
scenario_1235,1,4_0163,0.0,7.382464171090675e-07,0.0,0.0,6.785971e+07,-2.6863936e+07,4.5185443e-05,-0.00038847048,0.0010542576,0.00030962052,4.458867e+07,2.7391872e+07,test
scenario_1236,5,4_A430;4_A444;4_A446;4_A455;4_A456,0.0,0.0,0.0,0.0,-1.0458323e+08,3.8721686e+08,0.0011936731,0.002212939,0.00031694723,0.0017196536,-2.3401971e+08,5.441703e+08,test
scenario_1237,2,12_AA01;12_AA02,0.0,0.00014496922456264105,0.0,0.0,9.386419e+07,-3.9793037e+08,0.00033919397,0.00011594221,0.00025679963,-0.004981761,6.4589376e+07,-4.650064e+08,train
scenario_1238,5,32_0102;32_0103;32_0105;32_0107;32_0110,0.0,2.089981597575008e-05,0.0,0.0,-8.364838e+07,1.3087914e+08,0.000104030594,-0.00030749151,-0.00043382216,0.0011420324,-8.203418e+07,1.4002355e+08,val
scenario_1239,4,18_0902;1_1011;47_C311;55_6352,12621683.29604292,0.0027127662273775943,0.0,12655922.97222108,4.9118365e+08,-4.4808384e+07,0.003414997,0.002272811,0.004330219,-0.0023026532,5.0124074e+08,-2.2954291e+08,train
scenario_1240,2,48_A310;51_5010,0.0,0.001763602614096027,0.0,0.0,4.0203866e+08,8.2888806e+08,0.0013815016,0.002463373,0.003595634,0.008989634,4.9691514e+08,1.01477504e+09,val
scenario_1241,1,6_3021,0.0,0.0009587428147957988,0.0,0.0,3.9702778e+08,1.1314204e+09,0.0006372683,0.0014256774,0.0032408396,0.010259164,4.8401606e+08,1.3248247e+09,val
scenario_1242,4,30_0123;30_0503;30_0507;30_0509,0.0,1.3482438277256925e-05,0.0,0.0,4.218035e+07,4.256399e+08,0.0001745068,9.250664e-05,0.0009063366,0.005895125,1.0373402e+08,5.2201654e+08,train
scenario_1243,3,22_0705;48_3569;49_D448,0.0,0.004196682909962224,0.0,0.0,2.886154e+09,2.8085926e+09,0.006135584,0.0061063524,0.030815998,0.028698761,3.3977715e+09,3.318263e+09,test
scenario_1244,3,27_4034;42_A350;4_AA01,0.0,0.005670713822703677,0.0,0.0,1.8060191e+09,1.3958382e+09,0.0061526475,0.007605569,0.018740956,0.015978348,1.8473674e+09,1.6192785e+09,train
scenario_1245,4,31_3023;31_6701;31_B410;31_B430,0.0,0.0063188335161810105,0.0,0.0,-6.3996576e+08,-1.06178106e+09,0.006371989,0.0055172713,-0.0032698102,-0.0046800375,-7.0104045e+08,-1.4274616e+09,train
scenario_1246,4,49_0804;49_E448;49_E449;49_E459,0.0,0.0007963577140440714,0.0,0.0,-6.891994e+07,4.359271e+08,0.0012635818,0.0011866045,0.00038653938,0.004578958,-9.572128e+07,5.505545e+08,val
scenario_1247,2,27_0704;27_0903,2085828108.573574,9.059163093794176e-06,0.0,2085847004.4305954,3.6089578e+08,4.3640886e+08,0.00045142544,0.00017374987,0.0037281918,0.004599155,4.5780746e+08,5.160279e+08,test
scenario_1248,5,47_3075;47_B310;47_B320;47_B330;47_B350,0.0,0.0005111090673691754,0.0,0.0,1.8124416e+07,-5.539261e+08,0.0012356578,0.001956366,0.0024398803,-0.006761347,1.9467853e+08,-6.287418e+08,train
scenario_1249,3,19_0112;19_0219;19_0606,0.0,2.1213559646016122e-05,0.0,0.0,1.543648e+08,5.3575363e+08,9.7921584e-05,0.00013861712,0.0018581077,0.0068087126,1.3214438e+08,5.976789e+08,test
scenario_1250,1,28_0509,0.0,6.541308837482163e-06,0.0,0.0,2.563328e+07,4.7181696e+07,0.00014285138,0.00010041287,0.0011251369,0.00021727476,3.8472896e+07,4.2037056e+07,train
scenario_1251,1,31_4019,0.0,0.0009134394907007737,0.0,0.0,1.2652896e+08,-1.2577683e+08,0.0009879646,0.00076403376,0.0008101021,-0.00048901886,5.630509e+07,-1.5925286e+08,val
scenario_1252,5,20_0105;20_0110;20_0111;20_0161;20_1009,0.0,0.00027907745994293354,0.0,0.0,1.3727296e+07,-9.71008e+06,0.0006589503,0.00070525357,0.0001379177,0.0022300817,1.2289088e+07,-6.700288e+06,train
scenario_1253,4,32_0107;4_0268;55_0116;6_B412,0.0,0.0007522469214501504,0.0,0.0,9.530207e+08,1.2256932e+09,0.0006792736,0.00015726942,0.0076075085,0.011370566,8.6869203e+08,1.3298324e+09,train
scenario_1254,6,23_0559;26_0118;26_0221;48_3569;55_6354;5_0222,0.0,0.004672650154895153,0.0,0.0,2.678253e+09,2.5916943e+09,0.0045176027,0.006927517,0.03089964,0.029627312,3.099276e+09,3.0103357e+09,train
scenario_1255,4,23_1012;23_3013;23_3014;23_7023,0.0,0.003257782400987397,0.0,0.0,5.026658e+08,1.5877663e+09,0.0029262444,0.0037233266,0.0065373783,0.016038455,6.6637754e+08,1.8174157e+09,train
scenario_1256,2,12_0111;36_A310,0.0,0.00042874770027101494,0.0,0.0,1.379817e+08,-1.1699635e+08,0.00077402033,0.0004188451,0.0015335041,-0.0014061481,1.9116275e+08,-1.4994515e+08,val
scenario_1257,2,18_0901;53_A809,28522038.145342078,2.4968365481603527e-05,0.0,28522750.29401477,9.685544e+08,1.2246088e+09,0.0010781811,0.00052653626,0.011394003,0.012605011,1.1885039e+09,1.4011725e+09,train
scenario_1258,3,48_4142;48_E410;48_E420,0.0,0.0008721365674669856,0.0,0.0,7.08633e+07,5.916499e+07,0.0009822636,-6.655138e-05,0.0016883635,-0.0022647223,3.1299213e+08,6.191661e+07,train
scenario_1259,3,4_1016;4_C330;4_C340,0.0,0.002647584246353696,0.0,0.0,5.125691e+08,2.2176556e+09,0.0013465738,0.003980314,0.0047658463,0.021613937,4.0678157e+08,2.6083215e+09,test
scenario_1260,2,31_0120;31_0124,0.0,2.4913340863630395e-06,0.0,0.0,1.2920842e+08,7.160864e+07,0.0003479775,0.00011661369,0.0015928741,0.0005366653,1.4383923e+08,1.1554675e+08,train
scenario_1261,6,13_0508;19_0708;4_0215;55_A907;6_0205;6_0209,7343176958.473787,0.002181464774818398,0.09241839929301761,8037840500.571473,2.7861248e+09,3.0948122e+09,0.0014557684,0.0025920295,0.030650774,0.036481705,2.8535857e+09,3.3296087e+09,test
scenario_1262,3,49_D446;49_D449;49_D462,0.0,0.0012419970837057592,0.0,0.0,4.4837818e+08,1.2092425e+09,0.0017104354,0.0016695576,0.0052133654,0.01328005,5.519191e+08,1.4357094e+09,train
scenario_1263,2,27_0501;27_0507,0.0,2.9528248359778075e-06,0.0,0.0,1.056855e+08,4.5977536e+07,0.00029739994,-7.00627e-05,0.001591716,0.0013620369,1.3367763e+08,6.382099e+07,train
scenario_1264,5,12_1030;29_A430;35_AA61;4_B901;53_AA03,0.0,0.005399227066971379,0.0,0.0,4.8529578e+08,-8.545402e+08,0.0058614165,0.00613211,0.0069144396,-0.006445136,7.1222906e+08,-1.0280335e+09,train
scenario_1265,5,28_3081;30_A310;42_0602;4_1003;4_BA01,3791382506.538663,0.03541507503415475,0.04203209928252147,4085014368.4237595,1.0467115e+10,8.854777e+09,0.022349754,0.023085881,0.12104758,0.090798564,1.202057e+10,1.0423316e+10,test
scenario_1266,4,13_0506;32_1020;37_0211;39_0107,0.0,4.834253562058244e-05,0.0,0.0,1.6445827e+09,1.4049062e+09,0.001278679,0.0009997567,0.01748708,0.016482404,1.8581786e+09,1.5798482e+09,train
scenario_1267,2,35_0107;35_0110,0.0,5.124634895992131e-06,0.0,0.0,1.0543347e+08,-7.296032e+07,0.00036143162,-0.00010349788,0.0014327453,-0.0018348135,1.1487866e+08,-7.436115e+07,train
scenario_1268,4,55_A902;55_A909;55_B901;55_B909,4593136731.370442,0.008003904592659317,0.09348812112020989,5059303482.613416,2.1289244e+09,8.019934e+08,0.008925648,0.007948932,0.032142192,0.020864127,2.414537e+09,6.517881e+08,test
scenario_1269,1,5_A604,4942074.227068688,0.0009903548173489929,0.0,4946968.634087162,4.9701504e+07,-3.1188806e+08,0.000921209,0.00061564415,0.000336607,-0.0042411955,-5.5093056e+07,-3.9227565e+08,train
scenario_1270,3,36_B310;36_B330;36_B352,0.0,0.00011076168690327126,0.0,0.0,-3.3500595e+08,8.20855e+07,0.00075001386,0.0012875032,-0.0022944855,0.009130961,-3.0554157e+08,1.3670573e+08,val
scenario_1271,3,39_0101;39_0106;39_0107,0.0,1.99274638315039e-05,0.0,0.0,1.3845523e+08,1.577665e+08,0.00028360868,-0.00030423584,0.0018748529,0.0006084214,1.1175693e+08,1.613463e+08,train
scenario_1272,3,39_0903;48_5024;4_0505,0.0,0.0005515211291866606,0.0,0.0,5.531346e+08,-1.6456058e+08,0.001073342,-3.6814716e-05,0.0051562293,-0.00036990643,5.581521e+08,-2.2787789e+08,test
scenario_1273,2,55_C959;55_C960,0.0,0.0008995974079307745,0.0,0.0,-2.7449728e+07,-4.4614714e+08,0.0009828181,0.001122649,-0.0008931225,-0.00095047615,-7.859904e+07,-4.9380128e+08,train
scenario_1274,6,26_0218;41_7018;42_0662;56_2019;5_A608;6_7493,20394895930.369587,0.009235357205050088,0.18897388797805947,24437352858.31622,5.9139855e+09,5.5638277e+09,0.013062719,0.0107103195,0.06977354,0.059117995,6.822335e+09,6.4022625e+09,val
scenario_1275,5,21_3016;26_0121;4_A390;4_B310;55_A902,2098371483.840764,0.0070303873652562965,0.04259806792189369,2202510419.202386,1.4415183e+09,1.7078844e+09,0.006956853,0.007395901,0.017785277,0.022749737,1.7505684e+09,1.8472156e+09,train
scenario_1276,1,47_B330,0.0,7.764211160166123e-05,0.0,0.0,-5.5611584e+07,-4.5224256e+07,0.00038185576,0.0005835113,-0.0002127504,-0.0011390541,-1.0136301e+08,-4.102515e+07,test
scenario_1277,1,48_9167,0.0,0.003261296677437131,0.0,0.0,3.5569344e+07,1.6718296e+09,0.002106731,0.004821134,-0.00018438324,0.016416451,1.1546739e+08,1.9980923e+09,train
scenario_1278,3,51_A330;5_A350;6_8150,20390099.291034553,0.0067850879851194534,0.0,20528447.908749543,6.3230874e+08,1.7640919e+09,0.004900853,0.006172334,0.0042090956,0.01642996,6.206588e+08,1.969708e+09,train
scenario_1279,1,1_0608,0.0,6.478100538775955e-06,0.0,0.0,1.7738816e+07,8.526918e+07,0.00014052982,5.5620214e-05,0.0009806408,0.00038291654,2.4725952e+07,1.0604973e+08,train
scenario_1280,4,55_0113;55_0221;55_0224;55_0263,0.0,1.4890270475853562e-05,0.0,0.0,8.583258e+07,2.6923706e+08,0.0003738685,-6.412761e-05,0.001202336,0.0023407177,7.1168e+07,3.2539126e+08,train
scenario_1281,2,4_7079;55_B907,0.0,0.0022658611256534122,0.0,0.0,1.5326845e+09,6.2497056e+08,0.0035249074,0.0028928432,0.016167685,0.0069938963,1.6742761e+09,6.354391e+08,test
scenario_1282,6,13_0504;18_0663;27_1023;39_0260;48_0165;55_B907,0.0,0.0026781093122689725,0.0,0.0,7.337276e+08,8.8745664e+08,0.0007403188,0.002698736,0.0074420916,0.0148241455,7.31168e+08,8.7450234e+08,train
scenario_1283,3,8_0214;8_0215;8_0501,0.0,2.0731135176199622e-05,0.0,0.0,1.1792682e+08,7.607603e+07,0.00016698753,-0.00037766388,0.0015514642,0.00041259918,1.0458707e+08,4.615635e+07,train
scenario_1284,5,28_0502;28_0503;28_0504;28_0505;28_0560,0.0,3.2693610435674536e-05,0.0,0.0,-1.2882496e+07,4.614016e+07,-4.1315798e-05,-0.00048181578,-0.00023570377,-0.001005711,-6.4208064e+07,3.361664e+07,test
scenario_1285,1,49_D451,0.0,0.00041399902790184573,0.0,0.0,2.654815e+08,2.3998317e+08,0.0007280826,0.00027890457,0.0018041814,0.002159527,2.400041e+08,2.8257782e+08,train
scenario_1286,1,5_3059,0.0,0.0,0.0,0.0,-5.444691e+07,1.1918538e+08,0.0003949399,0.0003125323,-0.00067156926,0.0008354974,-1.7336653e+08,1.3186342e+08,train
scenario_1287,4,19_3009;32_AA01;39_3801;9_4008,0.0,0.007910345123628315,0.0,0.0,2.2370307e+09,1.6651383e+09,0.0065868977,0.006154448,0.028148705,0.019131413,2.557141e+09,1.9680714e+09,train
scenario_1288,2,40_AA02;40_AA03,0.0,0.0002890476418211385,0.0,0.0,2.8013293e+08,-1.6548122e+08,0.00053725974,0.00031907205,0.0024004513,-0.0011223173,1.8984467e+08,-1.7605926e+08,train
scenario_1289,4,10_5005;19_0219;1_5008;37_0259,0.0,0.005943582480381515,0.0,0.0,3.479829e+09,3.432095e+09,0.008311633,0.008464441,0.037217926,0.03696888,4.0275845e+09,4.045384e+09,val
scenario_1290,4,35_0104;55_0261;5_5803;6_0206,2667626441.2433224,0.0016251255926057473,0.02491007991857979,2738412457.0887866,1.4696328e+09,2.177643e+09,0.0021968326,0.0017767244,0.01645331,0.023064438,1.7551427e+09,2.522463e+09,train
scenario_1291,3,4_0263;53_0203;53_3013,0.0,0.00029606696599504545,0.0,0.0,2.2682758e+08,1.1552078e+09,0.00030083815,0.0020174882,0.0020679347,0.016480636,4.0013184e+07,1.3284572e+09,train
scenario_1292,1,38_0219,0.0,7.388182268974752e-06,0.0,0.0,4.7577856e+07,510080.0,0.00015727803,-9.852229e-05,0.0012891367,0.00020569982,7.432998e+07,-1.048064e+07,train
scenario_1293,4,4_0121;4_0218;4_0222;4_0660,0.0,7.175368048073505e-05,0.0,0.0,4.8187008e+08,9.4413466e+08,-0.0006263885,-0.00013672956,0.0044560214,0.0110395225,3.4934128e+08,9.3180544e+08,test
scenario_1294,2,35_0101;35_0104,0.0,5.124518163035496e-06,0.0,0.0,8.751072e+07,-4.6804864e+07,0.00030882307,-0.00019477005,0.0014745002,-0.0015110811,9.659219e+07,-5.529427e+07,train
scenario_1295,2,37_A961;37_A965,0.0,0.000672348428270686,0.0,0.0,2.4044736e+07,-1.7604538e+08,0.0013237894,0.0013517056,0.00028299075,-0.0014569759,4.870765e+07,-1.85917e+08,val
scenario_1296,2,40_B310;40_B320,0.0,0.0002735192550810117,0.0,0.0,2.4921238e+08,-1.4138752e+07,0.00054682465,0.00055232167,0.0021481165,0.00022420194,1.6490042e+08,-833152.0,test
scenario_1297,5,8_7783;8_A310;8_A320;8_A340;8_A350,0.0,0.003407011664254944,0.0,0.0,2.5174227e+08,6.1691174e+08,0.003661608,0.0037470125,0.0056127855,0.004187502,4.3038672e+08,7.577469e+08,train
scenario_1298,1,4_0505,0.0,5.1177944747626825e-06,0.0,0.0,2.0841792e+07,-7.32793e+07,0.00013908534,-0.00014599576,0.0010036575,-0.0009132065,2.6597056e+07,-9.991462e+07,train
scenario_1299,2,4_0220;4_0263,0.0,6.0735136004907986e-05,0.0,0.0,3.8300374e+08,8.893744e+08,-0.00014354079,1.0450603e-05,0.0026902212,0.009619182,2.3830486e+08,8.8717376e+08,train
scenario_1300,4,22_0116;22_0120;22_0123;22_0703,0.0,1.8184902750628673e-05,0.0,0.0,3.746221e+07,-3.1588864e+07,0.00029122387,-0.00028980896,0.0006820215,-0.00087222084,3.2003008e+07,-4.726765e+07,train
scenario_1301,3,48_A505;48_A508;48_B320,0.0,0.001292219298381081,0.0,0.0,1.2929821e+08,-1.9332358e+08,0.0016154407,0.0014479181,0.0007778038,0.0004062727,1.3358118e+08,-2.2202797e+08,train
scenario_1302,2,42_0608;49_D460,0.0,0.00042759432748684656,0.0,0.0,3.3640387e+08,2.3377814e+08,0.00090064947,0.000453862,0.0032463805,0.0016016979,3.4683213e+08,2.1691898e+08,train
scenario_1303,2,26_D310;26_D340,0.0,0.00011448098439148513,0.0,0.0,3.6537536e+07,-2.625815e+08,0.0001383496,-7.578102e-05,0.00031284196,-0.00020929892,1.0465344e+08,-3.325436e+08,train
scenario_1304,5,19_0218;27_1016;29_AA63;48_2172;4_0268,27316112.378278382,0.0018464770009550824,0.0,27366550.95154038,5.262723e+08,-2.0798342e+08,0.0018132757,0.0016562381,0.0057106195,0.0029350258,5.585031e+08,-3.834818e+08,test
scenario_1305,4,6_A311;6_A350;6_A353;6_A361,0.0,0.0,0.0,0.0,8.23168e+06,8.524037e+08,0.0014668268,0.0011531344,0.00031939987,0.006223935,-6.966528e+06,9.445164e+08,test
scenario_1306,3,55_3008;55_3010;55_5040,13333634612.672724,0.02790249298141967,0.2721723780842072,17334723299.906673,5.435226e+09,3.7009183e+09,0.009468859,0.0055965646,0.071265735,0.0552253,6.595661e+09,4.4706857e+09,train
scenario_1307,4,12_0111;13_3011;49_C450;8_0213,0.0,0.0004490238290830728,0.0,0.0,1.1535772e+09,1.8302879e+09,0.003561986,0.004944617,0.0094945645,0.019472422,1.3047675e+09,2.124168e+09,train
scenario_1308,1,48_L340,0.0,0.0002649401169203536,0.0,0.0,2.9920534e+08,5.0379222e+08,2.2677006e-05,0.00013875263,0.001802925,0.0066533554,2.41996e+08,6.153964e+08,train
scenario_1309,3,18_0604;18_0607;18_0905,0.0,3.3546994323341295e-05,0.0,0.0,4.3998454e+08,4.9533818e+08,0.0003214376,-0.00022866367,0.004387225,0.0038336783,4.2521264e+08,4.1993328e+08,train
scenario_1310,3,8_6002;8_9019;8_9020,0.0,0.0062291123011177785,0.0,0.0,2.7464637e+09,2.0850583e+09,0.0076682437,0.0069157043,0.032204054,0.02305918,3.3404605e+09,2.459859e+09,val
scenario_1311,3,22_0114;24_0561;49_D446,0.0,0.0004183928079114496,0.0,0.0,4.0161024e+08,3.3669866e+08,0.0009858354,0.00040511298,0.0037335386,0.00322968,4.3447565e+08,4.1113718e+08,train
scenario_1312,2,48_D320;48_D330,0.0,0.0015991293685138075,0.0,0.0,3.3252755e+08,4.5755584e+08,0.0010044004,0.0014193659,0.0035019792,0.0070033814,3.159731e+08,5.1267974e+08,test
scenario_1313,4,38_0216;49_B390;4_BA61;6_3013,0.0,0.0062175769150440985,0.0,0.0,1.19246e+09,1.5111149e+09,0.006130418,0.00668775,0.01017409,0.017222662,1.3158316e+09,1.7093834e+09,train
scenario_1314,2,31_3024;31_B410,0.0,0.007128623150320479,0.0,0.0,2.3297185e+09,3.2671122e+09,0.008434828,0.010277722,0.023647886,0.035022046,2.4334287e+09,3.8598372e+09,train
scenario_1315,3,17_7937;40_AA63;55_0908,2937354066.4183774,0.00024957035690065243,0.05111766548475059,3088237825.4985228,2.1098093e+08,-6.8010234e+08,0.0015452472,-0.00026994012,0.0011121929,-0.0017782114,2.1171648e+07,-9.1347194e+08,train
scenario_1316,1,18_5022,10658762.993812876,0.004591505413549801,0.0,10707702.76180071,2.3573046e+08,1.845173e+09,0.0027884273,0.00555929,0.0018090825,0.019963574,3.264632e+08,2.2200517e+09,train
scenario_1317,3,29_5058;29_5091;29_A411,0.0,0.003828903490374125,0.0,0.0,4.85088e+07,-5.218686e+08,0.0035144314,0.004059313,0.0008801841,-0.004899782,4.661709e+07,-6.740431e+08,train
scenario_1318,3,34_0507;55_3010;8_7035,0.0,0.0016055134453043518,0.0,0.0,2.256408e+09,1.6041e+09,0.0038047705,0.0018813877,0.02770629,0.02371506,2.7006254e+09,1.8689713e+09,train
scenario_1319,2,30_0113;32_AA62,0.0,0.0014198793361577255,0.0,0.0,4.8982317e+08,4.164744e+08,0.0014820314,0.0016230615,0.004331845,0.0058400547,5.4296346e+08,4.84184e+08,test
scenario_1320,3,22_0707;42_0606;5_A601,0.0,0.0010156047126939072,0.0,0.0,3.297876e+08,1.0788083e+08,0.0010449168,0.001097705,0.0025907853,0.001701924,2.9361117e+08,4.5944384e+07,train
scenario_1321,3,32_3013;32_B350;32_C310,0.0,0.0013579343921231724,0.0,0.0,4.9594064e+08,-2.2613926e+08,0.0023837988,0.00275709,0.0045148022,-0.004724792,4.7488858e+08,-2.5705773e+08,train
scenario_1322,5,42_1605;42_A320;42_A350;42_A351;42_A430,0.0,0.007804876921008841,0.0,0.0,1.7295917e+08,1.085207e+08,0.0034181885,0.004924431,0.0023846757,0.0015368629,2.5824333e+08,1.3069165e+08,val
scenario_1323,2,39_0159;39_0211,0.0,1.5966103008691057e-05,0.0,0.0,5.7339405e+08,1.1919457e+09,0.00051729917,-2.3681205e-06,0.0069245687,0.010440483,7.921055e+08,1.3258516e+09,train
scenario_1324,3,8_2008;8_B320;8_B350,0.0,0.0007922537925607598,0.0,0.0,3.2976918e+08,-5.7440736e+08,0.0008757748,-9.21553e-05,0.0031609498,-0.0050770743,2.9597626e+08,-7.041721e+08,test
scenario_1325,2,39_0102;39_0203,0.0,1.490823645511341e-05,0.0,0.0,1.1728195e+08,5.3397696e+07,0.00021994603,-0.00020312425,0.0018390287,0.00010297261,1.0374426e+08,3.645696e+07,test
scenario_1326,4,49_0804;49_E448;49_E449;49_E460,0.0,0.0008005719936398092,0.0,0.0,-6.26896e+07,-2.9020512e+08,0.0013396706,0.000584083,-6.775791e-05,-0.0048930226,-1.131911e+08,-3.4563027e+08,test
scenario_1327,2,26_9030;30_0119,0.0,0.001359154088237946,0.0,0.0,1.8006118e+08,5.114894e+08,0.0011090133,0.0026155484,0.0020747716,0.008607968,2.5593238e+08,6.6238765e+08,train
scenario_1328,2,29_0501;29_0962,0.0,3.912770472846994e-06,0.0,0.0,1.2429466e+08,-1.7761152e+08,0.0003550977,-0.00014842488,0.0016509378,-0.0025886577,1.39731e+08,-2.1292435e+08,train
scenario_1329,5,8_0214;8_0220;8_0259;8_0509;8_0559,0.0,3.363589671168121e-05,0.0,0.0,7.031392e+07,6.591047e+08,-7.325993e-05,2.6929658e-05,0.0010345532,0.007306933,4.731872e+07,7.292001e+08,test
scenario_1330,3,19_0106;27_4054;4_0221,524343079.87078345,0.0017125678766313213,0.0,525241052.9857041,-2.251584e+06,4.5310285e+08,0.0005806576,0.0025812814,-0.0010770038,0.006222706,-2.4655462e+08,4.7489296e+08,val
scenario_1331,6,12_0108;18_0608;32_0209;48_0903;48_5336;49_3010,4642807.320920074,0.0016139474137448762,0.0,4650300.567788189,4.3461862e+08,-6.086931e+07,0.0015313214,0.0016956197,0.0037289567,-0.000624869,4.3628966e+08,-2.0439731e+08,val
scenario_1332,2,48_3629;48_5154,0.0,0.004016522369826747,0.0,0.0,7.4751814e+08,1.9488835e+09,0.0028200373,0.00520586,0.006677983,0.021486884,7.923473e+08,2.2999793e+09,train
scenario_1333,4,17_5453;19_0706;20_0210;49_B331,866263677.052003,0.004185170546298411,0.011950208184937793,880241169.5623505,2.1600294e+09,2.0796577e+09,0.005481975,0.0067593968,0.022840561,0.022814393,2.3478863e+09,2.4765972e+09,train
scenario_1334,2,35_0503;35_0504,897683479.4147158,1.4102053795483904e-05,0.0111168763476012,907675574.8353716,1.267496e+08,3.682816e+07,0.00029123016,-0.00028146175,0.0018770332,-0.00059617683,1.372478e+08,2.289696e+07,test
scenario_1335,4,48_3589;48_5328;48_C410;48_C430,0.0,0.011268962854796172,0.0,0.0,-1.434729e+08,8.620922e+07,0.0032053282,0.004200975,-0.0015710415,0.0005113445,-4.6070784e+07,4.281875e+07,train
scenario_1336,4,48_A502;48_A506;48_B310;48_B350,0.0,0.0017080010152494829,0.0,0.0,-1.0687821e+08,-5.526348e+08,0.0019302788,0.0014145607,-0.0018134424,-0.0029384093,-1.0032621e+08,-6.502864e+08,test
scenario_1337,4,10_5004;34_1031;34_1638;34_6057,0.0,0.006637162657237017,0.0,0.0,1.8510239e+09,1.8427812e+09,0.007490205,0.007991757,0.023166757,0.02341901,2.273708e+09,2.271185e+09,train
scenario_1338,2,49_C447;49_C451,0.0,0.0008666315152937587,0.0,0.0,3.180419e+08,1.9888029e+08,0.0012221633,0.0010435844,0.002483156,0.0020292206,1.4458214e+08,2.5468224e+08,val
scenario_1339,3,26_0216;26_0221;26_0222,0.0,2.5932441052312072e-05,0.0,0.0,1.7415558e+08,4.048147e+07,0.00017687003,-1.0563992e-05,0.0019699852,0.00062339567,1.3026669e+08,2.4748864e+07,train
scenario_1340,5,10_0107;10_0108;10_0110;10_0206;10_0259,0.0,1.485611480356308e-05,0.0,0.0,-8.516282e+07,4.370035e+07,0.00023817224,-0.000111981295,-0.00049955864,-0.0007105218,-1.185369e+08,8.010394e+07,train
scenario_1341,4,18_A310;18_A320;18_A340;18_A350,0.0,0.002638777632093303,0.0,0.0,4.160763e+08,-1.5923208e+09,0.0032942132,0.002070736,0.004483555,-0.015224883,4.9402618e+08,-2.011606e+09,test
scenario_1342,3,18_0602;22_0709;4_A442,0.0,1.8301698218037288e-05,0.0,0.0,1.1873257e+09,6.6236634e+08,0.001393378,0.0005086621,0.012167255,0.007083787,1.3875432e+09,7.3912454e+08,train
scenario_1343,2,48_1056;48_3729,0.0,0.0,0.0,0.0,2.7537408e+07,1.8312096e+08,-6.194133e-05,0.0004411171,0.0009379708,0.0043863836,-8.631533e+07,2.0260173e+08,train
scenario_1344,2,48_9355;4_AA61,0.0,0.008640749769672662,0.0,0.0,4.2838405e+09,3.978046e+09,0.011324398,0.012131428,0.044780556,0.041331694,5.004433e+09,4.705883e+09,train
scenario_1345,2,26_0117;26_0214,0.0,1.6838511773142883e-05,0.0,0.0,1.4209152e+08,1.301417e+08,0.00023628562,-0.00033314247,0.0019164653,0.0010481472,1.660814e+08,1.0334963e+08,test
scenario_1346,2,6_6044;6_9107,0.0,0.013361606557793615,0.0,0.0,-5.4597184e+07,7.7048346e+08,0.0012108253,0.0012065159,-0.00072012097,0.0044958303,-9.020211e+07,8.936173e+08,test
scenario_1347,2,13_1004;13_4118,4543365.446115179,0.0034624427746271502,0.0,4559096.58897657,3.566829e+07,1.8481044e+09,0.002344868,0.004452866,-0.0002074819,0.017078841,1.2142861e+08,2.1640573e+09,train
scenario_1348,3,8_0215;8_0217;8_7776,0.0,0.0012066529190708497,0.0,0.0,5.631636e+08,-5.5258976e+08,0.0010671809,0.00037868647,0.0045982674,-0.0038883155,5.3885926e+08,-7.0223763e+08,test
scenario_1349,1,34_0504,0.0,3.089183708393506e-06,0.0,0.0,3.7871424e+07,1.7034445e+08,6.432249e-05,-7.3496485e-05,0.0011337595,0.00045278762,4.6393024e+07,1.8667302e+08,train
scenario_1350,1,48_3845,0.0,0.005396341117145709,0.0,0.0,2.50091e+08,1.3457746e+09,0.0014713028,0.0036960775,0.0025086864,0.013151307,3.375189e+08,1.6117583e+09,train
scenario_1351,4,13_0505;13_0560;13_0563;13_0565,0.0,0.00013171262796840555,0.0,0.0,2.8202962e+09,3.2251948e+09,0.0011509536,0.00030811713,0.029959803,0.034804337,2.9008504e+09,3.4053957e+09,train
scenario_1352,1,10_0159,0.0,2.375621770855929e-06,0.0,0.0,-2.5922816e+07,-7.055437e+07,9.703264e-05,-0.0001011393,0.0005698968,-0.0014389884,-3.711072e+07,-8.582291e+07,train
scenario_1353,2,10_0110;6_0662,0.0,1.686817102175553e-05,0.0,0.0,1.8809437e+08,2.5931558e+08,0.00031392882,0.0001681,0.0021873708,0.0028367275,2.0169862e+08,3.1004666e+08,train
scenario_1354,4,55_0213;55_0217;55_0220;55_0223,0.0,1.5916529767068255e-05,0.0,0.0,6.0121984e+07,1.319688e+08,0.00027769967,-0.0002967636,0.0010410915,0.0012811492,6.422016e+07,1.4530957e+08,val
scenario_1355,5,8_A411;8_A431;8_A441;8_A445;8_A452,0.0,0.007647262655193776,0.0,0.0,-4.067678e+08,2.0048378e+08,0.0033935546,0.0035145776,-0.0011825757,0.010401228,-2.8563693e+08,2.003575e+08,train
scenario_1356,2,1_0112;39_0209,0.0,9.924086811552435e-06,0.0,0.0,1.5623011e+08,2.2299418e+08,0.00032834033,0.000258205,0.002014053,0.0023246435,1.671015e+08,2.818666e+08,val
scenario_1357,5,13_0566;21_1034;22_0709;31_A430;6_3010,0.0,0.0033092554603311175,0.0,0.0,2.5643625e+09,2.6463304e+09,0.005823397,0.0044716382,0.029086495,0.027380526,3.1558566e+09,2.9870894e+09,test
scenario_1358,3,53_3013;53_AA03;53_BA59,0.0,0.0012294421806285927,0.0,0.0,1.8474908e+09,1.637591e+09,0.0042891656,0.0039525805,0.02561943,0.023877507,2.2854687e+09,2.0243904e+09,test
scenario_1359,6,13_0505;42_1605;48_D320;53_7409;8_0214;8_7783,460937039.79624355,0.011403299501826059,0.004523813478090507,468278436.10570663,4.469155e+09,2.8730478e+09,0.009736082,0.00699314,0.056574035,0.031948045,5.346148e+09,3.2610775e+09,train
scenario_1360,1,12_B320,0.0,0.00023543211015764065,0.0,0.0,4.2528576e+07,-1.973776e+08,0.00028091785,0.00012286426,0.00040715048,-0.0025216332,3.734573e+07,-2.334912e+08,train
scenario_1361,5,42_1690;42_A310;42_A330;42_A351;42_A410,0.0,0.002771573822650697,0.0,0.0,2.5843194e+08,1.964648e+08,0.003553703,0.004396467,0.0028565018,0.0040227743,3.0204102e+08,2.4497686e+08,train
scenario_1362,3,12_0101;12_0105;12_0111,0.0,2.348620505532306e-05,0.0,0.0,1.3944733e+08,6.771981e+07,0.0002790382,-0.00011886074,0.001844177,-0.00012439303,9.373613e+07,4.594688e+07,train
scenario_1363,3,49_C444;49_C447;49_C456,42938.351274409055,0.0014171556336156632,0.0,42999.20160081576,2.0317376e+08,-9.043078e+07,0.0018818565,0.0011041746,0.0025769197,-0.0022371328,1.443248e+08,-1.3197562e+08,train
scenario_1364,5,10_0204;10_0208;10_0210;10_4002;34_1031,0.0,0.0013316636339733012,0.0,0.0,3.5156608e+08,-3.3222586e+08,0.0016477308,0.001416279,0.0032639694,0.002465834,3.922612e+08,-3.4504083e+08,train
scenario_1365,4,13_3011;19_5042;20_A330;34_0560,0.0,0.001097775700749315,0.0,0.0,4.2318733e+08,1.3846565e+09,0.0038768402,0.0061409106,0.0045581283,0.015944157,5.560783e+08,1.5891686e+09,train
scenario_1366,1,48_9355,0.0,0.005050634116566588,0.0,0.0,1.8947259e+09,3.5081021e+09,0.0047368812,0.007780363,0.018444557,0.036421925,2.2183864e+09,4.2197993e+09,val
scenario_1367,4,29_5000;29_5091;29_7073;29_A411,0.0,0.003934456314577006,0.0,0.0,-1.782338e+08,-1.5082765e+09,0.0041997023,0.0031540317,2.401881e-06,-0.014683763,-2.2218035e+08,-1.865368e+09,train
scenario_1368,1,40_0509,0.0,1.6801861258963768e-06,0.0,0.0,8.956288e+06,-1.8942976e+07,0.00014807284,-3.0530617e-05,0.0008381391,-0.00038679224,8.801984e+06,-2.8194112e+07,test
scenario_1369,1,13_4112,0.0,0.0015508427234367517,0.0,0.0,3.738189e+07,3.56842e+08,0.0011000728,0.0016465635,0.00059670163,0.0023511061,3.837037e+07,3.938825e+08,train
scenario_1370,3,34_1031;34_1034;34_1638,0.0,0.002736366005681612,0.0,0.0,3.6687786e+08,-7.802946e+08,0.0030928752,0.002114215,0.0033938023,-0.0062543247,4.3778266e+08,-9.79929e+08,train
scenario_1371,2,41_5006;41_5008,10792025522.841291,0.004010404551531899,0.09654809499569848,11877255416.493626,4.2582482e+09,1.9403781e+09,0.0082110595,0.0049116407,0.051311474,0.024610411,4.808583e+09,2.1918257e+09,train
scenario_1372,5,20_B330;27_3009;46_A412;6_0505;6_0608,0.0,0.0031860780089199014,0.0,0.0,3.5002704e+08,1.3868887e+09,0.0025419376,0.004762545,0.005379892,0.020429172,4.7648042e+08,1.6278991e+09,train
scenario_1373,5,34_0503;34_0505;34_0559;34_0802;34_0961,0.0,1.2315635366855204e-05,0.0,0.0,1.9092291e+08,8.135299e+08,0.0003001236,1.39568e-05,0.0021755327,0.006136014,2.4533757e+08,9.6943974e+08,train
scenario_1374,1,6_A350,0.0,0.0,0.0,0.0,9.741677e+07,3.4027667e+08,0.0002408924,0.00043841265,0.0006649825,0.0028731911,1.2072256e+07,3.9398496e+08,train
scenario_1375,2,6_0208;6_0811,2628467326.8604984,2.7695460360965818e-05,0.024910422986545406,2694016356.391569,4.4882816e+07,-6.823687e+08,-0.00017388258,-9.0709655e-05,0.0005500377,-0.0058313506,-7.655974e+07,-8.371125e+08,train
scenario_1376,6,10_0101;13_0503;18_A959;21_A430;48_5283;53_BA60,34936.88696019638,0.007796229337572291,0.0,35209.26294327892,1.8474637e+09,1.3163638e+09,0.009170936,0.007906329,0.02201228,0.016613305,1.9367386e+09,1.3306363e+09,val
scenario_1377,3,31_4019;31_C410;31_C430,0.0,0.002468539326165642,0.0,0.0,1.9317142e+08,-2.8294016e+08,0.0030375577,0.0025987988,0.004615473,0.0008560815,3.1305894e+08,-3.3770822e+08,val
scenario_1378,5,5_4019;5_A602;5_A603;5_A608;5_B410,42052642.23818068,0.005445106808622424,0.0,42281623.36675236,-3.2772224e+07,3.8976685e+08,0.0038384916,0.0064783073,-0.0010160133,0.002846531,-4.549715e+07,5.061789e+08,train
scenario_1379,4,31_A310;35_2118;55_A908;5_0217,6769983563.2558365,0.005100687399440473,0.09865197004190875,7472387348.777885,2.2413153e+09,1.9349832e+09,0.007033691,0.0066682487,0.02801772,0.02529671,2.6432655e+09,2.1588175e+09,val
scenario_1380,4,18_0604;18_0605;18_0606;18_0661,0.0,2.588420427340754e-05,0.0,0.0,-5.961088e+06,1.3719546e+08,-0.00018736394,-0.00020898366,0.00013849931,0.003361729,-2.9355008e+07,1.0847514e+08,train
scenario_1381,3,8_0213;8_0217;8_0224,0.0,2.1634247430291076e-05,0.0,0.0,1.208841e+08,-1.4929747e+08,0.00027734204,-0.00023029512,0.0014594393,-0.0022963295,1.3121619e+08,-1.8564442e+08,val
scenario_1382,3,32_AA03;32_AA59;32_AA62,0.0,0.004253747445497114,0.0,0.0,7.755762e+08,1.38452e+09,0.0041754534,0.006236384,0.0066885073,0.01648,9.2200237e+08,1.6393992e+09,test
scenario_1383,1,29_0705,0.0,4.145641035790959e-06,0.0,0.0,-1.035712e+06,6.781498e+07,0.00011797063,-4.707114e-05,0.0008905772,0.00041654427,588160.0,7.548077e+07,train
scenario_1384,5,4_0604;4_0607;4_0608;4_0661;4_0662,0.0,5.172160395139347e-05,0.0,0.0,1.2635181e+08,6.0179955e+08,-0.0007237599,-4.0298793e-05,0.0010486413,0.008238517,6.2438464e+07,5.998947e+08,train
scenario_1385,1,53_3019,508345019.58013797,0.001735455055940971,0.005038915494673809,511788737.1103333,9.809013e+08,1.368392e+09,0.0019196233,0.0028382384,0.011245569,0.014185593,1.1764781e+09,1.6518218e+09,test
scenario_1386,1,6_B442,0.0,0.0004636714917817253,0.0,0.0,3.724855e+08,7.8914874e+08,0.00036656624,0.00022816565,0.0030625514,0.006817487,3.624237e+08,8.836977e+08,train
scenario_1387,2,16_9032;16_9034,0.0,0.0004577831783275643,0.0,0.0,-2.2417709e+08,1.352855e+09,0.0011448236,0.0029959846,-0.0014779391,0.018650346,-1.367159e+08,1.6627587e+09,train
scenario_1388,6,1_0608;27_0501;38_0213;4_0268;4_BA02;8_A411,0.0,0.004142299119036075,0.0,0.0,3.9050698e+08,6.2309075e+08,0.0025445928,0.00395781,0.0032754731,0.009240122,3.413508e+08,5.6130797e+08,val
scenario_1389,5,1_4126;22_0702;29_5058;53_A330;6_0208,2682402857.6669364,0.00374026790474713,0.024910422986545406,2759255552.7878714,2.4973932e+09,2.4499197e+09,0.0060691778,0.005068969,0.030191604,0.026209852,2.8491638e+09,2.7427848e+09,train
scenario_1390,5,39_0101;39_0104;39_0106;39_0111;39_0206,0.0,3.351825026109978e-05,0.0,0.0,5.9185024e+07,3.1946998e+08,-4.0228246e-05,-0.00041458383,0.00066299364,0.002434739,2.407232e+06,3.1182797e+08,train
scenario_1391,3,4_0119;4_1037;6_7491,18870997291.562256,0.005417176018524317,0.18642123067362792,22491179344.667477,4.9136573e+09,4.182102e+09,0.0095832795,0.010049742,0.052090693,0.039193325,5.893303e+09,4.9236296e+09,test
scenario_1392,2,45_5034;45_5035,0.0,0.0011855700702124716,0.0,0.0,8.08935e+07,4.3424486e+08,0.0007792624,0.0007414662,0.0009886799,0.005861605,-1.0423936e+07,4.3735478e+08,train
scenario_1393,6,22_0707;29_7073;49_7083;4_0260;5_A310;6_B452,0.0,0.0031435118244451665,0.0,0.0,1.3292282e+08,1.0216607e+09,0.0034791664,0.0036662635,0.002865721,0.010088754,1.6645818e+08,1.0250056e+09,train
scenario_1394,2,24_0501;24_0560,0.0,7.477125902988213e-06,0.0,0.0,1.2428118e+08,9.687334e+07,0.0003263515,-0.00020726165,0.0017036516,0.00031548366,1.4775194e+08,1.1184672e+08,train
scenario_1395,2,10_0211;48_F320,0.0,0.00022166421654745694,0.0,0.0,2.8678678e+08,1.87632e+07,0.0006486729,0.00045743992,0.0027468866,0.0012031216,2.7542704e+08,9.267328e+06,test
scenario_1396,5,34_0503;34_0506;34_0508;34_0960;34_0962,0.0,1.536399289314705e-05,0.0,0.0,-7.141331e+07,1.341888e+07,0.00021861447,-0.00043579028,-0.00023071188,-0.0002676444,-8.031034e+07,8.08832e+06,val
scenario_1397,2,27_A340;27_B350,0.0,0.0005986435033690229,0.0,0.0,7.25136e+07,-3.2270144e+08,0.0006212384,0.00076895335,-0.00048369635,-0.0016219895,-7.762374e+07,-3.584226e+08,train
scenario_1398,3,18_A901;18_A902;18_A959,34936.88696019638,0.010508649286094296,0.0,35304.02645240901,7.096436e+08,7.05721e+08,0.009538585,0.010959392,0.0048676664,0.008962528,4.124108e+08,5.676878e+08,train
scenario_1399,5,4_A430;4_A442;4_A443;4_A445;4_A447,0.0,0.0,0.0,0.0,-4.4894784e+07,5.397646e+08,0.0013266805,0.002192486,0.0009197397,0.0036552781,-1.6625075e+08,7.110238e+08,train
scenario_1400,5,16_B320;18_0904;48_H350;4_0608;51_1023,0.0,0.0023130459030402672,0.0,0.0,5.750433e+08,4.0163104e+08,0.0023809038,0.0023559453,0.0047391583,0.0027359342,6.640878e+08,3.6510032e+08,val
scenario_1401,5,1_0601;1_0603;1_0606;1_0607;1_0663,0.0,3.089000489586713e-05,0.0,0.0,-5.2279616e+07,1.2696032e+08,-0.00014531147,-0.0002678444,-0.00048016664,0.0014598593,-7.181562e+07,1.1311021e+08,test
scenario_1402,3,48_1060;48_N310;48_N340,0.0,0.0014793250717680673,0.0,0.0,-6.179021e+07,-5.9667155e+08,0.0007724232,0.0007696479,0.00051874993,-0.006512572,-1.5582963e+08,-7.3377146e+08,test
scenario_1403,3,24_0560;48_3569;48_N320,0.0,0.004143137700796329,0.0,0.0,1.2036997e+09,2.1105311e+09,0.0035082558,0.005656188,0.01016107,0.020788051,1.382889e+09,2.518518e+09,train
scenario_1404,1,34_1030,13333634612.672724,0.02840533160842562,0.2721723780842072,17341427966.428307,-1.3505638e+08,1.6252858e+08,0.0005434485,0.00045507355,-0.0008236272,0.0029522432,-1.6185376e+08,2.3205434e+08,test
scenario_1405,2,35_2118;35_6035,4684293549.105968,0.0037910408367668458,0.05605390212001506,4964624829.345037,2.8850693e+09,1.8089741e+09,0.0058990726,0.0048242076,0.032452323,0.020224428,3.39353e+09,2.0709074e+09,train
scenario_1406,3,47_C350;55_0124;8_0218,0.0,0.0016658596731106146,0.0,0.0,5.1248454e+08,2.9396867e+08,0.0015579561,0.0018917706,0.0046148663,0.003444978,5.427241e+08,3.1339552e+08,train
scenario_1407,4,39_B410;39_B411;39_B412;39_B430,0.0,0.0014292579340158262,0.0,0.0,6.5337216e+07,1.0707232e+08,0.0022688233,0.0015268533,0.0019796905,0.0042687557,3.1091194e+08,8.901875e+07,train
scenario_1408,4,19_0602;19_0605;19_0607;19_0608,0.0,6.0388111640885533e-05,0.0,0.0,1.9613878e+08,8.4821434e+08,-0.00080547435,0.00032090303,0.0015004403,0.01510499,2.4960832e+07,8.5189005e+08,val
scenario_1409,3,31_3028;31_7050;31_A430,0.0,0.0025680164353141244,0.0,0.0,3.72032e+06,3.2790426e+08,0.0032995287,0.003437852,0.002070718,0.005669792,1.05944e+08,3.737984e+08,val
scenario_1410,4,28_3097;5_3011;5_3048;5_3074,0.0,0.0044465510524122065,0.0,0.0,-6.8401376e+08,8.871096e+08,0.004214653,0.0058481097,-0.0047926027,0.014997719,-7.4153683e+08,1.0634382e+09,train
scenario_1411,4,32_0101;32_0104;32_0202;32_0206,0.0,1.6630619207869124e-05,0.0,0.0,7.000134e+07,1.9442854e+08,0.00025786133,-0.0003915846,0.001173798,0.0019078413,7.195341e+07,1.953273e+08,train
scenario_1412,2,48_I330;48_I340,0.0,0.0003832747733675257,0.0,0.0,2.4429136e+08,-4.7593414e+08,0.00047332374,0.0003790398,0.0017092098,-0.005922797,2.500818e+08,-5.5505094e+08,val
scenario_1413,6,16_9032;18_6012;29_B411;34_1030;4_0218;6_0206,15962515963.872587,0.03245918965529926,0.29708245800278693,21222829775.375664,4.772944e+09,4.642609e+09,0.010506995,0.008126293,0.06305795,0.060851466,5.636756e+09,5.4813097e+09,train
scenario_1414,2,53_3812;53_6048,1444903633.4861221,0.002597126437969277,0.014327314513000016,1469357819.7108989,4.6034134e+08,2.0051656e+09,0.0011909108,0.0010919287,0.0065290853,0.023207385,5.991726e+08,2.3791788e+09,val
scenario_1415,4,12_9054;12_A350;13_4112;13_4113,0.0,0.004014826953371076,0.0,0.0,2.8981696e+08,6.863033e+08,0.002163701,0.003603815,0.0026247138,0.004813674,3.7208416e+08,7.7080115e+08,train
scenario_1416,6,12_0107;12_4108;48_1065;6_0812;6_8149;8_7780,0.0,0.002942925711431843,0.0,0.0,4.116992e+06,-1.2335212e+09,0.002325214,0.0020809644,0.0022712885,-0.007905763,1.4490797e+08,-1.4790702e+09,train
scenario_1417,1,37_1817,0.0,0.0005722024903664913,0.0,0.0,-1.1829261e+08,-1.1582368e+08,0.00085961097,0.00062179205,-0.0010788869,0.0013905675,-2.199122e+08,-1.1531328e+08,val
scenario_1418,3,4_1062;4_AA59;4_B330,0.0,0.007142931017485532,0.0,0.0,1.4203231e+09,1.4710348e+09,0.008425567,0.008283022,0.013625573,0.017150197,1.673012e+09,1.6487191e+09,val
scenario_1419,2,31_C410;31_C430,0.0,0.0015550998354648682,0.0,0.0,3.2096522e+08,-2.1071398e+08,0.001904855,0.0017479542,0.002903488,7.6195225e-05,2.478097e+08,-2.4990182e+08,test
scenario_1420,1,8_9019,0.0,0.001851951164681509,0.0,0.0,1.0737152e+08,6.587498e+08,0.0014279145,0.0029204208,0.001094088,0.006188854,1.4838931e+08,7.683665e+08,train
scenario_1421,1,55_5037,0.0,0.0,0.0,0.0,3.021792e+07,3.6984717e+08,0.0004248256,0.0004427241,0.0006812457,0.005219533,8.398995e+07,4.3042294e+08,train
scenario_1422,5,42_0605;42_0607;42_0608;42_0659;42_1614,0.0,0.0012457320768468616,0.0,0.0,4.8088054e+08,1.653699e+09,-6.363611e-05,0.0030788276,0.0042061917,0.024140779,1.7097069e+08,1.8960947e+09,train
scenario_1423,3,46_0602;46_0607;46_0660,0.0,5.656393174957586e-06,0.0,0.0,-8.297811e+07,-9.43559e+07,-7.966999e-05,-0.00023181946,-2.5742222e-05,0.002620521,2.283264e+06,-1.4246394e+08,val
scenario_1424,2,28_A410;4_B350,0.0,0.0011018650326631851,0.0,0.0,3.6854538e+08,2.995383e+08,0.00086768996,0.0009895378,0.0034681042,0.0031438335,2.6419485e+08,3.0568246e+08,test
scenario_1425,6,19_0603;28_0902;47_C330;55_B903;5_0216;6_0205,2628339820.867347,0.0036643128267226377,0.024910015592810225,2703442866.1069465,1.1392439e+09,1.339523e+09,0.002294406,0.003794715,0.012410054,0.017618066,1.1688732e+09,1.348034e+09,test
scenario_1426,3,35_AA02;35_AA03;35_AA61,0.0,0.005202981371885684,0.0,0.0,4.525269e+08,-4.344596e+08,0.005904914,0.006097199,0.0051079113,-0.002282139,7.225632e+08,-6.4693446e+08,train
scenario_1427,4,13_3018;19_3028;4_B960;55_0124,0.0,0.004600610497155433,0.0,0.0,2.0676906e+08,1.0275226e+08,0.004073861,0.004796573,0.0012303018,0.0017797058,3.1448397e+08,1.0048026e+08,train
scenario_1428,1,32_A310,0.0,0.00011807798481389131,0.0,0.0,1.5599277e+08,2.620918e+08,0.00034210947,2.5976915e-05,0.0007413784,0.0018187924,1.066937e+08,3.1313603e+08,val
scenario_1429,2,20_0159;20_0902,0.0,9.72467813808997e-06,0.0,0.0,1.6860003e+08,5.0451603e+08,0.00039483956,0.0003419551,0.0020119678,0.005221894,1.9196634e+08,5.823577e+08,val
scenario_1430,1,56_2015,0.0,0.0003220819630023186,0.0,0.0,1.3303677e+08,-1.4576576e+07,0.00040291308,-0.00012213713,0.0010174531,0.0014939387,8.67657e+07,-3.536115e+07,test
scenario_1431,3,6_0201;6_0570;6_0811,2758937389.0084686,3.41557775428436e-05,0.02358075036947687,2824089436.515407,7.876768e+07,-6.606621e+08,-0.00047696638,-0.00029519317,0.0007455875,-0.0055686766,-6.824966e+07,-7.82408e+08,val
scenario_1432,3,31_0118;42_1598;6_0661,0.0,0.0025748529733530257,0.0,0.0,6.957001e+08,1.5984868e+09,0.0020370893,0.0036081104,0.006617369,0.017510684,7.3374176e+08,1.865856e+09,test
scenario_1433,4,56_7775;56_B320;56_B350;56_B360,5359337.888535948,0.00017696867695660146,0.0,5360286.323471446,-2.3269632e+08,-3.770743e+08,0.002076971,0.0012540498,-0.00035328232,-0.001162638,-2.6872845e+08,-3.997292e+08,train
scenario_1434,3,18_A903;27_0502;55_5040,0.0,0.004023203177652812,0.0,0.0,1.9024722e+09,9.730708e+08,0.0049269143,0.0045039533,0.02125594,0.01669576,2.0942354e+09,1.0926945e+09,train
scenario_1435,1,12_0563,0.0,3.1350509382965797e-06,0.0,0.0,7.912998e+07,1.4937245e+08,0.00011135056,-0.0001785343,0.0014883145,0.0002427036,7.460237e+07,1.6706131e+08,train
scenario_1436,5,1_4155;1_C320;1_C330;1_C340;1_C350,0.0,0.0021532936248305212,0.0,0.0,-1.34976e+06,-2.8051725e+08,0.0014339054,0.0015924999,-0.0014623217,-0.0024026884,7.392685e+07,-3.039797e+08,val
scenario_1437,4,53_1006;53_B310;53_B320;53_B350,20390099.291034553,0.0003215513435700368,0.0,20396655.754857108,1.8972646e+09,1.6450652e+09,0.0045871506,0.0037720643,0.026632981,0.023298446,2.2931697e+09,2.0516306e+09,train
scenario_1438,4,13_5023;32_0105;4_0264;4_BA59,0.0,0.005758551623906372,0.0,0.0,3.9983521e+09,2.529358e+09,0.00912421,0.007986641,0.03977785,0.022852194,4.6210985e+09,2.8573194e+09,val
scenario_1439,3,27_0705;27_0707;27_0709,0.0,1.2878451744358088e-05,0.0,0.0,1.0742464e+08,-1.2583763e+08,0.00044588232,-8.22451e-06,0.0012705317,-0.0022700522,1.4520198e+08,-1.298727e+08,val
scenario_1440,1,20_0109,0.0,6.369968212682764e-06,0.0,0.0,1.6349824e+07,-8.15511e+07,0.00016834983,-8.119363e-05,0.0009218515,-0.0017493805,2.326112e+07,-9.864646e+07,test
scenario_1441,1,20_4016,0.0,0.00016323009304475278,0.0,0.0,-3.568941e+07,-3.8962752e+08,0.0004303311,2.7287751e-05,-0.00060142856,-0.0048490334,-1.5984563e+08,-4.6445293e+08,train
scenario_1442,3,8_0503;8_0505;8_0509,0.0,1.498936300226017e-05,0.0,0.0,8.496499e+07,2.1323712e+07,0.00017195172,-0.00020842208,0.001198458,0.00070306845,1.0031021e+08,6.417088e+06,train
scenario_1443,4,48_3865;48_Q320;48_Q330;48_Q350,0.0,0.0004369916690770692,0.0,0.0,-2.742681e+08,4.7004986e+08,0.000817655,0.0012464016,-0.002293841,0.010891568,-3.0437267e+08,5.690478e+08,train
scenario_1444,1,55_A908,2085690014.1498663,0.002055153145320232,0.04259806792189369,2178822791.4293814,3.6262422e+08,4.5449286e+08,0.0016942265,0.002516485,0.0031949836,0.007963584,4.0540784e+08,4.967001e+08,train
scenario_1445,5,32_7000;32_A410;32_A460;32_C310;32_C320,0.0,0.002044492249255736,0.0,0.0,1.538719e+08,-6.2158586e+08,0.002955893,0.0014246069,0.0044312393,-0.009629525,2.7786586e+08,-7.072305e+08,test
scenario_1446,4,39_4031;39_9006;39_A411;39_A412,0.0,0.01337769116194576,0.0,0.0,5.140959e+09,3.0322785e+09,0.012305366,0.011138938,0.06903962,0.043471936,6.2288317e+09,3.670727e+09,val
scenario_1447,3,39_0106;39_0110;39_0211,0.0,2.129909701242827e-05,0.0,0.0,1.6313002e+08,2.9051472e+08,0.00029516383,-9.500561e-05,0.002060669,0.0023567732,1.386096e+08,3.2156848e+08,test
scenario_1448,2,50_1004;6_7493,16887282054.435022,0.010909892279578393,0.15767748244222074,19734264602.178776,2.1161754e+09,3.1040154e+09,0.0048977574,0.005763839,0.020949941,0.03483849,2.3907922e+09,3.7189548e+09,test
scenario_1449,3,10_0108;18_0604;6_7452,167636513.0548069,0.0002541639764840342,0.0,167679120.21756878,3.963204e+08,7.42185e+08,0.00085470744,-0.0003633101,0.0041906284,0.004870139,5.5492646e+08,8.3491174e+08,train
scenario_1450,1,48_1050,0.0,0.00022714214021624102,0.0,0.0,-1.067191e+08,-5.1308128e+08,0.0002610325,-0.000335349,-0.0011981791,-0.007222264,-1.7394483e+08,-6.370476e+08,val
scenario_1451,4,48_1183;48_3609;48_E350;48_E352,0.0,0.0005894535717180238,0.0,0.0,3.3478272e+07,-5.190613e+08,0.0014431234,0.0010908947,0.00038729142,-0.0049909325,5.91728e+07,-6.706882e+08,train
scenario_1452,3,39_0210;39_0212;39_0901,0.0,2.17551320532694e-05,0.0,0.0,1.5237114e+08,2.1722422e+08,0.0001957661,-7.536728e-05,0.0017294497,0.002391296,1.535806e+08,2.2617216e+08,test
scenario_1453,4,4_0504;4_0505;4_0507;4_0508,0.0,2.0471154033807615e-05,0.0,0.0,-4.36992e+06,2.3711629e+08,-6.3315034e-05,-0.00015079137,0.00034222426,0.004437428,-1.2206272e+07,2.4281062e+08,train
scenario_1454,4,18_0901;18_0902;18_0905;18_5518,76918940.51556641,0.0030229919915480963,0.0,77151465.85674334,1.9481505e+09,1.503412e+09,0.0030599628,0.003414586,0.019753315,0.018316332,1.8449723e+09,1.5364276e+09,train
scenario_1455,2,4_6060;4_C310,0.0,0.0010957342868944675,0.0,0.0,4.399495e+08,1.0553704e+09,0.00082718406,0.0018314451,0.0035656863,0.011474012,4.57278e+08,1.2634442e+09,train
scenario_1456,3,4_0160;4_0902;6_7491,18870997291.562256,0.0046528993029594234,0.18642123067362792,22476756680.838047,4.7159286e+09,3.6018537e+09,0.00745849,0.0069427807,0.052821174,0.03810084,5.768668e+09,4.3883505e+09,train
scenario_1457,2,4_1062;4_B310,0.0,0.0035525326796641554,0.0,0.0,1.8839613e+09,1.2844741e+09,0.0048981337,0.0045001255,0.018855486,0.014049772,2.183259e+09,1.4730634e+09,train
scenario_1458,2,12_C321;6_3042,21720623216.145844,0.02580177452310728,0.2006157859471116,26638553736.638386,2.30792e+09,3.3033746e+09,0.0046296157,0.0073995623,0.022408742,0.030563874,2.6686067e+09,3.9206838e+09,val
scenario_1459,2,47_2001;47_2008,0.0,0.002587926188059253,0.0,0.0,-4.720523e+08,2.17223e+08,0.002205414,0.0024899521,-0.0037232405,0.00993569,-5.633731e+08,3.1394544e+08,train
scenario_1460,4,55_3014;55_5040;55_A902;55_A908,4173402734.996817,0.00583548301651049,0.08519613584378737,4553314342.119573,3.7143672e+09,2.305331e+09,0.010204064,0.0082341,0.0522648,0.041332792,4.336102e+09,2.7138627e+09,train
scenario_1461,5,40_4086;40_AA01;40_AA03;40_AA62;40_AA63,0.0,0.0011770293768820217,0.0,0.0,-1.8923917e+08,-4.7531667e+08,0.0023901185,0.001440096,-0.0012894915,-0.0030267667,-1.3111104e+08,-5.7530246e+08,train
scenario_1462,4,12_A310;13_0509;24_0506;56_2020,40975.388643798164,0.0007942152154982729,0.0,41007.931920920026,1.2916742e+09,6.611065e+08,0.001706399,0.0010456707,0.014337733,0.008944188,1.5340914e+09,7.26931e+08,train
scenario_1463,2,28_3083;28_3085,0.0,8.420039304679605e-05,0.0,0.0,8.527866e+07,-1.2232604e+09,0.00077510334,-0.00039226748,0.0007363674,-0.012769947,4.0032384e+07,-1.4681165e+09,train
scenario_1464,3,48_1065;48_5336;48_6079,103707207.80307016,0.0023887274942314685,0.0,103954936.06169932,-9.364224e+07,-2.3240736e+08,0.0024358425,0.0016097388,0.0019156081,0.0007173484,3.569837e+07,-3.7903072e+08,train
scenario_1465,2,49_3011;49_C352,514434335.5292842,0.0015733414894437692,0.0,515243716.4129669,1.9946192e+08,4.170773e+08,0.0019979025,0.0033653565,0.0013556364,0.0023892587,2.1374054e+08,4.489705e+08,train
scenario_1466,5,42_0601;42_0603;42_0606;42_0608;42_0661,0.0,6.796892779226127e-05,0.0,0.0,3.559671e+08,6.228722e+08,-0.0010060628,-0.00016081473,0.0029295534,0.008404089,2.7444534e+08,5.869484e+08,test
scenario_1467,2,18_A310;18_A320,0.0,0.0013193888160466516,0.0,0.0,2.9273514e+08,-7.400542e+08,0.0016608863,0.0013520295,0.0027511157,-0.007205749,2.6403357e+08,-9.375631e+08,val
scenario_1468,4,37_5827;51_0115;51_0118;51_2004,17604105.35294363,0.0012502724385001773,0.0,17626115.280670866,7.99184e+07,-2.1404864e+08,0.001753059,0.0013746707,0.00036899978,-0.0015280852,7.83335e+07,-2.4962054e+08,train
scenario_1469,5,12_4107;12_B351;46_0803;4_0223;6_0664,0.0,0.0003678671940509082,0.0,0.0,4.925024e+08,-2.113442e+08,0.0007162931,-0.00011555408,0.0040674238,0.0032408978,4.2250384e+08,-3.4244384e+08,train
scenario_1470,1,12_A320,0.0,0.00034289531454434474,0.0,0.0,4.736973e+07,-2.5111014e+08,0.0003091658,-1.6812934e-05,0.0005725818,-0.0037048608,2.9277248e+07,-3.1033536e+08,test
scenario_1471,3,12_4106;17_0608;1_3028,272475.88908414944,0.00266992899729257,0.0,273203.38036147825,8.5232646e+08,5.801438e+08,0.0026849497,0.0031156624,0.007497165,0.0068128193,9.458536e+08,6.868408e+08,train
scenario_1472,2,30_A350;4_0221,0.0,3.0360798139894563e-05,0.0,0.0,4.2056096e+08,5.255353e+08,0.0004611303,0.0008323353,0.0044338168,0.007758729,4.4837725e+08,5.289927e+08,train
scenario_1473,5,56_7775;56_B310;56_B320;56_B350;56_B360,5359337.888535948,0.00022328097655088808,0.0,5360534.526733367,-4.952638e+08,-7.473849e+08,0.0025141812,0.0014247734,-0.000993832,-0.0050328923,-4.8069984e+08,-8.489853e+08,test
scenario_1474,1,48_C410,0.0,0.0005961020687454965,0.0,0.0,2.6363622e+08,-2.0110438e+08,0.0005042476,0.0003925612,0.0019364338,-0.0022402108,2.0517194e+08,-2.4189235e+08,val
scenario_1475,2,1_A310;1_A350,50307.341246064076,0.0014290693391715292,0.0,50379.23392497407,2.0706512e+08,-1.0611661e+08,0.0011187872,0.0014083092,0.0019953996,-0.0022881879,1.8356768e+08,-1.5039078e+08,val
scenario_1476,2,1_0604;55_0903,2500770987.777299,3.134904464274779e-05,0.05111769867409494,2628683042.3647547,2.145944e+08,4.2292835e+08,2.5636982e-05,-0.00019163801,0.0023197997,0.0050071026,1.4792947e+08,3.9920666e+08,train
scenario_1477,5,13_0505;25_1004;27_5076;42_0605;49_D448,0.0,0.0026779524003038846,0.0,0.0,3.1746624e+09,2.4041034e+09,0.005627524,0.0040283822,0.04162701,0.036173683,3.7799798e+09,2.8115238e+09,train
scenario_1478,4,47_3110;47_C310;47_C330;47_C350,0.0,0.005124188339540314,0.0,0.0,6.898048e+07,-1.075284e+09,0.004868068,0.005235237,-0.0024577063,-0.013298759,-1.9844653e+08,-1.393534e+09,train
scenario_1479,5,6_0210;6_0501;6_0504;6_0608;6_0659,2628774331.5192785,7.521467718418773e-05,0.02490990838282516,2694454581.689282,1.8135864e+09,2.6332954e+09,0.00027599325,0.00046153844,0.021378744,0.030993361,2.0646436e+09,2.947833e+09,train
scenario_1480,4,12_0103;13_0565;20_0112;8_1053,0.0,0.0006291403993663458,0.0,0.0,3.7559635e+08,-1.158848e+06,0.00031354302,0.001307642,0.0026200716,-0.0016919682,2.4680218e+08,-1.443959e+08,train
scenario_1481,4,17_0660;18_3030;1_5008;4_0603,0.0,0.006163087479422735,0.0,0.0,2.907117e+09,2.785767e+09,0.007797832,0.007879222,0.03023815,0.03222795,3.1135263e+09,3.2263352e+09,train
scenario_1482,3,19_1044;19_3055;19_A410,70330162.05855292,0.002045950365262339,0.0,70474054.07930557,1.2475082e+08,-7.9284704e+08,0.0031167273,0.0019056498,0.002442217,-0.0048613623,2.8598666e+08,-9.6416723e+08,train
scenario_1483,2,12_0901;12_4097,277093313.14976436,0.0007215646892476668,0.0,277293253.9001599,7.592122e+07,1.5031664e+08,0.000842536,0.00057828776,0.0013563843,0.00025746366,8.804346e+07,1.5944013e+08,train
scenario_1484,1,55_B908,0.0,0.0019467991510093707,0.0,0.0,3.7851696e+08,4.79214e+08,0.0016509568,0.0025036046,0.003437302,0.008073647,4.22032e+08,5.372348e+08,train
scenario_1485,2,18_A901;4_0162,0.0,0.003503619145334591,0.0,0.0,9.101125e+08,3.224223e+08,0.0029345967,0.0036292907,0.00811557,0.0042001074,9.241751e+08,3.4309747e+08,val
scenario_1486,3,4_0266;4_B960;4_B964,5.5176343508508925,0.0035693915689892775,0.0,5.5373289483835855,1.1345572e+09,9.489472e+08,0.0042575547,0.004875703,0.0072153057,0.0083938595,1.064517e+09,1.07368e+09,val
scenario_1487,4,49_7085;49_E448;49_E452;49_E455,0.0,0.0014248281507370786,0.0,0.0,-2.4846624e+08,-4.9957293e+08,0.0022305113,0.0014684568,-0.0017065601,-0.009207416,-2.5606394e+08,-6.0151494e+08,train
scenario_1488,1,24_1632,0.0,0.0,0.0,0.0,-3.4093696e+07,4.902512e+08,0.00012838282,0.000101132086,-0.00016858615,0.0061489223,-8.959296e+07,5.7416326e+08,val
scenario_1489,4,22_0708;37_1028;4_BA59;6_0201,2758937389.0084686,0.0040130499790272944,0.02358075036947687,2835066956.4947915,2.6704868e+09,1.8898721e+09,0.0059328536,0.004596183,0.027644929,0.018815313,3.1314033e+09,2.0431183e+09,test
scenario_1490,2,48_J320;48_J330,0.0,0.00022112068497215365,0.0,0.0,2.2522323e+08,-2.7565184e+08,9.92096e-05,-0.00011186022,0.0018271916,-0.00097231194,1.4846714e+08,-2.6158688e+08,test
scenario_1491,3,20_0163;20_0206;20_0212,0.0,2.2084610935779736e-05,0.0,0.0,1.4916342e+08,1.4719802e+08,0.00027418043,3.7256395e-05,0.0017884835,0.0012527285,1.3644294e+08,1.5241978e+08,test
scenario_1492,2,1_4125;1_A350,0.0,0.001236687041397344,0.0,0.0,9.718163e+07,-3.4554797e+08,0.0009332631,0.0006494111,0.00064989645,-0.0049285367,5.5735744e+07,-4.3122298e+08,val
scenario_1493,1,4_0659,0.0,1.0285542610954934e-05,0.0,0.0,5.9976256e+07,8.538701e+07,0.00013365503,3.5636825e-05,0.0014840979,0.0014493698,8.315142e+07,7.585741e+07,train
scenario_1494,4,4_A441;4_A452;4_A455;4_A459,0.0,0.0,0.0,0.0,2.0533971e+08,3.7551245e+08,0.0011486375,0.0016129602,0.0029755617,0.0016525919,1.120592e+08,4.6612086e+08,train
scenario_1495,5,12_A320;12_A330;12_A350;13_4112;13_4113,0.0,0.004360491989076953,0.0,0.0,2.1493011e+08,7.3977664e+08,0.0022699405,0.0043919934,0.002186323,0.0057041724,3.134191e+08,8.612904e+08,train
scenario_1496,5,53_0201;53_0207;53_0208;53_0212;53_1005,456462077.5096051,0.0004673036911057027,0.0,456675383.92327505,6.6848e+06,1.3074775e+09,9.629084e-05,0.0033379467,0.00041085295,0.018633451,-1.6452294e+08,1.5624108e+09,val
scenario_1497,2,4_7079;4_B901,0.0,0.002088574401212795,0.0,0.0,8.93087e+08,2.041753e+08,0.0025279159,0.00213598,0.007167502,-0.0025576968,9.95989e+08,1.5016525e+08,train
scenario_1498,2,30_0503;48_1178,0.0,0.0001877275374921883,0.0,0.0,2.14624e+07,-5.4034624e+07,0.0008298829,5.0239498e-05,0.0006357371,0.00092761405,4.8222144e+07,-4.691213e+07,train
scenario_1499,3,27_1016;27_1023;27_B320,27316112.378278382,0.0009893825092258668,0.0,27343138.462085497,3.164096e+06,-9.414278e+08,0.0010570362,0.00015572179,-0.00049073994,-0.008175317,-1.3991744e+07,-1.1650214e+09,val
