source_node,target_node,conflict_count,total_overlap_days,max_overlap_days,edge_type
10_0101,10_0102,1,60,60,node_project_conflict
10_0101,10_0103,1,60,60,node_project_conflict
10_0101,10_0105,1,60,60,node_project_conflict
10_0101,10_0107,1,60,60,node_project_conflict
10_0101,10_0110,1,60,60,node_project_conflict
10_0101,10_0111,1,60,60,node_project_conflict
10_0101,10_0112,1,60,60,node_project_conflict
10_0101,10_0160,1,60,60,node_project_conflict
10_0102,10_0103,1,60,60,node_project_conflict
10_0102,10_0105,1,60,60,node_project_conflict
10_0102,10_0107,1,60,60,node_project_conflict
10_0102,10_0110,1,60,60,node_project_conflict
10_0102,10_0111,1,60,60,node_project_conflict
10_0102,10_0112,1,60,60,node_project_conflict
10_0102,10_0160,1,60,60,node_project_conflict
10_0103,10_0104,1,60,60,node_project_conflict
10_0103,10_0105,1,60,60,node_project_conflict
10_0103,10_0106,1,60,60,node_project_conflict
10_0103,10_0107,1,60,60,node_project_conflict
10_0103,10_0108,1,60,60,node_project_conflict
10_0103,10_0109,1,60,60,node_project_conflict
10_0103,10_0110,1,60,60,node_project_conflict
10_0103,10_0111,1,60,60,node_project_conflict
10_0103,10_0112,1,60,60,node_project_conflict
10_0103,10_0159,1,60,60,node_project_conflict
10_0103,10_0160,1,60,60,node_project_conflict
10_0104,10_0106,1,60,60,node_project_conflict
10_0104,10_0108,1,60,60,node_project_conflict
10_0104,10_0109,1,60,60,node_project_conflict
10_0104,10_0110,1,60,60,node_project_conflict
10_0104,10_0111,1,60,60,node_project_conflict
10_0104,10_0112,1,60,60,node_project_conflict
10_0104,10_0159,1,60,60,node_project_conflict
10_0105,10_0107,1,60,60,node_project_conflict
10_0105,10_0110,1,60,60,node_project_conflict
10_0105,10_0111,1,60,60,node_project_conflict
10_0105,10_0112,1,60,60,node_project_conflict
10_0105,10_0160,1,60,60,node_project_conflict
10_0106,10_0108,1,60,60,node_project_conflict
10_0106,10_0109,1,60,60,node_project_conflict
10_0106,10_0110,1,60,60,node_project_conflict
10_0106,10_0111,1,60,60,node_project_conflict
10_0106,10_0112,1,60,60,node_project_conflict
10_0106,10_0159,1,60,60,node_project_conflict
10_0107,10_0110,1,60,60,node_project_conflict
10_0107,10_0111,1,60,60,node_project_conflict
10_0107,10_0112,1,60,60,node_project_conflict
10_0107,10_0160,1,60,60,node_project_conflict
10_0108,10_0109,1,60,60,node_project_conflict
10_0108,10_0110,1,60,60,node_project_conflict
10_0108,10_0111,1,60,60,node_project_conflict
10_0108,10_0112,1,60,60,node_project_conflict
10_0108,10_0159,1,60,60,node_project_conflict
10_0109,10_0110,1,60,60,node_project_conflict
10_0109,10_0111,1,60,60,node_project_conflict
10_0109,10_0112,1,60,60,node_project_conflict
10_0109,10_0159,1,60,60,node_project_conflict
10_0110,10_0111,1,60,60,node_project_conflict
10_0110,10_0112,1,60,60,node_project_conflict
10_0110,10_0159,1,60,60,node_project_conflict
10_0110,10_0160,1,60,60,node_project_conflict
10_0111,10_0112,1,60,60,node_project_conflict
10_0111,10_0159,1,60,60,node_project_conflict
10_0111,10_0160,1,60,60,node_project_conflict
10_0112,10_0159,1,60,60,node_project_conflict
10_0112,10_0160,1,60,60,node_project_conflict
10_0201,10_0202,1,0,0,node_project_conflict
10_0201,10_0203,1,0,0,node_project_conflict
10_0201,10_0205,1,0,0,node_project_conflict
10_0201,10_0206,1,0,0,node_project_conflict
10_0201,10_0207,1,0,0,node_project_conflict
10_0201,10_0209,1,0,0,node_project_conflict
10_0201,10_0211,1,0,0,node_project_conflict
10_0201,10_0260,1,0,0,node_project_conflict
10_0202,10_0203,1,0,0,node_project_conflict
10_0202,10_0204,1,0,0,node_project_conflict
10_0202,10_0205,1,0,0,node_project_conflict
10_0202,10_0206,1,0,0,node_project_conflict
10_0202,10_0207,1,0,0,node_project_conflict
10_0202,10_0208,1,0,0,node_project_conflict
10_0202,10_0209,1,0,0,node_project_conflict
10_0202,10_0210,1,0,0,node_project_conflict
10_0202,10_0211,1,0,0,node_project_conflict
10_0202,10_0212,1,0,0,node_project_conflict
10_0202,10_0259,1,0,0,node_project_conflict
10_0202,10_0260,1,0,0,node_project_conflict
10_0203,10_0204,1,0,0,node_project_conflict
10_0203,10_0205,1,0,0,node_project_conflict
10_0203,10_0206,1,0,0,node_project_conflict
10_0203,10_0207,1,0,0,node_project_conflict
10_0203,10_0208,1,0,0,node_project_conflict
10_0203,10_0209,1,0,0,node_project_conflict
10_0203,10_0210,1,0,0,node_project_conflict
10_0203,10_0211,1,0,0,node_project_conflict
10_0203,10_0212,1,0,0,node_project_conflict
10_0203,10_0259,1,0,0,node_project_conflict
10_0203,10_0260,1,0,0,node_project_conflict
10_0204,10_0206,1,0,0,node_project_conflict
10_0204,10_0207,1,0,0,node_project_conflict
10_0204,10_0208,1,0,0,node_project_conflict
10_0204,10_0210,1,0,0,node_project_conflict
10_0204,10_0212,1,0,0,node_project_conflict
10_0204,10_0259,1,0,0,node_project_conflict
10_0205,10_0206,1,0,0,node_project_conflict
10_0205,10_0207,1,0,0,node_project_conflict
10_0205,10_0209,1,0,0,node_project_conflict
10_0205,10_0211,1,0,0,node_project_conflict
10_0205,10_0260,1,0,0,node_project_conflict
10_0206,10_0207,1,0,0,node_project_conflict
10_0206,10_0208,1,0,0,node_project_conflict
10_0206,10_0209,1,0,0,node_project_conflict
10_0206,10_0210,1,0,0,node_project_conflict
10_0206,10_0211,1,0,0,node_project_conflict
10_0206,10_0212,1,0,0,node_project_conflict
10_0206,10_0259,1,0,0,node_project_conflict
10_0206,10_0260,1,0,0,node_project_conflict
10_0207,10_0208,1,0,0,node_project_conflict
10_0207,10_0209,1,0,0,node_project_conflict
10_0207,10_0210,1,0,0,node_project_conflict
10_0207,10_0211,1,0,0,node_project_conflict
10_0207,10_0212,1,0,0,node_project_conflict
10_0207,10_0259,1,0,0,node_project_conflict
10_0207,10_0260,1,0,0,node_project_conflict
10_0208,10_0210,1,0,0,node_project_conflict
10_0208,10_0212,1,0,0,node_project_conflict
10_0208,10_0259,1,0,0,node_project_conflict
10_0209,10_0211,1,0,0,node_project_conflict
10_0209,10_0260,1,0,0,node_project_conflict
10_0210,10_0212,1,0,0,node_project_conflict
10_0210,10_0259,1,0,0,node_project_conflict
10_0211,10_0260,1,0,0,node_project_conflict
10_0212,10_0259,1,0,0,node_project_conflict
12_0101,12_0102,1,0,0,node_project_conflict
12_0101,12_0103,1,0,0,node_project_conflict
12_0101,12_0104,1,0,0,node_project_conflict
12_0101,12_0105,1,0,0,node_project_conflict
12_0101,12_0109,1,0,0,node_project_conflict
12_0101,12_0111,1,0,0,node_project_conflict
12_0101,12_0112,1,0,0,node_project_conflict
12_0101,12_0161,1,0,0,node_project_conflict
12_0102,12_0103,1,0,0,node_project_conflict
12_0102,12_0104,1,0,0,node_project_conflict
12_0102,12_0105,1,0,0,node_project_conflict
12_0102,12_0109,1,0,0,node_project_conflict
12_0102,12_0111,1,0,0,node_project_conflict
12_0102,12_0112,1,0,0,node_project_conflict
12_0102,12_0161,1,0,0,node_project_conflict
12_0103,12_0104,1,0,0,node_project_conflict
12_0103,12_0105,1,0,0,node_project_conflict
12_0103,12_0106,1,0,0,node_project_conflict
12_0103,12_0107,1,0,0,node_project_conflict
12_0103,12_0108,1,0,0,node_project_conflict
12_0103,12_0109,1,0,0,node_project_conflict
12_0103,12_0110,1,0,0,node_project_conflict
12_0103,12_0111,1,0,0,node_project_conflict
12_0103,12_0112,1,0,0,node_project_conflict
12_0103,12_0161,1,0,0,node_project_conflict
12_0104,12_0105,1,0,0,node_project_conflict
12_0104,12_0106,1,0,0,node_project_conflict
12_0104,12_0107,1,0,0,node_project_conflict
12_0104,12_0108,1,0,0,node_project_conflict
12_0104,12_0109,1,0,0,node_project_conflict
12_0104,12_0110,1,0,0,node_project_conflict
12_0104,12_0111,1,0,0,node_project_conflict
12_0104,12_0112,1,0,0,node_project_conflict
12_0104,12_0161,1,0,0,node_project_conflict
12_0105,12_0109,1,0,0,node_project_conflict
12_0105,12_0111,1,0,0,node_project_conflict
12_0105,12_0112,1,0,0,node_project_conflict
12_0105,12_0161,1,0,0,node_project_conflict
12_0106,12_0107,1,0,0,node_project_conflict
12_0106,12_0108,1,0,0,node_project_conflict
12_0106,12_0109,1,0,0,node_project_conflict
12_0106,12_0110,1,0,0,node_project_conflict
12_0106,12_0111,1,0,0,node_project_conflict
12_0106,12_0112,1,0,0,node_project_conflict
12_0107,12_0108,1,0,0,node_project_conflict
12_0107,12_0109,1,0,0,node_project_conflict
12_0107,12_0110,1,0,0,node_project_conflict
12_0107,12_0111,1,0,0,node_project_conflict
12_0107,12_0112,1,0,0,node_project_conflict
12_0108,12_0109,1,0,0,node_project_conflict
12_0108,12_0110,1,0,0,node_project_conflict
12_0108,12_0111,1,0,0,node_project_conflict
12_0108,12_0112,1,0,0,node_project_conflict
12_0109,12_0110,1,0,0,node_project_conflict
12_0109,12_0111,1,0,0,node_project_conflict
12_0109,12_0112,1,0,0,node_project_conflict
12_0109,12_0161,1,0,0,node_project_conflict
12_0110,12_0111,1,0,0,node_project_conflict
12_0110,12_0112,1,0,0,node_project_conflict
12_0111,12_0112,1,0,0,node_project_conflict
12_0111,12_0161,1,0,0,node_project_conflict
12_0112,12_0161,1,0,0,node_project_conflict
12_AA01,12_AA02,1,0,0,node_project_conflict
12_AA01,12_AA03,1,0,0,node_project_conflict
12_AA01,12_AA61,1,0,0,node_project_conflict
12_AA02,12_AA03,1,0,0,node_project_conflict
12_AA02,12_AA61,1,0,0,node_project_conflict
12_AA03,12_AA61,1,0,0,node_project_conflict
19_0101,19_0102,1,212,212,node_project_conflict
19_0101,19_0103,1,212,212,node_project_conflict
19_0101,19_0104,1,212,212,node_project_conflict
19_0101,19_0105,1,212,212,node_project_conflict
19_0101,19_0106,1,212,212,node_project_conflict
19_0101,19_0107,1,212,212,node_project_conflict
19_0101,19_0108,1,212,212,node_project_conflict
19_0101,19_0109,1,212,212,node_project_conflict
19_0101,19_0110,1,212,212,node_project_conflict
19_0101,19_0111,1,212,212,node_project_conflict
19_0101,19_0112,1,212,212,node_project_conflict
19_0101,19_0159,1,212,212,node_project_conflict
19_0102,19_0103,1,212,212,node_project_conflict
19_0102,19_0105,1,212,212,node_project_conflict
19_0102,19_0107,1,212,212,node_project_conflict
19_0102,19_0109,1,212,212,node_project_conflict
19_0102,19_0110,1,212,212,node_project_conflict
19_0102,19_0111,1,212,212,node_project_conflict
19_0102,19_0112,1,212,212,node_project_conflict
19_0103,19_0105,1,212,212,node_project_conflict
19_0103,19_0107,1,212,212,node_project_conflict
19_0103,19_0109,1,212,212,node_project_conflict
19_0103,19_0110,1,212,212,node_project_conflict
19_0103,19_0111,1,212,212,node_project_conflict
19_0103,19_0112,1,212,212,node_project_conflict
19_0104,19_0106,1,212,212,node_project_conflict
19_0104,19_0108,1,212,212,node_project_conflict
19_0104,19_0109,1,212,212,node_project_conflict
19_0104,19_0110,1,212,212,node_project_conflict
19_0104,19_0111,1,212,212,node_project_conflict
19_0104,19_0112,1,212,212,node_project_conflict
19_0104,19_0159,1,212,212,node_project_conflict
19_0105,19_0107,1,212,212,node_project_conflict
19_0105,19_0109,1,212,212,node_project_conflict
19_0105,19_0110,1,212,212,node_project_conflict
19_0105,19_0111,1,212,212,node_project_conflict
19_0105,19_0112,1,212,212,node_project_conflict
19_0106,19_0108,1,212,212,node_project_conflict
19_0106,19_0109,1,212,212,node_project_conflict
19_0106,19_0110,1,212,212,node_project_conflict
19_0106,19_0111,1,212,212,node_project_conflict
19_0106,19_0112,1,212,212,node_project_conflict
19_0106,19_0159,1,212,212,node_project_conflict
19_0107,19_0109,1,212,212,node_project_conflict
19_0107,19_0110,1,212,212,node_project_conflict
19_0107,19_0111,1,212,212,node_project_conflict
19_0107,19_0112,1,212,212,node_project_conflict
19_0108,19_0109,1,212,212,node_project_conflict
19_0108,19_0110,1,212,212,node_project_conflict
19_0108,19_0111,1,212,212,node_project_conflict
19_0108,19_0112,1,212,212,node_project_conflict
19_0108,19_0159,1,212,212,node_project_conflict
19_0109,19_0110,1,212,212,node_project_conflict
19_0109,19_0111,1,212,212,node_project_conflict
19_0109,19_0112,1,212,212,node_project_conflict
19_0109,19_0159,1,212,212,node_project_conflict
19_0110,19_0111,1,212,212,node_project_conflict
19_0110,19_0112,1,212,212,node_project_conflict
19_0110,19_0159,1,212,212,node_project_conflict
19_0111,19_0112,1,212,212,node_project_conflict
19_0111,19_0159,1,212,212,node_project_conflict
19_0112,19_0159,1,212,212,node_project_conflict
19_0213,19_0214,1,122,122,node_project_conflict
19_0213,19_0215,1,122,122,node_project_conflict
19_0213,19_0216,1,122,122,node_project_conflict
19_0213,19_0217,1,122,122,node_project_conflict
19_0213,19_0218,1,122,122,node_project_conflict
19_0213,19_0219,1,122,122,node_project_conflict
19_0213,19_0220,1,122,122,node_project_conflict
19_0213,19_0221,1,122,122,node_project_conflict
19_0213,19_0222,1,122,122,node_project_conflict
19_0213,19_0223,1,122,122,node_project_conflict
19_0213,19_0224,1,122,122,node_project_conflict
19_0213,19_0259,1,122,122,node_project_conflict
19_0214,19_0215,1,122,122,node_project_conflict
19_0214,19_0216,1,122,122,node_project_conflict
19_0214,19_0217,1,122,122,node_project_conflict
19_0214,19_0218,1,122,122,node_project_conflict
19_0214,19_0219,1,122,122,node_project_conflict
19_0214,19_0220,1,122,122,node_project_conflict
19_0214,19_0221,1,122,122,node_project_conflict
19_0214,19_0222,1,122,122,node_project_conflict
19_0214,19_0223,1,122,122,node_project_conflict
19_0214,19_0224,1,122,122,node_project_conflict
19_0214,19_0259,1,122,122,node_project_conflict
19_0215,19_0216,1,122,122,node_project_conflict
19_0215,19_0217,1,122,122,node_project_conflict
19_0215,19_0218,1,122,122,node_project_conflict
19_0215,19_0219,1,122,122,node_project_conflict
19_0215,19_0220,1,122,122,node_project_conflict
19_0215,19_0221,1,122,122,node_project_conflict
19_0215,19_0222,1,122,122,node_project_conflict
19_0215,19_0223,1,122,122,node_project_conflict
19_0215,19_0224,1,122,122,node_project_conflict
19_0215,19_0259,1,122,122,node_project_conflict
19_0216,19_0217,1,122,122,node_project_conflict
19_0216,19_0218,1,122,122,node_project_conflict
19_0216,19_0219,1,122,122,node_project_conflict
19_0216,19_0220,1,122,122,node_project_conflict
19_0216,19_0221,1,122,122,node_project_conflict
19_0216,19_0222,1,122,122,node_project_conflict
19_0216,19_0223,1,122,122,node_project_conflict
19_0216,19_0224,1,122,122,node_project_conflict
19_0216,19_0259,1,122,122,node_project_conflict
19_0217,19_0218,1,122,122,node_project_conflict
19_0217,19_0219,1,122,122,node_project_conflict
19_0217,19_0220,1,122,122,node_project_conflict
19_0217,19_0259,1,122,122,node_project_conflict
19_0218,19_0219,1,122,122,node_project_conflict
19_0218,19_0220,1,122,122,node_project_conflict
19_0218,19_0259,1,122,122,node_project_conflict
19_0219,19_0220,1,122,122,node_project_conflict
19_0219,19_0259,1,122,122,node_project_conflict
19_0220,19_0259,1,122,122,node_project_conflict
19_0221,19_0222,1,122,122,node_project_conflict
19_0221,19_0223,1,122,122,node_project_conflict
19_0221,19_0224,1,122,122,node_project_conflict
19_0221,19_0259,1,122,122,node_project_conflict
19_0222,19_0223,1,122,122,node_project_conflict
19_0222,19_0224,1,122,122,node_project_conflict
19_0222,19_0259,1,122,122,node_project_conflict
19_0223,19_0224,1,122,122,node_project_conflict
19_0223,19_0259,1,122,122,node_project_conflict
19_0224,19_0259,1,122,122,node_project_conflict
1_0101,1_0102,1,0,0,node_project_conflict
1_0101,1_0103,1,0,0,node_project_conflict
1_0101,1_0104,1,0,0,node_project_conflict
1_0101,1_0105,1,0,0,node_project_conflict
1_0101,1_0106,1,0,0,node_project_conflict
1_0101,1_0112,1,0,0,node_project_conflict
1_0101,1_0161,1,0,0,node_project_conflict
1_0101,1_0162,1,0,0,node_project_conflict
1_0102,1_0103,1,0,0,node_project_conflict
1_0102,1_0104,1,0,0,node_project_conflict
1_0102,1_0105,1,0,0,node_project_conflict
1_0102,1_0106,1,0,0,node_project_conflict
1_0102,1_0112,1,0,0,node_project_conflict
1_0102,1_0161,1,0,0,node_project_conflict
1_0102,1_0162,1,0,0,node_project_conflict
1_0103,1_0104,1,0,0,node_project_conflict
1_0103,1_0105,1,0,0,node_project_conflict
1_0103,1_0106,1,0,0,node_project_conflict
1_0103,1_0111,1,0,0,node_project_conflict
1_0103,1_0112,1,0,0,node_project_conflict
1_0103,1_0161,1,0,0,node_project_conflict
1_0103,1_0162,1,0,0,node_project_conflict
1_0104,1_0105,1,0,0,node_project_conflict
1_0104,1_0106,1,0,0,node_project_conflict
1_0104,1_0107,1,0,0,node_project_conflict
1_0104,1_0108,1,0,0,node_project_conflict
1_0104,1_0109,1,0,0,node_project_conflict
1_0104,1_0110,1,0,0,node_project_conflict
1_0104,1_0111,1,0,0,node_project_conflict
1_0104,1_0112,1,0,0,node_project_conflict
1_0104,1_0161,1,0,0,node_project_conflict
1_0104,1_0162,1,0,0,node_project_conflict
1_0104,1_0163,1,0,0,node_project_conflict
1_0105,1_0106,1,0,0,node_project_conflict
1_0105,1_0112,1,0,0,node_project_conflict
1_0105,1_0161,1,0,0,node_project_conflict
1_0105,1_0162,1,0,0,node_project_conflict
1_0106,1_0107,1,0,0,node_project_conflict
1_0106,1_0108,1,0,0,node_project_conflict
1_0106,1_0109,1,0,0,node_project_conflict
1_0106,1_0110,1,0,0,node_project_conflict
1_0106,1_0111,1,0,0,node_project_conflict
1_0106,1_0112,1,0,0,node_project_conflict
1_0106,1_0161,1,0,0,node_project_conflict
1_0106,1_0162,1,0,0,node_project_conflict
1_0106,1_0163,1,0,0,node_project_conflict
1_0107,1_0108,1,0,0,node_project_conflict
1_0107,1_0109,1,0,0,node_project_conflict
1_0107,1_0110,1,0,0,node_project_conflict
1_0107,1_0111,1,0,0,node_project_conflict
1_0107,1_0112,1,0,0,node_project_conflict
1_0107,1_0163,1,0,0,node_project_conflict
1_0108,1_0109,1,0,0,node_project_conflict
1_0108,1_0110,1,0,0,node_project_conflict
1_0108,1_0111,1,0,0,node_project_conflict
1_0108,1_0112,1,0,0,node_project_conflict
1_0108,1_0163,1,0,0,node_project_conflict
1_0109,1_0110,1,0,0,node_project_conflict
1_0109,1_0111,1,0,0,node_project_conflict
1_0109,1_0112,1,0,0,node_project_conflict
1_0109,1_0163,1,0,0,node_project_conflict
1_0110,1_0111,1,0,0,node_project_conflict
1_0110,1_0112,1,0,0,node_project_conflict
1_0110,1_0162,1,0,0,node_project_conflict
1_0110,1_0163,1,0,0,node_project_conflict
1_0111,1_0112,1,0,0,node_project_conflict
1_0111,1_0162,1,0,0,node_project_conflict
1_0111,1_0163,1,0,0,node_project_conflict
1_0112,1_0161,1,0,0,node_project_conflict
1_0112,1_0162,1,0,0,node_project_conflict
1_0112,1_0163,1,0,0,node_project_conflict
1_0161,1_0162,1,0,0,node_project_conflict
20_0101,20_0102,1,0,0,node_project_conflict
20_0101,20_0106,1,0,0,node_project_conflict
20_0101,20_0107,1,0,0,node_project_conflict
20_0101,20_0108,1,0,0,node_project_conflict
20_0101,20_0109,1,0,0,node_project_conflict
20_0101,20_0110,1,0,0,node_project_conflict
20_0101,20_0112,1,0,0,node_project_conflict
20_0101,20_0159,1,0,0,node_project_conflict
20_0101,20_0162,1,0,0,node_project_conflict
20_0101,20_0163,1,0,0,node_project_conflict
20_0101,20_0164,1,0,0,node_project_conflict
20_0101,20_0901,1,0,0,node_project_conflict
20_0101,20_0902,1,0,0,node_project_conflict
20_0101,20_0903,1,0,0,node_project_conflict
20_0102,20_0106,1,0,0,node_project_conflict
20_0102,20_0107,1,0,0,node_project_conflict
20_0102,20_0108,1,0,0,node_project_conflict
20_0102,20_0109,1,0,0,node_project_conflict
20_0102,20_0110,1,0,0,node_project_conflict
20_0102,20_0112,1,0,0,node_project_conflict
20_0102,20_0159,1,0,0,node_project_conflict
20_0102,20_0162,1,0,0,node_project_conflict
20_0102,20_0163,1,0,0,node_project_conflict
20_0102,20_0164,1,0,0,node_project_conflict
20_0102,20_0901,1,0,0,node_project_conflict
20_0102,20_0902,1,0,0,node_project_conflict
20_0102,20_0903,1,0,0,node_project_conflict
20_0103,20_0104,1,0,0,node_project_conflict
20_0103,20_0105,1,0,0,node_project_conflict
20_0103,20_0107,1,0,0,node_project_conflict
20_0103,20_0108,1,0,0,node_project_conflict
20_0103,20_0109,1,0,0,node_project_conflict
20_0103,20_0110,1,0,0,node_project_conflict
20_0103,20_0111,1,0,0,node_project_conflict
20_0103,20_0112,1,0,0,node_project_conflict
20_0103,20_0160,1,0,0,node_project_conflict
20_0103,20_0161,1,0,0,node_project_conflict
20_0104,20_0105,1,0,0,node_project_conflict
20_0104,20_0108,1,0,0,node_project_conflict
20_0104,20_0109,1,0,0,node_project_conflict
20_0104,20_0110,1,0,0,node_project_conflict
20_0104,20_0111,1,0,0,node_project_conflict
20_0104,20_0112,1,0,0,node_project_conflict
20_0104,20_0160,1,0,0,node_project_conflict
20_0104,20_0161,1,0,0,node_project_conflict
20_0105,20_0107,1,0,0,node_project_conflict
20_0105,20_0108,1,0,0,node_project_conflict
20_0105,20_0109,1,0,0,node_project_conflict
20_0105,20_0110,1,0,0,node_project_conflict
20_0105,20_0111,1,0,0,node_project_conflict
20_0105,20_0112,1,0,0,node_project_conflict
20_0105,20_0160,1,0,0,node_project_conflict
20_0105,20_0161,1,0,0,node_project_conflict
20_0106,20_0107,1,0,0,node_project_conflict
20_0106,20_0108,1,0,0,node_project_conflict
20_0106,20_0109,1,0,0,node_project_conflict
20_0106,20_0110,1,0,0,node_project_conflict
20_0106,20_0112,1,0,0,node_project_conflict
20_0106,20_0159,1,0,0,node_project_conflict
20_0107,20_0108,1,0,0,node_project_conflict
20_0107,20_0109,1,0,0,node_project_conflict
20_0107,20_0110,1,0,0,node_project_conflict
20_0107,20_0111,1,0,0,node_project_conflict
20_0107,20_0112,1,0,0,node_project_conflict
20_0107,20_0159,1,0,0,node_project_conflict
20_0108,20_0109,1,0,0,node_project_conflict
20_0108,20_0110,1,0,0,node_project_conflict
20_0108,20_0111,1,0,0,node_project_conflict
20_0108,20_0112,1,0,0,node_project_conflict
20_0108,20_0159,1,0,0,node_project_conflict
20_0109,20_0110,1,0,0,node_project_conflict
20_0109,20_0111,1,0,0,node_project_conflict
20_0109,20_0112,1,0,0,node_project_conflict
20_0109,20_0159,1,0,0,node_project_conflict
20_0109,20_0160,1,0,0,node_project_conflict
20_0109,20_0161,1,0,0,node_project_conflict
20_0110,20_0111,1,0,0,node_project_conflict
20_0110,20_0112,1,0,0,node_project_conflict
20_0110,20_0159,1,0,0,node_project_conflict
20_0110,20_0160,1,0,0,node_project_conflict
20_0110,20_0161,1,0,0,node_project_conflict
20_0111,20_0112,1,0,0,node_project_conflict
20_0111,20_0160,1,0,0,node_project_conflict
20_0111,20_0161,1,0,0,node_project_conflict
20_0112,20_0159,1,0,0,node_project_conflict
20_0112,20_0160,1,0,0,node_project_conflict
20_0112,20_0161,1,0,0,node_project_conflict
20_0159,20_0162,1,0,0,node_project_conflict
20_0159,20_0163,1,0,0,node_project_conflict
20_0159,20_0164,1,0,0,node_project_conflict
20_0159,20_0901,1,0,0,node_project_conflict
20_0159,20_0902,1,0,0,node_project_conflict
20_0159,20_0903,1,0,0,node_project_conflict
20_0160,20_0161,1,0,0,node_project_conflict
20_0162,20_0163,1,0,0,node_project_conflict
20_0162,20_0164,1,0,0,node_project_conflict
20_0162,20_0901,1,0,0,node_project_conflict
20_0162,20_0902,1,0,0,node_project_conflict
20_0162,20_0903,1,0,0,node_project_conflict
20_0163,20_0164,1,0,0,node_project_conflict
20_0163,20_0901,1,0,0,node_project_conflict
20_0163,20_0902,1,0,0,node_project_conflict
20_0163,20_0903,1,0,0,node_project_conflict
20_0164,20_0901,1,0,0,node_project_conflict
20_0164,20_0902,1,0,0,node_project_conflict
20_0164,20_0903,1,0,0,node_project_conflict
20_0201,20_0202,1,1,1,node_project_conflict
20_0201,20_0203,1,1,1,node_project_conflict
20_0201,20_0204,1,1,1,node_project_conflict
20_0201,20_0205,1,1,1,node_project_conflict
20_0201,20_0206,1,1,1,node_project_conflict
20_0201,20_0207,1,1,1,node_project_conflict
20_0201,20_0208,1,1,1,node_project_conflict
20_0201,20_0212,1,1,1,node_project_conflict
20_0202,20_0203,1,1,1,node_project_conflict
20_0202,20_0204,1,1,1,node_project_conflict
20_0202,20_0205,1,1,1,node_project_conflict
20_0202,20_0206,1,1,1,node_project_conflict
20_0202,20_0207,1,1,1,node_project_conflict
20_0202,20_0208,1,1,1,node_project_conflict
20_0202,20_0212,1,1,1,node_project_conflict
20_0203,20_0204,1,1,1,node_project_conflict
20_0203,20_0205,1,1,1,node_project_conflict
20_0203,20_0206,1,1,1,node_project_conflict
20_0203,20_0207,1,1,1,node_project_conflict
20_0203,20_0208,1,1,1,node_project_conflict
20_0203,20_0212,1,1,1,node_project_conflict
20_0204,20_0205,1,1,1,node_project_conflict
20_0204,20_0206,1,1,1,node_project_conflict
20_0204,20_0207,1,1,1,node_project_conflict
20_0204,20_0208,1,1,1,node_project_conflict
20_0204,20_0212,1,1,1,node_project_conflict
20_0205,20_0206,1,1,1,node_project_conflict
20_0205,20_0207,1,1,1,node_project_conflict
20_0205,20_0208,1,1,1,node_project_conflict
20_0205,20_0209,1,1,1,node_project_conflict
20_0205,20_0210,1,1,1,node_project_conflict
20_0205,20_0211,1,1,1,node_project_conflict
20_0205,20_0212,1,1,1,node_project_conflict
20_0205,20_0259,1,1,1,node_project_conflict
20_0206,20_0207,1,1,1,node_project_conflict
20_0206,20_0208,1,1,1,node_project_conflict
20_0206,20_0209,1,1,1,node_project_conflict
20_0206,20_0210,1,1,1,node_project_conflict
20_0206,20_0211,1,1,1,node_project_conflict
20_0206,20_0212,1,1,1,node_project_conflict
20_0206,20_0259,1,1,1,node_project_conflict
20_0207,20_0208,1,1,1,node_project_conflict
20_0207,20_0209,1,1,1,node_project_conflict
20_0207,20_0210,1,1,1,node_project_conflict
20_0207,20_0211,1,1,1,node_project_conflict
20_0207,20_0212,1,1,1,node_project_conflict
20_0207,20_0259,1,1,1,node_project_conflict
20_0208,20_0209,1,1,1,node_project_conflict
20_0208,20_0210,1,1,1,node_project_conflict
20_0208,20_0211,1,1,1,node_project_conflict
20_0208,20_0212,1,1,1,node_project_conflict
20_0208,20_0259,1,1,1,node_project_conflict
20_0209,20_0210,1,1,1,node_project_conflict
20_0209,20_0211,1,1,1,node_project_conflict
20_0209,20_0212,1,1,1,node_project_conflict
20_0209,20_0259,1,1,1,node_project_conflict
20_0210,20_0211,1,1,1,node_project_conflict
20_0210,20_0212,1,1,1,node_project_conflict
20_0210,20_0259,1,1,1,node_project_conflict
20_0211,20_0212,1,1,1,node_project_conflict
20_0211,20_0259,1,1,1,node_project_conflict
20_0212,20_0259,1,1,1,node_project_conflict
20_0901,20_0902,1,1,1,node_project_conflict
20_0901,20_0903,1,1,1,node_project_conflict
20_0902,20_0903,1,1,1,node_project_conflict
22_0113,22_0114,1,0,0,node_project_conflict
22_0113,22_0115,1,0,0,node_project_conflict
22_0113,22_0116,1,0,0,node_project_conflict
22_0113,22_0117,1,0,0,node_project_conflict
22_0113,22_0118,1,0,0,node_project_conflict
22_0113,22_0122,1,0,0,node_project_conflict
22_0113,22_0123,1,0,0,node_project_conflict
22_0113,22_0124,1,0,0,node_project_conflict
22_0114,22_0115,1,0,0,node_project_conflict
22_0114,22_0116,1,0,0,node_project_conflict
22_0114,22_0117,1,0,0,node_project_conflict
22_0114,22_0118,1,0,0,node_project_conflict
22_0114,22_0122,1,0,0,node_project_conflict
22_0114,22_0123,1,0,0,node_project_conflict
22_0114,22_0124,1,0,0,node_project_conflict
22_0115,22_0116,1,0,0,node_project_conflict
22_0115,22_0117,1,0,0,node_project_conflict
22_0115,22_0118,1,0,0,node_project_conflict
22_0115,22_0119,1,0,0,node_project_conflict
22_0115,22_0120,1,0,0,node_project_conflict
22_0115,22_0121,1,0,0,node_project_conflict
22_0115,22_0122,1,0,0,node_project_conflict
22_0115,22_0123,1,0,0,node_project_conflict
22_0115,22_0124,1,0,0,node_project_conflict
22_0116,22_0117,1,0,0,node_project_conflict
22_0116,22_0118,1,0,0,node_project_conflict
22_0116,22_0119,1,0,0,node_project_conflict
22_0116,22_0120,1,0,0,node_project_conflict
22_0116,22_0121,1,0,0,node_project_conflict
22_0116,22_0122,1,0,0,node_project_conflict
22_0116,22_0123,1,0,0,node_project_conflict
22_0116,22_0124,1,0,0,node_project_conflict
22_0117,22_0118,1,0,0,node_project_conflict
22_0117,22_0122,1,0,0,node_project_conflict
22_0117,22_0123,1,0,0,node_project_conflict
22_0117,22_0124,1,0,0,node_project_conflict
22_0118,22_0119,1,0,0,node_project_conflict
22_0118,22_0120,1,0,0,node_project_conflict
22_0118,22_0121,1,0,0,node_project_conflict
22_0118,22_0122,1,0,0,node_project_conflict
22_0118,22_0123,1,0,0,node_project_conflict
22_0118,22_0124,1,0,0,node_project_conflict
22_0119,22_0120,1,0,0,node_project_conflict
22_0119,22_0121,1,0,0,node_project_conflict
22_0119,22_0122,1,0,0,node_project_conflict
22_0119,22_0123,1,0,0,node_project_conflict
22_0119,22_0124,1,0,0,node_project_conflict
22_0120,22_0121,1,0,0,node_project_conflict
22_0120,22_0122,1,0,0,node_project_conflict
22_0120,22_0123,1,0,0,node_project_conflict
22_0120,22_0124,1,0,0,node_project_conflict
22_0121,22_0122,1,0,0,node_project_conflict
22_0121,22_0123,1,0,0,node_project_conflict
22_0121,22_0124,1,0,0,node_project_conflict
22_0122,22_0123,1,0,0,node_project_conflict
22_0122,22_0124,1,0,0,node_project_conflict
22_0123,22_0124,1,0,0,node_project_conflict
26_0113,26_0114,1,92,92,node_project_conflict
26_0113,26_0115,1,92,92,node_project_conflict
26_0113,26_0116,1,92,92,node_project_conflict
26_0113,26_0117,1,92,92,node_project_conflict
26_0113,26_0118,1,92,92,node_project_conflict
26_0113,26_0119,1,92,92,node_project_conflict
26_0113,26_0120,1,92,92,node_project_conflict
26_0113,26_0121,1,92,92,node_project_conflict
26_0113,26_0122,1,92,92,node_project_conflict
26_0113,26_0123,1,92,92,node_project_conflict
26_0113,26_0124,1,92,92,node_project_conflict
26_0113,26_0159,1,92,92,node_project_conflict
26_0114,26_0115,1,92,92,node_project_conflict
26_0114,26_0116,1,92,92,node_project_conflict
26_0114,26_0117,1,92,92,node_project_conflict
26_0114,26_0118,1,92,92,node_project_conflict
26_0114,26_0119,1,92,92,node_project_conflict
26_0114,26_0120,1,92,92,node_project_conflict
26_0114,26_0121,1,92,92,node_project_conflict
26_0114,26_0122,1,92,92,node_project_conflict
26_0114,26_0123,1,92,92,node_project_conflict
26_0114,26_0124,1,92,92,node_project_conflict
26_0114,26_0159,1,92,92,node_project_conflict
26_0115,26_0117,1,92,92,node_project_conflict
26_0115,26_0119,1,92,92,node_project_conflict
26_0115,26_0122,1,92,92,node_project_conflict
26_0115,26_0123,1,92,92,node_project_conflict
26_0115,26_0124,1,92,92,node_project_conflict
26_0115,26_0159,1,92,92,node_project_conflict
26_0116,26_0118,1,92,92,node_project_conflict
26_0116,26_0120,1,92,92,node_project_conflict
26_0116,26_0121,1,92,92,node_project_conflict
26_0116,26_0122,1,92,92,node_project_conflict
26_0116,26_0123,1,92,92,node_project_conflict
26_0116,26_0124,1,92,92,node_project_conflict
26_0117,26_0119,1,92,92,node_project_conflict
26_0117,26_0122,1,92,92,node_project_conflict
26_0117,26_0123,1,92,92,node_project_conflict
26_0117,26_0124,1,92,92,node_project_conflict
26_0117,26_0159,1,92,92,node_project_conflict
26_0118,26_0120,1,92,92,node_project_conflict
26_0118,26_0121,1,92,92,node_project_conflict
26_0118,26_0122,1,92,92,node_project_conflict
26_0118,26_0123,1,92,92,node_project_conflict
26_0118,26_0124,1,92,92,node_project_conflict
26_0119,26_0122,1,92,92,node_project_conflict
26_0119,26_0123,1,92,92,node_project_conflict
26_0119,26_0124,1,92,92,node_project_conflict
26_0119,26_0159,1,92,92,node_project_conflict
26_0120,26_0121,1,92,92,node_project_conflict
26_0120,26_0122,1,92,92,node_project_conflict
26_0120,26_0123,1,92,92,node_project_conflict
26_0120,26_0124,1,92,92,node_project_conflict
26_0121,26_0122,1,92,92,node_project_conflict
26_0121,26_0123,1,92,92,node_project_conflict
26_0121,26_0124,1,92,92,node_project_conflict
26_0122,26_0123,1,92,92,node_project_conflict
26_0122,26_0124,1,92,92,node_project_conflict
26_0122,26_0159,1,92,92,node_project_conflict
26_0123,26_0124,1,92,92,node_project_conflict
26_0123,26_0159,1,92,92,node_project_conflict
26_0124,26_0159,1,92,92,node_project_conflict
26_0213,26_0215,1,0,0,node_project_conflict
26_0213,26_0216,1,0,0,node_project_conflict
26_0213,26_0217,1,0,0,node_project_conflict
26_0213,26_0220,1,0,0,node_project_conflict
26_0213,26_0221,1,0,0,node_project_conflict
26_0213,26_0222,1,0,0,node_project_conflict
26_0213,26_0223,1,0,0,node_project_conflict
26_0213,26_0224,1,0,0,node_project_conflict
26_0214,26_0215,1,0,0,node_project_conflict
26_0214,26_0216,1,0,0,node_project_conflict
26_0214,26_0218,1,0,0,node_project_conflict
26_0214,26_0219,1,0,0,node_project_conflict
26_0214,26_0220,1,0,0,node_project_conflict
26_0214,26_0222,1,0,0,node_project_conflict
26_0214,26_0223,1,0,0,node_project_conflict
26_0214,26_0259,1,0,0,node_project_conflict
26_0215,26_0216,1,0,0,node_project_conflict
26_0215,26_0217,1,0,0,node_project_conflict
26_0215,26_0218,1,0,0,node_project_conflict
26_0215,26_0219,1,0,0,node_project_conflict
26_0215,26_0220,1,0,0,node_project_conflict
26_0215,26_0221,1,0,0,node_project_conflict
26_0215,26_0222,1,0,0,node_project_conflict
26_0215,26_0223,1,0,0,node_project_conflict
26_0215,26_0224,1,0,0,node_project_conflict
26_0215,26_0259,1,0,0,node_project_conflict
26_0216,26_0217,1,0,0,node_project_conflict
26_0216,26_0218,1,0,0,node_project_conflict
26_0216,26_0219,1,0,0,node_project_conflict
26_0216,26_0220,1,0,0,node_project_conflict
26_0216,26_0221,1,0,0,node_project_conflict
26_0216,26_0222,1,0,0,node_project_conflict
26_0216,26_0223,1,0,0,node_project_conflict
26_0216,26_0224,1,0,0,node_project_conflict
26_0216,26_0259,1,0,0,node_project_conflict
26_0217,26_0220,1,0,0,node_project_conflict
26_0217,26_0221,1,0,0,node_project_conflict
26_0217,26_0222,1,0,0,node_project_conflict
26_0217,26_0223,1,0,0,node_project_conflict
26_0217,26_0224,1,0,0,node_project_conflict
26_0218,26_0219,1,0,0,node_project_conflict
26_0218,26_0220,1,0,0,node_project_conflict
26_0218,26_0222,1,0,0,node_project_conflict
26_0218,26_0223,1,0,0,node_project_conflict
26_0218,26_0259,1,0,0,node_project_conflict
26_0219,26_0220,1,0,0,node_project_conflict
26_0219,26_0222,1,0,0,node_project_conflict
26_0219,26_0223,1,0,0,node_project_conflict
26_0219,26_0259,1,0,0,node_project_conflict
26_0220,26_0221,1,0,0,node_project_conflict
26_0220,26_0222,1,0,0,node_project_conflict
26_0220,26_0223,1,0,0,node_project_conflict
26_0220,26_0224,1,0,0,node_project_conflict
26_0220,26_0259,1,0,0,node_project_conflict
26_0221,26_0222,1,0,0,node_project_conflict
26_0221,26_0223,1,0,0,node_project_conflict
26_0221,26_0224,1,0,0,node_project_conflict
26_0222,26_0223,1,0,0,node_project_conflict
26_0222,26_0224,1,0,0,node_project_conflict
26_0222,26_0259,1,0,0,node_project_conflict
26_0223,26_0224,1,0,0,node_project_conflict
26_0223,26_0259,1,0,0,node_project_conflict
27_1003,27_1004,1,395,395,node_project_conflict
27_1003,27_1017,1,395,395,node_project_conflict
27_1003,27_2018,1,395,395,node_project_conflict
27_1003,27_3005,1,395,395,node_project_conflict
27_1003,27_3007,1,395,395,node_project_conflict
27_1003,27_3009,1,395,395,node_project_conflict
27_1003,27_3010,1,395,395,node_project_conflict
27_1003,27_3012,1,395,395,node_project_conflict
27_1004,27_1017,1,395,395,node_project_conflict
27_1004,27_2018,1,395,395,node_project_conflict
27_1004,27_3005,1,395,395,node_project_conflict
27_1004,27_3007,1,395,395,node_project_conflict
27_1004,27_3009,1,395,395,node_project_conflict
27_1004,27_3010,1,395,395,node_project_conflict
27_1004,27_3012,1,395,395,node_project_conflict
27_1017,27_1020,1,395,395,node_project_conflict
27_1017,27_2018,1,395,395,node_project_conflict
27_1017,27_2023,1,395,395,node_project_conflict
27_1017,27_3005,1,395,395,node_project_conflict
27_1017,27_3007,1,395,395,node_project_conflict
27_1017,27_3009,1,395,395,node_project_conflict
27_1017,27_3010,1,395,395,node_project_conflict
27_1017,27_3012,1,395,395,node_project_conflict
27_1020,27_2018,1,395,395,node_project_conflict
27_1020,27_2023,1,395,395,node_project_conflict
27_1020,27_3005,1,395,395,node_project_conflict
27_1020,27_3007,1,395,395,node_project_conflict
27_1020,27_3009,1,395,395,node_project_conflict
27_1020,27_3010,1,395,395,node_project_conflict
27_1020,27_3012,1,395,395,node_project_conflict
27_2018,27_2023,1,395,395,node_project_conflict
27_2018,27_3005,1,395,395,node_project_conflict
27_2018,27_3007,1,395,395,node_project_conflict
27_2018,27_3009,1,395,395,node_project_conflict
27_2018,27_3010,1,395,395,node_project_conflict
27_2018,27_3012,1,395,395,node_project_conflict
27_2023,27_3005,1,395,395,node_project_conflict
27_2023,27_3007,1,395,395,node_project_conflict
27_2023,27_3009,1,395,395,node_project_conflict
27_2023,27_3010,1,395,395,node_project_conflict
27_2023,27_3012,1,395,395,node_project_conflict
27_3005,27_3007,1,395,395,node_project_conflict
27_3005,27_3009,1,395,395,node_project_conflict
27_3005,27_3010,1,395,395,node_project_conflict
27_3005,27_3012,1,395,395,node_project_conflict
27_3007,27_3009,1,395,395,node_project_conflict
27_3007,27_3010,1,395,395,node_project_conflict
27_3007,27_3012,1,395,395,node_project_conflict
27_3009,27_3010,1,395,395,node_project_conflict
27_3009,27_3012,1,395,395,node_project_conflict
27_3010,27_3012,1,395,395,node_project_conflict
28_0805,28_0806,1,31,31,node_project_conflict
29_0801,29_0802,1,0,0,node_project_conflict
29_0801,29_0807,1,0,0,node_project_conflict
29_0801,29_0808,1,0,0,node_project_conflict
29_0802,29_0807,1,0,0,node_project_conflict
29_0802,29_0808,1,0,0,node_project_conflict
29_0807,29_0808,1,0,0,node_project_conflict
29_A801,29_A802,1,0,0,node_project_conflict
29_A801,29_A807,1,0,0,node_project_conflict
29_A801,29_A808,1,0,0,node_project_conflict
29_A802,29_A807,1,0,0,node_project_conflict
29_A802,29_A808,1,0,0,node_project_conflict
29_A807,29_A808,1,0,0,node_project_conflict
29_AA01,29_AA02,1,0,0,node_project_conflict
29_AA01,29_AA03,1,0,0,node_project_conflict
29_AA01,29_AA61,1,0,0,node_project_conflict
29_AA01,29_AA62,1,0,0,node_project_conflict
29_AA01,29_AA63,1,0,0,node_project_conflict
29_AA01,29_AA64,1,0,0,node_project_conflict
29_AA01,29_AA65,1,0,0,node_project_conflict
29_AA02,29_AA03,1,0,0,node_project_conflict
29_AA02,29_AA61,1,0,0,node_project_conflict
29_AA02,29_AA62,1,0,0,node_project_conflict
29_AA02,29_AA63,1,0,0,node_project_conflict
29_AA02,29_AA64,1,0,0,node_project_conflict
29_AA02,29_AA65,1,0,0,node_project_conflict
29_AA02,29_AA67,1,0,0,node_project_conflict
29_AA03,29_AA61,1,0,0,node_project_conflict
29_AA03,29_AA62,1,0,0,node_project_conflict
29_AA03,29_AA63,1,0,0,node_project_conflict
29_AA03,29_AA64,1,0,0,node_project_conflict
29_AA03,29_AA65,1,0,0,node_project_conflict
29_AA61,29_AA62,1,0,0,node_project_conflict
29_AA61,29_AA63,1,0,0,node_project_conflict
29_AA61,29_AA64,1,0,0,node_project_conflict
29_AA61,29_AA65,1,0,0,node_project_conflict
29_AA62,29_AA63,1,0,0,node_project_conflict
29_AA62,29_AA64,1,0,0,node_project_conflict
29_AA62,29_AA65,1,0,0,node_project_conflict
29_AA63,29_AA64,1,0,0,node_project_conflict
29_AA63,29_AA65,1,0,0,node_project_conflict
29_AA64,29_AA65,1,0,0,node_project_conflict
29_AA64,29_AA66,1,0,0,node_project_conflict
29_AA65,29_AA66,1,0,0,node_project_conflict
29_AA65,29_AA67,1,0,0,node_project_conflict
29_AA66,29_AA67,1,0,0,node_project_conflict
30_0113,30_0114,1,0,0,node_project_conflict
30_0113,30_0115,1,0,0,node_project_conflict
30_0113,30_0116,1,0,0,node_project_conflict
30_0113,30_0117,1,0,0,node_project_conflict
30_0113,30_0118,1,0,0,node_project_conflict
30_0113,30_0119,1,0,0,node_project_conflict
30_0113,30_0123,1,0,0,node_project_conflict
30_0113,30_0124,1,0,0,node_project_conflict
30_0114,30_0115,1,0,0,node_project_conflict
30_0114,30_0116,1,0,0,node_project_conflict
30_0114,30_0117,1,0,0,node_project_conflict
30_0114,30_0118,1,0,0,node_project_conflict
30_0114,30_0119,1,0,0,node_project_conflict
30_0114,30_0120,1,0,0,node_project_conflict
30_0114,30_0122,1,0,0,node_project_conflict
30_0114,30_0123,1,0,0,node_project_conflict
30_0114,30_0124,1,0,0,node_project_conflict
30_0115,30_0116,1,0,0,node_project_conflict
30_0115,30_0117,1,0,0,node_project_conflict
30_0115,30_0118,1,0,0,node_project_conflict
30_0115,30_0119,1,0,0,node_project_conflict
30_0115,30_0123,1,0,0,node_project_conflict
30_0115,30_0124,1,0,0,node_project_conflict
30_0116,30_0117,1,0,0,node_project_conflict
30_0116,30_0118,1,0,0,node_project_conflict
30_0116,30_0119,1,0,0,node_project_conflict
30_0116,30_0123,1,0,0,node_project_conflict
30_0116,30_0124,1,0,0,node_project_conflict
30_0117,30_0118,1,0,0,node_project_conflict
30_0117,30_0119,1,0,0,node_project_conflict
30_0117,30_0123,1,0,0,node_project_conflict
30_0117,30_0124,1,0,0,node_project_conflict
30_0118,30_0119,1,0,0,node_project_conflict
30_0118,30_0123,1,0,0,node_project_conflict
30_0118,30_0124,1,0,0,node_project_conflict
30_0119,30_0120,1,0,0,node_project_conflict
30_0119,30_0121,1,0,0,node_project_conflict
30_0119,30_0122,1,0,0,node_project_conflict
30_0119,30_0123,1,0,0,node_project_conflict
30_0119,30_0124,1,0,0,node_project_conflict
30_0119,30_0901,1,0,0,node_project_conflict
30_0119,30_0902,1,0,0,node_project_conflict
30_0119,30_0903,1,0,0,node_project_conflict
30_0120,30_0121,1,0,0,node_project_conflict
30_0120,30_0122,1,0,0,node_project_conflict
30_0120,30_0123,1,0,0,node_project_conflict
30_0120,30_0124,1,0,0,node_project_conflict
30_0120,30_0901,1,0,0,node_project_conflict
30_0120,30_0902,1,0,0,node_project_conflict
30_0120,30_0903,1,0,0,node_project_conflict
30_0121,30_0122,1,0,0,node_project_conflict
30_0121,30_0123,1,0,0,node_project_conflict
30_0121,30_0124,1,0,0,node_project_conflict
30_0121,30_0901,1,0,0,node_project_conflict
30_0121,30_0902,1,0,0,node_project_conflict
30_0121,30_0903,1,0,0,node_project_conflict
30_0122,30_0123,1,0,0,node_project_conflict
30_0122,30_0124,1,0,0,node_project_conflict
30_0122,30_0901,1,0,0,node_project_conflict
30_0122,30_0902,1,0,0,node_project_conflict
30_0122,30_0903,1,0,0,node_project_conflict
30_0123,30_0124,1,0,0,node_project_conflict
30_0123,30_0901,1,0,0,node_project_conflict
30_0123,30_0902,1,0,0,node_project_conflict
30_0123,30_0903,1,0,0,node_project_conflict
30_0124,30_0901,1,0,0,node_project_conflict
30_0124,30_0902,1,0,0,node_project_conflict
30_0124,30_0903,1,0,0,node_project_conflict
30_0805,30_0806,1,0,0,node_project_conflict
30_0901,30_0902,1,0,0,node_project_conflict
30_0901,30_0903,1,0,0,node_project_conflict
30_0902,30_0903,1,0,0,node_project_conflict
31_0113,31_0115,1,31,31,node_project_conflict
31_0113,31_0116,1,31,31,node_project_conflict
31_0113,31_0118,1,31,31,node_project_conflict
31_0113,31_0120,1,31,31,node_project_conflict
31_0113,31_0121,1,31,31,node_project_conflict
31_0113,31_0122,1,31,31,node_project_conflict
31_0113,31_0902,1,1,1,node_project_conflict
31_0113,31_0903,1,1,1,node_project_conflict
31_0113,31_0904,1,1,1,node_project_conflict
31_0114,31_0115,1,31,31,node_project_conflict
31_0114,31_0117,1,31,31,node_project_conflict
31_0114,31_0118,1,31,31,node_project_conflict
31_0114,31_0119,1,31,31,node_project_conflict
31_0114,31_0120,1,31,31,node_project_conflict
31_0114,31_0121,1,31,31,node_project_conflict
31_0114,31_0123,1,31,31,node_project_conflict
31_0114,31_0124,1,31,31,node_project_conflict
31_0115,31_0116,1,31,31,node_project_conflict
31_0115,31_0117,1,31,31,node_project_conflict
31_0115,31_0118,1,31,31,node_project_conflict
31_0115,31_0119,1,31,31,node_project_conflict
31_0115,31_0120,1,31,31,node_project_conflict
31_0115,31_0121,1,31,31,node_project_conflict
31_0115,31_0122,1,31,31,node_project_conflict
31_0115,31_0123,1,31,31,node_project_conflict
31_0115,31_0124,1,31,31,node_project_conflict
31_0116,31_0117,1,31,31,node_project_conflict
31_0116,31_0118,1,31,31,node_project_conflict
31_0116,31_0119,1,31,31,node_project_conflict
31_0116,31_0120,1,31,31,node_project_conflict
31_0116,31_0121,1,31,31,node_project_conflict
31_0116,31_0122,1,31,31,node_project_conflict
31_0116,31_0902,1,1,1,node_project_conflict
31_0116,31_0903,1,1,1,node_project_conflict
31_0116,31_0904,1,1,1,node_project_conflict
31_0117,31_0118,1,31,31,node_project_conflict
31_0117,31_0119,1,31,31,node_project_conflict
31_0117,31_0120,1,31,31,node_project_conflict
31_0117,31_0121,1,31,31,node_project_conflict
31_0117,31_0122,1,31,31,node_project_conflict
31_0117,31_0123,1,31,31,node_project_conflict
31_0117,31_0124,1,31,31,node_project_conflict
31_0118,31_0119,1,31,31,node_project_conflict
31_0118,31_0120,1,31,31,node_project_conflict
31_0118,31_0121,1,31,31,node_project_conflict
31_0118,31_0122,1,31,31,node_project_conflict
31_0118,31_0123,1,31,31,node_project_conflict
31_0118,31_0124,1,31,31,node_project_conflict
31_0118,31_0902,1,1,1,node_project_conflict
31_0118,31_0903,1,1,1,node_project_conflict
31_0118,31_0904,1,1,1,node_project_conflict
31_0119,31_0120,1,31,31,node_project_conflict
31_0119,31_0121,1,31,31,node_project_conflict
31_0119,31_0123,1,31,31,node_project_conflict
31_0119,31_0124,1,31,31,node_project_conflict
31_0120,31_0121,1,31,31,node_project_conflict
31_0120,31_0122,1,31,31,node_project_conflict
31_0120,31_0123,1,31,31,node_project_conflict
31_0120,31_0124,1,31,31,node_project_conflict
31_0120,31_0902,1,1,1,node_project_conflict
31_0120,31_0903,1,1,1,node_project_conflict
31_0120,31_0904,1,1,1,node_project_conflict
31_0121,31_0122,1,31,31,node_project_conflict
31_0121,31_0123,1,31,31,node_project_conflict
31_0121,31_0124,1,31,31,node_project_conflict
31_0121,31_0902,1,1,1,node_project_conflict
31_0121,31_0903,1,1,1,node_project_conflict
31_0121,31_0904,1,1,1,node_project_conflict
31_0122,31_0902,1,1,1,node_project_conflict
31_0122,31_0903,1,1,1,node_project_conflict
31_0122,31_0904,1,1,1,node_project_conflict
31_0123,31_0124,1,31,31,node_project_conflict
31_0902,31_0903,1,1,1,node_project_conflict
31_0902,31_0904,1,1,1,node_project_conflict
31_0903,31_0904,1,1,1,node_project_conflict
32_0101,32_0104,1,31,31,node_project_conflict
32_0101,32_0106,1,31,31,node_project_conflict
32_0101,32_0108,1,31,31,node_project_conflict
32_0101,32_0109,1,31,31,node_project_conflict
32_0101,32_0110,1,31,31,node_project_conflict
32_0101,32_0202,1,31,31,node_project_conflict
32_0101,32_0206,1,31,31,node_project_conflict
32_0101,32_0210,1,31,31,node_project_conflict
32_0102,32_0103,1,31,31,node_project_conflict
32_0102,32_0105,1,31,31,node_project_conflict
32_0102,32_0107,1,31,31,node_project_conflict
32_0102,32_0108,1,31,31,node_project_conflict
32_0102,32_0109,1,31,31,node_project_conflict
32_0102,32_0110,1,31,31,node_project_conflict
32_0102,32_0111,1,31,31,node_project_conflict
32_0102,32_0112,1,31,31,node_project_conflict
32_0103,32_0105,1,31,31,node_project_conflict
32_0103,32_0107,1,31,31,node_project_conflict
32_0103,32_0108,1,31,31,node_project_conflict
32_0103,32_0109,1,31,31,node_project_conflict
32_0103,32_0110,1,31,31,node_project_conflict
32_0103,32_0111,1,31,31,node_project_conflict
32_0103,32_0112,1,31,31,node_project_conflict
32_0104,32_0106,1,31,31,node_project_conflict
32_0104,32_0107,1,31,31,node_project_conflict
32_0104,32_0108,1,31,31,node_project_conflict
32_0104,32_0109,1,31,31,node_project_conflict
32_0104,32_0110,1,31,31,node_project_conflict
32_0104,32_0202,1,31,31,node_project_conflict
32_0104,32_0206,1,31,31,node_project_conflict
32_0104,32_0210,1,31,31,node_project_conflict
32_0105,32_0107,1,31,31,node_project_conflict
32_0105,32_0108,1,31,31,node_project_conflict
32_0105,32_0109,1,31,31,node_project_conflict
32_0105,32_0110,1,31,31,node_project_conflict
32_0105,32_0111,1,31,31,node_project_conflict
32_0105,32_0112,1,31,31,node_project_conflict
32_0106,32_0107,1,31,31,node_project_conflict
32_0106,32_0108,1,31,31,node_project_conflict
32_0106,32_0109,1,31,31,node_project_conflict
32_0106,32_0110,1,31,31,node_project_conflict
32_0106,32_0112,1,31,31,node_project_conflict
32_0106,32_0202,1,31,31,node_project_conflict
32_0106,32_0206,1,31,31,node_project_conflict
32_0107,32_0108,1,31,31,node_project_conflict
32_0107,32_0109,1,31,31,node_project_conflict
32_0107,32_0110,1,31,31,node_project_conflict
32_0107,32_0111,1,31,31,node_project_conflict
32_0107,32_0112,1,31,31,node_project_conflict
32_0108,32_0109,1,31,31,node_project_conflict
32_0108,32_0110,1,31,31,node_project_conflict
32_0108,32_0111,1,31,31,node_project_conflict
32_0108,32_0112,1,31,31,node_project_conflict
32_0108,32_0206,1,31,31,node_project_conflict
32_0109,32_0110,1,31,31,node_project_conflict
32_0109,32_0111,1,31,31,node_project_conflict
32_0109,32_0112,1,31,31,node_project_conflict
32_0109,32_0206,1,31,31,node_project_conflict
32_0110,32_0111,1,31,31,node_project_conflict
32_0110,32_0112,1,31,31,node_project_conflict
32_0110,32_0206,1,31,31,node_project_conflict
32_0111,32_0112,1,31,31,node_project_conflict
32_0201,32_0203,1,31,31,node_project_conflict
32_0201,32_0204,1,31,31,node_project_conflict
32_0201,32_0205,1,31,31,node_project_conflict
32_0201,32_0207,1,31,31,node_project_conflict
32_0201,32_0208,1,31,31,node_project_conflict
32_0201,32_0209,1,31,31,node_project_conflict
32_0201,32_0211,1,31,31,node_project_conflict
32_0201,32_0259,1,31,31,node_project_conflict
32_0202,32_0204,1,31,31,node_project_conflict
32_0202,32_0206,1,31,31,node_project_conflict
32_0202,32_0207,1,31,31,node_project_conflict
32_0202,32_0208,1,31,31,node_project_conflict
32_0202,32_0210,1,31,31,node_project_conflict
32_0203,32_0204,1,31,31,node_project_conflict
32_0203,32_0205,1,31,31,node_project_conflict
32_0203,32_0207,1,31,31,node_project_conflict
32_0203,32_0208,1,31,31,node_project_conflict
32_0203,32_0209,1,31,31,node_project_conflict
32_0203,32_0210,1,31,31,node_project_conflict
32_0203,32_0211,1,31,31,node_project_conflict
32_0203,32_0259,1,31,31,node_project_conflict
32_0204,32_0205,1,31,31,node_project_conflict
32_0204,32_0207,1,31,31,node_project_conflict
32_0204,32_0208,1,31,31,node_project_conflict
32_0204,32_0209,1,31,31,node_project_conflict
32_0204,32_0210,1,31,31,node_project_conflict
32_0204,32_0211,1,31,31,node_project_conflict
32_0204,32_0259,1,31,31,node_project_conflict
32_0205,32_0207,1,31,31,node_project_conflict
32_0205,32_0208,1,31,31,node_project_conflict
32_0205,32_0209,1,31,31,node_project_conflict
32_0205,32_0211,1,31,31,node_project_conflict
32_0205,32_0259,1,31,31,node_project_conflict
32_0206,32_0210,1,31,31,node_project_conflict
32_0207,32_0208,1,31,31,node_project_conflict
32_0207,32_0209,1,31,31,node_project_conflict
32_0207,32_0210,1,31,31,node_project_conflict
32_0207,32_0211,1,31,31,node_project_conflict
32_0207,32_0259,1,31,31,node_project_conflict
32_0208,32_0209,1,31,31,node_project_conflict
32_0208,32_0210,1,31,31,node_project_conflict
32_0208,32_0211,1,31,31,node_project_conflict
32_0208,32_0259,1,31,31,node_project_conflict
32_0209,32_0211,1,31,31,node_project_conflict
32_0209,32_0259,1,31,31,node_project_conflict
32_0211,32_0259,1,31,31,node_project_conflict
32_AA01,32_AA02,1,0,0,node_project_conflict
32_AA01,32_AA03,1,0,0,node_project_conflict
32_AA01,32_AA59,1,0,0,node_project_conflict
32_AA01,32_AA60,1,0,0,node_project_conflict
32_AA01,32_AA61,1,0,0,node_project_conflict
32_AA01,32_AA62,1,0,0,node_project_conflict
32_AA02,32_AA03,1,0,0,node_project_conflict
32_AA02,32_AA59,1,0,0,node_project_conflict
32_AA02,32_AA60,1,0,0,node_project_conflict
32_AA02,32_AA61,1,0,0,node_project_conflict
32_AA02,32_AA62,1,0,0,node_project_conflict
32_AA03,32_AA59,1,0,0,node_project_conflict
32_AA03,32_AA60,1,0,0,node_project_conflict
32_AA03,32_AA61,1,0,0,node_project_conflict
32_AA03,32_AA62,1,0,0,node_project_conflict
32_AA59,32_AA60,1,0,0,node_project_conflict
32_AA59,32_AA61,1,0,0,node_project_conflict
32_AA59,32_AA62,1,0,0,node_project_conflict
32_AA60,32_AA61,1,0,0,node_project_conflict
32_AA60,32_AA62,1,0,0,node_project_conflict
32_AA61,32_AA62,1,0,0,node_project_conflict
34_0801,34_0802,1,61,61,node_project_conflict
34_0801,34_0859,1,61,61,node_project_conflict
34_0801,34_0860,1,61,61,node_project_conflict
34_0802,34_0859,1,61,61,node_project_conflict
34_0802,34_0860,1,61,61,node_project_conflict
34_0859,34_0860,1,61,61,node_project_conflict
35_0101,35_0102,1,0,0,node_project_conflict
35_0101,35_0103,1,0,0,node_project_conflict
35_0101,35_0104,1,0,0,node_project_conflict
35_0101,35_0105,1,0,0,node_project_conflict
35_0101,35_0106,1,0,0,node_project_conflict
35_0101,35_0107,1,0,0,node_project_conflict
35_0101,35_0108,1,0,0,node_project_conflict
35_0101,35_0109,1,0,0,node_project_conflict
35_0102,35_0103,1,0,0,node_project_conflict
35_0102,35_0104,1,0,0,node_project_conflict
35_0102,35_0105,1,0,0,node_project_conflict
35_0102,35_0106,1,0,0,node_project_conflict
35_0102,35_0107,1,0,0,node_project_conflict
35_0102,35_0108,1,0,0,node_project_conflict
35_0102,35_0109,1,0,0,node_project_conflict
35_0103,35_0104,1,0,0,node_project_conflict
35_0103,35_0105,1,0,0,node_project_conflict
35_0103,35_0106,1,0,0,node_project_conflict
35_0103,35_0107,1,0,0,node_project_conflict
35_0103,35_0108,1,0,0,node_project_conflict
35_0103,35_0109,1,0,0,node_project_conflict
35_0104,35_0105,1,0,0,node_project_conflict
35_0104,35_0106,1,0,0,node_project_conflict
35_0104,35_0107,1,0,0,node_project_conflict
35_0104,35_0108,1,0,0,node_project_conflict
35_0104,35_0109,1,0,0,node_project_conflict
35_0104,35_0110,1,0,0,node_project_conflict
35_0104,35_0111,1,0,0,node_project_conflict
35_0104,35_0112,1,0,0,node_project_conflict
35_0105,35_0106,1,0,0,node_project_conflict
35_0105,35_0107,1,0,0,node_project_conflict
35_0105,35_0108,1,0,0,node_project_conflict
35_0105,35_0109,1,0,0,node_project_conflict
35_0105,35_0110,1,0,0,node_project_conflict
35_0105,35_0111,1,0,0,node_project_conflict
35_0105,35_0112,1,0,0,node_project_conflict
35_0106,35_0107,1,0,0,node_project_conflict
35_0106,35_0108,1,0,0,node_project_conflict
35_0106,35_0109,1,0,0,node_project_conflict
35_0106,35_0110,1,0,0,node_project_conflict
35_0106,35_0111,1,0,0,node_project_conflict
35_0106,35_0112,1,0,0,node_project_conflict
35_0107,35_0108,1,0,0,node_project_conflict
35_0107,35_0109,1,0,0,node_project_conflict
35_0107,35_0110,1,0,0,node_project_conflict
35_0107,35_0111,1,0,0,node_project_conflict
35_0107,35_0112,1,0,0,node_project_conflict
35_0108,35_0109,1,0,0,node_project_conflict
35_0108,35_0110,1,0,0,node_project_conflict
35_0108,35_0111,1,0,0,node_project_conflict
35_0108,35_0112,1,0,0,node_project_conflict
35_0109,35_0110,1,0,0,node_project_conflict
35_0109,35_0111,1,0,0,node_project_conflict
35_0109,35_0112,1,0,0,node_project_conflict
35_0110,35_0111,1,0,0,node_project_conflict
35_0110,35_0112,1,0,0,node_project_conflict
35_0111,35_0112,1,0,0,node_project_conflict
35_0801,35_0802,1,0,0,node_project_conflict
36_0801,36_0802,1,31,31,node_project_conflict
36_0801,36_0859,1,31,31,node_project_conflict
36_0802,36_0859,1,31,31,node_project_conflict
37_0201,37_0202,1,0,0,node_project_conflict
37_0201,37_0203,1,0,0,node_project_conflict
37_0201,37_0205,1,0,0,node_project_conflict
37_0201,37_0206,1,0,0,node_project_conflict
37_0201,37_0207,1,0,0,node_project_conflict
37_0201,37_0209,1,0,0,node_project_conflict
37_0201,37_0210,1,0,0,node_project_conflict
37_0201,37_0259,1,0,0,node_project_conflict
37_0202,37_0203,1,0,0,node_project_conflict
37_0202,37_0204,1,0,0,node_project_conflict
37_0202,37_0205,1,0,0,node_project_conflict
37_0202,37_0206,1,0,0,node_project_conflict
37_0202,37_0207,1,0,0,node_project_conflict
37_0202,37_0208,1,0,0,node_project_conflict
37_0202,37_0209,1,0,0,node_project_conflict
37_0202,37_0210,1,0,0,node_project_conflict
37_0202,37_0211,1,0,0,node_project_conflict
37_0202,37_0212,1,0,0,node_project_conflict
37_0202,37_0259,1,0,0,node_project_conflict
37_0202,37_0260,1,0,0,node_project_conflict
37_0203,37_0204,1,0,0,node_project_conflict
37_0203,37_0205,1,0,0,node_project_conflict
37_0203,37_0206,1,0,0,node_project_conflict
37_0203,37_0207,1,0,0,node_project_conflict
37_0203,37_0208,1,0,0,node_project_conflict
37_0203,37_0209,1,0,0,node_project_conflict
37_0203,37_0210,1,0,0,node_project_conflict
37_0203,37_0211,1,0,0,node_project_conflict
37_0203,37_0212,1,0,0,node_project_conflict
37_0203,37_0259,1,0,0,node_project_conflict
37_0203,37_0260,1,0,0,node_project_conflict
37_0204,37_0206,1,0,0,node_project_conflict
37_0204,37_0207,1,0,0,node_project_conflict
37_0204,37_0208,1,0,0,node_project_conflict
37_0204,37_0211,1,0,0,node_project_conflict
37_0204,37_0212,1,0,0,node_project_conflict
37_0204,37_0260,1,0,0,node_project_conflict
37_0205,37_0206,1,0,0,node_project_conflict
37_0205,37_0207,1,0,0,node_project_conflict
37_0205,37_0209,1,0,0,node_project_conflict
37_0205,37_0210,1,0,0,node_project_conflict
37_0205,37_0259,1,0,0,node_project_conflict
37_0206,37_0207,1,0,0,node_project_conflict
37_0206,37_0208,1,0,0,node_project_conflict
37_0206,37_0209,1,0,0,node_project_conflict
37_0206,37_0210,1,0,0,node_project_conflict
37_0206,37_0211,1,0,0,node_project_conflict
37_0206,37_0212,1,0,0,node_project_conflict
37_0206,37_0259,1,0,0,node_project_conflict
37_0206,37_0260,1,0,0,node_project_conflict
37_0207,37_0208,1,0,0,node_project_conflict
37_0207,37_0209,1,0,0,node_project_conflict
37_0207,37_0210,1,0,0,node_project_conflict
37_0207,37_0211,1,0,0,node_project_conflict
37_0207,37_0212,1,0,0,node_project_conflict
37_0207,37_0259,1,0,0,node_project_conflict
37_0207,37_0260,1,0,0,node_project_conflict
37_0208,37_0210,1,0,0,node_project_conflict
37_0208,37_0211,1,0,0,node_project_conflict
37_0208,37_0212,1,0,0,node_project_conflict
37_0208,37_0260,1,0,0,node_project_conflict
37_0209,37_0210,1,0,0,node_project_conflict
37_0209,37_0259,1,0,0,node_project_conflict
37_0210,37_0211,1,0,0,node_project_conflict
37_0210,37_0212,1,0,0,node_project_conflict
37_0210,37_0259,1,0,0,node_project_conflict
37_0210,37_0260,1,0,0,node_project_conflict
37_0211,37_0212,1,0,0,node_project_conflict
37_0211,37_0260,1,0,0,node_project_conflict
37_0212,37_0260,1,0,0,node_project_conflict
37_0801,37_0802,1,0,0,node_project_conflict
37_0801,37_0859,1,0,0,node_project_conflict
37_0802,37_0859,1,0,0,node_project_conflict
37_0901,37_0902,1,416,416,node_project_conflict
37_0901,37_0903,1,416,416,node_project_conflict
37_0902,37_0903,1,416,416,node_project_conflict
38_0213,38_0214,1,1,1,node_project_conflict
38_0213,38_0215,1,1,1,node_project_conflict
38_0213,38_0216,1,1,1,node_project_conflict
38_0213,38_0217,1,1,1,node_project_conflict
38_0213,38_0218,1,1,1,node_project_conflict
38_0213,38_0219,1,1,1,node_project_conflict
38_0213,38_0220,1,1,1,node_project_conflict
38_0213,38_0223,1,1,1,node_project_conflict
38_0213,38_0260,1,1,1,node_project_conflict
38_0213,38_0261,1,1,1,node_project_conflict
38_0213,38_0262,1,1,1,node_project_conflict
38_0214,38_0215,1,1,1,node_project_conflict
38_0214,38_0216,1,1,1,node_project_conflict
38_0214,38_0217,1,1,1,node_project_conflict
38_0214,38_0218,1,1,1,node_project_conflict
38_0214,38_0219,1,1,1,node_project_conflict
38_0214,38_0220,1,1,1,node_project_conflict
38_0214,38_0223,1,1,1,node_project_conflict
38_0214,38_0260,1,1,1,node_project_conflict
38_0214,38_0261,1,1,1,node_project_conflict
38_0214,38_0262,1,1,1,node_project_conflict
38_0215,38_0216,1,1,1,node_project_conflict
38_0215,38_0217,1,1,1,node_project_conflict
38_0215,38_0218,1,1,1,node_project_conflict
38_0215,38_0220,1,1,1,node_project_conflict
38_0215,38_0260,1,1,1,node_project_conflict
38_0215,38_0261,1,1,1,node_project_conflict
38_0216,38_0217,1,1,1,node_project_conflict
38_0216,38_0218,1,1,1,node_project_conflict
38_0216,38_0219,1,1,1,node_project_conflict
38_0216,38_0220,1,1,1,node_project_conflict
38_0216,38_0260,1,1,1,node_project_conflict
38_0216,38_0261,1,1,1,node_project_conflict
38_0216,38_0262,1,1,1,node_project_conflict
38_0217,38_0218,1,1,1,node_project_conflict
38_0217,38_0219,1,1,1,node_project_conflict
38_0217,38_0220,1,1,1,node_project_conflict
38_0217,38_0223,1,1,1,node_project_conflict
38_0217,38_0260,1,1,1,node_project_conflict
38_0217,38_0261,1,1,1,node_project_conflict
38_0217,38_0262,1,1,1,node_project_conflict
38_0218,38_0219,1,1,1,node_project_conflict
38_0218,38_0220,1,1,1,node_project_conflict
38_0218,38_0223,1,1,1,node_project_conflict
38_0218,38_0260,1,1,1,node_project_conflict
38_0218,38_0261,1,1,1,node_project_conflict
38_0218,38_0262,1,1,1,node_project_conflict
38_0219,38_0220,1,1,1,node_project_conflict
38_0219,38_0221,1,1,1,node_project_conflict
38_0219,38_0222,1,1,1,node_project_conflict
38_0219,38_0223,1,1,1,node_project_conflict
38_0219,38_0224,1,1,1,node_project_conflict
38_0219,38_0259,1,1,1,node_project_conflict
38_0219,38_0262,1,1,1,node_project_conflict
38_0219,38_0263,1,1,1,node_project_conflict
38_0219,38_0264,1,1,1,node_project_conflict
38_0220,38_0223,1,1,1,node_project_conflict
38_0220,38_0260,1,1,1,node_project_conflict
38_0220,38_0261,1,1,1,node_project_conflict
38_0220,38_0262,1,1,1,node_project_conflict
38_0221,38_0222,1,1,1,node_project_conflict
38_0221,38_0223,1,1,1,node_project_conflict
38_0221,38_0224,1,1,1,node_project_conflict
38_0221,38_0259,1,1,1,node_project_conflict
38_0221,38_0262,1,1,1,node_project_conflict
38_0221,38_0263,1,1,1,node_project_conflict
38_0221,38_0264,1,1,1,node_project_conflict
38_0222,38_0223,1,1,1,node_project_conflict
38_0222,38_0224,1,1,1,node_project_conflict
38_0222,38_0259,1,1,1,node_project_conflict
38_0222,38_0262,1,1,1,node_project_conflict
38_0222,38_0263,1,1,1,node_project_conflict
38_0222,38_0264,1,1,1,node_project_conflict
38_0223,38_0224,1,1,1,node_project_conflict
38_0223,38_0259,1,1,1,node_project_conflict
38_0223,38_0262,1,1,1,node_project_conflict
38_0223,38_0263,1,1,1,node_project_conflict
38_0223,38_0264,1,1,1,node_project_conflict
38_0224,38_0259,1,1,1,node_project_conflict
38_0224,38_0262,1,1,1,node_project_conflict
38_0224,38_0263,1,1,1,node_project_conflict
38_0224,38_0264,1,1,1,node_project_conflict
38_0259,38_0262,1,1,1,node_project_conflict
38_0259,38_0263,1,1,1,node_project_conflict
38_0259,38_0264,1,1,1,node_project_conflict
38_0260,38_0261,1,1,1,node_project_conflict
38_0262,38_0263,1,1,1,node_project_conflict
38_0262,38_0264,1,1,1,node_project_conflict
38_0263,38_0264,1,1,1,node_project_conflict
39_0101,39_0104,1,0,0,node_project_conflict
39_0101,39_0106,1,0,0,node_project_conflict
39_0101,39_0107,1,0,0,node_project_conflict
39_0102,39_0105,1,0,0,node_project_conflict
39_0102,39_0107,1,0,0,node_project_conflict
39_0102,39_0160,1,0,0,node_project_conflict
39_0103,39_0109,1,0,0,node_project_conflict
39_0103,39_0110,1,0,0,node_project_conflict
39_0103,39_0159,1,0,0,node_project_conflict
39_0104,39_0106,1,0,0,node_project_conflict
39_0104,39_0111,1,0,0,node_project_conflict
39_0104,39_0112,1,0,0,node_project_conflict
39_0105,39_0108,1,0,0,node_project_conflict
39_0105,39_0109,1,0,0,node_project_conflict
39_0105,39_0160,1,0,0,node_project_conflict
39_0106,39_0107,1,0,0,node_project_conflict
39_0106,39_0111,1,0,0,node_project_conflict
39_0107,39_0160,1,0,0,node_project_conflict
39_0108,39_0109,1,0,0,node_project_conflict
39_0108,39_0110,1,0,0,node_project_conflict
39_0108,39_0160,1,0,0,node_project_conflict
39_0109,39_0110,1,0,0,node_project_conflict
39_0110,39_0159,1,0,0,node_project_conflict
39_0111,39_0112,1,0,0,node_project_conflict
39_0201,39_0205,1,30,30,node_project_conflict
39_0201,39_0206,1,30,30,node_project_conflict
39_0201,39_0209,1,30,30,node_project_conflict
39_0201,39_0261,1,30,30,node_project_conflict
39_0202,39_0204,1,30,30,node_project_conflict
39_0202,39_0205,1,30,30,node_project_conflict
39_0202,39_0206,1,30,30,node_project_conflict
39_0202,39_0210,1,30,30,node_project_conflict
39_0202,39_0212,1,30,30,node_project_conflict
39_0202,39_0259,1,30,30,node_project_conflict
39_0202,39_0260,1,30,30,node_project_conflict
39_0203,39_0207,1,30,30,node_project_conflict
39_0203,39_0208,1,30,30,node_project_conflict
39_0203,39_0211,1,30,30,node_project_conflict
39_0203,39_0265,1,30,30,node_project_conflict
39_0204,39_0210,1,30,30,node_project_conflict
39_0204,39_0212,1,30,30,node_project_conflict
39_0204,39_0259,1,30,30,node_project_conflict
39_0204,39_0260,1,30,30,node_project_conflict
39_0205,39_0206,1,30,30,node_project_conflict
39_0205,39_0209,1,30,30,node_project_conflict
39_0206,39_0210,1,30,30,node_project_conflict
39_0206,39_0260,1,30,30,node_project_conflict
39_0207,39_0208,1,30,30,node_project_conflict
39_0207,39_0262,1,30,30,node_project_conflict
39_0207,39_0265,1,30,30,node_project_conflict
39_0208,39_0262,1,30,30,node_project_conflict
39_0208,39_0263,1,30,30,node_project_conflict
39_0209,39_0211,1,30,30,node_project_conflict
39_0209,39_0261,1,30,30,node_project_conflict
39_0210,39_0212,1,30,30,node_project_conflict
39_0210,39_0259,1,30,30,node_project_conflict
39_0210,39_0260,1,30,30,node_project_conflict
39_0211,39_0261,1,30,30,node_project_conflict
39_0211,39_0265,1,30,30,node_project_conflict
39_0212,39_0259,1,30,30,node_project_conflict
39_0212,39_0260,1,30,30,node_project_conflict
39_0259,39_0260,1,30,30,node_project_conflict
39_0261,39_0265,1,30,30,node_project_conflict
39_0262,39_0263,1,30,30,node_project_conflict
39_0262,39_0264,1,30,30,node_project_conflict
39_0263,39_0264,1,30,30,node_project_conflict
39_0809,39_0810,1,0,0,node_project_conflict
39_0901,39_0902,1,1,1,node_project_conflict
39_0901,39_0903,1,1,1,node_project_conflict
39_0902,39_0903,1,1,1,node_project_conflict
39_A803,39_A804,1,1,1,node_project_conflict
40_0113,40_0115,1,0,0,node_project_conflict
40_0113,40_0116,1,0,0,node_project_conflict
40_0113,40_0117,1,0,0,node_project_conflict
40_0113,40_0119,1,0,0,node_project_conflict
40_0113,40_0122,1,0,0,node_project_conflict
40_0114,40_0115,1,0,0,node_project_conflict
40_0114,40_0116,1,0,0,node_project_conflict
40_0114,40_0117,1,0,0,node_project_conflict
40_0114,40_0118,1,0,0,node_project_conflict
40_0114,40_0160,1,0,0,node_project_conflict
40_0115,40_0116,1,0,0,node_project_conflict
40_0115,40_0117,1,0,0,node_project_conflict
40_0115,40_0118,1,0,0,node_project_conflict
40_0115,40_0122,1,0,0,node_project_conflict
40_0115,40_0160,1,0,0,node_project_conflict
40_0116,40_0117,1,0,0,node_project_conflict
40_0116,40_0118,1,0,0,node_project_conflict
40_0116,40_0160,1,0,0,node_project_conflict
40_0117,40_0118,1,0,0,node_project_conflict
40_0117,40_0122,1,0,0,node_project_conflict
40_0117,40_0160,1,0,0,node_project_conflict
40_0118,40_0160,1,0,0,node_project_conflict
40_0119,40_0120,1,0,0,node_project_conflict
40_0119,40_0121,1,0,0,node_project_conflict
40_0119,40_0122,1,0,0,node_project_conflict
40_0120,40_0121,1,0,0,node_project_conflict
40_0120,40_0123,1,0,0,node_project_conflict
40_0120,40_0124,1,0,0,node_project_conflict
40_0121,40_0123,1,0,0,node_project_conflict
40_0121,40_0124,1,0,0,node_project_conflict
40_0123,40_0124,1,0,0,node_project_conflict
41_AA01,41_AA02,1,0,0,node_project_conflict
41_AA01,41_AA03,1,0,0,node_project_conflict
41_AA01,41_AA59,1,0,0,node_project_conflict
41_AA01,41_AA60,1,0,0,node_project_conflict
41_AA02,41_AA03,1,0,0,node_project_conflict
41_AA02,41_AA59,1,0,0,node_project_conflict
41_AA02,41_AA60,1,0,0,node_project_conflict
41_AA03,41_AA59,1,0,0,node_project_conflict
41_AA03,41_AA60,1,0,0,node_project_conflict
41_AA59,41_AA60,1,0,0,node_project_conflict
46_0803,46_0804,1,0,0,node_project_conflict
46_0803,46_0859,1,0,0,node_project_conflict
46_0804,46_0859,1,0,0,node_project_conflict
48_0113,48_0114,1,0,0,node_project_conflict
48_0113,48_0115,1,0,0,node_project_conflict
48_0113,48_0116,1,0,0,node_project_conflict
48_0113,48_0117,1,0,0,node_project_conflict
48_0113,48_0118,1,0,0,node_project_conflict
48_0113,48_0122,1,0,0,node_project_conflict
48_0113,48_0123,1,0,0,node_project_conflict
48_0113,48_0124,1,0,0,node_project_conflict
48_0113,48_0164,1,0,0,node_project_conflict
48_0113,48_0165,1,0,0,node_project_conflict
48_0113,48_0167,1,0,0,node_project_conflict
48_0114,48_0119,1,0,0,node_project_conflict
48_0114,48_0120,1,0,0,node_project_conflict
48_0114,48_0121,1,0,0,node_project_conflict
48_0114,48_0160,1,0,0,node_project_conflict
48_0114,48_0161,1,0,0,node_project_conflict
48_0114,48_0162,1,0,0,node_project_conflict
48_0114,48_0163,1,0,0,node_project_conflict
48_0114,48_0164,1,0,0,node_project_conflict
48_0114,48_0165,1,0,0,node_project_conflict
48_0114,48_0166,1,0,0,node_project_conflict
48_0114,48_0167,1,0,0,node_project_conflict
48_0115,48_0116,1,0,0,node_project_conflict
48_0115,48_0117,1,0,0,node_project_conflict
48_0115,48_0118,1,0,0,node_project_conflict
48_0115,48_0122,1,0,0,node_project_conflict
48_0115,48_0123,1,0,0,node_project_conflict
48_0115,48_0124,1,0,0,node_project_conflict
48_0115,48_0165,1,0,0,node_project_conflict
48_0116,48_0117,1,0,0,node_project_conflict
48_0116,48_0118,1,0,0,node_project_conflict
48_0116,48_0122,1,0,0,node_project_conflict
48_0116,48_0123,1,0,0,node_project_conflict
48_0116,48_0124,1,0,0,node_project_conflict
48_0116,48_0165,1,0,0,node_project_conflict
48_0117,48_0118,1,0,0,node_project_conflict
48_0117,48_0122,1,0,0,node_project_conflict
48_0117,48_0123,1,0,0,node_project_conflict
48_0117,48_0124,1,0,0,node_project_conflict
48_0117,48_0164,1,0,0,node_project_conflict
48_0117,48_0165,1,0,0,node_project_conflict
48_0118,48_0122,1,0,0,node_project_conflict
48_0118,48_0123,1,0,0,node_project_conflict
48_0118,48_0124,1,0,0,node_project_conflict
48_0118,48_0164,1,0,0,node_project_conflict
48_0118,48_0165,1,0,0,node_project_conflict
48_0118,48_0167,1,0,0,node_project_conflict
48_0119,48_0120,1,0,0,node_project_conflict
48_0119,48_0121,1,0,0,node_project_conflict
48_0119,48_0160,1,0,0,node_project_conflict
48_0119,48_0161,1,0,0,node_project_conflict
48_0119,48_0162,1,0,0,node_project_conflict
48_0119,48_0163,1,0,0,node_project_conflict
48_0119,48_0166,1,0,0,node_project_conflict
48_0119,48_0167,1,0,0,node_project_conflict
48_0120,48_0121,1,0,0,node_project_conflict
48_0120,48_0160,1,0,0,node_project_conflict
48_0120,48_0161,1,0,0,node_project_conflict
48_0120,48_0162,1,0,0,node_project_conflict
48_0120,48_0163,1,0,0,node_project_conflict
48_0120,48_0164,1,0,0,node_project_conflict
48_0120,48_0166,1,0,0,node_project_conflict
48_0120,48_0167,1,0,0,node_project_conflict
48_0121,48_0160,1,0,0,node_project_conflict
48_0121,48_0161,1,0,0,node_project_conflict
48_0121,48_0162,1,0,0,node_project_conflict
48_0121,48_0163,1,0,0,node_project_conflict
48_0121,48_0164,1,0,0,node_project_conflict
48_0121,48_0165,1,0,0,node_project_conflict
48_0121,48_0166,1,0,0,node_project_conflict
48_0121,48_0167,1,0,0,node_project_conflict
48_0122,48_0123,1,0,0,node_project_conflict
48_0122,48_0124,1,0,0,node_project_conflict
48_0122,48_0165,1,0,0,node_project_conflict
48_0123,48_0124,1,0,0,node_project_conflict
48_0123,48_0165,1,0,0,node_project_conflict
48_0124,48_0165,1,0,0,node_project_conflict
48_0160,48_0161,1,0,0,node_project_conflict
48_0160,48_0162,1,0,0,node_project_conflict
48_0160,48_0163,1,0,0,node_project_conflict
48_0160,48_0166,1,0,0,node_project_conflict
48_0161,48_0162,1,0,0,node_project_conflict
48_0161,48_0163,1,0,0,node_project_conflict
48_0161,48_0166,1,0,0,node_project_conflict
48_0162,48_0163,1,0,0,node_project_conflict
48_0162,48_0166,1,0,0,node_project_conflict
48_0163,48_0166,1,0,0,node_project_conflict
48_0164,48_0165,1,0,0,node_project_conflict
48_0164,48_0167,1,0,0,node_project_conflict
48_0165,48_0167,1,0,0,node_project_conflict
48_0801,48_0802,1,0,0,node_project_conflict
48_0901,48_0902,1,92,92,node_project_conflict
48_0901,48_0903,1,92,92,node_project_conflict
48_0902,48_0903,1,92,92,node_project_conflict
48_3579,48_F310,1,0,0,node_project_conflict
48_3579,48_F320,1,0,0,node_project_conflict
48_3579,48_F330,1,0,0,node_project_conflict
48_3579,48_F340,1,0,0,node_project_conflict
48_3579,48_F350,1,0,0,node_project_conflict
48_5283,48_5284,1,121,121,node_project_conflict
48_A807,48_A808,1,0,0,node_project_conflict
48_AA01,48_AA02,1,61,61,node_project_conflict
48_AA01,48_AA03,1,61,61,node_project_conflict
48_AA02,48_AA03,1,61,61,node_project_conflict
48_F310,48_F320,1,0,0,node_project_conflict
48_F310,48_F330,1,0,0,node_project_conflict
48_F310,48_F340,1,0,0,node_project_conflict
48_F310,48_F350,1,0,0,node_project_conflict
48_F320,48_F330,1,0,0,node_project_conflict
48_F320,48_F340,1,0,0,node_project_conflict
48_F320,48_F350,1,0,0,node_project_conflict
48_F330,48_F340,1,0,0,node_project_conflict
48_F330,48_F350,1,0,0,node_project_conflict
48_F340,48_F350,1,0,0,node_project_conflict
49_0803,49_0804,1,0,0,node_project_conflict
49_7082,49_C410,1,0,0,node_project_conflict
49_7082,49_C430,1,0,0,node_project_conflict
49_7082,49_C431,1,0,0,node_project_conflict
49_7082,49_C440,1,0,0,node_project_conflict
49_7082,49_C441,1,0,0,node_project_conflict
49_7082,49_C447,1,0,0,node_project_conflict
49_7082,49_C453,1,0,0,node_project_conflict
49_7082,49_C454,1,0,0,node_project_conflict
49_7082,49_C455,1,0,0,node_project_conflict
49_7082,49_C457,1,0,0,node_project_conflict
49_7085,49_E430,1,0,0,node_project_conflict
49_7085,49_E445,1,0,0,node_project_conflict
49_7085,49_E449,1,0,0,node_project_conflict
49_7085,49_E450,1,0,0,node_project_conflict
49_7085,49_E456,1,0,0,node_project_conflict
49_7085,49_E458,1,0,0,node_project_conflict
49_7085,49_E459,1,0,0,node_project_conflict
49_7085,49_E460,1,0,0,node_project_conflict
49_7085,49_E461,1,0,0,node_project_conflict
49_7085,49_E462,1,0,0,node_project_conflict
49_7086,49_D410,1,31,31,node_project_conflict
49_7086,49_D430,1,31,31,node_project_conflict
49_7086,49_D431,1,31,31,node_project_conflict
49_7086,49_D441,1,31,31,node_project_conflict
49_7086,49_D443,1,31,31,node_project_conflict
49_7086,49_D444,1,31,31,node_project_conflict
49_7086,49_D451,1,31,31,node_project_conflict
49_7086,49_D455,1,31,31,node_project_conflict
49_C410,49_C430,1,0,0,node_project_conflict
49_C410,49_C431,1,0,0,node_project_conflict
49_C410,49_C440,1,0,0,node_project_conflict
49_C410,49_C441,1,0,0,node_project_conflict
49_C410,49_C443,1,0,0,node_project_conflict
49_C410,49_C452,1,0,0,node_project_conflict
49_C410,49_C453,1,0,0,node_project_conflict
49_C410,49_C454,1,0,0,node_project_conflict
49_C410,49_C455,1,0,0,node_project_conflict
49_C430,49_C431,1,0,0,node_project_conflict
49_C430,49_C440,1,0,0,node_project_conflict
49_C430,49_C441,1,0,0,node_project_conflict
49_C430,49_C443,1,0,0,node_project_conflict
49_C430,49_C444,1,0,0,node_project_conflict
49_C430,49_C445,1,0,0,node_project_conflict
49_C430,49_C446,1,0,0,node_project_conflict
49_C430,49_C450,1,0,0,node_project_conflict
49_C430,49_C451,1,0,0,node_project_conflict
49_C430,49_C452,1,0,0,node_project_conflict
49_C430,49_C453,1,0,0,node_project_conflict
49_C430,49_C454,1,0,0,node_project_conflict
49_C430,49_C455,1,0,0,node_project_conflict
49_C431,49_C440,1,0,0,node_project_conflict
49_C431,49_C441,1,0,0,node_project_conflict
49_C431,49_C443,1,0,0,node_project_conflict
49_C431,49_C444,1,0,0,node_project_conflict
49_C431,49_C445,1,0,0,node_project_conflict
49_C431,49_C446,1,0,0,node_project_conflict
49_C431,49_C450,1,0,0,node_project_conflict
49_C431,49_C451,1,0,0,node_project_conflict
49_C431,49_C452,1,0,0,node_project_conflict
49_C431,49_C453,1,0,0,node_project_conflict
49_C431,49_C454,1,0,0,node_project_conflict
49_C431,49_C455,1,0,0,node_project_conflict
49_C440,49_C441,1,0,0,node_project_conflict
49_C440,49_C443,1,0,0,node_project_conflict
49_C440,49_C453,1,0,0,node_project_conflict
49_C440,49_C454,1,0,0,node_project_conflict
49_C440,49_C455,1,0,0,node_project_conflict
49_C441,49_C443,1,0,0,node_project_conflict
49_C441,49_C453,1,0,0,node_project_conflict
49_C441,49_C454,1,0,0,node_project_conflict
49_C441,49_C455,1,0,0,node_project_conflict
49_C443,49_C444,1,0,0,node_project_conflict
49_C443,49_C445,1,0,0,node_project_conflict
49_C443,49_C446,1,0,0,node_project_conflict
49_C443,49_C450,1,0,0,node_project_conflict
49_C443,49_C451,1,0,0,node_project_conflict
49_C443,49_C452,1,0,0,node_project_conflict
49_C443,49_C453,1,0,0,node_project_conflict
49_C443,49_C454,1,0,0,node_project_conflict
49_C443,49_C455,1,0,0,node_project_conflict
49_C444,49_C445,1,0,0,node_project_conflict
49_C444,49_C446,1,0,0,node_project_conflict
49_C444,49_C447,1,0,0,node_project_conflict
49_C444,49_C448,1,0,0,node_project_conflict
49_C444,49_C449,1,0,0,node_project_conflict
49_C444,49_C450,1,0,0,node_project_conflict
49_C444,49_C451,1,0,0,node_project_conflict
49_C444,49_C452,1,0,0,node_project_conflict
49_C445,49_C446,1,0,0,node_project_conflict
49_C445,49_C447,1,0,0,node_project_conflict
49_C445,49_C448,1,0,0,node_project_conflict
49_C445,49_C449,1,0,0,node_project_conflict
49_C445,49_C450,1,0,0,node_project_conflict
49_C445,49_C451,1,0,0,node_project_conflict
49_C445,49_C452,1,0,0,node_project_conflict
49_C445,49_C453,1,0,0,node_project_conflict
49_C445,49_C456,1,0,0,node_project_conflict
49_C445,49_C457,1,0,0,node_project_conflict
49_C445,49_C458,1,0,0,node_project_conflict
49_C446,49_C447,1,0,0,node_project_conflict
49_C446,49_C448,1,0,0,node_project_conflict
49_C446,49_C449,1,0,0,node_project_conflict
49_C446,49_C450,1,0,0,node_project_conflict
49_C446,49_C451,1,0,0,node_project_conflict
49_C446,49_C452,1,0,0,node_project_conflict
49_C446,49_C456,1,0,0,node_project_conflict
49_C446,49_C457,1,0,0,node_project_conflict
49_C446,49_C458,1,0,0,node_project_conflict
49_C447,49_C448,1,0,0,node_project_conflict
49_C447,49_C449,1,0,0,node_project_conflict
49_C447,49_C450,1,0,0,node_project_conflict
49_C447,49_C451,1,0,0,node_project_conflict
49_C447,49_C452,1,0,0,node_project_conflict
49_C447,49_C454,1,0,0,node_project_conflict
49_C447,49_C456,1,0,0,node_project_conflict
49_C447,49_C457,1,0,0,node_project_conflict
49_C447,49_C458,1,0,0,node_project_conflict
49_C448,49_C449,1,0,0,node_project_conflict
49_C448,49_C450,1,0,0,node_project_conflict
49_C448,49_C451,1,0,0,node_project_conflict
49_C448,49_C452,1,0,0,node_project_conflict
49_C448,49_C456,1,0,0,node_project_conflict
49_C448,49_C457,1,0,0,node_project_conflict
49_C448,49_C458,1,0,0,node_project_conflict
49_C449,49_C450,1,0,0,node_project_conflict
49_C449,49_C451,1,0,0,node_project_conflict
49_C449,49_C452,1,0,0,node_project_conflict
49_C449,49_C456,1,0,0,node_project_conflict
49_C449,49_C457,1,0,0,node_project_conflict
49_C449,49_C458,1,0,0,node_project_conflict
49_C450,49_C451,1,0,0,node_project_conflict
49_C450,49_C452,1,0,0,node_project_conflict
49_C450,49_C456,1,0,0,node_project_conflict
49_C450,49_C457,1,0,0,node_project_conflict
49_C450,49_C458,1,0,0,node_project_conflict
49_C451,49_C452,1,0,0,node_project_conflict
49_C452,49_C458,1,0,0,node_project_conflict
49_C453,49_C454,1,0,0,node_project_conflict
49_C453,49_C455,1,0,0,node_project_conflict
49_C454,49_C455,1,0,0,node_project_conflict
49_C455,49_C456,1,0,0,node_project_conflict
49_C456,49_C457,1,0,0,node_project_conflict
49_C456,49_C458,1,0,0,node_project_conflict
49_C457,49_C458,1,0,0,node_project_conflict
49_D410,49_D430,1,31,31,node_project_conflict
49_D410,49_D431,1,31,31,node_project_conflict
49_D410,49_D441,1,31,31,node_project_conflict
49_D410,49_D443,1,31,31,node_project_conflict
49_D410,49_D444,1,31,31,node_project_conflict
49_D410,49_D449,1,31,31,node_project_conflict
49_D410,49_D451,1,31,31,node_project_conflict
49_D410,49_D455,1,31,31,node_project_conflict
49_D430,49_D431,1,31,31,node_project_conflict
49_D430,49_D441,1,31,31,node_project_conflict
49_D430,49_D443,1,31,31,node_project_conflict
49_D430,49_D444,1,31,31,node_project_conflict
49_D430,49_D449,1,31,31,node_project_conflict
49_D430,49_D451,1,31,31,node_project_conflict
49_D430,49_D455,1,31,31,node_project_conflict
49_D430,49_D461,1,31,31,node_project_conflict
49_D431,49_D441,1,31,31,node_project_conflict
49_D431,49_D443,1,31,31,node_project_conflict
49_D431,49_D444,1,31,31,node_project_conflict
49_D431,49_D449,1,31,31,node_project_conflict
49_D431,49_D451,1,31,31,node_project_conflict
49_D431,49_D455,1,31,31,node_project_conflict
49_D431,49_D461,1,31,31,node_project_conflict
49_D440,49_D441,1,31,31,node_project_conflict
49_D440,49_D445,1,31,31,node_project_conflict
49_D440,49_D446,1,31,31,node_project_conflict
49_D440,49_D448,1,31,31,node_project_conflict
49_D440,49_D449,1,31,31,node_project_conflict
49_D440,49_D450,1,31,31,node_project_conflict
49_D440,49_D452,1,31,31,node_project_conflict
49_D440,49_D454,1,31,31,node_project_conflict
49_D440,49_D459,1,31,31,node_project_conflict
49_D440,49_D460,1,31,31,node_project_conflict
49_D440,49_D461,1,31,31,node_project_conflict
49_D440,49_D462,1,31,31,node_project_conflict
49_D441,49_D443,1,31,31,node_project_conflict
49_D441,49_D444,1,31,31,node_project_conflict
49_D441,49_D446,1,31,31,node_project_conflict
49_D441,49_D448,1,31,31,node_project_conflict
49_D441,49_D449,1,31,31,node_project_conflict
49_D441,49_D451,1,31,31,node_project_conflict
49_D441,49_D455,1,31,31,node_project_conflict
49_D443,49_D444,1,31,31,node_project_conflict
49_D443,49_D449,1,31,31,node_project_conflict
49_D443,49_D451,1,31,31,node_project_conflict
49_D443,49_D455,1,31,31,node_project_conflict
49_D444,49_D446,1,31,31,node_project_conflict
49_D444,49_D448,1,31,31,node_project_conflict
49_D444,49_D449,1,31,31,node_project_conflict
49_D444,49_D451,1,31,31,node_project_conflict
49_D444,49_D455,1,31,31,node_project_conflict
49_D445,49_D446,1,31,31,node_project_conflict
49_D445,49_D448,1,31,31,node_project_conflict
49_D445,49_D450,1,31,31,node_project_conflict
49_D445,49_D452,1,31,31,node_project_conflict
49_D445,49_D454,1,31,31,node_project_conflict
49_D445,49_D459,1,31,31,node_project_conflict
49_D445,49_D460,1,31,31,node_project_conflict
49_D445,49_D461,1,31,31,node_project_conflict
49_D445,49_D462,1,31,31,node_project_conflict
49_D446,49_D448,1,31,31,node_project_conflict
49_D446,49_D449,1,31,31,node_project_conflict
49_D446,49_D451,1,31,31,node_project_conflict
49_D446,49_D452,1,31,31,node_project_conflict
49_D446,49_D454,1,31,31,node_project_conflict
49_D448,49_D449,1,31,31,node_project_conflict
49_D448,49_D450,1,31,31,node_project_conflict
49_D448,49_D451,1,31,31,node_project_conflict
49_D448,49_D452,1,31,31,node_project_conflict
49_D448,49_D454,1,31,31,node_project_conflict
49_D448,49_D461,1,31,31,node_project_conflict
49_D449,49_D451,1,31,31,node_project_conflict
49_D449,49_D454,1,31,31,node_project_conflict
49_D449,49_D455,1,31,31,node_project_conflict
49_D450,49_D452,1,31,31,node_project_conflict
49_D450,49_D454,1,31,31,node_project_conflict
49_D450,49_D459,1,31,31,node_project_conflict
49_D450,49_D460,1,31,31,node_project_conflict
49_D450,49_D461,1,31,31,node_project_conflict
49_D450,49_D462,1,31,31,node_project_conflict
49_D451,49_D455,1,31,31,node_project_conflict
49_D452,49_D454,1,31,31,node_project_conflict
49_D452,49_D459,1,31,31,node_project_conflict
49_D452,49_D460,1,31,31,node_project_conflict
49_D452,49_D461,1,31,31,node_project_conflict
49_D452,49_D462,1,31,31,node_project_conflict
49_D454,49_D459,1,31,31,node_project_conflict
49_D454,49_D460,1,31,31,node_project_conflict
49_D454,49_D461,1,31,31,node_project_conflict
49_D454,49_D462,1,31,31,node_project_conflict
49_D455,49_D459,1,31,31,node_project_conflict
49_D455,49_D460,1,31,31,node_project_conflict
49_D459,49_D460,1,31,31,node_project_conflict
49_D459,49_D461,1,31,31,node_project_conflict
49_D459,49_D462,1,31,31,node_project_conflict
49_D460,49_D461,1,31,31,node_project_conflict
49_D460,49_D462,1,31,31,node_project_conflict
49_D461,49_D462,1,31,31,node_project_conflict
49_E410,49_E430,1,0,0,node_project_conflict
49_E410,49_E431,1,0,0,node_project_conflict
49_E410,49_E441,1,0,0,node_project_conflict
49_E410,49_E443,1,0,0,node_project_conflict
49_E410,49_E444,1,0,0,node_project_conflict
49_E410,49_E451,1,0,0,node_project_conflict
49_E410,49_E452,1,0,0,node_project_conflict
49_E410,49_E455,1,0,0,node_project_conflict
49_E410,49_E462,1,0,0,node_project_conflict
49_E430,49_E431,1,0,0,node_project_conflict
49_E430,49_E441,1,0,0,node_project_conflict
49_E430,49_E443,1,0,0,node_project_conflict
49_E430,49_E444,1,0,0,node_project_conflict
49_E430,49_E451,1,0,0,node_project_conflict
49_E430,49_E452,1,0,0,node_project_conflict
49_E430,49_E455,1,0,0,node_project_conflict
49_E431,49_E440,1,0,0,node_project_conflict
49_E431,49_E441,1,0,0,node_project_conflict
49_E431,49_E443,1,0,0,node_project_conflict
49_E431,49_E444,1,0,0,node_project_conflict
49_E431,49_E451,1,0,0,node_project_conflict
49_E431,49_E452,1,0,0,node_project_conflict
49_E431,49_E455,1,0,0,node_project_conflict
49_E440,49_E441,1,0,0,node_project_conflict
49_E440,49_E444,1,0,0,node_project_conflict
49_E440,49_E445,1,0,0,node_project_conflict
49_E440,49_E446,1,0,0,node_project_conflict
49_E440,49_E448,1,0,0,node_project_conflict
49_E440,49_E449,1,0,0,node_project_conflict
49_E440,49_E450,1,0,0,node_project_conflict
49_E440,49_E454,1,0,0,node_project_conflict
49_E440,49_E461,1,0,0,node_project_conflict
49_E441,49_E443,1,0,0,node_project_conflict
49_E441,49_E444,1,0,0,node_project_conflict
49_E441,49_E446,1,0,0,node_project_conflict
49_E441,49_E451,1,0,0,node_project_conflict
49_E441,49_E452,1,0,0,node_project_conflict
49_E441,49_E454,1,0,0,node_project_conflict
49_E441,49_E455,1,0,0,node_project_conflict
49_E443,49_E444,1,0,0,node_project_conflict
49_E443,49_E451,1,0,0,node_project_conflict
49_E443,49_E452,1,0,0,node_project_conflict
49_E443,49_E455,1,0,0,node_project_conflict
49_E444,49_E445,1,0,0,node_project_conflict
49_E444,49_E446,1,0,0,node_project_conflict
49_E444,49_E450,1,0,0,node_project_conflict
49_E444,49_E451,1,0,0,node_project_conflict
49_E444,49_E452,1,0,0,node_project_conflict
49_E444,49_E454,1,0,0,node_project_conflict
49_E444,49_E455,1,0,0,node_project_conflict
49_E445,49_E446,1,0,0,node_project_conflict
49_E445,49_E448,1,0,0,node_project_conflict
49_E445,49_E449,1,0,0,node_project_conflict
49_E445,49_E450,1,0,0,node_project_conflict
49_E445,49_E456,1,0,0,node_project_conflict
49_E445,49_E458,1,0,0,node_project_conflict
49_E445,49_E459,1,0,0,node_project_conflict
49_E445,49_E460,1,0,0,node_project_conflict
49_E445,49_E461,1,0,0,node_project_conflict
49_E445,49_E462,1,0,0,node_project_conflict
49_E446,49_E448,1,0,0,node_project_conflict
49_E446,49_E449,1,0,0,node_project_conflict
49_E446,49_E450,1,0,0,node_project_conflict
49_E446,49_E451,1,0,0,node_project_conflict
49_E446,49_E452,1,0,0,node_project_conflict
49_E446,49_E454,1,0,0,node_project_conflict
49_E448,49_E449,1,0,0,node_project_conflict
49_E448,49_E450,1,0,0,node_project_conflict
49_E448,49_E452,1,0,0,node_project_conflict
49_E448,49_E454,1,0,0,node_project_conflict
49_E448,49_E456,1,0,0,node_project_conflict
49_E448,49_E458,1,0,0,node_project_conflict
49_E448,49_E459,1,0,0,node_project_conflict
49_E448,49_E460,1,0,0,node_project_conflict
49_E448,49_E461,1,0,0,node_project_conflict
49_E448,49_E462,1,0,0,node_project_conflict
49_E449,49_E450,1,0,0,node_project_conflict
49_E449,49_E456,1,0,0,node_project_conflict
49_E449,49_E458,1,0,0,node_project_conflict
49_E449,49_E459,1,0,0,node_project_conflict
49_E449,49_E460,1,0,0,node_project_conflict
49_E449,49_E461,1,0,0,node_project_conflict
49_E449,49_E462,1,0,0,node_project_conflict
49_E450,49_E452,1,0,0,node_project_conflict
49_E450,49_E454,1,0,0,node_project_conflict
49_E451,49_E452,1,0,0,node_project_conflict
49_E451,49_E454,1,0,0,node_project_conflict
49_E451,49_E455,1,0,0,node_project_conflict
49_E452,49_E454,1,0,0,node_project_conflict
49_E452,49_E455,1,0,0,node_project_conflict
49_E454,49_E455,1,0,0,node_project_conflict
49_E455,49_E456,1,0,0,node_project_conflict
49_E456,49_E458,1,0,0,node_project_conflict
49_E456,49_E459,1,0,0,node_project_conflict
49_E456,49_E460,1,0,0,node_project_conflict
49_E456,49_E461,1,0,0,node_project_conflict
49_E456,49_E462,1,0,0,node_project_conflict
49_E458,49_E459,1,0,0,node_project_conflict
49_E458,49_E460,1,0,0,node_project_conflict
49_E458,49_E461,1,0,0,node_project_conflict
49_E458,49_E462,1,0,0,node_project_conflict
49_E459,49_E460,1,0,0,node_project_conflict
49_E459,49_E461,1,0,0,node_project_conflict
49_E459,49_E462,1,0,0,node_project_conflict
49_E460,49_E461,1,0,0,node_project_conflict
49_E460,49_E462,1,0,0,node_project_conflict
49_E461,49_E462,1,0,0,node_project_conflict
4_0113,4_0116,1,0,0,node_project_conflict
4_0113,4_0118,1,0,0,node_project_conflict
4_0113,4_0120,1,0,0,node_project_conflict
4_0113,4_0121,1,0,0,node_project_conflict
4_0113,4_0122,1,0,0,node_project_conflict
4_0113,4_0161,1,0,0,node_project_conflict
4_0113,4_0162,1,0,0,node_project_conflict
4_0113,4_0163,1,0,0,node_project_conflict
4_0113,4_0903,1,0,0,node_project_conflict
4_0113,4_A901,1,0,0,node_project_conflict
4_0113,4_A903,1,0,0,node_project_conflict
4_0114,4_0115,1,0,0,node_project_conflict
4_0114,4_0116,1,0,0,node_project_conflict
4_0114,4_0117,1,0,0,node_project_conflict
4_0114,4_0118,1,0,0,node_project_conflict
4_0114,4_0119,1,0,0,node_project_conflict
4_0114,4_0120,1,0,0,node_project_conflict
4_0114,4_0121,1,0,0,node_project_conflict
4_0114,4_0122,1,0,0,node_project_conflict
4_0114,4_0123,1,0,0,node_project_conflict
4_0114,4_0124,1,0,0,node_project_conflict
4_0114,4_0160,1,0,0,node_project_conflict
4_0114,4_0902,1,0,0,node_project_conflict
4_0114,4_A902,1,0,0,node_project_conflict
4_0115,4_0117,1,0,0,node_project_conflict
4_0115,4_0119,1,0,0,node_project_conflict
4_0115,4_0123,1,0,0,node_project_conflict
4_0115,4_0124,1,0,0,node_project_conflict
4_0115,4_0160,1,0,0,node_project_conflict
4_0115,4_0902,1,0,0,node_project_conflict
4_0115,4_A902,1,0,0,node_project_conflict
4_0116,4_0118,1,0,0,node_project_conflict
4_0116,4_0119,1,0,0,node_project_conflict
4_0116,4_0120,1,0,0,node_project_conflict
4_0116,4_0121,1,0,0,node_project_conflict
4_0116,4_0122,1,0,0,node_project_conflict
4_0116,4_0123,1,0,0,node_project_conflict
4_0116,4_0124,1,0,0,node_project_conflict
4_0117,4_0119,1,0,0,node_project_conflict
4_0117,4_0123,1,0,0,node_project_conflict
4_0117,4_0124,1,0,0,node_project_conflict
4_0117,4_0160,1,0,0,node_project_conflict
4_0117,4_0902,1,0,0,node_project_conflict
4_0117,4_A902,1,0,0,node_project_conflict
4_0118,4_0119,1,0,0,node_project_conflict
4_0118,4_0120,1,0,0,node_project_conflict
4_0118,4_0121,1,0,0,node_project_conflict
4_0118,4_0122,1,0,0,node_project_conflict
4_0118,4_0123,1,0,0,node_project_conflict
4_0118,4_0161,1,0,0,node_project_conflict
4_0118,4_0162,1,0,0,node_project_conflict
4_0118,4_0163,1,0,0,node_project_conflict
4_0118,4_A901,1,0,0,node_project_conflict
4_0119,4_0122,1,0,0,node_project_conflict
4_0119,4_0123,1,0,0,node_project_conflict
4_0119,4_0124,1,0,0,node_project_conflict
4_0119,4_0160,1,0,0,node_project_conflict
4_0119,4_0902,1,0,0,node_project_conflict
4_0119,4_A902,1,0,0,node_project_conflict
4_0120,4_0121,1,0,0,node_project_conflict
4_0120,4_0122,1,0,0,node_project_conflict
4_0120,4_0161,1,0,0,node_project_conflict
4_0120,4_0162,1,0,0,node_project_conflict
4_0120,4_0163,1,0,0,node_project_conflict
4_0120,4_0903,1,0,0,node_project_conflict
4_0120,4_A901,1,0,0,node_project_conflict
4_0120,4_A903,1,0,0,node_project_conflict
4_0121,4_0122,1,0,0,node_project_conflict
4_0121,4_0161,1,0,0,node_project_conflict
4_0121,4_0162,1,0,0,node_project_conflict
4_0121,4_0163,1,0,0,node_project_conflict
4_0121,4_0903,1,0,0,node_project_conflict
4_0121,4_A901,1,0,0,node_project_conflict
4_0121,4_A903,1,0,0,node_project_conflict
4_0122,4_0161,1,0,0,node_project_conflict
4_0122,4_0162,1,0,0,node_project_conflict
4_0122,4_0163,1,0,0,node_project_conflict
4_0122,4_A901,1,0,0,node_project_conflict
4_0123,4_0124,1,0,0,node_project_conflict
4_0123,4_0160,1,0,0,node_project_conflict
4_0123,4_0902,1,0,0,node_project_conflict
4_0123,4_A902,1,0,0,node_project_conflict
4_0124,4_0160,1,0,0,node_project_conflict
4_0124,4_0902,1,0,0,node_project_conflict
4_0124,4_A902,1,0,0,node_project_conflict
4_0160,4_0902,1,0,0,node_project_conflict
4_0160,4_A902,1,0,0,node_project_conflict
4_0161,4_0162,1,0,0,node_project_conflict
4_0161,4_0163,1,0,0,node_project_conflict
4_0161,4_0903,1,0,0,node_project_conflict
4_0161,4_A901,1,0,0,node_project_conflict
4_0161,4_A903,1,0,0,node_project_conflict
4_0162,4_0163,1,0,0,node_project_conflict
4_0162,4_0903,1,0,0,node_project_conflict
4_0162,4_A901,1,0,0,node_project_conflict
4_0162,4_A903,1,0,0,node_project_conflict
4_0163,4_0903,1,0,0,node_project_conflict
4_0163,4_A901,1,0,0,node_project_conflict
4_0163,4_A903,1,0,0,node_project_conflict
4_0213,4_0217,1,0,0,node_project_conflict
4_0213,4_0219,1,0,0,node_project_conflict
4_0213,4_0221,1,0,0,node_project_conflict
4_0213,4_0223,1,0,0,node_project_conflict
4_0213,4_0260,1,0,0,node_project_conflict
4_0213,4_0262,1,0,0,node_project_conflict
4_0213,4_0263,1,0,0,node_project_conflict
4_0213,4_0264,1,0,0,node_project_conflict
4_0213,4_0265,1,0,0,node_project_conflict
4_0213,4_0266,1,0,0,node_project_conflict
4_0213,4_0267,1,0,0,node_project_conflict
4_0213,4_0268,1,0,0,node_project_conflict
4_0214,4_0215,1,0,0,node_project_conflict
4_0214,4_0216,1,0,0,node_project_conflict
4_0214,4_0218,1,0,0,node_project_conflict
4_0214,4_0220,1,0,0,node_project_conflict
4_0214,4_0222,1,0,0,node_project_conflict
4_0214,4_0223,1,0,0,node_project_conflict
4_0214,4_0224,1,0,0,node_project_conflict
4_0214,4_0261,1,0,0,node_project_conflict
4_0215,4_0216,1,0,0,node_project_conflict
4_0215,4_0217,1,0,0,node_project_conflict
4_0215,4_0218,1,0,0,node_project_conflict
4_0215,4_0219,1,0,0,node_project_conflict
4_0215,4_0220,1,0,0,node_project_conflict
4_0215,4_0221,1,0,0,node_project_conflict
4_0215,4_0222,1,0,0,node_project_conflict
4_0215,4_0223,1,0,0,node_project_conflict
4_0215,4_0224,1,0,0,node_project_conflict
4_0215,4_0261,1,0,0,node_project_conflict
4_0216,4_0217,1,0,0,node_project_conflict
4_0216,4_0218,1,0,0,node_project_conflict
4_0216,4_0219,1,0,0,node_project_conflict
4_0216,4_0220,1,0,0,node_project_conflict
4_0216,4_0222,1,0,0,node_project_conflict
4_0216,4_0223,1,0,0,node_project_conflict
4_0216,4_0224,1,0,0,node_project_conflict
4_0216,4_0261,1,0,0,node_project_conflict
4_0217,4_0219,1,0,0,node_project_conflict
4_0217,4_0221,1,0,0,node_project_conflict
4_0217,4_0223,1,0,0,node_project_conflict
4_0217,4_0262,1,0,0,node_project_conflict
4_0217,4_0263,1,0,0,node_project_conflict
4_0218,4_0220,1,0,0,node_project_conflict
4_0218,4_0222,1,0,0,node_project_conflict
4_0218,4_0223,1,0,0,node_project_conflict
4_0218,4_0224,1,0,0,node_project_conflict
4_0218,4_0261,1,0,0,node_project_conflict
4_0219,4_0221,1,0,0,node_project_conflict
4_0219,4_0223,1,0,0,node_project_conflict
4_0219,4_0224,1,0,0,node_project_conflict
4_0219,4_0262,1,0,0,node_project_conflict
4_0220,4_0222,1,0,0,node_project_conflict
4_0220,4_0223,1,0,0,node_project_conflict
4_0220,4_0224,1,0,0,node_project_conflict
4_0220,4_0261,1,0,0,node_project_conflict
4_0221,4_0223,1,0,0,node_project_conflict
4_0221,4_0262,1,0,0,node_project_conflict
4_0221,4_0263,1,0,0,node_project_conflict
4_0221,4_0264,1,0,0,node_project_conflict
4_0222,4_0223,1,0,0,node_project_conflict
4_0222,4_0224,1,0,0,node_project_conflict
4_0222,4_0261,1,0,0,node_project_conflict
4_0223,4_0224,1,0,0,node_project_conflict
4_0223,4_0261,1,0,0,node_project_conflict
4_0224,4_0261,1,0,0,node_project_conflict
4_0260,4_0262,1,0,0,node_project_conflict
4_0260,4_0263,1,0,0,node_project_conflict
4_0260,4_0264,1,0,0,node_project_conflict
4_0260,4_0265,1,0,0,node_project_conflict
4_0260,4_0266,1,0,0,node_project_conflict
4_0260,4_0267,1,0,0,node_project_conflict
4_0260,4_0268,1,0,0,node_project_conflict
4_0262,4_0263,1,0,0,node_project_conflict
4_0262,4_0264,1,0,0,node_project_conflict
4_0262,4_0265,1,0,0,node_project_conflict
4_0262,4_0266,1,0,0,node_project_conflict
4_0262,4_0267,1,0,0,node_project_conflict
4_0262,4_0268,1,0,0,node_project_conflict
4_0263,4_0264,1,0,0,node_project_conflict
4_0263,4_0265,1,0,0,node_project_conflict
4_0263,4_0266,1,0,0,node_project_conflict
4_0263,4_0267,1,0,0,node_project_conflict
4_0263,4_0268,1,0,0,node_project_conflict
4_0264,4_0265,1,0,0,node_project_conflict
4_0264,4_0266,1,0,0,node_project_conflict
4_0264,4_0267,1,0,0,node_project_conflict
4_0264,4_0268,1,0,0,node_project_conflict
4_0265,4_0266,1,0,0,node_project_conflict
4_0265,4_0267,1,0,0,node_project_conflict
4_0265,4_0268,1,0,0,node_project_conflict
4_0266,4_0267,1,0,0,node_project_conflict
4_0266,4_0268,1,0,0,node_project_conflict
4_0267,4_0268,1,0,0,node_project_conflict
4_0902,4_A902,1,0,0,node_project_conflict
4_0903,4_A901,1,0,0,node_project_conflict
4_0903,4_A903,1,0,0,node_project_conflict
4_A901,4_A902,1,0,0,node_project_conflict
4_A901,4_A903,1,0,0,node_project_conflict
4_A902,4_A903,1,0,0,node_project_conflict
4_AA01,4_AA02,1,0,0,node_project_conflict
4_AA01,4_AA03,1,0,0,node_project_conflict
4_AA01,4_AA59,1,0,0,node_project_conflict
4_AA01,4_AA60,1,0,0,node_project_conflict
4_AA01,4_AA61,1,0,0,node_project_conflict
4_AA02,4_AA03,1,0,0,node_project_conflict
4_AA02,4_AA59,1,0,0,node_project_conflict
4_AA02,4_AA60,1,0,0,node_project_conflict
4_AA02,4_AA61,1,0,0,node_project_conflict
4_AA03,4_AA59,1,0,0,node_project_conflict
4_AA03,4_AA60,1,0,0,node_project_conflict
4_AA03,4_AA61,1,0,0,node_project_conflict
4_AA59,4_AA60,1,0,0,node_project_conflict
4_AA59,4_AA61,1,0,0,node_project_conflict
4_AA60,4_AA61,1,0,0,node_project_conflict
4_BA01,4_BA02,1,0,0,node_project_conflict
4_BA01,4_BA03,1,0,0,node_project_conflict
4_BA01,4_BA59,1,0,0,node_project_conflict
4_BA01,4_BA60,1,0,0,node_project_conflict
4_BA01,4_BA61,1,0,0,node_project_conflict
4_BA02,4_BA03,1,0,0,node_project_conflict
4_BA02,4_BA59,1,0,0,node_project_conflict
4_BA02,4_BA60,1,0,0,node_project_conflict
4_BA02,4_BA61,1,0,0,node_project_conflict
4_BA03,4_BA59,1,0,0,node_project_conflict
4_BA03,4_BA60,1,0,0,node_project_conflict
4_BA03,4_BA61,1,0,0,node_project_conflict
4_BA59,4_BA60,1,0,0,node_project_conflict
4_BA59,4_BA61,1,0,0,node_project_conflict
4_BA60,4_BA61,1,0,0,node_project_conflict
51_0113,51_0115,1,243,243,node_project_conflict
51_0113,51_0116,1,243,243,node_project_conflict
51_0113,51_0117,1,243,243,node_project_conflict
51_0113,51_0118,1,243,243,node_project_conflict
51_0113,51_0119,1,243,243,node_project_conflict
51_0113,51_0122,1,243,243,node_project_conflict
51_0113,51_0123,1,243,243,node_project_conflict
51_0113,51_0124,1,243,243,node_project_conflict
51_0114,51_0116,1,243,243,node_project_conflict
51_0114,51_0119,1,243,243,node_project_conflict
51_0114,51_0120,1,243,243,node_project_conflict
51_0114,51_0121,1,243,243,node_project_conflict
51_0114,51_0122,1,243,243,node_project_conflict
51_0114,51_0123,1,243,243,node_project_conflict
51_0114,51_0124,1,243,243,node_project_conflict
51_0114,51_0159,1,243,243,node_project_conflict
51_0115,51_0116,1,243,243,node_project_conflict
51_0115,51_0117,1,243,243,node_project_conflict
51_0115,51_0118,1,243,243,node_project_conflict
51_0115,51_0119,1,243,243,node_project_conflict
51_0115,51_0122,1,243,243,node_project_conflict
51_0115,51_0123,1,243,243,node_project_conflict
51_0115,51_0124,1,243,243,node_project_conflict
51_0116,51_0117,1,243,243,node_project_conflict
51_0116,51_0118,1,243,243,node_project_conflict
51_0116,51_0119,1,243,243,node_project_conflict
51_0116,51_0120,1,243,243,node_project_conflict
51_0116,51_0121,1,243,243,node_project_conflict
51_0116,51_0122,1,243,243,node_project_conflict
51_0116,51_0123,1,243,243,node_project_conflict
51_0116,51_0124,1,243,243,node_project_conflict
51_0116,51_0159,1,243,243,node_project_conflict
51_0117,51_0118,1,243,243,node_project_conflict
51_0117,51_0119,1,243,243,node_project_conflict
51_0117,51_0122,1,243,243,node_project_conflict
51_0117,51_0123,1,243,243,node_project_conflict
51_0117,51_0124,1,243,243,node_project_conflict
51_0118,51_0119,1,243,243,node_project_conflict
51_0118,51_0122,1,243,243,node_project_conflict
51_0118,51_0123,1,243,243,node_project_conflict
51_0118,51_0124,1,243,243,node_project_conflict
51_0119,51_0120,1,243,243,node_project_conflict
51_0119,51_0121,1,243,243,node_project_conflict
51_0119,51_0122,1,243,243,node_project_conflict
51_0119,51_0123,1,243,243,node_project_conflict
51_0119,51_0124,1,243,243,node_project_conflict
51_0119,51_0159,1,243,243,node_project_conflict
51_0120,51_0121,1,243,243,node_project_conflict
51_0120,51_0122,1,243,243,node_project_conflict
51_0120,51_0123,1,243,243,node_project_conflict
51_0120,51_0124,1,243,243,node_project_conflict
51_0120,51_0159,1,243,243,node_project_conflict
51_0121,51_0122,1,243,243,node_project_conflict
51_0121,51_0123,1,243,243,node_project_conflict
51_0121,51_0124,1,243,243,node_project_conflict
51_0121,51_0159,1,243,243,node_project_conflict
51_0122,51_0123,1,243,243,node_project_conflict
51_0122,51_0124,1,243,243,node_project_conflict
51_0122,51_0159,1,243,243,node_project_conflict
51_0123,51_0124,1,243,243,node_project_conflict
51_0123,51_0159,1,243,243,node_project_conflict
51_0124,51_0159,1,243,243,node_project_conflict
53_0201,53_0202,1,0,0,node_project_conflict
53_0201,53_0203,1,0,0,node_project_conflict
53_0201,53_0204,1,0,0,node_project_conflict
53_0201,53_0205,1,0,0,node_project_conflict
53_0201,53_0206,1,0,0,node_project_conflict
53_0201,53_0207,1,0,0,node_project_conflict
53_0201,53_0208,1,0,0,node_project_conflict
53_0201,53_0209,1,0,0,node_project_conflict
53_0201,53_0210,1,0,0,node_project_conflict
53_0201,53_0211,1,0,0,node_project_conflict
53_0201,53_0212,1,0,0,node_project_conflict
53_0201,53_0259,1,0,0,node_project_conflict
53_0202,53_0203,1,0,0,node_project_conflict
53_0202,53_0204,1,0,0,node_project_conflict
53_0202,53_0209,1,0,0,node_project_conflict
53_0202,53_0210,1,0,0,node_project_conflict
53_0202,53_0211,1,0,0,node_project_conflict
53_0202,53_0212,1,0,0,node_project_conflict
53_0202,53_0259,1,0,0,node_project_conflict
53_0203,53_0204,1,0,0,node_project_conflict
53_0203,53_0209,1,0,0,node_project_conflict
53_0203,53_0210,1,0,0,node_project_conflict
53_0203,53_0211,1,0,0,node_project_conflict
53_0203,53_0212,1,0,0,node_project_conflict
53_0203,53_0259,1,0,0,node_project_conflict
53_0204,53_0205,1,0,0,node_project_conflict
53_0204,53_0206,1,0,0,node_project_conflict
53_0204,53_0207,1,0,0,node_project_conflict
53_0204,53_0208,1,0,0,node_project_conflict
53_0204,53_0209,1,0,0,node_project_conflict
53_0204,53_0210,1,0,0,node_project_conflict
53_0204,53_0211,1,0,0,node_project_conflict
53_0204,53_0212,1,0,0,node_project_conflict
53_0204,53_0259,1,0,0,node_project_conflict
53_0205,53_0206,1,0,0,node_project_conflict
53_0205,53_0207,1,0,0,node_project_conflict
53_0205,53_0208,1,0,0,node_project_conflict
53_0205,53_0209,1,0,0,node_project_conflict
53_0205,53_0211,1,0,0,node_project_conflict
53_0205,53_0212,1,0,0,node_project_conflict
53_0206,53_0207,1,0,0,node_project_conflict
53_0206,53_0208,1,0,0,node_project_conflict
53_0206,53_0209,1,0,0,node_project_conflict
53_0206,53_0211,1,0,0,node_project_conflict
53_0206,53_0212,1,0,0,node_project_conflict
53_0207,53_0208,1,0,0,node_project_conflict
53_0207,53_0209,1,0,0,node_project_conflict
53_0207,53_0211,1,0,0,node_project_conflict
53_0207,53_0212,1,0,0,node_project_conflict
53_0208,53_0209,1,0,0,node_project_conflict
53_0208,53_0211,1,0,0,node_project_conflict
53_0208,53_0212,1,0,0,node_project_conflict
53_0209,53_0210,1,0,0,node_project_conflict
53_0209,53_0211,1,0,0,node_project_conflict
53_0209,53_0212,1,0,0,node_project_conflict
53_0209,53_0259,1,0,0,node_project_conflict
53_0210,53_0211,1,0,0,node_project_conflict
53_0210,53_0212,1,0,0,node_project_conflict
53_0210,53_0259,1,0,0,node_project_conflict
53_0211,53_0212,1,0,0,node_project_conflict
53_0211,53_0259,1,0,0,node_project_conflict
53_0212,53_0259,1,0,0,node_project_conflict
53_0801,53_0802,1,31,31,node_project_conflict
53_A809,53_A810,1,0,0,node_project_conflict
55_0113,55_0116,1,1,1,node_project_conflict
55_0113,55_0118,1,1,1,node_project_conflict
55_0113,55_0119,1,1,1,node_project_conflict
55_0113,55_0120,1,1,1,node_project_conflict
55_0113,55_0121,1,1,1,node_project_conflict
55_0113,55_0122,1,1,1,node_project_conflict
55_0114,55_0115,1,1,1,node_project_conflict
55_0114,55_0117,1,1,1,node_project_conflict
55_0114,55_0123,1,1,1,node_project_conflict
55_0114,55_0124,1,1,1,node_project_conflict
55_0114,55_C901,1,1,1,node_project_conflict
55_0114,55_C902,1,1,1,node_project_conflict
55_0114,55_C903,1,1,1,node_project_conflict
55_0114,55_C959,1,1,1,node_project_conflict
55_0115,55_0117,1,1,1,node_project_conflict
55_0115,55_0119,1,1,1,node_project_conflict
55_0115,55_0121,1,1,1,node_project_conflict
55_0115,55_0123,1,1,1,node_project_conflict
55_0115,55_0124,1,1,1,node_project_conflict
55_0115,55_C901,1,1,1,node_project_conflict
55_0115,55_C959,1,1,1,node_project_conflict
55_0116,55_0118,1,1,1,node_project_conflict
55_0116,55_0119,1,1,1,node_project_conflict
55_0116,55_0120,1,1,1,node_project_conflict
55_0116,55_0121,1,1,1,node_project_conflict
55_0116,55_0122,1,1,1,node_project_conflict
55_0117,55_0119,1,1,1,node_project_conflict
55_0117,55_0123,1,1,1,node_project_conflict
55_0117,55_0124,1,1,1,node_project_conflict
55_0117,55_C901,1,1,1,node_project_conflict
55_0117,55_C902,1,1,1,node_project_conflict
55_0117,55_C959,1,1,1,node_project_conflict
55_0118,55_0119,1,1,1,node_project_conflict
55_0118,55_0120,1,1,1,node_project_conflict
55_0118,55_0121,1,1,1,node_project_conflict
55_0118,55_0122,1,1,1,node_project_conflict
55_0119,55_0120,1,1,1,node_project_conflict
55_0119,55_0121,1,1,1,node_project_conflict
55_0119,55_0122,1,1,1,node_project_conflict
55_0119,55_0123,1,1,1,node_project_conflict
55_0119,55_0124,1,1,1,node_project_conflict
55_0120,55_0121,1,1,1,node_project_conflict
55_0120,55_0122,1,1,1,node_project_conflict
55_0120,55_0123,1,1,1,node_project_conflict
55_0120,55_0124,1,1,1,node_project_conflict
55_0121,55_0122,1,1,1,node_project_conflict
55_0121,55_0123,1,1,1,node_project_conflict
55_0121,55_0124,1,1,1,node_project_conflict
55_0122,55_0124,1,1,1,node_project_conflict
55_0123,55_0124,1,1,1,node_project_conflict
55_0123,55_C901,1,1,1,node_project_conflict
55_0124,55_C901,1,1,1,node_project_conflict
55_0213,55_0214,1,1,1,node_project_conflict
55_0213,55_0216,1,1,1,node_project_conflict
55_0213,55_0217,1,1,1,node_project_conflict
55_0213,55_0220,1,1,1,node_project_conflict
55_0213,55_0222,1,1,1,node_project_conflict
55_0213,55_0223,1,1,1,node_project_conflict
55_0213,55_0261,1,1,1,node_project_conflict
55_0213,55_0266,1,1,1,node_project_conflict
55_0214,55_0215,1,1,1,node_project_conflict
55_0214,55_0218,1,1,1,node_project_conflict
55_0214,55_0219,1,1,1,node_project_conflict
55_0214,55_0222,1,1,1,node_project_conflict
55_0214,55_0223,1,1,1,node_project_conflict
55_0214,55_0261,1,1,1,node_project_conflict
55_0214,55_0262,1,1,1,node_project_conflict
55_0215,55_0218,1,1,1,node_project_conflict
55_0215,55_0219,1,1,1,node_project_conflict
55_0215,55_0262,1,1,1,node_project_conflict
55_0215,55_C902,1,1,1,node_project_conflict
55_0215,55_C903,1,1,1,node_project_conflict
55_0215,55_C959,1,1,1,node_project_conflict
55_0215,55_C960,1,1,1,node_project_conflict
55_0216,55_0217,1,1,1,node_project_conflict
55_0216,55_0220,1,1,1,node_project_conflict
55_0216,55_0221,1,1,1,node_project_conflict
55_0216,55_0224,1,1,1,node_project_conflict
55_0216,55_0259,1,1,1,node_project_conflict
55_0216,55_0260,1,1,1,node_project_conflict
55_0216,55_0263,1,1,1,node_project_conflict
55_0216,55_0264,1,1,1,node_project_conflict
55_0216,55_0265,1,1,1,node_project_conflict
55_0216,55_0266,1,1,1,node_project_conflict
55_0217,55_0220,1,1,1,node_project_conflict
55_0217,55_0221,1,1,1,node_project_conflict
55_0217,55_0223,1,1,1,node_project_conflict
55_0217,55_0224,1,1,1,node_project_conflict
55_0217,55_0261,1,1,1,node_project_conflict
55_0217,55_0266,1,1,1,node_project_conflict
55_0218,55_0219,1,1,1,node_project_conflict
55_0218,55_0222,1,1,1,node_project_conflict
55_0218,55_0223,1,1,1,node_project_conflict
55_0218,55_0262,1,1,1,node_project_conflict
55_0218,55_C903,1,1,1,node_project_conflict
55_0218,55_C960,1,1,1,node_project_conflict
55_0219,55_0222,1,1,1,node_project_conflict
55_0219,55_0262,1,1,1,node_project_conflict
55_0219,55_C902,1,1,1,node_project_conflict
55_0219,55_C903,1,1,1,node_project_conflict
55_0219,55_C960,1,1,1,node_project_conflict
55_0220,55_0221,1,1,1,node_project_conflict
55_0220,55_0224,1,1,1,node_project_conflict
55_0220,55_0259,1,1,1,node_project_conflict
55_0220,55_0260,1,1,1,node_project_conflict
55_0220,55_0261,1,1,1,node_project_conflict
55_0220,55_0263,1,1,1,node_project_conflict
55_0220,55_0264,1,1,1,node_project_conflict
55_0220,55_0265,1,1,1,node_project_conflict
55_0220,55_0266,1,1,1,node_project_conflict
55_0221,55_0224,1,1,1,node_project_conflict
55_0221,55_0259,1,1,1,node_project_conflict
55_0221,55_0260,1,1,1,node_project_conflict
55_0221,55_0263,1,1,1,node_project_conflict
55_0221,55_0264,1,1,1,node_project_conflict
55_0221,55_0265,1,1,1,node_project_conflict
55_0221,55_0266,1,1,1,node_project_conflict
55_0222,55_0223,1,1,1,node_project_conflict
55_0222,55_0261,1,1,1,node_project_conflict
55_0222,55_0262,1,1,1,node_project_conflict
55_0222,55_0266,1,1,1,node_project_conflict
55_0223,55_0261,1,1,1,node_project_conflict
55_0223,55_0262,1,1,1,node_project_conflict
55_0223,55_0266,1,1,1,node_project_conflict
55_0224,55_0259,1,1,1,node_project_conflict
55_0224,55_0260,1,1,1,node_project_conflict
55_0224,55_0263,1,1,1,node_project_conflict
55_0224,55_0264,1,1,1,node_project_conflict
55_0224,55_0265,1,1,1,node_project_conflict
55_0224,55_0266,1,1,1,node_project_conflict
55_0259,55_0260,1,1,1,node_project_conflict
55_0259,55_0263,1,1,1,node_project_conflict
55_0259,55_0264,1,1,1,node_project_conflict
55_0259,55_0265,1,1,1,node_project_conflict
55_0260,55_0263,1,1,1,node_project_conflict
55_0260,55_0264,1,1,1,node_project_conflict
55_0260,55_0265,1,1,1,node_project_conflict
55_0261,55_0262,1,1,1,node_project_conflict
55_0261,55_0266,1,1,1,node_project_conflict
55_0262,55_C960,1,1,1,node_project_conflict
55_0263,55_0264,1,1,1,node_project_conflict
55_0263,55_0265,1,1,1,node_project_conflict
55_0264,55_0265,1,1,1,node_project_conflict
55_0805,55_0806,1,1,1,node_project_conflict
55_6351,55_6352,1,30,30,node_project_conflict
55_6351,55_6353,1,30,30,node_project_conflict
55_6351,55_6354,1,30,30,node_project_conflict
55_6351,55_6355,1,30,30,node_project_conflict
55_6352,55_6353,1,30,30,node_project_conflict
55_6352,55_6354,1,30,30,node_project_conflict
55_6352,55_6355,1,30,30,node_project_conflict
55_6353,55_6354,1,30,30,node_project_conflict
55_6353,55_6355,1,30,30,node_project_conflict
55_6354,55_6355,1,30,30,node_project_conflict
55_C901,55_C902,1,31,31,node_project_conflict
55_C901,55_C903,1,31,31,node_project_conflict
55_C901,55_C959,1,31,31,node_project_conflict
55_C901,55_C960,1,31,31,node_project_conflict
55_C902,55_C903,1,31,31,node_project_conflict
55_C902,55_C959,1,31,31,node_project_conflict
55_C902,55_C960,1,31,31,node_project_conflict
55_C903,55_C959,1,31,31,node_project_conflict
55_C903,55_C960,1,31,31,node_project_conflict
55_C959,55_C960,1,31,31,node_project_conflict
56_7775,56_B310,1,335,335,node_project_conflict
56_7775,56_B320,1,335,335,node_project_conflict
56_7775,56_B330,1,335,335,node_project_conflict
56_7775,56_B350,1,335,335,node_project_conflict
56_7775,56_B360,1,335,335,node_project_conflict
56_B310,56_B320,1,335,335,node_project_conflict
56_B310,56_B330,1,335,335,node_project_conflict
56_B310,56_B350,1,335,335,node_project_conflict
56_B310,56_B360,1,335,335,node_project_conflict
56_B320,56_B330,1,335,335,node_project_conflict
56_B320,56_B350,1,335,335,node_project_conflict
56_B320,56_B360,1,335,335,node_project_conflict
56_B330,56_B350,1,335,335,node_project_conflict
56_B330,56_B360,1,335,335,node_project_conflict
56_B350,56_B360,1,335,335,node_project_conflict
5_0113,5_0114,1,274,274,node_project_conflict
5_0113,5_0115,1,274,274,node_project_conflict
5_0113,5_0116,1,274,274,node_project_conflict
5_0113,5_0117,1,274,274,node_project_conflict
5_0113,5_0118,1,274,274,node_project_conflict
5_0113,5_0122,1,274,274,node_project_conflict
5_0113,5_0123,1,274,274,node_project_conflict
5_0113,5_0124,1,274,274,node_project_conflict
5_0114,5_0115,1,274,274,node_project_conflict
5_0114,5_0116,1,274,274,node_project_conflict
5_0114,5_0117,1,274,274,node_project_conflict
5_0114,5_0118,1,274,274,node_project_conflict
5_0114,5_0122,1,274,274,node_project_conflict
5_0114,5_0123,1,274,274,node_project_conflict
5_0114,5_0124,1,274,274,node_project_conflict
5_0115,5_0116,1,274,274,node_project_conflict
5_0115,5_0117,1,274,274,node_project_conflict
5_0115,5_0118,1,274,274,node_project_conflict
5_0115,5_0119,1,274,274,node_project_conflict
5_0115,5_0120,1,274,274,node_project_conflict
5_0115,5_0121,1,274,274,node_project_conflict
5_0115,5_0122,1,274,274,node_project_conflict
5_0115,5_0123,1,274,274,node_project_conflict
5_0115,5_0124,1,274,274,node_project_conflict
5_0116,5_0117,1,274,274,node_project_conflict
5_0116,5_0118,1,274,274,node_project_conflict
5_0116,5_0119,1,274,274,node_project_conflict
5_0116,5_0120,1,274,274,node_project_conflict
5_0116,5_0121,1,274,274,node_project_conflict
5_0116,5_0122,1,274,274,node_project_conflict
5_0116,5_0123,1,274,274,node_project_conflict
5_0116,5_0124,1,274,274,node_project_conflict
5_0117,5_0118,1,274,274,node_project_conflict
5_0117,5_0122,1,274,274,node_project_conflict
5_0117,5_0123,1,274,274,node_project_conflict
5_0117,5_0124,1,274,274,node_project_conflict
5_0118,5_0119,1,274,274,node_project_conflict
5_0118,5_0120,1,274,274,node_project_conflict
5_0118,5_0121,1,274,274,node_project_conflict
5_0118,5_0122,1,274,274,node_project_conflict
5_0118,5_0123,1,274,274,node_project_conflict
5_0118,5_0124,1,274,274,node_project_conflict
5_0119,5_0120,1,274,274,node_project_conflict
5_0119,5_0121,1,274,274,node_project_conflict
5_0119,5_0122,1,274,274,node_project_conflict
5_0119,5_0123,1,274,274,node_project_conflict
5_0119,5_0124,1,274,274,node_project_conflict
5_0120,5_0121,1,274,274,node_project_conflict
5_0120,5_0122,1,274,274,node_project_conflict
5_0120,5_0123,1,274,274,node_project_conflict
5_0120,5_0124,1,274,274,node_project_conflict
5_0121,5_0122,1,274,274,node_project_conflict
5_0121,5_0123,1,274,274,node_project_conflict
5_0121,5_0124,1,274,274,node_project_conflict
5_0122,5_0123,1,274,274,node_project_conflict
5_0122,5_0124,1,274,274,node_project_conflict
5_0123,5_0124,1,274,274,node_project_conflict
5_0213,5_0216,1,61,61,node_project_conflict
5_0213,5_0217,1,61,61,node_project_conflict
5_0213,5_0218,1,61,61,node_project_conflict
5_0213,5_0219,1,61,61,node_project_conflict
5_0213,5_0220,1,61,61,node_project_conflict
5_0213,5_0221,1,61,61,node_project_conflict
5_0213,5_0222,1,61,61,node_project_conflict
5_0213,5_0224,1,61,61,node_project_conflict
5_0214,5_0215,1,61,61,node_project_conflict
5_0214,5_0217,1,61,61,node_project_conflict
5_0214,5_0218,1,61,61,node_project_conflict
5_0214,5_0219,1,61,61,node_project_conflict
5_0214,5_0220,1,61,61,node_project_conflict
5_0214,5_0222,1,61,61,node_project_conflict
5_0214,5_0223,1,61,61,node_project_conflict
5_0214,5_0224,1,61,61,node_project_conflict
5_0215,5_0217,1,61,61,node_project_conflict
5_0215,5_0218,1,61,61,node_project_conflict
5_0215,5_0219,1,61,61,node_project_conflict
5_0215,5_0220,1,61,61,node_project_conflict
5_0215,5_0222,1,61,61,node_project_conflict
5_0215,5_0223,1,61,61,node_project_conflict
5_0215,5_0224,1,61,61,node_project_conflict
5_0216,5_0217,1,61,61,node_project_conflict
5_0216,5_0218,1,61,61,node_project_conflict
5_0216,5_0219,1,61,61,node_project_conflict
5_0216,5_0220,1,61,61,node_project_conflict
5_0216,5_0221,1,61,61,node_project_conflict
5_0216,5_0222,1,61,61,node_project_conflict
5_0216,5_0224,1,61,61,node_project_conflict
5_0217,5_0218,1,61,61,node_project_conflict
5_0217,5_0219,1,61,61,node_project_conflict
5_0217,5_0220,1,61,61,node_project_conflict
5_0217,5_0221,1,61,61,node_project_conflict
5_0217,5_0222,1,61,61,node_project_conflict
5_0217,5_0223,1,61,61,node_project_conflict
5_0217,5_0224,1,61,61,node_project_conflict
5_0218,5_0219,1,61,61,node_project_conflict
5_0218,5_0220,1,61,61,node_project_conflict
5_0218,5_0221,1,61,61,node_project_conflict
5_0218,5_0222,1,61,61,node_project_conflict
5_0218,5_0223,1,61,61,node_project_conflict
5_0218,5_0224,1,61,61,node_project_conflict
5_0219,5_0220,1,61,61,node_project_conflict
5_0219,5_0221,1,61,61,node_project_conflict
5_0219,5_0222,1,61,61,node_project_conflict
5_0219,5_0223,1,61,61,node_project_conflict
5_0219,5_0224,1,61,61,node_project_conflict
5_0220,5_0221,1,61,61,node_project_conflict
5_0220,5_0222,1,61,61,node_project_conflict
5_0220,5_0223,1,61,61,node_project_conflict
5_0220,5_0224,1,61,61,node_project_conflict
5_0221,5_0222,1,61,61,node_project_conflict
5_0221,5_0224,1,61,61,node_project_conflict
5_0222,5_0223,1,61,61,node_project_conflict
5_0222,5_0224,1,61,61,node_project_conflict
5_0223,5_0224,1,61,61,node_project_conflict
5_0803,5_0804,1,0,0,node_project_conflict
5_0803,5_0809,1,0,0,node_project_conflict
5_0803,5_0810,1,0,0,node_project_conflict
5_0804,5_0809,1,0,0,node_project_conflict
5_0804,5_0810,1,0,0,node_project_conflict
5_0809,5_0810,1,0,0,node_project_conflict
5_3071,5_A310,1,0,0,node_project_conflict
5_3071,5_A320,1,0,0,node_project_conflict
5_3071,5_A350,1,0,0,node_project_conflict
5_A310,5_A320,1,0,0,node_project_conflict
5_A310,5_A350,1,0,0,node_project_conflict
5_A320,5_A350,1,0,0,node_project_conflict
6_0201,6_0202,1,30,30,node_project_conflict
6_0201,6_0204,1,30,30,node_project_conflict
6_0201,6_0205,1,30,30,node_project_conflict
6_0201,6_0208,1,30,30,node_project_conflict
6_0201,6_0209,1,30,30,node_project_conflict
6_0201,6_0212,1,30,30,node_project_conflict
6_0202,6_0203,1,30,30,node_project_conflict
6_0202,6_0204,1,30,30,node_project_conflict
6_0202,6_0205,1,30,30,node_project_conflict
6_0202,6_0206,1,30,30,node_project_conflict
6_0202,6_0207,1,30,30,node_project_conflict
6_0202,6_0208,1,30,30,node_project_conflict
6_0202,6_0209,1,30,30,node_project_conflict
6_0202,6_0210,1,30,30,node_project_conflict
6_0202,6_0211,1,30,30,node_project_conflict
6_0202,6_0212,1,30,30,node_project_conflict
6_0203,6_0204,1,30,30,node_project_conflict
6_0203,6_0206,1,30,30,node_project_conflict
6_0203,6_0207,1,30,30,node_project_conflict
6_0203,6_0210,1,30,30,node_project_conflict
6_0203,6_0211,1,30,30,node_project_conflict
6_0204,6_0205,1,30,30,node_project_conflict
6_0204,6_0206,1,30,30,node_project_conflict
6_0204,6_0207,1,30,30,node_project_conflict
6_0204,6_0208,1,30,30,node_project_conflict
6_0204,6_0209,1,30,30,node_project_conflict
6_0204,6_0210,1,30,30,node_project_conflict
6_0204,6_0211,1,30,30,node_project_conflict
6_0204,6_0212,1,30,30,node_project_conflict
6_0205,6_0208,1,30,30,node_project_conflict
6_0205,6_0209,1,30,30,node_project_conflict
6_0205,6_0212,1,30,30,node_project_conflict
6_0206,6_0207,1,30,30,node_project_conflict
6_0206,6_0210,1,30,30,node_project_conflict
6_0206,6_0211,1,30,30,node_project_conflict
6_0207,6_0210,1,30,30,node_project_conflict
6_0207,6_0211,1,30,30,node_project_conflict
6_0208,6_0209,1,30,30,node_project_conflict
6_0208,6_0212,1,30,30,node_project_conflict
6_0209,6_0212,1,30,30,node_project_conflict
6_0210,6_0211,1,30,30,node_project_conflict
6_0210,6_0212,1,30,30,node_project_conflict
6_0811,6_0812,1,123,123,node_project_conflict
6_A805,6_A806,1,61,61,node_project_conflict
8_0213,8_0214,1,31,31,node_project_conflict
8_0213,8_0215,1,31,31,node_project_conflict
8_0213,8_0216,1,31,31,node_project_conflict
8_0213,8_0217,1,31,31,node_project_conflict
8_0213,8_0218,1,31,31,node_project_conflict
8_0213,8_0219,1,31,31,node_project_conflict
8_0213,8_0220,1,31,31,node_project_conflict
8_0213,8_0224,1,31,31,node_project_conflict
8_0214,8_0215,1,31,31,node_project_conflict
8_0214,8_0216,1,31,31,node_project_conflict
8_0214,8_0217,1,31,31,node_project_conflict
8_0214,8_0218,1,31,31,node_project_conflict
8_0214,8_0219,1,31,31,node_project_conflict
8_0214,8_0220,1,31,31,node_project_conflict
8_0214,8_0224,1,31,31,node_project_conflict
8_0215,8_0216,1,31,31,node_project_conflict
8_0215,8_0217,1,31,31,node_project_conflict
8_0215,8_0218,1,31,31,node_project_conflict
8_0215,8_0219,1,31,31,node_project_conflict
8_0215,8_0220,1,31,31,node_project_conflict
8_0215,8_0224,1,31,31,node_project_conflict
8_0216,8_0217,1,31,31,node_project_conflict
8_0216,8_0218,1,31,31,node_project_conflict
8_0216,8_0219,1,31,31,node_project_conflict
8_0216,8_0220,1,31,31,node_project_conflict
8_0216,8_0224,1,31,31,node_project_conflict
8_0217,8_0218,1,31,31,node_project_conflict
8_0217,8_0219,1,31,31,node_project_conflict
8_0217,8_0220,1,31,31,node_project_conflict
8_0217,8_0221,1,31,31,node_project_conflict
8_0217,8_0222,1,31,31,node_project_conflict
8_0217,8_0223,1,31,31,node_project_conflict
8_0217,8_0224,1,31,31,node_project_conflict
8_0217,8_0259,1,31,31,node_project_conflict
8_0217,8_0811,1,31,31,node_project_conflict
8_0217,8_0812,1,31,31,node_project_conflict
8_0218,8_0219,1,31,31,node_project_conflict
8_0218,8_0220,1,31,31,node_project_conflict
8_0218,8_0224,1,31,31,node_project_conflict
8_0218,8_0811,1,31,31,node_project_conflict
8_0219,8_0220,1,31,31,node_project_conflict
8_0219,8_0221,1,31,31,node_project_conflict
8_0219,8_0224,1,31,31,node_project_conflict
8_0219,8_0811,1,31,31,node_project_conflict
8_0219,8_0812,1,31,31,node_project_conflict
8_0220,8_0221,1,31,31,node_project_conflict
8_0220,8_0222,1,31,31,node_project_conflict
8_0220,8_0223,1,31,31,node_project_conflict
8_0220,8_0224,1,31,31,node_project_conflict
8_0220,8_0259,1,31,31,node_project_conflict
8_0220,8_0811,1,31,31,node_project_conflict
8_0220,8_0812,1,31,31,node_project_conflict
8_0221,8_0222,1,31,31,node_project_conflict
8_0221,8_0223,1,31,31,node_project_conflict
8_0221,8_0224,1,31,31,node_project_conflict
8_0221,8_0259,1,31,31,node_project_conflict
8_0221,8_0811,1,31,31,node_project_conflict
8_0221,8_0812,1,31,31,node_project_conflict
8_0222,8_0223,1,31,31,node_project_conflict
8_0222,8_0224,1,31,31,node_project_conflict
8_0222,8_0259,1,31,31,node_project_conflict
8_0222,8_0811,1,31,31,node_project_conflict
8_0222,8_0812,1,31,31,node_project_conflict
8_0223,8_0224,1,31,31,node_project_conflict
8_0223,8_0259,1,31,31,node_project_conflict
8_0223,8_0811,1,31,31,node_project_conflict
8_0223,8_0812,1,31,31,node_project_conflict
8_0224,8_0259,1,31,31,node_project_conflict
8_0224,8_0811,1,31,31,node_project_conflict
8_0224,8_0812,1,31,31,node_project_conflict
8_0259,8_0811,1,31,31,node_project_conflict
8_0259,8_0812,1,31,31,node_project_conflict
8_0811,8_0812,1,92,92,node_project_conflict
8_A410,8_A411,1,122,122,node_project_conflict
8_A410,8_A412,1,122,122,node_project_conflict
8_A410,8_A430,1,122,122,node_project_conflict
8_A410,8_A441,1,122,122,node_project_conflict
8_A410,8_A442,1,122,122,node_project_conflict
8_A410,8_A443,1,122,122,node_project_conflict
8_A410,8_A451,1,122,122,node_project_conflict
8_A410,8_A452,1,122,122,node_project_conflict
8_A411,8_A412,1,122,122,node_project_conflict
8_A411,8_A430,1,122,122,node_project_conflict
8_A411,8_A441,1,122,122,node_project_conflict
8_A411,8_A442,1,122,122,node_project_conflict
8_A411,8_A443,1,122,122,node_project_conflict
8_A411,8_A451,1,122,122,node_project_conflict
8_A411,8_A452,1,122,122,node_project_conflict
8_A411,8_A455,1,122,122,node_project_conflict
8_A412,8_A413,1,122,122,node_project_conflict
8_A412,8_A430,1,122,122,node_project_conflict
8_A412,8_A431,1,122,122,node_project_conflict
8_A412,8_A441,1,122,122,node_project_conflict
8_A412,8_A442,1,122,122,node_project_conflict
8_A412,8_A443,1,122,122,node_project_conflict
8_A412,8_A451,1,122,122,node_project_conflict
8_A412,8_A452,1,122,122,node_project_conflict
8_A413,8_A414,1,122,122,node_project_conflict
8_A413,8_A415,1,122,122,node_project_conflict
8_A413,8_A431,1,122,122,node_project_conflict
8_A413,8_A443,1,122,122,node_project_conflict
8_A413,8_A444,1,122,122,node_project_conflict
8_A413,8_A445,1,122,122,node_project_conflict
8_A413,8_A446,1,122,122,node_project_conflict
8_A413,8_A451,1,122,122,node_project_conflict
8_A413,8_A452,1,122,122,node_project_conflict
8_A413,8_A455,1,122,122,node_project_conflict
8_A414,8_A415,1,122,122,node_project_conflict
8_A414,8_A431,1,122,122,node_project_conflict
8_A414,8_A444,1,122,122,node_project_conflict
8_A414,8_A445,1,122,122,node_project_conflict
8_A414,8_A446,1,122,122,node_project_conflict
8_A414,8_A452,1,122,122,node_project_conflict
8_A414,8_A455,1,122,122,node_project_conflict
8_A415,8_A430,1,122,122,node_project_conflict
8_A415,8_A431,1,122,122,node_project_conflict
8_A415,8_A444,1,122,122,node_project_conflict
8_A415,8_A445,1,122,122,node_project_conflict
8_A415,8_A446,1,122,122,node_project_conflict
8_A415,8_A452,1,122,122,node_project_conflict
8_A415,8_A455,1,122,122,node_project_conflict
8_A430,8_A431,1,122,122,node_project_conflict
8_A430,8_A441,1,122,122,node_project_conflict
8_A430,8_A442,1,122,122,node_project_conflict
8_A430,8_A443,1,122,122,node_project_conflict
8_A430,8_A451,1,122,122,node_project_conflict
8_A430,8_A452,1,122,122,node_project_conflict
8_A431,8_A441,1,122,122,node_project_conflict
8_A431,8_A443,1,122,122,node_project_conflict
8_A431,8_A444,1,122,122,node_project_conflict
8_A431,8_A445,1,122,122,node_project_conflict
8_A431,8_A446,1,122,122,node_project_conflict
8_A431,8_A451,1,122,122,node_project_conflict
8_A431,8_A452,1,122,122,node_project_conflict
8_A431,8_A455,1,122,122,node_project_conflict
8_A441,8_A442,1,122,122,node_project_conflict
8_A441,8_A443,1,122,122,node_project_conflict
8_A441,8_A451,1,122,122,node_project_conflict
8_A441,8_A452,1,122,122,node_project_conflict
8_A442,8_A443,1,122,122,node_project_conflict
8_A442,8_A451,1,122,122,node_project_conflict
8_A442,8_A452,1,122,122,node_project_conflict
8_A443,8_A444,1,122,122,node_project_conflict
8_A443,8_A451,1,122,122,node_project_conflict
8_A443,8_A452,1,122,122,node_project_conflict
8_A444,8_A445,1,122,122,node_project_conflict
8_A444,8_A446,1,122,122,node_project_conflict
8_A444,8_A452,1,122,122,node_project_conflict
8_A444,8_A455,1,122,122,node_project_conflict
8_A445,8_A446,1,122,122,node_project_conflict
8_A445,8_A452,1,122,122,node_project_conflict
8_A445,8_A455,1,122,122,node_project_conflict
8_A446,8_A451,1,122,122,node_project_conflict
8_A446,8_A452,1,122,122,node_project_conflict
8_A446,8_A455,1,122,122,node_project_conflict
8_A451,8_A452,1,122,122,node_project_conflict
8_A452,8_A455,1,122,122,node_project_conflict
