node_id,actual_total_overlap_days,baseline_pred,gcn_pred,ngcn_pred,gcn_network_pred,ngcn_network_pred,gcn_error,ngcn_error
50_1004,0.0,34.62458148386568,33.183273,51.541237,66.25270197136928,103.16011218241621,33.18327331542969,51.541236877441406
25_1003,0.0,0.0,56.027348,80.81738,110.05076884198131,161.13026247643694,56.027347564697266,80.8173828125
24_2805,0.0,0.0,51.97285,94.555855,104.6027561839333,190.58358587510094,51.97285079956055,94.55585479736328
24_2401,0.0,1238.3701893498348,36.099884,56.51483,72.59649593684223,113.58730462408977,36.099884033203125,56.51483154296875
24_1634,0.0,19.631447539367315,33.305107,50.705956,66.6405100629097,102.59901339186763,33.30510711669922,50.705955505371094
36_4017,0.0,0.0,31.344797,49.036594,62.72787591887252,98.19890524798448,31.344797134399414,49.03659439086914
36_4018,0.0,11.446041248931408,51.00588,93.54128,102.47589622321294,187.93318990662502,51.00587844848633,93.5412826538086
36_1011,0.0,0.0,55.522007,70.66343,107.5642398304173,138.1965970401175,55.52200698852539,70.6634292602539
51_2004,0.0,0.0,65.22741,92.37188,125.72804898069617,176.6381568631128,65.22740936279297,92.37187957763672
51_5008,0.0,0.0,59.48996,74.72549,116.31214042124057,148.16796812010983,59.489959716796875,74.7254867553711
51_5010,0.0,1596.1616852001778,51.49555,94.550224,103.45861217976653,189.49701857008415,51.495548248291016,94.55022430419922
51_2564,0.0,0.0,55.82585,70.57329,109.74435914124923,142.05980300396186,55.82585144042969,70.57328796386719
51_1002,0.0,0.0,36.210762,37.800903,72.97275819718071,77.80647170656962,36.21076202392578,37.8009033203125
51_1023,0.0,77.36393607749532,53.042942,95.78152,106.69040230376544,193.623790222148,53.04294204711914,95.7815170288086
51_5009,0.0,0.0,46.47703,89.794716,92.65850419153017,183.47333599299714,46.47703170776367,89.79471588134766
51_2021,0.0,0.0,42.596012,48.509735,84.66819966519265,95.73533776265589,42.596012115478516,48.509735107421875
10_4002,0.0,0.0,27.671711,42.53361,55.221979673474955,85.48733786459569,27.671710968017578,42.53361129760742
10_1450,0.0,0.0,33.47421,52.52055,67.0966579808824,105.24007348562027,33.47420883178711,52.52054977416992
10_5004,0.0,0.0,51.07197,93.72933,102.37411044861526,187.8093664959681,51.07197189331055,93.72933197021484
10_5005,0.0,0.0,36.03155,55.293236,72.05149544322876,111.343718320375,36.031551361083984,55.293235778808594
10_1201,0.0,0.0,36.260296,55.706497,72.55918062729096,112.20508211160913,36.26029586791992,55.70649719238281
24_1632,0.0,2779.8114309438133,29.810509,47.16378,59.46096103338943,93.41598992927446,29.810508728027344,47.163780212402344
24_5807,0.0,6254.367791677706,52.484676,93.10934,97.99610254615627,157.03966056442107,52.484676361083984,93.10933685302734
42_1597,0.0,0.0,43.951214,48.12388,88.02995574054569,97.29909378097159,43.95121383666992,48.123878479003906
42_1599,0.0,87.17436384524464,69.23728,103.85563,137.67463989862708,206.99670068960273,69.2372817993164,103.85562896728516
42_1605,0.0,2.4952087061866166,71.62748,99.719215,144.09459633444482,204.90148064610176,71.62747955322266,99.7192153930664
42_1606,0.0,0.0,35.086803,54.982067,70.43305989322593,110.39541659810006,35.0868034362793,54.9820671081543
42_1608,0.0,0.0,34.884113,36.58563,70.23061627785029,75.70396481313136,34.88411331176758,36.585628509521484
42_1613,0.0,0.0,58.453625,71.872246,114.8994380216391,144.17344829456877,58.4536247253418,71.87224578857422
42_1614,0.0,0.0,31.13259,48.57246,62.293925868969396,97.37934596124035,31.13258934020996,48.57246017456055
42_1617,0.0,0.0,57.110004,69.86143,112.21928791619703,140.41858973202548,57.11000442504883,69.8614273071289
42_1618,0.0,0.0,85.4758,179.94101,166.49820597293197,356.5063408692683,85.47579956054688,179.94100952148438
23_1012,0.0,48.951840870492646,51.940136,93.937164,104.6106225758658,190.0871139439428,51.94013595581055,93.93716430664062
23_1001,0.0,0.0,42.24381,76.44759,84.40041985310596,153.26019597950045,42.24380874633789,76.44759368896484
23_3014,0.0,75.74442295425008,50.094112,90.89777,100.77603631900931,183.49189888870254,50.094112396240234,90.89777374267578
25_1002,0.0,0.0,51.651165,66.31925,99.66083320234159,128.95634734002573,51.65116500854492,66.31925201416016
25_1004,0.0,0.0,58.657234,75.949684,114.13615782937866,148.50432645438775,58.65723419189453,75.9496841430664
33_1001,0.0,0.0,54.12295,68.941475,104.76053675449488,134.70664120494848,54.12295150756836,68.94147491455078
34_1003,0.0,0.0,40.6448,45.880947,80.72615586700613,90.87248277921803,40.644798278808594,45.88094711303711
34_1011,0.0,0.0,46.79566,86.043564,93.63147648729029,171.616878313,46.795658111572266,86.04356384277344
34_1030,0.0,0.0,31.88354,49.495716,63.624223030816964,99.02684846168482,31.8835391998291,49.4957160949707
34_1031,0.0,12.231400398444492,65.301704,83.99307,127.8686470258404,168.2298298844617,65.30170440673828,83.99307250976562
34_1033,0.0,0.0,32.86364,51.071484,65.60050994225364,102.17412585209534,32.86363983154297,51.07148361206055
34_1034,0.0,268.63868155029974,66.17653,84.046974,130.3239934020764,169.9705249941897,66.17652893066406,84.0469741821289
34_1638,0.0,346.12807782226935,66.04536,83.78873,130.07947802518765,169.55103385234267,66.04535675048828,83.78872680664062
34_4042,0.0,0.0,52.37504,65.301414,102.32927127002085,129.83662276796485,52.375038146972656,65.3014144897461
34_6057,0.0,0.0,52.18487,66.68618,103.02896978366293,136.15285024349157,52.184871673583984,66.6861801147461
36_1008,0.0,0.0,61.912983,90.54752,122.57046616086272,181.2132216614183,61.91298294067383,90.54752349853516
36_1643,0.0,23.804389478546938,36.73043,56.600903,73.97658250478098,114.82266535501782,36.730430603027344,56.60090255737305
36_1644,0.0,34.75793788001917,42.971176,42.69024,88.51721262500047,91.11269133027795,42.97117614746094,42.69023895263672
37_1006,0.0,0.0,57.35403,78.15199,112.58111406379581,155.40582314969214,57.35403060913086,78.15199279785156
37_2824,0.0,2.5976891890237255,32.803917,51.217617,65.76019489816608,102.86690412809301,32.803916931152344,51.21761703491211
42_1623,0.0,0.0,56.26672,72.7556,110.7777545514246,146.265357969386,56.266719818115234,72.75559997558594
42_1627,0.0,0.0,44.97078,81.08151,89.4460845963459,162.10066662279354,44.97077941894531,81.08151245117188
42_3044,0.0,0.0,44.069916,79.79369,87.51400104683448,159.16091747895115,44.069915771484375,79.79369354248047
42_5020,0.0,0.0,60.254894,74.477135,118.41564072225614,149.10543516390288,60.2548942565918,74.47713470458984
42_7025,0.0,0.0,35.842155,55.827072,72.08038622162363,112.53849444440056,35.84215545654297,55.82707214355469
42_7037,0.0,0.0,52.77525,96.34586,105.94445570893149,193.530839528958,52.77524948120117,96.34586334228516
42_9027,0.0,0.0,42.25134,76.41288,83.96362193852963,152.62489403149556,42.251338958740234,76.41287994384766
11_1400,0.0,0.0,52.916492,68.742424,102.28686438079217,133.36498265216872,52.9164924621582,68.74242401123047
50_1681,0.0,45.889712728697816,38.313816,58.693,77.17027439594739,119.12512909140163,38.31381607055664,58.69300079345703
50_1682,0.0,99.6828245756003,37.511097,57.6772,75.41661573900896,116.67265946659744,37.5110969543457,57.67720031738281
50_1683,0.0,118.76390878628283,37.20572,57.22433,74.76416048486382,115.68112333390555,37.205718994140625,57.22433090209961
51_1417,0.0,0.0,30.61997,47.729755,61.252608336695324,95.68316329457994,30.619970321655273,47.72975540161133
51_1419,0.0,0.0,35.78281,55.68218,71.82132715066224,111.98121774143408,35.78281021118164,55.68217849731445
51_1423,0.0,0.0,37.07851,40.57947,73.67355833542749,81.26527865234146,37.07851028442383,40.579471588134766
51_1464,0.0,0.0,58.13582,74.28724,114.27254729669136,149.0240540482804,58.13581848144531,74.28723907470703
42_1598,0.0,0.0,48.92241,88.996254,97.66204755774984,178.15292591557576,48.92240905761719,88.99625396728516
42_1610,0.0,0.0,49.420063,89.86136,98.76757815682282,180.14887191294227,49.42006301879883,89.86135864257812
42_1691,0.0,0.0,62.054592,92.14268,122.40013493449277,183.3951635291201,62.05459213256836,92.1426773071289
42_1690,0.0,43.7181909985656,53.174892,95.7416,106.9707100879225,193.3819328478948,53.17489242553711,95.7416000366211
54_4003,0.0,0.0,35.38529,55.352356,71.10572515100407,111.30781228836152,35.38528823852539,55.35235595703125
54_4004,0.0,0.0,50.449272,91.9391,100.99083492690117,184.48353881481185,50.44927215576172,91.93910217285156
54_1640,0.0,0.0,36.0203,55.989704,72.35209674702992,112.75558999993707,36.020301818847656,55.98970413208008
54_7008,0.0,0.0,58.078915,74.37202,114.0209691681255,148.71077075450148,58.078914642333984,74.37201690673828
54_5007,0.0,8.160848203986689,37.114174,57.471363,74.60685228730443,116.00785140745359,37.114173889160156,57.47136306762695
37_1992,0.0,149.17499789335852,35.193256,55.17364,70.69796223604028,110.82082477787905,35.19325637817383,55.173641204833984
37_5826,0.0,0.0,51.221462,94.03378,102.69280710614562,188.4409823534749,51.22146224975586,94.03378295898438
9_1803,0.0,0.0,83.96799,175.29051,164.7151494846928,349.87831998278955,83.96798706054688,175.29051208496094
37_1030,0.0,0.0,35.541336,55.10834,71.29852192254788,110.94136083120071,35.54133605957031,55.108341217041016
37_1024,0.0,0.0,36.51612,37.861004,73.60668162635034,77.88506736221986,36.51612091064453,37.86100387573242
37_1040,0.0,0.0,29.576773,45.646652,59.01244950217759,91.54104202912964,29.576772689819336,45.64665222167969
37_3044,0.0,0.0,49.956524,90.81866,99.94703936363584,182.3093225006204,49.95652389526367,90.81865692138672
37_3816,0.0,0.0,35.07934,53.31228,70.47921482061241,107.86998919780629,35.079341888427734,53.312278747558594
37_5827,0.0,0.0,35.85095,55.79974,71.97662455762408,112.23983641692902,35.850948333740234,55.799739837646484
9_4008,0.0,0.0,54.434696,68.909,106.6707500119447,137.4609861360214,54.434696197509766,68.90899658203125
9_4020,0.0,0.0,63.198643,84.36478,122.02904009883316,165.60112340715526,63.19864273071289,84.36477661132812
9_5001,0.0,0.0,56.72906,72.2222,111.2906228806744,143.96573152497058,56.729061126708984,72.22219848632812
37_1028,0.0,7.638898203205827,36.319798,56.242825,73.06656834236728,113.68664181386967,36.31979751586914,56.24282455444336
37_1817,0.0,0.0,35.99679,55.946743,72.40086724676256,112.89021886543458,35.99679183959961,55.94674301147461
37_1814,0.0,0.0,36.386547,56.336987,73.15967706509551,113.68708070731637,36.38654708862305,56.33698654174805
37_2819,0.0,0.0,31.797842,49.637787,63.65862711792809,99.55431144342425,31.797842025756836,49.637786865234375
37_2825,0.0,0.0,54.2137,48.484234,104.36351858265488,96.27968693650965,54.21369934082031,48.48423385620117
37_3011,0.0,0.0,50.100212,90.07656,100.15798838826372,181.17756184218536,50.10021209716797,90.0765609741211
37_3008,0.0,0.0,67.645386,97.01418,135.0381193744407,196.18720180347074,67.6453857421875,97.0141830444336
37_3807,0.0,0.0,26.212727,40.69087,52.28907768659487,81.44556404369473,26.212726593017578,40.69086837768555
37_5037,0.0,0.0,53.89683,73.86479,105.7736793023663,147.74693798165754,53.89683151245117,73.86479187011719
37_1352,0.0,0.0,36.08288,56.060852,72.5689535222601,113.11546542300498,36.08287811279297,56.06085205078125
37_1801,0.0,0.0,52.96536,72.93899,103.82049160144618,145.60275361584132,52.96535873413086,72.9389877319336
37_1803,0.0,0.0,36.7694,56.91491,73.72094844842772,114.46075829668263,36.76940155029297,56.91490936279297
37_1645,0.0,0.0,35.77338,55.742188,71.9409096067844,112.3433696771654,35.773380279541016,55.7421875
37_1802,0.0,0.0,70.938286,144.18251,141.96605432160464,292.68762352014335,70.93828582763672,144.18251037597656
23_1028,0.0,33.27888384519596,35.582294,55.303417,71.35827119744926,111.17191590068593,35.58229446411133,55.30341720581055
23_3013,0.0,16.039619793833793,50.105904,90.917244,100.80048361663327,183.53398499593692,50.10590362548828,90.91724395751953
23_1009,0.0,26.626711769918188,33.91762,52.667423,67.79565872980419,105.55283215747525,33.91762161254883,52.667423248291016
23_7023,0.0,30.788234921840598,52.195972,94.22487,104.68486014532068,189.84774883710935,52.19597244262695,94.22486877441406
23_1026,0.0,27.6547251916368,33.398983,51.887432,66.69472798746719,103.86367636020674,33.398983001708984,51.88743209838867
44_7401,0.0,34.29361705595639,61.335033,80.817154,118.66392163187051,159.4150518461538,61.33503341674805,80.81715393066406
50_1002,0.0,99.62229012744334,37.38303,57.536392,75.14910670669698,116.32043047668418,37.38302993774414,57.53639221191406
9_0901,0.0,0.0,120.76126,282.01138,241.11873815866926,562.5756633274784,120.76126098632812,282.0113830566406
9_0902,0.0,326.92931009495305,120.7919,282.14682,241.17969846302617,562.7821439211518,120.79190063476562,282.1468200683594
9_0903,0.0,556.5052385747276,120.77658,282.12732,241.1491783959122,562.7270920486554,120.77658081054688,282.1273193359375
9_0960,0.0,453.5314347937522,121.26437,283.18362,242.29818208205205,565.2247245100364,121.26437377929688,283.1836242675781
9_0961,0.0,513.10063353102,121.27223,283.2607,242.28976558780113,565.2789122900203,121.27223205566406,283.2607116699219
9_0962,0.0,523.6543867491648,121.257324,283.20746,242.26082945762784,565.1923639598529,121.25732421875,283.20745849609375
10_0101,2478.0,860.7638227944191,111.49617,263.71298,221.60187265203248,520.9052842360402,-2366.5038299560547,-2214.2870178222656
10_0102,2478.0,978.9554724797352,111.51923,263.7856,221.64926507730968,521.034146979209,-2366.4807662963867,-2214.214385986328
10_0103,2478.0,1088.7902762773965,112.95564,267.90176,224.39201496285676,528.2843528135866,-2365.0443572998047,-2210.0982360839844
10_0104,2478.0,1021.0377160820067,111.48796,263.85974,221.58220416111763,521.0280353570231,-2366.5120391845703,-2214.1402587890625
10_0105,2478.0,1133.205593298155,111.50782,263.77243,221.6263294587454,520.994020534155,-2366.4921798706055,-2214.227569580078
10_0106,2478.0,1068.448625741461,111.48527,263.85223,221.5759946229953,521.0127775706447,-2366.51473236084,-2214.1477661132812
10_0107,2478.0,1169.6430675789693,111.48566,263.7247,221.5819497503699,520.8943134276776,-2366.5143432617188,-2214.2752990722656
10_0108,2478.0,1116.7665084809678,111.496735,263.89194,221.59775480635153,521.0773073335929,-2366.5032653808594,-2214.1080627441406
10_0109,2478.0,1154.69539985219,111.49902,263.89905,221.60248796133672,521.0900498401991,-2366.5009765625,-2214.1009521484375
10_0110,2478.0,1307.110380535303,112.96031,267.9313,224.40130334719018,528.3247657759366,-2365.0396881103516,-2210.0686950683594
10_0111,2478.0,1323.6521241074952,112.96278,267.93994,224.40602290549865,528.3387836202065,-2365.0372161865234,-2210.06005859375
10_0112,2478.0,1334.2123853344588,112.96527,267.94675,224.4110736834018,528.3515513524363,-2365.0347290039062,-2210.053253173828
10_0159,2478.0,1225.3134506367085,111.49517,263.88358,221.59515463787238,521.0661798364367,-2366.5048294067383,-2214.116424560547
10_0160,2478.0,1220.1447349297823,111.476944,263.6942,221.56534265757364,520.8448551828035,-2366.5230560302734,-2214.3057861328125
10_0201,0.0,341.4154534831848,120.57237,282.17252,240.55917253254066,561.9838403249744,120.57237243652344,282.1725158691406
10_0202,0.0,385.4243773751173,121.717575,285.14835,242.82159081186717,567.5866660575143,121.71757507324219,285.1483459472656
10_0203,0.0,416.37872683626085,121.768585,285.25174,242.92870461253415,567.8180207050489,121.76858520507812,285.2517395019531
10_0204,0.0,421.0790032457612,110.62363,260.40143,220.08334801938884,515.9423016444885,110.62362670898438,260.40142822265625
10_0205,0.0,429.5452409864996,120.597755,282.24265,240.61241977148086,562.117548087362,120.5977554321289,282.2426452636719
10_0206,0.0,486.5616419481045,121.720184,285.15967,242.8267718941306,567.6040230071884,121.72018432617188,285.15966796875
10_0207,0.0,511.49108120223053,121.75933,285.2426,242.90880954299956,567.7848820675064,121.75933074951172,285.24261474609375
10_0208,0.0,478.1824864401696,120.53862,282.1788,240.49312674789888,561.9135075060799,120.53861999511719,282.1788024902344
10_0209,0.0,508.2255474758483,120.57548,282.2042,240.5652759114106,562.0226053018209,120.57547760009766,282.2041931152344
10_0210,0.0,501.55937352368716,120.46004,282.01785,240.32849180640346,561.5561031577125,120.46003723144531,282.0178527832031
10_0211,0.0,526.6505619025631,120.65893,282.38257,240.73948595702353,562.4085531125268,120.65892791748047,282.382568359375
10_0212,0.0,520.6293625725391,120.54218,282.19147,240.50015900952826,561.934330430386,120.54218292236328,282.19146728515625
10_0259,0.0,516.403211954366,120.50221,282.09238,240.4180603810117,561.7381227593856,120.50221252441406,282.0923767089844
10_0260,0.0,518.6734210218696,120.61828,282.2811,240.6560821846836,562.2084514094292,120.61827850341797,282.2810974121094
23_0501,0.0,235.85987142816384,121.78172,284.62042,243.19071942160355,567.6260166012564,121.78172302246094,284.62042236328125
23_0502,0.0,235.67824831893137,122.02369,285.23776,243.66895590121283,568.7989437390393,122.02368927001953,285.2377624511719
23_0503,0.0,265.54789843990875,122.028366,285.25412,243.6775839878258,568.8249602233207,122.02836608886719,285.2541198730469
23_0504,0.0,288.9241654882676,122.0329,285.26767,243.68679211337553,568.8493771392119,122.03289794921875,285.2676696777344
23_0505,0.0,309.8940198316336,122.03917,285.28415,243.70070125455544,568.8828881246691,122.03916931152344,285.2841491699219
23_0506,0.0,329.08386477046156,122.03852,285.28476,243.69887499850898,568.8810496596101,122.03852081298828,285.2847595214844
23_0507,0.0,346.66523021149595,122.03229,285.27173,243.685399815809,568.8517131260108,122.03228759765625,285.271728515625
23_0508,0.0,362.4841202691146,122.02837,285.26306,243.67758102197598,568.8338940295097,122.02837371826172,285.2630615234375
23_0509,0.0,376.93362362605484,122.02527,285.2551,243.6725713062276,568.8207672956262,122.0252685546875,285.2550964355469
23_0559,0.0,351.2071443376797,121.78104,284.67862,243.18662235227828,567.6779163224567,121.78103637695312,284.6786193847656
24_0501,0.0,271.1529488564425,121.936516,284.6429,243.56767736034928,568.1232482670063,121.93651580810547,284.6429138183594
24_0502,0.0,208.476463824647,111.85373,262.7522,222.5734992881777,521.2191726603622,111.85372924804688,262.752197265625
24_0503,0.0,197.6921839546725,111.8298,262.71536,222.5243379795706,521.1240054819991,111.82980346679688,262.7153625488281
24_0504,0.0,237.69184180114547,121.67827,283.966,243.0765033326874,566.8872313124668,121.67826843261719,283.96600341796875
24_0505,0.0,232.71916296420122,121.668396,283.95132,243.05709567410386,566.8500670915201,121.66839599609375,283.9513244628906
24_0506,0.0,280.2365446111833,122.779915,286.61392,245.27642876253276,572.1029440730548,122.77991485595703,286.6139221191406
24_0507,0.0,266.37551432270703,121.679794,283.9799,243.0795689038459,566.904716523336,121.67979431152344,283.9798889160156
24_0508,0.0,224.84523491466814,112.34602,263.94165,223.5588910766064,523.5603108218683,112.34602355957031,263.941650390625
24_0509,0.0,309.7610145228755,122.78808,286.6376,245.29300231797475,572.1461641176651,122.78807830810547,286.6376037597656
24_0559,0.0,322.29402635224824,122.7869,286.63635,245.2908696982115,572.1425714186869,122.78690338134766,286.6363525390625
24_0560,0.0,269.7173376510432,121.9003,284.5368,243.55655343402208,568.0404007126397,121.90029907226562,284.53680419921875
24_0561,0.0,289.9096546209376,121.887535,284.54382,243.5062532907769,567.9748960768744,121.88753509521484,284.5438232421875
24_0562,0.0,302.9712409839427,121.88539,284.53845,243.5020688117027,567.9647000567858,121.88539123535156,284.5384521484375
24_0563,0.0,317.86810747652214,122.22855,285.3257,244.2017636088512,569.5752403274373,122.22855377197266,285.3257141113281
34_0501,0.0,159.47322482214295,120.394745,280.0227,241.095103916868,560.9345975210887,120.39474487304688,280.022705078125
34_0502,0.0,138.23682507092258,121.29353,282.1473,242.96000964586483,565.2700224614409,121.29353332519531,282.1473083496094
34_0503,0.0,142.20087152069618,120.61271,280.4303,241.58878164679496,561.9465282884495,120.61270904541016,280.4302978515625
34_0504,0.0,152.1911921746518,120.375786,279.9346,241.10774414564014,560.8854896547383,120.37578582763672,279.9346008300781
34_0505,0.0,169.45450100697414,120.37016,279.9219,241.0966855252995,560.8599677614673,120.37016296386719,279.9219055175781
34_0506,0.0,160.78927894309405,121.29109,282.06644,242.95746288772375,565.1873586038766,121.29109191894531,282.0664367675781
34_0507,0.0,153.14066726460152,120.600174,280.41104,241.56350678807644,561.8976512562724,120.60017395019531,280.4110412597656
34_0508,0.0,186.91896538841982,120.843216,280.99432,242.05370104946172,563.0556347748015,120.84321594238281,280.99432373046875
34_0509,0.0,208.65393956884137,121.29631,282.08194,242.96762573507712,565.214593004789,121.29631042480469,282.0819396972656
34_0559,0.0,194.96325289321956,120.37759,279.942,241.11151414466613,560.8973613555346,120.3775863647461,279.9419860839844
34_0560,0.0,240.03499573067413,120.831665,281.04926,242.02943739508788,563.0817093567202,120.8316650390625,281.04925537109375
36_0801,837.0,487.0936012934318,88.89284,207.31007,177.52801319716662,413.66038700025786,-748.1071624755859,-629.6899261474609
36_0802,837.0,461.20890899877884,88.89436,207.33934,177.53094793570537,413.6930080721872,-748.1056365966797,-629.6606597900391
36_0859,837.0,455.6958622374625,88.89301,207.3185,177.52831496278412,413.66912547234654,-748.1069869995117,-629.6815032958984
37_0204,0.0,205.11890713756173,116.89845,271.3663,234.56138332685617,544.826043930676,116.89845275878906,271.3663024902344
37_0208,0.0,241.64541519711705,117.044525,271.72662,234.85395553503534,545.528313233974,117.04452514648438,271.72662353515625
37_0801,0.0,180.85339805436894,88.9985,207.13435,177.74826390778682,413.7412923502503,88.99849700927734,207.1343536376953
37_0802,0.0,158.943295563215,88.99989,207.15913,177.75096144212245,413.7691449760177,88.99989318847656,207.1591339111328
37_0859,0.0,152.68917593325617,88.99788,207.138,177.74703772249262,413.74353438369076,88.99787902832031,207.13800048828125
37_0201,0.0,368.9093410542039,121.67925,283.90305,243.17776402728572,566.99786615137,121.67925262451172,283.9030456542969
37_0203,0.0,248.80170700303205,117.533844,272.88333,235.83589398298142,547.8332804988609,117.53384399414062,272.8833312988281
37_0205,0.0,360.53345899165276,121.68198,283.92297,243.18212920735292,567.0223258756389,121.68197631835938,283.9229736328125
37_0207,0.0,249.55723457788844,117.53557,272.89847,235.83940882416294,547.8525336816019,117.53556823730469,272.8984680175781
37_0209,0.0,382.17643996528693,121.68239,283.92508,243.18297004846227,567.0254126274763,121.68238830566406,283.9250793457031
37_0210,0.0,385.493125259674,121.99431,284.66803,243.8180969291339,568.5153483059937,121.99430847167969,284.66802978515625
37_0211,0.0,258.64711350305083,117.05142,271.74472,234.86783108972884,545.5626581373026,117.05142211914062,271.7447204589844
37_0212,0.0,271.5896678790167,117.048584,271.73862,234.86211913511775,545.5498555626771,117.048583984375,271.7386169433594
37_0259,0.0,235.97456173908802,116.36579,270.08008,233.47121508711007,542.2550614435539,116.36579132080078,270.080078125
37_0260,0.0,264.869267579032,117.05172,271.73795,234.86838951577104,545.5565207106514,117.05171966552734,271.7379455566406
42_C410,0.0,0.0,32.317215,50.222572,64.72545659056829,100.98574206920983,32.31721496582031,50.222572326660156
42_C411,0.0,1.7731969291338316,32.31322,50.216267,64.71738963909081,100.97326028673733,32.3132209777832,50.21626663208008
42_C430,0.0,4.879256467360676,32.315254,50.21986,64.7214797524597,100.97990276981777,32.31525421142578,50.2198600769043
42_0602,0.0,35.66522962425759,104.986465,243.2112,210.4637861045652,488.25427189426546,104.98646545410156,243.21119689941406
42_0601,0.0,49.9090915158514,111.89349,258.7637,224.59049002509136,520.5147852153823,111.89349365234375,258.7637023925781
42_0603,0.0,45.05339679878176,105.8065,245.24977,212.11615138374623,492.21882137022544,105.80650329589844,245.24977111816406
42_0604,0.0,62.212501505759136,105.806274,245.25346,212.11565578909347,492.2219230364799,105.8062744140625,245.2534637451172
42_0605,0.0,69.17397262875612,105.799736,245.23067,212.10280007642694,492.1843933952375,105.79973602294922,245.2306671142578
42_0606,0.0,86.04416613645998,105.80382,245.24652,212.11076665319362,492.2093222655738,105.80381774902344,245.24652099609375
42_0607,0.0,102.49498804183044,105.80546,245.2552,212.1139802431374,492.22168882935716,105.80545806884766,245.2552032470703
42_0608,0.0,114.77623116147181,105.78897,245.21849,212.08041821653813,492.14559569282704,105.78897094726562,245.21849060058594
42_0659,0.0,87.45137128784597,105.00377,243.25797,210.4987037589652,488.34177176846384,105.00376892089844,243.25796508789062
42_0660,0.0,104.4769670916459,105.13732,243.75624,210.76064699337863,489.14122339002074,105.13732147216797,243.75624084472656
42_0661,0.0,116.10209868202583,105.13098,243.74123,210.7478393982564,489.1112553786094,105.1309814453125,243.74122619628906
42_0662,0.0,105.50425613167589,105.12228,243.70796,210.73032656258184,489.05759173235856,105.12227630615234,243.7079620361328
51_0114,3924.0,2683.095841240858,117.44763,277.76907,233.81567444840536,549.4506214853475,-3806.5523681640625,-3646.230926513672
51_0115,4167.0,2677.1930603092032,117.40531,277.7122,233.7311755522341,549.2939851553855,-4049.5946884155273,-3889.287811279297
51_0116,4167.0,2686.364144459446,118.48283,281.16946,235.80320409672595,555.1347595860532,-4048.51717376709,-3885.830535888672
51_0117,4167.0,2683.6611244370115,117.41353,277.72855,233.74919636313803,549.3322166546184,-4049.586471557617,-3889.271453857422
51_0118,4167.0,2693.514927798812,117.40686,277.70663,233.73645552412324,549.2956664053637,-4049.5931396484375,-3889.2933654785156
51_0119,4167.0,2712.0018111229892,118.50071,281.20767,235.84008331642087,555.2167496875267,-4048.4992904663086,-3885.7923278808594
51_0120,3924.0,2684.974118644648,117.50103,277.94168,233.9202782460758,549.7446862375554,-3806.4989700317383,-3646.058319091797
51_0121,3924.0,2694.815224589488,117.480934,277.89285,233.8794650439069,549.6477338334213,-3806.5190658569336,-3646.107147216797
51_0122,4167.0,2743.0148578377675,118.50592,281.2264,235.85034832617583,555.2474244132059,-4048.4940795898438,-3885.7735900878906
51_0123,4167.0,2752.655950118793,118.47326,281.15863,235.78258268135377,555.0990471748604,-4048.526741027832,-3885.8413696289062
51_0124,4167.0,2760.5249077802673,118.47064,281.15158,235.77748326313437,555.0861063273817,-4048.5293579101562,-3885.848419189453
51_0159,3924.0,2710.1917596468047,117.47308,277.87967,233.8617164968385,549.612753785951,-3806.5269165039062,-3646.120330810547
37_0202,0.0,332.88317789816955,122.06778,284.84402,243.96751681285474,568.8669664049228,122.06777954101562,284.8440246582031
51_0113,5868.0,2664.4955109889497,111.71836,264.4865,222.16156412372578,522.4156904894415,-5756.281639099121,-5603.513488769531
37_0206,0.0,355.49266909062874,122.06469,284.84183,243.96039796957083,568.8559552231634,122.06468963623047,284.8418273925781
34_0962,0.0,156.09467222885388,120.613235,280.4444,241.58125344948155,561.9477365073137,120.61323547363281,280.44439697265625
37_0901,866.0,4389.342916223743,112.759705,266.20135,224.421029354957,526.8599201342902,-753.2402954101562,-599.7986450195312
37_0902,866.0,4372.238947061718,112.757935,266.2017,224.41814583096246,526.8572483643197,-753.2420654296875,-599.7983093261719
37_0903,866.0,4349.415960219642,112.761116,266.19785,224.42427652468038,526.8604256120221,-753.238883972168,-599.8021545410156
37_A960,0.0,159.6972986935159,33.60856,52.481503,67.49252177879899,105.57946040963073,33.608558654785156,52.481502532958984
37_A961,0.0,150.18064315159282,33.570347,52.45526,67.41515503659375,105.49246425412527,33.57034683227539,52.45526123046875
37_A962,0.0,186.11244044275224,33.613712,52.484676,67.50388049810567,105.59238759353161,33.613712310791016,52.484676361083984
37_A963,0.0,210.31060654314572,33.612926,52.48219,67.50228983913581,105.58861272909576,33.6129264831543,52.4821891784668
37_A964,0.0,229.59712375787967,33.6107,52.481438,67.49747860156879,105.58384640329494,33.61069869995117,52.48143768310547
37_A965,0.0,224.0944233864796,33.60616,52.47749,67.48765509453241,105.57168283420906,33.60615921020508,52.47748947143555
24_A310,0.0,9.814023092772544,31.10419,46.515865,62.31652942619873,94.98807577199688,31.104190826416016,46.515865325927734
24_A320,0.0,43.761699895537845,31.149921,46.581028,62.408698801628276,95.12551438909423,31.149921417236328,46.58102798461914
24_A330,0.0,69.64090090699776,31.147793,46.573025,62.40493826101422,95.11450965341841,31.14779281616211,46.57302474975586
24_A340,0.0,108.6870526807974,31.14791,46.570896,62.405258415329826,95.11264066986888,31.14790916442871,46.57089614868164
24_A350,0.0,107.55238108048442,31.139793,46.560875,62.38885234502343,95.08974571015224,31.139793395996094,46.560874938964844
24_A311,0.0,59.7034835273565,31.104998,46.5108,62.318583822041816,94.98464399123708,31.104997634887695,46.510799407958984
24_A331,0.0,111.2787482584935,31.1412,46.56745,62.39082795578459,95.09804008630068,31.141199111938477,46.56745147705078
42_B351,0.0,220.01069686650195,40.077328,40.05106,81.5708337053008,84.6009517727338,40.077327728271484,40.05105972290039
42_B340,0.0,146.8756603451573,40.082806,40.057858,81.58321034632849,84.61427701584245,40.08280563354492,40.057857513427734
42_B330,0.0,109.48845319228921,40.109367,40.07533,81.64165317369496,84.66262995385134,40.10936737060547,40.0753288269043
42_B350,0.0,206.8515157872039,40.106617,40.06029,81.63611471452563,84.64474986970143,40.10661697387695,40.0602912902832
42_B310,0.0,119.94216924838501,40.07856,40.0613,81.57539780932136,84.61201133057239,40.07855987548828,40.06129837036133
24_0901,0.0,102.25381900425961,117.60979,272.91245,235.93271676787776,547.9625039018158,117.60978698730469,272.9124450683594
24_0902,0.0,89.12144392509477,118.45407,274.9012,237.57355222295286,551.8544003730174,118.45407104492188,274.9012145996094
24_0903,0.0,90.05886277921401,117.623344,272.95633,235.96030901186282,548.0388348665144,117.62334442138672,272.9563293457031
24_0960,0.0,101.76957751681587,117.343475,272.31668,235.41567897400677,546.7665074482505,117.34347534179688,272.3166809082031
24_0961,0.0,109.04857814724639,117.22516,272.0463,235.18439476653907,546.2270574560915,117.22515869140625,272.0462951660156
24_0962,0.0,96.36260259942262,117.22902,272.04636,235.19221570366233,546.2362943617511,117.22901916503906,272.0463562011719
34_0901,0.0,168.73720022519385,120.39222,279.98352,241.13261505918376,560.9596416518128,120.39221954345703,279.9835205078125
34_0903,0.0,168.51992819267886,120.84793,281.08423,242.0518413793214,563.1380361973003,120.84793090820312,281.084228515625
34_0902,0.0,167.04918289532822,120.85808,281.03842,242.07458035276005,563.1199020651582,120.85807800292969,281.0384216308594
34_0960,0.0,164.76193578453893,120.628975,280.4906,241.61267755099357,562.0306265770787,120.62897491455078,280.4906005859375
34_0961,0.0,172.8650891682672,120.62381,280.4788,241.60205477796094,562.0062559793714,120.62380981445312,280.4787902832031
42_A410,0.0,0.0,50.819164,92.080666,102.29046048946245,185.88540034830777,50.81916427612305,92.0806655883789
31_6701,0.0,0.0,58.596325,86.19065,115.21606369662523,171.02412897891634,58.5963249206543,86.1906509399414
31_7017,0.0,29.928178356037677,36.474537,56.711422,73.361181897753,114.38005718319785,36.47453689575195,56.711421966552734
31_7040,0.0,0.0,33.105507,51.590366,66.09029230610831,103.08405429507242,33.105506896972656,51.59036636352539
31_7050,0.0,2.949654410616887,51.521626,93.18694,103.17772398236487,187.31716316443777,51.52162551879883,93.18694305419922
38_2001,0.0,0.0,36.282253,56.497547,72.89551304671923,113.70374453537745,36.28225326538086,56.4975471496582
38_3005,0.0,0.0,36.27037,56.487026,72.86901184381396,113.67013808374963,36.27037048339844,56.48702621459961
38_3006,0.0,115.73940305202036,35.143333,54.875626,70.40360610341537,109.92911520971386,35.143333435058594,54.87562561035156
38_5002,0.0,0.0,42.974037,79.34084,85.9204668949541,158.20850218491302,42.974037170410156,79.3408432006836
39_3013,0.0,0.0,41.745087,46.0514,83.35239512023055,92.16304273827797,41.745086669921875,46.05139923095703
39_3801,0.0,0.0,70.30795,99.74932,141.12120116630058,203.81306830965144,70.30795288085938,99.74932098388672
46_3053,0.0,0.0,42.20718,47.45931,84.12445210363944,94.15814340682844,42.20718002319336,47.45930862426758
46_3012,0.0,0.0,51.37828,94.263985,103.37963023954458,189.61348151022275,51.37828063964844,94.26398468017578
46_3013,0.0,0.0,36.626053,67.2843,73.02902520402581,134.0019633341591,36.62605285644531,67.2843017578125
46_3052,0.0,67.45592331896626,39.393078,71.46073,78.44105893491712,141.99792342674823,39.3930778503418,71.46073150634766
46_5020,0.0,0.0,49.541294,91.36416,99.56957186408962,183.22498499165948,49.54129409790039,91.3641586303711
46_5025,0.0,0.0,50.357063,92.53649,101.3003967428908,185.99750366494098,50.35706329345703,92.53649139404297
46_5040,0.0,0.0,51.2844,94.06686,103.18655301060495,189.231929452164,51.284400939941406,94.06685638427734
46_6600,0.0,24.52068192110835,37.375698,58.707493,75.18405289416656,117.85783751031019,37.37569808959961,58.70749282836914
46_7049,0.0,0.0,39.806145,45.264126,79.08009684457647,90.15413790948958,39.80614471435547,45.26412582397461
46_9106,0.0,0.0,40.765255,45.10572,81.46604220441267,89.99343183302065,40.765254974365234,45.10572052001953
46_9187,0.0,67.50574101337735,33.694748,37.487423,67.3315739300294,74.2317985808849,33.69474792480469,37.487422943115234
46_9197,0.0,0.0,39.91414,43.759,79.8474176509792,87.64060020664425,39.91413879394531,43.75899887084961
55_3008,0.0,0.0,49.924755,90.85913,99.84865824915747,182.21282484766914,49.92475509643555,90.859130859375
55_3009,0.0,0.0,36.056576,56.13703,72.52317231599763,113.18103321164772,36.056575775146484,56.13703155517578
55_6355,240.0,423.2709665871083,31.569818,50.23821,63.14593360498347,99.74178832875063,-208.4301815032959,-189.76179122924805
21_6043,0.0,29.252465403833526,35.993885,55.96183,72.39704395803577,112.89896503036844,35.9938850402832,55.961830139160156
26_1001,0.0,29.10570292063636,40.67949,42.40459,82.19976503076477,87.00936037037016,40.67948913574219,42.40459060668945
26_1004,0.0,0.0,58.45795,85.7413,114.7216922729043,169.70520960911549,58.457950592041016,85.74130249023438
26_1010,0.0,0.0,45.768196,50.67962,91.56111173272657,101.38594986531605,45.76819610595703,50.67961883544922
26_1012,0.0,21.95387834014616,37.21449,57.711624,74.93244701608535,116.65425858161072,37.2144889831543,57.71162414550781
21_6040,0.0,80.20703548833055,66.40746,90.190956,127.90693489236013,175.2019766635729,66.40746307373047,90.19095611572266
20_9037,0.0,0.0,68.390236,94.37595,131.5856914360205,183.30342133749872,68.3902359008789,94.3759536743164
21_1010,0.0,0.0,68.69155,130.20412,142.2388868041856,275.87956699652796,68.6915512084961,130.20411682128906
21_1014,0.0,0.0,34.3906,53.454594,68.79697211079869,107.1661733215865,34.39059829711914,53.454593658447266
21_1034,0.0,20.282929028295854,36.595543,56.743343,73.64704383414298,114.67825724880831,36.595542907714844,56.743343353271484
21_3016,0.0,0.0,45.70084,82.569626,90.78588033702371,164.63706161237332,45.70083999633789,82.56962585449219
21_4025,0.0,0.0,52.765675,95.32006,105.94064677681303,191.78520135412913,52.76567459106445,95.32006072998047
19_3006,0.0,0.0,33.44867,52.64033,67.04103700022964,105.3168567363754,33.44866943359375,52.64033126831055
19_3009,0.0,0.0,57.671688,74.1669,111.83087628462138,144.47811152608347,57.671688079833984,74.16690063476562
19_3028,0.0,0.0,29.45711,46.14788,58.82329390557679,92.11042685476325,29.457109451293945,46.14788055419922
19_3033,0.0,0.0,27.990385,43.902676,55.83436682973073,87.46409099383547,27.990385055541992,43.90267562866211
19_3055,0.0,0.0,32.175835,50.35284,64.43565222736237,100.89918508850845,32.17583465576172,50.352840423583984
18_5518,0.0,0.0,50.115803,90.68362,100.07927193758326,181.6976046144627,50.11580276489258,90.6836166381836
18_5528,0.0,0.0,43.422153,49.466274,85.96890157385799,97.95207509058542,43.42215347290039,49.46627426147461
18_5538,0.0,0.0,43.40385,49.425068,85.93214554333761,97.88923313810477,43.40385055541992,49.42506790161133
18_6012,0.0,0.0,48.75889,87.79665,97.2367090939834,175.9447824251946,48.758888244628906,87.7966537475586
18_9020,0.0,0.0,46.922688,85.36686,93.42953190022232,170.40176604603698,46.92268753051758,85.36685943603516
19_1044,0.0,0.0,35.1207,55.313797,70.51424827852553,110.80751305824245,35.12070083618164,55.31379699707031
18_5022,0.0,0.0,48.639996,63.050213,94.80987906920925,124.83466231001893,48.63999557495117,63.05021286010742
18_5043,0.0,0.0,32.616566,50.6305,65.08881494623677,101.24222592271843,32.6165657043457,50.63050079345703
18_3030,0.0,0.0,62.348736,122.69679,125.62152167897361,252.07407113920823,62.34873580932617,122.69679260253906
18_3031,0.0,0.0,33.603306,35.23115,66.72819653425927,71.2202807687832,33.60330581665039,35.23115158081055
18_4021,0.0,0.0,68.83934,100.00596,137.55033282521578,201.68243211508764,68.83934020996094,100.0059585571289
18_4042,0.0,0.0,33.46394,35.09193,66.45608595678179,70.95045418419656,33.46393966674805,35.0919303894043
18_1037,0.0,0.0,36.3345,39.336926,72.2608081081382,78.96318307458273,36.33449935913086,39.3369255065918
18_2008,0.0,0.0,34.691566,53.996613,69.44856115029476,108.26001407950265,34.691566467285156,53.996612548828125
18_2009,0.0,0.0,39.762043,44.450268,78.98640189046355,88.24365049452763,39.76204299926758,44.45026779174805
18_3002,0.0,0.0,30.783346,47.772964,61.418597363528704,95.56026340669327,30.78334617614746,47.77296447753906
18_3003,0.0,0.0,28.326204,44.311306,56.524870919757454,88.39978484084521,28.326204299926758,44.31130599975586
17_6050,0.0,0.0,71.02957,143.18044,142.41404107975353,292.45965597132306,71.02957153320312,143.18043518066406
17_7937,0.0,0.0,40.2616,44.005367,80.52538102699367,88.30937937698329,40.261600494384766,44.005367279052734
17_9267,0.0,0.0,48.866695,88.0763,97.46208405998777,176.593847961343,48.866695404052734,88.07630157470703
17_9327,0.0,0.0,51.57362,94.501656,103.64211840178328,189.98689580838027,51.5736198425293,94.50165557861328
18_1028,0.0,1.7317886621785021,51.988926,93.19392,104.15742525470898,187.88635162172866,51.98892593383789,93.19391632080078
20_4053,0.0,0.0,58.97243,77.54814,115.33211629750836,153.4451672821157,58.97243118286133,77.54814147949219
20_3015,0.0,0.0,33.256325,51.956867,66.54527000316997,104.0448808567071,33.256324768066406,51.95686721801758
20_3060,0.0,0.0,52.754044,69.20623,101.89868634144898,134.0146955068635,52.75404357910156,69.20623016357422
20_4016,0.0,4.462458207642527,34.569942,53.73231,69.133914712914,107.68584230832283,34.569942474365234,53.7323112487793
20_4052,0.0,11.63124174752707,35.969887,55.955517,72.25228295211234,112.64495979339539,35.969886779785156,55.95551681518555
17_5423,0.0,0.0,51.487946,94.33877,103.49198269478413,189.70098623546323,51.487945556640625,94.3387680053711
17_4074,0.0,0.9727380977506641,36.509296,56.833565,73.47371542584948,114.70067001711135,36.50929641723633,56.83356475830078
17_4082,0.0,46.640618241062214,37.500122,57.745167,75.41731045267193,116.91475828903891,37.5001220703125,57.74516677856445
17_5020,0.0,18.480647438207257,37.06052,57.214542,74.5526304262707,115.79287233229508,37.06052017211914,57.214542388916016
17_5151,0.0,17.6421084038422,50.07808,90.35738,99.98187426496409,181.2694078248628,50.07807922363281,90.35738372802734
17_5217,0.0,0.0,51.386086,93.989204,103.3923228768611,189.33474964844154,51.386085510253906,93.98920440673828
26_1013,0.0,24.35999911086364,36.93728,57.38418,74.3926510388576,115.96392806354919,36.937278747558594,57.384178161621094
26_3068,0.0,0.0,34.974445,54.461246,70.04066434977167,109.2092226368094,34.97444534301758,54.461246490478516
26_3069,0.0,0.0,36.2967,56.534256,72.99797510478982,113.92690483127367,36.29669952392578,56.53425598144531
26_4015,0.0,0.0,50.51348,92.27024,101.13623416921624,184.98721027206585,50.51348114013672,92.2702407836914
26_5363,0.0,0.0,49.94339,91.64126,100.48442600374617,184.35099011678,49.943389892578125,91.6412582397461
29_5503,0.0,0.0,30.854052,48.17906,61.65750500849734,96.392507403483,30.85405158996582,48.17906188964844
29_5403,0.0,0.0,34.562115,37.764908,68.76429543676014,75.75406752131886,34.56211471557617,37.76490783691406
29_5413,0.0,0.0,36.54569,56.501312,73.45321994087179,113.83620625623826,36.54568862915039,56.501312255859375
29_5473,0.0,0.0,49.481606,89.66298,98.74656742610537,179.45477764857822,49.481605529785156,89.66297912597656
29_5483,0.0,0.0,69.923416,96.37046,134.24237689160944,186.5672236185024,69.92341613769531,96.3704605102539
29_6067,0.0,0.0,36.39443,56.79314,73.18205323724774,114.63456077356807,36.39442825317383,56.79314041137695
29_7054,0.0,0.0,50.435707,92.096344,100.96864196176581,184.63871789182494,50.435707092285156,92.09634399414062
29_7073,0.0,10.78111759229796,36.788704,56.92039,73.97972379369573,114.87763517882367,36.78870391845703,56.92039108276367
31_1030,0.0,22.27554137479399,31.37079,48.428066,62.58846286618433,97.03868774468961,31.370790481567383,48.42806625366211
31_3018,0.0,21.668034513468683,51.646248,93.421455,103.45517870265743,187.84871650497226,51.64624786376953,93.42145538330078
17_5453,0.0,0.0,46.043026,83.648,91.60868497619892,166.94151325750806,46.043025970458984,83.64800262451172
17_5843,0.0,0.0,47.16492,85.84309,93.93913027597907,171.37381752480476,47.164920806884766,85.84308624267578
17_5849,0.0,0.0,51.109074,93.93856,102.58056519319436,188.35937806241006,51.109073638916016,93.93856048583984
17_5854,0.0,0.0,37.098305,57.424244,74.43564523918438,115.5692116710913,37.098304748535156,57.42424392700195
17_5869,0.0,17.253590281529654,57.30096,78.33019,110.63955875320815,152.78336728864448,57.300960540771484,78.33019256591797
17_5908,0.0,0.0,35.68787,55.843372,71.70642663235814,112.24741011105834,35.687870025634766,55.8433723449707
20_7085,0.0,0.0,28.812483,44.576546,57.47851550702635,89.27080355958464,28.812482833862305,44.57654571533203
20_4054,0.0,0.0,53.044483,96.28505,106.7340696547904,194.21832547052304,53.04448318481445,96.28504943847656
20_4063,0.0,0.0,48.04095,85.94189,96.01134502203162,171.89125775928923,48.040950775146484,85.94188690185547
20_4067,0.0,0.0,65.50535,96.86709,130.6048160045048,194.58597644207137,65.5053482055664,96.8670883178711
20_6026,0.0,0.0,35.932076,55.88568,72.26915557319953,112.69444293963161,35.93207550048828,55.88568115234375
20_7073,0.0,0.0,40.889637,74.4136,81.62097234011611,148.72061288739914,40.8896369934082,74.4135971069336
39_5003,0.0,1045.1297984151865,36.379124,56.903362,73.17947036542748,114.45320382799275,36.37912368774414,56.90336227416992
39_5010,0.0,0.0,40.89125,75.26476,81.5898873115755,149.9710722813192,40.89125061035156,75.26476287841797
39_5569,0.0,115.33932085254544,66.79371,91.24198,128.53088595668487,176.75719728381677,66.79370880126953,91.24198150634766
39_4018,0.0,0.0,63.387474,80.528496,124.43678471866363,159.30943521733886,63.387474060058594,80.52849578857422
39_4031,0.0,0.0,54.447857,68.05982,106.4054978588911,134.96467389487196,54.44785690307617,68.05982208251953
39_7021,0.0,0.0,58.173996,75.30911,114.02752659386297,149.50603891383253,58.17399597167969,75.30911254882812
39_9006,0.0,0.0,47.281296,86.01916,94.18236150451249,171.78381286766367,47.28129577636719,86.01915740966797
39_9022,0.0,0.0,54.795155,68.56771,107.10222425970746,135.92614889344875,54.7951545715332,68.56771087646484
46_3009,0.0,0.0,49.124527,90.50686,98.76250406897378,181.6315563064497,49.12452697753906,90.5068588256836
46_3010,0.0,0.0,49.979626,91.821815,100.54870959120748,184.58953453551763,49.9796257019043,91.82181549072266
55_3015,0.0,0.0,34.910324,55.03449,70.07655510285691,110.17258374285763,34.91032409667969,55.034488677978516
55_3016,0.0,0.0,35.697918,55.868446,71.76436068724902,112.34106156510653,35.69791793823242,55.868446350097656
55_3019,0.0,0.0,35.10224,54.808914,70.25707667235025,109.6695235080354,35.10224151611328,54.80891418457031
55_3010,0.0,0.0,36.246433,56.313854,72.87188684757638,113.56073814639515,36.24643325805664,56.3138542175293
55_3012,0.0,0.0,44.32727,51.752373,88.14760441403243,101.74852397232993,44.3272705078125,51.75237274169922
55_3014,0.0,0.0,51.47295,94.39273,103.20217168785877,189.22837769534067,51.47294998168945,94.39273071289062
55_5037,0.0,0.0,35.60259,55.7489,71.57300200461499,112.07056924200998,35.60258865356445,55.7489013671875
55_5040,0.0,0.0,49.452927,90.98345,99.46409962252285,182.790313265067,49.45292663574219,90.98345184326172
55_6351,150.0,409.52356842466656,31.54888,50.23925,63.10154655212461,99.706220057057,-118.45112037658691,-99.76074981689453
55_6352,150.0,411.2615777697046,31.569956,50.264496,63.14425828968885,99.76613725024565,-118.43004417419434,-99.73550415039062
55_6353,150.0,407.568678710265,31.577013,50.298733,63.15763170845904,99.81094434852288,-118.42298698425293,-99.70126724243164
55_6354,150.0,419.2673717629116,31.593765,50.330784,63.191354612391244,99.87028457934535,-118.40623474121094,-99.66921615600586
20_3013,0.0,0.0,60.26257,77.9201,117.41990236784986,153.06468952116512,60.262569427490234,77.92009735107422
19_9126,0.0,0.0,51.04731,92.08262,102.06483841442045,185.01896363421739,51.04730987548828,92.0826187133789
20_1005,0.0,0.0,37.70475,40.03271,75.88547904396204,81.46932523356385,37.704750061035156,40.032711029052734
20_1006,0.0,0.0,33.083935,51.540264,66.04950023753696,103.00373219365511,33.08393478393555,51.54026412963867
20_1009,0.0,0.0,35.10005,54.517452,70.25898530247676,109.37962150163878,35.10005187988281,54.517452239990234
20_1010,0.0,37.70655837888867,36.855717,57.085293,74.110923596234,115.27165803518454,36.855716705322266,57.08529281616211
19_5046,0.0,0.0,51.39639,93.87748,102.9565329789514,188.31815765845897,51.39638900756836,93.87747955322266
19_6049,0.0,0.0,45.088898,81.37905,89.68053535703015,162.61192240629157,45.088897705078125,81.3790512084961
19_6150,0.0,0.0,76.956924,149.68912,159.35649730281938,315.1343501424259,76.95692443847656,149.68911743164062
19_9116,0.0,0.0,51.576756,94.788445,103.40418472674882,189.82857200737214,51.57675552368164,94.78844451904297
19_5042,0.0,0.0,51.39629,93.876915,102.95631130603026,188.3173503275241,51.39628982543945,93.87691497802734
17_1002,0.0,73.63340598495932,36.772087,57.114178,74.03119706594343,115.42080012550343,36.77208709716797,57.11417770385742
17_1003,0.0,79.5479649084651,37.362682,57.49633,75.19376474266488,116.57388047291127,37.3626823425293,57.49633026123047
27_1016,0.0,0.0,28.273745,43.898067,56.418024347440365,87.79121961171151,28.273744583129883,43.898067474365234
26_6016,0.0,0.0,41.049717,75.27412,81.90543354296676,150.0997027003814,41.04971694946289,75.27411651611328
26_7072,0.0,0.0,51.840717,94.5814,104.1621897239948,190.1265640549608,51.84071731567383,94.5813980102539
26_9029,0.0,0.0,47.245113,85.99923,94.10710242382714,171.69262065116106,47.245113372802734,85.99922943115234
26_9030,0.0,0.0,26.165123,40.672325,52.179599587370745,81.27223193703847,26.165122985839844,40.672325134277344
27_1018,0.0,0.0,36.222492,56.494095,72.8512264192376,113.77718611477079,36.22249221801758,56.49409484863281
27_1019,0.0,0.0,34.193645,53.793835,68.0851989506199,106.71686415890213,34.19364547729492,53.7938346862793
27_1023,0.0,0.0,33.685707,52.88859,67.52068221986656,105.92363822693889,33.685707092285156,52.88859176635742
27_1028,0.0,0.0,33.296116,52.020355,66.4723839354938,103.813748922156,33.29611587524414,52.020355224609375
27_1029,0.0,0.0,42.560642,49.14886,84.56506508015548,96.34744763450897,42.56064224243164,49.148860931396484
27_1085,0.0,0.0,39.46516,43.51353,78.93126860179599,87.44358119747204,39.46516036987305,43.51353073120117
27_1087,0.0,0.0,69.40466,105.58488,137.65271545542626,209.47515682177004,69.4046630859375,105.58487701416016
27_3003,0.0,0.0,36.24675,56.289585,72.88873259937728,113.50511486810444,36.24674987792969,56.28958511352539
27_3013,0.0,0.0,63.910587,99.07554,122.06775501833536,184.6485973786631,63.910587310791016,99.0755386352539
27_4033,0.0,0.0,61.979862,78.905846,121.37864330873015,155.6379362723755,61.979862213134766,78.90584564208984
27_4050,0.0,0.0,36.241314,56.4711,72.89508978562665,113.79831886018033,36.24131393432617,56.471099853515625
27_4054,0.0,0.0,49.947205,91.00344,99.87748392016896,182.3811786916616,49.94720458984375,91.0034408569336
27_4034,0.0,0.0,58.82437,76.16363,115.03083813108012,148.89665993328424,58.824371337890625,76.16362762451172
27_4037,0.0,0.0,61.760105,78.53467,120.96125816065657,155.00206437315694,61.76010513305664,78.53466796875
27_4040,0.0,0.0,34.96363,55.114323,70.17943281399273,110.33157460618466,34.96363067626953,55.114322662353516
27_6300,0.0,0.0,51.21625,93.94241,103.05731926169663,188.99870427113268,51.216251373291016,93.94241333007812
27_7090,0.0,0.0,30.185379,47.446445,60.26616680825914,94.5295955513509,30.185379028320312,47.44644546508789
27_9075,0.0,3.693062027146084,36.235313,56.45671,72.86656627374802,113.73623376715253,36.235313415527344,56.45671081542969
29_1002,0.0,0.0,100.7562,204.8204,204.10907525724963,422.1822812809595,100.7562026977539,204.82040405273438
29_1005,0.0,48.01662031267432,37.49664,59.144978,75.31604106694489,118.40931519611281,37.496639251708984,59.14497756958008
27_4055,0.0,0.0,51.24163,97.687805,102.05707578085723,191.24259076260256,51.24163055419922,97.68780517578125
27_4082,0.0,0.0,33.82089,53.37521,67.80786868371092,106.68229920298026,33.82088851928711,53.37520980834961
27_5076,0.0,0.0,59.973343,77.633125,116.88251259640313,151.48461089840913,59.97334289550781,77.63312530517578
27_6064,0.0,0.0,51.83898,97.370186,103.87074501238949,193.07466066193166,51.83898162841797,97.37018585205078
27_6251,0.0,0.0,35.263607,55.59971,70.77477619105439,111.28722537194919,35.263607025146484,55.599708557128906
29_1010,0.0,0.0,51.223835,94.32754,102.71375970037592,188.7975865706057,51.22383499145508,94.3275375366211
29_4036,0.0,0.0,59.306484,75.2927,116.02334131506544,148.8255091573343,59.30648422241211,75.2927017211914
29_4069,0.0,0.0,60.040993,76.783676,116.86394613632814,150.58406335604252,60.040992736816406,76.78367614746094
29_1008,0.0,0.0,35.84191,55.859188,71.94586105566717,112.26521628992774,35.84191131591797,55.859188079833984
29_5000,0.0,2.598288313178699,52.37208,95.30858,104.97789197831524,191.61748413053195,52.3720817565918,95.30857849121094
29_5047,0.0,0.0,50.866096,69.669365,98.48881404245739,136.23566963405852,50.86609649658203,69.66936492919922
29_5058,0.0,0.0,51.97822,94.34824,104.13842014187591,189.79260276623913,51.97822189331055,94.3482437133789
29_5081,0.0,3.997238697460517,51.981926,94.352684,104.1461044692565,189.80429229975428,51.98192596435547,94.3526840209961
29_5091,0.0,5.481865423533208,51.981594,94.354866,104.14538259187367,189.80583265466655,51.98159408569336,94.35486602783203
29_5393,0.0,0.0,41.69893,47.74585,82.78843296424695,93.94756096303328,41.69892883300781,47.745849609375
31_3023,0.0,26.63233938582013,50.558308,91.20519,100.98578918251837,183.06236845964457,50.55830764770508,91.20519256591797
31_3024,0.0,19.175845744908116,51.364227,92.685646,102.76315068547814,186.31402717765056,51.364227294921875,92.6856460571289
31_3028,0.0,5.080467969837201,34.95359,55.176464,70.14023935666324,110.36126241424267,34.953590393066406,55.17646408081055
31_3033,0.0,13.24686358253328,36.590477,56.78634,73.54250997301324,114.33821875393997,36.590476989746094,56.786338806152344
31_4019,0.0,0.0,60.839855,78.048256,118.59654289784147,152.96247142517944,60.8398551940918,78.04825592041016
31_6702,0.0,0.0,52.80612,96.28204,106.30995268639504,194.074197454341,52.806121826171875,96.28204345703125
31_7005,0.0,18.902608300566868,52.916843,96.66381,106.24845807252794,194.1122443167473,52.91684341430664,96.66381072998047
31_5052,0.0,0.0,54.59824,75.778404,107.7759051442748,152.15751842276435,54.59823989868164,75.77840423583984
31_6700,0.0,0.0,30.140219,46.675873,60.14208929412042,93.45479428497235,30.14021873474121,46.675872802734375
27_1003,3950.0,3949.5516513417288,54.72079,110.86125,108.90659279613942,211.47689852692116,-3895.279209136963,-3839.1387481689453
27_1004,3950.0,3933.312651207053,54.723103,110.90405,108.90507077874045,211.51417766304195,-3895.27689743042,-3839.095947265625
27_1017,3950.0,3927.51542043283,55.481724,114.25857,110.28345602035287,216.23411150254395,-3894.5182762145996,-3835.7414321899414
27_1020,3950.0,3927.0080040781513,54.64339,110.78556,108.7582558221778,211.2666050740749,-3895.3566093444824,-3839.21443939209
27_2018,3950.0,3956.870447432094,55.403957,114.10872,110.13531602494702,215.94613894458183,-3894.5960426330566,-3835.8912811279297
27_2023,3950.0,3961.2212610234938,54.621162,110.69309,108.71865250214964,211.13529764241287,-3895.378837585449,-3839.3069076538086
27_3005,3950.0,3971.272166116535,55.439213,114.06473,110.19201241019516,215.9347356735132,-3894.5607872009277,-3835.935272216797
27_3007,3950.0,3927.2872815430865,51.661663,104.23893,102.25932034229666,197.9606997172948,-3898.33833694458,-3845.761070251465
27_3009,3950.0,3917.8092510294327,51.665394,104.27936,102.26583698360872,198.00782680606926,-3898.3346061706543,-3845.7206420898438
27_3010,3950.0,3973.102467773293,54.74294,111.55744,108.74369869610331,211.853612439053,-3895.2570610046387,-3838.442558288574
27_3012,3950.0,3917.9024254319593,51.6401,104.19726,102.21593640796905,197.87796218207785,-3898.3599014282227,-3845.8027420043945
17_0601,0.0,110.57624182618892,118.93067,275.92862,238.5285878002702,553.9966868067966,118.93067169189453,275.9286193847656
17_0602,0.0,83.937322582637,118.82738,275.6903,238.31755233329955,553.5107549781958,118.82737731933594,275.6903076171875
17_0603,0.0,85.02767281213183,110.76806,256.02872,222.351449330999,515.1426324494789,110.76805877685547,256.0287170410156
17_0604,0.0,65.14026889934208,110.768776,256.04016,222.35292616678183,515.1558027309761,110.7687759399414,256.0401611328125
17_0605,0.0,96.53567760939332,118.834435,275.7074,238.33193934972564,553.5447646195488,118.83443450927734,275.7073974609375
17_0606,0.0,77.24439176526552,110.76595,256.03418,222.3471092612916,515.1429984334197,110.76595306396484,256.0341796875
17_0607,0.0,62.56513996699013,110.264984,254.9157,221.33107566824785,512.8305889274473,110.26498413085938,254.9156951904297
17_0608,0.0,84.00049758152329,114.62665,265.51886,230.09692542336268,533.7597547755352,114.62664794921875,265.51885986328125
17_0659,0.0,82.16157703550378,110.36855,255.14021,221.5412028075531,513.302034265756,110.3685531616211,255.1402130126953
17_0660,0.0,106.68980115514945,118.83942,275.71973,238.34212573657072,553.5690407820468,118.83941650390625,275.7197265625
17_0661,0.0,95.38112410574333,118.83833,275.70905,238.33988198085186,553.5557165315232,118.83833312988281,275.70904541015625
17_0662,0.0,107.94156042101177,110.76161,256.02444,222.3382555041316,515.1229081157771,110.76161193847656,256.0244445800781
17_0664,0.0,85.93675452353999,110.24633,254.86601,221.29300274715717,512.7362044586122,110.24633026123047,254.8660125732422
17_0663,0.0,102.60954524385231,110.25304,254.89227,221.30666074476667,512.7784800960673,110.25303649902344,254.89227294921875
18_0601,0.0,141.04574210251616,120.625946,280.85648,241.25295045969523,561.7978810701493,120.62594604492188,280.8564758300781
18_0602,0.0,108.95307878949443,119.087585,276.26697,238.87727485978849,554.7604653997414,119.08758544921875,276.2669677734375
18_0603,0.0,91.94943505733951,119.482635,277.1561,239.67727103207108,556.588520966355,119.48263549804688,277.1560974121094
18_0604,0.0,96.32458439788984,119.257355,276.64136,239.22005908640148,555.5366438092859,119.25735473632812,276.641357421875
18_0605,0.0,101.00521333119052,119.096344,276.29782,238.89471992557276,554.8117152785514,119.09634399414062,276.2978210449219
18_0606,0.0,108.96929145747286,119.10192,276.311,238.9066163357889,554.8390662035008,119.10192108154297,276.3110046386719
18_0607,0.0,127.11896044372588,119.20367,276.6604,239.1041605979117,555.4171693985832,119.20366668701172,276.660400390625
18_0608,0.0,118.19585618097608,120.01274,278.95578,240.36187828986783,559.0252380479109,120.01274108886719,278.9557800292969
18_0659,0.0,135.44024643326821,119.92627,278.1953,240.5772993817237,558.6850843749097,119.92626953125,278.1953125
18_0660,0.0,125.54786578823695,119.10072,276.30954,238.90420317679144,554.8347953577481,119.10072326660156,276.3095397949219
18_0661,0.0,132.50727407236462,119.09945,276.3066,238.90157407210276,554.8287624698484,119.09944915771484,276.3066101074219
18_0662,0.0,106.99587469819981,119.02139,276.18832,238.73870990044452,554.517571280935,119.02139282226562,276.1883239746094
18_0663,0.0,108.24943735553352,119.0246,276.211,238.74431085182763,554.5465195990762,119.02459716796875,276.21099853515625
18_0664,0.0,135.10405314623353,119.92399,278.33868,240.56746438871085,558.8152982770697,119.92398834228516,278.33868408203125
18_0665,0.0,132.9491151293844,119.70394,277.81424,240.12029033096138,557.7651517927607,119.70394134521484,277.8142395019531
18_0666,0.0,142.3964802555949,119.66667,277.72894,240.04376806976288,557.5895038215405,119.66667175292969,277.72894287109375
18_0667,0.0,140.13316178844718,119.44298,277.21756,239.58982705002194,556.5448775632323,119.44297790527344,277.2175598144531
18_0668,0.0,145.47713781720438,119.21722,276.70355,239.13176595821272,555.4928116325239,119.21721649169922,276.70355224609375
18_0669,0.0,152.25488500146588,119.21711,276.70322,239.13147879454453,555.4920984436633,119.21710968017578,276.7032165527344
18_0670,0.0,158.8219851523923,119.21467,276.69745,239.1265267842515,555.4805097775397,119.21466827392578,276.69744873046875
18_0671,0.0,143.68904892380823,119.21033,276.67813,239.11773122320994,555.4508623793337,119.2103271484375,276.6781311035156
18_0672,0.0,151.8668187697709,119.70384,277.6585,240.1260629946778,557.6180714296161,119.70384216308594,277.65850830078125
19_0213,1947.0,1461.1580839479125,118.55664,276.90042,237.807853639509,554.13835897527,-1828.443359375,-1670.0995788574219
19_0214,1947.0,1435.4361618938353,118.55676,276.91028,237.8081274308135,554.1485714320347,-1828.4432373046875,-1670.0897216796875
19_0215,1947.0,1442.780696759002,118.54915,276.88797,237.79291553550885,554.1084348331757,-1828.4508514404297,-1670.1120300292969
19_0216,1947.0,1449.4116433443844,118.55277,276.8991,237.80014137309027,554.1280352624465,-1828.4472274780273,-1670.1008911132812
19_0217,1947.0,1463.3398458267186,120.75993,281.88113,241.44845494302933,563.0180668147109,-1826.2400665283203,-1665.1188659667969
19_0218,1947.0,1459.7887658230015,118.88656,276.94528,238.39048698123895,554.8392972363085,-1828.1134414672852,-1670.0547180175781
19_0219,1947.0,1452.9421640749706,117.60771,274.13547,235.91117893738328,549.1550955585612,-1829.3922882080078,-1672.8645324707031
19_0220,1947.0,1458.6173091187695,117.61187,274.14804,235.9194462620656,549.1773286756712,-1829.3881301879883,-1672.8519592285156
19_0221,1947.0,1449.3024755884298,117.800156,274.7402,236.29388875839317,550.207216002206,-1829.1998443603516,-1672.2597961425781
19_0222,1947.0,1455.4823919975595,117.79682,274.73114,236.28728059789756,550.1904448593559,-1829.2031784057617,-1672.2688598632812
19_0223,1947.0,1461.8364715879204,117.78932,274.70953,236.27233121342016,550.151360359107,-1829.210678100586,-1672.2904663085938
19_0224,1947.0,1467.5708322819667,117.78129,274.6863,236.256305442104,550.1093923136203,-1829.2187118530273,-1672.3136901855469
19_0259,1947.0,1476.9834744150096,118.553925,276.89676,237.80244903153869,554.1283792302014,-1828.4460754394531,-1670.1032409667969
19_0601,0.0,135.7319564642142,120.24819,280.38306,240.0794621662007,559.7199808663813,120.2481918334961,280.383056640625
19_0602,0.0,108.8317107257681,120.24318,280.38168,240.06929216440346,559.7066987404731,120.24317932128906,280.3816833496094
19_0603,0.0,87.11973632808781,112.86138,260.90182,226.5591281324032,524.9881809553899,112.86138153076172,260.9018249511719
19_0604,0.0,59.919003665456785,112.85358,260.8947,226.54324996798445,524.9624573976612,112.85357666015625,260.89471435546875
19_0605,0.0,98.30671722252997,120.249626,280.38864,240.082516101591,559.7292195759526,120.24962615966797,280.3886413574219
19_0606,0.0,113.5629553021684,119.59157,277.84628,239.48775985667777,556.8751792719584,119.59156799316406,277.8462829589844
19_0607,0.0,68.47880390282921,112.86039,260.91104,226.55692513944123,524.9947356641596,112.86038970947266,260.9110412597656
19_0608,0.0,74.47406439912862,112.86252,260.91605,226.56133741591128,525.0049405585924,112.86251831054688,260.9160461425781
19_0659,0.0,59.2012783986757,112.86416,260.90955,226.56471135045683,525.0024042589409,112.8641586303711,260.9095458984375
19_0101,2544.0,2301.0609373621137,111.61183,265.48932,221.67524262771158,522.6859729616793,-2432.388168334961,-2278.5106811523438
19_0102,2544.0,2267.233900503291,110.46541,261.98074,219.49687255095876,516.6921097508205,-2433.5345916748047,-2282.019256591797
19_0103,2544.0,2273.7656773168974,110.41741,261.86325,219.40160235286763,516.463330469305,-2433.582588195801,-2282.136749267578
19_0104,2544.0,2270.2889832289975,110.404205,261.81183,219.37427944763945,516.3792479092876,-2433.5957946777344,-2282.1881713867188
19_0105,2544.0,2281.3139090987415,110.45375,261.95148,219.47395080564857,516.6361627772619,-2433.5462493896484,-2282.0485229492188
19_0106,2544.0,2277.106028379062,110.40766,261.82382,219.3807788550102,516.3986458866798,-2433.5923385620117,-2282.1761779785156
19_0107,2544.0,2286.6528704125685,110.09922,261.0454,218.77505215128755,514.9167107351416,-2433.900779724121,-2282.95458984375
19_0108,2544.0,2284.7102204757493,110.40938,261.81647,219.38592827928116,516.3982729214927,-2433.590621948242,-2282.1835327148438
19_0109,2544.0,2317.496618417861,111.58101,265.43372,221.61330834421037,522.5576268663563,-2432.418991088867,-2278.5662841796875
19_0110,2544.0,2323.484134380391,111.58675,265.452,221.62414489367933,522.5882511946753,-2432.4132537841797,-2278.5480041503906
19_0111,2544.0,2329.213704278057,111.58883,265.45862,221.6280472588902,522.5992796726377,-2432.4111709594727,-2278.5413818359375
19_0112,2544.0,2333.858236343419,111.58548,265.44785,221.62175394020898,522.58138466006,-2432.414520263672,-2278.5521545410156
19_0159,2544.0,2291.8190647609954,110.34164,261.60843,219.25594371288383,516.0409821450942,-2433.658363342285,-2282.391571044922
20_0201,12.0,267.3527706859515,116.86042,271.16483,234.51690342022698,544.5820994329076,104.86042022705078,259.1648254394531
20_0202,12.0,238.68073502175383,116.673874,270.69617,234.15214344928756,543.6883388203717,104.67387390136719,258.6961669921875
20_0203,12.0,238.11088621416383,115.98413,268.93384,232.78988098240498,540.3335207665532,103.984130859375,256.933837890625
20_0204,12.0,249.096987252504,116.658356,270.65942,234.12047935596107,543.6143779103551,104.65835571289062,258.659423828125
20_0205,12.0,269.16523623577007,117.69674,273.23715,236.2120818251305,548.6438014583116,105.69673919677734,261.2371520996094
20_0206,12.0,273.09962312669415,117.52585,272.79825,235.87891073345872,547.8168478497828,105.52584838867188,260.7982482910156
20_0207,12.0,278.7817562595993,117.53254,272.8164,235.89224077801242,547.8505932172372,105.53253936767578,260.81640625
20_0208,12.0,284.1768444188095,117.53941,272.83496,235.90558310323186,547.8846480292343,105.53941345214844,260.8349609375
20_0209,12.0,276.73390667137005,116.025986,269.18234,232.87363467477732,540.6795265558394,104.02598571777344,257.1823425292969
20_0210,12.0,278.1474893363011,116.0305,269.19498,232.88276924487263,540.7028873886238,104.03050231933594,257.1949768066406
20_0211,12.0,280.1498191851924,116.04116,269.22,232.9042797188008,540.75315671834,104.0411605834961,257.2200012207031
20_0212,12.0,300.6003763422863,117.53686,272.82935,235.90042525293757,547.8730181456505,105.53685760498047,260.829345703125
20_0259,12.0,272.10947201266947,116.02148,269.1641,232.8643989404418,540.6503855596969,104.02147674560547,257.1640930175781
20_0159,0.0,261.78225961375284,119.6118,279.44742,238.5471952665542,556.8401849372941,119.61180114746094,279.4474182128906
20_0106,0.0,263.48142163566405,118.927216,277.9241,237.2007419706047,553.7627968976669,118.92721557617188,277.9241027832031
20_0108,0.0,263.46706936716635,119.935974,280.18912,239.2083304002883,558.3643013853275,119.93597412109375,280.1891174316406
20_0109,0.0,274.9782748103645,120.08512,280.5092,239.49645388541484,559.0127297089418,120.08512115478516,280.5091857910156
20_0110,0.0,283.6442989934713,120.08688,280.51495,239.4999669069958,559.022604011699,120.08688354492188,280.51495361328125
20_0112,0.0,291.9596440846206,120.05939,280.4562,239.4428892552965,558.8960145387534,120.05938720703125,280.4562072753906
20_0111,0.0,271.64668495724163,119.45691,279.12302,238.25133375278972,556.1827239486125,119.4569091796875,279.1230163574219
20_0105,0.0,254.93746737590186,119.55456,279.32336,238.45737024039957,556.6298957642225,119.55455780029297,279.3233642578125
20_0103,0.0,279.77966999662283,119.50987,279.21915,238.3637307951039,556.4138558248204,119.50987243652344,279.2191467285156
20_0104,0.0,248.61627866096086,119.3441,278.87015,238.02633214633215,555.6686913791091,119.34410095214844,278.8701477050781
20_0101,0.0,208.55563324271046,102.29324,238.95305,203.70930473829156,475.4189359076424,102.29324340820312,238.9530487060547
20_0102,0.0,174.174522252298,102.29085,238.96298,203.70461614948886,475.42350750635984,102.29084777832031,238.96298217773438
20_0107,0.0,151.83007366235822,101.43788,237.02792,202.03506695733859,471.5728018994919,101.43788146972656,237.02792358398438
20_0160,0.0,210.7433825275887,104.12479,243.86046,207.22927669194326,484.3977159320637,104.12478637695312,243.86045837402344
20_0161,0.0,162.87611286705217,104.066505,243.72086,207.11419699628507,484.1242492875183,104.0665054321289,243.72085571289062
20_0164,0.0,152.0636667347418,101.653404,237.5049,202.441311229046,472.5008845010346,101.65340423583984,237.50489807128906
20_0163,0.0,170.36241266268945,101.65316,237.51646,202.4407987092752,472.5118767302388,101.65316009521484,237.51646423339844
20_0162,0.0,192.42291758957208,101.62817,237.47072,202.39159214932837,472.4096083030789,101.62816619873047,237.47071838378906
26_0113,2753.0,1120.7218352090208,104.644356,246.16446,208.19248279083124,487.7804251103305,-2648.355644226074,-2506.8355407714844
26_0114,2753.0,1092.3089214319416,104.64108,246.16795,208.18613228970247,487.7766235978666,-2648.358917236328,-2506.832046508789
26_0115,2753.0,1180.919021362482,119.806274,280.46793,239.02361274610638,558.4792143866391,-2633.1937255859375,-2472.5320739746094
26_0116,2753.0,1178.0454699134325,119.78149,280.37964,238.96499448894087,558.3176613114342,-2633.2185134887695,-2472.620361328125
26_0117,2753.0,1153.153667312791,119.82609,280.52014,239.06460296430737,558.5800594871189,-2633.17391204834,-2472.4798583984375
26_0118,2753.0,1141.4552066018127,111.47136,262.6785,221.72953738204467,520.1114256579912,-2641.5286407470703,-2490.321502685547
26_0119,2753.0,1089.170843705056,103.74943,243.84361,206.45455016441622,483.4570922815552,-2649.25057220459,-2509.1563873291016
26_0120,2753.0,1126.4350512025085,111.6026,262.96677,221.9962208335199,520.7142205463175,-2641.3973999023438,-2490.033233642578
26_0121,2753.0,1116.44959518915,111.54346,262.82965,221.8764134186508,520.4360536491622,-2641.45654296875,-2490.1703491210938
26_0122,2753.0,1098.159082087081,104.36177,245.45764,207.64278485828936,486.4388426814084,-2648.638229370117,-2507.5423583984375
26_0123,2753.0,1178.1986965297938,120.47487,282.243,240.32630619056732,561.756008116133,-2632.525131225586,-2470.7569885253906
26_0124,2753.0,1162.4811891259328,120.474915,282.23343,240.32668634004878,561.7470601418406,-2632.5250854492188,-2470.766571044922
26_0159,2753.0,1135.42433625368,111.19332,261.95035,221.19777214851268,518.7746257173472,-2641.8066787719727,-2491.0496520996094
26_0213,0.0,275.58471808476247,118.994934,276.39743,238.58101691719986,554.4984564484212,118.99493408203125,276.3974304199219
26_0214,0.0,269.5503762247319,116.539536,270.5483,233.85217903137442,543.1788444718505,116.53953552246094,270.5483093261719
26_0215,0.0,273.05924513587274,120.0952,279.1609,240.69236136522687,559.6899789156791,120.09519958496094,279.160888671875
26_0216,0.0,246.22140867491296,114.26369,264.7574,229.37453293308667,532.1478327749815,114.26368713378906,264.75738525390625
26_0217,0.0,240.30340113650172,119.11929,276.71317,238.80870385829303,555.0716479076624,119.11929321289062,276.7131652832031
26_0218,0.0,243.85458835799028,119.33694,277.27576,239.2077780451601,556.0852121724871,119.3369369506836,277.2757568359375
26_0219,0.0,229.9381838020991,113.5567,263.06454,227.94041423488005,528.7721191334732,113.55670166015625,263.0645446777344
26_0220,0.0,279.38083286722076,120.956406,282.2404,241.66723991531228,563.5315725879302,120.95640563964844,282.2403869628906
26_0221,0.0,225.14866008516015,113.510445,262.94174,227.84680734810752,528.5395190955971,113.51044464111328,262.9417419433594
26_0222,0.0,267.95340681931845,116.27666,269.77576,233.3813261217509,541.8655635841096,116.27665710449219,269.7757568359375
26_0223,0.0,262.2581559906437,114.27379,264.79236,229.39501560535257,532.2068587765416,114.27378845214844,264.7923583984375
26_0224,0.0,216.56334276852917,113.512825,262.93875,227.8516555783951,528.5422269902085,113.51282501220703,262.9387512207031
26_0259,0.0,221.8296424804068,113.56741,263.08267,227.96211311221134,528.8156924728055,113.56741333007812,263.0826721191406
27_0701,0.0,109.06545337180859,118.87925,275.88998,238.40816282659185,553.814774876931,118.8792495727539,275.8899841308594
27_0702,0.0,99.18111851642293,119.57907,277.54337,239.82701412960995,557.1345435596074,119.57907104492188,277.5433654785156
27_0703,0.0,94.15906304601229,119.58647,277.56396,239.84168953517903,557.1722587759142,119.58647155761719,277.56396484375
27_0704,0.0,98.99186065209203,119.59578,277.58667,239.86088115777198,557.2176210236792,119.59577941894531,277.586669921875
27_0705,0.0,103.10030166537625,119.59765,277.59177,239.86465354758303,557.227138695697,119.59764862060547,277.5917663574219
27_0706,0.0,107.542813069644,119.59206,277.5789,239.8540979761587,557.2021711867991,119.59205627441406,277.5788879394531
27_0707,0.0,111.8204751294441,119.588646,277.57205,239.8471401312646,557.1871262680252,119.5886459350586,277.5720520019531
27_0708,0.0,138.36679453199616,119.59082,277.5865,239.85076051170682,557.2055054860182,119.5908203125,277.58648681640625
27_0709,0.0,138.56395332114369,119.57992,277.55942,239.8293842126356,557.1536165621931,119.57991790771484,277.5594177246094
27_0759,0.0,115.4522564154011,119.40358,277.17126,239.4709765399676,556.3442753776399,119.40357971191406,277.1712646484375
27_0501,0.0,85.95954076671293,113.33482,265.78552,225.4976572354159,527.6362989003022,113.33482360839844,265.7855224609375
27_0502,0.0,89.83564685881923,113.39856,265.94717,225.62256652660622,527.9420708532354,113.3985595703125,265.9471740722656
27_0503,0.0,61.82858738868646,113.38446,265.92593,225.59485819680054,527.8888216913613,113.38446044921875,265.9259338378906
27_0504,0.0,76.77159436012677,114.16991,267.6118,227.134113627825,531.350085455373,114.16990661621094,267.6117858886719
27_0505,0.0,84.5905982290388,114.16636,267.60657,227.12715510579346,531.3368472616824,114.1663589477539,267.6065673828125
27_0506,0.0,88.76881755188914,114.17018,267.615,227.13464472530472,531.3538975372346,114.17018127441406,267.614990234375
27_0507,0.0,89.1539366205223,114.16397,267.599,227.12247790304525,531.3238834324541,114.16397094726562,267.5989990234375
27_0508,0.0,83.6949283167005,113.39191,265.94388,225.60949144831181,527.9236815864474,113.39190673828125,265.9438781738281
27_0509,0.0,100.1768446186448,114.162094,267.59756,227.11878583360843,531.3181884038908,114.16209411621094,267.5975646972656
27_0559,0.0,80.75969003369116,113.32824,265.78262,225.48473630499578,527.6185076311707,113.32823944091797,265.7826232910156
27_0560,0.0,84.60449603287114,113.26131,265.6344,225.35340582194794,527.3187332889386,113.26130676269531,265.6343994140625
27_0561,0.0,87.22325203336885,114.11073,267.46695,227.01803158695313,531.0713207425279,114.11073303222656,267.4669494628906
29_A310,0.0,18.729785917870117,37.297092,58.821507,74.90327282672288,117.75580766019132,37.29709243774414,58.82150650024414
29_A320,0.0,28.73062675423597,37.295124,58.818474,74.89912125341465,117.74943147051358,37.29512405395508,58.81847381591797
29_A330,0.0,35.96704696192643,37.172333,58.53854,74.66010107630733,117.27696928025364,37.172332763671875,58.53853988647461
29_A340,0.0,71.44642866464679,37.85401,60.27917,75.96970354043093,120.06758406126747,37.85401153564453,60.279170989990234
29_A350,0.0,55.298600527577236,37.17003,58.534832,74.6554807499669,117.26952597786833,37.17002868652344,58.53483200073242
29_A351,0.0,49.178842969920936,37.023445,58.338444,74.36216174111159,116.83580203279669,37.02344512939453,58.338443756103516
29_0507,0.0,91.14121390286536,117.88734,275.33105,234.96308625522437,548.4626139817923,117.88733673095703,275.3310546875
29_0506,0.0,88.12358916326306,117.905045,275.36404,235.00263146388406,548.5442249445898,117.90504455566406,275.3640441894531
29_0509,0.0,90.85899517967817,117.9278,275.41183,235.04692269062883,548.6426196227915,117.92780303955078,275.4118347167969
29_0508,0.0,109.05559506029435,117.89863,275.3662,234.98524879833158,548.5230106927673,117.89862823486328,275.3662109375
29_0505,0.0,86.61348977547786,117.85298,275.25946,234.89670301727807,548.3150688289245,117.85298156738281,275.25946044921875
29_0501,0.0,110.03448435907444,115.504974,270.16522,230.03754653073995,537.4459954917272,115.50497436523438,270.16522216796875
29_0504,0.0,86.54104816844702,117.86774,275.28976,234.92454558599758,548.3768026251236,117.86773681640625,275.2897644042969
29_0503,0.0,95.39072118400104,117.89267,275.35446,234.97329964924424,548.4972277819165,117.89266967773438,275.3544616699219
29_0502,0.0,100.60262393673979,117.90552,275.37686,235.00196981795213,548.5548210801498,117.905517578125,275.3768615722656
29_0802,0.0,125.40065607293994,89.42433,208.19727,178.5836141972245,415.7622145959888,89.42433166503906,208.197265625
29_0807,0.0,130.29607934841422,89.42499,208.19856,178.58493523306888,415.7651110840965,89.42498779296875,208.1985626220703
29_0808,0.0,113.30924555394776,89.42592,208.18489,178.58679148117528,415.75353579499523,89.42591857910156,208.1848907470703
29_0801,0.0,157.66576734776868,89.420044,208.17226,178.5752039271426,415.72755105537885,89.4200439453125,208.17225646972656
29_A601,0.0,18.40660148953029,37.18988,57.00653,74.86544697028174,115.76253389544094,37.18988037109375,57.00653076171875
29_A602,0.0,0.0,37.182102,57.00809,74.84905134093763,115.75116293526992,37.18210220336914,57.00809097290039
29_A604,0.0,8.831067583595626,37.195683,57.00833,74.87801063603997,115.77472935679148,37.195682525634766,57.008331298828125
29_A605,0.0,0.0,37.194996,57.017704,74.87630409881882,115.78239643916096,37.19499588012695,57.017704010009766
29_A606,0.0,26.991970089817613,37.19478,57.006977,74.87609184131477,115.7718322353405,37.19477844238281,57.00697708129883
29_A607,0.0,37.11553924665162,37.169243,56.974895,74.82225167229232,115.69715500940157,37.16924285888672,56.97489547729492
29_A603,0.0,19.008447211088964,37.164013,56.970867,74.81120257054793,115.68437487864225,37.16401290893555,56.97086715698242
29_A608,0.0,23.8873061768293,37.17195,56.979786,74.82812251086239,115.70697379929292,37.17195129394531,56.97978591918945
38_0264,38.0,254.16539839987735,120.25958,279.6891,241.01445122244291,560.5966106450376,82.25958251953125,241.6890869140625
38_0215,32.0,256.95099183541987,120.265686,279.85815,241.01945294235418,560.7683578684162,88.26568603515625,247.858154296875
38_0217,33.0,273.7135642424468,120.8992,281.56253,242.2369399633677,563.8738488068957,87.89920043945312,248.56253051757812
38_0218,33.0,277.6379255091543,120.9068,281.51184,242.30521183474937,563.9267488394432,87.90679931640625,248.5118408203125
38_0219,34.0,273.8524762329157,121.81832,284.0477,243.8367138750242,568.1126083890867,87.81832122802734,250.04769897460938
38_0220,33.0,283.9342252889152,120.900925,281.49545,242.29435274783037,563.8980701175791,87.90092468261719,248.49545288085938
38_0221,31.0,270.2541927858441,120.25585,279.68546,241.00602225627813,560.5826948617249,89.25585174560547,248.68545532226562
38_0222,31.0,260.4007535412912,120.25139,279.6779,240.99707626037326,560.5646500447242,89.25138854980469,248.67788696289062
38_0223,33.0,295.37734426606016,121.325424,282.47766,243.1542216479685,565.8898072467574,88.32542419433594,249.4776611328125
38_0224,31.0,268.337043596008,120.2587,279.69522,241.01269879606744,560.600712905389,89.25869750976562,248.69522094726562
38_0259,31.0,271.7526520359993,120.241135,279.65176,240.97697109177957,560.5151897284697,89.24113464355469,248.65176391601562
38_0260,33.0,278.8389890910163,120.25285,279.82562,240.99366030593364,560.7056094990776,87.25285339355469,246.82562255859375
38_0261,33.0,260.9195392602671,120.26004,279.83542,241.00810911077122,560.7323234679934,87.26004028320312,246.83541870117188
38_0262,34.0,312.7753867275295,121.55139,283.10486,243.60838702146074,567.0488101385474,87.5513916015625,249.1048583984375
38_0263,31.0,280.90247973104,120.258125,279.69516,241.01148046637522,560.599199881312,89.25812530517578,248.69515991210938
39_0901,18.0,284.54424470350096,121.50013,283.3546,242.8904005390133,566.1511834051344,103.50012969970703,265.3546142578125
39_0902,18.0,274.599405825414,117.46121,272.79208,235.62036434247867,547.4682124635495,99.46121215820312,254.79208374023438
39_0903,18.0,271.77781643078407,121.67752,284.05453,243.10960028621517,567.0345139682631,103.67752075195312,266.0545349121094
39_0106,0.0,274.84646794075934,119.592896,277.913,239.66039889559713,557.2254154556575,119.5928955078125,277.9129943847656
39_0159,0.0,246.36090925413043,120.60525,280.94885,241.18996831126992,561.8024789268128,120.6052474975586,280.9488525390625
39_0160,0.0,244.16516489217133,120.859764,281.52463,241.69172728850256,562.961016940211,120.8597640991211,281.5246276855469
39_0201,540.0,565.6987876243204,121.12149,282.124,242.33563439559094,564.3777941248509,-418.8785095214844,-257.8760070800781
39_0202,540.0,570.2995689552274,121.88512,284.09,243.8640326064633,568.1304020380551,-418.11488342285156,-255.91000366210938
39_0203,540.0,554.2686534969619,114.606415,265.68427,230.02223398357668,533.8305354032314,-425.3935852050781,-274.31573486328125
39_0204,540.0,556.4964184251293,121.02944,281.9869,242.14767472094064,564.0200149828936,-418.9705581665039,-258.0130920410156
39_0205,540.0,564.8727572766134,121.27863,282.51825,242.64820320451383,565.1368733622288,-418.7213668823242,-257.48175048828125
39_0206,540.0,565.2838451912858,121.37039,282.82214,242.83084977251434,565.6542676516519,-418.6296081542969,-257.1778564453125
39_0207,540.0,546.7105335559083,116.0416,269.35452,232.85517342719584,540.8140744924194,-423.9583969116211,-270.6454772949219
39_0208,540.0,540.3383800700483,115.80451,268.78342,232.39325650000407,539.7055176281314,-424.1954879760742,-271.2165832519531
39_0209,540.0,558.0911184085228,118.88545,276.13153,238.37328149807092,553.993077692545,-421.1145477294922,-263.86846923828125
39_0210,540.0,571.8987335265128,121.46003,283.04913,243.00887571322062,566.0882532518102,-418.5399703979492,-256.95086669921875
39_0211,540.0,527.7378324966638,114.56158,265.56958,229.9282894484782,533.6031503850895,-425.4384231567383,-274.430419921875
39_0212,540.0,567.0869071173213,115.35494,267.58774,231.47568176673758,537.4318912033157,-424.64505767822266,-272.4122619628906
39_0259,540.0,559.449823090771,121.0225,281.96832,242.13374453814376,563.9851286906535,-418.97750091552734,-258.03167724609375
39_0260,540.0,572.2387661904113,120.6311,281.85312,240.79738983965007,562.0070518834102,-419.368896484375,-258.1468811035156
39_0261,540.0,533.4193828273256,114.52669,265.47183,229.85299174748403,533.4156833487091,-425.4733123779297,-274.5281677246094
39_0262,540.0,538.8648568056393,114.586494,265.69296,229.979619674703,533.7894059618658,-425.4135055541992,-274.3070373535156
39_0263,540.0,532.709573010655,114.52348,265.5064,229.8454869982572,533.4391444945115,-425.4765167236328,-274.49359130859375
39_0264,540.0,566.587973466987,118.58757,275.42175,237.77159475514543,552.5746524613797,-421.4124298095703,-264.5782470703125
39_0265,540.0,515.9097857940916,114.62339,265.73938,230.05515827887174,533.9225821068814,-425.3766098022461,-274.2606201171875
39_0104,0.0,280.71653956130064,121.57427,283.70425,242.9275244140362,566.4841587462349,121.57427215576172,283.7042541503906
39_0111,0.0,268.2634315337592,120.55344,280.52036,241.40847581289015,561.7959300731619,120.55343627929688,280.5203552246094
39_0112,0.0,265.37640002785,122.02385,284.85397,243.82546143702868,568.6831531795216,122.02384948730469,284.8539733886719
39_A803,1.0,0.0,31.825891,49.29536,64.80400710000765,103.7979018488271,30.825891494750977,48.29536056518555
39_A804,1.0,0.0,32.276665,49.844395,65.85681518052415,105.27441329388438,31.27666473388672,48.84439468383789
39_0809,0.0,184.50221671543315,89.129135,207.60526,178.02414559760138,414.5496380686946,89.12913513183594,207.60525512695312
39_0810,0.0,127.25170215577037,89.127686,207.60185,178.02120351674034,414.54276323875575,89.127685546875,207.6018524169922
46_0601,0.0,67.83152892568185,106.53155,249.5396,211.9184226670131,495.4689125009212,106.53154754638672,249.5395965576172
46_0602,0.0,37.676987980657145,106.54617,249.58458,211.94702924755316,495.5467687069746,106.54617309570312,249.58457946777344
46_0603,0.0,48.898152022208905,107.154305,250.95103,213.13602078432814,498.27936356940177,107.15430450439453,250.95103454589844
46_0604,0.0,52.17121244642007,107.148026,250.93701,213.1237367396348,498.2512243608474,107.14802551269531,250.93701171875
46_0605,0.0,55.72336630614754,107.13545,250.908,213.0990972802058,498.1938258448224,107.13545227050781,250.9080047607422
46_0606,0.0,59.586358766845564,107.155464,250.95464,213.1382715256204,498.28553092435754,107.15546417236328,250.9546356201172
46_0607,0.0,63.41051092757526,107.144455,250.93033,213.11672125779532,498.2364628012322,107.14445495605469,250.93032836914062
46_0608,0.0,54.285383944194194,106.55709,249.66075,211.9675551223278,495.64621916646047,106.55709075927734,249.66075134277344
46_0660,0.0,57.77704140980356,106.565704,249.68037,211.98442367992402,495.68524141462933,106.56570434570312,249.6803741455078
46_0661,0.0,74.02914190409689,107.15425,250.95287,213.13589549805226,498.2810316670427,107.15425109863281,250.95286560058594
46_0662,0.0,54.919049594183065,107.1505,250.93233,213.1285768721206,498.25210224271365,107.15049743652344,250.9323272705078
55_0113,34.0,268.8688991440877,117.14755,274.54083,233.3914735188012,545.7895038086622,83.14755249023438,240.54083251953125
55_0115,37.0,240.1720869700346,116.96791,274.10666,233.02774921325482,544.9308575333516,79.96791076660156,237.10665893554688
55_0114,39.0,271.42908323663073,116.46643,272.8799,232.0445370284978,542.5679553880418,77.4664306640625,233.87991333007812
55_0116,34.0,240.69627314850732,117.0867,274.4377,233.2613114840502,545.5294739465011,83.08670043945312,240.43771362304688
55_0117,37.0,244.879024059451,116.72906,273.5234,232.56109842301166,543.8093624977025,79.72905731201172,236.52340698242188
55_0118,34.0,244.63158732290458,117.104614,274.4753,233.2983968415345,545.6111375574809,83.1046142578125,240.47531127929688
55_0119,34.0,266.86109202070156,118.1616,276.91025,235.38290915635952,550.461916775603,84.1615982055664,242.91024780273438
55_0120,34.0,258.0261418246845,117.660385,275.73325,234.39827382193317,548.1461071356299,83.66038513183594,241.73324584960938
55_0121,34.0,266.7950471055446,117.91531,276.3295,234.89973185266473,549.3227574257279,83.91531372070312,242.32949829101562
55_0122,34.0,260.5933248798029,117.36186,275.0513,233.80439535818638,546.7727877158393,83.36186218261719,241.05130004882812
55_0123,35.0,258.682296382948,117.2118,274.6934,233.5056581874931,546.0696551152228,82.21179962158203,239.69338989257812
55_0124,35.0,246.01604895374442,117.467735,275.28998,234.00902676868918,547.2488460627497,82.46773529052734,240.28997802734375
55_0805,4.0,180.9963925332174,89.32236,208.00975,178.38622979949878,415.3625696571131,85.32235717773438,204.00975036621094
55_0806,4.0,125.98234546039495,89.33526,208.04234,178.41150959413824,415.4241900125535,85.33525848388672,204.04234313964844
55_0901,0.0,107.15276888931918,116.996506,271.29758,234.72745896357907,544.9429867507478,116.99650573730469,271.2975769042969
55_0902,0.0,65.85041817635071,114.67901,265.50635,230.16882613202904,533.8315902520027,114.67900848388672,265.50634765625
55_0903,0.0,81.45899606876633,116.973495,271.25797,234.6805994405232,544.8482200638718,116.97349548339844,271.2579650878906
55_0909,0.0,18.426631129412158,105.574905,244.03394,211.72734636302158,490.6216420334403,105.57490539550781,244.033935546875
55_0908,0.0,65.90848753482565,116.98033,271.2617,234.69464413836556,544.8686126986926,116.98033142089844,271.2616882324219
55_0213,34.0,277.83199854254593,121.29222,282.36432,242.76216902961804,565.1602408622217,87.29222106933594,248.36431884765625
55_0214,34.0,248.61037512356552,121.29498,282.348,242.76836740531422,565.1506304668428,87.29498291015625,248.34799194335938
55_0215,38.0,250.6757842450626,120.35266,280.11533,240.87203043120917,560.6975805159135,82.3526611328125,242.11532592773438
55_0216,34.0,259.5875159385362,121.9952,284.05432,244.17374013218853,568.5019949385037,87.99520111083984,250.0543212890625
55_0217,34.0,252.66320689032364,121.29573,282.40033,242.76824012041484,565.203124724417,87.29573059082031,248.40032958984375
55_0218,36.0,253.95089323861114,120.826706,281.2552,241.82607997181302,562.9545307274583,84.82670593261719,245.25518798828125
55_0219,37.0,257.2073157613445,120.59073,280.68777,241.35118054752954,561.8310639520051,83.59072875976562,243.68777465820312
55_0220,34.0,269.709919719125,122.22203,284.60168,244.63023085493256,569.5838589501449,88.22203063964844,250.6016845703125
55_0221,34.0,263.9445266781356,121.76738,283.5388,243.7152771644408,567.4496483531959,87.76737976074219,249.53878784179688
55_0222,34.0,260.38506248122724,121.29436,282.32272,242.7669282373775,565.1238302454653,87.29435729980469,248.32272338867188
55_0223,34.0,263.4745373879613,121.293434,282.31833,242.76497420163665,565.1172582540067,87.2934341430664,248.31832885742188
55_0224,34.0,267.8276181302895,121.765945,283.53537,243.71256114422744,567.44313661241,87.76594543457031,249.53536987304688
55_0259,34.0,262.2490755001347,121.30148,282.4435,242.7783046385731,565.2574783259251,87.30148315429688,248.44351196289062
55_0260,34.0,265.00159950293016,121.295334,282.42883,242.76593399145733,565.2283104990543,87.29533386230469,248.4288330078125
55_0261,34.0,267.75545592910083,121.2929,282.3345,242.76361342847576,565.1319634350807,87.29290008544922,248.33450317382812
55_0262,35.0,249.83811448252283,121.061676,281.81223,242.29894185355414,564.0652276960575,86.06167602539062,246.81222534179688
55_0263,34.0,269.09382103676325,121.30354,282.44913,242.7824524287325,565.2679571399813,87.30354309082031,248.44912719726562
55_0264,34.0,271.91959226402315,121.303154,282.44824,242.7816678163488,565.266150925005,87.30315399169922,248.4482421875
55_0265,34.0,253.28525853888732,121.29976,282.431,242.7748639727412,565.2409595985645,87.29975891113281,248.43099975585938
55_0266,34.0,259.3384299537317,121.52522,282.9446,243.23037660270595,566.2886260416853,87.52522277832031,248.94461059570312
35_AA01,0.0,0.0,47.956684,86.47585,94.9062000101377,171.62297384839073,47.95668411254883,86.4758529663086
35_AA02,0.0,0.0,48.022453,86.58674,95.0344598548142,171.84592586363755,48.02245330810547,86.58673858642578
35_AA03,0.0,0.0,48.02833,86.59559,95.04554518908084,171.86410046050082,48.0283317565918,86.59558868408203
35_AA61,0.0,0.0,48.002785,86.54757,94.9975002091665,171.77572615968688,48.002784729003906,86.54756927490234
35_AA62,0.0,0.0,47.989956,86.52856,94.97310178308473,171.7359868055937,47.98995590209961,86.52855682373047
53_AA01,0.0,0.0,78.46573,118.661964,155.62912531300162,234.33387470102087,78.46572875976562,118.6619644165039
55_0907,0.0,83.23133333345366,116.994125,271.3024,234.7225801215999,544.9420580846001,116.99412536621094,271.3023986816406
55_C901,129.0,399.96126241199283,78.716736,117.29885,157.61194567869393,234.36946054168874,-50.28326416015625,-11.701148986816406
55_C902,128.0,449.03679378637577,78.73182,117.3088,157.64522966182403,234.40514221206055,-49.26818084716797,-10.691200256347656
55_C903,128.0,510.1713872043379,78.73651,117.307396,157.65417681890494,234.41139656133566,-49.26348876953125,-10.692604064941406
55_C959,128.0,557.9260997739242,78.72464,117.280266,157.63094545786902,234.36582768901212,-49.275360107421875,-10.719734191894531
55_C960,128.0,573.7945310562908,78.68514,117.21433,157.55041186816095,234.23705518733044,-49.314857482910156,-10.785667419433594
55_B909,0.0,2.422715209752681,52.821877,96.49947,106.53871797940765,194.97476547671175,52.821876525878906,96.49947357177734
55_B901,0.0,8.312263402336868,53.286835,97.31505,107.48085655775547,196.64014157810556,53.286834716796875,97.31504821777344
55_B902,0.0,35.52954271156946,54.0161,98.58817,109.0051045344221,199.36096783038423,54.0161018371582,98.58817291259766
55_B903,0.0,42.98603829388654,53.563625,97.80612,108.08543111583597,197.74646201225636,53.56362533569336,97.80612182617188
55_B907,0.0,55.49400083562546,53.56056,97.79949,108.07917255821482,197.73401717358738,53.5605583190918,97.79949188232422
55_B908,0.0,33.37159477675445,52.830147,96.50744,106.55618450247076,194.99942741482604,52.83014678955078,96.50743865966797
19_A430,0.0,0.0,35.10487,55.338436,70.44788215865992,110.77820682888292,35.1048698425293,55.338436126708984
19_A410,0.0,11.544561924392866,35.10444,55.33666,70.44703656719736,110.77577933780512,35.10443878173828,55.3366584777832
19_0701,0.0,83.92940432366754,113.6049,262.84943,228.07424536864187,528.720342054906,113.60489654541016,262.84942626953125
19_0703,0.0,56.580783031266776,113.33382,262.14352,227.54550514764725,527.3916330269659,113.33381652832031,262.1435241699219
19_0702,0.0,58.356407683282555,113.34007,262.15768,227.55828798945907,527.4208407073658,113.34007263183594,262.1576843261719
19_0709,0.0,72.90090384115946,113.354965,262.19632,227.58837825194502,527.4948244964562,113.35496520996094,262.1963195800781
19_0708,0.0,82.60011622607922,113.35681,262.2056,227.5921472830741,527.5084992212204,113.3568115234375,262.2055969238281
19_0759,0.0,66.5869291939712,113.35605,262.19525,227.59066934858737,527.4964588950497,113.35604858398438,262.19525146484375
19_0707,0.0,87.88750539623318,113.34222,262.18118,227.56228733107184,527.4490030351445,113.34221649169922,262.1811828613281
19_0706,0.0,86.70854697562267,113.33651,262.1686,227.55065158909673,527.422760201762,113.33650970458984,262.1686096191406
19_0705,0.0,84.36604801571242,113.316315,262.12112,227.5095704485142,527.3269294817243,113.31631469726562,262.1211242675781
19_0704,0.0,79.29241350314531,113.10478,261.66855,227.0779397475105,526.367192298512,113.10478210449219,261.6685485839844
53_AA02,0.0,0.0,78.07051,118.586914,154.64487051956323,233.7351822774013,78.07051086425781,118.5869140625
53_AA03,0.0,0.0,78.51079,118.70022,155.71583430681304,234.4365606412072,78.51078796386719,118.7002182006836
41_AA01,0.0,80.60980021288756,36.237732,57.864445,72.80778848293707,115.19336430506041,36.23773193359375,57.864444732666016
53_BA60,0.0,0.0,77.33791,119.01147,152.73392485699034,233.4404643657316,77.3379135131836,119.01146697998047
41_AA03,0.0,59.564667094702116,36.24738,57.88957,72.82672523042714,115.23385918018758,36.247379302978516,57.88956832885742
41_AA59,0.0,69.51849436317676,36.24443,57.880898,72.82090083414803,115.22050045060026,36.24443054199219,57.880897521972656
41_AA02,0.0,59.76436421357519,36.247044,57.883907,72.82647937692144,115.22785790703774,36.24704360961914,57.883907318115234
41_AA60,0.0,59.42003046518491,36.2309,57.85059,72.79365898462633,115.16834087020035,36.230899810791016,57.850589752197266
53_BA01,0.0,0.0,77.06115,118.97771,152.1106811367861,233.15686119605897,77.06114959716797,118.97770690917969
53_BA59,0.0,0.0,76.74806,118.73238,151.46282690953,232.5976032536865,76.74806213378906,118.73238372802734
17_A320,0.0,75.44755491016454,37.606865,57.763344,75.7026407469427,117.22895054156629,37.60686492919922,57.763343811035156
17_A350,0.0,75.24587150923341,37.60595,57.763428,75.7007194480589,117.22750205845449,37.60594940185547,57.763427734375
17_A330,0.0,87.47797890168712,37.604088,57.75997,75.6968207325012,117.2209535608165,37.604087829589844,57.759971618652344
17_A340,0.0,93.84399448517351,37.601265,57.75776,75.69084634232833,117.2139714652605,37.60126495361328,57.75775909423828
18_A430,0.0,0.0,34.798054,36.343746,69.14447773065494,73.63139095405947,34.79805374145508,36.343746185302734
18_A410,0.0,0.0,34.797623,36.33836,69.14399521936335,73.6258814268157,34.79762268066406,36.33835983276367
18_A901,0.0,0.0,43.481594,77.33457,86.77364946891211,155.9408872424477,43.48159408569336,77.3345718383789
18_A902,0.0,0.0,43.493504,77.34386,86.7986122442171,155.97283372261515,43.49350357055664,77.34385681152344
18_A903,0.0,0.0,43.49966,77.35009,86.81140120537505,155.9905893391531,43.49966049194336,77.35009002685547
18_A959,0.0,0.0,43.499603,77.34814,86.81133489052775,155.98860760627844,43.499603271484375,77.34813690185547
18_A960,0.0,0.0,43.49341,77.33819,86.79854181053915,155.96717666891251,43.493408203125,77.33818817138672
18_A961,0.0,0.0,43.48128,77.32638,86.77324142740267,155.93247963208452,43.48128128051758,77.32637786865234
18_0901,0.0,36.39097149428855,100.73563,233.02502,201.80177299429647,467.8847287230563,100.73562622070312,233.0250244140625
18_0902,0.0,4.314244553044347,100.73813,233.04393,201.8068990000594,467.90966990904394,100.73812866210938,233.04393005371094
18_0904,0.0,0.0,100.74335,233.04713,201.81754781158017,467.9253783953373,100.74334716796875,233.04713439941406
18_0905,0.0,40.39148899111811,108.99307,251.66063,218.72761352415267,506.5128937540724,108.99307250976562,251.66062927246094
20_B410,0.0,0.0,33.959152,52.83096,67.8474838925037,105.73185062218337,33.95915222167969,52.83095932006836
20_B430,0.0,0.0,35.07137,54.523266,70.21772432670917,109.39084991082905,35.07136917114258,54.52326583862305
20_A412,0.0,0.0,52.50507,95.07322,105.77562262420757,192.2485331788646,52.505069732666016,95.0732192993164
20_A430,0.0,0.0,52.506763,95.079155,105.77899070706383,192.25751189835688,52.50676345825195,95.07915496826172
20_A410,0.0,0.0,52.47407,95.02471,105.71149423345392,192.1406034614172,52.47407150268555,95.02471160888672
20_A411,0.0,0.0,52.49892,95.06422,105.76280977338129,192.2275372814193,52.49892044067383,95.06421661376953
29_B430,0.0,0.0,30.852041,48.175125,61.65354505735588,96.38551980939042,30.852041244506836,48.17512512207031
29_B410,0.0,0.0,30.853628,48.174896,61.656745829713174,96.3877958697066,30.853628158569336,48.174896240234375
29_B411,0.0,0.0,30.851208,48.170856,61.651992984885084,96.38012114395929,30.851207733154297,48.17085647583008
29_0603,0.0,71.76616122508162,115.26511,266.81354,231.3879953191544,536.5782406798537,115.26510620117188,266.81353759765625
29_0604,0.0,61.131577687560494,115.26553,266.81873,231.3888392285287,536.5844187586272,115.26553344726562,266.8187255859375
29_0606,0.0,65.61510439221522,115.26321,266.81317,231.38411544090954,536.5733010282452,115.2632064819336,266.81317138671875
29_0608,0.0,73.22761104855036,115.17024,266.5177,231.19655398320555,536.0577277407338,115.17024230957031,266.5177001953125
29_0660,0.0,62.943028327151495,115.16693,266.51416,231.18979036286925,536.0462463911663,115.16693115234375,266.51416015625
29_0662,0.0,73.8549036296095,115.34571,266.90836,231.5531593743895,536.8675005843068,115.34571075439453,266.9083557128906
29_0664,0.0,62.33163501004519,115.51676,267.29044,231.9005632797202,537.6577763165394,115.51676177978516,267.2904357910156
29_0665,0.0,103.24407774329423,115.22866,266.74838,231.31370999841423,536.425739371721,115.2286605834961,266.7483825683594
29_0666,0.0,80.80400827731262,115.25273,266.7915,231.36269070743623,536.5264528703377,115.25273132324219,266.79150390625
29_0701,0.0,144.86112808351933,121.2924,281.93973,242.68594644217723,564.603276169373,121.29239654541016,281.9397277832031
29_0759,0.0,96.67924647256946,121.2989,281.9515,242.6990921162437,564.6304746814103,121.29889678955078,281.9515075683594
29_0703,0.0,93.53445046806979,121.60772,282.58627,243.31802680186257,565.9879095338042,121.60771942138672,282.5862731933594
29_0760,0.0,89.05607118636573,121.6257,282.61548,243.35419091200137,566.0593880675845,121.62570190429688,282.615478515625
29_0704,0.0,98.17964039653798,121.65044,282.6768,243.40370959187715,566.178478334787,121.65043640136719,282.6767883300781
29_0702,0.0,100.42315860744911,118.57448,276.8108,236.53107945669606,551.8900863352757,118.57447814941406,276.810791015625
29_0708,0.0,109.20980949149686,121.63252,282.6415,243.36708786266362,566.1000443352527,121.63252258300781,282.6415100097656
29_0709,0.0,108.95508318825112,121.62868,282.63284,243.35932425347877,566.0822928833871,121.62867736816406,282.6328430175781
29_0706,0.0,102.87717534675396,121.25525,282.48126,242.20445518194998,564.3639314888412,121.2552490234375,282.48126220703125
29_A801,0.0,87.2123110495158,33.269844,54.99487,69.67068219154416,116.23932625954956,33.26984405517578,54.994869232177734
29_A802,0.0,307.18115770422344,33.249836,54.809734,69.66164135985284,116.06647126797385,33.24983596801758,54.80973434448242
29_A808,0.0,399.2535669112306,33.251293,54.654484,69.65639155458851,115.89171954059154,33.25129318237305,54.654483795166016
29_0959,0.0,91.8935087394101,121.78343,283.28473,243.4621037860635,566.7461717307756,121.78343200683594,283.28472900390625
29_0960,0.0,91.34500960649456,121.80734,283.33328,243.51020315546967,566.850977435668,121.80734252929688,283.3332824707031
29_0901,0.0,117.13604071454739,121.852234,283.41702,243.6008824263695,567.040971469862,121.85223388671875,283.4170227050781
29_0903,0.0,89.21541227066672,121.856995,283.43555,243.61058485125983,567.0709350101903,121.85699462890625,283.435546875
29_0902,0.0,88.33327029419911,121.85517,283.43204,243.60701231044584,567.0632867493003,121.85517120361328,283.4320373535156
29_0964,0.0,80.76711276424795,121.84214,283.39737,243.58086664738548,566.9980928617118,121.8421401977539,283.3973693847656
29_0962,0.0,98.80554379929282,121.82597,283.37326,243.5483741111113,566.9360039985868,121.82597351074219,283.3732604980469
29_0963,0.0,96.44226578370548,121.81059,283.3409,243.51738966139908,566.8674051606383,121.81059265136719,283.3409118652344
29_0961,0.0,63.88170856592649,111.373924,261.21146,221.6620280384605,518.6395655526617,111.3739242553711,261.2114562988281
31_C410,0.0,0.0,62.90504,80.08648,123.21152243821336,158.0133731811299,62.9050407409668,80.08647918701172
31_B430,0.0,0.0,50.85451,91.70742,101.61139333629768,184.16065908263295,50.85451126098633,91.7074203491211
31_B410,0.0,8.133085880798347,50.852207,91.7009,101.60677582628779,184.14999178283765,50.85220718383789,91.70089721679688
31_A410,0.0,16.765784438030806,36.32946,56.642513,73.07429627683982,114.12883928020409,36.32946014404297,56.642513275146484
31_A430,0.0,0.0,36.329094,56.642773,73.07354930167206,114.12849405235748,36.32909393310547,56.64277267456055
39_B412,0.0,103.13949210941098,75.49302,108.45278,151.5490747491564,220.95604888520333,75.4930191040039,108.4527816772461
39_B430,0.0,117.46127836395488,75.49513,108.456604,151.552857172366,220.9634511619693,75.49513244628906,108.45660400390625
39_B410,0.0,79.1325937306475,75.50816,108.47848,151.5803138726584,221.00397409851382,75.50816345214844,108.47847747802734
39_B411,0.0,101.42952933224637,75.49267,108.45225,151.54812765273655,220.95445496201296,75.49266815185547,108.4522476196289
46_0803,0.0,154.1031332642979,89.02977,207.32584,177.80734785012075,413.99974472839494,89.02976989746094,207.32583618164062
46_0804,0.0,117.3066426086541,89.03165,207.34956,177.81097920452908,414.0275991766119,89.03164672851562,207.3495635986328
46_0859,0.0,98.17307725028978,89.02981,207.32805,177.80740560310903,414.00200757722,89.0298080444336,207.3280487060547
17_A310,0.0,83.40154671616196,37.60664,57.763348,75.70211933938891,117.22852170632336,37.60663986206055,57.76334762573242
29_A807,0.0,325.57938799653795,33.274082,54.759945,69.7049760930428,116.04235092964336,33.27408218383789,54.759944915771484
39_0101,0.0,263.41337552341594,115.36317,270.44672,229.81751640582232,537.518728859757,115.36316680908203,270.44671630859375
39_0105,0.0,256.08091704296635,118.5569,277.17645,236.5014120669273,552.2268956130905,118.55690002441406,277.17645263671875
39_0108,0.0,275.7478226322988,121.43851,283.24442,242.71847269263117,565.8122125006719,121.43850708007812,283.2444152832031
31_0904,22.0,182.29924446119242,105.31231,247.34486,209.47447921587792,490.41109770540635,83.31230926513672,225.34486389160156
31_0124,592.0,477.1812113477314,105.30334,247.49974,209.4448951212178,490.52595096561464,-486.69666290283203,-344.50025939941406
48_3845,0.0,0.0,45.080387,81.852264,89.60736863946585,163.22477928448185,45.080387115478516,81.85226440429688
40_4165,0.0,0.0,36.871017,57.11783,74.15337765938753,115.46683702479433,36.87101745605469,57.117828369140625
40_4164,0.0,0.0,42.55201,48.88158,84.68539834693163,97.08157740751835,42.55200958251953,48.8815803527832
13_4112,0.0,0.0,49.197998,89.288345,98.90534629162232,180.11224887265607,49.197998046875,89.28834533691406
48_3855,0.0,0.0,35.697365,55.74057,71.76844178042897,112.2110182072443,35.697364807128906,55.740570068359375
13_4113,0.0,0.0,47.332268,85.574684,95.0298786696419,172.5954259242904,47.33226776123047,85.5746841430664
40_4087,0.0,18.259946343682344,35.792904,55.46404,71.68132686168136,111.4544568730888,35.792903900146484,55.46403884887695
40_4163,0.0,156.5155856418443,36.152233,56.335682,72.69364502772044,113.46557760125903,36.1522331237793,56.3356819152832
40_4157,0.0,0.0,26.268143,41.074833,52.34548319893513,81.8156094232002,26.268142700195312,41.074832916259766
1_4129,0.0,9.380522849959817,35.994267,55.948986,72.30991228589983,112.69090352882017,35.994266510009766,55.9489860534668
1_1021,0.0,0.0,49.635647,58.599224,98.52297892672023,115.61756108183081,49.63564682006836,58.59922409057617
1_4126,0.0,114.39680608313535,51.52876,94.31384,103.23456418124364,188.87278781457297,51.52875900268555,94.3138427734375
1_4127,0.0,0.0,34.82999,54.21037,69.74926677932697,108.72936725804725,34.82999038696289,54.21036911010742
22_3056,0.0,3647.6309162355774,43.380478,81.92637,86.71405589414168,161.55697084265034,43.38047790527344,81.9263687133789
47_3104,0.0,0.0,57.43532,113.80332,114.70758027236283,232.2289991724487,57.43532180786133,113.8033218383789
1_4084,0.0,0.0,54.814888,68.406136,107.07855536157997,135.74747774440405,54.81488800048828,68.40613555908203
1_4073,0.0,164.4877183638405,36.044247,56.181965,72.49597686502713,113.19751322197864,36.044246673583984,56.18196487426758
1_1011,0.0,0.0,41.57742,47.30501,82.56161495038265,93.35269295580451,41.57741928100586,47.30501174926758
47_3101,0.0,2.9401180850923936,28.334295,42.24295,56.678732092804715,86.09399864002027,28.33429527282715,42.242950439453125
47_2001,0.0,2.791619845746908,34.923687,54.91122,70.11484887228235,110.08100464524664,34.92368698120117,54.91122055053711
47_1028,0.0,14.758767672588618,35.713776,55.746395,71.8140767231203,112.25167912531708,35.713775634765625,55.746395111083984
47_9024,0.0,0.0,30.824202,46.95798,61.56613074331055,94.73371691868341,30.824201583862305,46.95798110961914
47_9025,0.0,0.0,28.598202,42.771717,57.188429174162636,87.03853388043954,28.598201751708984,42.7717170715332
47_1029,0.0,0.0,36.364452,61.832012,71.78829151797036,120.22299172490736,36.36445236206055,61.83201217651367
47_3110,0.0,31.48254667363986,35.337807,54.447605,70.73696781036183,109.26356112399581,35.337806701660156,54.44760513305664
47_3108,0.0,0.0,51.518894,92.61521,103.1136022600078,186.7078152970439,51.51889419555664,92.6152114868164
5_3073,0.0,0.0,47.224083,67.109566,92.03428858941288,132.69012493604706,47.224082946777344,67.10956573486328
5_2042,0.0,0.0,33.395565,51.994778,66.69251469766503,103.97663348500376,33.395565032958984,51.99477767944336
5_4021,0.0,0.0,54.965744,78.50815,108.61218380727348,157.49559151838048,54.96574401855469,78.50814819335938
5_3074,0.0,0.0,48.427906,86.94196,96.19081797268943,173.5147426236232,48.42790603637695,86.94196319580078
47_3109,0.0,23.093723361686415,36.315155,56.432457,73.00486683834055,113.77965250588201,36.315155029296875,56.432456970214844
5_3011,0.0,0.0,31.267908,48.39668,62.39039531278248,96.81435147732022,31.267908096313477,48.39667892456055
5_3058,0.0,0.0,63.346058,93.19725,122.02298546723978,175.954743272084,63.3460578918457,93.19725036621094
5_3059,0.0,0.0,60.264812,76.57217,117.16090893693206,150.1280337320726,60.26481246948242,76.5721664428711
5_4023,0.0,0.0,34.358463,53.26746,68.7317289765029,106.81598874283755,34.358463287353516,53.267459869384766
5_3048,0.0,0.0,35.52489,54.5322,70.9850670200062,109.70645511740307,35.5248908996582,54.53219985961914
5_3071,0.0,146.1836489581853,32.09142,50.56159,64.23623180660692,100.93189889611213,32.0914192199707,50.561588287353516
35_2006,0.0,2.1989810570599957,35.301765,55.00571,70.76064026463729,110.3762657939209,35.30176544189453,55.00571060180664
35_2118,0.0,0.0,51.297096,92.22963,102.2109756777611,184.51913198005596,51.297096252441406,92.22962951660156
35_6033,0.0,0.0,41.15858,75.93536,82.1145872331984,151.12329006343953,41.1585807800293,75.93536376953125
35_2007,0.0,0.0,33.664455,52.508297,67.24564058845112,104.93517009380218,33.66445541381836,52.508296966552734
12_4136,0.0,0.0,33.45808,52.12265,67.06435535821508,104.80193033324514,33.45808029174805,52.122650146484375
40_4088,0.0,0.0,36.38634,56.121292,72.99406531883125,113.25745683589452,36.3863410949707,56.12129211425781
13_3015,0.0,0.0,49.745975,90.485405,99.47074517205073,181.4753946032398,49.745975494384766,90.48540496826172
40_4086,0.0,0.0,36.12101,39.6686,71.80453926187332,79.10820750372665,36.121009826660156,39.66859817504883
40_4162,0.0,0.0,33.604942,52.28449,67.10026278330925,104.55356522245864,33.604942321777344,52.284488677978516
40_4161,0.0,0.0,31.497713,48.919903,62.84887902026813,97.83667291177632,31.497713088989258,48.91990280151367
40_4160,0.0,6.6748431389703455,69.250565,89.996544,136.5062070104125,181.0547278280772,69.25056457519531,89.99654388427734
1_4125,0.0,0.6952210599691,68.104324,94.27791,136.6337286167712,193.2710208620456,68.10432434082031,94.27790832519531
48_3865,0.0,0.0,33.73518,52.33144,67.39961983075455,104.86551858241924,33.73517990112305,52.33143997192383
1_4155,0.0,75.02568618092042,36.927322,56.987087,74.35009560162379,115.49059839392001,36.92732238769531,56.98708724975586
48_1046,0.0,0.0,52.927883,94.88386,105.71885123713386,190.53371487754913,52.92788314819336,94.88385772705078
48_9355,0.0,0.0,46.321606,58.217045,89.21856794146856,113.62672525102751,46.32160568237305,58.217044830322266
48_3779,0.0,0.0,55.236423,73.04499,107.90773136336082,142.39917382369265,55.23642349243164,73.04499053955078
48_1070,0.0,5.063892934990349,36.102226,56.29028,72.55553135236488,113.3754070233019,36.10222625732422,56.290279388427734
35_3010,0.0,0.0,32.751987,51.294735,65.58599577667387,102.70861343813391,32.75198745727539,51.294734954833984
35_6401,0.0,0.0,53.635796,96.99688,107.35165728423421,194.5748761921862,53.63579559326172,96.99687957763672
35_6035,0.0,12.15312264185448,53.5462,96.68009,107.13728770001546,193.9756393113004,53.546199798583984,96.68009185791016
35_1003,0.0,0.0,35.735043,55.875237,71.84604221825651,112.41063783429749,35.735042572021484,55.87523651123047
5_5803,0.0,0.0,58.278397,74.53686,113.24346025739624,145.93053544137808,58.27839660644531,74.53685760498047
35_1005,0.0,0.0,44.343727,81.96276,88.75957442415223,163.53615132822856,44.343727111816406,81.96276092529297
35_1112,0.0,0.0,35.662373,55.464397,71.46972577937345,111.34928762757866,35.66237258911133,55.46439743041992
35_1022,0.0,9.648702237600304,35.932487,56.0628,72.13057374599576,112.6169401466585,35.93248748779297,56.062801361083984
5_4046,0.0,0.0,33.16112,52.42482,66.23118104521623,104.09986622395338,33.1611213684082,52.42481994628906
48_3749,0.0,14.798459113188926,37.26712,57.363743,74.90124471166784,116.07940595691798,37.267120361328125,57.36374282836914
5_4019,0.0,0.0,48.136898,64.08216,93.51774705978221,127.1273546057281,48.136898040771484,64.08216094970703
5_5805,0.0,0.0,59.694897,76.53742,116.28473597631796,149.99163777466276,59.69489669799805,76.53742218017578
48_1181,0.0,0.0,49.75032,91.20736,100.07309956256714,183.54078117579894,49.75032043457031,91.20735931396484
48_2108,0.0,0.0,34.50768,53.70126,69.04840052142409,107.62448296515879,34.5076789855957,53.70125961303711
48_3729,0.0,0.0,36.156048,56.184895,72.68270153751176,113.27606251635858,36.15604782104492,56.18489456176758
48_3739,0.0,0.0,34.309948,53.78043,68.81367842391026,107.8735467738167,34.3099479675293,53.78042984008789
40_1017,0.0,0.0,34.83406,54.97201,69.85400500665402,109.88436726786311,34.83406066894531,54.97201156616211
40_6010,0.0,0.0,60.93233,121.51002,121.80827338842339,246.71525076797968,60.93233108520508,121.51001739501953
40_7024,0.0,0.31445701678134697,51.62743,94.933525,103.5333482960094,190.14398003781335,51.6274299621582,94.93352508544922
40_3018,0.0,0.0,59.09402,76.422295,115.06097090235198,149.09124717911556,59.09402084350586,76.42229461669922
40_1015,0.0,0.0,41.54835,45.760296,82.764863289468,91.52992607374327,41.5483512878418,45.76029586791992
40_5021,0.0,101.31691909882643,29.65229,46.630814,59.23880722670013,92.94329269556118,29.65229034423828,46.63081359863281
48_1068,0.0,79.94321572835038,36.797283,56.871807,73.84560313209147,114.08910852629928,36.79728317260742,56.87180709838867
12_3996,0.0,0.0,33.88982,52.603706,67.73446306283083,105.43727094343198,33.88982009887695,52.60370635986328
12_1060,0.0,15.34241296743997,63.715435,85.61227,121.04025849823716,165.61357523315084,63.71543502807617,85.61226654052734
48_4146,0.0,0.0,37.151196,39.406013,74.19769046526133,81.0258094481113,37.15119552612305,39.40601348876953
48_3569,0.0,0.0,44.058403,79.8299,87.45908284478283,158.91133062600267,44.05840301513672,79.82990264892578
12_3997,0.0,0.0,33.31352,51.34633,66.57600185356459,103.2389627025585,33.31351852416992,51.34632873535156
12_1370,0.0,0.0,42.240417,47.09171,84.15350359906274,93.86358807593996,42.24041748046875,47.09170913696289
12_1030,0.0,0.0,33.054253,51.224224,65.99555726810733,102.6427091590799,33.05425262451172,51.22422409057617
12_3811,0.0,14.651659202792757,51.695248,93.974174,103.41848610748181,188.43369874402754,51.695247650146484,93.97417449951172
48_1056,0.0,0.0,36.15445,56.22939,72.6731650214417,113.3037329533547,36.154449462890625,56.22938919067383
48_1049,0.0,0.0,62.47911,88.71393,124.72220644934603,179.85278157829202,62.47911071777344,88.71392822265625
12_3804,0.0,0.0,52.040417,95.02367,104.42183478868105,190.76635993949475,52.0404167175293,95.02366638183594
12_3995,0.0,0.0,53.949394,68.9663,105.60716317514573,138.9032812931064,53.94939422607422,68.96630096435547
48_6079,0.0,0.0,51.05824,93.04232,102.58803110068631,187.06808179892502,51.0582389831543,93.04232025146484
48_3875,0.0,0.0,36.742428,57.698925,73.8079866250156,115.70449871034718,36.742427825927734,57.69892501831055
48_5336,0.0,0.0,51.063595,93.94842,102.50502275801546,188.31145485303534,51.063594818115234,93.94841766357422
48_1065,0.0,0.0,36.482185,56.557804,73.28682097875841,113.91206343944069,36.48218536376953,56.557804107666016
48_5323,0.0,0.0,53.817974,96.68452,107.63474090861008,194.27029217482988,53.81797409057617,96.68451690673828
47_2008,0.0,24.15737839298137,35.43458,55.464245,71.21448018620005,111.50710986016327,35.4345817565918,55.4642448425293
47_1023,0.0,31.54376639309453,52.493073,95.00536,105.23705933535321,191.29459191780944,52.493072509765625,95.00536346435547
47_6015,0.0,0.0,48.14776,87.13585,95.97319203910232,174.42718710222366,48.14775848388672,87.13584899902344
48_1047,0.0,0.0,54.069233,97.459465,108.20179083067218,195.7290115393435,54.06923294067383,97.45946502685547
48_5335,0.0,0.0,54.046345,97.49552,108.17089264043874,195.7768017203257,54.04634475708008,97.49552154541016
48_6086,0.0,0.0,48.229656,88.87829,96.8973586641991,178.28305169641982,48.22965621948242,88.87828826904297
47_3075,0.0,46.24636425382971,32.092182,49.3268,64.0755866680386,99.1750207643837,32.09218215942383,49.32680130004883
47_6022,0.0,6.7273729334668815,34.718296,53.940697,69.4875885723893,108.21272438268866,34.71829605102539,53.940696716308594
48_1060,0.0,0.0,34.43592,54.310307,69.06740956839508,108.63448621943579,34.43592071533203,54.310306549072266
48_1174,0.0,0.0,36.178272,56.191593,72.72027464148904,113.30086140406098,36.17827224731445,56.191593170166016
48_3689,0.0,71.16486510058753,31.85979,49.67657,63.57313591058878,99.16857627517054,31.859790802001953,49.676570892333984
48_3679,0.0,72.2867539165275,41.107822,45.467083,82.14087782043829,90.76919486297291,41.10782241821289,45.46708297729492
48_3669,0.0,0.0,39.152695,42.433453,78.42420976448393,85.39599654108449,39.15269470214844,42.43345260620117
48_6160,0.0,0.0,34.847694,54.872005,69.90091130673726,110.05979910507963,34.847694396972656,54.872005462646484
48_4142,0.0,0.0,33.678696,52.90344,67.50690532784952,105.94174781555179,33.67869567871094,52.903438568115234
48_1183,0.0,0.0,34.673344,54.139652,69.51982331436723,108.74241566172743,34.673343658447266,54.139652252197266
48_3719,0.0,0.0,33.861477,53.18865,67.85300170107206,106.4700915256946,33.86147689819336,53.18864822387695
48_2176,0.0,0.0,71.96623,147.79901,143.49247424844128,297.8346043977119,71.96623229980469,147.79901123046875
48_6179,0.0,0.0,35.995285,56.20059,72.36654368872424,113.14703114849196,35.99528503417969,56.20058822631836
48_4152,0.0,16.968891544050337,36.55111,56.60006,73.37031103288865,114.07135952708393,36.551109313964844,56.600059509277344
48_3010,0.0,0.0,56.018944,79.950676,111.08930096357163,160.93939633250733,56.018943786621094,79.95067596435547
48_4143,0.0,0.0,36.376614,56.526783,73.1706710549233,114.0736460386542,36.37661361694336,56.52678298950195
48_1130,0.0,0.0,41.276436,45.515697,82.44553519587853,91.03102303691293,41.27643585205078,45.51569747924805
48_3699,0.0,0.0,52.22889,75.89931,102.95919513249878,151.08837101097004,52.22888946533203,75.89930725097656
48_5301,0.0,0.0,60.6144,78.67048,117.688930435798,152.96750034040707,60.61439895629883,78.67047882080078
48_5310,0.0,43.43050251419339,27.208477,42.816666,54.27121879251519,85.14408348477951,27.208477020263672,42.81666564941406
48_3629,0.0,0.0,50.633335,91.94644,101.081884116992,184.04704540520663,50.63333511352539,91.94644165039062
48_5274,0.0,0.0,51.40049,94.15679,103.41490662859043,189.51160716651557,51.400489807128906,94.15679168701172
48_5317,0.0,0.0,42.803036,65.73308,81.2586961679147,121.72635497448886,42.803035736083984,65.73307800292969
48_5287,0.0,0.0,61.754494,80.54311,120.09397032819427,156.4324084240157,61.754493713378906,80.5431137084961
48_1123,0.0,0.0,46.668316,85.9251,93.55347426028729,171.91326417696652,46.66831588745117,85.92510223388672
48_5284,242.0,1492.8520126738429,61.25307,83.58937,118.66254219838164,158.75919583166302,-180.74692916870117,-158.41062927246094
48_5283,242.0,1551.4479771279769,62.035473,83.591805,120.78134641272675,160.15463825526814,-179.96452713012695,-158.40819549560547
48_1113,0.0,0.0,36.215435,56.304802,72.77977658679822,113.43947983278844,36.21543502807617,56.30480194091797
48_1168,0.0,0.0,43.10068,36.64139,80.90749549133659,70.54328927298273,43.10068130493164,36.64139175415039
48_1093,0.0,0.0,50.71619,92.78747,102.06360119202115,186.94136405858714,50.716190338134766,92.78746795654297
48_5026,0.0,9348.808089896474,42.88544,60.05212,84.7056056285729,107.58939136091888,42.885440826416016,60.052120208740234
48_9005,0.0,0.0,43.38959,45.724613,85.8668470004502,90.34201538054532,43.389591217041016,45.724613189697266
48_1169,0.0,0.0,40.339405,43.946716,79.9963483929565,87.74114478176237,40.33940505981445,43.94671630859375
48_1122,0.0,0.0,35.785316,55.43867,71.64984767871356,111.4036924498972,35.785316467285156,55.43867111206055
48_7165,0.0,0.0,51.147358,67.7693,97.91296552674021,129.23668221518213,51.14735794067383,67.76930236816406
48_3579,0.0,98.11220333184629,44.898964,52.092083,89.45349119191103,102.64559891650902,44.898963928222656,52.09208297729492
48_1119,0.0,0.0,35.93579,55.953503,72.16079219932118,112.5510413854729,35.935791015625,55.9535026550293
48_1094,0.0,0.0,34.387165,53.062313,68.6488002551632,106.2951805723729,34.38716506958008,53.062313079833984
48_1096,0.0,0.0,36.092957,56.19503,72.59605691682935,113.29877259315828,36.09295654296875,56.195030212402344
48_1092,0.0,0.0,35.857265,55.93787,72.10234571124792,112.66933933788263,35.85726547241211,55.937870025634766
45_7019,0.0,0.0,36.03382,55.966393,72.39390451256928,112.77733716944505,36.03382110595703,55.966392517089844
45_5034,0.0,38.75763492942173,51.894245,95.32629,104.09950288321001,191.09803286248507,51.89424514770508,95.32628631591797
45_5035,0.0,8.684523904127133,51.850002,95.154434,103.96056957592066,190.73311688484094,51.85000228881836,95.15443420410156
48_3589,0.0,0.0,30.652267,48.59737,60.9472081395668,96.08313386854796,30.652267456054688,48.59737014770508
45_5017,0.0,0.0,49.698334,90.261055,99.32613254209052,181.05579402229927,49.698333740234375,90.26105499267578
45_1011,0.0,34.562603986067444,67.35491,97.312065,134.56114385173404,196.46120350908444,67.35491180419922,97.31206512451172
45_1025,0.0,0.0,26.500933,40.87759,52.89822023479766,82.04516934565602,26.500932693481445,40.87759017944336
45_1008,0.0,0.0,39.445206,43.027702,79.94719783154811,89.49424797075244,39.44520568847656,43.02770233154297
45_1024,0.0,0.0,50.49271,18.919268,100.98542022705078,37.83853530883789,50.49271011352539,18.919267654418945
13_3020,0.0,0.0,30.401001,47.5788,60.785717633300635,95.15297569502208,30.4010009765625,47.578800201416016
13_3007,0.0,22.60303703383181,34.344456,54.20711,68.88568597297683,108.39516229784124,34.34445571899414,54.20711135864258
13_3016,0.0,1.3654219398247278,47.763954,86.66625,95.12273916243132,173.24743830049158,47.763954162597656,86.66625213623047
13_1004,0.0,0.0,42.26965,48.578228,83.94011129494808,95.77302221476842,42.269649505615234,48.57822799682617
45_3012,0.0,0.0,44.94632,81.4101,89.33238976861696,162.5171227117153,44.946319580078125,81.41010284423828
13_1031,0.0,0.0,35.737663,55.553738,71.72170281791317,111.76419349189311,35.73766326904297,55.55373764038086
13_3019,0.0,0.0,30.584475,47.661537,61.153504338509705,95.47089674788816,30.584474563598633,47.661537170410156
13_3017,0.0,0.0,46.51742,84.35921,92.54555504438929,168.48308273632549,46.51742172241211,84.35920715332031
13_5023,0.0,6.038111231795739,52.053787,94.027306,104.39493017740793,189.41679146708645,52.05378723144531,94.02730560302734
48_2133,0.0,0.0,38.62466,42.919754,76.66702915462432,85.22494282666818,38.62466049194336,42.91975402832031
13_1005,0.0,0.0,63.518276,126.03814,128.00230564026572,257.9589177417408,63.51827621459961,126.03813934326172
28_5025,0.0,11.577498316661547,33.789433,52.980045,67.74352211808821,106.2055697507612,33.789432525634766,52.980045318603516
28_7012,0.0,0.0,46.055073,83.531685,91.55709743848459,166.67988177476835,46.05507278442383,83.53168487548828
28_5805,0.0,0.0,55.41287,75.349464,108.63848975027963,149.3159065199307,55.41286849975586,75.3494644165039
22_4001,0.0,3.6720388212292505,50.9698,93.45872,102.14233405080873,187.2745528103209,50.96979904174805,93.4587173461914
48_5328,0.0,0.0,26.66688,42.199165,53.01982115379238,83.43519757330427,26.666879653930664,42.19916534423828
48_1087,0.0,0.0,56.073914,81.56909,109.97757394164451,161.81414634085525,56.07391357421875,81.569091796875
48_1116,0.0,111.55146093236989,35.986835,56.171127,72.37889982596474,113.10936420175702,35.98683547973633,56.17112731933594
48_1076,0.0,0.0,68.222916,99.9335,136.30149403337856,201.06664355896186,68.22291564941406,99.93350219726562
48_1111,0.0,0.0,36.113304,56.263905,72.63380657752363,113.38612062893375,36.113304138183594,56.2639045715332
48_5278,0.0,0.0,64.992065,128.41103,130.76576957770533,262.32814678915065,64.9920654296875,128.41102600097656
48_1048,0.0,0.0,55.440624,57.67213,103.20214656432053,110.66097153098883,55.44062423706055,57.6721305847168
48_1077,0.0,0.0,34.454918,55.10733,68.95746343243312,109.31316959282123,34.454917907714844,55.107330322265625
48_5334,0.0,0.0,53.51885,97.027885,107.15491470941264,194.53722827916712,53.51884841918945,97.02788543701172
48_5024,0.0,0.0,32.271683,50.56928,64.62891499518756,101.2773981269001,32.27168273925781,50.569278717041016
48_5154,0.0,0.0,50.14682,91.122856,100.00453759047963,182.14765556329243,50.146820068359375,91.12285614013672
28_9030,0.0,0.0,42.489445,77.008675,84.4383881297428,153.6586516842002,42.489444732666016,77.00867462158203
28_5006,0.0,0.0,28.71751,45.086926,57.34132174677713,90.06671700948189,28.717510223388672,45.0869255065918
28_1016,0.0,0.0,62.061848,92.10386,122.451154913685,183.4274792149771,62.06184768676758,92.1038589477539
28_3018,0.0,0.0,27.781136,43.464703,55.423571289436474,86.70398003165941,27.78113555908203,43.46470260620117
28_3019,0.0,0.0,31.745066,49.69216,63.532047921792696,99.49299185418191,31.745065689086914,49.692161560058594
28_1001,0.0,148.91348593017221,36.03278,56.184242,72.37847553938231,112.97521304078403,36.032779693603516,56.184242248535156
28_1802,0.0,62.500083530940486,37.028484,57.18301,74.47200918841907,115.6570120191991,37.02848434448242,57.18301010131836
28_2807,0.0,3.186403217415119,33.99802,52.744488,67.8869516487114,105.59384554415271,33.99802017211914,52.74448776245117
28_4024,0.0,0.0,69.811935,104.50548,138.4949637177487,209.12155974398024,69.81193542480469,104.50547790527344
28_5803,0.0,0.0,27.420336,42.917217,54.72668658301452,85.81135657434713,27.42033576965332,42.91721725463867
48_1061,0.0,0.0,36.410458,57.1883,73.0404598186375,114.45873326454196,36.410457611083984,57.18830108642578
28_3099,0.0,0.0,51.256115,93.74977,103.14692745744043,188.88147263630708,51.2561149597168,93.74977111816406
28_3094,0.0,5.6792679128860755,52.71959,95.97996,105.55713279582604,192.43209862395682,52.71958923339844,95.9799575805664
48_3835,0.0,93.53215038028596,35.172134,55.305527,70.46978745409723,110.51190913061016,35.17213439941406,55.30552673339844
28_3090,0.0,0.0,26.634748,41.078655,53.164977957145275,82.45219197485697,26.634748458862305,41.07865524291992
28_3091,0.0,0.0,34.472553,53.657127,68.97052421963619,107.51333757017177,34.47255325317383,53.657127380371094
28_3097,0.0,0.0,51.01194,93.64994,102.47722115671891,188.03714661494925,51.011940002441406,93.64994049072266
28_3093,0.0,51.94638813850352,52.80343,96.10345,105.72428516813542,192.67009205680762,52.803428649902344,96.10344696044922
28_3087,0.0,64.60426958806549,36.23204,56.215107,72.81689708007548,113.3800019087027,36.23204040527344,56.21510696411133
28_3083,0.0,21.149741957893127,26.763552,41.150642,53.419190347261505,82.70982896024547,26.763551712036133,41.15064239501953
28_3085,0.0,0.0,27.356352,42.089085,54.59032559135632,84.54547718431975,27.356351852416992,42.08908462524414
13_4119,0.0,0.0,48.246433,87.85288,96.19668988314602,175.55859740677624,48.24643325805664,87.8528823852539
13_4420,0.0,0.0,36.21095,56.071262,72.78001292999951,113.20035587101026,36.2109489440918,56.07126235961914
28_3089,0.0,13.467135436533908,36.697437,56.81612,73.69883912729246,114.55224878017513,36.69743728637695,56.81612014770508
13_4093,0.0,0.0,36.266663,56.28933,72.89848290334817,113.53119997530281,36.26666259765625,56.289329528808594
13_4111,0.0,0.0,71.0852,145.69353,141.66427827359695,294.42243840584024,71.08519744873047,145.6935272216797
13_4092,0.0,36.999324340032786,36.297306,56.357063,72.98400989815401,113.70463660292008,36.297306060791016,56.35706329345703
13_4096,0.0,0.0,34.485416,24.085596,67.06036102437889,50.99436122379081,34.485416412353516,24.085596084594727
13_4118,0.0,0.0,45.86856,83.4287,91.23651094998587,166.35827912740405,45.868560791015625,83.42870330810547
40_4166,0.0,355.0394866059588,26.031355,41.017178,51.87851252817331,81.40423284554907,26.031354904174805,41.01717758178711
40_4155,0.0,6.244216249894436,33.629505,53.083935,67.40745021672366,106.05999873147495,33.6295051574707,53.08393478393555
40_4158,0.0,118.73276204884307,34.83814,55.116146,69.90807943851343,110.1214209996298,34.838138580322266,55.116146087646484
13_1001,0.0,0.0,35.833984,55.747375,71.94119221853391,112.1583734096742,35.833984375,55.74737548828125
28_3081,0.0,9.57285153965671,34.173046,53.941338,68.53324294241892,107.98980399320541,34.17304611206055,53.94133758544922
28_3082,0.0,454.49970606369493,36.11861,56.27255,72.5847734386881,113.25636895525855,36.11861038208008,56.27254867553711
12_4154,0.0,34.36060619106186,44.70985,47.23599,89.91929118560536,96.90230528613623,44.7098503112793,47.23598861694336
35_1002,0.0,32.7429662401139,36.07346,56.209087,72.55638393424132,113.27731276001975,36.07345962524414,56.20908737182617
13_3018,0.0,10.310275308800357,50.76903,92.41346,101.60063974750847,185.46312566007643,50.7690315246582,92.41345977783203
13_3011,0.0,0.0,48.903893,88.93898,97.6095100428133,178.02889414604766,48.903892517089844,88.93898010253906
13_7028,0.0,0.0,45.227585,81.98747,89.9204353146386,163.66630323544803,45.22758483886719,81.98747253417969
48_0001,0.0,391.52024373014535,95.09757,220.72748,189.82270676126953,441.25541286242606,95.09757232666016,220.72747802734375
40_4154,0.0,643.8344834983359,41.524376,48.37675,82.42574541218747,94.44128611053561,41.524375915527344,48.37675094604492
12_4137,0.0,0.0,34.738358,54.485943,69.69101320943783,109.30994360182157,34.73835754394531,54.48594284057617
48_3609,0.0,0.0,31.350779,48.732616,62.55022567441146,97.41028983689583,31.350778579711914,48.73261642456055
12_4101,0.0,0.0,59.070766,77.1171,112.88620568222282,150.96128601584587,59.07076644897461,77.11710357666016
12_4135,0.0,2.76429258580481,33.436043,52.087196,67.01934463023056,104.72999305214977,33.43604278564453,52.087196350097656
48_9167,0.0,0.0,46.244553,84.11128,92.01926019359006,167.79302045253988,46.24455261230469,84.11128234863281
48_1039,0.0,0.0,35.663612,57.089104,71.43280571966774,113.29083071728505,35.663612365722656,57.08910369873047
12_4000,0.0,47.866657640885165,36.281956,56.27631,72.95899322271917,113.61150640713291,36.28195571899414,56.276309967041016
12_4138,0.0,6.729627441402556,36.207184,56.1509,72.76178752555194,113.26427970005554,36.207183837890625,56.150901794433594
12_4100,0.0,0.0,61.12599,90.67816,120.4704625035892,180.28152743104897,61.12599182128906,90.67816162109375
48_5035,0.0,0.0,53.815125,68.0912,104.84733731959031,134.1669410198026,53.81512451171875,68.09120178222656
48_3003,0.0,0.0,74.15123,109.48041,147.6459801397627,219.50469206151047,74.15122985839844,109.48040771484375
12_4096,0.0,0.0,42.335842,47.37253,84.33260381147942,94.23651614240597,42.33584213256836,47.37253189086914
12_4103,0.0,27.365849670409574,73.01487,102.094124,139.95171065095505,196.94533135395733,73.0148696899414,102.09412384033203
12_4106,0.0,47.56477914690626,46.637768,84.386566,93.56790687521044,169.8527121368067,46.63776779174805,84.38656616210938
12_4108,0.0,0.0,41.75074,46.68373,83.31186095479731,93.24087588526271,41.75074005126953,46.68373107910156
12_4105,0.0,16.915263203497403,64.49301,96.35046,127.51704208190287,192.1155211805071,64.49301147460938,96.35045623779297
12_4057,0.0,0.0,49.830315,90.087204,99.52901471317568,180.80262881851408,49.83031463623047,90.08720397949219
12_4099,0.0,0.0,65.53206,98.62588,129.59571856090088,196.16003524007704,65.53205871582031,98.6258773803711
12_4107,0.0,24.472700238770045,33.527336,52.0966,66.97492487126664,104.31281294042844,33.52733612060547,52.09659957885742
12_4097,0.0,35.19613965387569,52.339058,95.69185,105.00794890665479,191.96279778294047,52.33905792236328,95.69184875488281
12_4059,0.0,130.39605778400963,29.884241,46.04653,59.64790898591789,92.44910387932663,29.884241104125977,46.046531677246094
12_4109,0.0,108.70808659745951,32.81977,50.923992,65.51634190039078,101.9523864016574,32.81977081298828,50.92399215698242
12_9054,0.0,0.0,40.761864,42.059082,82.04353614986842,86.64513766424585,40.761863708496094,42.05908203125
1_3028,0.0,0.0,59.902893,76.025085,116.59941154073172,149.4914465819806,59.90289306640625,76.02508544921875
1_4007,0.0,0.0,61.2234,77.211174,119.69192998898006,152.709589236784,61.2234001159668,77.21117401123047
1_1019,0.0,3.0561544586514913,33.356705,51.850754,66.60337693736287,103.74088850391485,33.35670471191406,51.85075378417969
1_6019,0.0,0.0,36.363068,65.97646,72.52342224815483,132.04656975219103,36.363067626953125,65.9764633178711
48_1109,0.0,0.0,37.335335,57.475677,74.96891460198913,115.6596736546374,37.33533477783203,57.475677490234375
1_6012,0.0,0.0,40.913197,74.20574,81.37702160896505,148.16120886873617,40.9131965637207,74.20574188232422
1_5008,0.0,0.0,42.37921,76.71532,84.23391423666052,153.19292707402474,42.37921142578125,76.71531677246094
1_3998,0.0,1.1614528995721969,51.574535,94.59538,103.37336360682524,189.57220123719821,51.57453536987305,94.59538269042969
48_1050,0.0,0.0,46.098232,50.175045,92.30021682184292,101.37254192158943,46.09823226928711,50.175045013427734
48_3559,0.0,13.802614066917045,35.477978,54.802616,71.02208693078876,110.17344010514925,35.47797775268555,54.802616119384766
48_1178,0.0,84.64056725850283,33.31451,52.059196,66.52541288244514,103.90992783257843,33.314510345458984,52.05919647216797
1_1001,0.0,15.227547875492746,34.821667,54.791496,69.90121189268419,109.791647481861,34.8216667175293,54.79149627685547
48_3769,0.0,0.0,35.4978,55.127266,71.02750088845379,110.56187877743058,35.497798919677734,55.12726593017578
48_1069,0.0,0.0,36.146103,56.407,72.62130191477311,113.55077438413997,36.14610290527344,56.40700149536133
28_0902,0.0,126.14310134053147,114.18419,264.36746,229.17374500845946,531.5210609044722,114.18418884277344,264.3674621582031
28_0903,0.0,96.2285266063588,114.19034,264.39102,229.18611210559715,531.5590301369996,114.19033813476562,264.3910217285156
28_A410,0.0,0.0,65.42804,95.76642,129.57806575452247,192.81915770708747,65.42803955078125,95.76641845703125
28_A430,0.0,0.0,65.415375,95.75306,129.55227883427082,192.7864190656137,65.41537475585938,95.75305938720703
48_H310,0.0,0.0,46.118465,50.109177,92.36342164378107,101.32311437747016,46.118465423583984,50.10917663574219
48_H320,0.0,0.0,46.1346,50.11024,92.39608348844837,101.34309986159894,46.13460159301758,50.1102409362793
48_H330,0.0,8.599470017101112,46.135445,50.101475,92.39806892030681,101.33555246080408,46.13544464111328,50.10147476196289
48_H340,0.0,40.70344991528708,46.1282,50.07544,92.38364163733891,101.30159681958135,46.12820053100586,50.075439453125
48_H350,0.0,57.941366737137116,46.1152,50.06059,92.35684462983312,101.27206677520402,46.11520004272461,50.06058883666992
48_G310,0.0,0.0,41.5167,45.48247,82.3005614828505,90.6495485706603,41.516700744628906,45.48247146606445
48_G320,0.0,0.0,41.544582,45.50658,82.35524795040834,90.70446435606212,41.54458236694336,45.5065803527832
48_G330,0.0,0.0,41.53801,45.499,82.34235841172949,90.68965993370972,41.53800964355469,45.499000549316406
48_G350,0.0,0.0,42.57091,47.304874,84.41969066255422,93.91130168699158,42.5709114074707,47.304874420166016
48_Q310,0.0,31.294173016144583,37.312336,57.561237,75.08069873948568,116.5587689297802,37.31233596801758,57.56123733520508
48_Q320,0.0,3.5681951367085105,37.31506,57.56264,75.08631305357213,116.56457241820947,37.315059661865234,57.56264114379883
48_Q330,0.0,8.836468003859665,37.31842,57.566326,75.0932275649482,116.5736656488047,37.31842041015625,57.56632614135742
48_Q340,0.0,14.800484290151957,37.316994,57.56407,75.09043912069805,116.56931293148169,37.316993713378906,57.56407165527344
48_Q350,0.0,19.207966405061512,37.315506,57.561916,75.08740423812975,116.56479791891849,37.31550598144531,57.56191635131836
5_0213,2507.0,814.9218262672498,110.46515,255.81361,221.68757265182046,514.1301899485103,-2396.5348510742188,-2251.1863861083984
5_0214,2507.0,809.796379413201,107.48743,249.45789,215.56733544074763,500.5259851605232,-2399.5125732421875,-2257.5421142578125
5_0215,2507.0,780.0303172372147,107.46536,249.40973,215.52299412662518,500.42609981430854,-2399.534637451172,-2257.5902709960938
5_0216,2507.0,786.6731818994504,107.43201,249.28738,215.46003136894245,500.23255362204065,-2399.5679931640625,-2257.712615966797
5_0217,2507.0,792.1353971036582,108.194275,251.28362,216.99456473284886,504.01983226786507,-2398.8057250976562,-2255.7163848876953
5_0218,2507.0,798.8993625572308,108.19484,251.28761,216.9956408953331,504.02504365091386,-2398.805160522461,-2255.712387084961
5_0219,2507.0,801.6280437464101,108.19238,251.28159,216.99072521353582,504.0133187232226,-2398.8076171875,-2255.7184143066406
5_0220,2507.0,800.5725976665755,108.191216,251.27551,216.98844814157678,504.004616445854,-2398.8087844848633,-2255.7244873046875
5_0221,2507.0,790.2870622136882,107.40165,249.2102,215.3989783710778,500.0841079624437,-2399.5983505249023,-2257.789794921875
5_0222,2507.0,809.9188787838142,108.18449,251.261,216.97481018526443,503.97413115398905,-2398.81551361084,-2255.738998413086
5_0223,2507.0,797.3516595229559,107.47388,249.43283,215.540091002253,500.4691307362019,-2399.526123046875,-2257.567169189453
5_0224,2507.0,789.9199464486102,108.18665,251.25223,216.97930169332994,503.97065972843103,-2398.813346862793,-2255.747772216797
5_A604,0.0,0.0,33.372963,50.574883,66.80541705965678,102.192772548092,33.372962951660156,50.57488250732422
5_A606,0.0,0.0,33.36903,50.567085,66.79747124915104,102.17957523941577,33.3690299987793,50.56708526611328
5_A607,0.0,0.06320919826580962,33.364014,50.55852,66.78726154727612,102.16384632192229,33.364013671875,50.55852127075195
5_A608,0.0,0.0,33.354458,50.54896,66.76766140579252,102.1402361378615,33.35445785522461,50.5489616394043
48_A410,0.0,0.0,73.809364,111.057915,146.40303594575508,221.26127895667148,73.80936431884766,111.05791473388672
48_A420,0.0,0.0,74.301155,111.035576,147.4893311976776,221.68805009857448,74.30115509033203,111.03557586669922
48_A430,0.0,0.0,74.28176,111.00703,147.45079452866602,221.63130983686142,74.2817611694336,111.00702667236328
48_0801,0.0,126.84173423305478,90.600334,210.11568,180.97954710126604,420.47040943179434,90.60033416748047,210.1156768798828
48_0802,0.0,68.12850760826532,90.645966,210.22118,181.07007070248164,420.68025644404145,90.64596557617188,210.22117614746094
1_0101,0.0,281.1548029111864,121.47674,283.2108,242.55014948944705,565.4413124970015,121.47673797607422,283.2107849121094
1_0102,0.0,252.0115862176189,120.86654,281.9483,241.26498294648934,562.6417842220073,120.86653900146484,281.94830322265625
1_0103,0.0,256.8761826742466,121.73207,283.79614,243.06507922460392,566.629911745291,121.73207092285156,283.796142578125
1_0104,0.0,276.0225765727465,122.775406,286.08826,245.13877759522268,571.3338274796707,122.77540588378906,286.0882568359375
1_0105,0.0,256.1539560918208,120.90482,282.03513,241.3417692513522,562.8183027582468,120.90482330322266,282.0351257324219
1_0106,0.0,283.74243429234394,122.773056,286.08502,245.13376754385416,571.3245590618027,122.77305603027344,286.08502197265625
1_0107,0.0,250.84128154799652,117.12877,274.16116,233.45157910582464,545.5382363043072,117.12876892089844,274.1611633300781
1_0108,0.0,261.93821665939225,121.411766,283.12592,242.40989373961645,565.1869548582578,121.4117660522461,283.12591552734375
1_0109,0.0,263.1006589633824,121.40873,283.12128,242.40274953822836,565.1733582109754,121.40872955322266,283.12127685546875
1_0110,0.0,269.0941666770057,121.65477,283.6452,242.89697758676772,566.2751172835374,121.65476989746094,283.64520263671875
1_0111,0.0,276.6670915108992,121.89563,284.18082,243.38093663447614,567.3766516698765,121.8956298828125,284.1808166503906
1_0112,0.0,297.70978689936527,122.77005,286.0789,245.12794299500666,571.3117639049415,122.77005004882812,286.0788879394531
1_0161,0.0,267.4222530194099,121.43238,283.11972,242.46121064957606,565.2463716427252,121.43238067626953,283.1197204589844
1_0162,0.0,259.17650970245717,121.939995,284.2628,243.47672325613328,567.5743456800631,121.93999481201172,284.2627868652344
1_0163,0.0,252.1757134350109,121.41225,283.12085,242.40986079077186,565.1812756224265,121.41224670410156,283.120849609375
48_A807,0.0,0.0,37.10595,57.677547,72.26221854799655,114.40315148457276,37.10594940185547,57.677547454833984
48_A808,0.0,0.0,37.055115,57.30144,72.20866134062217,114.00690209962086,37.05511474609375,57.30144119262695
48_0115,0.0,220.98122890649333,121.56673,282.7514,242.78174569091712,565.2747861567583,121.56672668457031,282.75140380859375
48_0116,0.0,222.49446876973147,121.57465,282.76685,242.79775586244028,565.3089641623556,121.57465362548828,282.766845703125
48_0124,0.0,232.6245431083656,121.58033,282.77756,242.8092357801479,565.3331219848493,121.58032989501953,282.7775573730469
48_0123,0.0,209.10718385727503,121.58368,282.77588,242.81603869766303,565.3394273786037,121.58367919921875,282.77587890625
48_0122,0.0,207.32520895601434,121.58545,282.7786,242.81965713586092,565.3463979763785,121.58544921875,282.7785949707031
48_0117,0.0,207.0977982171016,121.81931,283.21805,243.29176913702068,566.3383836593114,121.8193130493164,283.2180480957031
48_0118,0.0,212.55876303156603,122.05098,283.62183,243.75949181087998,567.2895502835331,122.05097961425781,283.621826171875
48_0113,0.0,240.95112723527978,122.27882,284.06308,244.22173525054728,568.2727131492884,122.27881622314453,284.0630798339844
48_0114,0.0,214.42942827498007,122.50189,284.39145,244.67684911063026,569.1352403024121,122.50189208984375,284.3914489746094
48_0121,0.0,215.0691880716734,122.274734,283.9774,244.21691604762594,568.1823136798241,122.27473449707031,283.9773864746094
48_0120,0.0,210.28980344522037,122.04624,283.52515,243.75392133226927,567.1874727691891,122.0462417602539,283.525146484375
48_0119,0.0,205.70011423066623,121.81447,283.08844,243.28605783545896,566.2032168408375,121.81446838378906,283.08843994140625
12_0901,0.0,85.24594250661876,109.74922,253.26668,220.2877004311904,509.9690273147589,109.74922180175781,253.2666778564453
12_0902,0.0,55.45124379261787,109.75345,253.28554,220.296341767773,509.99803945601514,109.75344848632812,253.28553771972656
12_0903,0.0,52.88020992664664,109.75383,253.28416,220.2971322147007,509.9975913676048,109.75382995605469,253.28416442871094
12_0959,0.0,54.57789580280459,111.33127,257.11874,223.4812600983368,517.5883363227232,111.33126831054688,257.1187438964844
12_B310,0.0,39.731043525342386,36.60581,55.990887,73.76401812494639,114.07762814680478,36.60580825805664,55.99088668823242
12_B320,0.0,7.19519750931866,36.60685,55.988003,73.7664449978983,114.07688291954355,36.606849670410156,55.98800277709961
12_B330,0.0,15.781739420550394,36.60769,55.987362,73.76835649592778,114.0778727589825,36.607688903808594,55.987361907958984
12_B350,0.0,20.642824323515782,36.609753,55.98882,73.77279388691107,114.08283536213065,36.6097526550293,55.98881912231445
12_B351,0.0,16.846415980526217,36.61038,55.993225,73.77412843741392,114.08827615395697,36.61037826538086,55.99322509765625
12_B352,0.0,21.591657024776282,36.608162,55.99131,73.76938511458985,114.08261107119651,36.60816192626953,55.991310119628906
12_B360,0.0,4.936938925250047,36.60709,55.99412,73.76694894115516,114.08329205432356,36.60708999633789,55.99412155151367
12_B321,0.0,12.520988945741124,36.594986,55.984158,73.74099783434443,114.05277431117334,36.59498596191406,55.98415756225586
12_A321,0.0,4.79084151765818,40.6841,41.876274,81.91012312002171,86.36838482494387,40.68410110473633,41.87627410888672
12_A310,0.0,0.0,40.709263,41.906643,81.9616105727178,86.42707512937676,40.70926284790039,41.90664291381836
12_A320,0.0,5.528294215776498,40.72492,41.902035,81.99787697976198,86.43924611408279,40.724918365478516,41.902034759521484
12_A330,0.0,38.11443243308608,40.727356,41.896107,82.00289818509232,86.4363768539374,40.72735595703125,41.8961067199707
12_A350,0.0,55.865758423130956,40.719734,41.8831,81.98733033552728,86.41490259705677,40.71973419189453,41.88309860229492
12_A351,0.0,66.66288031245311,40.70887,41.878872,81.9640620560685,86.39859360480855,40.70886993408203,41.87887191772461
12_A352,0.0,54.60874747970706,40.688313,41.869373,81.9196259458388,86.36583813406631,40.68831253051758,41.8693733215332
12_0101,0.0,285.06709886906657,120.06262,278.54236,240.70115243868622,559.1178781187238,120.0626220703125,278.5423583984375
12_0102,0.0,254.66298971452187,120.04387,278.50613,240.66422933974272,559.0387563098345,120.04386901855469,278.5061340332031
12_0103,0.0,270.3506917577884,120.93555,280.47025,242.47343332589855,563.1280331317187,120.935546875,280.4702453613281
12_0104,0.0,272.6231652169602,120.94584,280.49567,242.49354411973638,563.1767583476392,120.94583892822266,280.49566650390625
12_0105,0.0,261.6438621319698,120.05698,278.53674,240.69093091635403,559.1007988773581,120.05697631835938,278.5367431640625
12_0106,0.0,259.8290075841314,120.052505,278.59326,240.67813794146295,559.1407567800588,120.05250549316406,278.59326171875
12_0107,0.0,264.96806535383774,120.00624,278.48654,240.58657597077251,558.9274946007815,120.00624084472656,278.4865417480469
12_0108,0.0,262.84197843227133,120.0416,278.569,240.65600874570475,559.0905340416296,120.0416030883789,278.5690002441406
12_0109,0.0,284.33582028853766,120.948135,280.50183,242.49819477518275,563.1883796249797,120.94813537597656,280.5018310546875
12_0110,0.0,268.1227032097652,120.06348,278.61957,240.70055141237276,559.1935032713534,120.0634765625,278.61956787109375
12_0111,0.0,288.84938825628933,120.939575,280.48367,242.4807494756502,563.1496964585405,120.9395751953125,280.4836730957031
12_0112,0.0,289.97618811446705,120.94619,280.49774,242.49423715211984,563.1796472701542,120.9461898803711,280.49774169921875
12_0161,0.0,251.32782836227733,120.01522,278.43243,240.60639390631704,558.8972430127801,120.01522064208984,278.43243408203125
12_0502,0.0,42.70703032694661,98.09272,227.5071,195.79669185237276,454.93828182966297,98.09272003173828,227.50709533691406
12_0503,0.0,12.330636628729394,98.12338,227.58601,195.8586210253069,455.0889750704549,98.12338256835938,227.5860137939453
12_0504,0.0,54.017314750787506,98.43344,228.29878,196.4765177464275,456.5151874365823,98.43344116210938,228.2987823486328
12_0505,0.0,17.39264665539369,97.840576,227.02405,195.28796780094916,453.86521804635083,97.840576171875,227.0240478515625
12_0506,0.0,41.177237573359804,99.58633,230.71635,198.78431830859074,461.6014926109345,99.5863265991211,230.7163543701172
12_0507,0.0,43.400699201438385,99.583206,230.71039,198.77803663011002,461.5882562963923,99.58320617675781,230.71038818359375
12_0508,0.0,21.16458330019492,98.127686,227.5966,195.8672996282276,455.10964921650145,98.127685546875,227.5966033935547
12_0509,0.0,32.91387439178581,98.71952,228.84875,197.05179484510484,457.73150886252927,98.71952056884766,228.8487548828125
12_0561,0.0,26.26717879896188,98.115585,227.56926,195.84298065392454,455.0541280606496,98.11558532714844,227.5692596435547
12_0562,0.0,32.48235839884305,98.13814,227.67406,195.88468102324953,455.20575945326107,98.13813781738281,227.67405700683594
12_0563,0.0,30.099591706781297,97.83574,227.0184,195.2772732631612,453.84689000077594,97.83573913574219,227.01840209960938
12_0564,0.0,31.671566605424772,97.83057,227.00917,195.2664209122878,453.8249467148753,97.83056640625,227.00917053222656
12_0565,0.0,36.23953652185111,98.42543,228.2074,196.46355746080593,456.4101010616128,98.42543029785156,228.2073974609375
12_0566,0.0,46.03960718545122,99.58633,230.70607,198.78432359352078,461.59121187303725,99.5863265991211,230.70606994628906
5_0803,0.0,183.1469504832899,89.457794,208.26355,178.6586187145802,415.9176054266566,89.45779418945312,208.2635498046875
5_0804,0.0,150.89809525612816,89.45062,208.2637,178.6443809914096,415.90137676558453,89.45062255859375,208.26370239257812
5_0809,0.0,155.04373034855143,89.45373,208.2674,178.65074885428936,415.91248040907885,89.45372772216797,208.26739501953125
5_0810,0.0,131.3230454799238,89.456245,208.25418,178.65574848518543,415.9050063979298,89.45624542236328,208.25418090820312
5_B410,0.0,45.262979280531795,56.057304,73.52627,109.39771689214814,146.87322475884747,56.05730438232422,73.5262680053711
5_B430,0.0,78.28715919193672,54.21699,71.048485,105.92373233544004,142.3576555750351,54.21699142456055,71.0484848022461
47_0601,0.0,48.451658240758945,99.2999,230.00662,198.77757078871332,461.2340663318265,99.29989624023438,230.00662231445312
47_0602,0.0,17.513732521592488,99.53044,230.57018,199.23939914934326,462.33245728722414,99.53044128417969,230.57017517089844
47_0605,0.0,28.240212191520243,99.599075,230.72758,199.37896361852316,462.65311533021224,99.59907531738281,230.7275848388672
47_0603,0.0,29.063651219175398,99.60735,230.74965,199.39549098605738,462.69426372808044,99.60735321044922,230.74964904785156
47_0606,0.0,34.76412524355638,99.60904,230.75406,199.39886768329296,462.7025821766579,99.60903930664062,230.75405883789062
47_0604,0.0,31.734753255300433,99.60947,230.75525,199.39975858569505,462.704836781839,99.60946655273438,230.7552490234375
47_0607,0.0,40.722708826187414,100.2863,232.23401,200.7952191806802,465.832131634384,100.28630065917969,232.2340087890625
47_0608,0.0,40.96144835841366,99.593414,230.71858,199.3673889747668,462.6305253184604,99.59341430664062,230.7185821533203
47_0662,0.0,23.45162782880513,99.586815,230.69049,199.35411918832332,462.5870225986785,99.5868148803711,230.69049072265625
47_0661,0.0,38.2859631654037,99.3053,230.1043,198.78745227127146,461.3427664335395,99.3052978515625,230.1042938232422
48_0167,0.0,185.83804078766448,121.577866,282.68634,242.81235162228703,565.2485964106588,121.57786560058594,282.68634033203125
48_0166,0.0,186.04336257605863,121.517624,282.54306,242.68175267970165,564.9475825005076,121.51762390136719,282.5430603027344
48_0165,0.0,226.2888692999975,122.50573,284.5153,244.68147980517745,569.2636427375245,122.50572967529297,284.5152893066406
48_0164,0.0,204.97517191752573,121.578415,282.69614,242.81290230441903,565.258877420737,121.57841491699219,282.6961364746094
48_0163,0.0,206.51668918975307,121.58065,282.67987,242.81397185488223,565.2421282147859,121.58065032958984,282.67987060546875
48_0162,0.0,205.6858635615728,121.579544,282.67755,242.81171169117442,565.2371541075363,121.57954406738281,282.67755126953125
48_0161,0.0,204.00457180244442,121.5737,282.66574,242.79985133956782,565.2114288739868,121.57369995117188,282.6657409667969
48_0160,0.0,203.16937186114697,121.56801,282.6545,242.78832871321094,565.1866975462383,121.56800842285156,282.6545104980469
40_0605,0.0,114.61320391184535,118.55682,274.9488,237.7347060216145,552.0704813214162,118.55682373046875,274.94879150390625
40_0606,0.0,71.81677093261656,112.57496,260.04483,226.00607709224568,523.4858885216111,112.57495880126953,260.0448303222656
40_0608,0.0,52.7179474252481,112.581024,260.0476,226.01850130936214,523.503259422363,112.58102416992188,260.047607421875
40_0607,0.0,103.36458186385163,119.92768,278.80954,240.05177075967103,558.44438798255,119.92768096923828,278.8095397949219
40_0604,0.0,54.729603533654,112.5846,260.05917,226.0258634285173,523.523498428844,112.58460235595703,260.0591735839844
40_0603,0.0,54.166517424998716,112.58365,260.0568,226.02392679147584,523.5188369686081,112.58364868164062,260.0567932128906
40_0601,0.0,82.80909737257652,112.567345,260.0125,225.990577280912,523.4353785952103,112.56734466552734,260.01251220703125
40_0602,0.0,51.949314741821155,112.55692,259.9999,225.96921282703917,523.3976644264578,112.55692291259766,259.9999084472656
40_C350,0.0,0.0,36.404797,56.150867,73.03401302821095,113.32220406256214,36.4047966003418,56.1508674621582
40_C330,0.0,0.0,36.406647,56.150745,73.03783935878695,113.325078289987,36.406646728515625,56.1507453918457
40_C320,0.0,0.0,36.40732,56.15156,73.03921733820113,113.32697055577019,36.407318115234375,56.15156173706055
40_C310,0.0,0.0,36.40211,56.141293,73.02846045620203,113.30812677925147,36.4021110534668,56.141292572021484
40_0560,0.0,6.95421840382798,99.56925,231.87827,198.51980722085935,462.3901271351369,99.56925201416016,231.87826538085938
40_0505,0.0,15.788743314544405,100.09319,232.94426,199.55490569377807,464.6480766255414,100.09319305419922,232.9442596435547
40_0504,0.0,38.08031542445124,100.60271,234.01836,200.56178785001023,466.881708788644,100.60270690917969,234.0183563232422
40_0507,0.0,0.0,99.90772,232.4677,199.1820473452101,463.740021450428,99.90772247314453,232.4676971435547
40_0506,0.0,8.987936706541547,99.73868,231.99716,198.8440085782042,462.87920142487076,99.73867797851562,231.99716186523438
40_0509,0.0,5.133929083459151,100.29741,233.29224,199.9584707227352,465.46205205138625,100.29740905761719,233.292236328125
40_0508,0.0,18.92619315791697,99.76915,232.17125,198.91702027710323,463.142218217303,99.76914978027344,232.17124938964844
40_0503,0.0,20.86487241193842,99.77021,232.17583,198.91908769227814,463.1491640622687,99.77021026611328,232.1758270263672
40_0502,0.0,32.67994534031814,99.57381,231.73602,198.52677900245192,462.25632622859496,99.57380676269531,231.73602294921875
40_0501,0.0,86.10168928319054,115.59484,270.72177,230.30460443177546,538.3670226744545,115.59484100341797,270.7217712402344
40_0124,0.0,144.3331912002983,96.336426,223.663,192.30472912502182,447.05949415988954,96.33642578125,223.66299438476562
40_0123,0.0,154.66865253043096,96.34239,223.6844,192.31660966647283,447.09462193220924,96.34239196777344,223.6844024658203
40_0121,0.0,158.36951042103883,96.67894,224.43211,192.98711723266447,448.61604161420564,96.67893981933594,224.43211364746094
40_0120,0.0,157.11081107873053,96.87598,224.84526,193.378024298335,449.47972530359823,96.8759765625,224.8452606201172
40_0119,0.0,173.84863409932112,96.27138,223.45044,192.1676631826886,446.68541840396506,96.27137756347656,223.450439453125
40_0122,0.0,158.64172299771917,103.06236,240.8662,205.1934267045836,479.0363578313184,103.06236267089844,240.86619567871094
40_0113,0.0,201.29663547005097,103.22008,241.26648,205.5061910279284,479.79765729237477,103.22007751464844,241.2664794921875
40_0117,0.0,165.4923336706053,97.38396,226.08394,194.3780474712369,451.867893264847,97.38395690917969,226.0839385986328
40_0115,0.0,159.4790929694153,97.15693,225.59792,193.92835326528834,450.86373935069525,97.15692901611328,225.59791564941406
40_0116,0.0,158.16214566593504,97.04813,225.37073,193.7153356470597,450.39192486950435,97.04812622070312,225.3707275390625
40_0118,0.0,176.72785054864264,96.90358,225.076,193.4320337084934,449.7716799418953,96.90357971191406,225.0760040283203
40_0114,0.0,199.35305889826336,96.687225,224.62921,193.00299506634263,448.8304236346766,96.68722534179688,224.62921142578125
40_0160,0.0,164.9835860010302,96.64404,224.53334,192.91789888371284,448.6366134465238,96.64404296875,224.53334045410156
47_B350,0.0,15.975223383690576,32.438282,49.841396,64.7713564638766,100.23410888384963,32.43828201293945,49.84139633178711
47_B330,0.0,36.42306662672641,32.434155,49.831856,64.76311070713935,100.21808494900037,32.43415451049805,49.83185577392578
47_B320,0.0,21.062810540573054,32.39549,49.815876,64.68283796985642,100.14295523897403,32.39548873901367,49.81587600708008
47_B310,0.0,22.10122512795553,32.402157,49.830032,64.6960517299463,100.16778337992567,32.402156829833984,49.83003234863281
47_A310,0.0,0.0,27.869944,41.38578,55.77630223018694,84.49395259792934,27.869943618774414,41.385780334472656
47_A320,0.0,0.0,27.87138,41.383797,55.779464071893486,84.4941743754844,27.871379852294922,41.38379669189453
47_A330,0.0,0.0,27.875895,41.388344,55.78854553744957,84.50583956624348,27.87589454650879,41.388343811035156
47_A350,0.0,0.0,27.909803,41.426983,55.85664916447116,84.59712414094403,27.90980339050293,41.42698287963867
48_B310,0.0,0.0,35.826008,56.10919,71.91990163965994,112.69322872492178,35.82600784301758,56.10919189453125
48_B320,0.0,0.0,36.780243,57.03616,73.99001866128245,115.22027740873466,36.780242919921875,57.03615951538086
48_B330,0.0,0.0,35.83722,56.121838,71.94280127421275,112.72384770369356,35.83721923828125,56.1218376159668
48_B340,0.0,0.0,35.83735,56.12226,71.94309132654223,112.72447131494754,35.83734893798828,56.12226104736328
48_B350,0.0,0.0,36.323494,56.73559,72.93183430206886,114.10887283880591,36.32349395751953,56.735591888427734
48_A502,0.0,0.0,34.35804,53.190403,68.89811692435947,107.26122280669495,34.35803985595703,53.19040298461914
48_A503,0.0,0.0,33.908566,52.60377,67.98449536602263,105.95035321652955,33.908565521240234,52.6037712097168
48_A504,0.0,0.0,33.90845,52.603245,67.9842553321817,105.94964090245203,33.908451080322266,52.60324478149414
48_A505,0.0,0.0,33.899746,52.58515,67.96654421949157,105.91771922715594,33.89974594116211,52.58515167236328
48_A506,0.0,0.0,33.904064,52.59678,67.97530038695186,105.9361722445177,33.9040641784668,52.596778869628906
48_A507,0.0,0.0,33.90666,52.59971,67.98060453466405,105.94325717573568,33.90665817260742,52.599708557128906
48_A508,0.0,0.0,34.359943,53.18908,68.90205187870208,107.26291588984512,34.35994338989258,53.18907928466797
48_A509,0.0,0.0,34.35941,53.18919,68.90094052797625,107.26219293617248,34.35940933227539,53.18918991088867
22_0702,0.0,119.79219326905171,115.15513,266.33585,231.1776289326624,535.8567800651881,115.1551284790039,266.3358459472656
22_0703,0.0,89.18126392291514,115.13116,266.2843,231.1300401988903,535.7494610837281,115.13115692138672,266.2843017578125
22_0704,0.0,91.45267889602165,115.1545,266.34012,231.17688709135973,535.8602521544303,115.15450286865234,266.3401184082031
22_0705,0.0,93.00735587039235,115.16261,266.35934,231.19315447652966,535.8985611647299,115.16261291503906,266.3593444824219
22_0706,0.0,96.53100447158373,115.14705,266.32104,231.16208401590723,535.8238157201451,115.14704895019531,266.321044921875
22_0707,0.0,97.88413189407014,115.16552,266.36755,231.1988474709463,535.913439157412,115.16551971435547,266.3675537109375
22_0708,0.0,99.83358693441981,115.15981,266.3545,231.18729902059846,535.8868138303083,115.1598129272461,266.3544921875
22_0709,0.0,80.52830818973165,115.13647,266.29044,231.14017344437238,535.7673847521343,115.13646697998047,266.2904357910156
35_0101,0.0,217.79539943385623,108.258354,253.63551,215.32684964612753,503.541523035575,108.25835418701172,253.63551330566406
35_0102,0.0,185.292367879517,108.26243,253.65402,215.33476472075898,503.56897546932703,108.2624282836914,253.65402221679688
35_0103,0.0,187.64515232827054,108.280136,253.69681,215.36961562203837,503.65217728224434,108.28013610839844,253.69680786132812
35_0104,0.0,199.54405077656835,109.104095,255.38736,216.98261996059048,507.19732442920713,109.10409545898438,255.38735961914062
35_0105,0.0,201.97059142836596,109.1458,255.49379,217.0648041112154,507.3994992328792,109.14579772949219,255.49378967285156
35_0106,0.0,204.05708760244246,109.11703,255.41742,217.00801862948214,507.2567386738822,109.11702728271484,255.41741943359375
35_0107,0.0,206.31140939623194,109.140854,255.47908,217.05502048154347,507.3732525970048,109.14085388183594,255.4790802001953
35_0108,0.0,208.43014016786898,109.114914,255.41292,217.00387191954187,507.2474642648307,109.11491394042969,255.4129180908203
35_0109,0.0,210.360304244072,109.10439,255.38809,216.98318875319626,507.19869152686834,109.1043930053711,255.38809204101562
35_0110,0.0,197.852718738917,108.24664,253.61133,215.30359457533604,503.4897863424341,108.24664306640625,253.611328125
35_0111,0.0,199.77335651767416,108.246,253.61168,215.3023764753824,503.4888801247388,108.24600219726562,253.61167907714844
35_0112,0.0,178.1493015508474,108.22186,253.54224,215.2549408806317,503.364543606915,108.22186279296875,253.542236328125
35_0501,0.0,59.1744232978935,107.893524,249.1224,216.47505979937637,501.2937654313338,107.89352416992188,249.12240600585938
35_0502,0.0,60.28721531392874,106.953255,246.926,214.54977420278783,496.81086653778425,106.95325469970703,246.92599487304688
35_0503,0.0,48.37338241486535,107.79432,248.69398,216.25736189590978,500.57315588482,107.79431915283203,248.69398498535156
35_0504,0.0,49.98901443153946,107.789925,248.68495,216.24831258321296,500.55347263037675,107.78992462158203,248.68495178222656
35_0505,0.0,30.265913783730866,106.40647,245.8173,213.42548910644948,494.38150647850364,106.4064712524414,245.8173065185547
35_0506,0.0,35.60372091082996,106.65986,246.36128,213.9437296023096,495.5330114513646,106.65985870361328,246.3612823486328
35_0507,0.0,42.5543734374987,106.90996,246.85963,214.45503876509858,496.63063661948195,106.90995788574219,246.85963439941406
35_0508,0.0,58.66656729222299,107.79492,248.69476,216.2586566294589,500.5754850257013,107.794921875,248.69476318359375
35_0509,0.0,40.97318256477041,107.20027,247.46428,215.0537989039184,497.93944225162164,107.20027160644531,247.4642791748047
35_0801,0.0,173.4006050806005,89.11789,207.33345,178.0206869026925,414.2800229662116,89.11788940429688,207.3334503173828
35_0802,0.0,116.83595422642958,89.12039,207.33961,178.0258455362344,414.2922676676252,89.12039184570312,207.33961486816406
35_0901,0.0,34.35356918578057,105.21714,243.0243,210.99200458868728,488.71240073393614,105.2171401977539,243.02430725097656
35_0902,0.0,31.763411481055726,105.211426,243.0128,210.98025606835247,488.6870847919042,105.21142578125,243.01280212402344
35_0903,0.0,33.865416654866664,105.20175,242.99144,210.96044749065118,488.64249069065045,105.20175170898438,242.99143981933594
35_0959,0.0,13.690713075589656,105.18699,242.94728,210.93028930181896,488.56300441061427,105.1869888305664,242.94728088378906
48_0901,3017.0,1122.3852801454452,120.189224,279.8284,240.40102347159956,559.7865832160791,-2896.810775756836,-2737.171600341797
48_0902,3017.0,1115.491408586354,120.19132,279.85,240.40636524582268,559.8150135975025,-2896.80867767334,-2737.1499938964844
48_0903,3017.0,1091.0888637522635,120.1947,279.84787,240.4125599653148,559.8198005779093,-2896.8052978515625,-2737.152130126953
13_0502,0.0,85.59953412047189,99.5204,230.63847,199.15647088031406,462.2569478608333,99.52040100097656,230.6384735107422
13_0503,0.0,29.864559691445862,97.625,226.30711,195.3522404336527,453.51537196481286,97.625,226.30711364746094
13_0504,0.0,31.845813558702815,97.62454,226.30617,195.351327971199,453.5133710809889,97.62454223632812,226.30616760253906
13_0505,0.0,30.488044706131234,97.60263,226.25374,195.30715394077245,453.4095677807618,97.60263061523438,226.2537384033203
13_0506,0.0,56.42632733826096,102.368164,236.91206,205.10432288809,475.63236436852515,102.3681640625,236.9120635986328
13_0507,0.0,37.46722454254612,97.62167,226.29941,195.3455884970938,453.4999702874135,97.62167358398438,226.29940795898438
13_0508,0.0,39.8680771239718,97.62302,226.30272,195.34825038242712,453.50634435418124,97.62301635742188,226.30271911621094
13_0509,0.0,24.253592805941025,97.61812,226.27963,195.3384319353009,453.4718768181943,97.61811828613281,226.27963256835938
13_0560,0.0,31.418185226144942,97.70479,226.44536,195.51137718459884,453.83637737199865,97.70478820800781,226.4453582763672
13_0561,0.0,27.704626631178996,97.71888,226.47612,195.53967598834836,453.8999576876137,97.71887969970703,226.4761199951172
13_0562,0.0,29.674230088574745,97.71889,226.47604,195.53968895781236,453.89989271587854,97.71888732910156,226.47604370117188
13_0563,0.0,32.00888289846563,97.71164,226.45934,195.525155705708,453.86635264611675,97.71163940429688,226.45933532714844
13_0564,0.0,37.78213777473837,97.711365,226.46146,195.52457465817412,453.8677739490498,97.71136474609375,226.46145629882812
13_0565,0.0,39.83337369221357,97.71687,226.4738,195.5356360234441,453.8929425776332,97.71687316894531,226.4738006591797
13_0566,0.0,15.458383408233885,97.71648,226.45576,195.5348887158012,453.8740681237663,97.71647644042969,226.4557647705078
5_0113,3572.0,2960.277825569894,122.18824,287.37314,244.03421498668652,571.4060839293776,-3449.8117599487305,-3284.6268615722656
5_0114,3572.0,2929.990132495672,122.19954,287.44412,244.04850192694005,571.4894855435582,-3449.8004608154297,-3284.555877685547
5_0115,3572.0,2935.9364494731553,122.66469,288.95398,244.94396618097537,574.0287355249759,-3449.3353118896484,-3283.0460205078125
5_0116,3572.0,2937.5957107622526,122.66905,288.9681,244.9523605216947,574.05250771888,-3449.3309478759766,-3283.0318908691406
5_0117,3572.0,2935.271124546178,122.206345,287.46695,244.06173990149165,571.5276383950317,-3449.793655395508,-3284.5330505371094
5_0118,3572.0,2941.4386660732434,122.67398,288.97656,244.96452357194212,574.0764509513316,-3449.3260192871094,-3283.0234375
5_0122,4394.0,2931.502644079881,122.65982,288.9149,244.93925984695153,573.9867060576019,-4271.340179443359,-4105.085113525391
5_0123,4394.0,2937.2845803153223,122.661736,288.9424,244.9365531607797,574.007619354325,-4271.338264465332,-4105.057586669922
5_0124,4394.0,2920.54894486335,122.66496,288.94565,244.94289061925156,574.0182181794225,-4271.335037231445,-4105.054351806641
5_A601,0.0,12.076108313948993,34.254444,51.620564,68.5316597223189,104.32834312793528,34.25444412231445,51.62056350708008
5_A602,0.0,0.0,34.24068,51.61631,68.50498576474146,104.30800151138442,34.24068069458008,51.616310119628906
5_A603,0.0,0.0,33.377068,50.57887,66.81365319988312,102.20202105851158,33.37706756591797,50.5788688659668
5_A605,0.0,0.0,33.387707,50.60917,66.83498703442956,102.24765229833102,33.3877067565918,50.609169006347656
1_0502,0.0,131.96616876685889,120.92816,281.68063,241.41299565838563,562.5545113677484,120.92816162109375,281.6806335449219
1_0503,0.0,100.93732979451529,120.90784,281.64792,241.36984212433936,562.4699917425585,120.9078369140625,281.6479187011719
1_0504,0.0,103.05518733698968,120.90411,281.63956,241.3622736224873,562.4527349374148,120.90411376953125,281.6395568847656
1_0505,0.0,104.53868412382953,120.928024,281.68863,241.41278390567368,562.5623051147267,120.92802429199219,281.6886291503906
1_0506,0.0,70.64661798375788,102.599495,239.74406,204.2775651054285,476.875245601561,102.59949493408203,239.7440643310547
1_0507,0.0,106.10040079456355,120.8895,281.6094,241.33195150263413,562.3865607318918,120.8895034790039,281.6094055175781
1_0508,0.0,130.89035629494185,120.88761,281.61475,241.32746974447616,562.3862703569341,120.88761138916016,281.61474609375
1_0509,0.0,114.45055386079069,120.89574,281.62338,241.3456188114478,562.4172074952335,120.89573669433594,281.6233825683594
1_0563,0.0,15.565915896131628,102.60431,239.7927,204.28213922798108,476.92899423515325,102.60430908203125,239.79269409179688
48_D410,0.0,0.0,35.20556,54.345196,70.41563413915807,109.25085002468629,35.20555877685547,54.34519577026367
48_D420,0.0,0.0,35.20697,54.34546,70.41839509982233,109.25305036550444,35.20697021484375,54.345458984375
48_D430,0.0,0.0,35.20726,54.348587,70.41880500257076,109.25619432837617,35.20726013183594,54.34858703613281
40_A410,0.0,0.0,73.4981,96.38439,145.2980418156077,194.33187550480466,73.49810028076172,96.38439178466797
40_A420,0.0,35.175493382989316,73.506386,96.33191,145.32138103748437,194.29677679642364,73.50638580322266,96.3319091796875
40_A430,0.0,53.802984795122484,73.462234,96.27197,145.22441435568504,194.17017197350614,73.46223449707031,96.27197265625
40_B310,0.0,0.0,43.47655,48.292896,86.61358985430135,96.38707596263497,43.4765510559082,48.29289627075195
40_B320,0.0,0.0,43.48236,48.291203,86.62578602558438,96.3922800798636,43.48236083984375,48.291202545166016
40_B330,0.0,0.0,43.482647,48.28629,86.62654481127336,96.38788254891882,43.48264694213867,48.28628921508789
40_B350,0.0,9.606871754367148,43.46314,48.260555,86.58726620514298,96.34039903098272,43.463138580322266,48.260555267333984
40_B360,0.0,0.0,43.45208,48.257313,86.56436688801816,96.32417809813222,43.45207977294922,48.2573127746582
5_C410,0.0,0.0,60.24593,76.52758,117.12624678966228,150.06311695033236,60.24592971801758,76.52758026123047
5_C430,0.0,0.0,60.250195,76.50843,117.13355488959749,150.04729637981575,60.25019454956055,76.50843048095703
1_C330,0.0,67.5409895268901,37.031567,57.107952,74.56256655070308,115.77052924108264,37.03156661987305,57.10795211791992
1_0564,0.0,42.2635637630043,91.17811,211.49171,182.1302460421545,423.18971263260613,91.17810821533203,211.49171447753906
1_C310,0.0,48.15826785188338,37.012306,57.06927,74.52580151278667,115.70373031503108,37.012306213378906,57.069271087646484
1_C320,0.0,64.72126042574273,37.033382,57.11071,74.56649578478566,115.77651951956597,37.033382415771484,57.11071014404297
1_C340,0.0,62.674634239214086,37.03386,57.110813,74.56743050415324,115.77726794523635,37.03385925292969,57.11081314086914
1_C350,0.0,56.36770359473343,35.68142,55.692654,71.69165910794183,112.11009145786596,35.681419372558594,55.69265365600586
1_0601,0.0,108.62251457363084,115.9472,268.42026,232.74744965199022,539.7805851923681,115.94719696044922,268.4202575683594
1_0602,0.0,77.65058082448192,115.95376,268.44366,232.76080336988807,539.8196730546997,115.9537582397461,268.44366455078125
1_0605,0.0,89.22626370839518,116.4084,269.4171,233.68842907139972,541.8840541247338,116.40840148925781,269.4171142578125
1_0608,0.0,94.88878452411373,116.41914,269.4377,233.7108689774246,541.9311459637154,116.41914367675781,269.4377136230469
1_0603,0.0,110.15888417778517,115.953064,268.43027,232.75996004132588,539.8054290534718,115.95306396484375,268.4302673339844
1_0604,0.0,79.25471930261035,115.95787,268.4499,232.76975731248905,539.8365745177648,115.95787048339844,268.44989013671875
1_0606,0.0,92.45404778168533,116.40937,269.41644,233.6909053484287,541.8863974393525,116.40937042236328,269.41644287109375
1_0607,0.0,99.76004229616004,117.32461,271.82883,235.4756765510906,546.3789405512064,117.3246078491211,271.8288269042969
1_0661,0.0,100.58794461758622,117.86446,273.20438,236.51760561048445,548.9632809702114,117.86446380615234,273.2043762207031
1_0662,0.0,102.90549442298457,116.4187,269.4382,233.70994848412778,541.9305373078037,116.418701171875,269.4382019042969
1_0663,0.0,79.08677065786956,116.42005,269.4302,233.71274518082527,541.925860903772,116.42005157470703,269.4302062988281
1_A310,0.0,3.8230418952643106,70.7446,97.795586,142.08340735057902,200.78951403504772,70.74459838867188,97.79558563232422
1_A320,0.0,27.97774216034989,70.78359,97.821144,142.16596500387078,200.86991109579873,70.7835922241211,97.8211441040039
1_A350,0.0,68.54727717692651,70.775955,97.80291,142.15017045458973,200.84080977350334,70.77595520019531,97.80290985107422
48_A310,0.0,0.0,30.358438,46.25214,60.50420876614506,92.92632665454613,30.35843849182129,46.252140045166016
48_A320,0.0,0.0,30.36272,46.254436,60.51259193684753,92.93475372364489,30.362720489501953,46.25443649291992
48_A330,0.0,0.0,30.362139,46.253067,60.51145254161072,92.9325251829931,30.362138748168945,46.25306701660156
48_A340,0.0,0.0,30.36031,46.254166,60.507815573243896,92.9309137945009,30.360309600830078,46.25416564941406
48_B410,0.0,0.0,36.677795,56.81474,73.73861878042766,114.72095582231307,36.67779541015625,56.81473922729492
48_B420,0.0,0.0,36.677147,56.812923,73.73730264096211,114.71809496700897,36.677146911621094,56.812923431396484
48_B430,0.0,0.0,36.6755,56.813175,73.73396986721743,114.7158010936927,36.675498962402344,56.813175201416016
48_E410,0.0,0.0,36.04029,56.263157,72.44969731322867,113.27055387221236,36.04029083251953,56.26315689086914
48_E420,0.0,0.0,36.040504,56.26209,72.45017711002852,113.26988801020055,36.040504455566406,56.262088775634766
48_E430,0.0,0.0,36.039455,56.262775,72.44803632929595,113.26887259303314,36.03945541381836,56.26277542114258
48_K310,0.0,0.0,52.140266,56.72355,105.01474785888183,113.42271140349365,52.14026641845703,56.723548889160156
48_K320,0.0,10.115684093945106,52.170696,56.705708,105.08422864565463,113.44623814508952,52.17069625854492,56.70570755004883
48_K330,0.0,93.61874492990725,52.17423,56.684204,105.09334218223961,113.42999905731088,52.17422866821289,56.6842041015625
48_K340,0.0,148.62483207313275,52.12221,56.61103,104.98828282009003,113.2981850753205,52.12221145629883,56.61103057861328
48_K350,0.0,186.69470416603255,52.05716,56.523766,104.85836369573882,113.13973492324413,52.057159423828125,56.523765563964844
22_0113,0.0,209.04309849854374,98.43292,228.93202,196.40156804856386,457.035996521527,98.43292236328125,228.93202209472656
22_0114,0.0,178.14718092748157,98.42087,228.90506,196.381221330398,456.9865616545962,98.42086791992188,228.90505981445312
22_0115,0.0,189.82054348285988,99.31282,230.99292,198.1514772415799,461.1157606374564,99.31282043457031,230.992919921875
22_0116,0.0,191.75522902357068,99.326,231.0256,198.17715179205703,461.1779206268601,99.32599639892578,231.02560424804688
22_0117,0.0,183.897132782748,98.43535,228.94078,196.40956971558495,457.0548588531901,98.43534851074219,228.94078063964844
22_0118,0.0,195.85898477874562,99.32817,231.03027,198.18161117884068,461.18777431945574,99.32817077636719,231.0302734375
22_0119,0.0,184.17828930852548,98.41443,228.9337,196.36692251346435,456.9980986569282,98.4144287109375,228.93370056152344
22_0120,0.0,185.3336899407441,98.43191,228.97871,196.40056086795317,457.0816193299224,98.4319076538086,228.9787139892578
22_0121,0.0,187.42852727332811,98.43323,228.97899,196.4041756260507,457.08636148857295,98.4332275390625,228.97898864746094
22_0122,0.0,203.93429759939906,99.32548,231.02768,198.1751656988352,461.1774282359089,99.32547760009766,231.02767944335938
22_0123,0.0,205.86343434983,99.32045,231.01183,198.16639318369064,461.15178786402527,99.32044982910156,231.01182556152344
22_0124,0.0,184.1032471335834,99.33475,231.03294,198.1938917968437,461.20439615989267,99.33474731445312,231.03294372558594
28_A310,0.0,34.78616304333849,36.96894,57.122215,74.33330988795859,115.46694829668976,36.96894073486328,57.122215270996094
28_A330,0.0,39.09119483919497,36.969597,57.12229,74.33467208519902,115.46810289342602,36.96959686279297,57.122291564941406
48_2172,0.0,0.0,52.275227,95.53692,105.21426724335403,192.58361144081113,52.27522659301758,95.53691864013672
40_A320,0.0,0.0,35.366325,54.7743,70.75459704373571,109.97916945648885,35.36632537841797,54.77429962158203
40_A330,0.0,0.0,35.376236,54.78803,70.77537504934034,110.00980508625096,35.37623596191406,54.788028717041016
40_A340,0.0,0.0,35.37505,54.785942,70.77292301514727,110.00575575124104,35.37504959106445,54.78594207763672
40_A350,0.0,0.0,35.37371,54.786686,70.77023641133607,110.00444877306613,35.37371063232422,54.786685943603516
5_A310,0.0,117.1570360184056,32.516254,51.237514,65.10819448978657,102.31761109364531,32.51625442504883,51.23751449584961
5_A320,0.0,118.69033443840264,32.511143,51.22879,65.09768037573745,102.30031431565803,32.51114273071289,51.228790283203125
5_A350,0.0,96.16414694103396,32.508625,51.22701,65.09254041005184,102.29438533465135,32.50862503051758,51.22700881958008
48_E310,0.0,0.0,34.68359,54.15035,69.54054839399615,108.76941048253113,34.683589935302734,54.15034866333008
48_E320,0.0,0.0,34.687553,54.155148,69.54852693609088,108.78043276884785,34.68755340576172,54.155147552490234
48_E330,0.0,0.0,34.68947,54.1575,69.55240683427972,108.78585548879133,34.68946838378906,54.157501220703125
48_E340,0.0,0.0,34.689182,54.156487,69.55182417904506,108.78436072116406,34.68918228149414,54.15648651123047
48_E350,0.0,0.0,34.688065,54.15463,69.54959308403824,108.78078467285653,34.68806457519531,54.15462875366211
48_E351,0.0,0.0,34.685593,54.15144,69.54467846064713,108.77385865291778,34.68559265136719,54.15143966674805
48_E352,0.0,0.0,34.67951,54.145023,69.53234966725842,108.75769602593061,34.679508209228516,54.145023345947266
48_C410,0.0,0.0,30.65444,48.596844,60.951442177114394,96.0858980674191,30.65443992614746,48.59684371948242
48_C420,0.0,0.0,30.654434,48.59621,60.95143652357344,96.08526273729282,30.654434204101562,48.59621047973633
48_C430,0.0,0.0,30.652784,48.597145,60.948214331206096,96.08368927370995,30.65278434753418,48.597145080566406
48_L310,0.0,0.0,36.794693,57.191746,73.8121655804866,114.97215237045923,36.79469299316406,57.19174575805664
48_L320,0.0,0.0,36.79107,57.183926,73.80387997440434,114.9567258252151,36.79106903076172,57.18392562866211
48_L330,0.0,0.0,36.79131,57.183846,73.80438243337474,114.95705206078556,36.79130935668945,57.18384552001953
48_L340,0.0,0.0,36.79032,57.18202,73.80241783495164,114.95371380469643,36.790321350097656,57.1820182800293
48_L350,0.0,0.0,36.783474,57.17344,73.78811327209273,114.93339138004306,36.78347396850586,57.173439025878906
1_B310,0.0,21.419948536558167,35.972588,55.827847,72.13533745912561,112.28454757939954,35.97258758544922,55.82784652709961
1_B320,0.0,3.2635787798916738,35.978195,55.835342,72.1476298948514,112.30270926553948,35.97819519042969,55.83534240722656
1_B330,0.0,6.972073805836061,35.974457,55.829136,72.13965001524502,112.28977262715969,35.974456787109375,55.82913589477539
1_B340,0.0,0.0,35.96839,55.822243,72.12726697433608,112.27313737409774,35.96839141845703,55.822242736816406
1_B350,0.0,16.580269266811655,36.532665,56.737713,73.47037175543544,114.4833124226301,36.53266525268555,56.73771286010742
5_0119,4394.0,2918.226131982692,116.72605,275.3998,232.48848225926682,545.5849828037371,-4277.273948669434,-4118.600189208984
5_0120,4394.0,2899.661578325982,116.75405,275.47464,232.5456319089969,545.7273528918263,-4277.245948791504,-4118.525360107422
5_0121,4394.0,2888.1902103475095,116.73634,275.43387,232.50859419801307,545.6423979590189,-4277.263656616211,-4118.566131591797
32_AA01,0.0,0.0,51.083668,96.33294,102.4039469011137,190.85490078637645,51.08366775512695,96.33293914794922
32_AA02,0.0,0.0,51.011284,96.2273,102.24907414836456,190.6069861324383,51.01128387451172,96.22730255126953
32_AA03,0.0,0.0,51.028194,96.27784,102.28155493931413,190.68766212551782,51.028194427490234,96.27783966064453
32_AA59,0.0,0.0,50.99044,96.17292,102.20896464839349,190.51534092761742,50.990440368652344,96.17292022705078
32_AA60,0.0,0.0,50.9889,96.179054,102.2058699415668,190.5185289010901,50.98889923095703,96.1790542602539
32_AA61,0.0,0.0,51.009773,96.23032,102.24608096002333,190.60718453435544,51.00977325439453,96.2303237915039
32_AA62,0.0,0.0,51.02234,96.266975,102.27018687529713,190.66616686360192,51.0223388671875,96.26697540283203
4_AA01,0.0,0.0,49.060986,89.23416,97.06298043090186,176.3391016275445,49.06098556518555,89.23416137695312
4_AA02,0.0,0.0,49.07802,89.261795,97.09536536655395,176.39467538504147,49.07801818847656,89.26179504394531
4_AA03,0.0,0.0,49.084545,89.27448,97.10754028841723,176.4177190720103,49.08454513549805,89.27448272705078
4_AA59,0.0,0.0,49.0854,89.27495,97.10928199207471,176.41975796004348,49.08539962768555,89.27494812011719
4_AA60,0.0,0.0,49.078197,89.25862,97.09593883208211,176.39213652183247,49.07819747924805,89.25862121582031
49_3015,0.0,0.0,59.063946,76.924774,114.92823028136246,149.53476683757404,59.06394577026367,76.92477416992188
49_7082,0.0,145.44495602467617,53.19752,98.60786,107.03283331968893,197.42623110166625,53.1975212097168,98.60785675048828
49_7083,0.0,634.7610615113047,54.653862,73.34239,107.47073886894793,145.51818787632345,54.65386199951172,73.34239196777344
32_7084,0.0,153.03866753920465,52.12898,96.18344,104.77517376687129,192.71467752474825,52.12897872924805,96.18344116210938
49_7086,620.0,405.08954698791933,77.52204,118.92807,154.76876814899882,235.64178413836828,-542.4779586791992,-501.0719299316406
49_7085,0.0,147.49986806221722,36.56358,57.612713,73.52311475321089,115.45895983474932,36.56357955932617,57.61271286010742
32_1021,0.0,0.0,71.712234,106.88238,140.02708643005454,208.83421093894918,71.71223449707031,106.88237762451172
32_3010,0.0,0.0,54.855843,99.36071,110.91331883889548,201.70418871741128,54.85584259033203,99.36071014404297
32_3013,0.0,0.0,53.04047,96.460304,107.02617061255982,195.11534800993738,53.040470123291016,96.4603042602539
30_1001,0.0,38.98597908222314,35.624557,56.084824,71.32270353157989,111.84785775878612,35.62455749511719,56.08482360839844
30_6004,0.0,0.0,27.420843,42.707245,54.70721842986581,85.2633888121255,27.42084312438965,42.707244873046875
30_8129,0.0,160.6694236083144,35.555187,55.719696,71.32718016034912,111.59888055344364,35.5551872253418,55.719696044921875
30_7066,0.0,0.0,46.870167,86.559,94.0126820466932,173.16989712131513,46.87016677856445,86.55899810791016
30_7088,0.0,0.0,47.475132,87.72399,95.27034652999592,175.54529095181564,47.47513198852539,87.72399139404297
30_7075,0.0,0.0,51.44261,94.77535,103.2508933654852,189.8199116338224,51.44261169433594,94.77535247802734
30_7076,0.0,0.0,45.21937,83.547676,90.57562777992047,166.8557189350334,45.2193717956543,83.54767608642578
32_1020,0.0,0.0,34.771587,54.936634,69.78849348501443,109.8467976565202,34.77158737182617,54.9366340637207
32_2027,0.0,0.0,52.3904,95.4487,105.63267120588999,192.7763484189375,52.39039993286133,95.44869995117188
16_6027,0.0,0.0,33.29951,52.419132,66.73445036888829,104.84416693038636,33.29951095581055,52.419132232666016
16_5025,0.0,0.0,46.595318,86.44424,93.39061897146725,172.34135261126949,46.59531784057617,86.4442367553711
16_3023,0.0,0.0,50.607433,91.42132,101.13215871995429,183.1467135597988,50.6074333190918,91.42131805419922
16_1021,0.0,23.756469628569306,36.434406,57.110798,73.29056616375975,114.82317766281578,36.43440628051758,57.11079788208008
6_3021,0.0,0.0,52.551144,96.465126,105.64396779696506,193.84320354610063,52.551143646240234,96.46512603759766
6_3024,0.0,0.0,49.892086,91.41976,99.48533761959285,182.14713682645723,49.892086029052734,91.41976165771484
6_7491,0.0,0.0,53.205948,95.82858,106.39957626483054,192.30961926782874,53.20594787597656,95.82858276367188
6_7493,0.0,0.0,47.79507,87.46926,95.15344702092254,174.0664082533169,47.79507064819336,87.4692611694336
6_9048,0.0,0.0,51.96212,95.377556,104.49140826968932,191.7085343169783,51.962120056152344,95.37755584716797
6_8151,0.0,0.0,53.49753,97.404884,107.1992495391269,195.14286839770696,53.49753189086914,97.4048843383789
6_1253,0.0,9.853503556939586,35.288895,55.59792,70.45123199593806,110.56073407109912,35.28889465332031,55.59791946411133
6_2002,0.0,0.0,35.090736,55.445004,70.45494364109135,110.88909358553911,35.090736389160156,55.445003509521484
6_2038,0.0,0.0,32.122578,50.338276,64.09127216380293,100.23786840923522,32.12257766723633,50.33827590942383
6_2040,0.0,0.0,35.003338,55.49068,70.2489634592277,110.76436378791686,35.00333786010742,55.49068069458008
6_2041,0.0,0.0,34.65378,55.133873,69.49904194708978,109.81076132178109,34.65378189086914,55.133872985839844
6_2051,0.0,0.0,66.76711,95.53742,129.75909829321085,184.72671102037393,66.7671127319336,95.53742218017578
6_2053,0.0,0.0,38.511227,71.488144,76.71545408082008,141.58236811758638,38.511226654052734,71.48814392089844
6_2647,0.0,0.0,36.830517,57.17893,74.03075344799623,115.25242291391568,36.83051681518555,57.17892837524414
6_3005,0.0,0.0,48.000145,87.76823,95.5441070771493,174.6272268788929,48.000144958496094,87.76822662353516
6_3030,0.0,0.0,50.027386,91.49616,99.82764759251849,182.52486126224477,50.02738571166992,91.49616241455078
6_3042,0.0,0.0,44.400784,81.13334,88.14451599484399,160.98994981630366,44.40078353881836,81.13333892822266
6_6044,0.0,0.0,35.61835,55.510708,71.5928933136938,111.56740056112875,35.618350982666016,55.51070785522461
6_9049,0.0,0.0,46.524857,65.859116,88.47628058730055,125.45413572942644,46.52485656738281,65.85911560058594
53_1002,0.0,0.0,34.688076,54.24011,69.43363466806403,108.48891890173476,34.68807601928711,54.240108489990234
53_1005,0.0,0.0,48.984734,90.527504,98.42092714805386,181.33823585321105,48.98473358154297,90.52750396728516
53_1006,0.0,0.0,35.242336,55.121647,70.64131597627434,110.40584658953352,35.24233627319336,55.121646881103516
53_1007,0.0,0.0,34.017956,38.10157,67.46732929489549,74.86572018481095,34.0179557800293,38.10157012939453
53_1008,0.0,0.8403303323429441,34.152325,54.16953,68.13308565022496,107.27030827194753,34.15232467651367,54.16952896118164
53_1801,0.0,0.0,67.446075,89.260666,132.52377692272748,174.90048153818924,67.44607543945312,89.26066589355469
53_3011,0.0,0.0,49.989704,92.43061,100.38453702177547,184.71260248668904,49.98970413208008,92.43061065673828
53_3013,0.0,25.50707673013474,36.438225,57.201176,73.24470817515245,114.77468401768644,36.43822479248047,57.201175689697266
53_3019,0.0,0.0,52.739586,70.53698,102.63294861847814,136.3427361634866,52.739585876464844,70.53697967529297
53_3812,0.0,0.0,56.708046,78.693794,110.3112090657306,151.85168666242865,56.708045959472656,78.69379425048828
53_3813,0.0,0.0,81.59989,120.6273,161.54136899646423,238.33394513855305,81.59989166259766,120.6272964477539
53_6020,0.0,0.0,34.591896,53.951996,69.20109574197204,107.98121918720103,34.591896057128906,53.951995849609375
53_6048,0.0,0.0,35.187645,55.047916,70.53252883880918,110.24405433640618,35.187644958496094,55.047916412353516
53_6049,0.0,0.0,59.074932,86.39115,117.18414051440512,171.82518951065407,59.07493209838867,86.39115142822266
53_6056,0.0,16.295721938296396,35.914227,56.325558,72.07124180324365,112.82188076972238,35.91422653198242,56.325557708740234
53_7322,0.0,0.0,30.968067,48.498882,61.77084014955919,96.56182019117534,30.968067169189453,48.49888229370117
53_7409,0.0,0.0,51.234768,93.89236,102.47970890324186,187.4059179356271,51.23476791381836,93.8923568725586
32_1030,0.0,0.0,67.701706,103.03361,128.77776825627208,193.35745380608935,67.70170593261719,103.03360748291016
41_2002,0.0,5.731485197505805,35.795357,56.100475,71.98077712246712,112.73234888969375,35.79535675048828,56.1004753112793
41_5005,0.0,0.0,46.35033,84.8704,92.11075172197476,168.43805735134185,46.3503303527832,84.87039947509766
41_5006,0.0,0.0,52.25931,95.35756,105.01379181632731,191.4834073352788,52.25931167602539,95.35755920410156
41_5008,0.0,0.0,52.018143,94.88866,104.64508387813504,190.85321151523266,52.01814270019531,94.88865661621094
41_5021,0.0,1.5683107755688184,48.369343,88.63929,96.2623095326126,176.14413645114269,48.36934280395508,88.63928985595703
41_5022,0.0,0.0,48.519756,88.91895,96.57510106988332,176.72420467882742,48.51975631713867,88.91895294189453
41_6011,0.0,0.0,51.532303,94.82793,103.60968334867873,190.15873017010142,51.53230285644531,94.82792663574219
41_6012,0.0,0.0,51.706055,94.24914,104.03252969095254,189.6801361123002,51.7060546875,94.24913787841797
41_7018,0.0,0.0,52.278294,96.2607,104.68102188114399,192.22922643739952,52.27829360961914,96.26069641113281
41_7019,0.0,11.16705318473825,36.41869,56.83809,73.21708243490197,114.3696828733232,36.4186897277832,56.83808898925781
41_7025,0.0,0.0,52.459904,96.79507,105.12630793986102,193.30520055595423,52.459903717041016,96.7950668334961
56_1007,0.0,0.0,33.812172,38.198772,67.03497409018559,75.22637657796523,33.812171936035156,38.19877243041992
56_2015,0.0,0.0,48.15705,89.09229,96.72392310822796,178.3291548095,48.15705108642578,89.09229278564453
56_6032,0.0,0.0,76.19875,161.05229,150.40345319060265,319.708248466479,76.1987533569336,161.0522918701172
56_2018,0.0,0.0,30.991907,48.177227,61.84546148708924,96.30820684495053,30.991907119750977,48.17722702026367
56_2020,0.0,0.0,48.178356,89.150505,96.738055074757,178.38950903813105,48.1783561706543,89.15050506591797
56_6029,0.0,3.133634871754907,32.020058,48.60848,63.84538605494482,96.6965717021719,32.020057678222656,48.60847854614258
56_6031,0.0,0.0,26.086641,40.74415,52.057878098096324,81.28011418178824,26.086641311645508,40.74414825439453
56_7775,1675.0,2817.57435724292,123.10381,310.07968,224.80488424519748,548.6425574688915,-1551.8961868286133,-1364.9203186035156
56_7772,0.0,0.0,40.149036,44.2022,80.3127682678248,88.51886586860591,40.1490364074707,44.20220184326172
56_7773,0.0,65.83040315902623,32.722233,37.266064,65.19846625204399,72.89708633730622,32.722232818603516,37.26606369018555
8_1053,0.0,0.0,37.37989,57.86727,75.08026143623412,116.69275399659747,37.37989044189453,57.867271423339844
8_2008,0.0,0.6580982206425006,36.70058,56.850735,73.54360665610383,114.29771029818427,36.70058059692383,56.85073471069336
8_6002,0.0,0.0,43.954132,81.23903,87.9398859634695,162.023023512843,43.954132080078125,81.23902893066406
8_1029,0.0,0.0,26.890425,41.762,53.66857253917628,83.49708150918647,26.890424728393555,41.762001037597656
8_1057,0.0,0.0,57.565014,84.79522,112.8393112100463,167.14277933058008,57.56501388549805,84.79521942138672
8_1047,0.0,0.0,80.26886,170.83427,157.598248400098,337.8164718024177,80.26885986328125,170.8342742919922
8_6013,0.0,0.0,69.48106,106.01049,137.697724695274,209.81298963256862,69.4810562133789,106.01049041748047
8_7036,0.0,0.0,52.57268,96.249825,105.46688106918667,192.77784373622342,52.57268142700195,96.24982452392578
8_9019,0.0,0.0,49.89597,90.972336,99.73670419781007,182.1722001804374,49.89596939086914,90.97233581542969
8_3032,0.0,0.0,52.47972,96.12371,105.24030149135137,192.4077153709633,52.47972106933594,96.12371063232422
8_7035,0.0,0.0,52.582523,96.16398,105.5468375096747,192.81677122852108,52.582523345947266,96.16397857666016
8_9020,0.0,0.0,49.819073,90.82639,99.56754196487425,181.85328181117035,49.81907272338867,90.8263931274414
56_3027,0.0,0.0,50.26795,69.804825,99.40644746482891,140.61598009481372,50.267948150634766,69.80482482910156
56_2037,0.0,0.0,42.382755,49.42956,84.13286741650232,96.42951540608198,42.382755279541016,49.429561614990234
56_2017,0.0,0.0,38.00328,41.266415,76.3344387540229,82.94221092153992,38.00328063964844,41.266414642333984
4_1001,0.0,0.0,53.68157,97.83907,107.49895020071546,196.14223138944502,53.68156814575195,97.83907318115234
4_1002,0.0,0.0,50.725853,92.583435,101.89726395391335,185.9948265902197,50.725852966308594,92.58343505859375
4_1006,0.0,0.0,46.9853,85.404785,93.35111526857271,170.0350718731961,46.98529815673828,85.40478515625
4_1007,0.0,0.0,53.58118,97.343956,107.23435594023287,195.29739914810312,53.581180572509766,97.34395599365234
4_1016,0.0,0.0,52.15575,95.42956,104.39522665550635,191.1577093006512,52.1557502746582,95.42955780029297
4_1017,0.0,0.0,52.666836,96.63909,105.74153323389218,193.98599298480298,52.66683578491211,96.63909149169922
4_1018,0.0,0.0,51.19717,93.94186,102.91458084957497,188.8274985323489,51.19717025756836,93.94185638427734
4_1021,0.0,0.0,53.13136,95.236565,106.13671703330941,191.27391854339092,53.1313591003418,95.23656463623047
4_1022,0.0,0.0,52.26089,93.74185,104.21794885045554,187.89572729730713,52.26089096069336,93.74185180664062
4_1024,0.0,0.0,51.019833,91.563934,101.54429985717786,183.1166936976475,51.019832611083984,91.56393432617188
4_1034,0.0,0.0,37.799168,42.371567,75.01176659426571,83.65432233536015,37.79916763305664,42.37156677246094
4_1036,0.0,16.919324366594395,36.858162,57.979214,74.12418118866766,116.29779596555453,36.85816192626953,57.97921371459961
4_1062,0.0,0.0,53.426548,96.71452,107.43298510597654,195.0460540303909,53.42654800415039,96.71452331542969
4_1065,0.0,0.0,49.58318,88.87793,98.54283657891355,177.5832031331933,49.58317947387695,88.8779296875
4_6055,0.0,0.0,36.374146,56.522198,73.09221501425722,113.88722354518816,36.3741455078125,56.52219772338867
4_6060,0.0,0.0,49.86433,91.94593,100.12622203257416,184.26455467631644,49.86433029174805,91.94593048095703
53_1501,0.0,0.0,27.875925,43.754116,55.39652247075573,86.52850673604425,27.875925064086914,43.75411605834961
56_2019,0.0,0.0,42.622433,49.414486,84.68414051189646,96.66929459946041,42.622432708740234,49.414485931396484
16_3017,0.0,0.0,51.125225,94.251625,102.47087042482896,188.41815853857355,51.12522506713867,94.25162506103516
16_9032,0.0,157.9736480875421,35.13207,55.28799,69.94457672919319,109.60415556207283,35.1320686340332,55.28799057006836
16_9034,0.0,157.25677496662135,36.00253,56.47541,71.9729106347572,112.61414713906242,36.00252914428711,56.47541046142578
6_9107,0.0,0.0,51.97463,94.33932,104.16543323393037,189.53333750855722,51.97462844848633,94.33931732177734
32_7000,0.0,0.0,53.400436,97.095276,107.77928112343028,196.4717034169907,53.40043640136719,97.09527587890625
6_8202,0.0,0.0,34.185505,54.131264,68.55408999669129,108.04800810528951,34.18550491333008,54.131263732910156
6_8201,0.0,0.0,39.786335,44.01219,79.56448904693772,87.71265911227498,39.78633499145508,44.01219177246094
6_8156,0.0,0.0,42.668392,49.41002,84.7623966691117,96.6985523613227,42.668392181396484,49.41001892089844
6_8150,0.0,0.0,32.93025,35.94219,65.16928726726748,71.59715510087167,32.93024826049805,35.94218826293945
6_8153,0.0,0.0,40.52983,45.06644,80.98252156438542,89.648086615264,40.52983093261719,45.06644058227539
6_8149,0.0,0.0,53.176586,96.48757,106.79506353157151,194.06269298286304,53.17658615112305,96.4875717163086
6_7454,0.0,0.0,36.010468,38.698406,72.25516820976394,78.15154753353742,36.010467529296875,38.69840621948242
6_7455,0.0,6.200400997301301,53.836132,98.90628,107.84763490528358,197.83417988262497,53.83613204956055,98.90628051757812
6_7452,0.0,0.0,43.739635,50.238834,87.24779860068338,99.429881146414,43.7396354675293,50.238834381103516
6_8535,0.0,0.0,51.24994,94.05778,103.14695499179311,189.22506411492577,51.24993896484375,94.05777740478516
6_8534,0.0,0.0,50.873276,93.39596,102.38034120315133,187.86967944570597,50.87327575683594,93.39595794677734
6_7456,0.0,0.0,51.504154,94.197075,102.87072997973127,188.13261785001723,51.504154205322266,94.19707489013672
41_7081,0.0,120.30617829608394,51.610134,94.607735,103.19593164798474,188.5746133114497,51.61013412475586,94.60773468017578
49_1004,0.0,9.865318756213782,42.085674,47.154034,84.33352183576267,94.06685455065977,42.08567428588867,47.15403366088867
53_3014,0.0,3667.682440890455,28.054918,45.9904,55.93291679354519,89.64930901796393,28.05491828918457,45.99039840698242
4_1015,0.0,0.0,52.34955,96.460075,104.94655895476903,192.9743225606694,52.34954833984375,96.46007537841797
8_7776,0.0,681.0515852216538,50.34526,91.52311,100.60286073549662,183.13281415482737,50.34526062011719,91.52310943603516
8_7780,0.0,0.0,34.48441,53.73643,68.9848811992076,107.59605720110676,34.48440933227539,53.73643112182617
8_7781,0.0,0.0,35.175163,54.544502,70.29170517047709,109.29355099522007,35.17516326904297,54.54450225830078
8_7783,0.0,0.0,52.12086,94.94545,104.86472663236336,191.17985140721044,52.1208610534668,94.94544982910156
4_7614,0.0,0.0,53.387657,97.84777,106.9935016242504,195.83428906610666,53.387657165527344,97.84777069091797
4_7613,0.0,28.08913342667327,86.15183,127.099556,172.77318136779692,255.5819100389201,86.1518325805664,127.09955596923828
4_1003,0.0,0.0,41.443726,75.469154,82.35127456171672,150.15452807226717,41.4437255859375,75.46915435791016
4_1025,0.0,0.0,49.497475,88.77656,98.36749086954507,177.3216631219958,49.497474670410156,88.77655792236328
4_1037,0.0,0.0,35.635372,55.082687,71.40020911554411,110.5271416308793,35.635372161865234,55.08268737792969
4_6054,0.0,0.0,48.065895,88.715935,96.42594128848516,177.56648455471046,48.065895080566406,88.71593475341797
4_6053,0.0,0.0,51.93917,94.64558,103.93701105987512,189.6288266097515,51.939170837402344,94.64557647705078
49_1001,0.0,0.0,40.88329,46.940105,81.13316940578689,92.10331565451195,40.8832893371582,46.94010543823242
49_1005,0.0,0.0,70.600204,105.66648,140.2568579762384,208.79207176026225,70.60020446777344,105.6664810180664
49_1006,0.0,25.255065107637307,40.844124,67.959145,81.28936589530937,133.9117206271924,40.84412384033203,67.95914459228516
49_1007,0.0,0.0,36.10621,56.32258,72.60925266666392,113.40264235612658,36.10620880126953,56.32257843017578
49_1008,0.0,44.76660662966799,39.836872,61.003834,79.98424822903318,122.38934779729601,39.83687210083008,61.00383377075195
49_1017,0.0,34.700299402322855,49.82775,59.61843,99.09690941057323,116.41823341514333,49.82775115966797,59.618431091308594
49_3010,0.0,3.205985985222526,52.114365,96.202774,104.61899638386927,192.50496594698512,52.11436462402344,96.20277404785156
49_3011,0.0,0.0,50.74538,93.94405,102.0409512537555,188.07374583352362,50.74538040161133,93.94405364990234
16_1020,0.0,50.77523298715758,35.18001,55.2828,70.34171286751294,110.20086947523055,35.18001174926758,55.282798767089844
16_1010,0.0,0.0,46.54716,86.65939,93.08834128219057,172.1805823360322,46.54716110229492,86.65939331054688
16_1009,0.0,0.0,51.793056,94.40858,104.198620454418,189.97718099944942,51.79305648803711,94.40857696533203
16_1007,0.0,0.0,29.329094,45.545506,58.50074662661174,91.03719807521891,29.32909393310547,45.54550552368164
16_1005,0.0,0.0,33.715736,52.87996,67.09219950777205,104.94761198942349,33.715736389160156,52.87995910644531
16_1001,0.0,0.0,33.87831,53.282238,67.41045237771168,105.5981091947495,33.87831115722656,53.2822380065918
6_2004,0.0,0.0,52.39754,96.64396,105.32908187638022,193.68896358166478,52.39754104614258,96.64395904541016
6_3010,0.0,0.0,55.234257,83.56443,108.7863199853013,163.07073082259555,55.234256744384766,83.5644302368164
6_3013,0.0,0.0,50.11645,91.80688,99.95527916658469,182.9833399008474,50.116451263427734,91.80687713623047
6_3017,0.0,0.0,67.05704,94.80634,128.3992996834093,181.17849784836227,67.05703735351562,94.80634307861328
6_3019,0.0,0.0,49.960163,91.56057,99.617564232104,182.4063890222478,49.96016311645508,91.5605697631836
4_0602,0.0,34.00659034928853,118.09709,273.3715,236.9448562471162,549.6148883855311,118.09709167480469,273.3714904785156
4_0113,0.0,201.58525942917385,115.6765,270.30692,230.32463452981568,537.8790083973201,115.67649841308594,270.3069152832031
4_0114,0.0,207.39074057288616,116.4613,271.89157,231.88089210553005,541.2672356254084,116.4613037109375,271.8915710449219
4_0115,0.0,168.5143105606885,115.165375,269.26907,229.3101745481217,535.6646137791976,115.16537475585938,269.2690734863281
4_0116,0.0,164.94688992624097,115.697815,270.3837,230.37085827240406,538.0105598044886,115.69781494140625,270.3836975097656
4_0117,0.0,169.8040464138419,115.16793,269.27454,229.31524368084365,535.6759437702199,115.16793060302734,269.2745361328125
4_0118,0.0,177.3479639751041,116.20883,271.40167,231.3819146855012,540.199430924607,116.20883178710938,271.40167236328125
4_0119,0.0,181.13036759106765,115.94128,270.8352,230.84887998466843,539.0142348817062,115.94127655029297,270.835205078125
4_0120,0.0,179.9094158291882,115.923065,270.79388,230.813818327994,538.9327531806703,115.92306518554688,270.79388427734375
4_0121,0.0,181.92171669248327,115.9314,270.81256,230.83098193219803,538.9717859308037,115.931396484375,270.81256103515625
4_0122,0.0,181.1068364389112,115.962585,270.90424,230.8945188447355,539.1376613381328,115.96258544921875,270.90423583984375
4_0123,0.0,180.81201729170465,115.66402,270.27066,230.2977172105221,537.8098657996834,115.66401672363281,270.2706604003906
4_0124,0.0,177.43747018595022,115.40564,269.74033,229.78482949796106,536.6848519777196,115.4056396484375,269.7403259277344
4_0160,0.0,177.93394776546268,115.199646,269.34665,229.3816250331413,535.8276043209058,115.19964599609375,269.3466491699219
4_0161,0.0,176.9982601255227,115.41913,269.80655,229.8150821191806,536.7884794163008,115.41912841796875,269.8065490722656
4_0162,0.0,178.68164996219352,115.4075,269.78128,229.79139241242544,536.7352860344332,115.40750122070312,269.7812805175781
4_0163,0.0,178.0997385131602,115.44615,269.8685,229.87212072933255,536.919120884263,115.44615173339844,269.8684997558594
4_0213,0.0,155.72329502608758,100.598885,232.38298,201.45631104459346,466.7518406753703,100.59888458251953,232.3829803466797
4_0214,0.0,145.85648098843225,99.35996,229.64317,198.952647478533,461.101822447021,99.3599624633789,229.64317321777344
4_0215,0.0,125.96805742891218,100.18174,231.40771,200.61647233838715,464.8024337124791,100.1817398071289,231.40771484375
4_0216,0.0,126.88246549386542,100.41973,231.95764,201.11064471487128,465.94039527429493,100.41973114013672,231.9576416015625
4_0217,0.0,115.71050546927071,99.58169,230.24736,199.39699348954258,462.219303021983,99.5816879272461,230.2473602294922
4_0218,0.0,155.57869803621676,108.40315,250.18675,217.51262938031311,503.58116820042136,108.40315246582031,250.18675231933594
4_0219,0.0,118.84231410023997,100.05095,231.27203,200.35935118610087,464.37672649537035,100.05094909667969,231.27203369140625
4_0220,0.0,122.00604554592854,99.87778,230.80376,200.01369601582653,463.510306375106,99.87777709960938,230.8037567138672
4_0221,0.0,119.36185302364302,100.06436,231.31517,200.38625362103735,464.451547973747,100.06436157226562,231.31517028808594
4_0222,0.0,124.19166574315545,99.86935,230.7835,199.99651153185008,463.4699507560541,99.86934661865234,230.7834930419922
4_0223,0.0,141.14409341248492,100.952034,233.07741,202.18961251527077,468.3162040983066,100.95203399658203,233.07740783691406
4_0224,0.0,127.00405355335342,100.15476,231.38995,200.57466313719598,464.74932886782284,100.1547622680664,231.38995361328125
4_0260,0.0,141.05408812630785,101.60897,234.84746,203.56527086616046,471.7483925290261,101.60897064208984,234.8474578857422
4_0261,0.0,118.16568798394258,101.536064,234.58173,203.4253366583627,471.32458311820625,101.53606414794922,234.58172607421875
4_0262,0.0,131.10095637745553,100.3332,231.80074,200.915942618028,465.5396018138898,100.33319854736328,231.8007354736328
4_0263,0.0,133.93836370483365,100.55594,232.3257,201.37876940981192,466.61587152115885,100.55593872070312,232.32569885253906
4_0264,0.0,130.72078901043432,100.29543,231.77196,200.8518681132108,465.4493810821813,100.2954330444336,231.77195739746094
4_0265,0.0,135.3457707906563,100.01982,231.19005,200.29369501241638,464.2178500778821,100.01982116699219,231.19004821777344
4_0266,0.0,137.24586466512307,100.0188,231.18758,200.2916296950118,464.212989892039,100.018798828125,231.1875762939453
4_0267,0.0,137.80877834878896,100.01514,231.17842,200.2841929745634,464.195166400063,100.01513671875,231.1784210205078
4_0268,0.0,115.063490329635,99.51976,230.06017,199.26903555423914,461.88268269792263,99.51976013183594,230.06016540527344
4_0502,0.0,35.4171793521339,121.193756,281.26315,242.50813370705012,563.7259087449647,121.19375610351562,281.2631530761719
4_0503,0.0,54.950454650364435,120.45199,278.64096,241.4952785332414,560.1462076689827,120.45198822021484,278.6409606933594
4_0504,0.0,31.430330944869127,120.09056,278.01794,240.75974025642532,558.6590915946254,120.09056091308594,278.0179443359375
4_0505,0.0,41.56270952312852,120.46087,278.66098,241.51335255698552,560.1874654148755,120.46086883544922,278.6609802246094
4_0506,0.0,42.339801706584325,120.46331,278.66586,241.51835191418095,560.1982374896663,120.46331024169922,278.6658630371094
4_0507,0.0,36.29512733491595,120.08386,278.0049,240.745980576504,558.6298068997478,120.0838623046875,278.0049133300781
4_0508,0.0,45.89239149593877,120.45978,278.65973,241.5111990138741,560.1837195444598,120.45977783203125,278.65972900390625
4_0509,0.0,47.3940326125734,120.46405,278.6673,241.5199167923576,560.2015460924026,120.46405029296875,278.66729736328125
4_0559,0.0,49.185487194393744,120.45552,278.65057,241.50241187906792,560.1641956612091,120.45552062988281,278.65057373046875
4_0560,0.0,19.60511101734008,120.010376,277.80334,240.5921334423468,558.2453596678633,120.0103759765625,277.8033447265625
4_0601,0.0,61.14006638666929,117.984436,273.1338,236.7116050137003,549.1021946391076,117.98443603515625,273.1337890625
4_0603,0.0,24.836174064245625,111.54205,257.08438,223.96076136209786,518.1250971223847,111.54205322265625,257.0843811035156
4_0604,0.0,8.013363861186036,112.21153,258.3984,225.3470756812161,521.0728603349564,112.21153259277344,258.3984069824219
4_0605,0.0,29.148618654519424,117.98129,273.0168,236.7538075472479,549.0484269568315,117.98129272460938,273.0168151855469
4_0606,0.0,1.6193936971440053,111.84236,257.69418,224.5887682632879,519.475671958383,111.84236145019531,257.6941833496094
4_0607,0.0,2.85284696885725,111.84126,257.6916,224.58648152109424,519.4703753323787,111.84126281738281,257.69158935546875
4_0608,0.0,7.744039158448686,112.15459,258.46866,225.21707361399427,520.9907723788957,112.15458679199219,258.4686584472656
4_0659,0.0,12.8872775240566,112.39416,258.92715,225.71037217957758,522.030199368416,112.39415740966797,258.9271545410156
4_0660,0.0,9.837034196091338,112.143456,258.4467,225.1940315738253,520.9416247122774,112.1434555053711,258.4466857910156
4_0661,0.0,18.80366658167239,112.22238,258.4228,225.36915534943103,521.1232831350081,112.22238159179688,258.42279052734375
4_0662,0.0,23.224991614257533,112.3419,258.66098,225.612703569753,521.6481143551297,112.34190368652344,258.6609802246094
4_0663,0.0,0.0,112.157135,258.46747,225.2218705984938,520.9952322613709,112.15713500976562,258.46746826171875
4_0664,0.0,10.15100995729037,111.80817,257.54117,224.50466344639543,519.2200743966271,111.80816650390625,257.5411682128906
4_0666,0.0,7.834265132431483,111.576416,257.10648,224.02692447267356,518.2227894736027,111.576416015625,257.1064758300781
4_0667,0.0,9.557836964037563,111.57527,257.1041,224.0245947551793,518.2176760480106,111.57527160644531,257.1040954589844
4_0668,0.0,11.28852844100328,111.57277,257.09903,224.01945149693344,518.2065502635379,111.57276916503906,257.0990295410156
4_0669,0.0,0.0,111.56882,257.08072,224.01132080037462,518.1786511329394,111.56881713867188,257.0807189941406
4_0902,0.0,156.3901019210208,115.39958,269.80057,229.79961920042587,536.782084572971,115.39958190917969,269.8005676269531
4_0903,0.0,173.30004307909314,115.018936,269.0569,229.04515926628636,535.1642818152978,115.01893615722656,269.056884765625
4_A310,0.0,0.0,36.856117,57.96826,74.12002405657438,116.28317165243243,36.856117248535156,57.96826171875
4_A320,0.0,0.0,36.859352,57.977478,74.1265250461903,116.29787627908345,36.859352111816406,57.97747802734375
4_A330,0.0,0.0,36.651653,57.530125,73.60248720152966,115.28367773323411,36.65165328979492,57.53012466430664
4_A901,0.0,173.42062928158376,36.4714,57.321194,73.3503553172061,115.035342781705,36.47140121459961,57.32119369506836
4_A902,0.0,140.1534172502664,36.13927,56.659763,72.68048155364346,113.8381837474397,36.1392707824707,56.65976333618164
4_A903,0.0,133.59594965376888,36.53278,57.44482,73.47340606279135,115.25647638168797,36.532779693603516,57.444820404052734
4_B310,0.0,0.0,53.757435,97.224464,108.13485136453473,196.23682700566104,53.7574348449707,97.2244644165039
4_B320,0.0,0.0,53.754017,97.21733,108.12814976273722,196.22378326166202,53.7540168762207,97.21733093261719
4_B330,0.0,0.0,53.766697,97.2353,108.15367759233885,196.26415876163406,53.76669692993164,97.23529815673828
4_B350,0.0,0.0,53.748516,97.21243,108.11686304490424,196.2085476357238,53.74851608276367,97.21243286132812
4_B901,0.0,0.0,52.729294,95.502304,105.23560447382857,191.2987570544248,52.72929382324219,95.50230407714844
4_B902,0.0,0.0,52.585167,95.25052,104.96176304293004,190.8118902776917,52.585166931152344,95.25051879882812
4_B903,0.0,0.0,52.599174,95.27427,104.990075000386,190.86163899491814,52.59917449951172,95.2742691040039
4_B959,0.0,0.0,52.25567,94.7167,104.29805272794698,189.67824637977552,52.25566864013672,94.7166976928711
4_B960,0.0,0.0,52.565517,95.21895,104.92208044894832,190.74514676926694,52.56551742553711,95.21894836425781
4_B961,0.0,0.0,52.592476,95.26229,104.9765403077045,190.83763974873773,52.59247589111328,95.26229095458984
4_B964,0.0,0.0,52.0677,94.35182,103.89699467671721,188.92299986980532,52.06769943237305,94.35182189941406
4_D310,0.0,0.0,45.32428,83.53755,90.51056423855127,166.5264165893421,45.32427978515625,83.53755187988281
4_D320,0.0,0.0,43.43637,79.772736,86.46574833133184,158.75411768148786,43.436370849609375,79.77273559570312
4_D330,0.0,0.0,45.32561,83.53684,90.51324418649529,166.52814793075777,45.32561111450195,83.5368423461914
4_D350,0.0,0.0,42.31098,77.77526,84.27349286742694,154.7952415727256,42.31098175048828,77.77526092529297
6_0505,0.0,18.55601782658991,111.31151,256.37857,223.52486307472617,516.8999641921564,111.31150817871094,256.3785705566406
6_0602,0.0,50.815451814937376,110.473434,254.61842,221.7979219390076,513.0789488610733,110.47343444824219,254.61842346191406
6_0603,0.0,5.714846419593243,109.76239,253.13884,220.33896288162927,509.8853697696159,109.76239013671875,253.1388397216797
6_0604,0.0,1.1467002100787056,109.25554,252.08556,219.29757291370936,507.60802513880486,109.25553894042969,252.08555603027344
6_0605,0.0,19.163278235654445,110.47121,254.62144,221.79336495520909,513.076602192965,110.47120666503906,254.62144470214844
6_0606,0.0,24.784633844425088,110.46736,254.61447,221.78550100261702,513.0603439197166,110.46736145019531,254.61447143554688
6_0607,0.0,22.581850240298593,110.464874,254.60732,221.78037085010902,513.047112391974,110.46487426757812,254.60731506347656
6_0608,0.0,10.39604020338922,109.51568,252.61046,219.83235170396267,508.7616159752734,109.51567840576172,252.61045837402344
6_0659,0.0,5.7015619619415645,109.48635,252.57541,219.7721548376161,508.656000833787,109.4863510131836,252.57540893554688
6_0660,0.0,6.122520400537184,109.48184,252.56607,219.7628905621455,508.6357917686551,109.48184204101562,252.56607055664062
6_0661,0.0,7.631951059546594,109.49347,252.59067,219.7868198352577,508.6885234917935,109.49346923828125,252.59066772460938
6_0662,0.0,18.472924546906967,109.758194,253.1629,220.3306496908893,509.9000077109115,109.75819396972656,253.16290283203125
6_0663,0.0,3.104448602333889,109.97127,253.59917,220.76821288327062,510.8500338731193,109.97126770019531,253.5991668701172
6_0664,0.0,0.0,109.25277,252.06789,219.29190741680137,507.5837132246506,109.25276947021484,252.06788635253906
6_A410,0.0,0.0,50.81262,93.56977,102.16697229350973,187.9215052311053,50.812618255615234,93.56977081298828
6_A412,0.0,5.758943298726962,47.812504,87.75023,95.92910682614215,176.1132460516904,47.812503814697266,87.75022888183594
6_A420,0.0,0.0,51.722927,95.11155,104.03738507730527,191.2277269745812,51.72292709350586,95.1115493774414
6_A421,0.0,56.84783551398033,51.727276,95.1034,104.04642458915538,191.22811515527405,51.72727584838867,95.10340118408203
6_A422,0.0,30.655777340463004,47.811882,87.746315,95.92789008691283,176.10822348584594,47.81188201904297,87.7463150024414
6_A423,0.0,61.1401269666204,51.649868,94.95791,103.88951229074016,190.9368113789559,51.64986801147461,94.9579086303711
6_A430,0.0,0.0,50.807545,93.55683,102.15668035637651,187.89896580558707,50.80754470825195,93.55683135986328
6_A441,0.0,53.05753421492281,50.894398,93.53144,102.35384671539508,188.0719357732239,50.8943977355957,93.53144073486328
6_A442,0.0,58.25592998160357,50.89307,93.528175,102.35115776910038,188.06616645898788,50.893070220947266,93.5281753540039
6_A443,0.0,39.00052250335668,50.891132,93.52955,102.34712212089387,188.06370233522935,50.89113235473633,93.52954864501953
8_0213,437.0,547.0959114015243,116.98219,271.70773,234.73645590292608,545.3752838049701,-320.01780700683594,-165.29226684570312
8_0214,437.0,515.8349275745813,116.98735,271.7294,234.74677934387532,545.4090128401967,-320.0126495361328,-165.27059936523438
8_0215,437.0,528.2289131705936,118.844826,276.10428,238.35110556473632,553.9663089290748,-318.1551742553711,-160.89572143554688
8_0216,437.0,518.233243676124,116.96935,271.68375,234.71088283345844,545.3213670496297,-320.03064727783203,-165.31625366210938
8_0217,437.0,545.0322382472525,120.27874,279.68753,241.1012199625368,560.7131462824098,-316.7212600708008,-157.31246948242188
8_0218,437.0,527.6527071164378,117.83202,273.79587,236.39039198599372,549.3838965720647,-319.16797637939453,-163.20413208007812
8_0219,437.0,531.3783173666814,117.29985,272.52478,235.36750382830292,546.9248954666241,-319.7001495361328,-164.4752197265625
8_0220,437.0,534.9663715587644,117.98764,274.21286,236.75783204853417,550.2435202724154,-319.0123596191406,-162.78713989257812
8_0221,437.0,531.1079347717316,118.78819,276.00934,238.22493657409632,553.7150471419327,-318.21180725097656,-160.99066162109375
8_0222,437.0,523.5992325689408,116.68089,270.99942,234.11665973391052,543.9317713344848,-320.31910705566406,-166.00057983398438
8_0223,437.0,524.611221136959,116.66919,270.96945,234.09360236864447,543.8749176738038,-320.330810546875,-166.03054809570312
8_0224,437.0,547.6491661378238,117.98482,274.20792,236.75212412316,550.2318458608414,-319.0151824951172,-162.79208374023438
8_0259,437.0,505.62403075928506,116.65461,270.92178,234.06427092770673,543.792936200714,-320.3453903198242,-166.07821655273438
8_0811,870.0,1107.4453098856425,101.420074,237.54344,202.000085809819,472.0587446704085,-768.5799255371094,-632.4565582275391
8_0812,870.0,1049.7814234311647,101.37927,237.4441,201.91415948336234,471.85678263589153,-768.6207275390625,-632.5558929443359
16_A310,0.0,25.872989652683543,34.121655,53.78164,68.08713946439255,106.83786033720651,34.12165451049805,53.781639099121094
16_A320,0.0,17.37103919976289,34.123894,53.784756,68.09153463156937,106.84436618670493,34.12389373779297,53.78475570678711
16_A330,0.0,20.887683626933438,34.124508,53.78551,68.09272167018396,106.84604341009235,34.124507904052734,53.7855110168457
16_A350,0.0,0.0,34.123837,53.78679,68.09135872497102,106.8462410546249,34.123836517333984,53.78678894042969
16_B310,0.0,0.0,36.61134,57.3101,73.66694446048126,115.31355183206068,36.6113395690918,57.31010055541992
16_B320,0.0,0.0,36.610035,57.30825,73.66423966586044,115.30955383221155,36.61003494262695,57.308250427246094
16_B330,0.0,0.8824225293837458,36.61133,57.309265,73.66691169299452,115.31272670399676,36.611328125,57.30926513671875
16_B350,0.0,0.0,36.609615,57.30805,73.66335393134491,115.30862193544401,36.609615325927734,57.308048248291016
30_0113,0.0,220.75517376826525,113.01146,265.22552,224.92746533969353,526.4577752795913,113.01145935058594,265.22552490234375
30_0114,0.0,186.92522476620064,99.5856,232.26433,198.51949614523613,462.76655331652216,99.58560180664062,232.2643280029297
30_0115,0.0,148.96287458896745,99.333954,231.6903,198.02929852435074,461.62787397749287,99.33395385742188,231.6903076171875
30_0116,0.0,190.25839949279637,112.85179,264.88254,224.60015865442034,525.7270045938684,112.85179138183594,264.8825378417969
30_0117,0.0,150.85329877575958,99.39676,231.85143,198.14977282873238,461.92704983288695,99.39675903320312,231.85142517089844
30_0118,0.0,170.13196903494696,112.88705,264.94913,224.6721378796738,525.8786840896807,112.88704681396484,264.9491271972656
30_0119,0.0,172.56267265749256,99.97254,233.1593,199.27572901487645,464.53399225503387,99.97254180908203,233.1593017578125
30_0120,0.0,225.02559036697664,113.52684,266.39697,225.92444084329912,528.7737245831186,113.52684020996094,266.39697265625
30_0121,0.0,190.40966728921993,113.418816,266.15335,225.7094236636436,528.2812776446472,113.41881561279297,266.1533508300781
30_0122,0.0,194.44238512823526,113.54149,266.43826,225.95411476716941,528.8499724791964,113.54148864746094,266.4382629394531
30_0123,0.0,175.49132742505947,99.883224,232.93166,199.10429928949947,464.10986981847327,99.88322448730469,232.93165588378906
30_0124,0.0,153.75492248197264,99.87949,232.9073,199.09721760549888,464.07741022207733,99.8794937133789,232.9073028564453
30_0502,0.0,97.08165059215303,120.693375,281.50436,240.868620644389,561.7042710159318,120.69337463378906,281.5043640136719
30_0503,0.0,76.33104773286153,120.54161,281.20667,240.531084496365,560.992602970339,120.54161071777344,281.2066650390625
30_0504,0.0,78.60120004007304,120.87499,281.92178,241.22222427236986,562.5285284453662,120.87499237060547,281.9217834472656
30_0505,0.0,68.51865665985933,120.18244,280.48175,239.84347530118484,559.4843514223828,120.18244171142578,280.48175048828125
30_0506,0.0,81.0454245933807,120.91117,281.9918,241.30024650206568,562.6928740004627,120.91117095947266,281.9917907714844
30_0507,0.0,82.45882920586651,120.871445,281.9139,241.21512093068958,562.5123608410395,120.87144470214844,281.9139099121094
30_0508,0.0,84.13219735529647,120.87828,281.9275,241.22893711872757,562.5421410112876,120.87828063964844,281.927490234375
30_0509,0.0,85.66237892965898,120.94752,282.06253,241.37726465275097,562.8559947624678,120.94751739501953,282.0625305175781
30_0560,0.0,75.51401163299221,120.632324,281.38962,240.73945320745707,561.4347167143046,120.63232421875,281.3896179199219
30_0561,0.0,53.468387395570005,120.63835,281.3927,240.7515155848143,561.451866558845,120.63835144042969,281.3927001953125
30_0805,0.0,136.18084079294113,88.548134,206.03401,176.86181526357547,411.6239709346887,88.54813385009766,206.0340118408203
30_0806,0.0,76.00763005242378,88.546394,206.02727,176.85835206093557,411.61321287980707,88.54639434814453,206.0272674560547
32_0101,1116.0,534.5364847479207,120.83374,281.11792,241.85890680369536,562.8638032642123,-995.166259765625,-834.882080078125
32_0102,1116.0,536.6189252653699,121.66197,283.4855,243.2379488015222,566.6995793094198,-994.3380279541016,-832.5144958496094
32_0103,1116.0,505.4136969208181,121.67357,283.5237,243.26004521570127,566.7630226373175,-994.3264312744141,-832.4762878417969
32_0104,1116.0,506.5633495041724,121.07011,281.6915,242.33492994094448,563.9949091955584,-994.9298934936523,-834.3085021972656
32_0105,1116.0,499.69897508799716,121.66751,283.5037,243.2491278446654,566.7308873490218,-994.3324890136719,-832.4963073730469
32_0106,1116.0,508.25779659416605,121.13062,281.8349,242.4592671717238,564.2852416507994,-994.8693771362305,-834.1651000976562
32_0107,1116.0,514.8210729819431,121.481155,282.6759,243.17108971972232,565.9638040962097,-994.5188446044922,-833.3240966796875
32_0108,1116.0,523.2216190848327,121.8136,283.41174,243.83522351088726,567.4741348292162,-994.1864013671875,-832.5882568359375
32_0109,1116.0,524.7168068260096,121.81267,283.4097,243.83335623293257,567.4699086657299,-994.1873321533203,-832.5903015136719
32_0112,1178.0,495.6010380567051,121.251755,282.1221,242.7085514066451,564.8680802633467,-1056.7482452392578,-895.8778991699219
32_0201,1116.0,539.0686831104317,122.138985,284.71048,244.1014447170954,568.8847052342485,-993.8610153198242,-831.2895202636719
32_0202,1116.0,520.5521955090093,115.61917,270.90207,230.33143803076018,538.5756471924565,-1000.3808288574219,-845.0979309082031
32_0203,1116.0,511.23114561259547,122.376205,285.22855,244.57913593694903,569.9621289211543,-993.6237945556641,-830.7714538574219
32_0204,1116.0,516.3865197139928,122.497826,285.48923,244.81718430368915,570.4974543622086,-993.5021743774414,-830.5107727050781
32_0205,1116.0,510.8649029673355,122.13049,284.70206,244.08286599204814,568.8537249177951,-993.8695068359375,-831.2979431152344
32_0206,1147.0,478.6891736692676,115.487366,270.61752,230.0692820569405,537.985644298605,-1031.5126342773438,-876.3824768066406
32_0207,1116.0,519.1028746869927,122.510185,285.51804,244.84177006344996,570.5548960813954,-993.4898147583008,-830.4819641113281
32_0208,1116.0,520.3550566962374,122.50583,285.50784,244.8330485208749,570.534525934368,-993.4941711425781,-830.4921569824219
32_0211,1147.0,516.1912744294694,122.14413,284.72482,244.1138460837972,568.9146567837574,-1024.8558731079102,-862.2751770019531
32_0259,1147.0,496.858317427477,122.11251,284.642,244.0502259923203,568.7573373687021,-1024.8874893188477,-862.3580017089844
49_0803,0.0,142.86148970331695,89.491844,207.88861,178.76725574131973,415.68843022991206,89.4918441772461,207.88861083984375
49_0804,0.0,91.94681003700917,89.87416,208.71297,179.52932594782433,417.3924424322346,89.87416076660156,208.7129669189453
49_C410,0.0,139.6058835258681,52.405457,98.43639,105.46723473520858,196.1206132950379,52.40545654296875,98.43639373779297
49_C430,0.0,110.85714382447634,54.060917,102.03336,108.93788780648553,203.213376519975,54.060916900634766,102.03336334228516
49_C431,0.0,115.79920142529448,54.06094,102.03239,108.93820471214022,203.21305457421772,54.06093978881836,102.03238677978516
49_C440,0.0,155.10075874229213,52.39944,98.41338,105.4548315153375,196.08520796216283,52.39944076538086,98.41338348388672
49_C443,0.0,177.21777413864348,53.9259,101.71532,108.66343016205067,202.63536444520642,53.925899505615234,101.71531677246094
49_C444,0.0,163.2863727475254,53.04788,99.74051,106.89056111985914,198.95097954267712,53.04787826538086,99.74050903320312
49_C445,0.0,177.65095080313216,53.886406,101.61048,108.62363818306508,202.5281195777576,53.88640594482422,101.61048126220703
49_C446,0.0,186.55052370689103,53.887074,101.609726,108.6250230610531,202.5286872297971,53.8870735168457,101.60972595214844
49_C449,0.0,178.7485641816346,53.050022,99.75042,106.87687735963576,198.9078234943668,53.05002212524414,99.75041961669922
49_C450,0.0,202.4582338275188,53.887043,101.60703,108.62496936422282,202.52593771629574,53.88704299926758,101.6070327758789
49_C451,0.0,193.97383658680022,53.049072,99.73767,106.89311568835922,198.95072895008144,53.049072265625,99.7376708984375
49_C452,0.0,176.91027918182178,53.047924,99.73902,106.89063091857135,198.94953235141531,53.04792404174805,99.73902130126953
49_C453,0.0,179.78549514929622,52.404316,98.42004,105.46513172723266,196.1024273532786,52.40431594848633,98.42003631591797
49_C454,0.0,184.34588325204717,52.405373,98.42145,105.46721912295737,196.1057493305088,52.405372619628906,98.42144775390625
49_C455,0.0,167.262368266283,52.40379,98.42162,105.46382203205214,196.10240137437293,52.40378952026367,98.42162322998047
49_C456,0.0,155.942816467711,52.166855,97.804405,105.03088826676154,195.11156500360454,52.16685485839844,97.80440521240234
49_C457,0.0,154.51274532152667,52.17338,97.81817,105.04453236703877,195.13902824154258,52.17338180541992,97.81816864013672
49_E430,0.0,118.31918115231171,37.634304,59.90111,75.64764934824177,119.3796901163837,37.63430404663086,59.9011116027832
49_E431,0.0,121.92231682104021,37.63694,59.90664,75.65311916710353,119.38983024624522,37.636940002441406,59.906639099121094
49_E440,0.0,151.40140517637283,37.62563,59.86228,75.64224281684649,119.3461928536388,37.62562942504883,59.862281799316406
49_E441,0.0,133.1308780331986,37.901943,60.50337,76.20204061350802,120.44693309908985,37.90194320678711,60.50336837768555
49_E443,0.0,131.6911105445335,37.638454,59.908962,75.65626764136157,119.39482507026975,37.63845443725586,59.90896224975586
49_E444,0.0,148.55052070857795,38.163017,61.10056,76.74250894214629,121.49625806204918,38.16301727294922,61.10055923461914
49_E445,0.0,138.86820718343,38.058468,60.785923,76.54541303849251,121.0252804334657,38.058467864990234,60.78592300415039
49_E446,0.0,137.13828427381392,37.76065,60.161076,75.91897211701327,119.87794562985383,37.760650634765625,60.161075592041016
49_E450,0.0,139.68304695342215,37.626423,59.85278,75.64304512229374,119.33831198338243,37.62642288208008,59.852779388427734
49_E451,0.0,149.18555325748972,37.901928,60.501762,76.20202054690401,120.44531610281052,37.90192794799805,60.50176239013672
49_E452,0.0,176.939011082246,38.03202,60.7898,76.47156016687101,120.95897142551947,38.032020568847656,60.789798736572266
49_E454,0.0,125.90824770531084,37.631165,59.877537,75.64820307183567,119.36391960976074,37.63116455078125,59.87753677368164
49_E455,0.0,126.98946981753814,37.638462,59.909767,75.6562635600457,119.39561231730347,37.63846206665039,59.909767150878906
49_E456,0.0,146.88066676710505,37.66563,59.888897,75.73182557798748,119.4464762459424,37.66563034057617,59.88889694213867
49_E458,0.0,150.19098657640575,37.664616,59.886364,75.72971186930289,119.44213996151511,37.664615631103516,59.8863639831543
49_E459,0.0,155.4045441595435,37.66469,59.88595,75.72985788537197,119.44184276859269,37.66468811035156,59.885948181152344
49_E460,0.0,156.58530988916695,37.662285,59.880554,75.7248371000365,119.43219074346648,37.66228485107422,59.88055419921875
49_E461,0.0,164.3599807345151,37.79748,60.199955,76.00455978579059,119.98569831581332,37.797481536865234,60.199954986572266
49_E462,0.0,141.3654711143246,37.66567,59.88976,75.73188024836439,119.44736698477915,37.66566848754883,59.8897590637207
53_0201,0.0,246.086484152296,121.331856,282.0612,243.12593370168963,565.4189376503429,121.33185577392578,282.0611877441406
53_0202,0.0,205.98142338375692,120.41674,279.91098,241.27725648950442,561.1008491796358,120.41674041748047,279.9109802246094
53_0203,0.0,214.43217828549268,120.40827,279.88882,241.26350212546146,561.0640781797639,120.40827178955078,279.8888244628906
53_0204,0.0,217.73388923338945,121.33095,282.06357,243.12668361647837,565.4233842150455,121.33094787597656,282.0635681152344
53_0205,0.0,207.245199908084,120.419815,279.9341,241.28362498978038,561.1316013560904,120.41981506347656,279.9341125488281
53_0206,0.0,208.96237726525143,120.41048,279.9112,241.2648949662757,561.0867585410947,120.41047668457031,279.91119384765625
53_0207,0.0,210.35539728472676,120.399895,279.88235,241.2462529043499,561.0373041215768,120.39989471435547,279.8823547363281
53_0208,0.0,211.6972745861469,120.412735,279.9127,241.272229170485,561.0981316290455,120.41273498535156,279.9126892089844
53_0209,0.0,225.1823299561741,121.33403,282.07266,243.130754336529,565.4362473151068,121.33403015136719,282.0726623535156
53_0210,0.0,212.26292064115566,120.419876,279.9179,241.28357552937146,561.1151720781806,120.41987609863281,279.91790771484375
53_0211,0.0,227.93867280072442,121.32645,282.05115,243.11787316117594,565.4007388005593,121.32644653320312,282.0511474609375
53_0212,0.0,228.91370954612245,121.33182,282.06396,243.12842887095982,565.4258119784951,121.33181762695312,282.06396484375
53_0259,0.0,201.93777879102842,120.402916,279.86612,241.25208267854018,561.0277009192612,120.40291595458984,279.8661193847656
53_0801,1277.0,448.5248540145798,88.60724,206.35713,176.9737864758522,412.0740873271434,-1188.3927612304688,-1070.6428680419922
53_0802,1277.0,385.13361856378043,88.60722,206.35133,176.97377118527018,412.0682769059832,-1188.3927764892578,-1070.648666381836
53_A809,0.0,0.0,44.73965,91.187775,84.93917758433105,169.73270224955036,44.73965072631836,91.18777465820312
53_A810,0.0,0.0,44.68155,90.735176,84.87772767420469,169.25402153017194,44.681549072265625,90.73517608642578
6_0501,0.0,40.34798453646505,110.825935,255.38756,222.52294921831626,514.728970259119,110.82593536376953,255.38755798339844
6_0502,0.0,9.090698348875833,110.83603,255.41835,222.5436914797104,514.7841954968798,110.83602905273438,255.41835021972656
6_0503,0.0,46.63873332665818,118.16994,273.8229,237.02720115987012,550.1406408544756,118.16993713378906,273.8229064941406
6_0504,0.0,14.689726523291682,111.0793,255.91164,223.04567710921586,515.8687157668613,111.07929992675781,255.91163635253906
6_0506,0.0,24.2098002240366,111.5485,256.82092,224.01368735531832,517.9179379157513,111.54850006103516,256.8209228515625
6_0507,0.0,25.726121459158804,111.55011,256.82446,224.0170006385983,517.925398665713,111.55010986328125,256.824462890625
6_0508,0.0,27.210596194952274,111.54886,256.82184,224.0144258294249,517.9197451187246,111.54885864257812,256.82183837890625
6_0509,0.0,28.74467193197782,111.5418,256.80615,223.99995411682133,517.8869678862534,111.54180145263672,256.80615234375
6_0559,0.0,42.586775641121335,110.771965,255.18138,222.40836068490376,514.386812944165,110.77196502685547,255.18138122558594
6_0561,0.0,23.796848976239914,111.37467,256.3479,223.64924235309755,517.0145176576798,111.37467193603516,256.347900390625
6_0563,0.0,17.86777014818412,110.9333,255.49336,222.73863523900104,515.087645750178,110.93329620361328,255.4933624267578
6_0565,0.0,20.12063411513944,110.940155,255.50586,222.75279810077447,515.116800428515,110.94015502929688,255.505859375
6_0566,0.0,17.374724261990053,110.7904,255.22713,222.4464376265685,514.4774356343079,110.79039764404297,255.2271270751953
6_0567,0.0,18.768702537722078,110.78716,255.21967,222.439745082025,514.4620507826302,110.78716278076172,255.21966552734375
6_0569,0.0,22.932685585846258,111.11783,255.98894,223.12652004108216,516.0418732527361,111.11782836914062,255.9889373779297
6_0570,0.0,24.48885191293195,111.106995,255.97638,223.10557182866637,516.005150295618,111.10699462890625,255.97637939453125
6_0571,0.0,3.9402304055465436,111.01686,255.77698,222.9169824526178,515.5834807321216,111.01686096191406,255.7769775390625
16_C310,0.0,0.0,46.552387,86.65797,93.09880776226463,172.18898597950857,46.55238723754883,86.65796661376953
16_C320,0.0,0.0,46.55237,86.65662,93.09878012521928,172.18761459736174,46.5523681640625,86.6566162109375
16_C330,0.0,0.0,46.553707,86.65766,93.10142894972516,172.1911226805038,46.553707122802734,86.65766143798828
16_C350,0.0,0.0,46.547768,86.65147,93.08963147941503,172.1739029691847,46.547767639160156,86.6514663696289
32_A410,0.0,4.986084203203745,55.594727,100.605896,112.51279476561578,204.49494986243883,55.5947265625,100.60589599609375
32_A420,0.0,0.0,55.34402,100.16726,111.97620282284856,203.5401031048438,55.34402084350586,100.1672592163086
32_A430,0.0,0.0,54.862225,99.42306,110.92071837668684,201.77303766100584,54.86222457885742,99.42305755615234
56_A310,0.0,0.0,38.36693,42.678432,76.45031555885456,84.72439747524746,38.36692810058594,42.67843246459961
56_A320,0.0,0.0,38.383625,42.68751,76.4822501612574,84.75119361881994,38.38362503051758,42.6875114440918
56_A330,0.0,0.0,38.38628,42.683075,76.48804699392927,84.74999588634128,38.38628005981445,42.683074951171875
56_A350,0.0,0.0,38.364815,42.65363,76.44486486737395,84.69743353753623,38.36481475830078,42.653629302978516
56_A363,0.0,0.0,38.365402,42.654945,76.44651411807357,84.69876760687788,38.36540222167969,42.654945373535156
56_B310,1675.0,2858.9189505766362,131.22984,331.62195,238.95270690825532,585.5264696177411,-1543.7701568603516,-1343.3780517578125
56_B320,1675.0,2896.5345039245276,137.55219,350.49124,248.79608454015897,614.9972087781555,-1537.4478149414062,-1324.5087585449219
56_B330,1675.0,2935.2091130351982,137.61545,350.71765,248.9023355827155,615.3391284120537,-1537.3845520019531,-1324.2823486328125
56_B350,1675.0,2975.779593394409,137.62051,350.7263,248.91149065691036,615.3586498288212,-1537.3794860839844,-1324.2737121582031
56_B360,1675.0,2981.5152210553033,137.41296,349.94687,248.5650214042176,614.2056470854338,-1537.5870361328125,-1325.0531311035156
32_0110,1178.0,526.9502748545665,121.80922,283.40146,243.8264024336242,567.4535131330331,-1056.1907806396484,-894.5985412597656
32_0111,1147.0,513.141927022806,121.01754,281.57553,242.23674106163077,563.7689403560211,-1025.9824600219727,-865.4244689941406
32_0209,1178.0,514.2710616969637,122.138405,284.72055,244.09885324184566,568.8909888213519,-1055.8615951538086,-893.2794494628906
32_0210,1116.0,493.44563339274873,121.802826,283.91522,243.42196116663962,567.2910461274923,-994.1971740722656,-832.0847778320312
49_C441,0.0,183.25245087671496,52.403545,98.417816,105.4633793033424,196.09819976690343,52.40354537963867,98.41781616210938
49_C447,0.0,190.33079200384856,53.04999,99.74899,106.87682689026568,198.90635473492102,53.049991607666016,99.74899291992188
49_C448,0.0,194.63007608977955,53.04758,99.74285,106.87174069156626,198.89502426219383,53.04758071899414,99.74285125732422
49_C458,0.0,170.2489885705108,52.177555,97.82542,105.05324166377234,195.15502831313864,52.177555084228516,97.8254165649414
49_E410,0.0,171.63181282052653,37.637386,59.908535,75.6540186334679,119.39246697142826,37.637386322021484,59.90853500366211
49_E448,0.0,159.7572125847265,38.14316,60.97713,76.72133636658376,121.36569988965898,38.14316177368164,60.97713088989258
49_E449,0.0,161.69040396474333,37.928993,60.49315,76.27696412018733,120.50689983247328,37.928993225097656,60.49314880371094
6_0568,0.0,0.0,110.78119,255.196,222.42740838934554,514.4238556236583,110.78118896484375,255.1959991455078
6_A411,0.0,32.83624073159615,47.811634,87.75192,95.92726896276179,176.1131789043095,47.8116340637207,87.75192260742188
4_0665,0.0,11.389413342942078,111.57608,257.1062,224.02620691010384,518.2216713849932,111.57608032226562,257.106201171875
6_A805,61.0,337.05747061992037,39.92534,75.807304,77.02744708885211,142.69252783764807,-21.074661254882812,14.807304382324219
6_A806,61.0,348.58094131513246,39.87825,75.179695,76.99242704310754,142.06356308151874,-21.121749877929688,14.179695129394531
6_0811,123.0,1334.4443864677894,89.30928,208.25905,178.3925355626297,415.6315623924519,-33.69071960449219,85.25904846191406
6_0812,123.0,1277.7185878709427,89.229126,208.06534,178.22999155965056,415.24812620590666,-33.7708740234375,85.06533813476562
6_0203,360.0,448.07531797872673,106.93533,247.34558,214.49205995242295,497.1688219749901,-253.06466674804688,-112.6544189453125
6_0211,480.0,410.0339747417937,103.58536,239.76042,207.62276437274437,481.47002911995344,-376.4146423339844,-240.2395782470703
6_0207,450.0,434.46657792173426,106.950714,247.37929,214.52349335856698,497.23954000670034,-343.0492858886719,-202.62071228027344
6_0206,450.0,428.8670291263744,103.59714,239.80162,207.64673364427858,481.53935119786547,-346.4028625488281,-210.19837951660156
6_0210,420.0,436.3994966898415,103.939316,240.60146,208.33372272655197,483.1373391056805,-316.06068420410156,-179.39854431152344
6_0202,510.0,460.79086286688,105.03134,243.18022,210.53964001194214,488.2881938388939,-404.9686584472656,-266.8197784423828
6_0204,480.0,469.8630217371331,108.97504,252.02263,218.63665614232525,506.70648934556164,-371.02496337890625,-227.9773712158203
6_0212,450.0,421.6458235297314,104.0502,240.95534,208.54910137142247,483.73715560118745,-345.9497985839844,-209.04466247558594
6_0208,420.0,436.8539531899095,103.78327,240.33363,208.009079463048,482.48562155911,-316.2167282104492,-179.66636657714844
6_0205,420.0,436.42317426109366,103.79006,240.34895,208.02305730429532,482.5174880975949,-316.2099380493164,-179.6510467529297
6_0209,390.0,438.5227873148516,103.78157,240.32796,208.00577907778273,482.47621196433,-286.2184295654297,-149.6720428466797
6_0201,510.0,480.2535983307537,107.949905,249.66489,216.5601375280882,501.9249739185173,-402.0500946044922,-260.3351135253906
6_A361,0.0,0.0,34.51076,54.59027,68.77166642065895,108.16568596784072,34.51076126098633,54.59027099609375
6_A362,0.0,0.0,34.52247,54.611797,68.79443297461475,108.2050035462461,34.52246856689453,54.61179733276367
6_A363,0.0,0.0,34.535587,54.63643,68.82053245497755,108.25026461527072,34.535587310791016,54.63642883300781
6_A353,0.0,0.0,34.54154,54.645317,68.83208173272484,108.26823514593792,34.54153823852539,54.64531707763672
6_A352,0.0,0.0,34.711796,54.967983,69.16322583212431,108.84879391935533,34.711795806884766,54.96798324584961
6_A340,0.0,10.019009114922227,35.334366,56.186314,70.3763166112532,111.00998489431726,35.33436584472656,56.18631362915039
6_A310,0.0,13.023112763051728,35.329563,56.1814,70.36642363658295,110.99711258199775,35.32956314086914,56.181400299072266
6_A311,0.0,3.462378181393234,35.322567,56.167934,70.35242419369618,110.97255372178626,35.322566986083984,56.16793441772461
6_A330,0.0,11.479357035182915,35.33389,56.185,70.37540223223615,111.00793610761085,35.33388900756836,56.185001373291016
6_A350,0.0,4.063887188628428,34.672607,54.88435,69.08803771516773,108.70515095799573,34.672607421875,54.88434982299805
6_A351,0.0,0.0,34.499332,54.552334,68.7504772275961,108.10963968803556,34.499332427978516,54.55233383178711
6_A320,0.0,0.0,34.502262,54.555103,68.75686941939429,108.11767268026207,34.502262115478516,54.55510330200195
6_A321,0.0,0.0,34.493114,54.53944,68.73848571700833,108.08739291545528,34.49311447143555,54.5394401550293
8_A410,1952.0,1414.4899172059556,36.62735,60.813377,73.28904868740918,118.69630046593375,-1915.3726501464844,-1891.186622619629
8_A411,1952.0,1384.3780256992343,36.630123,60.81764,73.29448527774109,118.70529712536805,-1915.3698768615723,-1891.1823616027832
8_A412,1952.0,1391.37841433581,36.942608,61.73188,73.90405852538235,120.14541308337812,-1915.0573921203613,-1890.2681198120117
8_A413,1952.0,1390.5073650900151,36.93973,61.710453,73.89979980864402,120.12093052488336,-1915.0602684020996,-1890.2895469665527
8_A414,1952.0,1387.8855132161716,36.626858,60.802456,73.29011885324601,118.68730541544033,-1915.3731422424316,-1891.1975440979004
8_A415,1952.0,1391.2484082169685,36.624405,60.79513,73.2853484969022,118.67579338577971,-1915.3755950927734,-1891.2048683166504
8_A430,1952.0,1393.4410326437696,36.624813,60.80127,73.28415253395697,118.6800158427777,-1915.375186920166,-1891.19873046875
8_A431,1952.0,1402.0379057024563,37.094032,62.153614,74.20102956547169,120.82174155486955,-1914.9059677124023,-1889.8463859558105
8_A441,1952.0,1398.6201871197038,36.629055,60.812866,73.29242198197814,118.69873624135917,-1915.3709449768066,-1891.1871337890625
8_A442,1952.0,1400.9712797643006,36.630463,60.816208,73.29515565800966,118.70448665061286,-1915.3695373535156,-1891.1837921142578
8_A443,1952.0,1413.5313671576687,37.096638,62.17869,74.20500373370191,120.84973929113342,-1914.90336227417,-1889.8213081359863
8_A444,1952.0,1405.681826400661,36.78388,61.24947,73.59603421400817,119.39879538530563,-1915.216121673584,-1890.75053024292
8_A445,1952.0,1404.0403448960583,36.626488,60.799194,73.2894179154746,118.68341349428249,-1915.3735122680664,-1891.2008056640625
8_A446,1952.0,1407.1678412786653,36.622665,60.787712,73.28197277226519,118.66546660316783,-1915.3773345947266,-1891.212287902832
8_A451,1952.0,1414.7692258989825,36.787098,61.269287,73.60066411476886,119.42184890947888,-1915.2129020690918,-1890.730712890625
8_A452,1952.0,1441.730411783535,37.85642,64.41798,75.68981027377487,124.35075530871072,-1914.1435813903809,-1887.5820236206055
8_A455,1952.0,1389.1202231660302,36.620224,60.78314,73.27718675367694,118.65676006188016,-1915.3797760009766,-1891.2168617248535
4_0501,0.0,63.08570256527409,121.11125,281.40524,242.21884878401372,563.4669030231244,121.11125183105469,281.4052429199219
4_7079,0.0,1645.7297146048395,73.30214,111.20412,139.44859048224703,206.5493150938346,73.30213928222656,111.20411682128906
30_0901,0.0,194.0667866427966,113.87976,267.1657,226.65423608288364,530.4123332416409,113.8797607421875,267.16571044921875
30_0902,0.0,193.68989423867689,113.886826,267.1837,226.66742724537892,530.4450492092192,113.88682556152344,267.1836853027344
30_0903,0.0,172.8137361542692,113.881805,267.1605,226.6575797196068,530.4104984962555,113.88180541992188,267.1604919433594
1_A330,0.0,51.03711217231495,70.78506,97.81672,142.16913562271236,200.86847457068205,70.7850570678711,97.81671905517578
1_A340,0.0,72.48120243790822,70.772896,97.79011,142.14461702000673,200.823279530777,70.77289581298828,97.79010772705078
5_A410,0.0,4.535314168363925,61.702274,87.12353,122.63638017841222,176.1946397805531,61.702274322509766,87.12352752685547
5_A430,0.0,0.0,61.693333,87.117195,122.61880466009406,176.17642790542322,61.69333267211914,87.11719512939453
12_C310,0.0,11.002967702176448,44.70209,47.230633,89.90304183772717,96.88837097362807,44.702091217041016,47.23063278198242
12_C320,0.0,25.876524949384276,44.72007,47.234837,89.94187381227647,96.91358046993452,44.720069885253906,47.23483657836914
12_C321,0.0,39.41045296660289,44.713093,47.2261,89.92697962480403,96.8968110632541,44.71309280395508,47.22610092163086
12_C330,0.0,52.21918335551055,44.719967,47.22503,89.94185327836942,96.90378341954646,44.719966888427734,47.22502899169922
12_C350,0.0,31.94862070206659,44.70251,47.224224,89.90382405274121,96.88226511729792,44.702510833740234,47.22422409057617
28_0501,0.0,121.20793226090544,119.43939,276.95587,239.5294363102989,556.1913551791217,119.43939208984375,276.95587158203125
28_0502,0.0,101.85203760238963,119.691696,277.48587,240.04267989091494,557.3246896291129,119.69169616699219,277.4858703613281
28_0503,0.0,102.2165278271473,119.692505,277.4892,240.0430663660323,557.3279708325684,119.6925048828125,277.48919677734375
28_0504,0.0,100.84661106065924,119.695465,277.4953,240.04862862196904,557.3404402650237,119.69546508789062,277.49530029296875
28_0505,0.0,105.05696530156249,119.69562,277.49496,240.05005925619088,557.3422278637925,119.69561767578125,277.4949645996094
28_0506,0.0,106.4393398459006,119.68351,277.46448,240.02765582661428,557.2862482637577,119.68350982666016,277.4644775390625
28_0507,0.0,99.986623403141,119.69138,277.48383,240.04041716299298,557.3193595306552,119.6913833618164,277.48382568359375
28_0508,0.0,114.35970193897973,120.81596,280.96536,241.74648412684604,562.5400568037587,120.81596374511719,280.9653625488281
28_0509,0.0,109.48587533825888,119.687,277.47174,240.03414309621792,557.3009058040309,119.68699645996094,277.47174072265625
28_0560,0.0,84.80306135532618,119.45744,276.9918,239.56484616611033,556.2683701210703,119.45744323730469,276.9917907714844
28_0805,31.0,503.81277018953205,89.0753,207.3474,177.93216751025122,414.1863483753473,58.07530212402344,176.34739685058594
28_0806,31.0,442.67629387152965,89.06732,207.32774,177.9161000006581,414.14806312821503,58.06732177734375,176.32774353027344
28_0959,0.0,75.6598398741179,114.18667,264.37567,229.178393919057,531.5343837679443,114.1866683959961,264.37567138671875
28_A320,0.0,36.46465985362951,36.968937,57.122433,74.33330235553302,115.46716302400193,36.968936920166016,57.122432708740234
28_A350,0.0,17.430384244715015,36.967567,57.122135,74.33043702449345,115.46458397902674,36.967567443847656,57.122135162353516
47_C310,0.0,0.0,50.53893,90.76385,100.97919529935825,182.72332577210295,50.5389289855957,90.76384735107422
47_C311,0.0,0.0,49.716698,89.25172,99.27086345025165,179.59095505810825,49.716697692871094,89.25171661376953
47_C320,0.0,0.0,50.535603,90.75102,100.97240985986093,182.70382063509564,50.53560256958008,90.75102233886719
47_C330,0.0,0.0,50.529957,90.73914,100.96077859739718,182.68109922669987,50.52995681762695,90.73914337158203
47_C350,0.0,0.0,50.532406,90.74499,100.96573711622865,182.6913587633975,50.532405853271484,90.74498748779297
48_D310,0.0,0.0,52.309383,95.5931,105.28365338574861,192.70268709124505,52.309383392333984,95.59310150146484
48_D320,0.0,0.0,52.31452,95.60073,105.2940852434708,192.71993930600996,52.31452178955078,95.6007308959961
48_D330,0.0,0.0,51.689983,94.55157,104.01994714346168,190.50855209162123,51.68998336791992,94.55156707763672
48_D350,0.0,0.0,52.31153,95.599045,105.28791190443387,192.71249694445638,52.31153106689453,95.59904479980469
48_F310,0.0,83.53635996308235,45.204723,52.51299,90.06937471851272,103.43088329197171,45.2047233581543,52.51298904418945
48_F320,0.0,96.304181360953,45.28149,52.615993,90.22432085200155,103.62316186003386,45.281490325927734,52.61599349975586
48_F330,0.0,108.57809034573681,45.280445,52.60925,90.22229750716428,103.61511546081688,45.28044509887695,52.609249114990234
48_F340,0.0,109.62862714260022,45.27394,52.59939,90.20894363198707,103.59700908748455,45.27394104003906,52.599388122558594
48_F350,0.0,98.92784907329171,44.47115,50.55232,88.79085130446585,100.3465350292152,44.47114944458008,50.55231857299805
48_H351,0.0,0.0,46.108837,50.10159,92.34225593257264,101.30469736652557,46.10883712768555,50.10158920288086
48_I310,0.0,22.52247789591877,36.74309,56.8661,73.7673730656938,114.61685286155844,36.74309158325195,56.8661003112793
48_I320,0.0,0.0,34.424183,53.226543,68.78506964341989,106.72154907331735,34.4241828918457,53.22654342651367
48_I330,0.0,0.0,36.748257,56.874855,73.77869260672666,114.63541023302349,36.74825668334961,56.874855041503906
48_I340,0.0,2.589741849600614,36.74777,56.87283,73.77776145684017,114.63269880708111,36.74776840209961,56.87282943725586
48_I350,0.0,0.0,36.74068,56.866734,73.76259004495722,114.61380789356933,36.74068069458008,56.86673355102539
48_J310,0.0,0.0,35.58176,55.090202,71.1932599301403,110.65396984799995,35.58176040649414,55.09020233154297
48_J320,0.0,0.0,35.586758,55.096035,71.20330230539777,110.66756537252343,35.58675765991211,55.09603500366211
48_J330,0.0,0.0,35.58901,55.0984,71.20779567831812,110.67337420057271,35.58900833129883,55.0984001159668
48_J340,0.0,0.0,35.58946,55.09831,71.2087038085808,110.67398521319275,35.58945846557617,55.09830856323242
48_J350,0.0,0.0,35.58584,55.09285,71.20147660144009,110.66298385980124,35.585838317871094,55.09284973144531
48_J351,0.0,0.0,35.568386,55.07207,71.16660286082336,110.61545345342981,35.56838607788086,55.07207107543945
48_K351,0.0,71.33233466586941,51.815105,55.832737,104.39087169345822,112.18955945518391,51.81510543823242,55.83273696899414
48_M310,0.0,0.0,37.26984,57.366306,74.9066110423745,116.0858510453593,37.269840240478516,57.36630630493164
48_M320,0.0,0.0,37.271893,57.36787,74.91092405052092,116.09090328911624,37.27189254760742,57.36787033081055
48_M330,0.0,0.0,37.27129,57.366634,74.90958719142729,116.08849076324223,37.27128982543945,57.366634368896484
48_M340,0.0,0.0,37.27075,57.36457,74.90859812076441,116.08580671906614,37.270748138427734,57.36457061767578
48_M350,0.0,0.0,37.267952,57.36343,74.90283895220036,116.0801774453534,37.26795196533203,57.36343002319336
48_N310,0.0,0.0,36.830074,56.95959,74.1034763632027,115.22834675442749,36.830074310302734,56.959590911865234
48_N320,0.0,0.0,36.832047,56.95995,74.10757034009764,115.23192875557532,36.83204650878906,56.9599494934082
48_N330,0.0,0.0,36.83235,56.959644,74.10823031806763,115.23214929447876,36.83235168457031,56.95964431762695
48_N340,0.0,0.0,36.831657,56.958282,74.10681082057613,115.22966743099032,36.83165740966797,56.958282470703125
48_N350,0.0,0.0,36.824245,56.95188,74.09164866697904,115.21137722208955,36.82424545288086,56.951881408691406
48_Q353,0.0,0.0,37.312805,57.56131,75.08184316585503,116.55983950598434,37.31280517578125,57.561309814453125
4_A350,0.0,0.0,36.8522,57.963036,74.11206407152204,116.2718840314294,36.85219955444336,57.963035583496094
4_A390,0.0,0.0,36.571503,57.443928,73.4223696379094,115.03895536112037,36.571502685546875,57.44392776489258
4_C320,0.0,0.0,44.390224,81.53362,88.38448635118627,162.29927235169833,44.39022445678711,81.53362274169922
4_C330,0.0,0.0,44.25792,81.31642,88.19476236498485,161.97713321583052,44.25791931152344,81.31642150878906
4_C350,0.0,0.0,44.208427,81.22286,88.09243941951196,161.7859318478487,44.20842742919922,81.22286224365234
4_C310,0.0,0.0,44.256527,81.3234,88.19203411463982,161.98178942712994,44.256526947021484,81.32340240478516
4_C340,0.0,0.0,44.25098,81.30262,88.18197445356654,161.95271869478788,44.250980377197266,81.30261993408203
6_0562,0.0,38.12499489272713,115.9286,267.96432,232.73029256520925,539.3054951609632,115.92859649658203,267.9643249511719
6_0564,0.0,24.57770768496809,115.794556,267.71054,232.45375178478616,538.7261808352382,115.7945556640625,267.7105407714844
6_0560,0.0,61.74743621102017,115.64484,267.4368,232.1447045183232,538.088814008911,115.64483642578125,267.4367980957031
8_B310,0.0,0.0,36.65634,56.776672,73.447185093227,114.14065398986239,36.656341552734375,56.77667236328125
8_B320,0.0,0.0,36.661407,56.783703,73.4579216521735,114.15657295339994,36.661407470703125,56.7837028503418
8_B330,0.0,0.0,36.63902,56.747925,73.41001407728565,114.08052025759771,36.63901901245117,56.7479248046875
8_B350,0.0,0.0,36.6483,56.76508,73.43048094114769,114.1155340509865,36.64830017089844,56.765079498291016
30_A320,0.0,13.652192930856387,35.613747,56.065662,71.29870971290362,111.80793909526834,35.613746643066406,56.0656623840332
30_A330,0.0,16.843593708770157,35.62218,56.078007,71.31734225454233,111.83634219232515,35.6221809387207,56.078006744384766
30_A350,0.0,0.0,35.6183,56.072365,71.30925227840433,111.82404673901596,35.61830139160156,56.072364807128906
30_A310,0.0,14.951448323321614,35.607418,56.051876,71.2862494314846,111.7844155990849,35.607418060302734,56.051876068115234
32_A310,0.0,0.0,71.80097,106.99241,140.1922791253686,209.0481677960554,71.80097198486328,106.9924087524414
32_A320,0.0,22.978309886008475,71.80682,107.01947,140.20556580878144,209.0892554960178,71.80682373046875,107.01947021484375
32_A330,0.0,18.190886226587196,71.73456,106.87058,140.06742511616983,208.84080595445226,71.73455810546875,106.8705825805664
32_A350,0.0,55.94251764814604,71.77435,106.95288,140.1417620033764,208.97285136002435,71.77435302734375,106.952880859375
32_A351,0.0,21.599345018261175,67.06863,99.86818,131.07414143024388,195.32472908151541,67.0686264038086,99.86817932128906
32_A352,0.0,0.0,67.04226,99.827805,131.02326331608776,195.24783899963336,67.0422592163086,99.82780456542969
32_A451,0.0,50.48994473779979,54.858543,99.4081,110.91279647837436,201.7504449319179,54.858543395996094,99.40809631347656
32_A452,0.0,54.80393686325567,54.860844,99.41103,110.91776813031223,201.75817315018583,54.860843658447266,99.4110336303711
32_A453,0.0,59.096886926369734,54.86239,99.41272,110.92112119692229,201.7630984007555,54.862388610839844,99.4127197265625
32_A454,0.0,61.61074372187265,54.86291,99.412895,110.92229346913115,201.76443138996424,54.862911224365234,99.41289520263672
32_A455,0.0,69.68589800168397,55.105488,99.78577,111.45235435448309,202.65127685132768,55.10548782348633,99.7857666015625
32_A456,0.0,77.68342502542039,55.348907,100.16145,111.98171217118512,203.5388198548029,55.348907470703125,100.16145324707031
32_A457,0.0,90.75156274406714,55.839745,100.97373,113.04209150012181,205.37243584648618,55.839744567871094,100.9737319946289
32_A458,0.0,82.20116339478632,55.834908,100.92661,113.03676493432482,205.32140561989416,55.83490753173828,100.9266128540039
32_A459,0.0,81.2702151281753,55.5892,100.537224,112.5073890928279,204.42274355183872,55.58919906616211,100.53722381591797
32_A460,0.0,74.37450813261788,55.099445,99.714516,111.44573106081793,202.57471001118483,55.09944534301758,99.71451568603516
32_A461,0.0,71.72902493832508,54.856827,99.347466,110.91562493308638,201.69326384600367,54.85682678222656,99.34746551513672
32_A462,0.0,75.64564855695043,54.856396,99.34568,110.91467758765863,201.69055539009213,54.85639572143555,99.3456802368164
32_A463,0.0,80.35582691846655,54.855003,99.3421,110.91166212369129,201.68406614449427,54.855003356933594,99.34210205078125
32_A464,0.0,59.3223896604521,54.852688,99.34198,110.90659352625292,201.67901932086508,54.85268783569336,99.34197998046875
32_C310,0.0,0.0,49.69309,90.4497,100.01876285433399,182.38014413580223,49.69308853149414,90.44969940185547
32_C350,0.0,0.0,49.705936,90.47143,100.04567414095594,182.42752095156467,49.705936431884766,90.47142791748047
32_C330,0.0,0.0,49.38221,89.92743,99.36133880159387,181.2307598087192,49.38220977783203,89.92742919921875
32_C320,0.0,0.0,49.380596,89.92648,99.35784684673214,181.22652552085884,49.38059616088867,89.92648315429688
49_A332,0.0,33.92873331410473,49.66629,59.007275,98.69690710860148,115.161277237156,49.666290283203125,59.00727462768555
49_A351,0.0,47.952444160971936,49.671497,59.000885,98.70860278064043,115.16001192036828,49.6714973449707,59.000885009765625
49_A352,0.0,57.568694862681895,49.65703,58.97735,98.68043132697454,115.11889044182267,49.65702819824219,58.97734832763672
49_A361,0.0,56.82487368671596,49.0626,58.18968,97.50776095986754,113.62173220047652,49.062599182128906,58.18967819213867
49_A310,0.0,57.06091098924401,49.677204,59.01495,98.72039553025029,115.178998041486,49.67720413208008,59.014949798583984
49_A390,0.0,62.08353969368419,49.675808,59.00106,98.71699592173313,115.16466888830283,49.67580795288086,59.001060485839844
49_A350,0.0,0.0,42.41703,47.692276,84.94457756712822,94.99647481545017,42.417030334472656,47.69227600097656
49_A320,0.0,40.67893130485763,49.65421,58.981186,98.67457215901536,115.11874981287889,49.65420913696289,58.98118591308594
49_A330,0.0,47.48885551860383,49.062622,58.204105,97.50700746849286,113.63501961697659,49.0626220703125,58.204105377197266
49_B390,0.0,67.45549377113362,50.042328,59.897358,99.52785867043622,116.94997509782391,50.042327880859375,59.89735794067383
49_B351,0.0,60.49661612938847,49.47679,59.158855,98.39866204946281,115.51448264762428,49.47679138183594,59.15885543823242
49_B330,0.0,53.54161344076573,50.0402,59.903065,99.52369879092865,116.95348827579919,50.040199279785156,59.9030647277832
49_B350,0.0,69.6132458976329,50.051044,59.910717,99.54550843553017,116.97453959481554,50.05104446411133,59.91071701049805
49_B352,0.0,85.0978897606614,50.013012,59.843136,99.46913768915644,116.86554087089056,50.01301193237305,59.843135833740234
49_B361,0.0,93.26588023377307,50.01863,59.845535,99.48051408263775,116.87433493195333,50.01863098144531,59.84553527832031
49_B310,0.0,53.108473789583115,50.042053,59.91045,99.52739688367723,116.96223078224442,50.04205322265625,59.91044998168945
49_B320,0.0,61.13227926772929,50.0031,59.844982,99.44921709718696,116.85391294656479,50.00310134887695,59.8449821472168
49_B331,0.0,72.05861742713988,49.372257,58.98492,98.1905385595408,115.21805701996345,49.372257232666016,58.984920501708984
49_C320,0.0,0.0,40.85934,67.98308,81.32310267923418,133.96763122990947,40.85934066772461,67.98307800292969
49_C330,0.0,1.3117421063423649,40.863804,67.990776,81.33331345658661,133.98551704765583,40.86380386352539,67.99077606201172
49_C310,0.0,0.0,40.862843,67.99111,81.33222408065174,133.98617208167752,40.86284255981445,67.9911117553711
49_C350,0.0,7.103056828304972,40.862164,67.98565,81.3290296898972,133.97571183870662,40.86216354370117,67.98564910888672
49_C351,0.0,3.5847541870669772,39.682083,66.58343,78.84830820791298,130.6290717465556,39.68208312988281,66.58342742919922
49_C352,0.0,11.04737304378736,40.860844,67.98372,81.32725775238453,133.97372749221788,40.860843658447266,67.98371887207031
49_C331,0.0,4.147503505692299,40.81985,67.916374,81.24331355117457,133.84404069219661,40.81985092163086,67.91637420654297
49_C361,0.0,0.0,40.81477,67.90946,81.2328770635418,133.82818676560657,40.81476974487305,67.90946197509766
53_A320,0.0,0.0,34.55365,54.809525,68.96395754877334,108.58341583169963,34.55364990234375,54.80952453613281
53_A330,0.0,0.0,34.574474,54.86926,69.00284519709199,108.67206406919948,34.5744743347168,54.869258880615234
53_A350,0.0,0.0,34.55262,54.807323,68.9616919357395,108.57930573873139,34.55261993408203,54.80732345581055
53_A310,0.0,0.0,34.53625,54.78008,68.92763063074365,108.52436615854849,34.536251068115234,54.78007888793945
53_B310,0.0,0.0,27.875742,43.752064,55.39615942728702,86.52631704363057,27.875741958618164,43.7520637512207
53_B320,0.0,0.0,27.880823,43.759052,55.40590733043018,86.54053772760348,27.880823135375977,43.75905227661133
53_B330,0.0,0.0,27.879923,43.755623,55.40421668759788,86.53585064036643,27.87992286682129,43.75562286376953
53_B350,0.0,0.0,27.875563,43.751987,55.39576951483424,86.52582783350431,27.87556266784668,43.75198745727539
53_C350,0.0,337.72928138382804,67.51537,89.07876,132.6902641992875,174.8441565389589,67.51537322998047,89.0787582397461
53_C330,0.0,294.4337397848086,67.53733,89.19868,132.73193697358676,174.99523604045004,67.5373306274414,89.19867706298828
53_C320,0.0,238.06973492129612,67.53745,89.35314,132.7233249217369,175.14461602152912,67.5374526977539,89.35314178466797
53_C310,0.0,189.25211453775168,67.51523,89.558266,132.66648911669049,175.3125698462723,67.51522827148438,89.55826568603516
4_A451,0.0,32.70911712248184,86.28446,127.29783,173.04007665457218,255.98798273188788,86.28446197509766,127.2978286743164
4_A452,0.0,56.694396504131134,86.296524,127.31064,173.06472326569838,256.0192606919394,86.29652404785156,127.31063842773438
4_A453,0.0,76.54365092125904,86.30291,127.315636,173.07784986666886,256.03415589508944,86.30290985107422,127.31563568115234
4_A454,0.0,107.61589607951093,89.40045,131.86426,179.43156852952427,265.3403164054274,89.40045166015625,131.8642578125
4_A455,0.0,126.38397340400384,90.41925,133.32593,181.51101247995194,268.35478569428534,90.41925048828125,133.325927734375
4_A456,0.0,96.49693177131137,83.48525,124.46869,167.03364874629347,249.30566721761642,83.4852523803711,124.46868896484375
4_A457,0.0,150.22219309977706,90.418686,133.31932,181.510418864744,268.3479850788025,90.41868591308594,133.31932067871094
4_A458,0.0,163.12754082232374,90.41224,133.30649,181.49763466341554,268.32572638488745,90.41223907470703,133.30648803710938
4_A459,0.0,120.37632283289476,86.188126,126.87702,172.95277869330624,255.55279138300892,86.18812561035156,126.87702178955078
4_A460,0.0,135.28299613255098,86.181526,126.86336,172.93949659256424,255.52922696218252,86.18152618408203,126.86335754394531
4_A461,0.0,161.67889417692447,87.24166,128.43497,175.0834518713893,258.6996338520963,87.24166107177734,128.43496704101562
4_A462,0.0,155.7695114101791,87.24773,128.55168,175.0786220795817,258.8099245570399,87.24772644042969,128.5516815185547
4_A441,0.0,109.93992541365198,86.48056,127.90809,173.52136328664426,257.0258751874534,86.48056030273438,127.90808868408203
4_A410,0.0,89.6027819892675,86.49492,127.9255,173.54288603620046,257.0623565645116,86.49491882324219,127.92549896240234
4_A430,0.0,55.383851105127945,86.49632,127.920425,173.55595043853648,257.0780833627331,86.49632263183594,127.92042541503906
4_A442,0.0,141.53969385698196,89.57706,132.24788,179.87602498607185,266.14950082509364,89.57705688476562,132.2478790283203
4_A444,0.0,162.55851010991688,89.58986,132.25806,179.90272208961517,266.17989159607,89.58985900878906,132.258056640625
4_A445,0.0,173.68447431275712,89.58957,132.25198,179.9024163028785,266.1736756386359,89.58956909179688,132.25198364257812
4_A446,0.0,175.86573547408307,88.54293,130.69377,177.7870755153041,263.038854456402,88.54293060302734,130.6937713623047
4_A447,0.0,166.3312649365415,87.47928,129.04176,175.63927996372618,259.7872127956936,87.47927856445312,129.04176330566406
4_A448,0.0,168.76727187418373,86.40513,127.38011,173.46421712504187,256.5015428819663,86.4051284790039,127.38011169433594
4_A449,0.0,177.66249957945533,86.39333,127.35557,173.4402187317645,256.45900824445243,86.3933334350586,127.3555679321289
4_A450,0.0,169.66324902567035,86.377144,127.32877,173.40693384256727,256.4070861281442,86.37714385986328,127.32877349853516
6_B430,0.0,0.0,55.112057,101.476,110.51200770971627,203.03013699839187,55.112056732177734,101.47599792480469
6_B420,0.0,0.0,55.11671,101.485916,110.52153255180427,203.04910734788513,55.1167106628418,101.48591613769531
6_B410,0.0,0.0,55.11942,101.49418,110.52707969972768,203.06266811712635,55.11941909790039,101.49417877197266
6_B411,0.0,62.231307108133734,55.448013,102.32408,111.25397310576338,204.6725521323243,55.44801330566406,102.32408142089844
6_B412,0.0,64.39328495957594,55.739647,102.84532,111.84829196237274,205.75401451345144,55.739646911621094,102.84532165527344
6_B421,0.0,98.6351984621688,56.505146,103.9749,113.35217133881923,208.19944857779032,56.50514602661133,103.97489929199219
6_B413,0.0,101.64952821800486,56.50681,104.23399,113.41036287508666,208.60587728044572,56.50680923461914,104.23399353027344
6_B423,0.0,100.09583433565274,56.103794,103.1833,112.55113162382818,206.67447929179713,56.10379409790039,103.18329620361328
6_B451,0.0,106.0514703123068,56.15253,103.533104,112.7035883683638,207.258463998577,56.152530670166016,103.5331039428711
6_B452,0.0,99.68621610514509,55.373806,102.02238,111.12830165272663,204.27499033095734,55.37380599975586,102.02237701416016
6_B453,0.0,75.48161140256603,55.077446,101.47753,110.52704131834741,203.1639301784436,55.07744598388672,101.47753143310547
6_B441,0.0,78.8259879625344,54.693756,100.4986,109.6936325914099,201.30805694931615,54.693756103515625,100.49859619140625
6_B442,0.0,81.79422562399635,54.69237,100.49453,109.69080749710633,201.30131640883127,54.6923713684082,100.4945297241211
6_B443,0.0,82.53184282891057,54.69037,100.48971,109.68672524547709,201.292644342615,54.69036865234375,100.48970794677734
8_0560,0.0,55.851153817330754,121.77803,283.2108,243.55740210669074,566.8394909973719,121.77803039550781,283.2107849121094
8_0502,0.0,101.5582884112185,121.78478,283.22928,243.57105443768802,566.8739955530029,121.78478240966797,283.2292785644531
8_0509,0.0,84.68700995045606,122.2455,284.15402,244.50090833567464,568.887980431337,122.24549865722656,284.1540222167969
8_0503,0.0,78.47715710793346,122.25032,284.16678,244.51063978183208,568.9121281876348,122.25032043457031,284.1667785644531
8_0508,0.0,84.08966511926945,122.25322,284.17105,244.51649654169114,568.923259103728,122.25321960449219,284.1710510253906
8_0504,0.0,80.24020658125431,122.25512,284.17685,244.52035974411018,568.9336136127008,122.25511932373047,284.1768493652344
8_0507,0.0,83.39596879504967,122.25418,284.1734,244.51843947713283,568.9278857720828,122.25418090820312,284.17340087890625
8_0505,0.0,81.71403544258322,122.2513,284.16794,244.51261038254188,568.9155917398368,122.25129699707031,284.1679382324219
8_0506,0.0,82.84651679752255,122.24646,284.15698,244.50284391022743,568.893200249332,122.2464599609375,284.156982421875
8_0501,0.0,103.59924194939244,121.78565,283.22583,243.57290133343494,566.8727600156884,121.78565216064453,283.225830078125
8_0559,0.0,57.39185095974736,121.7789,283.20612,243.55924913870086,566.8370337378958,121.77890014648438,283.20611572265625
8_A340,0.0,0.0,35.584087,55.185257,71.12494036153505,110.59431284390467,35.58408737182617,55.18525695800781
8_A330,0.0,0.0,35.586678,55.189327,71.13014253742615,110.60241066822775,35.58667755126953,55.189327239990234
8_A310,0.0,0.0,35.58583,55.19039,71.12818474929732,110.60172882340123,35.58583068847656,55.190391540527344
8_A350,0.0,0.0,35.585564,55.187157,71.12769011229963,110.59813510661593,35.58556365966797,55.187156677246094
8_A320,0.0,0.0,35.58335,55.183113,71.1233036137641,110.59073297304596,35.583351135253906,55.18311309814453
32_B320,0.0,0.0,53.401897,97.09851,107.78235629284643,196.4778213822099,53.40189743041992,97.0985107421875
32_B310,0.0,0.0,53.39998,97.0963,107.7784407612895,196.4720209064497,53.39997863769531,97.09629821777344
32_B350,0.0,0.0,53.385674,97.070885,107.74866043616913,196.418696540273,53.38567352294922,97.07088470458984
32_B330,0.0,0.0,53.00058,96.413414,106.95156485227795,195.0132475636974,53.000579833984375,96.41341400146484
32_B340,0.0,0.0,52.97999,96.37854,106.90834508636725,194.9377516414809,52.97998809814453,96.3785400390625
49_D430,651.0,341.48515997950403,86.64908,141.7988,172.02968051315065,276.10344031311826,-564.3509216308594,-509.2012023925781
49_D410,651.0,399.06318146259224,86.67633,141.85033,172.08379326030635,276.2017591982618,-564.3236694335938,-509.14967346191406
49_D443,682.0,437.6018396441029,86.6841,141.83855,172.10020918829053,276.20542326083694,-595.3159027099609,-540.1614532470703
49_D444,682.0,453.21242458531395,88.69069,145.86201,176.1395532283032,283.76278389101435,-593.3093109130859,-536.1379852294922
49_D441,744.0,446.31921079327293,90.26331,148.90804,179.2888463325993,289.49521438647764,-653.736686706543,-595.0919647216797
49_D446,682.0,440.7514135427867,87.382484,143.20866,173.58398305431143,279.1683100871282,-594.6175155639648,-538.7913360595703
49_D440,682.0,443.991888894468,91.12482,150.55374,180.99826601499979,292.7192714769085,-590.8751831054688,-531.4462585449219
49_D445,651.0,422.6644761483898,88.70149,145.99992,176.1549563513322,284.0005351972666,-562.2985076904297,-505.0000762939453
49_D461,806.0,488.5040527537003,87.47231,143.55397,173.68823107419607,279.44848599635736,-718.5276870727539,-662.4460296630859
49_D460,775.0,472.9788457561331,86.19128,141.05975,171.10878544987037,274.72276684467795,-688.808723449707,-633.9402465820312
49_D459,775.0,468.14032973703496,86.21229,141.10497,171.15058482468214,274.80367299602403,-688.787712097168,-633.8950347900391
49_D462,713.0,474.46149869729527,86.22734,141.12273,171.18055217100417,274.847019617799,-626.7726593017578,-571.8772735595703
49_D450,775.0,460.1112182860166,87.47278,143.57806,173.6887985703804,279.4729298804539,-687.5272216796875,-631.4219360351562
49_D452,775.0,481.71481011921105,88.70132,145.98611,176.15489259061044,283.98681256185887,-686.2986831665039,-629.0138854980469
49_D454,806.0,502.08739763102693,89.90966,148.21887,178.57762087375815,288.3125774494011,-716.0903396606445,-657.7811279296875
49_D448,744.0,490.3873708628171,89.86603,147.98035,178.52511035521138,288.12746971288936,-654.1339721679688,-596.0196533203125
49_D449,682.0,524.8063766522238,91.06267,150.3795,180.89277897737034,292.43901398241167,-590.9373321533203,-531.6204986572266
49_D451,651.0,531.9830940248985,89.134895,146.60652,177.02814020697562,285.2122441680251,-561.865104675293,-504.3934783935547
49_D455,651.0,473.37441518891364,86.344635,141.18541,171.41782695644315,274.9954898772314,-564.6553649902344,-509.81459045410156
49_D431,806.0,431.54535624303065,86.67634,141.85878,172.08422413262952,276.21101324078825,-719.3236618041992,-664.1412200927734
34_0801,183.0,785.0158760854865,89.32431,208.8556,178.34951967358836,416.1395154876215,-93.67568969726562,25.855606079101562
34_0802,183.0,753.428527016004,89.32435,208.8699,178.3495578972467,416.15384171686827,-93.67565155029297,25.869903564453125
34_0859,183.0,754.9946710292463,89.3244,208.86864,178.34965966453518,416.1526859877816,-93.67559814453125,25.868637084960938
34_0860,183.0,726.1514975430159,89.32434,208.84361,178.3495985067017,416.1276112753367,-93.6756591796875,25.843612670898438
36_A340,0.0,37.51245450158902,36.35448,56.1596,73.18750912319844,113.79584445164656,36.3544807434082,56.15959930419922
36_A310,0.0,42.604126881644476,36.359276,56.167263,73.19764888189275,113.81154547302998,36.359275817871094,56.16726303100586
36_A320,0.0,37.60690650099647,36.68838,56.53717,73.82503654526413,114.54659657535659,36.68838119506836,56.53717041015625
36_A330,0.0,36.373470484123885,36.357758,56.162994,73.19447668830813,113.80486904642359,36.357757568359375,56.162994384765625
36_A350,0.0,21.24786249337538,36.35748,56.162975,73.19387422697918,113.80434863787998,36.357479095458984,56.1629753112793
36_A321,0.0,36.674499275220086,36.358513,56.164547,73.1960884352379,113.80761151514939,36.35851287841797,56.164546966552734
36_A331,0.0,40.92115759599906,36.35261,56.156864,73.18358709885487,113.79000567388923,36.35261154174805,56.156864166259766
36_B331,0.0,0.0,42.383343,42.53958,87.1352908530016,90.25418298504809,42.38334274291992,42.539581298828125
36_B350,0.0,4.855618648322775,42.393913,42.536926,87.16038913745112,90.26452163353635,42.39391326904297,42.53692626953125
36_B340,0.0,7.853835688287717,43.210827,42.936283,89.03156568385566,91.6367783239096,43.2108268737793,42.936283111572266
36_B330,0.0,0.0,43.218037,42.94734,89.04827310619605,91.65650241860362,43.21803665161133,42.94733810424805
36_B351,0.0,28.682692798624515,43.219418,42.93013,89.05248273683168,91.64134799825877,43.219417572021484,42.93013000488281
36_B320,0.0,0.0,43.21372,42.943428,89.04039812949718,91.64797693997129,43.21371841430664,42.94342803955078
36_B310,0.0,0.0,43.2201,42.952557,89.05375139250577,91.66436360474208,43.22010040283203,42.95255661010742
36_B352,0.0,44.68495279787257,43.205814,42.9072,89.02075637327198,91.60193888062614,43.205814361572266,42.90719985961914
36_B353,0.0,34.83497455794168,42.36664,42.32574,87.1162619382615,90.02619495471737,42.36663818359375,42.325740814208984
36_B354,0.0,16.925926243793015,42.366886,42.3225,87.11651173699514,90.022928355893,42.366886138916016,42.3224983215332
42_A340,0.0,19.058000418198134,70.05095,95.50628,141.22111012044252,197.7487813961896,70.05094909667969,95.50627899169922
42_A320,0.0,6.06989832767826,70.061485,95.53694,141.24342797987725,197.7935811329899,70.06148529052734,95.53694152832031
42_A310,0.0,17.289808132820866,70.10009,95.61218,141.3211948588235,197.92775829185445,70.10009002685547,95.6121826171875
42_A350,0.0,45.396884726821156,70.082466,95.48591,141.2889385105473,197.775034496572,70.08246612548828,95.48590850830078
42_A351,0.0,35.531994856801845,70.06847,95.44048,141.2598067165584,197.70866247872004,70.06846618652344,95.44048309326172
42_A330,0.0,37.36517824436956,70.0689,95.513214,141.25850281234227,197.78326319435075,70.06890106201172,95.51321411132812
42_A430,0.0,0.0,53.17348,95.79238,106.95011294466411,193.4197791119721,53.17348098754883,95.7923812866211
42_A411,0.0,0.0,53.17241,95.78886,106.9478847710308,193.4134846868492,53.17240905761719,95.78885650634766
51_A340,0.0,0.0,52.701603,93.760445,105.81845112633843,190.2643126490995,52.701602935791016,93.76044464111328
51_A310,0.0,0.0,52.70746,93.77836,105.83089572804614,190.2939654838421,52.70745849609375,93.77835845947266
51_A350,0.0,0.0,52.70809,93.76711,105.83229309709401,190.2837801889545,52.708091735839844,93.7671127319336
51_A330,0.0,0.0,52.70772,93.767746,105.83153091076198,190.28373863428646,52.70772171020508,93.76774597167969
51_A320,0.0,0.0,52.705166,93.76907,105.8259736597999,190.2798717907654,52.70516586303711,93.76907348632812
51_A321,0.0,0.0,52.70013,93.760445,105.81518159965245,190.2612273578245,52.700130462646484,93.76044464111328
17_B310,0.0,41.15110490141532,36.775257,57.118923,74.03788448910657,115.43096961028816,36.7752571105957,57.11892318725586
17_B320,0.0,43.8994567888773,36.776688,57.11992,74.040884407531,115.43438402937664,36.77668762207031,57.11991882324219
17_B330,0.0,46.65108706660996,36.777042,57.119617,74.04163166827648,115.43468846534725,36.777042388916016,57.1196174621582
17_B340,0.0,46.64904383220616,36.776333,57.11889,74.04012925932886,115.43274145399096,36.77633285522461,57.11888885498047
17_B350,0.0,23.313308081039565,36.774582,57.118477,74.03641501716491,115.42931143165255,36.77458190917969,57.11847686767578
18_A310,0.0,0.0,53.82462,96.21735,108.40167711508775,195.01498322433724,53.82461929321289,96.21734619140625
18_A320,0.0,0.0,53.82989,96.22715,108.41297642410917,195.03544640970944,53.829891204833984,96.2271499633789
18_A330,0.0,0.0,46.85107,84.865906,94.02215282923818,170.7963027906313,46.851070404052734,84.86590576171875
18_A340,0.0,0.0,53.827915,96.22074,108.40899034081859,195.02544788664505,53.82791519165039,96.22074127197266
18_A350,0.0,0.0,53.821396,96.21071,108.39537000324876,195.00281953552295,53.82139587402344,96.21070861816406
19_A310,0.0,0.0,76.69568,148.93001,158.93849744901274,313.85791107424046,76.6956787109375,148.9300079345703
19_A320,0.0,0.0,76.71715,148.92645,158.99197259972664,313.9110843488136,76.71714782714844,148.92645263671875
19_A330,0.0,0.0,76.700745,148.85616,158.95985659344228,313.8087968040379,76.70074462890625,148.8561553955078
19_A340,0.0,0.0,77.30485,150.74782,159.80403538319177,316.84066460424117,77.30484771728516,150.74781799316406
19_A350,0.0,0.0,77.26419,150.63795,159.7150888484769,316.6394666332904,77.26419067382812,150.63795471191406
19_B410,0.0,0.0,62.760956,80.619194,122.15868874303243,157.6874103420347,62.760955810546875,80.61919403076172
19_B430,0.0,0.0,62.7651,80.56496,122.16775211362906,157.63844373068673,62.765098571777344,80.56495666503906
20_0901,17.0,250.99324784602942,114.83917,269.10614,228.6771853632716,534.779619258178,97.83917236328125,252.10614013671875
20_0902,17.0,234.90685374151434,114.864655,269.16772,228.72889434443627,534.9020125057849,97.86465454101562,252.167724609375
20_0903,17.0,192.8823778411278,114.859314,269.13388,228.71695746487856,534.8531912214038,97.85931396484375,252.13388061523438
20_A330,0.0,0.0,43.80935,48.19249,87.68888338909049,96.64127799738478,43.809349060058594,48.19248962402344
20_A310,0.0,0.0,43.822334,48.220734,87.71480694265377,96.68332740844244,43.82233428955078,48.220733642578125
20_A320,0.0,0.0,43.825935,48.2132,87.72233952668567,96.68048310040493,43.82593536376953,48.213199615478516
20_A350,0.0,0.0,43.822327,48.186314,87.71519101126059,96.64962307194693,43.82232666015625,48.18631362915039
20_A340,0.0,0.0,43.814526,48.185783,87.69945860453686,96.64082260571362,43.81452560424805,48.18578338623047
20_B350,0.0,1.8707604520802192,36.852215,57.080807,74.10368823763743,115.2614408629662,36.85221481323242,57.080806732177734
20_B340,0.0,22.508395379401748,36.854725,57.082336,74.1089131774964,115.26713442204151,36.8547248840332,57.08233642578125
20_B330,0.0,21.582950789167626,36.855675,57.083893,74.11088067253728,115.27025364623367,36.855674743652344,57.083892822265625
20_B320,0.0,20.757336981252706,36.85456,57.082745,74.10857511486736,115.26727671414886,36.85456085205078,57.08274459838867
20_B310,0.0,20.124642032192526,36.852352,57.080193,74.10400561858573,115.26110128900888,36.852352142333984,57.08019256591797
21_A320,0.0,0.0,67.80725,127.07324,141.42494458461553,271.2972962368042,67.8072509765625,127.0732421875
21_A350,0.0,0.0,67.835655,126.89746,141.49645614865076,271.193302869615,67.83565521240234,126.8974609375
21_A310,0.0,0.0,67.8534,127.14284,141.52752790992625,271.4672722264903,67.85340118408203,127.14283752441406
21_A330,0.0,0.0,67.84845,127.11375,141.52208162766294,271.43812343412543,67.84844970703125,127.1137466430664
21_A340,0.0,0.0,68.38233,128.78127,142.0600969904156,274.0598755967571,68.38233184814453,128.78126525878906
21_A430,0.0,0.0,50.007843,90.35173,99.67815066922428,180.70407119301603,50.007843017578125,90.35173034667969
21_A410,0.0,0.0,50.0094,90.35477,99.68117288841842,180.70973941905845,50.0093994140625,90.35476684570312
21_B310,0.0,9.214627406325718,36.288742,56.443604,73.00303676536458,113.915636335058,36.28874206542969,56.443603515625
21_B320,0.0,0.0,36.28916,56.44263,73.0038768829965,113.91539541085369,36.289161682128906,56.442630767822266
21_B330,0.0,1.1363098058907042,36.290195,56.442745,73.00608383629256,113.91723290260663,36.29019546508789,56.442745208740234
21_B340,0.0,3.905006014795987,36.2883,56.439533,73.00210559162693,113.91090067819017,36.288299560546875,56.43953323364258
21_B350,0.0,0.0,36.28481,56.436962,72.99476736868148,113.90250313841489,36.28480911254883,56.43696212768555
26_0659,0.0,70.25802354554088,122.03742,284.24683,243.95563125614726,568.279935251199,122.03742218017578,284.246826171875
26_0608,0.0,90.5289752248907,122.06085,284.30847,244.00321312656388,568.3974919803802,122.06085205078125,284.3084716796875
26_0607,0.0,89.93895641342414,122.069855,284.3311,244.02075950516664,568.4403481544307,122.06985473632812,284.3310852050781
26_0606,0.0,88.99062077623438,122.07527,284.34436,244.03163463800462,568.4663362974408,122.07527160644531,284.3443603515625
26_0603,0.0,86.29692213728782,122.076256,284.34857,244.03360754404733,568.4728528757807,122.07625579833984,284.34857177734375
26_0604,0.0,87.32007283922059,122.075035,284.34546,244.03116224087648,568.466888562094,122.07503509521484,284.345458984375
26_0601,0.0,117.14567142066562,122.07175,284.33444,244.02353635819128,568.4464110991197,122.07174682617188,284.3344421386719
26_0602,0.0,85.70191366452866,122.06475,284.32684,244.0094827761888,568.4223869238104,122.06475067138672,284.32684326171875
26_0605,0.0,115.04793143042903,122.05367,284.308,243.98721211855894,568.3774997538757,122.05367279052734,284.3080139160156
26_0902,0.0,68.71299864843066,113.94293,263.8142,228.69621541304588,530.4129298802421,113.94293212890625,263.814208984375
26_0903,0.0,48.176164619856166,113.94698,263.8121,228.7044380795264,530.4204745860675,113.94698333740234,263.8121032714844
26_0901,0.0,100.06487561601104,113.942055,263.80292,228.6944578163278,530.3995953452516,113.94205474853516,263.80291748046875
26_A310,0.0,1.3150623015544909,36.943798,57.39422,74.40633444121919,115.9846208550422,36.94379806518555,57.39421844482422
26_A320,0.0,4.122078622627583,36.943573,57.39417,74.4058863623222,115.98461131974548,36.943572998046875,57.394168853759766
26_A330,0.0,8.562329835635381,36.944736,57.394302,74.4083355368366,115.98671780742225,36.94473648071289,57.39430236816406
26_A340,0.0,11.255824991363141,36.94521,57.393852,74.40933848449222,115.987035549268,36.94520950317383,57.39385223388672
26_A350,0.0,6.258737822767017,37.147186,57.687332,74.8286963571187,116.61481822052116,37.147186279296875,57.68733215332031
26_A321,0.0,19.350745610006328,37.150837,57.691452,74.83631457881503,116.62471734330106,37.15083694458008,57.69145202636719
26_B321,0.0,2.765959964334911,37.208767,57.70494,74.92075279258438,116.63853760409168,37.20876693725586,57.70494079589844
26_B310,0.0,1.8371954140061462,36.966816,57.322083,74.36489584917831,115.73497507021523,36.96681594848633,57.32208251953125
26_B320,0.0,2.9094773327641974,37.21858,57.71828,74.94121986070726,116.66824279055075,37.21857833862305,57.71828079223633
26_B330,0.0,7.1449416105822365,37.218758,57.716106,74.94149863119102,116.66612104106787,37.21875762939453,57.71610641479492
26_B340,0.0,29.437114839584524,37.429256,58.00467,75.38292660294852,117.31129140808454,37.429256439208984,58.004669189453125
26_B350,0.0,5.649222562811843,37.42946,58.005955,75.38337284396047,117.31297071085451,37.42945861816406,58.00595474243164
26_C310,0.0,0.0,41.461773,43.50013,83.71554476951412,88.97302320059273,41.46177291870117,43.50012969970703
26_C320,0.0,0.0,38.121857,40.138615,76.84321434762631,81.8352343841822,38.121856689453125,40.138614654541016
26_C330,0.0,0.0,41.475254,43.505436,83.7435700535076,88.99315422426267,41.47525405883789,43.505435943603516
26_C340,0.0,0.0,41.470737,43.484585,83.73644967599425,88.96739829680081,41.47073745727539,43.48458480834961
26_C350,0.0,0.0,41.464462,43.4624,83.72383789647124,88.93862538401306,41.46446228027344,43.462398529052734
26_C351,0.0,0.0,41.453873,43.432438,83.70192961017199,88.89697462088834,41.45387268066406,43.432437896728516
26_D320,0.0,0.0,45.792934,50.762386,91.61063394086207,101.49681628019323,45.79293441772461,50.762386322021484
26_D330,0.0,0.0,45.799644,50.768917,91.62428631868201,101.510883475479,45.799644470214844,50.768917083740234
26_D310,0.0,0.0,45.80102,50.792244,91.62684719860061,101.53554597043878,45.801021575927734,50.79224395751953
26_D350,0.0,6.906819232410157,45.79688,50.76089,91.6186962981419,101.49985242545497,45.796878814697266,50.76089096069336
26_D351,0.0,0.0,45.789764,50.738735,91.60427945600077,101.46950308323176,45.789764404296875,50.73873519897461
26_D340,0.0,7.220723265817924,45.777447,50.828144,91.57842531817379,101.54450836427266,45.77744674682617,50.82814407348633
27_0903,0.0,74.77014024225508,117.45155,272.4347,235.60230233156923,547.0944159019393,117.45155334472656,272.4346923828125
27_0902,0.0,77.0070305669555,117.46153,272.454,235.62256448710195,547.1375310912681,117.46153259277344,272.4540100097656
27_0910,0.0,52.12499350007647,117.464584,272.44907,235.62877383781995,547.139886121424,117.46458435058594,272.4490661621094
27_0909,0.0,71.983961700708,118.41252,274.70734,237.4653996904107,551.5249244333745,118.41252136230469,274.70733642578125
27_0901,0.0,101.6317620660073,118.40387,274.68185,237.44783359799848,551.478810334718,118.40386962890625,274.6818542480469
27_A310,0.0,0.050265922828486964,35.301723,55.156696,70.60597622425499,110.27458212133196,35.30172348022461,55.15669631958008
27_A320,0.0,0.0,35.28504,55.12945,70.57004185423028,110.21726413144683,35.28504180908203,55.129451751708984
27_A330,0.0,0.0,35.286,55.12949,70.57202129219222,110.21889586028283,35.2859992980957,55.12948989868164
27_A340,0.0,0.0,35.411777,55.318058,70.83104718195254,110.61434233585311,35.41177749633789,55.318058013916016
27_A350,0.0,0.0,35.410778,55.317173,70.82911095662476,110.61198744535841,35.4107780456543,55.31717300415039
27_B310,0.0,0.0,37.152756,57.738453,74.73181594370718,116.47592960680686,37.15275573730469,57.73845291137695
27_B320,0.0,0.0,37.15578,57.740433,74.73803462695719,116.48283991503659,37.15578079223633,57.74043273925781
27_B330,0.0,0.0,37.15837,57.74265,74.74329498016519,116.48918225059482,37.15837097167969,57.74264907836914
27_B340,0.0,0.0,37.306656,58.00458,75.03504050285801,116.97481208378123,37.30665588378906,58.004581451416016
27_B350,0.0,0.0,37.30284,58.000393,75.02696537936289,116.96402901655382,37.30284118652344,58.00039291381836
27_C310,0.0,0.0,35.056274,54.711735,70.16977040528405,109.53315966180784,35.0562744140625,54.711734771728516
27_C320,0.0,9.512105318981156,36.666466,57.29301,73.753295155879,115.30124913050787,36.666465759277344,57.29301071166992
27_C330,0.0,0.0,36.66757,57.29177,73.75559956914329,115.3018362877589,36.66756820678711,57.291770935058594
27_C340,0.0,0.0,36.66653,57.2885,73.75357357262519,115.29706568457017,36.66653060913086,57.28850173950195
27_C350,0.0,0.0,36.66501,57.286602,73.75047630315298,115.29270922877438,36.665008544921875,57.28660202026367
27_D310,0.0,0.0,35.1589,55.350597,70.04783830328415,109.83707391077478,35.15890121459961,55.3505973815918
27_D330,0.0,0.0,32.400734,50.799534,64.5149887842451,100.92061843064424,32.400733947753906,50.79953384399414
27_D320,0.0,0.0,34.195175,53.7981,68.08823408333005,106.72352276076182,34.19517517089844,53.798099517822266
27_D340,0.0,0.0,34.193817,53.793217,68.08559055363312,106.7166011613382,34.193817138671875,53.793216705322266
27_D350,0.0,0.0,35.154247,55.338184,70.0383350968489,109.81706816006334,35.15424728393555,55.33818435668945
29_0607,0.0,79.45610737530728,119.5143,277.3836,239.55077704155056,556.5881627366452,119.51429748535156,277.38360595703125
29_0659,0.0,50.0437413215966,119.52646,277.40656,239.57564823182702,556.6403758355798,119.52645874023438,277.40655517578125
29_0663,0.0,63.68341834247815,115.51533,267.29694,231.8976227114389,537.6608196719874,115.51532745361328,267.29693603515625
29_0661,0.0,82.85023870131181,116.62953,269.76746,234.1697330366322,542.8020201190666,116.62953186035156,269.7674560546875
29_0605,0.0,76.76797627217348,118.93724,275.6651,238.6645592685225,553.9345655556671,118.93724060058594,275.66510009765625
29_0601,0.0,101.30794160954554,118.29676,274.3008,237.36153811949725,551.0395697674589,118.29676055908203,274.3008117675781
29_0602,0.0,66.25470404567255,118.13277,273.94476,237.0264940662205,550.2895316605056,118.13276672363281,273.94476318359375
29_0705,0.0,84.40079731453994,121.65098,282.68448,243.40453217502034,566.1869838301759,121.6509780883789,282.6844787597656
40_AA01,0.0,39.80829079299349,111.53548,174.3282,213.52511120796737,329.8342384834714,111.53547668457031,174.3282012939453
40_AA02,0.0,49.27154829276827,111.764244,174.66374,213.96859530187456,330.51134451315465,111.76424407958984,174.6637420654297
40_AA03,0.0,90.37555506360286,111.8593,174.80138,214.15263512267873,330.7903314904948,111.85929870605469,174.80137634277344
40_AA61,0.0,125.60701004574804,111.85727,174.78006,214.15054678510694,330.76828474559136,111.85726928710938,174.78005981445312
40_AA62,0.0,156.04000330313767,111.76115,174.60278,213.96821261933135,330.45272510903385,111.76114654541016,174.602783203125
40_AA63,0.0,148.97228759952947,111.49151,173.91948,213.45863168406675,329.38111460448295,111.49150848388672,173.9194793701172
48_AA01,122.0,583.1263578226955,36.274033,57.562424,72.79568120359231,114.65439409299566,-85.72596740722656,-64.43757629394531
48_AA02,122.0,545.9399767764864,36.270428,57.552166,72.78780210205261,114.63730456309551,-85.72957229614258,-64.44783401489258
48_AA03,122.0,521.8311620590848,36.23356,57.50826,72.70458986006525,114.51956821578766,-85.76644134521484,-64.49174118041992
29_AA01,0.0,29.681907443119627,36.486786,58.746437,73.0802113124985,116.1984719727912,36.486785888671875,58.746437072753906
29_AA02,0.0,20.29673204488782,36.503742,58.78222,73.11335425992662,116.26094019325923,36.50374221801758,58.78221893310547
29_AA03,0.0,0.23897729150490932,36.518456,58.822323,73.14210488149045,116.32418817384718,36.518455505371094,58.822322845458984
29_AA61,0.0,2.4867075311109375,36.523533,58.831295,73.15210971732526,116.34125335361884,36.52353286743164,58.831295013427734
29_AA62,0.0,5.269375905149957,36.524998,58.830696,73.15513664930322,116.34316704116696,36.52499771118164,58.83069610595703
29_AA63,0.0,11.769259833988201,36.628563,58.976078,73.36659526951735,116.65931502015478,36.628562927246094,58.976078033447266
29_AA64,0.0,27.481536771046194,36.986305,59.58344,74.0911356543325,117.85160784408417,36.986305236816406,59.583438873291016
29_AA65,0.0,51.05996463089252,37.453342,60.340282,75.04041783526344,119.37320264150141,37.45334243774414,60.34028244018555
29_AA66,0.0,19.59296781445562,36.596455,58.296593,73.37837765037567,115.99683138960816,36.59645462036133,58.296592712402344
29_AA67,0.0,0.0,36.43855,57.943657,73.07005528419195,115.39533203741168,36.43854904174805,57.94365692138672
4_AA61,0.0,0.0,49.061604,89.23686,97.06432885859911,176.34307252111773,49.06160354614258,89.23686218261719
4_BA01,0.0,0.0,47.805607,88.67678,94.43077546683205,173.9404974684372,47.805606842041016,88.6767807006836
4_BA03,0.0,0.0,47.819706,88.69579,94.45690728373748,173.98206800832472,47.819705963134766,88.69579315185547
4_BA02,0.0,0.0,47.82973,88.72002,94.47554907283727,174.02243088981118,47.82973098754883,88.72001647949219
4_BA60,0.0,0.0,47.826843,88.700096,94.46976889734248,173.99718923048403,47.82684326171875,88.7000961303711
4_BA61,0.0,0.0,47.81635,88.67229,94.45031587219968,173.9525503376196,47.816349029541016,88.67228698730469
4_BA59,0.0,0.0,47.7991,88.636665,94.41887162971885,173.8901793096446,47.79909896850586,88.63666534423828
12_AA01,0.0,102.0812425828931,33.485806,52.676685,66.79827675572157,104.70027695133213,33.48580551147461,52.67668533325195
12_AA02,0.0,66.92992896044206,33.492928,52.681755,66.81276693098737,104.71680004293361,33.49292755126953,52.68175506591797
12_AA03,0.0,68.71668934569327,33.495274,52.684742,66.81719125633818,104.72312504473805,33.49527359008789,52.68474197387695
12_AA61,0.0,45.43797484963994,33.494526,52.68416,66.81555386324001,104.72118112871313,33.49452590942383,52.68415832519531
29_0707,0.0,67.23594254846756,121.26192,282.49554,242.21790635049024,564.3939498511545,121.26191711425781,282.49554443359375
29_A430,0.0,0.0,52.71993,96.46764,105.9864230770944,194.1160405865961,52.71992874145508,96.46764373779297
29_A410,0.0,0.0,52.715183,96.46998,105.97665849624963,194.10948365443608,52.71518325805664,96.46997833251953
29_A411,0.0,0.0,52.710796,96.45391,105.96775033230023,194.08521469256596,52.71079635620117,96.45391082763672
29_B351,0.0,0.0,100.746414,204.87048,204.086776125991,422.20917846473867,100.74641418457031,204.8704833984375
29_B310,0.0,0.0,100.852066,205.34315,204.31463264549743,422.9263251292423,100.85206604003906,205.34315490722656
29_B320,0.0,0.0,100.88103,205.43451,204.37884230669562,423.08741793476577,100.88102722167969,205.43450927734375
29_B330,0.0,0.0,100.88904,205.48167,204.39632408942776,423.15361538785015,100.8890380859375,205.48167419433594
29_B340,0.0,0.0,91.84602,185.88005,186.38061713333877,383.9452852060389,91.84602355957031,185.8800506591797
29_B350,0.0,0.0,100.85238,205.91467,204.30123412546482,423.4808177545409,100.85237884521484,205.9146728515625
31_0123,592.0,482.2871057707519,105.3288,247.586,209.49427905782363,490.6690032408024,-486.67120361328125,-344.41400146484375
31_0114,406.0,507.6372228148297,105.450134,247.89006,209.7309745889512,491.2469741283009,-300.54986572265625,-158.1099395751953
31_0119,530.0,483.6677297796107,105.68111,248.54375,210.1758196678333,492.407211744608,-424.3188934326172,-281.4562530517578
31_0117,499.0,485.0603496283081,106.01991,249.42308,210.83186229671136,494.03807167046153,-392.98008728027344,-249.57691955566406
31_0115,499.0,487.20963828905025,106.189674,249.85416,211.16382153881878,494.84894432150065,-392.8103256225586,-249.14584350585938
31_0121,531.0,503.44553842361796,107.128815,252.01744,212.98712042976666,499.10236416939466,-423.8711853027344,-278.98255920410156
31_0120,531.0,503.10199842134784,107.145294,252.05972,213.01944042931868,499.1822607659293,-423.8547058105469,-278.9402770996094
31_0118,562.0,501.0174324994791,107.10649,251.96568,212.94360554551798,499.0002281522,-454.8935089111328,-310.03431701660156
31_0116,531.0,488.9152771862571,106.16438,249.67087,211.1186416768016,494.6153326554113,-424.8356170654297,-281.3291320800781
31_0122,376.0,491.1859173232001,105.926216,249.03572,210.65940447532225,493.45645829483516,-270.0737838745117,-126.96427917480469
31_0113,531.0,497.1563051687486,101.21802,236.96767,201.55240640638846,470.9107363921529,-429.781982421875,-294.03233337402344
31_0902,15.0,190.734530584879,105.30604,247.34856,209.46229844775496,490.4008238014059,90.30603790283203,232.3485565185547
31_0903,15.0,191.18431098554584,105.314835,247.36452,209.47969338827045,490.43729144046563,90.31483459472656,232.36451721191406
31_A310,0.0,21.423304568328405,34.388638,53.427704,68.62614186700905,106.7962248004291,34.38863754272461,53.427703857421875
31_A320,0.0,7.784143187932045,34.395905,53.43675,68.64077704354573,106.81673245075842,34.395904541015625,53.43674850463867
31_A330,0.0,7.317508230755152,34.39895,53.440838,68.64690014725846,106.82560202853432,34.398948669433594,53.44083786010742
31_A340,0.0,9.861521389287304,34.403446,53.445934,68.65601825273183,106.83801004533692,34.403446197509766,53.4459342956543
31_A350,0.0,12.752285817902703,34.38569,53.41234,68.62039801829548,106.77624154078,34.38568878173828,53.41233825683594
31_A351,0.0,14.83356229248119,34.36828,53.37959,68.58543708213338,106.71586736828148,34.36827850341797,53.37958908081055
31_A352,0.0,17.263406695456695,34.361202,53.363102,68.5713432965043,106.6885223230966,34.361202239990234,53.363101959228516
31_A353,0.0,0.0,34.315556,53.287544,68.4807071436013,106.5429370477616,34.315555572509766,53.28754425048828
31_C430,0.0,0.0,62.90907,80.07719,123.21956212450952,158.00896479797473,62.9090690612793,80.07718658447266
38_0216,39.0,253.4818355219337,120.67414,280.92456,241.83838794422763,562.7930133221555,81.67414093017578,241.924560546875
38_0214,41.0,267.74329031875845,120.90721,281.52942,242.30604719577906,563.9452947101777,79.90721130371094,240.5294189453125
38_0213,41.0,287.76052567117654,121.34282,282.88654,242.8732420929597,565.8198969948317,80.34281921386719,241.88653564453125
39_0103,0.0,280.43675982498934,121.27992,282.8868,242.39813061274796,565.076610718053,121.27992248535156,282.8868103027344
39_0110,0.0,253.47081813735315,121.597565,283.6567,243.03201913897485,566.5857731850558,121.59756469726562,283.6567077636719
39_0109,0.0,246.46192402690554,121.51332,283.46716,242.8656007971477,566.2057638993033,121.51332092285156,283.4671630859375
39_0102,0.0,245.4185201523659,113.864685,267.1034,226.72656194817552,530.5027271390703,113.86468505859375,267.1033935546875
39_0107,0.0,196.0181086800893,113.93206,267.2157,226.8547899313753,530.7612018230295,113.93206024169922,267.2156982421875
39_A430,0.0,0.0,67.49085,86.488075,132.4810010447445,170.42583515142155,67.49085235595703,86.48807525634766
39_A410,0.0,0.0,67.51558,86.6105,132.52848589951378,170.57862153293445,67.51557922363281,86.6104965209961
39_A411,0.0,0.0,67.511444,86.61504,132.52058753952144,170.57862144237316,67.51144409179688,86.61504364013672
39_A412,0.0,0.0,67.495476,86.69361,132.4863793671965,170.63542322354235,67.49547576904297,86.69361114501953
46_A410,0.0,0.0,37.393795,58.793015,75.22332555158897,117.98171900166905,37.393795013427734,58.79301452636719
46_A430,0.0,0.0,37.397694,58.792233,75.23122603653611,117.98724477381589,37.3976936340332,58.792232513427734
46_A420,0.0,6.291820696310708,37.40469,58.808662,75.24546699341178,118.01497834546437,37.40468978881836,58.80866241455078
46_A422,0.0,10.149934171264022,37.40652,58.809628,75.24918475549092,118.01891451333395,37.40652084350586,58.809627532958984
46_A412,0.0,16.319389609897883,37.407223,58.81611,75.25059198874891,118.02651550891733,37.407222747802734,58.81610870361328
46_A421,0.0,20.17551227788482,37.406784,58.814533,75.24970491460725,118.0242237864912,37.40678405761719,58.81453323364258
46_A411,0.0,17.110491120158514,37.405247,58.82104,75.24655263786998,118.02819239393972,37.40524673461914,58.821041107177734
46_A423,0.0,25.04427953309954,37.40181,58.820747,75.23957760721727,118.0223105386888,37.40180969238281,58.82074737548828
55_A901,0.0,3.7957755607004344,53.36604,97.50422,107.63687891357867,196.96543437280485,53.36603927612305,97.50421905517578
55_A902,0.0,0.0,53.374626,97.5148,107.65506128556832,196.9934397741274,53.37462615966797,97.51480102539062
55_A903,0.0,0.0,54.083363,98.75605,109.13655285751612,199.64198659447933,54.0833625793457,98.75605010986328
55_A907,0.0,0.0,53.766224,98.21135,108.50137827882375,198.53293548828526,53.7662239074707,98.21134948730469
55_A908,0.0,0.0,53.740433,98.1746,108.44798308050248,198.44591525333533,53.74043273925781,98.17459869384766
55_A909,0.0,0.0,53.002132,96.8731,106.90807471961296,195.68537825710837,53.002132415771484,96.87310028076172
4_A443,0.0,143.67864115850693,89.58702,132.36403,179.89539292492924,266.28006418578366,89.58702087402344,132.36402893066406
